Time,Frame,EyeTrackingEnabled,EyeCalibrationValid,EyeTrackingEnabledAndValid,EyeTrackingDataValid,GazeInputSource,EyeGazeOrigin.x,EyeGazeOrigin.y,EyeGazeOrigin.z,EyeGazeDirection.x,EyeGazeDirection.y,EyeGazeDirection.z,EyeHitInfo.distance,EyeHitPosition.x,EyeHitPosition.y,EyeHitPosition.z,EyeHitNormal.x,EyeHitNormal.y,EyeHitNormal.z,LocalEyeHitPosition.x,LocalEyeHitPosition.y,LocalEyeHitPosition.z,HeadGazeOrigin.x,HeadGazeOrigin.y,HeadGazeOrigin.z,HeadRotation.x,HeadRotation.y,HeadRotation.z,HeadRotation.w,HeadEulerAngles.x,HeadEulerAngles.y,HeadEulerAngles.z,HeadMovementDirection.x,HeadMovementDirection.y,HeadMovementDirection.z,HeadVelocity.x,HeadVelocity.y,HeadVelocity.z,transform.position.x,transform.position.y,transform.position.z,localTransform.position.x,localTransform.position.y,localTransform.position.z,localXAxis.x,localXAxis.y,localXAxis.z,localYAxis.x,localYAxis.y,localYAxis.z,localZAxis.x,localZAxis.y,localZAxis.z,Movement,GazeAngleX,GazeAngleY,TargetAngleX,TargetAngleY,globalTargetVector.x,globalTargetVector.y,globalTargetVector.z,localEyeGazeX,localEyeGazeY,localEyeGazeZ,CalibratedGazeAngleX,CalibratedGazeAngleY,cosineError,euclideanError,recalibratedEuclideanError
05/17/2023 13:13:29.084029,210,True,True,True,True,Eyes,0.7609292,0.1449267,-3.239973,0.1772085,-0.05025737,0.9828893,0.0,0.0,0.0,0.0,0.0,0.0,0.0,-0.2049918,0.348002,3.316777,0.7623258,0.1469333,-3.249832,0.07832816,-0.08500513,-0.02364483,0.9930156,8.716314,349.9479,356.5039,0.2955383,0.04374001,-0.9543288,0.0,0.0,0.0,0.8545516,0.1611633,-2.580453,0.190834,0.1048983,0.669094,0.9844301,-0.06027595,0.1651187,0.03364277,0.9866112,0.159582,-0.1725269,-0.1515423,0.9732776,moving,19.997022888320966,6.91467239273314,15.91881418195838,8.910111146111959,0.09222579999999991,0.01423000000000002,0.6693790000000002,0.3397720860556448,0.1132287351448367,0.9336670792316459,8.395297887834332,7.159147565051583,4.54283058074597,4.540216081987466,7.724582246966487
05/17/2023 13:13:29.093490,211,True,True,True,True,Eyes,0.7605861,0.1449138,-3.239973,0.1777024,-0.05038582,0.9827935,0.0,0.0,0.0,0.0,0.0,0.0,0.0,-0.2417556,0.360788,3.31076,0.7535509,0.1463858,-3.24969,0.08061132,-0.07831556,-0.02516589,0.9933455,8.986864,350.6985,356.3649,0.2882235,0.04371907,-0.9565644,-0.5579762,-0.01528019,0.07095337,0.8572236,0.1587392,-2.580448,0.1937423,0.1030452,0.6652676,0.9864667,-0.06262308,0.1515315,0.03737061,0.985737,0.1640915,-0.1596461,-0.156208,0.974737,moving,19.249949751046337,7.188703608282304,16.236859878000917,8.804738137004813,0.10367269999999995,0.012353399999999987,0.6692420000000001,0.32737697886091793,0.11824176469534561,0.9374663387336696,8.104319630705763,7.3137281756165775,3.4206318187058296,3.4191048800924855,8.268090564261767
05/17/2023 13:13:29.113568,212,True,True,True,True,Eyes,0.7599133,0.1448581,-3.239965,0.1790721,-0.05067614,0.9825299,0.0,0.0,0.0,0.0,0.0,0.0,0.0,-0.2753996,0.3666177,3.305427,0.744855,0.1461028,-3.249607,0.08186159,-0.0720593,-0.02658704,0.9936797,9.140542,351.4044,356.2463,0.2819988,0.04370189,-0.9584187,-0.5244976,-0.01436337,0.06669617,0.8597146,0.1564793,-2.580444,0.1969253,0.1009188,0.6615002,0.9882012,-0.06463578,0.1388548,0.04104023,0.9851836,0.1665201,-0.1475606,-0.1588567,0.9762123,moving,18.603005982710226,7.331011694409147,16.578005162247084,8.674188927732585,0.11485959999999995,0.010376499999999983,0.6691630000000002,0.3166637452964778,0.12103480761996518,0.9407840030086211,7.8338435014083165,7.410980704364817,2.4282854329374897,2.429969835819943,8.834933965031462
05/17/2023 13:13:29.133659,213,True,True,True,True,Eyes,0.7589297,0.1447782,-3.239936,0.1809087,-0.05105161,0.982174,0.0,0.0,0.0,0.0,0.0,0.0,0.0,-0.3093995,0.369861,3.299718,0.7361778,0.1450703,-3.249255,0.08261042,-0.06573486,-0.02788995,0.9940205,9.239762,352.1217,356.148,0.2766488,0.04368654,-0.9599773,-0.4930278,-0.01350157,0.06269439,0.8623542,0.1540847,-2.580439,0.2006264,0.09749283,0.6581112,0.9898022,-0.06630711,0.1260756,0.04458558,0.9847953,0.1678996,-0.1352916,-0.1605662,0.9777089,moving,17.97541389647113,7.405530722549337,16.95393828232309,8.426532368889568,0.12617639999999997,0.009014399999999978,0.6688159999999996,0.30627706008456224,0.12269711513943557,0.9440019975072615,7.559087024844849,7.4808396814841585,1.4354596465581324,1.4442495601967755,9.442328357410185
05/17/2023 13:13:29.153530,214,True,True,True,True,Eyes,0.7576761,0.144779,-3.239865,0.1835229,-0.05154944,0.9816629,0.0,0.0,0.0,0.0,0.0,0.0,0.0,-0.3454224,0.3725981,3.2933,0.727612,0.1444441,-3.248645,0.0834003,-0.05911354,-0.02934717,0.9943283,9.345353,352.8713,356.0355,0.271799,0.04366956,-0.9613624,-0.4634461,-0.01269148,0.05893273,0.8648434,0.1518265,-2.580434,0.2047698,0.09335676,0.654784,0.9912887,-0.06822161,0.1126614,0.04850127,0.9843663,0.1693242,-0.1224516,-0.1623849,0.9791,moving,17.358717084321533,7.481925739063709,17.36596566491562,8.114339305453903,0.1372314,0.007382400000000011,0.6682109999999999,0.29603647423932716,0.12437682852553096,0.9470442752432499,7.289717637268061,7.550707425104685,0.6043419051794224,0.6324551058177911,10.09199956456684
05/17/2023 13:13:29.169822,215,True,True,True,True,Eyes,0.7561631,0.1449612,-3.239788,0.1866696,-0.05224173,0.9810327,0.0,0.0,0.0,0.0,0.0,0.0,0.0,-0.3860824,0.3738435,3.285702,0.719355,0.1464855,-3.247418,0.08449517,-0.05182287,-0.03121423,0.9945858,9.487948,353.6926,355.8809,0.2673933,0.04365387,-0.9625978,-0.4356394,-0.01192999,0.05539677,0.8675632,0.149359,-2.580429,0.2091115,0.0891634,0.6516489,0.9926801,-0.07084801,0.09780969,0.05333288,0.9837725,0.1713106,-0.1083595,-0.1648401,0.9803499,moving,16.694655377718487,7.590949653607313,17.791225893148713,7.791248882630929,0.1482082,0.002873500000000001,0.666989,0.2849588893716219,0.12662291778670617,0.9501394447375162,7.00487052114653,7.636254805508966,1.0976424792969492,1.1147137195075545,10.787468904940734
05/17/2023 13:13:29.183597,216,True,True,True,True,Eyes,0.754333,0.1449835,-3.239666,0.1905829,-0.05320147,0.9802284,0.0,0.0,0.0,0.0,0.0,0.0,0.0,-0.4326146,0.3737874,3.278026,0.7114702,0.1511025,-3.247046,0.08610846,-0.04369597,-0.03473963,0.9947206,9.687351,354.5914,355.541,0.2633812,0.04364505,-0.9637038,-0.409501,-0.01121419,0.05207296,0.869985,0.147162,-2.580425,0.2129121,0.08536901,0.6486116,0.9937677,-0.07663763,0.08094782,0.06158726,0.982757,0.1743437,-0.09291331,-0.1682718,0.981352,moving,15.971991981066449,7.786943061402601,18.17284812707782,7.498061305464679,0.15851479999999996,-0.0039405000000000134,0.6666210000000001,0.27281970366373587,0.13035000665668273,0.9531937050812731,6.70994762447821,7.759160563971464,2.212748686760047,2.219734318415113,11.46587374582902
05/17/2023 13:13:29.193809,217,True,True,True,True,Eyes,0.7522767,0.1451022,-3.239559,0.1947549,-0.05430392,0.9793475,0.0,0.0,0.0,0.0,0.0,0.0,0.0,-0.4854752,0.3998474,3.263902,0.7017545,0.1473872,-3.24568,0.09008422,-0.0344233,-0.03543713,0.994708,10.18199,355.6376,355.5305,0.2597156,0.04363791,-0.9646984,-0.3849309,-0.01054134,0.04894858,0.8725337,0.1448498,-2.58042,0.2166875,0.08196452,0.64599,0.9951185,-0.07670118,0.0620976,0.06429721,0.9812581,0.1816547,-0.07486691,-0.1767753,0.9813998,moving,15.144418114374172,8.16217789032885,18.543242964430007,7.231164832583658,0.17077920000000002,-0.002537399999999995,0.66526,0.258784522739749,0.13713913912415907,0.9561502705476117,6.401571642386496,7.958020732876991,3.522478200374503,3.5240311682857066,12.16340832136803
05/17/2023 13:13:29.213446,218,True,True,True,True,Eyes,0.7500033,0.1453596,-3.239401,0.1995047,-0.05550671,0.9783236,0.0,0.0,0.0,0.0,0.0,0.0,0.0,-0.5138606,0.4131385,3.256507,0.6941737,0.1498498,-3.245803,0.09260449,-0.02899581,-0.03489655,0.9946688,10.49781,356.2595,355.6376,0.2563558,0.04363533,-0.9655967,-0.3618351,-0.009908858,0.04601167,0.8751656,0.1424622,-2.580415,0.2203918,0.07853971,0.6431491,0.9958829,-0.0747913,0.0512193,0.06405074,0.9804133,0.1862453,-0.06414561,-0.1821979,0.9811673,moving,14.802052411501082,8.354176261977068,18.915359987657958,6.962340429884098,0.18099189999999998,-0.007387599999999994,0.6653880000000001,0.2529437910289822,0.14056705342753495,0.9572149855516581,6.281155842269681,8.05445732705126,4.343405633495554,4.342407880377831,12.681318295209863
05/17/2023 13:13:29.233599,219,True,True,True,True,Eyes,0.7474945,0.1455572,-3.239194,0.2046887,-0.05691077,0.9771713,0.0,0.0,0.0,0.0,0.0,0.0,0.0,-0.5577254,0.4123859,3.24648,0.6870404,0.153503,-3.244251,0.09433085,-0.02139955,-0.03975869,0.9945164,10.7151,357.0793,355.1473,0.2532659,0.04364123,-0.9664115,-0.340125,-0.009314327,0.04325097,0.8777501,0.1401175,-2.58041,0.2238568,0.07619235,0.6407633,0.9959226,-0.08311862,0.03506347,0.07504407,0.9790419,0.1893288,-0.05006535,-0.1859255,0.9812875,moving,14.207166231693478,8.575533175339558,19.25735093880177,6.781127873686044,0.19070969999999998,-0.013385499999999995,0.6638410000000001,0.2428474653293946,0.14464933097493446,0.9592193330125104,6.050066175628678,8.178761703401635,5.360862994673681,5.35950146585601,13.28102974687993
05/17/2023 13:13:29.253551,220,True,True,True,True,Eyes,0.7447623,0.1457188,-3.238979,0.210159,-0.05832262,0.975926,0.0,0.0,0.0,0.0,0.0,0.0,0.0,-0.6038755,0.4190463,3.234047,0.6787516,0.1523494,-3.242748,0.09628154,-0.01327498,-0.04322516,0.9943266,10.97163,357.9731,354.8269,0.250413,0.04365317,-0.9671541,-0.3197175,-0.008755467,0.04065591,0.8802514,0.1378483,-2.580406,0.227514,0.07402383,0.6384107,0.9959108,-0.08851611,0.01807576,0.08340357,0.9777229,0.1926182,-0.03472289,-0.1903229,0.9811073,moving,13.574205539310475,8.78079335466589,19.61482720682284,6.613920811909102,0.2014998,-0.014501099999999989,0.6623420000000002,0.23210269552196797,0.14848574649262442,0.9612909094444976,5.798293041939209,8.299358499656332,6.418553947559141,6.41751094635398,13.918955295878904
05/17/2023 13:13:29.268467,221,True,True,True,True,Eyes,0.7418572,0.1458602,-3.238726,0.2159775,-0.05992354,0.9745578,0.0,0.0,0.0,0.0,0.0,0.0,0.0,-0.6415548,0.4295011,3.223269,0.6712144,0.151641,-3.242221,0.09850799,-0.006498062,-0.0450903,0.9940931,11.26027,358.7262,354.6803,0.2477675,0.04366961,-0.9678345,-0.3005345,-0.008230139,0.03821655,0.8830804,0.1352818,-2.5804,0.2311563,0.07190438,0.6363333,0.9958493,-0.09092812,0.004035846,0.08836768,0.9765261,0.1964382,-0.02180286,-0.1952662,0.9805079,moving,13.126517709996849,8.974177823288194,19.964206985879958,6.446960946383384,0.211866,-0.01635919999999999,0.6618209999999998,0.22446293795129063,0.1520088795214146,0.9625537422534602,5.629602567230728,8.403233424101582,7.290749920829066,7.289775015488433,14.467476830679072
05/17/2023 13:13:29.284194,222,True,True,True,True,Eyes,0.7387393,0.1459639,-3.238436,0.222187,-0.06151831,0.9730614,0.0,0.0,0.0,0.0,0.0,0.0,0.0,-0.6840832,0.4319375,3.211357,0.6640458,0.1513837,-3.240907,0.1001172,0.0009476439,-0.04918084,0.9937591,11.48305,359.5344,354.2867,0.245304,0.04368963,-0.968461,-0.2825024,-0.00773633,0.03592356,0.8854451,0.1331365,-2.580396,0.2341969,0.07043014,0.6344138,0.9951607,-0.09755804,-0.01173115,0.09793755,0.9751155,0.1988915,-0.007964236,-0.199078,0.9799513,moving,12.611998040113464,9.15179734073045,20.26186692047879,6.3348138182115745,0.22139929999999997,-0.01824720000000002,0.6605110000000001,0.21569824337593052,0.15530662125674705,0.9640301731805736,5.427038538930436,8.505413752877395,8.152141000664663,8.15204821213201,14.992786171568106
05/17/2023 13:13:29.293465,223,True,True,True,True,Eyes,0.7354705,0.1460001,-3.23813,0.2288464,-0.06329392,0.9714028,0.0,0.0,0.0,0.0,0.0,0.0,0.0,-0.7346249,0.4319008,3.197443,0.6569327,0.1504959,-3.239699,0.1014858,0.009640346,-0.05372502,0.9933385,11.69228,0.4825715,353.8577,0.2429986,0.04371189,-0.969041,-0.2655523,-0.00727215,0.03376815,0.8880849,0.1307417,-2.580391,0.2373987,0.06830853,0.6328654,0.9940414,-0.1047775,-0.03005691,0.108691,0.9736285,0.2005837,0.0082476,-0.2026553,0.9792154,moving,11.97747388056837,9.295360628035992,20.561932425315025,6.160389301459204,0.23115219999999992,-0.0197542,0.6593079999999998,0.20491720877932565,0.15809627977878563,0.9659268599723091,5.162531208530729,8.602335880821164,9.137634446463021,9.13898100035953,15.591813907687431
05/17/2023 13:13:29.313744,224,True,True,True,True,Eyes,0.7320774,0.1460033,-3.237795,0.2360259,-0.06525111,0.9695536,0.0,0.0,0.0,0.0,0.0,0.0,0.0,-0.7885596,0.4371758,3.181477,0.6498981,0.1489794,-3.238855,0.1033563,0.01889569,-0.05674157,0.9928448,11.96873,1.510775,353.6165,0.2408313,0.04373423,-0.9695809,-0.2496191,-0.006835822,0.03174206,0.8904985,0.1285521,-2.580387,0.240369,0.06612483,0.6313712,0.9928467,-0.1087652,-0.04925017,0.1165771,0.9721957,0.2030891,0.02579179,-0.2073778,0.9779209,moving,11.317374314464091,9.444459392448763,20.842303523875977,5.978910222376318,0.24060039999999994,-0.02042730000000001,0.658468,0.19368389932681315,0.16098422807932528,0.9677658505812586,4.887313647003041,8.703067843963016,10.132596165781411,10.135793382587153,16.18588078290356
05/17/2023 13:13:29.333505,225,True,True,True,True,Eyes,0.7320774,0.1460033,-3.237795,0.2360259,-0.06525111,0.9695536,0.0,0.0,0.0,0.0,0.0,0.0,0.0,-0.8503985,0.4442746,3.161932,0.6433578,0.1482546,-3.237666,0.1056158,0.0293764,-0.05889536,0.9922267,12.30114,2.690054,353.4961,0.2387852,0.04375575,-0.9700858,-0.234642,-0.006425672,0.02983754,0.8933153,0.1259968,-2.580382,0.2435798,0.06334794,0.6301664,0.9913368,-0.1106699,-0.07073663,0.1230803,0.9707533,0.2061293,0.04585553,-0.2130499,0.9759647,moving,10.080697888211024,9.676438386517104,21.133137630316476,5.740415689628998,0.24995750000000005,-0.022257799999999994,0.6572839999999998,0.17261950396722342,0.16556084721468284,0.9709748857821546,4.36248139129599,8.873536895077653,11.72431009399555,11.732378229638284,17.06081355549696
05/17/2023 13:13:29.353226,226,True,True,True,True,Eyes,0.7320774,0.1460033,-3.237795,0.2360259,-0.06525111,0.9695536,0.0,0.0,0.0,0.0,0.0,0.0,0.0,-0.9159315,0.4491081,3.140145,0.636634,0.1480728,-3.236342,0.1076045,0.04057058,-0.06055995,0.991518,12.60906,3.961496,353.4475,0.2369432,0.04377495,-0.9705365,-0.2205635,-0.006040132,0.02804728,0.8959038,0.1236484,-2.580377,0.2464615,0.0613075,0.6292294,0.989373,-0.1113614,-0.09348596,0.1288237,0.9695075,0.2084697,0.06741986,-0.2182976,0.9735506,moving,8.76271574080347,9.858037953569086,21.389674255464293,5.564915611757057,0.2592698,-0.0244244,0.6559650000000001,0.1501444751162399,0.1692667962178843,0.9740664784244474,3.7903642458726283,9.029920195644602,13.321328782551369,13.336827987671246,17.93716726743872
05/17/2023 13:13:29.369940,227,True,True,True,True,Eyes,0.7280489,0.1459832,-3.237351,0.2455497,-0.06741798,0.9670368,0.0,0.0,0.0,0.0,0.0,0.0,0.0,-0.9733589,0.4519352,3.120225,0.6300083,0.14815,-3.235524,0.1089875,0.0506045,-0.06117922,0.9908673,12.83689,5.11632,353.5097,0.2352845,0.04379209,-0.9709392,-0.2073296,-0.005677724,0.02636445,0.8983592,0.1214209,-2.580372,0.2490218,0.05958565,0.6283653,0.9873926,-0.1102104,-0.1136202,0.1322715,0.9687576,0.2097925,0.08694913,-0.2221762,0.9711218,moving,8.168129193142368,9.888774325824569,21.618472636901885,5.416957530712135,0.26835090000000006,-0.026729100000000006,0.6551519999999997,0.14000917392928114,0.1700445254432227,0.975439543146596,3.5222952006813903,9.080742320918507,14.155004048765491,14.17423310814854,18.46334088923571
05/17/2023 13:13:29.383651,228,True,True,True,True,Eyes,0.7239838,0.1459504,-3.236873,0.2554955,-0.06939788,0.9643164,0.0,0.0,0.0,0.0,0.0,0.0,0.0,-1.03016,0.4521561,3.099163,0.6238258,0.1477052,-3.234117,0.1098321,0.06057639,-0.06143672,0.9901985,13.00019,6.273266,353.6147,0.2336787,0.04380863,-0.9713262,-0.1948899,-0.00533706,0.02478258,0.9008591,0.1191529,-2.580368,0.2511021,0.05844255,0.6278692,0.9851121,-0.1083626,-0.1334607,0.1349755,0.9683248,0.2100679,0.1064699,-0.2249543,0.9685348,moving,7.6104958832119065,9.864765737892512,21.797823730995756,5.3178128289770905,0.27703330000000004,-0.028552300000000003,0.6537489999999999,0.13051346259999935,0.16985787548770148,0.9767879369610719,3.26059857023541,9.108044086516163,14.874906052645242,14.898156000539043,18.920744426326166
05/17/2023 13:13:29.393929,229,True,True,True,True,Eyes,0.7198791,0.1459256,-3.236366,0.2659175,-0.07145005,0.9613442,0.0,0.0,0.0,0.0,0.0,0.0,0.0,-1.0899,0.4481087,3.076658,0.618711,0.1473521,-3.232645,0.1103265,0.07090532,-0.0625907,0.9893852,13.13151,7.463293,353.6205,0.2321203,0.04382428,-0.971699,-0.1831965,-0.005016837,0.02329563,0.9034914,0.1167649,-2.580363,0.2532886,0.05790724,0.6274965,0.9821097,-0.1082071,-0.1541162,0.1394981,0.9678209,0.2094348,0.1264945,-0.2271868,0.965601,moving,7.036458382955025,9.818661360818467,21.98143796296164,5.272491375778047,0.28478039999999993,-0.03058720000000001,0.652282,0.12073289189067431,0.16928300577540706,0.9781445343589311,2.9870385234074375,9.12790576877263,15.592960311656643,15.62114196144754,19.381729288457382
05/17/2023 13:13:29.413567,230,True,True,True,True,Eyes,0.7157326,0.1459021,-3.23583,0.2766753,-0.07334523,0.9581603,0.0,0.0,0.0,0.0,0.0,0.0,0.0,-1.159243,0.4396805,3.049929,0.6134914,0.1475582,-3.231266,0.1108184,0.08282726,-0.06529229,0.9882287,13.28787,8.820455,353.4693,0.2306028,0.04383944,-0.9720596,-0.1722047,-0.004715826,0.02189789,0.9060023,0.1144871,-2.580358,0.2562861,0.05742187,0.6271712,0.9777532,-0.1106899,-0.1781757,0.147405,0.9669124,0.2082119,0.1492334,-0.2298438,0.9617178,moving,6.286478304749822,9.808761610816878,22.2267996002522,5.231240979699711,0.2925109,-0.033071100000000006,0.6509080000000003,0.10791782601127911,0.16936524201268366,0.9796270017291874,2.639433595986522,9.17325373697457,16.54933914471869,16.584557218453256,19.980099388230794
05/17/2023 13:13:29.433882,231,True,True,True,True,Eyes,0.7115336,0.1458876,-3.235271,0.2878357,-0.07523952,0.9547197,0.0,0.0,0.0,0.0,0.0,0.0,0.0,-1.230339,0.4337872,3.020084,0.6080422,0.1475741,-3.229755,0.1115428,0.09519341,-0.0671094,0.9869108,13.47036,10.24253,353.4326,0.2291212,0.04385424,-0.9724092,-0.1618724,-0.004432877,0.02058402,0.9086992,0.1120404,-2.580353,0.2596017,0.05685198,0.626816,0.9728691,-0.1112257,-0.2028659,0.1536983,0.9661091,0.2073888,0.1729237,-0.2329422,0.9569929,moving,5.515001956991414,9.80608113485545,22.497348136423636,5.182525893198772,0.30065700000000006,-0.035533700000000015,0.6494019999999998,0.09471493932181735,0.16954843420134103,0.9809599838227594,2.283326441523342,9.222793054874593,17.55761532079594,17.600492743975295,20.613840782823946
05/17/2023 13:13:29.443764,232,True,True,True,True,Eyes,0.707302,0.1458775,-3.234689,0.2989754,-0.07695095,0.9511532,0.0,0.0,0.0,0.0,0.0,0.0,0.0,-1.295108,0.4310369,2.990768,0.602424,0.1477797,-3.228473,0.1122366,0.106718,-0.06720218,0.9856462,13.62667,11.59214,353.5888,0.2276703,0.04386902,-0.9727494,-0.1521601,-0.004166904,0.01934897,0.9111822,0.1097878,-2.580348,0.2625864,0.05604246,0.6267834,0.9681903,-0.1085198,-0.2254576,0.1564305,0.9657736,0.2069078,0.1952874,-0.2355945,0.9520284,moving,4.852545281614267,9.77874193062323,22.73089665586196,5.109389167639385,0.3087582000000001,-0.03799190000000001,0.6481250000000003,0.08337125726144949,0.16925258894588216,0.9820401941769308,1.9726665882922427,9.25568269735728,18.428812212914593,18.478049222963154,21.168274978673534
05/17/2023 13:13:29.464808,233,True,True,True,True,Eyes,0.7030312,0.145869,-3.234082,0.3103872,-0.07863828,0.9473521,0.0,0.0,0.0,0.0,0.0,0.0,0.0,-1.354112,0.42966,2.962141,0.5971299,0.1478488,-3.227086,0.112897,0.1173579,-0.06675264,0.984391,13.76484,12.84803,353.7985,0.2262469,0.04388395,-0.9730808,-0.1430305,-0.003916889,0.01818804,0.913774,0.1074365,-2.580344,0.2646736,0.05576434,0.6269639,0.9635425,-0.1049227,-0.2461243,0.1579201,0.9655967,0.2066016,0.2159797,-0.2379374,0.9469628,moving,4.314746809869657,9.745614160010174,22.887100862675997,5.082710158817814,0.3166441,-0.0404123,0.6467419999999997,0.07415568104355683,0.16880801199532383,0.9828555257181806,1.7183364570996975,9.278169825122866,19.093910494703945,19.148759980404154,21.58051130697293
05/17/2023 13:13:29.483867,234,True,True,True,True,Eyes,0.6987737,0.1458365,-3.233465,0.3215246,-0.08016657,0.9435016,0.0,0.0,0.0,0.0,0.0,0.0,0.0,-1.409222,0.4261914,2.934226,0.5917892,0.1478782,-3.2257,0.1132974,0.1274426,-0.06673672,0.9830913,13.87318,14.03579,353.949,0.2248462,0.04389912,-0.9734046,-0.1344486,-0.003681876,0.01709675,0.9163862,0.1050667,-2.580339,0.2662663,0.05669223,0.6276984,0.9586092,-0.1023387,-0.2656976,0.1600944,0.9654198,0.2057532,0.2354532,-0.2397736,0.9418442,moving,3.8235873986788547,9.704854144580654,22.986396772867334,5.1608165106618245,0.324597,-0.04281149999999999,0.6453609999999999,0.06573450986720192,0.1682082917649743,0.9835572994733519,1.4840168354192689,9.29465827258974,19.632603039872308,19.6942006979201,21.896140999889187
05/17/2023 13:13:29.493431,235,True,True,True,True,Eyes,0.694479,0.145775,-3.232816,0.3328332,-0.0817373,0.9394366,0.0,0.0,0.0,0.0,0.0,0.0,0.0,-1.46091,0.4247731,2.906289,0.5864312,0.1474176,-3.224217,0.1141132,0.1369828,-0.06733995,0.9816717,14.03368,15.15176,354.0273,0.2234666,0.04391377,-0.9737216,-0.1263817,-0.003460963,0.01607095,0.9188945,0.1027912,-2.580334,0.2683841,0.05860861,0.6286764,0.9534021,-0.1009484,-0.284313,0.1634745,0.9648871,0.2055945,0.2535755,-0.2424921,0.9364278,moving,3.4014304857451325,9.72821262871099,23.117801325810667,5.326028204313206,0.3324632999999999,-0.04462640000000001,0.6438829999999998,0.05848107562644761,0.16868552969648287,0.9839335376526611,1.2939866219134029,9.331333834734757,20.131947712304743,20.201844143775514,22.188315876224785
05/17/2023 13:13:29.513703,236,True,True,True,True,Eyes,0.690177,0.1457128,-3.232152,0.3437233,-0.08321044,0.9353771,0.0,0.0,0.0,0.0,0.0,0.0,0.0,-1.508113,0.4238387,2.879276,0.5811487,0.1466736,-3.222581,0.1149748,0.1458196,-0.0681193,0.9802436,14.19796,16.18426,354.0784,0.2221048,0.04392715,-0.9740325,-0.1187988,-0.003253306,0.01510669,0.9215147,0.1004141,-2.580329,0.2706909,0.06119305,0.6296049,0.9481928,-0.1000158,-0.3015414,0.1670781,0.9642811,0.2055404,0.2702134,-0.2452729,0.9310349,moving,3.035180879129282,9.769171217714634,23.264693563888112,5.551299860897899,0.34036600000000006,-0.04625949999999998,0.642252,0.052183435924847144,0.16944807735052844,0.9841566143605296,1.133152017255918,9.371127368692811,20.584974516411922,20.664549892157666,22.45876696124731
05/17/2023 13:13:29.534725,237,True,True,True,True,Eyes,0.6858258,0.1456438,-3.231456,0.3547091,-0.08464459,0.9311374,0.0,0.0,0.0,0.0,0.0,0.0,0.0,-1.551747,0.4172095,2.854254,0.5758317,0.1466722,-3.221126,0.1150438,0.1541678,-0.06907206,0.9788904,14.27215,17.15995,354.0919,0.2207592,0.04393936,-0.9743379,-0.1116709,-0.003058107,0.01420029,0.9242489,0.09793369,-2.580324,0.2729038,0.06394544,0.6311066,0.9429227,-0.09975585,-0.3177193,0.1707,0.963988,0.2039331,0.285934,-0.2465278,0.9259945,moving,2.7370442411746683,9.73140137149688,23.384673264894435,5.785619424016651,0.3484172000000001,-0.04873851,0.6408019999999999,0.04706669449432141,0.16884225834471114,0.9845187291180771,0.9883817789247198,9.376115028490794,20.932182766668884,21.021269692342937,22.682273497387065
05/17/2023 13:13:29.543787,238,True,True,True,True,Eyes,0.6814254,0.145568,-3.230721,0.3657131,-0.08600661,0.9267453,0.0,0.0,0.0,0.0,0.0,0.0,0.0,-1.59059,0.4069253,2.831236,0.5702281,0.146446,-3.219449,0.1145171,0.1618361,-0.07030523,0.9776258,14.28028,18.05343,354.0535,0.2194264,0.04395037,-0.9746384,-0.1049706,-0.002874621,0.01334827,0.9266459,0.09575908,-2.58032,0.2753533,0.06640193,0.6327335,0.9377325,-0.1003984,-0.3325325,0.1745304,0.963886,0.2011539,0.3003279,-0.2466655,0.9213899,moving,2.5231944366342054,9.6427122020199,23.517737430337654,5.990950307651124,0.3564178,-0.050686919999999996,0.6391290000000001,0.04340300611346981,0.16734588645254284,0.9849424312593702,0.8725456565103507,9.355953834198122,21.21232330816554,21.309767723924782,22.89384107586775
05/17/2023 13:13:29.563741,239,True,True,True,True,Eyes,0.6769979,0.1454782,-3.229954,0.3760551,-0.08727843,0.9224776,0.0,0.0,0.0,0.0,0.0,0.0,0.0,-1.623172,0.3938197,2.811322,0.5645852,0.1462125,-3.217636,0.1134671,0.168519,-0.07164209,0.9765214,14.22629,18.83022,353.9789,0.2181039,0.04396016,-0.9749348,0.0,0.0,0.0,0.9292867,0.09336333,-2.580315,0.2785989,0.06706163,0.6345347,0.9329375,-0.1016774,-0.3453828,0.1781628,0.9639853,0.19746,0.3128667,-0.2457522,0.9174531,moving,2.3884092031949153,9.506290413784944,23.704363677562277,6.032983942532009,0.3647015,-0.05284917,0.637321,0.04110222110495898,0.16501631258183802,0.9854339699255179,0.7838571422925313,9.312214232406353,21.49634309861046,21.597077880966893,23.153897536427262
05/17/2023 13:13:29.583523,240,True,True,True,True,Eyes,0.6725644,0.1453713,-3.229161,0.3857324,-0.08845157,0.9183609,0.0,0.0,0.0,0.0,0.0,0.0,0.0,-1.650089,0.3843575,2.793526,0.5588444,0.1458531,-3.215701,0.1128528,0.1742533,-0.07285878,0.9754956,14.21532,19.49601,353.9115,0.21679,0.04396846,-0.9752274,0.0,0.0,0.0,0.9318196,0.0910655,-2.58031,0.2815652,0.06785473,0.6362364,0.9286548,-0.1028169,-0.3564112,0.1814768,0.9639117,0.1947831,0.3235219,-0.2455666,0.9138001,moving,2.323333861685985,9.424866349290658,23.87169393298552,6.087594467174677,0.37297519999999995,-0.05478760000000002,0.6353910000000003,0.03999236858534172,0.16362310552452056,0.9857119239856447,0.7380080944045355,9.285100348620938,21.70160963910875,21.805256370369463,23.353617799819492
05/17/2023 13:13:29.593603,241,True,True,True,True,Eyes,0.6680804,0.1452313,-3.228321,0.3952993,-0.08963434,0.9141685,0.0,0.0,0.0,0.0,0.0,0.0,0.0,-1.67362,0.3801516,2.776541,0.5527607,0.1454509,-3.213721,0.112902,0.1794507,-0.07371706,0.9744827,14.27046,20.10266,353.8901,0.2154835,0.04397494,-0.9755166,0.0,0.0,0.0,0.9345309,0.08860587,-2.580305,0.2842218,0.06823657,0.6381007,0.9247265,-0.1031513,-0.3663888,0.1841927,0.9636379,0.193585,0.3330976,-0.2464993,0.9101011,moving,2.3148909694466258,9.412157998629889,24.00907149809674,6.103842024423999,0.38177020000000006,-0.05684502999999999,0.633416,0.039848574553363825,0.16340540679628912,0.9857538546796458,0.7316420764498441,9.28075617425331,21.840176906681112,21.94498629288357,23.493222511931783
05/17/2023 13:13:29.613762,242,True,True,True,True,Eyes,0.663559,0.1450774,-3.227446,0.4047299,-0.09081718,0.9099153,0.0,0.0,0.0,0.0,0.0,0.0,0.0,-1.692145,0.3806159,2.761635,0.5470367,0.1445242,-3.211652,0.1133955,0.1837119,-0.07416519,0.9735969,14.36234,20.60362,353.9115,0.2141824,0.04397885,-0.9758029,0.0,0.0,0.0,0.9369701,0.08639292,-2.580301,0.2855301,0.06677289,0.6403334,0.9214989,-0.1027498,-0.3745427,0.1860782,0.963282,0.193553,0.3409027,-0.2480531,0.9067828,moving,2.410374414205558,9.444197177558031,24.032498093882616,5.953191470749716,0.3899334,-0.058131279999999994,0.631351,0.04148750816751531,0.16394565888329918,0.9855965264298691,0.7818904963461835,9.286844450564766,21.802683273041954,21.902131249360636,23.488380017456475
05/17/2023 13:13:29.633417,243,True,True,True,True,Eyes,0.6587491,0.1449529,-3.226376,0.4121237,-0.09256154,0.906414,0.0,0.0,0.0,0.0,0.0,0.0,0.0,-1.708742,0.3823047,2.747813,0.5418074,0.1440867,-3.209691,0.1139972,0.187577,-0.07423675,0.9727839,14.45618,21.06318,353.9734,0.2128848,0.04398007,-0.9760867,0.0,0.0,0.0,0.9395859,0.08401994,-2.580296,0.285807,0.0643668,0.6444096,0.9186075,-0.1016661,-0.3818694,0.1871991,0.9629871,0.193939,0.3480183,-0.2496394,0.903639,moving,2.4318911438005166,9.43603364850222,23.918128976181013,5.704064629738483,0.3977784999999999,-0.06006676000000001,0.6293949999999997,0.04185864205933992,0.1638026925097018,0.9856046135222692,0.7902182891311389,9.28228785639075,21.71602773827797,21.807934541047928,23.403075315178334
05/17/2023 13:13:29.643856,244,True,True,True,True,Eyes,0.6540745,0.1447862,-3.22534,0.4194422,-0.09438805,0.9028616,0.0,0.0,0.0,0.0,0.0,0.0,0.0,-1.73017,0.3786884,2.731164,0.53681,0.1438805,-3.20738,0.1143034,0.1922894,-0.07542947,0.9717356,14.54581,21.60892,353.9132,0.2115837,0.04398008,-0.9763696,0.0,0.0,0.0,0.9421405,0.08170236,-2.580291,0.2855697,0.07187343,0.6466269,0.9146703,-0.1026363,-0.3909526,0.1905537,0.9624903,0.1931368,0.3564652,-0.2511539,0.899919,moving,2.3448088372792,9.41520307248078,23.827681306004997,6.342467135571088,0.40533050000000004,-0.06217813999999999,0.6270890000000002,0.04036296405980355,0.16345442124900406,0.9857248171699151,0.7460246124165382,9.279968508789251,21.590451144401705,21.701509524581766,23.267827359646958
05/17/2023 13:13:29.663819,245,True,True,True,True,Eyes,0.6493692,0.1446107,-3.22425,0.4268362,-0.09619798,0.8991979,0.0,0.0,0.0,0.0,0.0,0.0,0.0,-1.754839,0.3730973,2.712353,0.531408,0.1433211,-3.205087,0.11449,0.1976573,-0.07711422,0.9705036,14.63795,22.22685,353.8044,0.2102828,0.04397764,-0.9766507,0.0,0.0,0.0,0.9446221,0.07945102,-2.580287,0.2887698,0.07097084,0.6497447,0.90997,-0.1044196,-0.4013118,0.1949388,0.9618909,0.1917416,0.3659965,-0.2527103,0.8956473,moving,2.183758975316059,9.392910595301013,23.962074972450132,6.233637130623063,0.41321410000000003,-0.06387008000000001,0.6247999999999996,0.03759439307732376,0.16308852167184565,0.9858949498090404,0.6674535010817042,9.281934535063822,21.896150914342822,22.0062731169011,23.49322256652457
05/17/2023 13:13:29.683786,246,True,True,True,True,Eyes,0.64468,0.1444011,-3.223129,0.4341871,-0.09804493,0.8954713,0.0,0.0,0.0,0.0,0.0,0.0,0.0,-1.779341,0.3676237,2.69303,0.5259158,0.1429483,-3.202591,0.1145444,0.2030896,-0.07826549,0.9692826,14.70496,22.86104,353.7562,0.2089811,0.0439728,-0.9769303,0.0,0.0,0.0,0.9472603,0.07705767,-2.580282,0.2887939,0.07039324,0.6527295,0.9052583,-0.1051972,-0.4116321,0.1982483,0.9615082,0.190262,0.3757726,-0.2538416,0.8912684,moving,2.0187812754010257,9.339146702927861,23.866534252717535,6.155241484938537,0.4213445,-0.06589063,0.622309,0.03476072732712365,0.1621799786598226,0.9861487928230678,0.5809438998317904,9.272029378738363,21.9694411142838,22.078531712842274,23.493256156977107
05/17/2023 13:13:29.693838,247,True,True,True,True,Eyes,0.6399723,0.144156,-3.221954,0.4416556,-0.0998258,0.8916138,0.0,0.0,0.0,0.0,0.0,0.0,0.0,-1.804605,0.3629563,2.672625,0.5205186,0.1421004,-3.20002,0.1145606,0.20869,-0.07907812,0.9680243,14.76176,23.52118,353.7494,0.2076795,0.04396477,-0.9772081,0.0,0.0,0.0,0.9498037,0.07475031,-2.580277,0.2887871,0.07434022,0.6553124,0.9003902,-0.1052838,-0.4221525,0.2009144,0.9612451,0.1887892,0.3859156,-0.2548004,0.8866487,moving,1.8450178915283937,9.275765969858433,23.782423175430143,6.472102577369991,0.4292851,-0.06735008999999999,0.6197429999999997,0.03177550389636877,0.1611050107237511,0.9864256285089473,0.4885122591133704,9.258993945589243,21.99489498438361,22.11583774150417,23.46003088820551
05/17/2023 13:13:29.719465,248,True,True,True,True,Eyes,0.6352837,0.1438707,-3.220745,0.4491801,-0.1015951,0.8876461,0.0,0.0,0.0,0.0,0.0,0.0,0.0,-1.832134,0.3579292,2.650291,0.5153168,0.1409993,-3.197411,0.1143282,0.2147448,-0.07933743,0.9667054,14.78058,24.24484,353.8081,0.2063767,0.04395287,-0.9774847,0.0,0.0,0.0,0.9523426,0.07244699,-2.580272,0.2898338,0.07753976,0.6583808,0.8951805,-0.1042891,-0.4333308,0.2024946,0.9612693,0.1869688,0.3970488,-0.255118,0.8816276,moving,1.6280282588376744,9.167492021230057,23.760156550719156,6.716977956655238,0.4370258,-0.06855230999999999,0.6171389999999999,0.02804802217960109,0.15925840268883798,0.9868383834499157,0.36741540904866676,9.231490863243089,22.135437522785928,22.2673779756167,23.527496961610684
05/17/2023 13:13:29.733789,249,True,True,True,True,Eyes,0.6305842,0.1435741,-3.219466,0.4569031,-0.1033094,0.8834969,0.0,0.0,0.0,0.0,0.0,0.0,0.0,-1.863534,0.3505807,2.624954,0.5101579,0.139883,-3.194717,0.1139301,0.2215588,-0.07989933,0.9651673,14.79302,25.05666,353.84,0.205074,0.04393629,-0.9777595,0.0,0.0,0.0,0.9550563,0.06998508,-2.580267,0.2897932,0.08052357,0.6612822,0.8890556,-0.103748,-0.4458885,0.2047169,0.9612721,0.1845184,0.4094768,-0.255328,0.8758633,moving,1.3339084767624287,9.04965033551421,23.664438429386628,6.942661102883253,0.4448983999999999,-0.06989792,0.6144499999999997,0.022989379100289115,0.15724873256468286,0.987291432041707,0.208905074512983,9.205356590409318,22.286327987262787,22.42971180357584,23.564418851965367
05/17/2023 13:13:29.753303,250,True,True,True,True,Eyes,0.6258736,0.1432182,-3.21814,0.4647104,-0.1050758,0.8792061,0.0,0.0,0.0,0.0,0.0,0.0,0.0,-1.897472,0.3400781,2.597047,0.5051519,0.139322,-3.19157,0.1133692,0.228925,-0.08090444,0.9634289,14.80253,25.93008,353.8256,0.2037716,0.04391524,-0.9780328,0.0,0.0,0.0,0.9576222,0.0676573,-2.580262,0.2877569,0.08430035,0.6649979,0.8820956,-0.1039853,-0.4594501,0.2077974,0.9612038,0.1814042,0.4227618,-0.2554884,0.8694815,moving,0.9798559881050922,8.921447982190363,23.399028404370707,7.224726241577144,0.4524703,-0.0716647,0.6113080000000002,0.016894050928889404,0.15505807761927579,0.9877609171754252,0.020753420353172736,9.179158203899263,22.325856288745783,22.483286158729435,23.45982833534138
05/17/2023 13:13:29.763619,251,True,True,True,True,Eyes,0.6211438,0.142816,-3.216754,0.4726953,-0.1068824,0.8747201,0.0,0.0,0.0,0.0,0.0,0.0,0.0,-1.931226,0.3358643,2.567878,0.4997835,0.1376116,-3.188686,0.1135328,0.2362982,-0.08156173,0.9615723,14.88535,26.81122,353.8701,0.2024685,0.0438884,-0.9783046,0.0,0.0,0.0,0.960274,0.06525157,-2.580258,0.2848264,0.08853689,0.6694245,0.8750216,-0.1031998,-0.4729555,0.2105102,0.960916,0.1797941,0.4359158,-0.2568857,0.8625469,moving,0.6347105088705851,8.863500063874634,23.048758033720564,7.534111146991421,0.46049049999999997,-0.07236003,0.608428,0.010945291486519293,0.1540717472504563,0.987999010479933,-0.14961296835609694,9.179451059586068,22.28069829098174,22.453436292437853,23.256645514303397
05/17/2023 13:13:29.783825,252,True,True,True,True,Eyes,0.6164094,0.1423991,-3.215316,0.4807042,-0.1088651,0.8700988,0.0,0.0,0.0,0.0,0.0,0.0,0.0,-1.965271,0.337269,2.536872,0.4945575,0.136103,-3.185694,0.1145981,0.2437278,-0.08194376,0.9595568,15.06239,27.70593,353.9725,0.2011648,0.043855,-0.9785749,0.0,0.0,0.0,0.9627525,0.06300305,-2.580253,0.2795594,0.09206504,0.6744207,0.867764,-0.1013979,-0.4865226,0.2131209,0.960305,0.1799827,0.4489602,-0.2598706,0.8549281,moving,0.28148339293723273,8.888324275630543,22.514878241839728,7.773387962161809,0.46819500000000003,-0.07309995,0.6054409999999999,0.004853797883393018,0.154507241323671,0.9879797632956588,-0.30758698185021904,9.212172961061126,22.076992835673366,22.261332608141302,22.867772544775644
05/17/2023 13:13:29.793515,253,True,True,True,True,Eyes,0.6116472,0.1419787,-3.213816,0.4888375,-0.1109196,0.8652946,0.0,0.0,0.0,0.0,0.0,0.0,0.0,-1.999935,0.338912,2.504365,0.4893419,0.135419,-3.182554,0.1160679,0.2513353,-0.08274274,0.9573466,15.29725,28.61966,354.0443,0.1998605,0.04381531,-0.9788439,0.0,0.0,0.0,0.9652736,0.06071598,-2.580248,0.2735398,0.09441908,0.6799667,0.8599684,-0.1000831,-0.5004376,0.2167709,0.9593638,0.180642,0.4620225,-0.2638267,0.8467177,moving,-0.08932095114070947,8.966808606337107,21.91413949078407,7.905448208462603,0.47593169999999996,-0.07470302000000001,0.602306,-0.0015398919339321138,0.15586208735914295,0.987777627969197,-0.4632139512151776,9.266726989656178,21.838143054712212,22.02904349520253,22.418720458319726
05/17/2023 13:13:29.819047,254,True,True,True,True,Eyes,0.6068377,0.1415507,-3.212236,0.4969369,-0.1131342,0.8603804,0.0,0.0,0.0,0.0,0.0,0.0,0.0,-2.030506,0.3419062,2.474057,0.4838926,0.1349295,-3.17938,0.1176294,0.258279,-0.08332445,0.9552551,15.53186,29.45906,354.1364,0.1985548,0.04376992,-0.9791116,0.0,0.0,0.0,0.9677906,0.05843252,-2.580244,0.2689584,0.09523752,0.6856607,0.852698,-0.09842981,-0.5130475,0.2199546,0.9584407,0.1816903,0.4738418,-0.2677741,0.8389106,moving,-0.3796156542124626,9.044251395229779,21.418173087519797,7.907725686977693,0.48389799999999994,-0.07649698,0.5991360000000001,-0.006543125064191246,0.1571938820319306,0.9875461171315169,-0.5819356074210131,9.315601999703523,21.636130681255267,21.827397570821574,22.045110530481463
05/17/2023 13:13:29.833491,255,True,True,True,True,Eyes,0.6019982,0.1411084,-3.210587,0.5051153,-0.1154393,0.8552966,0.0,0.0,0.0,0.0,0.0,0.0,0.0,-2.059705,0.3451617,2.444052,0.4785823,0.134263,-3.176137,0.1193453,0.2649813,-0.08422661,0.9531251,15.79159,30.26765,354.196,0.1972472,0.04371927,-0.9793781,0.0,0.0,0.0,0.9704798,0.05599282,-2.580239,0.2641641,0.09534121,0.6908429,0.8453816,-0.09730846,-0.5252247,0.2238055,0.9573252,0.182865,0.4850166,-0.2721389,0.8310832,moving,-0.6369059165747941,9.145845073122015,20.925824816698018,7.8575888879824225,0.4918975,-0.07827018,0.595898,-0.010974576523783808,0.15893851874840487,0.9872274703321046,-0.6807423712305789,9.371620910314471,21.412082615787472,21.601179613025263,21.659548439686354
05/17/2023 13:13:29.854029,256,True,True,True,True,Eyes,0.5970879,0.1406696,-3.208846,0.5132051,-0.1178079,0.8501423,0.0,0.0,0.0,0.0,0.0,0.0,0.0,-2.087218,0.3472097,2.414618,0.47301,0.1334435,-3.172675,0.1209696,0.2714752,-0.08546155,0.9509807,16.05028,31.0485,354.2151,0.1959364,0.04366349,-0.9796436,0.0,0.0,0.0,0.9731545,0.05356633,-2.580234,0.2577037,0.09531388,0.6961105,0.8379951,-0.09686402,-0.5370118,0.2282251,0.9561254,0.1836782,0.4956588,-0.2764809,0.8233352,moving,-0.8743534498975074,9.245079059705665,20.314812435452563,7.7966553907635125,0.5001445,-0.07987717,0.592441,-0.015061578660637565,0.1606395800354379,0.9868982624323529,-0.770862795866651,9.425429683478447,21.05306201377419,21.23861299712472,21.14848944150096
05/17/2023 13:13:29.870176,257,True,True,True,True,Eyes,0.592144,0.1402178,-3.207026,0.521266,-0.1201535,0.8448933,0.0,0.0,0.0,0.0,0.0,0.0,0.0,-2.110445,0.3475881,2.388469,0.4671915,0.1330033,-3.169167,0.1221564,0.2772776,-0.08643113,0.9490653,16.24824,31.74976,354.2423,0.1946211,0.04360334,-0.9799085,0.0,0.0,0.0,0.9756238,0.0513262,-2.580229,0.2487289,0.0958859,0.7022747,0.8312936,-0.0963151,-0.5474253,0.2318,0.955215,0.1839379,0.5051928,-0.2797996,0.8163899,moving,-1.022920633263878,9.293391953133296,19.502927713620714,7.774870952901903,0.5084323000000001,-0.08167709999999999,0.5889379999999997,-0.017618131839568174,0.16146492215514202,0.9867210725666387,-0.829932227389995,9.453787803164824,20.401029315602024,20.58194248333837,20.402057621006144
05/17/2023 13:13:29.883468,258,True,True,True,True,Eyes,0.5871454,0.1397715,-3.205124,0.5290621,-0.1223197,0.8397209,0.0,0.0,0.0,0.0,0.0,0.0,0.0,-2.128551,0.3466073,2.366165,0.4614182,0.1323114,-3.16531,0.1227525,0.2821949,-0.08696322,0.9474891,16.36135,32.34874,354.2871,0.1933014,0.04353895,-0.9801726,0.0,0.0,0.0,0.9780911,0.04908793,-2.580225,0.2391956,0.09643286,0.7085282,0.8256069,-0.09551314,-0.556103,0.2340736,0.9547385,0.1835321,0.5134032,-0.2816943,0.8105958,moving,-1.0735394372061184,9.276522731309985,18.654426730284467,7.750508444311042,0.5166729,-0.08322347,0.5850849999999999,-0.018490757624581466,0.1611718781679339,0.9867531211663836,-0.856547967860561,9.450604828440738,19.612641670266374,19.786898915943805,19.58490391569451
05/17/2023 13:13:29.893809,259,True,True,True,True,Eyes,0.5821379,0.1393144,-3.203141,0.5368227,-0.124334,0.8344833,0.0,0.0,0.0,0.0,0.0,0.0,0.0,-2.142195,0.3411147,2.348526,0.4554853,0.1319266,-3.161655,0.1222512,0.2863667,-0.08699611,0.9462984,16.33171,32.8608,354.3409,0.1919754,0.04347097,-0.9804361,0.0,0.0,0.0,0.9807916,0.04663802,-2.58022,0.2311541,0.09563694,0.7148746,0.8208516,-0.09463118,-0.5632474,0.2346659,0.9549727,0.1815467,0.5207059,-0.2811978,0.8060975,moving,-1.021573935949838,9.134964631059495,17.91857008111528,7.61986698626988,0.5253063,-0.08528858,0.5814349999999999,-0.017602832157972093,0.15873600100321197,0.9871640973291661,-0.8601603590528186,9.392643750602378,18.838112089443797,19.000646732688196,18.862222944304662
05/17/2023 13:13:29.918642,260,True,True,True,True,Eyes,0.5771068,0.1388385,-3.201077,0.5443863,-0.1260755,0.829306,0.0,0.0,0.0,0.0,0.0,0.0,0.0,-2.157668,0.3280495,2.329655,0.4502439,0.1312016,-3.15761,0.1207906,0.2909096,-0.08773434,0.9450313,16.22125,33.40545,354.2892,0.1906446,0.04339955,-0.980699,0.0,0.0,0.0,0.9833907,0.04428007,-2.580215,0.2238347,0.09463741,0.7206305,0.8153486,-0.09554508,-0.5710324,0.2361017,0.9554246,0.1772562,0.5286425,-0.2793472,0.8015624,moving,-1.0237028221041555,8.922519072540663,17.255292227368518,7.481602322432246,0.5331467999999999,-0.08692153,0.5773950000000001,-0.017649904063895216,0.1550745077200168,0.9877450556220824,-0.9025088291482941,9.310909625319226,18.183888598676763,18.33570018023281,18.24971518726905
05/17/2023 13:13:29.933677,261,True,True,True,True,Eyes,0.5720764,0.1383386,-3.198922,0.5519714,-0.1276567,0.8240336,0.0,0.0,0.0,0.0,0.0,0.0,0.0,-2.174011,0.3128489,2.309853,0.4446913,0.1302416,-3.153554,0.1188507,0.2957626,-0.08827918,0.9437193,16.05397,33.99023,354.2477,0.189308,0.0433245,-0.9809612,0.0,0.0,0.0,0.9857917,0.04210185,-2.58021,0.2170144,0.09377057,0.7260824,0.8094627,-0.09631833,-0.5792177,0.2369247,0.9561626,0.172104,0.5372496,-0.2765427,0.796798,moving,-1.0547992963526966,8.659349211314337,16.640562890326077,7.358784225348758,0.5411004,-0.08813975000000002,0.5733440000000001,-0.018198909632507754,0.15053452338368745,0.9884372465461043,-0.9680858991637686,9.211525934431505,17.600626444177983,17.743091957166335,17.705851124195554
05/17/2023 13:13:29.953783,262,True,True,True,True,Eyes,0.5670537,0.1378523,-3.196696,0.5594449,-0.1290923,0.8187531,0.0,0.0,0.0,0.0,0.0,0.0,0.0,-2.192258,0.2994994,2.28719,0.4396518,0.1291488,-3.149121,0.1171962,0.3009911,-0.08861455,0.9422404,15.91425,34.62614,354.2444,0.187967,0.04324556,-0.9812226,0.0,0.0,0.0,0.9884352,0.03970367,-2.580205,0.2110443,0.09419077,0.7311282,0.8031037,-0.09644234,-0.5879824,0.2375424,0.956825,0.1675097,0.5464413,-0.2741984,0.7913389,moving,-1.1393937202480076,8.427075424389722,16.101084264258493,7.340943621667628,0.5487834,-0.08944513000000001,0.5689160000000002,-0.019670252239933406,0.1465221479680877,0.9890118291236687,-1.0523049304853531,9.127556111385363,17.136579079432472,17.27465668044195,17.246180593243544
05/17/2023 13:13:29.970039,263,True,True,True,True,Eyes,0.5620133,0.1373208,-3.194363,0.56696,-0.1304724,0.813347,0.0,0.0,0.0,0.0,0.0,0.0,0.0,-2.211739,0.2835098,2.263276,0.4343931,0.1290562,-3.144715,0.1156228,0.3065502,-0.08965972,0.9405422,15.8111,35.29408,354.1679,0.1866219,0.04316358,-0.9814828,0.0,0.0,0.0,0.9910048,0.03737257,-2.580201,0.2058502,0.09511614,0.7356355,0.7959762,-0.0977691,-0.5973802,0.2395459,0.957185,0.1625259,0.5559134,-0.2724667,0.7853167,moving,-1.2641375584975132,8.23020460895245,15.633020178636372,7.367350886040944,0.5566117,-0.09168363000000002,0.564514,-0.02183446755887619,0.1431165691231619,0.989464974033743,-1.1481358001053161,9.059862021950709,16.783009210697127,16.919174215685757,16.86629152860926
05/17/2023 13:13:29.983848,264,True,True,True,True,Eyes,0.5569391,0.1368475,-3.191928,0.5742981,-0.1318206,0.8079635,0.0,0.0,0.0,0.0,0.0,0.0,0.0,-2.231267,0.2768785,2.23664,0.4289109,0.1274396,-3.139676,0.1151817,0.3121842,-0.09011462,0.9386979,15.81347,35.98485,354.198,0.1852739,0.04307764,-0.981742,0.0,0.0,0.0,0.9935967,0.03502111,-2.580196,0.2014224,0.09438899,0.7404757,0.7888408,-0.09726498,-0.6068524,0.2410966,0.957225,0.1599769,0.5653341,-0.2725064,0.7785484,moving,-1.416036083133568,8.139121100659665,15.217264006420873,7.2643591315544,0.5646858,-0.09241848999999999,0.5594800000000002,-0.024463207481247418,0.1415348093076623,0.9896309639528225,-1.2358838566016805,9.034717009417603,16.525171193623947,16.656286512057985,16.548118975224824
05/17/2023 13:13:29.993866,265,True,True,True,True,Eyes,0.5518792,0.1363844,-3.189405,0.5816056,-0.1332122,0.8024895,0.0,0.0,0.0,0.0,0.0,0.0,0.0,-2.242932,0.2730087,2.21822,0.423642,0.1282562,-3.13526,0.1151058,0.3161238,-0.09003034,0.937396,15.82623,36.4752,354.2726,0.1839217,0.04298998,-0.982,0.0,0.0,0.0,0.9962804,0.03258654,-2.580191,0.1983803,0.09320083,0.745047,0.7839206,-0.09601277,-0.6133923,0.2415635,0.9572904,0.1588779,0.5719402,-0.2727208,0.7736328,moving,-1.3611100427084137,8.077278872098125,14.909955004130683,7.130313218976436,0.5726384,-0.09566965999999999,0.555069,-0.023518099113455038,0.14046975279308915,0.9898055916970705,-1.222609477576341,9.00728329207103,16.174513487008834,16.29859815157921,16.241387053196156
05/17/2023 13:13:30.013794,266,True,True,True,True,Eyes,0.5468129,0.1359559,-3.186796,0.5887547,-0.134675,0.7970135,0.0,0.0,0.0,0.0,0.0,0.0,0.0,-2.258568,0.265953,2.1955,0.4189135,0.1280729,-3.130525,0.1153518,0.3207917,-0.09176986,0.9356095,15.94571,37.03292,354.1673,0.1825663,0.04290118,-0.9822568,0.0,0.0,0.0,0.9988651,0.0302416,-2.580186,0.1967836,0.09144913,0.7492018,0.777342,-0.09771371,-0.6214431,0.2457293,0.9565445,0.1569704,0.5790998,-0.2747265,0.7675733,moving,-1.4166096925655978,8.105797938267557,14.716755100036874,6.959216138380082,0.5799516,-0.09783129999999998,0.5503390000000001,-0.024475145165110956,0.14095917422938975,0.9897128119050776,-1.2426369022124757,9.021912309542373,16.055626219244324,16.174056675893596,16.09213809833821
05/17/2023 13:13:30.043720,267,True,True,True,True,Eyes,0.5417685,0.1356139,-3.184097,0.5959177,-0.1362136,0.7914088,0.0,0.0,0.0,0.0,0.0,0.0,0.0,-2.274453,0.2590767,2.172259,0.4138668,0.1284787,-3.125888,0.1157039,0.3256045,-0.0934193,0.9337385,16.07586,37.61164,354.0797,0.181208,0.0428125,-0.9825121,0.0,0.0,0.0,1.0013,0.02803253,-2.580182,0.1964965,0.09051537,0.7528148,0.7705091,-0.09911096,-0.6296766,0.2498057,0.9557709,0.1552388,0.5864408,-0.2769098,0.7611887,moving,-1.4859792603195396,8.139207646764273,14.628714403270406,6.856097620668509,0.5874332000000001,-0.10044617,0.545706,-0.025671279429844596,0.14153201135243848,0.9896007345847405,-1.268104881461762,9.039335325421956,16.049927805641516,16.165695877703918,16.04603970601125
05/17/2023 13:13:30.053682,268,True,True,True,True,Eyes,0.5367078,0.1353076,-3.181298,0.6030157,-0.1378558,0.7857276,0.0,0.0,0.0,0.0,0.0,0.0,0.0,-2.292686,0.2465762,2.146497,0.4093384,0.130262,-3.120918,0.115906,0.3309571,-0.09603028,0.9315641,16.23105,38.24515,353.8899,0.1798482,0.04272671,-0.9827657,0.0,0.0,0.0,1.003866,0.02570444,-2.580177,0.197378,0.09034275,0.7563689,0.7624912,-0.1021969,-0.6388765,0.2556365,0.954688,0.1523839,0.5943545,-0.2795115,0.7540664,moving,-1.6267837117952586,8.18280941407731,14.62543958036721,6.811294157910154,0.5945275999999999,-0.10455756,0.5407410000000001,-0.028100118849278433,0.1422757587255023,0.9894281223219953,-1.3245136982839016,9.065368972222961,16.19387771215906,16.309991294792514,16.108440733344512
05/17/2023 13:13:30.063866,269,True,True,True,True,Eyes,0.5316537,0.1350234,-3.178421,0.6101186,-0.1395016,0.7799324,0.0,0.0,0.0,0.0,0.0,0.0,0.0,-2.312247,0.2407304,2.11757,0.4040844,0.1307982,-3.115789,0.1164297,0.3367886,-0.09721326,0.9292833,16.37202,38.96192,353.8821,0.1784862,0.04264469,-0.9830175,0.0,0.0,0.0,1.006382,0.02342183,-2.580172,0.1992134,0.09104334,0.7592473,0.7542461,-0.1022529,-0.648581,0.2591017,0.9539874,0.1509117,0.6033069,-0.281873,0.7460352,moving,-1.8182964582869892,8.20824016545367,14.702019243011579,6.83783844959807,0.6022976000000001,-0.10737637,0.5356169999999998,-0.03140520411952802,0.1427008523024331,0.989267471892536,-1.4078329877150546,9.087723816622914,16.45765310735264,16.577057390664724,16.26620186339148
05/17/2023 13:13:30.083671,270,True,True,True,True,Eyes,0.5266004,0.1347276,-3.175458,0.6171341,-0.1412227,0.7740812,0.0,0.0,0.0,0.0,0.0,0.0,0.0,-2.328893,0.239004,2.091231,0.3991749,0.1310521,-3.110884,0.1170761,0.3419535,-0.09746644,0.9272871,16.4862,39.61069,353.9724,0.1771227,0.04256685,-0.9832675,0.0,0.0,0.0,1.009015,0.02103333,-2.580167,0.2012954,0.0910512,0.7621778,0.7471362,-0.1006896,-0.6570001,0.2608279,0.953587,0.1504683,0.6113561,-0.2837843,0.738722,moving,-1.9262375726699976,8.212879915198961,14.794331916100072,6.8123776814951,0.6098401,-0.11001877,0.5307170000000001,-0.03326851093180788,0.1427723570872746,0.9891962963960511,-1.4566812450526885,9.096587742857979,16.658732399761746,16.77911948033621,16.41076001800013
05/17/2023 13:13:30.103731,271,True,True,True,True,Eyes,0.5215678,0.1344041,-3.172434,0.624179,-0.1430587,0.7680721,0.0,0.0,0.0,0.0,0.0,0.0,0.0,-2.347006,0.2441728,2.061875,0.3943029,0.1304506,-3.105945,0.1186738,0.347405,-0.09730068,0.9250724,16.68856,40.30851,354.154,0.1757578,0.04249249,-0.9835156,0.0,0.0,0.0,1.011611,0.01867841,-2.580163,0.2019243,0.09110812,0.7651401,0.7396848,-0.09756459,-0.6658436,0.2624761,0.9528981,0.1519583,0.6196554,-0.2871692,0.7304526,moving,-2.0711560777251794,8.29783791741227,14.783589174397633,6.7904522451695675,0.6173081,-0.11177219,0.525782,-0.035762758986683685,0.14422653863708412,0.9888982238367741,-1.5069334380024753,9.138829217182634,16.80031794288008,16.922016696565425,16.458918597155783
05/17/2023 13:13:30.118888,272,True,True,True,True,Eyes,0.5165426,0.1340785,-3.169339,0.631193,-0.1450693,0.7619386,0.0,0.0,0.0,0.0,0.0,0.0,0.0,-2.366837,0.2504706,2.030302,0.3897552,0.1294908,-3.101306,0.1208316,0.353138,-0.09777293,0.9225691,16.97808,41.03927,354.2956,0.174392,0.04242045,-0.9837619,0.0,0.0,0.0,1.014211,0.01632023,-2.580158,0.2018058,0.09178093,0.7685146,0.731468,-0.09506407,-0.6752165,0.265745,0.9516804,0.1538964,0.6279603,-0.2920057,0.7213866,moving,-2.258780427283193,8.455899529280385,14.713236182573501,6.810372745396223,0.6244558,-0.11317056999999998,0.5211480000000002,-0.038985157135482895,0.14693634594432492,0.9883774597718734,-1.5626347279380648,9.212043328128308,16.926776969896306,17.05160127969604,16.452112189126275
05/17/2023 13:13:30.133867,273,True,True,True,True,Eyes,0.5115268,0.133792,-3.166178,0.6382656,-0.1471817,0.7556154,0.0,0.0,0.0,0.0,0.0,0.0,0.0,-2.389256,0.2514611,1.995575,0.3851691,0.1291106,-3.096623,0.1228804,0.3595482,-0.09938633,0.9196456,17.30637,41.84279,354.3233,0.1730266,0.04235056,-0.9840059,0.0,0.0,0.0,1.016792,0.01397791,-2.580153,0.2017221,0.09173571,0.7719554,0.721695,-0.09443758,-0.6857388,0.2711632,0.9500455,0.1545444,0.6368884,-0.2974811,0.7112511,moving,-2.5288101831578107,8.636427362529773,14.644667740490519,6.776990884288512,0.6316229,-0.11513269,0.51647,-0.04362240309678245,0.15002100421735734,0.9877200240539254,-1.6519433212263332,9.299317515326429,17.146113208250412,17.273848673953665,16.49065382968532
05/17/2023 13:13:30.154182,274,True,True,True,True,Eyes,0.5065336,0.1335198,-3.162959,0.645261,-0.1493358,0.7492243,0.0,0.0,0.0,0.0,0.0,0.0,0.0,-2.410331,0.2443225,1.962355,0.3803696,0.1298079,-3.091714,0.1239347,0.3659121,-0.1015477,0.9167534,17.55073,42.62973,354.2521,0.1716611,0.04228383,-0.984248,0.0,0.0,0.0,1.019434,0.01158169,-2.580148,0.2012792,0.09180396,0.7754042,0.7115927,-0.0954899,-0.6960729,0.2768867,0.9486566,0.15292,0.6457318,-0.3015501,0.701497,moving,-2.7887425218801276,8.727938724787478,14.551658018442588,6.752100492476411,0.6390644,-0.11822621,0.5115660000000002,-0.04809142654244419,0.15156723780302994,0.9872763433360503,-1.753931078986214,9.351624031386407,17.322474014335757,17.45260518143599,16.511503821382718
05/17/2023 13:13:30.170339,275,True,True,True,True,Eyes,0.5015326,0.1332555,-3.15967,0.6522682,-0.1515014,0.7426934,0.0,0.0,0.0,0.0,0.0,0.0,0.0,-2.429168,0.2374128,1.93068,0.3755339,0.1299713,-3.086556,0.1247034,0.3719133,-0.1033503,0.9140287,17.74852,43.37664,354.2045,0.1702963,0.04222047,-0.9844878,0.0,0.0,0.0,1.021931,0.009316522,-2.580143,0.1997629,0.09141387,0.7789454,0.7019985,-0.09617259,-0.705655,0.281688,0.9475356,0.1510903,0.6541026,-0.3048397,0.6922591,moving,-2.9941427765172657,8.777649184539866,14.383693571772428,6.693384111313903,0.6463971,-0.12065477800000002,0.5064129999999998,-0.05162374349967924,0.1523968423216994,0.9869701904790307,-1.8389236067764112,9.384246314252486,17.37210914257981,17.502381467771983,16.444270963376617
05/17/2023 13:13:30.183809,276,True,True,True,True,Eyes,0.4965649,0.1329847,-3.156354,0.6590871,-0.15358,0.7362183,0.0,0.0,0.0,0.0,0.0,0.0,0.0,-2.445603,0.2349457,1.900805,0.3703384,0.1299114,-3.081429,0.1255196,0.3774998,-0.1039729,0.9115527,17.89869,44.09071,354.2834,0.1689315,0.04216043,-0.9847255,0.0,0.0,0.0,1.024604,0.00689161,-2.580138,0.1971348,0.09087595,0.7828969,0.6933671,-0.09478622,-0.7143232,0.2843207,0.946869,0.150336,0.6621207,-0.3073349,0.6834775,moving,-3.152618757352125,8.79375455136531,14.133361709789293,6.621064089772793,0.6542656,-0.12301979,0.5012910000000002,-0.05435126498259041,0.1526521428517748,0.9867843079005938,-1.9088315787113694,9.400841631727475,17.29320715264112,17.421989110095602,16.281250833040172
05/17/2023 13:13:30.203526,277,True,True,True,True,Eyes,0.491607,0.1327056,-3.152981,0.665903,-0.1556462,0.7296214,0.0,0.0,0.0,0.0,0.0,0.0,0.0,-2.460598,0.2406493,1.871469,0.3653881,0.1295891,-3.07645,0.1268614,0.3827314,-0.1029887,0.9092944,18.03168,44.7893,354.5576,0.1675675,0.04210319,-0.9849609,0.0,0.0,0.0,1.027073,0.004651543,-2.580134,0.1934638,0.0899251,0.7866868,0.68582,-0.09018635,-0.7221615,0.2844017,0.9465991,0.1518748,0.6699004,-0.3095428,0.6748458,moving,-3.2587799832484876,8.806748933907983,13.816139735596611,6.521098488045696,0.6616848999999999,-0.12493755700000002,0.49631599999999976,-0.05617771419945228,0.15286045324432163,0.9866497243615207,-1.9552326506974653,9.412808645354705,17.10157647796454,17.227219200024003,16.034281230571057
05/17/2023 13:13:30.218738,278,True,True,True,True,Eyes,0.4866833,0.1324438,-3.149571,0.6726158,-0.1577063,0.7229915,0.0,0.0,0.0,0.0,0.0,0.0,0.0,-2.47554,0.2479508,1.841592,0.3606639,0.1290912,-3.071562,0.1284234,0.3879481,-0.1018943,0.9069848,18.18074,45.49241,354.8556,0.1662047,0.04204829,-0.9851941,0.0,0.0,0.0,1.029735,0.002236798,-2.580129,0.189869,0.09089135,0.7906991,0.6782277,-0.08518994,-0.7298971,0.2844764,0.94625,0.1538968,0.6775547,-0.3120156,0.6660075,moving,-3.369980550636374,8.837879396574731,13.502667961961027,6.557403920798035,0.6690711,-0.12685440199999998,0.49143300000000023,-0.05808778519709773,0.15337971767188957,0.9864585505531226,-2.0004249886079033,9.432095404229493,16.8998429202941,17.02606343889492,15.767363196136932
05/17/2023 13:13:30.234657,279,True,True,True,True,Eyes,0.4817641,0.1322432,-3.146101,0.6793193,-0.1598238,0.7162274,0.0,0.0,0.0,0.0,0.0,0.0,0.0,-2.492004,0.253042,1.809244,0.3561495,0.1293043,-3.066581,0.1302727,0.3935626,-0.1016167,0.9043294,18.39728,46.24126,355.088,0.1648436,0.04199605,-0.985425,0.0,0.0,0.0,1.032334,-0.0001213857,-2.580124,0.1858525,0.09278654,0.7945597,0.6695651,-0.08124905,-0.738296,0.2863308,0.9454061,0.1556338,0.6853445,-0.3156039,0.6562752,moving,-3.5373054518572093,8.926618546852128,13.165150543760845,6.660678921777478,0.6761845000000001,-0.12942568570000001,0.4864569999999997,-0.06095391157262592,0.15488083614095755,0.9860510099228967,-2.0602683690530044,9.477262881675907,16.7259459975,16.85545961016907,15.483750394327169
05/17/2023 13:13:30.253835,280,True,True,True,True,Eyes,0.4768454,0.132086,-3.142571,0.6858469,-0.1619374,0.7095,0.0,0.0,0.0,0.0,0.0,0.0,0.0,-2.50659,0.2512479,1.779707,0.3513594,0.1305909,-3.061531,0.1316179,0.3988698,-0.1024813,0.9017079,18.60943,46.93231,355.1686,0.1634842,0.04194819,-0.9856535,0.0,0.0,0.0,1.034927,-0.002473823,-2.580119,0.1815055,0.09480273,0.7985448,0.6608009,-0.0798196,-0.7463049,0.2898132,0.9443486,0.1556084,0.6923513,-0.3191152,0.6471592,moving,-3.6784666074054946,9.007339331322516,12.805497231335567,6.770428999574934,0.6835675999999999,-0.133064723,0.4814120000000002,-0.06336928499820871,0.15624631307316852,0.9856831971420774,-2.109613810057592,9.517625084594684,16.50263440377853,16.635048291760445,15.166002232184853
05/17/2023 13:13:30.270395,281,True,True,True,True,Eyes,0.4719278,0.1319677,-3.138974,0.692309,-0.164057,0.7027045,0.0,0.0,0.0,0.0,0.0,0.0,0.0,-2.517938,0.2493778,1.753722,0.3463222,0.1315095,-3.056224,0.1326693,0.403534,-0.1031903,0.8993949,18.77942,47.54158,355.2412,0.1621263,0.0419057,-0.9858796,0.0,0.0,0.0,1.037595,-0.00489445,-2.580114,0.1784526,0.09665726,0.8025389,0.6530242,-0.07854458,-0.7532532,0.2926908,0.9435013,0.1553625,0.6984925,-0.3219257,0.6391183,moving,-3.73500632147418,9.052786493382714,12.536333503256653,6.867587434215079,0.6912728,-0.13640395,0.4761099999999998,-0.0643339579310761,0.15701840845555634,0.9854980600251108,-2.12682439047859,9.538846143011934,16.283250669174535,16.417417416270403,14.904490011601645
05/17/2023 13:13:30.285898,282,True,True,True,True,Eyes,0.4670121,0.1318749,-3.135318,0.6985537,-0.1660503,0.6960245,0.0,0.0,0.0,0.0,0.0,0.0,0.0,-2.527572,0.2470387,1.729957,0.3414969,0.1323894,-3.050943,0.1335241,0.4077893,-0.1038369,0.8972721,18.92329,48.09838,355.3042,0.1607697,0.04186933,-0.9861032,0.0,0.0,0.0,1.0401,-0.007166335,-2.58011,0.1754105,0.09926931,0.8061816,0.6458518,-0.07744043,-0.7595251,0.2952392,0.9427785,0.1549278,0.7040662,-0.3243019,0.6317586,moving,-3.7523598919029575,9.082433732279995,12.275199200064725,7.019789339822273,0.6986031,-0.139555735,0.4708330000000003,-0.06462715674109198,0.15752533592145623,0.9853979793303945,-2.1290500284336704,9.551409365668576,16.02310507603138,16.159738622151448,14.62502977063509
05/17/2023 13:13:30.303344,283,True,True,True,True,Eyes,0.462114,0.1317992,-3.131599,0.704735,-0.1679595,0.6893027,0.0,0.0,0.0,0.0,0.0,0.0,0.0,-2.534571,0.2465558,1.709479,0.3365729,0.1329029,-3.045688,0.1340342,0.4114708,-0.1036297,0.8955376,18.98657,48.5903,355.4322,0.1594142,0.04183938,-0.9863245,0.0,0.0,0.0,1.042714,-0.009538615,-2.580105,0.1730419,0.1021542,0.809795,0.6399055,-0.07530615,-0.7647549,0.2959108,0.9425914,0.1547842,0.7091951,-0.3253465,0.6254533,moving,-3.6885258016412936,9.046288494044694,12.061903569580432,7.189783355096124,0.7061411,-0.142441515,0.4655830000000001,-0.06353552259561407,0.15691468039451126,0.985566358261954,-2.106666095404808,9.533294978532528,15.72130576482274,15.85946520878893,14.361072838779194
05/17/2023 13:13:30.313686,284,True,True,True,True,Eyes,0.4572429,0.1317485,-3.127831,0.7107944,-0.1697466,0.6826107,0.0,0.0,0.0,0.0,0.0,0.0,0.0,-2.542527,0.2469257,1.687005,0.3320587,0.1331491,-3.040298,0.1343895,0.4154359,-0.1028358,0.8937435,19.00574,49.12751,355.6231,0.1580604,0.0418158,-0.9865433,0.0,0.0,0.0,1.045229,-0.0118195,-2.5801,0.1719973,0.1040038,0.8134497,0.6336757,-0.07215729,-0.7702262,0.2954781,0.9427285,0.1547761,0.714946,-0.3256628,0.618705,moving,-3.6626453623705713,8.972583539023848,11.938878107181004,7.286035264489654,0.7131703,-0.1449686,0.4601980000000001,-0.06310310768849009,0.15565099742713565,0.9857944612531574,-2.109089177792571,9.503193541746855,15.553826949630931,15.692417903347557,14.221855563396009
05/17/2023 13:13:30.333867,285,True,True,True,True,Eyes,0.4523791,0.1317036,-3.123993,0.7168151,-0.1714881,0.6758461,0.0,0.0,0.0,0.0,0.0,0.0,0.0,-2.551092,0.2444425,1.663967,0.327684,0.1336909,-3.035022,0.1344703,0.4195814,-0.1023479,0.8918487,19.01046,49.68211,355.7714,0.1567084,0.04179879,-0.9867597,0.0,0.0,0.0,1.047964,-0.01430121,-2.580095,0.1728204,0.1047239,0.8168069,0.6269528,-0.06971519,-0.7759317,0.2954001,0.9428853,0.1539678,0.7208807,-0.3257408,0.6117384,moving,-3.6584282400476966,8.88312490731177,11.946481803105833,7.306109192505113,0.7202799999999999,-0.14799211,0.4549270000000001,-0.06304594532805607,0.15411220232778877,0.9860398799167308,-2.1245647570216586,9.46844093682535,15.546189893216399,15.684393390235435,14.236222457863278
05/17/2023 13:13:30.353820,286,True,True,True,True,Eyes,0.4475087,0.1316622,-3.120075,0.7226939,-0.1732117,0.6691123,0.0,0.0,0.0,0.0,0.0,0.0,0.0,-2.560039,0.2397469,1.639564,0.3230198,0.1337829,-3.029391,0.1345657,0.4239614,-0.1026486,0.8897259,19.05595,50.2579,355.8406,0.1553581,0.041788,-0.9869736,0.0,0.0,0.0,1.050533,-0.01663178,-2.580091,0.1749394,0.1033494,0.8204171,0.61944,-0.06855691,-0.7820449,0.2967595,0.9427106,0.152415,0.7267929,-0.3264912,0.6042976,moving,-3.6979350214776887,8.828223594215409,12.037036548133795,7.179831903264843,0.7275132,-0.15041468000000002,0.44930000000000003,-0.06373537172230165,0.15316058123880794,0.9861438408626811,-2.1534643760963377,9.44987247953683,15.68547341734244,15.821078517701519,14.370922054568993
05/17/2023 13:13:30.370530,287,True,True,True,True,Eyes,0.4426343,0.1316219,-3.11608,0.7284607,-0.1749229,0.6623798,0.0,0.0,0.0,0.0,0.0,0.0,0.0,-2.566541,0.2352473,1.61824,0.3181243,0.1338025,-3.023586,0.1347711,0.4277741,-0.1032854,0.8877941,19.12702,50.7566,355.8672,0.1540091,0.041783,-0.9871852,0.0,0.0,0.0,1.052932,-0.01880797,-2.580086,0.1759483,0.1013427,0.8234332,0.6126829,-0.06808917,-0.7873904,0.2986955,0.9423378,0.1509323,0.7317109,-0.3276635,0.5976921,moving,-3.6738776421575294,8.802740991240173,12.061378332286779,7.016301281885425,0.7348077,-0.15261047,0.4434999999999998,-0.0633256128294501,0.15272596336969102,0.986237627912013,-2.147337915716009,9.4384747993161,15.705144512342882,15.83633945760335,14.41369286355169
05/17/2023 13:13:30.383753,288,True,True,True,True,Eyes,0.4377533,0.13158,-3.112005,0.7340625,-0.1765907,0.6557194,0.0,0.0,0.0,0.0,0.0,0.0,0.0,-2.570429,0.2303771,1.600689,0.3131751,0.1338054,-3.01768,0.1349593,0.4309215,-0.1042371,0.8861306,19.20925,51.1635,355.8449,0.1526615,0.04178338,-0.9873945,0.0,0.0,0.0,1.055451,-0.02109363,-2.580081,0.1767981,0.09870013,0.8269236,0.6068825,-0.06842168,-0.791841,0.3010491,0.9418412,0.149347,0.73557,-0.329019,0.5921853,moving,-3.5766404657905055,8.794388506465346,12.068268370270992,6.806521439908088,0.7422758999999999,-0.15489903,0.43759900000000007,-0.06165299941634922,0.1525981970621103,0.9863633502343145,-2.104146207531604,9.428881706371037,15.645697077245655,15.770693959460951,14.412984019009915
05/17/2023 13:13:30.403748,289,True,True,True,True,Eyes,0.4328766,0.1315296,-3.107861,0.7395835,-0.1782233,0.6490399,0.0,0.0,0.0,0.0,0.0,0.0,0.0,-2.573794,0.2272669,1.583461,0.3082506,0.1337099,-3.01173,0.1352218,0.4339645,-0.104812,0.8845362,19.2801,51.5637,355.8653,0.1513141,0.04178864,-0.9876016,0.0,0.0,0.0,1.058119,-0.02351393,-2.580076,0.1768289,0.09616108,0.8301225,0.6013786,-0.06805712,-0.7960604,0.302783,0.941459,0.1482478,0.7393689,-0.3301866,0.5867798,moving,-3.46748610476803,8.779659639939116,12.025152287020372,6.6076709848929,0.7498684,-0.15722382999999998,0.431654,-0.059775972284639045,0.1523620670769992,0.9865154451809661,-2.0567032912912464,9.416050037782334,15.525431305213816,15.644148396648678,14.359166042397247
05/17/2023 13:13:30.413580,290,True,True,True,True,Eyes,0.428023,0.1314742,-3.103659,0.7449877,-0.1798293,0.642382,0.0,0.0,0.0,0.0,0.0,0.0,0.0,-2.578588,0.2253484,1.563672,0.3034954,0.1334526,-3.005836,0.135536,0.4374069,-0.1049915,0.8827695,19.33812,52.02435,355.9405,0.1499677,0.04179814,-0.9878066,0.0,0.0,0.0,1.060697,-0.02585283,-2.580072,0.1763622,0.09352115,0.833802,0.5953041,-0.06679784,-0.800719,0.3039354,0.9412135,0.1474461,0.7437985,-0.3311422,0.5806105,moving,-3.414108675398449,8.75159155589917,11.942928000814764,6.3996790474606895,0.7572015999999999,-0.15930543,0.42576400000000003,-0.05886124497794587,0.15188702879799135,0.9866435873892578,-2.037566215553622,9.401733940025242,15.423372801434942,15.53608920938301,14.299180120268456
05/17/2023 13:13:30.433615,291,True,True,True,True,Eyes,0.4231692,0.1314085,-3.099386,0.7503793,-0.1813927,0.6356316,0.0,0.0,0.0,0.0,0.0,0.0,0.0,-2.585809,0.221252,1.539635,0.2989873,0.1333009,-2.999779,0.1357139,0.4415886,-0.1053231,0.8806182,19.39284,52.58113,356.0097,0.1486219,0.04181137,-0.9880094,0.0,0.0,0.0,1.063355,-0.02826367,-2.580067,0.1760193,0.09344392,0.8367863,0.5878131,-0.06563952,-0.8063295,0.3053584,0.9409776,0.1460053,0.7491542,-0.3320433,0.5731626,moving,-3.4531351667145707,8.715164339349675,11.879069642359587,6.371820851210738,0.7643677,-0.16156457,0.4197120000000001,-0.05953912619695084,0.15125362752444851,0.9867002427347116,-2.0626471998721736,9.390253668385714,15.398424045532327,15.51024703255238,14.264725906261488
05/17/2023 13:13:30.453518,292,True,True,True,True,Eyes,0.4183112,0.131329,-3.095038,0.7557222,-0.1829352,0.6288233,0.0,0.0,0.0,0.0,0.0,0.0,0.0,-2.593807,0.2140959,1.514143,0.2941606,0.1329908,-2.993674,0.1354994,0.4461438,-0.1059459,0.8782774,19.4234,53.18028,356.036,0.1472771,0.04182773,-0.9882101,0.0,0.0,0.0,1.06583,-0.03050916,-2.580062,0.1781139,0.09135326,0.8401111,0.5794623,-0.06519531,-0.8123872,0.3070042,0.9408307,0.143478,0.7549647,-0.3325464,0.5651913,moving,-3.5378645927365016,8.65017813346296,11.97016167479793,6.205930785230682,0.7716694000000001,-0.16349996,0.4136120000000001,-0.061008857550738704,0.1501210546421752,0.9867834928940818,-2.1143543480022684,9.370763093452549,15.590314983522287,15.699465717465626,14.43571110599268
05/17/2023 13:13:30.470440,293,True,True,True,True,Eyes,0.4134387,0.1312492,-3.090618,0.7610044,-0.1844577,0.6219707,0.0,0.0,0.0,0.0,0.0,0.0,0.0,-2.600182,0.2040977,1.49094,0.2891819,0.132588,-2.987356,0.1349436,0.4503778,-0.1070684,0.876063,19.44372,53.72638,355.9837,0.1459325,0.04184656,-0.9884087,0.0,0.0,0.0,1.068328,-0.03277503,-2.580057,0.1784498,0.09212905,0.8427891,0.5713924,-0.06604615,-0.818015,0.3091486,0.9406531,0.1399957,0.7602223,-0.3328807,0.5579001,moving,-3.581151826316012,8.57539063769372,11.955075628926835,6.23848762697818,0.7791461,-0.16536303000000002,0.4072990000000001,-0.06176658320274342,0.1488259278373984,0.9869324313092239,-2.148868657157925,9.344778585837028,15.601510691611734,15.710998670438903,14.441962745626759
05/17/2023 13:13:30.483656,294,True,True,True,True,Eyes,0.4085571,0.1311574,-3.086115,0.7662132,-0.1860415,0.6150658,0.0,0.0,0.0,0.0,0.0,0.0,0.0,-2.604976,0.1892718,1.470808,0.2839986,0.1325377,-2.98107,0.1340182,0.4542403,-0.1091694,0.8739491,19.477,54.20554,355.799,0.144588,0.04186773,-0.9886054,0.0,0.0,0.0,1.070981,-0.03518217,-2.580053,0.1788335,0.09246347,0.8461617,0.5634956,-0.069064,-0.8232271,0.3125699,0.9402423,0.1350719,0.7647044,-0.3334284,0.5514098,moving,-3.5785191745558698,8.50706221213691,11.9336613568496,6.2361955793649875,0.7869824,-0.16771987,0.40101699999999996,-0.06173224947337591,0.14764917576042122,0.987111389954728,-2.16096008571777,9.318273146299008,15.568900543707649,15.677518301783346,14.427666330279399
05/17/2023 13:13:30.504091,295,True,True,True,True,Eyes,0.4036501,0.1310398,-3.081532,0.7713653,-0.187607,0.6081111,0.0,0.0,0.0,0.0,0.0,0.0,0.0,-2.609894,0.173914,1.44943,0.2789214,0.1322056,-2.974452,0.1332301,0.4582343,-0.1116582,0.8716671,19.54797,54.70066,355.5842,0.1432434,0.04189071,-0.9888002,0.0,0.0,0.0,1.073577,-0.03753714,-2.580048,0.1780755,0.09202772,0.8495468,0.5551075,-0.07255636,-0.828608,0.3167588,0.9395643,0.1299334,0.7691031,-0.3345959,0.5445421,moving,-3.5985660861004796,8.474315935687985,11.838504798981434,6.182495761827264,0.7946556,-0.16974274,0.39440399999999975,-0.06208292296317558,0.14708177308198267,0.9871740399441777,-2.176576342472153,9.30696729758263,15.499420177481614,15.606267882500246,14.359137222663257
05/17/2023 13:13:30.523648,296,True,True,True,True,Eyes,0.3987234,0.130921,-3.076863,0.776449,-0.1891583,0.6011207,0.0,0.0,0.0,0.0,0.0,0.0,0.0,-2.614175,0.1644503,1.428025,0.2734289,0.1314324,-2.967856,0.1327958,0.4621406,-0.1130655,0.869487,19.59886,55.20489,355.5022,0.1418967,0.04191465,-0.9889933,0.0,0.0,0.0,1.075991,-0.03972713,-2.580043,0.1767447,0.09226351,0.853118,0.5472845,-0.07387734,-0.8336797,0.3193587,0.939163,0.1264241,0.7736211,-0.3354328,0.5375828,moving,-3.6066290713070783,8.429679768420511,11.704665954177582,6.1724678110907,0.8025621,-0.17115953,0.38781299999999996,-0.06222903310680583,0.14631134486451422,0.9872793656462738,-2.1889842151105916,9.290293665406288,15.37124428234448,15.476781357173204,14.239183722545336
05/17/2023 13:13:30.533691,297,True,True,True,True,Eyes,0.3937945,0.1308095,-3.072118,0.7814865,-0.1906781,0.5940713,0.0,0.0,0.0,0.0,0.0,0.0,0.0,-2.618157,0.1599717,1.406319,0.2681858,0.1312597,-2.961235,0.1328267,0.4659553,-0.1134712,0.867391,19.64373,55.71797,355.5505,0.1405485,0.0419395,-0.9891847,0.0,0.0,0.0,1.079182,-0.04262161,-2.580037,0.1767786,0.0916273,0.85716,0.5400199,-0.07306506,-0.8384749,0.3206304,0.9389627,0.1246804,0.7781869,-0.3361704,0.5304853,moving,-3.6024456502262105,8.3882308166398,11.653157745643348,6.101541306609333,0.8109962000000002,-0.17388131,0.3811979999999999,-0.06216356259149536,0.14559768270293788,0.9873889827535135,-2.1951269202025223,9.274045558810636,15.322668779263873,15.426029427151699,14.207032463415336
05/17/2023 13:13:30.553153,298,True,True,True,True,Eyes,0.388851,0.1307267,-3.067299,0.7864844,-0.1922411,0.5869291,0.0,0.0,0.0,0.0,0.0,0.0,0.0,-2.622733,0.1566903,1.382966,0.2632509,0.1313762,-2.954541,0.1330832,0.469961,-0.1136614,0.8651628,19.70091,56.26456,355.6394,0.1391979,0.04196554,-0.9893745,0.0,0.0,0.0,1.081139,-0.04439727,-2.580034,0.1749266,0.0935823,0.8599657,0.5324356,-0.07158338,-0.8434383,0.3217591,0.9387399,0.1234445,0.7829326,-0.3371102,0.522851,moving,-3.6231227997982884,8.35647815297367,11.497735238296606,6.210544039161151,0.8178881,-0.17577347,0.3745069999999999,-0.06252500535100253,0.14504718844403003,0.9874472427576668,-2.2108401877667294,9.263163948971615,15.167760171341518,15.272373130232358,14.044341512717455
05/17/2023 13:13:30.568834,299,True,True,True,True,Eyes,0.3838969,0.1306429,-3.062404,0.7914521,-0.1938224,0.5796867,0.0,0.0,0.0,0.0,0.0,0.0,0.0,-2.62804,0.1523544,1.358259,0.258089,0.1319682,-2.94799,0.1335619,0.4742314,-0.1142964,0.8626716,19.80659,56.84647,355.7013,0.1378449,0.04199366,-0.9895627,0.0,0.0,0.0,1.083672,-0.04669521,-2.580029,0.1723517,0.09695488,0.8632418,0.5240819,-0.070522,-0.8487431,0.323879,0.9381951,0.1220343,0.7876805,-0.338846,0.5145317,moving,-3.6827358586035426,8.367810171698498,11.290998380813434,6.408311225178799,0.825583,-0.17866341000000002,0.36796099999999976,-0.0635506068659315,0.145233063843484,0.9873544941036456,-2.2361101938367876,9.271438952974382,14.993183480138391,15.101402358526181,13.82679162987739
05/17/2023 13:13:30.583688,300,True,True,True,True,Eyes,0.3789259,0.1305645,-3.057441,0.7963622,-0.1953325,0.5724094,0.0,0.0,0.0,0.0,0.0,0.0,0.0,-2.633692,0.1509608,1.331351,0.2529189,0.1318618,-2.941133,0.1344118,0.4787134,-0.114682,0.8600088,19.93722,57.46846,355.8173,0.1364891,0.04202376,-0.9897494,0.0,0.0,0.0,1.086335,-0.0491115,-2.580024,0.1686073,0.1006487,0.8670135,0.515363,-0.06856564,-0.8542246,0.3259446,0.937563,0.121391,0.7925662,-0.3409903,0.5055339,moving,-3.77636753405889,8.408478754215077,11.004899809075514,6.621637085582648,0.8334161,-0.1809733,0.36110900000000035,-0.06515738743813437,0.1459186884816106,0.9871485762373833,-2.271347506234663,9.29324988794152,14.776559247672097,14.888877305491262,13.542387446200486
05/17/2023 13:13:30.603593,301,True,True,True,True,Eyes,0.3739599,0.1305909,-3.052419,0.801284,-0.1969186,0.5649487,0.0,0.0,0.0,0.0,0.0,0.0,0.0,-2.63667,0.1507463,1.309508,0.2475708,0.1318899,-2.934429,0.134675,0.4824682,-0.114091,0.8579454,19.94867,57.99636,355.9851,0.13513,0.04205589,-0.9899344,0.0,0.0,0.0,1.088917,-0.05145377,-2.580019,0.1653297,0.1024806,0.8711429,0.5084154,-0.06581488,-0.8585933,0.3257204,0.9376918,0.120997,0.7971324,-0.3411781,0.4981741,moving,-3.7500614761977746,8.337671395287657,10.746067376406204,6.709395671494254,0.8413461999999999,-0.18334367000000001,0.3544100000000001,-0.06471583196006286,0.1447028013460336,0.9873565605646104,-2.2730101968643908,9.264237245534613,14.47574686241566,14.587290137101974,13.267388451661555
05/17/2023 13:13:30.613488,302,True,True,True,True,Eyes,0.369011,0.1306111,-3.047326,0.806235,-0.1985727,0.5572739,0.0,0.0,0.0,0.0,0.0,0.0,0.0,-2.63683,0.136649,1.296075,0.2428948,0.1344054,-2.928189,0.133044,0.4853379,-0.1145421,0.8565201,19.82162,58.36055,355.9115,0.1337674,0.04209336,-0.9901179,0.0,0.0,0.0,1.091594,-0.05388242,-2.580014,0.1629112,0.1040311,0.8750809,0.5026544,-0.06707268,-0.8618817,0.3253579,0.9383588,0.1167265,0.800925,-0.3390931,0.4934928,moving,-3.57475396516399,8.123103027667257,10.545856992977471,6.77960045208789,0.8486992,-0.18828782,0.34817500000000035,-0.06172757814629326,0.14103098027725414,0.9880790255489337,-2.2339888771973317,9.170053587690262,14.07643432033975,14.184380599863117,13.001489401562237
05/17/2023 13:13:30.634062,303,True,True,True,True,Eyes,0.3640428,0.1305603,-3.042175,0.8110939,-0.2001307,0.549613,0.0,0.0,0.0,0.0,0.0,0.0,0.0,-2.641923,0.118272,1.270634,0.2383816,0.1343212,-2.921197,0.1314625,0.490024,-0.1164445,0.8538355,19.79256,58.95905,355.733,0.1324028,0.04213553,-0.9902995,0.0,0.0,0.0,1.094157,-0.05620786,-2.58001,0.1613383,0.1049475,0.8791654,0.4926344,-0.07000929,-0.8674158,0.3276884,0.9383166,0.1103735,0.8061835,-0.3386158,0.4851882,moving,-3.6565317271353055,7.986522472706091,10.398818151153298,6.807284898776261,0.8557754000000001,-0.19052906,0.3411869999999997,-0.06315911827008491,0.13866276515912948,0.9883236437556624,-2.298276354345848,9.122778017827391,13.997597616737664,14.104731881779086,12.906499032113619
05/17/2023 13:13:30.654101,304,True,True,True,True,Eyes,0.3591006,0.1305154,-3.036995,0.8158966,-0.2016753,0.5418855,0.0,0.0,0.0,0.0,0.0,0.0,0.0,-2.643059,0.1168461,1.251901,0.2329734,0.1325471,-2.914588,0.1311876,0.4932915,-0.1161673,0.852032,19.76486,59.41035,355.8241,0.1310347,0.04217974,-0.9904796,0.0,0.0,0.0,1.096781,-0.05858825,-2.580005,0.1600612,0.1052785,0.8832338,0.4863372,-0.06852899,-0.8710798,0.327384,0.9385899,0.1089434,0.8101209,-0.3381608,0.4789065,moving,-3.553875800047203,7.880915213114407,10.271765087318734,6.797393299686181,0.8638076,-0.19113535,0.3345830000000003,-0.061403833025727717,0.13685587834139773,0.9886860581018899,-2.271524435460725,9.075349020629048,13.763843707552502,13.86803395161996,12.748458507554759
05/17/2023 13:13:30.663713,305,True,True,True,True,Eyes,0.3542111,0.1304713,-3.031751,0.820664,-0.2030359,0.5341226,0.0,0.0,0.0,0.0,0.0,0.0,0.0,-2.644843,0.1073328,1.23353,0.228572,0.132666,-2.908344,0.1298664,0.4967198,-0.1161802,0.850239,19.64875,59.86485,355.826,0.1296642,0.04222603,-0.990658,0.0,0.0,0.0,1.099252,-0.06082935,-2.58,0.1583204,0.1060484,0.8870759,0.4795432,-0.06854751,-0.8748369,0.3265763,0.9392738,0.1054169,0.8144853,-0.3362529,0.4728084,moving,-3.459890007557706,7.692027404275204,10.119287851492356,6.817257929057966,0.8706799999999999,-0.19349535,0.32834399999999997,-0.059808690776047,0.13360867856049097,0.989227764944224,-2.264985037645352,8.99639316308845,13.50616950623078,13.607324974530714,12.574531615961858
05/17/2023 13:13:30.683995,306,True,True,True,True,Eyes,0.3493725,0.1304316,-3.026466,0.8254151,-0.2043522,0.5262414,0.0,0.0,0.0,0.0,0.0,0.0,0.0,-2.648132,0.09520939,1.21036,0.2249792,0.1326165,-2.901455,0.128005,0.5008643,-0.1159402,0.84812,19.46724,60.41433,355.8375,0.1282932,0.0422743,-0.9908344,0.0,0.0,0.0,1.101875,-0.06320892,-2.579995,0.1557093,0.10725,0.8911701,0.4713855,-0.06843615,-0.8792681,0.3248886,0.9403452,0.1009865,0.8199043,-0.3332678,0.4654992,moving,-3.4476720079556764,7.433765964875867,9.910931964642113,6.86239431782586,0.8768958,-0.19582542,0.3214600000000001,-0.05963327899323301,0.12914973705820149,0.989830357930652,-2.3096420420029284,8.896061732800883,13.272297116331659,13.370817688374862,12.388633185570539
05/17/2023 13:13:30.703681,307,True,True,True,True,Eyes,0.3445872,0.1303584,-3.021146,0.830107,-0.2055389,0.5183399,0.0,0.0,0.0,0.0,0.0,0.0,0.0,-2.651212,0.08972359,1.187714,0.2213556,0.1326604,-2.895003,0.1268789,0.5047798,-0.1148268,0.8461169,19.30723,60.95456,355.9763,0.1269223,0.04232458,-0.9910088,0.0,0.0,0.0,1.104445,-0.06554116,-2.579991,0.1539194,0.1079689,0.8956218,0.4640243,-0.06622202,-0.8833436,0.3224057,0.9414331,0.09878429,0.8250673,-0.3306333,0.4581982,moving,-3.4134557975209,7.21269884144936,9.751455786794935,6.873943419132763,0.8830893999999999,-0.19820156,0.31501199999999985,-0.05907130829984791,0.1253338819538974,0.9903545432643457,-2.3369172872072665,8.808622453339465,13.073557768899068,13.169269237850754,12.242211668716582
05/17/2023 13:13:30.713602,308,True,True,True,True,Eyes,0.3398625,0.1302671,-3.015812,0.8346885,-0.2068199,0.5104123,0.0,0.0,0.0,0.0,0.0,0.0,0.0,-2.654377,0.08993,1.16435,0.2178797,0.1317402,-2.888717,0.1266377,0.5085718,-0.1135589,0.8440509,19.22527,61.494,356.181,0.1255534,0.04237561,-0.991181,0.0,0.0,0.0,1.10693,-0.06779528,-2.579986,0.1536218,0.1085682,0.8998129,0.4569181,-0.06289021,-0.8872826,0.3205078,0.9421344,0.09827167,0.8297594,-0.3292831,0.4506352,moving,-3.378684164296857,7.06767640162582,9.688490028679077,6.879846527142614,0.8890503,-0.19953548,0.3087310000000003,-0.058488715965548055,0.12283099602294818,0.9907026272198243,-2.3491291679032997,8.750453369347458,12.974456554014912,13.068524073181509,12.182095299250951
05/17/2023 13:13:30.743785,309,True,True,True,True,Eyes,0.3351966,0.130148,-3.010455,0.8391403,-0.2081366,0.5025163,0.0,0.0,0.0,0.0,0.0,0.0,0.0,-2.657201,0.08879462,1.14218,0.2145378,0.1312405,-2.882694,0.1268416,0.5121372,-0.1132672,0.8419009,19.24407,61.99902,356.3077,0.1241872,0.04242676,-0.9913509,0.0,0.0,0.0,1.109599,-0.07021666,-2.579981,0.1540624,0.1087263,0.9040349,0.449772,-0.06079894,-0.8910716,0.3206402,0.9421635,0.09755943,0.8336037,-0.3295929,0.4432533,moving,-3.332821880104442,7.018635765448662,9.671233208563828,6.857899644091292,0.8950612,-0.20145716000000002,0.3027129999999998,-0.05770172726699335,0.12198857470115566,0.9908527728286002,-2.3375396962374837,8.728547368102857,12.912228199543748,13.005048437042753,12.153598215608403
05/17/2023 13:13:30.763864,310,True,True,True,True,Eyes,0.3305877,0.1299943,-3.005075,0.8434263,-0.2095557,0.4946903,0.0,0.0,0.0,0.0,0.0,0.0,0.0,-2.658841,0.08773404,1.122257,0.211417,0.1304377,-2.876609,0.1275409,0.5152186,-0.1138543,0.8398336,19.36263,62.43598,356.365,0.1228256,0.04247713,-0.9915183,0.0,0.0,0.0,1.112095,-0.07248046,-2.579977,0.155572,0.1079775,0.9080979,0.443174,-0.05981442,-0.8944379,0.3226601,0.9415411,0.09690656,0.8363536,-0.3315459,0.4365663,moving,-3.243447420202985,7.063397187569181,9.721331100625578,6.780924576575554,0.9006780000000001,-0.20291816,0.29663200000000023,-0.05615057404403434,0.1227735067444048,0.9908449863245394,-2.2876297353243373,8.739939087233296,12.876573107104111,12.96785536895362,12.167698147650873
05/17/2023 13:13:30.773715,311,True,True,True,True,Eyes,0.3260631,0.1298377,-2.999667,0.8475645,-0.2109736,0.4869543,0.0,0.0,0.0,0.0,0.0,0.0,0.0,-2.659152,0.08554387,1.105618,0.2081283,0.1295083,-2.870664,0.1277655,0.5178773,-0.1143232,0.8380985,19.4249,62.80826,356.3952,0.1214692,0.04252567,-0.9916833,0.0,0.0,0.0,1.11482,-0.07495315,-2.579971,0.1564775,0.1063525,0.9122099,0.4374667,-0.0592945,-0.8972775,0.3239619,0.9412124,0.09574942,0.8388512,-0.332571,0.4309582,moving,-3.0983771933392634,7.0543097930141725,9.733598352482376,6.649964145352173,0.9066916999999999,-0.20446145,0.2906930000000001,-0.053642558708866805,0.12263328182292847,0.9910012542525888,-2.2225341457376215,8.726927185513837,12.750685860465186,12.838344589990868,12.135191790210403
05/17/2023 13:13:30.783637,312,True,True,True,True,Eyes,0.3216366,0.1296907,-2.994239,0.8515752,-0.2124946,0.4792345,0.0,0.0,0.0,0.0,0.0,0.0,0.0,-2.65819,0.08270267,1.091613,0.2056584,0.1292949,-2.86451,0.1281329,0.5200046,-0.1150716,0.8366216,19.51618,63.10592,356.3939,0.12012,0.04257252,-0.9918457,0.0,0.0,0.0,1.117204,-0.07711542,-2.579967,0.1565968,0.1045217,0.9161921,0.4327074,-0.05928341,-0.8995831,0.3258022,0.940681,0.09472193,0.8406054,-0.334073,0.4263543,moving,-2.8896985808886995,7.071255803167564,9.699344767589595,6.508321540110792,0.9115456000000001,-0.20641031999999998,0.2845430000000002,-0.050030885738224284,0.12294945992575973,0.9911510092062978,-2.123051276832439,8.719778510335724,12.518337226687096,12.60162320553939,12.02745152400633
05/17/2023 13:13:30.793454,313,True,True,True,True,Eyes,0.3172994,0.1295312,-2.988787,0.8554667,-0.2139688,0.4715869,0.0,0.0,0.0,0.0,0.0,0.0,0.0,-2.658539,0.0775305,1.074618,0.2035646,0.12942,-2.858401,0.1279729,0.5226781,-0.1154859,0.8349213,19.53719,63.47599,356.4066,0.1187797,0.04261819,-0.9920051,0.0,0.0,0.0,1.119832,-0.07949984,-2.579962,0.1567261,0.1038973,0.9203409,0.4269412,-0.05906601,-0.9023483,0.3266206,0.9405719,0.09297075,0.843232,-0.3344186,0.4208611,moving,-2.752520161137718,7.015769866320514,9.664269122953455,6.440852824511927,0.9162674,-0.20891984000000002,0.2784390000000001,-0.0476633240906581,0.12200371091827106,0.9913846017024572,-2.070627829584825,8.68940255947329,12.349641171907678,12.430091943766277,11.94837990680272
05/17/2023 13:13:30.813692,314,True,True,True,True,Eyes,0.3130558,0.1293595,-2.983341,0.8591844,-0.2155157,0.4640637,0.0,0.0,0.0,0.0,0.0,0.0,0.0,-2.658117,0.07504296,1.058996,0.2014039,0.1289593,-2.852279,0.128068,0.5250521,-0.1157176,0.8333836,19.57102,63.81091,356.4471,0.1174501,0.0426624,-0.9921615,0.0,0.0,0.0,1.122476,-0.0818985,-2.579957,0.1581907,0.1039509,0.9243833,0.4218593,-0.05838956,-0.9047792,0.3273591,0.9404161,0.09194395,0.8455002,-0.3349751,0.4158376,moving,-2.5889060803185417,6.9715990020875,9.711018591561912,6.416202437041678,0.9210721000000001,-0.21085779999999998,0.27232199999999995,-0.04483627042123495,0.12125526711319148,0.991608207337738,-2.0038165208443806,8.661654358127594,12.233647812869485,12.312457605141152,11.928093562710504
05/17/2023 13:13:30.833677,315,True,True,True,True,Eyes,0.3089146,0.129164,-2.977894,0.8627739,-0.217092,0.4566095,0.0,0.0,0.0,0.0,0.0,0.0,0.0,-2.657226,0.08002719,1.045191,0.1993382,0.1285176,-2.846652,0.1290686,0.5269544,-0.1150968,0.8321137,19.6395,64.10476,356.6205,0.1161328,0.04270487,-0.9923148,0.0,0.0,0.0,1.125098,-0.084277,-2.579952,0.1610522,0.104403,0.9281955,0.4181437,-0.0555208,-0.9066826,0.3275737,0.9401881,0.09349786,0.847261,-0.336101,0.4113208,moving,-2.3778415620991717,6.967697676367695,9.843450531235353,6.4176289321428195,0.9257597999999999,-0.2127946,0.26670000000000016,-0.0411833627350337,0.1212068244300898,0.9917725600261724,-1.9072933286180584,8.64631499577208,12.15561628608915,12.233664866015177,11.960226704795272
05/17/2023 13:13:30.853771,316,True,True,True,True,Eyes,0.3048757,0.128949,-2.972473,0.8662096,-0.2188337,0.4492134,0.0,0.0,0.0,0.0,0.0,0.0,0.0,-2.65726,0.0845976,1.029175,0.1976902,0.1277513,-2.841124,0.1305613,0.5290762,-0.1152217,0.8305157,19.80308,64.43166,356.7565,0.1148295,0.04274496,-0.9924647,0.0,0.0,0.0,1.127676,-0.08661634,-2.579947,0.1640547,0.1046909,0.9319681,0.4136047,-0.05323306,-0.908899,0.3295405,0.9393554,0.09494427,0.8487251,-0.3387884,0.4060643,moving,-2.215796736805842,7.043860282181343,9.983517698605686,6.409345482433151,0.9299857999999999,-0.21436764000000003,0.261177,-0.03837193092309976,0.12253879107595189,0.9917216231011035,-1.8177740739413988,8.665044574730096,12.137909765695241,12.215804587710938,12.014935118250817
05/17/2023 13:13:30.870542,317,True,True,True,True,Eyes,0.3009405,0.1287362,-2.967039,0.8695345,-0.220677,0.4418273,0.0,0.0,0.0,0.0,0.0,0.0,0.0,-2.657504,0.08238956,1.013789,0.1960393,0.127158,-2.835892,0.1317156,0.5312403,-0.1168393,0.828724,20.02629,64.74373,356.7228,0.113541,0.04278225,-0.9926114,0.0,0.0,0.0,1.130228,-0.08893085,-2.579943,0.1659915,0.104759,0.9358404,0.4082648,-0.05370974,-0.9112821,0.3336003,0.9379991,0.0941723,0.8497239,-0.3424512,0.4008696,moving,-2.066416824948048,7.167466101142924,10.05803658229584,6.387162149790018,0.9341887,-0.21608885,0.25594899999999976,-0.035776552859457966,0.12468998805608206,0.9915504995655082,-1.7248541654346234,8.702888353020061,12.072180353867724,12.149536809316018,12.008293060267906
05/17/2023 13:13:30.883823,318,True,True,True,True,Eyes,0.2971006,0.1285254,-2.961628,0.8727335,-0.2225949,0.4344971,0.0,0.0,0.0,0.0,0.0,0.0,0.0,-2.658543,0.07157415,0.9952126,0.1946565,0.1270612,-2.830086,0.1321446,0.5340522,-0.119631,0.826447,20.25504,65.12337,356.5416,0.1122696,0.04281704,-0.9927545,0.0,0.0,0.0,1.132685,-0.09116018,-2.579938,0.1662626,0.1046626,0.9397357,0.4009533,-0.05659312,-0.9143487,0.3388816,0.9364524,0.09064262,0.8511143,-0.3461995,0.394652,moving,-2.0081330605356302,7.282651828464186,10.033219193001395,6.3550987271116535,0.9380284999999999,-0.21822138000000002,0.25014800000000026,-0.03475901797125952,0.1266876723484455,0.9913334584191522,-1.6755614142676012,8.743458736560275,12.000347129383414,12.07702442034419,11.949887315112722
05/17/2023 13:13:30.903830,319,True,True,True,True,Eyes,0.29336,0.1283171,-2.956205,0.8758304,-0.224548,0.4271995,0.0,0.0,0.0,0.0,0.0,0.0,0.0,-2.658432,0.06056187,0.9796834,0.1929187,0.1270372,-2.824421,0.1322488,0.536492,-0.1221939,0.8244727,20.43736,65.44738,356.3539,0.1110163,0.04284963,-0.9928941,0.0,0.0,0.0,1.135399,-0.09362249,-2.579933,0.1661223,0.1044218,0.9443079,0.3944899,-0.05959033,-0.916966,0.343392,0.9351578,0.08695885,0.852326,-0.3491831,0.3893732,moving,-1.8975396308739685,7.353059508782415,9.977362932588365,6.31014460553582,0.9424803,-0.22065969,0.24448800000000004,-0.032840253341619,0.12791408531108928,0.9912414495005217,-1.6108774871280784,8.763343220696498,11.845673703732627,11.920611661619471,11.845062240046534
05/17/2023 13:13:30.913804,320,True,True,True,True,Eyes,0.2897237,0.128114,-2.950794,0.8788751,-0.2264641,0.4198718,0.0,0.0,0.0,0.0,0.0,0.0,0.0,-2.65859,0.05000566,0.9627903,0.1916229,0.1269404,-2.81864,0.1322199,0.5390917,-0.1243592,0.8224555,20.58349,65.79716,356.2025,0.1097816,0.04288032,-0.99303,0.0,0.0,0.0,1.137836,-0.09583326,-2.579929,0.166719,0.1045332,0.9485068,0.3878299,-0.06200248,-0.9196433,0.3471171,0.9341053,0.08340795,0.8538722,-0.351572,0.3837961,moving,-1.805008160058733,7.3895426814789635,9.969044337155168,6.2890829706891145,0.9462131,-0.22277366,0.2387109999999999,-0.03123677440249678,0.12855182212030838,0.9912105989034502,-1.56112434603035,8.771337662609286,11.751466980053761,11.82536780748153,11.794336701072755
05/17/2023 13:13:30.933630,321,True,True,True,True,Eyes,0.2861929,0.127901,-2.945368,0.8818256,-0.2283526,0.4126001,0.0,0.0,0.0,0.0,0.0,0.0,0.0,-2.658789,0.04198441,0.9453604,0.1903536,0.1269452,-2.812877,0.1321871,0.5417537,-0.1257162,0.8205029,20.67915,66.16566,356.1342,0.108567,0.04290944,-0.9931623,0.0,0.0,0.0,1.140497,-0.09824697,-2.579924,0.1683374,0.1049055,0.953114,0.3813967,-0.06307535,-0.9222571,0.3495268,0.933444,0.08070539,0.8557849,-0.3531343,0.378059,moving,-1.7215981434706646,7.378487885171122,10.016188745950878,6.281038010451801,0.9501434000000001,-0.22519217000000002,0.23295299999999974,-0.029794485773896817,0.1283662524229651,0.9912792417469876,-1.524831978663432,8.761609542206097,11.715688225779695,11.788979484628756,11.80459209333922
05/17/2023 13:13:30.953697,322,True,True,True,True,Eyes,0.2827772,0.127681,-2.939949,0.8847148,-0.2301352,0.4053609,0.0,0.0,0.0,0.0,0.0,0.0,0.0,-2.658289,0.03687346,0.9291632,0.1894069,0.1265092,-2.807013,0.1322798,0.5441032,-0.1265735,0.8187998,20.75419,66.49775,356.1168,0.1073732,0.04293683,-0.9932908,0.0,0.0,0.0,1.143097,-0.1006058,-2.579919,0.1696892,0.1062568,0.9573775,0.3758617,-0.06332909,-0.9245093,0.3512245,0.9329624,0.07888319,0.8575369,-0.3543595,0.3729076,moving,-1.5978722730904673,7.356985193056278,10.050936390245024,6.333187629125129,0.9536901,-0.22711499999999998,0.22709400000000013,-0.02765513573898426,0.12800208330369275,0.9913882221431034,-1.471991825586437,8.745212130347834,11.620351089853113,11.693712187620806,11.772669062778562
05/17/2023 13:13:30.971192,323,True,True,True,True,Eyes,0.2794744,0.1274519,-2.934512,0.8875264,-0.2318752,0.3981594,0.0,0.0,0.0,0.0,0.0,0.0,0.0,-2.657884,0.02796215,0.9133105,0.1887087,0.1261787,-2.80138,0.1317657,0.5465093,-0.1277035,0.8171032,20.7882,66.82432,356.0334,0.1062021,0.04296239,-0.9934156,0.0,0.0,0.0,1.145541,-0.1028233,-2.579915,0.1711809,0.1075576,0.9618123,0.370039,-0.06467156,-0.9267626,0.3527162,0.9326592,0.07574997,0.8594548,-0.3549145,0.3679309,moving,-1.4779762836540746,7.295483626851199,10.091687455688263,6.38076552744402,0.9568322999999999,-0.229002,0.2214649999999998,-0.025584024706976072,0.1269448638126821,0.9915798435384477,-1.4287054727127368,8.713650745834492,11.532469162579973,11.605767025183471,11.754225055993121
05/17/2023 13:13:30.983906,324,True,True,True,True,Eyes,0.2762779,0.1272219,-2.92906,0.8903006,-0.2335277,0.3909342,0.0,0.0,0.0,0.0,0.0,0.0,0.0,-2.657453,0.01492594,0.8963084,0.1881787,0.1257656,-2.795429,0.1307593,0.549161,-0.1293326,0.8152286,20.80853,67.17276,355.8741,0.1050548,0.04298601,-0.9935367,0.0,0.0,0.0,1.148142,-0.1051831,-2.57991,0.1727383,0.1076737,0.9665432,0.3633906,-0.06725553,-0.9292061,0.354487,0.9323502,0.07114848,0.8615604,-0.3552462,0.3626485,moving,-1.3876906578695365,7.2223975094676,10.13278874005885,6.356587597300233,0.9599633,-0.2309487,0.21551900000000002,-0.02402536345061068,0.12568475566786563,0.9917792183046914,-1.4013227228258267,8.679565868610043,11.480851949494337,11.552968119150146,11.765710997947604
05/17/2023 13:13:31.003531,325,True,True,True,True,Eyes,0.2731897,0.126976,-2.923575,0.8929982,-0.235156,0.3837393,0.0,0.0,0.0,0.0,0.0,0.0,0.0,-2.656878,0.00140743,0.8794612,0.1875962,0.1255577,-2.789533,0.1297155,0.5518161,-0.1310123,0.813332,20.82979,67.52161,355.7076,0.1039317,0.04300786,-0.9936538,0.0,0.0,0.0,1.150826,-0.1076181,-2.579905,0.1737023,0.1074788,0.9713581,0.3566696,-0.06995465,-0.931608,0.3562712,0.9320193,0.06641426,0.8636307,-0.3555929,0.3573458,moving,-1.3016112488699214,7.151699779168757,10.138704217828941,6.313977883189097,0.9632297999999999,-0.2331758,0.20962799999999993,-0.02253881174106237,0.12446521119383419,0.9919679395381211,-1.3754136175265952,8.646677172611037,11.40049348473492,11.470945730522525,11.74803794262353
05/17/2023 13:13:31.018956,326,True,True,True,True,Eyes,0.2702109,0.1267128,-2.918078,0.8956363,-0.2366669,0.3765959,0.0,0.0,0.0,0.0,0.0,0.0,0.0,-2.65601,-0.008483112,0.8614936,0.1871749,0.1249567,-2.78316,0.129177,0.5544711,-0.1323515,0.8113927,20.87907,67.88474,355.6094,0.1028345,0.04302761,-0.9937671,0.0,0.0,0.0,1.153302,-0.1098642,-2.5799,0.1738057,0.1079744,0.9764799,0.3500897,-0.07152821,-0.9339812,0.3580279,0.9315928,0.06285642,0.8655941,-0.3563967,0.3517501,moving,-1.2271960651578022,7.116374898528568,10.092500640137567,6.309855484519543,0.9661271,-0.2348209,0.20326000000000022,-0.021252065783351315,0.12385710122382995,0.9920724991181238,-1.3479929577637277,8.628185321360723,11.278959866328512,11.348392267852232,11.673026471143144
05/17/2023 13:13:31.033770,327,True,True,True,True,Eyes,0.2673427,0.126438,-2.912555,0.8981941,-0.2381252,0.3695182,0.0,0.0,0.0,0.0,0.0,0.0,0.0,-2.654671,-0.01474908,0.8454975,0.1867965,0.1243131,-2.777051,0.1288873,0.5567554,-0.1330935,0.8097516,20.91205,68.20546,355.5777,0.1017638,0.04304487,-0.9938766,0.0,0.0,0.0,1.155843,-0.1121695,-2.579895,0.1734885,0.1093596,0.9814573,0.3446191,-0.072028,-0.9359753,0.3590628,0.9313484,0.06053231,0.867359,-0.3569344,0.346823,moving,-1.1070403242039886,7.07225590387768,10.024406027454678,6.357997855558161,0.9690464999999999,-0.2364826,0.1971560000000001,-0.019173355093725697,0.1230983137879298,0.992209221826782,-1.3012021606344037,8.603305920244344,11.085432808804153,11.15433827886909,11.546030016220088
05/17/2023 13:13:31.053555,328,True,True,True,True,Eyes,0.2645865,0.126143,-2.907002,0.9006385,-0.2395076,0.3626106,0.0,0.0,0.0,0.0,0.0,0.0,0.0,-2.652982,-0.02297409,0.8299861,0.1866389,0.1237763,-2.770842,0.1282467,0.5590014,-0.1339368,0.8081654,20.91796,68.51355,355.5112,0.1007208,0.04305951,-0.9939822,0.0,0.0,0.0,1.158439,-0.1145238,-2.579891,0.1749124,0.1085262,0.9867751,0.3391566,-0.07310588,-0.9378851,0.3598664,0.9312274,0.05754745,0.8691773,-0.3570308,0.3421403,moving,-0.9883201799651901,7.005148839155511,10.051648998805588,6.276204967361587,0.9718001000000001,-0.23830010000000001,0.1909510000000001,-0.017119866762365987,0.12194066632824363,0.9923897568142435,-1.259549271058325,8.569661331302527,10.997525965057468,11.064008253631892,11.541366833849168
05/17/2023 13:13:31.071226,329,True,True,True,True,Eyes,0.261944,0.1258332,-2.901413,0.9030132,-0.2408454,0.3557536,0.0,0.0,0.0,0.0,0.0,0.0,0.0,-2.651248,-0.03408545,0.8141025,0.1866712,0.1229972,-2.76461,0.1271345,0.5613592,-0.1350527,0.8065194,20.89761,68.82705,355.3886,0.09970524,0.04307114,-0.9940841,0.0,0.0,0.0,1.160997,-0.1168445,-2.579886,0.178144,0.1036053,0.9924128,0.3332731,-0.07510903,-0.9398339,0.3605815,0.9311952,0.05344664,0.8711544,-0.356699,0.3374252,moving,-0.8836215039591665,6.913093466673061,10.176552607768908,5.959939965647779,0.9743258,-0.2398417,0.18472399999999967,-0.015309403014695855,0.12034959675335133,0.9926135031969892,-1.2292170051208084,8.527321142656005,11.040708023389877,11.101168991518716,11.691151635761747
05/17/2023 13:13:31.083562,330,True,True,True,True,Eyes,0.2594128,0.125498,-2.895796,0.9052677,-0.2422085,0.3490351,0.0,0.0,0.0,0.0,0.0,0.0,0.0,-2.649051,-0.04780491,0.7982773,0.1868191,0.1223704,-2.758101,0.1258151,0.5637362,-0.1366198,0.8048025,20.88833,69.13597,355.2079,0.09871905,0.04307958,-0.9941822,0.0,0.0,0.0,1.16367,-0.1192695,-2.579881,0.1775197,0.10293,0.9974241,0.3270732,-0.07805077,-0.9417703,0.361757,0.9310112,0.04847769,0.8730149,-0.3565477,0.3327442,moving,-0.791604698372664,6.8297559687878335,10.091726580136797,5.891829364104966,0.9768509,-0.24163990000000002,0.17822000000000005,-0.013717650180506191,0.11890845333287282,0.9928104919706779,-1.2030324689032639,8.489172036904453,10.865661859889787,10.923671820114073,11.58955438900985
05/17/2023 13:13:31.103488,331,True,True,True,True,Eyes,0.2569973,0.1251379,-2.890125,0.9074569,-0.2435679,0.34234,0.0,0.0,0.0,0.0,0.0,0.0,0.0,-2.647013,-0.06204137,0.7811397,0.1869916,0.1214795,-2.751542,0.1245418,0.5662957,-0.1384062,0.8028962,20.90048,69.47166,355.0138,0.09776251,0.0430843,-0.9942765,0.0,0.0,0.0,1.166251,-0.1216109,-2.579876,0.1797438,0.1034546,1.00231,0.3203059,-0.08119667,-0.9438279,0.3633065,0.9306661,0.04323056,0.8748785,-0.3567458,0.3275971,moving,-0.7310141901825883,6.765940523095824,10.166760904106276,5.8929829613412865,0.9792593999999999,-0.24309039999999998,0.1716660000000001,-0.012669420701742096,0.11780422464360346,0.9929560278799969,-1.1875314736034097,8.460606547034045,10.87482189455613,10.932682969441997,11.64098991822955
05/17/2023 13:13:31.113340,332,True,True,True,True,Eyes,0.2546779,0.1247637,-2.884406,0.9095394,-0.2449584,0.335758,0.0,0.0,0.0,0.0,0.0,0.0,0.0,-2.64456,-0.07465467,0.7634286,0.1874266,0.1205633,-2.744528,0.1236639,0.5688154,-0.1401975,0.8009376,20.95209,69.8101,354.8459,0.09683599,0.04308486,-0.9943671,0.0,0.0,0.0,1.168854,-0.1239729,-2.579871,0.1811375,0.1006463,1.007446,0.3135873,-0.08389504,-0.9458459,0.3652627,0.9301038,0.03860108,0.8764965,-0.3575871,0.3223126,moving,-0.681062732050752,6.739356376599731,10.192802691834881,5.705057888095306,0.9814274000000001,-0.24453619999999998,0.16465700000000005,-0.01180438598139566,0.11734473871865973,0.9930210678598778,-1.169684529092934,8.44708692055299,10.868564081919386,10.92294477785629,11.688662843139447
05/17/2023 13:13:31.134030,333,True,True,True,True,Eyes,0.2524742,0.1243866,-2.878626,0.9115626,-0.2462917,0.3292327,0.0,0.0,0.0,0.0,0.0,0.0,0.0,-2.641045,-0.08719504,0.748968,0.1874764,0.1198866,-2.737546,0.1225451,0.5709292,-0.141814,0.7993194,20.96741,70.08667,354.6676,0.09593987,0.04308122,-0.9944542,0.0,0.0,0.0,1.171387,-0.1262705,-2.579867,0.181078,0.09651005,1.011941,0.3078575,-0.08678032,-0.9474667,0.3666386,0.9297429,0.03397378,0.8779522,-0.3578368,0.3180453,moving,-0.5729939014528779,6.685359519629056,10.14520543883366,5.447890988231155,0.9839106,-0.24615710000000002,0.1576789999999999,-0.009932472075154741,0.11641121962916633,0.993151509035689,-1.1303881829528715,8.419193052585003,10.740244444954653,10.789398753606191,11.660516604392214
05/17/2023 13:13:31.153521,334,True,True,True,True,Eyes,0.2503852,0.1239929,-2.872789,0.9135212,-0.2475682,0.3227831,0.0,0.0,0.0,0.0,0.0,0.0,0.0,-2.637281,-0.1008809,0.7338247,0.1881086,0.1194735,-2.730251,0.1211091,0.573115,-0.1432367,0.7977188,20.94086,70.37078,354.4882,0.09507523,0.04307378,-0.9945375,0.0,0.0,0.0,1.17388,-0.1285326,-2.579862,0.1809137,0.09233458,1.016653,0.302045,-0.08970628,-0.9490636,0.367344,0.9296317,0.02903982,0.8796746,-0.3574041,0.3137436,moving,-0.4734574545101907,6.592477377453412,10.090179313934442,5.189486605039039,0.9857714000000001,-0.2480061,0.1503890000000001,-0.00820866261669334,0.11480285282412049,0.9933543421094905,-1.1025962550703936,8.376872635865247,10.612222731056704,10.656397368863233,11.637768456521961
05/17/2023 13:13:31.171806,335,True,True,True,True,Eyes,0.2484095,0.1235848,-2.866895,0.9154417,-0.2487462,0.316373,0.0,0.0,0.0,0.0,0.0,0.0,0.0,-2.633857,-0.112755,0.7171918,0.1888318,0.1186968,-2.722965,0.1195919,0.5754936,-0.144077,0.7960821,20.8695,70.68836,354.3652,0.09424331,0.04306239,-0.9946172,0.0,0.0,0.0,1.176458,-0.1308706,-2.579857,0.1804612,0.09016918,1.021045,0.2960978,-0.09174553,-0.9507412,0.367043,0.9298792,0.0245791,0.8818194,-0.3562407,0.3090098,moving,-0.39828202638769516,6.4583775258368865,10.02304194549831,5.0467370626912755,0.9876262,-0.2495674,0.1431079999999998,-0.006907165040128838,0.11247872424334068,0.9936301529774694,-1.094058572625459,8.320264394620793,10.475337337010698,10.5164976168017,11.58904245927839
05/17/2023 13:13:31.183527,336,True,True,True,True,Eyes,0.2465545,0.1231616,-2.860937,0.9173249,-0.2499259,0.3099225,0.0,0.0,0.0,0.0,0.0,0.0,0.0,-2.63028,-0.1236887,0.7005606,0.1896311,0.1179511,-2.715619,0.1180967,0.5778472,-0.1446847,0.7944887,20.78513,71.00569,354.2654,0.09344474,0.043047,-0.9946933,0.0,0.0,0.0,1.17918,-0.1333403,-2.579852,0.1801009,0.08956984,1.025569,0.290318,-0.09341703,-0.9523596,0.3663844,0.930239,0.02044172,0.8840125,-0.3548643,0.3042917,moving,-0.3167255884819074,6.311837551426263,9.960193314666876,4.9913607037117105,0.9895489,-0.2512914,0.13576699999999997,-0.005494368352551238,0.10993799946119429,0.9939232021881507,-1.0850021164958077,8.258443604027754,10.32196514656105,10.361405370279021,11.518253895018747
05/17/2023 13:13:31.203418,337,True,True,True,True,Eyes,0.2448109,0.1227083,-2.854914,0.9191858,-0.2510741,0.3034128,0.0,0.0,0.0,0.0,0.0,0.0,0.0,-2.627941,-0.133635,0.6786647,0.1907915,0.1171451,-2.708209,0.1170172,0.5808973,-0.1452383,0.7923202,20.74241,71.43583,354.2188,0.09267945,0.04302752,-0.9947656,0.0,0.0,0.0,1.181797,-0.1357144,-2.579847,0.1805318,0.09126787,1.029378,0.2829285,-0.09420043,-0.954504,0.3661004,0.9304256,0.01669323,0.8865225,-0.3541672,0.2977307,moving,-0.3396659314096868,6.198611116589495,9.947341836225316,5.066773674651838,0.9910055,-0.2528595,0.1283620000000001,-0.005893596483027119,0.10797338517479975,0.9941363485109473,-1.1176230337777662,8.216311449843769,10.308643442142671,10.349086182188014,11.504478943948886
05/17/2023 13:13:31.213719,338,True,True,True,True,Eyes,0.2431699,0.1222414,-2.848837,0.9209882,-0.2522787,0.2968774,0.0,0.0,0.0,0.0,0.0,0.0,0.0,-2.626123,-0.1362324,0.6543055,0.1918003,0.1159536,-2.700549,0.1171845,0.5841053,-0.1451977,0.7899409,20.77868,71.91879,354.3222,0.09194821,0.0430034,-0.9948344,0.0,0.0,0.0,1.185064,-0.1386783,-2.579841,0.1823304,0.09191538,1.034027,0.2754775,-0.092499,-0.956847,0.3662912,0.9303709,0.01551617,0.8887873,-0.354759,0.2901778,moving,-0.4045111146848144,6.156598613526451,10.00019029787324,5.079710603948212,0.9932636999999999,-0.2546319,0.12070800000000004,-0.007019275575564754,0.10724361614404103,0.9942079934351935,-1.1556918096223292,8.20437116771186,10.41913876555758,10.46028198805658,11.58521511388889
05/17/2023 13:13:31.233574,339,True,True,True,True,Eyes,0.2416419,0.1217553,-2.842711,0.9227704,-0.2534629,0.2902609,0.0,0.0,0.0,0.0,0.0,0.0,0.0,-2.624198,-0.1380582,0.6313723,0.192732,0.1151244,-2.693271,0.1175404,0.5871106,-0.1451383,0.7876677,20.82961,72.37664,354.4359,0.09125105,0.04297464,-0.9948999,0.0,0.0,0.0,1.187074,-0.140502,-2.579838,0.1845735,0.09291928,1.036487,0.2684719,-0.09062292,-0.9590155,0.3666599,0.9302382,0.01474119,0.890777,-0.35559,0.2829706,moving,-0.44123781991505684,6.133411219936839,10.097162721787873,5.122773955532272,0.994342,-0.2556264,0.11343300000000012,-0.007656897514542849,0.10684075750145662,0.9942466833328373,-1.1771347394263316,8.197842589797256,10.544432555378581,10.586749910032246,11.686138384829327
05/17/2023 13:13:31.254021,340,True,True,True,True,Eyes,0.2402203,0.12126,-2.836535,0.9245213,-0.2546299,0.2835913,0.0,0.0,0.0,0.0,0.0,0.0,0.0,-2.622482,-0.1426499,0.6055444,0.1940014,0.1141685,-2.685847,0.117616,0.5905596,-0.1453866,0.7850279,20.8782,72.89499,354.5127,0.09058885,0.04294109,-0.9949618,0.0,0.0,0.0,1.189991,-0.1431479,-2.579832,0.1858791,0.09171622,1.040177,0.2602043,-0.08934659,-0.961411,0.3671835,0.9300584,0.01294475,0.8930118,-0.3563825,0.2748118,moving,-0.5377968054036021,6.103449617868452,10.131782166410867,5.038947331529552,0.9959896,-0.2573164,0.10601499999999975,-0.009332986810106192,0.10631930910407374,0.9942882607333876,-1.2274743482967172,8.19262548841688,10.680834083531934,10.72255009563519,11.788909808975337
05/17/2023 13:13:31.264154,341,True,True,True,True,Eyes,0.2388953,0.1207458,-2.830302,0.9262593,-0.2556902,0.2768866,0.0,0.0,0.0,0.0,0.0,0.0,0.0,-2.619822,-0.1526347,0.5807762,0.1951915,0.1134727,-2.678262,0.1165431,0.5940448,-0.1458116,0.7824752,20.83153,73.39718,354.4911,0.0899608,0.04290286,-0.9950204,0.0,0.0,0.0,1.191849,-0.1448339,-2.579829,0.1873077,0.0918019,1.042431,0.2516996,-0.08972435,-0.9636372,0.3666516,0.9303133,0.009146878,0.8956639,-0.3556213,0.267057,moving,-0.6186065294839286,5.985748973215459,10.186410375889839,5.032780838569417,0.9966575,-0.2583066,0.09843299999999999,-0.010737653487367105,0.10427508125409252,0.9944905070935204,-1.2876393605599947,8.152562526232924,10.8048799662581,10.846959877821234,11.89062046880671
05/17/2023 13:13:31.283699,342,True,True,True,True,Eyes,0.2376855,0.1202037,-2.82403,0.9279549,-0.2566793,0.2702138,0.0,0.0,0.0,0.0,0.0,0.0,0.0,-2.616177,-0.1641307,0.5583345,0.1962624,0.1125053,-2.670558,0.114887,0.5972525,-0.1462203,0.7801988,20.7279,73.84795,354.4208,0.0893679,0.04285987,-0.9950757,0.0,0.0,0.0,1.194502,-0.1472403,-2.579824,0.1895036,0.09167306,1.045598,0.2438182,-0.09092876,-0.9655489,0.3653949,0.9308412,0.004608462,0.8983536,-0.3539303,0.2601809,moving,-0.6515464347772099,5.81945175704854,10.272745054532297,5.0106089092685995,0.9982396,-0.2597456,0.09073400000000031,-0.011312789057730532,0.10138756510096114,0.994782709761068,-1.3352031299203921,8.090633100130981,10.912224834729038,10.954194233069126,12.0096215622823
05/17/2023 13:13:31.303603,343,True,True,True,True,Eyes,0.236608,0.1196854,-2.817687,0.9296422,-0.2575362,0.2635158,0.0,0.0,0.0,0.0,0.0,0.0,0.0,-2.612021,-0.1782561,0.5358791,0.1977903,0.1113737,-2.662719,0.1126883,0.6004655,-0.1467981,0.7779416,20.58669,74.28951,354.2943,0.0888114,0.04281166,-0.9951276,0.0,0.0,0.0,1.197175,-0.1496656,-2.579819,0.1906594,0.09358704,1.04838,0.2357832,-0.09306996,-0.9673389,0.3637316,0.9315033,-0.0009646584,0.9011691,-0.3516242,0.2534853,moving,-0.6762765032939387,5.623832897492439,10.307219385242558,5.1011721045970315,0.9993847000000001,-0.26103930000000003,0.08289999999999997,-0.011746174966129563,0.09799011240598489,0.9951181117964076,-1.3846923479105133,8.016865327721654,10.952638774361606,10.9959245285664,12.049982030991469
05/17/2023 13:13:31.318584,344,True,True,True,True,Eyes,0.235697,0.1194228,-2.811328,0.9312849,-0.2583376,0.2568465,0.0,0.0,0.0,0.0,0.0,0.0,0.0,-2.607181,-0.1948795,0.513697,0.1999686,0.1114397,-2.65459,0.1101876,0.6036362,-0.1474209,0.7757249,20.42175,74.72057,354.1395,0.0882915,0.04275959,-0.9951761,0.0,0.0,0.0,1.199692,-0.1519488,-2.579814,0.1913879,0.09713221,1.051062,0.227781,-0.09568962,-0.9689991,0.3617426,0.9322515,-0.007026542,0.9040233,-0.3489277,0.2469642,moving,-0.69265123489397,5.408259109793686,10.319922490155284,5.27990116947865,0.9997233999999999,-0.2633885,0.07477599999999995,-0.01203494358561602,0.0942449955453575,0.9954762910544712,-1.434216071785649,7.934859477975575,10.967382238764648,11.013321742802537,12.050252153094709
05/17/2023 13:13:31.334671,345,True,True,True,True,Eyes,0.2349166,0.1190798,-2.80486,0.9328848,-0.2593045,0.2499745,0.0,0.0,0.0,0.0,0.0,0.0,0.0,-2.600758,-0.2253915,0.497046,0.2030026,0.1174611,-2.647035,0.1061459,0.6063977,-0.1488197,0.7738655,20.16794,75.05813,353.7864,0.08780997,0.042713,-0.9952207,0.0,0.0,0.0,1.202297,-0.1543121,-2.579809,0.1911003,0.1006639,1.053801,0.220269,-0.1015996,-0.9701335,0.3590661,0.9331715,-0.01620257,0.9069472,-0.3447731,0.2420298,moving,-0.6142263147013379,5.103004046192036,10.278535129576897,5.456598525220776,0.9992943999999999,-0.2717732,0.06722599999999979,-0.010677581707580153,0.08894145463260786,0.995979684199559,-1.4575078587103092,7.81207729218813,10.850441388203318,10.898499022230265,11.97008710263043
05/17/2023 13:13:31.353597,346,True,True,True,True,Eyes,0.2342054,0.1188441,-2.798378,0.9343683,-0.2603644,0.2432411,0.0,0.0,0.0,0.0,0.0,0.0,0.0,-2.596808,-0.2374567,0.4624189,0.2055005,0.1151614,-2.637828,0.1065593,0.6109319,-0.1514797,0.769715,20.434,75.74051,353.69,0.08736762,0.04266859,-0.9952607,0.0,0.0,0.0,1.204951,-0.1567202,-2.579804,0.1918407,0.1034375,1.056912,0.2076322,-0.1029914,-0.9727702,0.3633934,0.931398,-0.02104689,0.9082038,-0.3491282,0.2308146,moving,-0.9090120822440303,5.274782565710125,10.287784705225869,5.58960310642714,0.9994505000000001,-0.2718816,0.05802399999999963,-0.015797422351741752,0.09192085975246826,0.9956409847685401,-1.5599305348919663,7.897602433548588,11.149469839249434,11.201221820531616,12.07042738700306
05/17/2023 13:13:31.368648,347,True,True,True,True,Eyes,0.233627,0.1186231,-2.791832,0.9357785,-0.2616149,0.2363813,0.0,0.0,0.0,0.0,0.0,0.0,0.0,-2.591859,-0.2310241,0.4506137,0.2063657,0.117564,-2.630162,0.1084952,0.6121913,-0.1506156,0.768613,20.56028,75.97546,353.9495,0.08696356,0.04263004,-0.995297,0.0,0.0,0.0,1.207488,-0.1590218,-2.5798,0.1920657,0.1054266,1.059621,0.2050737,-0.09869055,-0.9737583,0.3643698,0.9310875,-0.01762945,0.908394,-0.3511927,0.2269014,moving,-0.7167942181327006,5.349047610899617,10.273822423468808,5.681922861620126,1.0011222999999998,-0.2765858,0.050361999999999796,-0.012455622331719596,0.0932156984748453,0.9955679620116984,-1.4568735579924663,7.9136227946210695,10.943099658648109,10.995656419477205,11.941093450786996
05/17/2023 13:13:31.384008,348,True,True,True,True,Eyes,0.2331308,0.1184078,-2.785268,0.9371071,-0.2629051,0.2295892,0.0,0.0,0.0,0.0,0.0,0.0,0.0,-2.587663,-0.2415397,0.4220622,0.209152,0.1178385,-2.621993,0.1097419,0.6158323,-0.1532782,0.7649924,20.89709,76.54259,353.8954,0.08659883,0.04259738,-0.9953297,0.0,0.0,0.0,1.210051,-0.1613468,-2.579795,0.1921316,0.1061181,1.062566,0.1945129,-0.09934813,-0.9758559,0.3696784,0.928925,-0.02088395,0.9085718,-0.3566907,0.2174147,moving,-0.9008493355565631,5.590987882967051,10.24939256973882,5.703198775312351,1.000899,-0.2791853,0.04219799999999996,-0.01564736325448285,0.09741443091150508,0.9951208961259077,-1.4945969468971514,8.018928647673922,11.096852253637277,11.150806510336647,11.970125087425082
05/17/2023 13:13:31.404073,349,True,True,True,True,Eyes,0.2327459,0.1182218,-2.778663,0.9383985,-0.2641756,0.222754,0.0,0.0,0.0,0.0,0.0,0.0,0.0,-2.582742,-0.2403745,0.4044669,0.2105824,0.1178341,-2.614134,0.1103999,0.6179544,-0.1527879,0.7632826,20.93843,76.88713,354.0511,0.08627244,0.04257025,-0.9953589,0.0,0.0,0.0,1.212662,-0.163715,-2.57979,0.192912,0.1065478,1.065055,0.1895765,-0.09679653,-0.9770831,0.369685,0.9289354,-0.02029928,0.9096119,-0.3573646,0.2118886,moving,-0.8162984938160776,5.566305234863639,10.266600139496823,5.712846172209575,1.0020795999999998,-0.2815491,0.03434399999999993,-0.014179448531414174,0.09698784560824658,0.9951844743549945,-1.4604323605264127,8.003873751150707,11.030099141163769,11.083867391962391,11.948727908194668
05/17/2023 13:13:31.423497,350,True,True,True,True,Eyes,0.2324553,0.1180324,-2.77202,0.9396402,-0.2654327,0.2159207,0.0,0.0,0.0,0.0,0.0,0.0,0.0,-2.577649,-0.2516497,0.3814037,0.2129872,0.1183719,-2.606472,0.109721,0.6210485,-0.1538043,0.7606605,20.97501,77.34769,353.9939,0.08598465,0.0425492,-0.9953846,0.0,0.0,0.0,1.21517,-0.1659909,-2.579786,0.1933599,0.1063407,1.067424,0.181286,-0.09770159,-0.9785652,0.3702698,0.9286111,-0.02411903,0.9110629,-0.3579607,0.2045201,moving,-0.8643742967225762,5.522676523428303,10.267577523631974,5.689243903904808,1.0021828000000002,-0.2843628,0.02668600000000021,-0.015015596256126973,0.09622885147323951,0.9952459557250329,-1.491086580051413,7.990211326184226,11.079672061730525,11.133197924358203,11.981679038500548
05/17/2023 13:13:31.443609,351,True,True,True,True,Eyes,0.232272,0.1178779,-2.765326,0.9408411,-0.2666949,0.2090259,0.0,0.0,0.0,0.0,0.0,0.0,0.0,-2.571568,-0.2639058,0.3598902,0.2150156,0.1181764,-2.598448,0.1081767,0.6240108,-0.1545016,0.7583124,20.909,77.7744,353.8971,0.08573512,0.04253356,-0.9954067,0.0,0.0,0.0,1.217871,-0.1684408,-2.579781,0.193586,0.106052,1.069862,0.1734796,-0.0993141,-0.9798172,0.3693278,0.9288542,-0.02875787,0.9129633,-0.3568847,0.1978167,moving,-0.8692454047716826,5.379819157927234,10.256401039050852,5.661053730951336,1.0028553999999998,-0.2866172,0.018666999999999767,-0.015103801624024471,0.09374695237657726,0.9954814694923438,-1.5211488231924732,7.9354753206003,11.076386225812191,11.12920040604917,11.995152117630234
05/17/2023 13:13:31.454014,352,True,True,True,True,Eyes,0.2321714,0.1177286,-2.758585,0.941981,-0.2679898,0.202122,0.0,0.0,0.0,0.0,0.0,0.0,0.0,-2.565476,-0.2783552,0.3358452,0.2175423,0.1188985,-2.590459,0.1072701,0.6272915,-0.156075,0.7554067,20.96969,78.25986,353.7769,0.08552403,0.04252413,-0.9954253,0.0,0.0,0.0,1.220379,-0.1707162,-2.579776,0.1936768,0.1057486,1.072251,0.164292,-0.101221,-0.9812047,0.3703794,0.9282675,-0.03374398,0.914236,-0.3578741,0.189997,moving,-0.9459297319964097,5.354422645780334,10.238731684860538,5.632466848549945,1.0028367,-0.2896147,0.01068300000000022,-0.01643682202292651,0.09330373450284216,0.9955020261951504,-1.5614389882051842,7.930714706881057,11.135577896613595,11.188116891971688,12.02189548830815
05/17/2023 13:13:31.468209,353,True,True,True,True,Eyes,0.2321638,0.1176016,-2.751781,0.9430846,-0.2692208,0.1952218,0.0,0.0,0.0,0.0,0.0,0.0,0.0,-2.558892,-0.2854527,0.314904,0.2194708,0.1189571,-2.58191,0.1067799,0.6300392,-0.1564628,0.7531056,20.97672,78.67889,353.7831,0.08535072,0.04252056,-0.9954405,0.0,0.0,0.0,1.222888,-0.1729921,-2.579771,0.1939426,0.1060314,1.074237,0.1571399,-0.1011149,-0.9823864,0.3702171,0.9282349,-0.03632225,0.9155582,-0.3579885,0.1832972,moving,-0.9416750301014026,5.288303417359145,10.233931988119137,5.6370589207286,1.0034172,-0.2919492,0.002139000000000113,-0.016364654972735926,0.09215497014139429,0.9956101710262417,-1.5723526159715824,7.904954332675162,11.128560728701723,11.181047474491406,12.022133993277475
05/17/2023 13:13:31.483353,354,True,True,True,True,Eyes,0.2322343,0.1174726,-2.744913,0.9441214,-0.2704667,0.1883683,0.0,0.0,0.0,0.0,0.0,0.0,0.0,-2.55249,-0.2907584,0.2944009,0.2217918,0.1193515,-2.573516,0.1064499,0.6326591,-0.15644,0.7509577,20.96669,79.08459,353.8359,0.08521502,0.04252317,-0.9954522,0.0,0.0,0.0,1.225542,-0.1754,-2.579766,0.1949051,0.1057796,1.076366,0.150538,-0.1002667,-0.9835064,0.3696526,0.9283899,-0.03806768,0.9168944,-0.357825,0.1768218,moving,-0.921516334179155,5.206139788431114,10.263732104117055,5.612705699920682,1.0037501999999998,-0.2947515,-0.006249999999999645,-0.016016471671183252,0.09072766205678037,0.995746972962839,-1.5790600035369269,7.871968111570533,11.140627764763105,11.192635009987288,12.056367261733751
05/17/2023 13:13:31.503773,355,True,True,True,True,Eyes,0.2323881,0.1173599,-2.737993,0.945099,-0.271688,0.1815863,0.0,0.0,0.0,0.0,0.0,0.0,0.0,-2.546445,-0.2869398,0.2774594,0.2237998,0.1191303,-2.565038,0.1070594,0.6345931,-0.1552522,0.7494843,20.94813,79.40831,354.0481,0.08511628,0.04253139,-0.9954605,0.0,0.0,0.0,1.228143,-0.1777598,-2.579762,0.1960659,0.1049997,1.078286,0.1463767,-0.0968399,-0.9844775,0.3685964,0.9288701,-0.03656532,0.9179927,-0.3575226,0.1716598,moving,-0.8121120159408534,5.127159756944071,10.30556142233438,5.561726720771281,1.0043432,-0.2968901,-0.014724000000000181,-0.014116854811224044,0.08935753552044819,0.9958996027454978,-1.5440128150961518,7.834358517194068,11.075386170998355,11.12616336057406,12.065540389493096
05/17/2023 13:13:31.513556,356,True,True,True,True,Eyes,0.2326227,0.1172839,-2.731013,0.9459694,-0.2731406,0.1747458,0.0,0.0,0.0,0.0,0.0,0.0,0.0,-2.540926,-0.2797479,0.2612305,0.2260077,0.1193429,-2.55685,0.1087857,0.6362931,-0.1541608,0.7480183,21.03451,79.71835,354.3315,0.08505407,0.04254535,-0.9954653,0.0,0.0,0.0,1.230713,-0.1800912,-2.579757,0.1969848,0.1041075,1.080007,0.1427312,-0.09219097,-0.9854587,0.3690693,0.9288003,-0.03343552,0.9183767,-0.3589302,0.1665936,moving,-0.6905881753260581,5.1405362585679955,10.336676918322162,5.506026602365626,1.0047053,-0.29943410000000004,-0.02290700000000001,-0.012004275471026782,0.08959250832118482,0.9959061539851505,-1.4853959616308479,7.831547429471104,10.983837764419242,11.033320381326819,12.048628730947843
05/17/2023 13:13:31.533859,357,True,True,True,True,Eyes,0.2329282,0.1172302,-2.723997,0.9467443,-0.2747249,0.1679334,0.0,0.0,0.0,0.0,0.0,0.0,0.0,-2.535559,-0.273025,0.2437642,0.2283082,0.120067,-2.54882,0.1114087,0.6381198,-0.1538589,0.7461359,21.26075,80.06535,354.6178,0.08502799,0.04256593,-0.9954669,0.0,0.0,0.0,1.2333,-0.1824383,-2.579752,0.1981021,0.1034374,1.081617,0.1382611,-0.08741512,-0.9865305,0.3717835,0.9278311,-0.0301088,0.9179657,-0.3626129,0.1607824,moving,-0.6190438527920574,5.280667529380045,10.378897104443412,5.462708069498972,1.0049918,-0.3025053,-0.03093199999999996,-0.010758294607903174,0.09202929093334378,0.995698265442647,-1.4251338401563611,7.880862227095955,10.950692011038782,10.999447443262058,12.04917491245656
05/17/2023 13:13:31.553996,358,True,True,True,True,Eyes,0.2332932,0.1172298,-2.716921,0.9474133,-0.2764907,0.1611245,0.0,0.0,0.0,0.0,0.0,0.0,0.0,-2.530132,-0.2664212,0.2258902,0.2304054,0.1205172,-2.540859,0.1146504,0.6399685,-0.1542304,0.7439817,21.59238,80.42964,354.8946,0.08503724,0.04259336,-0.9954651,0.0,0.0,0.0,1.235998,-0.1848862,-2.579747,0.1987335,0.1034136,1.083328,0.1333067,-0.08274393,-0.9876149,0.3762346,0.9261365,-0.02680957,0.9168845,-0.3680009,0.1545914,moving,-0.5730048651718737,5.5127013952227095,10.395170216056172,5.4528849962497725,1.0055926,-0.3054034,-0.03888799999999959,-0.00995440651232321,0.09606165931112864,0.9953256954911845,-1.3587323146595165,7.9672669997078405,10.919664463245212,10.968338188351868,12.019831178551488
05/17/2023 13:13:31.563854,359,True,True,True,True,Eyes,0.2337437,0.1172781,-2.70982,0.9480231,-0.2782547,0.1543582,0.0,0.0,0.0,0.0,0.0,0.0,0.0,-2.5244,-0.2611797,0.210777,0.2323388,0.1217085,-2.53307,0.1173364,0.6415273,-0.1543375,0.7421961,21.85115,80.74023,355.1453,0.08508081,0.04262904,-0.99546,0.0,0.0,0.0,1.23836,-0.1870287,-2.579743,0.1995037,0.1041351,1.084243,0.1292454,-0.07854827,-0.9884968,0.3796464,0.9248242,-0.02385015,0.9160591,-0.3721967,0.1493499,moving,-0.4720527220882044,5.675752367698336,10.42596125306484,5.4860918463993,1.0060212,-0.3087372,-0.04667300000000019,-0.00819839295460617,0.09889530514980889,0.9950640356706837,-1.2804527737124523,8.023486982817476,10.850623604374357,10.899664201982118,11.978251268221365
05/17/2023 13:13:31.583887,360,True,True,True,True,Eyes,0.2342616,0.1173599,-2.702702,0.9485899,-0.2799524,0.1476614,0.0,0.0,0.0,0.0,0.0,0.0,0.0,-2.518043,-0.2631593,0.1938658,0.2349218,0.1229125,-2.525288,0.1183603,0.6435068,-0.1546184,0.7402588,21.97677,81.08053,355.2628,0.08515863,0.04267401,-0.9954515,0.0,0.0,0.0,1.241008,-0.1894307,-2.579738,0.2016622,0.104041,1.085825,0.1239843,-0.07658389,-0.9893244,0.3812466,0.924168,-0.02376142,0.9161217,-0.3742305,0.1437797,moving,-0.4050761938950617,5.705621405817988,10.521242654702199,5.473227340505188,1.0060862,-0.3123432,-0.054449999999999665,-0.007034830938260739,0.09941491781650223,0.9950212153350992,-1.243766194544049,8.030607620467885,10.879863939559687,10.928789987130523,12.039751954221673
05/17/2023 13:13:31.603609,361,True,True,True,True,Eyes,0.2348556,0.1174549,-2.695558,0.94915,-0.2814769,0.1410146,0.0,0.0,0.0,0.0,0.0,0.0,0.0,-2.511149,-0.2673356,0.178266,0.2371183,0.1238048,-2.517452,0.1178333,0.6455089,-0.1541592,0.7386938,21.9074,81.39188,355.3244,0.08527,0.04272867,-0.9954397,0.0,0.0,0.0,1.243577,-0.1917614,-2.579733,0.2038675,0.1027571,1.086929,0.1191062,-0.07562793,-0.9899971,0.3798777,0.9247006,-0.02493683,0.9173368,-0.3731076,0.138867,moving,-0.30318039465988916,5.552859553503979,10.623133926535118,5.400630040286988,1.0064587,-0.3155662,-0.06228100000000003,-0.005266641312204612,0.09676269961991701,0.9952935886452421,-1.2265465358158203,7.965055701747872,10.879854407086743,10.927374729103299,12.123992990470617
05/17/2023 13:13:31.613657,362,True,True,True,True,Eyes,0.2355165,0.1175446,-2.688372,0.9496925,-0.2828968,0.1343632,0.0,0.0,0.0,0.0,0.0,0.0,0.0,-2.504078,-0.2730668,0.161442,0.2395977,0.1241609,-2.509624,0.1165518,0.6477234,-0.1534716,0.7371002,21.75478,81.72086,355.3521,0.08541464,0.04279262,-0.9954246,0.0,0.0,0.0,1.246131,-0.1940784,-2.579728,0.205579,0.1007517,1.088032,0.1138018,-0.07526115,-0.9906489,0.3772345,0.9257243,-0.02699347,0.9190993,-0.370635,0.1337402,moving,-0.2151444765278971,5.321604056276721,10.699655238523947,5.290498710720459,1.0065333,-0.3182393,-0.07010399999999972,-0.003738786041688258,0.09274537849279932,0.9956827957577112,-1.2309993291781443,7.870161933412057,10.869381704353087,10.9148440374665,12.206358210225456
05/17/2023 13:13:31.633644,363,True,True,True,True,Eyes,0.2362535,0.1176219,-2.681168,0.9502247,-0.2841999,0.1276853,0.0,0.0,0.0,0.0,0.0,0.0,0.0,-2.49708,-0.2774801,0.1426868,0.2419735,0.1240663,-2.501763,0.1154338,0.6501945,-0.1526294,0.7352732,21.60639,82.09642,355.4138,0.08559205,0.04286488,-0.9954062,0.0,0.0,0.0,1.248677,-0.1963881,-2.579724,0.2074032,0.09838526,1.089109,0.107903,-0.0743397,-0.9913781,0.3745574,0.9267586,-0.02872678,0.9209037,-0.3682283,0.1278445,moving,-0.1682544804352949,5.098103532496829,10.781955840595451,5.161835081214932,1.0067035,-0.32045440000000003,-0.07796100000000017,-0.002924973558688204,0.08886095254903921,0.9960397959559391,-1.2529068631132567,7.780954053431117,10.907021992220546,10.95039578212177,12.316562202487415
05/17/2023 13:13:31.643755,364,True,True,True,True,Eyes,0.2370538,0.1176728,-2.673943,0.9506885,-0.2856154,0.1208936,0.0,0.0,0.0,0.0,0.0,0.0,0.0,-2.490565,-0.2791306,0.1208401,0.2446392,0.1238326,-2.494042,0.1152111,0.6529772,-0.1517619,0.7330182,21.53674,82.54465,355.5589,0.08580206,0.04294426,-0.9953845,0.0,0.0,0.0,1.251415,-0.1988726,-2.579718,0.2072054,0.09640862,1.090446,0.1011783,-0.072028,-0.9922576,0.3729489,0.9273894,-0.02929044,0.9223191,-0.3670978,0.1206944,moving,-0.18381015042849122,4.941632863634023,10.759014809280034,5.05250284349199,1.0067758,-0.3227052,-0.08567600000000031,-0.003196162446087114,0.0861404373304214,0.9962778994198918,-1.2905445556494652,7.721672064244336,10.901864271729734,10.943386598820933,12.341650830337564
05/17/2023 13:13:31.663798,365,True,True,True,True,Eyes,0.2379227,0.1177236,-2.66671,0.9511224,-0.2869972,0.114012,0.0,0.0,0.0,0.0,0.0,0.0,0.0,-2.484221,-0.2788628,0.09689307,0.2470845,0.123202,-2.486419,0.1157461,0.6560065,-0.1510988,0.7303613,21.55021,83.05173,355.7546,0.08604407,0.04302916,-0.9953598,0.0,0.0,0.0,1.2538,-0.2010358,-2.579714,0.2062571,0.09595831,1.091411,0.09364925,-0.06885298,-0.9932217,0.3725738,0.927544,-0.02917062,0.9232653,-0.3673165,0.1125166,moving,-0.25338861250233136,4.866579360512564,10.701665101750901,5.024600901708772,1.0067155,-0.3242378,-0.0932949999999999,-0.004406508200717751,0.08483491441175287,0.9963852511533013,-1.3372286897237036,7.697308501280139,10.915091208999659,10.956193348497258,12.332004282970889
05/17/2023 13:13:31.683757,366,True,True,True,True,Eyes,0.2388568,0.1177625,-2.659456,0.9514683,-0.2885477,0.1069972,0.0,0.0,0.0,0.0,0.0,0.0,0.0,-2.477659,-0.2804118,0.07142091,0.249721,0.1232135,-2.478908,0.1164423,0.6592789,-0.1508061,0.7273582,21.60693,83.60318,355.9389,0.08631775,0.04311909,-0.9953321,0.0,0.0,0.0,1.256529,-0.2035114,-2.579709,0.2055679,0.09531839,1.093044,0.08521746,-0.06584422,-0.9941844,0.372916,0.9273974,-0.02945608,0.9239436,-0.368237,0.1035848,moving,-0.36189627354312837,4.82251102929814,10.651156640806345,4.983843701242921,1.006808,-0.3267249,-0.1008009999999997,-0.0062938806520974055,0.08406768966664727,0.9964402202382588,-1.395822476715039,7.687438122620255,10.973591426659198,11.014234550130947,12.346624180451068
05/17/2023 13:13:31.693778,367,True,True,True,True,Eyes,0.2398439,0.1177866,-2.652185,0.9517658,-0.290104,0.09990764,0.0,0.0,0.0,0.0,0.0,0.0,0.0,-2.470406,-0.2844082,0.04556465,0.2523725,0.1229506,-2.471246,0.1169395,0.662644,-0.1510357,0.7241661,21.68682,84.16572,356.0648,0.08662269,0.04321321,-0.9953012,0.0,0.0,0.0,1.258989,-0.2057433,-2.579704,0.203651,0.09488314,1.094226,0.07618241,-0.06377138,-0.9950526,0.3737283,0.9270267,-0.0307986,0.9244044,-0.369533,0.09445625,moving,-0.4832786403084889,4.8009050150624715,10.542932364335956,4.955867479310509,1.0066164999999998,-0.3286939,-0.10845800000000017,-0.008405112736609821,0.08369062728597554,0.9964563404286084,-1.4559765670237033,7.6870683921598495,10.987061122452218,11.02729987278246,12.305822766861695
05/17/2023 13:13:31.713753,368,True,True,True,True,Eyes,0.2408876,0.1177882,-2.644867,0.9519682,-0.2918263,0.09270344,0.0,0.0,0.0,0.0,0.0,0.0,0.0,-2.462585,-0.2895101,0.02122712,0.2547653,0.122614,-2.463463,0.11744,0.6658333,-0.1516689,0.7210206,21.79739,84.70113,356.1514,0.08695813,0.04331064,-0.9952674,0.0,0.0,0.0,1.261518,-0.2080378,-2.5797,0.2022627,0.09276623,1.095728,0.06732525,-0.06232192,-0.9957829,0.3751037,0.9264088,-0.03261911,0.9245349,-0.3713256,0.08574785,moving,-0.5769227346663073,4.802226991559376,10.458617303066076,4.839220052753137,1.0067526999999998,-0.3306518,-0.11623699999999992,-0.010033688253215267,0.08371235988733615,0.9964394296056809,-1.4988811440192709,7.693716485025734,10.997113531854186,11.035602041165264,12.293490919747143
05/17/2023 13:13:31.733591,369,True,True,True,True,Eyes,0.2419906,0.1177619,-2.637531,0.952106,-0.2935812,0.08546481,0.0,0.0,0.0,0.0,0.0,0.0,0.0,-2.454238,-0.2956288,-0.002604723,0.2573165,0.1220542,-2.45552,0.1179442,0.6689318,-0.1526464,0.7178569,21.93498,85.22365,356.207,0.08732361,0.04341033,-0.9952306,0.0,0.0,0.0,1.264142,-0.2104182,-2.579695,0.2019983,0.09002607,1.097267,0.05845863,-0.06136316,-0.9964021,0.3769498,0.9255764,-0.03488583,0.9243872,-0.3735542,0.07723878,moving,-0.6603055475601891,4.829351854288747,10.430918320794035,4.690368369037606,1.0068255000000002,-0.3324724,-0.12417500000000015,-0.011483343433062843,0.08418277072485945,0.9963841547889347,-1.5320318219479123,7.709636011017666,11.055575871409639,11.092094631183192,12.338077370953604
05/17/2023 13:13:31.743743,370,True,True,True,True,Eyes,0.2431428,0.1177139,-2.630169,0.9521532,-0.2954454,0.07820702,0.0,0.0,0.0,0.0,0.0,0.0,0.0,-2.445817,-0.3012381,-0.02477574,0.2599653,0.1213674,-2.447665,0.1186159,0.6717514,-0.1537368,0.7148744,22.09458,85.70694,356.2597,0.08771874,0.04351109,-0.995191,0.0,0.0,0.0,1.266721,-0.2127579,-2.57969,0.2018862,0.08679409,1.098306,0.05023037,-0.06044418,-0.9969069,0.3791657,0.9245906,-0.03695481,0.9239644,-0.3761366,0.06936085,moving,-0.7061822535356881,4.874538516557377,10.415610212541683,4.5184326043982015,1.0067557,-0.3341253,-0.13202499999999961,-0.012280323145316574,0.08496774618067846,0.9963080419233314,-1.5443783836368885,7.730057687602841,11.093230900866017,11.1274920390522,12.383693427075409
05/17/2023 13:13:31.763842,371,True,True,True,True,Eyes,0.2443441,0.1176437,-2.622789,0.9521455,-0.297311,0.07088806,0.0,0.0,0.0,0.0,0.0,0.0,0.0,-2.436904,-0.3076118,-0.04837227,0.2624412,0.1208171,-2.439671,0.1190224,0.674854,-0.1546874,0.7116723,22.22179,86.23351,356.3131,0.08814286,0.04361208,-0.9951486,0.0,0.0,0.0,1.269344,-0.2151379,-2.579685,0.2022505,0.08185995,1.099191,0.04128761,-0.05952796,-0.9973724,0.3808191,0.9238109,-0.03937291,0.9237273,-0.3781928,0.06081137,moving,-0.7873539099301265,4.884814288313869,10.425776056405137,4.259120918306638,1.0069028,-0.335955,-0.14001399999999986,-0.013691584538060741,0.08514486642869817,0.9962745069384691,-1.579790747708937,7.7393388518575525,11.199419912685043,11.230573263872014,12.499822044855488
05/17/2023 13:13:31.783725,372,True,True,True,True,Eyes,0.2455825,0.1175539,-2.61538,0.9520488,-0.2992703,0.06356391,0.0,0.0,0.0,0.0,0.0,0.0,0.0,-2.427984,-0.3127756,-0.07208109,0.2649513,0.1202129,-2.431765,0.1195752,0.6779481,-0.1554379,0.7084683,22.34533,86.76608,356.3976,0.08859428,0.04371231,-0.9951045,0.0,0.0,0.0,1.271929,-0.2174826,-2.57968,0.2041388,0.07016393,1.101241,0.03245104,-0.05811411,-0.9977824,0.3823771,0.9230817,-0.04132717,0.9234363,-0.380188,0.05217651,moving,-0.8704363671910039,4.886009237874557,10.50180300272527,3.6455875974529843,1.0069777000000002,-0.3376955,-0.14791500000000024,-0.015136205193822583,0.0851638707838818,0.9962519817312561,-1.6178520396800031,7.745245646686161,11.415191097729423,11.439688550511324,12.794265686921696
05/17/2023 13:13:31.803816,373,True,True,True,True,Eyes,0.2468708,0.117452,-2.607949,0.9518934,-0.3012305,0.05620608,0.0,0.0,0.0,0.0,0.0,0.0,0.0,-2.418603,-0.3184663,-0.0949924,0.2672977,0.1195901,-2.423702,0.1200281,0.6809689,-0.1562895,0.7053001,22.46805,87.28644,356.4642,0.08907381,0.04381156,-0.9950577,0.0,0.0,0.0,1.274542,-0.2198528,-2.579676,0.1999021,0.07522697,1.101293,0.02370977,-0.05699119,-0.9980932,0.3839327,0.9223337,-0.04354495,0.9230567,-0.3821682,0.04374911,moving,-0.9409409449290812,4.887064004946031,10.288075792034167,3.907682028946517,1.0072443,-0.3394429,-0.15597400000000006,-0.016362094783647696,0.08518056517376776,0.996231165791226,-1.6501432913823502,7.750273903420725,11.244498834068807,11.271646105778583,12.541394946234071
05/17/2023 13:13:31.823867,374,True,True,True,True,Eyes,0.2482059,0.1173259,-2.600497,0.951665,-0.3032232,0.04888203,0.0,0.0,0.0,0.0,0.0,0.0,0.0,-2.408592,-0.3279787,-0.1169178,0.2698693,0.1193167,-2.415675,0.1198278,0.6839423,-0.1575426,0.7021714,22.56798,87.78259,356.4404,0.08958112,0.04390955,-0.9950082,0.0,0.0,0.0,1.277,-0.2220829,-2.579671,0.2039134,0.07297564,1.103296,0.0148065,-0.0573331,-0.9982454,0.3851543,0.9216433,-0.04722072,0.9227334,-0.3837793,0.03572841,moving,-0.9960287645436712,4.863304286520107,10.471358019539599,3.784219870336326,1.0071306999999998,-0.3413996,-0.16399600000000003,-0.01732054223042334,0.08476606895997457,0.9962503432722507,-1.6801605814738994,7.744728379307244,11.491732502913896,11.518045964182393,12.780650686111724
05/17/2023 13:13:31.833534,375,True,True,True,True,Eyes,0.2495781,0.1171939,-2.593001,0.9513932,-0.3051652,0.04153457,0.0,0.0,0.0,0.0,0.0,0.0,0.0,-2.397519,-0.3403291,-0.1395307,0.2724718,0.118646,-2.407295,0.1191151,0.6870839,-0.1591942,0.6988451,22.65898,88.29514,356.3455,0.09011383,0.04400519,-0.9949561,0.0,0.0,0.0,1.279613,-0.2244538,-2.579666,0.2009195,0.07687866,1.103886,0.005145709,-0.05882013,-0.9982553,0.3861883,0.9209376,-0.05227364,0.9224056,-0.3852456,0.02745451,moving,-1.0705166899750524,4.831304371376616,10.315545536287948,3.9838551483296567,1.0071412,-0.3430998,-0.17237100000000005,-0.018616595687499626,0.08420768045261381,0.996274274344251,-1.7207242009013208,7.737278922299941,11.38913016319155,11.417555920860472,12.607933185632909
05/17/2023 13:13:31.865569,376,True,True,True,True,Eyes,0.2509868,0.1170502,-2.585482,0.9510801,-0.3070448,0.03420427,0.0,0.0,0.0,0.0,0.0,0.0,0.0,-2.386235,-0.3515618,-0.1604557,0.2748133,0.1181833,-2.398743,0.1181799,0.6900365,-0.160428,0.695806,22.69733,88.77231,356.2613,0.09067284,0.04409888,-0.9949015,0.0,0.0,0.0,1.282244,-0.2268408,-2.579661,0.2028423,0.07529677,1.105276,-0.003775035,-0.0601567,-0.9981818,0.3863505,0.9205927,-0.05694184,0.9223443,-0.3858629,0.01976628,moving,-1.1074870764843627,4.7526737613896515,10.3993076265963,3.897245224777444,1.0074307,-0.3450241,-0.18091800000000013,-0.019261658046631103,0.08283933326363499,0.9963766513236918,-1.753075307118567,7.7093992436016165,11.510975621232827,11.538547669446778,12.736283964755248
05/17/2023 13:13:31.883413,377,True,True,True,True,Eyes,0.2524236,0.1168791,-2.577927,0.9507144,-0.3089036,0.02684653,0.0,0.0,0.0,0.0,0.0,0.0,0.0,-2.374351,-0.362999,-0.1826341,0.2773378,0.1180405,-2.38994,0.1171024,0.6931884,-0.1614599,0.6926094,22.70935,89.28236,356.1892,0.09125796,0.04419051,-0.9948441,0.0,0.0,0.0,1.284937,-0.2292836,-2.579656,0.2020557,0.0734271,1.106545,-0.01315885,-0.06130926,-0.9980322,0.3860052,0.9204355,-0.06163185,0.9224029,-0.3860566,0.01155381,moving,-1.1707696568386319,4.647032602563264,10.34823115381387,3.7964152025441664,1.0075992,-0.3473241,-0.18971599999999977,-0.020365224539843352,0.08100032613929556,0.996506018761618,-1.8028135778314498,7.672834894972439,11.524062471247403,11.550364913587286,12.754392094580252
05/17/2023 13:13:31.893461,378,True,True,True,True,Eyes,0.2538909,0.1167048,-2.570327,0.9502938,-0.310749,0.01940808,0.0,0.0,0.0,0.0,0.0,0.0,0.0,-2.362415,-0.3701104,-0.2078726,0.2796482,0.1172478,-2.381018,0.1171781,0.696657,-0.162314,0.6889067,22.80548,89.88335,356.2449,0.09186628,0.04427903,-0.9947844,0.0,0.0,0.0,1.287282,-0.2314108,-2.579652,0.2023188,0.07076159,1.10742,-0.02335349,-0.06037252,-0.9979026,0.3869042,0.9198469,-0.06470479,0.9218242,-0.3876038,0.001876662,moving,-1.3106917339959188,4.622848415814807,10.353404387570098,3.656098041292907,1.0076338,-0.3486586,-0.19863399999999976,-0.02279951600643948,0.08057545986494186,0.9964876809204173,-1.8720149231514949,7.672686898867513,11.678909354928798,11.704090935214474,12.868327916779123
05/17/2023 13:13:31.913524,379,True,True,True,True,Eyes,0.2553869,0.1165267,-2.562639,0.9498296,-0.3125392,0.0119616,0.0,0.0,0.0,0.0,0.0,0.0,0.0,-2.350387,-0.3778002,-0.2317564,0.2820082,0.1169989,-2.372245,0.1171924,0.6999677,-0.1631914,0.6853319,22.89782,90.45887,356.2893,0.09249967,0.04436507,-0.9947221,0.0,0.0,0.0,1.290517,-0.2343454,-2.579646,0.2014271,0.06913787,1.109423,-0.03317244,-0.0596188,-0.9976699,0.3877424,0.919269,-0.06782612,0.9211708,-0.3890888,-0.007377702,moving,-1.426165443422474,4.599767501673048,10.290539462255886,3.5659905995757457,1.0085088,-0.3513443,-0.20740099999999995,-0.024808601599587976,0.08017020112881772,0.996472464539286,-1.9297328145444297,7.671361433403289,11.737793272682916,11.762222091512182,12.891436079908871
05/17/2023 13:13:31.933427,380,True,True,True,True,Eyes,0.2569115,0.1163425,-2.554896,0.9493097,-0.3143106,0.004462195,0.0,0.0,0.0,0.0,0.0,0.0,0.0,-2.337566,-0.3870303,-0.2547646,0.2842834,0.1166973,-2.363149,0.1168597,0.7032202,-0.1642719,0.6817917,22.97856,91.01756,356.2856,0.09315533,0.04444861,-0.9946573,0.0,0.0,0.0,1.292677,-0.2363051,-2.579642,0.2023382,0.06747016,1.110178,-0.04300796,-0.0596422,-0.9972931,0.3883547,0.9187171,-0.07169065,0.9205059,-0.3903866,-0.01634979,moving,-1.5251687888335792,4.566403126556854,10.329206848261896,3.4778265646082227,1.0083936,-0.3530024,-0.21649300000000027,-0.02653164615238024,0.07958639579355517,0.9964748106839956,-1.9818616515039804,7.664993183088746,11.88042494833751,11.904252209886458,13.003644562077403
05/17/2023 13:13:31.953617,381,True,True,True,True,Eyes,0.2584581,0.1161431,-2.547071,0.9487603,-0.315983,-0.002946281,0.0,0.0,0.0,0.0,0.0,0.0,0.0,-2.324396,-0.3968488,-0.2768579,0.2866451,0.1163817,-2.353985,0.1163428,0.7063608,-0.1654179,0.6783478,23.04981,91.55452,356.2575,0.09383424,0.04452997,-0.9945899,0.0,0.0,0.0,1.295825,-0.2391615,-2.579636,0.2036491,0.06441236,1.111978,-0.0526173,-0.06006181,-0.996807,0.3887818,0.9182025,-0.07584774,0.9198262,-0.3915312,-0.02496244,moving,-1.6098509215320438,4.5298636848875775,10.37821271571862,3.3152066732431953,1.0091799,-0.3555432,-0.2256509999999996,-0.028005816277070772,0.0789477210671807,0.996485311135982,-2.028007869606093,7.65646251076313,12.026954083031884,12.049442369948432,13.14385070892604
05/17/2023 13:13:31.963668,382,True,True,True,True,Eyes,0.2600203,0.1159253,-2.539191,0.9481627,-0.3176167,-0.01035199,0.0,0.0,0.0,0.0,0.0,0.0,0.0,-2.311126,-0.4051638,-0.2966685,0.2888132,0.1158112,-2.344493,0.1158062,0.7091756,-0.1663655,0.675264,23.10168,92.03623,356.2332,0.09453563,0.04460893,-0.9945201,0.0,0.0,0.0,1.297623,-0.2407922,-2.579633,0.2064054,0.06201981,1.111937,-0.06121498,-0.06042742,-0.9962938,0.388935,0.9178229,-0.07956523,0.9192291,-0.3923641,-0.03268216,moving,-1.640187056495095,4.480129114922888,10.515943420869519,3.192442796926134,1.0088097999999999,-0.3566034,-0.2351399999999999,-0.02853536936923895,0.07808154016875704,0.9965385307487995,-2.051674533659027,7.639284086839135,12.20263050549869,12.224141860935225,13.331144681109098
05/17/2023 13:13:31.983653,383,True,True,True,True,Eyes,0.2616037,0.115681,-2.531233,0.9475346,-0.3191633,-0.01769436,0.0,0.0,0.0,0.0,0.0,0.0,0.0,-2.298384,-0.4115744,-0.3151195,0.2908691,0.1151583,-2.335251,0.115449,0.7117738,-0.167051,0.6724163,23.14532,92.48704,356.2394,0.09525882,0.04468517,-0.9944477,0.0,0.0,0.0,1.300141,-0.2430768,-2.579628,0.2091711,0.06057563,1.112748,-0.06905609,-0.06030842,-0.9957884,0.3890027,0.917531,-0.08254541,0.9186449,-0.3930646,-0.03990088,moving,-1.6417611645001817,4.430135255737459,10.646058330283232,3.1159845213425914,1.0092718999999999,-0.35823510000000003,-0.24437700000000007,-0.02856468925191541,0.0772119119646124,0.9966054885553108,-2.062134829440304,7.6201203085376505,12.33702305594271,12.357892218703393,13.48278207842637
05/17/2023 13:13:32.003428,384,True,True,True,True,Eyes,0.2631945,0.1153936,-2.523233,0.9468616,-0.3206601,-0.02510269,0.0,0.0,0.0,0.0,0.0,0.0,0.0,-2.285295,-0.4165643,-0.3355935,0.2930148,0.1142303,-2.325901,0.1151644,0.7146391,-0.167387,0.6693354,23.16683,92.98926,356.2909,0.09600245,0.04475796,-0.994373,0.0,0.0,0.0,1.302676,-0.2453766,-2.579623,0.2108774,0.06128983,1.113795,-0.07745464,-0.05947408,-0.9952203,0.3886779,0.9174376,-0.08507532,0.9181122,-0.3934097,-0.04794357,moving,-1.6830250763348613,4.359077384957495,10.721040652306668,3.1496913730637184,1.0096612,-0.3596069,-0.2537220000000002,-0.029285217785862794,0.07597427712470803,0.996679597245985,-2.0949903290681067,7.595440514405404,12.441698865370581,12.462883339188554,13.565225230098408
05/17/2023 13:13:32.013492,385,True,True,True,True,Eyes,0.2647986,0.1150592,-2.515167,0.9461449,-0.3221072,-0.03250697,0.0,0.0,0.0,0.0,0.0,0.0,0.0,-2.272199,-0.4199766,-0.3579094,0.2949145,0.112888,-2.316819,0.1151363,0.7177671,-0.1675218,0.665951,23.19324,93.54852,356.3922,0.09676529,0.04482606,-0.994296,0.0,0.0,0.0,1.305315,-0.2477703,-2.579619,0.2120461,0.06437274,1.115106,-0.08650623,-0.05784053,-0.9945709,0.3884046,0.9173602,-0.08713306,0.9174195,-0.3938334,-0.05689181,moving,-1.7748922771742648,4.29357332092916,10.76669290716895,3.3038988263052387,1.0104005,-0.3606583,-0.2627999999999999,-0.030885917833989807,0.07483115473192581,0.9967177542050054,-2.1500882234026832,7.576218264089949,12.557790417043256,12.580572901956666,13.604997175801415
05/17/2023 13:13:32.034005,386,True,True,True,True,Eyes,0.2664371,0.1147497,-2.507077,0.945361,-0.3235644,-0.0399853,0.0,0.0,0.0,0.0,0.0,0.0,0.0,-2.258526,-0.423098,-0.3822119,0.2968945,0.1113623,-2.307702,0.1153453,0.7211655,-0.1676923,0.6621898,23.24282,94.16711,356.5232,0.09754768,0.04488829,-0.9942169,0.0,0.0,0.0,1.30796,-0.2501697,-2.579614,0.2142378,0.06554364,1.116793,-0.09640063,-0.05572222,-0.9937818,0.3884543,0.9171495,-0.0891069,0.9164117,-0.3946287,-0.06676817,moving,-1.9174016696606684,4.248178073370351,10.85929924480037,3.3587881937899886,1.0110655,-0.36153199999999996,-0.27191199999999993,-0.033366905081246345,0.0740355369243321,0.9966973233645585,-2.224612303087932,7.568065414018421,12.78388330953476,12.807618850336292,13.74433541898985
05/17/2023 13:13:32.054048,387,True,True,True,True,Eyes,0.2681182,0.1146758,-2.498984,0.9445331,-0.3249815,-0.04737456,0.0,0.0,0.0,0.0,0.0,0.0,0.0,-2.244266,-0.4325747,-0.4043651,0.2995075,0.1116591,-2.298953,0.1151369,0.7243659,-0.1688198,0.6584357,23.34052,94.7433,356.5338,0.09834973,0.04494626,-0.9941354,0.0,0.0,0.0,1.310527,-0.2524992,-2.579609,0.2158496,0.0644183,1.118066,-0.1064122,-0.05551149,-0.9927714,0.3891163,0.9164868,-0.09295418,0.9150219,-0.3961951,-0.07592497,moving,-2.0364352736538547,4.251942414782382,10.926879488109424,3.2974983125479995,1.0110195,-0.3641583,-0.280656,-0.035437338476814406,0.07409573346199613,0.9966213516664504,-2.278743716885693,7.577319111934621,12.974847799612396,12.998403484922282,13.881835264372208
05/17/2023 13:13:32.068583,388,True,True,True,True,Eyes,0.2698397,0.1144702,-2.490808,0.9435064,-0.3267423,-0.05509033,0.0,0.0,0.0,0.0,0.0,0.0,0.0,-2.22665,-0.4640004,-0.4223955,0.3024122,0.117349,-2.290515,0.1118183,0.7276976,-0.1722955,0.6544214,23.39767,95.25729,356.0784,0.0991716,0.04500972,-0.9940509,0.0,0.0,0.0,1.313205,-0.2549287,-2.579604,0.2183419,0.06011627,1.119812,-0.1184588,-0.06276798,-0.9909732,0.3882475,0.9156219,-0.1044054,0.9139102,-0.3971105,-0.08409391,moving,-2.1068098409719154,4.183003035516481,11.033152195365076,3.0729312901044166,1.0107928,-0.3722777,-0.2890889999999997,-0.03666468157708014,0.07289328571583473,0.9966654764424019,-2.3246042505641458,7.5553640374323106,13.165270296692889,13.186768428858512,14.089778586020477
05/17/2023 13:13:32.083747,389,True,True,True,True,Eyes,0.2715351,0.1143558,-2.482546,0.9424763,-0.3283738,-0.06252377,0.0,0.0,0.0,0.0,0.0,0.0,0.0,-2.204154,-0.4880688,-0.4576862,0.3054127,0.1140995,-2.280282,0.1121811,0.7328631,-0.1778951,0.6470553,23.9488,96.24062,355.8719,0.1000133,0.04507305,-0.9939638,0.0,0.0,0.0,1.315771,-0.2572563,-2.579599,0.2204972,0.05477151,1.121118,-0.1374699,-0.06578924,-0.9883188,0.3946426,0.9115375,-0.1155708,0.9084929,-0.4059202,-0.09934568,moving,-2.654491477846328,4.584395568564549,11.12669949313672,2.796925256679057,1.0103583,-0.3713558,-0.29931699999999983,-0.046165193805441374,0.07984223881388236,0.9957379887225534,-2.4988802275572874,7.745957351881359,13.874213748209106,13.896628177172213,14.49652859840349
05/17/2023 13:13:32.103924,390,True,True,True,True,Eyes,0.2732966,0.1143164,-2.474288,0.9414137,-0.3299154,-0.06997178,0.0,0.0,0.0,0.0,0.0,0.0,0.0,-2.193905,-0.4847818,-0.4649088,0.3063191,0.1160488,-2.270919,0.1135189,0.733928,-0.1772408,0.6457931,24.00294,96.47853,356.09,0.100874,0.04514021,-0.9938738,0.0,0.0,0.0,1.3182,-0.2594593,-2.579595,0.2218005,0.04990856,1.122375,-0.1401293,-0.0622923,-0.9881718,0.3955512,0.9113983,-0.1135444,0.9076911,-0.4067835,-0.1030739,moving,-2.427711642452658,4.571839336281871,11.17859392604368,2.5460896281896956,1.0118809,-0.3755081,-0.30867599999999973,-0.04222434559542371,0.07963791245610327,0.995929155733424,-2.3967988826527087,7.726252323123719,13.736429742993748,13.756279042790968,14.530154006630204
05/17/2023 13:13:32.118915,391,True,True,True,True,Eyes,0.2750976,0.1142916,-2.466001,0.9403607,-0.3312747,-0.07732298,0.0,0.0,0.0,0.0,0.0,0.0,0.0,-2.179536,-0.4952248,-0.4838223,0.3097781,0.1178096,-2.262712,0.1122532,0.7367417,-0.177658,0.6426886,23.9578,96.96265,356.0498,0.101753,0.04521367,-0.9937809,0.0,0.0,0.0,1.320822,-0.2618381,-2.57959,0.2215505,0.0461997,1.123837,-0.1487013,-0.06295426,-0.9868761,0.3937606,0.9116737,-0.1174884,0.9071054,-0.4060637,-0.1107782,moving,-2.452874209647851,4.440152292279082,11.152148983234197,2.3540408584839514,1.0110439,-0.37964770000000003,-0.316878,-0.04266944315346055,0.07734722553933725,0.9960907295638286,-2.434038692455636,7.677151369588779,13.746031128576458,13.764029823894933,14.591778543841082
05/17/2023 13:13:32.134684,392,True,True,True,True,Eyes,0.2769216,0.1142538,-2.457733,0.9392397,-0.3326418,-0.08472431,0.0,0.0,0.0,0.0,0.0,0.0,0.0,-2.166025,-0.5001354,-0.502248,0.3124506,0.1180405,-2.254439,0.1110266,0.7394505,-0.1771461,0.6399261,23.83344,97.42624,356.0807,0.1026533,0.04529371,-0.9936846,0.0,0.0,0.0,1.323393,-0.2641713,-2.579585,0.220002,0.04441641,1.125525,-0.1563353,-0.06252351,-0.9857232,0.3909182,0.9125847,-0.1198839,0.9070514,-0.4040792,-0.1182276,moving,-2.443831643138359,4.2337625510407255,11.05993490459092,2.2598813979870442,1.0109424,-0.3822118,-0.3251459999999997,-0.04252382910808422,0.07375909021359246,0.9963690633681659,-2.470058885612362,7.597018756770559,13.630901050161949,13.647267777176237,14.54461299414536
05/17/2023 13:13:32.153649,393,True,True,True,True,Eyes,0.2787817,0.1142171,-2.449457,0.9380657,-0.3340012,-0.09206486,0.0,0.0,0.0,0.0,0.0,0.0,0.0,-2.151845,-0.5069848,-0.5221901,0.3149506,0.1176934,-2.246577,0.1110196,0.7423387,-0.1780277,0.6363288,23.92896,97.97296,356.127,0.1035724,0.04537906,-0.9935854,0.0,0.0,0.0,1.325925,-0.2664677,-2.579581,0.2174564,0.04290965,1.127418,-0.1655207,-0.06174009,-0.9842718,0.3913966,0.9119616,-0.1230238,0.9052136,-0.4056036,-0.1267837,moving,-2.5305484664562954,4.241309762938651,10.9171458729161,2.179631468836149,1.0109744,-0.3841611,-0.3330040000000003,-0.04403136551516873,0.07388550558961249,0.9962942178289433,-2.5085584047418363,7.605611871035556,13.588793520444142,13.604815339928791,14.480704357046124
05/17/2023 13:13:32.163537,394,True,True,True,True,Eyes,0.2806782,0.1142038,-2.441225,0.936818,-0.3353728,-0.09948416,0.0,0.0,0.0,0.0,0.0,0.0,0.0,-2.13667,-0.5175654,-0.5424733,0.317593,0.1176355,-2.238929,0.1103075,0.7453819,-0.179319,0.632521,24.00811,98.53181,356.0829,0.1045112,0.04546936,-0.993483,0.0,0.0,0.0,1.328587,-0.2688828,-2.579576,0.2147696,0.0423081,1.12942,-0.1754988,-0.06240362,-0.9824998,0.3912885,0.9113539,-0.1277786,0.9033789,-0.4068659,-0.1355238,moving,-2.6287011022579754,4.227213307340195,10.76677032733997,2.1452981697189095,1.010994,-0.3865183,-0.3406469999999997,-0.045738888629034746,0.07363472965416532,0.9962358449937869,-2.556543302358815,7.606613453147138,13.540410696662372,13.5562909920609,14.399189237603768
05/17/2023 13:13:32.187606,395,True,True,True,True,Eyes,0.2826025,0.1141621,-2.433028,0.9355248,-0.3367301,-0.1067999,0.0,0.0,0.0,0.0,0.0,0.0,0.0,-2.11891,-0.5384584,-0.5633891,0.3205133,0.1182423,-2.231684,0.1077209,0.7487856,-0.1818831,0.6281999,24.0619,99.10966,355.7796,0.1054699,0.04556506,-0.9933773,0.0,0.0,0.0,1.331142,-0.2712008,-2.579571,0.2126284,0.04270665,1.131425,-0.1875224,-0.06719826,-0.979959,0.3898375,0.9106295,-0.1370424,0.9015887,-0.4077233,-0.144567,moving,-2.766880820012852,4.174068053010638,10.643439185696627,2.1616542976022726,1.0106287,-0.38944310000000004,-0.34788700000000006,-0.048144669452800104,0.07270240280685146,0.9961909865735841,-2.630580844223109,7.595190032268954,13.54451642024128,13.560475352231892,14.343044249203519
05/17/2023 13:13:32.203560,396,True,True,True,True,Eyes,0.2845668,0.1141277,-2.424873,0.9341694,-0.3380756,-0.1141601,0.0,0.0,0.0,0.0,0.0,0.0,0.0,-2.100837,-0.5557107,-0.5850272,0.3233125,0.1175952,-2.224011,0.1056414,0.7521904,-0.184165,0.6238052,24.13284,99.70876,355.5479,0.1064481,0.04566451,-0.9932684,0.0,0.0,0.0,1.333721,-0.2735405,-2.579566,0.2107997,0.04392479,1.133209,-0.1994141,-0.07084118,-0.9773514,0.388691,0.9098464,-0.1452549,0.8995296,-0.4088535,-0.1539009,moving,-2.9173129595047835,4.139310593854052,10.53772344407523,2.2197545307987583,1.0104085,-0.39113570000000003,-0.35555499999999984,-0.05076230502463258,0.07208871535707949,0.996105673686523,-2.706685256943091,7.591656200952469,13.574871967862077,13.591272938944156,14.292364723635135
05/17/2023 13:13:32.213561,397,True,True,True,True,Eyes,0.28658,0.1140846,-2.416752,0.9327523,-0.3394436,-0.1214551,0.0,0.0,0.0,0.0,0.0,0.0,0.0,-2.084484,-0.5695347,-0.6043028,0.3263662,0.1177673,-2.216809,0.1040004,0.755165,-0.1857438,0.6200074,24.17321,100.2398,355.3947,0.1074461,0.0457676,-0.9931562,0.0,0.0,0.0,1.336256,-0.2758404,-2.579561,0.2095593,0.04571212,1.134711,-0.2095497,-0.07325007,-0.9750506,0.3874,0.9093663,-0.1515723,0.8977808,-0.4094965,-0.1621804,moving,-2.9979973630989103,4.0815199122050725,10.46353182191186,2.3069275552805677,1.0098898,-0.3936077,-0.36275199999999996,-0.05216877057628555,0.07107881187519419,0.996105603804752,-2.755126885660842,7.5746735228743,13.561218422938238,13.577994919433118,14.229620009205714
05/17/2023 13:13:32.233710,398,True,True,True,True,Eyes,0.2886312,0.1140096,-2.408686,0.9312378,-0.3408861,-0.1288133,0.0,0.0,0.0,0.0,0.0,0.0,0.0,-2.068113,-0.5825772,-0.6242003,0.3295491,0.1175013,-2.20991,0.1027746,0.7581648,-0.1874607,0.6160214,24.2598,100.7948,355.2737,0.1084647,0.04587365,-0.9930406,0.0,0.0,0.0,1.33882,-0.2781664,-2.579556,0.2077101,0.04682801,1.136667,-0.2199103,-0.07511946,-0.9726236,0.3867996,0.9085917,-0.1576295,0.8955588,-0.4108748,-0.1707527,moving,-3.0972164346285402,4.064758497714085,10.355748363419302,2.3591174451945056,1.0092709,-0.39566769999999996,-0.36964600000000036,-0.0538947885720259,0.07078090482922339,0.9960348662849479,-2.804122238492586,7.574717973152649,13.543499212134234,13.56065902740551,14.15572969247089
05/17/2023 13:13:32.253617,399,True,True,True,True,Eyes,0.2907231,0.1139213,-2.400695,0.9296495,-0.3424089,-0.1360434,0.0,0.0,0.0,0.0,0.0,0.0,0.0,-2.0526,-0.5916079,-0.6441644,0.3326475,0.1166803,-2.203144,0.1029841,0.7610357,-0.1891486,0.6119167,24.45214,101.3764,355.2906,0.1095037,0.045981,-0.9929216,0.0,0.0,0.0,1.341415,-0.2805206,-2.579552,0.2056796,0.04781302,1.138689,-0.2299048,-0.07473733,-0.9703393,0.3882354,0.9072342,-0.1618624,0.8924221,-0.413933,-0.1795617,moving,-3.2262614417364053,4.152551073080261,10.238845979797876,2.4044106325914454,1.0087675,-0.3972009,-0.3764080000000001,-0.05613185037088919,0.07229808310122107,0.9958022177555387,-2.8465061482751173,7.617011303857551,13.560036785562993,13.578111535597651,14.085369930312384
05/17/2023 13:13:32.263533,400,True,True,True,True,Eyes,0.2928557,0.1138504,-2.39278,0.9279421,-0.3440701,-0.1433156,0.0,0.0,0.0,0.0,0.0,0.0,0.0,-2.037467,-0.6002817,-0.6635015,0.3359156,0.1163122,-2.196696,0.1041692,0.7637604,-0.1912056,0.6076671,24.7507,101.971,355.373,0.1105626,0.04608884,-0.9927992,0.0,0.0,0.0,1.344106,-0.2829614,-2.579547,0.2040199,0.0489212,1.140979,-0.239779,-0.07325815,-0.9680597,0.3914993,0.9051785,-0.1654702,0.8883888,-0.4186709,-0.1883623,moving,-3.3666279747335333,4.340764795821988,10.1379881507566,2.4551394198955894,1.0081904000000002,-0.3992736,-0.3828509999999996,-0.05855706904600294,0.07555831393854606,0.9954205878568547,-2.8745543942519824,7.698747759185659,13.615993104485588,13.635623922475485,14.029315446647095
05/17/2023 13:13:32.283809,401,True,True,True,True,Eyes,0.2950322,0.1137875,-2.384924,0.9261736,-0.3457901,-0.1504382,0.0,0.0,0.0,0.0,0.0,0.0,0.0,-2.022505,-0.6104709,-0.6810904,0.3391649,0.1166916,-2.190533,0.1052306,0.766296,-0.1934516,0.6035674,25.05638,102.5321,355.4257,0.1116417,0.04619776,-0.9926734,0.0,0.0,0.0,1.34672,-0.2853334,-2.579542,0.2027234,0.04954875,1.143088,-0.2492659,-0.07224656,-0.9657366,0.3947976,0.903006,-0.1694548,0.8843084,-0.4235098,-0.1965659,moving,-3.4849991329623284,4.533293297271356,10.056679011552742,2.4820120782838235,1.0075550999999998,-0.402025,-0.38900900000000016,-0.06059774188557032,0.07889311682571193,0.9950395833383234,-2.891624466196713,7.780705216940202,13.675044227841514,13.696160104533247,13.990522217899617
05/17/2023 13:13:32.303560,402,True,True,True,True,Eyes,0.2972454,0.1137228,-2.377141,0.9242813,-0.3476698,-0.1575743,0.0,0.0,0.0,0.0,0.0,0.0,0.0,-2.007166,-0.6210398,-0.6987449,0.3424258,0.1168132,-2.184433,0.106476,0.7688372,-0.1959376,0.5993004,25.39843,103.1098,355.4841,0.112741,0.04630791,-0.9925441,0.0,0.0,0.0,1.349394,-0.2877591,-2.579537,0.2013875,0.05062474,1.145196,-0.259004,-0.07112554,-0.963254,0.3985765,0.9005426,-0.173666,0.8798034,-0.4289105,-0.2048951,moving,-3.6175537674843277,4.751501452169307,9.973725069418593,2.5311795763271814,1.0069682,-0.4045723,-0.39510400000000034,-0.0628802968984441,0.08267039460386418,0.9945911448933299,-2.910231596517328,7.873489034788664,13.748401239193202,13.77144471922929,13.947638141265411
05/17/2023 13:13:32.313736,403,True,True,True,True,Eyes,0.2994969,0.1136544,-2.369416,0.922372,-0.3495449,-0.1644639,0.0,0.0,0.0,0.0,0.0,0.0,0.0,-1.99249,-0.6309776,-0.7141924,0.3456527,0.1167426,-2.178329,0.1078404,0.7710365,-0.1984738,0.5953833,25.75181,103.6304,355.5401,0.1138613,0.0464191,-0.992411,0.0,0.0,0.0,1.351726,-0.2898749,-2.579533,0.200943,0.05070493,1.147166,-0.267778,-0.07003818,-0.9609315,0.4026336,0.8979573,-0.1776482,0.8753176,-0.4344737,-0.2122535,moving,-3.71048732719311,4.985249217181118,9.935402026457005,2.5308358151642745,1.0060733,-0.40661749999999997,-0.4012039999999999,-0.06447117729971974,0.08671848705546933,0.9941446017575205,-2.907550908404888,7.969664343327496,13.84006489771948,13.864863555046673,13.947125002875676
05/17/2023 13:13:32.333357,404,True,True,True,True,Eyes,0.3017874,0.1135811,-2.361774,0.9203866,-0.3514999,-0.1712788,0.0,0.0,0.0,0.0,0.0,0.0,0.0,-1.979488,-0.638365,-0.7266932,0.3488243,0.1165743,-2.172257,0.10927,0.7727554,-0.2005551,0.5921882,26.06413,104.0567,355.6168,0.1150016,0.04653092,-0.9922743,0.0,0.0,0.0,1.354689,-0.2925625,-2.579527,0.2002107,0.04961412,1.150077,-0.2747464,-0.0686548,-0.9590625,0.4064106,0.8956755,-0.1805433,0.8714039,-0.4393768,-0.2181815,moving,-3.7117704773571365,5.182953736926471,9.875347825163173,2.470198252522238,1.0058647,-0.4091368,-0.40727,-0.06447372781932975,0.09014833852212842,0.9938392807550871,-2.8696454614949247,8.04594113734795,13.829597880830882,13.855281523117732,13.911281845848878
05/17/2023 13:13:32.353691,405,True,True,True,True,Eyes,0.3041178,0.113501,-2.354218,0.9184778,-0.3532972,-0.1777063,0.0,0.0,0.0,0.0,0.0,0.0,0.0,-1.967699,-0.644787,-0.7376167,0.352141,0.1164051,-2.16659,0.1103661,0.7742104,-0.202252,0.5895014,26.31418,104.4161,355.6773,0.1161622,0.046643,-0.9921339,0.0,0.0,0.0,1.359338,-0.2967805,-2.579519,0.1978654,0.04973777,1.155391,-0.280615,-0.0675625,-0.9574398,0.4093488,0.8938269,-0.1830492,0.8681527,-0.4432931,-0.2231646,moving,-3.6695329692467338,5.330984758648457,9.717864970874167,2.464971507212673,1.007197,-0.4131856,-0.4129290000000001,-0.06372594851731844,0.09272020016363318,0.9936507825426162,-2.8213530643829836,8.100221533465266,13.664430936715757,13.690743426292046,13.747291798536105
05/17/2023 13:13:32.363894,406,True,True,True,True,Eyes,0.3064912,0.1134097,-2.34675,0.9165169,-0.3551109,-0.1841009,0.0,0.0,0.0,0.0,0.0,0.0,0.0,-1.955077,-0.6532439,-0.7488687,0.355525,0.1161661,-2.16101,0.1105252,0.775795,-0.2039443,0.5867991,26.49694,104.7691,355.6515,0.1173437,0.046755,-0.9919896,0.0,0.0,0.0,1.361939,-0.2991396,-2.579514,0.195772,0.05024974,1.158244,-0.2869021,-0.06785883,-0.9555536,0.4108385,0.8923818,-0.1867256,0.8653896,-0.4461501,-0.2281472,moving,-3.624369222933924,5.405791380457514,9.593733065305196,2.484186153754211,1.006414,-0.4153057,-0.418504,-0.06293496555782441,0.09402219163224887,0.9935789542135711,-2.7859701176827345,8.126090401573512,13.510534072074407,13.537134305422708,13.604710009421112
05/17/2023 13:13:32.383740,407,True,True,True,True,Eyes,0.3089202,0.1133091,-2.339319,0.9146099,-0.3567907,-0.1902344,0.0,0.0,0.0,0.0,0.0,0.0,0.0,-1.941385,-0.6636144,-0.7614617,0.3590263,0.11584,-2.155659,0.1098987,0.777641,-0.2056381,0.5838748,26.62565,105.1483,355.5597,0.1185449,0.04686619,-0.9918415,0.0,0.0,0.0,1.364495,-0.3014589,-2.579509,0.194256,0.05084898,1.161121,-0.294025,-0.06921031,-0.9532886,0.4110572,0.8912706,-0.191491,0.8628913,-0.4481593,-0.2336064,moving,-3.621113051098861,5.426877910441236,9.497647088677288,2.5075522707604447,1.0054687,-0.4172989,-0.42384999999999984,-0.06287630822340595,0.09438819543275068,0.993547904308093,-2.7803633456991346,8.134003417691083,13.412911000487542,13.439655121894951,13.505794783553222
05/17/2023 13:13:32.403639,408,True,True,True,True,Eyes,0.3113974,0.1131818,-2.33196,0.9126452,-0.3584837,-0.1963873,0.0,0.0,0.0,0.0,0.0,0.0,0.0,-1.926137,-0.6749101,-0.7759767,0.362517,0.1154374,-2.150094,0.1089573,0.7798311,-0.20733,0.5805225,26.73527,105.5897,355.4542,0.1197677,0.04697632,-0.9916893,0.0,0.0,0.0,1.367175,-0.3038904,-2.579504,0.193187,0.05130073,1.164079,-0.3022442,-0.0707828,-0.950599,0.4106559,0.8902853,-0.1968603,0.8602386,-0.4498689,-0.2400162,moving,-3.6732860106971246,5.421602848736316,9.422752892354012,2.52338085996047,1.004658,-0.41932780000000003,-0.42940999999999985,-0.06378157854234973,0.0942912845862444,0.9934993003217172,-2.80543781436862,8.135390556409469,13.38598036599891,13.412901462638597,13.454489986358283
05/17/2023 13:13:32.413983,409,True,True,True,True,Eyes,0.313933,0.1130512,-2.324624,0.9107602,-0.3600079,-0.2022623,0.0,0.0,0.0,0.0,0.0,0.0,0.0,-1.911519,-0.682983,-0.7908404,0.3662457,0.114689,-2.144414,0.1086949,0.7819475,-0.2086155,0.577255,26.8555,106.0403,355.4443,0.1210125,0.04708426,-0.9915331,0.0,0.0,0.0,1.369665,-0.3061493,-2.579499,0.1934695,0.05179465,1.166794,-0.3099245,-0.07086121,-0.9481168,0.410836,0.88933,-0.2007633,0.8574151,-0.4517419,-0.2465128,moving,-3.742969592715973,5.440645402620567,9.41472063999787,2.5417236435804664,1.0034193,-0.4208383,-0.4350850000000004,-0.06498783578680695,0.09461409848215341,0.9933904678100632,-2.833848088758682,8.147297247356313,13.445807195609278,13.473253490715946,13.47033374977849
05/17/2023 13:13:32.433698,410,True,True,True,True,Eyes,0.3165193,0.1129107,-2.317356,0.9088313,-0.3615794,-0.2080528,0.0,0.0,0.0,0.0,0.0,0.0,0.0,-1.899109,-0.6880708,-0.802058,0.3698856,0.1143807,-2.138563,0.1090858,0.7834713,-0.2095769,0.5747615,26.9872,106.3904,355.4957,0.1222797,0.04719004,-0.9913726,0.0,0.0,0.0,1.372285,-0.3085257,-2.579494,0.1940885,0.05209171,1.169718,-0.3154992,-0.06998228,-0.9463419,0.4118446,0.8883557,-0.2029983,0.8548945,-0.4537915,-0.2514538,moving,-3.7175265125469914,5.481229069620936,9.421116326305647,2.549900398502931,1.0023994,-0.4229064,-0.44093099999999996,-0.06454233275655546,0.09532047797447823,0.9933520301046097,-2.8142185649943574,8.161269788381949,13.433990103832627,13.461672385890697,13.4607164122841
05/17/2023 13:13:32.454043,411,True,True,True,True,Eyes,0.3191746,0.1127613,-2.310117,0.906964,-0.3630489,-0.2135693,0.0,0.0,0.0,0.0,0.0,0.0,0.0,-1.888493,-0.6913894,-0.8108473,0.3737452,0.1140139,-2.132889,0.1101809,0.7845218,-0.2105691,0.5727534,27.16825,106.6713,355.5952,0.1235694,0.04729331,-0.9912078,0.0,0.0,0.0,1.374837,-0.3108413,-2.57949,0.1938657,0.05207802,1.17262,-0.3196273,-0.06832979,-0.9450764,0.414087,0.8870416,-0.2041791,0.8522737,-0.456605,-0.2552283,moving,-3.643300974666982,5.585076048099681,9.387621073695163,2.542930608680651,1.0010918000000002,-0.4248552,-0.4466009999999998,-0.06324430507441753,0.09712883509941035,0.9932603859298856,-2.7597858796721497,8.19642534375256,13.353306862866752,13.381314520818524,13.398563296495723
05/17/2023 13:13:32.473523,412,True,True,True,True,Eyes,0.3218882,0.1126153,-2.302943,0.9050487,-0.3645967,-0.2189885,0.0,0.0,0.0,0.0,0.0,0.0,0.0,-1.878583,-0.6942688,-0.818563,0.3776989,0.1135641,-2.12734,0.1117151,0.7853602,-0.2117293,0.5708765,27.39475,106.9296,355.7195,0.1248838,0.04739397,-0.9910382,0.0,0.0,0.0,1.377403,-0.3131689,-2.579485,0.1922419,0.05248285,1.175835,-0.3232397,-0.06626932,-0.9439941,0.4172158,0.8853809,-0.2050163,0.8493806,-0.4601185,-0.2585416,moving,-3.5529488385048102,5.732252478587342,9.285361099173008,2.5556742779593415,0.9997041,-0.426733,-0.45214500000000024,-0.06166221294728025,0.09968979207687237,0.9931060280780417,-2.68948312204821,8.247222349300618,13.196890783761088,13.225462227105034,13.258605264917716
05/17/2023 13:13:32.485375,413,True,True,True,True,Eyes,0.3246638,0.1124776,-2.295847,0.9032098,-0.3660475,-0.2241013,0.0,0.0,0.0,0.0,0.0,0.0,0.0,-1.86835,-0.6982902,-0.8257585,0.3818336,0.113411,-2.121688,0.1130547,0.7861513,-0.2130187,0.5690411,27.61936,107.1742,355.814,0.1262226,0.04749225,-0.9908639,0.0,0.0,0.0,1.380105,-0.3156201,-2.57948,0.1894586,0.05338842,1.179312,-0.3268216,-0.06467666,-0.9428704,0.420189,0.8836833,-0.2062644,0.8465393,-0.4635954,-0.2616305,moving,-3.4703952340999926,5.88077487117604,9.126686634723475,2.592057064597489,0.9982713999999999,-0.4290311,-0.4577920000000004,-0.06021538708006802,0.1022728512256051,0.9929322629439346,-2.622512741950657,8.299049285266996,12.990092440089763,13.019298614792879,13.06190821433155
05/17/2023 13:13:32.503513,414,True,True,True,True,Eyes,0.3274962,0.1123285,-2.288812,0.9013429,-0.367548,-0.2291057,0.0,0.0,0.0,0.0,0.0,0.0,0.0,-1.858424,-0.703828,-0.8319002,0.386138,0.1134697,-2.116411,0.1140641,0.7868033,-0.2145061,0.5673773,27.83864,107.3802,355.8547,0.1275868,0.04758863,-0.9906846,0.0,0.0,0.0,1.382668,-0.3179451,-2.579475,0.1870805,0.05382456,1.182621,-0.3301447,-0.0639198,-0.9417635,0.4229039,0.881953,-0.2081135,0.8438938,-0.4669831,-0.2641402,moving,-3.361689073241906,6.020240102479719,8.989211289108415,2.605901123103008,0.99653,-0.4314148,-0.46306400000000014,-0.05831658885297525,0.10470128606334479,0.9927924222203421,-2.545251853142322,8.345671342292594,12.784639768065666,12.814150398165165,12.883664158500732
05/17/2023 13:13:32.523649,415,True,True,True,True,Eyes,0.3304125,0.1121834,-2.281821,0.8995595,-0.3689094,-0.2338772,0.0,0.0,0.0,0.0,0.0,0.0,0.0,-1.848457,-0.708595,-0.8379308,0.3903996,0.1131731,-2.110878,0.1147905,0.7874417,-0.2157587,0.5658683,28.01531,107.5689,355.8817,0.1289765,0.04768268,-0.9905001,0.0,0.0,0.0,1.385308,-0.3203402,-2.57947,0.1855416,0.04984222,1.18778,-0.3332325,-0.06340037,-0.9407107,0.4249638,0.8805426,-0.2098822,0.8416425,-0.4697075,-0.2664826,moving,-3.2495640986408065,6.124883096606176,8.878350642281905,2.4028645313119537,0.9949083999999999,-0.4335133,-0.4685920000000001,-0.05636264625796772,0.10652628564577117,0.9927111295345515,-2.4731957398927715,8.37864926203723,12.657795014876797,12.686202669179035,12.828390718037566
05/17/2023 13:13:32.533820,416,True,True,True,True,Eyes,0.3333957,0.1120277,-2.274906,0.897756,-0.3702773,-0.2385979,0.0,0.0,0.0,0.0,0.0,0.0,0.0,-1.838937,-0.7127427,-0.8446431,0.3950125,0.1130352,-2.105778,0.1153914,0.7881264,-0.2166679,0.5644436,28.15038,107.7578,355.9217,0.1303932,0.04777471,-0.9903101,0.0,0.0,0.0,1.387862,-0.3226572,-2.579466,0.1756184,0.06363732,1.190408,-0.3361763,-0.06270768,-0.939709,0.4264797,0.8794797,-0.2112596,0.8397025,-0.4717873,-0.2689167,moving,-3.1350883012336235,6.187866966752541,8.392191880032243,3.0600285571193817,0.9928494999999999,-0.4356924,-0.4736880000000001,-0.0543726237087242,0.10762938398403972,0.9927031811221043,-2.408167928795758,8.395418209346255,11.912876107476182,11.944101535661076,12.046333663867891
05/17/2023 13:13:32.543540,417,True,True,True,True,Eyes,0.3364578,0.1118763,-2.268069,0.8960063,-0.3714838,-0.2432539,0.0,0.0,0.0,0.0,0.0,0.0,0.0,-1.828386,-0.7164848,-0.8536737,0.3996417,0.1126345,-2.100643,0.115833,0.789165,-0.2173204,0.5626484,28.25196,108.0131,355.9817,0.1318381,0.04786436,-0.9901145,0.0,0.0,0.0,1.390479,-0.3250318,-2.579461,0.1804455,0.06187386,1.195309,-0.340019,-0.06172716,-0.9383906,0.4273727,0.8787091,-0.2126567,0.8376991,-0.4733498,-0.2723973,moving,-3.0826974265954066,6.222338984506243,8.584629097988751,2.9632084624095323,0.9908373,-0.43766629999999995,-0.47881799999999997,-0.053461359069712555,0.10823195171729309,0.9926871062329886,-2.377307811176852,8.405268902433072,12.083096913493048,12.113977050965858,12.238467331876011
05/17/2023 13:13:32.563457,418,True,True,True,True,Eyes,0.3395915,0.1116995,-2.261304,0.8942186,-0.3726946,-0.2479353,0.0,0.0,0.0,0.0,0.0,0.0,0.0,-1.817219,-0.7207495,-0.8643591,0.4045497,0.1125389,-2.095843,0.1160807,0.7904544,-0.2178049,0.5605963,28.3254,108.3129,356.0467,0.133312,0.04795187,-0.9899129,0.0,0.0,0.0,1.392952,-0.3272752,-2.579456,0.1795379,0.05795297,1.198374,-0.3445141,-0.06068821,-0.9368175,0.4277142,0.8781726,-0.2141808,0.8356857,-0.4744785,-0.2765857,moving,-3.0666298983454263,6.2251808185915065,8.52056248323961,2.7686479712275225,0.9884023,-0.4398141,-0.48361300000000007,-0.05318268339820986,0.10828280831652895,0.9926965891201911,-2.369348682640881,8.405310837874467,12.062262383515957,12.091759450665915,12.262223838806937
05/17/2023 13:13:32.583486,419,True,True,True,True,Eyes,0.3428161,0.1115184,-2.254566,0.8924605,-0.3737725,-0.2526034,0.0,0.0,0.0,0.0,0.0,0.0,0.0,-1.804098,-0.7262149,-0.8770937,0.4094603,0.1117581,-2.090765,0.1160697,0.7920887,-0.2185345,0.5580019,28.40699,108.6825,356.088,0.1348154,0.04803618,-0.9897052,0.0,0.0,0.0,1.395545,-0.3296277,-2.579452,0.1790367,0.05383025,1.201742,-0.3503236,-0.06001027,-0.9347045,0.4277604,0.877541,-0.2166631,0.8332436,-0.4757316,-0.2817534,moving,-3.120233936248339,6.2373537700524215,8.473656273432308,2.564764991447945,0.9860847,-0.44138580000000005,-0.48868699999999965,-0.054110175190986376,0.10848829970405603,0.9926240382320908,-2.3916852935663977,8.413516018728584,12.13300897478001,12.161669232916191,12.339511171301163
05/17/2023 13:13:32.603467,420,True,True,True,True,Eyes,0.3461198,0.1113119,-2.247903,0.8906714,-0.3748873,-0.2572236,0.0,0.0,0.0,0.0,0.0,0.0,0.0,-1.792452,-0.7314197,-0.8867809,0.4144535,0.1113715,-2.08568,0.1161137,0.7932557,-0.2193002,0.5560311,28.49277,108.9545,356.1077,0.1363498,0.04811737,-0.989491,0.0,0.0,0.0,1.398083,-0.3319298,-2.579447,0.176113,0.05484611,1.205037,-0.3546943,-0.05965968,-0.9330773,0.4280912,0.8768501,-0.2187966,0.8312221,-0.477048,-0.285474,moving,-3.087492788922655,6.257934552519534,8.314763005057559,2.605964320423437,0.9836294999999999,-0.4433013,-0.49376700000000007,-0.05354081903239927,0.10884818598424609,0.992615466321923,-2.372586925474714,8.419301307525247,11.94424862632731,11.972816033309432,12.166114230240243
05/17/2023 13:13:32.613406,421,True,True,True,True,Eyes,0.3495228,0.1110993,-2.241273,0.8888615,-0.3759561,-0.2618822,0.0,0.0,0.0,0.0,0.0,0.0,0.0,-1.781006,-0.7371392,-0.895921,0.4196935,0.1105717,-2.080784,0.1163193,0.7942812,-0.2203838,0.5540923,28.61989,109.2097,356.117,0.1379162,0.04819445,-0.9892702,0.0,0.0,0.0,1.400654,-0.3342625,-2.579442,0.172678,0.05546059,1.208424,-0.3589033,-0.05944556,-0.9314801,0.4290064,0.8758016,-0.2211903,0.8289404,-0.4789967,-0.2888256,moving,-3.0409789778142113,6.323573532033903,8.132239749618519,2.6277444560558005,0.9809605000000001,-0.4448342,-0.4986579999999998,-0.0527283099326481,0.1099900343575653,0.992533102551229,-2.3383668295013766,8.441548588437728,11.74006507436849,11.768600991192566,11.976390133275135
05/17/2023 13:13:32.633470,422,True,True,True,True,Eyes,0.3530041,0.1108566,-2.234724,0.8870113,-0.3770767,-0.2665036,0.0,0.0,0.0,0.0,0.0,0.0,0.0,-1.769844,-0.7434992,-0.9042511,0.4249922,0.1101124,-2.07607,0.1164589,0.795206,-0.2215509,0.5522681,28.7501,109.4427,356.109,0.139516,0.04826747,-0.9890423,0.0,0.0,0.0,1.403292,-0.3366553,-2.579437,0.1683075,0.05552149,1.211967,-0.3628746,-0.05949339,-0.929937,0.4299287,0.8747051,-0.2237241,0.8267307,-0.4809903,-0.2918303,moving,-2.976740266816969,6.389810211475818,7.906177118166649,2.6229463943023417,0.9782998,-0.4467677,-0.5033669999999999,-0.05160880594680639,0.11114388590839158,0.9924634102058709,-2.295860673186195,8.46286430033159,11.48821432438204,11.516386318003985,11.755263342237496
05/17/2023 13:13:32.654037,423,True,True,True,True,Eyes,0.3565915,0.1105975,-2.228227,0.8851202,-0.3781755,-0.2711928,0.0,0.0,0.0,0.0,0.0,0.0,0.0,-1.757939,-0.7499858,-0.9138552,0.4303895,0.1091689,-2.071426,0.1166924,0.7962956,-0.2228248,0.5501321,28.89862,109.7201,356.1146,0.14115,0.04833531,-0.9888071,0.0,0.0,0.0,1.405905,-0.339026,-2.579432,0.1638348,0.05696557,1.215215,-0.3674749,-0.05932288,-0.9281394,0.4310094,0.873464,-0.2264763,0.8241316,-0.4832612,-0.2954074,moving,-2.9490324142355635,6.473210017815654,7.6782963634520245,2.6838865098173854,0.9755155,-0.4481949,-0.508006,-0.051120467731368024,0.1125912278941321,0.9923255137304231,-2.2668501559105625,8.49318914744316,11.254258939924561,11.282689821019412,11.51754906336915
05/17/2023 13:13:32.663923,424,True,True,True,True,Eyes,0.3602642,0.1103077,-2.221818,0.8831621,-0.3793227,-0.2759327,0.0,0.0,0.0,0.0,0.0,0.0,0.0,-1.744624,-0.7575657,-0.9258757,0.4361336,0.1084398,-2.067097,0.116864,0.7977558,-0.2241114,0.5474514,29.047,110.0796,356.1353,0.1428203,0.04839765,-0.9885642,0.0,0.0,0.0,1.408399,-0.3412884,-2.579428,0.1604584,0.05669269,1.21822,-0.3732802,-0.05892241,-0.925846,0.431838,0.8722337,-0.2296176,0.8210838,-0.485527,-0.3001426,moving,-2.9913063118020293,6.54808929904809,7.503545635549981,2.664469448824028,0.9722654,-0.4497282,-0.5123310000000001,-0.051844918985724686,0.1138837241596599,0.9921403440480988,-2.271754404576692,8.5248177888862,11.161647821367506,11.190371778358958,11.397375730464008
05/17/2023 13:13:32.683941,425,True,True,True,True,Eyes,0.3640293,0.10999,-2.215477,0.8812026,-0.3804332,-0.2806288,0.0,0.0,0.0,0.0,0.0,0.0,0.0,-1.730075,-0.764925,-0.9399276,0.4418993,0.1074304,-2.062745,0.1170562,0.7995296,-0.2252911,0.5443295,29.18873,110.5113,356.1851,0.1445271,0.04845341,-0.9883134,0.0,0.0,0.0,1.410962,-0.3436133,-2.579423,0.1562214,0.05757113,1.221024,-0.3800069,-0.05808539,-0.9231583,0.4324449,0.8710836,-0.2328195,0.8176714,-0.487688,-0.305899,moving,-3.0988824863840416,6.614261109402475,7.290979671858967,2.6994896533106645,0.9690627,-0.4510437,-0.5166779999999997,-0.05370056526142136,0.11501819724597932,0.9919107968417971,-2.3084529805875933,8.557371426282048,11.0733401630126,11.102912735886978,11.24561630658665
05/17/2023 13:13:32.703546,426,True,True,True,True,Eyes,0.3678791,0.1096458,-2.209215,0.879187,-0.3815984,-0.2853291,0.0,0.0,0.0,0.0,0.0,0.0,0.0,-1.715868,-0.7718633,-0.9532051,0.4477198,0.1063997,-2.058349,0.1174821,0.801166,-0.2265047,0.5413193,29.3489,110.9272,356.252,0.1462709,0.04850181,-0.9880545,0.0,0.0,0.0,1.41359,-0.3459976,-2.579418,0.1511794,0.06080751,1.223739,-0.3863427,-0.0569775,-0.9205937,0.4334681,0.8697872,-0.2357452,0.8141528,-0.4901264,-0.3113379,moving,-3.1890877466246,6.697835798519235,7.04257602394629,2.8446837756868737,0.9658701999999999,-0.4523973,-0.5210689999999998,-0.055252823342293755,0.11645504235914951,0.9916577856197191,-2.3337563622355715,8.595493190723296,10.902206927492667,10.933147946729251,10.999428073506113
05/17/2023 13:13:32.713640,427,True,True,True,True,Eyes,0.3718006,0.109275,-2.203052,0.8772103,-0.3827261,-0.289867,0.0,0.0,0.0,0.0,0.0,0.0,0.0,-1.702669,-0.7781268,-0.9649822,0.4536452,0.1054383,-2.053982,0.117998,0.8025418,-0.227642,0.5386858,29.50583,111.2897,356.3201,0.1480519,0.04854217,-0.9877872,0.0,0.0,0.0,1.416139,-0.3483105,-2.579413,0.1455155,0.06566853,1.226272,-0.3917882,-0.05585838,-0.9183583,0.4346517,0.8685112,-0.2382567,0.810913,-0.492512,-0.3159936,moving,-3.238637589889939,6.784062813188052,6.767354417206565,3.0653387908052654,0.9624938000000001,-0.4537488,-0.5254310000000002,-0.05610049108908932,0.11794173114597045,0.9914345861881937,-2.3398045834048573,8.631972054695755,10.642217752202626,10.674679592415218,10.673694344371574
05/17/2023 13:13:32.733613,428,True,True,True,True,Eyes,0.3758083,0.1088855,-2.196983,0.8752014,-0.383905,-0.2943459,0.0,0.0,0.0,0.0,0.0,0.0,0.0,-1.692646,-0.7826133,-0.9727648,0.4594593,0.10447,-2.049826,0.1186416,0.8032379,-0.2286176,0.5370914,29.65072,111.5016,356.3727,0.1498705,0.04857386,-0.9875114,0.0,0.0,0.0,1.418722,-0.3506536,-2.579409,0.1402189,0.07008797,1.229026,-0.3949143,-0.0549823,-0.9170714,0.4361719,0.8673163,-0.2398259,0.8085771,-0.4947114,-0.3185339,moving,-3.15161192573934,6.865621502945391,6.508701354832693,3.2638854992417263,0.9592627,-0.4551236,-0.5295830000000001,-0.05458521541541261,0.11936292589418684,0.9913490780818843,-2.283812082926068,8.657698918914459,10.276937255684153,10.30990566975138,10.31511103960641
05/17/2023 13:13:32.753868,429,True,True,True,True,Eyes,0.3798934,0.1084727,-2.191025,0.8732039,-0.3850616,-0.2987346,0.0,0.0,0.0,0.0,0.0,0.0,0.0,-1.681369,-0.7896702,-0.9813862,0.4655677,0.1036536,-2.046021,0.1188632,0.8041065,-0.2299474,0.5351716,29.80361,111.7419,356.3683,0.1517262,0.04859659,-0.9872268,0.0,0.0,0.0,1.421188,-0.3528905,-2.579404,0.1344614,0.07557394,1.231487,-0.398926,-0.05496532,-0.9153344,0.4372799,0.8659915,-0.24258,0.8060053,-0.4970287,-0.3214313,moving,-3.103126348671268,6.950761522341187,6.231225213561059,3.511725517633027,0.9556202999999999,-0.4565441,-0.5333829999999997,-0.053736595351532856,0.12084147037762413,0.9912162051560343,-2.24488594262542,8.687332385484723,9.913713358906197,9.947717714582986,9.931332578389595
05/17/2023 13:13:32.763671,430,True,True,True,True,Eyes,0.3840657,0.1080338,-2.185159,0.8711578,-0.3862792,-0.3031045,0.0,0.0,0.0,0.0,0.0,0.0,0.0,-1.66936,-0.7974582,-0.9907067,0.4717153,0.1027108,-2.042336,0.118947,0.8051019,-0.2313844,0.5330329,29.95907,112.0087,356.3509,0.1536194,0.04860993,-0.9869334,0.0,0.0,0.0,1.423881,-0.3553339,-2.579399,0.129738,0.08147594,1.234026,-0.4034554,-0.0551421,-0.9133364,0.4381998,0.8646258,-0.2457706,0.8032466,-0.4993812,-0.3246747,moving,-3.080540440903658,7.031942077045779,6.001682645646106,3.7774421955391277,0.9521656999999999,-0.45804469999999997,-0.5370629999999998,-0.0533365975126151,0.12224839788671024,0.9910652891478136,-2.2186683387810904,8.717137719849264,9.612265946293487,9.647722304906186,9.590347344077937
05/17/2023 13:13:32.783904,431,True,True,True,True,Eyes,0.3883338,0.1075812,-2.17938,0.8691003,-0.3874268,-0.3075145,0.0,0.0,0.0,0.0,0.0,0.0,0.0,-1.656408,-0.8059399,-1.000844,0.478023,0.1016671,-2.038644,0.1189877,0.8062318,-0.2329406,0.5306326,30.12484,112.3094,356.3311,0.1555502,0.04861335,-0.9866307,0.0,0.0,0.0,1.426428,-0.3576445,-2.579394,0.1269598,0.08670941,1.236219,-0.4085419,-0.05534848,-0.9110599,0.4390751,0.8631611,-0.2493308,0.8001915,-0.5018858,-0.3283354,moving,-3.088088817227594,7.125241716979692,5.863723758991524,4.0122017101604355,0.948405,-0.4593116,-0.5407500000000001,-0.05345639423417342,0.12386128681939688,0.9908586276919145,-2.203980267190223,8.75358897062176,9.440363109318156,9.477656170373137,9.357809647975007
05/17/2023 13:13:32.803859,432,True,True,True,True,Eyes,0.3926921,0.1071121,-2.173706,0.8670152,-0.3885092,-0.3120016,0.0,0.0,0.0,0.0,0.0,0.0,0.0,-1.644062,-0.8110051,-1.013185,0.4844195,0.1008462,-2.035284,0.1190917,0.8076218,-0.2334429,0.5282696,30.19153,112.6507,356.3996,0.1575192,0.04860693,-0.9863186,0.0,0.0,0.0,1.429009,-0.3599862,-2.57939,0.1252318,0.09056604,1.238189,-0.4134967,-0.05427951,-0.9088862,0.4390036,0.8626432,-0.251242,0.7976817,-0.5028921,-0.3328712,moving,-3.110624644592151,7.125660482881575,5.7753187983926315,4.1833900771827235,0.9445895,-0.4608324,-0.5441060000000002,-0.05384608020454157,0.12386591485382269,0.9908368123471554,-2.214285831939746,8.755227641149004,9.321951984484699,9.360392406954718,9.20518771456192
05/17/2023 13:13:32.813467,433,True,True,True,True,Eyes,0.3971374,0.1066314,-2.168116,0.8648982,-0.3894978,-0.3166111,0.0,0.0,0.0,0.0,0.0,0.0,0.0,-1.630031,-0.8146446,-1.02947,0.4909822,0.09997189,-2.032092,0.1188237,0.8096083,-0.2331983,0.5253893,30.16262,113.0966,356.5096,0.1595274,0.04859059,-0.9859967,0.0,0.0,0.0,1.431489,-0.3622355,-2.579385,0.1235471,0.09325163,1.240018,-0.4196941,-0.05263849,-0.9061381,0.4374411,0.862999,-0.2527411,0.7953002,-0.5024559,-0.3391694,moving,-3.211201319798209,7.031545337402307,5.689790712157866,4.300652808353333,0.9405068000000001,-0.46220739,-0.5472929999999998,-0.055596699778398206,0.12222645273961397,0.9909438543306736,-2.2789691833737553,8.725549991689883,9.27125872509483,9.310501230232509,9.114869683968767
05/17/2023 13:13:32.833733,434,True,True,True,True,Eyes,0.4016742,0.1061083,-2.162623,0.8627861,-0.3903563,-0.3212821,0.0,0.0,0.0,0.0,0.0,0.0,0.0,-1.616211,-0.8164873,-1.046006,0.4974222,0.09916171,-2.028709,0.118072,0.8116524,-0.2323196,0.5227878,30.03829,113.5179,356.6066,0.1615741,0.04856449,-0.9856647,0.0,0.0,0.0,1.434203,-0.3646976,-2.57938,0.1210577,0.09480868,1.242101,-0.4255041,-0.05124095,-0.9035047,0.4345745,0.8641732,-0.2536724,0.793783,-0.5005787,-0.3454412,moving,-3.2816489071092163,6.851855308717687,5.566582724459614,4.364882123751194,0.9367808,-0.46385931,-0.5506709999999999,-0.056836753967294096,0.11910974956469336,0.9912530121217326,-2.346428653437955,8.660917883455744,9.152339760190232,9.19109561633637,9.003980914872967
05/17/2023 13:13:32.853965,435,True,True,True,True,Eyes,0.406329,0.1056514,-2.157222,0.8606716,-0.3911552,-0.3259478,0.0,0.0,0.0,0.0,0.0,0.0,0.0,-1.602829,-0.8166469,-1.063158,0.5041809,0.09759834,-2.025476,0.1174814,0.8136582,-0.2312123,0.5202879,29.90106,113.934,356.7322,0.16366,0.04852737,-0.9853223,0.0,0.0,0.0,1.43677,-0.367027,-2.579375,0.1175381,0.09612606,1.244195,-0.4309976,-0.04941452,-0.9009992,0.4317734,0.8654779,-0.2540074,0.7923465,-0.498504,-0.3516831,moving,-3.3441132225821595,6.665162426660847,5.396670126703663,4.417875172731219,0.9325891000000001,-0.46462534,-0.5538990000000004,-0.057939734236787,0.11587185273945406,0.9915728227405876,-2.411572101925808,8.593063644290925,8.987148510969122,9.025053659720083,8.854425191620154
05/17/2023 13:13:32.863706,436,True,True,True,True,Eyes,0.411074,0.1051804,-2.151919,0.8585373,-0.3919069,-0.3306398,0.0,0.0,0.0,0.0,0.0,0.0,0.0,-1.591782,-0.8188224,-1.076407,0.5113937,0.0986611,-2.022779,0.1165903,0.8151489,-0.2300609,0.5186626,29.73637,114.213,356.7934,0.1657861,0.04848302,-0.984969,0.0,0.0,0.0,1.439374,-0.3693894,-2.57937,0.1141032,0.09769763,1.246018,-0.4347917,-0.04857111,-0.8992203,0.4287249,0.8669574,-0.2541258,0.7919288,-0.4960099,-0.3561223,moving,-3.284507737795743,6.460391198710157,5.23222670950756,4.483268220744774,0.9279803,-0.4680505,-0.5565910000000001,-0.056931440437355985,0.1123338347506733,0.9920382612393919,-2.4239719192775877,8.510240250368554,8.70696066389619,8.743213420469695,8.650657846128459
05/17/2023 13:13:32.883630,437,True,True,True,True,Eyes,0.4159198,0.1046916,-2.146666,0.8563929,-0.3927065,-0.3352205,0.0,0.0,0.0,0.0,0.0,0.0,0.0,-1.577423,-0.8245772,-1.090712,0.5183319,0.09785068,-2.019802,0.1157234,0.8168688,-0.230252,0.5160595,29.71009,114.5837,356.7932,0.1679526,0.0484312,-0.9846044,0.0,0.0,0.0,1.441933,-0.3717108,-2.579365,0.1129374,0.09917691,1.247913,-0.4405812,-0.04858577,-0.8963969,0.4267091,0.8671843,-0.2567309,0.7898148,-0.4956116,-0.3613331,moving,-3.3306912420424477,6.380386160598529,5.171238988983538,4.543986505255329,0.9236011,-0.46956148,-0.5595630000000003,-0.057740133730602994,0.11094332980081653,0.9921479891943489,-2.460837119542826,8.482434829940189,8.661674997368836,8.697998697825735,8.58836194699268
05/17/2023 13:13:32.903907,438,True,True,True,True,Eyes,0.4208926,0.104344,-2.141564,0.8542498,-0.3934919,-0.3397375,0.0,0.0,0.0,0.0,0.0,0.0,0.0,-1.570518,-0.8224697,-1.099656,0.5250397,0.0968632,-2.016725,0.1164914,0.8174603,-0.2294148,0.5153224,29.67874,114.7417,356.9656,0.1701608,0.04837159,-0.9842281,0.0,0.0,0.0,1.444535,-0.3740709,-2.579361,0.1130477,0.1016088,1.24942,-0.441745,-0.04599097,-0.895961,0.4268994,0.8675972,-0.2550137,0.7890616,-0.4951363,-0.3636231,moving,-3.1647136688087034,6.320494572085997,5.170052499503295,4.649334577240736,0.9194952999999999,-0.47093409999999997,-0.5626359999999999,-0.054872044505126005,0.10992398880435814,0.99242427443562,-2.3959975683139323,8.448473138276587,8.464903520571555,8.500653081311427,8.466319592046275
05/17/2023 13:13:32.919052,439,True,True,True,True,Eyes,0.4259497,0.1039716,-2.136543,0.8520209,-0.3944771,-0.3441632,0.0,0.0,0.0,0.0,0.0,0.0,0.0,-1.557495,-0.8369173,-1.108599,0.5330788,0.09990546,-2.015207,0.1146292,0.8185491,-0.2307148,0.5134281,29.69682,114.9428,356.7497,0.1724114,0.04831097,-0.9838393,0.0,0.0,0.0,1.447041,-0.3763449,-2.579356,0.1135125,0.1050611,1.25056,-0.4465035,-0.04925162,-0.8934255,0.4245702,0.8672616,-0.259995,0.7876388,-0.4954105,-0.3663246,moving,-3.086241905933473,6.272948668606727,5.186487037772957,4.80221301016448,0.9139622000000001,-0.47625036,-0.564149,-0.05351761465446958,0.1091084339655396,0.9925881921797896,-2.3690868374155656,8.425005548515308,8.36619624685672,8.4024465218799,8.379219674848114
05/17/2023 13:13:32.933636,440,True,True,True,True,Eyes,0.4310724,0.1035861,-2.131625,0.8498033,-0.3954716,-0.3484774,0.0,0.0,0.0,0.0,0.0,0.0,0.0,-1.543341,-0.8463406,-1.119178,0.5401034,0.09895288,-2.012274,0.1142353,0.819743,-0.2322472,0.510914,29.8344,115.2516,356.6938,0.174704,0.04824806,-0.983438,0.0,0.0,0.0,1.449765,-0.3788159,-2.579351,0.1143299,0.10816,1.251979,-0.4518346,-0.05002945,-0.890698,0.4246039,0.8660231,-0.2640371,0.7845746,-0.4974948,-0.3700565,moving,-3.102803730537273,6.344899672590773,5.217741099959478,4.937593139488357,0.9096616,-0.47776878,-0.5670769999999998,-0.05379708578514458,0.1103531528222354,0.9924353825974909,-2.362710191394406,8.453820175899128,8.400785591694078,8.438718975912098,8.356260787707313
05/17/2023 13:13:32.953706,441,True,True,True,True,Eyes,0.4362642,0.1032191,-2.126871,0.8475851,-0.3965574,-0.352621,0.0,0.0,0.0,0.0,0.0,0.0,0.0,-1.536718,-0.8470468,-1.126471,0.5468218,0.09826123,-2.009789,0.1156092,0.8201141,-0.2322928,0.5099878,29.92936,115.4126,356.8708,0.1770369,0.04818214,-0.9830239,0.0,0.0,0.0,1.452271,-0.381089,-2.579346,0.1156099,0.1110373,1.252933,-0.4530942,-0.04730752,-0.8902068,0.4265585,0.8653491,-0.2630947,0.782786,-0.4989318,-0.3719053,moving,-2.9629591445644468,6.390466968550232,5.271834938125572,5.064429949201749,0.9054492000000001,-0.47935023,-0.5695570000000001,-0.051370012161164325,0.11115662072070404,0.9924742668695672,-2.2893808605407147,8.462214016317919,8.30230472484714,8.34087571907106,8.28956699235546
05/17/2023 13:13:32.963710,442,True,True,True,True,Eyes,0.4415254,0.1028788,-2.122238,0.8453401,-0.3976784,-0.356724,0.0,0.0,0.0,0.0,0.0,0.0,0.0,-1.526561,-0.8535023,-1.136052,0.5541432,0.098405,-2.008161,0.115495,0.820991,-0.2328842,0.5083303,29.98748,115.6357,356.8812,0.1794088,0.04811394,-0.982597,0.0,0.0,0.0,1.454835,-0.3834152,-2.579342,0.1174681,0.1134014,1.253963,-0.4565224,-0.04712344,-0.8884633,0.426405,0.8648517,-0.2649724,0.7808754,-0.4998108,-0.3747306,moving,-2.8977264528344406,6.383729953491748,5.351706404756324,5.1674532861568885,0.9006918000000002,-0.48182020000000003,-0.5711810000000002,-0.050240649639320734,0.11104631875720408,0.9925445072564061,-2.2606259444103127,8.455341483362647,8.299282752112346,8.338613278201677,8.292033079498283
05/17/2023 13:13:32.983719,443,True,True,True,True,Eyes,0.4468354,0.1025339,-2.117735,0.8430759,-0.3990799,-0.3604974,0.0,0.0,0.0,0.0,0.0,0.0,0.0,-1.514423,-0.8638065,-1.144879,0.5610928,0.09872689,-2.006443,0.1149763,0.8219477,-0.2343352,0.5062308,30.10801,115.8828,356.8029,0.1818183,0.04804454,-0.9821574,0.0,0.0,0.0,1.457314,-0.3856645,-2.579337,0.1191596,0.1144977,1.254646,-0.4610217,-0.04824637,-0.8860764,0.4262644,0.863735,-0.2688134,0.7783043,-0.5016316,-0.3776348,moving,-2.8836599355961336,6.414484623090424,5.425374634774097,5.214310482792208,0.8962212,-0.48439139000000003,-0.5728940000000002,-0.04999396433008546,0.11158046011664272,0.9924971131455746,-2.2481539467347567,8.466271824249963,8.355148332150284,8.395264942731,8.334164232697182
05/17/2023 13:13:33.003979,444,True,True,True,True,Eyes,0.4522024,0.1022015,-2.113336,0.8407103,-0.4006638,-0.3642453,0.0,0.0,0.0,0.0,0.0,0.0,0.0,-1.500463,-0.875853,-1.154095,0.5678938,0.09835193,-2.004561,0.1154145,0.8230048,-0.2366574,0.5033249,30.37931,116.2318,356.7933,0.1842635,0.04797349,-0.9817051,0.0,0.0,0.0,1.46029,-0.3883645,-2.579332,0.1194808,0.1148561,1.256046,-0.466687,-0.04825769,-0.883105,0.4282045,0.8613456,-0.2733583,0.7738503,-0.5057223,-0.3813146,moving,-2.962731813752623,6.580934668518872,5.433884300884946,5.224744168936614,0.8923962000000001,-0.48671643,-0.5747710000000001,-0.051346719244568684,0.11445541338191642,0.992100499193007,-2.2521883578340542,8.535602820630979,8.463800621347756,8.505434430277413,8.368840895046768
05/17/2023 13:13:33.019065,445,True,True,True,True,Eyes,0.4576328,0.1018852,-2.109015,0.8382792,-0.4025282,-0.3677756,0.0,0.0,0.0,0.0,0.0,0.0,0.0,-1.487895,-0.8884934,-1.160733,0.574683,0.09837068,-2.002652,0.1167842,0.8236628,-0.2394408,0.5006089,30.75469,116.55,356.8414,0.1867431,0.04790122,-0.98124,0.0,0.0,0.0,1.462472,-0.3903441,-2.579328,0.1189871,0.1144237,1.256423,-0.4715045,-0.04735068,-0.8805915,0.432114,0.8580591,-0.2775104,0.7687399,-0.5113633,-0.3841178,moving,-3.0212389748777824,6.8380796763662905,5.409950667054791,5.203629486064914,0.8877889999999999,-0.48871478,-0.576676,-0.05233224142399939,0.11890072457830281,0.991526003242242,-2.2290841246503756,8.638538371431416,8.544990962304194,8.588153829712606,8.375765732137674
05/17/2023 13:13:33.033767,446,True,True,True,True,Eyes,0.463111,0.1016026,-2.104794,0.8357606,-0.4045664,-0.3712552,0.0,0.0,0.0,0.0,0.0,0.0,0.0,-1.475774,-0.9012365,-1.166459,0.5813274,0.0984705,-2.000781,0.1184842,0.8241993,-0.2423615,0.4979137,31.16458,116.8658,356.9156,0.1892562,0.04782833,-0.9807619,0.0,0.0,0.0,1.464984,-0.3926225,-2.579323,0.1171502,0.1147488,1.257111,-0.4760869,-0.04604098,-0.8781922,0.4366595,0.8544448,-0.2815185,0.7633281,-0.5174981,-0.3866857,moving,-3.075235475001871,7.120353368936735,5.32401847069964,5.215492332357419,0.8836566,-0.491093,-0.5785420000000001,-0.05323467057413439,0.12377822614001238,0.9908810204211478,-2.1990078210661235,8.750862495653594,8.567636883709685,8.612546801792162,8.312326195363351
05/17/2023 13:13:33.053712,447,True,True,True,True,Eyes,0.468647,0.1013449,-2.100631,0.8332197,-0.4067625,-0.3745518,0.0,0.0,0.0,0.0,0.0,0.0,0.0,-1.465419,-0.9124914,-1.17096,0.5879958,0.09904903,-1.998922,0.120549,0.8245064,-0.2449495,0.495638,31.56209,117.1399,357.0383,0.1918013,0.04775614,-0.980271,0.0,0.0,0.0,1.467531,-0.394933,-2.579318,0.1172879,0.1148663,1.257793,-0.4796221,-0.04402577,-0.8763702,0.4415994,0.8509353,-0.2844276,0.7582566,-0.5234222,-0.3886857,moving,-3.091026881447139,7.385083797303802,5.327366846446938,5.21798818214466,0.8795352,-0.49398202999999996,-0.5803960000000001,-0.05347640659387631,0.12835349156858492,0.9902855678527985,-2.154738217916885,8.853921234221723,8.64622974097928,8.692850876616275,8.318768259385832
05/17/2023 13:13:33.063794,448,True,True,True,True,Eyes,0.4742088,0.1011106,-2.096567,0.8306261,-0.4090769,-0.3777781,0.0,0.0,0.0,0.0,0.0,0.0,0.0,-1.456738,-0.9219625,-1.174573,0.5943589,0.0993891,-1.997143,0.1228712,0.8246287,-0.2472728,0.493707,31.94744,117.379,357.1957,0.1943777,0.04768553,-0.9797668,0.0,0.0,0.0,1.470163,-0.3973205,-2.579313,0.117545,0.116115,1.258043,-0.4823125,-0.04151437,-0.8750153,0.4468068,0.8475177,-0.2864917,0.7534844,-0.5291411,-0.3902194,moving,-3.0696769249563984,7.634139123791045,5.337922409866951,5.273351967106676,0.8758041000000001,-0.49670960000000003,-0.5821700000000001,-0.053077043181133765,0.13265970906968533,0.989739435422841,-2.0964018378093696,8.948504282326697,8.68429951657022,8.732756871348698,8.293124957436442
05/17/2023 13:13:33.083697,449,True,True,True,True,Eyes,0.4797961,0.1009028,-2.092596,0.8280947,-0.4113731,-0.38083,0.0,0.0,0.0,0.0,0.0,0.0,0.0,-1.449219,-0.929602,-1.178195,0.6005751,0.09976279,-1.995468,0.1252101,0.8247104,-0.249124,0.4920495,32.28489,117.5983,357.3804,0.1969828,0.04761715,-0.9792496,0.0,0.0,0.0,1.472814,-0.3997258,-2.579309,0.1180845,0.1171171,1.258354,-0.4844197,-0.03863854,-0.8739823,0.4516868,0.8445193,-0.2876911,0.7492109,-0.5341294,-0.3916493,moving,-3.0326347173942745,7.838173497567466,5.36096199766399,5.317295416847991,0.8722389,-0.49948859,-0.5838409999999998,-0.05241183993593207,0.13618820053139152,0.9892956694245917,-2.039599104777213,9.024708187827777,8.714140721834495,8.763976957574044,8.277270932220944
05/17/2023 13:13:33.093599,450,True,True,True,True,Eyes,0.4854073,0.1007245,-2.088732,0.8255582,-0.4136652,-0.3838422,0.0,0.0,0.0,0.0,0.0,0.0,0.0,-1.441479,-0.9370924,-1.182352,0.6066365,0.1002144,-1.993968,0.1268177,0.8249183,-0.2506765,0.4904982,32.54643,117.8002,357.5058,0.199615,0.04755173,-0.9787196,0.0,0.0,0.0,1.475386,-0.4020592,-2.579304,0.117699,0.1188862,1.258302,-0.4866578,-0.0366842,-0.8728223,0.4551413,0.8421571,-0.2891676,0.7456614,-0.537983,-0.3931459,moving,-2.9843979740855913,7.96414797833518,5.343781559838118,5.397366190993357,0.8687495000000001,-0.5022736,-0.5853360000000001,-0.05156320474155801,0.1383691196375051,0.9890375606753476,-1.9928364011774893,9.070095021881249,8.663973930779218,8.714754333490728,8.204565812468807
05/17/2023 13:13:33.113317,451,True,True,True,True,Eyes,0.4910294,0.1005635,-2.084994,0.8231036,-0.4157936,-0.3868024,0.0,0.0,0.0,0.0,0.0,0.0,0.0,-1.433209,-0.9434675,-1.188366,0.6128439,0.1007642,-1.992661,0.1276405,0.8254038,-0.2515798,0.4890034,32.69337,118.0055,357.5935,0.2022714,0.04749006,-0.978177,0.0,0.0,0.0,1.477918,-0.4043565,-2.579299,0.1155579,0.1202146,1.258103,-0.4891673,-0.03533681,-0.8714738,0.4567565,0.8408311,-0.2904765,0.7430268,-0.540143,-0.3951668,moving,-2.9434727920542376,7.9831864974405145,5.24794404818364,5.458170694471476,0.8650741000000001,-0.5051207,-0.5866379999999998,-0.05085434268628952,0.13870279368296948,0.9890274625277929,-1.970266195000221,9.074749457627668,8.521163472837639,8.5717568010167,8.073549471262115
05/17/2023 13:13:33.133664,452,True,True,True,True,Eyes,0.4966681,0.1004094,-2.081364,0.8206579,-0.4178581,-0.3897629,0.0,0.0,0.0,0.0,0.0,0.0,0.0,-1.423893,-0.9499755,-1.195701,0.6190032,0.1010544,-1.991544,0.1277006,0.8261252,-0.2522869,0.4874024,32.77383,118.2196,357.6186,0.2049496,0.04743225,-0.9776222,0.0,0.0,0.0,1.480574,-0.4067661,-2.579294,0.1120202,0.1215243,1.258074,-0.4922629,-0.03493708,-0.8697452,0.4569239,0.8400878,-0.2923579,0.7408765,-0.5413243,-0.3975805,moving,-2.916027049893679,7.935968247092252,5.088256236181224,5.517397170719996,0.8615708000000001,-0.5078205,-0.58775,-0.05038634016844912,0.13789094681763475,0.9891649014671902,-1.9668103348709172,9.054753033105904,8.311885378531345,8.361700603059315,7.892201899288523
05/17/2023 13:13:33.144017,453,True,True,True,True,Eyes,0.5023316,0.1002543,-2.077819,0.8182968,-0.4197543,-0.3926787,0.0,0.0,0.0,0.0,0.0,0.0,0.0,-1.413893,-0.9557643,-1.204252,0.6250601,0.1010681,-1.990449,0.1274692,0.8270407,-0.2527374,0.485674,32.8107,118.4576,357.6371,0.2076473,0.04737794,-0.9770554,0.0,0.0,0.0,1.483225,-0.4091705,-2.579289,0.1088905,0.1232311,1.257942,-0.4957448,-0.03465157,-0.8677768,0.4563403,0.8397509,-0.2942313,0.7389119,-0.5418651,-0.4004893,moving,-2.9141451604457687,7.853728002559073,4.9473288902205645,5.594983717061767,0.8581649,-0.5102386,-0.5888400000000003,-0.05036384703345065,0.13647114871511487,0.9893629238923339,-1.981956699806198,9.022935378907267,8.130187871707463,8.179529326102259,7.730837689675154
05/17/2023 13:13:33.163991,454,True,True,True,True,Eyes,0.5080066,0.1000921,-2.074377,0.815922,-0.4216148,-0.3956162,0.0,0.0,0.0,0.0,0.0,0.0,0.0,-1.40341,-0.9611878,-1.21349,0.6310492,0.1008747,-1.989372,0.1273793,0.8280609,-0.2531405,0.4837457,32.85192,118.7308,357.6835,0.2103629,0.04732651,-0.9764767,0.0,0.0,0.0,1.485719,-0.4114332,-2.579284,0.1069333,0.1248406,1.25748,-0.4995294,-0.03395558,-0.8656313,0.4558669,0.8393888,-0.295993,0.7366519,-0.5424698,-0.4038202,moving,-2.9390471717068305,7.77754740921395,4.860611675884827,5.669654828203874,0.8546698,-0.5123079,-0.589912,-0.0508031102254462,0.1351525613738152,0.989521478549606,-2.008268242484003,8.995208789616246,8.03008381142547,8.079473328868172,7.631567367404687
05/17/2023 13:13:33.183810,455,True,True,True,True,Eyes,0.5136946,0.09992495,-2.071012,0.8135492,-0.4234496,-0.3985325,0.0,0.0,0.0,0.0,0.0,0.0,0.0,-1.39246,-0.9674034,-1.22257,0.6370209,0.1005506,-1.988363,0.1272905,0.8290804,-0.2537739,0.4816864,32.91717,119.0138,357.719,0.2130949,0.04727705,-0.9758865,0.0,0.0,0.0,1.48827,-0.4137479,-2.57928,0.1077477,0.1262564,1.256891,-0.5035506,-0.03341075,-0.8633195,0.455547,0.8387918,-0.2981697,0.7341074,-0.5434262,-0.407154,moving,-2.976410231958837,7.725783459125847,4.899734397185136,5.73619649907058,0.8512491,-0.5142985,-0.5909169999999997,-0.05145471948164382,0.13425404330119015,0.98961016658955,-2.035568882888426,8.977708903452788,8.073291229503972,8.123552824399889,7.655444745693279
05/17/2023 13:13:33.203610,456,True,True,True,True,Eyes,0.5193847,0.09974663,-2.067743,0.811121,-0.4253576,-0.4014394,0.0,0.0,0.0,0.0,0.0,0.0,0.0,-1.381696,-0.9756489,-1.229444,0.6427364,0.1002952,-1.987294,0.1273596,0.8298451,-0.2550788,0.4796578,33.06087,119.267,357.7213,0.2158415,0.04722892,-0.9752851,0.0,0.0,0.0,1.490841,-0.4160801,-2.579275,0.1076648,0.1276032,1.256103,-0.507416,-0.03332351,-0.8610567,0.4560786,0.8374286,-0.3011737,0.7311098,-0.5455298,-0.4097265,moving,-2.9930357262605636,7.747732709515589,4.8990394100455985,5.800582865549975,0.8481046000000001,-0.5163753,-0.5919810000000001,-0.05173919896515056,0.13463115431219413,0.9895440687357642,-2.0389578857906296,8.987257696865495,8.077591162104953,8.128729450040593,7.634834834989595
05/17/2023 13:13:33.213385,457,True,True,True,True,Eyes,0.5250611,0.09957033,-2.064583,0.8086829,-0.4273018,-0.4042834,0.0,0.0,0.0,0.0,0.0,0.0,0.0,-1.370143,-0.9863408,-1.235286,0.6485069,0.09988098,-1.986341,0.1276449,0.8305037,-0.2571127,0.4773505,33.29355,119.536,357.7068,0.2186006,0.04718121,-0.9746726,0.0,0.0,0.0,1.493404,-0.4184053,-2.57927,0.1069311,0.1290959,1.255232,-0.5116866,-0.03344665,-0.8585209,0.4574848,0.8351998,-0.3052034,0.7272445,-0.5489287,-0.4120592,moving,-3.032914302056318,7.854293737176776,4.869175052002345,5.872010515111082,0.8448971,-0.51828628,-0.5929290000000003,-0.05241463520464079,0.1364664996221283,0.9892570591350147,-2.0365890490869525,9.030939040289756,8.094288426079421,8.146929662885915,7.593971770232042
05/17/2023 13:13:33.234108,458,True,True,True,True,Eyes,0.5307381,0.0993984,-2.061517,0.8062121,-0.4292786,-0.4071143,0.0,0.0,0.0,0.0,0.0,0.0,0.0,-1.35846,-0.9977167,-1.240383,0.6541287,0.09976357,-1.985338,0.1279204,0.8311159,-0.2592914,0.4750271,33.54102,119.8009,357.6823,0.221369,0.04713369,-0.9740499,0.0,0.0,0.0,1.496011,-0.4207706,-2.579265,0.1055632,0.1308189,1.254295,-0.5159714,-0.03370742,-0.8559424,0.4589742,0.8328087,-0.309471,0.7232678,-0.5525336,-0.4142345,moving,-3.070361229857782,7.9731490625913946,4.810754918630967,5.954236536150198,0.8418823,-0.52053417,-0.5939269999999999,-0.05304595912837878,0.13851372519945593,0.9889389233013232,-2.0307054926372983,9.079199040758198,8.0814389082877,8.135600748278598,7.521367642533959
05/17/2023 13:13:33.243648,459,True,True,True,True,Eyes,0.5364233,0.09923458,-2.058524,0.8037887,-0.4311952,-0.4098712,0.0,0.0,0.0,0.0,0.0,0.0,0.0,-1.347452,-1.007442,-1.246218,0.6598461,0.09972,-1.984512,0.127941,0.831782,-0.2609317,0.4729529,33.71738,120.0452,357.6588,0.2241453,0.04708631,-0.9734171,0.0,0.0,0.0,1.498645,-0.4231601,-2.579261,0.1034769,0.1298881,1.253622,-0.5198932,-0.0339788,-0.8535551,0.4596548,0.8310915,-0.3130564,0.7200196,-0.5550967,-0.4164604,moving,-3.090411970841201,8.025547158037876,4.71863103122519,5.91532363783427,0.8387989,-0.5228801,-0.5947489999999998,-0.05338521014037034,0.13941553666560383,0.9887938626501889,-2.0297442685340914,9.10070694626413,8.035363473667655,8.08914061648965,7.4623880901508155
05/17/2023 13:13:33.264086,460,True,True,True,True,Eyes,0.5421116,0.09907087,-2.055623,0.8013879,-0.4330323,-0.4126264,0.0,0.0,0.0,0.0,0.0,0.0,0.0,-1.336657,-1.015737,-1.252692,0.6654947,0.09973399,-1.983628,0.127385,0.832539,-0.2620583,0.4711447,33.80589,120.2577,357.5977,0.2269283,0.04703923,-0.9727744,0.0,0.0,0.0,1.50121,-0.425487,-2.579256,0.09947878,0.1267355,1.253036,-0.5235914,-0.03482877,-0.8512573,0.4590407,0.830197,-0.3163139,0.7177282,-0.556381,-0.4186963,moving,-3.083310629169691,7.994873461412313,4.539202863723861,5.775411951329833,0.8357152999999999,-0.52522099,-0.595628,-0.0532666542533729,0.13888704719865844,0.9888746820258618,-2.032443910218204,9.08842020152441,7.887822312496729,7.9390630016445805,7.359522062425011
05/17/2023 13:13:33.283846,461,True,True,True,True,Eyes,0.5478312,0.09890593,-2.052769,0.7990663,-0.4347378,-0.4153265,0.0,0.0,0.0,0.0,0.0,0.0,0.0,-1.325833,-1.022295,-1.26074,0.6712703,0.09957087,-1.982893,0.126303,0.8334739,-0.2625881,0.4694854,33.80136,120.461,357.5155,0.2297168,0.04699216,-0.972122,0.0,0.0,0.0,1.503759,-0.4277995,-2.579251,0.096219,0.1216,1.252779,-0.5272622,-0.03602209,-0.8489389,0.457103,0.8301901,-0.3191258,0.7162763,-0.5563154,-0.4212621,moving,-3.0710784540409577,7.8786294690671355,4.391948359049646,5.544002057894688,0.8324887000000001,-0.52737037,-0.5963580000000002,-0.053070489377681884,0.13688192023558007,0.9891647341149067,-2.049440853973147,9.042819468388931,7.772002649473367,7.819670988085564,7.330294555174713
05/17/2023 13:13:33.293604,462,True,True,True,True,Eyes,0.5535543,0.09872115,-2.050002,0.7967582,-0.4363844,-0.4180252,0.0,0.0,0.0,0.0,0.0,0.0,0.0,-1.314993,-1.028017,-1.269347,0.6770076,0.09929571,-1.982187,0.1251712,0.8344741,-0.262907,0.4678303,33.77244,120.6711,357.4428,0.232511,0.04694489,-0.9714597,0.0,0.0,0.0,1.506349,-0.4301495,-2.579246,0.09309238,0.1166173,1.251901,-0.5309342,-0.03708749,-0.8466012,0.4548959,0.8304242,-0.3216604,0.7149678,-0.5558959,-0.4240297,moving,-3.06257754508826,7.741789174083299,4.252733905634554,5.321868691494946,0.8293413999999999,-0.52944521,-0.597059,-0.05294101219895547,0.13452002448303174,0.9894956563351219,-2.0721680912514566,8.989525789908484,7.660845243700385,7.705179865721953,7.3113674413037035
05/17/2023 13:13:33.313639,463,True,True,True,True,Eyes,0.5593021,0.09852242,-2.047271,0.7944895,-0.4380193,-0.4206252,0.0,0.0,0.0,0.0,0.0,0.0,0.0,-1.304206,-1.034186,-1.277364,0.6828213,0.09863459,-1.981458,0.1242707,0.8353573,-0.2635122,0.4661505,33.7873,120.8777,357.3758,0.2353094,0.04689629,-0.9707881,0.0,0.0,0.0,1.508875,-0.4324408,-2.579242,0.09248227,0.1086141,1.251535,-0.5345211,-0.03805182,-0.8442982,0.4532936,0.8302362,-0.324396,0.7133108,-0.5561114,-0.4265301,moving,-3.0578491744133105,7.649505589656037,4.226194617358379,4.959970280403648,0.8260537,-0.53107539,-0.5977839999999999,-0.05287082239918517,0.1329266114732778,0.9897147183703221,-2.087958100914742,8.953650972262242,7.723790036692532,7.7647211244295855,7.4711451610981285
05/17/2023 13:13:33.333407,464,True,True,True,True,Eyes,0.5650579,0.09831635,-2.044611,0.7922034,-0.4396553,-0.423222,0.0,0.0,0.0,0.0,0.0,0.0,0.0,-1.293505,-1.04172,-1.28373,0.688454,0.09803067,-1.980586,0.1234435,0.8360533,-0.2645774,0.4645166,33.85442,121.0588,357.2813,0.2381127,0.04684568,-0.9701068,0.0,0.0,0.0,1.511497,-0.4348194,-2.579237,0.08978587,0.1054938,1.250556,-0.5379723,-0.03939058,-0.8420418,0.4522118,0.829521,-0.3277186,0.7114003,-0.5570847,-0.4284464,moving,-3.0357857375067403,7.60949129655233,4.106604842201102,4.821913477896536,0.8230430000000001,-0.5328500700000001,-0.598651,-0.052494573401467626,0.13223799881650367,0.9898269053253977,-2.085580278406833,8.936783681101764,7.6280589210321885,7.667094188032459,7.434736939334473
05/17/2023 13:13:33.343762,465,True,True,True,True,Eyes,0.5708434,0.0981161,-2.041979,0.7899709,-0.441297,-0.4256794,0.0,0.0,0.0,0.0,0.0,0.0,0.0,-1.28094,-1.051247,-1.290192,0.6944121,0.09765705,-1.97959,0.1225224,0.8368419,-0.266032,0.4625052,33.95818,121.2773,357.1654,0.2409199,0.04679272,-0.969416,0.0,0.0,0.0,1.514089,-0.4371705,-2.579232,0.09163809,0.1023453,1.249381,-0.5421547,-0.04101862,-0.8392771,0.451146,0.8284305,-0.3319189,0.7088977,-0.5585878,-0.4306321,moving,-3.0604659535679835,7.601639579113768,4.194949863592859,4.6830309420363205,0.8196769,-0.53482755,-0.5996420000000002,-0.052921928219522796,0.1320993791208304,0.9898227316997672,-2.098484646696762,8.935375588276543,7.781827449900277,7.8204434053531005,7.595377075939827
05/17/2023 13:13:33.368888,466,True,True,True,True,Eyes,0.5766454,0.09791098,-2.039397,0.7877675,-0.4428933,-0.4280981,0.0,0.0,0.0,0.0,0.0,0.0,0.0,-1.269983,-1.059168,-1.295732,0.7004397,0.09754797,-1.978252,0.1218549,0.8374349,-0.2671655,0.460952,34.04237,121.4463,357.0801,0.2437318,0.04673779,-0.9687155,0.0,0.0,0.0,1.516645,-0.4394898,-2.579227,0.09131008,0.09643853,1.248532,-0.5453495,-0.0422098,-0.8371454,0.450392,0.827548,-0.3351289,0.7069237,-0.5598059,-0.4322919,moving,-3.037847223432269,7.58165428582128,4.182820049216013,4.416843968408345,0.8162053,-0.53703777,-0.600975,-0.05253358865529306,0.13175682223800883,0.9898891121340248,-2.091950849798187,8.92619080505108,7.847283026353912,7.883784637310772,7.727027806877319
05/17/2023 13:13:33.383592,467,True,True,True,True,Eyes,0.5824761,0.09769773,-2.036848,0.7856702,-0.4444484,-0.4303347,0.0,0.0,0.0,0.0,0.0,0.0,0.0,-1.261035,-1.064185,-1.301532,0.7066435,0.09722928,-1.976837,0.1214763,0.8379128,-0.2676851,0.459881,34.07812,121.576,357.0495,0.2465477,0.04668071,-0.9680054,0.0,0.0,0.0,1.519215,-0.4418213,-2.579222,0.08963758,0.09710708,1.247022,-0.5475063,-0.04263341,-0.8357151,0.4497797,0.8271765,-0.3368643,0.7056454,-0.5603228,-0.4337087,moving,-2.9818671216853105,7.520430075741951,4.111424512513878,4.452704431292605,0.8125715,-0.53905058,-0.6023850000000002,-0.05157364226037314,0.13070552984000006,0.990078896526905,-2.078070297756003,8.898926167231123,7.6925719810540025,7.728242157011667,7.620940475524653
05/17/2023 13:13:33.393841,468,True,True,True,True,Eyes,0.5883293,0.09747344,-2.034346,0.7836254,-0.4459568,-0.4324972,0.0,0.0,0.0,0.0,0.0,0.0,0.0,-1.25427,-1.067014,-1.306911,0.7129366,0.09679878,-1.975368,0.1213983,0.838198,-0.2677865,0.4593224,34.08611,121.6539,357.0593,0.2493681,0.04662117,-0.9672856,0.0,0.0,0.0,1.521796,-0.4441625,-2.579218,0.09081429,0.09631103,1.245602,-0.5485709,-0.042489,-0.8350238,0.4495123,0.8271056,-0.3373943,0.7049885,-0.5604382,-0.4346269,moving,-2.877562611146594,7.439452180732501,4.169939813794395,4.4213624448880635,0.8088593999999999,-0.54096128,-0.60385,-0.049780297764232595,0.12931787722960442,0.9903529025466494,-2.0457627108917587,8.860880928981,7.632155132063325,7.6665609032446005,7.638342899215292
05/17/2023 13:13:33.414020,469,True,True,True,True,Eyes,0.5941902,0.09722922,-2.031901,0.7816872,-0.4474927,-0.4344138,0.0,0.0,0.0,0.0,0.0,0.0,0.0,-1.248887,-1.0694,-1.311501,0.7193313,0.09631705,-1.973995,0.1217216,0.8382908,-0.2679002,0.459001,34.11787,121.7053,357.102,0.2521933,0.04655875,-0.9665559,0.0,0.0,0.0,1.524329,-0.4464609,-2.579213,0.09012294,0.09377684,1.243915,-0.5490038,-0.04185679,-0.8347711,0.450009,0.8268267,-0.3374158,0.7043342,-0.5608971,-0.435095,moving,-2.7616454625852973,7.382478093363169,4.143898492275887,4.311285482113661,0.8049977,-0.54277795,-0.6052180000000003,-0.04778266208066129,0.1283455495785242,0.9905777011095303,-2.003428679298422,8.831325197971568,7.5253023764262155,7.557695506430079,7.630228724442579
05/17/2023 13:13:33.433534,470,True,True,True,True,Eyes,0.6000711,0.09696446,-2.0295,0.7797383,-0.4490588,-0.4362962,0.0,0.0,0.0,0.0,0.0,0.0,0.0,-1.242673,-1.073494,-1.315518,0.7255116,0.09562212,-1.972741,0.1219341,0.8383698,-0.268494,0.4584528,34.194,121.7672,357.108,0.2550219,0.04649261,-0.9658166,0.0,0.0,0.0,1.527092,-0.4489671,-2.579208,0.08859098,0.09267533,1.242878,-0.5499061,-0.04173195,-0.8341831,0.4506354,0.826086,-0.3383926,0.7032288,-0.5619966,-0.4354638,moving,-2.663748664934676,7.3651341512866395,4.077084831322807,4.264374321858495,0.8015803999999999,-0.54458922,-0.6064669999999999,-0.04609181231750026,0.12805587538124322,0.9906953285932066,-1.9616837511805323,8.818223677591227,7.388818882487312,7.419807796975751,7.563350444593771
05/17/2023 13:13:33.453538,471,True,True,True,True,Eyes,0.6059579,0.09667498,-2.027157,0.7777858,-0.4507571,-0.4380265,0.0,0.0,0.0,0.0,0.0,0.0,0.0,-1.233212,-1.081122,-1.319607,0.7318792,0.09488289,-1.971382,0.1219152,0.8386179,-0.2698878,0.4571841,34.34266,121.8973,357.0637,0.2578541,0.04642202,-0.9650678,0.0,0.0,0.0,1.529493,-0.4511452,-2.579203,0.08522105,0.09553729,1.241146,-0.5522388,-0.04229622,-0.8326124,0.4512574,0.8245945,-0.3411901,0.7009987,-0.5641409,-0.4362867,moving,-2.6443236871747113,7.404586623700071,3.927946088156406,4.401666334173275,0.7976138,-0.5460280900000001,-0.6078210000000002,-0.04575184629885232,0.12874002326553854,0.9906223819166083,-1.9450483279276234,8.832154774043847,7.194524689034947,7.225805163785045,7.356717422001538
05/17/2023 13:13:33.463727,472,True,True,True,True,Eyes,0.6118693,0.09637038,-2.024843,0.7758011,-0.4525031,-0.4397427,0.0,0.0,0.0,0.0,0.0,0.0,0.0,-1.22237,-1.09069,-1.323095,0.7382985,0.094067,-1.969884,0.121941,0.8388603,-0.2718073,0.4555925,34.55017,122.0538,357.0015,0.2606888,0.04634607,-0.9643096,0.0,0.0,0.0,1.532057,-0.4534717,-2.579199,0.08242577,0.100179,1.239625,-0.5551318,-0.04308381,-0.830646,0.4522497,0.8225023,-0.3449059,0.698068,-0.5671276,-0.4371125,moving,-2.653786397716004,7.497235029185719,3.8041400752494683,4.620257911846908,0.7937585,-0.5475386999999999,-0.609315,-0.04590577233541354,0.13034079635880028,0.9904059679469592,-1.9313694100380485,8.868480537488924,7.037166537893206,7.069781585305122,7.137469056524156
05/17/2023 13:13:33.486748,473,True,True,True,True,Eyes,0.6177893,0.09605242,-2.022589,0.7738082,-0.4543301,-0.4413671,0.0,0.0,0.0,0.0,0.0,0.0,0.0,-1.21054,-1.100636,-1.326938,0.7448131,0.09342068,-1.968272,0.1216263,0.8392047,-0.2737017,0.4539054,34.73608,122.2169,356.9077,0.2635268,0.04626447,-0.9635417,0.0,0.0,0.0,1.53468,-0.4558513,-2.579194,0.07960057,0.1054872,1.238246,-0.5583542,-0.0443306,-0.8284177,0.4526081,0.8205888,-0.3489698,0.6952603,-0.5697972,-0.4381149,moving,-2.675935858651066,7.560806718665295,3.6781945497851987,4.869317861984589,0.7898669,-0.54927198,-0.6109220000000002,-0.04628187859716909,0.1314373124238556,0.9902434588180677,-1.929199804423803,8.89443217353358,6.86651516728639,6.90065833910438,6.90249351065624
05/17/2023 13:13:33.504780,474,True,True,True,True,Eyes,0.6237489,0.09572738,-2.02036,0.7717875,-0.4561725,-0.4430021,0.0,0.0,0.0,0.0,0.0,0.0,0.0,-1.197839,-1.111339,-1.330938,0.7514957,0.09285946,-1.966702,0.1211234,0.8396038,-0.2757069,0.4520846,34.9237,122.3899,356.7912,0.2663667,0.04617698,-0.9627647,0.0,0.0,0.0,1.537294,-0.4582227,-2.579189,0.07775819,0.1100511,1.237041,-0.5618975,-0.04589435,-0.8259329,0.4526769,0.8186297,-0.353453,0.6923547,-0.5724851,-0.4392106,moving,-2.7086000581071157,7.623334268688612,3.596778304723966,5.083830978112583,0.7857983,-0.55108216,-0.612487,-0.0468396359131128,0.13251446708806303,0.9900737952480128,-1.932079916174644,8.920670681410428,6.761809492981892,6.797563773978502,6.729755726295037
05/17/2023 13:13:33.514167,475,True,True,True,True,Eyes,0.6297154,0.09538294,-2.018206,0.769771,-0.4580253,-0.4445958,0.0,0.0,0.0,0.0,0.0,0.0,0.0,-1.184166,-1.121582,-1.336027,0.7584214,0.09237852,-1.965051,0.1202708,0.8401695,-0.2774579,0.4501859,35.06545,122.5766,356.6577,0.2692097,0.04608374,-0.9619781,0.0,0.0,0.0,1.53981,-0.4605049,-2.579184,0.0765357,0.1146637,1.235769,-0.5657356,-0.04771941,-0.8232051,0.451911,0.8171041,-0.3579349,0.6897246,-0.5745117,-0.4407,moving,-2.754792361288456,7.637250687190095,3.544010741905299,5.301143517332558,0.7813885999999999,-0.55288342,-0.614133,-0.04763630757704557,0.1327499216904421,0.9900041584510322,-1.9506608589857715,8.929061912135092,6.680593772605686,6.718059038283534,6.584315293254527
05/17/2023 13:13:33.534011,476,True,True,True,True,Eyes,0.6357349,0.09501868,-2.016071,0.7677343,-0.4598679,-0.4462124,0.0,0.0,0.0,0.0,0.0,0.0,0.0,-1.169734,-1.131293,-1.34218,0.7654931,0.09166953,-1.963457,0.1190504,0.8408734,-0.2790134,0.4482304,35.16647,122.7704,356.4996,0.2720549,0.04598419,-0.9611821,0.0,0.0,0.0,1.542379,-0.4628355,-2.57918,0.07566291,0.1182038,1.23472,-0.5698332,-0.04991199,-0.8202434,0.4503372,0.815957,-0.3625059,0.6873768,-0.5759539,-0.4424822,moving,-2.806025210472436,7.60930992259417,3.506666435020432,5.468447890237882,0.7768858999999999,-0.5545050300000001,-0.615723,-0.04852472783096978,0.13226145620573887,0.9900263656852417,-1.9797154644745791,8.92165236507676,6.627049638538286,6.665835735499349,6.482669781205406
05/17/2023 13:13:33.553743,477,True,True,True,True,Eyes,0.6417965,0.09464961,-2.013967,0.7656256,-0.461726,-0.4479135,0.0,0.0,0.0,0.0,0.0,0.0,0.0,-1.155289,-1.140575,-1.348473,0.7727985,0.09084048,-1.961763,0.1179598,0.8415601,-0.2805037,0.4462958,35.26867,122.9668,356.36,0.2749036,0.04587793,-0.9603763,0.0,0.0,0.0,1.545048,-0.4652566,-2.579175,0.07484049,0.1201172,1.234023,-0.5738113,-0.0518347,-0.8173458,0.4489157,0.8148063,-0.3668314,0.6849931,-0.5774112,-0.4442756,moving,-2.850189041154531,7.5824759458952276,3.4705985720203487,5.559536408374585,0.7722494999999999,-0.55609708,-0.6174120000000003,-0.04929093401395801,0.13179282186753288,0.9900510178075849,-2.0052963386492135,8.914205966219239,6.597097266840369,6.636613626189883,6.421778018199201
05/17/2023 13:13:33.563726,478,True,True,True,True,Eyes,0.6479179,0.0942632,-2.01188,0.7634784,-0.4635824,-0.4496578,0.0,0.0,0.0,0.0,0.0,0.0,0.0,-1.140484,-1.150319,-1.354528,0.7801258,0.09039962,-1.960081,0.1169511,0.8422614,-0.2820464,0.4442611,35.38216,123.1774,356.2307,0.2777567,0.04576526,-0.9595603,0.0,0.0,0.0,1.547608,-0.4675792,-2.57917,0.07395428,0.1194457,1.23331,-0.5779089,-0.05359763,-0.8143394,0.4476114,0.8135446,-0.3711998,0.6823968,-0.5790272,-0.4461639,moving,-2.9026932663662075,7.566431218293476,3.431578773216142,5.531826020204135,0.7674822000000001,-0.55797882,-0.619089,-0.05020007465318932,0.13150961246497628,0.9900430396155946,-2.032620553663073,8.911464334956706,6.613503856656575,6.6530159013433074,6.424906958268801
05/17/2023 13:13:33.583656,479,True,True,True,True,Eyes,0.6540638,0.09385862,-2.009846,0.7612819,-0.4654306,-0.451469,0.0,0.0,0.0,0.0,0.0,0.0,0.0,-1.124172,-1.160196,-1.361563,0.7877064,0.08961066,-1.958356,0.1158676,0.843115,-0.2836251,0.4419149,35.49728,123.4309,356.1055,0.2806164,0.04564588,-0.9587336,0.0,0.0,0.0,1.550083,-0.4698247,-2.579165,0.07268983,0.11764,1.232473,-0.5825721,-0.05529685,-0.810896,0.4460557,0.812263,-0.3758499,0.6794441,-0.5806644,-0.4485363,moving,-2.9876554944105447,7.549464629869792,3.3753286374880695,5.452384733872451,0.7623766000000001,-0.5594353599999999,-0.6208090000000002,-0.051670217146894626,0.1312065805482032,0.9900076032666673,-2.0750846612136913,8.910495139729859,6.660300352995476,6.69965007690624,6.454884406847601
05/17/2023 13:13:33.603904,480,True,True,True,True,Eyes,0.6602681,0.09343667,-2.007821,0.7590598,-0.4672302,-0.4533477,0.0,0.0,0.0,0.0,0.0,0.0,0.0,-1.10772,-1.168676,-1.369603,0.7952378,0.08886899,-1.956619,0.1151668,0.8441192,-0.2848496,0.4393863,35.59833,123.7379,356.0587,0.2834817,0.04551944,-0.9578963,0.0,0.0,0.0,1.552649,-0.4721529,-2.57916,0.07088548,0.1151509,1.231788,-0.5873529,-0.0558891,-0.8073992,0.4447469,0.8111946,-0.3796887,0.6761783,-0.5820994,-0.451601,moving,-3.1043627415005517,7.521290076461828,3.293557319921109,5.340644409815799,0.7574112,-0.56102189,-0.6225409999999998,-0.053690261423354646,0.13070578726625384,0.9899663276429004,-2.1343629384062,8.907287515448171,6.7202472664374175,6.759334037891888,6.494864230583649
05/17/2023 13:13:33.623566,481,True,True,True,True,Eyes,0.6665016,0.09299927,-2.005851,0.7568027,-0.4689638,-0.455327,0.0,0.0,0.0,0.0,0.0,0.0,0.0,-1.092802,-1.174145,-1.378653,0.8028715,0.08803526,-1.954779,0.1147605,0.8451533,-0.2853521,0.437173,35.63877,124.0381,356.0831,0.2863541,0.04538574,-0.957048,0.0,0.0,0.0,1.555253,-0.474515,-2.579156,0.06840616,0.1129102,1.231115,-0.5914198,-0.05551599,-0.8044506,0.4434769,0.8108084,-0.3819922,0.673462,-0.582673,-0.4549081,moving,-3.1949128973575442,7.441504208214718,3.1803350171504876,5.240152483362646,0.7523815,-0.5625502600000001,-0.6243769999999997,-0.05526489345988972,0.12931598523243765,0.9900622287921912,-2.191634728437294,8.882474912806117,6.706331105996517,6.744607875032336,6.4903444922082105
05/17/2023 13:13:33.633695,482,True,True,True,True,Eyes,0.6728112,0.09258929,-2.00391,0.7545235,-0.4706686,-0.457346,0.0,0.0,0.0,0.0,0.0,0.0,0.0,-1.077653,-1.179878,-1.3879,0.8105404,0.08730918,-1.953231,0.1139322,0.8462171,-0.2858263,0.4350168,35.65244,124.3192,356.0584,0.2892329,0.04524461,-0.9561886,0.0,0.0,0.0,1.557802,-0.4768277,-2.579151,0.06566983,0.1113141,1.230257,-0.5955598,-0.05585562,-0.8013667,0.4415013,0.8106455,-0.3846173,0.6711075,-0.582867,-0.4581277,moving,-3.269798764220625,7.335850317784974,3.0554888820903137,5.170065016986084,0.7472615999999999,-0.5641368800000001,-0.62592,-0.0565724136681075,0.12748073045336936,0.9902263540065219,-2.246723609948713,8.84666628404489,6.648449525918186,6.685797617168075,6.4521976246603865
05/17/2023 13:13:33.643689,483,True,True,True,True,Eyes,0.679169,0.09225588,-2.002025,0.7521171,-0.4724645,-0.459453,0.0,0.0,0.0,0.0,0.0,0.0,0.0,-1.060765,-1.189649,-1.395568,0.8187064,0.08756784,-1.95196,0.1125518,0.8471741,-0.2870473,0.4327033,35.71552,124.574,355.924,0.29212,0.04509794,-0.9553174,0.0,0.0,0.0,1.560453,-0.4792319,-2.579146,0.06326634,0.1114883,1.229598,-0.6002001,-0.05771072,-0.7977655,0.4391146,0.8098719,-0.388955,0.6685348,-0.5837612,-0.4607436,moving,-3.3298504610382893,7.270076056880831,2.945434600324891,5.180872011827896,0.7417466000000001,-0.56679974,-0.6271860000000002,-0.05761873992700256,0.12633630981073288,0.9903126338254455,-2.2872098657952673,8.82525431210093,6.576863273616792,6.613922901216299,6.376683343193488
05/17/2023 13:13:33.663744,484,True,True,True,True,Eyes,0.6855967,0.09188293,-2.000134,0.7496154,-0.474331,-0.4616134,0.0,0.0,0.0,0.0,0.0,0.0,0.0,-1.039172,-1.20711,-1.400073,0.8267516,0.08915725,-1.950829,0.11029,0.8480774,-0.2899335,0.4295805,35.91108,124.8484,355.6075,0.2950158,0.04494969,-0.9544341,0.0,0.0,0.0,1.563016,-0.4815576,-2.579141,0.06043625,0.1136813,1.228509,-0.6065934,-0.0620307,-0.7925885,0.4361684,0.8075494,-0.3970152,0.6646814,-0.5865289,-0.4627983,moving,-3.4343982860149858,7.319695152739725,2.8163836630861088,5.286865826965951,0.7362643999999999,-0.57071485,-0.628312,-0.05941921350245388,0.1271804543447061,0.9900982605969689,-2.325735760987004,8.851230238100372,6.5347905761209315,6.573025942663998,6.2566832928310845
05/17/2023 13:13:33.683678,485,True,True,True,True,Eyes,0.6920761,0.09161888,-1.998318,0.7471197,-0.476174,-0.4637569,0.0,0.0,0.0,0.0,0.0,0.0,0.0,-1.019993,-1.217976,-1.406642,0.8349113,0.08786593,-1.948768,0.1101457,0.8489639,-0.2920086,0.4264498,36.13946,125.2196,355.5945,0.2979216,0.04479813,-0.9535382,0.0,0.0,0.0,1.56567,-0.4839652,-2.579136,0.05760419,0.116003,1.22779,-0.6120172,-0.06203452,-0.7884079,0.4360736,0.8051978,-0.4018662,0.6597539,-0.5897528,-0.4657432,moving,-3.5891937185272904,7.411912557903264,2.6861747449223103,5.397348525304826,0.7307586999999999,-0.57183113,-0.630368,-0.06208122744259886,0.12875294312447935,0.9897315734772257,-2.3791268351332233,8.896916848324395,6.550689759499237,6.5908055344925085,6.156643447885795
05/17/2023 13:13:33.703583,486,True,True,True,True,Eyes,0.6986346,0.09138003,-1.996534,0.7446176,-0.4779272,-0.4659725,0.0,0.0,0.0,0.0,0.0,0.0,0.0,-1.007265,-1.226816,-1.412338,0.8431975,0.09027988,-1.948134,0.1092507,0.8495772,-0.2926671,0.4250046,36.1677,125.3812,355.5145,0.3008376,0.04464845,-0.9526293,0.0,0.0,0.0,1.568108,-0.4861774,-2.579132,0.05524981,0.1167024,1.226832,-0.6148706,-0.06313587,-0.7860967,0.4344036,0.8048205,-0.4044223,0.6582003,-0.5901506,-0.4674341,moving,-3.547326842055126,7.325667830402332,2.5785466014022558,5.433910606471527,0.7249105,-0.57645728,-0.630998,-0.061369858436162605,0.1272686199276265,0.9899679733926208,-2.3766232595587473,8.860934797080617,6.372398037109023,6.4113236417724835,6.024799013576816
05/17/2023 13:13:33.723523,487,True,True,True,True,Eyes,0.7052332,0.09115613,-1.994814,0.7421402,-0.479602,-0.4681985,0.0,0.0,0.0,0.0,0.0,0.0,0.0,-0.9882708,-1.234711,-1.422482,0.85169,0.09064729,-1.947062,0.1072988,0.8509026,-0.2932568,0.4224364,36.1371,125.6846,355.372,0.3037646,0.04450155,-0.9517069,0.0,0.0,0.0,1.570686,-0.488516,-2.579127,0.05346024,0.1155209,1.226306,-0.6200693,-0.06516305,-0.7818365,0.4303662,0.8049749,-0.408412,0.6559722,-0.5897196,-0.4710963,moving,-3.6329551276385215,7.168585052184381,2.4962023430826576,5.381515573884566,0.7189960000000001,-0.57916329,-0.6320650000000001,-0.06287121135249701,0.12454236634024966,0.9902203795275731,-2.446677678737567,8.806010356453253,6.3463792720253664,6.384370651925529,6.013254312429308
05/17/2023 13:13:33.734678,488,True,True,True,True,Eyes,0.7119072,0.09095734,-1.993141,0.7396703,-0.4811644,-0.4704983,0.0,0.0,0.0,0.0,0.0,0.0,0.0,-0.9729885,-1.237532,-1.434204,0.8599439,0.0908414,-1.946118,0.1058724,0.8522442,-0.2926434,0.4205126,36.00448,125.9612,355.3443,0.3067023,0.04435764,-0.950771,0.0,0.0,0.0,1.5734,-0.4909781,-2.579122,0.05177599,0.1123705,1.225875,-0.6239206,-0.06566215,-0.7787245,0.4265788,0.8063017,-0.4097659,0.654793,-0.5878487,-0.4750583,moving,-3.668155103564464,6.926818565469194,2.4185040158174504,5.237412336631322,0.7134560999999999,-0.5818194999999999,-0.6330039999999999,-0.06351257566602359,0.12035801697081913,0.9906967665817122,-2.509978466811746,8.715144235608612,6.281087812061088,6.316764412386394,6.031961434122986
05/17/2023 13:13:33.743477,489,True,True,True,True,Eyes,0.7186317,0.09076519,-1.991508,0.7371162,-0.4829887,-0.4726325,0.0,0.0,0.0,0.0,0.0,0.0,0.0,-0.9548157,-1.243833,-1.445319,0.8684638,0.09124209,-1.945555,0.1038696,0.8536233,-0.2928,0.4180988,35.92583,126.2582,355.218,0.3096513,0.04421742,-0.9498212,0.0,0.0,0.0,1.575912,-0.493257,-2.579118,0.05007899,0.1088468,1.225202,-0.6288092,-0.06750769,-0.7746238,0.4221697,0.8069586,-0.4130264,0.6529717,-0.5867374,-0.4789232,moving,-3.7402234263240404,6.712732905919426,2.3406086978621086,5.076821920611809,0.7074482,-0.58449909,-0.6335629999999999,-0.06478754806495102,0.11664585966538732,0.9910581081475667,-2.5848824490645455,8.637362754390915,6.263270230348194,6.297040898262005,6.077656955395003
05/17/2023 13:13:33.763651,490,True,True,True,True,Eyes,0.7254144,0.09055988,-1.989901,0.7345136,-0.4848196,-0.4748049,0.0,0.0,0.0,0.0,0.0,0.0,0.0,-0.9359939,-1.251171,-1.454983,0.8766698,0.09125052,-1.944637,0.1020303,0.8548748,-0.2934561,0.4155267,35.91108,126.5597,355.0823,0.3126115,0.0440807,-0.9488575,0.0,0.0,0.0,1.578669,-0.4957582,-2.579112,0.04836613,0.1064722,1.224484,-0.6338548,-0.06943136,-0.7703293,0.4183239,0.8069467,-0.4169438,0.6505637,-0.586529,-0.4824423,moving,-3.8182224298063168,6.560849195097097,2.261961189263569,4.969523870549275,0.7019992,-0.58700872,-0.6344749999999999,-0.06615705180217679,0.11400802518065961,0.9912746243520916,-2.6504080574092277,8.583941845023249,6.252422197412,6.284978053275365,6.0988022520702545
05/17/2023 13:13:33.783619,491,True,True,True,True,Eyes,0.7322209,0.09032562,-1.988343,0.7318408,-0.4869652,-0.4767324,0.0,0.0,0.0,0.0,0.0,0.0,0.0,-0.9173982,-1.260893,-1.462055,0.8849018,0.09075132,-1.943653,0.1010423,0.8557902,-0.2949986,0.4127828,36.03864,126.8699,354.9913,0.3155831,0.04394639,-0.9478796,0.0,0.0,0.0,1.581038,-0.4979069,-2.579108,0.0472697,0.1054409,1.223407,-0.638802,-0.07059865,-0.7661255,0.4164827,0.8055326,-0.4214967,0.6468961,-0.5883308,-0.4851727,moving,-3.9178763364441616,6.530732689693213,2.2126796470463383,4.925937499045265,0.6961362,-0.58865822,-0.6354550000000001,-0.0678852387191331,0.11347375344911406,0.9912190198980526,-2.7022043252942325,8.57886792632439,6.304471226912583,6.337119556284065,6.123723145939231
05/17/2023 13:13:33.813824,492,True,True,True,True,Eyes,0.7390764,0.09006944,-1.986815,0.7291277,-0.4891442,-0.478655,0.0,0.0,0.0,0.0,0.0,0.0,0.0,-0.9009665,-1.270997,-1.467056,0.8928948,0.08993116,-1.942698,0.1005871,0.8563555,-0.2968614,0.410379,36.22768,127.1296,354.9238,0.3185647,0.04381271,-0.9468878,0.0,0.0,0.0,1.583659,-0.5002845,-2.579103,0.04557538,0.1048168,1.222557,-0.642943,-0.07137473,-0.7625815,0.415928,0.8035111,-0.4258802,0.6431398,-0.5909954,-0.4869251,moving,-3.9745812180691167,6.566300857020383,2.134925649416486,4.900311373061117,0.6907641999999999,-0.59021566,-0.6364049999999999,-0.06886137880506271,0.11408141301679808,0.9910819350785718,-2.721414664135339,8.596292579353928,6.299730179712897,6.332582026671001,6.102812328615251
05/17/2023 13:13:33.823557,493,True,True,True,True,Eyes,0.7459751,0.08981129,-1.985322,0.7263078,-0.4915713,-0.4804525,0.0,0.0,0.0,0.0,0.0,0.0,0.0,-0.8839792,-1.282066,-1.471567,0.9009757,0.08918121,-1.941883,0.09981439,0.8568683,-0.2989493,0.4079747,36.42455,127.3689,354.8039,0.3215565,0.04367846,-0.9458822,0.0,0.0,0.0,1.586159,-0.5025531,-2.579098,0.04529905,0.1036694,1.221817,-0.6471877,-0.07287191,-0.75884,0.414983,0.8013328,-0.4308768,0.6394822,-0.5937638,-0.4883722,moving,-4.020321170787361,6.591381030880247,2.1232771821402254,4.849847570045889,0.6851833,-0.59173431,-0.6372150000000001,-0.06964910531056417,0.11450895894126065,0.9909776327104498,-2.737613313954652,8.608956519436319,6.3525921182956395,6.385666724571542,6.144847964629615
05/17/2023 13:13:33.833523,494,True,True,True,True,Eyes,0.7529163,0.08954714,-1.983869,0.7234553,-0.4939771,-0.4822853,0.0,0.0,0.0,0.0,0.0,0.0,0.0,-0.8653222,-1.293341,-1.476857,0.9089848,0.08892817,-1.941252,0.09865718,0.8575935,-0.3009234,0.4052719,36.59151,127.646,354.6619,0.3245579,0.04354348,-0.9448628,0.0,0.0,0.0,1.588831,-0.5049767,-2.579093,0.04598612,0.1015381,1.221145,-0.6520429,-0.07469611,-0.7544935,0.4131271,0.7994237,-0.436174,0.6357405,-0.5961058,-0.4903995,moving,-4.095147157039825,6.582345586911313,2.156636714653476,4.753204774971135,0.6798462000000001,-0.5939048699999999,-0.6378409999999999,-0.07094459721641988,0.1143422219650234,0.990905029465736,-2.7738611267956315,8.610379423549231,6.480622444287434,6.51387424565977,6.260000418064513
05/17/2023 13:13:33.843519,495,True,True,True,True,Eyes,0.7599319,0.08927984,-1.982409,0.7204744,-0.4965295,-0.4841231,0.0,0.0,0.0,0.0,0.0,0.0,0.0,-0.8472405,-1.302891,-1.483231,0.9169994,0.0885426,-1.940771,0.09760577,0.8584147,-0.3024549,0.4026393,36.71702,127.9358,354.5605,0.3275684,0.0434074,-0.9438295,0.0,0.0,0.0,1.59142,-0.5073256,-2.579089,0.0478794,0.09890631,1.220288,-0.6567095,-0.07598799,-0.7503055,0.4111328,0.7979883,-0.4406636,0.6322202,-0.5978633,-0.4928053,moving,-4.165615812268851,6.523902711369542,2.2469131085330205,4.633786019712212,0.6744206,-0.5958682000000001,-0.6383180000000002,-0.07217176415487148,0.11332141764865689,0.9909336880639854,-2.817721155981966,8.592475729037506,6.652122284149182,6.6852874484349645,6.428199160575009
05/17/2023 13:13:33.863509,496,True,True,True,True,Eyes,0.7669724,0.08899342,-1.980986,0.7174482,-0.4990941,-0.4859764,0.0,0.0,0.0,0.0,0.0,0.0,0.0,-0.8309815,-1.311138,-1.489195,0.9248851,0.08812497,-1.940138,0.09723426,0.8591379,-0.3037344,0.4002163,36.85049,128.2266,354.5469,0.3305893,0.04327015,-0.942782,0.0,0.0,0.0,1.593936,-0.5096082,-2.579084,0.05031192,0.09675157,1.219147,-0.660745,-0.07604367,-0.7467489,0.4101942,0.7965819,-0.44407,0.6286152,-0.5997289,-0.4951448,moving,-4.224402013631031,6.478705479231429,2.363148905345067,4.537486295950164,0.6690509,-0.5977331699999999,-0.638946,-0.07319504509848546,0.11253126932619328,0.9909485862000493,-2.8536173826285807,8.578910912409732,6.834370362420431,6.86761669195668,6.599072922302323
05/17/2023 13:13:33.884219,497,True,True,True,True,Eyes,0.7740151,0.08869287,-1.979622,0.7143243,-0.5018064,-0.4877819,0.0,0.0,0.0,0.0,0.0,0.0,0.0,-0.8175569,-1.318641,-1.494018,0.9325734,0.08739761,-1.939581,0.09812844,0.8596376,-0.3049679,0.3979806,37.04414,128.5311,354.678,0.3336196,0.04313081,-0.9417203,0.0,0.0,0.0,1.596457,-0.5118949,-2.579079,0.05221242,0.09579784,1.217935,-0.6639645,-0.07403278,-0.7440901,0.4114523,0.7947308,-0.4462173,0.6243861,-0.6024301,-0.4972121,moving,-4.281587887446684,6.492766116704574,2.454745690887839,4.497394715180087,0.6638836,-0.5992925100000001,-0.6394980000000001,-0.07418207325246534,0.11276621066873467,0.9908485516760069,-2.8772373475991144,8.588078381150767,6.991785066592119,7.025645672009015,6.720397010426682
05/17/2023 13:13:33.893654,498,True,True,True,True,Eyes,0.7810643,0.08839472,-1.978313,0.7111155,-0.5045882,-0.4895972,0.0,0.0,0.0,0.0,0.0,0.0,0.0,-0.8057904,-1.326468,-1.497893,0.9399572,0.08682129,-1.939443,0.09989444,0.8600213,-0.3062604,0.3957136,37.28931,128.8659,354.9118,0.3366568,0.04298877,-0.9406453,0.0,0.0,0.0,1.599188,-0.5143726,-2.579074,0.05277973,0.09632924,1.216816,-0.666864,-0.0705601,-0.7418316,0.4142054,0.7924513,-0.4477217,0.6194567,-0.60584,-0.499231,moving,-4.3534327843424485,6.55833806431036,2.4836634379861136,4.526380444520803,0.6592308,-0.60119389,-0.6396309999999998,-0.07541473830952211,0.11388954202466733,0.9906269295907756,-2.897583637604039,8.618058558661415,7.097622660910097,7.1326528390214206,6.7601516165160715
05/17/2023 13:13:33.919154,499,True,True,True,True,Eyes,0.7881432,0.08812578,-1.977044,0.7077678,-0.5074745,-0.4914613,0.0,0.0,0.0,0.0,0.0,0.0,0.0,-0.7936051,-1.336091,-1.500384,0.9472213,0.0866043,-1.939426,0.1018987,0.8603142,-0.3079525,0.3932445,37.59053,129.2218,355.1589,0.3396985,0.04284431,-0.9395577,0.0,0.0,0.0,1.601658,-0.5166131,-2.57907,0.05305004,0.09827986,1.2153,-0.6699506,-0.06687138,-0.7393877,0.4175311,0.7895638,-0.4497295,0.6138678,-0.610014,-0.5010477,moving,-4.437676030745294,6.672844298861032,2.499477497460954,4.623380192978208,0.6544367,-0.6032174,-0.6396440000000001,-0.07685359570841177,0.11585632044196445,0.9902881773025045,-2.914116069668342,8.667710101442683,7.196628667159527,7.233560824048311,6.757484718337436
05/17/2023 13:13:33.933494,500,True,True,True,True,Eyes,0.7952154,0.08786348,-1.975833,0.7043324,-0.5104112,-0.4933521,0.0,0.0,0.0,0.0,0.0,0.0,0.0,-0.7798557,-1.346924,-1.502924,0.9544938,0.08702208,-1.939724,0.1034546,0.8607218,-0.3097493,0.3905262,37.88069,129.5978,355.3607,0.3427442,0.04269891,-0.9384576,0.0,0.0,0.0,1.60413,-0.5188562,-2.579065,0.05333143,0.0996545,1.21392,-0.673573,-0.0638391,-0.7363588,0.4200217,0.786705,-0.4524124,0.6081787,-0.6140193,-0.5030895,moving,-4.536764769221238,6.768295846314862,2.5155711949205726,4.69306648176029,0.6496362000000001,-0.60587828,-0.6393409999999999,-0.07855093236615357,0.117490343431019,0.9899625182674742,-2.941201329292297,8.710991384135976,7.31259235261047,7.351327734949488,6.776436150524489
05/17/2023 13:13:33.954002,501,True,True,True,True,Eyes,0.8022725,0.08762389,-1.97469,0.7008339,-0.5133652,-0.4952657,0.0,0.0,0.0,0.0,0.0,0.0,0.0,-0.764771,-1.357594,-1.505745,0.9614666,0.08694671,-1.939904,0.1046517,0.8612275,-0.3116198,0.3875931,38.16117,129.9925,355.5281,0.3457912,0.04255285,-0.9373459,0.0,0.0,0.0,1.606737,-0.5212212,-2.57906,0.05339187,0.1008832,1.212637,-0.6776394,-0.0613055,-0.7328349,0.4218212,0.7838823,-0.4556265,0.6023886,-0.6178756,-0.5053295,moving,-4.649915838265324,6.848924559187073,2.5210795122616587,4.755670152863296,0.6452704000000001,-0.60816791,-0.6391560000000001,-0.08049255591418458,0.11886487169763126,0.9896424547660876,-2.9776544223625465,8.749481967821993,7.429760870772529,7.470266951513414,6.796072961430849
05/17/2023 13:13:33.963664,502,True,True,True,True,Eyes,0.8093312,0.08738723,-1.973604,0.6971149,-0.5161362,-0.4976286,0.0,0.0,0.0,0.0,0.0,0.0,0.0,-0.7486267,-1.368547,-1.508892,0.9682193,0.08727831,-1.940374,0.1049206,0.8618311,-0.3134572,0.3846862,38.39047,130.3547,355.5864,0.3488371,0.04240711,-0.9362231,0.0,0.0,0.0,1.609294,-0.5235407,-2.579056,0.05347443,0.1010221,1.211312,-0.6820165,-0.06031771,-0.7288452,0.422013,0.7814724,-0.4595714,0.5972927,-0.6210174,-0.5075223,moving,-4.715431397606791,6.888711386306544,2.5277311975835546,4.767373002450471,0.6410747,-0.6108190099999999,-0.638682,-0.08161744312698588,0.11954108283203975,0.9894688003081077,-3.000104282777381,8.769109999447924,7.506018947978125,7.547415512556973,6.824284877631898
05/17/2023 13:13:33.983795,503,True,True,True,True,Eyes,0.8163737,0.08716907,-1.972595,0.6933194,-0.5186762,-0.5002831,0.0,0.0,0.0,0.0,0.0,0.0,0.0,-0.7286635,-1.3785,-1.51472,0.9751009,0.08710434,-1.940922,0.1039842,0.8628614,-0.3150414,0.3813223,38.53385,130.7567,355.541,0.35188,0.04226168,-0.9350902,0.0,0.0,0.0,1.611899,-0.525904,-2.579051,0.05345106,0.1004108,1.209883,-0.6875615,-0.06081663,-0.7235751,0.4197125,0.7798725,-0.4643711,0.5925378,-0.622977,-0.5106849,moving,-4.80451003347075,6.847286483692073,2.529608272948911,4.744227998177724,0.6367980999999999,-0.61300834,-0.6381290000000002,-0.08316303129685976,0.11881043010741091,0.9894280989195828,-3.0492282093956975,8.7589847382944,7.588082999879005,7.629688481586513,6.873258919832094
05/17/2023 13:13:33.993837,504,True,True,True,True,Eyes,0.8234147,0.08694574,-1.97165,0.6895173,-0.5211266,-0.502984,0.0,0.0,0.0,0.0,0.0,0.0,0.0,-0.7080256,-1.387354,-1.521703,0.9820634,0.08736601,-1.941533,0.1021625,0.8640325,-0.3162463,0.3781523,38.59124,131.1159,355.4037,0.3549176,0.04211725,-0.933948,0.0,0.0,0.0,1.614586,-0.5283424,-2.579046,0.05360162,0.09981659,1.208386,-0.6931275,-0.06263504,-0.7180888,0.415722,0.7791022,-0.4692281,0.5888547,-0.6237601,-0.5139785,moving,-4.857250375558226,6.722770022398087,2.5398628233167937,4.722095999578906,0.6325226,-0.61570841,-0.637513,-0.08409543604951814,0.1166507421264249,0.9896062380966717,-3.0977827859373237,8.714455028405954,7.622040487377116,7.662896333799284,6.908109627864853
05/17/2023 13:13:34.013837,505,True,True,True,True,Eyes,0.8304582,0.08671845,-1.970771,0.6856778,-0.5233815,-0.5058831,0.0,0.0,0.0,0.0,0.0,0.0,0.0,-0.6857629,-1.395131,-1.53003,0.9891185,0.08702848,-1.942093,0.09978935,0.8653657,-0.3173032,0.3748374,38.60708,131.4835,355.2165,0.3579483,0.04197332,-0.9327971,0.0,0.0,0.0,1.617355,-0.5308539,-2.579041,0.05349922,0.09909379,1.207203,-0.6990783,-0.06516566,-0.7120698,0.4105828,0.7787215,-0.4743572,0.5854158,-0.6239763,-0.5176315,moving,-4.908739652947022,6.565681343866483,2.537497977982222,4.692628495825942,0.6282365000000001,-0.61788238,-0.6369480000000001,-0.08501175797399319,0.1139281986539402,0.9898450976684886,-3.15210316449857,8.657290410601927,7.638482848150429,7.678201731383433,6.9347029683320915
05/17/2023 13:13:34.033703,506,True,True,True,True,Eyes,0.8375016,0.08647753,-1.969955,0.6818417,-0.5255601,-0.5088009,0.0,0.0,0.0,0.0,0.0,0.0,0.0,-0.6647565,-1.401977,-1.538544,0.996196,0.08670606,-1.942841,0.09765677,0.8666525,-0.318125,0.3717166,38.60949,131.84,355.064,0.3609709,0.04182954,-0.9316381,0.0,0.0,0.0,1.61962,-0.5329091,-2.579036,0.05308074,0.09871289,1.205112,-0.70458,-0.06723578,-0.7064325,0.4057737,0.7785193,-0.4788064,0.5821642,-0.624009,-0.5212466,moving,-4.943651936139725,6.404187417294573,2.5220376812229826,4.682745929099936,0.6234240000000001,-0.61961516,-0.6361949999999998,-0.0856421772221177,0.11113174563816772,0.9901085955610014,-3.1996407400971667,8.597341402771686,7.623126369904076,7.661584839971107,6.932651850445974
05/17/2023 13:13:34.053326,507,True,True,True,True,Eyes,0.8445125,0.08621607,-1.969225,0.6780566,-0.527653,-0.5116851,0.0,0.0,0.0,0.0,0.0,0.0,0.0,-0.6454983,-1.408291,-1.546433,1.003279,0.08614416,-1.943558,0.0960466,0.8677767,-0.318902,0.3688364,38.63247,132.1799,354.9655,0.3639839,0.04168514,-0.9304716,0.0,0.0,0.0,1.622208,-0.5352569,-2.579032,0.0516938,0.09782806,1.203565,-0.7094695,-0.06855128,-0.701394,0.4019392,0.7781532,-0.4826204,0.5788763,-0.6243222,-0.5245225,moving,-4.9629035535315715,6.274810084591145,2.4593746879584475,4.64689464398367,0.6189290000000001,-0.6214010600000001,-0.6354740000000003,-0.08599630419777021,0.10889241643788038,0.9903267945891467,-3.233706357800724,8.548743102542707,7.561599567691228,7.598705348667259,6.901854329608955
05/17/2023 13:13:34.068898,508,True,True,True,True,Eyes,0.8515214,0.08593591,-1.968553,0.6742165,-0.5297648,-0.5145691,0.0,0.0,0.0,0.0,0.0,0.0,0.0,-0.6272547,-1.415675,-1.55253,1.010301,0.08548003,-1.944201,0.0950809,0.8686705,-0.3200364,0.3659891,38.72693,132.5204,354.9205,0.3669849,0.04153908,-0.9292986,0.0,0.0,0.0,1.62474,-0.5375533,-2.579027,0.05083764,0.09570494,1.201986,-0.7140233,-0.06907169,-0.6967065,0.3994475,0.7770727,-0.4864151,0.5749891,-0.6256094,-0.5272575,moving,-4.980582748875169,6.220031038598185,2.4218645130785945,4.552419992225004,0.6144390000000002,-0.62303333,-0.6348259999999999,-0.08631086485863321,0.10794258819314209,0.9904033638511229,-3.252521501805999,8.528790908727277,7.551715635597903,7.587960995418507,6.928938036346045
05/17/2023 13:13:34.084146,509,True,True,True,True,Eyes,0.8585514,0.08564927,-1.967925,0.6702293,-0.5319436,-0.5175217,0.0,0.0,0.0,0.0,0.0,0.0,0.0,-0.6076066,-1.425063,-1.557222,1.01733,0.08477257,-1.944939,0.09443008,0.8694941,-0.3217113,0.3627184,38.89944,132.9104,354.901,0.3699732,0.04139052,-0.9281196,0.0,0.0,0.0,1.627451,-0.5400134,-2.579022,0.05000776,0.09282067,1.200573,-0.7190364,-0.06916846,-0.6915216,0.3975941,0.7751696,-0.4909492,0.5700046,-0.6279553,-0.5298742,moving,-5.034961713792013,6.235989529203175,2.385176295489846,4.420950733318794,0.6101209999999999,-0.62478597,-0.6340830000000002,-0.08724826364677452,0.10820957107202843,0.9902921020332185,-3.274478171171187,8.538505784321416,7.602815083165351,7.638901354733858,6.99899623374905
05/17/2023 13:13:34.093375,510,True,True,True,True,Eyes,0.8655857,0.08537211,-1.967361,0.6661726,-0.5341514,-0.5204771,1.156657,1.636119,-0.5324579,-2.569375,0.5740331,0.506974,0.6430112,0.02710891,0.07519439,1.066323,1.024407,0.08430231,-1.945798,0.0941644,0.8702441,-0.3237593,0.3591496,39.13408,133.342,354.9214,0.3729491,0.04123935,-0.9269345,0.0,0.0,0.0,1.627507,-0.5400639,-2.579022,0.05102724,0.09075379,1.196013,-0.7242895,-0.06866395,-0.6860687,0.396448,0.772626,-0.495861,0.5641224,-0.6311373,-0.5323834,moving,-5.1220968606723565,6.310786216545808,2.4430114888424757,4.339303695507955,0.6031,-0.62436621,-0.6332240000000002,-0.0887417002307555,0.10948775469137322,0.9900188912086101,-3.3000757364313884,8.573043370034169,7.780641694448321,7.817775110007757,7.134956377495324
05/17/2023 13:13:34.118852,511,True,True,True,True,Eyes,0.8726376,0.08510508,-1.966849,0.6621572,-0.5363127,-0.5233703,1.149585,1.633844,-0.5314321,-2.568508,0.4222652,0.5751901,0.7006058,0.02584118,0.07452822,1.059299,1.031613,0.08427513,-1.946769,0.09377953,0.8710731,-0.3255084,0.3556424,39.3301,133.7741,354.9453,0.3759116,0.04108614,-0.9257438,0.0,0.0,0.0,1.627507,-0.5400639,-2.579022,0.05119705,0.0905394,1.19203,-0.7294478,-0.06815153,-0.680633,0.3949068,0.7704993,-0.5003792,0.5585288,-0.6337872,-0.5351256,static,-5.2089368918656245,6.349703699961955,2.459311588242217,4.343501647502263,0.5958940000000001,-0.62433903,-0.6322530000000002,-0.09023551280370035,0.11014533725792411,0.9898108392640539,-3.3325236490667987,8.593734244364757,7.888254574449485,7.926340986102585,7.183998367452966
05/17/2023 13:13:34.133443,512,True,True,True,True,Eyes,0.8797006,0.08483969,-1.966394,0.658119,-0.5384117,-0.5263007,1.143454,1.632229,-0.5308092,-2.568194,0.3146832,0.6167197,0.7215479,0.02508056,0.0726313,1.053312,1.038914,0.08423004,-1.947651,0.09315196,0.8720499,-0.3266417,0.3523592,39.44532,134.1921,354.9688,0.3788612,0.04093147,-0.9245475,0.0,0.0,0.0,1.627507,-0.5400639,-2.579022,0.05076885,0.09330034,1.186778,-0.7343315,-0.06772409,-0.6754041,0.3926567,0.7692559,-0.5040498,0.553695,-0.6353415,-0.5382965,static,-5.272989323453849,6.314164413202318,2.4495468991315126,4.495148382237044,0.5885930000000001,-0.62429394,-0.6313710000000001,-0.09134835168771743,0.10952021505913619,0.9897782604279189,-3.3689665739224885,8.584236686305362,7.895155137505701,7.9338757886704805,7.111662407242011
05/17/2023 13:13:34.143943,513,True,True,True,True,Eyes,0.886813,0.084584,-1.965974,0.6540743,-0.5404016,-0.5292948,1.137792,1.631014,-0.5302809,-2.568202,0.2337439,0.6520826,0.7212157,0.02451003,0.06973287,1.047749,1.046298,0.08400752,-1.948526,0.09248939,0.8731897,-0.3271316,0.3492426,39.48664,134.6132,355.0216,0.3817975,0.04077545,-0.9233457,0.0,0.0,0.0,1.627507,-0.5400639,-2.579022,0.05348724,0.08853832,1.183129,-0.7389506,-0.06697498,-0.6704225,0.3900182,0.7688612,-0.5066934,0.5493977,-0.6358984,-0.5420291,static,-5.326147465599535,6.214972379107031,2.588481790071535,4.279697451965905,0.5812090000000001,-0.62407142,-0.6304960000000002,-0.09228408931954901,0.10779717216039918,0.9898805387736302,-3.4127825681057526,8.54949406017429,8.110075789870502,8.147800028126948,7.365211264600417
05/17/2023 13:13:34.168751,514,True,True,True,True,Eyes,0.8939379,0.08431912,-1.965623,0.6500341,-0.5422761,-0.5323461,1.132364,1.630013,-0.5297347,-2.568433,0.1670287,0.688447,0.7057918,0.02417576,0.06556058,1.042403,1.053687,0.08387403,-1.949708,0.0916663,0.8744513,-0.3270591,0.346359,39.45659,135.0182,355.0782,0.384722,0.04061858,-0.9221379,0.0,0.0,0.0,1.627507,-0.5400639,-2.579022,0.05412763,0.0842784,1.178571,-0.7432653,-0.06624436,-0.6657088,0.3868752,0.7692593,-0.5084956,0.5457876,-0.6354934,-0.5461354,static,-5.356592376564774,6.0549565730735875,2.629546336576732,4.090199952459425,0.57382,-0.6239379300000001,-0.6293140000000002,-0.09283774150950924,0.10502678572436827,0.9901265565628725,-3.4579732452318144,8.489821852053055,8.188423276362343,8.22427383565167,7.510963155167675
05/17/2023 13:13:34.183941,515,True,True,True,True,Eyes,0.9010682,0.08403796,-1.965342,0.6460471,-0.5440341,-0.5353972,1.127195,1.629289,-0.5291946,-2.568839,0.1188177,0.7246046,0.6788449,0.02366108,0.06125066,1.037051,1.061152,0.08337954,-1.950972,0.09092777,0.8758044,-0.3266813,0.3434792,39.39637,135.4388,355.1641,0.3876344,0.04046039,-0.9209244,0.0,0.0,0.0,1.627507,-0.5400639,-2.579022,0.05538577,0.07806852,1.174138,-0.7475085,-0.0651466,-0.6610501,0.3836864,0.7700228,-0.5097543,0.5422325,-0.6346816,-0.5506028,static,-5.396564428825132,5.873396076503501,2.7007219491201018,3.804001350049178,0.5663549999999999,-0.6234434400000001,-0.6280500000000002,-0.0935592418123879,0.10188181390833193,0.990387239121799,-3.511750292469238,8.422471137675927,8.32393414580925,8.357537987968373,7.741128763412939
05/17/2023 13:13:34.195451,516,True,True,True,True,Eyes,0.9082139,0.08373371,-1.965131,0.6420749,-0.5456889,-0.5384825,1.122162,1.628726,-0.5286175,-2.569395,0.08122145,0.7627897,0.6415256,0.02346218,0.05708808,1.031775,1.068671,0.08269927,-1.952143,0.09003688,0.8771632,-0.3262451,0.3406495,39.32233,135.8475,355.2309,0.3905335,0.04030015,-0.9197057,0.0,0.0,0.0,1.627507,-0.5400639,-2.579022,0.05602318,0.0726459,1.169427,-0.7517024,-0.06431636,-0.6563587,0.3802245,0.770915,-0.5109984,0.5388623,-0.6336824,-0.5550441,static,-5.426912498260338,5.684831536470977,2.7427445580801684,3.5546996155228676,0.5588360000000001,-0.62276317,-0.6268790000000002,-0.0941149174668866,0.09861663613718433,0.9906649771676891,-3.56245532114775,8.3517902807308,8.411425079181228,8.442793282963661,7.922602120972682
05/17/2023 13:13:34.213922,517,True,True,True,True,Eyes,0.9153731,0.08339013,-1.964978,0.6381629,-0.547345,-0.541444,1.117297,1.628391,-0.528157,-2.569932,0.05889627,0.7934553,0.6057721,0.02343112,0.05333561,1.026385,1.076223,0.08183266,-1.953586,0.08926024,0.8783687,-0.3259506,0.3380199,39.26833,136.2233,355.2916,0.3934191,0.04013687,-0.9184822,0.0,0.0,0.0,1.627507,-0.5400639,-2.579022,0.05659646,0.06915885,1.164806,-0.7555504,-0.06354875,-0.6520009,0.3771623,0.7715777,-0.512266,0.5356233,-0.6329529,-0.5589976,static,-5.439493996145636,5.5183321428526995,2.7817422059178063,3.397873793806211,0.5512840000000001,-0.62189656,-0.6254360000000001,-0.09435912754888337,0.09573516955393521,0.9909244035021557,-3.6006749578891664,8.288448390096855,8.460708931587453,8.490292592140715,8.040706979783634
05/17/2023 13:13:34.233456,518,True,True,True,True,Eyes,0.9225363,0.08300405,-1.964891,0.6342233,-0.5489779,-0.5444115,1.112455,1.628081,-0.5277089,-2.570524,0.03825073,0.823332,0.5662696,0.02340356,0.05114275,1.020891,1.083692,0.0805295,-1.954839,0.08873537,0.8794155,-0.326071,0.3353095,39.27264,136.602,355.3619,0.3962908,0.03996899,-0.9172541,0.0,0.0,0.0,1.627507,-0.5400639,-2.579022,0.05692935,0.06894597,1.15978,-0.7593874,-0.06259891,-0.6476207,0.3747399,0.7716075,-0.5139961,0.5318846,-0.6330113,-0.5624908,static,-5.45729345426459,5.412315296357567,2.810184278415599,3.4020844203403247,0.5438149999999999,-0.6205934000000001,-0.6241830000000002,-0.09468358835854401,0.09389853998032,0.9910690654887094,-3.6295225175232773,8.248757716176172,8.47952379998672,8.508361548221599,8.059780744798811
05/17/2023 13:13:34.253453,519,True,True,True,True,Eyes,0.9296811,0.08257654,-1.964879,0.6302677,-0.5507432,-0.5472152,1.107582,1.627754,-0.5274165,-2.570964,0.0164768,0.8432579,0.5372567,0.02280262,0.05001122,1.015261,1.090995,0.07912952,-1.956336,0.08883274,0.8802676,-0.3265806,0.3325399,39.34863,136.9964,355.4899,0.3991482,0.03979489,-0.916022,0.0,0.0,0.0,1.627507,-0.5400639,-2.579022,0.05790037,0.07033524,1.154624,-0.763052,-0.06080893,-0.6434703,0.3735953,0.7709078,-0.5158757,0.5274262,-0.6340374,-0.5655248,static,-5.49372263916852,5.371565585608128,2.8707789347042665,3.4859302861268886,0.5365120000000001,-0.61919342,-0.6226860000000001,-0.09532009690678067,0.09318797018567902,0.9910751749786315,-3.654248036415914,8.235441352650534,8.54537284391356,8.574410012471413,8.070553410075195
05/17/2023 13:13:34.277264,520,True,True,True,True,Eyes,0.9368275,0.08212141,-1.964922,0.6262488,-0.5525383,-0.5500125,1.102667,1.627372,-0.5271446,-2.571403,-0.009020712,0.861335,0.5079575,0.02172819,0.05017453,1.009708,1.098338,0.07776753,-1.957641,0.08913825,0.8810369,-0.3276534,0.3293503,39.49902,137.4378,355.6329,0.4019894,0.03961322,-0.9147866,0.0,0.0,0.0,1.627507,-0.5400639,-2.579022,0.05913866,0.07179174,1.149388,-0.7671657,-0.05875732,-0.6387525,0.3728937,0.7693952,-0.5186341,0.5219266,-0.636065,-0.5683433,static,-5.570801694406969,5.399498646241782,2.945402498259973,3.5740993988769794,0.529169,-0.6178314300000001,-0.6213810000000002,-0.09664899399295435,0.09365907166488674,0.9909020299099206,-3.6843358446365615,8.251259119144768,8.679580406975251,8.70963927286762,8.113522881225387
05/17/2023 13:13:34.283890,521,True,True,True,True,Eyes,0.9439775,0.08164711,-1.965024,0.6222006,-0.5544291,-0.5526977,1.097719,1.626979,-0.5269603,-2.571731,-0.03518774,0.8733019,0.485907,0.02074829,0.05042064,1.00432,1.10558,0.07666307,-1.959021,0.09019744,0.8816317,-0.3286695,0.326445,39.6741,137.87,355.8618,0.4048139,0.03942342,-0.9135484,0.0,0.0,0.0,1.627507,-0.5400639,-2.579022,0.05966938,0.07218859,1.144502,-0.7705962,-0.05554323,-0.6348989,0.3736269,0.7676815,-0.5206419,0.5163183,-0.63842,-0.57082,static,-5.635756637650673,5.454704235336557,2.984451840134956,3.609106515816123,0.521927,-0.61672697,-0.6200010000000002,-0.09776353026518553,0.09460343735017057,0.9907030044085265,-3.703524979196823,8.276792585719484,8.784530951339404,8.815567204825012,8.155754237536163
05/17/2023 13:13:34.293737,522,True,True,True,True,Eyes,0.9511325,0.08115089,-1.965193,0.6181387,-0.5562847,-0.5553843,1.092818,1.626646,-0.5267671,-2.572127,-0.05739996,0.8862708,0.4595969,0.02038968,0.04990944,0.9990703,1.112911,0.07576001,-1.960501,0.09099192,0.8822284,-0.3294896,0.3237751,39.81359,138.2659,356.0578,0.4076214,0.03922539,-0.9123078,0.0,0.0,0.0,1.627507,-0.5400639,-2.579022,0.06005305,0.07174644,1.139552,-0.7737805,-0.05280972,-0.6312488,0.3739123,0.7663141,-0.5224483,0.5113252,-0.6402919,-0.5732127,static,-5.669350160958618,5.477973461379862,3.0166296906898125,3.6025994510068684,0.514596,-0.61582391,-0.6185210000000001,-0.09834064009570326,0.09500034451504827,0.9906078404827308,-3.714477780809892,8.287962379784734,8.85468635599523,8.886128159216755,8.201245854578744
05/17/2023 13:13:34.313537,523,True,True,True,True,Eyes,0.9582953,0.08066201,-1.965442,0.6141013,-0.5581576,-0.5579783,1.087969,1.626419,-0.5265964,-2.572505,-0.07253835,0.8977773,0.4344354,0.02022037,0.04827428,0.9937415,1.120234,0.0747411,-1.962233,0.09142038,0.8829448,-0.3298877,0.3212866,39.88805,138.6382,356.2234,0.4104114,0.03901887,-0.9110649,0.0,0.0,0.0,1.627507,-0.5400639,-2.579022,0.06060135,0.07151669,1.134762,-0.7768346,-0.05053874,-0.6276736,0.3734153,0.7656329,-0.5238009,0.5070397,-0.6412895,-0.5758981,static,-5.684998516413533,5.4341755486255305,3.0569461056937586,3.6062118892808157,0.5072730000000001,-0.614805,-0.6167890000000003,-0.09861835358495635,0.09424048808681743,0.9906529397885471,-3.730218642011155,8.272109040999638,8.899798593706496,8.931016006920796,8.236273522832162
05/17/2023 13:13:34.333643,524,True,True,True,True,Eyes,0.9654785,0.08025545,-1.965789,0.6100761,-0.5599501,-0.5605918,1.083296,1.626371,-0.5263361,-2.573076,-0.07569671,0.9149792,0.3963371,0.01957765,0.04484525,0.988807,1.12779,0.07445214,-1.964304,0.09135666,0.8839741,-0.3298511,0.3184999,39.89283,139.0529,356.3682,0.4131834,0.03880497,-0.9098203,0.0,0.0,0.0,1.627507,-0.5400639,-2.579022,0.06084347,0.0725987,1.129846,-0.7804238,-0.04860122,-0.6233596,0.3716289,0.7657045,-0.5249653,0.5028232,-0.6413538,-0.5795125,static,-5.732220121183495,5.319907351288778,3.0824644136939403,3.676508649618081,0.49971699999999997,-0.61451604,-0.6147180000000001,-0.09945334588491123,0.09225688357243754,0.9907561899550554,-3.7742340143675417,8.23116710711032,8.935861510767014,8.966572519199318,8.231599297693394
05/17/2023 13:13:34.353809,525,True,True,True,True,Eyes,0.972657,0.07984118,-1.966189,0.6060069,-0.5618268,-0.563122,1.078588,1.626289,-0.5261384,-2.573566,-0.0811902,0.9280071,0.3636082,0.01968092,0.03941232,0.9846073,1.135501,0.07601714,-1.966995,0.0908964,0.8848957,-0.3298805,0.3160318,39.88675,139.4007,356.4406,0.4159367,0.0385881,-0.908574,0.0,0.0,0.0,1.627507,-0.5400639,-2.579022,0.06019074,0.07436413,1.124997,-0.7837234,-0.04763785,-0.6192804,0.3693732,0.7658333,-0.5263675,0.4993405,-0.6412721,-0.5826054,static,-5.730665833174447,5.18859837070337,3.0625773336770803,3.781842385268436,0.49200599999999994,-0.6160810400000001,-0.6120270000000001,-0.09944721529475503,0.08998610820755809,0.9909656172792405,-3.799086001940271,8.180460492865272,8.875177182152262,8.90505967379995,8.150476365699994
05/17/2023 13:13:34.363738,526,True,True,True,True,Eyes,0.9798284,0.07947599,-1.96666,0.6019779,-0.5636378,-0.5656279,1.074072,1.626396,-0.5259117,-2.574185,-0.07405978,0.9436561,0.3225341,0.01849023,0.03839529,0.9800432,1.14275,0.07544669,-1.968582,0.0909164,0.8857461,-0.3306975,0.3127735,39.99349,139.8541,356.572,0.4186712,0.03836814,-0.9073266,0.0,0.0,0.0,1.627507,-0.5400639,-2.579022,0.05905765,0.07689101,1.12035,-0.7878142,-0.04580914,-0.6142074,0.3679245,0.7647467,-0.5289556,0.4939442,-0.6427006,-0.5856241,static,-5.821072347779047,5.1690778057141715,3.017472342474485,3.9261237943353247,0.4847570000000001,-0.6155105900000001,-0.6104400000000001,-0.10101393367656764,0.08963425337649245,0.9908389217024556,-3.844556772527297,8.178863916739427,8.89501049511428,8.925514378231187,8.072994619336606
05/17/2023 13:13:34.383576,527,True,True,True,True,Eyes,0.987054,0.07916269,-1.967186,0.5978795,-0.5655496,-0.5680614,1.069538,1.626509,-0.5257144,-2.574749,-0.06649536,0.9562938,0.2847463,0.01953351,0.03479731,0.9761634,1.149781,0.07625584,-1.970721,0.09155922,0.8862567,-0.330643,0.3111932,40.01996,140.1183,356.7439,0.4213858,0.03814759,-0.9060783,0.0,0.0,0.0,1.627507,-0.5400639,-2.579022,0.0574621,0.07857502,1.11598,-0.7895515,-0.04349775,-0.6121409,0.3680776,0.7645843,-0.5290839,0.4910473,-0.6430543,-0.5876679,static,-5.745680997122609,5.085936590356489,2.9475714917304963,4.027491174096822,0.4777260000000001,-0.61631974,-0.6083010000000002,-0.09972282761112261,0.08820791643975004,0.9910977357864211,-3.8259969420563515,8.141880298678194,8.727771823538081,8.757450858220777,7.925239882531447
05/17/2023 13:13:34.393748,528,True,True,True,True,Eyes,0.9942666,0.07887315,-1.967762,0.5937525,-0.5674437,-0.5704959,1.065125,1.626687,-0.5255255,-2.575412,-0.05462888,0.9690726,0.2406531,0.01805639,0.03196207,0.9719549,1.157292,0.07714772,-1.973334,0.09056329,0.8872051,-0.3317447,0.3075889,40.11798,140.5699,356.7477,0.4240825,0.03792879,-0.9048285,0.0,0.0,0.0,1.627507,-0.5400639,-2.579022,0.0554722,0.08064687,1.111595,-0.7943748,-0.04338555,-0.6058766,0.3647784,0.7634875,-0.5329387,0.485701,-0.6443636,-0.5906691,static,-5.841819256335295,5.039580219174013,2.8568754929406923,4.149572094370657,0.47021500000000005,-0.6172116200000001,-0.6056880000000002,-0.10139300289175757,0.0873911884414839,0.9910006029211726,-3.8793350084664278,8.13031729262288,8.714240820726848,8.744106861383706,7.824504089888106
05/17/2023 13:13:34.413692,529,True,True,True,True,Eyes,1.001473,0.07863584,-1.968402,0.5895399,-0.5695205,-0.5727906,1.06063,1.626757,-0.5254145,-2.575921,-0.05004422,0.9770907,0.2068558,0.01762938,0.03017512,0.9680507,1.164237,0.07743917,-1.975099,0.09058993,0.887862,-0.3325571,0.3047954,40.22212,140.9552,356.8572,0.4267602,0.03771262,-0.9035777,0.0,0.0,0.0,1.627507,-0.5400639,-2.579022,0.05367005,0.08148149,1.107506,-0.7977864,-0.04186108,-0.6014853,0.3635865,0.7623984,-0.5353069,0.4809799,-0.6457525,-0.593011,static,-5.8743449049632295,5.0037242659767855,2.774399033513444,4.207787012155429,0.46327000000000007,-0.61750307,-0.6039230000000002,-0.10196115154558844,0.08676593442071384,0.9909972559297114,-3.9013084192914715,8.118631030624428,8.655623207103432,8.685291464617507,7.736909649997849
05/17/2023 13:13:34.433624,530,True,True,True,True,Eyes,1.008658,0.07839381,-1.969094,0.5852826,-0.5715724,-0.5751081,1.056186,1.626825,-0.5252929,-2.576515,-0.04547317,0.9848784,0.1671721,0.01664618,0.02840814,0.9643717,1.171234,0.0784777,-1.977353,0.09072381,0.888448,-0.3337537,0.3017248,40.3754,141.3718,356.9754,0.4294186,0.03750111,-0.9023262,0.0,0.0,0.0,1.627507,-0.5400639,-2.579022,0.05128619,0.08102694,1.103155,-0.8014629,-0.04019676,-0.5966924,0.3626103,0.7607552,-0.5382985,0.4755747,-0.647793,-0.5951414,static,-5.931295600423404,5.016756244710824,2.6617908932256173,4.200842086973695,0.45627299999999993,-0.6185416,-0.6016690000000002,-0.1029441830019065,0.08698248571696991,0.9908766822136332,-3.9250202866013217,8.12738665146273,8.602063546298854,8.631735132644486,7.668365779982822
05/17/2023 13:13:34.453423,531,True,True,True,True,Eyes,1.015868,0.07820639,-1.969816,0.5810216,-0.5737297,-0.5772765,1.051749,1.626957,-0.5252132,-2.576966,-0.03666307,0.9898871,0.1370376,0.01528299,0.02701026,0.960163,1.177942,0.07813182,-1.979274,0.0908432,0.889201,-0.3345053,0.2986223,40.47684,141.8104,357.1195,0.4320558,0.0372936,-0.901075,0.0,0.0,0.0,1.627507,-0.5400639,-2.579022,0.04969835,0.07862088,1.099094,-0.8051445,-0.03822576,-0.5918456,0.3613372,0.7597074,-0.5406294,0.4702954,-0.6491406,-0.5978619,static,-6.004445359467602,4.970475950896956,2.5890118448743955,4.091537985440532,0.449565,-0.61819572,-0.5997480000000002,-0.10421653394217789,0.08617060145847122,0.9908145978326439,-3.9677477889660078,8.11434600695157,8.609311542993625,8.638289105487155,7.692469127262878
05/17/2023 13:13:34.463936,532,True,True,True,True,Eyes,1.023056,0.07803486,-1.970601,0.5767654,-0.5757999,-0.5794792,1.047526,1.627233,-0.5251306,-2.577621,-0.01829293,0.9954588,0.0934195,0.01568139,0.02422008,0.9568982,1.184658,0.07922766,-1.981495,0.09045378,0.889729,-0.3352494,0.2963246,40.5544,142.1076,357.1539,0.4346737,0.03709207,-0.8998234,0.0,0.0,0.0,1.627507,-0.5400639,-2.579022,0.04811943,0.07591307,1.094708,-0.8080198,-0.03772659,-0.5879464,0.3596441,0.7588519,-0.5429549,0.466648,-0.6501697,-0.5995993,static,-5.968952123335041,4.909089752809127,2.5168963971231553,3.966853823060988,0.44284900000000005,-0.6192915600000001,-0.5975270000000001,-0.10361216974673954,0.08511440429975448,0.9909692483477381,-3.963341487904465,8.08836190994045,8.510267035488,8.537999394440767,7.679864058481766
05/17/2023 13:13:34.483397,533,True,True,True,True,Eyes,1.030211,0.07788832,-1.971443,0.5725611,-0.5778806,-0.5815736,1.043419,1.627632,-0.5250836,-2.578269,0.008368651,0.9987028,0.05022781,0.01503447,0.02081287,0.9532016,1.191338,0.07943731,-1.983749,0.08955286,0.8906667,-0.3354861,0.2935,40.55518,142.4801,357.178,0.4372711,0.03689662,-0.8985721,0.0,0.0,0.0,1.627507,-0.5400639,-2.579022,0.04675093,0.07282433,1.090244,-0.8116762,-0.03740682,-0.5829089,0.3564538,0.7588588,-0.545045,0.4627339,-0.6501801,-0.6026139,static,-5.9966098629612885,4.7608370013752985,2.455405367403517,3.821472733952976,0.43616900000000003,-0.61950121,-0.5952730000000002,-0.1041130958633601,0.08254565150706503,0.9911340635824959,-4.004957022406905,8.033040319344705,8.478080006040905,8.504055895937451,7.71191180797598
05/17/2023 13:13:34.503632,534,True,True,True,True,Eyes,1.037348,0.07773896,-1.972346,0.5684096,-0.579809,-0.5837225,1.039692,1.628319,-0.5250836,-2.579237,0.05410759,0.998432,-0.01434924,0.01530313,0.01640484,0.9501907,1.197975,0.07991932,-1.985823,0.08895761,0.8916134,-0.3350174,0.2913342,40.48467,142.7939,357.2439,0.4398465,0.0367077,-0.8973221,0.0,0.0,0.0,1.627507,-0.5400639,-2.579022,0.04576772,0.07030368,1.085621,-0.8144221,-0.03657244,-0.5791197,0.3538356,0.7596999,-0.5455791,0.4599103,-0.6492447,-0.6057758,static,-5.9696146803185846,4.562020470060118,2.4140517799793844,3.705240924966748,0.429532,-0.6199832200000001,-0.5931990000000003,-0.10367507829752443,0.07910955661154022,0.9914600662922022,-4.031227931448299,7.954649478441651,8.403519977051895,8.427332585487266,7.720045570648336
05/17/2023 13:13:34.513903,535,True,True,True,True,Eyes,1.044465,0.07760987,-1.973297,0.5643008,-0.5817849,-0.5857397,1.036138,1.629158,-0.5251996,-2.580204,0.110061,0.9907954,-0.07880912,0.01536646,0.01160872,0.9466964,1.204699,0.07968721,-1.98813,0.08809607,0.8927096,-0.3342358,0.2891282,40.3679,143.1127,357.2928,0.4423988,0.03652453,-0.896074,0.0,0.0,0.0,1.627507,-0.5400639,-2.579022,0.04479143,0.06923467,1.080947,-0.817288,-0.03598558,-0.5751048,0.3505625,0.7610511,-0.5458088,0.4573254,-0.6476932,-0.6093828,static,-5.95162988895719,4.310382408784042,2.372819906105014,3.664789442445052,0.4228080000000001,-0.61975111,-0.5908920000000002,-0.10339869542225905,0.07475656970880559,0.9918267106582116,-4.071937234496983,7.85649258095814,8.327882595053435,8.34944636899343,7.687995174475651
05/17/2023 13:13:34.539987,536,True,True,True,True,Eyes,1.05156,0.07747655,-1.974296,0.5602234,-0.5836656,-0.587779,1.033191,1.630378,-0.5255617,-2.581585,0.1913438,0.9665471,-0.1708055,0.01642904,0.00655669,0.9443111,1.211355,0.0800579,-1.990247,0.0870895,0.8936735,-0.3334252,0.2873861,40.24093,143.3566,357.298,0.4449276,0.03634739,-0.8948283,0.0,0.0,0.0,1.627507,-0.5400639,-2.579022,0.0429616,0.06955147,1.076158,-0.8196496,-0.03598437,-0.5717344,0.3473027,0.7624862,-0.54589,0.455583,-0.6460032,-0.612474,static,-5.876493024820164,4.057801065306102,2.2861066523220375,3.6978502671193056,0.4161520000000001,-0.6201218000000001,-0.588775,-0.10213044464400389,0.0703927799141615,0.9922772657804341,-4.086487950768962,7.754225683923895,8.15114679245289,8.1705323000645,7.5540812477362955
05/17/2023 13:13:34.543653,537,True,True,True,True,Eyes,1.058649,0.07733291,-1.9753,0.5560441,-0.5857875,-0.5896337,1.029992,1.631369,-0.5260235,-2.582618,0.2575103,0.9360647,-0.2397315,0.01661775,0.003334254,0.9413,1.21797,0.07982009,-1.992375,0.08602236,0.8945104,-0.3335093,0.2849964,40.21722,143.6606,357.2826,0.4474327,0.03617545,-0.8935852,0.0,0.0,0.0,1.627507,-0.5400639,-2.579022,0.04048747,0.07068726,1.071401,-0.8227546,-0.03620208,-0.567243,0.3439937,0.7627435,-0.5476229,0.452486,-0.6456871,-0.6150975,static,-5.857074094823538,3.8829792359931865,2.1641363692862874,3.7747028767565567,0.40953700000000004,-0.61988399,-0.5866470000000001,-0.10181545053523039,0.0673669904994888,0.9925196416696753,-4.111578640477973,7.685578724164666,8.003898456571408,8.021941228874374,7.394562108578203
05/17/2023 13:13:34.563739,538,True,True,True,True,Eyes,1.06572,0.07720208,-1.97633,0.5518556,-0.5879393,-0.5914244,1.027635,1.632826,-0.5269849,-2.584098,0.3545332,0.8716862,-0.3383332,0.01695377,0.002874613,0.93952,1.224537,0.07945424,-1.993739,0.0859057,0.8949176,-0.3344496,0.2826415,40.32862,143.9699,357.3459,0.4499149,0.03600776,-0.8923449,0.0,0.0,0.0,1.627507,-0.5400639,-2.579022,0.03820789,0.07063606,1.066857,-0.825468,-0.03530162,-0.5633439,0.3428157,0.7615274,-0.5500486,0.4484195,-0.6471707,-0.6165146,static,-5.844893745863637,3.8481501243886385,2.0510861535023905,3.787995768953345,0.40297000000000005,-0.61951814,-0.5852830000000002,-0.10160857704736026,0.06676506575464798,0.9925815672862348,-4.112746429418536,7.671357595509523,7.878644956028178,7.896209034572868,7.285144554930355
05/17/2023 13:13:34.593729,539,True,True,True,True,Eyes,1.072813,0.07708869,-1.977351,0.5475264,-0.5903621,-0.5930325,0.0,0.0,0.0,0.0,0.0,0.0,0.0,-0.09648705,-1.586539,-1.725552,1.231237,0.07965758,-1.995409,0.08652364,0.8949147,-0.3360283,0.280582,40.54065,144.2456,357.458,0.4523741,0.03584448,-0.8911073,0.0,0.0,0.0,1.627507,-0.5400639,-2.579022,0.03648823,0.06911564,1.062406,-0.8275747,-0.0337044,-0.5603426,0.3434295,0.7591973,-0.5528795,0.4440451,-0.6499873,-0.6167175,static,-5.80550676008253,3.902474694705281,1.967044754159499,3.7221758830396676,0.3962700000000001,-0.61972148,-0.5836130000000002,-0.10091977611536698,0.06771091851487204,0.9925878017446699,-4.084014328891107,7.689711636762545,7.757126124802392,7.774642416409521,7.235789935013218
05/17/2023 13:13:34.603694,540,True,True,True,True,Eyes,1.079887,0.07701077,-1.978399,0.5432183,-0.5928098,-0.5945507,0.0,0.0,0.0,0.0,0.0,0.0,0.0,-0.08568108,-1.596545,-1.723324,1.237921,0.07998051,-1.996822,0.08756397,0.8947418,-0.3376315,0.278881,40.77013,144.4872,357.6068,0.4548124,0.03568594,-0.8898716,0.0,0.0,0.0,1.627507,-0.5400639,-2.579022,0.03501061,0.06632581,1.057908,-0.8291157,-0.03162375,-0.5581818,0.3450123,0.7566751,-0.5553461,0.4399243,-0.6530259,-0.6164607,static,-5.740053783789001,3.978394784267256,1.8954657170366898,3.587477897985849,0.389586,-0.62004441,-0.5822,-0.0997767386385634,0.06903409111552648,0.9926122163221271,-4.039062953091715,7.714679607185632,7.628065270125676,7.645519868489608,7.228583850589105
05/17/2023 13:13:34.613699,541,True,True,True,True,Eyes,1.08696,0.07697208,-1.979459,0.5388874,-0.5954562,-0.5958458,0.0,0.0,0.0,0.0,0.0,0.0,0.0,-0.07550144,-1.607199,-1.720663,1.244573,0.08078444,-1.998494,0.08840445,0.8944888,-0.3393269,0.2773659,41.00227,144.6902,357.7156,0.4572299,0.03553325,-0.888638,0.0,0.0,0.0,1.627507,-0.5400639,-2.579022,0.03377181,0.06202978,1.053383,-0.8305059,-0.03008182,-0.5561973,0.346389,0.7540838,-0.5580075,0.4362053,-0.6560891,-0.6158512,static,-5.651142783243392,4.040861450163004,1.8362928026026726,3.3700421716052174,0.3829340000000001,-0.62084834,-0.5805280000000002,-0.09822877764600768,0.07012709059382863,0.9926898970886405,-3.9859190563599007,7.732925071681939,7.500287414712114,7.517425766622427,7.275499854334841
05/17/2023 13:13:34.633906,542,True,True,True,True,Eyes,1.094024,0.07695882,-1.980551,0.53461,-0.5980088,-0.5971411,0.0,0.0,0.0,0.0,0.0,0.0,0.0,-0.06319237,-1.615858,-1.719852,1.251349,0.08172129,-2.000082,0.08860609,0.8945096,-0.3406035,0.2756646,41.16253,144.9075,357.7721,0.4596265,0.03538758,-0.8874066,0.0,0.0,0.0,1.627507,-0.5400639,-2.579022,0.03243279,0.05738804,1.04859,-0.8323162,-0.02926666,-0.5535283,0.3463027,0.7522764,-0.5604951,0.4328102,-0.6581973,-0.6159968,static,-5.576021397115818,4.03089991480224,1.771588276007046,3.132602352068449,0.376158,-0.62178519,-0.5789400000000002,-0.09692827580074523,0.06996345987913243,0.9928292370386187,-3.953234166258265,7.72416162132955,7.3859517913865504,7.402317638400973,7.338665309073721
05/17/2023 13:13:34.654200,543,True,True,True,True,Eyes,1.101093,0.07696562,-1.981652,0.5303376,-0.600595,-0.598354,0.0,0.0,0.0,0.0,0.0,0.0,0.0,-0.04934895,-1.62065,-1.722945,1.258233,0.08232281,-2.001887,0.08819511,0.8949611,-0.3409884,0.273849,41.19677,145.1456,357.7991,0.462003,0.03524929,-0.8861772,0.0,0.0,0.0,1.627507,-0.5400639,-2.579022,0.03143302,0.05271953,1.043715,-0.834457,-0.02889631,-0.5503154,0.3446211,0.751897,-0.5620385,0.4300214,-0.6586471,-0.6174674,static,-5.516045766850078,3.8870752960770374,1.725025684233524,2.8916337920732538,0.3692740000000001,-0.62238671,-0.5771350000000002,-0.09590541394006122,0.06747774465603532,0.9931005683554315,-3.9535959015450675,7.6648019721816425,7.294341497609426,7.3091736569595405,7.418212560318678
05/17/2023 13:13:34.663541,544,True,True,True,True,Eyes,1.108148,0.07697552,-1.982778,0.5261186,-0.6030259,-0.5996324,0.0,0.0,0.0,0.0,0.0,0.0,0.0,-0.03506839,-1.622169,-1.728714,1.265106,0.08281902,-2.003438,0.08751565,0.8957195,-0.340602,0.2720624,41.13132,145.394,357.8276,0.4643597,0.03511855,-0.8849498,0.0,0.0,0.0,1.627507,-0.5400639,-2.579022,0.03078231,0.04847175,1.038529,-0.8366463,-0.028551,-0.5469991,0.342109,0.7526625,-0.5625483,0.4277671,-0.6577872,-0.6199448,static,-5.4600283551565525,3.6536451382691086,1.6977669586731188,2.6722534313615562,0.362401,-0.62288292,-0.5755840000000001,-0.09495965652173313,0.06343696445929518,0.9934578237851842,-3.973229961048517,7.5711690174310995,7.211845890854393,7.224760441500392,7.49396957445968
05/17/2023 13:13:34.684003,545,True,True,True,True,Eyes,1.115187,0.07697977,-1.983923,0.5218309,-0.6055195,-0.600865,0.0,0.0,0.0,0.0,0.0,0.0,0.0,-0.02062964,-1.622691,-1.735319,1.27182,0.08289548,-2.005114,0.08714819,0.8966063,-0.3399478,0.2700703,41.04646,145.696,357.9221,0.4666966,0.03499471,-0.8837245,0.0,0.0,0.0,1.627507,-0.5400639,-2.579022,0.0301159,0.04576212,1.033186,-0.8389347,-0.0273444,-0.5435452,0.3398949,0.7536814,-0.5625263,0.4250419,-0.6566709,-0.6229953,static,-5.439366093075297,3.3977481143381443,1.669617597381763,2.5361007148848334,0.3556870000000001,-0.6229593800000001,-0.5739080000000003,-0.09462717800974821,0.05900119827134865,0.9937628776949341,-4.0135344789062515,7.471195257285283,7.149831285351605,7.161011475494865,7.526843672127612
05/17/2023 13:13:34.703716,546,True,True,True,True,Eyes,1.122209,0.07697522,-1.985084,0.5175045,-0.6079469,-0.6021541,0.0,0.0,0.0,0.0,0.0,0.0,0.0,-0.003527641,-1.624861,-1.740164,1.278612,0.08280748,-2.006652,0.08705033,0.8974806,-0.3397463,0.2674384,41.02533,146.0892,358.0652,0.4690137,0.03487682,-0.8825015,0.0,0.0,0.0,1.627507,-0.5400639,-2.579022,0.02894506,0.04432589,1.027707,-0.8417979,-0.02547038,-0.5391915,0.3379743,0.7539895,-0.5632702,0.4208913,-0.6563926,-0.6260983,static,-5.487092369027981,3.207303880376738,1.6132919866007323,2.469685757029412,0.34889499999999996,-0.6228713800000001,-0.5723700000000003,-0.09547309045745392,0.05569320633848781,0.9938727567716664,-4.072615400539755,7.400929179323674,7.128516421546826,7.138594994363205,7.526400501239565
05/17/2023 13:13:34.714028,547,True,True,True,True,Eyes,1.129211,0.07696703,-1.986262,0.5129817,-0.6105731,-0.6033658,0.0,0.0,0.0,0.0,0.0,0.0,0.0,0.01451969,-1.629343,-1.742567,1.285255,0.08260383,-2.008183,0.08731221,0.898191,-0.3401402,0.2644511,41.08677,146.5314,358.2472,0.4713111,0.0347639,-0.8812812,0.0,0.0,0.0,1.627507,-0.5400639,-2.579022,0.02725005,0.04423636,1.022326,-0.8448848,-0.02305479,-0.5344519,0.3367469,0.7533625,-0.564842,0.4156583,-0.6572013,-0.6287408,static,-5.566610392051452,3.0852378592452907,1.5268546923345798,2.4776604237352706,0.342252,-0.6226677300000001,-0.5708390000000003,-0.09686362829418843,0.053568453860979325,0.9938550607874217,-4.133035070800776,7.359099184918706,7.109962638986824,7.119437986494767,7.47414185776725
05/17/2023 13:13:34.733523,548,True,True,True,True,Eyes,1.136202,0.07695175,-1.987449,0.5083624,-0.6131807,-0.6046298,0.0,0.0,0.0,0.0,0.0,0.0,0.0,0.03530288,-1.636019,-1.742707,1.292092,0.08257782,-2.009605,0.08770384,0.8988358,-0.3410887,0.2608843,41.21806,147.0478,358.4531,0.4735888,0.03465529,-0.8800637,0.0,0.0,0.0,1.627507,-0.5400639,-2.579022,0.02569807,0.04435438,1.01712,-0.8484946,-0.02030662,-0.5288138,0.3356321,0.7519331,-0.5674044,0.4091547,-0.6589265,-0.6311956,static,-5.698407780547917,3.0313376927638296,1.447299997965498,2.496961735140789,0.335415,-0.6226417200000001,-0.5694170000000001,-0.09915453583604261,0.05262154653476052,0.99367975047181,-4.20427789568197,7.346966452235451,7.156339014966466,7.165660982770024,7.447340360410904
05/17/2023 13:13:34.753664,549,True,True,True,True,Eyes,1.143192,0.07693198,-1.988631,0.5035061,-0.6159567,-0.6058704,0.0,0.0,0.0,0.0,0.0,0.0,0.0,0.05787075,-1.643162,-1.742039,1.298889,0.08241496,-2.011,0.08794774,0.899484,-0.3422673,0.256996,41.37102,147.5986,358.6479,0.475847,0.03455024,-0.8788488,0.0,0.0,0.0,1.627507,-0.5400639,-2.579022,0.02477822,0.04364446,1.011977,-0.8524367,-0.0177075,-0.5225309,0.3341378,0.7502366,-0.5705234,0.4021243,-0.6609323,-0.6336125,static,-5.845751650463503,2.984190146184547,1.4026048266138218,2.469517263608315,0.3286180000000001,-0.6224788600000001,-0.568022,-0.10171400751641635,0.05179039634963967,0.9934646476494058,-4.281371466046723,7.338455202459256,7.257402655452427,7.266605796026653,7.484259692709037
05/17/2023 13:13:34.763743,550,True,True,True,True,Eyes,1.150183,0.07691849,-1.989821,0.498591,-0.6186873,-0.6071516,0.0,0.0,0.0,0.0,0.0,0.0,0.0,0.08035171,-1.650414,-1.740731,1.305868,0.08234974,-2.012062,0.08820889,0.9000654,-0.3434999,0.2531981,41.5301,148.1363,358.8397,0.4780867,0.03444823,-0.8776365,0.0,0.0,0.0,1.627507,-0.5400639,-2.579022,0.0241462,0.04178303,1.006683,-0.8562198,-0.01515945,-0.5163891,0.3327346,0.7484541,-0.5736761,0.3951902,-0.6630134,-0.6357971,static,-5.977291207089127,2.9478332643633793,1.3740275017362393,2.376734253873762,0.321639,-0.62241364,-0.5669600000000004,-0.1039979822818824,0.05114784096134614,0.9932614680390761,-4.349079437535595,7.333066515694503,7.364396137927963,7.373468711434807,7.570943305025241
05/17/2023 13:13:34.784174,551,True,True,True,True,Eyes,1.157189,0.07690535,-1.990996,0.493528,-0.6215037,-0.6084105,0.0,0.0,0.0,0.0,0.0,0.0,0.0,0.1024787,-1.65682,-1.74038,1.312931,0.08250509,-2.013425,0.08817614,0.900697,-0.3444973,0.2495824,41.65087,148.6413,358.9938,0.4803082,0.03434924,-0.8764265,0.0,0.0,0.0,1.627507,-0.5400639,-2.579022,0.02306524,0.03787756,1.001628,-0.8598671,-0.01312095,-0.5103492,0.3308009,0.7470931,-0.576561,0.3888434,-0.6645898,-0.6380605,static,-6.0757332433810936,2.866232817829511,1.319159793222159,2.165665000947356,0.31457599999999997,-0.62256899,-0.5655970000000003,-0.1057120000818193,0.04972415450423887,0.9931528351192882,-4.410342048889538,7.30807193269326,7.419452866488164,7.428003654337705,7.698801232037988
05/17/2023 13:13:34.803964,552,True,True,True,True,Eyes,1.164205,0.07689265,-1.992173,0.4884723,-0.6241966,-0.6097322,0.0,0.0,0.0,0.0,0.0,0.0,0.0,0.124851,-1.660744,-1.741687,1.320093,0.08253653,-2.014366,0.08761603,0.9014643,-0.3450689,0.246197,41.70352,149.1,359.0833,0.4825133,0.03425299,-0.8752182,0.0,0.0,0.0,1.627507,-0.5400639,-2.579022,0.02276841,0.0320698,0.9973244,-0.863421,-0.01194441,-0.5043428,0.3278753,0.7465019,-0.578993,0.3834085,-0.6652762,-0.6406291,static,-6.137036880565276,2.7223685299257805,1.3078064020767837,1.841759081734036,0.3074140000000001,-0.6226004300000001,-0.5646560000000003,-0.10678752382617557,0.04722482576539491,0.9931596949243319,-4.466610972494303,7.256647175855273,7.489082450803622,7.496743593277362,7.9161170461031185
05/17/2023 13:13:34.813797,553,True,True,True,True,Eyes,1.171229,0.07687315,-1.993338,0.4834659,-0.6268682,-0.6109803,0.0,0.0,0.0,0.0,0.0,0.0,0.0,0.147131,-1.662679,-1.745008,1.327375,0.08253393,-2.015556,0.08673018,0.9023895,-0.3451668,0.2429627,41.68956,149.5345,359.1409,0.4847029,0.03415922,-0.8740112,0.0,0.0,0.0,1.627507,-0.5400639,-2.579022,0.02123427,0.03053969,0.99252,-0.866894,-0.01119646,-0.4983667,0.3242541,0.7466756,-0.5808054,0.3786212,-0.6650942,-0.643658,static,-6.183030080184915,2.511147682259197,1.22561608702461,1.7624263816330792,0.30013200000000007,-0.62259783,-0.563466,-0.10760267012052857,0.043559380178655085,0.9932392407690727,-4.528938698884166,7.178260460809974,7.439821868977988,7.446383123162523,7.902288248172136
05/17/2023 13:13:34.833852,554,True,True,True,True,Eyes,1.178272,0.07684408,-1.994503,0.4785265,-0.6293796,-0.6122857,0.0,0.0,0.0,0.0,0.0,0.0,0.0,0.167813,-1.66228,-1.750089,1.334785,0.08237215,-2.016361,0.08548629,0.903354,-0.3448244,0.2402911,41.6118,149.8805,359.1365,0.4868776,0.03406744,-0.8728052,0.0,0.0,0.0,1.627507,-0.5400639,-2.579022,0.02198538,0.02645373,0.9883916,-0.8699048,-0.01126773,-0.4930915,0.3201653,0.7475764,-0.5819139,0.3751804,-0.6640803,-0.6467127,static,-6.162553404485086,2.2478296233559,1.2742538429537054,1.53312242229936,0.2927219999999999,-0.62243605,-0.5626610000000003,-0.10726794057077296,0.0389956612104178,0.9934651467743432,-4.570773774496138,7.075438898632475,7.465823368562236,7.471071437136724,8.05491277250008
05/17/2023 13:13:34.853857,555,True,True,True,True,Eyes,1.185302,0.0768019,-1.995668,0.4736969,-0.631883,-0.6134616,0.0,0.0,0.0,0.0,0.0,0.0,0.0,0.1900667,-1.661378,-1.755692,1.342298,0.08210095,-2.017487,0.08363545,0.9043607,-0.3445573,0.2375227,41.52439,150.2082,359.0504,0.4890388,0.03397699,-0.8715997,0.0,0.0,0.0,1.627507,-0.5400639,-2.579022,0.02022365,0.0230853,0.9838537,-0.8731761,-0.01240708,-0.4872468,0.3149536,0.7485707,-0.5834776,0.3719779,-0.6629388,-0.6497265,static,-6.138721348900063,1.9668390985846729,1.1775801962861232,1.3441506555766902,0.28520900000000005,-0.6221648500000001,-0.5615350000000001,-0.10687375558700846,0.03412450619684725,0.9936868379307033,-4.6145034731622445,6.9655866501329164,7.338767904530746,7.34275215414149,8.071479162754668
05/17/2023 13:13:34.863456,556,True,True,True,True,Eyes,1.19236,0.07674917,-1.996821,0.4689142,-0.6342268,-0.6147161,0.0,0.0,0.0,0.0,0.0,0.0,0.0,0.2142278,-1.659788,-1.76109,1.349994,0.08177681,-2.018181,0.08148909,0.9054205,-0.3443247,0.2345499,41.43302,150.55,358.9332,0.4911861,0.03388723,-0.8703949,0.0,0.0,0.0,1.627507,-0.5400639,-2.579022,0.01950967,0.0209395,0.9797106,-0.8766916,-0.01395888,-0.48085,0.3090864,0.7495999,-0.585291,0.3686151,-0.6617439,-0.6528535,static,-6.125101720585332,1.689003661309464,1.1408205916100562,1.224404777711015,0.2775130000000001,-0.6218407100000001,-0.5608410000000004,-0.10665386075757857,0.0293062905457169,0.993864246121694,-4.662325879119848,6.857619782110197,7.277817521012309,7.2807608922076055,8.08762142082164
05/17/2023 13:13:34.884167,557,True,True,True,True,Eyes,1.199422,0.07667835,-1.997962,0.4641024,-0.6365831,-0.615931,0.0,0.0,0.0,0.0,0.0,0.0,0.0,0.2393178,-1.657652,-1.766742,1.357734,0.08145749,-2.019006,0.0793111,0.9065556,-0.3439861,0.2313877,41.32949,150.9204,358.8258,0.4933211,0.03379764,-0.8691901,0.0,0.0,0.0,1.627507,-0.5400639,-2.579022,0.01818931,0.01876789,0.9757568,-0.8803392,-0.0153885,-0.4740956,0.3029882,0.7507666,-0.5869819,0.3649679,-0.6603884,-0.6562667,static,-6.1304591397238015,1.3965377138772288,1.0679402939854155,1.1019019394713023,0.26977300000000004,-0.6215213900000001,-0.5600160000000001,-0.10676130308202042,0.024232476344701076,0.9939893806811027,-4.721743937226701,6.745258507177249,7.202404165625029,7.204426739636191,8.085042785750492
05/17/2023 13:13:34.903711,558,True,True,True,True,Eyes,1.206528,0.07659349,-1.999087,0.4592986,-0.6387854,-0.6172503,0.0,0.0,0.0,0.0,0.0,0.0,0.0,0.2649324,-1.654563,-1.772669,1.365734,0.08098295,-2.019488,0.07723161,0.9077498,-0.3434663,0.2281588,41.2088,151.3095,358.7421,0.4954445,0.03370744,-0.867985,0.0,0.0,0.0,1.627507,-0.5400639,-2.579022,0.01662451,0.01703823,0.9712909,-0.8839579,-0.01651571,-0.4672751,0.2969436,0.7521325,-0.5883207,0.3611693,-0.6588051,-0.6599491,static,-6.14495778910779,1.0993473322391203,0.9805726189853394,1.0049703493578386,0.26177300000000003,-0.62104685,-0.5595340000000002,-0.10702477528079488,0.019075854665496626,0.9940733037910666,-4.786295265920046,6.631675730517481,7.124880171201027,7.126155387834144,8.05708251467763
05/17/2023 13:13:34.918893,559,True,True,True,True,Eyes,1.213676,0.07648571,-2.000185,0.4541664,-0.6411341,-0.6186113,0.0,0.0,0.0,0.0,0.0,0.0,0.0,0.2936202,-1.651473,-1.778119,1.373913,0.08054809,-2.020186,0.07499204,0.9090455,-0.3430452,0.2243496,41.09703,151.7721,358.6631,0.4975577,0.03361612,-0.866779,0.0,0.0,0.0,1.627507,-0.5400639,-2.579022,0.01684707,0.01374757,0.9675758,-0.8880872,-0.01758176,-0.4593392,0.2902665,0.7533923,-0.5900385,0.3564366,-0.6573363,-0.6639748,static,-6.195707152460719,0.7958157880911586,0.9975120099230572,0.8140186452699407,0.2535940000000001,-0.62061199,-0.5588360000000003,-0.10791457987904496,0.013808048771674616,0.9940642709594327,-4.868789847766229,6.518025485794605,7.192548483329002,7.193242194038419,8.182248561506853
05/17/2023 13:13:34.933863,560,True,True,True,True,Eyes,1.220871,0.07635647,-2.001245,0.4489925,-0.6433656,-0.6200697,0.0,0.0,0.0,0.0,0.0,0.0,0.0,0.3247534,-1.648315,-1.782559,1.382399,0.0799181,-2.020523,0.07284588,0.9103782,-0.3427419,0.2200749,41.00408,152.3027,358.6163,0.4996628,0.03352282,-0.8655707,0.0,0.0,0.0,1.627507,-0.5400639,-2.579022,0.01613584,0.009810925,0.9633374,-0.8925211,-0.01822315,-0.4506374,0.2834924,0.754443,-0.5919865,0.3507681,-0.6561126,-0.6681901,static,-6.291615488141876,0.5174204612625293,0.9596109158074846,0.5834977052511852,0.2451080000000001,-0.619982,-0.5584990000000003,-0.10958444096614675,0.008976181201419301,0.9939369555695553,-4.967204383970726,6.417022694736418,7.251222177256667,7.251527464162672,8.316078005925256
05/17/2023 13:13:34.953807,561,True,True,True,True,Eyes,1.228135,0.07620724,-2.002255,0.4434665,-0.6457721,-0.6215431,0.0,0.0,0.0,0.0,0.0,0.0,0.0,0.3557945,-1.646235,-1.785168,1.390781,0.07926823,-2.02063,0.07116526,0.9115967,-0.3426735,0.2156433,40.95398,152.8708,358.6311,0.5017615,0.03342688,-0.8643596,0.0,0.0,0.0,1.627507,-0.5400639,-2.579022,0.01638752,0.004619628,0.9594128,-0.8968672,-0.01804239,-0.4419322,0.2775385,0.7550208,-0.5940674,0.3443865,-0.6554526,-0.672146,static,-6.396052070113945,0.2736349629320933,0.9785615078333725,0.2758803528501019,0.236726,-0.6193321300000001,-0.558392,-0.11139920046786592,0.004746086908238073,0.9937643884304012,-5.062810520053251,6.329917118458692,7.374530239318389,7.3746139197805345,8.552750267526315
05/17/2023 13:13:34.969677,562,True,True,True,True,Eyes,1.235469,0.07605177,-2.003225,0.4378981,-0.648055,-0.6231132,0.0,0.0,0.0,0.0,0.0,0.0,0.0,0.3874728,-1.644599,-1.786821,1.399648,0.07867337,-2.020486,0.06983256,0.9127835,-0.3426442,0.2110564,40.91943,153.4762,358.6995,0.5038566,0.03332775,-0.8631439,0.0,0.0,0.0,1.627507,-0.5400639,-2.579022,0.01657078,-0.0009278357,0.9548484,-0.9011574,-0.01715052,-0.4331531,0.2721185,0.7554368,-0.5960426,0.3374422,-0.6549971,-0.6761004,static,-6.522726072017952,0.05753190500704262,0.994231607270082,-0.055674862061513064,0.22785900000000003,-0.61873727,-0.5585360000000001,-0.11359724847307162,0.0009976212497984447,0.9935264258760503,-5.163275918844098,6.254937707147633,7.517803148450512,7.517810088338057,8.816956954233884
05/17/2023 13:13:34.985395,563,True,True,True,True,Eyes,1.242877,0.07588814,-2.004146,0.4321143,-0.6504487,-0.6246549,0.0,0.0,0.0,0.0,0.0,0.0,0.0,0.4192182,-1.642321,-1.78882,1.408712,0.07836152,-2.020452,0.06842775,0.91401,-0.342426,0.2065133,40.86085,154.0752,358.7617,0.5059506,0.03322549,-0.8619221,0.0,0.0,0.0,1.627507,-0.5400639,-2.579022,0.01783866,-0.006897062,0.950802,-0.90534,-0.01634374,-0.4243733,0.2665183,0.7561241,-0.5976992,0.3306476,-0.6542242,-0.6801935,static,-6.632074923241203,-0.19022805930838435,1.0748400098004642,-0.41561293789502707,0.21879500000000007,-0.61842542,-0.55857,-0.11549260877178133,-0.0032978829234358038,0.9933028767588975,-5.2619200996670905,6.166622437172623,7.710132658555854,7.710209862814122,9.136758244461284
05/17/2023 13:13:34.993698,564,True,True,True,True,Eyes,1.250368,0.07571845,-2.00502,0.4263459,-0.6526874,-0.6262813,0.0,0.0,0.0,0.0,0.0,0.0,0.0,0.4502891,-1.638826,-1.791552,1.418175,0.07803882,-2.020114,0.06687742,0.9152359,-0.3419845,0.2022802,40.77188,154.6262,358.7943,0.5080451,0.03312014,-0.8606932,0.0,0.0,0.0,1.627507,-0.5400639,-2.579022,0.01826417,-0.01067287,0.946406,-0.9092205,-0.01593615,-0.4160103,0.2607706,0.757148,-0.5989371,0.3245262,-0.653049,-0.6842588,static,-6.70198778934859,-0.4557235669137863,1.1055825673551665,-0.6461122234884443,0.20933200000000007,-0.61810272,-0.5589080000000002,-0.11670154845811964,-0.007899444565326643,0.9931355812064621,-5.3458410847240225,6.06888699152781,7.809601935586758,7.809891338260189,9.311932216048165
05/17/2023 13:13:35.013903,565,True,True,True,True,Eyes,1.257961,0.07553452,-2.005833,0.4203054,-0.655008,-0.6279394,0.0,0.0,0.0,0.0,0.0,0.0,0.0,0.4800059,-1.634604,-1.794932,1.427694,0.0777107,-2.019842,0.06529582,0.9164389,-0.3413655,0.1983581,40.66122,155.1334,358.8106,0.5101427,0.03301177,-0.8594558,0.0,0.0,0.0,1.627507,-0.5400639,-2.579022,0.01894668,-0.01170111,0.9424693,-0.9127812,-0.01574598,-0.4081456,0.2551045,0.7584121,-0.5997773,0.3189867,-0.6515852,-0.6882475,static,-6.722004321440699,-0.7454328636025197,1.1516752802347066,-0.7113120555362559,0.19981300000000002,-0.6177746000000001,-0.55918,-0.11704238284240884,-0.01292047277641259,0.9930428698738664,-5.4114789786637845,5.958549037008316,7.873100828588228,7.873753533060484,9.357459100628613
05/17/2023 13:13:35.034032,566,True,True,True,True,Eyes,1.265646,0.07533599,-2.006589,0.4143197,-0.6571655,-0.6296608,0.0,0.0,0.0,0.0,0.0,0.0,0.0,0.5099407,-1.629419,-1.798606,1.437603,0.07720404,-2.019248,0.06350607,0.9176285,-0.3406823,0.1945776,40.53809,155.6099,358.7915,0.5122463,0.03290011,-0.858208,0.0,0.0,0.0,1.627507,-0.5400639,-2.579022,0.01996771,-0.0117321,0.9386976,-0.916213,-0.01602832,-0.4003707,0.2491283,0.7598051,-0.600526,0.3138291,-0.6499534,-0.6921501,static,-6.718592258238803,-1.0368559919246472,1.2185958486680943,-0.7160610801232675,0.18990400000000007,-0.6172679400000001,-0.559774,-0.11697411872318977,-0.017971336800132978,0.9929723651026395,-5.466651991692425,5.846014787608857,7.942458675938456,7.943668196737698,9.36767732049505
05/17/2023 13:13:35.053921,567,True,True,True,True,Eyes,1.27343,0.07515007,-2.007295,0.4081178,-0.659454,-0.6313163,0.0,0.0,0.0,0.0,0.0,0.0,0.0,0.5381604,-1.624176,-1.802322,1.447513,0.07664052,-2.018604,0.06188856,0.9187423,-0.3399427,0.1911055,40.41311,156.0502,358.78,0.5143574,0.03278492,-0.8569487,0.0,0.0,0.0,1.627507,-0.5400639,-2.579022,0.02156931,-0.01143745,0.9351971,-0.9192971,-0.01621057,-0.3932306,0.2436491,0.7612175,-0.6009851,0.3090763,-0.648294,-0.6958354,static,-6.676859697191975,-1.3349223463787458,1.3212309671581268,-0.7006918047528502,0.179994,-0.61670442,-0.5604180000000003,-0.11623848091515923,-0.023138761757180833,0.9929517615158405,-5.505456066676333,5.728408316525336,8.021213589629326,8.023197782374265,9.377472166172646
05/17/2023 13:13:35.063743,568,True,True,True,True,Eyes,1.281315,0.07506101,-2.007982,0.4019281,-0.6617326,-0.632901,0.0,0.0,0.0,0.0,0.0,0.0,0.0,0.565798,-1.622685,-1.802958,1.457818,0.0767912,-2.018107,0.0606217,0.9195386,-0.3399142,0.1877022,40.38241,156.4799,358.7876,0.5164787,0.0326671,-0.8556764,0.0,0.0,0.0,1.627507,-0.5400639,-2.579022,0.02353549,-0.01158869,0.9318882,-0.9221861,-0.01611726,-0.3864111,0.2390933,0.7615668,-0.6023708,0.3039864,-0.6478862,-0.6984528,static,-6.630614581488005,-1.5353216823013323,1.4467375432194203,-0.7124768857832192,0.16968899999999998,-0.6168551,-0.560915,-0.11542701197657804,-0.026614123661482494,0.9929593146757124,-5.523162590476732,5.64814559929036,8.116542930485503,8.119155800061511,9.43594331645338
05/17/2023 13:13:35.083695,569,True,True,True,True,Eyes,1.289289,0.0749852,-2.008607,0.3952357,-0.664322,-0.6344013,0.0,0.0,0.0,0.0,0.0,0.0,0.0,0.5943554,-1.628986,-1.796843,1.468179,0.07904594,-2.018341,0.05941407,0.9197533,-0.3415349,0.1840597,40.55118,156.9092,358.7607,0.518611,0.03255096,-0.8543901,0.0,0.0,0.0,1.627507,-0.5400639,-2.579022,0.02557486,-0.01299655,0.9286879,-0.9251841,-0.01643306,-0.3791629,0.2350182,0.7596477,-0.6063842,0.297995,-0.6501272,-0.698952,static,-6.5603307135623785,-1.5615400290075718,1.5774527502560658,-0.8017751245124786,0.15932800000000014,-0.61910984,-0.5606810000000002,-0.11420747606062326,-0.027072337784470803,0.993087976273465,-5.495872899957275,5.633434103329637,8.170488747599773,8.173173338067617,9.562627963069058
05/17/2023 13:13:35.103735,570,True,True,True,True,Eyes,1.297358,0.07494541,-2.009182,0.3885917,-0.6667832,-0.6359218,0.0,0.0,0.0,0.0,0.0,0.0,0.0,0.6274657,-1.636122,-1.786673,1.478767,0.07935662,-2.017364,0.05899252,0.9198879,-0.3437921,0.1792574,40.81736,157.5313,358.8854,0.5207559,0.03243691,-0.853089,0.0,0.0,0.0,1.627507,-0.5400639,-2.579022,0.027448,-0.016339,0.9250908,-0.9287735,-0.01472155,-0.3703558,0.2317876,0.7566538,-0.6113506,0.2892312,-0.65365,-0.6993478,static,-6.6392947304735745,-1.4815696898014377,1.699501613307874,-1.0118557180613243,0.1487400000000001,-0.61942052,-0.561658,-0.11558025829750904,-0.025682106969892156,0.9929660186027708,-5.51669685733004,5.669429905918975,8.34950643475325,8.352015066935088,9.834281771275561
05/17/2023 13:13:35.118586,571,True,True,True,True,Eyes,1.305498,0.07500492,-2.009769,0.3816264,-0.6692125,-0.637586,0.0,0.0,0.0,0.0,0.0,0.0,0.0,0.6439314,-1.639406,-1.785736,1.489161,0.08017648,-2.016712,0.06084024,0.9203812,-0.3432809,0.1770737,40.80186,157.95,359.2749,0.5229142,0.03232625,-0.8517719,0.0,0.0,0.0,1.627507,-0.5400639,-2.579022,0.02942616,-0.02104592,0.9215782,-0.9298866,-0.009579659,-0.3677213,0.2335645,0.7569134,-0.6103522,0.2841801,-0.653445,-0.7016061,static,-6.548842482321544,-1.629419339267946,1.8288433339255592,-1.3082262944891767,0.13834600000000008,-0.62024038,-0.5623100000000001,-0.11400463707930347,-0.028249509616707944,0.9930784937053273,-5.503795205498941,5.606521239910873,8.380720097579283,8.38384068358662,10.078755945767565
05/17/2023 13:13:35.134008,572,True,True,True,True,Eyes,1.313704,0.07505196,-2.010334,0.3747129,-0.6713982,-0.6393862,0.0,0.0,0.0,0.0,0.0,0.0,0.0,0.6665487,-1.634738,-1.791254,1.499424,0.08261736,-2.017461,0.06058576,0.9217244,-0.3411649,0.1742409,40.5441,158.3899,359.4569,0.5250855,0.03222272,-0.850439,0.0,0.0,0.0,1.627507,-0.5400639,-2.579022,0.030581,-0.02577847,0.9178029,-0.9319387,-0.007203022,-0.3625437,0.2305765,0.7598717,-0.6078071,0.2798647,-0.6500332,-0.706493,static,-6.467386270695014,-2.0274286749946606,1.908377324942141,-1.6088523165105442,0.12808299999999995,-0.62268126,-0.5615610000000002,-0.11256802145085873,-0.0351530606572134,0.9930220118472497,-5.543750863733408,5.447794087810215,8.381420937778056,8.386216189550712,10.263063529768575
05/17/2023 13:13:35.153664,573,True,True,True,True,Eyes,1.321941,0.07514078,-2.01089,0.3675063,-0.6736752,-0.6411713,0.0,0.0,0.0,0.0,0.0,0.0,0.0,0.6902044,-1.627669,-1.796993,1.509298,0.08233143,-2.017452,0.06088225,0.9231604,-0.3388916,0.1709414,40.27952,158.9237,359.7407,0.5272694,0.03212506,-0.8490904,0.0,0.0,0.0,1.627507,-0.5400639,-2.579022,0.03078252,-0.02932215,0.9140547,-0.9341449,-0.003453003,-0.3568775,0.2282693,0.7628918,-0.6048878,0.2743476,-0.646517,-0.7118633,static,-6.445513796579759,-2.4347800672041777,1.928814733034558,-1.8373730832152,0.11820900000000001,-0.62239533,-0.5615700000000001,-0.11215823189878157,-0.04221408872017064,0.9927931775094373,-5.6129886532587925,5.2893725052940646,8.388795746833791,8.395610366520774,10.37638188391513
05/17/2023 13:13:35.163788,574,True,True,True,True,Eyes,1.33023,0.0752404,-2.011441,0.3602702,-0.6758792,-0.6429561,0.0,0.0,0.0,0.0,0.0,0.0,0.0,0.7118985,-1.628098,-1.79655,1.519019,0.08344509,-2.017601,0.06175195,0.9239763,-0.3380724,0.1678142,40.20074,159.4299,0.04860764,0.5294642,0.0320344,-0.8477269,0.0,0.0,0.0,1.627507,-0.5400639,-2.579022,0.03027809,-0.03140876,0.9103873,-0.9360502,0.0006479569,-0.351866,0.2275814,0.7637875,-0.604016,0.2683595,-0.6454675,-0.7150908,static,-6.404794122345289,-2.6462338971142656,1.9048679113266298,-1.9759457233579822,0.10848800000000014,-0.62350899,-0.5614210000000002,-0.11143459878210044,-0.045881521347441445,0.9927119787335129,-5.635394459775057,5.20521174125458,8.32868399309718,8.336652166770909,10.412712382305234
05/17/2023 13:13:35.183834,575,True,True,True,True,Eyes,1.33858,0.07534182,-2.011967,0.3525785,-0.6783436,-0.6446226,0.0,0.0,0.0,0.0,0.0,0.0,0.0,0.7388379,-1.630923,-1.791729,1.528621,0.08380286,-2.018013,0.06225172,0.9245656,-0.3384115,0.1636493,40.25136,160.0448,0.3265606,0.531669,0.03195045,-0.8463491,0.0,0.0,0.0,1.627507,-0.5400639,-2.579022,0.0291611,-0.03251931,0.906925,-0.9386876,0.004349978,-0.3447424,0.2258732,0.7632046,-0.6053924,0.2604755,-0.6461422,-0.7173934,static,-6.419722231600047,-2.7586367876023314,1.8416434816880376,-2.0535560459674347,0.09888600000000003,-0.6238667600000001,-0.5610090000000003,-0.1116830387689767,-0.047827594287108914,0.992592239960602,-5.664162056449262,5.162871746716104,8.282771033186517,8.291399296917037,10.412201825903491
05/17/2023 13:13:35.203459,576,True,True,True,True,Eyes,1.346963,0.07544463,-2.012479,0.344895,-0.6807823,-0.6462065,0.0,0.0,0.0,0.0,0.0,0.0,0.0,0.7652595,-1.637288,-1.783034,1.538077,0.0840001,-2.01812,0.06285864,0.9247361,-0.3397906,0.1595447,40.42791,160.6393,0.589486,0.5338836,0.03187258,-0.8449568,0.0,0.0,0.0,1.627507,-0.5400639,-2.579022,0.02770579,-0.03313297,0.9034674,-0.9411886,0.007831688,-0.3377911,0.2246789,0.7611822,-0.6083757,0.252356,-0.6484908,-0.7181758,static,-6.418326423502212,-2.7439096252999455,1.756485631798206,-2.100273872716164,0.08943000000000012,-0.6240640000000001,-0.560902,-0.11166021947408286,-0.04757258223498745,0.9926070654932064,-5.660651045615221,5.168455899323501,8.191575752913124,8.200110921291804,10.385005969683757
05/17/2023 13:13:35.213676,577,True,True,True,True,Eyes,1.35536,0.07552801,-2.012979,0.3368476,-0.6834224,-0.6476631,0.0,0.0,0.0,0.0,0.0,0.0,0.0,0.7910187,-1.642939,-1.774797,1.547304,0.0841521,-2.018323,0.06302936,0.9248551,-0.3412147,0.1557021,40.60012,161.1758,0.7795674,0.5361069,0.03180022,-0.8435506,0.0,0.0,0.0,1.627507,-0.5400639,-2.579022,0.02681395,-0.03357619,0.9002486,-0.9435686,0.01033033,-0.3310169,0.2228417,0.7591996,-0.6115207,0.2449907,-0.6507758,-0.718659,static,-6.352065123733426,-2.75270505609205,1.7060532967114304,-2.135946349548072,0.08020300000000002,-0.624216,-0.5606990000000001,-0.1105113819486376,-0.04773112392260489,0.9927280331581344,-5.6318228414641505,5.160722652442503,8.07317975942095,8.081686939000454,10.348227130471031
05/17/2023 13:13:35.234364,578,True,True,True,True,Eyes,1.363754,0.0755774,-2.013479,0.3288763,-0.6860127,-0.6490198,0.0,0.0,0.0,0.0,0.0,0.0,0.0,0.8153023,-1.645752,-1.769145,1.556109,0.08381529,-2.018562,0.06267389,0.9250684,-0.3422316,0.152308,40.71274,161.6291,0.8848826,0.5383369,0.03173202,-0.8421318,0.0,0.0,0.0,1.627507,-0.5400639,-2.579022,0.02632713,-0.03495425,0.8969584,-0.9457483,0.01170602,-0.3246887,0.2202045,0.757899,-0.6140839,0.2388928,-0.6522669,-0.7193595,static,-6.226863061085024,-2.82269881601122,1.6812379264567165,-2.231673301036051,0.07139800000000007,-0.62387919,-0.56046,-0.10833538161662157,-0.04895561679365075,0.9929081219978786,-5.587744431883674,5.125540662660687,7.921340488331152,7.93015588677236,10.34247077991899
05/17/2023 13:13:35.253485,579,True,True,True,True,Eyes,1.372135,0.07559777,-2.013969,0.3204484,-0.6887919,-0.6502912,0.0,0.0,0.0,0.0,0.0,0.0,0.0,0.8420988,-1.647589,-1.762817,1.564494,0.08306495,-2.019075,0.06145826,0.9252273,-0.343647,0.1486073,40.8567,162.0775,0.8779232,0.5405721,0.03166613,-0.8407012,0.0,0.0,0.0,1.627507,-0.5400639,-2.579022,0.02678928,-0.03704721,0.8938013,-0.9482774,0.0115888,-0.317231,0.2158626,0.7562593,-0.6176368,0.2327512,-0.6541694,-0.7196452,static,-6.067294835734557,-2.8872136206402677,1.7167722892585293,-2.3734967050908775,0.06301299999999999,-0.6231288500000001,-0.5599470000000002,-0.10556380607642443,-0.05008862168770721,0.9931502988922145,-5.526759275889612,5.090217395175504,7.791853442443125,7.801000325324933,10.400758515887803
05/17/2023 13:13:35.263613,580,True,True,True,True,Eyes,1.380495,0.0755837,-2.014462,0.3120878,-0.6915649,-0.6514133,0.0,0.0,0.0,0.0,0.0,0.0,0.0,0.8706002,-1.649718,-1.754599,1.572726,0.08244451,-2.019372,0.05958585,0.9252105,-0.3456493,0.1447818,41.06012,162.5018,0.7729219,0.5428103,0.03160115,-0.8392604,0.0,0.0,0.0,1.627507,-0.5400639,-2.579022,0.02760044,-0.04029548,0.890402,-0.9509757,0.01017147,-0.3090988,0.2103464,0.7539522,-0.6223428,0.2267157,-0.6568505,-0.7191298,static,-5.888975860381266,-2.9018112933561504,1.7754705393746646,-2.5911742329299883,0.05478099999999997,-0.62250841,-0.55965,-0.1024709740671737,-0.05035802727731444,0.9934605486883724,-5.447411788135805,5.072902361513165,7.661416674497054,7.670738816961626,10.531291429001215
05/17/2023 13:13:35.283990,581,True,True,True,True,Eyes,1.38881,0.0755447,-2.014963,0.3033272,-0.6944899,-0.6524388,0.0,0.0,0.0,0.0,0.0,0.0,0.0,0.9012546,-1.651956,-1.744711,1.580618,0.08163156,-2.019953,0.05757481,0.9251478,-0.3479429,0.1404377,41.29747,162.9897,0.6712643,0.5450487,0.0315356,-0.8378109,0.0,0.0,0.0,1.627507,-0.5400639,-2.579022,0.02981624,-0.04417861,0.8870512,-0.953925,0.008801786,-0.2999167,0.204259,0.7512417,-0.6276259,0.2197858,-0.6599686,-0.7184262,static,-5.734174924412781,-2.8968180665487675,1.925144541863723,-2.8511974811816154,0.04688899999999996,-0.6216954600000001,-0.559069,-0.09978684725745927,-0.050285235089140255,0.9937373795192253,-5.375089398676755,5.064679069113717,7.64979518707929,7.659455328173893,10.768217918770715
05/17/2023 13:13:35.293775,582,True,True,True,True,Eyes,1.397071,0.0754896,-2.015481,0.2946166,-0.6974086,-0.6533163,0.0,0.0,0.0,0.0,0.0,0.0,0.0,0.9320492,-1.655186,-1.73314,1.58872,0.08081436,-2.020289,0.05602355,0.925003,-0.3503666,0.1359198,41.56044,163.5257,0.6432518,0.5472851,0.03146854,-0.8363542,0.0,0.0,0.0,1.627507,-0.5400639,-2.579022,0.03228712,-0.04826373,0.883393,-0.9567744,0.008400394,-0.2907099,0.1988874,0.7482092,-0.6329508,0.2121948,-0.6634097,-0.7175381,static,-5.620302979396063,-2.862221414547212,2.0931710403330444,-3.127216917756305,0.03878700000000013,-0.62087826,-0.5587330000000001,-0.09781454556630173,-0.04969495742149832,0.9939630828545614,-5.315867449404669,5.070547546010981,7.707938625526856,7.718024622256459,11.049759886342356
05/17/2023 13:13:35.313611,583,True,True,True,True,Eyes,1.405285,0.0753934,-2.015998,0.2856304,-0.7003602,-0.6541489,0.0,0.0,0.0,0.0,0.0,0.0,0.0,0.9634326,-1.65735,-1.721421,1.595738,0.08039898,-2.021251,0.05408208,0.924911,-0.3527251,0.1311483,41.81013,164.0799,0.5783513,0.5495163,0.03139949,-0.8348925,0.0,0.0,0.0,1.627507,-0.5400639,-2.579022,0.03506732,-0.05210137,0.8799415,-0.9597507,0.007523618,-0.2807532,0.1925608,0.7453202,-0.6382931,0.2044488,-0.6666643,-0.7167705,static,-5.501169779054856,-2.8476851063796187,2.2821366994108776,-3.388529132565222,0.031768999999999936,-0.62046288,-0.5577710000000002,-0.09574877546740547,-0.0494527613610297,0.9941762997123151,-5.258126641871947,5.068340145094596,7.791319793541217,7.802074852139482,11.330234297459171
05/17/2023 13:13:35.334112,584,True,True,True,True,Eyes,1.413447,0.07527056,-2.016528,0.276626,-0.703325,-0.6548373,0.0,0.0,0.0,0.0,0.0,0.0,0.0,0.9971737,-1.658444,-1.708666,1.602908,0.07958426,-2.02205,0.0521786,0.9248682,-0.355044,0.1258568,42.05719,164.7135,0.5515487,0.5517402,0.03132704,-0.8334272,0.0,0.0,0.0,1.627507,-0.5400639,-2.579022,0.03757349,-0.05616009,0.8764241,-0.9628749,0.007147217,-0.2698534,0.1858861,0.7424423,-0.6436038,0.1957505,-0.669872,-0.7162076,static,-5.43913756896972,-2.8386773691185785,2.4548445603509252,-3.6664245802076105,0.024599000000000038,-0.61964816,-0.556972,-0.09467306553610776,-0.04930155627698013,0.9942868078089713,-5.227781070609676,5.067745229424925,7.925574990611497,7.937261448604259,11.632216420312563
05/17/2023 13:13:35.343558,585,True,True,True,True,Eyes,1.421569,0.07511361,-2.017052,0.2671844,-0.7063149,-0.6555392,0.0,0.0,0.0,0.0,0.0,0.0,0.0,1.033689,-1.659537,-1.693415,1.609935,0.07885113,-2.0229,0.05020602,0.924773,-0.3576258,0.1199087,42.33666,165.4371,0.5498282,0.5539544,0.0312505,-0.83196,0.0,0.0,0.0,1.627507,-0.5400639,-2.579022,0.040317,-0.06019235,0.8729569,-0.9662025,0.007093474,-0.2576866,0.1786232,0.7391663,-0.6494051,0.1858667,-0.6734856,-0.7154514,static,-5.414054611187121,-2.8009221937569313,2.6442927890813115,-3.944430165722768,0.017572000000000143,-0.61891503,-0.5561220000000002,-0.09424079915817501,-0.04864836228695581,0.9943600418977202,-5.2088682944383935,5.080651314553926,8.126339170290649,8.139076932021371,11.963454130364765
05/17/2023 13:13:35.363564,586,True,True,True,True,Eyes,1.429637,0.0749497,-2.017584,0.2576972,-0.7093507,-0.6560592,0.0,0.0,0.0,0.0,0.0,0.0,0.0,1.071109,-1.661894,-1.674806,1.616707,0.07792197,-2.023445,0.04845531,0.9244578,-0.3607318,0.1135885,42.68526,166.223,0.5954894,0.5561577,0.03116894,-0.8304917,0.0,0.0,0.0,1.627507,-0.5400639,-2.579022,0.04239339,-0.06422013,0.8693936,-0.9694995,0.007639829,-0.2449742,0.1715397,0.7350492,-0.6559548,0.1750568,-0.6779706,-0.7139404,static,-5.430767577523449,-2.6977976160507944,2.7916468735541633,-4.224636380401494,0.010800000000000143,-0.61798587,-0.555577,-0.09453895289686738,-0.04685724285714011,0.9944177801909825,-5.196491217905914,5.121489728440107,8.349332732598999,8.36297411317373,12.29473153064377
05/17/2023 13:13:35.383896,587,True,True,True,True,Eyes,1.437625,0.07478265,-2.018129,0.2480793,-0.7122335,-0.656643,0.0,0.0,0.0,0.0,0.0,0.0,0.0,1.108454,-1.66483,-1.655073,1.623602,0.07762644,-2.024225,0.04683327,0.924078,-0.3638599,0.1072031,43.0402,167.0293,0.6696038,0.5583486,0.03108265,-0.8290237,0.0,0.0,0.0,1.627507,-0.5400639,-2.579022,0.04421481,-0.06763059,0.8659378,-0.9726284,0.008541403,-0.2322095,0.164569,0.7308252,-0.6624286,0.1640465,-0.6825113,-0.7122269,static,-5.450665238448967,-2.574347098390739,2.922985783330271,-4.4657911106376,0.0039050000000000473,-0.61769034,-0.5547970000000002,-0.09489362297451381,-0.04471302942568139,0.9944827159775523,-5.181624164452078,5.170370253226649,8.570167070600382,8.584613671331343,12.591279054811022
05/17/2023 13:13:35.394153,588,True,True,True,True,Eyes,1.44555,0.07462443,-2.018698,0.2384538,-0.7150563,-0.657141,0.0,0.0,0.0,0.0,0.0,0.0,0.0,1.142552,-1.666614,-1.637451,1.63018,0.077388,-2.025042,0.04572777,0.9238585,-0.366261,0.1012289,43.31468,167.8172,0.8142316,0.5605243,0.03099205,-0.8275575,0.0,0.0,0.0,1.627507,-0.5400639,-2.579022,0.04563373,-0.07018566,0.8627889,-0.9753234,0.01033956,-0.220539,0.1586444,0.7275237,-0.6674888,0.1535458,-0.6860046,-0.7112111,static,-5.458736638551317,-2.5192921163338564,3.027607476190887,-4.650624122912585,-0.0026729999999999254,-0.6174519,-0.5539800000000001,-0.09503774946838509,-0.043756817443171135,0.9945115323053622,-5.174624132547645,5.192116809502329,8.734565077468943,8.749892145397368,12.812343752258034
05/17/2023 13:13:35.418758,589,True,True,True,True,Eyes,1.45343,0.07445563,-2.019281,0.2285423,-0.7175887,-0.6579018,0.0,0.0,0.0,0.0,0.0,0.0,0.0,1.175074,-1.665656,-1.623302,1.636687,0.07745235,-2.026222,0.04476469,0.9239809,-0.36761,0.09548975,43.4624,168.5932,0.9881614,0.5626833,0.03089798,-0.8260947,0.0,0.0,0.0,1.627507,-0.5400639,-2.579022,0.04720643,-0.07250088,0.8597868,-0.9777555,0.01251746,-0.2093733,0.1529294,0.725718,-0.6707801,0.1435495,-0.6878784,-0.7114891,static,-5.43910542751197,-2.562529898166434,3.1426584750630893,-4.820021031691651,-0.009179999999999966,-0.61751625,-0.5528,-0.09469384092067637,-0.04450876737967278,0.9945109098538095,-5.173995035254535,5.174166667768753,8.857114968962977,8.87372176132908,13.001942677258814
05/17/2023 13:13:35.433880,590,True,True,True,True,Eyes,1.461234,0.07426303,-2.019884,0.2186038,-0.7200307,-0.6586108,0.0,0.0,0.0,0.0,0.0,0.0,0.0,1.209357,-1.660148,-1.611116,1.642706,0.07702897,-2.027291,0.04335454,0.9244075,-0.3682372,0.089401,43.51579,169.4034,1.13092,0.5648245,0.0308004,-0.8246358,0.0,0.0,0.0,1.627507,-0.5400639,-2.579022,0.04906584,-0.07543665,0.8568685,-0.9802558,0.01431297,-0.1972154,0.145996,0.7250434,-0.6730507,0.1333564,-0.6885544,-0.7128177,static,-5.440346753421652,-2.69799405479294,3.277281108774474,-5.0312115896609315,-0.015198999999999963,-0.61709287,-0.5517310000000002,-0.09470519837682129,-0.04685991031313912,0.9944018757018821,-5.200944656566085,5.1220419641685595,9.005813174026166,9.02446339727486,13.227579894161883
05/17/2023 13:13:35.443768,591,True,True,True,True,Eyes,1.468994,0.07405263,-2.020493,0.2083798,-0.7221826,-0.6595682,0.0,0.0,0.0,0.0,0.0,0.0,0.0,1.247984,-1.651267,-1.598247,1.648761,0.07626718,-2.028376,0.04124374,0.9249367,-0.368746,0.08256824,43.54659,170.2839,1.217626,0.566946,0.03069879,-0.8231824,0.0,0.0,0.0,1.627507,-0.5400639,-2.579022,0.05203266,-0.07865676,0.854023,-0.982963,0.01540229,-0.1831577,0.1371891,0.7246507,-0.6753225,0.1223238,-0.6889443,-0.7144178,static,-5.46650363804576,-2.839951595585486,3.486523389500741,-5.262178983471404,-0.021253999999999884,-0.61633108,-0.550646,-0.09514786859483308,-0.04932143002663492,0.9942405840057165,-5.240642625586706,5.069048078575957,9.253578482135284,9.274905847209597,13.523966846398178
05/17/2023 13:13:35.463697,592,True,True,True,True,Eyes,1.476672,0.0738342,-2.021119,0.1980821,-0.7242765,-0.6604445,0.0,0.0,0.0,0.0,0.0,0.0,0.0,1.288162,-1.642481,-1.582401,1.654519,0.07563968,-2.02927,0.0391152,0.9253273,-0.3695623,0.07525481,43.6158,171.232,1.32698,0.5690475,0.03059291,-0.8217351,0.0,0.0,0.0,1.627507,-0.5400639,-2.579022,0.05556853,-0.08217126,0.8511243,-0.9856138,0.01676605,-0.1681817,0.1280114,0.7237875,-0.678045,0.1103597,-0.6898194,-0.7155212,static,-5.533443583783013,-2.9401576084067207,3.735447326188978,-5.514494165973399,-0.027012000000000036,-0.61570358,-0.5497520000000002,-0.09630099173499106,-0.05105451384975809,0.9940419809944308,-5.291008304377291,5.034818112671004,9.595328823921069,9.61974778321062,13.883979645726185
05/17/2023 13:13:35.483725,593,True,True,True,True,Eyes,1.484275,0.07361631,-2.021756,0.1877332,-0.7263016,-0.6612431,0.0,0.0,0.0,0.0,0.0,0.0,0.0,1.3309,-1.631619,-1.565532,1.660329,0.07523337,-2.030274,0.03663123,0.9257654,-0.3702301,0.06742584,43.66434,172.2367,1.41771,0.5711277,0.03048292,-0.8202947,0.0,0.0,0.0,1.627507,-0.5400639,-2.579022,0.06001857,-0.08553427,0.8482401,-0.9882239,0.0178977,-0.151965,0.11775,0.7231756,-0.6805527,0.09771705,-0.6904323,-0.716767,static,-5.634053092939519,-3.0601585591872595,4.047308227668686,-5.758089867753461,-0.03282199999999991,-0.61529727,-0.5487480000000002,-0.0980357476654524,-0.05312730013499112,0.9937638995266695,-5.360747253364473,4.9951665720994125,10.02202949760093,10.050253248844546,14.287898095781456
05/17/2023 13:13:35.493782,594,True,True,True,True,Eyes,1.491789,0.07340315,-2.022429,0.1780713,-0.7266478,-0.6635311,0.0,0.0,0.0,0.0,0.0,0.0,0.0,1.374464,-1.618137,-1.549258,1.666238,0.0750299,-2.031192,0.03360977,0.9262486,-0.3706527,0.05958709,43.68067,173.2128,1.433317,0.5731848,0.03036938,-0.8188629,0.0,0.0,0.0,1.627507,-0.5400639,-2.579022,0.06490305,-0.08878803,0.8453962,-0.9906396,0.01808977,-0.1353,0.1064342,0.7229739,-0.6826276,0.08546982,-0.6906385,-0.7181321,static,-5.734358212502305,-3.079295019125927,4.390119840546943,-5.995529434480379,-0.03873100000000007,-0.6150938,-0.5478300000000003,-0.09977360005429489,-0.0534499226000466,0.9935734840976759,-5.410705649300951,4.994366904951274,10.504113552813804,10.53610359724949,14.725284439830201
05/17/2023 13:13:35.524007,595,True,True,True,True,Eyes,1.499363,0.07318433,-2.023114,0.168388,-0.7269001,-0.665779,0.0,0.0,0.0,0.0,0.0,0.0,0.0,1.416885,-1.603367,-1.534432,1.672438,0.07428049,-2.032304,0.03088178,0.9268315,-0.3705915,0.05188111,43.64246,174.188,1.487945,0.5752177,0.03025285,-0.8174405,0.0,0.0,0.0,1.627507,-0.5400639,-2.579022,0.07020099,-0.09132609,0.8430074,-0.9927095,0.01879102,-0.1190591,0.09569781,0.7234166,-0.6837474,0.07328103,-0.6901561,-0.7199409,static,-5.83728446861057,-3.1411424632347447,4.7602920135345625,-6.1829495354670385,-0.044931000000000054,-0.6143443900000001,-0.5467180000000003,-0.10155245406845684,-0.05451253410261087,0.9933355090116309,-5.470188816679657,4.977278817736166,10.98938755572424,11.025480377724955,15.13979639602268
05/17/2023 13:13:35.533837,596,True,True,True,True,Eyes,1.506876,0.07295646,-2.023815,0.1586964,-0.7271036,-0.6679339,0.0,0.0,0.0,0.0,0.0,0.0,0.0,1.454088,-1.590963,-1.520658,1.678616,0.07397971,-2.033401,0.02879346,0.9273187,-0.3704289,0.04509458,43.59909,175.0647,1.581984,0.5772286,0.03013344,-0.8160262,0.0,0.0,0.0,1.627507,-0.5400639,-2.579022,0.07535625,-0.09287214,0.8418683,-0.9942747,0.01999276,-0.1049659,0.08681008,0.7239069,-0.6844142,0.06230223,-0.689608,-0.7214977,static,-5.875763051835671,-3.194582764508856,5.114955746524718,-6.295227000267005,-0.05110900000000007,-0.6140436100000001,-0.5456210000000001,-0.10221432955177359,-0.05543522409119675,0.9932165192138975,-5.498330036434677,4.95920601373954,11.380159422457572,11.419715162007005,15.469456925746567
05/17/2023 13:13:35.543506,597,True,True,True,True,Eyes,1.514247,0.07272835,-2.024542,0.1492449,-0.7271439,-0.6700655,0.0,0.0,0.0,0.0,0.0,0.0,0.0,1.486538,-1.580726,-1.508133,1.684711,0.0741936,-2.034502,0.02727919,0.9277588,-0.3701168,0.03915497,43.54266,175.8497,1.710222,0.5792173,0.03001112,-0.8146203,0.0,0.0,0.0,1.627507,-0.5400639,-2.579022,0.0789867,-0.09084103,0.8406987,-0.9954456,0.02163319,-0.09284571,0.07960084,0.7245387,-0.684622,0.05245976,-0.6888946,-0.7229609,static,-5.868440519077531,-3.239951229306332,5.367390678324012,-6.167122357382767,-0.05720400000000003,-0.6142575,-0.5445200000000003,-0.10208290193627251,-0.05622243217899813,0.9931858763724024,-5.503789081608374,4.941241602037057,11.570786021801393,11.610867043832085,15.542789300112796
05/17/2023 13:13:35.563657,598,True,True,True,True,Eyes,1.521569,0.07249469,-2.025294,0.1398211,-0.7271401,-0.6720992,0.0,0.0,0.0,0.0,0.0,0.0,0.0,1.517246,-1.570621,-1.496626,1.690876,0.07389367,-2.035744,0.02592316,0.9281682,-0.3697377,0.03355466,43.47968,176.5932,1.840846,0.5811807,0.0298863,-0.8132253,0.0,0.0,0.0,1.627507,-0.5400639,-2.579022,0.08406928,-0.09394825,0.8391284,-0.9964042,0.02330927,-0.08145826,0.07293496,0.7252441,-0.6846179,0.04311918,-0.6880972,-0.7243363,static,-5.836199951137316,-3.2860684543714553,5.721168922778567,-6.388193720578612,-0.06336900000000001,-0.6139575700000001,-0.5432779999999999,-0.10151938352307478,-0.057025130237225066,0.9931978397904329,-5.497908822365384,4.921355184295848,11.921809842122201,11.966451289124965,15.93027312645114
05/17/2023 13:13:35.584158,599,True,True,True,True,Eyes,1.528814,0.07226393,-2.026071,0.1306747,-0.7269506,-0.6741416,0.0,0.0,0.0,0.0,0.0,0.0,0.0,1.546592,-1.560688,-1.485789,1.697122,0.07352071,-2.037065,0.02451577,0.9285164,-0.3693986,0.02830267,43.42252,177.2816,1.942298,0.5831186,0.02975907,-0.8118415,0.0,0.0,0.0,1.627507,-0.5400639,-2.579022,0.08871028,-0.1023042,0.8373481,-0.997196,0.02461665,-0.07067117,0.06643651,0.7258874,-0.6845976,0.03444682,-0.687373,-0.7254874,static,-5.781068851961442,-3.312387979633986,6.047468230143427,-6.965671539916636,-0.06961499999999998,-0.6135846100000001,-0.541957,-0.10056099206971233,-0.05748698440500082,0.993268685909802,-5.477622975463464,4.907597999981466,12.326453070752763,12.379853402789609,16.546971229340716
05/17/2023 13:13:35.593708,600,True,True,True,True,Eyes,1.536007,0.07203628,-2.026876,0.1215673,-0.7267137,-0.6760982,0.0,0.0,0.0,0.0,0.0,0.0,0.0,1.574732,-1.549924,-1.476193,1.703148,0.07332888,-2.038406,0.02284731,0.9288772,-0.3689424,0.02338702,43.35154,177.9045,1.985052,0.5850303,0.02962985,-0.8104697,0.0,0.0,0.0,1.627507,-0.5400639,-2.579022,0.0921368,-0.1081499,0.8345804,-0.9978624,0.02518777,-0.06030601,0.05970161,0.7267191,-0.6843356,0.02658865,-0.6864729,-0.7266695,static,-5.681969573107126,-3.3518376779372048,6.29988239358648,-7.383582244510988,-0.07564100000000007,-0.6133927800000001,-0.540616,-0.09883890779370491,-0.05818095873971648,0.9934012445062143,-5.439628221087534,4.8858983906797615,12.581380505809083,12.641983262204418,16.981056048708062
05/17/2023 13:13:35.613569,601,True,True,True,True,Eyes,1.543125,0.071808,-2.027711,0.1126969,-0.7262989,-0.6780776,0.0,0.0,0.0,0.0,0.0,0.0,0.0,1.605749,-1.535708,-1.46659,1.709156,0.07316589,-2.03989,0.02045305,0.9293156,-0.3682792,0.01802131,43.25388,178.55,1.946692,0.5869154,0.02949904,-0.8091105,0.0,0.0,0.0,1.627507,-0.5400639,-2.579022,0.09559041,-0.1124309,0.8330359,-0.9985139,0.02474094,-0.04855983,0.05128843,0.7279043,-0.6837579,0.0184301,-0.6852323,-0.7280915,moving,-5.609225081446962,-3.4133616136730365,6.546027821308471,-7.686492470719851,-0.08164899999999986,-0.61322979,-0.539132,-0.09757138697933938,-0.05925507367523371,0.9934629211597433,-5.418079068411814,4.8574192920101815,12.817471524592987,12.884479828514227,17.33463515565901
05/17/2023 13:13:35.633520,602,True,True,True,True,Eyes,1.550208,0.07158218,-2.028545,0.1038793,-0.7258106,-0.680006,0.0,0.0,0.0,0.0,0.0,0.0,0.0,1.637325,-1.51813,-1.459185,1.715238,0.07288269,-2.041425,0.01749409,0.929905,-0.3671625,0.01274606,43.10194,179.1478,1.818976,0.5887735,0.0293668,-0.8077642,0.0,0.0,0.0,1.627506,-0.5377639,-2.579019,0.09787583,-0.1124181,0.8298399,-0.9990633,0.02317593,-0.03655159,0.04189543,0.7297713,-0.6824065,0.0108589,-0.6832985,-0.7300587,moving,-5.504751390534878,-3.529709001910825,6.726698667892442,-7.714872036555151,-0.08773200000000014,-0.61064659,-0.5375940000000003,-0.09574799719440176,-0.06128322820332744,0.9935173793402361,-5.392580623958578,4.805732033466549,12.85812582145167,12.927643256152878,17.425339504070873
05/17/2023 13:13:35.643523,603,True,True,True,True,Eyes,1.557215,0.07134465,-2.029416,0.09527294,-0.7251678,-0.6819491,0.0,0.0,0.0,0.0,0.0,0.0,0.0,1.66981,-1.498117,-1.451597,1.721568,0.07269894,-2.042222,0.01428232,0.9305593,-0.3657887,0.007364272,42.92078,179.7452,1.658442,0.5906055,0.02923347,-0.8064305,0.0,0.0,0.0,1.627506,-0.5354013,-2.579015,0.1004448,-0.1101491,0.8270658,-0.9994839,0.02119356,-0.02415441,0.03196863,0.7319893,-0.6805658,0.003257159,-0.6809866,-0.7322891,moving,-5.411713409389441,-3.6661119307802266,6.92449899242381,-7.586043750475748,-0.09406200000000009,-0.60810024,-0.5367929999999999,-0.09412054719372932,-0.06365821537575812,0.9935234272300881,-5.376258271820472,4.747065278908563,12.873974923579912,12.944033447643454,17.41878892473697
05/17/2023 13:13:35.663656,604,True,True,True,True,Eyes,1.564177,0.07109294,-2.030322,0.08669527,-0.7244451,-0.6838591,0.0,0.0,0.0,0.0,0.0,0.0,0.0,1.699863,-1.479283,-1.445811,1.727729,0.07214053,-2.043998,0.0115851,0.9312751,-0.3641253,0.002285994,42.70741,180.3259,1.552847,0.5924105,0.02909876,-0.8051103,0.0,0.0,0.0,1.627505,-0.5330527,-2.579012,0.1035457,-0.1078368,0.8242544,-0.9997213,0.01991306,-0.01269464,0.02324261,0.734557,-0.6781487,-0.00417908,-0.6782547,-0.7348152,moving,-5.314346170613424,-3.8220775604709765,7.160186417418508,-7.453644769829147,-0.10022400000000009,-0.60519323,-0.5350139999999999,-0.09241566531572624,-0.06637311233942111,0.9935059114921378,-5.3617497327119565,4.680575526445257,12.921506729351764,12.992391761564003,17.43669083130345
05/17/2023 13:13:35.683947,605,True,True,True,True,Eyes,1.571078,0.07081769,-2.031262,0.07818422,-0.7236402,-0.6857346,0.0,0.0,0.0,0.0,0.0,0.0,0.0,1.729954,-1.460498,-1.43878,1.733684,0.07152725,-2.045752,0.009059419,0.9319438,-0.3624773,-0.002985233,42.49788,180.9428,1.480532,0.5941887,0.0289623,-0.8038038,0.0,0.0,0.0,1.627505,-0.5307592,-2.579009,0.1072544,-0.1059025,0.821085,-0.9998182,0.0190499,-0.00100353,0.01472158,0.7370563,-0.6756711,-0.01213181,-0.6755629,-0.7372028,moving,-5.249009632075982,-3.9663305387819534,7.442135836169097,-7.349362597500752,-0.10617900000000002,-0.60228645,-0.5332570000000003,-0.09126710956696624,-0.06888155950941138,0.9934412405477492,-5.3597239534640435,4.620699371364679,13.061892644918741,13.134309239791667,17.526265934645192
05/17/2023 13:13:35.694227,606,True,True,True,True,Eyes,1.577937,0.07052632,-2.032241,0.06966301,-0.7227935,-0.6875439,0.0,0.0,0.0,0.0,0.0,0.0,0.0,1.760546,-1.442097,-1.429919,1.73967,0.07066722,-2.047532,0.006739398,0.932511,-0.3609782,-0.008529733,42.30811,181.6097,1.451052,0.5959398,0.02882341,-0.8025114,0.0,0.0,0.0,1.627504,-0.5283993,-2.579005,0.1107903,-0.1029903,0.8176183,-0.9997637,0.01872722,0.01104259,0.00641103,0.7392987,-0.6733472,-0.02077369,-0.6731173,-0.7392442,moving,-5.221375554313255,-4.085909228834325,7.71678886899157,-7.179381438688232,-0.11216599999999999,-0.59906652,-0.5314730000000001,-0.09077471843024795,-0.0709579731335179,0.9933402788442702,-5.3702712551497065,4.5728038543902905,13.230189609622162,13.302844393497544,17.589343417414415
05/17/2023 13:13:35.713558,607,True,True,True,True,Eyes,1.584737,0.07021024,-2.033255,0.06118385,-0.7219322,-0.6892536,0.0,0.0,0.0,0.0,0.0,0.0,0.0,1.792049,-1.423488,-1.419331,1.745602,0.06997392,-2.049448,0.004174015,0.9329228,-0.3597686,-0.01428899,42.15615,182.2933,1.396714,0.5976639,0.02868174,-0.8012331,0.0,0.0,0.0,1.627504,-0.5261092,-2.579002,0.1146989,-0.09901649,0.8145944,-0.9995569,0.01806952,0.02365768,-0.002493389,0.7410983,-0.6713919,-0.0296644,-0.6711534,-0.7407248,moving,-5.206531320671796,-4.169906811740643,8.014837405110093,-6.9304811659783265,-0.11809800000000004,-0.5960831200000001,-0.5295540000000001,-0.09050785547461157,-0.07241593704775998,0.9932594576290246,-5.379785265522692,4.539459229141862,13.435081948840532,13.50649331796963,17.63449599949598
05/17/2023 13:13:35.733795,608,True,True,True,True,Eyes,1.59151,0.06988639,-2.034289,0.05268393,-0.7210484,-0.690879,0.0,0.0,0.0,0.0,0.0,0.0,0.0,1.824497,-1.404515,-1.407015,1.751626,0.06905235,-2.051384,0.001554759,0.9332104,-0.358752,-0.02032579,42.02995,183.0137,1.348888,0.5993608,0.0285367,-0.7999697,0.0,0.0,0.0,1.627503,-0.5236759,-2.578999,0.1176141,-0.09428424,0.8114215,-0.9991691,0.01748567,0.03682093,-0.011682,0.7425892,-0.6696453,-0.03905202,-0.6695189,-0.7417681,moving,-5.217245566272678,-4.227572545009702,8.247481379204068,-6.6278399336782785,-0.12412299999999998,-0.59272825,-0.527615,-0.09068695891694135,-0.07341437542363835,0.9931698692707903,-5.3959522514732,4.517937973543534,13.60846498973626,13.67699364821646,17.617367748668055
05/17/2023 13:13:35.743838,609,True,True,True,True,Eyes,1.59827,0.06955113,-2.035363,0.04412538,-0.7201529,-0.6924108,0.0,0.0,0.0,0.0,0.0,0.0,0.0,1.855958,-1.386128,-1.39399,1.75781,0.06853055,-2.052936,-0.0009314474,0.9334362,-0.3577853,-0.02618559,41.91199,183.7151,1.308893,0.6010315,0.02838838,-0.7987205,0.0,0.0,0.0,1.627503,-0.5214093,-2.578995,0.1202559,-0.0892421,0.8086437,-0.9986269,0.01699875,0.04955168,-0.02047653,0.7439777,-0.6678907,-0.04821865,-0.6679882,-0.7426082,moving,-5.213502190743994,-4.27439461845972,8.458639808487229,-6.297690264451965,-0.13030700000000017,-0.5899398499999999,-0.526059,-0.0906165986221554,-0.0742264377205073,0.9931158202811339,-5.403344030345542,4.499647983817144,13.75619013967502,13.821041643748618,17.57091657243856
05/17/2023 13:13:35.763458,610,True,True,True,True,Eyes,1.604999,0.06920482,-2.036479,0.03556576,-0.7192367,-0.6938542,0.0,0.0,0.0,0.0,0.0,0.0,0.0,1.885818,-1.369002,-1.381432,1.763919,0.06792521,-2.054946,-0.003316578,0.9335643,-0.3569873,-0.03172947,41.81686,184.3767,1.265638,0.6026772,0.02823668,-0.7974849,0.0,0.0,0.0,1.627502,-0.5190073,-2.578992,0.1215918,-0.08463073,0.8058692,-0.9979646,0.01646156,0.06161094,-0.02884651,0.7450981,-0.6663309,-0.05687504,-0.6667518,-0.7431067,moving,-5.182810357935802,-4.295246368661261,8.580226790788092,-5.995110096251874,-0.136417,-0.5869325099999999,-0.5240459999999998,-0.09008214102092599,-0.07459149205901325,0.9931371113549247,-5.393257933120173,4.489600066209304,13.806772099733248,13.867614367638444,17.469614263632565
05/17/2023 13:13:35.784145,611,True,True,True,True,Eyes,1.611672,0.06886277,-2.037646,0.02712755,-0.7182401,-0.6952662,0.0,0.0,0.0,0.0,0.0,0.0,0.0,1.916275,-1.350137,-1.368928,1.76996,0.06730353,-2.057097,-0.00593487,0.9337161,-0.3560042,-0.03742031,41.70211,185.0449,1.194221,0.6042975,0.0280816,-0.7962633,0.0,0.0,0.0,1.627502,-0.5166625,-2.578989,0.1223494,-0.07965946,0.803107,-0.9971293,0.01556061,0.07410558,-0.03772654,0.7464517,-0.6643694,-0.06565421,-0.6652578,-0.7437218,moving,-5.163845182248323,-4.332608440609969,8.66212671673333,-5.664588279841145,-0.14245799999999997,-0.58396603,-0.5218919999999998,-0.08974900102284047,-0.07524135777365336,0.993118164658784,-5.391791708017454,4.47395800494947,13.833537358481042,13.889984493999576,17.329245334358653
05/17/2023 13:13:35.793928,612,True,True,True,True,Eyes,1.618315,0.06852524,-2.038859,0.0187317,-0.7171755,-0.6966407,0.0,0.0,0.0,0.0,0.0,0.0,0.0,1.945647,-1.329637,-1.359076,1.776026,0.06704219,-2.059565,-0.008731025,0.9340464,-0.354473,-0.04277737,41.52414,185.6511,1.072736,0.6058924,0.02792365,-0.7950558,0.0,0.0,0.0,1.627501,-0.5143687,-2.578986,0.122115,-0.07422549,0.8006424,-0.9961874,0.01401648,0.0861019,-0.04663721,0.7485453,-0.6614415,-0.07372227,-0.6629354,-0.7450378,moving,-5.10368026139888,-4.429319491873972,8.671992736487876,-5.296604248019604,-0.14852500000000002,-0.58141089,-0.5194209999999999,-0.08869467504725018,-0.07692485419197978,0.9930839142325463,-5.382892279157394,4.432742886645203,13.751260947936812,13.80294712707938,17.09385820901239
05/17/2023 13:13:35.814049,613,True,True,True,True,Eyes,1.624938,0.06820124,-2.040135,0.01007304,-0.7160962,-0.697929,0.0,0.0,0.0,0.0,0.0,0.0,0.0,1.974035,-1.30773,-1.350772,1.781998,0.06679591,-2.061935,-0.01163892,0.9344735,-0.3526045,-0.04789592,41.30857,186.2139,0.9171882,0.607462,0.02776337,-0.7938628,0.0,0.0,0.0,1.627501,-0.512077,-2.578982,0.1211202,-0.06741917,0.7985124,-0.9951411,0.01202411,0.09772281,-0.05552917,0.7510692,-0.6578842,-0.08130705,-0.6601141,-0.7467522,moving,-4.997484301019702,-4.562196587535213,8.62501011515314,-4.8260917553998635,-0.15449699999999988,-0.57887291,-0.5170469999999998,-0.08683808472632151,-0.07924077116821833,0.9930660451631661,-5.3598186662202085,4.374572400368809,13.57916876986904,13.625050267000212,16.740001701062482
05/17/2023 13:13:35.833754,614,True,True,True,True,Eyes,1.631538,0.06791912,-2.04146,0.001477993,-0.7149356,-0.6991888,0.0,0.0,0.0,0.0,0.0,0.0,0.0,2.003994,-1.28283,-1.342534,1.787926,0.066781,-2.06468,-0.01519928,0.9348924,-0.3505825,-0.05326554,41.08158,186.7761,0.6786917,0.6090067,0.02760151,-0.7926841,0.0,0.0,0.0,1.6275,-0.5097012,-2.578979,0.1200109,-0.06110752,0.7966079,-0.9938636,0.008928553,0.1102523,-0.0657673,0.7537218,-0.6538945,-0.08893789,-0.6571329,-0.7485095,moving,-4.888950594684504,-4.707017182270231,8.567319898512268,-4.3865491134676295,-0.16042599999999996,-0.5764822,-0.5142989999999998,-0.08493942440545116,-0.08176401490078072,0.9930256868304486,-5.33799317937432,4.311645803645078,13.418941869140275,13.460086008982266,16.40171718479895
05/17/2023 13:13:35.843706,615,True,True,True,True,Eyes,1.638105,0.06767265,-2.042862,-0.007291079,-0.7137138,-0.7003995,0.0,0.0,0.0,0.0,0.0,0.0,0.0,2.034146,-1.255926,-1.334678,1.794014,0.06748773,-2.067226,-0.01909218,0.9353727,-0.3482524,-0.0585983,40.82336,187.3131,0.3859515,0.6105263,0.02743991,-0.7915198,0.0,0.0,0.0,1.6275,-0.5073527,-2.578976,0.1187321,-0.05609369,0.7946868,-0.9924037,0.005097379,0.1229203,-0.0765306,0.7567115,-0.6492539,-0.09632471,-0.653729,-0.7505733,moving,-4.749170210322679,-4.8800663050769515,8.497557194098965,-4.037577984316741,-0.16651400000000005,-0.57484043,-0.5117500000000001,-0.08249568993672321,-0.08478031245814431,0.9929787346690954,-5.307262259132264,4.235792006106341,13.235499250019114,13.27349138311668,16.094150836087767
05/17/2023 13:13:35.863673,616,True,True,True,True,Eyes,1.644652,0.0674362,-2.044335,-0.01600711,-0.7123588,-0.7016329,0.0,0.0,0.0,0.0,0.0,0.0,0.0,2.064055,-1.228273,-1.32795,1.800188,0.0680683,-2.070536,-0.02272336,0.9360026,-0.3453782,-0.06400597,40.50081,187.8704,0.126157,0.612021,0.02727987,-0.7903703,0.0,0.0,0.0,1.627499,-0.5050159,-2.578972,0.1174242,-0.05333859,0.7926244,-0.9907739,0.001674282,0.1355158,-0.08675079,0.7603951,-0.6436409,-0.1041232,-0.6494586,-0.7532345,moving,-4.630741950018319,-5.104588326228768,8.4268532277395,-3.8498379618888463,-0.17268899999999987,-0.5730841999999999,-0.5084359999999997,-0.08041561341398182,-0.08868591198098734,0.992808215117983,-5.296395621254793,4.141500930176059,13.080557894591252,13.117743338814622,15.880461462415136
05/17/2023 13:13:35.883913,617,True,True,True,True,Eyes,1.651179,0.06727514,-2.045902,-0.02474436,-0.7110024,-0.7027541,0.0,0.0,0.0,0.0,0.0,0.0,0.0,2.091357,-1.202115,-1.322386,1.806294,0.06803897,-2.073699,-0.02559528,0.9367412,-0.3421874,-0.06905604,40.13697,188.4134,359.9481,0.6134904,0.02712166,-0.7892357,0.0,0.0,0.0,1.627499,-0.5027016,-2.578969,0.1154091,-0.05124301,0.7903937,-0.9891527,-0.0006920891,0.146892,-0.09521251,0.7645053,-0.637547,-0.1118585,-0.6446171,-0.7562785,moving,-4.508262374368051,-5.362521719225832,8.307319924126721,-3.709423520101954,-0.17879500000000004,-0.57074057,-0.5052699999999999,-0.07826094813268925,-0.09317043642570084,0.9925696524667663,-5.290167506700578,4.034067983439789,12.884693590105494,12.921760069953287,15.647789783126866
05/17/2023 13:13:35.893699,618,True,True,True,True,Eyes,1.657674,0.06718417,-2.047543,-0.0334368,-0.7097119,-0.7036982,0.0,0.0,0.0,0.0,0.0,0.0,0.0,2.11469,-1.182955,-1.316779,1.812251,0.06967067,-2.07752,-0.02805094,0.9372121,-0.3398457,-0.07315555,39.87531,188.8492,359.7868,0.6149344,0.02696793,-0.7881164,0.0,0.0,0.0,1.627498,-0.5002746,-2.578966,0.1128656,-0.04888296,0.7879552,-0.9877231,-0.002856172,0.1561905,-0.1023026,0.7674362,-0.6329107,-0.1180586,-0.6411191,-0.7583067,moving,-4.312940229540609,-5.51633147455601,8.151519996647437,-3.5499511395170504,-0.18475300000000017,-0.5699452700000001,-0.5014460000000001,-0.07485761923622915,-0.09585976496940184,0.9925761429640471,-5.230090267328548,3.961987870124918,12.582939114891476,12.618614042447437,15.345902415352713
05/17/2023 13:13:35.914169,619,True,True,True,True,Eyes,1.664191,0.06707466,-2.049198,-0.04241812,-0.7086732,-0.7042605,0.0,0.0,0.0,0.0,0.0,0.0,0.0,2.141777,-1.168178,-1.299652,1.81804,0.07126994,-2.081007,-0.030719,0.9366806,-0.3399025,-0.07843518,39.90967,189.4586,359.6842,0.6163524,0.02682093,-0.787013,0.0,0.0,0.0,1.627497,-0.4979868,-2.578962,0.1094632,-0.04592687,0.7860329,-0.9858086,-0.00422717,0.1678203,-0.1108684,0.7670454,-0.6319411,-0.1260545,-0.641579,-0.7566286,moving,-4.226680248113967,-5.3985983772010835,7.928040815413949,-3.34391532790035,-0.19054300000000013,-0.56925674,-0.49795500000000015,-0.07337743048842718,-0.09383032448858313,0.9928803936346552,-5.167406829168999,4.001706060203549,12.29478278885417,12.327163768087651,15.014955963617826
05/17/2023 13:13:35.933845,620,True,True,True,True,Eyes,1.670658,0.06704621,-2.050885,-0.05125151,-0.7078194,-0.7045317,0.0,0.0,0.0,0.0,0.0,0.0,0.0,2.161574,-1.168871,-1.277663,1.824248,0.07073964,-2.082835,-0.03037051,0.9356442,-0.3417682,-0.08271699,40.13353,190.0964,359.9781,0.6177471,0.02667925,-0.7859236,0.0,0.0,0.0,1.627497,-0.4956601,-2.578959,0.1056091,-0.04331332,0.7842342,-0.9844711,-0.0002919229,0.1755467,-0.113372,0.7645443,-0.6345225,-0.134028,-0.6445712,-0.752705,moving,-4.203684615740202,-5.079843536408025,7.669610854349787,-3.161238963797188,-0.19675100000000012,-0.56639974,-0.49612399999999957,-0.07301595729936729,-0.08830754087284698,0.9934135014198157,-5.0947400967079135,4.123042491312099,11.9989965695638,12.027310124300556,14.69657822484597
05/17/2023 13:13:35.943848,621,True,True,True,True,Eyes,1.67711,0.06708439,-2.052633,-0.06018789,-0.707023,-0.7046246,0.0,0.0,0.0,0.0,0.0,0.0,0.0,2.179104,-1.171947,-1.25673,1.829559,0.07269326,-2.085366,-0.03110461,0.9342721,-0.3446013,-0.08613025,40.48589,190.5688,0.09347875,0.6191177,0.02654551,-0.7848488,0.0,0.0,0.0,1.627496,-0.4933542,-2.578956,0.10221,-0.04113144,0.7826038,-0.9832284,0.001240862,0.1823755,-0.1174815,0.7605649,-0.6385446,-0.1395008,-0.6492608,-0.7476633,moving,-4.0389758168069685,-4.642112143894422,7.440855592185923,-3.0085358760334215,-0.20206299999999988,-0.5660474600000001,-0.49358999999999975,-0.07020514437283558,-0.08073183537834377,0.9942602979184302,-4.933588582889985,4.28094121862933,11.571877611829137,11.595477592657337,14.361871220550718
05/17/2023 13:13:35.963576,622,True,True,True,True,Eyes,1.683517,0.06715813,-2.054426,-0.06900491,-0.7061576,-0.7046842,0.0,0.0,0.0,0.0,0.0,0.0,0.0,2.203657,-1.155313,-1.242419,1.835029,0.07434382,-2.088444,-0.03392485,0.9338747,-0.3442054,-0.09082828,40.47018,191.087,359.937,0.6204653,0.02642136,-0.7837881,0.0,0.0,0.0,1.627496,-0.490982,-2.578953,0.09907629,-0.03945172,0.7803805,-0.9811987,-0.000835943,0.1929987,-0.1258903,0.7607435,-0.6367269,-0.1462902,-0.6490521,-0.7465458,moving,-3.8946453925431928,-4.589143318636557,7.23550245916462,-2.8940937248628362,-0.20753299999999997,-0.56532582,-0.49050899999999986,-0.0677052986923335,-0.0798264566579902,0.9945068047619987,-4.856750440724592,4.291893450842201,11.236638159469335,11.258480551398954,14.066306973910256
05/17/2023 13:13:35.983941,623,True,True,True,True,Eyes,1.689908,0.06726002,-2.056273,-0.07788523,-0.7051856,-0.7047321,0.0,0.0,0.0,0.0,0.0,0.0,0.0,2.227229,-1.133273,-1.233511,1.840399,0.07525408,-2.091333,-0.03687133,0.9340117,-0.3423263,-0.09526571,40.27813,191.547,359.7257,0.6217892,0.02630721,-0.7827421,0.0,0.0,0.0,1.627495,-0.4886757,-2.578949,0.09684256,-0.0383665,0.7784389,-0.97913,-0.003652589,0.2032026,-0.1341004,0.7629065,-0.6324482,-0.1527145,-0.6464986,-0.7474745,moving,-3.702997534271098,-4.704091716328872,7.091510343268237,-2.8216230716604307,-0.21290399999999998,-0.56392978,-0.48761600000000005,-0.06436787355312934,-0.08183962073664491,0.9945648423314859,-4.790799682713043,4.2350308447873175,10.936164183069485,10.957421618082359,13.819756005445704
05/17/2023 13:13:35.994431,624,True,True,True,True,Eyes,1.696256,0.06735657,-2.058141,-0.08671438,-0.704127,-0.7047594,0.0,0.0,0.0,0.0,0.0,0.0,0.0,2.251211,-1.10858,-1.225414,1.845726,0.07600352,-2.094291,-0.03970128,0.9343879,-0.3396327,-0.09996374,39.98858,192.0417,359.5295,0.6230903,0.02620307,-0.7817103,0.0,0.0,0.0,1.627495,-0.4861794,-2.578946,0.09538183,-0.03782833,0.7766477,-0.9768622,-0.006290877,0.2137775,-0.1420947,0.7661468,-0.6267601,-0.1598421,-0.6426349,-0.7493138,moving,-3.5402594683813473,-4.909966114028523,7.001561338577862,-2.7885128798114516,-0.21823100000000006,-0.56218292,-0.48465500000000006,-0.06152413834046763,-0.08542808634617999,0.9944429848819073,-4.755878928941934,4.145021687517614,10.731632387505728,10.753164638886927,13.649589856132785
05/17/2023 13:13:36.013754,625,True,True,True,True,Eyes,1.702583,0.06745879,-2.060036,-0.09567491,-0.7031028,-0.7046224,0.0,0.0,0.0,0.0,0.0,0.0,0.0,2.274432,-1.087181,-1.213737,1.851076,0.07594492,-2.096643,-0.04167791,0.9345631,-0.3374256,-0.1048751,39.74956,192.6137,359.4689,0.6243684,0.02610778,-0.7806931,0.0,0.0,0.0,1.627494,-0.4839097,-2.578943,0.09440006,-0.03728276,0.7745486,-0.9745283,-0.007126166,0.2241512,-0.1486764,0.7688138,-0.6219491,-0.1678984,-0.639433,-0.7502903,moving,-3.435597167628337,-5.062864934331289,6.948796458722995,-2.755795179403233,-0.22358199999999995,-0.55985462,-0.4823000000000004,-0.059693584735926945,-0.08809134361412309,0.9943221577912968,-4.737410817773228,4.07923563159286,10.615841895061594,10.637584398777289,13.538282265357715
05/17/2023 13:13:36.034091,626,True,True,True,True,Eyes,1.708862,0.06756433,-2.061946,-0.1046462,-0.7020788,-0.7043681,0.0,0.0,0.0,0.0,0.0,0.0,0.0,2.297665,-1.06992,-1.197067,1.856202,0.07616857,-2.09897,-0.04327491,0.9343198,-0.336234,-0.1100931,39.63011,193.2575,359.4918,0.6256244,0.02602066,-0.7796898,0.0,0.0,0.0,1.627494,-0.4817176,-2.578939,0.09405974,-0.03670043,0.7723805,-0.9720135,-0.006831136,0.2348253,-0.1548993,0.770148,-0.6187717,-0.1766233,-0.6378286,-0.7496523,moving,-3.389459947517823,-5.094924588672241,6.943235518146423,-2.7204199932925714,-0.2287079999999999,-0.5578861700000001,-0.4799690000000001,-0.05888994848449235,-0.0886519350145265,0.9943202186756357,-4.722388100367634,4.063855851056059,10.58047166694119,10.602021866589299,13.494931387044742
05/17/2023 13:13:36.043569,627,True,True,True,True,Eyes,1.715139,0.06767299,-2.06388,-0.1137917,-0.7011204,-0.7039045,0.0,0.0,0.0,0.0,0.0,0.0,0.0,2.322577,-1.052499,-1.176375,1.86141,0.07634498,-2.101261,-0.04488686,0.9338318,-0.3354154,-0.1159315,39.55738,193.9916,359.5494,0.6268589,0.02594102,-0.7787003,0.0,0.0,0.0,1.627493,-0.4794267,-2.578936,0.09416725,-0.03631043,0.7702274,-0.9690903,-0.006063114,0.2466326,-0.161604,0.7709634,-0.6160354,-0.1864096,-0.6368506,-0.7481131,moving,-3.4003884328426763,-5.087317676437131,6.970334270343341,-2.6990668574387566,-0.23391699999999993,-0.55577168,-0.47767500000000007,-0.05908030440710027,-0.08851892626827305,0.9943207876378608,-4.725943993884541,4.067503844820337,10.620686272090557,10.642162908019417,13.512564682654464
05/17/2023 13:13:36.064224,628,True,True,True,True,Eyes,1.721362,0.0677796,-2.065817,-0.1229455,-0.7001812,-0.7032999,0.0,0.0,0.0,0.0,0.0,0.0,0.0,2.345762,-1.038095,-1.1551,1.866594,0.0765224,-2.103442,-0.04594601,0.9332892,-0.334802,-0.1215237,39.50171,194.7205,359.6741,0.628073,0.02586821,-0.7777238,0.0,0.0,0.0,1.627493,-0.4770289,-2.578933,0.09410531,-0.03610229,0.7679791,-0.9662421,-0.004389123,0.2575991,-0.1671345,0.7715933,-0.613767,-0.1960678,-0.6361011,-0.7462795,moving,-3.4129716694720424,-5.060036495093839,6.985985995502317,-2.6914627482887297,-0.239101,-0.5535513,-0.47549100000000033,-0.05930118310985226,-0.08804432528890035,0.9943498502086148,-4.726431629127891,4.07884251237557,10.64393603660974,10.665292406304825,13.528405668678296
05/17/2023 13:13:36.083873,629,True,True,True,True,Eyes,1.727523,0.06790092,-2.067756,-0.1321359,-0.6993158,-0.7024937,0.0,0.0,0.0,0.0,0.0,0.0,0.0,2.367322,-1.027934,-1.131776,1.871627,0.07658215,-2.105451,-0.04630788,0.9325779,-0.3347019,-0.1269997,39.49665,195.4736,359.8992,0.6292669,0.02580151,-0.7767603,0.0,0.0,0.0,1.627492,-0.4746529,-2.578929,0.09462123,-0.03645557,0.765587,-0.9634535,-0.001357331,0.2678729,-0.1713855,0.7716604,-0.612509,-0.2058755,-0.6360333,-0.7436916,moving,-3.448395502204563,-4.983029665782831,7.045630370475586,-2.7262397732317494,-0.244135,-0.55123505,-0.47347800000000007,-0.059923003765576285,-0.08670458425928672,0.9944302044016338,-4.727764303935585,4.110842042351978,10.712623114130533,10.733949861798363,13.614643216494475
05/17/2023 13:13:36.103419,630,True,True,True,True,Eyes,1.733629,0.06804106,-2.06969,-0.1413236,-0.6985413,-0.7014754,0.0,0.0,0.0,0.0,0.0,0.0,0.0,2.387867,-1.021531,-1.106154,1.876533,0.07707597,-2.107533,-0.04638152,0.9316008,-0.3353297,-0.1323727,39.5734,196.2373,0.1753375,0.6304406,0.02574089,-0.7758101,0.0,0.0,0.0,1.627492,-0.472307,-2.578926,0.0954413,-0.03668338,0.7638581,-0.9606522,0.00235885,0.2777432,-0.1751951,0.7708055,-0.6125075,-0.2155308,-0.6370661,-0.740063,moving,-3.4932204785845125,-4.828671283902906,7.121991066773192,-2.749449534875363,-0.24904100000000007,-0.5493829699999999,-0.47139299999999995,-0.06071498421156292,-0.08402119448546305,0.9946125748738732,-4.718368275041572,4.173268097188036,10.796053242668584,10.816925590680777,13.715616236851396
05/17/2023 13:13:36.114126,631,True,True,True,True,Eyes,1.739721,0.06823107,-2.071633,-0.1505193,-0.6978357,-0.7002637,0.0,0.0,0.0,0.0,0.0,0.0,0.0,2.408953,-1.014801,-1.078095,1.881391,0.07768835,-2.109382,-0.04679582,0.9303465,-0.3365074,-0.1379434,39.72081,197.0228,0.4294618,0.6315947,0.02568646,-0.7748727,0.0,0.0,0.0,1.627491,-0.470036,-2.578923,0.09620418,-0.03783053,0.7612238,-0.9575638,0.00576526,0.2881645,-0.1799106,0.769146,-0.6132265,-0.225176,-0.6390473,-0.7354691,moving,-3.547852771605584,-4.610994405427806,7.202907878898923,-2.8450869471556333,-0.2539,-0.54772435,-0.469541,-0.06168262783324187,-0.08023711435688757,0.9948654342713569,-4.701163259523009,4.2607391503531,10.87429131783653,10.89482830133717,13.863609710196194
05/17/2023 13:13:36.133899,632,True,True,True,True,Eyes,1.745766,0.06843145,-2.073574,-0.1596906,-0.6971943,-0.6988697,0.0,0.0,0.0,0.0,0.0,0.0,0.0,2.430744,-1.005669,-1.049764,1.886335,0.07910722,-2.111248,-0.04790914,0.9289935,-0.3377392,-0.1435557,39.8866,197.7842,0.5939546,0.6327303,0.02563945,-0.7739472,0.0,0.0,0.0,1.627491,-0.4676102,-2.578919,0.09643872,-0.0386923,0.758562,-0.9541934,0.00795419,0.2990861,-0.1859833,0.767274,-0.6137598,-0.234363,-0.6412702,-0.7306483,moving,-3.5760923685450074,-4.384495084143451,7.245350293231606,-2.9199799990990907,-0.2588440000000001,-0.54671742,-0.46767100000000017,-0.06219223341600266,-0.07630121362100765,0.9951432500708784,-4.670075548666983,4.349880143285498,10.900132702461482,10.920092752190405,13.958088675875963
05/17/2023 13:13:36.143534,633,True,True,True,True,Eyes,1.75175,0.0686748,-2.075526,-0.1687925,-0.6964687,-0.6974529,0.0,0.0,0.0,0.0,0.0,0.0,0.0,2.452615,-0.993075,-1.023389,1.891319,0.07957111,-2.113155,-0.049188,0.9278141,-0.3383441,-0.1492142,39.97998,198.5363,0.7250789,0.6338471,0.02559953,-0.7730342,0.0,0.0,0.0,1.62749,-0.4651397,-2.578916,0.09625169,-0.03903466,0.7558139,-0.9506314,0.009696899,0.3101711,-0.1922462,0.7662075,-0.6131618,-0.2436012,-0.64252,-0.7265167,moving,-3.6001877793677806,-4.225562463924721,7.257461123695186,-2.9564631738890412,-0.26382899999999987,-0.54471081,-0.4657610000000001,-0.06262377187884921,-0.07353851987094348,0.9953242964708571,-4.650234254733109,4.412710170001383,10.912084316046382,10.931566800333496,14.00349688462663
05/17/2023 13:13:36.163495,634,True,True,True,True,Eyes,1.757684,0.06894173,-2.077489,-0.177836,-0.6957076,-0.6959636,0.0,0.0,0.0,0.0,0.0,0.0,0.0,2.472703,-0.9780122,-1.003149,1.896163,0.0808423,-2.115444,-0.05072104,0.9271269,-0.3377755,-0.1541783,39.93825,199.1578,0.7551805,0.6349459,0.02556757,-0.7721329,0.0,0.0,0.0,1.627489,-0.4629437,-2.578913,0.09590447,-0.03917101,0.7533613,-0.947313,0.01010559,0.3201502,-0.1982049,0.7666703,-0.6106812,-0.2516209,-0.6419615,-0.7242737,moving,-3.5283214771803606,-4.201052086077187,7.254850298469565,-2.9764129430196395,-0.2686740000000001,-0.543786,-0.4634689999999999,-0.06137718311033928,-0.0731183969969855,0.9954328613888286,-4.612337338320437,4.417445113827122,10.8331958954464,10.852489786859138,13.9821056844661
05/17/2023 13:13:36.184384,635,True,True,True,True,Eyes,1.763553,0.06921508,-2.079458,-0.1866863,-0.6948075,-0.6945435,0.0,0.0,0.0,0.0,0.0,0.0,0.0,2.49367,-0.958375,-0.9839714,1.900984,0.08166098,-2.117702,-0.05265646,0.9265932,-0.3365165,-0.1594025,39.82276,199.7843,0.7237183,0.6360265,0.02554364,-0.7712439,0.0,0.0,0.0,1.627489,-0.4605837,-2.57891,0.09534924,-0.03859693,0.7507505,-0.9436366,0.00970092,0.3308421,-0.2048654,0.7679679,-0.6068406,-0.259963,-0.6404148,-0.7226954,moving,-3.4699951745003936,-4.243887198696075,7.238111954675766,-2.9430495467636693,-0.27349500000000004,-0.54224468,-0.46120800000000006,-0.06036047111336437,-0.07386715917420357,0.9954396849526825,-4.593794675725092,4.3971135887004165,10.767719772273747,10.78683164263716,13.92379292311365
05/17/2023 13:13:36.204056,636,True,True,True,True,Eyes,1.769383,0.06948933,-2.081431,-0.1955015,-0.6938991,-0.6930248,0.0,0.0,0.0,0.0,0.0,0.0,0.0,2.513842,-0.9410535,-0.9638588,1.905975,0.08207056,-2.120029,-0.05407245,0.9260015,-0.3354239,-0.1645851,39.71767,200.433,0.7649456,0.6370879,0.02552721,-0.7703679,0.0,0.0,0.0,1.627488,-0.4582407,-2.578906,0.09512601,-0.03794661,0.7487511,-0.9399762,0.01026919,0.3410864,-0.2105539,0.7691339,-0.6034071,-0.2685377,-0.6390051,-0.7208054,moving,-3.4344371091314416,-4.272195351741781,7.240424190428974,-2.9012605642217917,-0.27848699999999993,-0.54031126,-0.45887699999999976,-0.0597404901748078,-0.07436175569766983,0.9954403919981015,-4.582917562664034,4.383873078515505,10.743634409922308,10.762533435789418,13.887569348268805
05/17/2023 13:13:36.213811,637,True,True,True,True,Eyes,1.775178,0.06977047,-2.083405,-0.2039705,-0.6929641,-0.6915177,0.0,0.0,0.0,0.0,0.0,0.0,0.0,2.53337,-0.9252013,-0.9423234,1.910944,0.08235953,-2.122132,-0.05529355,0.9252673,-0.3346747,-0.1697524,39.65026,201.0953,0.840994,0.6381316,0.02551754,-0.7695039,0.0,0.0,0.0,1.627488,-0.4559395,-2.578903,0.09524809,-0.03726646,0.746403,-0.9362534,0.01130104,0.3511434,-0.2159463,0.7698709,-0.6005546,-0.277122,-0.6380996,-0.7183538,moving,-3.4311896951353815,-4.260111043836851,7.272180106860236,-2.8582941091174066,-0.28345599999999993,-0.53829903,-0.4567709999999998,-0.05968499805774041,-0.07415204268446901,0.9954592476565366,-4.579067732986859,4.388317332635283,10.77615795036235,10.794777248129668,13.891200551040267
05/17/2023 13:13:36.234170,638,True,True,True,True,Eyes,1.780938,0.07005239,-2.085383,-0.2124163,-0.6920667,-0.6898717,0.0,0.0,0.0,0.0,0.0,0.0,0.0,2.552521,-0.911535,-0.9186988,1.916089,0.08280279,-2.12415,-0.05619615,0.9243798,-0.3342861,-0.1749764,39.61909,201.7882,0.9737828,0.639158,0.02551421,-0.7686517,0.0,0.0,0.0,1.627487,-0.4535263,-2.5789,0.09529129,-0.03672975,0.7439158,-0.9324505,0.01309119,0.3610605,-0.2208775,0.7701895,-0.5983486,-0.2859181,-0.6376806,-0.7152721,moving,-3.4535800280857663,-4.2123661460660315,7.299505802356166,-2.8265996080052638,-0.288602,-0.53632909,-0.45474999999999977,-0.06007770735319769,-0.07332076572676544,0.9954972117529483,-4.580090929535752,4.408185324444554,10.82370736119655,10.842011057680212,13.909239070890258
05/17/2023 13:13:36.253533,639,True,True,True,True,Eyes,1.786645,0.07033719,-2.087366,-0.2206912,-0.691132,-0.6882092,0.0,0.0,0.0,0.0,0.0,0.0,0.0,2.571105,-0.8988307,-0.8944438,1.921071,0.0831072,-2.126284,-0.0571501,0.9233204,-0.3343242,-0.1801126,39.64015,202.4757,1.108411,0.6401677,0.02551661,-0.7678109,0.0,0.0,0.0,1.627487,-0.4511837,-2.578896,0.09599324,-0.03748059,0.7414227,-0.9285865,0.01489632,0.3708167,-0.2259677,0.7699224,-0.5967898,-0.2943901,-0.6379637,-0.7115734,moving,-3.4811052253603294,-4.109578144981375,7.3771424894810815,-2.8939673736316527,-0.29358400000000007,-0.5342909,-0.4526119999999998,-0.06056382652334172,-0.07153263184598418,0.9955978383082786,-4.5727629130753185,4.44960279684813,10.907680389370073,10.926081318765672,14.025985240930746
05/17/2023 13:13:36.268581,640,True,True,True,True,Eyes,1.792327,0.07062524,-2.08935,-0.2289357,-0.6902373,-0.6864117,0.0,0.0,0.0,0.0,0.0,0.0,0.0,2.589876,-0.8872655,-0.8682027,1.926207,0.08345193,-2.128669,-0.05795173,0.9220982,-0.3346522,-0.1854309,39.69171,203.2039,1.28344,0.6411603,0.02552426,-0.766982,0.0,0.0,0.0,1.627486,-0.4488994,-2.578893,0.09704173,-0.03864425,0.7390203,-0.9245142,0.01723539,0.3807584,-0.2309841,0.7692989,-0.5956723,-0.3031836,-0.6386565,-0.7072468,moving,-3.5401145239420924,-3.978020898621908,7.480784074250441,-2.993338111431642,-0.298721,-0.53235133,-0.45022399999999996,-0.061599151942267116,-0.06924205611852242,0.9956963337720707,-4.5743444739885115,4.5041714189824,11.04608835658209,11.064800319166675,14.196435238228476
05/17/2023 13:13:36.284097,641,True,True,True,True,Eyes,1.79793,0.07091355,-2.09132,-0.2368669,-0.6892668,-0.6846936,0.0,0.0,0.0,0.0,0.0,0.0,0.0,2.606926,-0.8767368,-0.8440216,1.93135,0.08382151,-2.130719,-0.05856919,0.9210055,-0.3348469,-0.1902518,39.72307,203.8683,1.45466,0.6421368,0.02553677,-0.7661642,0.0,0.0,0.0,1.627486,-0.4465361,-2.57889,0.0981799,-0.04010791,0.7364774,-0.9207476,0.01952535,0.3896694,-0.2352956,0.7688944,-0.594506,-0.3112226,-0.6390775,-0.7033635,moving,-3.5723271496170437,-3.85980089743924,7.59333729120271,-3.117198421780812,-0.3038639999999999,-0.53035761,-0.4481709999999999,-0.06216769799875256,-0.06718508443322721,0.9958018465207054,-4.566172057702307,4.5518434514804476,11.171079164634962,11.190331578726376,14.375947650848728
05/17/2023 13:13:36.293829,642,True,True,True,True,Eyes,1.803509,0.07120051,-2.093295,-0.2447802,-0.6882993,-0.6828812,0.0,0.0,0.0,0.0,0.0,0.0,0.0,2.623871,-0.8643335,-0.821182,1.936353,0.08408011,-2.132973,-0.0593814,0.9200172,-0.3346605,-0.1950505,39.71369,204.5125,1.585766,0.6430977,0.02555369,-0.7653573,0.0,0.0,0.0,1.627485,-0.4441624,-2.578886,0.09976228,-0.04222965,0.7345599,-0.9168585,0.02128758,0.3986449,-0.2398152,0.7689524,-0.592622,-0.3191544,-0.6389515,-0.6999155,moving,-3.5882843736218186,-3.7846069037074033,7.734151969138561,-3.2902971722800047,-0.3088679999999999,-0.52824251,-0.445913,-0.062450492345931946,-0.06587698943516085,0.995871560129458,-4.5588852696018565,4.581868250592862,11.31279135729017,11.33322137992746,14.597594082523797
05/17/2023 13:13:36.319552,643,True,True,True,True,Eyes,1.809042,0.07148116,-2.095254,-0.2525305,-0.6872258,-0.681138,0.0,0.0,0.0,0.0,0.0,0.0,0.0,2.641564,-0.8477679,-0.7989984,1.941416,0.08432669,-2.135126,-0.06068385,0.9191224,-0.3339357,-0.2000456,39.65288,205.1495,1.641351,0.6440421,0.02557449,-0.764562,0.0,0.0,0.0,1.627485,-0.4419241,-2.578883,0.1013668,-0.04562047,0.732106,-0.9125983,0.022053,0.4082619,-0.2451566,0.7696087,-0.5895765,-0.3272039,-0.6381347,-0.6969373,moving,-3.6070776745455113,-3.757385354730709,7.883007002620015,-3.5657200073473105,-0.31393099999999996,-0.52625079,-0.44375699999999973,-0.0627791011453271,-0.06540248424910931,0.9958821356833948,-4.562246829754608,4.593591022951004,11.468876402307716,11.491683144510278,14.881488482049871
05/17/2023 13:13:36.335428,644,True,True,True,True,Eyes,1.814558,0.07176093,-2.097219,-0.2602582,-0.6861714,-0.6792897,0.0,0.0,0.0,0.0,0.0,0.0,0.0,2.659687,-0.8291886,-0.776155,1.946669,0.08442092,-2.137114,-0.06230639,0.9181373,-0.3332354,-0.2051731,39.60409,205.7915,1.660823,0.6449721,0.02559861,-0.763777,0.0,0.0,0.0,1.627484,-0.4395579,-2.57888,0.1030143,-0.04895899,0.7292644,-0.9080439,0.02233028,0.4182796,-0.2511536,0.7701441,-0.5863445,-0.3352288,-0.637479,-0.6937164,moving,-3.627091158456471,-3.72213634177177,8.040280605611168,-3.8407750668854717,-0.31918500000000005,-0.52397882,-0.4417659999999999,-0.06312949732292208,-0.06478836195305256,0.9959001717514085,-4.564607689308804,4.608487458919013,11.642519985047231,11.66797493261189,15.174756873089416
05/17/2023 13:13:36.343587,645,True,True,True,True,Eyes,1.820038,0.07204667,-2.099184,-0.2679476,-0.684996,-0.6774839,0.0,0.0,0.0,0.0,0.0,0.0,0.0,2.678482,-0.8068224,-0.7536645,1.951837,0.08467552,-2.139252,-0.06460425,0.9171086,-0.3323379,-0.210451,39.55153,206.4195,1.589179,0.6458874,0.02562565,-0.7630022,0.0,0.0,0.0,1.627484,-0.4372493,-2.578876,0.1056395,-0.05281293,0.7269912,-0.9030734,0.02138346,0.4289538,-0.2583799,0.7707556,-0.5823877,-0.3430721,-0.6367719,-0.6905239,moving,-3.635633816097381,-3.6868192137688136,8.267813951173292,-4.155004481744372,-0.3243530000000001,-0.52192482,-0.43962400000000024,-0.06328049604578057,-0.06417385701428968,0.9959303017867664,-4.5616682067881165,4.622658202179894,11.883690580863613,11.912651518167168,15.544869720721582
05/17/2023 13:13:36.363680,646,True,True,True,True,Eyes,1.825512,0.07232504,-2.101158,-0.2756296,-0.6838275,-0.67558,0.0,0.0,0.0,0.0,0.0,0.0,0.0,2.697947,-0.7816313,-0.7308762,1.957108,0.08506873,-2.141621,-0.06735619,0.9160188,-0.3312837,-0.2159254,39.49508,207.0517,1.460325,0.6467891,0.02565554,-0.7622369,0.0,0.0,0.0,1.627483,-0.4348848,-2.578873,0.1064404,-0.05249503,0.7254583,-0.8976786,0.01966601,0.4402114,-0.2664641,0.7714285,-0.5778363,-0.3509554,-0.636012,-0.6872546,moving,-3.643516641374341,-3.6598145125557693,8.34697253451542,-4.138777428655265,-0.32962500000000006,-0.51995353,-0.437252,-0.06341943637672845,-0.0637038902352978,0.9959517317676382,-4.560043186750413,4.633582193454361,11.971151057748504,12.00005150622813,15.605939515729986
05/17/2023 13:13:36.384386,647,True,True,True,True,Eyes,1.830952,0.07260296,-2.10313,-0.2832696,-0.6824777,-0.6737823,0.0,0.0,0.0,0.0,0.0,0.0,0.0,2.717411,-0.7545371,-0.7079206,1.962497,0.08516405,-2.143862,-0.07014547,0.9149732,-0.3298753,-0.221554,39.40041,207.6963,1.320526,0.6476771,0.02568769,-0.7614815,0.0,0.0,0.0,1.627483,-0.4325528,-2.57887,0.1067791,-0.04773635,0.7241479,-0.8919871,0.0178079,0.4517104,-0.2745328,0.7725239,-0.572572,-0.3591534,-0.634736,-0.6841926,moving,-3.6674275444137487,-3.658230071199106,8.388093628634067,-3.771522177666373,-0.3350139999999999,-0.51771685,-0.4350080000000003,-0.06383518480265032,-0.06367465727071535,0.9959270416438182,-4.570755565431037,4.6357602396130435,12.030690741613647,12.056053494207461,15.447141161989082
05/17/2023 13:13:36.403704,648,True,True,True,True,Eyes,1.836391,0.0728692,-2.105112,-0.2909244,-0.6811291,-0.6718826,0.0,0.0,0.0,0.0,0.0,0.0,0.0,2.735884,-0.7284486,-0.686604,1.968048,0.08537975,-2.146304,-0.07271308,0.9140638,-0.3282293,-0.2268606,39.27451,208.2996,1.183996,0.6485523,0.02572186,-0.760735,0.0,0.0,0.0,1.627482,-0.4301032,-2.578866,0.1080616,-0.04354662,0.7236084,-0.8864941,0.01599579,0.4624632,-0.2818534,0.7739567,-0.5670535,-0.366997,-0.6330365,-0.6815996,moving,-3.6605401754164415,-3.6868696727329024,8.493617955898639,-3.4438959641653923,-0.3405659999999999,-0.51548295,-0.4325619999999999,-0.06371342944111585,-0.06417296973592748,0.9959028639526316,-4.573157752968966,4.624271434422182,12.133906740242125,12.156586531755842,15.356951279387584
05/17/2023 13:13:36.413905,649,True,True,True,True,Eyes,1.841821,0.07312972,-2.107095,-0.2986113,-0.6796547,-0.6700006,0.0,0.0,0.0,0.0,0.0,0.0,0.0,2.75505,-0.6991544,-0.6624539,1.973508,0.0852093,-2.14848,-0.07553805,0.9129778,-0.3264767,-0.2327628,39.14586,208.9748,1.038354,0.6494151,0.02575742,-0.7599974,0.0,0.0,0.0,1.627481,-0.4278848,-2.578863,0.1094145,-0.0436756,0.7224555,-0.8802308,0.01405414,0.4743374,-0.2899124,0.775414,-0.560967,-0.3756918,-0.6312968,-0.6784689,moving,-3.7065487332890417,-3.7113037954375456,8.611891600572777,-3.4595703788375576,-0.3460270000000001,-0.5130941,-0.43038299999999996,-0.06451136011349176,-0.06459435233161313,0.9958242203237007,-4.599121592335035,4.617870834026297,12.297791511544887,12.321012213773136,15.484699742986809
05/17/2023 13:13:36.433535,650,True,True,True,True,Eyes,1.847268,0.07339467,-2.109089,-0.3063453,-0.6782047,-0.6679752,0.0,0.0,0.0,0.0,0.0,0.0,0.0,2.774294,-0.6697159,-0.6360216,1.979089,0.08529869,-2.150739,-0.07836112,0.9117225,-0.3248599,-0.2389306,39.03609,209.6929,0.9110703,0.6502666,0.02579399,-0.7592677,0.0,0.0,0.0,1.627481,-0.4254969,-2.57886,0.1112367,-0.04513815,0.7206645,-0.8735437,0.01235071,0.4865894,-0.2981251,0.7766512,-0.5549184,-0.3847639,-0.6298099,-0.6747567,moving,-3.780735402778925,-3.719284242843577,8.774526655684854,-3.5839860080096666,-0.35160800000000014,-0.51079559,-0.428121,-0.06580012799339646,-0.06472759335756295,0.9957311924226389,-4.634869306219511,4.619658410793914,12.531153791700351,12.555991038904468,15.719786315764736
05/17/2023 13:13:36.443848,651,True,True,True,True,Eyes,1.852701,0.07364972,-2.111073,-0.3140787,-0.6766016,-0.6660066,0.0,0.0,0.0,0.0,0.0,0.0,0.0,2.794091,-0.639096,-0.6068754,1.984959,0.08581455,-2.153197,-0.08135539,0.9102605,-0.3233363,-0.245481,38.94565,210.4623,0.7836186,0.651108,0.02583162,-0.7585451,0.0,0.0,0.0,1.62748,-0.4231818,-2.578857,0.1127474,-0.04773155,0.7187701,-0.866241,0.01063663,0.4995136,-0.306855,0.7776698,-0.5486982,-0.394293,-0.628583,-0.6703857,moving,-3.8962031698685413,-3.6986076514656903,8.91486075144498,-3.799277206725507,-0.3574789999999999,-0.50899635,-0.42566000000000015,-0.06780830088088924,-0.06435958229620592,0.9956203215373395,-4.684064031240974,4.635196113714062,12.784089249304383,12.811459446735068,16.002221578217103
05/17/2023 13:13:36.463599,652,True,True,True,True,Eyes,1.858139,0.07389107,-2.113088,-0.3218719,-0.6750028,-0.6639048,0.0,0.0,0.0,0.0,0.0,0.0,0.0,2.813326,-0.6061054,-0.5786524,1.990862,0.08579589,-2.155484,-0.08442774,0.908902,-0.3213143,-0.2520442,38.80307,211.2181,0.6247786,0.6519395,0.02586984,-0.7578293,0.0,0.0,0.0,1.62748,-0.4208495,-2.578853,0.1133529,-0.04878867,0.717006,-0.8586914,0.008497732,0.5124226,-0.3154439,0.7792582,-0.5415273,-0.4039113,-0.6266454,-0.6664617,moving,-3.99643167386587,-3.7328221309995158,8.98365272554738,-3.8926905789887,-0.36338199999999987,-0.50664539,-0.4233690000000001,-0.06954720067474568,-0.06494631535049515,0.9954622275511967,-4.736923094148822,4.6285805569378216,12.952225002209278,12.981068867260266,16.151354822305358
05/17/2023 13:13:36.483980,653,True,True,True,True,Eyes,1.863552,0.07411337,-2.115091,-0.3295862,-0.6732146,-0.6619329,0.0,0.0,0.0,0.0,0.0,0.0,0.0,2.832674,-0.5704181,-0.549834,1.996472,0.08570419,-2.158352,-0.08785512,0.9074374,-0.3190744,-0.2589025,38.65077,211.9966,0.4234878,0.652761,0.02590804,-0.7571204,0.0,0.0,0.0,1.627479,-0.4185348,-2.57885,0.1130129,-0.04862979,0.7156769,-0.8505021,0.005772277,0.5259402,-0.3246644,0.780946,-0.5335883,-0.4138109,-0.6245719,-0.6623223,moving,-4.121050010958994,-3.767561374898031,8.97350803151723,-3.8872365039092935,-0.3689930000000001,-0.5042389899999999,-0.42049800000000026,-0.07170938516319827,-0.06553981456299506,0.9952700245524201,-4.80112598480269,4.623361581765229,13.065917458968597,13.095104904668869,16.19168990746317
05/17/2023 13:13:36.503619,654,True,True,True,True,Eyes,1.869004,0.0743018,-2.117095,-0.3373479,-0.6714934,-0.6597675,0.0,0.0,0.0,0.0,0.0,0.0,0.0,2.850951,-0.5366272,-0.5205112,2.00246,0.08544418,-2.160944,-0.09097946,0.9059004,-0.3170994,-0.2655472,38.52379,212.7664,0.2616758,0.6535734,0.02594557,-0.7564178,0.0,0.0,0.0,1.627479,-0.4161302,-2.578847,0.1118984,-0.04766619,0.7145285,-0.8424147,0.003573052,0.5388176,-0.3332464,0.7823414,-0.5262021,-0.4234195,-0.6228395,-0.6578652,moving,-4.236100509591545,-3.7799875713430096,8.900487051325147,-3.8165461606255766,-0.37498100000000023,-0.50157438,-0.4179029999999999,-0.07370674995494331,-0.06574606653189094,0.9951105042561271,-4.8565741335394375,4.626114559529162,13.108032541298368,13.136638431352273,16.141104438041143
05/17/2023 13:13:36.513669,655,True,True,True,True,Eyes,1.874489,0.07448007,-2.119092,-0.3451663,-0.6697236,-0.6575184,0.0,0.0,0.0,0.0,0.0,0.0,0.0,2.868638,-0.5044838,-0.4882066,2.008899,0.08482441,-2.163115,-0.09394659,0.9040144,-0.3159203,-0.2722616,38.48788,213.5768,0.1586793,0.654378,0.02598127,-0.7557206,0.0,0.0,0.0,1.627478,-0.4137352,-2.578843,0.1107326,-0.04652902,0.7135189,-0.8340952,0.002167748,0.5516161,-0.3418841,0.7827368,-0.5200369,-0.4328975,-0.622349,-0.6521358,moving,-4.382009008375344,-3.6960947184338675,8.821489082014182,-3.7310114865240243,-0.381421,-0.49855961000000004,-0.4157280000000001,-0.07624794638743951,-0.06427662484649047,0.995014918260652,-4.907490034741343,4.668010436281126,13.17606135306788,13.203544259160633,16.094360405063348
05/17/2023 13:13:36.533456,656,True,True,True,True,Eyes,1.880023,0.07463434,-2.121096,-0.3530065,-0.6680511,-0.6550528,0.0,0.0,0.0,0.0,0.0,0.0,0.0,2.886151,-0.4711769,-0.4537735,2.015472,0.08475485,-2.165289,-0.09724609,0.9018562,-0.3150596,-0.2791705,38.5043,214.4129,0.03710378,0.655176,0.02601493,-0.7550277,0.0,0.0,0.0,1.627478,-0.4114422,-2.57884,0.1090803,-0.04479066,0.7127193,-0.8252141,0.0005067687,0.5648199,-0.3513147,0.7825614,-0.5139804,-0.4422667,-0.6225734,-0.6456026,moving,-4.540982960242735,-3.570984127805625,8.701486298920988,-3.596009314328045,-0.38799399999999995,-0.49619705,-0.413551,-0.0790193994892898,-0.062090328718229795,0.9949375646870081,-4.956402116681275,4.7266475537672505,13.216841902676725,13.242492905033277,15.993890499721958
05/17/2023 13:13:36.553708,657,True,True,True,True,Eyes,1.885594,0.07479637,-2.123128,-0.3609129,-0.6662563,-0.6525676,0.0,0.0,0.0,0.0,0.0,0.0,0.0,2.903376,-0.4341127,-0.4203374,2.02219,0.0843543,-2.16757,-0.1010865,0.8996415,-0.3139855,-0.2860771,38.51984,215.2231,359.8363,0.6559688,0.02604587,-0.754338,0.0,0.0,0.0,1.627477,-0.4090731,-2.578837,0.1072079,-0.0424163,0.7121823,-0.8158829,-0.002235039,0.578213,-0.3615312,0.7823893,-0.5071115,-0.4512542,-0.6227856,-0.6391462,moving,-4.675790569608453,-3.4435519199070503,8.560705588866591,-3.408407555283649,-0.3947130000000001,-0.4934274,-0.41126700000000005,-0.08137118241563146,-0.059865960357743025,0.9948843393624143,-4.9937234992974995,4.784595223155287,13.213218509942,13.236542814484809,15.838176739561185
05/17/2023 13:13:36.573658,658,True,True,True,True,Eyes,1.891202,0.0750252,-2.125193,-0.3687736,-0.6645938,-0.6498624,0.0,0.0,0.0,0.0,0.0,0.0,0.0,2.91979,-0.3969893,-0.3884232,2.028719,0.08469897,-2.17043,-0.105069,0.8974762,-0.3127214,-0.2927498,38.52366,215.9912,359.5975,0.6567562,0.02607457,-0.7536516,0.0,0.0,0.0,1.627477,-0.4068157,-2.578834,0.1050664,-0.03909248,0.7120633,-0.8065162,-0.00549562,0.5911866,-0.3716922,0.7823316,-0.4998021,-0.4597573,-0.6228379,-0.6330059,moving,-4.7757530796231595,-3.3400337396147397,8.393545763684797,-3.142400202015666,-0.4012420000000001,-0.49151467,-0.408404,-0.08311568744323666,-0.05805998499558342,0.9948471473710478,-5.019640765074015,4.8310425564154995,13.15025979012327,13.17078171710154,15.604145675981599
05/17/2023 13:13:36.584005,659,True,True,True,True,Eyes,1.896863,0.07532118,-2.12729,-0.3765838,-0.663121,-0.6468812,0.0,0.0,0.0,0.0,0.0,0.0,0.0,2.93576,-0.356999,-0.3567505,2.035212,0.08657261,-2.173434,-0.1099869,0.8950636,-0.3117521,-0.2992904,38.60237,216.7137,359.2462,0.657539,0.02610356,-0.7529677,0.0,0.0,0.0,1.627476,-0.4044298,-2.57883,0.1033075,-0.03587893,0.7123829,-0.7966566,-0.0102817,0.6043451,-0.3834993,0.781427,-0.4922399,-0.4671905,-0.623912,-0.6264719,moving,-4.832479653891235,-3.1836831759259376,8.251330877777155,-2.88324681947515,-0.4077360000000001,-0.49100241,-0.4053960000000001,-0.0841136252266555,-0.05534035313740059,0.994918312899475,-5.01534244806172,4.895016553066654,13.06952120931623,13.087259454632743,15.378751647229047
05/17/2023 13:13:36.603518,660,True,True,True,True,Eyes,1.90258,0.07559898,-2.129384,-0.3846557,-0.661451,-0.6438343,0.0,0.0,0.0,0.0,0.0,0.0,0.0,2.951329,-0.3185585,-0.3211999,2.042122,0.08852913,-2.17644,-0.114844,0.8921567,-0.3117704,-0.3060503,38.79913,217.504,358.9646,0.6583175,0.02613509,-0.7522861,0.0,0.0,0.0,1.627476,-0.402059,-2.578827,0.1017091,-0.03277358,0.7120479,-0.7862884,-0.01408283,0.6176994,-0.3957524,0.7792202,-0.4859999,-0.4744796,-0.6265919,-0.6182651,moving,-4.935805958481923,-2.8929960864053332,8.129153816499768,-2.635305100495006,-0.41464600000000007,-0.49058813,-0.40238700000000005,-0.08593071175861036,-0.05028417001443525,0.9950313833355194,-5.006364753558622,5.0138167886402885,13.052748794423465,13.067500853878261,15.20035900165511
05/17/2023 13:13:36.613741,661,True,True,True,True,Eyes,1.90258,0.07559898,-2.129384,-0.3846557,-0.661451,-0.6438343,0.0,0.0,0.0,0.0,0.0,0.0,0.0,2.965231,-0.2872539,-0.2864535,2.049695,0.08834643,-2.179017,-0.1177412,0.889728,-0.3112741,-0.3124575,38.86419,218.3115,358.8965,0.659093,0.02616822,-0.7516055,0.0,0.0,0.0,1.627475,-0.3998532,-2.578824,0.101323,-0.03230241,0.7118094,-0.7770146,-0.01499542,0.6293038,-0.404035,0.778491,-0.4803202,-0.4827047,-0.6274766,-0.6109575,moving,-5.536942858668288,-2.8951050808781114,8.10138227666839,-2.5983399725556513,-0.4222199999999998,-0.48819963,-0.399807,-0.09636553547615012,-0.05027255598626229,0.9940756472658321,-5.283848580401861,5.052410141594826,13.626298384918313,13.641553504886234,15.417470039090043
05/17/2023 13:13:36.633886,662,True,True,True,True,Eyes,1.90258,0.07559898,-2.129384,-0.3846557,-0.661451,-0.6438343,0.0,0.0,0.0,0.0,0.0,0.0,0.0,2.976267,-0.2612675,-0.2653737,2.056259,0.09047522,-2.181849,-0.119759,0.8888976,-0.3083116,-0.3169588,38.61119,218.8013,358.7195,0.6597903,0.02619801,-0.7509924,0.0,0.0,0.0,1.627475,-0.3974203,-2.57882,0.1008884,-0.03206137,0.7111609,-0.7703897,-0.01746278,0.6373339,-0.4083512,0.7812034,-0.4721976,-0.4896415,-0.6240323,-0.608962,moving,-5.889529304069888,-3.20626147839521,8.07435111119055,-2.5813260449456106,-0.42878399999999983,-0.48789552,-0.39697099999999974,-0.10245182329671967,-0.055636310035550515,0.9931808816669732,-5.506949182123907,4.9556076081086085,13.96056087134855,13.977857509206297,15.53245268937667
05/17/2023 13:13:36.653723,663,True,True,True,True,Eyes,1.908901,0.07594683,-2.131754,-0.3937262,-0.6591938,-0.6406585,0.0,0.0,0.0,0.0,0.0,0.0,0.0,2.988202,-0.2257021,-0.2369261,2.062666,0.09077482,-2.184857,-0.1225055,0.8874552,-0.3049411,-0.3231511,38.34671,219.4993,358.513,0.6604177,0.02622482,-0.7504398,0.0,0.0,0.0,1.627474,-0.3950964,-2.578817,0.100398,-0.0315302,0.7103968,-0.7611313,-0.02035217,0.6482782,-0.4145204,0.7840067,-0.4620675,-0.4988503,-0.6204187,-0.6051684,moving,-5.8774657647337,-3.318166208475611,8.04414704214599,-2.541343835209032,-0.435192,-0.48587122000000005,-0.39395999999999987,-0.10223144218299443,-0.05757730433712537,0.9930929898058816,-5.523178914912594,4.911690223193996,13.925589496607166,13.943269205759606,15.47966570378027
05/17/2023 13:13:36.663774,664,True,True,True,True,Eyes,1.915222,0.07628577,-2.13412,-0.4026976,-0.6570245,-0.6373017,0.0,0.0,0.0,0.0,0.0,0.0,0.0,2.998711,-0.2009898,-0.2083972,2.069638,0.09025254,-2.18736,-0.1235381,0.8861924,-0.302313,-0.3286466,38.09851,220.1857,358.5256,0.6610641,0.02625556,-0.7498695,0.0,0.0,0.0,1.627474,-0.3928068,-2.578814,0.09967007,-0.03034014,0.7098183,-0.7534599,-0.0202487,0.6571825,-0.4176652,0.7866905,-0.4546141,-0.5077939,-0.6170155,-0.6011969,moving,-5.870537476539594,-3.39765786224548,7.99300361442791,-2.4475340562010954,-0.4421639999999998,-0.48305934,-0.39145399999999997,-0.10210312102664298,-0.05895583515416896,0.9930252613336645,-5.535464114247754,4.880601034215827,13.878487389105654,13.896060838516673,15.385740248334454
05/17/2023 13:13:36.683782,665,True,True,True,True,Eyes,1.92158,0.07662801,-2.136534,-0.4118797,-0.6546937,-0.6338228,0.0,0.0,0.0,0.0,0.0,0.0,0.0,3.008388,-0.1751097,-0.1780119,2.075955,0.09038136,-2.189748,-0.1256897,0.884122,-0.3015338,-0.3340776,38.10944,220.8768,358.4868,0.6617271,0.02628952,-0.7492834,0.0,0.0,0.0,1.627473,-0.3903886,-2.57881,0.09876558,-0.02865273,0.7094716,-0.7451885,-0.0207786,0.66653,-0.4237214,0.7865589,-0.4492051,-0.5149313,-0.6171655,-0.5949391,moving,-5.859466375116612,-3.210716434229059,7.925215090109961,-2.312691345949889,-0.44848200000000005,-0.48076995999999994,-0.389062,-0.10193023498230125,-0.055716535221603906,0.993230066394978,-5.49396018522409,4.951920022278354,13.79827754681017,13.813902133609453,15.25938542017757
05/17/2023 13:13:36.703903,666,True,True,True,True,Eyes,1.927944,0.07696892,-2.13894,-0.420962,-0.6525365,-0.6300692,0.0,0.0,0.0,0.0,0.0,0.0,0.0,3.018087,-0.1448643,-0.144206,2.082258,0.09073387,-2.192395,-0.1286512,0.8815041,-0.3012417,-0.3400781,38.21356,221.6387,358.4012,0.6624039,0.02632636,-0.7486838,0.0,0.0,0.0,1.627473,-0.3880873,-2.578807,0.09780978,-0.02637827,0.7090408,-0.7355916,-0.02192176,0.6770705,-0.4317045,0.7854046,-0.4435886,-0.5220501,-0.6185943,-0.5872009,moving,-5.899029018415236,-2.9551864585808483,7.854189469765504,-2.130578177353473,-0.454785,-0.47882117,-0.386412,-0.10264045011461675,-0.051282584695047276,0.9933957522418514,-5.4624386126705335,5.052991297448942,13.764663384431923,13.777917026934995,15.130639572907588
05/17/2023 13:13:36.714011,667,True,True,True,True,Eyes,1.93433,0.07732667,-2.141359,-0.4301054,-0.6502263,-0.6262708,0.0,0.0,0.0,0.0,0.0,0.0,0.0,3.027145,-0.1137431,-0.1075299,2.088777,0.09106477,-2.194727,-0.1316916,0.878579,-0.3012908,-0.3463816,38.36338,222.4572,358.3425,0.6630937,0.02636576,-0.7480714,0.0,0.0,0.0,1.627472,-0.3858126,-2.578804,0.09670475,-0.02386877,0.7086268,-0.7253543,-0.02267986,0.688002,-0.4401262,0.7837623,-0.4381845,-0.5292921,-0.6206467,-0.5784874,moving,-5.984518278452461,-2.6452081649997186,7.771025882317567,-1.9291719386505202,-0.46130499999999985,-0.47687737,-0.384077,-0.1041498466345373,-0.045900205386556196,0.9935018831612575,-5.441483184046891,5.178056839323433,13.763407119649365,13.774167961671544,15.002769635344805
05/17/2023 13:13:36.733830,668,True,True,True,True,Eyes,1.940717,0.07768666,-2.143771,-0.4391526,-0.6479961,-0.622291,0.0,0.0,0.0,0.0,0.0,0.0,0.0,3.035583,-0.08417785,-0.07177854,2.09542,0.09178168,-2.197225,-0.1343374,0.8758893,-0.3008482,-0.3525078,38.44254,223.2528,358.3006,0.6637948,0.02640798,-0.7474479,0.0,0.0,0.0,1.627471,-0.3833691,-2.5788,0.09607008,-0.02133167,0.7083092,-0.7153834,-0.02322677,0.698346,-0.4474321,0.7828876,-0.4323094,-0.5366853,-0.6217294,-0.5704572,moving,-6.053280128078194,-2.4087835125420205,7.724062121585609,-1.7250169114450808,-0.46794899999999995,-0.47515078,-0.3815750000000002,-0.10536109577737596,-0.0417948896702037,0.9935553668905506,-5.427140144678232,5.27367926428325,13.785457612536534,13.794299410595196,14.897512181848938
05/17/2023 13:13:36.753838,669,True,True,True,True,Eyes,1.947112,0.07803596,-2.146187,-0.4482079,-0.6454985,-0.6184186,0.0,0.0,0.0,0.0,0.0,0.0,0.0,3.042962,-0.05634403,-0.03930116,2.101851,0.09219669,-2.199559,-0.136536,0.8736208,-0.2997645,-0.3581703,38.43068,223.9781,358.2569,0.664506,0.0264528,-0.7468141,0.0,0.0,0.0,1.627471,-0.3810859,-2.578797,0.09557381,-0.01941058,0.707839,-0.706144,-0.02382799,0.7076674,-0.4532949,0.7829984,-0.4259546,-0.5439528,-0.6215672,-0.5637108,moving,-6.0752343385401195,-2.238235884976825,7.689683529098712,-1.570788931365941,-0.47438,-0.47328258999999995,-0.37923799999999996,-0.10575443692694392,-0.03883564692286176,0.993633731084532,-5.40405027364214,5.340845198216474,13.773562625609719,13.781090281205158,14.805963367449174
05/17/2023 13:13:36.763836,670,True,True,True,True,Eyes,1.953493,0.07838188,-2.148585,-0.4571552,-0.643023,-0.6144352,0.0,0.0,0.0,0.0,0.0,0.0,0.0,3.049568,-0.03218687,-0.009900808,2.108237,0.09221981,-2.20178,-0.1381202,0.8717233,-0.2984448,-0.363252,38.36489,224.6337,358.2471,0.6652263,0.02649958,-0.7461709,0.0,0.0,0.0,1.62747,-0.3787133,-2.578794,0.09516248,-0.0178178,0.7074146,-0.6979415,-0.0239837,0.715753,-0.4576265,0.783707,-0.4199777,-0.550868,-0.6206675,-0.5579572,moving,-6.048192864778673,-2.1141952503135153,7.661521294812453,-1.4428157699427646,-0.48076699999999994,-0.47093311,-0.37701399999999996,-0.10529401820369894,-0.03668622259659425,0.9937642382462714,-5.367433350030382,5.386876160417025,13.719582663009307,13.726143403897407,14.710484390426894
05/17/2023 13:13:36.784275,671,True,True,True,True,Eyes,1.959872,0.07874195,-2.151016,-0.466188,-0.6401854,-0.6105992,0.0,0.0,0.0,0.0,0.0,0.0,0.0,3.0554,-0.00708878,0.01796913,2.114303,0.09247313,-2.203863,-0.1397797,0.8700109,-0.2965992,-0.3682007,38.24482,225.25,358.1902,0.6659537,0.02654796,-0.7455202,0.0,0.0,0.0,1.62747,-0.3763844,-2.57879,0.09481233,-0.01574391,0.7071567,-0.6897799,-0.02480367,0.7235943,-0.4616359,0.7849811,-0.4131551,-0.55776,-0.6190231,-0.5529144,moving,-5.9951468645758625,-2.0197980321017894,7.636414930222092,-1.275404162364807,-0.48683300000000007,-0.46885753,-0.374927,-0.10438003957499878,-0.03505229920692178,0.993919576432837,-5.324602686600199,5.419778279781209,13.646212737708423,13.65187163720408,14.588126870753424
05/17/2023 13:13:36.803730,672,True,True,True,True,Eyes,1.96621,0.07911301,-2.153446,-0.4751633,-0.6372927,-0.6066942,0.0,0.0,0.0,0.0,0.0,0.0,0.0,3.060738,0.02066803,0.04505849,2.11998,0.09305838,-2.206264,-0.1416154,0.8684963,-0.2937705,-0.3733072,38.02529,225.851,358.0611,0.6666862,0.02659819,-0.7448635,0.0,0.0,0.0,1.627469,-0.3740484,-2.578787,0.09457876,-0.01377374,0.7068939,-0.6811736,-0.02665159,0.7316367,-0.4653181,0.787288,-0.4045451,-0.5652269,-0.6160092,-0.5486813,moving,-5.9286596378394805,-2.027815770516875,7.620622603454662,-1.116259907958037,-0.4925109999999999,-0.46710678,-0.37252300000000016,-0.10322608497985866,-0.03519564580061134,0.9940350302430134,-5.295518917609135,5.412329935033599,13.574657627248959,13.579911021240687,14.472359763706876
05/17/2023 13:13:36.813836,673,True,True,True,True,Eyes,1.97255,0.07950307,-2.155917,-0.4841833,-0.6340386,-0.6029608,0.0,0.0,0.0,0.0,0.0,0.0,0.0,3.065425,0.04998755,0.07238698,2.125401,0.0936619,-2.208725,-0.1434335,0.867101,-0.2902068,-0.3786065,37.72606,226.4577,357.8992,0.6674233,0.02665053,-0.7442012,0.0,0.0,0.0,1.627469,-0.3717521,-2.578784,0.09448209,-0.01195869,0.7066749,-0.6721681,-0.02899436,0.7398308,-0.4684911,0.7904136,-0.3946675,-0.5733292,-0.611887,-0.5448744,moving,-5.87281425618686,-2.094045797386686,7.615256457479973,-0.9694939942709282,-0.49793200000000004,-0.465414,-0.37005900000000036,-0.1022529497323226,-0.03634833422648481,0.9940941974961369,-5.282675188866939,5.383144953574916,13.52968712841012,13.534868611655149,14.377505428812228
05/17/2023 13:13:36.833920,674,True,True,True,True,Eyes,1.97885,0.07988468,-2.158378,-0.4931574,-0.6307457,-0.5991291,0.0,0.0,0.0,0.0,0.0,0.0,0.0,3.069869,0.07623118,0.1016281,2.131094,0.09436952,-2.211282,-0.1446872,0.8656963,-0.2866936,-0.3839824,37.4085,227.0985,357.811,0.6681623,0.02670529,-0.7435358,0.0,0.0,0.0,1.627468,-0.3694437,-2.578781,0.09428905,-0.01019678,0.7064506,-0.6632465,-0.03033977,0.7477859,-0.470681,0.7937447,-0.3852645,-0.5818623,-0.6074939,-0.5407287,moving,-5.846936911646155,-2.17232658833553,7.602264239339729,-0.8269394797687984,-0.5036260000000001,-0.46381321999999997,-0.367499,-0.10179882324072168,-0.03770825207390931,0.9940900990465577,-5.285990700877614,5.351280253634731,13.51107202423825,13.516326352658758,14.29256850528461
05/17/2023 13:13:36.854372,675,True,True,True,True,Eyes,1.985148,0.08028074,-2.160885,-0.5021062,-0.6272086,-0.5953979,0.0,0.0,0.0,0.0,0.0,0.0,0.0,3.07352,0.09803152,0.131566,2.136533,0.09451164,-2.213535,-0.1453271,0.8642313,-0.2837507,-0.3891915,37.12619,227.7551,357.8202,0.6689028,0.02676198,-0.7428678,0.0,0.0,0.0,1.627468,-0.3670964,-2.578777,0.0946819,-0.008968115,0.706199,-0.65482,-0.03032571,0.7551764,-0.4720592,0.7967311,-0.3773323,-0.5902296,-0.6035727,-0.5360311,moving,-5.848258522251715,-2.1908774706086045,7.6362534603185415,-0.7275676128716559,-0.5090650000000001,-0.46160804,-0.3652420000000003,-0.10182050502384093,-0.03803002356913626,0.9940755632148046,-5.2902120647360364,5.344217626600818,13.558467712963594,13.563677198600349,14.281459553025396
05/17/2023 13:13:36.869516,676,True,True,True,True,Eyes,1.991392,0.08069505,-2.163381,-0.5110009,-0.6236496,-0.5915566,0.0,0.0,0.0,0.0,0.0,0.0,0.0,3.076725,0.1175588,0.1621718,2.141823,0.09511068,-2.215831,-0.1457931,0.8626812,-0.2811383,-0.3943183,36.87299,228.4164,357.863,0.6696428,0.02682079,-0.7421985,0.0,0.0,0.0,1.627467,-0.3647152,-2.578774,0.09416808,-0.007175475,0.7059817,-0.6465148,-0.02982998,0.762318,-0.4732619,0.7994112,-0.3700876,-0.5983658,-0.6000432,-0.5309486,moving,-5.857455666162443,-2.176937314796502,7.5976086128804505,-0.5823242692192813,-0.514356,-0.45982588,-0.362943,-0.10198101353463751,-0.03778753830604792,0.9940683725034951,-5.291736752325079,5.350192873752823,13.544219342237701,13.549226749829716,14.18907973038432
05/17/2023 13:13:36.885405,677,True,True,True,True,Eyes,1.997584,0.08114159,-2.165887,-0.5197802,-0.6198477,-0.5878924,0.0,0.0,0.0,0.0,0.0,0.0,0.0,3.079387,0.1358863,0.1927185,2.146847,0.09592789,-2.218125,-0.1461233,0.8611569,-0.2784855,-0.3993777,36.60938,229.0704,357.9133,0.6703821,0.02688221,-0.7415287,0.0,0.0,0.0,1.627467,-0.3623942,-2.578771,0.09335212,-0.005351096,0.7060703,-0.6382907,-0.02922835,0.7692401,-0.4741119,0.8021877,-0.3629226,-0.6064674,-0.5963561,-0.5258863,moving,-5.878206944799986,-2.157023153133998,7.531600677408471,-0.43421929350501326,-0.5193800000000002,-0.45832209,-0.360646,-0.1023423814957869,-0.03744063593011164,0.9940444342261618,-5.297423663043819,5.359227827359325,13.515183090524497,13.520021952770366,14.07650152098058
05/17/2023 13:13:36.903742,678,True,True,True,True,Eyes,2.003704,0.08162172,-2.168392,-0.5285442,-0.615952,-0.584161,0.0,0.0,0.0,0.0,0.0,0.0,0.0,3.081664,0.1538227,0.2236404,2.151706,0.09704226,-2.220602,-0.1462707,0.859743,-0.2753228,-0.4045297,36.28167,229.7263,357.9556,0.6711178,0.02694694,-0.7408606,0.0,0.0,0.0,1.627466,-0.3599465,-2.578767,0.09235573,-0.003446847,0.7064509,-0.6299213,-0.0287579,0.7761264,-0.4742628,0.8056045,-0.355072,-0.6150399,-0.5917553,-0.5211063,moving,-5.9005924000955625,-2.196591658165704,7.44815103540202,-0.2795498153169081,-0.5242399999999998,-0.45698876,-0.35816500000000007,-0.10272807457058325,-0.03812558725541265,0.9939785178111704,-5.315446209323595,5.345446080704856,13.480705982053454,13.485696153108778,13.948117918050055
05/17/2023 13:13:36.913573,679,True,True,True,True,Eyes,2.009774,0.08213621,-2.17093,-0.5372721,-0.6118633,-0.5804844,0.0,0.0,0.0,0.0,0.0,0.0,0.0,3.083369,0.1730735,0.252995,2.156191,0.09827226,-2.22313,-0.1464789,0.8585727,-0.2713086,-0.40962,35.86503,230.3414,357.9309,0.6718494,0.02701586,-0.7401947,0.0,0.0,0.0,1.627466,-0.3577529,-2.578764,0.09137839,-0.001790136,0.7068276,-0.6215107,-0.02925873,0.782859,-0.4737924,0.8098711,-0.345875,-0.623895,-0.5858777,-0.5172062,moving,-5.894538593391931,-2.316144355405942,7.366318534789879,-0.14510896045710783,-0.5287250000000001,-0.45602516,-0.3556340000000002,-0.10261471383651327,-0.040200004224019203,0.9939086105539581,-5.335935125755347,5.298975225486353,13.4318456392983,13.437400286520118,13.819743148136807
05/17/2023 13:13:36.933726,680,True,True,True,True,Eyes,2.015768,0.08267047,-2.173476,-0.5459877,-0.6076683,-0.5767466,0.0,0.0,0.0,0.0,0.0,0.0,0.0,3.084805,0.1934935,0.2825639,2.160768,0.09947504,-2.225868,-0.1467729,0.8574104,-0.2669237,-0.4147977,35.41455,230.9543,357.8728,0.6725755,0.02708968,-0.7395322,0.0,0.0,0.0,1.627465,-0.3553295,-2.578761,0.09018609,-0.0002948046,0.7066026,-0.6128015,-0.03025063,0.789658,-0.4731278,0.814419,-0.3359641,-0.6329493,-0.5794883,-0.5133895,moving,-5.886735049204855,-2.4664865272716656,7.273529132452361,-0.023904608305970333,-0.5333030000000001,-0.45480454000000003,-0.3528929999999999,-0.10246822273714601,-0.04280849125321033,0.9938147052612247,-5.361612864059558,5.240523818198715,13.378681346884562,13.385019976147515,13.687988162246846
05/17/2023 13:13:36.953426,681,True,True,True,True,Eyes,2.021701,0.08320597,-2.176054,-0.5545014,-0.6034153,-0.5730778,0.0,0.0,0.0,0.0,0.0,0.0,0.0,3.085515,0.2173888,0.3108699,2.165016,0.1004171,-2.228658,-0.1475774,0.8562259,-0.2621489,-0.4199717,34.95088,231.539,357.7255,0.6732948,0.02716855,-0.7388744,0.0,0.0,0.0,1.627465,-0.3530019,-2.578758,0.08920948,0.001805902,0.7067273,-0.6036897,-0.03252895,0.7965559,-0.4729095,0.8189977,-0.3249606,-0.6418069,-0.5728741,-0.5098037,moving,-5.867037564996289,-2.6353602815917325,7.194338983203631,0.14640772701012347,-0.5375510000000001,-0.45341899999999996,-0.3501000000000003,-0.10211328189077368,-0.04573915219068374,0.9937206847737765,-5.385416959345545,5.174150907087518,13.346973060496913,13.354317301440295,13.547267660267
05/17/2023 13:13:36.964132,682,True,True,True,True,Eyes,2.02756,0.08373486,-2.178651,-0.5629472,-0.5991177,-0.5693403,0.0,0.0,0.0,0.0,0.0,0.0,0.0,3.085952,0.2441037,0.3370786,2.169338,0.1008822,-2.231614,-0.1489584,0.8549574,-0.2575151,-0.4249062,34.53542,232.0781,357.5046,0.6740063,0.02725202,-0.7382224,0.0,0.0,0.0,1.627464,-0.3507051,-2.578754,0.0879357,0.005649596,0.7072272,-0.5945324,-0.03586676,0.8032714,-0.4735457,0.8229948,-0.3137421,-0.6498352,-0.5669155,-0.5062816,moving,-5.812437068155485,-2.757577931273846,7.087705687073769,0.4576904303384216,-0.5418740000000002,-0.4515873,-0.34714,-0.10115617925978493,-0.04786345566811277,0.9937185027231248,-5.38404888338783,5.123470649456172,13.286401812149625,13.29479724337602,13.315936584369132
05/17/2023 13:13:36.984001,683,True,True,True,True,Eyes,2.033322,0.08425555,-2.181249,-0.5710709,-0.5949028,-0.5656578,0.0,0.0,0.0,0.0,0.0,0.0,0.0,3.085923,0.2729603,0.3616934,2.173523,0.1011943,-2.234683,-0.1508519,0.8535796,-0.2530856,-0.4296432,34.17222,232.583,357.225,0.6747081,0.02733932,-0.7375779,0.0,0.0,0.0,1.627463,-0.3482729,-2.578751,0.08643928,0.009953827,0.708127,-0.5853008,-0.04005529,0.8098261,-0.4750013,0.8263828,-0.3024324,-0.6571124,-0.5616824,-0.5027087,moving,-5.746596013298289,-2.839200811189876,6.959521123670477,0.8053283090485085,-0.5460599999999998,-0.4494672,-0.34406800000000004,-0.10000727251063568,-0.0492848021217686,0.9937653720573538,-5.369595280802997,5.087698225012555,13.208965508530607,13.218472120734564,13.051659029112384
05/17/2023 13:13:37.003932,684,True,True,True,True,Eyes,2.039005,0.08476275,-2.183881,-0.5791189,-0.5907033,-0.5618638,0.0,0.0,0.0,0.0,0.0,0.0,0.0,3.085498,0.3019112,0.3864641,2.177508,0.1015161,-2.23807,-0.1529797,0.8519632,-0.2492043,-0.4343423,33.88425,233.0966,356.9489,0.6753992,0.0274298,-0.7369418,0.0,0.0,0.0,1.627463,-0.3459496,-2.578748,0.08526486,0.01455384,0.7089118,-0.5758879,-0.04418628,0.8163337,-0.4771462,0.8289889,-0.2917346,-0.6638408,-0.5575169,-0.498488,moving,-5.692015086287394,-2.8482830029018005,6.858344873347625,1.1761075006971005,-0.5500449999999999,-0.4474657,-0.34067800000000004,-0.0990597522111975,-0.049447036108193315,0.9938521896290771,-5.346206576453758,5.080620143972397,13.169268069582134,13.179804780112145,12.813910217897801
05/17/2023 13:13:37.013759,685,True,True,True,True,Eyes,2.044564,0.08526746,-2.186475,-0.5867481,-0.5865825,-0.5582542,0.0,0.0,0.0,0.0,0.0,0.0,0.0,3.084784,0.3272914,0.4125714,2.181367,0.1016621,-2.241545,-0.1546476,0.8502199,-0.2458717,-0.4390415,33.63384,233.6425,356.7589,0.6760786,0.0275227,-0.736315,0.0,0.0,0.0,1.627462,-0.3436533,-2.578744,0.08458467,0.01810667,0.7097399,-0.5666535,-0.04707317,0.8226106,-0.4788647,0.8312624,-0.2822965,-0.6705167,-0.5538834,-0.4935796,moving,-5.695987478520564,-2.8247133475572204,6.796283690610908,1.4613956314492669,-0.5539049999999999,-0.44531540000000003,-0.337199,-0.09913066405810383,-0.049037847209690705,0.9938654410743631,-5.343448047650277,5.089963975127245,13.195707764265288,13.207102980708276,12.670422049075077
05/17/2023 13:13:37.033892,686,True,True,True,True,Eyes,2.050036,0.08576769,-2.189106,-0.5943259,-0.5824589,-0.5545434,0.0,0.0,0.0,0.0,0.0,0.0,0.0,3.084294,0.347198,0.4388964,2.18515,0.1021967,-2.245153,-0.1556139,0.8485827,-0.2428504,-0.4435264,33.38039,234.1869,356.6578,0.6767453,0.02761769,-0.7356988,0.0,0.0,0.0,1.627462,-0.3411818,-2.578741,0.08429,0.02162087,0.7112908,-0.5581376,-0.04868143,0.8283194,-0.4795236,0.8336161,-0.2741195,-0.6771559,-0.550195,-0.4886164,moving,-5.7037975028139325,-2.7962065927482924,6.758196855276694,1.741064672430427,-0.5576880000000002,-0.4433785,-0.3335879999999998,-0.09926853723286477,-0.048542683973653744,0.9938759446892061,-5.341496993820471,5.101462065487328,13.249911929061481,13.262282379549122,12.5576614813883
05/17/2023 13:13:37.053849,687,True,True,True,True,Eyes,2.05542,0.08625664,-2.191774,-0.6018556,-0.5783538,-0.5507056,0.0,0.0,0.0,0.0,0.0,0.0,0.0,3.083418,0.3651873,0.4652073,2.188606,0.1025532,-2.248719,-0.1562744,0.846994,-0.2398131,-0.4479612,33.11015,234.7323,356.5865,0.677399,0.02771454,-0.7350932,0.0,0.0,0.0,1.627461,-0.3389829,-2.578737,0.08356464,0.02649352,0.7133502,-0.5498183,-0.04987312,0.8337941,-0.4795809,0.8361359,-0.2662308,-0.6838874,-0.5462502,-0.483641,moving,-5.712451850416508,-2.783944356128961,6.681401069604573,2.12696305796115,-0.561145,-0.4415361,-0.3300179999999999,-0.09941968374590199,-0.04832924200994196,0.99387119384142,-5.343098221433843,5.106755083254091,13.317279859629915,13.331339086261375,12.388209867215796
05/17/2023 13:13:37.069547,688,True,True,True,True,Eyes,2.06072,0.08673089,-2.194491,-0.6091758,-0.5743605,-0.5468225,0.0,0.0,0.0,0.0,0.0,0.0,0.0,3.081707,0.384732,0.4930928,2.191922,0.1027402,-2.252331,-0.1571644,0.8451432,-0.236945,-0.4526473,32.87342,235.3155,356.5085,0.6780382,0.0278126,-0.7344999,0.0,0.0,0.0,1.627461,-0.3365828,-2.578734,0.08291054,0.03178653,0.7146583,-0.5408199,-0.05114783,0.839582,-0.4801578,0.8383128,-0.2582248,-0.6906248,-0.5427849,-0.4779353,moving,-5.761372343309937,-2.7531044249056635,6.617542992473546,2.546719828466445,-0.5644609999999999,-0.439323,-0.326403,-0.10027084424341554,-0.04779017421158273,0.9938117743394266,-5.359641295249314,5.121847249773192,13.449580932450127,13.465722483666694,12.250886690278435
05/17/2023 13:13:37.085685,689,True,True,True,True,Eyes,2.065945,0.0871904,-2.197276,-0.6163036,-0.5705248,-0.5428365,0.0,0.0,0.0,0.0,0.0,0.0,0.0,3.079048,0.4059856,0.5230558,2.195116,0.1028218,-2.256068,-0.1583597,0.8429207,-0.2344649,-0.4576388,32.69818,235.9499,356.4321,0.6786616,0.02791121,-0.7339202,0.0,0.0,0.0,1.62746,-0.3344068,-2.578731,0.08481547,0.03058806,0.7167839,-0.5309778,-0.0523688,0.8457658,-0.4815696,0.8398969,-0.2503275,-0.6972467,-0.5402136,-0.4711859,moving,-5.8602077828889865,-2.6793066049965324,6.748305520890477,2.443559421001748,-0.5676560000000002,-0.4372286,-0.3226629999999999,-0.1019912394085154,-0.04650191916954172,0.9936978912716452,-5.390826202542615,5.156766870797275,13.594020530589082,13.609495363602251,12.43864999364825
05/17/2023 13:13:37.103965,690,True,True,True,True,Eyes,2.071079,0.08763763,-2.20011,-0.6233956,-0.5667378,-0.5386894,0.0,0.0,0.0,0.0,0.0,0.0,0.0,3.075662,0.4293733,0.5535772,2.198259,0.1028804,-2.259997,-0.1599018,0.8405014,-0.2320353,-0.4627619,32.55064,236.5989,356.3241,0.6792689,0.02800992,-0.7333544,0.0,0.0,0.0,1.62746,-0.3320447,-2.578728,0.08451651,0.03090356,0.7177862,-0.5205655,-0.05404117,0.8521096,-0.4835494,0.8411821,-0.242059,-0.7036982,-0.5380447,-0.4640219,moving,-5.968500672730254,-2.587015879213001,6.715432680506471,2.465289422230354,-0.5707990000000003,-0.4349251,-0.3187310000000001,-0.10387686470564822,-0.044892424788509355,0.9935765420419769,-5.422769268639397,5.199433371788944,13.63794093046683,13.653129830494679,12.442326538680632
05/17/2023 13:13:37.113539,691,True,True,True,True,Eyes,2.07612,0.08806705,-2.20298,-0.6302659,-0.5630133,-0.5345847,0.0,0.0,0.0,0.0,0.0,0.0,0.0,3.071786,0.4539499,0.5833995,2.201288,0.1030088,-2.264071,-0.1615856,0.8381318,-0.2292228,-0.4678484,32.37329,237.2295,356.1725,0.679858,0.02810813,-0.7328045,0.0,0.0,0.0,1.627459,-0.3296627,-2.578724,0.08446857,0.0322592,0.718917,-0.5100159,-0.05637703,0.8583153,-0.4853431,0.842694,-0.2330428,-0.7101589,-0.535433,-0.4571495,moving,-6.070834882688547,-2.534399190370369,6.701197442825913,2.569249279780776,-0.5738289999999999,-0.4326715,-0.31465299999999985,-0.10565561478239749,-0.043971680081713524,0.9934300501643462,-5.459691185934414,5.226419421685531,13.738361998745034,13.75398260253598,12.447801629369836
05/17/2023 13:13:37.133689,692,True,True,True,True,Eyes,2.081069,0.08847031,-2.205906,-0.6371008,-0.5592784,-0.5303868,0.0,0.0,0.0,0.0,0.0,0.0,0.0,3.068243,0.4767585,0.6123152,2.204462,0.1030534,-2.268495,-0.1629361,0.8359662,-0.2260691,-0.4727635,32.14289,237.8339,356.0272,0.6804293,0.02820543,-0.7322704,0.0,0.0,0.0,1.627459,-0.3274089,-2.578721,0.08363277,0.03614978,0.720206,-0.4998931,-0.05866374,0.8640981,-0.4861725,0.8446892,-0.2239117,-0.7167589,-0.5320325,-0.4507751,moving,-6.149202198020797,-2.5315429980687694,6.6237142692615985,2.8734737384717306,-0.5770029999999999,-0.4304623,-0.31022599999999967,-0.10701456241682339,-0.043915739283373126,0.9932870717750087,-5.495255721186105,5.23265734710656,13.85198419833344,13.869448475064058,12.346464308806114
05/17/2023 13:13:37.143856,693,True,True,True,True,Eyes,2.085912,0.08883926,-2.208853,-0.6436785,-0.5555761,-0.5263205,0.0,0.0,0.0,0.0,0.0,0.0,0.0,3.064634,0.4996501,0.6377459,2.207274,0.1027947,-2.272821,-0.164335,0.8340914,-0.222537,-0.4772455,31.87638,238.3632,355.8312,0.680981,0.02830093,-0.7317536,0.0,0.0,0.0,1.627458,-0.3249964,-2.578718,0.082093,0.04119101,0.7214457,-0.4904619,-0.06173123,0.8692738,-0.4865502,0.8469427,-0.214376,-0.7229915,-0.5280885,-0.4454285,moving,-6.178552592429476,-2.5670425601826747,6.491740028800345,3.26776019155928,-0.5798159999999999,-0.42779110000000004,-0.30589699999999986,-0.10752045928871684,-0.04452871499688346,0.9932052292194095,-5.515696212721828,5.220900287064689,13.929165493873798,13.949237909625255,12.165248921698685
05/17/2023 13:13:37.163764,694,True,True,True,True,Eyes,2.090668,0.0891782,-2.211864,-0.6502314,-0.5518691,-0.522149,0.0,0.0,0.0,0.0,0.0,0.0,0.0,3.060225,0.524819,0.6636119,2.210055,0.1024162,-2.277269,-0.1659899,0.8321264,-0.2186795,-0.4818637,31.59469,238.8997,355.5896,0.6815127,0.02839366,-0.7312549,0.0,0.0,0.0,1.627458,-0.322725,-2.578715,0.07982042,0.04698327,0.7231218,-0.4805098,-0.06550156,0.87454,-0.4869964,0.8492533,-0.203969,-0.7293457,-0.5239069,-0.4399736,moving,-6.209339161906834,-2.624042928110359,6.298984712168915,3.7174438109034194,-0.582597,-0.4251412,-0.3014459999999999,-0.10804930929441076,-0.04551414924595472,0.9931030985054812,-5.540985279442798,5.200951248881379,14.00082483647374,14.02400157586489,11.932547243602341
05/17/2023 13:13:37.184333,695,True,True,True,True,Eyes,2.095336,0.08948012,-2.214938,-0.6566032,-0.5482421,-0.5179795,0.0,0.0,0.0,0.0,0.0,0.0,0.0,3.055493,0.5500689,0.6893682,2.212775,0.1020061,-2.281899,-0.1677252,0.8300786,-0.2149708,-0.4864418,31.33642,239.436,355.3456,0.6820249,0.02848313,-0.7307737,0.0,0.0,0.0,1.627457,-0.3202883,-2.578711,0.07793435,0.05169705,0.7249663,-0.4704854,-0.06930862,0.8796816,-0.4875916,0.8513117,-0.1937082,-0.7354576,-0.5200623,-0.434324,moving,-6.249219302764735,-2.6657652280683366,6.13577027588246,4.078834223828809,-0.5853180000000002,-0.4222944,-0.2968120000000001,-0.10873692317288775,-0.04623381861725005,0.9929947836911633,-5.567490778378851,5.187486281861546,14.076687889321459,14.102396556249968,11.755655179102941
05/17/2023 13:13:37.203878,696,True,True,True,True,Eyes,2.099929,0.08975171,-2.218084,-0.6629359,-0.5446262,-0.5137103,0.0,0.0,0.0,0.0,0.0,0.0,0.0,3.050728,0.5735461,0.7152317,2.21542,0.1014424,-2.286717,-0.1692359,0.8280074,-0.2114723,-0.4909608,31.08958,239.9773,355.1363,0.6825157,0.02856824,-0.730312,0.0,0.0,0.0,1.627457,-0.317926,-2.578708,0.07645142,0.05541506,0.726697,-0.4606334,-0.0726079,0.8846157,-0.4879063,0.8532774,-0.1840249,-0.7414609,-0.5163776,-0.4284739,moving,-6.294640831537067,-2.694693490997255,6.005652711886574,4.360711756633797,-0.587963,-0.4193684,-0.2919909999999999,-0.1095215564265804,-0.04673112067272854,0.9928852947848058,-5.594059142570709,5.1793152185486475,14.152425155710127,14.180125685715522,11.628560819563864
05/17/2023 13:13:37.213621,697,True,True,True,True,Eyes,2.104443,0.09000533,-2.221312,-0.6690757,-0.5410726,-0.5094882,0.0,0.0,0.0,0.0,0.0,0.0,0.0,3.046553,0.5942653,0.7402277,2.218256,0.1009608,-2.291664,-0.1704799,0.8260075,-0.208376,-0.4952047,30.86955,240.4971,354.9699,0.6829849,0.02864846,-0.7298701,0.0,0.0,0.0,1.627456,-0.3156809,-2.578705,0.075555,0.05864333,0.7283251,-0.4514177,-0.07525779,0.8891334,-0.4880129,0.8550321,-0.1753953,-0.7470376,-0.5130851,-0.4227034,moving,-6.336704443007079,-2.696290383342237,5.922565670939339,4.603414394434168,-0.5907999999999998,-0.4166417,-0.2870409999999999,-0.11025033423196295,-0.04675500556367987,0.9928035606286726,-5.613757848234472,5.181457179786921,14.238572600040305,14.267984916216847,11.55079624098448
05/17/2023 13:13:37.233679,698,True,True,True,True,Eyes,2.108867,0.09023902,-2.224613,-0.6752057,-0.5374849,-0.5051804,0.0,0.0,0.0,0.0,0.0,0.0,0.0,3.042595,0.6118989,0.7648795,2.220797,0.1007643,-2.296683,0.1712908,-0.8241749,0.2051251,0.4993186,30.60891,241.0037,354.8336,0.6834323,0.02872373,-0.7294482,0.0,0.0,0.0,1.627455,-0.3132592,-2.578701,0.07465059,0.06112041,0.7299552,-0.4426808,-0.07750151,0.8933237,-0.4871926,0.8571663,-0.1670606,-0.7527795,-0.5091752,-0.4172093,moving,-6.364743952247795,-2.731527871717433,5.839187877627151,4.786309831999501,-0.593342,-0.4140235,-0.2820180000000003,-0.11073300079419734,-0.047363021762619625,0.9927209770571414,-5.633543102009646,5.169715187433947,14.302857782674824,14.333660936678486,11.479135672936954
05/17/2023 13:13:37.243771,699,True,True,True,True,Eyes,2.113204,0.0904559,-2.227988,-0.6812142,-0.5339528,-0.5008408,0.0,0.0,0.0,0.0,0.0,0.0,0.0,3.038205,0.6288577,0.7902491,2.2231,0.1004827,-2.30182,0.1719292,-0.8223312,0.2016527,0.5035354,30.31778,241.5246,354.7034,0.6838576,0.02879395,-0.7290468,0.0,0.0,0.0,1.627455,-0.3108867,-2.578698,0.07377452,0.06182593,0.7315698,-0.433785,-0.07968683,0.8974857,-0.485844,0.8595531,-0.1585059,-0.7588058,-0.5047954,-0.4115767,moving,-6.406398271411517,-2.8037700555158818,5.758475347424281,4.830663358292831,-0.595645,-0.4113694,-0.27687799999999996,-0.1114479901420754,-0.04861075780494037,0.9925805889564037,-5.66680915483968,5.144604567134046,14.330736737619581,14.362058477534692,11.429596888791911
05/17/2023 13:13:37.263619,700,True,True,True,True,Eyes,2.117451,0.09064911,-2.231438,-0.6872337,-0.5303864,-0.496387,0.0,0.0,0.0,0.0,0.0,0.0,0.0,3.033647,0.64588,0.8152351,2.225384,0.100301,-2.307029,0.1726124,-0.8205006,0.198105,0.5076794,30.02341,242.0334,354.5582,0.6842602,0.02885909,-0.7286663,0.0,0.0,0.0,1.627454,-0.3085891,-2.578695,0.07265198,0.06135365,0.7332062,-0.4249335,-0.08210944,0.9014933,-0.4844047,0.8619187,-0.149827,-0.7647117,-0.500354,-0.4060323,moving,-6.433540699179763,-2.8771077585309808,5.658855501576846,4.783285599394315,-0.5979300000000001,-0.40889010000000003,-0.2716660000000002,-0.11191118664662181,-0.04987859394058286,0.9924655952019219,-5.693599774258655,5.1181204550811845,14.283575935799885,14.314596476122507,11.35739209371712
05/17/2023 13:13:37.283730,701,True,True,True,True,Eyes,2.12161,0.09082156,-2.234958,-0.6931188,-0.5268872,-0.4919108,0.0,0.0,0.0,0.0,0.0,0.0,0.0,3.027886,0.6630311,0.8432746,2.227509,0.09988838,-2.312366,0.1731944,-0.8183783,0.1945749,0.5122512,29.72976,242.6109,354.44,0.684639,0.02891876,-0.7283081,0.0,0.0,0.0,1.627454,-0.3063068,-2.578691,0.07145023,0.06056853,0.735126,-0.4152051,-0.08413467,0.9058292,-0.4828196,0.8642886,-0.1410337,-0.771032,-0.4959098,-0.399479,moving,-6.524110314377719,-2.9628926452982753,5.5513995423537,4.710077282434158,-0.600055,-0.40619518,-0.26632500000000014,-0.11347137499062859,-0.0513553413725706,0.992213134142137,-5.7520486576193885,5.0909971864747785,14.276303615065201,14.30707537590768,11.309864772965643
05/17/2023 13:13:37.293984,702,True,True,True,True,Eyes,2.125685,0.09096857,-2.238557,-0.6990187,-0.5233704,-0.487295,0.0,0.0,0.0,0.0,0.0,0.0,0.0,3.022191,0.6786468,0.8712583,2.229628,0.09957608,-2.317787,0.1736417,-0.8162352,0.1913004,0.5167329,29.45534,243.1863,354.3476,0.6849932,0.0289728,-0.7279728,0.0,0.0,0.0,1.627453,-0.3038282,-2.578688,0.06968069,0.06073003,0.7366342,-0.4056715,-0.08576241,0.9099865,-0.4811673,0.8665055,-0.1328396,-0.7771157,-0.4917449,-0.3927827,moving,-6.611283478408054,-3.025265940128433,5.403720165950884,4.7129540022700755,-0.6021749999999999,-0.40340428,-0.26090100000000005,-0.11497445352436036,-0.052426335372554214,0.9919841177997907,-5.804373377856714,5.072673786108947,14.260424921786974,14.291268678843476,11.213864597435919
05/17/2023 13:13:37.314146,703,True,True,True,True,Eyes,2.129687,0.09109801,-2.242261,-0.7048419,-0.5199146,-0.4825833,0.0,0.0,0.0,0.0,0.0,0.0,0.0,3.015646,0.694357,0.9012501,2.231753,0.09907776,-2.323352,0.1740432,-0.8138701,0.1881168,0.5214753,29.19108,243.806,354.274,0.685324,0.02902113,-0.7276596,0.0,0.0,0.0,1.627453,-0.3016606,-2.578685,0.0677734,0.06053598,0.7385181,-0.3955449,-0.0871006,0.9143072,-0.4794937,0.868642,-0.1246869,-0.7833454,-0.4877238,-0.3853512,moving,-6.737213246562818,-3.0869570193833233,5.243316002768145,4.686031581575221,-0.6042999999999998,-0.40073836,-0.25533300000000025,-0.11714787420165712,-0.05348070457896888,0.9916733971098698,-5.874428767515455,5.0571539015450035,14.250389702674594,14.28119157790085,11.12393727749074
05/17/2023 13:13:37.333816,704,True,True,True,True,Eyes,2.133594,0.09120785,-2.246045,-0.7106919,-0.5163954,-0.4777581,0.0,0.0,0.0,0.0,0.0,0.0,0.0,3.009684,0.7071216,0.9300599,2.233733,0.09869482,-2.328931,0.1740501,-0.811735,0.1847973,0.5259687,28.88824,244.3931,354.2205,0.6856288,0.02906355,-0.7273696,0.0,0.0,0.0,1.627452,-0.2992537,-2.578681,0.06572121,0.06009576,0.740277,-0.3861273,-0.08816981,0.9182223,-0.4769602,0.871113,-0.1169231,-0.7895664,-0.4831026,-0.378414,moving,-6.8297852984609815,-3.1756997806443628,5.073373137356092,4.641099625903403,-0.6062810000000001,-0.39794852000000003,-0.24975000000000014,-0.11874010315089334,-0.055006121392277146,0.9914005762029157,-5.934376559511931,5.0290219727133145,14.209623066886182,14.240348791738516,11.014582930644835
05/17/2023 13:13:37.343611,705,True,True,True,True,Eyes,2.137436,0.09129945,-2.249974,-0.7164757,-0.5128839,-0.4728771,0.0,0.0,0.0,0.0,0.0,0.0,0.0,3.002777,0.7215109,0.9593811,2.23543,0.09828822,-2.334707,0.17422,-0.8095255,0.181013,0.5306128,28.552,244.9894,354.1207,0.6859085,0.02910011,-0.7271035,0.0,0.0,0.0,1.627452,-0.2968871,-2.578678,0.06365502,0.05842547,0.7421424,-0.3761946,-0.08997536,0.9221615,-0.4741667,0.8737633,-0.1081826,-0.7960171,-0.477956,-0.3713685,moving,-6.925894546644583,-3.306228660639649,4.902373730737041,4.501350134471404,-0.6079780000000001,-0.39517532,-0.24397100000000016,-0.1203877060039873,-0.05725310387583575,0.991074647851407,-6.004091259776684,4.98501810476069,14.142343503338983,14.17272793373175,10.917184311661378
05/17/2023 13:13:37.363610,706,True,True,True,True,Eyes,2.141189,0.09136476,-2.253977,-0.7222925,-0.5092414,-0.4679388,0.0,0.0,0.0,0.0,0.0,0.0,0.0,2.996083,0.7345984,0.9882748,2.237192,0.09773125,-2.340567,0.1741068,-0.8074958,0.1767713,0.5351536,28.15327,245.5646,354.0118,0.6861621,0.02913076,-0.7268624,0.0,0.0,0.0,1.627451,-0.2945744,-2.578675,0.06177038,0.05533135,0.7439276,-0.3665953,-0.09198154,0.9258227,-0.4703806,0.8768775,-0.09913635,-0.8027144,-0.4718319,-0.3647256,moving,-6.997221605113965,-3.4887042127619203,4.746539838811199,4.253674986904567,-0.6097409999999999,-0.39230565,-0.238108,-0.12159879521005806,-0.060400196160395034,0.9907398896193181,-6.072498486468681,4.919370144701187,14.036428143116531,14.066284815943815,10.839499080999488
05/17/2023 13:13:37.383961,707,True,True,True,True,Eyes,2.144841,0.09140015,-2.258066,-0.728022,-0.5056635,-0.4629129,0.0,0.0,0.0,0.0,0.0,0.0,0.0,2.990917,0.7426581,1.015195,2.238875,0.09710009,-2.346436,0.1733139,-0.8058371,0.1725361,0.5392774,27.71025,246.0896,353.9547,0.6863896,0.02915525,-0.7266462,0.0,0.0,0.0,1.627451,-0.2923166,-2.578672,0.06007481,0.05177402,0.7457272,-0.358284,-0.09323587,0.9289452,-0.465415,0.8803872,-0.09114341,-0.8093336,-0.4650003,-0.3588221,moving,-7.02415818235402,-3.706114746448051,4.605727138485678,3.9715331811747485,-0.6114240000000002,-0.38941669,-0.2322359999999999,-0.12203590229932448,-0.06415567590537494,0.9904500232226632,-6.127247975826053,4.837348794818976,13.906065103834905,13.935584317724654,10.767840613663681
05/17/2023 13:13:37.393788,708,True,True,True,True,Eyes,2.148369,0.0914824,-2.262231,-0.7337429,-0.5019951,-0.4578452,0.0,0.0,0.0,0.0,0.0,0.0,0.0,2.985361,0.7510858,1.041565,2.240087,0.09637409,-2.352465,0.1727023,-0.8040448,0.1686255,0.5433702,27.31277,246.6171,353.8967,0.6865905,0.02917326,-0.7264555,0.0,0.0,0.0,1.62745,-0.2899022,-2.578668,0.05841717,0.04828861,0.7470533,-0.3498452,-0.09446856,0.932032,-0.460973,0.8834787,-0.08348233,-0.8155441,-0.4588475,-0.3526282,moving,-7.05855029442153,-3.8735093119989523,4.471247348092148,3.6983838866250682,-0.6126369999999999,-0.38627628999999997,-0.22620299999999993,-0.12260706666116705,-0.06704432746961449,0.9901881216447466,-6.175694764454893,4.775091660964948,13.764678413275533,13.793831965363456,10.70124646848448
05/17/2023 13:13:37.413711,709,True,True,True,True,Eyes,2.15174,0.09169591,-2.266434,-0.739274,-0.4984657,-0.4527758,0.0,0.0,0.0,0.0,0.0,0.0,0.0,2.980731,0.7564838,1.0658,2.240713,0.09752584,-2.358526,0.1720892,-0.8024241,0.1649815,0.5470667,26.9401,247.0929,353.8397,0.6867641,0.02918699,-0.7262907,0.0,0.0,0.0,1.62745,-0.2876079,-2.578665,0.05732805,0.04576787,0.7480845,-0.3422067,-0.09566525,0.9347421,-0.4566887,0.8863329,-0.07648179,-0.8211759,-0.4530587,-0.3469983,moving,-7.056949016988667,-4.01902099360174,4.382189463099054,3.500996680124551,-0.6132629999999999,-0.38513374,-0.22013900000000008,-0.12255824489424744,-0.06955927298336577,0.9900207120907103,-6.203290632786504,4.71890843524809,13.660444222453037,13.689578334622999,10.65531313024903
05/17/2023 13:13:37.433748,710,True,True,True,True,Eyes,2.15502,0.0918637,-2.270723,-0.7447171,-0.4950817,-0.4475383,0.0,0.0,0.0,0.0,0.0,0.0,0.0,2.973773,0.767226,1.090688,2.240617,0.1009756,-2.364529,0.1726876,-0.800357,0.1613929,0.550963,26.65599,247.5851,353.6672,0.6869099,0.02920113,-0.7261523,0.0,0.0,0.0,1.627449,-0.2851743,-2.578661,0.05653051,0.04412761,0.7487695,-0.3332379,-0.09858044,0.9376752,-0.4542663,0.8882627,-0.0680549,-0.826193,-0.4486327,-0.3407846,moving,-7.064278352673948,-4.102780206062672,4.3175191430941275,3.372739950166215,-0.6131679999999999,-0.3861499,-0.21413199999999977,-0.1226723541842939,-0.07100547335402113,0.989903881670763,-6.222978364117728,4.687109211545439,13.588104299702927,13.617221296610289,10.622130400950551
05/17/2023 13:13:37.453335,711,True,True,True,True,Eyes,2.158225,0.09203535,-2.275032,-0.7497599,-0.4920957,-0.4423822,0.0,0.0,0.0,0.0,0.0,0.0,0.0,2.967076,0.7769021,1.117933,2.241759,0.1000476,-2.370947,0.1729994,-0.7975072,0.1610131,0.5550933,26.67183,248.1971,353.7565,0.6870278,0.02921419,-0.7260403,0.0,0.0,0.0,1.627449,-0.2829245,-2.578658,0.05572605,0.04312292,0.749263,-0.3238857,-0.09718197,0.941092,-0.4546911,0.888292,-0.06475658,-0.8296713,-0.4488798,-0.3318929,moving,-7.235676194770828,-3.9053446515166534,4.2535127887006166,3.2939550522121777,-0.6143100000000001,-0.38297210000000004,-0.20771099999999976,-0.12566312916538164,-0.06756846245628632,0.9897693556243284,-6.2635337457892355,4.7744338229137835,13.530734825403414,13.558443115713235,10.620738448861413
05/17/2023 13:13:37.463579,712,True,True,True,True,Eyes,2.16133,0.09222812,-2.279387,-0.7546639,-0.4892415,-0.4371786,0.0,0.0,0.0,0.0,0.0,0.0,0.0,2.966141,0.778636,1.134164,2.243339,0.1004478,-2.376539,0.172942,-0.7957179,0.1621371,0.5573469,26.79554,248.5686,353.9233,0.6871191,0.02922643,-0.7259536,0.0,0.0,0.0,1.627448,-0.2806019,-2.578655,0.05456471,0.04265551,0.7495322,-0.3189106,-0.09449278,0.9430625,-0.4559592,0.8876053,-0.06525336,-0.8309013,-0.4508081,-0.3261516,moving,-7.216858569941359,-3.5615136092121142,4.163693469118358,3.257161436663215,-0.6158910000000002,-0.38104970000000005,-0.20211599999999974,-0.12538633979502617,-0.0616298633678055,0.9901919012582823,-6.18790990225892,4.9057081665722375,13.242344895364274,13.266924816813775,10.482051262944823
05/17/2023 13:13:37.483794,713,True,True,True,True,Eyes,2.164327,0.09245014,-2.283777,-0.7593395,-0.4865823,-0.4320201,0.0,0.0,0.0,0.0,0.0,0.0,0.0,2.963166,0.7829328,1.151861,2.244055,0.1011517,-2.38204,0.1731022,-0.7938193,0.1622353,0.5599698,26.8358,248.9688,354.0091,0.687184,0.02923863,-0.7258918,0.0,0.0,0.0,1.627447,-0.2782563,-2.578652,0.0535531,0.04169828,0.7499276,-0.3129387,-0.09313009,0.9451962,-0.4565175,0.8874307,-0.06370696,-0.832863,-0.451435,-0.3202268,moving,-7.216003734883144,-3.330309037751287,4.084616652698855,3.1825443541658363,-0.6166079999999998,-0.379408,-0.196612,-0.12540156629165977,-0.057633563974925486,0.9904307129793062,-6.142495921327031,4.994755282233298,13.020684485102153,13.043054874102168,10.386430573089367
05/17/2023 13:13:37.493897,714,True,True,True,True,Eyes,2.167233,0.09266753,-2.2882,-0.7639546,-0.4839338,-0.4268271,0.0,0.0,0.0,0.0,0.0,0.0,0.0,2.960003,0.7889605,1.167647,2.244492,0.1020938,-2.387322,0.1733632,-0.792292,0.1609384,0.562421,26.74539,249.3065,353.9785,0.6872229,0.02925176,-0.7258547,0.0,0.0,0.0,1.627447,-0.2758017,-2.578648,0.05231166,0.04060259,0.7500138,-0.3072558,-0.09367817,0.947005,-0.4557388,0.888088,-0.0600143,-0.8354018,-0.4500267,-0.3155629,moving,-7.142587971994572,-3.235086224506232,3.9897815574998705,3.098727552048779,-0.6170450000000001,-0.3778955,-0.19132599999999966,-0.12414394734568834,-0.055996355090596736,0.9906829036033722,-6.090115764397933,5.026640282478713,12.787120796094628,12.808077462964313,10.262610657925025
05/17/2023 13:13:37.517336,715,True,True,True,True,Eyes,2.170036,0.09290953,-2.292654,-0.7684662,-0.4814505,-0.4215035,0.0,0.0,0.0,0.0,0.0,0.0,0.0,2.954665,0.7974847,1.187418,2.245206,0.1021795,-2.392614,0.1736169,-0.7904485,0.1590174,0.5654747,26.59891,249.7214,353.925,0.6872364,0.02926562,-0.7258416,0.0,0.0,0.0,1.627446,-0.2735723,-2.578645,0.05056,0.03983188,0.7500541,-0.3001907,-0.09462979,0.9491736,-0.4543111,0.8891413,-0.05503817,-0.8387411,-0.4477421,-0.3099033,moving,-7.124556050484257,-3.221056040760524,3.8563869341368626,3.039856505492577,-0.6177600000000001,-0.37575179999999997,-0.18603099999999984,-0.1238338355533184,-0.055755943761969684,0.9907353536198786,-6.07907263030175,5.030865287144659,12.620032687032072,12.640416715572682,10.1329893281899
05/17/2023 13:13:37.533846,716,True,True,True,True,Eyes,2.172759,0.09315547,-2.297141,-0.7729019,-0.4790107,-0.4161386,0.0,0.0,0.0,0.0,0.0,0.0,0.0,2.948525,0.8071658,1.207425,2.245565,0.1030371,-2.397917,0.1742022,-0.7884402,0.1572302,0.5685899,26.48942,250.1461,353.8492,0.6872248,0.02928095,-0.7258522,0.0,0.0,0.0,1.627446,-0.2711889,-2.578642,0.04818472,0.03999144,0.749844,-0.2927185,-0.09589712,0.9513779,-0.453495,0.8898646,-0.04983393,-0.8418185,-0.4460324,-0.3039687,moving,-7.118067662885178,-3.1778559014220975,3.6767520252225507,3.052864228343061,-0.6181190000000001,-0.374226,-0.1807249999999998,-0.12372676009159428,-0.05500966487570791,0.9907903702375995,-6.067670135956375,5.047088712429613,12.444047056142406,12.463948228158644,9.94639103133419
05/17/2023 13:13:37.543688,717,True,True,True,True,Eyes,2.1754,0.09341869,-2.301655,-0.7772685,-0.4765694,-0.4107741,0.0,0.0,0.0,0.0,0.0,0.0,0.0,2.943104,0.8151998,1.227312,2.246414,0.103366,-2.403257,0.1745355,-0.7864577,0.1559103,0.5715891,26.4079,250.5691,353.8279,0.687189,0.02929775,-0.7258856,0.0,0.0,0.0,1.627445,-0.2688496,-2.578638,0.04571679,0.04045404,0.7495447,-0.2856471,-0.09629623,0.9534848,-0.4527626,0.8904588,-0.04570852,-0.8446373,-0.4447587,-0.2979563,moving,-7.118924889321872,-3.1004775556955506,3.4903031401371694,3.089340921548952,-0.6189690000000001,-0.37221560000000004,-0.17538100000000023,-0.12375061839555429,-0.05367138887311379,0.9908608589517345,-6.052998193368348,5.076965486394653,12.263597098516916,12.282897547496553,9.74808964632898
05/17/2023 13:13:37.563720,718,True,True,True,True,Eyes,2.177958,0.09369726,-2.306175,-0.7815315,-0.474211,-0.4053795,0.0,0.0,0.0,0.0,0.0,0.0,0.0,2.939231,0.8194733,1.245126,2.247075,0.1040227,-2.408481,0.1743697,-0.7848964,0.1542832,0.574221,26.26006,250.9347,353.8202,0.6871295,0.02931643,-0.7259414,0.0,0.0,0.0,1.627445,-0.2664974,-2.578635,0.04350613,0.04043713,0.7491684,-0.2797314,-0.0965391,0.9552125,-0.4509096,0.8915838,-0.04193914,-0.8476032,-0.4424461,-0.2929343,moving,-7.065303727319722,-3.0842880560986505,3.3235800155550295,3.089600154977128,-0.6196300000000001,-0.3705201,-0.1701539999999997,-0.1228250583069635,-0.053397596510467604,0.9909908166942295,-6.025130975263296,5.079689692656313,12.066084332260454,12.08494108656835,9.558182544701033
05/17/2023 13:13:37.583664,719,True,True,True,True,Eyes,2.180435,0.09399468,-2.310702,-0.785738,-0.47193,-0.3998725,0.0,0.0,0.0,0.0,0.0,0.0,0.0,2.934174,0.827118,1.262815,2.247744,0.1047072,-2.41348,0.1746202,-0.7833022,0.1520569,0.5769093,26.0843,251.2898,353.7285,0.6870474,0.02933733,-0.7260183,0.0,0.0,0.0,1.627444,-0.2642224,-2.578632,0.04200421,0.03973962,0.7487873,-0.273367,-0.09811451,0.956893,-0.4490068,0.892773,-0.03673307,-0.8506842,-0.439693,-0.2881087,moving,-6.991005408824342,-3.109148190049718,3.2107172262642383,3.0379499860339134,-0.6203000000000001,-0.3689296,-0.16515199999999997,-0.12153702450212911,-0.05383617507457385,0.9911259071019982,-5.995726493121081,5.065238475772944,11.892079691155923,11.910581879559427,9.427009312546463
05/17/2023 13:13:37.598507,720,True,True,True,True,Eyes,2.182843,0.09432387,-2.315238,-0.7898692,-0.4696721,-0.3943536,0.0,0.0,0.0,0.0,0.0,0.0,0.0,2.929325,0.8318978,1.281839,2.248364,0.1055068,-2.418644,0.1744926,-0.7816234,0.1502202,0.5796992,25.92139,251.6757,353.7054,0.6869435,0.02936085,-0.7261157,0.0,0.0,0.0,1.627444,-0.2618726,-2.578629,0.04106639,0.03882204,0.7480043,-0.2670023,-0.09860989,0.9586374,-0.4469399,0.8939725,-0.03252479,-0.8537881,-0.4371375,-0.2827654,moving,-6.950254489792043,-3.1197056348242396,3.1424566197510853,2.9710324326820445,-0.6209200000000001,-0.3673794,-0.15998499999999982,-0.12083083447475551,-0.054023489051676435,0.9912019817024316,-5.978999510496534,5.058498445919775,11.769976823753987,11.788125709698953,9.357268634193126
05/17/2023 13:13:37.613665,721,True,True,True,True,Eyes,2.185179,0.09468896,-2.319786,-0.7939036,-0.4675823,-0.3886951,0.0,0.0,0.0,0.0,0.0,0.0,0.0,2.925458,0.8323752,1.300686,2.24912,0.1065815,-2.423434,0.1739443,-0.7799726,0.1493905,0.5822963,25.82444,252.0622,353.7903,0.6868187,0.02938776,-0.7262326,0.0,0.0,0.0,1.627443,-0.2595265,-2.578625,0.04011072,0.03781603,0.7471383,-0.2613494,-0.09736445,0.9603214,-0.4453226,0.8948517,-0.03046677,-0.8563789,-0.4356152,-0.2772275,moving,-6.916904368767032,-3.0621492500757435,3.073019911638775,2.897524487117936,-0.621677,-0.366108,-0.1551910000000003,-0.12026027088541508,-0.05303145315222611,0.9913249448860803,-5.952420596608089,5.078493717897219,11.61519971817244,11.632553381869242,9.285214222273463
05/17/2023 13:13:37.633891,722,True,True,True,True,Eyes,2.187436,0.09508753,-2.32433,-0.7978674,-0.4655423,-0.3829857,0.0,0.0,0.0,0.0,0.0,0.0,0.0,2.920692,0.8326597,1.320833,2.249661,0.1077951,-2.42812,0.1734659,-0.7780497,0.1491567,0.5850645,25.79039,252.49,353.918,0.6866738,0.02941886,-0.7263682,0.0,0.0,0.0,1.627443,-0.2572196,-2.578622,0.03926653,0.03706755,0.7461804,-0.2552182,-0.09539759,0.9621658,-0.4444627,0.8953238,-0.02912513,-0.8586715,-0.4350801,-0.2709036,moving,-6.92736672145162,-2.946787591716106,3.012318673809017,2.8439097893886873,-0.6222180000000002,-0.3650147,-0.15050200000000036,-0.12045384194683095,-0.051034167863072466,0.9914063007401712,-5.934779722085276,5.1236383947110955,11.487060346351303,11.503456955032759,9.232969848306638
05/17/2023 13:13:37.643535,723,True,True,True,True,Eyes,2.189618,0.09551361,-2.328873,-0.801783,-0.4636151,-0.3771009,0.0,0.0,0.0,0.0,0.0,0.0,0.0,2.914654,0.8339515,1.342253,2.250059,0.1089875,-2.432629,0.1730713,-0.7759771,0.1487235,0.5880369,25.74436,252.9443,354.0297,0.6865097,0.0294548,-0.7265217,0.0,0.0,0.0,1.627442,-0.2548735,-2.578619,0.03849278,0.03655894,0.7450286,-0.2485181,-0.09368892,0.9640858,-0.4435084,0.8958554,-0.02726739,-0.8611268,-0.4343565,-0.2641881,moving,-6.950541715668985,-2.8554943504191943,2.9576241055634345,2.8092802409399487,-0.6226169999999998,-0.363861,-0.1459900000000003,-0.12086446587926764,-0.049451941672188846,0.9914364907397697,-5.927684881381817,5.160340772847643,11.397500052067299,11.413212567544093,9.191093592069668
05/17/2023 13:13:37.663567,724,True,True,True,True,Eyes,2.191719,0.09596725,-2.333416,-0.8056685,-0.4616454,-0.3711896,0.0,0.0,0.0,0.0,0.0,0.0,0.0,2.907368,0.8380189,1.364452,2.25043,0.1100872,-2.437262,0.1729559,-0.7738002,0.147675,0.5911949,25.66085,253.41,354.0742,0.6863271,0.02949598,-0.7266924,0.0,0.0,0.0,1.627442,-0.2525361,-2.578615,0.03816947,0.03640351,0.7440295,-0.2411495,-0.09305722,0.9660162,-0.4422761,0.8965566,-0.02404058,-0.8638511,-0.4330433,-0.2573612,moving,-6.977115681117103,-2.8087165481150698,2.9367572485687528,2.80110599818844,-0.6229880000000001,-0.3626233,-0.14135300000000006,-0.12132912293948561,-0.048639709868526476,0.9914198651087289,-5.930824690029866,5.180110307284031,11.375565856790091,11.391004585504001,9.181158474857943
05/17/2023 13:13:37.683737,725,True,True,True,True,Eyes,2.19374,0.0964569,-2.337963,-0.8095315,-0.4596532,-0.3652092,0.0,0.0,0.0,0.0,0.0,0.0,0.0,2.900012,0.8414091,1.386482,2.250614,0.1111749,-2.441872,0.1726019,-0.7718371,0.1456978,0.594347,25.47268,253.8544,354.0712,0.6861266,0.02954278,-0.7268795,0.0,0.0,0.0,1.627441,-0.2500858,-2.578612,0.03800444,0.03544083,0.7429336,-0.2339205,-0.09325098,0.9677736,-0.4396311,0.8979615,-0.01973903,-0.8671827,-0.4300807,-0.2510477,moving,-6.9706125355279545,-2.8668723237643814,2.9283877374552634,2.731161645974809,-0.6231730000000002,-0.3612607,-0.13674000000000008,-0.12121059058409733,-0.049646713479145246,0.9913845218168902,-5.939151338474241,5.157271549868823,11.356700831302193,11.372255305385812,9.193435621622056
05/17/2023 13:13:37.693766,726,True,True,True,True,Eyes,2.19569,0.09696732,-2.342527,-0.8133869,-0.4575447,-0.3592417,0.0,0.0,0.0,0.0,0.0,0.0,0.0,2.893014,0.8449386,1.407597,2.250766,0.1125206,-2.446666,0.1722234,-0.7700839,0.1429697,0.5973857,25.21176,254.2634,354.0085,0.6859086,0.02959576,-0.7270827,0.0,0.0,0.0,1.627441,-0.2478301,-2.578609,0.0377302,0.03387697,0.7417365,-0.2269391,-0.09443683,0.9693196,-0.4360691,0.8997976,-0.01442977,-0.8708286,-0.425965,-0.2453802,moving,-6.925796114659336,-2.992251592095192,2.911976934424461,2.6150249544899613,-0.6233250000000001,-0.3603507,-0.13194300000000014,-0.12042177511310942,-0.05182103046466227,0.9913693446384038,-5.942908520271951,5.10601421899972,11.307704148963778,11.32357403098348,9.19858814882463
05/17/2023 13:13:37.713527,727,True,True,True,True,Eyes,2.197555,0.09748705,-2.34706,-0.8171644,-0.4554025,-0.3533423,0.0,0.0,0.0,0.0,0.0,0.0,0.0,2.886335,0.8482084,1.428385,2.251013,0.1134867,-2.45168,0.1717023,-0.7684475,0.1398249,0.6003796,24.90211,254.6577,353.9249,0.6856735,0.02965495,-0.7273015,0.0,0.0,0.0,1.62744,-0.2455209,-2.578605,0.03765759,0.03226593,0.7405568,-0.2201253,-0.09599237,0.970737,-0.4317844,0.9019347,-0.00872305,-0.8747041,-0.4210692,-0.2399866,moving,-6.86836133629251,-3.1653234444511935,2.911004471937794,2.494789227055123,-0.6235729999999999,-0.3590076,-0.12692499999999995,-0.11940876847504422,-0.0548221455229181,0.9913303954658291,-5.9501363715446605,5.035549636460954,11.282743359764217,11.299242057117386,9.21820375702539
05/17/2023 13:13:37.733898,728,True,True,True,True,Eyes,2.199349,0.09800469,-2.351615,-0.8209088,-0.4531857,-0.3474642,0.0,0.0,0.0,0.0,0.0,0.0,0.0,2.879909,0.8520867,1.447662,2.251046,0.1143496,-2.456698,0.1713526,-0.7668467,0.1368571,0.6032037,24.62124,255.0298,353.8306,0.6854222,0.02972007,-0.7275352,0.0,0.0,0.0,1.627439,-0.2431318,-2.578602,0.0368475,0.03080519,0.7391357,-0.2135677,-0.09769692,0.9720312,-0.4279078,0.9038169,-0.003175878,-0.8782279,-0.4166179,-0.2348313,moving,-6.79664273974411,-3.3034319210533436,2.853954815188745,2.386552969227885,-0.623607,-0.3574814,-0.12190400000000023,-0.11815187968603436,-0.057220199105870076,0.9913454942776065,-5.943972551832369,4.977623129265256,11.186231459666004,11.203122833340027,9.171541338816239
05/17/2023 13:13:37.743787,729,True,True,True,True,Eyes,2.20107,0.09852274,-2.356226,-0.8245775,-0.4511395,-0.3413873,0.0,0.0,0.0,0.0,0.0,0.0,0.0,2.874085,0.8555214,1.466063,2.251157,0.1147852,-2.461857,0.1709662,-0.7652671,0.1342643,0.6058959,24.37277,255.3921,353.7624,0.685155,0.02979045,-0.7277835,0.0,0.0,0.0,1.627439,-0.2408176,-2.578599,0.0361485,0.02944663,0.7377996,-0.2073214,-0.09896933,0.9732538,-0.4243701,0.9054872,0.001679428,-0.8814353,-0.4126716,-0.2297265,moving,-6.710895381301787,-3.414271830876039,2.8049643704623173,2.285542894395353,-0.623718,-0.3556028,-0.1167419999999999,-0.11665500993358019,-0.059148417336833334,0.9914097356551094,-5.9260329476894125,4.9292859404769525,11.075214711990018,11.092316021357513,9.122482746669215
05/17/2023 13:13:37.763604,730,True,True,True,True,Eyes,2.202725,0.09903245,-2.360865,-0.8281654,-0.4491138,-0.3353191,0.0,0.0,0.0,0.0,0.0,0.0,0.0,2.868567,0.8579078,1.484091,2.251033,0.1152354,-2.46714,0.1705899,-0.7635579,0.1325475,0.6085306,24.20696,255.7672,353.7565,0.6848713,0.02986555,-0.7280468,0.0,0.0,0.0,1.627438,-0.2384307,-2.578595,0.0350599,0.02841653,0.7363564,-0.2011791,-0.09919205,0.9745194,-0.421829,0.9066605,0.005202903,-0.8840743,-0.4100338,-0.2242432,moving,-6.651076689835681,-3.439615272833836,2.7259468542701346,2.2099892422829583,-0.6235950000000001,-0.3536661,-0.11145499999999986,-0.115616801880423,-0.059594216872915745,0.991504573045761,-5.903396455829377,4.91559764141615,10.930581805804367,10.947447269749366,9.043554764196392
05/17/2023 13:13:37.785959,731,True,True,True,True,Eyes,2.204323,0.09953913,-2.365588,-0.8316224,-0.4473273,-0.3290934,0.0,0.0,0.0,0.0,0.0,0.0,0.0,2.863956,0.8590112,1.501304,2.251092,0.1155301,-2.472507,0.1701619,-0.7618183,0.1317572,0.6109974,24.12239,256.1392,353.8196,0.6845715,0.02994463,-0.7283248,0.0,0.0,0.0,1.627438,-0.2361797,-2.578592,0.0343888,0.02665633,0.7349644,-0.1954541,-0.09825831,0.9757782,-0.4202715,0.9073699,0.007186926,-0.886098,-0.4086871,-0.2186443,moving,-6.593402876865625,-3.3903975164736226,2.6789013421727703,2.077142852761358,-0.6236539999999999,-0.35170979999999996,-0.1060850000000002,-0.11462444560654178,-0.058749280924789454,0.9916701840283507,-5.867230072606463,4.930784834388751,10.74826048406251,10.764275322547793,9.009974179651284
05/17/2023 13:13:37.813572,732,True,True,True,True,Eyes,2.205855,0.100052,-2.370335,-0.8349758,-0.4456111,-0.3228717,0.0,0.0,0.0,0.0,0.0,0.0,0.0,2.860735,0.8580899,1.516864,2.251109,0.1158248,-2.477922,0.1696236,-0.7601479,0.131907,0.6131913,24.11448,256.4922,353.9556,0.684255,0.03002715,-0.7286181,0.0,0.0,0.0,1.627437,-0.233765,-2.578589,0.03370169,0.02453752,0.7332492,-0.1904484,-0.09610964,0.9769812,-0.4196465,0.9076568,0.007485814,-0.8874831,-0.4085611,-0.2131939,moving,-6.532904708718162,-3.2591477270528997,2.631583626196853,1.916636107416272,-0.623672,-0.3495898,-0.10066700000000006,-0.11359215671238104,-0.05648420943336106,0.9919205259030877,-5.813788687302837,4.977400932720979,10.510458414927431,10.525045593342853,8.982905700799138
05/17/2023 13:13:37.813572,733,True,True,True,True,Eyes,2.207332,0.1005611,-2.375145,-0.8382198,-0.444032,-0.3165805,0.0,0.0,0.0,0.0,0.0,0.0,0.0,2.856201,0.8592683,1.533463,2.251082,0.1164867,-2.483302,0.1694178,-0.7582632,0.1320069,0.6155558,24.12722,256.8691,354.0622,0.6839235,0.03011279,-0.7289262,0.0,0.0,0.0,1.627437,-0.2315092,-2.578586,0.03345433,0.02171006,0.7316174,-0.1847778,-0.0944113,0.9782352,-0.4194417,0.9077436,0.008380238,-0.8887779,-0.4087641,-0.2073309,moving,-6.491169606204811,-3.123258697913486,2.6181138373009154,1.6996997336485138,-0.6236449999999998,-0.3479959,-0.09528399999999992,-0.11288430799476767,-0.054135901909575124,0.992132299771189,-5.768092135949142,5.027034901173873,10.294148092866674,10.30727766613001,9.022173238351497
05/17/2023 13:13:37.833713,734,True,True,True,True,Eyes,2.208745,0.1010691,-2.379983,-0.8413998,-0.4424594,-0.3102838,0.0,0.0,0.0,0.0,0.0,0.0,0.0,2.850955,0.8614041,1.550967,2.251133,0.1168315,-2.488817,0.1692248,-0.75631,0.1317377,0.6180642,24.10767,257.2606,354.1441,0.6835744,0.03020149,-0.7292504,0.0,0.0,0.0,1.627436,-0.2290743,-2.578582,0.03382905,0.01857163,0.7298283,-0.1787193,-0.09312804,0.9794827,-0.4188174,0.9080164,0.009914428,-0.8903097,-0.4084525,-0.2012837,moving,-6.459029623339247,-3.025348386681748,2.653878246512119,1.457666733140609,-0.6236969999999997,-0.34590580000000004,-0.08976499999999987,-0.11233790930965654,-0.05244367720875416,0.9922851583509646,-5.734213308000168,5.062661364983492,10.143955471278966,10.155910319068145,9.129954338467217
05/17/2023 13:13:37.853461,735,True,True,True,True,Eyes,2.210101,0.1015597,-2.38487,-0.8445293,-0.4409614,-0.3038477,0.0,0.0,0.0,0.0,0.0,0.0,0.0,2.84435,0.8650473,1.569736,2.251009,0.1172982,-2.494375,0.1691319,-0.7542756,0.1306767,0.6207949,24.02436,257.668,354.1625,0.6832103,0.03029238,-0.7295884,0.0,0.0,0.0,1.627436,-0.2267904,-2.578579,0.03411657,0.0157832,0.7276614,-0.1720161,-0.0928973,0.9807041,-0.417391,0.908636,0.01286001,-0.8922977,-0.407125,-0.1950745,moving,-6.424838585520404,-3.0042601887195337,2.6843598448624304,1.242568274700801,-0.6235729999999997,-0.3440886,-0.08420400000000017,-0.11174787312354412,-0.052081945116187675,0.9923709001623432,-5.714347859717541,5.068547160732836,10.03917225791615,10.050524764498928,9.229106432549898
05/17/2023 13:13:37.863703,736,True,True,True,True,Eyes,2.211399,0.1020305,-2.389791,-0.8476095,-0.4394601,-0.2973769,0.0,0.0,0.0,0.0,0.0,0.0,0.0,2.836437,0.8700586,1.590382,2.250994,0.1173444,-2.50019,0.1690996,-0.7520121,0.1294161,0.6238065,23.92973,258.1157,354.1686,0.6828298,0.03038496,-0.7299411,0.0,0.0,0.0,1.627435,-0.2244246,-2.578576,0.03497778,0.01155161,0.7258283,-0.1645414,-0.09286879,0.9819884,-0.4157911,0.9093136,0.01632597,-0.8944516,-0.4056158,-0.1882337,moving,-6.424464866573755,-3.00146044765305,2.7589582507599495,0.911789506501896,-0.623559,-0.341769,-0.07838600000000007,-0.11174167981562794,-0.052033488164805616,0.9923741117830789,-5.713630443551589,5.0696016452522255,9.971636951760914,9.982423821681426,9.437804880591424
05/17/2023 13:13:37.884377,737,True,True,True,True,Eyes,2.212644,0.1024882,-2.394769,-0.8506491,-0.4379982,-0.2907811,0.0,0.0,0.0,0.0,0.0,0.0,0.0,2.828237,0.8738654,1.611782,2.250933,0.1173256,-2.50598,0.1688827,-0.7496894,0.1282694,0.6268904,23.83262,258.5803,354.2026,0.6824327,0.03047855,-0.7303088,0.0,0.0,0.0,1.627435,-0.222131,-2.578572,0.03548436,0.006111052,0.7245054,-0.1569744,-0.09239737,0.983271,-0.4140407,0.9100513,0.01941744,-0.8966212,-0.4040661,-0.1811109,moving,-6.434573310916999,-3.002104313366497,2.803955284490407,0.48326649428185703,-0.6234979999999999,-0.3394566,-0.07259199999999977,-0.11191669350183048,-0.05204360586590835,0.9923538075985554,-5.718414952741838,5.070016143566486,9.863883009742874,9.874118708774352,9.678278090945447
05/17/2023 13:13:37.903988,738,True,True,True,True,Eyes,2.213835,0.1029365,-2.399788,-0.8536432,-0.4365521,-0.2841049,0.0,0.0,0.0,0.0,0.0,0.0,0.0,2.818468,0.878707,1.63524,2.250855,0.1174263,-2.511922,0.1688052,-0.7470459,0.1272651,0.6302627,23.76141,259.0949,354.2441,0.6820204,0.03057232,-0.7306902,0.0,0.0,0.0,1.627434,-0.2196986,-2.578569,0.03465328,0.008745003,0.7221237,-0.1485478,-0.0917896,0.9846362,-0.4126314,0.9106168,0.02263754,-0.8987042,-0.402929,-0.1731454,moving,-6.489064428028799,-2.983929010389016,2.747402834915854,0.6938247172569982,-0.623421,-0.3371249,-0.06664699999999968,-0.11286230578191442,-0.05172324438837189,0.9922634977908793,-5.7399916587822615,5.080592700903243,9.93125141500991,9.941740289338806,9.554035724969886
05/17/2023 13:13:37.919047,739,True,True,True,True,Eyes,2.214976,0.1033601,-2.404869,-0.8566285,-0.4351507,-0.2771848,0.0,0.0,0.0,0.0,0.0,0.0,0.0,2.807469,0.8844877,1.660111,2.250793,0.1176379,-2.517987,0.1688354,-0.7442005,0.1261623,0.6338323,23.69118,259.6398,354.274,0.6815919,0.03066619,-0.7310863,0.0,0.0,0.0,1.627434,-0.217467,-2.578566,0.03593539,0.0118279,0.7209667,-0.1395026,-0.09136339,0.9859978,-0.4112262,0.9111553,0.02624659,-0.9007952,-0.4018067,-0.1646796,moving,-6.557283311231266,-2.971266250962759,2.8534517136038366,0.9398880165677524,-0.6233589999999998,-0.3351049,-0.060578999999999716,-0.11404498738979102,-0.051496942789624564,0.9921399789386397,-5.768969099767327,5.089944689391557,10.180232521240747,10.191126601709954,9.56917504649725
05/17/2023 13:13:37.933676,740,True,True,True,True,Eyes,2.216072,0.1037602,-2.409997,-0.8595718,-0.4337773,-0.270136,0.0,0.0,0.0,0.0,0.0,0.0,0.0,2.794668,0.891326,1.687054,2.250698,0.1174327,-2.524153,0.1689452,-0.740999,0.1253153,0.63771,23.65279,260.2423,354.327,0.6811477,0.03075926,-0.7314965,0.0,0.0,0.0,1.627433,-0.2150271,-2.578562,0.03665811,0.01343184,0.7192277,-0.1295669,-0.09054682,0.9874278,-0.4102061,0.9115071,0.0297591,-0.9027421,-0.4011931,-0.155244,moving,-6.675199758832892,-2.9333662474009707,2.917767270929234,1.0698952394284398,-0.623265,-0.33245979999999997,-0.05440899999999971,-0.11609057615058177,-0.05082852364081798,0.9919371568602775,-5.815938729549978,5.112280582775972,10.383667053495605,10.394764016851695,9.623850568609093
05/17/2023 13:13:37.953986,741,True,True,True,True,Eyes,2.217128,0.1041377,-2.415181,-0.8625142,-0.4324003,-0.2628671,0.0,0.0,0.0,0.0,0.0,0.0,0.0,2.780822,0.8975722,1.715829,2.250693,0.1174393,-2.530467,0.1689494,-0.737608,0.1244614,0.6417945,23.60751,260.8812,354.396,0.6806875,0.03085097,-0.7319212,0.0,0.0,0.0,1.627433,-0.2127489,-2.578559,0.03798677,0.01308685,0.7175274,-0.1191122,-0.08947951,0.9888408,-0.4089942,0.9119309,0.03325412,-0.90473,-0.4004691,-0.1452187,moving,-6.814600683082877,-2.9035275654293247,3.030478859993626,1.0448913099771546,-0.6232600000000001,-0.3301882,-0.048092000000000024,-0.11850680811033243,-0.0502974760136361,0.991678464645824,-5.874380576547216,5.132918115432071,10.596217438143535,10.607337216529398,9.798391946981322
05/17/2023 13:13:37.963676,742,True,True,True,True,Eyes,2.218138,0.1045082,-2.420401,-0.865404,-0.4310552,-0.255475,0.0,0.0,0.0,0.0,0.0,0.0,0.0,2.767034,0.9037995,1.744087,2.250801,0.1172528,-2.536792,0.1689246,-0.7342762,0.1235025,0.6457942,23.55011,261.5066,354.4562,0.6802124,0.03094053,-0.7323592,0.0,0.0,0.0,1.627432,-0.2104318,-2.578556,0.03854132,0.01293966,0.7157453,-0.1088288,-0.08856013,0.9901078,-0.4075889,0.9124233,0.03681105,-0.9066573,-0.3995509,-0.135394,moving,-6.935014863974718,-2.8859131635313218,3.082275686433879,1.0357136143738317,-0.6233690000000001,-0.3276846,-0.04176399999999969,-0.12059262082577638,-0.04997996415958657,0.9914431740009193,-5.92645144628158,5.147599942096391,10.746360367166119,10.757567873664017,9.902765963297092
05/17/2023 13:13:37.983882,743,True,True,True,True,Eyes,2.219108,0.1048734,-2.425673,-0.8683075,-0.4296774,-0.2478294,0.0,0.0,0.0,0.0,0.0,0.0,0.0,2.751676,0.9113024,1.773275,2.250813,0.1172715,-2.542988,0.1690911,-0.7307472,0.1224469,0.6499413,23.50031,262.1554,354.496,0.6797221,0.03102805,-0.7328107,0.0,0.0,0.0,1.627432,-0.2081375,-2.578552,0.03892756,0.01241904,0.7140577,-0.09796928,-0.08795919,0.9912949,-0.4062922,0.9128299,0.0408432,-0.9084761,-0.398754,-0.1251665,moving,-7.063058595380432,-2.8623098347825016,3.1204470785316185,0.9963996529034239,-0.623381,-0.325409,-0.03556400000000037,-0.12281055645958311,-0.04955794540748579,0.991191995226175,-5.98087273302348,5.165089958579919,10.878854127151572,10.890060914474091,10.010594446727254
05/17/2023 13:13:38.003700,744,True,True,True,True,Eyes,2.220047,0.1052239,-2.430988,-0.8711604,-0.4283164,-0.2400511,0.0,0.0,0.0,0.0,0.0,0.0,0.0,2.733275,0.9231387,1.804683,2.250879,0.1174916,-2.54943,0.1698045,-0.7268028,0.1208448,0.6544623,23.44833,262.8524,354.4547,0.679216,0.03111371,-0.7332764,0.0,0.0,0.0,1.627431,-0.2056871,-2.578549,0.03943262,0.01306563,0.7124996,-0.08569142,-0.0886521,0.9923699,-0.4050055,0.9131259,0.04660065,-0.9102899,-0.3979219,-0.1141516,moving,-7.224153798642523,-2.8581552770840193,3.1677494122690226,1.0505571663134556,-0.6234479999999998,-0.32317870000000004,-0.029119000000000117,-0.1255974954246286,-0.04946867624251769,0.9908471278972372,-6.054314996782889,5.177251290943174,11.09111905873079,11.102688201968203,10.103270577538515
05/17/2023 13:13:38.023692,745,True,True,True,True,Eyes,2.220957,0.1055494,-2.436374,-0.8740253,-0.4268813,-0.2320603,0.0,0.0,0.0,0.0,0.0,0.0,0.0,2.715002,0.9341198,1.835667,2.25107,0.1174759,-2.555849,0.1703626,-0.7229451,0.1191189,0.6588914,23.37414,263.5356,354.4139,0.6786962,0.03119693,-0.7337542,0.0,0.0,0.0,1.627431,-0.2033743,-2.578546,0.04056187,0.01246595,0.7110373,-0.07367769,-0.08935289,0.9932713,-0.4032984,0.9135745,0.05226815,-0.9120977,-0.3967337,-0.1033459,moving,-7.360825934830447,-2.868025764660114,3.2649593553258702,1.0044102553492658,-0.6236389999999998,-0.3208502,-0.022696999999999967,-0.12795968890055553,-0.04962426338512564,0.9905370274077725,-6.119231242370757,5.182406560912541,11.297637771887041,11.309424112728662,10.272228886818972
05/17/2023 13:13:38.033678,746,True,True,True,True,Eyes,2.22184,0.1058474,-2.441799,-0.8768319,-0.4254573,-0.2239461,0.0,0.0,0.0,0.0,0.0,0.0,0.0,2.695903,0.9472705,1.866462,2.251357,0.1171406,-2.562531,0.1711634,-0.7190242,0.117018,0.6633356,23.28813,264.2149,354.3207,0.6781618,0.03127729,-0.7342449,0.0,0.0,0.0,1.62743,-0.2011096,-2.578543,0.04163055,0.01156342,0.709713,-0.06137822,-0.09089691,0.9939671,-0.4013857,0.9140197,0.05880003,-0.9138502,-0.3953551,-0.0925856,moving,-7.485063086013459,-2.896166981306149,3.357025619741823,0.9334428782716042,-0.6239270000000001,-0.3182502,-0.016011999999999915,-0.130104148953118,-0.050096670333264245,0.9902339040513688,-6.181973675887982,5.179705389521649,11.486493032916536,11.498556395480321,10.441420060340139
05/17/2023 13:13:38.053889,747,True,True,True,True,Eyes,2.222701,0.1061248,-2.447314,-0.879636,-0.4239216,-0.2157106,0.0,0.0,0.0,0.0,0.0,0.0,0.0,2.676435,0.9589587,1.89743,2.251616,0.1167582,-2.568996,0.1717715,-0.7150851,0.115059,0.6677645,23.20111,264.9001,354.2555,0.6776137,0.03135416,-0.7347476,0.0,0.0,0.0,1.627429,-0.198789,-2.578539,0.04251585,0.01068909,0.708379,-0.04917034,-0.09199791,0.9945445,-0.3993271,0.914512,0.06485195,-0.9154891,-0.3939597,-0.08170413,moving,-7.611205590805654,-2.9150379877972767,3.434686933028643,0.8644994662334001,-0.6241869999999998,-0.3155472,-0.009543000000000301,-0.13228186545090975,-0.05040815947421712,0.9899295954390743,-6.243789227827021,5.180701734275861,11.662328428762594,11.674615411846299,10.597287521573916
05/17/2023 13:13:38.063567,748,True,True,True,True,Eyes,2.22354,0.1063789,-2.452864,-0.8823754,-0.4224023,-0.2073406,0.0,0.0,0.0,0.0,0.0,0.0,0.0,2.656132,0.9698447,1.929727,2.252009,0.1164166,-2.57573,0.1722462,-0.7109881,0.1131418,0.6723289,23.10998,265.6136,354.2096,0.6770516,0.0314272,-0.7352626,0.0,0.0,0.0,1.627429,-0.1964361,-2.578536,0.04303367,0.01042287,0.7074013,-0.03661041,-0.09279298,0.9950122,-0.3970671,0.9150603,0.0707272,-0.9170591,-0.3924972,-0.0703458,moving,-7.757516279827997,-2.940237654748005,3.481210530192824,0.8441364927213526,-0.6245800000000001,-0.3128527,-0.002806000000000086,-0.13480646615594138,-0.05082609511032807,0.9895676322097408,-6.316132915302288,5.180581176261126,11.84607557802227,11.858771774442546,10.714135106595698
05/17/2023 13:13:38.083660,749,True,True,True,True,Eyes,2.224345,0.1066683,-2.458446,-0.8850916,-0.4207803,-0.1988889,0.0,0.0,0.0,0.0,0.0,0.0,0.0,2.634933,0.98129,1.961866,2.252378,0.1160952,-2.582253,0.1728222,-0.7068311,0.1111723,0.6768774,23.02414,266.3272,354.1496,0.6764759,0.03149614,-0.7357896,0.0,0.0,0.0,1.627428,-0.1941074,-2.578533,0.04288366,0.01063946,0.7063926,-0.02393894,-0.09381215,0.9953021,-0.3948123,0.9155464,0.0767988,-0.9184499,-0.3911189,-0.05895535,moving,-7.901556937695033,-2.9555716783340524,3.4740467704861757,0.8629055062042191,-0.6249500000000001,-0.3102026,0.0037199999999999456,-0.13729204832030967,-0.05107332604061725,0.9892130228808267,-6.385509280391986,5.184113898757843,11.986264649252028,11.999380306266879,10.76492858742147
05/17/2023 13:13:38.093715,750,True,True,True,True,Eyes,2.225121,0.1070301,-2.464062,-0.8877037,-0.4192638,-0.1902632,0.0,0.0,0.0,0.0,0.0,0.0,0.0,2.612088,0.99592,1.993676,2.252433,0.1172237,-2.588901,0.1740714,-0.702487,0.1088747,0.6814378,22.96718,267.038,354.0037,0.675888,0.03156229,-0.7363271,0.0,0.0,0.0,1.627428,-0.1916535,-2.578529,0.04224105,0.01078951,0.7052947,-0.01068332,-0.09618321,0.9953063,-0.3929484,0.9156909,0.08427164,-0.9194984,-0.3902037,-0.0475776,moving,-8.03298508770357,-2.959687500531378,3.4274273259157133,0.876435295138882,-0.6250049999999998,-0.3088772,0.010371999999999826,-0.13956041003790565,-0.051128017312447635,0.9888927626664683,-6.446887948806217,5.191143182551405,12.07197649149288,12.085399902100882,10.775843646708442
05/17/2023 13:13:38.118919,751,True,True,True,True,Eyes,2.225895,0.1073267,-2.469755,-0.8902851,-0.4177023,-0.1814308,0.0,0.0,0.0,0.0,0.0,0.0,0.0,2.582902,1.020902,2.027542,2.25255,0.1193135,-2.595445,0.1768821,-0.697323,0.106016,0.6864504,22.99784,267.8152,353.6921,0.6752881,0.03162812,-0.7368745,0.0,0.0,0.0,1.627427,-0.1894338,-2.578526,0.04164559,0.01039774,0.7042432,0.005002597,-0.1011385,0.9948598,-0.3922374,0.9149466,0.09498678,-0.9198504,-0.3906964,-0.03509318,moving,-8.214907294174354,-2.9075767449148695,3.384258400874731,0.8458772986345836,-0.6251229999999999,-0.3087473,0.016918999999999684,-0.14270624816831629,-0.05020584094018027,0.9884908730813615,-6.520591702394237,5.223151458532279,12.178074312660357,12.191351938084688,10.828969694256946
05/17/2023 13:13:38.143525,752,True,True,True,True,Eyes,2.226653,0.1076321,-2.475484,-0.8927811,-0.4161391,-0.17254,0.0,0.0,0.0,0.0,0.0,0.0,0.0,2.553634,1.042904,2.063524,2.253347,0.1179991,-2.602947,0.1787947,-0.6918667,0.1043209,0.6917155,23.06047,268.6739,353.5673,0.6746747,0.03169178,-0.7374334,0.0,0.0,0.0,1.627427,-0.1870607,-2.578523,0.04134052,0.008865848,0.7029883,0.02087539,-0.1030835,0.9944536,-0.3917251,0.9142992,0.1029978,-0.9198455,-0.3917025,-0.02129405,moving,-8.481900840559488,-2.811924582853326,3.365507688011168,0.7225564677737376,-0.6259200000000003,-0.3050598,0.02442399999999978,-0.1473232387507643,-0.0485223435109588,0.9878974340336197,-6.625027785135807,5.277516664549406,12.350688497620393,12.363399416830733,10.979911722523942
05/17/2023 13:13:38.143525,753,True,True,True,True,Eyes,2.227368,0.1079744,-2.481256,-0.8952621,-0.4144106,-0.1636149,0.0,0.0,0.0,0.0,0.0,0.0,0.0,2.534421,1.051121,2.091807,2.253783,0.1184968,-2.609641,0.1791583,-0.6881607,0.102275,0.6956128,22.95529,269.2953,353.4967,0.6740509,0.03175351,-0.738001,0.0,0.0,0.0,1.627426,-0.1847156,-2.578519,0.04172228,0.006269254,0.7017881,0.03194941,-0.1042918,0.9940334,-0.3888669,0.9148843,0.1084863,-0.9207398,-0.3900128,-0.01132565,moving,-8.52253878750387,-2.8254201652307405,3.4023092139355087,0.511824352984534,-0.6263569999999998,-0.3032124,0.031121999999999872,-0.14802226486015752,-0.04874989689618334,0.9877818915373275,-6.6463862839503545,5.27497957352278,12.370535390017439,12.383020666694804,11.12042844786892
05/17/2023 13:13:38.163588,754,True,True,True,True,Eyes,2.228053,0.1082862,-2.487066,-0.8976494,-0.4127321,-0.1545248,0.0,0.0,0.0,0.0,0.0,0.0,0.0,2.506837,1.069019,2.123672,2.253536,0.119617,-2.616158,0.1808792,-0.6835178,0.09868068,0.7002488,22.84384,270.0107,353.2032,0.6734146,0.03181477,-0.738579,0.0,0.0,0.0,1.627426,-0.1823923,-2.578516,0.04254512,0.003498046,0.7004786,0.04613116,-0.1090663,0.9929635,-0.3854704,0.9150897,0.1184209,-0.9215664,-0.3882209,0.0001722994,moving,-8.628050049154766,-2.8969148941529412,3.475716346530205,0.2861209554681127,-0.6261099999999999,-0.30200930000000004,0.03764199999999995,-0.14983199141345271,-0.049968654646230404,0.9874480509919166,-6.708939431605983,5.254343005677415,12.502434454328876,12.515305756604015,11.331833199412563
05/17/2023 13:13:38.183494,755,True,True,True,True,Eyes,2.228719,0.1085937,-2.492932,-0.8999599,-0.4110149,-0.1453922,0.0,0.0,0.0,0.0,0.0,0.0,0.0,2.477067,1.087571,2.157394,2.253587,0.1191749,-2.623007,0.1824868,-0.6784291,0.09576668,0.7051676,22.78719,270.7996,352.9882,0.6727666,0.0318746,-0.7391668,0.0,0.0,0.0,1.627425,-0.1800551,-2.578513,0.04353957,0.001151025,0.6989413,0.06112544,-0.1125456,0.9917648,-0.3826718,0.9150547,0.1274257,-0.9218601,-0.3873093,0.01286507,moving,-8.808984108767367,-2.9139814143791307,3.5645544090117025,0.09435529850157187,-0.6261620000000001,-0.29923,0.04449399999999981,-0.15294740911591342,-0.050238519540807436,0.9869565049433218,-6.795657878610852,5.259626508256513,12.720964538971788,12.733991724083541,11.576442688275558
05/17/2023 13:13:38.203391,756,True,True,True,True,Eyes,2.229361,0.1088802,-2.498844,-0.9021305,-0.4094209,-0.1361434,0.0,0.0,0.0,0.0,0.0,0.0,0.0,2.448994,1.107498,2.187821,2.253886,0.119296,-2.629915,0.1844988,-0.6734914,0.09373588,0.709636,22.83723,271.5382,352.8018,0.6721075,0.03193296,-0.7397636,0.0,0.0,0.0,1.627425,-0.177722,-2.57851,0.04472939,-0.0003642775,0.697287,0.07524611,-0.1154799,0.9904557,-0.3815534,0.9143476,0.1355933,-0.9212791,-0.3881145,0.02473938,moving,-8.953318075453385,-2.8201065044806493,3.6703662381551174,-0.02993252623782515,-0.6264610000000002,-0.297018,0.05140499999999992,-0.15544576506506913,-0.04860221352836108,0.9866480510871636,-6.843904355579185,5.305266121598285,12.916082005692285,12.92835938851132,11.790429624493678
05/17/2023 13:13:38.219055,757,True,True,True,True,Eyes,2.22997,0.1091705,-2.504811,-0.904235,-0.4077255,-0.1269604,0.0,0.0,0.0,0.0,0.0,0.0,0.0,2.420798,1.128713,2.216862,2.25401,0.1190749,-2.637043,0.1866923,-0.6685609,0.0916946,0.7139779,22.90443,272.2612,352.5966,0.6714365,0.03198941,-0.7403702,0.0,0.0,0.0,1.627424,-0.1753989,-2.578506,0.0457569,-0.001029951,0.6954592,0.08923677,-0.1186945,0.9889127,-0.3805661,0.9134762,0.1439814,-0.9204381,-0.3891951,0.03634457,moving,-9.092035323365714,-2.7052477744754553,3.7642813880391666,-0.0848530039757793,-0.6265860000000001,-0.2944738,0.05853699999999984,-0.15784908746693221,-0.04660622998384961,0.9863627561176261,-6.885476048067218,5.358624427879569,13.109212686999681,13.120645873477816,11.960300163416541
05/17/2023 13:13:38.233858,758,True,True,True,True,Eyes,2.230543,0.1094473,-2.51082,-0.9062024,-0.406134,-0.1176957,0.0,0.0,0.0,0.0,0.0,0.0,0.0,2.395015,1.147004,2.243632,2.253934,0.119373,-2.644074,0.1886027,-0.6640408,0.08959743,0.7179494,22.9425,272.9229,352.3979,0.6707548,0.03204413,-0.7409856,0.0,0.0,0.0,1.627424,-0.1729876,-2.578503,0.04682018,-0.000443846,0.6937204,0.1020444,-0.121827,0.9872919,-0.3791326,0.9128026,0.1518218,-0.9196986,-0.3898071,0.04695784,moving,-9.169542239952996,-2.613574412166912,3.8611184623267434,-0.03665813933648941,-0.6265100000000001,-0.29236059999999997,0.06557099999999982,-0.1591948463101629,-0.045018134569628165,0.986220189404174,-6.903349602118248,5.399034902369182,13.272204001648555,13.283019830411899,12.059043558844273
05/17/2023 13:13:38.253486,759,True,True,True,True,Eyes,2.231088,0.1097087,-2.516866,-0.9081191,-0.4044191,-0.1084662,0.0,0.0,0.0,0.0,0.0,0.0,0.0,2.369918,1.162364,2.270329,2.253676,0.1193242,-2.65117,0.1900796,-0.6595358,0.08804724,0.7218933,22.99029,273.5976,352.2834,0.6700615,0.03209692,-0.7416103,0.0,0.0,0.0,1.627423,-0.1706637,-2.5785,0.04805223,0.000941338,0.6920009,0.1145205,-0.1236072,0.985701,-0.3778501,0.9122348,0.1582938,-0.918757,-0.390575,0.05776461,moving,-9.26918322426197,-2.494828634195513,3.9722167652661384,0.07794016052214012,-0.626253,-0.2899879,0.07267000000000001,-0.16092429844612716,-0.04296188922865485,0.9860312728385374,-6.92615356581133,5.451329671427364,13.478927514123292,13.48902564879124,12.15104072535418
05/17/2023 13:13:38.268606,760,True,True,True,True,Eyes,2.231601,0.1099533,-2.522936,-0.9098907,-0.4028141,-0.09919541,0.0,0.0,0.0,0.0,0.0,0.0,0.0,2.348624,1.172674,2.295157,2.25364,0.119192,-2.658165,0.1908838,-0.6554525,0.08743899,0.7254654,23.05306,274.2313,352.2952,0.6693577,0.03214746,-0.7422435,0.0,0.0,0.0,1.627423,-0.1682073,-2.578496,0.04899428,0.002361996,0.6904045,0.1254729,-0.1233626,0.9843975,-0.3770984,0.9118356,0.1623349,-0.9176347,-0.3915834,0.06789082,moving,-9.33775192048964,-2.3397455120933217,4.05916731487993,0.19601823863153328,-0.6262169999999998,-0.2873993,0.07966899999999999,-0.16212230991863952,-0.04028482809946765,0.9859480228298085,-6.927560258651784,5.515591495787346,13.62567583994386,13.634791630182889,12.206803120115001
05/17/2023 13:13:38.284062,761,True,True,True,True,Eyes,2.232085,0.110171,-2.529032,-0.9116405,-0.4010144,-0.08999549,0.0,0.0,0.0,0.0,0.0,0.0,0.0,2.328185,1.181251,2.31903,2.253387,0.11905,-2.664915,0.1914786,-0.6514857,0.08715355,0.7289078,23.12255,274.8531,352.3494,0.6686439,0.03219543,-0.7428845,0.0,0.0,0.0,1.627422,-0.1660546,-2.578493,0.04997811,0.003466839,0.688892,0.1359412,-0.1224374,0.9831221,-0.3765449,0.9114804,0.1655819,-0.91637,-0.392699,0.07780457,moving,-9.405447422752282,-2.1577081469185737,4.149455509319955,0.288337745399938,-0.6259650000000001,-0.2851046,0.08642200000000022,-0.16330699481786803,-0.03714477059258736,0.9858758694324206,-6.92331597382001,5.590183885053848,13.76586453998866,13.77383512334995,12.276638009096818
05/17/2023 13:13:38.303710,762,True,True,True,True,Eyes,2.232534,0.1103749,-2.535138,-0.9132668,-0.3992693,-0.08079495,0.0,0.0,0.0,0.0,0.0,0.0,0.0,2.309084,1.187579,2.342387,2.25327,0.1185886,-2.671647,0.1917121,-0.6477242,0.08692978,0.732218,23.16392,275.455,352.4342,0.6679193,0.03224036,-0.7435341,0.0,0.0,0.0,1.627421,-0.1633113,-2.578489,0.0508437,0.004226308,0.6870774,0.1457932,-0.12105,0.9818816,-0.3756562,0.9113794,0.168137,-0.9152195,-0.3933631,0.08739972,moving,-9.45336938963022,-1.998256752489176,4.232171515508878,0.3524298097425659,-0.6258490000000001,-0.2818999,0.0931580000000003,-0.1641476717209131,-0.03439611850740626,0.9858359370353974,-6.914355687633589,5.654775734879896,13.878950615418706,13.885955393133466,12.343416909438629
05/17/2023 13:13:38.313581,763,True,True,True,True,Eyes,2.232944,0.1105564,-2.541259,-0.9148904,-0.3973027,-0.07159691,0.0,0.0,0.0,0.0,0.0,0.0,0.0,2.291612,1.191252,2.364537,2.25289,0.1184674,-2.678069,0.1916459,-0.6443082,0.08634717,0.7353114,23.14798,276.0103,352.5027,0.6671851,0.03228213,-0.7441912,0.0,0.0,0.0,1.627421,-0.1613855,-2.578486,0.05160267,0.004545113,0.6855513,0.1548222,-0.119974,0.9806306,-0.3739422,0.911632,0.1705705,-0.9144382,-0.3931072,0.09627753,moving,-9.455125743621855,-1.8758718214612125,4.304638039717275,0.379857753715908,-0.6254689999999998,-0.27985289999999996,0.09958299999999998,-0.16418942989318158,-0.03229004805801683,0.9859001880863807,-6.891334519346169,5.70205638563802,13.93718423316363,13.943436279827866,12.39659629982905
05/17/2023 13:13:38.333704,764,True,True,True,True,Eyes,2.23332,0.1107186,-2.547386,-0.9163992,-0.3953694,-0.06241364,0.0,0.0,0.0,0.0,0.0,0.0,0.0,2.272509,1.196009,2.387257,2.252465,0.1180362,-2.684436,0.191681,-0.640764,0.08533199,0.738511,23.10842,276.5777,352.528,0.6664416,0.03232038,-0.7448555,0.0,0.0,0.0,1.62742,-0.1590752,-2.578483,0.05212416,0.005213138,0.6838703,0.16428,-0.1196073,0.9791354,-0.3716817,0.9119537,0.1737616,-0.9137093,-0.3924723,0.1053599,moving,-9.465076966436897,-1.7890339134079156,4.35862065540714,0.43675682359505497,-0.6250449999999999,-0.2771114,0.10595299999999996,-0.16436841326007756,-0.030794842078435802,0.9859181614610709,-6.879012179756693,5.736174884300885,13.995931278343148,14.001741332602338,12.42450093645968
05/17/2023 13:13:38.363813,765,True,True,True,True,Eyes,2.233656,0.1108671,-2.553508,-0.9179077,-0.3932036,-0.05325718,0.0,0.0,0.0,0.0,0.0,0.0,0.0,2.255608,1.198385,2.408742,2.25205,0.1177303,-2.690789,0.1914236,-0.6375243,0.08444232,0.7414778,23.05041,277.1067,352.5788,0.6656886,0.03235494,-0.7455271,0.0,0.0,0.0,1.62742,-0.1567269,-2.57848,0.05223962,0.006093815,0.6822724,0.1728646,-0.1188502,0.9777488,-0.3692986,0.912453,0.1762047,-0.9130917,-0.3915408,0.1138396,moving,-9.443993139265082,-1.6952032272952633,4.3784288818804,0.5117319661234422,-0.62463,-0.2744572,0.11230900000000021,-0.16401354382050815,-0.029181956040966656,0.9860263256520406,-6.851023684013227,5.7709538756731416,13.992129726849804,13.997496686143474,12.400000807400883
05/17/2023 13:13:38.373832,766,True,True,True,True,Eyes,2.233954,0.1110136,-2.55962,-0.9192958,-0.3910837,-0.04414578,0.0,0.0,0.0,0.0,0.0,0.0,0.0,2.238668,1.201791,2.429024,2.251488,0.1174552,-2.696868,0.1913578,-0.6343228,0.08362483,0.7443277,23.014,277.6191,352.6168,0.6649269,0.03238578,-0.7462052,0.0,0.0,0.0,1.627419,-0.1543553,-2.578476,0.05216986,0.00693211,0.6807827,0.181283,-0.1182766,0.9762926,-0.3672537,0.9127782,0.1787755,-0.9122835,-0.390956,0.1220336,moving,-9.413391446305194,-1.5828070358463413,4.382135661636924,0.5833974920550266,-0.6240690000000002,-0.2718105,0.11839199999999961,-0.16349581380743378,-0.027250005161668867,0.9861676501900032,-6.8150331980072565,5.812263843168523,13.95971555018642,13.964562658481869,12.3578976282049
05/17/2023 13:13:38.383938,767,True,True,True,True,Eyes,2.234211,0.1111593,-2.565715,-0.9206849,-0.3887238,-0.03511481,0.0,0.0,0.0,0.0,0.0,0.0,0.0,2.222473,1.205317,2.448195,2.25093,0.1175462,-2.702836,0.1913861,-0.6312986,0.08256767,0.7470049,22.96585,278.0959,352.6188,0.6641582,0.03241321,-0.7468883,0.0,0.0,0.0,1.627419,-0.1519634,-2.578473,0.05151211,0.008500101,0.6791736,0.1892894,-0.1182866,0.9747708,-0.3650004,0.9131079,0.181683,-0.9115615,-0.3901824,0.129667,moving,-9.356451243640988,-1.4678958281541274,4.3373102016060185,0.7170397776558372,-0.6235109999999999,-0.2695096,0.12436300000000022,-0.16252410394978084,-0.025276225347951237,0.9863807356813421,-6.766413169189054,5.8528165045772225,13.862511230873498,13.866976819799964,12.233923135443023
05/17/2023 13:13:38.403599,768,True,True,True,True,Eyes,2.234418,0.1113074,-2.571796,-0.9219725,-0.386372,-0.02614369,0.0,0.0,0.0,0.0,0.0,0.0,0.0,2.204725,1.209214,2.468038,2.250176,0.1176815,-2.708704,0.1914747,-0.6281357,0.08115194,0.7497984,22.89749,278.5883,352.5873,0.6633817,0.03243762,-0.747577,0.0,0.0,0.0,1.627418,-0.149511,-2.57847,0.05065876,0.009879136,0.6777715,0.19772,-0.118849,0.9730272,-0.3622393,0.9135036,0.185186,-0.910873,-0.3890837,0.1375661,moving,-9.314697596018757,-1.3830885279157983,4.2745175247768294,0.8350789569088641,-0.6227580000000001,-0.2671925,0.13023400000000018,-0.16181105304355464,-0.023819021035042326,0.9865343090926609,-6.730654664652592,5.8827630416064425,13.764796246265181,13.769060773705402,12.107556712148822
05/17/2023 13:13:38.413612,769,True,True,True,True,Eyes,2.234576,0.1114582,-2.577855,-0.9232658,-0.3837751,-0.01723249,0.0,0.0,0.0,0.0,0.0,0.0,0.0,2.188963,1.211458,2.486447,2.24925,0.1178634,-2.714516,0.1913757,-0.6253392,0.0793149,0.7523532,22.77801,279.0263,352.5215,0.6625981,0.0324594,-0.7482706,0.0,0.0,0.0,1.627418,-0.1472701,-2.578466,0.05000596,0.01119328,0.6765279,0.2053203,-0.1200038,0.9713097,-0.3586951,0.914169,0.1887668,-0.9105939,-0.3871617,0.1446526,moving,-9.223768194942213,-1.3303747367581689,4.227363871821515,0.9478828483236459,-0.6218319999999999,-0.26513349999999997,0.13605,-0.16024857473652931,-0.022917288584689943,0.9868106280944114,-6.6784795285211,5.897117566948841,13.638488829279549,13.642705431896648,11.976324334821665
05/17/2023 13:13:38.433895,770,True,True,True,True,Eyes,2.234683,0.1115987,-2.5839,-0.9244416,-0.3812312,-0.00838592,0.0,0.0,0.0,0.0,0.0,0.0,0.0,2.172511,1.213744,2.504954,2.248229,0.118018,-2.720168,0.1912936,-0.6224732,0.07747255,0.7549384,22.66105,279.4724,352.4545,0.6618075,0.03247896,-0.7489692,0.0,0.0,0.0,1.627417,-0.1449484,-2.578463,0.04897138,0.01246952,0.6753414,0.2130505,-0.1211762,0.9694976,-0.3551242,0.9148095,0.1923806,-0.9102176,-0.3852789,0.151868,moving,-9.14452152350042,-1.2812197146674553,4.147459235188738,1.0577904670364937,-0.6208119999999999,-0.2629664,0.14170499999999997,-0.15888654307963868,-0.022075599024922815,0.9870499266370163,-6.632382101394673,5.910866424413766,13.49200584152328,13.496211361692492,11.821900248690383
05/17/2023 13:13:38.453829,771,True,True,True,True,Eyes,2.234747,0.1117302,-2.5899,-0.925571,-0.3785738,0.0003989219,0.0,0.0,0.0,0.0,0.0,0.0,0.0,2.157893,1.215883,2.521851,2.247167,0.117901,-2.725976,0.1911833,-0.6197199,0.07643024,0.7573341,22.6009,279.9042,352.4567,0.66101,0.03249625,-0.7496727,0.0,0.0,0.0,1.627417,-0.1426982,-2.57846,0.04768363,0.01356663,0.6743801,0.2202115,-0.1211937,0.9678942,-0.3527265,0.9152147,0.1948485,-0.9094455,-0.3843099,0.1587926,moving,-9.0667992880918,-1.1561445737025984,4.0445015168548775,1.1524744089564765,-0.6197500000000002,-0.26059920000000003,0.14751599999999998,-0.1575545840199304,-0.019925152591488388,0.9873092213560223,-6.572204203557754,5.953973812073439,13.309146035520081,13.31299855047274,11.651988537240108
05/17/2023 13:13:38.463558,772,True,True,True,True,Eyes,2.234764,0.1118571,-2.595879,-0.9265494,-0.376063,0.009097243,0.0,0.0,0.0,0.0,0.0,0.0,0.0,2.144847,1.219147,2.536293,2.246085,0.1178585,-2.731424,0.1912928,-0.617106,0.07625372,0.7594556,22.62325,280.3082,352.5131,0.6602064,0.03251127,-0.7503796,0.0,0.0,0.0,1.627416,-0.1396801,-2.578456,0.04647248,0.01540608,0.6731927,0.2267311,-0.1202733,0.9665027,-0.3519185,0.9151849,0.1964436,-0.9081556,-0.38467,0.1651745,moving,-8.979186320621759,-0.9461437800182406,3.9490317038728118,1.3109906161006002,-0.6186689999999999,-0.2575386,0.152968,-0.15605489310446385,-0.016310267374972237,0.987613677485216,-6.490930859396294,6.029162047543321,13.120372632564505,13.123775256038526,11.456612063736063
05/17/2023 13:13:38.483883,773,True,True,True,True,Eyes,2.234742,0.1119832,-2.601823,-0.9274625,-0.3734952,0.01774039,0.0,0.0,0.0,0.0,0.0,0.0,0.0,2.131099,1.225725,2.549709,2.244998,0.117893,-2.736984,0.1918968,-0.6143628,0.07630592,0.7615192,22.70741,280.7122,352.5524,0.6593973,0.03252418,-0.7510902,0.0,0.0,0.0,1.627416,-0.1380406,-2.578454,0.0456646,0.01626407,0.67255,0.2334716,-0.1195717,0.9649839,-0.3520054,0.9147061,0.1985072,-0.9064124,-0.3860253,0.171468,moving,-8.903342391866127,-0.6753611152398289,3.884290141765191,1.3852962315426234,-0.6175819999999999,-0.2559336,0.15853000000000028,-0.1547575311041247,-0.011644998473775509,0.9878838875818068,-6.403246645977188,6.128546295897106,12.949884100770124,12.952600299400682,11.328364150756789
05/17/2023 13:13:38.503732,774,True,True,True,True,Eyes,2.234668,0.1121169,-2.607744,-0.9282497,-0.3710292,0.02626476,0.0,0.0,0.0,0.0,0.0,0.0,0.0,2.118441,1.233919,2.561218,2.24397,0.1180176,-2.742418,0.1927766,-0.6118301,0.07624315,0.7633402,22.80549,281.0703,352.5519,0.6585833,0.03253519,-0.7518036,0.0,0.0,0.0,1.627415,-0.1356126,-2.57845,0.04450747,0.01785089,0.6716449,0.239702,-0.1194942,0.9634647,-0.352292,0.9140483,0.2010126,-0.9046732,-0.387604,0.1770024,moving,-8.793044628001152,-0.3968112515573163,3.7912404494857963,1.522441299824684,-0.616555,-0.25363020000000003,0.16396799999999967,-0.15286229040653088,-0.00684421431484486,0.98822380426838,-6.298169711577276,6.2286653778991115,12.72741383712835,12.729798162871514,11.13304731289732
05/17/2023 13:13:38.524524,775,True,True,True,True,Eyes,2.234545,0.1122506,-2.613632,-0.9290074,-0.3684179,0.0348341,0.0,0.0,0.0,0.0,0.0,0.0,0.0,2.105426,1.241637,2.572887,2.242678,0.1183318,-2.74784,0.1936346,-0.6094264,0.07512005,0.765155,22.82273,281.4018,352.4531,0.6577643,0.03254477,-0.7525198,0.0,0.0,0.0,1.627415,-0.1333914,-2.578447,0.04334381,0.01922445,0.6710305,0.245913,-0.121055,0.9617029,-0.3509689,0.9137253,0.2047606,-0.9035195,-0.3878812,0.1822104,moving,-8.647611751674544,-0.19978616807148541,3.69576672604846,1.6410262150866124,-0.6152630000000001,-0.2517232,0.1693929999999999,-0.1503560303480933,-0.0034472796186206522,0.9886258610916339,-6.192772909829929,6.295062698409988,12.47755990238751,12.479887117851012,10.929010555326723
05/17/2023 13:13:38.533802,776,True,True,True,True,Eyes,2.234364,0.1123867,-2.619503,-0.9296726,-0.3658307,0.04332073,0.0,0.0,0.0,0.0,0.0,0.0,0.0,2.090481,1.248104,2.586478,2.241316,0.1184325,-2.753218,0.1942685,-0.6068574,0.07340271,0.7672002,22.77887,281.7633,352.3237,0.6569401,0.03255311,-0.7532392,0.0,0.0,0.0,1.627414,-0.1310227,-2.578444,0.04193569,0.02078823,0.6704262,0.2526723,-0.1231574,0.9596818,-0.3484157,0.9137436,0.2089957,-0.9026424,-0.3871756,0.1879677,moving,-8.526912423823353,-0.07584844800157517,3.579233227539,1.7760289445916573,-0.613902,-0.2494552,0.17477399999999976,-0.14827381358659103,-0.0013091718373936245,0.9889454444885075,-6.11300769236616,6.334914475925409,12.244480691913216,12.246967478081972,10.71088097857913
05/17/2023 13:13:38.553858,777,True,True,True,True,Eyes,2.234122,0.1125003,-2.625353,-0.9303181,-0.363062,0.05190563,0.0,0.0,0.0,0.0,0.0,0.0,0.0,2.076126,1.250266,2.601538,2.239784,0.1186024,-2.758761,0.1942859,-0.604349,0.07153251,0.7693493,22.66912,282.1385,352.2291,0.6561114,0.03256046,-0.7539608,0.0,0.0,0.0,1.627414,-0.1285246,-2.57844,0.04072599,0.02145224,0.6700982,0.2592907,-0.1247661,0.9577065,-0.3449,0.9142722,0.2124863,-0.9021153,-0.3854087,0.1940305,moving,-8.407627463806664,-0.0024079342594031227,3.4779390079379713,1.8336165870318235,-0.6123700000000003,-0.24712699999999999,0.18032099999999973,-0.14621472173640077,-4.1574717831754926e-05,0.9892528649826577,-6.043727155367138,6.355398020481317,12.024020623552506,12.026540499954377,10.540808026774704
05/17/2023 13:13:38.573674,778,True,True,True,True,Eyes,2.233821,0.1126179,-2.631179,-0.9308636,-0.3603364,0.0604207,0.0,0.0,0.0,0.0,0.0,0.0,0.0,2.061668,1.249349,2.617664,2.238144,0.1180957,-2.764105,0.1937636,-0.6017632,0.07012682,0.771634,22.54622,282.5493,352.223,0.655277,0.0325663,-0.7546858,0.0,0.0,0.0,1.627413,-0.1263731,-2.578437,0.03864151,0.02202744,0.6704243,0.2659265,-0.1249751,0.9558579,-0.341424,0.9150758,0.2146297,-0.9015058,-0.3834286,0.2006734,moving,-8.323080696262094,0.060927319253869024,3.298729819569164,1.8818313939448978,-0.6107310000000001,-0.24446879999999999,0.18566799999999972,-0.14475472565703107,0.0010521821386232089,0.9894670213155741,-5.992425669477644,6.374264314182119,11.761080472347434,11.763595169637231,10.320248246262091
05/17/2023 13:13:38.582711,779,True,True,True,True,Eyes,2.233456,0.1127255,-2.636968,-0.9312856,-0.3577107,0.06892188,0.0,0.0,0.0,0.0,0.0,0.0,0.0,2.047866,1.247803,2.633335,2.236425,0.1182991,-2.76941,0.1932548,-0.5991794,0.0692229,0.7738506,22.46101,282.961,352.2606,0.6544386,0.03257096,-0.7554128,0.0,0.0,0.0,1.627413,-0.1240236,-2.578434,0.03625976,0.02643807,0.670042,0.2723844,-0.1244522,0.954106,-0.338725,0.9157215,0.2161468,-0.9005954,-0.3820545,0.2072732,moving,-8.24414940857692,0.1611510777241827,3.097577093343615,2.2595664855470026,-0.6090120000000001,-0.2423227,0.19097600000000003,-0.14339101317900016,0.002783548022906729,0.9896622193478379,-5.93652954288742,6.407715054493652,11.530807950289056,11.534214635949636,9.940936538618871
05/17/2023 13:13:38.603502,780,True,True,True,True,Eyes,2.233039,0.1128132,-2.642734,-0.931623,-0.3550539,0.07755887,0.0,0.0,0.0,0.0,0.0,0.0,0.0,2.028544,1.251141,2.650322,2.234539,0.1181683,-2.774422,0.1933848,-0.5958526,0.06856762,0.7764409,22.45862,283.4608,352.2902,0.653595,0.03257432,-0.7561427,0.0,0.0,0.0,1.627412,-0.1215278,-2.57843,0.03604501,0.02736637,0.6699843,0.2805164,-0.1239802,0.9518086,-0.3369351,0.9158016,0.2185914,-0.8987688,-0.3820161,0.2151241,moving,-8.25024764983793,0.3294958339729991,3.079531649163828,2.339019524756326,-0.6071269999999998,-0.23969610000000002,0.19599199999999994,-0.14349458021437073,0.005691241686801851,0.9896347707952922,-5.906560355221563,6.472992630077399,11.503024635310137,11.506610466506121,9.89138934360573
05/17/2023 13:13:38.618509,781,True,True,True,True,Eyes,2.232563,0.1129073,-2.64847,-0.9318709,-0.352365,0.08634478,0.0,0.0,0.0,0.0,0.0,0.0,0.0,2.006975,1.2581,2.667611,2.232867,0.1177615,-2.77981,0.1939521,-0.5920873,0.06859419,0.7791728,22.5489,284.013,352.3603,0.6527465,0.03257598,-0.7568752,0.0,0.0,0.0,1.627411,-0.1193609,-2.578427,0.03464596,0.02713441,0.6697981,0.289455,-0.1227797,0.9492845,-0.3365666,0.9153548,0.2210169,-0.8960686,-0.3834718,0.2236304,moving,-8.309093469282773,0.5895378656656638,2.9610411287426293,2.319859534283434,-0.6054560000000002,-0.2371224,0.20138299999999987,-0.14450574964882973,0.010181198886737602,0.9894515248523885,-5.883048108591213,6.577066855114926,11.398655916639413,11.402190444581137,9.815382244745516
05/17/2023 13:13:38.633731,782,True,True,True,True,Eyes,2.23202,0.1129961,-2.65419,-0.9319955,-0.3497622,0.09513583,0.0,0.0,0.0,0.0,0.0,0.0,0.0,1.985536,1.263647,2.684762,2.231014,0.1179762,-2.784917,0.1944324,-0.5884427,0.0681708,0.7818466,22.59792,284.5452,352.3922,0.6518932,0.03257637,-0.7576103,0.0,0.0,0.0,1.627411,-0.117027,-2.578424,0.03252476,0.02916334,0.6693032,0.2981759,-0.1222264,0.946653,-0.3354228,0.9150976,0.2238034,-0.8936345,-0.3842618,0.2318625,moving,-8.343170968391492,0.8013492038117367,2.7820973536026328,2.4949530096138353,-0.6036030000000001,-0.23500320000000002,0.20649300000000004,-0.14508785302253713,0.013837740237800183,0.9893220236956723,-5.857511208535614,6.660929985710755,11.2493378444152,11.253438989366463,9.591569228877104
05/17/2023 13:13:38.643425,783,True,True,True,True,Eyes,2.231413,0.1130799,-2.659887,-0.9320213,-0.3471888,0.1039056,0.0,0.0,0.0,0.0,0.0,0.0,0.0,1.963533,1.266866,2.703233,2.228898,0.1179323,-2.790338,0.1945491,-0.5847662,0.06716559,0.7846578,22.57307,285.0904,352.3998,0.6510351,0.03257549,-0.7583478,0.0,0.0,0.0,1.62741,-0.1146376,-2.57842,0.03087778,0.03211932,0.6692255,0.3070745,-0.1221275,0.9438168,-0.3329355,0.9152789,0.2267567,-0.8915488,-0.3838613,0.2403982,moving,-8.380694965956513,0.9318604974883153,2.6417293419953576,2.7477888744180197,-0.601488,-0.2325699,0.21191800000000027,-0.14573084169321915,0.016089695296013784,0.9891935016442223,-5.8493935336367215,6.713687092724324,11.16610983919475,11.171008615817412,9.371633601835248
05/17/2023 13:13:38.663541,784,True,True,True,True,Eyes,2.230736,0.1131577,-2.665565,-0.9321044,-0.3441465,0.1128919,0.0,0.0,0.0,0.0,0.0,0.0,0.0,1.944057,1.265905,2.721311,2.226736,0.1178782,-2.795561,0.1941039,-0.5815072,0.0658199,0.7872998,22.46911,285.5898,352.4069,0.6501722,0.03257339,-0.7590879,0.0,0.0,0.0,1.62741,-0.1122926,-2.578417,0.02952213,0.03555519,0.6689246,0.3150342,-0.1221056,0.9411928,-0.3293856,0.9159828,0.2290864,-0.8900892,-0.3821854,0.2483461,moving,-8.359998058629257,1.0222655063089232,2.5270359484384226,3.0425657805082595,-0.5993259999999998,-0.2301708,0.21714400000000023,-0.1453696656947957,0.017651435267564825,0.9892199422656209,-5.822250420369617,6.747171237474048,11.067077472932592,11.072900372936534,9.134258834746497
05/17/2023 13:13:38.683651,785,True,True,True,True,Eyes,2.229972,0.1132197,-2.671231,-0.9321788,-0.3407934,0.1220764,0.0,0.0,0.0,0.0,0.0,0.0,0.0,1.92535,1.262686,2.739722,2.224394,0.1177476,-2.801005,0.1933532,-0.5784044,0.06392666,0.7899217,22.29768,286.0708,352.3805,0.6493038,0.03257008,-0.759831,0.0,0.0,0.0,1.627409,-0.1099458,-2.578414,0.02883007,0.03818188,0.6686871,0.3227235,-0.1226786,0.9385092,-0.3246668,0.9170558,0.2315169,-0.8890675,-0.3794187,0.2561259,moving,-8.307314332313812,1.0645327212859015,2.468746537713359,3.2680272737117546,-0.5969850000000001,-0.2276934,0.22259099999999998,-0.14445811274997572,0.018383661250069072,0.9893401835312857,-5.789737448203132,6.760006898197374,10.992498725265776,10.999039781594627,8.966408391516744
05/17/2023 13:13:38.703716,786,True,True,True,True,Eyes,2.229128,0.1132723,-2.676886,-0.9321541,-0.3374493,0.1312127,0.0,0.0,0.0,0.0,0.0,0.0,0.0,1.904839,1.260105,2.758303,2.221653,0.1172835,-2.806245,0.1926852,-0.5751105,0.06181818,0.7926531,22.12136,286.5731,352.3308,0.6484286,0.03256527,-0.7605783,0.0,0.0,0.0,1.627409,-0.1075009,-2.57841,0.02803678,0.04123475,0.6681823,0.330853,-0.1236298,0.9355491,-0.3196313,0.9181019,0.2343604,-0.8879033,-0.3765695,0.2642408,moving,-8.276877869556902,1.0934150451531908,2.402708678891883,3.531348863429078,-0.5942439999999998,-0.2247844,0.22783500000000023,-0.14393119409284455,0.018883841857360834,0.9894075402695817,-5.770084874689509,6.769142568357051,10.94692372396642,10.95431833333784,8.79078281753865
05/17/2023 13:13:38.713632,787,True,True,True,True,Eyes,2.228199,0.1132993,-2.682523,-0.9321057,-0.3338658,0.1404012,0.0,0.0,0.0,0.0,0.0,0.0,0.0,1.88614,1.256945,2.77589,2.218926,0.1170781,-2.8117,0.1919872,-0.5720285,0.05975794,0.7952065,21.94432,287.0426,352.2797,0.6475471,0.03255891,-0.7613293,0.0,0.0,0.0,1.627408,-0.1051723,-2.578407,0.02761631,0.04451532,0.6679245,0.338425,-0.1246044,0.932707,-0.314684,0.9191399,0.2369724,-0.8868159,-0.3737054,0.2718489,moving,-8.21691576562045,1.1417031320065205,2.3676287826567926,3.812966311592834,-0.5915180000000002,-0.22225040000000001,0.2332930000000002,-0.1428933439850364,0.019720688979550455,0.9895415564868996,-5.733044807785708,6.783821475532625,10.907997495337714,10.916420213104619,8.628261297851399
05/17/2023 13:13:38.733685,788,True,True,True,True,Eyes,2.227179,0.1132948,-2.68815,-0.9319471,-0.3303172,0.1495498,0.0,0.0,0.0,0.0,0.0,0.0,0.0,1.865763,1.252898,2.794495,2.215949,0.1164551,-2.817097,0.1911049,-0.5686821,0.05789855,0.797952,21.76723,287.5579,352.2675,0.6466584,0.03255048,-0.7620846,0.0,0.0,0.0,1.627408,-0.1028706,-2.578404,0.02712628,0.04775786,0.667508,0.3464969,-0.1249553,0.9296914,-0.3097564,0.9202533,0.2391334,-0.8854326,-0.3708368,0.2801593,moving,-8.20044257090872,1.1846574785799666,2.327113124588807,4.092339138690157,-0.5885410000000002,-0.2193257,0.23869300000000004,-0.14260671082024085,0.02046339311131029,0.9895678693579809,-5.717088024142523,6.799295644764808,10.912231078825027,10.921723378585614,8.48744871248306
05/17/2023 13:13:38.753879,789,True,True,True,True,Eyes,2.226072,0.1132634,-2.693758,-0.9317318,-0.326623,0.158724,0.0,0.0,0.0,0.0,0.0,0.0,0.0,1.847617,1.24755,2.811826,2.212741,0.1156782,-2.822557,0.1900088,-0.5654916,0.05684072,0.8005531,21.62376,288.0624,352.3416,0.6457627,0.03253935,-0.7628441,0.0,0.0,0.0,1.627407,-0.1005369,-2.5784,0.02683547,0.05108114,0.667148,0.353977,-0.1238887,0.9270124,-0.3059047,0.9213316,0.2399383,-0.8838115,-0.3685101,0.2882321,moving,-8.177631764557376,1.2838042995592647,2.3034330133516034,4.378390585689039,-0.5853339999999998,-0.2162151,0.2441570000000004,-0.14220753442616796,0.02217703518277858,0.9895884173226628,-5.687268383709023,6.836010195375014,10.917602422552779,10.928365987695813,8.360095870437114
05/17/2023 13:13:38.764089,790,True,True,True,True,Eyes,2.224874,0.1132061,-2.699357,-0.9313957,-0.3230061,0.1678366,0.0,0.0,0.0,0.0,0.0,0.0,0.0,1.830433,1.241451,2.828591,2.209539,0.1149739,-2.827955,0.1887895,-0.5623168,0.05655456,0.803094,21.52053,288.5736,352.4966,0.6448589,0.03252508,-0.7636089,0.0,0.0,0.0,1.627407,-0.09812337,-2.578397,0.02688749,0.05344465,0.6667057,0.361203,-0.1214817,0.9245401,-0.3031562,0.9223202,0.2396282,-0.8818325,-0.3668345,0.2963169,moving,-8.166773325428005,1.4276305539157725,2.3094227716636335,4.583160056531406,-0.5821319999999999,-0.21309727,0.2495580000000004,-0.14201171918435307,0.024661768897328518,0.9895577212494575,-5.654257827077117,6.890727112214719,10.92919471831596,10.941117452371845,8.291264945425084
05/17/2023 13:13:38.783717,791,True,True,True,True,Eyes,2.223578,0.1131438,-2.704949,-0.9309827,-0.3192764,0.1770137,0.0,0.0,0.0,0.0,0.0,0.0,0.0,1.815219,1.234114,2.844304,2.20613,0.1142956,-2.833381,0.1873768,-0.5592743,0.05702917,0.8055123,21.44812,289.077,352.7342,0.6439466,0.03250733,-0.7643791,0.0,0.0,0.0,1.627406,-0.09589629,-2.578394,0.02673267,0.0556526,0.6662577,0.3679201,-0.1177147,0.9223765,-0.3014655,0.9232752,0.2380788,-0.8796327,-0.3656586,0.3042046,moving,-8.147736964522323,1.6221328569631772,2.297681530709909,4.774840021801857,-0.578724,-0.21019189,0.2549870000000003,-0.1416703863276616,0.028022262598270148,0.989517211432214,-5.607610340773551,6.964437816424349,10.897668978351,10.91083544041265,8.202924970738069
05/17/2023 13:13:38.804055,792,True,True,True,True,Eyes,2.222201,0.1130806,-2.710526,-0.9304646,-0.3156071,0.1860853,0.0,0.0,0.0,0.0,0.0,0.0,0.0,1.80081,1.22532,2.85986,2.202608,0.114048,-2.838773,0.1858303,-0.5563566,0.05736202,0.807864,21.35089,289.5634,352.9635,0.6430256,0.03248636,-0.7651551,0.0,0.0,0.0,1.627406,-0.09354165,-2.578391,0.02702773,0.0577096,0.6658745,0.374354,-0.1140944,0.92024,-0.2994573,0.9243534,0.2364238,-0.8776016,-0.3640788,0.311869,moving,-8.11372611200971,1.7884281418438308,2.324349791569738,4.953298187285071,-0.5752020000000002,-0.20758965000000001,0.26038200000000034,-0.14107101813680706,0.030896785140478,0.9895172099612457,-5.559553331565585,7.026296294780439,10.892849571022364,10.90732923191636,8.15188626077807
05/17/2023 13:13:38.813807,793,True,True,True,True,Eyes,2.220736,0.1130113,-2.716082,-0.9298822,-0.3118237,0.1951541,0.0,0.0,0.0,0.0,0.0,0.0,0.0,1.787646,1.218621,2.873599,2.199266,0.1139549,-2.844033,0.1846547,-0.5537339,0.05715875,0.8099473,21.24905,289.9866,353.1038,0.642095,0.03246251,-0.7659372,0.0,0.0,0.0,1.627405,-0.09109789,-2.578387,0.02720328,0.06001568,0.6653346,0.3802234,-0.111908,0.9180996,-0.2970903,0.925271,0.2358197,-0.8758811,-0.3624226,0.318563,moving,-8.023322792110463,1.953701650544553,2.341326413407409,5.154344910526717,-0.5718610000000002,-0.20505278999999998,0.2656459999999998,-0.1394966347112484,0.03375858764347964,0.9896469548126212,-5.485703133575637,7.084064317219948,10.831693127634638,10.847583621761645,8.0614023915144
05/17/2023 13:13:38.833824,794,True,True,True,True,Eyes,2.219185,0.1129551,-2.721625,-0.9292135,-0.3080726,0.2040919,0.0,0.0,0.0,0.0,0.0,0.0,0.0,1.772907,1.212925,2.887563,2.195631,0.1137038,-2.84933,0.1836414,-0.5509782,0.0563846,0.8121082,21.12517,290.4165,353.1791,0.6411549,0.03243599,-0.7667253,0.0,0.0,0.0,1.627405,-0.08889899,-2.578384,0.02770562,0.06169126,0.6650707,0.3864877,-0.110784,0.9156168,-0.2939455,0.9261932,0.23614,-0.8741986,-0.3604067,0.3253978,moving,-7.944837308382186,2.0829376565248565,2.3854573384807054,5.299531631440122,-0.5682260000000001,-0.20260278999999998,0.27094600000000035,-0.13813004888058844,0.03599770206166203,0.9897596749419257,-5.424363242546929,7.128725213689011,10.802394239790855,10.819494641177346,8.021174893317271
05/17/2023 13:13:38.853540,795,True,True,True,True,Eyes,2.217541,0.1129417,-2.727144,-0.9284604,-0.3041961,0.2131341,0.0,0.0,0.0,0.0,0.0,0.0,0.0,1.761083,1.206542,2.899958,2.192047,0.1139372,-2.854621,0.1826437,-0.5486776,0.0552066,0.8139697,20.97215,290.7741,353.2005,0.6402054,0.03240749,-0.7675195,0.0,0.0,0.0,1.627404,-0.08592018,-2.57838,0.02787302,0.06373592,0.6644123,0.3918102,-0.110552,0.9133801,-0.290298,0.927187,0.2367516,-0.8730475,-0.3579141,0.3311884,moving,-7.791939059605639,2.1947567992498924,2.4022290510327857,5.479517906589103,-0.564643,-0.19985738,0.27624099999999974,-0.1354785621998218,0.03794328585787496,0.9900535300925686,-5.332116771330887,7.161795928063075,10.692049408490139,10.710309005824515,7.915185698481672
05/17/2023 13:13:38.863560,796,True,True,True,True,Eyes,2.215811,0.1129838,-2.732636,-0.9276139,-0.3003432,0.2220955,0.0,0.0,0.0,0.0,0.0,0.0,0.0,1.748209,1.200082,2.912499,2.188167,0.1148823,-2.859687,0.1817998,-0.5463604,0.05324413,0.8158458,20.78255,291.1201,353.1334,0.6392462,0.03237851,-0.7683198,0.0,0.0,0.0,1.627403,-0.08426823,-2.578377,0.02881157,0.06396919,0.6642,0.3973107,-0.1117785,0.9108512,-0.2855344,0.9282278,0.2384603,-0.8721321,-0.3548222,0.3368782,moving,-7.630526809240166,2.2573463441500996,2.4838108076795806,5.501196941018745,-0.560764,-0.19915053,0.28130999999999995,-0.13268325744438353,0.03903968560733953,0.9903893439053795,-5.245532015955097,7.175336097692215,10.603045333024657,10.621788555786774,7.908570186903588
05/17/2023 13:13:38.884293,797,True,True,True,True,Eyes,2.213988,0.1131044,-2.7381,-0.9266318,-0.2964179,0.2312787,0.0,0.0,0.0,0.0,0.0,0.0,0.0,1.730398,1.195344,2.927081,2.184356,0.1162192,-2.864613,0.1812713,-0.5434768,0.05077301,0.8180439,20.59523,291.5309,353.0072,0.6382768,0.03235073,-0.7691266,0.0,0.0,0.0,1.627403,-0.08192129,-2.578374,0.0294293,0.06484224,0.6636528,0.4041103,-0.1139644,0.9075831,-0.2801026,0.9291256,0.2413879,-0.8707683,-0.3517637,0.3435475,moving,-7.520458535854064,2.3105972688410747,2.539084803547265,5.580375569066526,-0.5569530000000003,-0.19814049,0.2862389999999997,-0.13077560063472754,0.03997035887388231,0.990605882263708,-5.1844308914700985,7.188643022863853,10.55817515677226,10.577611371662266,7.8891836646210285
05/17/2023 13:13:38.903790,798,True,True,True,True,Eyes,2.21208,0.1133058,-2.743534,-0.9255048,-0.2925841,0.24049,0.0,0.0,0.0,0.0,0.0,0.0,0.0,1.707913,1.191561,2.943641,2.180354,0.1181414,-2.869478,0.1809536,-0.5399541,0.04831536,0.820592,20.43559,292.0251,352.8817,0.637297,0.03232632,-0.7699395,0.0,0.0,0.0,1.627402,-0.07954396,-2.578371,0.0303158,0.06666336,0.6629605,0.4122306,-0.1161188,0.9036496,-0.2747076,0.9298429,0.2448019,-0.8686782,-0.3491543,0.3514109,moving,-7.489127175752229,2.3733567560845317,2.6181925147273923,5.7420215533437995,-0.5529519999999999,-0.19768535999999998,0.2911069999999998,-0.13022814103230657,0.04105839123984034,0.990633570139795,-5.157769311205812,7.2107758361934025,10.633090747664559,10.653910729955028,7.9134582491954495
05/17/2023 13:13:38.913677,799,True,True,True,True,Eyes,2.210096,0.1135521,-2.748963,-0.924179,-0.288804,0.2499709,0.0,0.0,0.0,0.0,0.0,0.0,0.0,1.679753,1.189086,2.962612,2.176389,0.1202619,-2.874271,0.1807926,-0.5355877,0.04650814,0.8235879,20.34154,292.6391,352.8286,0.6363071,0.0323073,-0.7707586,0.0,0.0,0.0,1.627402,-0.07725629,-2.578367,0.03112219,0.06922707,0.6621968,0.4219658,-0.1170535,0.8990236,-0.2702677,0.9303021,0.2479789,-0.8653902,-0.3476156,0.3609199,moving,-7.5596782515598875,2.4911604541347874,2.6908299092937047,5.968110056794492,-0.5489869999999999,-0.19751819,0.2959039999999997,-0.13143661183550653,0.043088175595080186,0.9903877278606094,-5.167348733497853,7.260800618949985,10.801161850859193,10.824144127604804,7.963794351407579
05/17/2023 13:13:38.933886,800,True,True,True,True,Eyes,2.208048,0.1138502,-2.754354,-0.922702,-0.2851419,0.2594514,0.0,0.0,0.0,0.0,0.0,0.0,0.0,1.653864,1.18661,2.980433,2.172801,0.1214812,-2.879317,0.1804265,-0.5313614,0.04586445,0.826437,20.30169,293.2487,352.8993,0.6353071,0.03229446,-0.7715836,0.0,0.0,0.0,1.627401,-0.07475642,-2.578364,0.03191055,0.07266726,0.6613634,0.4311031,-0.1159352,0.8948236,-0.2675515,0.9306855,0.249481,-0.8617229,-0.3469634,0.3702028,moving,-7.625669068690491,2.6728163767436888,2.7623587977155215,6.270218314879923,-0.5454000000000001,-0.19623762,0.3009529999999998,-0.13255862027297904,0.04622100207687822,0.9900968356983588,-5.1623930074909,7.335134258679891,10.967273830649171,10.993289937854554,7.995982562604912
05/17/2023 13:13:38.953776,801,True,True,True,True,Eyes,2.20594,0.1142066,-2.759694,-0.9210501,-0.281552,0.2690635,0.0,0.0,0.0,0.0,0.0,0.0,0.0,1.627003,1.183441,2.998325,2.169269,0.1229433,-2.883883,0.1799974,-0.5270394,0.04541305,0.829318,20.26844,293.8737,352.9948,0.634297,0.03228866,-0.7724145,0.0,0.0,0.0,1.627401,-0.07254782,-2.578361,0.03304154,0.0760038,0.6606957,0.4403343,-0.1144077,0.8905148,-0.2650551,0.9310772,0.2506812,-0.8578179,-0.346419,0.3796609,moving,-7.6960022486080115,2.8590829738039956,2.8629895611152567,6.562232927059346,-0.5418679999999998,-0.19549112000000002,0.30552199999999985,-0.13375332759165504,0.04943151818744576,0.9897810640813974,-5.1585409557718425,7.4115294442256605,11.160099611054802,11.189532055188822,8.0663657496683
05/17/2023 13:13:38.963549,802,True,True,True,True,Eyes,2.203774,0.1145785,-2.765007,-0.9192605,-0.2779749,0.2787293,0.0,0.0,0.0,0.0,0.0,0.0,0.0,1.593568,1.180152,3.019203,2.165557,0.1246842,-2.88836,0.1796562,-0.5219843,0.04397642,0.8326597,20.1876,294.5869,353.0038,0.6332778,0.03229093,-0.7732502,0.0,0.0,0.0,1.6274,-0.07018273,-2.578357,0.03450745,0.07839625,0.6599183,0.4511969,-0.1143207,0.8850718,-0.2607902,0.9315794,0.253275,-0.8534693,-0.345095,0.3905121,moving,-7.843865839864542,2.9725482603760383,2.99329807527356,6.774809903338724,-0.5381570000000002,-0.19486693,0.31000300000000003,-0.13629383482809015,0.051373571554161196,0.9893354746001851,-5.204599667617774,7.464950303291076,11.452298681456941,11.484829790863978,8.226896205407556
05/17/2023 13:13:38.983718,803,True,True,True,True,Eyes,2.201549,0.1149284,-2.770298,-0.91732,-0.2743925,0.288501,0.0,0.0,0.0,0.0,0.0,0.0,0.0,1.561605,1.172295,3.04097,2.162004,0.1254764,-2.89316,0.178584,-0.5171762,0.04194139,0.8359892,19.99698,295.2785,352.9956,0.6322501,0.03230092,-0.7740902,0.0,0.0,0.0,1.6274,-0.06786577,-2.578354,0.03563835,0.08021522,0.659146,0.4615396,-0.1145937,0.8796872,-0.2548438,0.9326973,0.2552064,-0.8497269,-0.3419707,0.4012733,moving,-7.951146522231792,2.979216356830889,3.094823925686681,6.938530187378144,-0.5346040000000001,-0.19334216999999998,0.3148059999999999,-0.1381453107329545,0.05147538294538531,0.9890734105870863,-5.252748563672816,7.47455263415973,11.699565625858465,11.734122427563598,8.364764582973343
05/17/2023 13:13:39.003686,804,True,True,True,True,Eyes,2.199271,0.1152894,-2.775553,-0.9152934,-0.2707309,0.2982326,0.0,0.0,0.0,0.0,0.0,0.0,0.0,1.53282,1.160281,3.062175,2.15837,0.1252392,-2.898011,0.1768122,-0.5127817,0.03985924,0.8391684,19.73246,295.9293,353.0171,0.6312137,0.03231726,-0.7749349,0.0,0.0,0.0,1.627399,-0.06551732,-2.578351,0.03696588,0.08121079,0.6584086,0.4709325,-0.1144349,0.8747155,-0.2482294,0.9342974,0.2558723,-0.8465251,-0.3376286,0.4115849,moving,-8.011381167725176,2.927143504428039,3.21345693474504,7.031578694275824,-0.5309710000000001,-0.19075651999999998,0.31965999999999983,-0.1391914840691354,0.050568965502574864,0.9889734184960488,-5.2906512157422,7.458432994742885,11.91587210668683,11.951710281559203,8.51481415117269
05/17/2023 13:13:39.013912,805,True,True,True,True,Eyes,2.196951,0.115634,-2.780737,-0.9131724,-0.2671161,0.3078392,0.0,0.0,0.0,0.0,0.0,0.0,0.0,1.509819,1.143808,3.081527,2.154822,0.1258192,-2.902511,0.174555,-0.509167,0.03782263,0.8419319,19.41711,296.4823,353.0533,0.6301688,0.03233968,-0.775784,0.0,0.0,0.0,1.627399,-0.06286298,-2.578347,0.03775966,0.08280122,0.6572518,0.4786368,-0.1140671,0.870572,-0.2414434,0.9362001,0.2554106,-0.8441635,-0.3324428,0.420559,moving,-7.977241692659067,2.837797673050829,3.2880756042994306,7.180350452912213,-0.5274229999999998,-0.18868217999999998,0.3241640000000001,-0.13861282086930254,0.04903073627412037,0.9891320886760688,-5.292313161860367,7.421762371328672,12.036473062921669,12.073323421785492,8.583784194211477
05/17/2023 13:13:39.033720,806,True,True,True,True,Eyes,2.194587,0.1159946,-2.785871,-0.9109483,-0.2635219,0.3173789,0.0,0.0,0.0,0.0,0.0,0.0,0.0,1.487447,1.129661,3.098983,2.151075,0.125843,-2.90678,0.1725226,-0.5055704,0.03651617,0.8445716,19.16796,297.0305,353.1436,0.6291169,0.03236717,-0.7766361,0.0,0.0,0.0,1.627398,-0.06087829,-2.578344,0.03870632,0.08351417,0.6565451,0.4861303,-0.1127636,0.8665804,-0.2361257,0.9378051,0.2544924,-0.841381,-0.3283384,0.4292691,moving,-7.946817563280264,2.8205515454270333,3.373941566248712,7.249234296205448,-0.5236770000000002,-0.18672129,0.32843599999999995,-0.13808957141099953,0.0487366041305905,0.9892198829901544,-5.281648369202946,7.413121561158032,12.118358027734395,12.156184359241017,8.657141339166508
05/17/2023 13:13:39.053819,807,True,True,True,True,Eyes,2.1345,0.1246938,-2.912992,-0.8220652,-0.1703468,0.5433146,0.6162049,1.627939,0.01972528,-2.578199,0.03705271,0.9993072,0.003497038,0.04234165,0.1048649,0.6158983,2.147625,0.1265698,-2.910811,0.1709394,-0.5019841,0.03601355,0.8470507,19.01072,297.5697,353.2817,0.6280586,0.0323997,-0.7774909,0.0,0.0,0.0,1.627398,-0.05852942,-2.578341,0.03822522,0.08560877,0.6553628,0.4934299,-0.1106071,0.8627242,-0.2326283,0.9389656,0.2534321,-0.8380997,-0.325745,0.4375833,moving,4.7688459468369135,9.761621662884547,3.338097919515381,7.442296327770844,-0.5202270000000002,-0.18509922,0.3324699999999998,0.08194046816125228,0.16897924879452408,0.9822075916265327,1.9307546431916887,9.254571490145342,2.699085127338616,2.725125671925012,2.2945492719863343
05/17/2023 13:13:39.063570,808,True,True,True,True,Eyes,2.134378,0.1247267,-2.913159,-0.8218802,-0.1703077,0.5436068,0.6164854,1.627701,0.01973452,-2.578033,0.02117556,0.9996698,0.01455671,0.04155198,0.1039341,0.6157683,2.144144,0.1266479,-2.915014,0.1700183,-0.4977644,0.03616748,0.8497156,18.96195,298.1822,353.4553,0.6243849,0.03261384,-0.7804353,-0.180263,0.02609765,-0.3813636,1.627397,-0.05622558,-2.578338,0.03736065,0.08904999,0.6543174,0.5018451,-0.1077939,0.8582144,-0.2307222,0.9395714,0.2529285,-0.8336179,-0.3249401,0.4466489,moving,4.213066972795202,9.645024255843797,3.267964132188351,7.750111769136029,-0.5167469999999998,-0.18287348,0.3366760000000002,0.07243267601161224,0.1671034369789424,0.983275178997818,1.6518838815584234,9.246069205394596,2.100933173180006,2.1175251383641602,2.2021816518110837
05/17/2023 13:13:39.083808,809,True,True,True,True,Eyes,2.134132,0.1248056,-2.913472,-0.8215095,-0.170307,0.5441669,0.6074929,1.63507,0.0213453,-2.582895,0.5124691,0.8008238,-0.3099304,0.04093727,0.1010693,0.6071005,2.141088,0.1274731,-2.919266,0.1689903,-0.4941304,0.03676167,0.8520131,18.9228,298.7196,353.6659,0.6210624,0.03280682,-0.783074,-0.1694473,0.02453179,-0.3584818,1.627397,-0.05390719,-2.578335,0.03658678,0.09141067,0.6533599,0.5089675,-0.1043636,0.8544357,-0.2296493,0.9401817,0.2516336,-0.8295863,-0.3242939,0.4545549,moving,3.756181440342706,9.54468105151144,3.2050957810792773,7.964474258639188,-0.5136909999999999,-0.18138029,0.3409309999999999,0.0646077021330469,0.16547025361330114,0.9840962289781913,1.4217596210672667,9.2373483436354,1.664042927375011,1.6735438183941922,2.191003490609115
05/17/2023 13:13:39.103853,810,True,True,True,True,Eyes,2.13378,0.1249399,-2.913924,-0.8210022,-0.1701749,0.5449733,0.6054391,1.636713,0.02190932,-2.583976,0.6220866,0.6832716,-0.3822931,0.0404861,0.09845439,0.605183,2.137823,0.1286501,-2.923201,0.1676539,-0.4903369,0.03690041,0.8544592,18.82593,299.2807,353.8528,0.6180543,0.03298207,-0.7854429,-0.1592804,0.02305988,-0.3369729,1.627396,-0.05131606,-2.578331,0.03605944,0.09342594,0.6522024,0.5164163,-0.101354,0.8503186,-0.2274736,0.941061,0.2503196,-0.8255726,-0.3226941,0.4629238,moving,3.292785596763502,9.39797767958732,3.1645887466177625,8.15198321722164,-0.510427,-0.17996616,0.34487000000000023,0.05666987164179571,0.16302872698280232,0.9849924702931538,1.1796074430976136,9.211187661073945,1.2494598879433716,1.252572006965361,2.249903293299741
05/17/2023 13:13:39.113761,811,True,True,True,True,Eyes,2.133329,0.125126,-2.914495,-0.8203179,-0.1699878,0.5460612,0.6039107,1.63793,0.02246859,-2.584722,0.7032548,0.5644494,-0.4322379,0.04084072,0.09507619,0.6042033,2.134917,0.1300961,-2.927052,0.1655351,-0.4872368,0.03717621,0.8566309,18.65277,299.767,354.0864,0.615327,0.03314297,-0.7875746,-0.1497236,0.02167629,-0.3167545,1.627396,-0.04921607,-2.578328,0.03604874,0.09412353,0.6512759,0.5224365,-0.09761697,0.8470721,-0.2250021,0.9424322,0.2473777,-0.8224562,-0.3198321,0.4703969,moving,2.9370303594415508,9.187106683314388,3.168143043215407,8.223547717448211,-0.5075210000000001,-0.17931217,0.34872400000000026,0.05058282466546976,0.1594546746062616,0.9859085799148745,0.9745737922215638,9.153241503953781,0.9907916236860322,0.9908879620331712,2.382451803410251
05/17/2023 13:13:39.133580,812,True,True,True,True,Eyes,2.132782,0.1253569,-2.915186,-0.8194892,-0.1696468,0.5474098,0.602784,1.638807,0.02309656,-2.585216,0.7617851,0.4506405,-0.46541,0.04058421,0.09154285,0.6035796,2.132043,0.1315053,-2.930616,0.1636042,-0.4838305,0.03643749,0.8589612,18.44043,300.2764,354.2091,0.6128507,0.03329241,-0.7894967,-0.1407402,0.02037571,-0.2977493,1.627395,-0.04690241,-2.578325,0.03652118,0.09438694,0.6502782,0.5291608,-0.09571665,0.8431058,-0.2209102,0.943812,0.2458002,-0.8192604,-0.3163185,0.4782835,moving,2.5598980031168588,8.95297036975133,3.214491208014848,8.258723263697089,-0.504648,-0.17840771,0.35229100000000013,0.04412068803134617,0.15547215698215378,0.9868545222543582,0.7551568966839435,9.087730531744189,0.9521033104546787,0.9541862020398901,2.5952992708673057
05/17/2023 13:13:39.154012,813,True,True,True,True,Eyes,2.132145,0.1256233,-2.915997,-0.8185317,-0.1691521,0.5489931,0.6019354,1.639442,0.02380472,-2.585538,0.8040881,0.3408546,-0.4870939,0.04028407,0.08817736,0.603252,2.129143,0.1327715,-2.934293,0.1619736,-0.4802677,0.03472869,0.8613371,18.20307,300.7858,354.2148,0.6105983,0.0334328,-0.791234,-0.1322958,0.01915317,-0.2798843,1.627394,-0.04449338,-2.578321,0.03662203,0.09483252,0.6487917,0.5362737,-0.09575512,0.838595,-0.2154075,0.945117,0.2456695,-0.8160945,-0.3123858,0.486215,moving,2.181270847711217,8.709661065104822,3.230718702316538,8.315914112393582,-0.501749,-0.17726487999999999,0.35597199999999996,0.037622880169546014,0.15132028608124615,0.9877685410028746,0.5332648677604235,9.018782399421369,1.1125233451834315,1.1208824480315045,2.787522379904933
05/17/2023 13:13:39.163610,814,True,True,True,True,Eyes,2.131418,0.1259213,-2.916928,-0.8176414,-0.1682852,0.5505839,0.6020738,1.639138,0.02460115,-2.585436,0.7837288,0.3939112,-0.4802115,0.04014564,0.08536724,0.6039661,2.126365,0.1338469,-2.938068,0.1604459,-0.4769018,0.03261191,0.863573,17.95193,301.2589,354.1654,0.6085449,0.03356605,-0.7928088,-0.124358,0.01800398,-0.2630912,1.627394,-0.04214351,-2.578318,0.03732772,0.09510397,0.6475269,0.5430023,-0.09670836,0.8341438,-0.2093594,0.9463871,0.2460081,-0.813214,-0.3082189,0.4936436,moving,1.8285023115583852,8.478571246378023,3.299255127580437,8.35544280651318,-0.49897099999999983,-0.17599040999999999,0.35975,0.03155959831593852,0.1473660627006789,0.988578390311282,0.3256708396124983,8.952848392052132,1.4609670056121433,1.475897848274177,3.033001310794793
05/17/2023 13:13:39.183853,815,True,True,True,True,Eyes,2.130596,0.1262474,-2.917976,-0.8167025,-0.1671909,0.5523083,0.6008316,1.639895,0.02579385,-2.586132,0.8344147,0.161042,-0.5270841,0.04018262,0.08212756,0.603296,2.12351,0.1348234,-2.941877,0.1586993,-0.4736892,0.02998502,0.8657565,17.64972,301.7092,354.0713,0.606668,0.03369373,-0.7942405,-0.1168965,0.01692374,-0.2473058,1.627393,-0.03972692,-2.578315,0.03757754,0.09568274,0.6459416,0.5494389,-0.09842882,0.829716,-0.2022677,0.9478309,0.2463826,-0.8106817,-0.3031969,0.5008662,moving,1.5045453121151455,8.212868322806392,3.329419441306571,8.425900396766297,-0.4961169999999999,-0.17455032,0.36356199999999994,0.025987157875692557,0.1428030006764697,0.9894100259352994,0.12461665126410804,8.871686283317901,1.8169489269907635,1.8372665163029076,3.235658507894885
05/17/2023 13:13:39.203806,816,True,True,True,True,Eyes,2.129683,0.126605,-2.919124,-0.8156196,-0.165894,0.5542958,0.6004382,1.639953,0.0269959,-2.586303,0.8384088,0.08204966,-0.5388306,0.04022801,0.0788642,0.6033751,2.120543,0.1357389,-2.94562,0.1568196,-0.4704154,0.02695637,0.8679807,17.31316,302.1646,353.9425,0.604948,0.03381713,-0.7955461,-0.1098827,0.01590831,-0.2324674,1.627393,-0.03743261,-2.578311,0.03818779,0.09659892,0.6441599,0.5559656,-0.1007455,0.8250774,-0.1943359,0.9493619,0.2468714,-0.8081682,-0.2975942,0.5082341,moving,1.1913889408877054,7.925172410228129,3.3927001004359263,8.528585211733503,-0.49315,-0.17317151,0.3673090000000001,0.020593659452300073,0.13785046316983218,0.9902389287601381,-0.07574182054408496,8.781340360440051,2.2572625881695916,2.2825156801590865,3.4776392171139863
05/17/2023 13:13:39.213709,817,True,True,True,True,Eyes,2.128671,0.1269827,-2.920385,-0.8144041,-0.1644624,0.5565053,0.6001129,1.639937,0.02828673,-2.586419,0.8371832,0.01768025,-0.5466368,0.03961393,0.07511206,0.6034882,2.117413,0.1367825,-2.949262,0.1546248,-0.4666341,0.02378101,0.8705046,16.94163,302.6924,353.8246,0.6033661,0.0339376,-0.7967415,-0.1032898,0.01495382,-0.2185194,1.627392,-0.03517343,-2.578308,0.03877628,0.09782002,0.6424097,0.5633742,-0.1029034,0.8197684,-0.1857093,0.9510512,0.2470091,-0.80506,-0.2913972,0.5166876,moving,0.8274933351724583,7.602852592732025,3.454220668018603,8.657948202042002,-0.49002100000000004,-0.17195593,0.37095400000000023,0.0143150476641416,0.13229218759724093,0.9911074233148343,-0.3062287191876474,8.680976939763573,2.8007414228920497,2.8307107280515638,3.7605198997613236
05/17/2023 13:13:39.233786,818,True,True,True,True,Eyes,2.127577,0.1273671,-2.921746,-0.8130089,-0.1629293,0.5589907,0.5998441,1.639899,0.02963492,-2.586439,0.8346719,-0.05308209,-0.5481836,0.03889614,0.07215625,0.6036195,2.1143,0.1375506,-2.953009,0.1524056,-0.4626972,0.02146985,0.873054,16.61771,303.2482,353.7965,0.6019053,0.03405598,-0.7978407,-0.09709239,0.01405659,-0.2054082,1.627392,-0.03275219,-2.578305,0.03965712,0.09943223,0.6404414,0.5709007,-0.1035466,0.8144633,-0.1785239,0.9526232,0.2462485,-0.8013748,-0.2859846,0.5253678,moving,0.46218474429555106,7.330116697955285,3.5433190343049987,8.825043795986732,-0.4869080000000001,-0.17030278999999998,0.37470400000000037,0.008000638600449306,0.12758188450120295,0.9917957871927551,-0.5277119413558586,8.599815125296855,3.389967276294024,3.4246453161606016,4.077256572609936
05/17/2023 13:13:39.253587,819,True,True,True,True,Eyes,2.126411,0.1277644,-2.923202,-0.8114697,-0.1614399,0.561653,0.599648,1.639815,0.0309573,-2.586408,0.8291016,-0.1188539,-0.5463189,0.03750449,0.07033229,0.6037865,2.111191,0.138057,-2.956874,0.1506527,-0.4581893,0.01985764,0.8757695,16.38385,303.8738,353.8204,0.6005517,0.03417261,-0.7988551,-0.09126685,0.01321319,-0.1930837,1.627391,-0.03041182,-2.578301,0.0408439,0.1003025,0.6386386,0.5793366,-0.1032734,0.8085194,-0.1728363,0.9538189,0.2456768,-0.796553,-0.2820711,0.5347328,moving,0.03844376330569152,7.137573300255189,3.6593470766586265,8.925775096702358,-0.4837999999999998,-0.16846882000000002,0.3785729999999998,0.0006657706312222511,0.12425217231554055,0.9922504533450391,-0.7605125225751626,8.553388827056148,3.998542625431067,4.038391569606288,4.435519181647181
05/17/2023 13:13:39.263554,820,True,True,True,True,Eyes,2.125168,0.1281845,-2.924759,-0.8097437,-0.1598988,0.5645773,0.5992625,1.639919,0.03236306,-2.586429,0.8361966,-0.02515106,-0.5478527,0.03589243,0.06881402,0.6039371,2.108165,0.1387812,-2.960841,0.1489085,-0.4534464,0.01911726,0.8785484,16.19957,304.5368,353.9355,0.599292,0.03428798,-0.7997956,-0.08579084,0.0124204,-0.1814987,1.627391,-0.0280464,-2.578298,0.04242179,0.1011745,0.6370128,0.5880417,-0.1014532,0.8024427,-0.1686349,0.9549216,0.2443093,-0.7910559,-0.2789839,0.5444251,moving,-0.39831444470542415,6.9956865702928,3.8099798539389846,9.024705458065572,-0.48077400000000003,-0.1668276,0.38254299999999963,-0.0069000908244416514,0.1217917220584185,0.9925317016554582,-0.9894491152894684,8.527338245704343,4.626339669809273,4.671900956884864,4.8251313530930195
05/17/2023 13:13:39.293852,821,True,True,True,True,Eyes,2.123844,0.1286223,-2.926434,-0.8079168,-0.1584182,0.567604,0.5994647,1.639527,0.03365621,-2.586175,0.8100701,-0.2478934,-0.5313522,0.03438315,0.06743501,0.6047347,2.105054,0.1397264,-2.964946,0.1473262,-0.4486758,0.01857661,0.8812719,16.0418,305.1988,354.0598,0.5981141,0.03440286,-0.8006718,-0.08064339,0.01167518,-0.1706088,1.62739,-0.02571923,-2.578295,0.04399264,0.1019016,0.635199,0.5966901,-0.09946125,0.7962841,-0.1649454,0.9558998,0.2429991,-0.7853368,-0.2763386,0.5539702,moving,-0.8279102942190796,6.878819155417171,3.9618670763219193,9.11400068345255,-0.4776640000000001,-0.16544563,0.3866510000000001,-0.014345270203090899,0.11975751937068606,0.992699618417606,-1.2102127261573128,8.510460262316396,5.234491851167463,5.285641278276196,5.2071749080627985
05/17/2023 13:13:39.303709,822,True,True,True,True,Eyes,2.122446,0.1290726,-2.928206,-0.805954,-0.1568452,0.5708221,0.5995026,1.639274,0.03504351,-2.585997,0.7932515,-0.3173705,-0.5196422,0.03384104,0.06592589,0.6055124,2.102091,0.1405276,-2.969155,0.1454381,-0.4446181,0.01789487,0.8836529,15.83967,305.7691,354.171,0.5970071,0.03451773,-0.8014926,-0.07580478,0.01097467,-0.1603722,1.62739,-0.02324344,-2.578291,0.04632121,0.1021481,0.6335885,0.603989,-0.09770314,0.7909814,-0.1609545,0.957055,0.2411209,-0.7805709,-0.2729464,0.562325,moving,-1.1512760481952038,6.734736869566404,4.181414921301315,9.158504768141603,-0.47470100000000026,-0.16377104,0.3908640000000001,-0.019953620702334918,0.11724950769652404,0.9929020811204095,-1.3873125244237126,8.476130364490567,5.801429648464037,5.857665388387541,5.610379683366296
05/17/2023 13:13:39.323444,823,True,True,True,True,Eyes,2.120986,0.1295124,-2.930063,-0.8039891,-0.1553171,0.5740019,0.5998911,1.63868,0.03633909,-2.585725,0.7536913,-0.4244255,-0.5018092,0.03344589,0.06431174,0.606461,2.098879,0.1412425,-2.97336,0.1435977,-0.4406368,0.016799,0.8859667,15.61965,306.3212,354.2324,0.5959612,0.03463293,-0.8022656,-0.0712565,0.01031619,-0.1507499,1.627389,-0.02109403,-2.578288,0.04870921,0.1010068,0.6321166,0.6111141,-0.09678216,0.7856034,-0.1563156,0.958195,0.239641,-0.7759542,-0.2692501,0.570438,moving,-1.4627435641221536,6.571504256413722,4.406351492476983,9.078623284827836,-0.4714900000000002,-0.16233652999999998,0.39507199999999987,-0.02535931028780858,0.11440628617051683,0.9931103477163183,-1.5626571801610882,8.433640225097655,6.3220638317679985,6.382156579560905,6.003754465446385
05/17/2023 13:13:39.333662,824,True,True,True,True,Eyes,2.119461,0.1299531,-2.932012,-0.8019101,-0.1537431,0.5773242,0.5998368,1.638445,0.03773236,-2.585711,0.7379979,-0.4520489,-0.5010099,0.03355616,0.06343619,0.6068572,2.095786,0.141451,-2.977512,0.1418294,-0.4371454,0.01602989,0.887993,15.42055,306.8087,354.3127,0.5949687,0.03474804,-0.8029969,-0.06698111,0.009697215,-0.1417049,1.627389,-0.01866185,-2.578285,0.05016154,0.09980263,0.6308032,0.617294,-0.09553129,0.7809109,-0.152469,0.9592549,0.2378722,-0.7718168,-0.2659018,0.5775768,moving,-1.7005186641008099,6.440175608079487,4.546599414656922,8.990538126484804,-0.46839699999999995,-0.16011285,0.3992269999999998,-0.029488190031435546,0.11211695276622285,0.9932573768849372,-1.6978235622966076,8.398614712512705,6.685506250916535,6.747653908228282,6.272415136381964
05/17/2023 13:13:39.354004,825,True,True,True,True,Eyes,2.117855,0.1303965,-2.934076,-0.7997289,-0.1522992,0.5807226,0.6002023,1.637856,0.03898616,-2.585525,0.6987842,-0.5222424,-0.488839,0.03360954,0.06280695,0.6077482,2.092686,0.1418874,-2.981722,0.1406071,-0.4335784,0.01498149,0.8899524,15.2635,307.29,354.333,0.594022,0.03486307,-0.8036926,-0.06296224,0.009115382,-0.1332026,1.627388,-0.01631733,-2.578281,0.05080372,0.09816391,0.6296258,0.6235708,-0.09526274,0.775941,-0.148594,0.9600104,0.2372759,-0.7675151,-0.2632584,0.5844789,moving,-1.9357720876627238,6.342976124073503,4.613130732758259,8.861548718072024,-0.465298,-0.15820473,0.40344099999999994,-0.033572621094217936,0.11041755108277591,0.993318147167541,-1.8251820609681921,8.37657682117906,6.953588349025602,7.016504547319722,6.456552436915359
05/17/2023 13:13:39.363850,826,True,True,True,True,Eyes,2.116193,0.1308337,-2.93624,-0.7974158,-0.15084,0.5842733,0.5991969,1.638384,0.04045081,-2.586145,0.7339572,-0.4245699,-0.5301389,0.03335825,0.06245022,0.6074119,2.089615,0.1422926,-2.986121,0.1398472,-0.4296197,0.01356886,0.8920121,15.13829,307.8076,354.2951,0.5931127,0.03497813,-0.8043588,-0.05918451,0.008568459,-0.1252105,1.627388,-0.0139841,-2.578278,0.0501588,0.09688798,0.6285961,0.6304855,-0.09595508,0.7702472,-0.1443694,0.9605173,0.2378319,-0.7626569,-0.2611497,0.5917392,moving,-2.2053231738705557,6.273628002034584,4.562247792378741,8.762268043079441,-0.4622269999999997,-0.1562767,0.40784299999999973,-0.038250537828334596,0.10919682744221335,0.9932838979943893,-1.962925679867437,8.367520776083659,7.147855692063784,7.210641166852791,6.537102894073634
05/17/2023 13:13:39.384562,827,True,True,True,True,Eyes,2.114466,0.1312587,-2.938523,-0.7950266,-0.1494837,0.5878668,0.6015202,1.636241,0.04134122,-2.584909,0.5912822,-0.6704236,-0.4482383,0.03304592,0.06271572,0.6105371,2.086587,0.1425578,-2.990771,0.1392976,-0.4256433,0.01192806,0.8940256,15.02411,308.3193,354.2207,0.5922356,0.0350929,-0.8049998,-0.05563344,0.008054351,-0.1176978,1.627387,-0.01170167,-2.578275,0.0496909,0.09707915,0.6276515,0.6373709,-0.09725422,0.7643952,-0.1399102,0.9609078,0.2389171,-0.757749,-0.2592255,0.5988479,moving,-2.4689929493504166,6.208269323915846,4.526640649352016,8.792294131746408,-0.4592000000000003,-0.15425947,0.412496,-0.04282654576096867,0.10804362120761454,0.9932232924725535,-2.097181691539065,8.359616673721607,7.393704623492748,7.45761849753513,6.637938850755602
05/17/2023 13:13:39.403717,828,True,True,True,True,Eyes,2.112685,0.131676,-2.940909,-0.7925038,-0.1480899,0.591614,0.6026376,1.635092,0.04243149,-2.58438,0.5146509,-0.751284,-0.4131671,0.03274262,0.06296761,0.6126179,2.083699,0.1426155,-2.99554,0.138623,-0.4216617,0.01026885,0.8960356,14.897,308.8325,354.1498,0.5913839,0.03520716,-0.8056208,-0.05229543,0.00757109,-0.110636,1.627386,-0.009313629,-2.578271,0.04867333,0.09709841,0.6266817,0.6441919,-0.09850149,0.7584947,-0.1353065,0.9613565,0.2397623,-0.7528007,-0.2570822,0.6059702,moving,-2.720997857144474,6.1325843553433055,4.441152419163781,8.807406880267584,-0.4563130000000002,-0.151929129,0.4172690000000001,-0.047201461232874165,0.10671046596571657,0.9931691270892941,-2.22807191504595,8.346968293734468,7.581231451471684,7.645330085762465,6.685099618703063
05/17/2023 13:13:39.423430,829,True,True,True,True,Eyes,2.110834,0.1320734,-2.943422,-0.7898772,-0.1467524,0.5954475,0.6044949,1.633357,0.04336233,-2.583477,0.3990179,-0.8462062,-0.3531568,0.03244087,0.06294725,0.6154827,2.080606,0.142815,-3.000503,0.1379214,-0.4175361,0.008305476,0.8980938,14.75393,309.3602,354.0492,0.5905536,0.03532055,-0.8062246,-0.04915771,0.007116825,-0.1039978,1.627386,-0.007049381,-2.578268,0.04669246,0.09616794,0.6258675,0.6511893,-0.1002561,0.7522641,-0.1300925,0.9618174,0.2407971,-0.7476822,-0.2546684,0.6132826,moving,-2.9807480599735747,6.0346980258387255,4.2666123906397555,8.735486962880778,-0.45321999999999996,-0.149864381,0.42223500000000014,-0.05171301151114438,0.10499005420093901,0.9931278045655465,-2.366855094897349,8.326271530708773,7.671937267378587,7.73424168122273,6.646077651638271
05/17/2023 13:13:39.433837,830,True,True,True,True,Eyes,2.108932,0.1324475,-2.94604,-0.7871255,-0.1453658,0.5994183,0.6080253,1.63034,0.04406139,-2.581578,0.1979291,-0.953607,-0.2268428,0.03218466,0.06325273,0.6201024,2.077568,0.142629,-3.005648,0.136916,-0.4134975,0.006493919,0.9001287,14.58728,309.8826,353.9774,0.5897397,0.03543255,-0.8068153,-0.04620824,0.006689815,-0.09775794,1.627385,-0.004649345,-2.578265,0.04517359,0.0952396,0.6251382,0.6579553,-0.1015381,0.7461801,-0.1249195,0.9624237,0.2411136,-0.7426237,-0.2518544,0.6205477,moving,-3.2192859862682717,5.918446951314135,4.1331101320790635,8.662383887005648,-0.4501829999999998,-0.147278345,0.42738299999999985,-0.05585918090189812,0.10295179504596016,0.9931166833462035,-2.499437181864672,8.29710671890177,7.787021309921769,7.847733340789625,6.642598232712878
05/17/2023 13:13:39.443577,831,True,True,True,True,Eyes,2.106981,0.1327946,-2.948775,-0.7842911,-0.1440055,0.6034482,0.0,0.0,0.0,0.0,0.0,0.0,0.0,0.8640873,0.8380489,3.455426,2.07441,0.142415,-3.010894,0.1358423,-0.4094243,0.005069458,0.9021602,14.43338,310.4135,353.9489,0.588938,0.03554262,-0.8073959,-0.04343575,0.006288426,-0.09189246,1.627385,-0.002277988,-2.578261,0.04422429,0.09448209,0.6241494,0.664692,-0.1020874,0.7401098,-0.1203812,0.9630423,0.2409519,-0.7373553,-0.2492542,0.6278372,moving,-3.457159701528559,5.81489795546246,4.052935877509643,8.607930470408887,-0.4470249999999998,-0.14469298800000002,0.43263300000000005,-0.05999303672971329,0.10113248410498077,0.9930623846744993,-2.6292397849519165,8.272793577675206,7.95269494918004,8.012650387720477,6.690574588244628
05/17/2023 13:13:39.463362,832,True,True,True,True,Eyes,2.10499,0.1331154,-2.951622,-0.7813481,-0.1425971,0.6075864,0.6093403,1.628883,0.04622528,-2.581396,0.1008398,-0.9714151,-0.2149044,0.03218764,0.06366201,0.6238316,2.071464,0.1420771,-3.016355,0.1346646,-0.4055256,0.003984068,0.904101,14.28422,310.9258,353.9572,0.5881448,0.03565015,-0.8079691,0.0,0.0,0.0,1.627384,-1.909112e-05,-2.578258,0.04418778,0.09235407,0.623445,0.6710661,-0.1020159,0.7343453,-0.1164239,0.9636992,0.2402695,-0.7321993,-0.246732,0.6348288,moving,-3.6653306742111265,5.7238150149771485,4.0541612523205455,8.426235905688918,-0.44408000000000025,-0.14209619112000002,0.43809699999999996,-0.06361102297418642,0.0995313542734533,0.9929990770588106,-2.742924560386416,8.251337593409092,8.11983304838451,8.178852870320084,6.7993356267315255
05/17/2023 13:13:39.484112,833,True,True,True,True,Eyes,2.102966,0.1333976,-2.954585,-0.7783438,-0.1411527,0.6117654,0.0,0.0,0.0,0.0,0.0,0.0,0.0,0.8153239,0.8197892,3.477706,2.068524,0.1417408,-3.02198,0.1334686,-0.4016793,0.002904523,0.9059976,14.13325,311.4304,353.9646,0.5873573,0.03575459,-0.8085371,0.0,0.0,0.0,1.627384,0.002403479,-2.578255,0.04403102,0.09150188,0.6221793,0.6772906,-0.1019601,0.7286162,-0.1124861,0.9643554,0.239511,-0.7270656,-0.2441778,0.6416798,moving,-3.8620716712212135,5.634195984104972,4.048017396558248,8.366329980892807,-0.4411400000000001,-0.13933732100000001,0.44372500000000015,-0.06703090971923586,0.09795605972932846,0.9929307769715903,-2.8510560343760436,8.229696514877476,8.309788925204241,8.36863580499283,6.9004262846188595
05/17/2023 13:13:39.493782,834,True,True,True,True,Eyes,2.100911,0.1336461,-2.957664,-0.7752074,-0.1397322,0.6160588,0.0,0.0,0.0,0.0,0.0,0.0,0.0,0.7897716,0.8134462,3.488427,2.065742,0.1411016,-3.027764,0.1326333,-0.3976638,0.001851571,0.9078923,14.02269,311.9486,353.9578,0.586573,0.03585507,-0.8091018,0.0,0.0,0.0,1.627383,0.004736666,-2.578252,0.04367998,0.09090715,0.6212235,0.6837201,-0.1021249,0.7225631,-0.108849,0.9648099,0.239361,-0.7215807,-0.2423062,0.6485438,moving,-4.06845150643522,5.581912784518065,4.0220087761639345,8.325324711224628,-0.43835900000000017,-0.136364934,0.4495119999999999,-0.07061347528740963,0.09702591553570444,0.9927737680918715,-2.956360191850245,8.223076018444038,8.484019595634596,8.54294191622009,6.979118013683292
05/17/2023 13:13:39.515708,835,True,True,True,True,Eyes,2.098825,0.1338772,-2.960857,-0.7719308,-0.1382965,0.6204813,0.0,0.0,0.0,0.0,0.0,0.0,0.0,0.7621095,0.8108672,3.498658,2.062919,0.1405281,-3.033734,0.1323792,-0.3933882,0.000629388,0.9097918,13.96742,312.4862,353.9068,0.5857893,0.03595101,-0.8096651,0.0,0.0,0.0,1.627383,0.007048239,-2.578248,0.04257536,0.09203342,0.6200597,0.6904907,-0.1030076,0.7159693,-0.105298,0.9649507,0.2403798,-0.7156361,-0.2413702,0.655443,moving,-4.2939139590213715,5.581128502606436,3.9279534290275775,8.442585919565106,-0.4355359999999999,-0.13347986099999998,0.45548600000000006,-0.07451984881424067,0.09698468795602203,0.9924922609196289,-3.060431989480791,8.237553433327243,8.64556452690265,8.705575333987445,6.991392499211674
05/17/2023 13:13:39.533717,836,True,True,True,True,Eyes,2.096705,0.1341263,-2.964169,-0.7685308,-0.136812,0.6250143,0.0,0.0,0.0,0.0,0.0,0.0,0.0,0.7323306,0.8082212,3.509212,2.060044,0.1403523,-3.039838,0.1323007,-0.3888698,-0.001196366,0.9117431,13.90531,313.0437,353.7856,0.5850044,0.03604228,-0.8102285,0.0,0.0,0.0,1.627382,0.009331175,-2.578245,0.04225099,0.09270947,0.6194881,0.6975577,-0.105077,0.7087821,-0.1007139,0.9649902,0.2421789,-0.7094153,-0.240318,0.6625536,moving,-4.536310442085415,5.569089465160868,3.9017057229268737,8.51143060541182,-0.4326619999999999,-0.13102112500000002,0.46159300000000014,-0.07871986472984382,0.09674481388139575,0.9921913187390317,-3.1745004572632434,8.248803486797907,8.874855543934098,8.936301706333664,7.08107808938669
05/17/2023 13:13:39.546073,837,True,True,True,True,Eyes,2.094564,0.1344371,-2.967567,-0.7650851,-0.1351345,0.6295899,0.0,0.0,0.0,0.0,0.0,0.0,0.0,0.7044338,0.7992136,3.52069,2.057062,0.1409851,-3.04612,0.131631,-0.3846059,-0.003987848,0.9136388,13.73661,313.5681,353.5847,0.5842162,0.03612975,-0.8107931,0.0,0.0,0.0,1.627382,0.0116606,-2.578242,0.04158208,0.09236766,0.6188482,0.7041249,-0.108539,0.7017318,-0.09396522,0.9653147,0.2435939,-0.7038316,-0.2374589,0.6695032,moving,-4.739005553322767,5.458833812974562,3.8440797797941992,8.489148291497639,-0.42968000000000006,-0.1293245,0.46787800000000024,-0.08224483124230458,0.09480826186518013,0.9920923176450354,-3.2893946201642734,8.219599638276195,9.041600871403652,9.102316170860808,7.138565226382427
05/17/2023 13:13:39.563546,838,True,True,True,True,Eyes,2.092372,0.1347911,-2.971083,-0.7615137,-0.1333588,0.6342809,0.0,0.0,0.0,0.0,0.0,0.0,0.0,0.6777563,0.7839171,3.53279,2.053962,0.1427932,-3.052103,0.130444,-0.3805345,-0.007678513,0.9154885,13.47352,314.0669,353.3073,0.5834233,0.03621545,-0.8113599,0.0,0.0,0.0,1.627381,0.01400156,-2.578238,0.04164815,0.09107415,0.6186377,0.7102691,-0.1133361,0.6947467,-0.08521771,0.9658508,0.2446838,-0.6987531,-0.232996,0.6763557,moving,-4.902347267516552,5.2568306778573115,3.851475434556691,8.374771760699458,-0.4265809999999999,-0.12879164,0.473865,-0.0851009128411489,0.09128796550234648,0.9921815796102976,-3.4040152007513873,8.15245781539576,9.233584629709354,9.29252218159353,7.25889577341621
05/17/2023 13:13:39.583965,839,True,True,True,True,Eyes,2.090143,0.1351229,-2.974714,-0.7579157,-0.1314089,0.63898,0.0,0.0,0.0,0.0,0.0,0.0,0.0,0.6492156,0.769435,3.544927,2.050524,0.1441096,-3.058529,0.1294309,-0.3761839,-0.01186094,0.9173836,13.21183,314.5916,352.9705,0.5826225,0.03630081,-0.8119314,0.0,0.0,0.0,1.627381,0.01633743,-2.578235,0.04107022,0.08940344,0.6184171,0.7166901,-0.1191417,0.6871395,-0.07561763,0.9662139,0.2463995,-0.6932803,-0.2285519,0.6834666,moving,-5.095080846929287,5.056177228988105,3.7995389309376675,8.226154245772904,-0.4231429999999998,-0.12777217000000002,0.4802940000000002,-0.08846591266128279,0.08778689570828024,0.9922032004305416,-3.5319201304086634,8.087762858918968,9.386209372111434,9.442616971992765,7.332765109026239
05/17/2023 13:13:39.597822,840,True,True,True,True,Eyes,2.087873,0.1354907,-2.978442,-0.7542361,-0.1294031,0.6437257,0.0,0.0,0.0,0.0,0.0,0.0,0.0,0.6271967,0.7559632,3.555631,2.047023,0.1439988,-3.065343,0.1279029,-0.3724977,-0.01388301,0.9190722,12.98883,315.0631,352.8783,0.5818146,0.03638492,-0.8125067,0.0,0.0,0.0,1.62738,0.01869177,-2.578232,0.0404326,0.08773817,0.6182451,0.7221055,-0.120806,0.6811531,-0.06976804,0.9668962,0.2454467,-0.6882558,-0.2247611,0.6897727,moving,-5.2132181170552725,4.925201553742499,3.741757176357547,8.077186623931324,-0.41964299999999977,-0.12530703,0.48711100000000007,-0.09052958675214062,0.08550261754607366,0.9922165741351865,-3.6118748815541206,8.045030797788241,9.439400000745591,9.493502640665733,7.353702362776258
05/17/2023 13:13:39.614067,841,True,True,True,True,Eyes,2.085572,0.1358701,-2.982247,-0.7504637,-0.1272746,0.648541,0.0,0.0,0.0,0.0,0.0,0.0,0.0,0.6059705,0.7418533,3.565721,2.043733,0.1451981,-3.071479,0.1263398,-0.3689291,-0.01518263,0.9207059,12.79367,315.5265,352.8618,0.580997,0.03646898,-0.8130878,0.0,0.0,0.0,1.62738,0.02098252,-2.578228,0.04012313,0.08617738,0.6182012,0.7273217,-0.1211783,0.6755139,-0.06526336,0.9676155,0.2438461,-0.6831867,-0.2214409,0.6958592,moving,-5.315176216386701,4.837450997602594,3.7134612469025576,7.935903064520789,-0.416353,-0.12421557999999999,0.4932509999999999,-0.09230717602930733,0.08396914016349825,0.9921837462171751,-3.675955644546918,8.017896532059435,9.493037092703698,9.545506778296263,7.389871779967352
05/17/2023 13:13:39.634859,842,True,True,True,True,Eyes,2.083229,0.1362746,-2.986132,-0.7465752,-0.1251398,0.6534259,0.0,0.0,0.0,0.0,0.0,0.0,0.0,0.5799676,0.7294464,3.575885,2.04027,0.1458372,-3.077571,0.1249608,-0.3647479,-0.01639345,0.9225373,12.627,316.0631,352.8531,0.5801693,0.03655325,-0.813675,0.0,0.0,0.0,1.627379,0.02337817,-2.578225,0.04010364,0.08431758,0.6181353,0.7333806,-0.1214055,0.6688899,-0.06091121,0.9682321,0.2425209,-0.677084,-0.218603,0.7026876,moving,-5.485224072086858,4.770116143985082,3.7120570567153255,7.767568631494716,-0.4128910000000001,-0.12245903,0.4993459999999996,-0.09526096785865862,0.08277991030627163,0.9920044052534279,-3.767444684945281,8.003093670880762,9.622061707386635,9.6734017582802,7.4832090942109755
05/17/2023 13:13:39.643791,843,True,True,True,True,Eyes,2.080839,0.1366817,-2.990103,-0.7424704,-0.1229285,0.6585031,0.0,0.0,0.0,0.0,0.0,0.0,0.0,0.5535667,0.7186663,3.585424,2.036878,0.1468174,-3.083466,0.1238655,-0.3605447,-0.01757365,0.9243138,12.49234,316.5963,352.8332,0.5793309,0.03663829,-0.8142683,0.0,0.0,0.0,1.627378,0.02576529,-2.578222,0.04002881,0.0821348,0.6180113,0.7393973,-0.1218052,0.6621594,-0.05683099,0.968697,0.2416534,-0.6708664,-0.2163091,0.7093297,moving,-5.641652170545699,4.740439185167146,3.7058913271361575,7.5703475435453775,-0.4095000000000002,-0.12105210999999999,0.5052440000000002,-0.09797333141123887,0.08224432669265802,0.9917848258352588,-3.8453234555195617,8.00191084765037,9.716326905268216,9.766521937612865,7.563536975466457
05/17/2023 13:13:39.663584,844,True,True,True,True,Eyes,2.078411,0.1370801,-2.994157,-0.7382464,-0.1207742,0.6636308,0.0,0.0,0.0,0.0,0.0,0.0,0.0,0.5235665,0.7126983,3.59438,2.033417,0.1472505,-3.089525,0.1233918,-0.3558936,-0.01873892,0.9261551,12.42853,317.1735,352.7916,0.5784816,0.03672397,-0.814868,0.0,0.0,0.0,1.627378,0.02802151,-2.578219,0.03928831,0.07921773,0.6179132,0.7459772,-0.122539,0.6546009,-0.0531184,0.9688467,0.241898,-0.6638498,-0.2152217,0.7162285,moving,-5.845794094887974,4.7704123443125885,3.6380971252376804,7.30558519952247,-0.40603900000000004,-0.11922899,0.5113060000000003,-0.10150225213345493,0.08273372858764205,0.9913891345849332,-3.9335792315168168,8.026844151685333,9.768144383706966,9.816888207623101,7.605951441306349
05/17/2023 13:13:39.684214,845,True,True,True,True,Eyes,2.075949,0.1374728,-2.998271,-0.733858,-0.1185241,0.668883,0.0,0.0,0.0,0.0,0.0,0.0,0.0,0.4961128,0.7074919,3.602673,2.030027,0.1474352,-3.095671,0.1227899,-0.351528,-0.01904054,0.9278945,12.38534,317.7247,352.8445,0.5776196,0.03681006,-0.8154754,0.0,0.0,0.0,1.627377,0.03043124,-2.578215,0.03836322,0.07717529,0.6177464,0.752131,-0.1216634,0.6476858,-0.05099291,0.9691202,0.2412586,-0.6570377,-0.2144855,0.7227015,moving,-6.008770074711908,4.841046843329468,3.553612639374002,7.121088523359495,-0.40264999999999995,-0.11700395999999999,0.5174559999999997,-0.10431132837525692,0.08393132890885335,0.990996807731485,-3.9949434513847253,8.064749255031618,9.782427604887621,9.830450306741962,7.607311918925808
05/17/2023 13:13:39.693730,846,True,True,True,True,Eyes,2.073452,0.1378711,-3.002441,-0.7293673,-0.1162985,0.6741647,0.0,0.0,0.0,0.0,0.0,0.0,0.0,0.4685349,0.703739,3.610135,2.026591,0.1477088,-3.101444,0.1223344,-0.3471629,-0.01896782,0.929598,12.37293,318.276,352.9311,0.5767455,0.03689623,-0.8160899,0.0,0.0,0.0,1.627377,0.03274031,-2.578212,0.03674102,0.07619613,0.6175734,0.7582363,-0.1202048,0.640803,-0.04967504,0.969349,0.2406135,-0.6500847,-0.2142738,0.7290244,moving,-6.167861628253859,4.945375393432423,3.404659371131274,7.033600071503619,-0.39921399999999974,-0.11496849,0.5232319999999997,-0.10704632396748848,0.08571061731607224,0.9905527834204373,-4.047956400505124,8.115384960902194,9.749767928099748,9.797644645003967,7.530719778784407
05/17/2023 13:13:39.714030,847,True,True,True,True,Eyes,2.070932,0.138257,-3.006649,-0.7247563,-0.1139145,0.6795232,0.0,0.0,0.0,0.0,0.0,0.0,0.0,0.4422328,0.6950855,3.618039,2.023218,0.1482304,-3.107013,0.1213079,-0.3429788,-0.01925391,0.9312784,12.2827,318.8096,353.0004,0.575859,0.03698261,-0.8167119,0.0,0.0,0.0,1.627376,0.03503758,-2.578209,0.03484216,0.07549139,0.6175881,0.7639897,-0.1190735,0.6341461,-0.04735057,0.9698274,0.2391502,-0.6434887,-0.2127355,0.7352999,moving,-6.294257549959015,4.983452727762054,3.2290045545619863,6.969024567103694,-0.395842,-0.11319282000000001,0.5288039999999996,-0.10922520596383117,0.08634830424828391,0.9902594668943006,-4.098799819511098,8.138345047396506,9.681035488232515,9.728053075543551,7.420513953245882
05/17/2023 13:13:39.733842,848,True,True,True,True,Eyes,2.068372,0.1386274,-3.010894,-0.7200388,-0.1115282,0.6849128,0.0,0.0,0.0,0.0,0.0,0.0,0.0,0.4150351,0.683965,3.626138,2.019862,0.1483174,-3.11241,0.1200515,-0.3387281,-0.02023547,0.9329746,12.14001,319.3469,353.0033,0.5749609,0.03706874,-0.8173404,0.0,0.0,0.0,1.627376,0.03737453,-2.578205,0.03310958,0.0749303,0.6176649,0.7697076,-0.119088,0.6271908,-0.04357126,0.9703563,0.2377186,-0.636908,-0.2103013,0.7417018,moving,-6.41796730742436,4.962605089138434,3.068371401526115,6.9168792238395485,-0.3924859999999999,-0.11094286999999999,0.534205,-0.11136674124702589,0.08596742317857628,0.9900540427676529,-4.159878969378199,8.13842015144705,9.639733269660136,9.685546422091733,7.330741140041609
05/17/2023 13:13:39.743849,849,True,True,True,True,Eyes,2.065783,0.1389582,-3.015164,-0.7152076,-0.1090497,0.6903523,0.0,0.0,0.0,0.0,0.0,0.0,0.0,0.3872956,0.6732879,3.633721,2.016319,0.1482857,-3.117646,0.1190281,-0.3344456,-0.02194618,0.9346106,11.99405,319.8759,352.9156,0.5740504,0.03715433,-0.8179764,0.0,0.0,0.0,1.627375,0.03980421,-2.578202,0.0323545,0.07427686,0.6178843,0.7753291,-0.1206391,0.6199282,-0.03859454,0.9707014,0.2371693,-0.6303771,-0.2078101,0.747957,moving,-6.535177468587824,4.935476754195696,2.99746210897424,6.854724766953096,-0.3889440000000002,-0.10848148999999999,0.539444,-0.11339665257216175,0.08547889628919497,0.9898659524186845,-4.219185328490758,8.135648693144137,9.678796380824318,9.723925660461203,7.329445159175338
05/17/2023 13:13:39.764101,850,True,True,True,True,Eyes,2.063157,0.1392972,-3.019449,-0.7102955,-0.1065899,0.6957865,0.0,0.0,0.0,0.0,0.0,0.0,0.0,0.3598492,0.665545,3.640354,2.012633,0.1476904,-3.122838,0.11828,-0.3301949,-0.02336357,0.9361812,11.89004,320.3982,352.8465,0.573128,0.03723827,-0.818619,0.0,0.0,0.0,1.627375,0.04270526,-2.578198,0.0318341,0.0739826,0.6178125,0.7808509,-0.121856,0.6127177,-0.03436588,0.970928,0.2368922,-0.6237715,-0.2060341,0.7539623,moving,-6.646995409522334,4.951995978536036,2.9496779526015833,6.828611529991768,-0.3852580000000001,-0.10498514,0.5446399999999998,-0.11532559609170939,0.08574511408056298,0.9896199977677862,-4.267507312252397,8.149344946496486,9.733200433893876,9.778436763985555,7.3370361798683845
05/17/2023 13:13:39.783947,851,True,True,True,True,Eyes,2.060491,0.1396537,-3.023736,-0.7051975,-0.1040603,0.701333,0.0,0.0,0.0,0.0,0.0,0.0,0.0,0.3349321,0.6556811,3.646626,2.009072,0.1482024,-3.127563,0.1172735,-0.3262685,-0.02428924,0.9376598,11.77539,320.8886,352.8366,0.5721946,0.03732092,-0.819268,0.0,0.0,0.0,1.627374,0.04451377,-2.578195,0.03194353,0.07341713,0.61794,0.7859178,-0.1220754,0.6061607,-0.0309752,0.9713139,0.2357749,-0.6175547,-0.2040756,0.7595916,moving,-6.709632395107447,4.974629810472388,2.959189886299963,6.775520499959082,-0.3816980000000001,-0.10368863,0.5493679999999999,-0.11640357578137955,0.08612514119733469,0.9894608150555472,-4.291970412009884,8.162173744777611,9.78964018106992,9.835107095752452,7.382555986455552
05/17/2023 13:13:39.794199,852,True,True,True,True,Eyes,2.057781,0.1400186,-3.028022,-0.6999788,-0.1015058,0.7069132,0.0,0.0,0.0,0.0,0.0,0.0,0.0,0.3044707,0.6438717,3.65322,2.005459,0.1489298,-3.131972,0.1161199,-0.321647,-0.02537465,0.9393697,11.64432,321.464,352.8225,0.5712497,0.03740297,-0.8199234,0.0,0.0,0.0,1.627374,0.04682003,-2.578192,0.03201666,0.073625,0.6180168,0.7917986,-0.1223716,0.598398,-0.02702688,0.9717446,0.2344824,-0.610184,-0.2018357,0.7661187,moving,-6.848684232663395,4.9710830336360905,2.965584516342112,6.793688855796608,-0.378085,-0.10210977,0.5537800000000002,-0.11880544939036602,0.08603924175120545,0.9891827608138704,-4.356752150211276,8.1699220841539,9.935953087572328,9.982072082522723,7.450545762371164
05/17/2023 13:13:39.814145,853,True,True,True,True,Eyes,2.05502,0.1404049,-3.032304,-0.6946331,-0.09887636,0.7125365,0.0,0.0,0.0,0.0,0.0,0.0,0.0,0.2737919,0.6285349,3.659982,2.001637,0.1494767,-3.136334,0.1141968,-0.3169101,-0.02537397,0.9412138,11.47174,322.0747,352.9582,0.5702947,0.03748461,-0.8205842,0.0,0.0,0.0,1.627373,0.04900999,-2.578189,0.03172278,0.07415332,0.6182823,0.7978484,-0.1201449,0.5907649,-0.02461556,0.9726305,0.2310497,-0.6023554,-0.1988847,0.7730542,moving,-6.998164991700189,4.944884920735053,2.937151837392204,6.839068439508168,-0.37426400000000015,-0.10046670999999999,0.5581450000000001,-0.12139077596478853,0.08555997332672571,0.988910366256571,-4.430751387921373,8.169624544977777,10.067779360483524,10.114269706569932,7.487080705280842
05/17/2023 13:13:39.833702,854,True,True,True,True,Eyes,2.052214,0.1408018,-3.036569,-0.6891874,-0.09625731,0.7181609,0.0,0.0,0.0,0.0,0.0,0.0,0.0,0.2424458,0.6140652,3.66612,1.997736,0.150318,-3.140501,0.1122522,-0.3120626,-0.02459952,0.943086,11.32499,322.7046,353.1788,0.5693291,0.03756653,-0.8212506,0.0,0.0,0.0,1.627373,0.05139698,-2.578186,0.03155458,0.07522547,0.6186767,0.8040237,-0.1164584,0.583081,-0.02366051,0.9735886,0.2270802,-0.5941263,-0.1963739,0.7800328,moving,-7.159108780426903,4.953069681603132,2.919746302800357,6.932615541060734,-0.370363,-0.09892102,0.5623149999999999,-0.12416693881773333,0.08567158037629137,0.9885559022920596,-4.503339104384135,8.183329138161591,10.223791481533043,10.27141283360725,7.527714225734683
05/17/2023 13:13:39.843678,855,True,True,True,True,Eyes,2.049362,0.1412038,-3.040814,-0.6836519,-0.09362524,0.7237779,0.0,0.0,0.0,0.0,0.0,0.0,0.0,0.2135184,0.6018103,3.67121,1.993821,0.1509672,-3.144429,0.1104432,-0.3075345,-0.02331241,0.9448181,11.20727,323.2964,353.4449,0.5683538,0.03764902,-0.8219221,0.0,0.0,0.0,1.627372,0.05370108,-2.578182,0.03136027,0.07633224,0.619288,0.8097581,-0.1119822,0.5759791,-0.02387823,0.9745176,0.2230362,-0.5862778,-0.1943588,0.7864496,moving,-7.279082700528316,5.003190149203396,2.898938136591534,7.026725267574074,-0.366449,-0.09726612,0.5662470000000002,-0.12622743713297296,0.08651363785370658,0.9882216750543555,-4.54887749536252,8.210509507915306,10.328191568393716,10.377225184803752,7.541306439554053
05/17/2023 13:13:39.863838,856,True,True,True,True,Eyes,2.046464,0.1416122,-3.045029,-0.6780602,-0.0910517,0.7293449,0.0,0.0,0.0,0.0,0.0,0.0,0.0,0.1862104,0.5926196,3.675359,1.989913,0.1514595,-3.148244,0.1090364,-0.3032441,-0.02208091,0.9463966,11.12742,323.8513,353.6852,0.5673686,0.0377322,-0.8225986,0.0,0.0,0.0,1.627372,0.05605617,-2.578179,0.0312556,0.07721072,0.6199743,0.8151109,-0.1079239,0.5691631,-0.02433472,0.975247,0.2197753,-0.5787936,-0.1929916,0.7923082,moving,-7.3684128556204,5.090051446184394,2.8860859138064257,7.098984278038177,-0.362541,-0.09540333,0.570065,-0.12775138984334683,0.08799438625022488,0.9878950351299878,-4.573137561973245,8.249840521627839,10.398743300404263,10.449428507582427,7.547482027473259
05/17/2023 13:13:39.884717,857,True,True,True,True,Eyes,2.043522,0.1420251,-3.049212,-0.6724882,-0.08850586,0.7347968,0.0,0.0,0.0,0.0,0.0,0.0,0.0,0.1621816,0.5857975,3.678456,1.985864,0.1520268,-3.151783,0.1080673,-0.29941,-0.0213064,0.9477453,11.07431,324.3389,353.8522,0.566374,0.03781624,-0.8232799,0.0,0.0,0.0,1.627371,0.05836478,-2.578176,0.03131792,0.07820989,0.6208161,0.8197993,-0.105099,0.5629238,-0.0243268,0.9757349,0.2175993,-0.572134,-0.1920819,0.7973502,moving,-7.405498070600812,5.200563241360058,2.887916116517623,7.180248235527332,-0.3584930000000002,-0.09366201999999998,0.573607,-0.1283689395505,0.08989243905069616,0.9876440494651993,-4.568711932289858,8.294861325789432,10.42946083034872,10.482057446117253,7.539473734899943
05/17/2023 13:13:39.895208,858,True,True,True,True,Eyes,2.040532,0.1424247,-3.053355,-0.6668899,-0.08602424,0.7401741,0.0,0.0,0.0,0.0,0.0,0.0,0.0,0.1404672,0.5783613,3.681383,1.981842,0.1525345,-3.155288,0.1071017,-0.2958941,-0.02097557,0.9489658,11.00289,324.7826,353.9657,0.5653709,0.03790116,-0.8239652,0.0,0.0,0.0,1.627371,0.06079583,-2.578172,0.03145054,0.07947753,0.6216495,0.8240134,-0.1031917,0.5570938,-0.02357133,0.9761785,0.2156848,-0.5660799,-0.1908586,0.8019518,moving,-7.402689066566882,5.287327690145705,2.8962431967241997,7.285707804812917,-0.3544710000000002,-0.09173867,0.5771160000000002,-0.12830297251846917,0.09138873657968903,0.9875152925244708,-4.550522513474267,8.328115047241432,10.43672290403086,10.491021344299863,7.519370479079687
05/17/2023 13:13:39.914241,859,True,True,True,True,Eyes,2.037479,0.1428193,-3.057472,-0.6612492,-0.08356234,0.7454977,0.0,0.0,0.0,0.0,0.0,0.0,0.0,0.1200732,0.5732648,3.683399,1.977659,0.1526093,-3.158489,0.1064817,-0.2925785,-0.02094613,0.9500636,10.95698,325.1938,354.0302,0.5643594,0.03798661,-0.8246545,0.0,0.0,0.0,1.62737,0.06310456,-2.578169,0.03181988,0.08088002,0.6228232,0.8279181,-0.1021088,0.5514758,-0.02250819,0.9764459,0.2145855,-0.5603972,-0.1900719,0.8061189,moving,-7.375035482926242,5.395698675542163,2.9246840412466737,7.399041912700828,-0.3502890000000001,-0.08950474,0.58032,-0.12780403507921756,0.0932624454806184,0.987404797817314,-4.516674641007733,8.36806701055985,10.436352935630838,10.492740652589204,7.504187409589644
05/17/2023 13:13:39.933793,860,True,True,True,True,Eyes,2.034378,0.1431991,-3.061539,-0.6555618,-0.08112562,0.7507712,0.0,0.0,0.0,0.0,0.0,0.0,0.0,0.09970808,0.5668802,3.685629,1.973541,0.1527979,-3.161794,0.1058786,-0.2892861,-0.0216095,0.9511237,10.88887,325.5947,354.0165,0.5633398,0.03807241,-0.8253474,0.0,0.0,0.0,1.62737,0.06540293,-2.578166,0.03236425,0.08230531,0.6241748,0.8316932,-0.102365,0.5457178,-0.02015179,0.9766455,0.21391,-0.5548698,-0.1889046,0.8102065,moving,-7.341640412465248,5.471573905604693,2.9682002248105945,7.511832388613834,-0.346171,-0.08739496999999999,0.583628,-0.12721265420654493,0.09457720785238595,0.9873561297493609,-4.486507977920232,8.39511917418122,10.451559859596529,10.509779666744452,7.50685486295161
05/17/2023 13:13:39.944185,861,True,True,True,True,Eyes,2.031215,0.1435636,-3.065577,-0.6498203,-0.07859629,0.7560133,0.0,0.0,0.0,0.0,0.0,0.0,0.0,0.07682323,0.5580229,3.687762,1.969237,0.1528004,-3.164749,0.1050235,-0.2856753,-0.02259938,0.9522862,10.78433,326.0338,353.9786,0.562313,0.03815814,-0.8260434,0.0,0.0,0.0,1.627369,0.06778402,-2.578162,0.03262907,0.08459602,0.6256729,0.8357577,-0.1030474,0.5393424,-0.01696307,0.9769187,0.212937,-0.5488362,-0.1871127,0.8147194,moving,-7.343874235057014,5.509129797536719,2.985291438394575,7.700155125474638,-0.34186799999999984,-0.08501638,0.5865870000000002,-0.12724325921759416,0.09522399075861296,0.987289954085643,-4.480224726739129,8.409739146137774,10.498943309828995,10.558989321771099,7.499162692877992
05/17/2023 13:13:39.964048,862,True,True,True,True,Eyes,2.028006,0.1439188,-3.069552,-0.6440008,-0.07606397,0.7612341,0.0,0.0,0.0,0.0,0.0,0.0,0.0,0.05542958,0.54717,3.690211,1.965049,0.1526932,-3.167868,0.1038368,-0.2822405,-0.02349086,0.9534183,10.64595,326.4561,353.9603,0.5612781,0.03824351,-0.8267429,0.0,0.0,0.0,1.627368,0.07015663,-2.578159,0.03268293,0.08746876,0.6272849,0.839577,-0.1034071,0.5333081,-0.01382066,0.9773322,0.2112599,-0.543065,-0.1847396,0.8191164,moving,-7.3211852298763915,5.517845775047773,2.9825398836732835,7.938152887563886,-0.3376810000000001,-0.08253657,0.589709,-0.12685040618809967,0.09537902698109448,0.9873256446571541,-4.468069849862078,8.411610842444023,10.522594970588957,10.584169203791593,7.465637805070051
05/17/2023 13:13:39.984077,863,True,True,True,True,Eyes,2.024749,0.1442643,-3.073479,-0.6380763,-0.07345632,0.7664613,0.0,0.0,0.0,0.0,0.0,0.0,0.0,0.02860987,0.5346453,3.69224,1.960666,0.1527943,-3.170449,0.1026181,-0.2781248,-0.02480262,0.9547256,10.49489,326.9563,353.9027,0.5602364,0.03832833,-0.8274452,0.0,0.0,0.0,1.627368,0.07245667,-2.578156,0.03254959,0.08986755,0.629153,0.8440629,-0.1044407,0.5259753,-0.009721893,0.9777087,0.2097407,-0.5361561,-0.1821478,0.8242322,moving,-7.374091552089104,5.504776151464922,2.9615894796206765,8.129080476202732,-0.3332980000000001,-0.08033763,0.5922930000000002,-0.12776494309527597,0.09514254762801427,0.987230537875543,-4.495000087574274,8.410042135049363,10.600906656514228,10.663642697412687,7.461880957730593
05/17/2023 13:13:39.993836,864,True,True,True,True,Eyes,2.021444,0.1445921,-3.077347,-0.6320508,-0.07084997,0.7716813,0.0,0.0,0.0,0.0,0.0,0.0,0.0,4.684925e-05,0.5212364,3.694371,1.956388,0.1528385,-3.173209,0.1012616,-0.2737692,-0.02603951,0.9560955,10.33329,327.4871,353.8592,0.559188,0.03841249,-0.8281503,0.0,0.0,0.0,1.627367,0.07503747,-2.578152,0.03298756,0.09071034,0.6313986,0.8487448,-0.1052371,0.5182253,-0.005652094,0.9781361,0.2078891,-0.5287725,-0.1793739,0.8295931,moving,-7.450620530267326,5.47979076503782,2.990711583544702,8.17549919343001,-0.329021,-0.07780103,0.5950569999999997,-0.1290889705848433,0.09469564856339355,0.9871011764838672,-4.535138595761712,8.40542978014349,10.720295736869044,10.783703456689961,7.5293617920825655
05/17/2023 13:13:40.014020,865,True,True,True,True,Eyes,2.018087,0.144912,-3.081169,-0.6259306,-0.06822723,0.7768887,0.0,0.0,0.0,0.0,0.0,0.0,0.0,-0.02989686,0.5086281,3.695804,1.951893,0.1527151,-3.175745,0.0999437,-0.269215,-0.02701213,0.9574993,10.18621,328.0426,353.8443,0.5581335,0.03849559,-0.8288574,0.0,0.0,0.0,1.627367,0.07723186,-2.578149,0.03371069,0.08899987,0.6339221,0.8535873,-0.1055409,0.5101469,-0.002084489,0.9785632,0.2059362,-0.5209457,-0.1768479,0.8350691,moving,-7.547401207089992,5.471361847057355,3.044005989193183,7.991839360882825,-0.3245260000000001,-0.07548324,0.5975960000000002,-0.13075822284063232,0.0945295851036302,0.9868974454406179,-4.5813875580428345,8.408525619941258,10.824134156479793,10.887181145511397,7.636769879256334
05/17/2023 13:13:40.033937,866,True,True,True,True,Eyes,2.014685,0.1452256,-3.084931,-0.6197229,-0.06562448,0.7820722,0.0,0.0,0.0,0.0,0.0,0.0,0.0,-0.05847514,0.4983206,3.696852,1.947553,0.1527759,-3.178389,0.09885684,-0.2648367,-0.02760849,0.9588152,10.0756,328.5766,353.8602,0.5570735,0.0385776,-0.8295664,0.0,0.0,0.0,1.627366,0.0794495,-2.578146,0.03452095,0.0878889,0.6364712,0.8581986,-0.1053047,0.5024003,0.0005810357,0.9789302,0.2041944,-0.5133175,-0.1749474,0.8401777,moving,-7.621156931754249,5.504998083176724,3.1045688252657664,7.862126738900768,-0.320187,-0.07332639999999999,0.6002430000000003,-0.1320214027429791,0.09509287139924559,0.9866750560338204,-4.608833074621646,8.426323460853673,10.918177890035524,10.981677855156653,7.734008456825552
05/17/2023 13:13:40.043575,867,True,True,True,True,Eyes,2.011235,0.1455223,-3.088643,-0.6135049,-0.06299017,0.7871747,0.0,0.0,0.0,0.0,0.0,0.0,0.0,-0.08744216,0.487524,3.697437,1.94303,0.1529222,-3.18082,0.09761523,-0.2603805,-0.02782332,0.9601558,9.960103,329.1243,353.9233,0.5560074,0.03865856,-0.8302775,0.0,0.0,0.0,1.627366,0.0817451,-2.578143,0.03634155,0.08866756,0.6388816,0.8628557,-0.1042636,0.4945797,0.002595255,0.9793943,0.201941,-0.5054436,-0.1729624,0.8453466,moving,-7.706185274158612,5.540094307865418,3.25565173039739,7.9013560584798785,-0.31566399999999994,-0.07117710000000001,0.6026770000000004,-0.1334779873182212,0.09567840482044167,0.9864224763828229,-4.6411900247934215,8.44542291208747,11.147225554821917,11.213270155015806,7.91556178977333
05/17/2023 13:13:40.063884,868,True,True,True,True,Eyes,2.007744,0.1457982,-3.092291,-0.6072172,-0.06036707,0.7922394,0.0,0.0,0.0,0.0,0.0,0.0,0.0,-0.1138124,0.4772485,3.697869,1.938666,0.1527566,-3.183268,0.09631288,-0.2562692,-0.0278002,0.9613934,9.842505,329.6323,354.0101,0.5549362,0.03873815,-0.8309901,0.0,0.0,0.0,1.627365,0.0840826,-2.578139,0.03783062,0.0883363,0.6412855,0.8671065,-0.1028179,0.4873959,0.004089824,0.979902,0.1994378,-0.4981059,-0.1709404,0.8500999,moving,-7.747535992305803,5.580526143666129,3.3760715484515504,7.843066010054744,-0.31130100000000005,-0.068674,0.6051289999999998,-0.13418093747673332,0.09636524414766533,0.9862603073057389,-4.652376345781099,8.463715451483363,11.283922640250571,11.351375747802187,8.052402208009378
05/17/2023 13:13:40.083960,869,True,True,True,True,Eyes,2.004212,0.146047,-3.095879,-0.6009804,-0.05770428,0.797178,0.0,0.0,0.0,0.0,0.0,0.0,0.0,-0.1408449,0.4661826,3.697869,1.934125,0.1525163,-3.185482,0.09498625,-0.252067,-0.02807125,0.9626276,9.71347,330.1479,354.0643,0.5538605,0.038816,-0.8317039,0.0,0.0,0.0,1.627365,0.0865009,-2.578136,0.0384542,0.08882263,0.6434891,0.8713484,-0.1019301,0.4799606,0.006158513,0.9803793,0.1970244,-0.4906261,-0.1687211,0.8548797,moving,-7.805184546056331,5.605982296139327,3.41986563490167,7.859037524557924,-0.30676000000000014,-0.06601539999999999,0.6073459999999997,-0.13516758795116798,0.09679031489762978,0.9860838437516148,-4.673990641167879,8.477304929340525,11.380333655332501,11.448930492728552,8.117435802116765
05/17/2023 13:13:40.093772,870,True,True,True,True,Eyes,2.000634,0.146282,-3.099396,-0.5946851,-0.05505556,0.8020714,0.0,0.0,0.0,0.0,0.0,0.0,0.0,-0.1660407,0.4560128,3.697614,1.929649,0.1520826,-3.187663,0.09382108,-0.2481195,-0.02859755,0.9637513,9.593049,330.6281,354.0811,0.5527804,0.03889165,-0.8324187,0.0,0.0,0.0,1.627364,0.08885846,-2.578133,0.03887773,0.08924394,0.6457138,0.8752379,-0.1016795,0.4728848,0.008564173,0.9807596,0.1950316,-0.483617,-0.1666491,0.8592687,moving,-7.83105110796541,5.638263810714649,3.445557462694083,7.868983541529341,-0.3022849999999999,-0.06322414000000001,0.6095300000000003,-0.13560544569866975,0.09734000058828256,0.9859696247497799,-4.679627102613512,8.491441415998358,11.425662679454469,11.495129898061924,8.148992454641325
05/17/2023 13:13:40.114326,871,True,True,True,True,Eyes,1.997008,0.14649,-3.102848,-0.5884008,-0.05235608,0.8068725,0.0,0.0,0.0,0.0,0.0,0.0,0.0,-0.1911746,0.444504,3.696989,1.924931,0.1519568,-3.189578,0.09269972,-0.2441685,-0.02972303,0.9648343,9.46034,331.1023,354.0282,0.5516965,0.03896499,-0.8331339,0.0,0.0,0.0,1.627364,0.09118927,-2.578129,0.03872293,0.09095962,0.6478999,0.8789966,-0.1026243,0.4656537,0.01208688,0.9810466,0.1933946,-0.4766749,-0.1643649,0.8635769,moving,-7.860332111906117,5.65196821945888,3.4203190433963258,7.991607675112369,-0.2975669999999999,-0.06076753,0.6114489999999999,-0.13610623186220458,0.09756905978022039,0.9858779153788422,-4.690454652069905,8.498642360109624,11.450205591922515,11.520720605503673,8.126606555682217
05/17/2023 13:13:40.133919,872,True,True,True,True,Eyes,1.993344,0.1466749,-3.106232,-0.5821005,-0.0496112,0.8116019,0.0,0.0,0.0,0.0,0.0,0.0,0.0,-0.2130438,0.4325034,3.696384,1.92016,0.1514779,-3.191511,0.09137667,-0.2406224,-0.03064449,0.9658219,9.309052,331.5316,353.999,0.5506087,0.03903564,-0.8338499,0.0,0.0,0.0,1.627363,0.09347613,-2.578126,0.03891498,0.09310228,0.6501692,0.8823236,-0.1031688,0.4591964,0.0152197,0.9814224,0.1912547,-0.4703972,-0.1617597,0.8675023,moving,-7.84249667239036,5.657809829153183,3.4252733974917144,8.149184470043577,-0.2927970000000002,-0.058001769999999994,0.6133850000000001,-0.13579793404976112,0.09767374642144229,0.9859100708062154,-4.68109655229501,8.499724477675581,11.468122242236731,11.539912909073536,8.113945529750362
05/17/2023 13:13:40.143793,873,True,True,True,True,Eyes,1.98964,0.1468486,-3.109545,-0.5760292,-0.04659473,0.8161,0.0,0.0,0.0,0.0,0.0,0.0,0.0,-0.2330309,0.4163002,3.696205,1.915531,0.1510675,-3.193347,0.08948284,-0.2373168,-0.03163709,0.9667847,9.091133,331.9371,353.975,0.549518,0.03910328,-0.8345661,0.0,0.0,0.0,1.627363,0.09588106,-2.578123,0.03886619,0.09551082,0.6521521,0.8853596,-0.1036441,0.4532066,0.01870096,0.9819839,0.1880373,-0.4645305,-0.1580053,0.8713471,moving,-7.8130953995934975,5.614184646804559,3.410612044771185,8.332009040792908,-0.2881680000000002,-0.05518643999999999,0.615224,-0.13530188708938692,0.09692968299193014,0.9860516994668929,-4.6760397188645,8.480984583286455,11.475714977255423,11.548081149405098,8.088023890826076
05/17/2023 13:13:40.163552,874,True,True,True,True,Eyes,1.985893,0.1469845,-3.11279,-0.5699548,-0.04349989,0.8205239,0.0,0.0,0.0,0.0,0.0,0.0,0.0,-0.251042,0.3972683,3.696032,1.910887,0.1511259,-3.194866,0.08726694,-0.2342616,-0.0326876,0.9676971,8.83451,332.3153,353.9498,0.5484243,0.03916802,-0.8352821,0.0,0.0,0.0,1.627362,0.09818799,-2.57812,0.03892472,0.09669666,0.6542705,0.8881061,-0.10415,0.4476834,0.0223768,0.982632,0.1842108,-0.4590936,-0.153581,0.875012,moving,-7.7547784671408895,5.5391483615776025,3.404702629931402,8.407061663102878,-0.283525,-0.052937910000000005,0.616746,-0.13431489816781297,0.09565121162087463,0.9863115830151701,-4.663771562446937,8.448243770766135,11.45047868377993,11.522106797846451,8.068579290003097
05/17/2023 13:13:40.183888,875,True,True,True,True,Eyes,1.982127,0.1470855,-3.115951,-0.5640273,-0.0402365,0.8247753,0.0,0.0,0.0,0.0,0.0,0.0,0.0,-0.2683589,0.3777232,3.695821,1.906093,0.1503075,-3.19656,0.08475973,-0.2312612,-0.03345118,0.9686151,8.553173,332.6917,353.9627,0.5473281,0.03922918,-0.835998,0.0,0.0,0.0,1.627362,0.1005778,-2.578116,0.03867966,0.09778905,0.6563134,0.8907985,-0.1040059,0.4423356,0.02559936,0.9833936,0.179671,-0.4536769,-0.1487272,0.878668,moving,-7.701850307644579,5.453092179942147,3.3728105831755983,8.47458178887706,-0.27873100000000006,-0.049729700000000016,0.6184439999999998,-0.1334224920455522,0.09418115039867932,0.9865740803880699,-4.656132959329519,8.411609285899456,11.408975357434217,11.479438719012512,8.029190491255385
05/17/2023 13:13:40.193998,876,True,True,True,True,Eyes,1.978321,0.1471516,-3.119044,-0.5581503,-0.03703542,0.8289129,0.0,0.0,0.0,0.0,0.0,0.0,0.0,-0.2838557,0.3648515,3.694811,1.901559,0.1493516,-3.197981,0.08302365,-0.2285676,-0.03376918,0.9693936,8.367861,333.0264,353.9995,0.5462301,0.03928626,-0.8367131,0.0,0.0,0.0,1.627361,0.102886,-2.578113,0.0383788,0.09890289,0.6581724,0.893233,-0.1034243,0.4375365,0.02751822,0.9839334,0.1764022,-0.4487511,-0.1455281,0.8817279,moving,-7.622226323879286,5.466083788809998,3.33720474834875,8.545836863369527,-0.27419799999999994,-0.046465599999999996,0.6198679999999999,-0.13204828408966,0.09442237615577624,0.9867358517157214,-4.616903334908261,8.41139651330781,11.313531350557342,11.38393642055226,7.955244157652186
05/17/2023 13:13:40.213672,877,True,True,True,True,Eyes,1.97448,0.147198,-3.12206,-0.55239,-0.03376314,0.8329017,0.0,0.0,0.0,0.0,0.0,0.0,0.0,-0.2957093,0.3585146,3.693314,1.896794,0.1485709,-3.199476,0.08205821,-0.2263404,-0.03363086,0.9700028,8.277601,333.3011,354.0611,0.5451308,0.0393388,-0.8374273,0.0,0.0,0.0,1.62736,0.1051758,-2.57811,0.03810528,0.1010035,0.6597857,0.8952779,-0.1023903,0.4335824,0.02809788,0.9842708,0.1744175,-0.4446211,-0.1439694,0.884073,moving,-7.502171765017743,5.586304389003589,3.3053900887536165,8.703572327252461,-0.2694340000000002,-0.043395100000000006,0.6213660000000001,-0.1299541757808798,0.09651951399902393,0.986810923733647,-4.538159095997658,8.44985802882405,11.175963327162085,11.248144407942503,7.847651544178004
05/17/2023 13:13:40.233897,878,True,True,True,True,Eyes,1.970611,0.1472414,-3.124997,-0.5466557,-0.03047753,0.8368027,0.0,0.0,0.0,0.0,0.0,0.0,0.0,-0.3071396,0.3505009,3.691806,1.892333,0.1480786,-3.200588,0.0810345,-0.2242196,-0.03392399,0.970571,8.168609,333.5602,354.0743,0.5440301,0.03938683,-0.8381405,0.0,0.0,0.0,1.62736,0.1075492,-2.578106,0.03802761,0.1018847,0.661387,0.8971494,-0.1021903,0.4297441,0.02951224,0.9845651,0.1725123,-0.4407402,-0.1420866,0.886318,moving,-7.372916039471614,5.683286643733123,3.290698693460739,8.757404910085256,-0.2649730000000001,-0.04052940000000001,0.6224820000000002,-0.12770634290396826,0.09821863827727792,0.9869368176239713,-4.459698851600817,8.478760635439292,11.024902546800945,11.09787737758585,7.755404872622007
05/17/2023 13:13:40.243848,879,True,True,True,True,Eyes,1.966723,0.1472655,-3.12786,-0.5408997,-0.02704638,0.8406521,0.0,0.0,0.0,0.0,0.0,0.0,0.0,-0.320088,0.3351922,3.690743,1.88778,0.1480077,-3.201683,0.07933682,-0.2218571,-0.03511706,0.9712116,7.962431,333.8475,354.0061,0.5429284,0.03943079,-0.8388526,0.0,0.0,0.0,1.627359,0.1098748,-2.578103,0.03683439,0.1021399,0.6629223,0.8990924,-0.1034151,0.4253682,0.03300933,0.9849449,0.1696876,-0.4365125,-0.1385237,0.8889702,moving,-7.270057859144379,5.678252236497759,3.1802931030734363,8.758982953862006,-0.260421,-0.0381329,0.62358,-0.12593516906982635,0.09815431682019572,0.9871707089690817,-4.413270243487661,8.470077813400223,10.823887227207688,10.894986782297556,7.599057209840009
05/17/2023 13:13:40.263529,880,True,True,True,True,Eyes,1.962804,0.1472709,-3.13065,-0.5351151,-0.02354187,0.8444511,0.0,0.0,0.0,0.0,0.0,0.0,0.0,-0.3344754,0.314925,3.689977,1.883357,0.1474892,-3.202842,0.07716079,-0.2192962,-0.03717083,0.9718919,7.682359,334.1566,353.8544,0.5418273,0.0394706,-0.8395624,0.0,0.0,0.0,1.627359,0.1122792,-2.578099,0.0356372,0.1020135,0.6643921,0.901055,-0.1060942,0.4205282,0.03840991,0.985329,0.1662867,-0.4320007,-0.133681,0.8919107,moving,-7.188910202550657,5.591168380110819,3.070334971630971,8.72925632496104,-0.25599799999999995,-0.03520999999999999,0.624743,-0.12455509726808314,0.09667078247561413,0.9874921962944354,-4.392824951818503,8.431197412923087,10.660342375524966,10.7284531733882,7.469109395237668
05/17/2023 13:13:40.284144,881,True,True,True,True,Eyes,1.958854,0.1472412,-3.133371,-0.5292494,-0.0199086,0.8482327,0.0,0.0,0.0,0.0,0.0,0.0,0.0,-0.351729,0.2923159,3.688761,1.878654,0.1469728,-3.203932,0.07477099,-0.2163037,-0.03949828,0.9726571,7.375169,334.5169,353.6793,0.5407259,0.03950629,-0.8402704,0.0,0.0,0.0,1.627358,0.1145946,-2.578096,0.03429595,0.1016945,0.6657608,0.9033052,-0.109183,0.414872,0.04449008,0.9856983,0.1625403,-0.4266853,-0.1283658,0.895244,moving,-7.154873301568663,5.47654557673542,2.948923662819138,8.684760456209645,-0.25129599999999996,-0.03237819999999998,0.6258360000000001,-0.12399202047275254,0.09470179523425469,0.9877537860935304,-4.399456088233568,8.384792106268161,10.53604222319346,10.600912970610217,7.354499709473653
05/17/2023 13:13:40.294029,882,True,True,True,True,Eyes,1.954886,0.147175,-3.136026,-0.5233604,-0.01621565,0.8519571,0.0,0.0,0.0,0.0,0.0,0.0,0.0,-0.3682265,0.2705555,3.687381,1.874076,0.1460041,-3.205011,0.07222223,-0.2134161,-0.04116176,0.9734184,7.067335,334.871,353.5803,0.5396249,0.03953737,-0.8409765,0.0,0.0,0.0,1.627358,0.116991,-2.578093,0.03325579,0.1019535,0.6668476,0.9055185,-0.110962,0.4095407,0.04930846,0.9861793,0.158174,-0.4214319,-0.1230357,0.898475,moving,-7.1078808834554525,5.374977038330863,2.8549838881666436,8.692568030703107,-0.246718,-0.0290131,0.6269179999999999,-0.12320216233730316,0.0929598645698576,0.988018039616716,-4.397573912894867,8.342568470105322,10.438280486859233,10.50071828258896,7.260998164863892
05/17/2023 13:13:40.313881,883,True,True,True,True,Eyes,1.950903,0.1470963,-3.138607,-0.5173091,-0.01239011,0.855709,0.0,0.0,0.0,0.0,0.0,0.0,0.0,-0.3865687,0.2503538,3.685607,1.869624,0.145011,-3.206133,0.06959981,-0.2102937,-0.04187428,0.9742582,6.776955,335.2592,353.5898,0.5385248,0.0395634,-0.8416801,0.0,0.0,0.0,1.627357,0.119244,-2.57809,0.03246421,0.1027104,0.6678004,0.9080462,-0.1108655,0.4039318,0.05231993,0.9868048,0.1532282,-0.4155896,-0.1180046,0.9018649,moving,-7.079101953253585,5.308935700755848,2.783165457780151,8.743805140115976,-0.242267,-0.025766999999999998,0.6280429999999999,-0.12271884802765423,0.09182652318618177,0.9881842370873588,-4.397168782976967,8.315230485247602,10.382249730816293,10.443306303665915,7.193113098220035
05/17/2023 13:13:40.333891,884,True,True,True,True,Eyes,1.946924,0.147135,-3.141082,-0.5111874,-0.008377085,0.8594285,0.0,0.0,0.0,0.0,0.0,0.0,0.0,-0.406563,0.224147,3.683714,1.865575,0.1445087,-3.206873,0.06617808,-0.2069755,-0.04247094,0.9751809,6.401233,335.6779,353.6317,0.5374258,0.0395846,-0.8423813,0.0,0.0,0.0,1.627357,0.1215515,-2.578086,0.0322462,0.1038213,0.6684045,0.9107147,-0.1102282,0.3980559,0.05543922,0.9876333,0.1466521,-0.4092984,-0.1114903,0.9055632,moving,-7.0661276289374095,5.169504783104825,2.7620098215552265,8.829031099559355,-0.23821800000000004,-0.022957199999999983,0.628787,-0.12252197209001586,0.08942366929916817,0.9884289826833053,-4.418338598923158,8.260645171069292,10.427611700332829,10.487345641610139,7.202809590928524
05/17/2023 13:13:40.344009,885,True,True,True,True,Eyes,1.94295,0.1472879,-3.143461,-0.504848,-0.004305521,0.8631975,0.0,0.0,0.0,0.0,0.0,0.0,0.0,-0.4289896,0.1862025,3.681424,1.861649,0.1472224,-3.206894,0.06194631,-0.2032757,-0.04419284,0.9761602,5.91036,336.1412,353.566,0.5363293,0.03960471,-0.8430789,0.0,0.0,0.0,1.627356,0.1239039,-2.578083,0.03241053,0.1049015,0.6690225,0.913452,-0.1114629,0.3913842,0.06109421,0.9884193,0.1389057,-0.4023345,-0.1029724,0.9096833,moving,-7.08125499192626,4.901970114459154,2.7735030061846335,8.911315585206403,-0.23429300000000008,-0.023318500000000006,0.6288110000000002,-0.12283272761253985,0.08480409225623695,0.9887974269713642,-4.47740517392576,8.158532523782247,10.581509668905221,10.63913089989648,7.289880093249747
05/17/2023 13:13:40.363799,886,True,True,True,True,Eyes,1.93894,0.1473953,-3.14575,-0.4984107,-0.00024371,0.866941,0.0,0.0,0.0,0.0,0.0,0.0,0.0,-0.4563261,0.1476188,3.67817,1.857815,0.1499685,-3.207023,0.05834665,-0.1988756,-0.04794529,0.9771107,5.448555,336.6697,353.256,0.5352354,0.03962702,-0.8437727,0.0,0.0,0.0,1.627356,0.1262404,-2.57808,0.03275186,0.1066844,0.6692002,0.9162995,-0.1169032,0.3830521,0.07048827,0.9885938,0.1330926,-0.394242,-0.09495197,0.9140882,moving,-7.1797220379146225,4.625273570174804,2.801922659961516,9.05791402455455,-0.23045899999999997,-0.023728100000000002,0.628943,-0.12458140939198581,0.08001037801337325,0.98897815678311,-4.576668273116686,8.058352151119365,10.86500856065646,10.92160850206794,7.44598738224348
05/17/2023 13:13:40.384009,887,True,True,True,True,Eyes,1.934921,0.147534,-3.147985,-0.4919834,0.00339703,0.870598,0.0,0.0,0.0,0.0,0.0,0.0,0.0,-0.4823841,0.1293523,3.673179,1.852877,0.1489788,-3.20723,0.05649754,-0.1946575,-0.04989868,0.9779707,5.225718,337.1705,353.1025,0.5341449,0.03965016,-0.8444624,0.0,0.0,0.0,1.627355,0.1285507,-2.578076,0.03310677,0.1081583,0.6696003,0.9192372,-0.1195942,0.3751003,0.07560357,0.9886363,0.1299322,-0.3863769,-0.09107958,0.917833,moving,-7.266939777477834,4.583927970231886,2.8305464828940816,9.175544357238373,-0.225522,-0.020428100000000005,0.6291540000000002,-0.1260940970227494,0.07928142509435628,0.9888451939628397,-4.624919042495386,8.048135465427244,11.034720755779915,11.092437505968926,7.540226588744242
05/17/2023 13:13:40.393808,888,True,True,True,True,Eyes,1.930903,0.1477284,-3.150136,-0.4855472,0.006828842,0.8741838,0.0,0.0,0.0,0.0,0.0,0.0,0.0,-0.4997844,0.1294771,3.669659,1.848893,0.149829,-3.208129,0.05711288,-0.1917772,-0.05088928,0.9784527,5.292814,337.4968,352.9918,0.5330579,0.03967494,-0.8451478,0.0,0.0,0.0,1.627355,0.1310096,-2.578073,0.03293315,0.1094364,0.669691,0.9212636,-0.1214914,0.3694771,0.07767962,0.9882968,0.1312833,-0.3811028,-0.0922457,0.9199192,moving,-7.215260887260843,4.845069922831498,2.8153456200159233,9.280859494422767,-0.2215379999999998,-0.018819399999999986,0.6300560000000002,-0.1251557320028303,0.08379756554549327,0.9885919499211115,-4.55025009585426,8.14538839502406,10.907073238766696,10.96764769799162,7.452603227545051
05/17/2023 13:13:40.414257,889,True,True,True,True,Eyes,1.926868,0.1479337,-3.152225,-0.479158,0.009808056,0.8776739,0.6425763,1.618973,0.1542361,-2.588253,-0.5582823,-0.473228,-0.6814516,0.01634018,0.06724693,0.6563249,1.844863,0.151353,-3.208347,0.05799019,-0.1886601,-0.05255461,0.9789191,5.376817,337.8446,352.8004,0.5319738,0.0397028,-0.8458293,0.0,0.0,0.0,1.627354,0.1332276,-2.57807,0.03303632,0.1102437,0.6700999,0.9232907,-0.1247743,0.3632708,0.08101254,0.9877504,0.1333653,-0.3754614,-0.0937055,0.9220889,moving,-7.196807744244975,5.083880268937936,2.822430493682216,9.342515422481508,-0.21750899999999995,-0.018125399999999986,0.630277,-0.12479281218985527,0.0879213557009277,0.9882796420574327,-4.495243795871179,8.236213058457494,10.823245432696993,10.886740018910135,7.400828462316627
05/17/2023 13:13:40.433864,890,True,True,True,True,Eyes,1.922846,0.1481251,-3.154243,-0.4728176,0.01263606,0.8810698,0.6402458,1.620126,0.1562152,-2.590142,-0.4813691,-0.3412916,-0.8073436,0.01650886,0.0693832,0.6530398,1.840849,0.1517659,-3.208858,0.05853129,-0.18578,-0.05308488,0.979409,5.447172,338.1732,352.744,0.5308936,0.03973376,-0.8465062,0.0,0.0,0.0,1.627354,0.1357144,-2.578066,0.0320251,0.1107879,0.670079,0.9253356,-0.1257315,0.3576948,0.08223574,0.9875122,0.1343763,-0.3701234,-0.09492792,0.9241198,moving,-7.150571814256335,5.319277358588321,2.736256324177614,9.388101805263593,-0.213495,-0.016051499999999996,0.630792,-0.12394951354753297,0.0919907071040235,0.988015370959357,-4.428096612307922,8.323901062485142,10.6262717844628,10.69133775618335,7.24296045960898
05/17/2023 13:13:40.443865,891,True,True,True,True,Eyes,1.822451,0.1527295,-3.202616,-0.3074802,0.0725833,0.9487821,0.0,0.0,0.0,0.0,0.0,0.0,0.0,-0.5514268,0.1307375,3.657292,1.837084,0.1516287,-3.209218,0.05883421,-0.1833002,-0.05330108,0.9798463,5.494877,338.4587,352.7266,0.5298181,0.03976718,-0.8471782,0.0,0.0,0.0,1.627353,0.1380235,-2.578063,0.03071153,0.111093,0.6703708,0.92712,-0.1260224,0.3529402,0.08288509,0.9873951,0.1348372,-0.365484,-0.09575678,0.9258791,moving,2.3655867135327937,10.035477920424459,2.6230431720654597,9.409469440168273,-0.2097309999999999,-0.013605200000000012,0.6311549999999997,0.0406450826523872,0.17411393490291516,0.9838862724116767,0.8763808886504822,9.517652101456099,0.6766959635083605,0.6768828889792099,1.7500093201202498
05/17/2023 13:13:40.463850,892,True,True,True,True,Eyes,1.822298,0.1527414,-3.202623,-0.307208,0.07258049,0.9488705,0.0,0.0,0.0,0.0,0.0,0.0,0.0,-0.5685054,0.1278718,3.652875,1.833359,0.151613,-3.209183,0.05922629,-0.180493,-0.05514533,0.9802416,5.520705,338.7729,352.5249,0.526292,0.03993484,-0.8493653,-0.3011853,0.01381347,-0.1451197,1.627352,0.1402399,-2.57806,0.02920008,0.1115538,0.6703829,0.9287626,-0.1294914,0.3473212,0.08673163,0.9869024,0.1360188,-0.3603855,-0.09620547,0.9278291,moving,2.027616154624743,10.02950054443657,2.4940739011992137,9.44762906799911,-0.20600700000000005,-0.011373099999999997,0.6311230000000001,0.034841163881967535,0.17404946989400832,0.9841203096633331,0.7194411937427656,9.537503374489976,0.7436489838065686,0.7457595084414562,1.7769070424030116
05/17/2023 13:13:40.484244,893,True,True,True,True,Eyes,1.821976,0.1527536,-3.202638,-0.306774,0.07236021,0.9490277,0.0,0.0,0.0,0.0,0.0,0.0,0.0,-0.5879787,0.1206554,3.648311,1.829491,0.1518639,-3.209416,0.05941591,-0.1772719,-0.05799918,0.9806532,5.507125,339.1317,352.2157,0.5231077,0.04008554,-0.8513231,-0.2831141,0.01298466,-0.1364125,1.627352,0.1425859,-2.578057,0.0278846,0.1124232,0.6705334,0.9304215,-0.1348197,0.3407924,0.09268862,0.9862117,0.137096,-0.3545767,-0.09596954,0.9300888,moving,1.6428420666221688,9.968399381381978,2.3813129371700286,9.517819367340659,-0.20213900000000007,-0.009278000000000008,0.6313590000000002,0.028236613987854514,0.17303596096643603,0.9845105953099016,0.5301953775224257,9.539178773060819,0.8581544242494221,0.8650789418898079,1.851240784946252
05/17/2023 13:13:40.503721,894,True,True,True,True,Eyes,1.821494,0.152762,-3.202682,-0.3061506,0.07215744,0.9492445,0.0,0.0,0.0,0.0,0.0,0.0,0.0,-0.6088989,0.1134168,3.643196,1.825176,0.1518565,-3.209699,0.05953682,-0.1737898,-0.06069592,0.9811059,5.493174,339.5221,351.9269,0.5202288,0.0402212,-0.8530788,-0.2661273,0.01220558,-0.1282277,1.627351,0.1449922,-2.578053,0.0265573,0.1131373,0.6704759,0.9322263,-0.139792,0.333785,0.09840446,0.9855428,0.1379205,-0.3482396,-0.09572718,0.932505,moving,1.242134735177921,9.901048325847125,2.268278673304778,9.577965252634282,-0.19782499999999992,-0.006864300000000018,0.6316459999999999,0.021354928247316357,0.17190791387394463,0.9848815375439953,0.3323887122009528,9.539490013296534,1.0632767540691266,1.075803910548363,1.9362722653451057
05/17/2023 13:13:40.513947,895,True,True,True,True,Eyes,1.82086,0.1527854,-3.202736,-0.3054298,0.07176909,0.9495061,0.0,0.0,0.0,0.0,0.0,0.0,0.0,-0.6232278,0.1090124,3.639418,1.820815,0.1517563,-3.210493,0.05936939,-0.1712146,-0.0616718,0.9815078,5.47577,339.8186,351.834,0.5176224,0.04034338,-0.8546571,-0.2501597,0.01147324,-0.1205341,1.627351,0.1473982,-2.57805,0.0255881,0.1141794,0.6704797,0.9337643,-0.1413925,0.3287741,0.1007329,0.9853437,0.1376612,-0.3434198,-0.09542481,0.9343217,moving,0.9784545746622246,9.82763453497103,2.1855680040273913,9.664476955501824,-0.19346400000000008,-0.004358100000000004,0.6324429999999999,0.016825910590466425,0.17066059181410242,0.9851862007149408,0.19655942861385123,9.528482258880587,1.2016000572491246,1.2180899913766567,1.9936523444617176
05/17/2023 13:13:40.533849,896,True,True,True,True,Eyes,1.820084,0.152813,-3.202813,-0.3045415,0.07131299,0.9498258,0.0,0.0,0.0,0.0,0.0,0.0,0.0,-0.6382678,0.1100302,3.634985,1.816634,0.1521545,-3.210809,0.05982431,-0.1686346,-0.06195907,0.9819087,5.542675,340.1127,351.8063,0.5152591,0.04045396,-0.8560786,-0.2351501,0.01078485,-0.113302,1.62735,0.1495869,-2.578047,0.02453604,0.1149183,0.6702896,0.9354469,-0.1418532,0.3237543,0.1014994,0.9851643,0.1383809,-0.3385808,-0.09658712,0.9359668,moving,0.7275755627138754,9.834064012588502,2.0963836276655807,9.728534444078244,-0.189284,-0.002567600000000003,0.6327619999999996,0.012511696684276846,0.17078196399191917,0.9852294637960102,0.08217740879944468,9.547405883722805,1.3534943174459007,1.3728699896591787,2.0223338615311395
05/17/2023 13:13:40.543665,897,True,True,True,True,Eyes,1.819175,0.1528587,-3.202903,-0.3034845,0.07078362,0.9502036,0.0,0.0,0.0,0.0,0.0,0.0,0.0,-0.6541343,0.1153474,3.630524,1.812431,0.1523083,-3.21151,0.06065736,-0.1659669,-0.06166203,0.9823307,5.664514,340.4162,351.838,0.5131124,0.04055434,-0.8573624,-0.2210411,0.01013776,-0.1065039,1.62735,0.1519527,-2.578043,0.02370939,0.1161788,0.6700456,0.9373056,-0.1412792,0.3185881,0.1010108,0.985037,0.1396389,-0.3335492,-0.09870347,0.9375514,moving,0.48073876360672785,9.890193858264375,2.026550798298274,9.836682240749044,-0.18508099999999983,-0.00035560000000001146,0.633467,0.00826569300519256,0.1717546330330434,0.9851051052574763,-0.020663876438387074,9.585218388436205,1.5241266921139824,1.5467379674031168,2.0626007838350944
05/17/2023 13:13:40.563579,898,True,True,True,True,Eyes,1.818154,0.1529376,-3.203008,-0.3024098,0.06984885,0.9506153,0.0,0.0,0.0,0.0,0.0,0.0,0.0,-0.6715113,0.1218489,3.625475,1.80828,0.1528288,-3.211949,0.06151288,-0.1631238,-0.06074446,0.9828107,5.802132,340.7432,351.9413,0.5111583,0.04064613,-0.8585246,-0.2077786,0.009529493,-0.1001137,1.627349,0.1543056,-2.57804,0.02295029,0.1169755,0.6695738,0.9394015,-0.1394691,0.3131664,0.09933219,0.9850525,0.1407288,-0.3281127,-0.1010933,0.9392136,moving,0.22539718309420784,9.93588090208437,1.9630997563131283,9.909646163807295,-0.18093100000000018,0.0014768000000000003,0.6339090000000001,0.003874910778394275,0.1725446856748058,0.9849940680472623,-0.12945855938932782,9.619563888018458,1.7120177794394411,1.7379005997076256,2.1125690595439317
05/17/2023 13:13:40.583741,899,True,True,True,True,Eyes,1.817021,0.1530437,-3.203119,-0.301176,0.06863743,0.9510951,0.0,0.0,0.0,0.0,0.0,0.0,0.0,-0.6903756,0.1261046,3.620414,1.804368,0.1538219,-3.212555,0.06197457,-0.1600789,-0.05940519,0.9833642,5.904354,341.1003,352.1023,0.509375,0.0407312,-0.8595799,-0.1953119,0.008957723,-0.09410685,1.627349,0.1566494,-2.578037,0.02281779,0.1179488,0.6690913,0.9416916,-0.1366755,0.3074684,0.09699222,0.9852603,0.1409062,-0.3221948,-0.1028681,0.9410678,moving,-0.032819858920641785,9.929087517289084,1.9531812788074199,9.997504429322888,-0.17701900000000004,0.002827499999999983,0.6345179999999999,-0.0005642348958821708,0.17242916133921046,0.985021743402578,-0.24979753466135457,9.633872625869138,1.9570693814425717,1.98717925535403,2.232788333245074
05/17/2023 13:13:40.594242,900,True,True,True,True,Eyes,1.81578,0.1531603,-3.203245,-0.2997082,0.06742906,0.9516451,0.0,0.0,0.0,0.0,0.0,0.0,0.0,-0.713175,0.1297007,3.614249,1.800439,0.1546764,-3.2129,0.06241631,-0.1564925,-0.0582041,0.9839851,6.005068,341.5197,352.2518,0.5077438,0.04081102,-0.8605407,-0.1835932,0.00842026,-0.08846044,1.627348,0.1590025,-2.578033,0.02289617,0.1181045,0.668767,0.9442447,-0.1340793,0.3007068,0.09500856,0.985433,0.1410504,-0.3152384,-0.1046164,0.9432286,moving,-0.3415802355892838,9.916041058057342,1.9608349596625607,10.015191042613619,-0.17309099999999988,0.004326099999999999,0.6348669999999998,-0.005872607389365653,0.17220193125657915,0.9850442056007883,-0.3946502974917512,9.649084763127386,2.269621509190075,2.3045490775342796,2.3837668939203276
05/17/2023 13:13:40.614005,901,True,True,True,True,Eyes,1.814447,0.1533048,-3.203377,-0.2980295,0.06609049,0.9522659,0.0,0.0,0.0,0.0,0.0,0.0,0.0,-0.7374928,0.1319213,3.607865,1.79654,0.1550813,-3.213469,0.06261074,-0.152677,-0.05702139,0.9846412,6.078244,341.9682,352.406,0.5062474,0.04088647,-0.8614182,-0.1725776,0.007915044,-0.08315281,1.627348,0.1612931,-2.57803,0.02327546,0.1172738,0.6683484,0.9468766,-0.1314097,0.2935239,0.09317277,0.9856569,0.1407099,-0.3078045,-0.1058865,0.9455393,moving,-0.6612134596564616,9.867987122202042,1.994538911265341,9.952264644163572,-0.169192,0.0062117999999999896,0.6354389999999999,-0.011369384315062292,0.17136757612979886,0.985141497955088,-0.5513311501404798,9.651518230900935,2.6173375602221833,2.657089263906042,2.5635722682719164
05/17/2023 13:13:40.633971,902,True,True,True,True,Eyes,1.813003,0.1534638,-3.203526,-0.2961045,0.06483791,0.9529524,0.0,0.0,0.0,0.0,0.0,0.0,0.0,-0.7633147,0.1305697,3.601006,1.792608,0.1560118,-3.213901,0.0626801,-0.148601,-0.05665103,0.9852815,6.123869,342.4432,352.472,0.5048708,0.0409588,-0.8622223,-0.1622229,0.007440141,-0.07816364,1.627348,0.1613353,-2.57803,0.02414565,0.114841,0.6683028,0.9494168,-0.1302631,0.2857259,0.09300576,0.9857237,0.1403519,-0.2999294,-0.1066783,0.9479779,moving,-1.0053176627228968,9.796361725115476,2.0691853217501746,9.750464364713668,-0.16525999999999996,0.005323499999999981,0.6358709999999999,-0.01728944912343014,0.17012150208645666,0.9852714629156951,-0.7238808668170533,9.6464717105967,3.0303299760016444,3.0748455520929303,2.7950014679473343
05/17/2023 13:13:40.643510,903,True,True,True,True,Eyes,1.811474,0.1536345,-3.203677,-0.2940242,0.06359415,0.95368,0.0,0.0,0.0,0.0,0.0,0.0,0.0,-0.7879987,0.1236446,3.594461,1.788453,0.1565153,-3.214548,0.06202729,-0.1445877,-0.05671761,0.985916,6.079371,342.9149,352.501,0.5035992,0.04102882,-0.8629624,-0.1524895,0.006993733,-0.07347382,1.627348,0.1613353,-2.57803,0.02507687,0.1136062,0.6679371,0.951755,-0.1297743,0.2780665,0.09390084,0.9858714,0.1387087,-0.2921387,-0.1059061,0.9504941,static,-1.3312815616963245,9.637508186019032,2.1500891514135425,9.652788463491314,-0.16110500000000005,0.004819999999999991,0.6365180000000001,-0.0229054314057133,0.16737026031811147,0.9856279854351884,-0.9050544366851898,9.606619484501891,3.4322094333790205,3.481404246705449,3.0554924183381185
05/17/2023 13:13:40.663514,904,True,True,True,True,Eyes,1.809824,0.1538033,-3.203838,-0.2917565,0.06245219,0.9544516,0.0,0.0,0.0,0.0,0.0,0.0,0.0,-0.8098941,0.1143365,3.588164,1.784117,0.1571104,-3.21499,0.06113364,-0.1409069,-0.05710232,0.9864823,5.999644,343.3481,352.4955,0.502421,0.04109709,-0.8636456,-0.1433402,0.006574109,-0.06906539,1.627348,0.1613353,-2.57803,0.02691178,0.1133839,0.6673676,0.9537691,-0.1298892,0.2710226,0.09543253,0.986004,0.1367067,-0.2849861,-0.1045223,0.9528158,static,-1.6092799445926769,9.455296833665608,2.309216742484079,9.642321769976789,-0.15676899999999994,0.004224899999999976,0.6369599999999997,-0.027702294549553086,0.16421499050925684,0.9860355002936463,-1.0686681839228047,9.5546212014568,3.868577290307111,3.922957381037132,3.379023226579771
05/17/2023 13:13:40.683848,905,True,True,True,True,Eyes,1.808079,0.153952,-3.204009,-0.2893819,0.06129197,0.9552494,0.0,0.0,0.0,0.0,0.0,0.0,0.0,-0.8289754,0.1067936,3.582015,1.778952,0.1574184,-3.215585,0.06036381,-0.1375073,-0.05734555,0.9869952,5.934226,343.7481,352.5015,0.5013242,0.04116382,-0.8642796,-0.1347398,0.006179662,-0.06492147,1.627348,0.1613353,-2.57803,0.02845457,0.1126308,0.6666902,0.9556065,-0.1298005,0.2645149,0.09659863,0.9861354,0.1349284,-0.2783613,-0.1033867,0.9548959,static,-1.8472949265135414,9.291668455166722,2.443920592227764,9.589020538742602,-0.15160400000000007,0.003916899999999973,0.6375549999999999,-0.03181326493969601,0.16137859195385684,0.9863796794679612,-1.210234509651754,9.507163529372193,4.24331436456431,4.301505421348801,3.6550718294686324
05/17/2023 13:13:40.693918,906,True,True,True,True,Eyes,1.806209,0.1540978,-3.204187,-0.286882,0.06013469,0.9560766,0.0,0.0,0.0,0.0,0.0,0.0,0.0,-0.8459621,0.1039,3.576391,1.774507,0.1572018,-3.21612,0.0597951,-0.1345457,-0.0566028,0.9874807,5.903982,344.1009,352.6136,0.5002986,0.04122866,-0.8648706,-0.1266554,0.005808883,-0.06102618,1.627348,0.1613353,-2.57803,0.02975143,0.1103565,0.6662446,0.9573871,-0.1278787,0.2589535,0.09569798,0.9864413,0.1333243,-0.2724918,-0.1028617,0.956644,static,-2.018242637207945,9.173812193442373,2.5568682361231456,9.405057469245138,-0.14715900000000004,0.004133499999999984,0.63809,-0.03476778067944075,0.159333592845972,0.986612353232199,-1.3119757962517,9.472949380499253,4.5209063700094925,4.5809511982615,3.869439682752038
05/17/2023 13:13:40.714291,907,True,True,True,True,Eyes,1.80425,0.1542399,-3.204376,-0.2842661,0.05885164,0.9569375,0.0,0.0,0.0,0.0,0.0,0.0,0.0,-0.8634703,0.1068201,3.570243,1.770176,0.1571084,-3.216429,0.05999004,-0.1315761,-0.05558479,0.9879268,5.964041,344.449,352.7443,0.4993342,0.04129183,-0.8654248,-0.119056,0.00546035,-0.05736461,1.627348,0.1613353,-2.57803,0.03060319,0.1077075,0.6660212,0.9591962,-0.1256139,0.2533059,0.09404089,0.986623,0.1331588,-0.2666441,-0.1039043,0.9581779,static,-2.1860930299903254,9.141259750359128,2.630848925755104,9.186218488763503,-0.14282799999999995,0.004226899999999978,0.6383990000000002,-0.03766150018825021,0.15875638084746743,0.9865992768038772,-1.3956791885388946,9.471407145992526,4.75572169998261,4.817151761485153,4.036615070255285
05/17/2023 13:13:40.733598,908,True,True,True,True,Eyes,1.802189,0.1543693,-3.204574,-0.2815181,0.05749528,0.9578319,0.0,0.0,0.0,0.0,0.0,0.0,0.0,-0.8809441,0.1145106,3.564001,1.765624,0.1572956,-3.217003,0.06087029,-0.1285981,-0.0544585,0.9883277,6.102824,344.7928,352.8768,0.4984237,0.04135339,-0.8659465,-0.1119127,0.005132729,-0.05392274,1.627348,0.1613353,-2.57803,0.03109509,0.1047108,0.6657197,0.9609936,-0.1233013,0.2475642,0.09199009,0.9866582,0.1343261,-0.2608238,-0.1063131,0.9595147,static,-2.3513062499796074,9.185078743167495,2.6742838542698464,8.938796278148983,-0.13827600000000007,0.004039699999999979,0.638973,-0.040501340977064273,0.15949314083714233,0.9863679211696117,-1.4632960810411608,9.499124568641708,4.96914439267065,5.031621105419766,4.17534855002726
05/17/2023 13:13:40.744198,909,True,True,True,True,Eyes,1.800039,0.154492,-3.204793,-0.2786437,0.05607385,0.9587561,0.0,0.0,0.0,0.0,0.0,0.0,0.0,-0.9005505,0.1255123,3.556859,1.761057,0.1571666,-3.217448,0.06212756,-0.1253465,-0.05311651,0.9887401,6.288805,345.1665,353.0304,0.4975585,0.04141327,-0.8664411,-0.1051979,0.004824765,-0.05068737,1.627348,0.1613353,-2.57803,0.0316564,0.1021256,0.6654192,0.9629338,-0.1206118,0.2412703,0.08946192,0.9866376,0.136172,-0.2544703,-0.1095401,0.9608569,static,-2.5411760292212606,9.271133725029573,2.7237140522957244,8.72541990807799,-0.13370900000000008,0.004168699999999997,0.639418,-0.04375928396890723,0.16095227559988587,0.9859915504386786,-1.5340533987793121,9.544735480486993,5.228797120657742,5.293096554991963,4.33588072652211
05/17/2023 13:13:40.763769,910,True,True,True,True,Eyes,1.797792,0.1546144,-3.205029,-0.2756547,0.05466481,0.9597012,0.0,0.0,0.0,0.0,0.0,0.0,0.0,-0.9173872,0.133746,3.550737,1.756354,0.1572509,-3.21834,0.06288902,-0.1224162,-0.05156199,0.9891414,6.418409,345.509,353.2151,0.4967332,0.04147141,-0.8669117,-0.09888604,0.004535279,-0.04764613,1.627348,0.1613353,-2.57803,0.03190352,0.09967622,0.6652254,0.9647112,-0.1174015,0.2356886,0.08660692,0.9867726,0.1370363,-0.2486593,-0.1117882,0.9621184,static,-2.6806435675415528,9.308742713313338,2.7457423036921957,8.521702594909513,-0.12900599999999995,0.004084399999999988,0.6403099999999999,-0.046154415076528996,0.16158203579794925,0.9857794702884616,-1.5910129212129995,9.568371952096005,5.418290950600773,5.483164758741283,4.461273654912428
05/17/2023 13:13:40.784267,911,True,True,True,True,Eyes,1.795457,0.1547435,-3.205286,-0.2724943,0.05332907,0.9606783,0.0,0.0,0.0,0.0,0.0,0.0,0.0,-0.9347114,0.1369714,3.544404,1.751715,0.1573904,-3.219001,0.06320579,-0.1193807,-0.05070101,0.9895367,6.487325,345.8633,353.3286,0.4959407,0.04152809,-0.8673626,-0.09295288,0.004263163,-0.04478736,1.627348,0.1613353,-2.57803,0.03150286,0.09563255,0.6650873,0.9663553,-0.1154321,0.229854,0.08524992,0.9868689,0.1371943,-0.2426724,-0.1129834,0.9635065,static,-2.8264823249821274,9.287558560014274,2.7118738523243913,8.18244551836712,-0.1243669999999999,0.003944899999999973,0.640971,-0.04866652198859937,0.16119828847154258,0.9857213656819173,-1.662357190528327,9.569767983008454,5.584154558616547,5.647536098293476,4.58896075785737
05/17/2023 13:13:40.803630,912,True,True,True,True,Eyes,1.793013,0.1548632,-3.205567,-0.2692148,0.05205409,0.9616724,0.0,0.0,0.0,0.0,0.0,0.0,0.0,-0.9519902,0.134898,3.538254,1.746752,0.1577614,-3.219891,0.06302769,-0.1162459,-0.05048174,0.9899324,6.491149,346.2291,353.3768,0.4951761,0.04158363,-0.8677965,0.0,0.0,0.0,1.627348,0.1613353,-2.57803,0.0305312,0.08698793,0.6648818,0.967877,-0.1146004,0.2237876,0.0852936,0.9869582,0.1365229,-0.2365146,-0.1130497,0.9650288,static,-2.980100107081285,9.201900563003775,2.629160420119165,7.453794672929686,-0.11940400000000007,0.003573899999999991,0.641861,-0.051321835303134694,0.15970319535041683,0.9858301072509974,-1.749841227670285,9.546826591949488,5.81743436264086,5.8753449145493395,4.853497506476998
05/17/2023 13:13:40.814001,913,True,True,True,True,Eyes,1.790456,0.1549709,-3.205879,-0.2657714,0.05086262,0.9626934,0.0,0.0,0.0,0.0,0.0,0.0,0.0,-0.9687678,0.1315221,3.532141,1.741639,0.1576556,-3.220818,0.06278705,-0.1131418,-0.05077758,0.9902921,6.480491,346.5884,353.3667,0.4944332,0.04163799,-0.8682175,0.0,0.0,0.0,1.627348,0.1613353,-2.57803,0.02843121,0.07870622,0.6647354,0.9692412,-0.1147769,0.2177104,0.0863616,0.9869589,0.1358452,-0.2304631,-0.1128649,0.9665135,static,-3.12595504967804,9.10554908734622,2.44908892605515,6.752516124402869,-0.11429099999999992,0.00367969999999998,0.6427879999999999,-0.05384597628330676,0.15802411334983163,0.9859660318757852,-1.8358294795455887,9.5192552022237,5.999085067086916,6.05127089594053,5.100526528447514
05/17/2023 13:13:40.833861,914,True,True,True,True,Eyes,1.787786,0.1550667,-3.206221,-0.2622449,0.04972829,0.9637192,0.0,0.0,0.0,0.0,0.0,0.0,0.0,-0.9843829,0.1291034,3.526228,1.736185,0.1575017,-3.221927,0.0626706,-0.1101486,-0.05109006,0.9906209,6.483126,346.9336,353.3521,0.4937083,0.04169092,-0.8686273,0.0,0.0,0.0,1.627348,0.1613353,-2.57803,0.02721983,0.07691852,0.6635141,0.9705142,-0.1150279,0.2118273,0.08741561,0.9869244,0.1354206,-0.2246347,-0.1129106,0.9678794,static,-3.255681015049665,9.027482497027181,2.34916991623096,6.612552943699489,-0.10883700000000007,0.0038335999999999926,0.6438969999999999,-0.056090538016448296,0.15666117794790518,0.9860583723694933,-1.9108232211805092,9.497673265390905,6.051310652180041,6.102969663156845,5.14504235176248
05/17/2023 13:13:40.844195,915,True,True,True,True,Eyes,1.784992,0.1551578,-3.206593,-0.2584623,0.04866156,0.9647949,0.0,0.0,0.0,0.0,0.0,0.0,0.0,-0.9985057,0.1262544,3.520684,1.730751,0.1573109,-3.22303,0.06240748,-0.1073616,-0.05124597,0.9909353,6.469821,347.257,353.356,0.4929969,0.04174227,-0.8690287,0.0,0.0,0.0,1.627348,0.1613353,-2.57803,0.02730791,0.07688373,0.6630106,0.9716947,-0.1149632,0.2063805,0.08816255,0.9869583,0.1346872,-0.219173,-0.1126799,0.9691576,static,-3.344107331802462,8.942554088214132,2.358550721656684,6.614563532444298,-0.10340299999999991,0.0040243999999999835,0.645,-0.05762586748843425,0.1551857935490572,0.9862030905881852,-1.968117452879554,9.47073957299919,6.107111124392486,6.159533172443834,5.184380297314671
05/17/2023 13:13:40.863927,916,True,True,True,True,Eyes,1.782087,0.1552427,-3.206983,-0.2545759,0.04766615,0.9658774,0.0,0.0,0.0,0.0,0.0,0.0,0.0,-1.013288,0.1229739,3.514789,1.725113,0.1572655,-3.224108,0.06207201,-0.1044454,-0.05130932,0.9912647,6.450314,347.5965,353.3722,0.4922934,0.0417922,-0.8694251,0.0,0.0,0.0,1.627348,0.1613353,-2.57803,0.02690072,0.07630104,0.6619415,0.972917,-0.1146885,0.2006964,0.08875597,0.9870288,0.1337776,-0.2134359,-0.1123415,0.9704764,static,-3.440543691116743,8.855116096994545,2.327169482077438,6.5753821504712375,-0.09776499999999988,0.0040697999999999845,0.6460780000000002,-0.05929996127995127,0.1536655109184712,0.9863419933743844,-2.0295922992895257,9.443363800790829,6.1492893094917775,6.20191116633965,5.2160034476742565
05/17/2023 13:13:40.884098,917,True,True,True,True,Eyes,1.779037,0.1553127,-3.207405,-0.2503768,0.04671884,0.9670206,0.0,0.0,0.0,0.0,0.0,0.0,0.0,-1.029647,0.1169244,3.508295,1.719492,0.157192,-3.224998,0.06157563,-0.1012806,-0.05194185,0.991591,6.407227,347.9622,353.3267,0.491596,0.04184062,-0.8698173,0.0,0.0,0.0,1.627348,0.1613353,-2.57803,0.02687989,0.07666082,0.6610739,0.9740886,-0.115483,0.1944612,0.09053729,0.987021,0.1326371,-0.2072546,-0.1115943,0.9719014,static,-3.551950955796098,8.74238766952788,2.328417948227351,6.614706584164891,-0.092144,0.004143299999999989,0.6469679999999998,-0.06123646030862519,0.15170682790325174,0.9865268202689418,-2.1028919983849343,9.40722281527343,6.199868891398836,6.25346026200034,5.237810109573429
05/17/2023 13:13:40.898629,918,True,True,True,True,Eyes,1.775852,0.1553452,-3.207858,-0.2460677,0.04579416,0.9681703,0.0,0.0,0.0,0.0,0.0,0.0,0.0,-1.047675,0.1117407,3.501187,1.71335,0.1568194,-3.226184,0.06127353,-0.09779619,-0.05281423,0.9919134,6.385994,348.3616,353.2529,0.4909002,0.04188737,-0.8702079,0.0,0.0,0.0,1.627348,0.1613353,-2.57803,0.0270974,0.07730784,0.6601295,0.9752932,-0.1167589,0.1875385,0.09278965,0.9869124,0.1318861,-0.2004829,-0.111226,0.9733629,static,-3.697917871373794,8.647586754546571,2.3505925993215637,6.679490157478456,-0.08600199999999991,0.004515899999999989,0.6481539999999999,-0.06376584591648109,0.15005051774873687,0.9866199404499064,-2.18862993634535,9.380256331041316,6.305334125997235,6.3606511560926275,5.281920025196116
05/17/2023 13:13:40.913777,919,True,True,True,True,Eyes,1.772518,0.1553483,-3.208339,-0.2414887,0.04490865,0.969364,0.0,0.0,0.0,0.0,0.0,0.0,0.0,-1.065767,0.110624,3.493689,1.706881,0.1558801,-3.227416,0.0612662,-0.09428975,-0.05314112,0.9922359,6.405234,348.7644,353.238,0.490202,0.04193166,-0.8705993,0.0,0.0,0.0,1.627348,0.1613353,-2.57803,0.02661799,0.07757592,0.6589097,0.9765709,-0.1170106,0.1806038,0.0939035,0.986845,0.1316024,-0.1936268,-0.1115597,0.9747118,static,-3.8280384702722747,8.600154440627058,2.313321058826497,6.714736854490272,-0.07953300000000008,0.005455199999999993,0.6493859999999998,-0.06601479942849628,0.14921182375472697,0.9865992202899397,-2.2578404881057867,9.370506304267305,6.367792720142616,6.424258427224589,5.28664631486932
05/17/2023 13:13:40.934014,920,True,True,True,True,Eyes,1.769057,0.1553214,-3.208841,-0.2368387,0.04399512,0.9705523,0.0,0.0,0.0,0.0,0.0,0.0,0.0,-1.081249,0.1127002,3.486733,1.700377,0.1551025,-3.228586,0.06145139,-0.09117462,-0.05279735,0.9925339,6.45124,349.1247,353.2953,0.4894977,0.04197305,-0.8709936,0.0,0.0,0.0,1.627348,0.1613353,-2.57803,0.02581632,0.07716504,0.6580117,0.9777992,-0.1160119,0.1744989,0.09360071,0.9868723,0.1316127,-0.1874768,-0.1123576,0.9758219,static,-3.90396307296739,8.587818474324107,2.2467805994563532,6.6885276127051,-0.07302900000000001,0.006232799999999983,0.6505559999999999,-0.06732442448216651,0.14898631765178771,0.986544680416199,-2.295237345162957,9.370729248421213,6.380718581864398,6.437309492395887,5.274858540651306
05/17/2023 13:13:40.943926,921,True,True,True,True,Eyes,1.76544,0.1552595,-3.209377,-0.2319179,0.04307548,0.9717811,0.0,0.0,0.0,0.0,0.0,0.0,0.0,-1.098049,0.1178756,3.479034,1.693824,0.1544523,-3.229611,0.06206822,-0.08788409,-0.05230237,0.9928184,6.548941,349.5028,353.3665,0.4887865,0.04201093,-0.8713911,0.0,0.0,0.0,1.627348,0.1613353,-2.57803,0.02509619,0.07699479,0.6570191,0.9790816,-0.1147631,0.1680133,0.09294389,0.986824,0.132438,-0.1809985,-0.1140519,0.9768478,static,-3.98646705006967,8.62739929871716,2.1874661968936135,6.6838954396911054,-0.06647599999999998,0.006883,0.6515809999999997,-0.06873794251460234,0.14965334444140746,0.9863462309915371,-2.3255575391004504,9.39139152556021,6.415226193568566,6.47260836046858,5.262881178275103
05/17/2023 13:13:40.963935,922,True,True,True,True,Eyes,1.761699,0.1551638,-3.209941,-0.2269293,0.04205388,0.9730028,0.0,0.0,0.0,0.0,0.0,0.0,0.0,-1.114248,0.127396,3.471469,1.68709,0.1535044,-3.23095,0.06320162,-0.08467375,-0.05163695,0.9930607,6.706391,349.8688,353.4517,0.4880641,0.04204485,-0.8717942,0.0,0.0,0.0,1.627348,0.1613353,-2.57803,0.02593043,0.07701579,0.6564502,0.980328,-0.1132603,0.1616453,0.09185423,0.9866784,0.1342707,-0.1746994,-0.1167815,0.9776718,static,-4.057722940307064,8.723513154515476,2.262063739215311,6.691443459741905,-0.05974199999999996,0.007830899999999974,0.65292,-0.06994687619415783,0.15129498482110046,0.9860107235258889,-2.339685250333738,9.43310353541254,6.5788952854373965,6.638449436358282,5.356565479235927
05/17/2023 13:13:40.983859,923,True,True,True,True,Eyes,1.757812,0.1550259,-3.210546,-0.2217681,0.04105292,0.9742349,0.0,0.0,0.0,0.0,0.0,0.0,0.0,-1.131729,0.1372519,3.463281,1.680274,0.1526304,-3.232236,0.06475812,-0.08125415,-0.05180189,0.9932375,6.904923,350.2502,353.4393,0.4873289,0.0420743,-0.872204,0.0,0.0,0.0,1.627348,0.1613353,-2.57803,0.02649544,0.07739669,0.6554621,0.9814287,-0.1134269,0.1547002,0.09237944,0.9862459,0.1370586,-0.1681186,-0.1202222,0.9784083,static,-4.154762389809043,8.854380681374,2.3147804603262108,6.734278946960441,-0.05292600000000003,0.008704899999999988,0.6542059999999998,-0.07159178912355203,0.1535287562552271,0.9855473654416402,-2.358929789439075,9.489899326952653,6.745621128192165,6.808069921350658,5.4255885558517525
05/17/2023 13:13:40.993863,924,True,True,True,True,Eyes,1.753796,0.1548529,-3.211185,-0.216571,0.04001777,0.9754463,0.0,0.0,0.0,0.0,0.0,0.0,0.0,-1.148211,0.1455892,3.455522,1.673153,0.1514537,-3.233858,0.06616474,-0.07790913,-0.05228765,0.9933874,7.083002,350.6218,353.3922,0.4865793,0.04209858,-0.8726213,0.0,0.0,0.0,1.627348,0.1613353,-2.57803,0.02706464,0.07865506,0.6547633,0.9823923,-0.1141934,0.1478687,0.0935741,0.9857764,0.1396018,-0.1617071,-0.1233071,0.9791048,static,-4.243068197282241,8.961678720185736,2.3669735156489105,6.849973233745981,-0.045804999999999874,0.00988159999999999,0.6558280000000001,-0.07308950240895848,0.15535718960145692,0.9851507358862454,-2.3787382921284133,9.537039239156604,6.873516985249459,6.939160720731978,5.453632209813064
05/17/2023 13:13:41.014297,925,True,True,True,True,Eyes,1.74967,0.1546398,-3.211864,-0.2112038,0.03916644,0.976657,0.0,0.0,0.0,0.0,0.0,0.0,0.0,-1.1622,0.1492297,3.448581,1.665987,0.1504481,-3.235358,0.06693508,-0.07487587,-0.05291355,0.9935358,7.185428,350.9613,353.3342,0.4858131,0.0421173,-0.8730472,0.0,0.0,0.0,1.627348,0.1613353,-2.57803,0.02736792,0.07961765,0.6538908,0.9831875,-0.1151667,0.1417002,0.09511936,0.9854397,0.1409287,-0.1558673,-0.1250809,0.9798266,static,-4.28325256226779,9.00799169608846,2.396656519786381,6.9421536016234535,-0.03863900000000009,0.010887199999999986,0.6573280000000001,-0.0737711365433041,0.15614559541021125,0.9849752906813517,-2.388241852127468,9.557521833792894,6.924614861125678,6.992057807044548,5.453017826798745
05/17/2023 13:13:41.033721,926,True,True,True,True,Eyes,1.745431,0.1543784,-3.212576,-0.2057913,0.03826433,0.9778476,0.0,0.0,0.0,0.0,0.0,0.0,0.0,-1.175514,0.1509922,3.442131,1.658831,0.1493039,-3.237111,0.06747991,-0.07191676,-0.05374026,0.9936731,7.260243,351.2925,353.2552,0.4850288,0.04212994,-0.8734825,0.0,0.0,0.0,1.627348,0.1613353,-2.57803,0.02737068,0.07964157,0.6533932,0.9838799,-0.1165064,0.1356707,0.09709464,0.985117,0.1418356,-0.1501763,-0.1263763,0.9805489,static,-4.3122576548634886,9.023545658267818,2.398721193012787,6.949455675635977,-0.03148299999999993,0.012031399999999998,0.659081,-0.07426665027961601,0.1564072258860964,0.984896639896116,-2.3985820862300455,9.565417484357072,6.956162978395511,7.024178695954178,5.464190236230926
05/17/2023 13:13:41.043545,927,True,True,True,True,Eyes,1.741107,0.1541562,-3.213317,-0.2000773,0.03752128,0.9790614,0.0,0.0,0.0,0.0,0.0,0.0,0.0,-1.191179,0.1554137,3.434555,1.651812,0.1478952,-3.238652,0.06836305,-0.06866102,-0.05443948,0.9938052,7.377338,351.656,353.1902,0.4842259,0.04213581,-0.8739276,0.0,0.0,0.0,1.627348,0.1613353,-2.57803,0.02657668,0.07966553,0.6526958,0.984644,-0.1175922,0.129028,0.09881672,0.9847257,0.1433548,-0.1439146,-0.1284033,0.9812243,static,-4.360991800582173,9.089456724589072,2.33170012703441,6.958880806097169,-0.02446400000000004,0.013440099999999983,0.660622,-0.07509076854990149,0.15753035130724236,0.9846550473611,-2.4082102456287298,9.594013382151566,6.954875933886293,7.023637161929836,5.423160889579314
05/17/2023 13:13:41.063840,928,True,True,True,True,Eyes,1.73669,0.1540263,-3.21409,-0.1942065,0.03673036,0.9802728,0.0,0.0,0.0,0.0,0.0,0.0,0.0,-1.210251,0.1583651,3.42594,1.645033,0.1486474,-3.240158,0.06964225,-0.06490622,-0.05572234,0.9938975,7.539003,352.0694,353.0589,0.4834035,0.04213667,-0.8743827,0.0,0.0,0.0,1.627348,0.1613353,-2.57803,0.02549034,0.07981274,0.6522479,0.9853644,-0.119805,0.121259,0.1017241,0.98409,0.145668,-0.1367815,-0.131201,0.9818742,static,-4.4673485412380876,9.187020860677793,2.238023370354883,6.976353606737861,-0.01768499999999995,0.012687899999999974,0.662128,-0.07689776281095366,0.15918482385798804,0.9842494461953188,-2.4382340766831883,9.638585265252903,6.989978591712324,7.060386829375731,5.38097213471495
05/17/2023 13:13:41.083960,929,True,True,True,True,Eyes,1.73213,0.1538701,-3.214893,-0.1878149,0.03613901,0.9815394,0.0,0.0,0.0,0.0,0.0,0.0,0.0,-1.234981,0.1516319,3.415783,1.638265,0.1507195,-3.241777,0.07032484,-0.06021953,-0.05835091,0.9939936,7.630104,352.5844,352.7856,0.482561,0.04213555,-0.8748479,0.0,0.0,0.0,1.627348,0.1613353,-2.57803,0.02409069,0.07912312,0.65179,0.9859375,-0.1244707,0.1115086,0.107531,0.9832991,0.1468326,-0.1279227,-0.1327771,0.982856,static,-4.661093702214894,9.205567807518195,2.1167352001511106,6.921473046635005,-0.010917000000000066,0.01061579999999998,0.6637469999999999,-0.08022191928017752,0.15946151639971165,0.983939290257615,-2.5239227290642687,9.658433524108045,7.08054319198989,7.152346014171994,5.387639434041501
05/17/2023 13:13:41.093723,930,True,True,True,True,Eyes,1.727471,0.1537124,-3.21574,-0.1813831,0.03563226,0.9827667,0.0,0.0,0.0,0.0,0.0,0.0,0.0,-1.261374,0.1506694,3.403926,1.63049,0.1498416,-3.243382,0.07125376,-0.05520799,-0.0604836,0.9940911,7.757873,353.1381,352.5706,0.4816973,0.04213196,-0.875324,0.0,0.0,0.0,1.627348,0.1613353,-2.57803,0.0230366,0.07791463,0.6515608,0.9865876,-0.12812,0.1011442,0.1123849,0.9825293,0.1483438,-0.1183829,-0.1349871,0.98375,static,-4.888561317682425,9.263948971147672,2.0249075555287295,6.819135402921481,-0.003141999999999978,0.011493699999999996,0.6653519999999999,-0.08411443754048453,0.16041233334267108,0.9834594644702012,-2.6173980872864457,9.695843954897036,7.259007200455664,7.333018835666685,5.46136006635004
05/17/2023 13:13:41.114179,931,True,True,True,True,Eyes,1.72269,0.1535211,-3.216601,-0.1745461,0.03553551,0.9840075,0.0,0.0,0.0,0.0,0.0,0.0,0.0,-1.277366,0.1395862,3.396871,1.623372,0.1496184,-3.245328,0.07024565,-0.05170079,-0.06172109,0.9942752,7.660614,353.5414,352.4628,0.4808116,0.04212611,-0.875811,0.0,0.0,0.0,1.627348,0.1613353,-2.57803,0.02255976,0.07628163,0.6511412,0.9870351,-0.129999,0.09413835,0.115472,0.9825121,0.1460691,-0.1114809,-0.133305,0.9847851,static,-4.896074345547948,9.152207186217913,1.9843041906230805,6.681782669362606,0.0039759999999999796,0.011716899999999975,0.6672980000000002,-0.08426986842667385,0.1584919369573537,0.9837574745572595,-2.642619229902497,9.653272663193812,7.238671580826336,7.310444999757728,5.498924724239012
05/17/2023 13:13:41.133869,932,True,True,True,True,Eyes,1.717833,0.1532898,-3.217463,-0.1677166,0.03561774,0.9851916,0.0,0.0,0.0,0.0,0.0,0.0,0.0,-1.294227,0.1229935,3.388741,1.616069,0.148457,-3.246537,0.06827603,-0.04799769,-0.06290303,0.9945239,7.456065,353.9759,352.3689,0.4799031,0.04211736,-0.8763096,0.0,0.0,0.0,1.627348,0.1613353,-2.57803,0.02325989,0.07524209,0.6505941,0.9874789,-0.1316713,0.08688016,0.1185629,0.9827632,0.1418427,-0.1040592,-0.1297659,0.9860692,static,-4.918996515079966,8.941139964129354,2.047553386366833,6.59702651946956,0.011279000000000039,0.012878299999999981,0.668507,-0.08471282449147745,0.15486105620310603,0.9842975976132231,-2.6942832528215472,9.573432785679458,7.280487004898832,7.350352737847565,5.598572047788873
05/17/2023 13:13:41.143836,933,True,True,True,True,Eyes,1.712892,0.1530414,-3.218321,-0.1605186,0.03588658,0.9863802,0.0,0.0,0.0,0.0,0.0,0.0,0.0,-1.307572,0.1067314,3.381797,1.609301,0.1472264,-3.247485,0.06588614,-0.04489304,-0.06312806,0.9948158,7.205077,354.352,352.3822,0.4789727,0.04210493,-0.8768191,0.0,0.0,0.0,1.627348,0.1613353,-2.57803,0.02381846,0.07506759,0.6500993,0.9879989,-0.1315173,0.08100208,0.1196859,0.9833478,0.1367572,-0.09763914,-0.1254211,0.9872873,static,-4.840385960845459,8.713846509218149,2.0982749665868456,6.586826766574757,0.018046999999999924,0.01410889999999998,0.6694550000000001,-0.08341305768209772,0.1509717322082554,0.9850125706833687,-2.70230885434831,9.480683793316555,7.190435048497717,7.2573568502224335,5.60535578826601
05/17/2023 13:13:41.163684,934,True,True,True,True,Eyes,1.707886,0.1527571,-3.219175,-0.1532651,0.03607791,0.9875263,0.0,0.0,0.0,0.0,0.0,0.0,0.0,-1.326765,0.09773222,3.372205,1.602714,0.1464383,-3.248305,0.06502329,-0.04100095,-0.06401876,0.9949836,7.131358,354.8009,352.313,0.4780199,0.04208876,-0.8773397,0.0,0.0,0.0,1.627348,0.1613353,-2.57803,0.02417903,0.07574712,0.649345,0.9884411,-0.1327273,0.07326513,0.1220632,0.9833472,0.1346439,-0.08991597,-0.1241446,0.9881818,static,-4.869571921065765,8.642206060369862,2.132482159989271,6.6535722309594,0.024634000000000045,0.014896999999999994,0.6702750000000002,-0.08393079077833954,0.14973346272363824,0.9851576077764306,-2.7297108810279047,9.454987739356756,7.211771623565991,7.2789714837671395,5.611492672970809
05/17/2023 13:13:41.183825,935,True,True,True,True,Eyes,1.702837,0.1524646,-3.220031,-0.1456992,0.03620066,0.9886664,0.0,0.0,0.0,0.0,0.0,0.0,0.0,-1.349017,0.0991483,3.360917,1.596067,0.1453036,-3.249138,0.06557227,-0.0367399,-0.06457801,0.995078,7.224293,355.2827,352.2758,0.4770457,0.04206826,-0.8778707,0.0,0.0,0.0,1.627348,0.1613353,-2.57803,0.02480571,0.0770965,0.6487401,0.9889597,-0.1333385,0.06464908,0.1237021,0.9830599,0.1352442,-0.08158718,-0.1257539,0.9887009,static,-4.933003928811839,8.732703633419339,2.189737378881598,6.777264554381378,0.031281000000000114,0.016031699999999982,0.6711079999999998,-0.08500121686016013,0.15127553586897807,0.984830188679186,-2.7413260437117004,9.494022432466586,7.31621376205915,7.386283620884813,5.629934266559032
05/17/2023 13:13:41.194071,936,True,True,True,True,Eyes,1.697736,0.1521586,-3.220884,-0.1381148,0.03620273,0.9897544,0.0,0.0,0.0,0.0,0.0,0.0,0.0,-1.371917,0.1052618,3.349264,1.589552,0.1448696,-3.250098,0.06687407,-0.03242722,-0.06497333,0.9951155,7.404937,355.7652,352.2545,0.476052,0.04204367,-0.8784112,0.0,0.0,0.0,1.627348,0.1613353,-2.57803,0.0250165,0.07922196,0.6479572,0.9894539,-0.133649,0.05584758,0.1249748,0.9826127,0.1373086,-0.0732277,-0.128881,0.9889527,static,-5.006295075511825,8.904655041896019,2.210992217902292,6.970625721642596,0.03779599999999994,0.0164657,0.6720679999999999,-0.08622128315999,0.15421422310073707,0.9842682417316603,-2.7416248063862594,9.565094638250175,7.397718486459164,7.471927815984091,5.591036071115593
05/17/2023 13:13:41.214058,937,True,True,True,True,Eyes,1.692603,0.1518272,-3.221734,-0.1303097,0.03618991,0.9908126,0.0,0.0,0.0,0.0,0.0,0.0,0.0,-1.393063,0.1115235,3.338084,1.583142,0.1442696,-3.250956,0.06806822,-0.02838376,-0.06516786,0.9951454,7.57224,356.2192,352.2563,0.4750381,0.04201502,-0.8789614,0.0,0.0,0.0,1.627348,0.1613353,-2.57803,0.02598026,0.08060323,0.647676,0.989895,-0.1335671,0.04762022,0.1258389,0.9822398,0.139175,-0.06536367,-0.1317761,0.9891222,static,-5.033181075573541,9.069838943278768,2.297076974338106,7.093982184239441,0.04420599999999997,0.01706569999999999,0.6729259999999999,-0.08664399944594138,0.15704543172169094,0.9837832513079381,-2.721852492982648,9.630516755780963,7.514006348537029,7.591883363865378,5.623491853872105
05/17/2023 13:13:41.233949,938,True,True,True,True,Eyes,1.68743,0.1514628,-3.222566,-0.1225116,0.03603841,0.9918125,0.0,0.0,0.0,0.0,0.0,0.0,0.0,-1.414127,0.1200492,3.326662,1.57675,0.1433936,-3.25179,0.06931903,-0.02437172,-0.06480929,0.9951888,7.74775,356.6736,352.3227,0.4740061,0.04198204,-0.8795199,0.0,0.0,0.0,1.627348,0.1613353,-2.57803,0.02669081,0.08122833,0.6473143,0.9904116,-0.1323738,0.03952388,0.1256161,0.9819893,0.1411301,-0.05749395,-0.134812,0.9892018,static,-5.050919017166279,9.24068164604055,2.3611481669367422,7.152383936090722,0.05059799999999992,0.017941699999999977,0.6737600000000001,-0.08690715933687346,0.15997445806399274,0.9832879602177916,-2.696761822510635,9.69752002005338,7.619685534447239,7.7006316148117735,5.66217017999639
05/17/2023 13:13:41.243779,939,True,True,True,True,Eyes,1.682251,0.1510872,-3.223392,-0.1145228,0.03593118,0.9927706,0.0,0.0,0.0,0.0,0.0,0.0,0.0,-1.435212,0.1320924,3.314636,1.570576,0.1422901,-3.252251,0.07090029,-0.02041504,-0.06405123,0.9952155,7.961457,357.1225,352.4348,0.4729568,0.04194429,-0.8800864,0.0,0.0,0.0,1.627348,0.1613353,-2.57803,0.0276617,0.08097147,0.6472505,0.9909613,-0.1303844,0.03155222,0.1245947,0.9817412,0.1437373,-0.04971723,-0.1385069,0.9891127,static,-5.050633553112024,9.45804154239394,2.447174310477646,7.1306954014285795,0.056772000000000045,0.019045199999999984,0.6742209999999997,-0.08684841132038247,0.16370439367160347,0.9826790984772856,-2.6543060977318875,9.781268906718408,7.76680043233816,7.8507109753941045,5.748968799905782
05/17/2023 13:13:41.263554,940,True,True,True,True,Eyes,1.67706,0.1507479,-3.224203,-0.1065164,0.03569879,0.9936699,0.0,0.0,0.0,0.0,0.0,0.0,0.0,-1.455144,0.1448838,3.303307,1.564711,0.141729,-3.252978,0.07257549,-0.0166623,-0.06310946,0.9952248,8.18413,357.5492,352.5678,0.4718913,0.04190191,-0.8806602,0.0,0.0,0.0,1.627348,0.1613353,-2.57803,0.028743,0.08108094,0.6471873,0.9914791,-0.1280347,0.02400506,0.1231976,0.9815,0.1465609,-0.04232585,-0.1423547,0.9889103,static,-5.02349202021175,9.68183188009897,2.5429595056775747,7.140926433280252,0.06263700000000005,0.019606299999999993,0.6749480000000001,-0.08632635984999575,0.16754899351654895,0.9820769377238601,-2.5982198707060853,9.86573551242821,7.894816833728357,7.981690872447135,5.818617524632446
05/17/2023 13:13:41.284047,941,True,True,True,True,Eyes,1.67186,0.1504201,-3.225008,-0.09831745,0.03555333,0.9945198,0.0,0.0,0.0,0.0,0.0,0.0,0.0,-1.478002,0.1504374,3.290761,1.559142,0.1422932,-3.253469,0.07393301,-0.0124177,-0.06338787,0.9951692,8.37072,358.0255,352.5664,0.4708115,0.04185638,-0.8812401,0.0,0.0,0.0,1.627348,0.1613353,-2.57803,0.03032592,0.08146637,0.6472304,0.9916555,-0.1279995,0.01534251,0.1243272,0.9810318,0.148726,-0.03408833,-0.1455774,0.9887594,static,-5.0531679537842,9.858316560917489,2.682626420706518,7.17404617440853,0.06820599999999999,0.01904209999999998,0.6754389999999999,-0.08678942048360895,0.1705663349329128,0.9815165381797213,-2.5775330012196047,9.935695686949504,8.097545267608266,8.188273451240573,5.941042431610463
05/17/2023 13:13:41.293724,942,True,True,True,True,Eyes,1.666634,0.1501094,-3.225815,-0.09015698,0.03533797,0.9953005,0.0,0.0,0.0,0.0,0.0,0.0,0.0,-1.501329,0.1569424,3.277706,1.553085,0.1423117,-3.254174,0.07521788,-0.008026786,-0.06335763,0.99512,8.550699,358.522,352.6035,0.4697179,0.04180831,-0.8818257,0.0,0.0,0.0,1.627348,0.1613353,-2.57803,0.03217679,0.08172899,0.6473163,0.9918428,-0.1273044,0.006443976,0.1248894,0.9806561,0.1507187,-0.02550648,-0.1486845,0.9885557,static,-5.097601098992851,10.024712008749495,2.845715574629777,7.195985726704656,0.07426299999999997,0.019023599999999974,0.6761439999999999,-0.08750653393937181,0.17340517384104437,0.980955345910183,-2.5656125232384364,10.002734980577948,8.337082311834164,8.43196134693361,6.095925947458375
05/17/2023 13:13:41.314119,943,True,True,True,True,Eyes,1.661381,0.1498022,-3.226621,-0.08190482,0.03533807,0.9960135,0.0,0.0,0.0,0.0,0.0,0.0,0.0,-1.519833,0.1617443,3.267028,1.547191,0.1424369,-3.255064,0.07601047,-0.004360459,-0.06294504,0.9951088,8.669143,358.9424,352.6811,0.4686118,0.04175847,-0.8824164,0.0,0.0,0.0,1.627348,0.1613353,-2.57803,0.03408131,0.08177058,0.6474126,0.9920378,-0.1259372,-0.0008907018,0.1246114,0.9805207,0.1518263,-0.01824722,-0.1507284,0.9884068,static,-5.046139768113915,10.155875027899642,3.0134019920142463,7.198549504937786,0.08015700000000003,0.018898399999999982,0.6770339999999999,-0.08659020681267016,0.17566445880092213,0.9806345929606629,-2.5163532498899697,10.04991002765475,8.487968500612837,8.584986175411778,6.221611516791764
05/17/2023 13:13:41.333961,944,True,True,True,True,Eyes,1.656109,0.1495047,-3.227425,-0.07371192,0.03528038,0.9966553,0.0,0.0,0.0,0.0,0.0,0.0,0.0,-1.538299,0.1665928,3.256098,1.541199,0.1421939,-3.255884,0.07666808,-0.0006766604,-0.06234323,0.9951054,8.771908,359.3677,352.7817,0.4674934,0.04170709,-0.8830119,0.0,0.0,0.0,1.627348,0.1613353,-2.57803,0.03557536,0.08155911,0.6474245,0.9922258,-0.1241799,-0.008212775,0.1239724,0.9804707,0.15267,-0.01090617,-0.1525013,0.9882431,static,-4.9962174050083314,10.26891888285101,3.145185567681449,7.179997007840668,0.08614900000000003,0.019141399999999975,0.677854,-0.08570528517116896,0.1776125244696822,0.9803613286061196,-2.471331459825609,10.090203074418227,8.609255536536365,8.70769089447021,6.325706511546481
05/17/2023 13:13:41.344046,945,True,True,True,True,Eyes,1.650837,0.1492308,-3.228235,-0.06560871,0.03544705,0.9972156,0.0,0.0,0.0,0.0,0.0,0.0,0.0,-1.555726,0.1727807,3.24552,1.535397,0.1421595,-3.256667,0.07733726,0.002822508,-0.0612915,0.9951153,8.874168,359.776,352.9336,0.466363,0.04165461,-0.8836119,0.0,0.0,0.0,1.627348,0.1613353,-2.57803,0.037149,0.08195916,0.6476285,0.9924707,-0.1215476,-0.01509767,0.1224208,0.9805246,0.153573,-0.003862791,-0.1542649,0.988022,static,-4.926603429308006,10.3997874226228,3.2829794046088456,7.212596190560446,0.09195100000000012,0.019175799999999993,0.6786370000000002,-0.08447886735481147,0.17987019746015287,0.9800561117104574,-2.413762696433306,10.136074678669488,8.706307071277873,8.806556549337396,6.4030927711710115
05/17/2023 13:13:41.363557,946,True,True,True,True,Eyes,1.645544,0.1489691,-3.229044,-0.05750478,0.03556017,0.9977118,0.0,0.0,0.0,0.0,0.0,0.0,0.0,-1.573519,0.1763601,3.235072,1.52974,0.1424762,-3.25766,0.07792807,0.006392282,-0.06080631,0.9950824,8.967089,0.1882057,353.0211,0.4652217,0.04160174,-0.8842158,0.0,0.0,0.0,1.627348,0.1613353,-2.57803,0.03897295,0.08337571,0.6477553,0.9925234,-0.1200183,-0.02219873,0.1220108,0.9804596,0.1543123,0.003244658,-0.1558671,0.9877726,static,-4.8706012363450215,10.512224261665452,3.4431164711489837,7.334488909449137,0.09760799999999992,0.01885909999999999,0.67963,-0.08349064990576029,0.18180832038060607,0.9797832450553611,-2.366056817731611,10.17573524050838,8.797099689353018,8.900331684191592,6.466774699492893
05/17/2023 13:13:41.384156,947,True,True,True,True,Eyes,1.640245,0.1487405,-3.229862,-0.0494248,0.03588443,0.998133,0.0,0.0,0.0,0.0,0.0,0.0,0.0,-1.594115,0.1768145,3.222991,1.523895,0.1425212,-3.258461,0.07830453,0.01045793,-0.06086678,0.9950148,9.038691,0.6543968,353.0507,0.4640698,0.04154887,-0.8848234,0.0,0.0,0.0,1.627348,0.1613353,-2.57803,0.04139026,0.08493692,0.6478177,0.9923717,-0.1194889,-0.03034389,0.1227645,0.9803272,0.1545552,0.01127931,-0.1571014,0.9875181,static,-4.879778498574981,10.604123221650287,3.6557632751894116,7.46957861641581,0.10345300000000002,0.0188141,0.680431,-0.08362278618059274,0.18337754401135575,0.9794793999080447,-2.352392263807345,10.211753465771766,8.985041180048109,9.092900706258789,6.604351284207842
05/17/2023 13:13:41.394337,948,True,True,True,True,Eyes,1.63491,0.1485249,-3.23068,-0.04130545,0.03620713,0.9984903,0.0,0.0,0.0,0.0,0.0,0.0,0.0,-1.615002,0.1714092,3.211217,1.518073,0.1430821,-3.259526,0.07827156,0.0146328,-0.06178764,0.994908,9.064965,1.128231,352.982,0.4629078,0.04149688,-0.8854343,0.0,0.0,0.0,1.627348,0.1613353,-2.57803,0.04359869,0.08690795,0.6477425,0.9919363,-0.1206554,-0.038789,0.1252367,0.9801117,0.1539377,0.01944414,-0.1575542,0.9873189,static,-4.9066215538173665,10.642079229476966,3.8506949255112017,7.6417677654984475,0.10927500000000001,0.018253199999999997,0.6814960000000001,-0.08407140279466285,0.1840193947219936,0.979320599831801,-2.3573738730079867,10.22814083805276,9.144416491889778,9.257022242600513,6.72528392542512
05/17/2023 13:13:41.413696,949,True,True,True,True,Eyes,1.629572,0.1483237,-3.231506,-0.03318759,0.03674616,0.9987734,0.0,0.0,0.0,0.0,0.0,0.0,0.0,-1.636232,0.161784,3.198864,1.511791,0.1431617,-3.260392,0.07772442,0.01898335,-0.06311381,0.9947941,9.034885,1.62222,352.8677,0.4617361,0.04144606,-0.8860483,0.0,0.0,0.0,1.627348,0.1613353,-2.57803,0.04608708,0.08990693,0.6478634,0.9913126,-0.1226195,-0.04758,0.1285214,0.9799511,0.1522433,0.02795807,-0.1570358,0.9871971,static,-4.9564576064946975,10.630069158474996,4.068997300322504,7.900733556482753,0.11555699999999991,0.018173599999999984,0.6823619999999999,-0.08492672293698633,0.18380073246946343,0.9792878756663881,-2.382682661412586,10.226779203686645,9.310480112420178,9.429109666521706,6.858182170337141
05/17/2023 13:13:41.433776,950,True,True,True,True,Eyes,1.624191,0.1481372,-3.23233,-0.02507946,0.03734994,0.9989875,0.0,0.0,0.0,0.0,0.0,0.0,0.0,-1.655964,0.1507047,3.18723,1.505457,0.1433855,-3.261351,0.07664708,0.02314456,-0.06380675,0.9947454,8.942445,2.103852,352.8242,0.4605551,0.04139668,-0.886665,0.0,0.0,0.0,1.627348,0.1613353,-2.57803,0.04827526,0.09336047,0.6479315,0.9907861,-0.123395,-0.05582707,0.1304909,0.9801078,0.1495351,0.03626467,-0.1554422,0.9871791,static,-4.973045418284759,10.56700346184996,4.261048329000192,8.199316882062785,0.12189099999999997,0.017949799999999988,0.6833209999999998,-0.08522773263039501,0.1827180037802435,0.9794643368563195,-2.4026083402626734,10.203561902337157,9.408889401994543,9.53280793228057,6.9585428292930755
05/17/2023 13:13:41.443893,951,True,True,True,True,Eyes,1.618794,0.1479523,-3.233154,-0.01690865,0.03810592,0.9991306,0.0,0.0,0.0,0.0,0.0,0.0,0.0,-1.673409,0.1399377,3.176352,1.498963,0.1435298,-3.262147,0.07533058,0.02698731,-0.06400273,0.9947365,8.81953,2.554797,352.8342,0.4593649,0.041349,-0.8872844,0.0,0.0,0.0,1.627348,0.1613353,-2.57803,0.05084956,0.09700973,0.6483126,0.9903506,-0.1232658,-0.06333324,0.1313976,0.9804579,0.1464136,0.0440478,-0.1533227,0.9871939,static,-4.942188401608864,10.490964270924911,4.484738900910019,8.510266283887562,0.12838499999999997,0.017805499999999974,0.6841170000000001,-0.08472083200643463,0.1814258244921161,0.9797484219286716,-2.4031921628285344,10.17223465426884,9.503755308220873,9.63276299318268,7.085600412312447
05/17/2023 13:13:41.463475,952,True,True,True,True,Eyes,1.613356,0.1477744,-3.233965,-0.008761263,0.03888215,0.9992054,0.0,0.0,0.0,0.0,0.0,0.0,0.0,-1.689729,0.1328562,3.165768,1.492506,0.1434349,-3.26294,0.07423516,0.03062172,-0.06360266,0.9947393,8.718761,2.985313,352.9107,0.4581656,0.0413029,-0.8879064,0.0,0.0,0.0,1.627348,0.1613353,-2.57803,0.05390039,0.09968984,0.6487283,0.990034,-0.1219897,-0.07036436,0.1310825,0.9808877,0.143794,0.05147814,-0.1515845,0.9871029,static,-4.883297955201291,10.445892818477411,4.749581176999933,8.736281967622437,0.1348419999999999,0.017900399999999983,0.6849099999999999,-0.08372561408158927,0.1806703139068619,0.9799736077704309,-2.3848249361384255,10.151004292525272,9.649767717623304,9.783410940820124,7.273320413935059
05/17/2023 13:13:41.484105,953,True,True,True,True,Eyes,1.60794,0.1475925,-3.234775,-0.0006920219,0.03969369,0.9992117,0.0,0.0,0.0,0.0,0.0,0.0,0.0,-1.707515,0.1286247,3.153893,1.486041,0.1434213,-3.26348,0.0735027,0.03447424,-0.06296678,0.9947081,8.659897,3.440462,353.0164,0.4569571,0.04125843,-0.888531,0.0,0.0,0.0,1.627348,0.1613353,-2.57803,0.05704056,0.1022766,0.649468,0.9896934,-0.1201992,-0.07784007,0.130335,0.9812651,0.141886,0.05932717,-0.1505689,0.9868178,static,-4.854565343228241,10.443331530431001,5.019214143484293,8.949300962702173,0.14130700000000007,0.017913999999999985,0.6854499999999999,-0.08323473596663764,0.18063396694281403,0.9800221620208811,-2.372080369103679,10.148133706791594,9.846669397992931,9.98617287500739,7.487885851167474
05/17/2023 13:13:41.493823,954,True,True,True,True,Eyes,1.60248,0.1474116,-3.235572,0.00738095,0.04050274,0.9991522,0.0,0.0,0.0,0.0,0.0,0.0,0.0,-1.726371,0.1252337,3.141356,1.479647,0.1433225,-3.264087,0.07289831,0.03848764,-0.06232895,0.9946455,8.616133,3.913248,353.1235,0.4557404,0.04121528,-0.8891577,0.0,0.0,0.0,1.627348,0.1613353,-2.57803,0.0595696,0.1055208,0.6500137,0.9892676,-0.118379,-0.08565046,0.1296018,0.9816018,0.1402181,0.06747577,-0.1498137,0.9864091,static,-4.8451434048016955,10.453678914768554,5.236165846017973,9.220746356269576,0.14770100000000008,0.018012799999999995,0.6860569999999999,-0.08307079005587012,0.18081343226081759,0.9800029671836747,-2.365722819357178,10.151503817190981,10.009999011673235,10.156422544600488,7.658656587928464
05/17/2023 13:13:41.514291,955,True,True,True,True,Eyes,1.597012,0.1472353,-3.236362,0.0154532,0.04126898,0.9990286,0.0,0.0,0.0,0.0,0.0,0.0,0.0,-1.746029,0.122637,3.127976,1.473051,0.1431666,-3.264585,0.07242045,0.04266779,-0.06169383,0.9945495,8.587297,4.404399,353.2316,0.454515,0.04117338,-0.8897867,0.0,0.0,0.0,1.627348,0.1613353,-2.57803,0.06134205,0.1071378,0.6508805,0.9887466,-0.1165351,-0.09380624,0.1288952,0.9818983,0.1387868,0.07593466,-0.1493161,0.9858695,static,-4.855655309346251,10.474430589803033,5.383922116647906,9.347318716922294,0.1542969999999999,0.018168699999999982,0.6865549999999998,-0.08324509973628001,0.18116571889505248,0.9799231140174091,-2.3665271664457115,10.160190318908015,10.150571163643638,10.301423544196105,7.7929599210518985
05/17/2023 13:13:41.533999,956,True,True,True,True,Eyes,1.591492,0.147059,-3.237136,0.02354836,0.04201403,0.9988395,0.0,0.0,0.0,0.0,0.0,0.0,0.0,-1.766859,0.1204596,3.113827,1.466533,0.1431879,-3.265118,0.07224464,0.04703518,-0.0614459,0.9943807,8.595492,4.911977,353.2974,0.453282,0.04113273,-0.8904172,0.0,0.0,0.0,1.627348,0.1613353,-2.57803,0.06192792,0.1067242,0.6523547,0.9880242,-0.1154051,-0.10242,0.1289973,0.9820102,0.1378971,0.08466345,-0.1494575,0.9851367,static,-4.893778455313407,10.525712967408156,5.422827920297522,9.291191425430396,0.16081499999999993,0.01814739999999998,0.6870880000000001,-0.08388343383778991,0.18203294216747257,0.9797079300634527,-2.374113041127787,10.182452936138763,10.23842193369068,10.390207435220107,7.847715300418458
05/17/2023 13:13:41.549404,957,True,True,True,True,Eyes,1.585945,0.146881,-3.237902,0.03169902,0.04269459,0.9985852,0.0,0.0,0.0,0.0,0.0,0.0,0.0,-1.787095,0.1165375,3.099603,1.459711,0.1430106,-3.26552,0.07191022,0.05139075,-0.06149992,0.994186,8.58667,5.416617,353.3274,0.4520409,0.04109325,-0.8910497,0.0,0.0,0.0,1.627348,0.1613353,-2.57803,0.06272388,0.1096406,0.6533601,0.9871535,-0.1148937,-0.1110289,0.1296757,0.9820933,0.1366632,0.09333899,-0.1493053,0.9843758,static,-4.929423798768036,10.554188442310284,5.483704309319524,9.526068658210782,0.16763700000000004,0.0183247,0.6874899999999999,-0.08448531488579976,0.18251051224808873,0.9795673545146634,-2.384997801207782,10.195763651243208,10.30623716047492,10.463759710825741,7.897149124076965
05/17/2023 13:13:41.563471,958,True,True,True,True,Eyes,1.58034,0.1466922,-3.238651,0.03983458,0.04339387,0.9982635,0.0,0.0,0.0,0.0,0.0,0.0,0.0,-1.805236,0.1108074,3.086597,1.45294,0.1428349,-3.266007,0.07131373,0.05543515,-0.06166246,0.9940016,8.546294,5.885983,353.3406,0.4507921,0.04105479,-0.891684,0.0,0.0,0.0,1.627348,0.1613353,-2.57803,0.06521884,0.1094427,0.6551399,0.9862494,-0.1146786,-0.119,0.1304917,0.9822242,0.1349354,0.1014105,-0.1486085,0.9836826,static,-4.929291907034893,10.554838579697757,5.6850349919174645,9.483825059620282,0.17440800000000012,0.0185004,0.6879770000000001,-0.084482872766377,0.18252164509506547,0.9795653783339501,-2.384810416049857,10.196005559649137,10.508685569821742,10.668224101415019,8.101210154854188
05/17/2023 13:13:41.583627,959,True,True,True,True,Eyes,1.574723,0.1465021,-3.239384,0.04796128,0.04405445,0.9978772,0.0,0.0,0.0,0.0,0.0,0.0,0.0,-1.821825,0.1040071,3.074063,1.445843,0.1423774,-3.266343,0.0705074,0.05930752,-0.06187382,0.9938225,8.481082,6.3363,353.3452,0.4495344,0.04101695,-0.8923205,0.0,0.0,0.0,1.627348,0.1613353,-2.57803,0.06752196,0.1088164,0.6563492,0.9853085,-0.1146199,-0.1266074,0.1313464,0.9824007,0.1328045,0.1091571,-0.1474828,0.9830227,static,-4.908349155385999,10.529930711624568,5.873643821089077,9.41346613021454,0.18150500000000003,0.0189579,0.688313,-0.08413149262295483,0.18210123363926872,0.9796739344700212,-2.380007623130266,10.185033546752141,10.679521036246221,10.839643246265116,8.28963680995293
05/17/2023 13:13:41.593782,960,True,True,True,True,Eyes,1.569054,0.1463122,-3.240087,0.05607914,0.04474808,0.9974231,0.0,0.0,0.0,0.0,0.0,0.0,0.0,-1.837554,0.09553352,3.061979,1.439047,0.1422532,-3.266551,0.0695103,0.06302863,-0.06214424,0.9936468,8.393517,6.769749,353.3399,0.4482689,0.04097968,-0.8929585,0.0,0.0,0.0,1.627348,0.1613353,-2.57803,0.07020172,0.1075867,0.6574132,0.984331,-0.1147366,-0.1338957,0.1322611,0.9826128,0.1303036,0.1166171,-0.1459711,0.9823914,static,-4.869824507513543,10.485709064092003,6.095218995858745,9.294156939769133,0.18830100000000005,0.01908209999999999,0.6885210000000002,-0.08348447139284815,0.18135496799118977,0.9798677562006042,-2.3708618302261106,10.165465721019306,10.869977357551942,11.029595436634345,8.510799230747093
05/17/2023 13:13:41.614012,961,True,True,True,True,Eyes,1.563365,0.1461187,-3.240767,0.06429604,0.0453708,0.9968989,0.0,0.0,0.0,0.0,0.0,0.0,0.0,-1.853966,0.08589143,3.049039,1.432034,0.1420526,-3.266544,0.06846599,0.06692655,-0.06267681,0.9934309,8.303806,7.221716,353.3048,0.4469951,0.04094296,-0.8935986,0.0,0.0,0.0,1.627348,0.1613353,-2.57803,0.07147948,0.1079042,0.6582891,0.9831849,-0.1153658,-0.1415562,0.1336945,0.9827681,0.127643,0.1243913,-0.1444219,0.9816664,static,-4.84864612505452,10.43144596145833,6.197109529451548,9.30891916689909,0.195314,0.019282699999999986,0.6885140000000001,-0.08313661308215635,0.18043213145580977,0.9800675775562994,-2.3716664599254793,10.143165146750434,10.942547708980882,11.102647629442096,8.60929081347717
05/17/2023 13:13:41.633914,962,True,True,True,True,Eyes,1.557615,0.1459248,-3.241415,0.07250861,0.04602487,0.9963053,0.0,0.0,0.0,0.0,0.0,0.0,0.0,-1.871502,0.07687166,3.035222,1.425078,0.141863,-3.266501,0.06758146,0.07101049,-0.06328958,0.9931691,8.234685,7.693673,353.2622,0.4457132,0.04090664,-0.8942403,0.0,0.0,0.0,1.627348,0.1613353,-2.57803,0.07218446,0.1103932,0.6589572,0.9819039,-0.1161165,-0.1496052,0.1353125,0.9828543,0.1252512,0.1324964,-0.1432281,0.9807805,static,-4.85182533628981,10.39662137804165,6.251452834131281,9.510283245055934,0.20226999999999995,0.019472299999999998,0.6884709999999998,-0.08320024203816868,0.1798354630698344,0.9801719052992629,-2.379912822679457,10.12995262344054,10.974474704376757,11.138598718677954,8.653580948952833
05/17/2023 13:13:41.643839,963,True,True,True,True,Eyes,1.551848,0.1457438,-3.242036,0.08078463,0.04664276,0.9956396,0.0,0.0,0.0,0.0,0.0,0.0,0.0,-1.888598,0.06892887,3.021254,1.417803,0.1416452,-3.26639,0.06663027,0.07508034,-0.06347192,0.9929224,8.154818,8.168005,353.268,0.4444233,0.04087074,-0.8948838,0.0,0.0,0.0,1.627348,0.1613353,-2.57803,0.07272971,0.1131837,0.659754,0.9806685,-0.1160401,-0.1575562,0.1360506,0.9830635,0.1227864,0.1406396,-0.1418484,0.9798467,static,-4.842881869764478,10.353191163605057,6.290749933666637,9.734581893408388,0.2095450000000001,0.019690099999999988,0.6883599999999999,-0.08305864876510143,0.17909455269632354,0.9803194982517863,-2.384247340155936,10.112628930984592,10.982662580337033,11.150804211515242,8.683230807910684
05/17/2023 13:13:41.664113,964,True,True,True,True,Eyes,1.54602,0.1455853,-3.242615,0.08904071,0.04731992,0.9949033,0.0,0.0,0.0,0.0,0.0,0.0,0.0,-1.903491,0.0594793,3.008045,1.410461,0.1414093,-3.265846,0.06528999,0.07884072,-0.06342747,0.9927227,8.026497,8.6106,353.2936,0.4431251,0.04083559,-0.8955289,0.0,0.0,0.0,1.627348,0.1613353,-2.57803,0.07352492,0.1159799,0.6604674,0.9795222,-0.1156368,-0.1648163,0.1362268,0.9834283,0.1196284,0.1482516,-0.139631,0.9790428,static,-4.793252910127588,10.270053443603057,6.352158700246089,9.959751593401082,0.21688700000000005,0.019926,0.6878159999999998,-0.08223084624932388,0.17768414121654513,0.9806459264700278,-2.3775611079885106,10.077335453606514,10.978371920119315,11.149730364582418,8.730511662810166
05/17/2023 13:13:41.683968,965,True,True,True,True,Eyes,1.540173,0.1453952,-3.243149,0.0971963,0.04798962,0.9941076,0.0,0.0,0.0,0.0,0.0,0.0,0.0,-1.919544,0.05090618,2.994051,1.403104,0.1417718,-3.265392,0.06408016,0.08280348,-0.06316467,0.9924957,7.912409,9.07754,353.3461,0.4418185,0.04080178,-0.8961758,0.0,0.0,0.0,1.627348,0.1613353,-2.57803,0.0743669,0.1190623,0.661157,0.9783076,-0.1147692,-0.1724594,0.1359935,0.9838079,0.116738,0.156269,-0.1376591,0.9780746,static,-4.770710207370932,10.199440442570387,6.417651765551748,10.208509785869495,0.2242440000000001,0.019563499999999984,0.6873619999999998,-0.08186301924376865,0.17648079583408688,0.9808939899506247,-2.380920541161666,10.04864441212543,11.012547428892134,11.188365648750054,8.800024521226435
05/17/2023 13:13:41.693953,966,True,True,True,True,Eyes,1.534298,0.1452022,-3.243653,0.1053643,0.04870689,0.9932402,0.0,0.0,0.0,0.0,0.0,0.0,0.0,-1.93467,0.04390147,2.980571,1.39603,0.1414248,-3.264931,0.06274544,0.08655604,-0.06244224,0.9923065,7.777987,9.524342,353.4476,0.4405044,0.04076837,-0.896824,0.0,0.0,0.0,1.627348,0.1613353,-2.57803,0.07504858,0.1226817,0.6614197,0.977218,-0.1130617,-0.1796162,0.1347857,0.984328,0.1137159,0.1639443,-0.1353349,0.9771422,static,-4.715896313764573,10.117579340588907,6.473431043707119,10.50793954402783,0.2313179999999999,0.019910499999999998,0.6869009999999998,-0.08094496308811333,0.17509234424677025,0.981218974378725,-2.371595911785113,10.01350303998756,11.015548014186448,11.196134502634976,8.85883566276696
05/17/2023 13:13:41.713944,967,True,True,True,True,Eyes,1.528419,0.1449924,-3.244124,0.1135664,0.04932062,0.9923055,0.0,0.0,0.0,0.0,0.0,0.0,0.0,-1.95352,0.0358474,2.96498,1.389419,0.1411431,-3.264694,0.06162028,0.09087934,-0.06231043,0.9919987,7.676513,10.03131,353.4863,0.4391827,0.04073526,-0.8974735,0.0,0.0,0.0,1.627348,0.1613353,-2.57803,0.07579512,0.1258813,0.6620205,0.9757167,-0.1124237,-0.1879836,0.1348237,0.9846407,0.110929,0.1726252,-0.1335799,0.9758877,static,-4.734090697890083,10.051153959968145,6.531388856663074,10.76610324034131,0.23792900000000006,0.020192199999999993,0.6866639999999999,-0.08127325575831114,0.17394999314406237,0.981394983622812,-2.3929162793818612,9.98909627643223,11.102113673437014,11.288143428729159,8.958066866417175
05/17/2023 13:13:41.734027,968,True,True,True,True,Eyes,1.522506,0.1447636,-3.244552,0.1218119,0.04995183,0.9912955,0.0,0.0,0.0,0.0,0.0,0.0,0.0,-1.973862,0.02927938,2.947539,1.382354,0.1406859,-3.264089,0.06071507,0.09554316,-0.06215255,0.9916261,7.601932,10.57673,353.5318,0.4378543,0.04070197,-0.8981238,0.0,0.0,0.0,1.627348,0.1613353,-2.57803,0.07556219,0.127616,0.6627489,0.9740171,-0.1116624,-0.1970334,0.134866,0.9849015,0.1085368,0.181939,-0.1322898,0.9743704,static,-4.7904381241189755,10.009230215897988,6.504394395037811,10.899222917081381,0.24499399999999993,0.020649399999999984,0.6860589999999998,-0.082249144494871,0.17321794127998913,0.9814431800521072,-2.427051026324629,9.97663315013282,11.14138491651369,11.3298423927238,8.978969272297032
05/17/2023 13:13:41.743827,969,True,True,True,True,Eyes,1.516579,0.1445165,-3.244941,0.1301204,0.05046891,0.9902129,0.0,0.0,0.0,0.0,0.0,0.0,0.0,-1.995318,0.02475309,2.929137,1.375537,0.1399879,-3.263442,0.06002801,0.1003555,-0.06183441,0.9912124,7.551186,11.13954,353.5982,0.4365192,0.04066804,-0.898775,0.0,0.0,0.0,1.627348,0.1613353,-2.57803,0.07559238,0.1298379,0.6636836,0.9722105,-0.1105338,-0.2063709,0.1346304,0.9851463,0.1065902,0.1915237,-0.1314119,0.9726508,static,-4.858717794597564,9.984909017807745,6.497885193115468,11.069101778382297,0.251811,0.02134739999999999,0.6854119999999999,-0.08342512386407068,0.17278436230734784,0.9814203123786798,-2.463257972548638,9.971736000358497,11.215824210412652,11.408238486401608,9.028083876787273
05/17/2023 13:13:41.763818,970,True,True,True,True,Eyes,1.510613,0.144253,-3.245284,0.1384372,0.05098256,0.9890581,0.0,0.0,0.0,0.0,0.0,0.0,0.0,-2.015748,0.02090675,2.910866,1.368392,0.1394305,-3.262649,0.05939441,0.1050732,-0.06140761,0.9907882,7.504216,11.69206,353.6763,0.4351781,0.04063306,-0.8994266,0.0,0.0,0.0,1.627348,0.1613353,-2.57803,0.07653575,0.1313104,0.6648737,0.9703775,-0.1092024,-0.215505,0.1341654,0.9854028,0.10479,0.2009159,-0.1305991,0.9708639,static,-4.914066961828371,9.966502744068547,6.56659846261067,11.17195745362201,0.25895599999999996,0.021904799999999974,0.6846190000000001,-0.0843781027427364,0.1724551837984073,0.9813967344057128,-2.4923533031546077,9.968270754327309,11.347471955951635,11.543777529244691,9.13857038953691
05/17/2023 13:13:41.784678,971,True,True,True,True,Eyes,1.504654,0.1439623,-3.245595,0.1467786,0.05140566,0.9878327,0.0,0.0,0.0,0.0,0.0,0.0,0.0,-2.034667,0.0185065,2.89342,1.361397,0.1387669,-3.261815,0.05903427,0.10952,-0.06113397,0.9903449,7.488049,12.21091,353.7373,0.4338307,0.04059672,-0.900079,0.0,0.0,0.0,1.627348,0.1613353,-2.57803,0.07753512,0.1329357,0.6660256,0.968536,-0.1081566,-0.2241432,0.1340183,0.9855552,0.1035378,0.2097072,-0.1303194,0.9690406,static,-4.939736894219003,9.976042223750058,6.6401775873887425,11.287644942696687,0.26595100000000005,0.02256839999999999,0.6837849999999999,-0.08481541429043252,0.17261214198973002,0.9813314100872064,-2.5023274464113356,9.973629875035309,11.453344782226084,11.653957314736353,9.236451368956635
05/17/2023 13:13:41.799186,972,True,True,True,True,Eyes,1.498658,0.1436418,-3.245851,0.1550975,0.05178908,0.9865408,0.0,0.0,0.0,0.0,0.0,0.0,0.0,-2.051555,0.0182808,2.877085,1.35425,0.1380233,-3.260949,0.05879669,0.1136411,-0.06053363,0.9899316,7.479277,12.69406,353.8346,0.4324781,0.04055841,-0.9007314,0.0,0.0,0.0,1.627348,0.1613353,-2.57803,0.0786817,0.1342794,0.6671953,0.9668427,-0.1064849,-0.2321122,0.1332117,0.9857572,0.1026512,0.2178755,-0.1301676,0.9672573,static,-4.924445144529238,9.997395934514799,6.725771949527734,11.379304752629588,0.27309800000000006,0.023312,0.682919,-0.08454794161949425,0.17298182435227716,0.9812894717614169,-2.4911212678090493,9.980856894744274,11.527599368419375,11.731889460791926,9.322380435865767
05/17/2023 13:13:41.814234,973,True,True,True,True,Eyes,1.492656,0.1432903,-3.246066,0.1633028,0.05207296,0.9852008,0.0,0.0,0.0,0.0,0.0,0.0,0.0,-2.068686,0.020547,2.860175,1.347286,0.1369852,-3.259837,0.05901057,0.1177767,-0.06009222,0.9894623,7.523474,13.1759,353.9193,0.4311203,0.04051757,-0.9013839,0.0,0.0,0.0,1.627348,0.1613353,-2.57803,0.07952707,0.1352751,0.6686975,0.9650351,-0.1050178,-0.2401633,0.1328181,0.9858134,0.1026225,0.225979,-0.1309324,0.9652928,static,-4.9217645320997425,10.064246058973346,6.78223464481214,11.436390163538348,0.28006200000000003,0.024350099999999986,0.681807,-0.08448470480463469,0.17412756089185122,0.9810922184807962,-2.476868728393609,10.006444318117463,11.576499404572406,11.784157847587009,9.36887081758237
05/17/2023 13:13:41.833706,974,True,True,True,True,Eyes,1.48662,0.1429187,-3.246232,0.1714462,0.05231457,0.9838036,0.0,0.0,0.0,0.0,0.0,0.0,0.0,-2.083211,0.02428779,2.844897,1.340155,0.1360364,-3.258723,0.05926316,0.1214928,-0.05934286,0.9890429,7.56478,13.61153,354.0368,0.4297574,0.04047358,-0.9020364,0.0,0.0,0.0,1.627348,0.1613353,-2.57803,0.07976852,0.1363084,0.6701484,0.9634358,-0.1029852,-0.2473568,0.1317854,0.9859326,0.1028081,0.2332895,-0.1316471,0.9634547,static,-4.868854120078202,10.132843462147138,6.788042910793003,11.497140227133135,0.28719300000000003,0.025298899999999985,0.6806929999999998,-0.08356077808535411,0.17531576602025975,0.9809597930864368,-2.439124279551435,10.029412421682224,11.527069460477156,11.736462586796977,9.343170728904756
05/17/2023 13:13:41.843527,975,True,True,True,True,Eyes,1.480585,0.1425218,-3.246357,0.179597,0.05248946,0.9823389,0.0,0.0,0.0,0.0,0.0,0.0,0.0,-2.096705,0.02619094,2.830406,1.333256,0.1351853,-3.257639,0.05954225,0.1250307,-0.05917273,0.9885954,7.615424,14.02233,354.0872,0.4283898,0.04042627,-0.9026889,0.0,0.0,0.0,1.627348,0.1613353,-2.57803,0.07975687,0.1364833,0.672102,0.9617318,-0.1021065,-0.254256,0.131885,0.9859066,0.1029296,0.2401628,-0.1325232,0.9616441,static,-4.802192344658768,10.203799008599576,6.76751605930248,11.47892782325686,0.294092,0.02614999999999998,0.6796090000000001,-0.08240096907435182,0.1765475504142227,0.9808368789006902,-2.3945824417746895,10.052387883514257,11.431045657718224,11.639764003048377,9.272489694959027
05/17/2023 13:13:41.863780,976,True,True,True,True,Eyes,1.47453,0.1421406,-3.246428,0.1877276,0.05262257,0.9808105,0.0,0.0,0.0,0.0,0.0,0.0,0.0,-2.110606,0.02761433,2.815416,1.326373,0.1343108,-3.256484,0.05974995,0.1286611,-0.05900331,0.9881269,7.658245,14.44444,354.1375,0.4270178,0.04037527,-0.903341,0.0,0.0,0.0,1.627348,0.1613353,-2.57803,0.07985809,0.1365459,0.6740021,0.9599298,-0.1012305,-0.2613178,0.1319805,0.9858971,0.1028982,0.2472161,-0.1332639,0.9597525,static,-4.746082780070825,10.263307788300569,6.757099328407515,11.452534530446876,0.300975,0.02702449999999998,0.6784539999999999,-0.08142502736545318,0.17758047483117712,0.9807319529120502,-2.3571331844223513,10.0716436400335,11.356467981296719,11.564491292964517,9.218247878482746
05/17/2023 13:13:41.884454,977,True,True,True,True,Eyes,1.468515,0.1418559,-3.246453,0.1959187,0.05275797,0.9791999,0.0,0.0,0.0,0.0,0.0,0.0,0.0,-2.126557,0.02622733,2.798738,1.31977,0.1343154,-3.255155,0.05994575,0.1326692,-0.05929743,0.9875674,7.708593,14.90725,354.1377,0.4256421,0.04032144,-0.9039925,0.0,0.0,0.0,1.627348,0.1613353,-2.57803,0.08040522,0.1356788,0.6761899,0.9577654,-0.1012145,-0.2691489,0.1330263,0.9857806,0.102667,0.2549303,-0.1341348,0.9576108,static,-4.736525110412945,10.322820890565316,6.781156114118803,11.345843466116914,0.3075779999999999,0.027019899999999986,0.6771249999999998,-0.08124616452659149,0.17860167678154004,0.9805613118865955,-2.3411395637079147,10.093952663603158,11.356042849746549,11.563025381794306,9.207796099779499
05/17/2023 13:13:41.894042,978,True,True,True,True,Eyes,1.462477,0.1416948,-3.246418,0.2041786,0.05284899,0.977506,0.0,0.0,0.0,0.0,0.0,0.0,0.0,-2.143074,0.01444787,2.781499,1.313477,0.1365319,-3.25359,0.05936886,0.1368931,-0.06054791,0.9869497,7.687232,15.39126,354.0191,0.4242636,0.04026776,-0.9046426,0.0,0.0,0.0,1.627348,0.1613353,-2.57803,0.08162407,0.1344911,0.6782809,0.9551885,-0.1032611,-0.2774026,0.1357699,0.9856186,0.100611,0.263024,-0.1337653,0.9554712,static,-4.756273486335627,10.297195190136826,6.861955558100344,11.215269849783823,0.313871,0.024803399999999975,0.6755599999999999,-0.08159079854303468,0.17815805972506588,0.980613350830025,-2.3552317078140903,10.085371419928524,11.448875553897537,11.65444581306471,9.286183907113012
05/17/2023 13:13:41.918821,979,True,True,True,True,Eyes,1.456445,0.1415299,-3.24634,0.2123765,0.05284872,0.9757578,0.0,0.0,0.0,0.0,0.0,0.0,0.0,-2.162158,-0.003249794,2.761882,1.306833,0.1393427,-3.252031,0.0588715,0.1417524,-0.06337425,0.9861156,7.705144,15.93733,353.7259,0.4228829,0.04021775,-0.9052911,0.0,0.0,0.0,1.627348,0.1613353,-2.57803,0.08312126,0.1337197,0.6803044,0.95178,-0.1082983,-0.2870303,0.141679,0.9850357,0.09814132,0.2721066,-0.1340751,0.9528808,static,-4.876955338564871,10.284451363570373,6.966011628097061,11.12021525773345,0.3205150000000001,0.021992599999999973,0.6740010000000001,-0.0836599100790231,0.17790933196856498,0.9804842366212713,-2.413337281996197,10.088371137574413,11.665305767934129,11.872420471842815,9.435936003681583
05/17/2023 13:13:41.933818,980,True,True,True,True,Eyes,1.450378,0.1413901,-3.246207,0.2204492,0.05270105,0.9739736,0.0,0.0,0.0,0.0,0.0,0.0,0.0,-2.178932,-0.005013317,2.743155,1.299512,0.1393158,-3.250313,0.059434,0.1461343,-0.06436127,0.985378,7.813021,16.43763,353.6561,0.4215004,0.04017096,-0.9059378,0.0,0.0,0.0,1.627348,0.1613353,-2.57803,0.08434194,0.1332515,0.6821008,0.9490048,-0.1094697,-0.2956457,0.1442111,0.9846505,0.09831915,0.2803446,-0.1359407,0.9502248,static,-4.928198158477216,10.374879095094663,7.048858992246798,11.053778183566026,0.327836,0.022019499999999997,0.6722829999999997,-0.08451283314470506,0.1794435883950502,0.9801313195518575,-2.419347861600771,10.126579880837387,11.78687010895721,11.996282839448082,9.513497659632284
05/17/2023 13:13:41.943621,981,True,True,True,True,Eyes,1.444326,0.1412758,-3.246031,0.2282581,0.0522668,0.9721967,0.0,0.0,0.0,0.0,0.0,0.0,0.0,-2.187749,0.002410114,2.731074,1.292605,0.1398571,-3.248789,0.06110433,0.1489109,-0.06473068,0.9848359,8.026649,16.75133,353.6627,0.4201156,0.04012784,-0.9065827,0.0,0.0,0.0,1.627348,0.1613353,-2.57803,0.08522172,0.1330214,0.6840004,0.947271,-0.1093,-0.3012162,0.1456964,0.9841524,0.1010773,0.2853949,-0.1396337,0.9481837,static,-4.803893342093521,10.578654325174705,7.102059374961661,11.00526184403102,0.334743,0.021478199999999975,0.6707589999999999,-0.0823319324767907,0.18296186491981078,0.9796664794553513,-2.322374921602412,10.196963618472818,11.703113593050858,11.913593247878593,9.45903313408372
05/17/2023 13:13:41.963649,982,True,True,True,True,Eyes,1.438245,0.1411476,-3.245793,0.2359257,0.0517122,0.9703943,0.0,0.0,0.0,0.0,0.0,0.0,0.0,-2.194297,0.004037142,2.720771,1.285936,0.1405569,-3.247177,0.06231007,0.1513273,-0.06595472,0.9843106,8.199857,17.01842,353.562,0.4187293,0.04008875,-0.9072255,0.0,0.0,0.0,1.627348,0.1613353,-2.57803,0.0860398,0.1330128,0.6858575,0.9455001,-0.1109814,-0.3061254,0.1486983,0.9835349,0.1027034,0.2896868,-0.1426264,0.946435,static,-4.654305560858307,10.730994290195538,7.150317211953201,10.975495127232477,0.34141200000000005,0.020778399999999975,0.6691470000000002,-0.07973373196498534,0.18560533418654374,0.9793841824995222,-2.223764112346656,10.24586752630233,11.59667405384968,11.80715458811698,9.402433573848127
05/17/2023 13:13:41.983564,983,True,True,True,True,Eyes,1.432145,0.1410246,-3.2455,0.2434554,0.05101252,0.9685696,0.0,0.0,0.0,0.0,0.0,0.0,0.0,-2.199916,0.007265091,2.710841,1.279159,0.1401443,-3.245374,0.0636062,0.1535817,-0.06721091,0.9837935,8.383347,17.26591,353.4585,0.4173409,0.04005296,-0.9078667,0.0,0.0,0.0,1.627348,0.1613353,-2.57803,0.08642311,0.1333132,0.6877789,0.9437907,-0.1127058,-0.3107355,0.1517808,0.9828739,0.104506,0.2936353,-0.1457955,0.9447338,static,-4.493675742044925,10.88696551737431,7.1619854285542965,10.969695999259539,0.3481890000000001,0.021190999999999988,0.6673439999999999,-0.0769473277370433,0.18831206075249793,0.9790901672263624,-2.119356783027413,10.295447038955427,11.44586122550566,11.655954772409137,9.305800605480414
05/17/2023 13:13:42.003418,984,True,True,True,True,Eyes,1.425447,0.1409823,-3.244929,0.2502798,0.04752503,0.9670064,0.0,0.0,0.0,0.0,0.0,0.0,0.0,-2.205458,0.01066217,2.701198,1.272559,0.1402055,-3.243696,0.06519315,0.1557921,-0.06878293,0.9832333,8.605589,17.50433,353.324,0.4159506,0.04002034,-0.9085059,0.0,0.0,0.0,1.627348,0.1613353,-2.57803,0.08704618,0.1336896,0.6896596,0.9419954,-0.1149462,-0.3153284,0.1555725,0.9820375,0.1067685,0.2973917,-0.1496318,0.9429573,static,-4.358239774305926,10.916712166940727,7.19361434564246,10.970645718543153,0.354789,0.021129799999999976,0.6656659999999999,-0.07462483679574833,0.18885379616613962,0.9791656457476164,-2.0511400355190883,10.29803281037054,11.343284209879014,11.551980022340626,9.269190455063812
05/17/2023 13:13:42.014312,985,True,True,True,True,Eyes,1.418709,0.1409357,-3.2443,0.2571094,0.04395262,0.9653823,0.0,0.0,0.0,0.0,0.0,0.0,0.0,-2.212684,0.01425144,2.689785,1.265665,0.1405215,-3.24183,0.067042,0.1583759,-0.07060607,0.9825666,8.865246,17.78291,353.1693,0.4145472,0.03999341,-0.9091483,0.0,0.0,0.0,1.627348,0.1613353,-2.57803,0.08801886,0.1337628,0.6916884,0.9398637,-0.1175146,-0.3206969,0.159986,0.9810403,0.1093819,0.3017627,-0.1541111,0.9408448,static,-4.270581072643116,10.973675815637574,7.252036366039965,10.945090006005008,0.361683,0.020813799999999993,0.6638000000000002,-0.07311241072528557,0.1898485248903756,0.979087419243757,-1.9996448856717726,10.314239577112506,11.314295129509786,11.522652897087363,9.273164413883123
05/17/2023 13:13:42.034078,986,True,True,True,True,Eyes,1.411965,0.1408682,-3.243624,0.263845,0.04031787,0.9637221,0.0,0.0,0.0,0.0,0.0,0.0,0.0,-2.220637,0.02321881,2.677894,1.258808,0.1402752,-3.240156,0.06921311,0.1610017,-0.07158296,0.9819184,9.147305,18.07232,353.1186,0.4131311,0.03997154,-0.9097937,0.0,0.0,0.0,1.627348,0.1613353,-2.57803,0.08952009,0.1338753,0.6936435,0.9379087,-0.1182904,-0.3260901,0.1628641,0.9801708,0.1128733,0.3062721,-0.1589732,0.938576,static,-4.181319867214323,11.055484494577911,7.353817688849051,10.923941405953968,0.3685400000000001,0.0210601,0.6621259999999998,-0.07156691055042867,0.19126779144095457,0.9789253342141643,-1.9425733124248303,10.339916238113267,11.326734511565466,11.53588756973075,9.314717979908858
05/17/2023 13:13:42.044027,987,True,True,True,True,Eyes,1.405201,0.1408247,-3.24289,0.2706436,0.03661225,0.9619831,0.0,0.0,0.0,0.0,0.0,0.0,0.0,-2.228461,0.03699043,2.665781,1.251863,0.1397582,-3.238379,0.07165629,0.1635653,-0.07172469,0.9813091,9.444798,18.36125,353.1691,0.4117037,0.03995368,-0.9104412,0.0,0.0,0.0,1.627348,0.1613353,-2.57803,0.09097049,0.1333719,0.6955701,0.936204,-0.1173272,-0.3312952,0.1642091,0.9794419,0.1171706,0.3107371,-0.1640973,0.9362236,static,-4.068706513693821,11.156369219456225,7.451166094064804,10.854418698599266,0.37548500000000007,0.021577099999999988,0.6603490000000001,-0.06961840648110941,0.19301782799721356,0.9787222769054058,-1.8710239051495117,10.371413756565211,11.315397810842516,11.52382918200514,9.334694432892848
05/17/2023 13:13:42.063828,988,True,True,True,True,Eyes,1.398443,0.1407883,-3.242105,0.2773811,0.03286099,0.9601978,0.0,0.0,0.0,0.0,0.0,0.0,0.0,-2.237197,0.04851583,2.653072,1.245415,0.1402085,-3.236584,0.07391027,0.1662592,-0.07185065,0.9806796,9.721327,18.6671,353.2208,0.4102659,0.03994016,-0.9110906,0.0,0.0,0.0,1.627348,0.1613353,-2.57803,0.09234136,0.1329467,0.6974013,0.9343907,-0.1163484,-0.336715,0.1655015,0.9787495,0.1210729,0.315473,-0.1688562,0.9337903,static,-3.9723247242153623,11.231514107215682,7.542533227618266,10.792888149312999,0.3819330000000001,0.021126799999999973,0.6585540000000001,-0.06795406593357849,0.19432363582275586,0.9785808622232247,-1.8119679143582132,10.394055508164492,11.315558582808311,11.523209031422288,9.36299947083651
05/17/2023 13:13:42.083842,989,True,True,True,True,Eyes,1.391684,0.1407756,-3.241271,0.2841577,0.02907103,0.9583367,0.0,0.0,0.0,0.0,0.0,0.0,0.0,-2.247279,0.06094381,2.638711,1.238727,0.1404016,-3.234596,0.07623743,0.1692536,-0.07184423,0.9799895,10.00555,19.01,353.2935,0.4088191,0.03993082,-0.9117411,0.0,0.0,0.0,1.627348,0.1613353,-2.57803,0.09335005,0.13274,0.6992498,0.9323833,-0.1150063,-0.3426879,0.1666201,0.9780525,0.125104,0.3207791,-0.1737435,0.9310821,static,-3.9064063922325243,11.309532189315378,7.604041897988346,10.748677437916784,0.3886210000000001,0.0209337,0.6565659999999998,-0.0668099214497319,0.1956711171606907,0.9783911294193179,-1.7663935295486317,10.419801511567535,11.316774695063573,11.524104212216018,9.376204961314157
05/17/2023 13:13:42.093803,990,True,True,True,True,Eyes,1.384938,0.1407935,-3.240395,0.290841,0.02522265,0.9564388,0.0,0.0,0.0,0.0,0.0,0.0,0.0,-2.256592,0.07603127,2.62489,1.232044,0.1409842,-3.232681,0.07877732,0.1720861,-0.0713499,0.9793313,10.30307,19.339,353.4262,0.4073643,0.03992593,-0.9123923,0.0,0.0,0.0,1.627348,0.1613353,-2.57803,0.09475349,0.1323865,0.7011642,0.9305912,-0.1126374,-0.3483001,0.1668633,0.9774067,0.1297415,0.325817,-0.1788549,0.928361,static,-3.820099817829297,11.402228259405566,7.696177800809633,10.692121721006151,0.3953040000000001,0.020351099999999983,0.6546509999999999,-0.06531466964405268,0.19727331260998449,0.9781702722740215,-1.7085638064608317,10.449867711599781,11.331215910780745,11.538149829389527,9.407861165248864
05/17/2023 13:13:42.113834,991,True,True,True,True,Eyes,1.37817,0.1408402,-3.239467,0.2975563,0.02134814,0.9544656,0.0,0.0,0.0,0.0,0.0,0.0,0.0,-2.265098,0.09444073,2.611605,1.225541,0.1418147,-3.23079,0.0816304,0.1747144,-0.07038637,0.9787017,10.62491,19.64919,353.618,0.405902,0.03992594,-0.9130438,0.0,0.0,0.0,1.627348,0.1613353,-2.57803,0.09677766,0.1314238,0.7027724,0.9290413,-0.1092505,-0.3534778,0.1662985,0.9767644,0.1351886,0.3304952,-0.1843786,0.9256228,static,-3.7021055100407443,11.523418247155982,7.840794839217487,10.592400149458893,0.401807,0.0195206,0.6527599999999998,-0.06327273785179716,0.1993681641848455,0.9778798351989942,-1.6305804102986603,10.488837871093974,11.374482912710608,11.58038614084804,9.471941419933255
05/17/2023 13:13:42.134104,992,True,True,True,True,Eyes,1.371428,0.1409317,-3.238503,0.304114,0.01751069,0.9524747,0.0,0.0,0.0,0.0,0.0,0.0,0.0,-2.270948,0.1124091,2.600351,1.218817,0.1425293,-3.228906,0.08427683,0.1769074,-0.06931721,0.9781597,10.91765,19.91148,353.8151,0.4044334,0.03993125,-0.9136951,0.0,0.0,0.0,1.627348,0.1613353,-2.57803,0.09859156,0.1299836,0.7046403,0.9277977,-0.1057882,-0.3577711,0.165425,0.9761851,0.1403469,0.3344038,-0.1893978,0.9232023,static,-3.5388135986584066,11.621600004663211,7.964978359615758,10.451743721858394,0.408531,0.01880599999999999,0.6508759999999998,-0.06046396687307798,0.2010786267387379,0.977707265994889,-1.5361988025244782,10.515971587057377,11.361029115917745,11.563122119119525,9.501394249532181
05/17/2023 13:13:42.143545,993,True,True,True,True,Eyes,1.364723,0.1410403,-3.237504,0.3105446,0.01376122,0.9504592,0.0,0.0,0.0,0.0,0.0,0.0,0.0,-2.274206,0.1231478,2.591891,1.212635,0.1437428,-3.227062,0.08592752,0.1786184,-0.0685588,0.9777585,11.10015,20.11732,353.9531,0.4029593,0.03994262,-0.9143457,0.0,0.0,0.0,1.627348,0.1613353,-2.57803,0.1004183,0.1288884,0.7064288,0.9267904,-0.1033714,-0.3610734,0.1647644,0.9758323,0.143541,0.3375091,-0.1925244,0.9214239,moving,-3.3239898168029165,11.615927647747943,8.090348417490544,10.339921200839624,0.4147130000000001,0.017592499999999983,0.649032,-0.05679838838858145,0.20102518045556844,0.9779380504556281,-1.438287762174296,10.49970326316083,11.288713874040656,11.48543903294102,9.529975747705626
05/17/2023 13:13:42.163814,994,True,True,True,True,Eyes,1.358039,0.1411614,-3.236471,0.3168027,0.01009288,0.9484378,0.0,0.0,0.0,0.0,0.0,0.0,0.0,-2.277174,0.1281545,2.583518,1.206223,0.1443581,-3.22501,0.08691528,0.1803909,-0.06847031,0.9773518,11.22115,20.32523,354.0028,0.4014803,0.03995996,-0.9149953,0.0,0.0,0.0,1.624888,0.1591017,-2.578041,0.09865247,0.1255993,0.7083455,0.9255419,-0.1024817,-0.364513,0.1651966,0.9755151,0.1451908,0.3407085,-0.1945965,0.9198098,moving,-3.1322462644908087,11.547017653202289,7.928678998608292,10.054816027879372,0.41866500000000006,0.014743600000000023,0.6469690000000003,-0.05353810150613417,0.19988492855689843,0.9783556431307312,-1.3633283352497834,10.460576969493292,10.978788588203223,11.161125990081837,9.30086244572038
05/17/2023 13:13:42.184196,995,True,True,True,True,Eyes,1.351361,0.1412796,-3.235391,0.323026,0.006480664,0.9463679,0.0,0.0,0.0,0.0,0.0,0.0,0.0,-2.277907,0.1322967,2.577457,1.199998,0.1447995,-3.223148,0.08772215,0.1817072,-0.06846315,0.9770364,11.32044,20.47902,354.0348,0.3999979,0.03998306,-0.9156433,0.0,0.0,0.0,1.622337,0.156786,-2.578052,0.0967778,0.1226828,0.7099864,0.9245906,-0.1019025,-0.3670806,0.1656615,0.9752352,0.146535,0.3430577,-0.196296,0.9185746,moving,-2.8883381417019662,11.46396891672293,7.762113611242617,9.803671546765479,0.422339,0.011986500000000011,0.6450960000000001,-0.0493868591245431,0.19850912658308026,0.9788539536832479,-1.267078547082083,10.412582266530082,10.611022493775259,10.779086691296623,9.049700729670374
05/17/2023 13:13:42.193895,996,True,True,True,True,Eyes,1.3447,0.1413894,-3.234279,0.3290823,0.002898732,0.9442968,0.0,0.0,0.0,0.0,0.0,0.0,0.0,-2.279011,0.1366767,2.570611,1.193601,0.1448433,-3.221017,0.08872691,0.1831322,-0.06880271,0.9766557,11.44992,20.64156,354.0325,0.3985128,0.04001131,-0.9162894,0.0,0.0,0.0,1.619667,0.1543607,-2.578064,0.09431419,0.120081,0.7115008,0.9234576,-0.1018956,-0.3699235,0.1668906,0.9747874,0.1481113,0.3455049,-0.1985113,0.9171803,moving,-2.673191716087523,11.409172449261478,7.5509177298807595,9.579616182753705,0.42606600000000006,0.009517399999999981,0.6429529999999999,-0.04571940767695759,0.19760741963544887,0.9792145080509302,-1.1785842039193695,10.377361016685622,10.231437740526728,10.386514819488573,8.76587707147923
05/17/2023 13:13:42.214125,997,True,True,True,True,Eyes,1.338071,0.1414936,-3.233149,0.334987,-0.000646022,0.9422225,0.0,0.0,0.0,0.0,0.0,0.0,0.0,-2.279891,0.1443693,2.56418,1.187336,0.1447827,-3.219167,0.09010844,0.1844375,-0.06888375,0.9762779,11.61598,20.79226,354.0663,0.3970255,0.04004396,-0.9169333,0.0,0.0,0.0,1.617169,0.1520932,-2.578075,0.09249608,0.1175916,0.7129574,0.9224758,-0.1012606,-0.3725385,0.1677381,0.974271,0.1505323,0.3477105,-0.2013513,0.9157265,moving,-2.4514557750600394,11.39485397094837,7.392024179656456,9.36575728702566,0.42983300000000013,0.007310500000000025,0.641092,-0.04193131744811754,0.1973955280643932,0.9794267288250406,-1.0791708100283688,10.357307482618793,9.906873590843693,10.050439342218409,8.52902786627187
05/17/2023 13:13:42.234372,998,True,True,True,True,Eyes,1.331462,0.1415864,-3.231998,0.3407483,-0.004137788,0.9401455,0.0,0.0,0.0,0.0,0.0,0.0,0.0,-2.280158,0.1520976,2.558233,1.18089,0.1448598,-3.217347,0.09136907,0.1856646,-0.06873563,0.9759385,11.76305,20.93682,354.1234,0.395537,0.04008045,-0.9175749,0.0,0.0,0.0,1.614509,0.1496772,-2.578087,0.09071459,0.115466,0.7142177,0.9216082,-0.1002355,-0.374955,0.1680915,0.9738542,0.1528176,0.3498338,-0.2038647,0.9143607,moving,-2.224851219154835,11.3651377361195,7.238523011897354,9.183424948567382,0.433619,0.0048173999999999995,0.6392600000000002,-0.03806110154235953,0.19691806770704057,0.9796809243690419,-0.980511636468794,10.331000708218433,9.578700980327849,9.71160761791327,8.298762599037397
05/17/2023 13:13:42.253603,999,True,True,True,True,Eyes,1.32487,0.1416623,-3.230833,0.3464967,-0.007583624,0.9380205,0.0,0.0,0.0,0.0,0.0,0.0,0.0,-2.28176,0.1577895,2.551551,1.174742,0.1447032,-3.215708,0.09241783,0.1871011,-0.06882623,0.9755589,11.89232,21.10406,354.1519,0.3940474,0.04012008,-0.9182138,0.0,0.0,0.0,1.612007,0.1474061,-2.578098,0.08971369,0.113681,0.7154306,0.9205123,-0.09970511,-0.3777778,0.168871,0.9734438,0.1545631,0.3523347,-0.206073,0.9129043,moving,-2.025195731641919,11.316718210893379,7.147477888765801,9.028742168206692,0.437265,0.002702900000000008,0.63761,-0.0346527259198022,0.19611440636241262,0.9799685000486283,-0.8979155896907223,10.299252519115209,9.329405712818348,9.453717560749945,8.14509378552245
05/17/2023 13:13:42.263567,1000,True,True,True,True,Eyes,1.318297,0.1417172,-3.229656,0.3521365,-0.01096385,0.9358845,0.0,0.0,0.0,0.0,0.0,0.0,0.0,-2.283717,0.1621387,2.544486,1.168252,0.1444353,-3.214092,0.09323064,0.1886834,-0.06892128,0.97517,11.9958,21.28911,354.1772,0.3925572,0.04016206,-0.91885,0.0,0.0,0.0,1.609357,0.144999,-2.57811,0.0883396,0.1126684,0.7162399,0.9192969,-0.0992378,-0.3808479,0.1696021,0.9731159,0.1558229,0.3551456,-0.2078401,0.9114133,moving,-1.8476425647901122,11.243769648832641,7.031236926330649,8.939678151483925,0.44110499999999986,0.0005637000000000003,0.6359819999999998,-0.03162364976807258,0.19488616003373402,0.980315993637753,-0.8302831145657144,10.259500033204366,9.05569283623212,9.17296782104895,7.971538568738362
05/17/2023 13:13:42.283457,1001,True,True,True,True,Eyes,1.311735,0.1417431,-3.228466,0.3578669,-0.01437731,0.9336619,0.0,0.0,0.0,0.0,0.0,0.0,0.0,-2.287198,0.1665094,2.536336,1.162064,0.1440069,-3.212611,0.09405399,0.190496,-0.06901225,0.974732,12.10172,21.50169,354.2063,0.3910666,0.04020556,-0.9194835,0.0,0.0,0.0,1.606775,0.1426548,-2.578121,0.08783837,0.1116333,0.7170574,0.9178972,-0.09870306,-0.3843467,0.1703707,0.9727823,0.1570618,0.3583832,-0.209648,0.9097303,moving,-1.6907146315344512,11.169245737300644,6.983846023648641,8.848916847836753,0.4447110000000001,-0.001352099999999995,0.63449,-0.02894589499347583,0.19362661218093352,0.9806481728369337,-0.7724638749796333,10.220492467871763,8.867933326151594,8.979528312541325,7.8766466802208015
05/17/2023 13:13:42.293812,1002,True,True,True,True,Eyes,1.305183,0.1417409,-3.227276,0.3635174,-0.01779836,0.9314173,0.0,0.0,0.0,0.0,0.0,0.0,0.0,-2.291764,0.1725136,2.526859,1.155612,0.1433838,-3.211069,0.09522501,0.1925473,-0.06922571,0.9742,12.25101,21.74093,354.2322,0.3895757,0.0402496,-0.9201142,0.0,0.0,0.0,1.604118,0.1402418,-2.578133,0.08721139,0.1106491,0.717824,0.9162667,-0.09820873,-0.3883433,0.17155,0.97228,0.158878,0.3619752,-0.2121949,0.9077154,moving,-1.5699874321389458,11.13421282842312,6.927149561542328,8.762897553911738,0.44850599999999985,-0.003142000000000006,0.6329360000000004,-0.02688269705448315,0.19303808516165055,0.9808228620586594,-0.7236404483810919,10.19907726217128,8.715008760480677,8.821818022409996,7.784420333612546
05/17/2023 13:13:42.314200,1003,True,True,True,True,Eyes,1.298638,0.1417105,-3.226089,0.3691792,-0.02130553,0.929114,0.0,0.0,0.0,0.0,0.0,0.0,0.0,-2.29764,0.1811332,2.51643,1.149248,0.1427465,-3.209865,0.09691326,0.1947803,-0.06952209,0.9735683,12.46167,22.00048,354.2625,0.3880841,0.04029334,-0.9207425,0.0,0.0,0.0,1.601732,0.1380759,-2.578143,0.08668207,0.109854,0.7186102,0.9144546,-0.09761541,-0.3927391,0.1731226,0.971549,0.1616203,0.3657887,-0.2157864,0.9053369,moving,-1.4730760969444439,11.15355339031679,6.878049891611249,8.691522509881901,0.4524839999999999,-0.004670599999999997,0.6317220000000003,-0.02522195786662762,0.1933775453314901,0.9808001886827729,-0.6752065568436736,10.200178059125871,8.603434533328782,8.706486164518111,7.702449256073713
05/17/2023 13:13:42.333814,1004,True,True,True,True,Eyes,1.292092,0.1416586,-3.224922,0.3747748,-0.02485085,0.9267828,0.0,0.0,0.0,0.0,0.0,0.0,0.0,-2.304708,0.1921345,2.504483,1.142546,0.1421221,-3.208647,0.09911056,0.1972774,-0.06992862,0.9728149,12.73389,22.29011,354.2957,0.3865918,0.04033598,-0.9213682,0.0,0.0,0.0,1.599132,0.135715,-2.578155,0.08520781,0.1080477,0.7193323,0.9123833,-0.09695067,-0.3976901,0.1751597,0.9705742,0.1652418,0.3699674,-0.2204231,0.9025175,moving,-1.415191939047026,11.228730931002662,6.755437374082322,8.542282962699527,0.45658599999999994,-0.006407099999999999,0.6304919999999998,-0.024224764766057005,0.1946690884094555,0.9805698244523249,-0.633888353413036,10.225356017419202,8.503120966442243,8.60094099845875,7.578579656805635
05/17/2023 13:13:42.343521,1005,True,True,True,True,Eyes,1.28554,0.1415831,-3.223768,0.3804679,-0.02848114,0.9243554,0.0,0.0,0.0,0.0,0.0,0.0,0.0,-2.311514,0.202419,2.49341,1.135913,0.1416003,-3.20793,0.1012015,0.199689,-0.07036295,0.972076,12.9942,22.57003,354.3235,0.3850981,0.04037699,-0.9219917,0.0,0.0,0.0,1.596589,0.133406,-2.578166,0.08338411,0.1033122,0.720232,0.9103467,-0.09637862,-0.4024674,0.1772139,0.9696146,0.1686496,0.3739841,-0.2248525,0.8997651,moving,-1.3392477355467782,11.288664243510699,6.603958326588508,8.162992428988586,0.4606760000000001,-0.008194300000000015,0.6297640000000002,-0.022920221311094835,0.19570069540349605,0.9803957389997715,-0.5872143437949204,10.243475169591102,8.448195908343772,8.53606155306068,7.486078600256245
05/17/2023 13:13:42.363539,1006,True,True,True,True,Eyes,1.278983,0.1414851,-3.222643,0.3861226,-0.03213774,0.9218875,0.0,0.0,0.0,0.0,0.0,0.0,0.0,-2.319497,0.211661,2.480988,1.129106,0.141006,-3.207087,0.1032265,0.2023834,-0.07093519,0.9712639,13.25189,22.88264,354.3393,0.3836027,0.04041583,-0.9226131,0.0,0.0,0.0,1.59398,0.131037,-2.578178,0.08078411,0.09863414,0.7213504,0.9080184,-0.09601093,-0.4077801,0.1795762,0.968625,0.1718081,0.3784905,-0.2292325,0.8967705,moving,-1.2994647795814285,11.340858482249791,6.389935628278254,7.786076963518867,0.464874,-0.009969000000000006,0.6289090000000002,-0.02223542121073474,0.19659677312715462,0.9802322959680981,-0.5587145510793987,10.260982252616156,8.392763981475948,8.47132517840648,7.376238574306615
05/17/2023 13:13:42.383963,1007,True,True,True,True,Eyes,1.272425,0.1413716,-3.221547,0.3918337,-0.03580344,0.9193392,0.0,0.0,0.0,0.0,0.0,0.0,0.0,-2.328251,0.2185652,2.46852,1.122383,0.1404068,-3.206658,0.1050533,0.2052046,-0.07182622,0.9704102,13.49542,23.20702,354.3172,0.382105,0.04045204,-0.9232328,0.0,0.0,0.0,1.591414,0.1287066,-2.578189,0.07946765,0.09773181,0.721944,0.9054642,-0.09628697,-0.4133564,0.1825166,0.9676096,0.1744114,0.3831741,-0.2333677,0.8937098,moving,-1.2727710786067414,11.376919513770293,6.281517933033701,7.709442151575701,0.4690310000000002,-0.011700199999999994,0.6284689999999999,-0.021775974971924045,0.19721567526744183,0.9801183009060654,-0.5393892411775791,10.27312984882331,8.32171690603015,8.39748013832729,7.286787309111311
05/17/2023 13:13:42.394188,1008,True,True,True,True,Eyes,1.265843,0.1412177,-3.220482,0.3975524,-0.03950865,0.9167285,0.0,0.0,0.0,0.0,0.0,0.0,0.0,-2.338198,0.2206503,2.454976,1.115422,0.1399831,-3.206089,0.1064958,0.2083578,-0.07333091,0.9694679,13.7123,23.56366,354.222,0.3806045,0.0404854,-0.9238509,0.0,0.0,0.0,1.588782,0.1263166,-2.578201,0.08004755,0.09760714,0.7222586,0.9024192,-0.09780548,-0.4196113,0.1865624,0.9665624,0.1759304,0.3883736,-0.2370467,0.8904913,moving,-1.2886047528055433,11.37965002913252,6.324252150239955,7.696412152499571,0.47336,-0.013666499999999998,0.627888,-0.022046622303859176,0.1972612025586118,0.9801030309579467,-0.5461555392624364,10.275220092640442,8.380750378426292,8.457058086717337,7.338443446134009
05/17/2023 13:13:42.413699,1009,True,True,True,True,Eyes,1.259229,0.1410349,-3.219463,0.4032846,-0.04319038,0.9140548,0.0,0.0,0.0,0.0,0.0,0.0,0.0,-2.349746,0.2224994,2.440005,1.108191,0.1388902,-3.205785,0.1080971,0.2118408,-0.07528447,0.9683856,13.96068,23.95405,354.0849,0.3790999,0.04051499,-0.924468,0.0,0.0,0.0,1.58628,0.1240453,-2.578212,0.08102058,0.09712607,0.7224934,0.8989115,-0.10001,-0.4265633,0.1916075,0.9652945,0.1774627,0.3940112,-0.2412559,0.886877,moving,-1.3483195535982833,11.410923101248283,6.398430550807856,7.65647118441096,0.478089,-0.014844899999999994,0.6275729999999999,-0.023065579108005246,0.19779158948271824,0.9799727144747737,-0.5675895333520355,10.291186781618382,8.530971066736443,8.6086030443946,7.447627950635493
05/17/2023 13:13:42.433734,1010,True,True,True,True,Eyes,1.252577,0.1408241,-3.218488,0.4090143,-0.04689252,0.9113223,0.0,0.0,0.0,0.0,0.0,0.0,0.0,-2.358889,0.224983,2.42738,1.100554,0.1380625,-3.205755,0.1095971,0.2149137,-0.07693759,0.9674096,14.18895,24.29966,353.9755,0.37759,0.04054032,-0.9250847,0.0,0.0,0.0,1.583703,0.1217051,-2.578223,0.08219627,0.09782186,0.7223936,0.8957855,-0.1017525,-0.4326834,0.1959681,0.9641382,0.1789806,0.3989549,-0.2451204,0.8836012,moving,-1.3535335484543858,11.426171267792855,6.491380542550035,7.711715352751183,0.48314900000000005,-0.016357400000000008,0.627532,-0.02315351460735479,0.1980519692882217,0.9799179928627264,-0.5670236319628459,10.297405012557029,8.600255320882855,8.679853676187621,7.51710452951186
05/17/2023 13:13:42.453683,1011,True,True,True,True,Eyes,1.245884,0.1405806,-3.217565,0.4148887,-0.05037028,0.9084769,0.0,0.0,0.0,0.0,0.0,0.0,0.0,-2.369576,0.2273398,2.413291,1.09289,0.1372122,-3.205825,0.1110794,0.2183002,-0.07852257,0.9663543,14.4164,24.68417,353.8794,0.376074,0.04056095,-0.9257011,0.0,0.0,0.0,1.581061,0.1193064,-2.578235,0.08317094,0.09852104,0.7223747,0.8923584,-0.1032639,-0.4393552,0.2002586,0.9629912,0.1804011,0.4044663,-0.2489671,0.8800128,moving,-1.3863730404063352,11.450714895121788,6.567856001441276,7.76636511010935,0.48817100000000013,-0.0179058,0.6275900000000001,-0.023713118022589075,0.19846912518031323,0.9798202746995932,-0.5773807385967809,10.309016515076998,8.684125311266495,8.766081963368423,7.584160087865606
05/17/2023 13:13:42.463867,1012,True,True,True,True,Eyes,1.239143,0.1403009,-3.2167,0.4207502,-0.05381999,0.9055786,0.0,0.0,0.0,0.0,0.0,0.0,0.0,-2.379327,0.2311626,2.399843,1.084846,0.1362389,-3.205999,0.1122965,0.2215832,-0.07933414,0.9653997,14.59473,25.06753,353.8656,0.3745503,0.04057635,-0.9263179,0.0,0.0,0.0,1.578549,0.1170252,-2.578246,0.08402047,0.09959029,0.7223673,0.889214,-0.1034122,-0.4456506,0.2029443,0.9621912,0.1816638,0.4100148,-0.2519802,0.8765807,moving,-1.3953865172230737,11.43002651705073,6.6344141251787345,7.849687756502007,0.493703,-0.0192137,0.6277529999999998,-0.023869002848927345,0.19811456807238303,0.9798881627625118,-0.5855636124186914,10.301634348122828,8.707674715219285,8.79184417497285,7.624966925801279
05/17/2023 13:13:42.483898,1013,True,True,True,True,Eyes,1.232371,0.1399795,-3.215899,0.4265612,-0.05694597,0.9026643,0.0,0.0,0.0,0.0,0.0,0.0,0.0,-2.38941,0.233589,2.386554,1.0769,0.1351145,-3.20648,0.1132898,0.2249118,-0.08021242,0.9644408,14.75013,25.45603,353.8405,0.3730172,0.04058594,-0.9269359,0.0,0.0,0.0,1.575901,0.1146207,-2.578258,0.08460015,0.1012079,0.722437,0.8859613,-0.1037598,-0.4520027,0.2056807,0.9614627,0.1824412,0.4156537,-0.2546041,0.8731602,moving,-1.4135175880801771,11.403949332185274,6.679135878314793,7.974800107476763,0.49900100000000003,-0.020493799999999993,0.6282220000000001,-0.024181315317807567,0.1976671057632694,0.9799709784620378,-0.5989982286536233,10.292773089707406,8.702140037818285,8.78920386226611,7.638339795097372
05/17/2023 13:13:42.503859,1014,True,True,True,True,Eyes,1.225535,0.1396152,-3.215153,0.4323787,-0.06009979,0.899687,0.0,0.0,0.0,0.0,0.0,0.0,0.0,-2.400677,0.2349323,2.371761,1.06862,0.1338883,-3.20684,0.1142503,0.2285627,-0.08129694,0.9633778,14.90964,25.88103,353.7971,0.3714749,0.04058901,-0.927555,0.0,0.0,0.0,1.573305,0.1122638,-2.578269,0.08547039,0.1032002,0.7224068,0.8822998,-0.1044126,-0.4589609,0.2088661,0.9606754,0.1829695,0.421808,-0.2572953,0.8694119,moving,-1.4704946170418136,11.376225092435652,6.7474900701159815,8.130042394011934,0.504685,-0.02162449999999999,0.628571,-0.02515829625988608,0.19718812795274018,0.9800428180771122,-0.6306582526552049,10.285823534775863,8.744332195619464,8.835891264038137,7.686641984617515
05/17/2023 13:13:42.515154,1015,True,True,True,True,Eyes,1.21868,0.1392054,-3.214498,0.4380671,-0.06303461,0.8967296,0.0,0.0,0.0,0.0,0.0,0.0,0.0,-2.411764,0.2383043,2.357025,1.060187,0.1325261,-3.207398,0.1156374,0.2321564,-0.08255466,0.9622454,15.12195,26.29742,353.7448,0.3699203,0.04058491,-0.9281762,0.0,0.0,0.0,1.57057,0.1097804,-2.578281,0.0857023,0.103735,0.7224333,0.8785763,-0.1051838,-0.4658756,0.2125676,0.9596254,0.184212,0.42769,-0.2608744,0.8654628,moving,-1.535037432118498,11.413350608782023,6.765382926619521,8.171310310806923,0.510383,-0.022745700000000008,0.6291169999999999,-0.0262588876816926,0.1978175263157375,0.9798871459389926,-0.6531779687681682,10.304362166803763,8.817276719773412,8.911105623066481,7.719129224138365
05/17/2023 13:13:42.534004,1016,True,True,True,True,Eyes,1.211744,0.1387554,-3.213897,0.4437004,-0.06609438,0.8937346,0.0,0.0,0.0,0.0,0.0,0.0,0.0,-2.42078,0.2447089,2.343928,1.051372,0.1312521,-3.208028,0.1175402,0.2353503,-0.0838768,0.9611239,15.39205,26.66547,353.6936,0.3683536,0.04057293,-0.9287995,0.0,0.0,0.0,1.568258,0.1076803,-2.578291,0.08610401,0.1050096,0.7224652,0.8751498,-0.1059057,-0.4721193,0.2165582,0.958298,0.1864606,0.4326837,-0.2654223,0.8615891,moving,-1.5581434593823638,11.505729718377527,6.796500835691054,8.269971159663509,0.516886,-0.023571800000000004,0.629737,-0.026645356987109292,0.1993951125193174,0.9795568698750178,-0.6458399007130946,10.341478503104526,8.862717433261665,8.959364639721604,7.725255873475694
05/17/2023 13:13:42.551961,1017,True,True,True,True,Eyes,1.204777,0.1383281,-3.213367,0.4491387,-0.06898018,0.8907952,0.0,0.0,0.0,0.0,0.0,0.0,0.0,-2.427943,0.2563113,2.33212,1.042437,0.1298934,-3.208714,0.1201896,0.2381137,-0.08505973,0.9600111,15.74011,26.98465,353.6725,0.3667736,0.04055264,-0.9294255,0.0,0.0,0.0,1.56568,0.1053401,-2.578303,0.08657447,0.105733,0.7225791,0.8721334,-0.106079,-0.4776302,0.2205542,0.9566386,0.1902588,0.4367371,-0.2712744,0.8577127,moving,-1.5474115193976863,11.690379281664098,6.832218804149096,8.324852055872816,0.5232429999999999,-0.024553299999999986,0.630411,-0.026444386632562517,0.20255200045068003,0.9789143511781905,-0.6049385664873128,10.411936470064258,8.931919746969802,9.030225792683543,7.724456686885642
05/17/2023 13:13:42.563562,1018,True,True,True,True,Eyes,1.197751,0.137992,-3.212877,0.4544955,-0.07202254,0.8878325,0.0,0.0,0.0,0.0,0.0,0.0,0.0,-2.432267,0.2690255,2.322999,1.033706,0.1301831,-3.209225,0.1231724,0.2402751,-0.08614536,0.9589971,16.11947,27.23338,353.6631,0.3651789,0.04052542,-0.9300545,0.0,0.0,0.0,1.563054,0.1029549,-2.578314,0.0871727,0.1063782,0.7226571,0.8696937,-0.1060358,-0.4820677,0.2244168,0.9548151,0.1948468,0.4396248,-0.2776411,0.8541929,moving,-1.4690865037207594,11.904699913557568,6.878243252221917,8.374042171840959,0.5293479999999999,-0.027228199999999994,0.6309109999999998,-0.025086525868981496,0.20621952491865259,0.9781840969913087,-0.5271050254176055,10.489398363532331,8.964673391312385,9.063302827534201,7.7015527610259005
05/17/2023 13:13:42.583757,1019,True,True,True,True,Eyes,1.190686,0.1376171,-3.212461,0.4596864,-0.07496999,0.8849112,0.0,0.0,0.0,0.0,0.0,0.0,0.0,-2.437166,0.2761443,2.313987,1.025228,0.132094,-3.209677,0.1259663,0.2425567,-0.08801667,0.9578893,16.50037,27.48503,353.5619,0.3635689,0.04049458,-0.9306864,0.0,0.0,0.0,1.560499,0.1006349,-2.578326,0.08868395,0.1069328,0.7228118,0.8668387,-0.1075125,-0.4868591,0.2297284,0.9527711,0.1986254,0.4425106,-0.2840215,0.8505975,moving,-1.4237573934191439,12.12244827323347,6.994831946902662,8.415300518614508,0.535271,-0.03145909999999999,0.631351,-0.02429297104961306,0.20993965477314458,0.9774124567153396,-0.4638123558582996,10.570344227313132,9.098389266669901,9.198673325841957,7.763735455404832
05/17/2023 13:13:42.603884,1020,True,True,True,True,Eyes,1.183533,0.1372608,-3.212105,0.4647061,-0.07799885,0.8820229,0.0,0.0,0.0,0.0,0.0,0.0,0.0,-2.445976,0.2910239,2.299108,1.015723,0.1310385,-3.210066,0.1297849,0.2456826,-0.08994024,0.956403,17.0045,27.84068,353.4993,0.361943,0.04045925,-0.9313215,0.0,0.0,0.0,1.557864,0.09824256,-2.578337,0.09042101,0.1055994,0.7230282,0.8631016,-0.1082664,-0.493289,0.2358101,0.9501333,0.2040599,0.4465975,-0.2924469,0.8455918,moving,-1.4998088489983625,12.446558806044868,7.128331218852618,8.309387945854834,0.542141,-0.032795939999999996,0.631729,-0.025558873246267905,0.2154584925806795,0.9761784458162273,-0.4357550805899211,10.700237472026995,9.466481430106962,9.568750375930028,7.932941636127923
05/17/2023 13:13:42.613784,1021,True,True,True,True,Eyes,1.17637,0.136959,-3.2118,0.4697108,-0.08071877,0.8791224,0.0,0.0,0.0,0.0,0.0,0.0,0.0,-2.44388,0.3069731,2.296792,1.00652,0.1309767,-3.211199,0.1323694,0.2465545,-0.08998626,0.95582,17.30245,27.95062,353.5804,0.3602999,0.04042039,-0.9319601,0.0,0.0,0.0,1.555369,0.09597707,-2.578348,0.09239109,0.1043708,0.723178,0.8622267,-0.1067488,-0.4951462,0.2372939,0.9487616,0.2086697,0.4475005,-0.2974157,0.8433785,moving,-1.27300035558596,12.613549805673184,7.28050043249275,8.212360609136129,0.5488489999999999,-0.034999630000000004,0.632851,-0.02168028905224506,0.21832269536000343,0.9756357493481197,-0.2986992293495505,10.74972566864988,9.521917380052379,9.61939925750967,7.992652185558413
05/17/2023 13:13:42.643585,1022,True,True,True,True,Eyes,1.169122,0.1366134,-3.211528,0.4746609,-0.0833589,0.8762125,0.0,0.0,0.0,0.0,0.0,0.0,0.0,-2.448611,0.303733,2.288903,0.9980866,0.1320813,-3.211449,0.1334093,0.2489321,-0.09216373,0.9548511,17.49707,28.20738,353.402,0.3586398,0.04037984,-0.932602,0.0,0.0,0.0,1.55277,0.09361743,-2.57836,0.09469594,0.1030102,0.7233543,0.8590773,-0.1095855,-0.4999772,0.242425,0.9474156,0.208887,0.4507952,-0.3006571,0.8404696,moving,-1.243902202996015,12.660447366954815,7.458305626688439,8.104785259001915,0.5546833999999999,-0.03846387000000001,0.633089,-0.021180905164858266,0.21912355044760215,0.9754672010118558,-0.27615559037780746,10.765891900391681,9.725510099096237,9.822549483349997,8.179448567914013
05/17/2023 13:13:42.653689,1023,True,True,True,True,Eyes,1.161847,0.136289,-3.211304,0.4795966,-0.08566339,0.8732977,0.0,0.0,0.0,0.0,0.0,0.0,0.0,-2.451943,0.308328,2.281082,0.9886819,0.1308868,-3.211822,0.1338515,0.2512265,-0.09188096,0.9542153,17.55446,28.4941,353.4901,0.3569618,0.04033647,-0.9332475,0.0,0.0,0.0,1.550235,0.09131498,-2.578371,0.0970601,0.1025232,0.7232672,0.8568863,-0.1080944,-0.5040451,0.2426025,0.9472833,0.2092804,0.4548514,-0.3016122,0.8379381,moving,-1.1719998007219141,12.59226153843694,7.643243290447014,8.067932598305285,0.5615531,-0.039571819999999994,0.633451,-0.019962035271174017,0.21796798794453015,0.9757517416445576,-0.2562917681261818,10.73490059847401,9.811704551337233,9.908484400498107,8.33758792790523
05/17/2023 13:13:42.663584,1024,True,True,True,True,Eyes,1.154512,0.1359584,-3.211103,0.484445,-0.08792786,0.8703917,0.0,0.0,0.0,0.0,0.0,0.0,0.0,-2.453025,0.3135256,2.276147,0.9800624,0.1311473,-3.212282,0.1345234,0.2529111,-0.09153083,0.9537093,17.63131,28.70797,353.5812,0.3552656,0.04029112,-0.9338964,0.0,0.0,0.0,1.54766,0.08897719,-2.578382,0.09932424,0.1025291,0.7233083,0.8553162,-0.1065427,-0.5070335,0.2426325,0.9470511,0.2102941,0.4577813,-0.3028907,0.8358788,moving,-1.032915796705898,12.552956010026449,7.8189189567913475,8.067938350137956,0.5675976,-0.04217011,0.6339000000000001,-0.01759601895671173,0.21730821784534815,0.9759444126546465,-0.19983937147710562,10.710635444669279,9.827582053634126,9.9232233630375,8.443004978123545
05/17/2023 13:13:42.683754,1025,True,True,True,True,Eyes,1.147185,0.1356135,-3.210977,0.4891018,-0.08995627,0.8675755,0.0,0.0,0.0,0.0,0.0,0.0,0.0,-2.454456,0.3168234,2.270795,0.9712451,0.1306781,-3.212607,0.1350832,0.2547012,-0.09171437,0.9531361,17.71154,28.92589,353.61,0.3535514,0.04024378,-0.9345487,0.0,0.0,0.0,1.544982,0.08654546,-2.578394,0.1018171,0.1020544,0.7234936,0.8534315,-0.1060208,-0.5103079,0.2436443,0.946682,0.2107859,0.4607516,-0.304225,0.8337596,moving,-0.9261225854636858,12.527398883982585,8.01061618150173,8.029042939093095,0.5737369000000001,-0.04413263999999999,0.6342130000000004,-0.015778474382837776,0.21687944693912525,0.9760708451323254,-0.15559321545515292,10.69378548923619,9.91031394952933,10.005024037747493,8.589984212644982
05/17/2023 13:13:42.703848,1026,True,True,True,True,Eyes,1.139806,0.1352653,-3.210875,0.4936163,-0.09202131,0.8647977,0.0,0.0,0.0,0.0,0.0,0.0,0.0,-2.452829,0.326766,2.268025,0.9623639,0.1302025,-3.213096,0.1363235,0.2557918,-0.09131221,0.9527059,17.8464,29.06964,353.7126,0.3518193,0.04019411,-0.9352043,0.0,0.0,0.0,1.542462,0.08425739,-2.578405,0.1037585,0.1017601,0.7238132,0.8524652,-0.1042465,-0.5122847,0.2437283,0.946156,0.2130385,0.4624928,-0.3064662,0.8319729,moving,-0.7419392290376231,12.561907007361762,8.157764824229027,8.002700455653061,0.5800981,-0.04594511,0.6346910000000001,-0.012638994128631426,0.21747698817432537,0.975983632284444,-0.06398090258790701,10.695010747355246,9.907680051230857,9.999554820934499,8.651337324554973
05/17/2023 13:13:42.713830,1027,True,True,True,True,Eyes,1.132444,0.134913,-3.210836,0.4980067,-0.09393701,0.8620703,0.0,0.0,0.0,0.0,0.0,0.0,0.0,-2.450861,0.3404689,2.265115,0.9537352,0.129795,-3.213554,0.1381206,0.2567274,-0.09073265,0.9522507,18.03742,29.19931,353.8491,0.3500697,0.04014221,-0.9358629,0.0,0.0,0.0,1.539941,0.08196771,-2.578417,0.1057958,0.1013036,0.7243496,0.8517172,-0.1018818,-0.5140018,0.2437192,0.9453806,0.2164638,0.4638736,-0.3096381,0.8300275,moving,-0.5504995300014108,12.661117421308065,8.309651845394956,7.9614377414016,0.5862058,-0.047827289999999995,0.6351369999999998,-0.009374272541952194,0.21917450097757646,0.9756406604740597,0.04357474897270297,10.720695731017218,9.940719668915467,10.029420296740179,8.714444056694276
05/17/2023 13:13:42.733862,1028,True,True,True,True,Eyes,1.125052,0.1345688,-3.210821,0.5022475,-0.09585489,0.8593947,0.0,0.0,0.0,0.0,0.0,0.0,0.0,-2.447068,0.3551898,2.264083,0.9453179,0.1295069,-3.214028,0.1398899,0.2572556,-0.08988818,0.95193,18.21474,29.28404,354.008,0.3483037,0.0400881,-0.9365239,0.0,0.0,0.0,1.53724,0.07951531,-2.578429,0.1069922,0.1007885,0.7249125,0.8514794,-0.09915955,-0.5149275,0.2431094,0.9447019,0.2200824,0.4646297,-0.3125793,0.8285008,moving,-0.31531515405625044,12.749415749437684,8.395856640561576,7.915398187350872,0.5919220999999999,-0.04999159,0.635599,-0.005367578463693901,0.2206843059861191,0.9753305018167501,0.1691681963922007,10.739307762073137,9.87884762810396,9.9625418355914,8.697865717728574
05/17/2023 13:13:42.753709,1029,True,True,True,True,Eyes,1.117707,0.134216,-3.210863,0.5063965,-0.09762461,0.8567567,0.0,0.0,0.0,0.0,0.0,0.0,0.0,-2.443869,0.365898,2.263208,0.9371805,0.1293658,-3.214568,0.1411752,0.2578907,-0.08932807,0.951621,18.34658,29.37613,354.1225,0.3465215,0.04003218,-0.9371872,0.0,0.0,0.0,1.534693,0.07720312,-2.57844,0.1081616,0.1011961,0.7255085,0.8510258,-0.09719741,-0.5160501,0.2428284,0.9441802,0.2226168,0.4656065,-0.3147643,0.8271239,moving,-0.09895151893658118,12.798384744939895,8.479422235171254,7.9405556819446845,0.5975125000000001,-0.05216268,0.6361279999999998,-0.0016841220906534393,0.22152069495580068,0.9751542278654569,0.27842870026035493,10.743996543757744,9.778001405287956,9.858346690517992,8.666924230967611
05/17/2023 13:13:42.764088,1030,True,True,True,True,Eyes,1.110344,0.1338798,-3.210917,0.5104423,-0.09940112,0.8541476,0.0,0.0,0.0,0.0,0.0,0.0,0.0,-2.441592,0.3739471,2.261412,0.9292718,0.1290023,-3.214809,0.1422905,0.2587051,-0.08923163,0.9512429,18.47404,29.48205,354.1823,0.3447247,0.03997426,-0.9378521,0.0,0.0,0.0,1.532088,0.07483765,-2.578451,0.1087383,0.1023508,0.7263348,0.8502188,-0.09613931,-0.5175763,0.2433844,0.9435822,0.2245363,0.466789,-0.3168751,0.8256502,moving,0.08564861353998324,12.839921113035818,8.51441578957072,8.020970075136741,0.6028161999999999,-0.05416464999999998,0.636358,0.0014574707761189631,0.22222765301997227,0.9749937399206603,0.3716016459129152,10.747903072691603,9.63095894319645,9.709088794186698,8.587292108185625
05/17/2023 13:13:42.784150,1031,True,True,True,True,Eyes,1.103016,0.1335335,-3.211008,0.5145602,-0.1010368,0.8514807,0.0,0.0,0.0,0.0,0.0,0.0,0.0,-2.44071,0.3746173,2.259494,0.9214739,0.1290905,-3.215111,0.142893,0.2597952,-0.09023212,0.9507609,18.57815,29.60115,354.1063,0.3429141,0.03991501,-0.9385182,0.0,0.0,0.0,1.529554,0.07253621,-2.578462,0.1092272,0.1043828,0.7272714,0.8487293,-0.09733251,-0.5197932,0.2458241,0.9428795,0.2248304,0.4682191,-0.3185979,0.8241761,moving,0.23288269238536713,12.865685122341356,8.541281636614038,8.167689423572297,0.6080801000000001,-0.05655428999999999,0.6366489999999998,0.003962518359483913,0.22266453788812623,0.9748870800590642,0.4444808261446105,10.748180590036856,9.466808051382102,9.544666395538016,8.498065546029872
05/17/2023 13:13:42.805061,1032,True,True,True,True,Eyes,1.095674,0.1331937,-3.211102,0.518566,-0.1026389,0.8488549,0.0,0.0,0.0,0.0,0.0,0.0,0.0,-2.440207,0.3744856,2.256749,0.9135192,0.1286906,-3.215072,0.1432361,0.2610441,-0.09112338,0.950282,18.65106,29.74092,354.0386,0.3410909,0.03985418,-0.9391848,0.0,0.0,0.0,1.52692,0.07014439,-2.578474,0.109503,0.1061647,0.7286603,0.847105,-0.09840395,-0.5222354,0.2479677,0.9423599,0.2246549,0.4700268,-0.3198038,0.8226787,moving,0.3571986213415271,12.859931833085533,8.546449389189272,8.289579340962202,0.6134008000000001,-0.05854620999999999,0.6365980000000002,0.006077884501383635,0.2225642881835549,0.9748991118821246,0.5006596576992379,10.737814107672623,9.300818068510427,9.378270098528448,8.410028886768469
05/17/2023 13:13:42.814040,1033,True,True,True,True,Eyes,1.088369,0.1328769,-3.211218,0.5226184,-0.1041138,0.8461858,0.0,0.0,0.0,0.0,0.0,0.0,0.0,-2.438399,0.3770859,2.255322,0.9058133,0.1285107,-3.21519,0.14359,0.2619866,-0.0912672,0.9499553,18.70102,29.85614,354.0515,0.3392562,0.03979211,-0.9398517,0.0,0.0,0.0,1.524359,0.06781954,-2.578485,0.1095924,0.1080865,0.7300872,0.8460666,-0.09816219,-0.5239613,0.2486369,0.9421044,0.2249867,0.471541,-0.3206298,0.8214898,moving,0.530152985428159,12.840965856695533,8.536853409768376,8.42124277138913,0.6185457,-0.06069116000000001,0.6367050000000001,0.009021396927599568,0.22223662736667787,0.9749510651026537,0.5766839216104347,10.719167252758915,9.069512605529773,9.145556507721121,8.285213045074897
05/17/2023 13:13:42.833982,1034,True,True,True,True,Eyes,1.08107,0.1325858,-3.211329,0.5266367,-0.1055573,0.8435114,0.0,0.0,0.0,0.0,0.0,0.0,0.0,-2.439458,0.3812598,2.250417,0.8984126,0.1288397,-3.215112,0.1440922,0.2635219,-0.09083726,0.9494959,18.75398,30.0555,354.1474,0.337411,0.03972951,-0.9405184,0.0,0.0,0.0,1.521874,0.06556272,-2.578496,0.1092767,0.1100524,0.7319348,0.8446096,-0.09655627,-0.5266038,0.2484421,0.941972,0.2257548,0.474248,-0.3215052,0.8195873,moving,0.634527001328592,12.817493511185106,8.491447836564287,8.55083636173865,0.6234613999999999,-0.06327698,0.6366160000000001,0.010798437213986434,0.2218332889279856,0.9750248330054309,0.6202209804496048,10.703279328609232,8.864940601821402,8.940669339712956,8.160221991223748
05/17/2023 13:13:42.853925,1035,True,True,True,True,Eyes,1.073799,0.1323269,-3.21144,0.5307876,-0.1069323,0.8407318,0.0,0.0,0.0,0.0,0.0,0.0,0.0,-2.443198,0.3890094,2.242071,0.8912492,0.1291345,-3.215031,0.1448988,0.265589,-0.08968733,0.9489062,18.8221,30.33499,354.3466,0.3355566,0.03966719,-0.9411843,0.0,0.0,0.0,1.519281,0.06320842,-2.578508,0.1086191,0.1115479,0.7339024,0.8428373,-0.09324266,-0.5300294,0.2471768,0.9419211,0.2273509,0.478047,-0.3226308,0.8169336,moving,0.6889865676819986,12.804958506855211,8.4187808952842,8.642400838332724,0.6280318000000001,-0.06592608000000001,0.6365230000000004,0.011725781163318238,0.22161764606535372,0.9750631146940447,0.642881418832209,10.69487853523971,8.703892223035727,8.779328373560618,8.042218435493217
05/17/2023 13:13:42.864099,1036,True,True,True,True,Eyes,1.066535,0.1320896,-3.211539,0.5349522,-0.108261,0.8379175,0.0,0.0,0.0,0.0,0.0,0.0,0.0,-2.449529,0.3957487,2.230813,0.8841914,0.1296411,-3.214768,0.145656,0.268225,-0.08849803,0.9481602,18.88594,30.68608,354.561,0.3336936,0.03960601,-0.9418489,0.0,0.0,0.0,1.516611,0.06078365,-2.57852,0.1073759,0.1141767,0.736073,0.8404469,-0.08968347,-0.5344211,0.2459578,0.9419049,0.2287357,0.48286,-0.3236852,0.8136793,moving,0.6760963069398311,12.78424650373229,8.29957792341996,8.817223291504254,0.6324196,-0.06885745000000001,0.6362479999999997,0.011507357100018323,0.22126572430446373,0.9751456799846284,0.6329070759235083,10.687741397059046,8.516143438432263,8.593878351662102,7.891557505781748
05/17/2023 13:13:42.884161,1037,True,True,True,True,Eyes,1.059303,0.1318723,-3.211635,0.5391785,-0.1095239,0.8350395,0.0,0.0,0.0,0.0,0.0,0.0,0.0,-2.456536,0.4016502,2.218804,0.8770804,0.1298804,-3.214474,0.146232,0.271039,-0.08727927,0.947384,18.9285,31.0596,354.7773,0.3318233,0.0395465,-0.942512,0.0,0.0,0.0,1.514171,0.05856884,-2.57853,0.107211,0.116674,0.738717,0.8378404,-0.0861048,-0.5390822,0.2446431,0.9419971,0.2297635,0.48803,-0.3243879,0.8103081,moving,0.6474346838778576,12.744872134465112,8.25775826383582,8.97523537769814,0.6370906,-0.07131156000000001,0.6359439999999998,0.011021260757474671,0.22059673349383657,0.9753027832816201,0.6120295501691402,10.674445887313615,8.411582596895343,8.492772590245943,7.832271951290687
05/17/2023 13:13:42.903504,1038,True,True,True,True,Eyes,1.05209,0.1316758,-3.211711,0.543384,-0.1107406,0.832148,0.0,0.0,0.0,0.0,0.0,0.0,0.0,-2.461727,0.4059455,2.208843,0.8700348,0.1301495,-3.214029,0.1464766,0.2735067,-0.08607374,0.9467471,18.93141,31.38869,354.9748,0.3299465,0.03948904,-0.9431731,0.0,0.0,0.0,1.511446,0.05609386,-2.578542,0.106279,0.1188656,0.7415041,0.8355708,-0.0828555,-0.5430989,0.2431048,0.9422718,0.2302691,0.4926677,-0.324436,0.8074775,moving,0.6620129941272432,12.67281977491163,8.156592200946568,9.10722361184602,0.6414112000000001,-0.07405564,0.6354869999999999,0.011272613896867179,0.21936945613729397,0.9755767093049734,0.6047189362542804,10.645722223517527,8.217007118448647,8.299529714710152,7.706994731027737
05/17/2023 13:13:42.913896,1039,True,True,True,True,Eyes,1.044891,0.1314856,-3.211757,0.5477278,-0.1119985,0.8291264,0.0,0.0,0.0,0.0,0.0,0.0,0.0,-2.466738,0.4071705,2.199685,0.8633008,0.1304362,-3.213548,0.1466618,0.2758536,-0.08567434,0.9460735,18.95181,31.68849,355.0752,0.3280641,0.03943402,-0.9438318,0.0,0.0,0.0,1.508949,0.05382653,-2.578553,0.106019,0.1207568,0.7446612,0.8331294,-0.0811941,-0.5470859,0.2430228,0.9423005,0.2302384,0.4968252,-0.3247727,0.8047903,moving,0.6939260757300664,12.620136128446928,8.102867012543607,9.211096243205633,0.6456482000000001,-0.07660967,0.634995,0.011818438761246386,0.21847094603789055,0.9757718812891699,0.6091696435797598,10.623326662317412,8.072126414711086,8.155609035771485,7.625607845560924
05/17/2023 13:13:42.934015,1040,True,True,True,True,Eyes,1.037714,0.1313013,-3.211783,0.5520699,-0.1132232,0.8260746,0.0,0.0,0.0,0.0,0.0,0.0,0.0,-2.473299,0.407249,2.188763,0.8566265,0.1303475,-3.212934,0.1467814,0.2785319,-0.08549319,0.9452863,18.97321,32.02558,355.1555,0.3261774,0.03938143,-0.9444877,0.0,0.0,0.0,1.506287,0.05141001,-2.578565,0.105287,0.1223954,0.748058,0.8302217,-0.0798645,-0.5516825,0.2433977,0.9422923,0.2298757,0.5014873,-0.325126,0.8017504,moving,0.6840246764271783,12.567665309086205,8.011589334969194,9.292257481078526,0.6496605,-0.07893749,0.634369,0.011652195324647119,0.21757766945944712,0.975973409661412,0.5943888604822165,10.603754172874279,7.941900335945289,8.026300534174382,7.53225639840553
05/17/2023 13:13:42.953926,1041,True,True,True,True,Eyes,1.030568,0.1311189,-3.211788,0.5564928,-0.1145296,0.8229209,0.0,0.0,0.0,0.0,0.0,0.0,0.0,-2.480104,0.4061922,2.177801,0.8499613,0.1303011,-3.212368,0.1468992,0.2812472,-0.08561974,0.9444522,19.0043,32.36219,355.2012,0.3242871,0.03933116,-0.9451405,0.0,0.0,0.0,1.503847,0.04919354,-2.578576,0.104495,0.124493,0.7515935,0.8271385,-0.07909752,-0.5564039,0.2443575,0.9421797,0.2293179,0.506094,-0.3256392,0.7986413,moving,0.673746697905447,12.521178569012799,7.915166084455055,9.4050085691802,0.6538856999999999,-0.08110756,0.6337920000000001,0.011479192235208657,0.2167861964451376,0.9761516514155409,0.580599721546406,10.58651255340137,7.797511468641743,7.88344278851272,7.429119422693479
05/17/2023 13:13:42.963880,1042,True,True,True,True,Eyes,1.023444,0.1309399,-3.211761,0.5609196,-0.1158326,0.8197268,0.0,0.0,0.0,0.0,0.0,0.0,0.0,-2.487336,0.4038468,2.166229,0.8433262,0.1302042,-3.211593,0.1470066,0.2840656,-0.08607027,0.9435506,19.04529,32.70624,355.2117,0.3223939,0.03928304,-0.9457899,0.0,0.0,0.0,1.501265,0.04684947,-2.578588,0.1035852,0.1273759,0.7552075,0.8237973,-0.0789043,-0.5613662,0.2459423,0.9419619,0.228517,0.5107546,-0.3263154,0.7953917,moving,0.6488582897408065,12.48469387960722,7.810026485374233,9.573601026964155,0.6579388,-0.08335472999999999,0.6330050000000003,0.01105672388799478,0.2161655835801048,0.9762941180082452,0.5620240042987583,10.57408334333537,7.641356213731103,7.730251711481409,7.316727740667117
05/17/2023 13:13:42.983717,1043,True,True,True,True,Eyes,1.01635,0.130754,-3.211708,0.5653816,-0.1172366,0.8164552,0.0,0.0,0.0,0.0,0.0,0.0,0.0,-2.494931,0.4002269,2.154263,0.8367225,0.1301247,-3.210712,0.1471887,0.2869498,-0.08697549,0.942566,19.11015,33.05136,355.1743,0.3204992,0.03923696,-0.9464355,0.0,0.0,0.0,1.498401,0.04424922,-2.5786,0.1032668,0.1307968,0.7588231,0.8201901,-0.07948876,-0.5665419,0.2484318,0.9415415,0.2275549,0.5153347,-0.3273852,0.7919906,moving,0.61517046381228,12.466919603852128,7.749667029528271,9.77985753017767,0.6616785000000001,-0.08587548,0.6321120000000002,0.010483412212403842,0.21586402463832238,0.9763670869813724,0.5430357784066642,10.569441702037587,7.53016289404472,7.623735556404941,7.249757041038982
05/17/2023 13:13:43.003832,1044,True,True,True,True,Eyes,1.009267,0.130557,-3.211615,0.5698256,-0.1186375,0.8131568,0.0,0.0,0.0,0.0,0.0,0.0,0.0,-2.502829,0.3955862,2.141747,0.8300447,0.1298555,-3.209655,0.1473772,0.2899255,-0.08820171,0.9415113,19.18737,33.40273,355.1026,0.3186027,0.03919251,-0.9470775,0.0,0.0,0.0,1.495985,0.04205527,-2.578611,0.1039165,0.1358852,0.7623566,0.8163274,-0.08062907,-0.571934,0.2515426,0.9410008,0.2263707,0.5199383,-0.3286584,0.7884464,moving,0.566701893729609,12.461435749163764,7.762124749083251,10.106468976786422,0.6659402999999999,-0.08780023,0.6310440000000002,0.009657665623759026,0.21577238866116039,0.9763959534912089,0.519628063352179,10.570505542091876,7.468277082505798,7.570995876788397,7.257347185905194
05/17/2023 13:13:43.013763,1045,True,True,True,True,Eyes,1.002188,0.1303571,-3.211468,0.5742204,-0.1201417,0.8098375,0.0,0.0,0.0,0.0,0.0,0.0,0.0,-2.508879,0.3946534,2.130416,0.8232231,0.1294017,-3.208498,0.1477575,0.2925566,-0.08881754,0.9405796,19.26414,33.72343,355.1006,0.3167059,0.03914921,-0.9477153,0.0,0.0,0.0,1.493488,0.03978777,-2.578622,0.1054615,0.1397431,0.7658862,0.8130441,-0.08062506,-0.5765925,0.2535348,0.9405583,0.225987,0.5240986,-0.3299237,0.7851567,moving,0.5636998745799425,12.451157368871213,7.840247131504614,10.34040325161929,0.6702648999999999,-0.08961393000000001,0.6298759999999999,0.009606886779241486,0.2155973140414875,0.9764350353023019,0.5162429887229165,10.566741182053953,7.4665509375434915,7.576504664141236,7.327500634065951
05/17/2023 13:13:43.033902,1046,True,True,True,True,Eyes,0.9951283,0.1301458,-3.21128,0.578612,-0.1216718,0.8064764,0.0,0.0,0.0,0.0,0.0,0.0,0.0,-2.514251,0.3973251,2.119168,0.8166055,0.1290948,-3.207286,0.1484444,0.295024,-0.08886837,0.9396954,19.35509,34.03609,355.1707,0.3148082,0.03910691,-0.948349,0.0,0.0,0.0,1.490989,0.03751897,-2.578633,0.1066785,0.1422318,0.7697307,0.8101264,-0.07942908,-0.5808494,0.2546077,0.9401333,0.2265484,0.5280814,-0.3314216,0.7818502,moving,0.585118431350501,12.45355092107377,7.890472217965416,10.469098915022524,0.6743834999999999,-0.09157583000000001,0.6286529999999999,0.009971811957611154,0.2156373543147887,0.976422629605951,0.5265811988114653,10.566259581419754,7.4564904984609415,7.570088751918943,7.364531969994493
05/17/2023 13:13:43.053849,1047,True,True,True,True,Eyes,0.9880829,0.1299187,-3.211047,0.5829447,-0.1233592,0.8030928,0.0,0.0,0.0,0.0,0.0,0.0,0.0,-2.521574,0.4009772,2.1052,0.8100382,0.1286131,-3.205976,0.1494669,0.2978996,-0.08907658,0.9386058,19.49064,34.40002,355.2439,0.3129108,0.03906518,-0.9489785,0.0,0.0,0.0,1.488345,0.03511805,-2.578645,0.1068324,0.1491596,0.7730483,0.8066425,-0.07816333,-0.5858485,0.2562678,0.93945,0.2275093,0.5325925,-0.3336528,0.777831,moving,0.5504214782292074,12.487153964949872,7.868226531326924,10.921006913050856,0.6783068,-0.09349505000000001,0.6273310000000003,0.009379292899303282,0.21621121324405373,0.9763015932727006,0.517132002544205,10.581484223567623,7.357569773014801,7.48352105517947,7.358931065567414
05/17/2023 13:13:43.063465,1048,True,True,True,True,Eyes,0.9810436,0.1296813,-3.210768,0.5872957,-0.1251087,0.7996446,0.0,0.0,0.0,0.0,0.0,0.0,0.0,-2.529694,0.4045516,2.090667,0.8033793,0.128038,-3.20501,0.150661,0.3009035,-0.08958661,0.9374074,19.65619,34.77681,355.2923,0.3110138,0.03902353,-0.9496037,0.0,0.0,0.0,1.485802,0.03280895,-2.578656,0.110528,0.1525856,0.7771491,0.8028626,-0.07728943,-0.5911328,0.2586272,0.9385509,0.2285476,0.537144,-0.3363754,0.7735167,moving,0.49842227248097454,12.546648504199295,8.094457732051131,11.10816456007563,0.6824227,-0.09522905000000001,0.6263540000000001,0.008491278018260717,0.2172265718673798,0.976084231527025,0.504749506020091,10.607821310984743,7.5947682030882335,7.731040729458665,7.606182638038221
05/17/2023 13:13:43.083647,1049,True,True,True,True,Eyes,0.9739934,0.1294321,-3.210444,0.5915542,-0.1269341,0.7962106,0.0,0.0,0.0,0.0,0.0,0.0,0.0,-2.538299,0.409217,2.07428,0.7964917,0.1275676,-3.203496,0.152131,0.3041241,-0.09009229,0.9360812,19.85326,35.18404,355.3571,0.3091174,0.03898166,-0.9502243,0.0,0.0,0.0,1.483252,0.03049289,-2.578667,0.1115502,0.1535496,0.7810872,0.7987838,-0.076134,-0.5967814,0.2612008,0.9374791,0.2300154,0.5419581,-0.3396124,0.7687294,moving,0.41244333048825377,12.630489705349408,8.127680781132765,11.12163983492186,0.6867603,-0.09707471000000001,0.6248290000000001,0.0070242423088549555,0.21865714124997906,0.9757764454183057,0.4814459939229745,10.645768739140104,7.7223778383456585,7.861394078108339,7.661028633345373
05/17/2023 13:13:43.103744,1050,True,True,True,True,Eyes,0.9669405,0.1291704,-3.210063,0.5957858,-0.1287092,0.792763,0.0,0.0,0.0,0.0,0.0,0.0,0.0,-2.545516,0.4116509,2.059722,0.7895429,0.1270036,-3.201883,0.1530594,0.3071176,-0.09047572,0.9349148,19.98465,35.56187,355.4128,0.3072214,0.03893928,-0.9508408,0.0,0.0,0.0,1.480601,0.02808617,-2.578679,0.1134984,0.154464,0.785291,0.7949859,-0.07515971,-0.6019539,0.2631887,0.936774,0.2306216,0.5465612,-0.3417684,0.7645032,moving,0.35868916442629245,12.654124356657706,8.224031829887407,11.127821274705408,0.6910581,-0.09891743,0.6232039999999999,0.006108211368639038,0.21906094996794154,0.9756920322357352,0.461271999923357,10.658400947261452,7.869873946944824,8.01206692078268,7.776939990865372
05/17/2023 13:13:43.113892,1051,True,True,True,True,Eyes,0.9598905,0.1288812,-3.209622,0.5998574,-0.1304748,0.7893969,0.0,0.0,0.0,0.0,0.0,0.0,0.0,-2.549595,0.412499,2.048845,0.7824255,0.1264362,-3.200028,0.1533379,0.3095476,-0.09047031,0.9340679,20.02717,35.8712,355.4777,0.3053255,0.03889611,-0.951453,0.0,0.0,0.0,1.47816,0.02586997,-2.57869,0.1159954,0.1543925,0.7895138,0.7919908,-0.07408006,-0.606022,0.2639415,0.9366052,0.2304462,0.550532,-0.3424657,0.7613355,moving,0.37310581500499157,12.594052314961463,8.358102649478433,11.064779203279569,0.6957344999999999,-0.10056623,0.6213380000000002,0.006355205734192737,0.21803753458906283,0.9759197120510525,0.456219672780525,10.634304935105018,7.987434563451059,8.130119968159393,7.913599855501198
05/17/2023 13:13:43.133810,1052,True,True,True,True,Eyes,0.9528372,0.1285597,-3.209118,0.6038532,-0.1321867,0.7860585,0.0,0.0,0.0,0.0,0.0,0.0,0.0,-2.551644,0.4144077,2.040074,0.7753985,0.1254882,-3.198051,0.1535053,0.3115405,-0.09021217,0.9334026,20.04597,36.12927,355.5577,0.3034299,0.03885145,-0.9520611,0.0,0.0,0.0,1.475373,0.02333927,-2.578702,0.1181322,0.1548305,0.7934577,0.7896086,-0.07276234,-0.6092815,0.2640548,0.9365958,0.230355,0.5538893,-0.342774,0.7587573,moving,0.4398878180621759,12.516656015507134,8.4681527932319,11.041599998455926,0.6999745,-0.10214893,0.6193490000000001,0.007494956852684365,0.21671732648107633,0.9762056147421256,0.47192996920265484,10.600099696623335,8.019964635365922,8.162648391605257,8.00840196094355
05/17/2023 13:13:43.153925,1053,True,True,True,True,Eyes,0.9457524,0.128212,-3.208517,0.6076868,-0.1339997,0.7827905,0.0,0.0,0.0,0.0,0.0,0.0,0.0,-2.551774,0.4191469,2.03292,0.7682657,0.1243785,-3.195981,0.1539568,0.3131203,-0.0897583,0.9328431,20.08693,36.34119,355.6615,0.3015349,0.03880455,-0.952665,0.0,0.0,0.0,1.473016,0.02119907,-2.578712,0.1216916,0.1564743,0.7973689,0.7877982,-0.07104682,-0.6118222,0.2638749,0.9364815,0.2310249,0.5565466,-0.3434455,0.7565058,moving,0.5472477837950457,12.457680145683593,8.677321030176238,11.102542212154928,0.7047503,-0.10317943,0.6172690000000003,0.009326275284500196,0.21570907508040016,0.9764132060259404,0.5099300792036905,10.570333451620987,8.096268720304616,8.24223815540485,8.184712646807908
05/17/2023 13:13:43.164034,1054,True,True,True,True,Eyes,0.9386648,0.1278368,-3.207846,0.6114503,-0.1358021,0.7795423,0.0,0.0,0.0,0.0,0.0,0.0,0.0,-2.552008,0.4244255,2.025333,0.7613069,0.1233181,-3.193753,0.1547679,0.314668,-0.08968144,0.9321954,20.18104,36.54553,355.7352,0.2996399,0.03875491,-0.9532647,0.0,0.0,0.0,1.470436,0.01885649,-2.578724,0.1250823,0.1584686,0.8009613,0.7858827,-0.06980025,-0.6144238,0.2646022,0.9360083,0.2321081,0.5589045,-0.3449876,0.7540619,moving,0.6476736745677951,12.452516477787437,8.875917484682443,11.191325968472809,0.7091291000000001,-0.10446161,0.6150290000000003,0.01103790814549499,0.21561729108744648,0.9764154984388937,0.5552124384315844,10.56176025733471,8.17437170313526,8.324337673321242,8.344488327713407
05/17/2023 13:13:43.183695,1055,True,True,True,True,Eyes,0.9315489,0.1274425,-3.207081,0.6150897,-0.1376484,0.7763488,0.0,0.0,0.0,0.0,0.0,0.0,0.0,-2.552008,0.4310289,2.017371,0.7541489,0.1222816,-3.191336,0.1557324,0.3162281,-0.08945123,0.9315287,20.28636,36.75601,355.8329,0.2977447,0.03870207,-0.9538605,0.0,0.0,0.0,1.467776,0.01644107,-2.578736,0.1289447,0.1600177,0.804432,0.7839966,-0.06815887,-0.617012,0.2651467,0.9354918,0.2335644,0.5612901,-0.3467124,0.7514945,moving,0.7389691599126396,12.454521525430279,9.10663656473341,11.250426602512839,0.7136271,-0.10584053,0.6126,0.012593634576862744,0.21564749599291602,0.9763900031085014,0.5976823412691119,10.556548312716103,8.299937091244264,8.453857248682139,8.537199134263073
05/17/2023 13:13:43.203580,1056,True,True,True,True,Eyes,0.9244361,0.1270235,-3.206245,0.6186616,-0.139469,0.7731792,0.0,0.0,0.0,0.0,0.0,0.0,0.0,-2.550482,0.4378064,2.011317,0.7470578,0.1213612,-3.18892,0.1565714,0.317453,-0.08904136,0.9310107,20.36944,36.92651,355.9391,0.2958487,0.03864583,-0.9544525,0.0,0.0,0.0,1.465122,0.01403093,-2.578747,0.132387,0.1608466,0.8080184,0.7825905,-0.06638876,-0.6189868,0.265205,0.9351141,0.2350064,0.5632216,-0.3480721,0.749418,moving,0.8701578761753687,12.437728697714872,9.304758841702204,11.258304158131939,0.7180642,-0.10733027,0.6101730000000001,0.014830196484679148,0.2153547077164781,0.9764232011401488,0.6548793349617101,10.541476810158931,8.361824119918833,8.516662238942944,8.67953091635321
05/17/2023 13:13:43.213792,1057,True,True,True,True,Eyes,0.9172928,0.1265832,-3.205306,0.622173,-0.1413589,0.770012,0.0,0.0,0.0,0.0,0.0,0.0,0.0,-2.549943,0.4432105,2.003994,0.7400169,0.1203454,-3.186304,0.1573354,0.3189166,-0.08884162,0.9304005,20.45283,37.12319,356.0243,0.2939529,0.03858586,-0.9550405,0.0,0.0,0.0,1.462662,0.01179719,-2.578758,0.1355612,0.1620429,0.8112761,0.7807987,-0.06496277,-0.6213961,0.2656703,0.9347054,0.2361038,0.5654845,-0.349436,0.7470754,moving,0.9676190555857122,12.415283901112726,9.486269036317498,11.295513532989535,0.7226450999999999,-0.10854821,0.6075459999999997,0.016492533878055382,0.21496661585337568,0.9764821611668281,0.6954302455613246,10.526438044544747,8.434695572228277,8.591931282985707,8.824416340585369
05/17/2023 13:13:43.234407,1058,True,True,True,True,Eyes,0.9101543,0.1261226,-3.204297,0.6256434,-0.1432464,0.7668446,0.0,0.0,0.0,0.0,0.0,0.0,0.0,-2.550559,0.449077,1.994969,0.7330034,0.1193221,-3.183614,0.1583193,0.3206327,-0.0887624,0.929651,20.56585,37.35226,356.1104,0.2920563,0.03852198,-0.9556248,0.0,0.0,0.0,1.459991,0.009371755,-2.57877,0.1379421,0.1625688,0.8147429,0.7786319,-0.06351141,-0.6242586,0.2665608,0.9341124,0.2374431,0.5680474,-0.3512836,0.7442594,moving,1.0287662376716171,12.420150222544121,9.609479173633865,11.284249831777997,0.7269876000000001,-0.109950345,0.6048439999999999,0.017534330519894947,0.21504571403054323,0.9764464776709435,0.7245614806506002,10.524305098505637,8.497871149841094,8.655570702566786,8.91735826401045
05/17/2023 13:13:43.253986,1059,True,True,True,True,Eyes,0.9030057,0.1256376,-3.2032,0.6291167,-0.1451513,0.7636382,0.0,0.0,0.0,0.0,0.0,0.0,0.0,-2.551599,0.4546217,1.985379,0.725979,0.1183812,-3.180881,0.1593299,0.3224539,-0.08875661,0.9288487,20.68479,37.59417,356.1921,0.2901596,0.03845402,-0.9562051,0.0,0.0,0.0,1.457483,0.007094008,-2.578781,0.1404659,0.1632435,0.8180277,0.7762915,-0.0621298,-0.6273049,0.2676359,0.9334725,0.2387469,0.5707385,-0.3532265,0.741275,moving,1.0773843749847423,12.429140107215119,9.743402957401099,11.285547922194727,0.731504,-0.11128719200000001,0.6020999999999996,0.01836226483516684,0.21519574010904635,0.9763983015546794,0.7487208249552477,10.524582631025659,8.582108952861892,8.741148732084662,9.026814213115538
05/17/2023 13:13:43.263524,1060,True,True,True,True,Eyes,0.8958653,0.1251334,-3.202034,0.6325687,-0.1470559,0.7604153,0.0,0.0,0.0,0.0,0.0,0.0,0.0,-2.553703,0.4596341,1.974359,0.7190775,0.1172757,-3.178038,0.1604067,0.3244993,-0.08896002,0.9279311,20.81966,37.86208,356.2585,0.2882626,0.03838173,-0.9567816,0.0,0.0,0.0,1.454786,0.004645858,-2.578793,0.143179,0.1629823,0.8213722,0.7735726,-0.06099378,-0.6307656,0.2692013,0.9327117,0.2399578,0.5736865,-0.3554277,0.7379397,moving,1.0951677953894383,12.45264586440531,9.888261599472946,11.223238294821178,0.7357084999999999,-0.112629842,0.5992449999999998,0.0186636341530122,0.21559508931954655,0.9763044876676995,0.7614944973968356,10.532475684992338,8.71954542606602,8.87862273213377,9.152870080945993
05/17/2023 13:13:43.283845,1061,True,True,True,True,Eyes,0.8887203,0.1245922,-3.20078,0.6360381,-0.1489774,0.7571402,0.0,0.0,0.0,0.0,0.0,0.0,0.0,-2.556067,0.4619143,1.963537,0.7121317,0.1163255,-3.175163,0.1612004,0.3266231,-0.08944729,0.9270012,20.93428,38.13245,356.2841,0.2863658,0.03830498,-0.9573541,0.0,0.0,0.0,1.452248,0.002340596,-2.578804,0.1449065,0.1620869,0.8248351,0.770633,-0.06053194,-0.6343979,0.271139,0.9320272,0.2404347,0.5767221,-0.3572969,0.7346635,moving,1.1056423806216429,12.45570795234198,9.96400879953821,11.11743597683417,0.7401163,-0.113984904,0.5963590000000001,0.018841898549640523,0.2156465435391305,0.9762896926307687,0.7669186408581092,10.532969135695241,8.802249594151936,8.95888539340795,9.21564261868272
05/17/2023 13:13:43.293717,1062,True,True,True,True,Eyes,0.8815826,0.124024,-3.199462,0.639466,-0.1508893,0.753867,0.0,0.0,0.0,0.0,0.0,0.0,0.0,-2.558016,0.4644671,1.952716,0.7051999,0.1148845,-3.172029,0.1620051,0.328678,-0.09000601,0.92608,21.05263,38.39332,356.3009,0.2844692,0.0382232,-0.9579226,0.0,0.0,0.0,1.449574,-8.667688e-05,-2.578816,0.1454136,0.160933,0.828342,0.7677394,-0.06021047,-0.6379272,0.2732006,0.9313065,0.2408934,0.5796015,-0.3592254,0.7314501,moving,1.121776452429322,12.463595558712381,9.956695589676173,10.994642900054522,0.7443740999999999,-0.11497117688,0.593213,0.01911623538354934,0.21577979522308377,0.976254807526055,0.7758909491914467,10.53495128224338,8.804205716552012,8.956205562349975,9.192306034408977
05/17/2023 13:13:43.313869,1063,True,True,True,True,Eyes,0.7032477,0.1089754,-3.164547,0.7202067,-0.1972028,0.6651416,0.0,0.0,0.0,0.0,0.0,0.0,0.0,-2.559061,0.4648823,1.943921,0.6982362,0.113684,-3.169113,0.162536,0.3305012,-0.09078906,0.9252613,21.14861,38.61785,356.2763,0.282573,0.03813608,-0.9584872,0.0,0.0,0.0,1.447216,-0.002227849,-2.578826,0.1451583,0.1597348,0.8319988,0.7650526,-0.06057053,-0.6411129,0.2754439,0.9306788,0.2407647,0.582087,-0.3607883,0.7287021,moving,7.969684909843523,10.174125586799795,9.896742979086884,10.867929606590508,0.7489798000000001,-0.115911849,0.590287,0.13650988616313414,0.17498668323247463,0.9750613800034927,3.486392579791958,9.203721437319537,1.9980402596713331,2.048149608821021,6.622852940569408
05/17/2023 13:13:43.334012,1064,True,True,True,True,Eyes,0.7029752,0.1089138,-3.164425,0.7203277,-0.1972597,0.6649936,0.0,0.0,0.0,0.0,0.0,0.0,0.0,-2.561137,0.4635175,1.933859,0.6914197,0.1122673,-3.165979,0.162858,0.3325779,-0.09171616,0.9243687,21.22844,38.87027,356.2335,0.2755711,0.03765314,-0.9605427,-0.5350047,-0.04514571,0.1047449,1.444487,-0.004706087,-2.578838,0.1443248,0.158078,0.8356305,0.7619603,-0.06123315,-0.6447225,0.277885,0.9301308,0.2400762,0.5849757,-0.3620872,0.7257385,moving,7.718619746174216,10.247553790811471,9.799091173495073,10.712179271280302,0.7530673000000001,-0.116973387,0.5871409999999999,0.13220351352335263,0.1763400068910229,0.9754108394179833,3.384970699729158,9.248477678791033,2.0858185359068395,2.1317218854717837,6.5790093330104575
05/17/2023 13:13:43.353583,1065,True,True,True,True,Eyes,0.7024463,0.1088284,-3.16418,0.7206169,-0.1972694,0.6646774,0.0,0.0,0.0,0.0,0.0,0.0,0.0,-2.563675,0.4643216,1.922682,0.6846049,0.1107387,-3.162876,0.1633545,0.3347838,-0.0922708,0.9234291,21.31371,39.14853,356.2436,0.2695971,0.03724167,-0.9622526,-0.5029044,-0.04243697,0.09846022,1.441866,-0.007085824,-2.57885,0.1442119,0.155964,0.8391393,0.7588118,-0.06103418,-0.6484438,0.2797879,0.9296028,0.239911,0.5881525,-0.3634741,0.7224703,moving,7.464651390819721,10.321503948602729,9.751419049815732,10.528958166880216,0.7572611000000001,-0.117824524,0.5840259999999997,0.12784683968938249,0.17770117224200566,0.9757445658459926,3.2823123287770253,9.293625386252685,2.254475008052085,2.2961584394181553,6.58599945696028
05/17/2023 13:13:43.363677,1066,True,True,True,True,Eyes,0.7016903,0.1087517,-3.163807,0.7210347,-0.1972347,0.6642345,0.0,0.0,0.0,0.0,0.0,0.0,0.0,-2.566088,0.4612348,1.912691,0.678068,0.1100581,-3.159754,0.1631221,0.3370043,-0.09257729,0.9226315,21.30922,39.4257,356.253,0.2643313,0.03687811,-0.9637263,-0.4727302,-0.03989075,0.09255261,1.439384,-0.009339975,-2.578861,0.1440724,0.1544195,0.842398,0.7557151,-0.06088372,-0.6520643,0.2807751,0.9296412,0.2386053,0.5916587,-0.363401,0.7196386,moving,7.225846456391846,10.309024628937062,9.70519895535959,10.38753296867005,0.761316,-0.119398075,0.5808930000000001,0.12378163778932721,0.17758091379738603,0.9762905109031363,3.169813529123137,9.304470325222091,2.439925054240921,2.4805951651862155,6.624521670211088
05/17/2023 13:13:43.383801,1067,True,True,True,True,Eyes,0.7007161,0.1087825,-3.163254,0.7216875,-0.1971083,0.6635627,0.0,0.0,0.0,0.0,0.0,0.0,0.0,-2.568942,0.4507938,1.903366,0.6718543,0.1101905,-3.156255,0.1620381,0.3393657,-0.0934014,0.9218735,21.2324,39.7022,356.1721,0.2595659,0.03654817,-0.9650332,-0.4443663,-0.0374973,0.08699945,1.436805,-0.01168125,-2.578872,0.1432197,0.1531369,0.8454887,0.7522143,-0.06222821,-0.6559737,0.2821889,0.9300396,0.2353629,0.5954353,-0.3621518,0.7171491,moving,6.9937721410149125,10.241244045883862,9.614229234769878,10.26624928865338,0.7649507000000001,-0.12187175,0.5773829999999998,0.11984962437456481,0.17651163779698625,0.9769747671643986,3.0496487554210727,9.293561686165063,2.5798078298871308,2.620576395065918,6.636251806696448
05/17/2023 13:13:43.403593,1068,True,True,True,True,Eyes,0.6995143,0.1088898,-3.162559,0.7224454,-0.1971547,0.6627236,0.0,0.0,0.0,0.0,0.0,0.0,0.0,-2.572307,0.4301846,1.89451,0.6662225,0.1127458,-3.151892,0.1605121,0.3418463,-0.0957154,0.9209862,21.16769,39.96209,355.9067,0.2552466,0.03625223,-0.9661958,-0.4177043,-0.03524747,0.08177949,1.434174,-0.01407083,-2.578884,0.142171,0.1520016,0.8486063,0.7479594,-0.06656418,-0.6603984,0.2860461,0.9301488,0.2302189,0.5989444,-0.3610988,0.7147539,moving,6.7567781548745005,10.19695217243071,9.51070572874599,10.155078554459308,0.7679515,-0.12681662999999999,0.5730080000000002,0.11582164289169072,0.17584095425822954,0.9775813048302607,2.9317901337087227,9.292027779495246,2.7136699734774554,2.754245900788766,6.635283494078503
05/17/2023 13:13:43.413858,1069,True,True,True,True,Eyes,0.6980602,0.1089748,-3.161746,0.7231924,-0.1974134,0.6618313,0.0,0.0,0.0,0.0,0.0,0.0,0.0,-2.576493,0.4162583,1.882691,0.6595675,0.1147565,-3.147684,0.1609292,0.3444671,-0.09926718,0.9195599,21.36799,40.23848,355.5846,0.2513244,0.03598957,-0.9672332,-0.3926421,-0.03313262,0.07687272,1.431729,-0.01629116,-2.578895,0.1411081,0.1513024,0.8515759,0.7429768,-0.07169455,-0.6654662,0.2934339,0.9284956,0.2275796,0.6015663,-0.3643567,0.7108883,moving,6.481154915326232,10.40750843472823,9.408553996000148,10.074801641874108,0.7721615000000001,-0.13104766,0.5687889999999998,0.11104243419544269,0.17953084693521348,0.977465201622894,2.845750530850685,9.391241189807332,2.90932848939895,2.9462449299984823,6.598306162478938
05/17/2023 13:13:43.433921,1070,True,True,True,True,Eyes,0.6964322,0.1091562,-3.160833,0.7238719,-0.1979711,0.6609212,0.0,0.0,0.0,0.0,0.0,0.0,0.0,-2.572217,0.435179,1.875317,0.6519688,0.1143456,-3.14394,0.1643843,0.3451225,-0.09932451,0.9186963,21.75242,40.35958,355.7375,0.2477536,0.03575649,-0.9681626,-0.3690836,-0.03114466,0.07226036,1.429126,-0.01865438,-2.578906,0.1397652,0.1508607,0.8543785,0.7420502,-0.06903271,-0.6667803,0.2959635,0.9262249,0.2334802,0.6014707,-0.3705967,0.7077366,moving,6.434359039560169,10.738058863026717,9.29055298433581,10.013704399768756,0.7771571999999999,-0.13299998000000002,0.5650340000000003,0.11012651749011881,0.18518599690913837,0.9765132939947758,2.888546120467095,9.521698502703268,2.9184460255142604,2.9466138597744296,6.420884805676656
05/17/2023 13:13:43.453717,1071,True,True,True,True,Eyes,0.6946163,0.1093644,-3.159809,0.7246719,-0.1986803,0.6598309,0.0,0.0,0.0,0.0,0.0,0.0,0.0,-2.566715,0.4537222,1.870987,0.6461803,0.1168957,-3.140584,0.168518,0.3450543,-0.0998352,0.9179173,22.22646,40.38802,355.8503,0.2444951,0.03555322,-0.9689981,-0.3469386,-0.02927598,0.06792474,1.426567,-0.02097814,-2.578918,0.138379,0.1508966,0.85703,0.7419409,-0.0669852,-0.6671107,0.2995766,0.9232692,0.240474,0.5998146,-0.3782683,0.7050784,moving,6.482514650629934,11.15845187224007,9.17201340592324,9.985675861474286,0.7803866999999999,-0.13787384,0.5616660000000002,0.11079215294705114,0.1923315579839369,0.9750557478941083,2.992600375958891,9.680555621906453,2.9159655992232936,2.9340768780234687,6.186941389368991
05/17/2023 13:13:43.463606,1072,True,True,True,True,Eyes,0.6926542,0.1096177,-3.158695,0.7255272,-0.1994526,0.658657,0.0,0.0,0.0,0.0,0.0,0.0,0.0,-2.565542,0.4622397,1.863004,0.6403166,0.1177212,-3.13729,0.1708807,0.346127,-0.1006396,0.9169883,22.52331,40.53945,355.8855,0.2415138,0.03537787,-0.9697519,-0.3261222,-0.02751943,0.06384926,1.424001,-0.02330845,-2.578929,0.1377659,0.1509596,0.8595597,0.7401356,-0.06627781,-0.6691836,0.3028634,0.921343,0.243723,0.6003941,-0.3830593,0.7019918,moving,6.408798178115537,11.401845598012988,9.10563729752746,9.960950581039118,0.7836844000000001,-0.14102965,0.5583610000000001,0.10944531317458467,0.19650137342255766,0.9743762286215556,3.006016766614686,9.779188623377147,3.0431420221851972,3.0576330201531063,6.102328082820994
05/17/2023 13:13:43.483725,1073,True,True,True,True,Eyes,0.690557,0.109873,-3.1575,0.7265842,-0.200249,0.6572486,0.0,0.0,0.0,0.0,0.0,0.0,0.0,-2.566869,0.459498,1.854455,0.6348425,0.1190838,-3.133968,0.1715557,0.3478583,-0.1017463,0.9160846,22.65029,40.75089,355.8328,0.2387781,0.0352292,-0.9704345,-0.3065549,-0.02586826,0.0600183,1.421437,-0.02563632,-2.57894,0.1373056,0.1508775,0.8619539,0.7372846,-0.06706225,-0.6722456,0.3057705,0.9204327,0.2435324,0.6024249,-0.3851055,0.6991265,moving,6.2842607779617135,11.482164291237465,9.05092969733966,9.928539479205284,0.7865945000000001,-0.14472012,0.5550280000000001,0.10729605927040908,0.1979137134029745,0.9743293599213183,2.964255173101175,9.818306134084755,3.158934068648341,3.1730438014647646,6.087672638569706
05/17/2023 13:13:43.495611,1074,True,True,True,True,Eyes,0.6883054,0.1101192,-3.156227,0.7277331,-0.2010885,0.6557195,0.0,0.0,0.0,0.0,0.0,0.0,0.0,-2.572932,0.451092,1.840256,0.6292236,0.1194271,-3.130466,0.1717156,0.3507788,-0.1035794,0.9147346,22.75648,41.09697,355.7072,0.2362604,0.03510477,-0.971055,-0.2881616,-0.02431616,0.0564172,1.418765,-0.02806254,-2.578952,0.1359298,0.151462,0.8641974,0.7324511,-0.06902684,-0.6773113,0.3099636,0.9195701,0.2414816,0.6061665,-0.3868153,0.694936,moving,6.020301567767441,11.540438519150191,8.938829765119984,9.940876879385401,0.7895414000000001,-0.14748964,0.5515140000000001,0.1027831814288056,0.19899995409725127,0.9745946584261456,2.853939459905951,9.858067474890039,3.3118607516395824,3.3281232366228424,6.08545375662001
05/17/2023 13:13:43.513722,1075,True,True,True,True,Eyes,0.6859508,0.1103761,-3.154904,0.7290126,-0.2019491,0.6540315,0.0,0.0,0.0,0.0,0.0,0.0,0.0,-2.576938,0.4536341,1.826465,0.6232564,0.1194631,-3.127243,0.1726854,0.3533033,-0.1037034,0.9135656,22.87963,41.43591,355.8011,0.2339353,0.03500206,-0.9716215,-0.2708719,-0.02285719,0.05303217,1.4162,-0.03039178,-2.578964,0.1341789,0.152879,0.8667219,0.7288448,-0.06745914,-0.6813476,0.3115004,0.9188507,0.2422413,0.6097153,-0.3887964,0.6907131,moving,5.818934431210289,11.592756188285227,8.80021051806596,10.003368732680503,0.7929435999999999,-0.14985488,0.548279,0.09933749971897954,0.19996011533286112,0.9747553674473768,2.771313531531006,9.891430159738851,3.3603302312337164,3.378484806846276,6.0299360791274115
05/17/2023 13:13:43.533894,1076,True,True,True,True,Eyes,0.6834592,0.1106334,-3.153514,0.7303957,-0.2028088,0.6522199,0.0,0.0,0.0,0.0,0.0,0.0,0.0,-2.582694,0.456933,1.81,0.6177776,0.1200438,-3.123962,0.1740257,0.3561788,-0.1038379,0.9121786,23.04504,41.8263,355.9202,0.2317804,0.03491932,-0.9721408,-0.2546196,-0.02148576,0.04985024,1.413741,-0.03262407,-2.578974,0.1325423,0.1546992,0.8690143,0.7247087,-0.06546897,-0.6859381,0.313406,0.9178655,0.2435152,0.6136563,-0.3914547,0.6857036,moving,5.578828927068007,11.683462546295512,8.671936719009354,10.093876362037092,0.7959633999999999,-0.15266787,0.544988,0.09521943766025237,0.20158454060481432,0.9748317893733004,2.678307514401733,9.942126735895155,3.4567160918993536,3.477657264560946,5.9955499323547965
05/17/2023 13:13:43.553990,1077,True,True,True,True,Eyes,0.6808611,0.1108884,-3.152079,0.7319279,-0.203616,0.6502477,0.0,0.0,0.0,0.0,0.0,0.0,0.0,-2.58771,0.4592458,1.794942,0.6119915,0.120301,-3.12089,0.1747147,0.3590031,-0.1034186,0.9109865,23.11516,42.21371,356.0735,0.2297758,0.0348547,-0.9726189,-0.2393424,-0.02019662,0.04685923,1.4112,-0.03493136,-2.578985,0.1314244,0.1555703,0.8713248,0.7208428,-0.06297974,-0.6902314,0.3138721,0.9175587,0.2440701,0.6179563,-0.3925805,0.6811832,moving,5.36659188011698,11.680818466856673,8.57742845779461,10.123179572229516,0.7992085,-0.15523236,0.5419050000000003,0.091607327489518,0.20160815886950356,0.9751729310420676,2.5799693695969577,9.95502044895877,3.5447997356782492,3.5687127167380552,5.9998160809598
05/17/2023 13:13:43.563795,1078,True,True,True,True,Eyes,0.6781441,0.1111348,-3.150589,0.7335449,-0.2043851,0.648181,0.0,0.0,0.0,0.0,0.0,0.0,0.0,-2.592724,0.4606166,1.780171,0.6064378,0.1205059,-3.117869,0.1751167,0.3618301,-0.1028366,0.9098559,23.14632,42.60165,356.2332,0.2279028,0.03480642,-0.9730612,-0.2249818,-0.01898482,0.04404767,1.408624,-0.03727058,-2.578997,0.1317122,0.1550655,0.8736194,0.7170072,-0.06040793,-0.6944433,0.3138579,0.9175175,0.2442432,0.6224097,-0.3930807,0.6768263,moving,5.16452362997028,11.642346267401765,8.573689838071012,10.065045782713298,0.8021862000000001,-0.15777648,0.5388719999999996,0.08817852688015909,0.20101577082222116,0.9756111958444377,2.4793417546441914,9.953439891497304,3.7295870307868544,3.756366735750703,6.095369917972351
05/17/2023 13:13:43.583642,1079,True,True,True,True,Eyes,0.6753339,0.1113835,-3.149063,0.7352691,-0.205208,0.6459637,0.0,0.0,0.0,0.0,0.0,0.0,0.0,-2.596775,0.4648614,1.766157,0.6008235,0.1204251,-3.114989,0.1756214,0.3644533,-0.1017341,0.9088351,23.16475,42.97517,356.4513,0.2261456,0.03477268,-0.9734723,-0.2114829,-0.01784573,0.04140481,1.405993,-0.03965976,-2.579009,0.1327682,0.1544341,0.8755908,0.713648,-0.05690742,-0.6981892,0.3129306,0.9176146,0.245067,0.6267225,-0.3933763,0.6726619,moving,5.000180720811651,11.585170278452043,8.622232141888254,10.002780815672528,0.8051695000000001,-0.16008486,0.5359799999999999,0.08539630563855083,0.2000907822495486,0.9760487816900093,2.3924603373421034,9.942178146513642,3.922743548014842,3.9526210176082768,6.230066566275788
05/17/2023 13:13:43.603815,1080,True,True,True,True,Eyes,0.6724278,0.1116305,-3.147499,0.7370702,-0.2061294,0.6436135,0.0,0.0,0.0,0.0,0.0,0.0,0.0,-2.601319,0.4720447,1.750885,0.5955181,0.1207227,-3.112245,0.1769663,0.367057,-0.1009135,0.907617,23.28576,43.35342,356.6754,0.2244904,0.03475221,-0.9738561,-0.1987939,-0.01677499,0.03892053,1.403368,-0.0420436,-2.57902,0.1346858,0.1542694,0.8773547,0.7101713,-0.05326827,-0.7020108,0.313095,0.9169988,0.2471531,0.6305776,-0.3953171,0.6679043,moving,4.836943869189069,11.62541363530619,8.727542947614337,9.972642565530736,0.8078498999999999,-0.1627663,0.5332250000000003,0.08260253709408633,0.20082375406596398,0.9761387131566515,2.3250581381078215,9.96838801061404,4.193969816069458,4.227104611685195,6.402486223116706
05/17/2023 13:13:43.613723,1081,True,True,True,True,Eyes,0.6694401,0.1118863,-3.145916,0.7389127,-0.2072509,0.6411358,0.0,0.0,0.0,0.0,0.0,0.0,0.0,-2.607652,0.4795117,1.733047,0.5903501,0.1210304,-3.109674,0.1789443,0.3699661,-0.1008294,0.9060561,23.50781,43.76842,356.8551,0.222924,0.03474368,-0.9742161,-0.1868663,-0.01576849,0.03658529,1.400896,-0.04428773,-2.579031,0.1366414,0.1550381,0.8788292,0.705917,-0.0503075,-0.7065058,0.3151208,0.9156247,0.2496602,0.6343344,-0.398874,0.662208,moving,4.6319786920436075,11.7584902047846,8.837653721214778,10.004856006116334,0.8105458999999999,-0.16531813,0.530643,0.07907133085575169,0.20314876411212812,0.9759499639275342,2.2564991282459266,10.033109957701335,4.519190434882417,4.556636407892649,6.581215242060936
05/17/2023 13:13:43.633851,1082,True,True,True,True,Eyes,0.6663597,0.1121414,-3.144298,0.7408401,-0.2085432,0.638487,0.0,0.0,0.0,0.0,0.0,0.0,0.0,-2.615704,0.4841184,1.713173,0.5850369,0.1215552,-3.107121,0.1812933,0.3732191,-0.1019389,0.9041287,23.82322,44.21317,356.9291,0.2214351,0.03474624,-0.9745556,-0.1756543,-0.01482238,0.03439018,1.398283,-0.04666084,-2.579043,0.1387214,0.1557555,0.8802551,0.700632,-0.04900756,-0.7118377,0.319656,0.9134824,0.2517339,0.6379144,-0.4039161,0.6556806,moving,4.38358323622019,11.983121989750805,8.955717335174382,10.03426034746447,0.8132461,-0.16821604,0.5280779999999998,0.07477718418937407,0.20704224849628844,0.9754700657967728,2.1857500009823,10.135963032336608,4.92847847137106,4.970158138288425,6.770731211777504
05/17/2023 13:13:43.653588,1083,True,True,True,True,Eyes,0.6631738,0.1124195,-3.142643,0.7428566,-0.2099466,0.6356781,0.0,0.0,0.0,0.0,0.0,0.0,0.0,-2.62427,0.4868699,1.692683,0.5797535,0.1218365,-3.104521,0.1835361,0.3765983,-0.1034147,0.9021052,24.14387,44.66814,356.9632,0.2200136,0.03475884,-0.974877,-0.1651151,-0.01393304,0.03232677,1.395697,-0.049009,-2.579054,0.1414305,0.1560289,0.8816726,0.6949583,-0.04834311,-0.7174233,0.3248206,0.9112398,0.2532461,0.6415019,-0.4090292,0.6489765,moving,4.127349149321057,12.209710623555056,9.113268943943625,10.035683317490768,0.8159434999999999,-0.17084549999999998,0.5254669999999999,0.07035366651104791,0.21096641415964118,0.9749582983593738,2.111768965195436,10.240084093593257,5.392984039438395,5.4392822068653786,7.00448296662089
05/17/2023 13:13:43.663587,1084,True,True,True,True,Eyes,0.659904,0.1126992,-3.140957,0.74494,-0.2113961,0.6327527,0.0,0.0,0.0,0.0,0.0,0.0,0.0,-2.63096,0.4872505,1.675806,0.5742316,0.1226668,-3.10208,0.1851557,0.3795942,-0.104674,0.9003716,24.38621,45.06843,356.9839,0.2186494,0.03478125,-0.9751831,-0.1552082,-0.01309705,0.03038716,1.393172,-0.0513013,-2.579065,0.1437978,0.1564562,0.8829815,0.6899032,-0.04792299,-0.7223136,0.3290591,0.9095215,0.2539505,0.6447896,-0.4128852,0.6432513,moving,3.933800759357977,12.358573282188464,9.249692225954973,10.047993798681508,0.8189404000000001,-0.17396810000000001,0.523015,0.06702133135893845,0.21354785853120412,0.9746308774670095,2.05154598166854,10.310141387572083,5.745555034755028,5.796333292197925,7.202918208094274
05/17/2023 13:13:43.683722,1085,True,True,True,True,Eyes,0.6565402,0.1129868,-3.139235,0.7470674,-0.2128381,0.6297541,0.0,0.0,0.0,0.0,0.0,0.0,0.0,-2.637645,0.4837888,1.65982,0.5689623,0.1230064,-3.099577,0.185919,0.3826341,-0.1058698,0.8987863,24.53328,45.46297,356.9735,0.2173346,0.03481264,-0.9754758,-0.1458957,-0.01231123,0.02856393,1.390593,-0.05364303,-2.579077,0.1456184,0.1572619,0.8842341,0.6847654,-0.04803083,-0.727179,0.3325865,0.9084515,0.253184,0.6484461,-0.4152216,0.6380506,moving,3.7479269828131567,12.415167492507083,9.351707586560135,10.084663541445762,0.8216306999999999,-0.17664943,0.5205000000000002,0.06384474833838472,0.21455524390383035,0.9746229418827345,1.9768939039831874,10.344136563070101,6.012672115666925,6.069069592684143,7.379376877601185
05/17/2023 13:13:43.703904,1086,True,True,True,True,Eyes,0.6530834,0.1132565,-3.13748,0.7492712,-0.2143113,0.6266286,0.0,0.0,0.0,0.0,0.0,0.0,0.0,-2.644191,0.4782192,1.644509,0.5635489,0.1234739,-3.097099,0.1863108,0.3857037,-0.1070991,0.8972461,24.64221,45.85554,356.9434,0.2160616,0.0348524,-0.9757572,-0.1371419,-0.01157256,0.02685009,1.387954,-0.05603953,-2.579088,0.1472147,0.1580275,0.8855186,0.6795248,-0.04846697,-0.7320498,0.3359101,0.9076361,0.2517163,0.6522349,-0.4169504,0.6330418,moving,3.5699392276102113,12.43325497310971,9.4389183869905,10.118349664186816,0.8244050999999999,-0.17951343,0.518011,0.06081203834965193,0.2149036936977002,0.9747401526673329,1.898378613326762,10.362774809693125,6.246896005740979,6.309017590918538,7.544500230628968
05/17/2023 13:13:43.718261,1087,True,True,True,True,Eyes,0.6495342,0.1135046,-3.135709,0.7512741,-0.2159305,0.6236676,0.0,0.0,0.0,0.0,0.0,0.0,0.0,-2.651358,0.4733557,1.627406,0.5578746,0.123335,-3.094476,0.1868212,0.3890183,-0.108368,0.8955551,24.76716,46.28327,356.9227,0.2148229,0.03489926,-0.976029,-0.1289134,-0.0108782,0.02523909,1.385453,-0.05831086,-2.579099,0.1484093,0.1593374,0.8866793,0.6738422,-0.04874537,-0.7372656,0.3394528,0.9067084,0.2503031,0.6562838,-0.4189317,0.6275252,moving,3.3437079243702956,12.456137540233746,9.501890291868976,10.187394276105236,0.8275784,-0.18164586,0.515377,0.05695719868418897,0.21534200579196722,0.9748762626663765,1.7985608311499988,10.386423512164198,6.493309807301906,6.562804741107276,7.705900169168243
05/17/2023 13:13:43.734021,1088,True,True,True,True,Eyes,0.6458893,0.1137468,-3.133913,0.7533129,-0.217593,0.6206231,0.0,0.0,0.0,0.0,0.0,0.0,0.0,-2.656504,0.4737886,1.61175,0.551815,0.1231147,-3.091855,0.1878468,0.3918994,-0.1090686,0.893998,24.9203,46.67467,356.9799,0.2136128,0.03495185,-0.9762927,-0.1211786,-0.01022551,0.02372474,1.382791,-0.06072746,-2.579111,0.1494157,0.1601353,0.8879421,0.6690378,-0.04778005,-0.741691,0.3422482,0.9056352,0.2503815,0.6597382,-0.4213571,0.6222569,moving,3.1752560462173935,12.501755474209453,9.551785915782219,10.22308063776089,0.830976,-0.18384215999999998,0.5127439999999996,0.05408086046769972,0.21615274381228317,0.974860668548339,1.7298014801337933,10.415046525403813,6.697025290787303,6.771446831196144,7.824339679074826
05/17/2023 13:13:43.753853,1089,True,True,True,True,Eyes,0.6421409,0.1139828,-3.132076,0.7552167,-0.21945,0.6176484,0.0,0.0,0.0,0.0,0.0,0.0,0.0,-2.660362,0.4776236,1.597429,0.5458885,0.1232219,-3.089377,0.1892482,0.3944116,-0.1093737,0.8925592,25.09415,47.03258,357.0909,0.2124258,0.03500948,-0.9765496,-0.1139079,-0.00961198,0.02230126,1.380282,-0.06300552,-2.579122,0.1507671,0.16159,0.888863,0.6649538,-0.04596163,-0.7454689,0.3445284,0.904445,0.251554,0.6626738,-0.424107,0.6172493,moving,3.04377848253867,12.555031585041954,9.626767722802247,10.303507765497189,0.8343935,-0.18622741999999998,0.5102549999999999,0.051832708132213245,0.21708503884056565,0.9747756504759038,1.679575348788525,10.444197132489311,6.877231791207383,6.957377871540648,7.948437590342301
05/17/2023 13:13:43.763520,1090,True,True,True,True,Eyes,0.6382918,0.1142023,-3.130215,0.7571809,-0.2213357,0.6145629,0.0,0.0,0.0,0.0,0.0,0.0,0.0,-2.665625,0.4812797,1.580619,0.5399772,0.1232948,-3.08687,0.190652,0.3973425,-0.1095672,0.8909354,25.26393,47.45094,357.2286,0.2112566,0.03507152,-0.976801,-0.1070734,-0.009035261,0.02096318,1.377676,-0.06537242,-2.579134,0.1524093,0.1625496,0.8900135,0.660228,-0.04372645,-0.7497913,0.3467429,0.9032937,0.2526457,0.6662346,-0.4267886,0.6115416,moving,2.8658380551392595,12.599957195027518,9.717294235392513,10.350266200935934,0.8376987999999999,-0.18866722,0.507736,0.04879626525924069,0.217882646855081,0.9747543496552782,1.6063077719280487,10.473175333089682,7.1248975387734825,7.211349482505149,8.111917656465119
05/17/2023 13:13:43.784085,1091,True,True,True,True,Eyes,0.6343472,0.1144091,-3.128336,0.7590067,-0.2233208,0.6115853,0.0,0.0,0.0,0.0,0.0,0.0,0.0,-2.67045,0.4856214,1.564001,0.5337222,0.1231176,-3.08435,0.1920833,0.4002391,-0.1097041,0.889313,25.4333,47.86813,357.3748,0.2100995,0.03513714,-0.9770482,-0.100649,-0.008493146,0.01970539,1.375153,-0.06766265,-2.579145,0.1536508,0.1635258,0.8910057,0.6555474,-0.04136414,-0.7540203,0.348881,0.9021381,0.2538285,0.669731,-0.42946,0.6058254,moving,2.6816058018487343,12.638731674515494,9.784225988557385,10.399729565990835,0.8414308,-0.19078024999999998,0.5052050000000001,0.045654493594478485,0.2185747508954391,0.9747515965717872,1.528942453210742,10.500195416201827,7.354393640013422,7.447170198042952,8.255894841628251
05/17/2023 13:13:43.794042,1092,True,True,True,True,Eyes,0.6302991,0.1146008,-3.126435,0.7608448,-0.2253291,0.6085573,0.0,0.0,0.0,0.0,0.0,0.0,0.0,-2.673872,0.4888518,1.549895,0.5273882,0.1230552,-3.081795,0.1934621,0.4027429,-0.1102044,0.8878207,25.61282,48.22515,357.467,0.2089516,0.03520555,-0.9772918,0.0,0.0,0.0,1.37247,-0.07009888,-2.579157,0.1544889,0.16439,0.8920191,0.6513063,-0.03985244,-0.7577677,0.3515144,0.9008548,0.2547513,0.6724861,-0.4322874,0.6007411,moving,2.548331090093215,12.691216633822709,9.825597905753582,10.4418669295849,0.8450818000000001,-0.19315408,0.5026380000000001,0.04337788736569903,0.21948986122309894,0.9746499679808611,1.4777339364990754,10.529158931923183,7.519706270572646,7.616967007823146,8.34832035458929
05/17/2023 13:13:43.813495,1093,True,True,True,True,Eyes,0.626142,0.114776,-3.124509,0.7625505,-0.2273666,0.6056576,0.0,0.0,0.0,0.0,0.0,0.0,0.0,-2.675333,0.4923446,1.539052,0.5208681,0.1228943,-3.079299,0.1946996,0.4047386,-0.1106722,0.8865836,25.77394,48.51214,357.541,0.2078076,0.03527615,-0.9775331,0.0,0.0,0.0,1.369997,-0.07234474,-2.579168,0.1554267,0.1632382,0.8934838,0.6478766,-0.03863547,-0.760765,0.3538453,0.8996875,0.2556483,0.6745735,-0.4348217,0.5965574,moving,2.471215612339589,12.726431798485237,9.86818544558488,10.353666477994553,0.8491289,-0.19523904,0.5001309999999997,0.04206010820181222,0.220101268402372,0.9745698247069261,1.4490473062211153,10.547785511596766,7.671348807690985,7.768215881401862,8.421375731369322
05/17/2023 13:13:43.833742,1094,True,True,True,True,Eyes,0.6218832,0.1149467,-3.122566,0.7642746,-0.2293752,0.60272,0.0,0.0,0.0,0.0,0.0,0.0,0.0,-2.676153,0.4945963,1.529746,0.5142086,0.1226823,-3.076863,0.1955356,0.4066144,-0.1110083,0.8854985,25.88512,48.77822,357.606,0.2066648,0.03534819,-0.9777728,0.0,0.0,0.0,1.367387,-0.07471434,-2.579179,0.1561496,0.1601251,0.894958,0.6446838,-0.03758021,-0.763525,0.3556105,0.898886,0.2560178,0.6767007,-0.436568,0.5928612,moving,2.417220965702017,12.71463828093366,9.89716847391016,10.143976267773706,0.8531783999999999,-0.19739664,0.497684,0.04114350021730517,0.2199090714281168,0.9746523778628422,1.4218639255581138,10.546779940990897,7.816627095365864,7.909356352539238,8.484871123739838
05/17/2023 13:13:43.843731,1095,True,True,True,True,Eyes,0.6175047,0.1151084,-3.120591,0.7659196,-0.2313704,0.5998624,0.0,0.0,0.0,0.0,0.0,0.0,0.0,-2.677368,0.4915764,1.521576,0.5075307,0.1227217,-3.074491,0.1957629,0.4085669,-0.1119132,0.8844351,25.95896,49.03105,357.578,0.2055193,0.03542148,-0.9780115,0.0,0.0,0.0,1.364862,-0.07700766,-2.57919,0.1569735,0.1551908,0.8963065,0.641097,-0.03799559,-0.7665187,0.3579244,0.8983046,0.254831,0.6788848,-0.4377272,0.5895001,moving,2.350424514514412,12.670239267835777,9.933679786088797,9.823075945114343,0.8573313,-0.19972936000000002,0.495301,0.04001408202101492,0.21916379379256307,0.974867221381736,1.3824310811956955,10.534047840610485,8.013687417964878,8.100129597735512,8.580753780940304
05/17/2023 13:13:43.863770,1096,True,True,True,True,Eyes,0.613016,0.1152547,-3.1186,0.7676131,-0.2333124,0.5969385,0.0,0.0,0.0,0.0,0.0,0.0,0.0,-2.679587,0.4838066,1.51282,0.5005375,0.1226754,-3.072017,0.1954571,0.4108602,-0.1133476,0.883257,26.00296,49.30895,357.4735,0.2043676,0.0354957,-0.9782501,0.0,0.0,0.0,1.362256,-0.07937381,-2.579202,0.1576938,0.1553184,0.8975736,0.6366923,-0.03961906,-0.7700995,0.3608412,0.8978977,0.2521376,0.6814811,-0.4384177,0.5859808,moving,2.2476298304605176,12.601349185316158,9.964544251871217,9.817386953214626,0.8617184999999999,-0.20204921,0.4928150000000002,0.03827517423123006,0.21800637093868508,0.9751965716384228,1.3216372203070081,10.514236989758665,8.114147649669011,8.203731705580344,8.670953922706168
05/17/2023 13:13:43.883709,1097,True,True,True,True,Eyes,0.6084111,0.1153794,-3.116593,0.7692474,-0.2352072,0.5940841,0.0,0.0,0.0,0.0,0.0,0.0,0.0,-2.6824,0.473151,1.503799,0.4934096,0.1225074,-3.069543,0.1947912,0.4133476,-0.1150777,0.8820189,26.02436,49.60043,357.3231,0.2032073,0.03557029,-0.978489,0.0,0.0,0.0,1.359678,-0.08171462,-2.579213,0.162142,0.1597127,0.8980033,0.6318018,-0.04196843,-0.7739931,0.3640343,0.8976271,0.2484849,0.6843286,-0.4387532,0.5824003,moving,2.117138770820406,12.51328587529733,10.234958180304721,10.084783172853307,0.8662683999999999,-0.20422202,0.4903299999999997,0.03606624482580739,0.21652502118837397,0.9756106028508245,1.2443442815669825,10.488852604709244,8.368580984945261,8.473288460850261,8.999689460305648
05/17/2023 13:13:43.903477,1098,True,True,True,True,Eyes,0.6036905,0.1154865,-3.11457,0.7709514,-0.2370317,0.5911428,0.0,0.0,0.0,0.0,0.0,0.0,0.0,-2.684917,0.4626164,1.495014,0.4859956,0.1221407,-3.067042,0.1939248,0.4158629,-0.1165669,0.8808311,26.01342,49.89716,357.1899,0.2020359,0.03564456,-0.9787289,0.0,0.0,0.0,1.356948,-0.08419394,-2.579225,0.1663288,0.1622616,0.8981965,0.6269404,-0.04405926,-0.7778203,0.3666437,0.8976107,0.2446782,0.6873995,-0.4385816,0.5789024,moving,1.9937954042669284,12.395939744420556,10.491237394288637,10.240191503056726,0.8709524,-0.20633464,0.4878169999999997,0.03398114606527336,0.21454212871206102,0.9761233808686675,1.1646438954651739,10.451714461396254,8.649664785960903,8.766628248872388,9.328991813384809
05/17/2023 13:13:43.913966,1099,True,True,True,True,Eyes,0.5988544,0.1155589,-3.112544,0.7726354,-0.2388017,0.5882247,0.0,0.0,0.0,0.0,0.0,0.0,0.0,-2.688371,0.4520544,1.484444,0.4785102,0.1218392,-3.064547,0.1931029,0.4186804,-0.1180003,0.8794851,26.00637,50.23812,357.075,0.20085,0.0357181,-0.9789703,0.0,0.0,0.0,1.354516,-0.08640154,-2.579236,0.1686928,0.1642487,0.8987423,0.6215652,-0.04586219,-0.7820188,0.3692558,0.8975744,0.2408535,0.690874,-0.4384711,0.5748359,moving,1.8293459220224726,12.282808432795083,10.630655282809638,10.356737447107573,0.8760058000000001,-0.20824073999999998,0.48531100000000027,0.031192676824349785,0.21263369582330136,0.9766339842843864,1.0668177800706897,10.41889526890347,8.882300710537843,9.009594658262214,9.564039490383045
05/17/2023 13:13:43.933605,1100,True,True,True,True,Eyes,0.5938956,0.1155965,-3.110502,0.7744029,-0.240516,0.5851941,0.0,0.0,0.0,0.0,0.0,0.0,0.0,-2.692434,0.442793,1.472178,0.4707155,0.1211118,-3.06208,0.1922822,0.4217755,-0.1190989,0.8780366,25.98448,50.62486,357.0063,0.1996475,0.03578992,-0.9792136,0.0,0.0,0.0,1.351946,-0.08873551,-2.579247,0.1697378,0.1630778,0.8998535,0.6158417,-0.04694665,-0.7864699,0.3713463,0.897686,0.2371956,0.6948674,-0.4381276,0.5702659,moving,1.6391189953045349,12.154681891686009,10.682091555548215,10.272057815774676,0.8812305,-0.20984731,0.48283299999999985,0.0279634013033484,0.21046929930380515,0.9772004168528239,0.9541905879654768,10.38198689575443,9.106436655585373,9.236862353446712,9.728522068522143
05/17/2023 13:13:43.953897,1101,True,True,True,True,Eyes,0.5888056,0.1155926,-3.108438,0.7761469,-0.2422665,0.5821536,0.0,0.0,0.0,0.0,0.0,0.0,0.0,-2.696527,0.4364293,1.458788,0.4628301,0.1203212,-3.059591,0.191909,0.4249024,-0.1200034,0.8764862,26.00125,51.02999,356.9848,0.1984261,0.03585914,-0.9794593,0.0,0.0,0.0,1.349347,-0.09109523,-2.579259,0.1686482,0.1627285,0.9010019,0.6101142,-0.04727749,-0.7909018,0.373448,0.8975402,0.2344317,0.6987828,-0.4383908,0.5652577,moving,1.4394167249126364,12.060521397187395,10.601860226799044,10.237734198547837,0.8865169,-0.21141643,0.4803320000000002,0.024565794559415433,0.20888172091751336,0.9776322569345912,0.8438099076457481,10.358789717214801,9.208996887938934,9.341997864310647,9.758801179946616
05/17/2023 13:13:43.963644,1102,True,True,True,True,Eyes,0.5835862,0.1155521,-3.106365,0.7779396,-0.2440469,0.5790087,0.0,0.0,0.0,0.0,0.0,0.0,0.0,-2.700153,0.4317044,1.44554,0.4547229,0.1193288,-3.057085,0.1919651,0.4278822,-0.1211674,0.8748625,26.07689,51.41954,356.9537,0.1971843,0.03592472,-0.9797077,0.0,0.0,0.0,1.346746,-0.09345751,-2.57927,0.1683152,0.1624665,0.9023969,0.6044706,-0.04773286,-0.7951961,0.3762866,0.8969358,0.2321953,0.7021564,-0.4395769,0.5601324,moving,1.2575299594080993,12.024216176841076,10.565410764203005,10.206129783688501,0.8920231000000001,-0.21278630999999998,0.47781499999999966,0.021464991118244348,0.2082770887750595,0.9778342874798058,0.7529061992345665,10.356721334262225,9.348216087642149,9.483780006370667,9.813660053855068
05/17/2023 13:13:43.983964,1103,True,True,True,True,Eyes,0.578249,0.1154585,-3.104306,0.7796981,-0.2459288,0.5758384,0.0,0.0,0.0,0.0,0.0,0.0,0.0,-2.703339,0.4281984,1.432877,0.4464217,0.1184382,-3.054703,0.1924662,0.4306722,-0.1226759,0.8731717,26.2174,51.78641,356.9039,0.1959191,0.03598596,-0.9799592,0.0,0.0,0.0,1.344182,-0.09578528,-2.579282,0.1669452,0.1621954,0.903739,0.5989442,-0.04845459,-0.7993236,0.3800139,0.8958147,0.2304458,0.7048797,-0.4417783,0.5549564,moving,1.0915661609003044,12.047663072534606,10.466105894879217,10.17464088277955,0.8977603000000001,-0.21422348,0.47542099999999987,0.018630822558434734,0.20868908591883933,0.9778045421232024,0.6809765147332829,10.376636825333104,9.423276946692337,9.559822558356627,9.787214074853132
05/17/2023 13:13:44.003596,1104,True,True,True,True,Eyes,0.5727771,0.1153188,-3.102251,0.7815078,-0.2478893,0.572535,0.0,0.0,0.0,0.0,0.0,0.0,0.0,-2.707611,0.42594,1.417672,0.4379336,0.1171548,-3.052354,0.1934136,0.4337527,-0.1244386,0.8711858,26.42011,52.19943,356.8615,0.1946291,0.0360416,-0.9802141,0.0,0.0,0.0,1.341516,-0.09820614,-2.579293,0.165807,0.1606718,0.9055226,0.5927472,-0.04903094,-0.8038948,0.3846056,0.8942125,0.2290471,0.7076223,-0.4449495,0.5488995,moving,0.8868739287648717,12.12635274086328,10.376278814400276,10.06158322090788,0.9035823999999999,-0.21536094,0.47306099999999995,0.015132960478567825,0.21004419614262265,0.9775747040069538,0.6019531342775606,10.42038089518346,9.575615407183786,9.711440585930491,9.780908867389162
05/17/2023 13:13:44.013580,1105,True,True,True,True,Eyes,0.5671851,0.1151618,-3.1002,0.7833374,-0.2499898,0.5691112,0.0,0.0,0.0,0.0,0.0,0.0,0.0,-2.711834,0.4263593,1.402226,0.4292611,0.1159397,-3.050304,0.1947044,0.4367924,-0.1259375,0.8691618,26.64597,52.62131,356.8683,0.1933122,0.03609077,-0.9804729,0.0,0.0,0.0,1.339033,-0.1004607,-2.579304,0.1646219,0.1587307,0.9073466,0.5867044,-0.04882935,-0.8083277,0.389011,0.8924599,0.2284422,0.7102454,-0.4484764,0.5426052,moving,0.6897710815980471,12.21875015833222,10.28343819391444,9.922878372487096,0.9097719,-0.2164004,0.4710000000000001,0.011765811897140155,0.21162999017176906,0.9772790048080117,0.5290969793538194,10.468910243904912,9.73028732809382,9.864556549535353,9.76961224075347
05/17/2023 13:13:44.033785,1106,True,True,True,True,Eyes,0.5615227,0.1151297,-3.098128,0.7852466,-0.2522337,0.5654786,0.0,0.0,0.0,0.0,0.0,0.0,0.0,-2.716749,0.4307765,1.384106,0.4207972,0.1154017,-3.048222,0.1967063,0.4400332,-0.1269693,0.8669234,26.92347,53.09897,356.9763,0.1919671,0.03613356,-0.9807355,0.0,0.0,0.0,1.336516,-0.1027465,-2.579316,0.1637236,0.156711,0.9091924,0.5804991,-0.04703071,-0.8129016,0.39326,0.8903708,0.2293171,0.7129989,-0.4528,0.5353547,moving,0.4703637901285963,12.351312429966285,10.208183514592587,9.77957285684068,0.9157188,-0.21814820000000001,0.46890600000000004,0.008019308121276714,0.21389844779083048,0.9768230413002856,0.45378123507061785,10.534380706687315,9.93821595305464,10.0716918845912,9.78356268038047
05/17/2023 13:13:44.053465,1107,True,True,True,True,Eyes,0.5557228,0.1152109,-3.096033,0.7872398,-0.2545623,0.5616509,0.0,0.0,0.0,0.0,0.0,0.0,0.0,-2.72464,0.4209542,1.363529,0.4134954,0.1184268,-3.0455,0.1981533,0.4440432,-0.1298788,0.8641136,27.24508,53.63692,356.874,0.1905946,0.0361746,-0.9810017,0.0,0.0,0.0,1.333875,-0.1051439,-2.579327,0.1622775,0.1557688,0.9108186,0.5719143,-0.04848279,-0.8188795,0.4004374,0.8877336,0.2271104,0.7159358,-0.4577975,0.5271217,moving,0.1556024353909741,12.521984934875988,10.102194746834265,9.70487275279483,0.9203796,-0.2235707,0.46617299999999995,0.0026511718413342322,0.21681347184735333,0.9762095525395688,0.3419361438035815,10.620789057951956,10.201183838001237,10.33783437942845,9.8031398376279
05/17/2023 13:13:44.063790,1108,True,True,True,True,Eyes,0.5497642,0.115173,-3.093894,0.7893203,-0.2568965,0.5576537,0.0,0.0,0.0,0.0,0.0,0.0,0.0,-2.736094,0.3983161,1.338921,0.4045946,0.1212986,-3.042888,0.1988931,0.4492764,-0.1351368,0.8604244,27.62564,54.28654,356.5165,0.1891924,0.03621772,-0.9812716,0.0,0.0,0.0,1.331336,-0.1074494,-2.579339,0.1598842,0.1567021,0.91236,0.5597775,-0.053834,-0.8268924,0.4112659,0.8843591,0.2208374,0.7193813,-0.4636925,0.5171844,moving,-0.3199222149747687,12.743449729747995,9.939723429282004,9.745728795716309,0.9267414,-0.228748,0.463549,-0.005446131684301525,0.2205826570538254,0.9753530785745138,0.16588303303776364,10.73731054296774,10.542106432844761,10.688622902135185,9.824010914730193
05/17/2023 13:13:44.083985,1109,True,True,True,True,Eyes,0.5437088,0.1152474,-3.09173,0.7913358,-0.258771,0.5539181,0.0,0.0,0.0,0.0,0.0,0.0,0.0,-2.740735,0.4017119,1.317496,0.3948512,0.118402,-3.039551,0.1999984,0.4531702,-0.1355781,0.8580535,27.78135,54.85655,356.6694,0.1877586,0.03625901,-0.9815454,0.0,0.0,0.0,1.328769,-0.109781,-2.57935,0.1567327,0.1592745,0.9139264,0.5525107,-0.05139988,-0.8319193,0.4139331,0.8832384,0.2203388,0.7234578,-0.4660986,0.5092748,moving,-0.604718220051496,12.77159579928644,9.731208452341185,9.885934033056692,0.9339178000000001,-0.228183,0.4602010000000001,-0.010293037282493256,0.22105333681863268,0.9752074220262574,0.040096791727610714,10.766826801743118,10.576824005565735,10.731189309958081,9.73106455062366
05/17/2023 13:13:44.103926,1110,True,True,True,True,Eyes,0.5376006,0.1152725,-3.089518,0.7934344,-0.2603385,0.5501688,0.0,0.0,0.0,0.0,0.0,0.0,0.0,-2.733425,0.390154,1.328939,0.386777,0.1210725,-3.037376,0.1970363,0.4532325,-0.1350184,0.8587939,27.43982,54.8053,356.557,0.1862934,0.03630226,-0.981823,0.0,0.0,0.0,1.326124,-0.1121827,-2.579362,0.1532476,0.1621834,0.9153348,0.5527006,-0.05329937,-0.8316737,0.4105125,0.8858935,0.2160378,0.7252597,-0.4608167,0.5115139,moving,-0.30226415636387693,12.353499927452422,9.50445019334532,10.047659568355689,0.9393470000000002,-0.2332552,0.4580139999999999,-0.005153336276695897,0.2139397675714449,0.9768332555537539,0.09809117919352506,10.585871566882435,9.925714633960316,10.074152376176947,9.42174410915903
05/17/2023 13:13:44.113564,1111,True,True,True,True,Eyes,0.5314082,0.115252,-3.087272,0.7954742,-0.2615814,0.5466222,0.0,0.0,0.0,0.0,0.0,0.0,0.0,-2.734515,0.3699494,1.322349,0.3794009,0.1198861,-3.033929,0.1932593,0.4561202,-0.135386,0.8580652,27.0754,55.11828,356.3915,0.1847975,0.03634578,-0.9821041,0.0,0.0,0.0,1.323649,-0.1144297,-2.579373,0.1508296,0.1637,0.9173421,0.54725,-0.05604104,-0.8350909,0.408639,0.8886429,0.2081536,0.7304326,-0.4551627,0.5092104,moving,-0.38042450126699523,11.911173648508942,9.337044171850298,10.117947463144162,0.9442481,-0.2343158,0.4545560000000002,-0.006496657856835231,0.20639063733839177,0.9784480361675746,-0.02406354494743823,10.420528549142373,9.731819909253636,9.881541254525727,9.365996636722329
05/17/2023 13:13:44.134239,1112,True,True,True,True,Eyes,0.5251754,0.1152208,-3.085016,0.7974721,-0.2628079,0.5431115,0.0,0.0,0.0,0.0,0.0,0.0,0.0,-2.730387,0.3727986,1.321446,0.3713613,0.1186595,-3.031209,0.1916574,0.4573334,-0.1329802,0.8581548,26.78065,55.29925,356.6008,0.1832717,0.03638814,-0.9823884,0.0,0.0,0.0,1.321052,-0.1167882,-2.579384,0.1482493,0.1639976,0.9191667,0.5463247,-0.05293257,-0.8358991,0.4035379,0.8911674,0.2073109,0.7339526,-0.4505761,0.5082271,moving,-0.2571125840909341,11.548613986118411,9.162140873988909,10.11625592531095,0.9496906999999999,-0.23544769999999998,0.4518249999999999,-0.0043966000330405985,0.2001973527466212,0.9797456475404543,-0.03782453733011648,10.272719474030893,9.383049694203804,9.527538261372095,9.201295800676364
05/17/2023 13:13:44.153822,1113,True,True,True,True,Eyes,0.5188812,0.1151807,-3.082725,0.7994037,-0.2641531,0.5396081,0.0,0.0,0.0,0.0,0.0,0.0,0.0,-2.727444,0.3893534,1.314904,0.3641536,0.1183378,-3.028681,0.1934749,0.4583769,-0.1310109,0.857493,26.86639,55.52756,356.9597,0.1817175,0.03642912,-0.9826756,0.0,0.0,0.0,1.318499,-0.1191058,-2.579395,0.1457801,0.1637358,0.9212765,0.5454537,-0.0473131,-0.8368045,0.4020508,0.8908072,0.211702,0.7354152,-0.4519116,0.5049164,moving,-0.17609231644110884,11.55616061865091,8.991763109692492,10.07778325873516,0.9543454,-0.2374436,0.4492860000000003,-0.003011085327213281,0.20032744422993876,0.9797243928025692,0.0009884140687854703,10.27031675017546,9.14708156930422,9.286289502960736,8.992835969414417
05/17/2023 13:13:44.164045,1114,True,True,True,True,Eyes,0.361165,0.1146674,-3.025412,0.8421147,-0.3008932,0.4475556,0.0,0.0,0.0,0.0,0.0,0.0,0.0,-2.725848,0.4103762,1.30439,0.356897,0.1180201,-3.026348,0.1969275,0.4595941,-0.1298891,0.8562251,27.16929,55.80609,357.3318,0.1801352,0.03646863,-0.9829654,0.0,0.0,0.0,1.315843,-0.121518,-2.579407,0.1429439,0.1642076,0.9232377,0.5438042,-0.04141525,-0.8381895,0.4034421,0.8886967,0.217836,0.7358747,-0.4566211,0.4999856,moving,5.547729828787763,9.823377540569235,8.801160790874453,10.085197225884457,0.9589460000000001,-0.2395381,0.44694100000000025,0.09527046971078207,0.16983549816777588,0.9808564329283261,2.3017791594329555,9.22731345900424,3.2108900990683793,3.2639489231118324,6.55575519285122
05/17/2023 13:13:44.184054,1115,True,True,True,True,Eyes,0.3608778,0.114689,-3.025277,0.8421921,-0.301008,0.4473329,0.0,0.0,0.0,0.0,0.0,0.0,0.0,-2.726368,0.4243659,1.291481,0.35026,0.1184964,-3.023966,0.2003132,0.4612613,-0.1301971,0.8544948,27.54486,56.12327,357.5623,0.1739612,0.03658958,-0.9840723,-0.4731485,-0.001540057,0.1719368,1.313283,-0.1238423,-2.579418,0.1411809,0.1652628,0.9252938,0.5405734,-0.03771199,-0.8404512,0.4072989,0.8858467,0.2222234,0.7361304,-0.462443,0.4942252,moving,5.283903813713975,10.16664103849092,8.675254986702498,10.126577761338583,0.963023,-0.24233870000000002,0.44454800000000017,0.09065687411172063,0.17578485271193173,0.9802454231069664,2.2470177270059084,9.376897125024072,3.340957825801065,3.391587805837675,6.471804641938479
05/17/2023 13:13:44.203651,1116,True,True,True,True,Eyes,0.3603461,0.1147259,-3.025035,0.8423499,-0.3011686,0.4469275,0.0,0.0,0.0,0.0,0.0,0.0,0.0,-2.728287,0.4270184,1.278796,0.343613,0.1190045,-3.02142,0.2018689,0.4635228,-0.1310078,0.8527793,27.75873,56.47104,357.649,0.1684233,0.03669755,-0.9850311,-0.4447595,-0.001447654,0.1616205,1.310628,-0.1262531,-2.57943,0.1398332,0.1661172,0.9273412,0.5359672,-0.03629983,-0.8434581,0.4105831,0.8841718,0.222849,0.7376724,-0.4657494,0.4887912,moving,4.982121548898374,10.359554959964518,8.5749931039774,10.155837349187049,0.967015,-0.24525760000000002,0.4419900000000001,0.085439621911718,0.17916724805564643,0.9801016468428003,2.1454857275675403,9.471026206982572,3.5470585829917263,3.5986423657036077,6.465874372719918
05/17/2023 13:13:44.213705,1117,True,True,True,True,Eyes,0.3595574,0.1147764,-3.024653,0.8425717,-0.3013169,0.4464091,0.0,0.0,0.0,0.0,0.0,0.0,0.0,-2.72963,0.424316,1.268395,0.3372193,0.1194152,-3.018571,0.2021908,0.4657596,-0.131687,0.8513787,27.83654,56.78661,357.6742,0.1634186,0.03679535,-0.9858702,-0.418074,-0.001360795,0.1519233,1.308154,-0.1284998,-2.579441,0.1377161,0.1671149,0.9295626,0.5314532,-0.03588633,-0.8463272,0.4125755,0.8835549,0.2216129,0.7398237,-0.4669508,0.4843738,moving,4.711522241559082,10.423110045752757,8.42715733384884,10.191652460836025,0.9709347,-0.247915,0.43913,0.08079244491050919,0.18032442964497336,0.9802834841758312,2.033137776871963,9.513257995971387,3.6691492905446252,3.722837191265635,6.429907086806289
05/17/2023 13:13:44.233538,1118,True,True,True,True,Eyes,0.3585491,0.1148255,-3.024179,0.842837,-0.3014793,0.4457981,0.0,0.0,0.0,0.0,0.0,0.0,0.0,-2.729221,0.4230237,1.261371,0.3308222,0.1197311,-3.015771,0.2023932,0.4674604,-0.1320698,0.8503383,27.88383,57.02856,357.7056,0.1588868,0.03688483,-0.9866073,-0.3929895,-0.001279147,0.1428079,1.305495,-0.1309136,-2.579453,0.135739,0.1682431,0.9318562,0.5280767,-0.03538648,-0.8484591,0.4138297,0.8831891,0.2207306,0.7415389,-0.4676802,0.4810356,moving,4.520168000744898,10.455684016584955,8.28771083337903,10.234283898621,0.9746728,-0.2506447,0.436318,0.07750933284422595,0.18092901140324624,0.9804371060990028,1.9512824672642308,9.538355351227807,3.7187358927170684,3.774042528637863,6.374530647975667
05/17/2023 13:13:44.253723,1119,True,True,True,True,Eyes,0.3573413,0.1149391,-3.023595,0.8431052,-0.30163,0.4451887,0.0,0.0,0.0,0.0,0.0,0.0,0.0,-2.727397,0.428527,1.255322,0.3245398,0.1197443,-3.013055,0.2031178,0.468742,-0.1314564,0.8495548,27.92774,57.24412,357.8635,0.1547748,0.03696707,-0.9872577,-0.3694102,-0.001202398,0.1342394,1.303047,-0.1331367,-2.579464,0.1347513,0.169833,0.9341393,0.5260004,-0.03293917,-0.8498462,0.4137784,0.8829248,0.2218811,0.7430417,-0.4683575,0.4780483,moving,4.377781637948474,10.476616543344502,8.208398300593243,10.304222515079605,0.9785072000000001,-0.252881,0.43359099999999984,0.07506709147125556,0.1813211793318576,0.9805547284463425,1.8897303864915234,9.555756274152843,3.7765856964479276,3.834493932334898,6.362842597652846
05/17/2023 13:13:44.264214,1120,True,True,True,True,Eyes,0.355958,0.1150533,-3.022926,0.8434324,-0.3017909,0.4444591,0.0,0.0,0.0,0.0,0.0,0.0,0.0,-2.724344,0.4328364,1.252789,0.3188566,0.1213575,-3.010396,0.203744,0.4695291,-0.1307992,0.8490715,27.95738,57.38713,358.0025,0.1510349,0.03704521,-0.9878338,-0.3472456,-0.001130254,0.1261851,1.300444,-0.1355006,-2.579475,0.1348034,0.1711537,0.9364104,0.5248679,-0.03078829,-0.8506268,0.4134433,0.8827599,0.2231584,0.7440285,-0.4688146,0.4760615,moving,4.310516097561729,10.485405642168958,8.191883702520597,10.35798119776245,0.9815874,-0.2568581,0.4309210000000001,0.07391355487916823,0.18148725935100082,0.9806115506987292,1.8604380795684046,9.563552911435957,3.8234520844752065,3.883458699903534,6.381090814156787
05/17/2023 13:13:44.284009,1121,True,True,True,True,Eyes,0.3543914,0.115184,-3.022166,0.843809,-0.3019058,0.4436656,0.0,0.0,0.0,0.0,0.0,0.0,0.0,-2.723969,0.4375773,1.243917,0.3132554,0.1214802,-3.007644,0.204467,0.4712012,-0.1301123,0.8480762,27.997,57.66106,358.1828,0.147625,0.0371199,-0.9883463,-0.3264108,-0.001062439,0.118614,1.297818,-0.1378848,-2.579487,0.1352138,0.1717766,0.938899,0.5220804,-0.0280002,-0.8524365,0.4133805,0.8825281,0.224189,0.7460217,-0.4694254,0.4723253,moving,4.128462830908921,10.503540592602183,8.19500131605629,10.367904088136536,0.9845625999999998,-0.259365,0.4281570000000001,0.07079268864943433,0.18183890448668028,0.9807766887660351,1.7800581759711873,9.58247595744407,4.005723160772985,4.068799886026384,6.46284711555271
05/17/2023 13:13:44.304159,1122,True,True,True,True,Eyes,0.3526667,0.1153022,-3.021331,0.8442417,-0.3020128,0.4427687,0.0,0.0,0.0,0.0,0.0,0.0,0.0,-2.721666,0.4449839,1.23893,0.3075499,0.1219516,-3.005156,0.2050557,0.4723034,-0.1286713,0.8475407,27.97783,57.86402,358.416,0.1445068,0.03719224,-0.9888043,-0.3068262,-0.0009986927,0.1114971,1.295245,-0.1402215,-2.579498,0.1355707,0.1718784,0.9416625,0.5207464,-0.02441139,-0.8533624,0.4118053,0.8827918,0.2260423,0.7478232,-0.4691299,0.4697634,moving,4.032913306125911,10.461116147236387,8.192552540748054,10.344128868926559,0.9876951,-0.2621731,0.42565799999999987,0.06916615237510354,0.18113335953547316,0.9810232670591645,1.7277570877767348,9.572389669942265,4.0967198808113,4.161284006829409,6.51069594129595
05/17/2023 13:13:44.313723,1123,True,True,True,True,Eyes,0.3507734,0.1154195,-3.020396,0.8447357,-0.3021195,0.4417527,0.0,0.0,0.0,0.0,0.0,0.0,0.0,-2.720912,0.4518645,1.230229,0.3020213,0.1217579,-3.002493,0.2058063,0.4738919,-0.1275136,0.8466466,27.99184,58.13655,358.6465,0.1416468,0.03726223,-0.9892154,-0.2884166,-0.0009387711,0.1048073,1.29275,-0.1424864,-2.579509,0.1356213,0.1719548,0.94473,0.5183334,-0.02085816,-0.8549243,0.4109779,0.8827681,0.227635,0.7499518,-0.4693457,0.4661404,moving,3.8766290273110093,10.452836129250572,8.169317857345792,10.315748524975142,0.9907287,-0.2642443,0.422984,0.06649134437158999,0.18102459131817308,0.9812283330365963,1.6541110015545764,9.579443514031109,4.2287197642419505,4.294877227902023,6.556680977666227
05/17/2023 13:13:44.333699,1124,True,True,True,True,Eyes,0.3487433,0.1155404,-3.019403,0.8452426,-0.3023269,0.4406397,0.0,0.0,0.0,0.0,0.0,0.0,0.0,-2.719412,0.4598337,1.223287,0.2965654,0.12181,-3.000049,0.206933,0.4750971,-0.1266515,0.8458256,28.06039,58.35955,358.8557,0.1390141,0.0373303,-0.9895864,-0.2711116,-0.0008824448,0.09851886,1.290194,-0.144808,-2.57952,0.1353545,0.1718704,0.9479368,0.5164842,-0.01762374,-0.8561154,0.4108768,0.8822762,0.2297148,0.7512819,-0.4704019,0.462923,moving,3.7693138825427135,10.495432297801237,8.126249583954902,10.276657769026565,0.9936286000000001,-0.266618,0.42052900000000015,0.06464426914450255,0.18177612906993512,0.981212775039942,1.6129421075213712,9.602894302901504,4.2966711207464705,4.362424899145051,6.548063186229175
05/17/2023 13:13:44.353590,1125,True,True,True,True,Eyes,0.3465764,0.1156738,-3.018327,0.8457937,-0.3026182,0.4393806,0.0,0.0,0.0,0.0,0.0,0.0,0.0,-2.718748,0.4657222,1.215306,0.2912502,0.1220367,-2.997622,0.2084561,0.4763758,-0.1268196,0.8447064,28.22896,58.58619,358.9826,0.1365818,0.03739687,-0.9899224,-0.2548449,-0.0008294982,0.09260773,1.287529,-0.1472277,-2.579532,0.1351864,0.1713723,0.9513345,0.5139658,-0.01564382,-0.857668,0.4128576,0.8809257,0.2313408,0.7519227,-0.472996,0.4592243,moving,3.651689604237415,10.638799819064113,8.087688733398341,10.211679221542441,0.9962787999999999,-0.26926439999999996,0.41808999999999985,0.06260038666648121,0.18425484919745613,0.9808829755499481,1.5866436960796269,9.665856815826437,4.392739515061099,4.4565143642474405,6.523918199657924
05/17/2023 13:13:44.364182,1126,True,True,True,True,Eyes,0.3443013,0.1158319,-3.017194,0.8463763,-0.3029279,0.4380432,0.0,0.0,0.0,0.0,0.0,0.0,0.0,-2.718171,0.4670255,1.208835,0.2861342,0.1224597,-2.995159,0.2093669,0.47763,-0.1274305,0.8436804,28.35979,58.78359,359.0219,0.134326,0.03746267,-0.9902286,-0.2395542,-0.0007797283,0.08705126,1.285004,-0.1495198,-2.579543,0.1344517,0.1710526,0.9549667,0.5112621,-0.01502137,-0.8592936,0.415021,0.879854,0.2315482,0.7525747,-0.4750067,0.4560702,moving,3.551501347613214,10.748921066121286,8.014113156136945,10.155068117573107,0.9988698,-0.27197950000000004,0.415616,0.060862863319627036,0.18615977978433046,0.9806325749869444,1.56190812427523,9.714863681078675,4.440294046178359,4.50195129672399,6.467204165564206
05/17/2023 13:13:44.383990,1127,True,True,True,True,Eyes,0.3419184,0.1160014,-3.015985,0.8469995,-0.3032142,0.4366383,0.0,0.0,0.0,0.0,0.0,0.0,0.0,-2.718767,0.4567552,1.204023,0.2812563,0.1232202,-2.992608,0.20872,0.4792046,-0.1290575,0.8426998,28.38973,58.96189,358.8618,0.1322256,0.03752869,-0.9905087,-0.225181,-0.0007329446,0.08182819,1.282418,-0.1518689,-2.579555,0.1332043,0.1708244,0.9587933,0.5074142,-0.01747433,-0.8615251,0.4175527,0.8795602,0.2280867,0.7537775,-0.4754666,0.4535978,moving,3.437274871478247,10.771206683148758,7.909423586895294,10.102160478598126,1.0011617,-0.2750891,0.4130530000000001,0.05890313977400946,0.18656316241971316,0.9806755914478036,1.5135988374090048,9.730940111042392,4.4614066628925055,4.521917398253749,6.406588701284761
05/17/2023 13:13:44.403944,1128,True,True,True,True,Eyes,0.3394404,0.1161733,-3.01471,0.8476874,-0.3034071,0.435167,0.0,0.0,0.0,0.0,0.0,0.0,0.0,-2.720116,0.440145,1.199006,0.2763863,0.1236581,-2.989765,0.2068486,0.4812015,-0.130771,0.8417587,28.29996,59.16399,358.6279,0.1302619,0.03759543,-0.9907663,-0.2116701,-0.0006889679,0.0769185,1.279792,-0.1542526,-2.579566,0.1317689,0.1711849,0.9625874,0.5026881,-0.02108343,-0.8642108,0.419227,0.8802252,0.2223789,0.7560116,-0.4740877,0.4513174,moving,3.2926279445183404,10.682954474271254,7.794789945309294,10.083958989237736,1.0034057,-0.2779107,0.410199,0.056443301739128815,0.18507876740185233,0.9811014819497353,1.4297444612949093,9.706410881852488,4.479981163065298,4.541834240970991,6.376232946416096
05/17/2023 13:13:44.413898,1129,True,True,True,True,Eyes,0.3368871,0.1163319,-3.01339,0.8483943,-0.3035489,0.4336879,0.0,0.0,0.0,0.0,0.0,0.0,0.0,-2.720789,0.4255053,1.194525,0.2716079,0.1238735,-2.986892,0.2048411,0.48309,-0.1318332,0.8410018,28.15888,59.35954,358.4511,0.1284182,0.03766303,-0.9910045,-0.1989699,-0.0006476298,0.07230338,1.277282,-0.1565323,-2.579577,0.130668,0.1729632,0.9662946,0.4984881,-0.02383058,-0.8665689,0.4196573,0.8813203,0.2171688,0.7585495,-0.471918,0.4493283,moving,3.1676449542818133,10.542501825122672,7.701155523217921,10.148263399704222,1.0056741,-0.28040580000000004,0.4073150000000001,0.05432767204260808,0.18269464269136737,0.9816675553120895,1.344789064357201,9.660475276873655,4.485005435634153,4.550619959382658,6.375055436002431
05/17/2023 13:13:44.433724,1130,True,True,True,True,Eyes,0.3342586,0.1164901,-3.012006,0.8491638,-0.30363,0.4321221,0.0,0.0,0.0,0.0,0.0,0.0,0.0,-2.721434,0.4157485,1.188087,0.2669706,0.1237314,-2.98396,0.2033075,0.485047,-0.1321573,0.8401964,28.02401,59.59328,358.387,0.1266804,0.03773102,-0.9912255,-0.1870317,-0.000608772,0.06796518,1.274561,-0.159003,-2.57959,0.1296827,0.1756564,0.9699731,0.4945278,-0.02484884,-0.8688067,0.4193036,0.882401,0.2134314,0.7613323,-0.4698415,0.446791,moving,3.0333500850914263,10.405130775958165,7.615126980785267,10.264681784792652,1.0075904,-0.2827344,0.4043700000000001,0.05204938387636293,0.18036239743036858,0.982222028194293,1.2561417271498714,9.616337697916329,4.513252014201747,4.58392903970309,6.391951463437431
05/17/2023 13:13:44.453909,1131,True,True,True,True,Eyes,0.3315609,0.1166466,-3.01055,0.8499373,-0.3038398,0.4304511,0.0,0.0,0.0,0.0,0.0,0.0,0.0,-2.722384,0.4066273,1.180597,0.2625229,0.12387,-2.980984,0.202117,0.4870558,-0.132637,0.8392454,27.93404,59.84209,358.3301,0.1250356,0.03779948,-0.9914317,-0.1758098,-0.0005722457,0.06388727,1.272027,-0.1613032,-2.579601,0.1280156,0.1800794,0.9736173,0.4903681,-0.02574543,-0.8711352,0.4195145,0.8831123,0.2100483,0.7639023,-0.4684548,0.4438507,moving,2.8909418369843496,10.304075919885879,7.490539165441293,10.478953442347448,1.0095041,-0.2851732,0.40138300000000005,0.049623670657903296,0.1786518503523199,0.982660264365395,1.1708262707515509,9.586727748187084,4.525950522486906,4.6029205654465235,6.3823849586677035
05/17/2023 13:13:44.463652,1132,True,True,True,True,Eyes,0.3288088,0.116813,-3.009016,0.8507745,-0.3040096,0.4286735,0.0,0.0,0.0,0.0,0.0,0.0,0.0,-2.723814,0.395463,1.172126,0.2581844,0.1239867,-2.977819,0.2008927,0.4892237,-0.1335776,0.8381284,27.86867,60.10518,358.2273,0.1234724,0.03786841,-0.991625,-0.1652612,-0.000537911,0.06005403,1.269543,-0.1635594,-2.579612,0.1261712,0.184963,0.977555,0.4856344,-0.02734741,-0.8737342,0.4204734,0.8835983,0.2060492,0.7663951,-0.4674465,0.4406046,moving,2.7334264504684773,10.231695852787182,7.3544012429223935,10.714263913689637,1.0113586,-0.2875461,0.3982070000000002,0.046932504160821786,0.1774334360829613,0.9830131088432379,1.0841312364827527,9.569158992282334,4.562918026502288,4.646103740328844,6.373974524163695
05/17/2023 13:13:44.483898,1133,True,True,True,True,Eyes,0.3260137,0.116973,-3.007414,0.8516035,-0.3043067,0.4268124,0.0,0.0,0.0,0.0,0.0,0.0,0.0,-2.725588,0.3807668,1.163229,0.2541112,0.124386,-2.974369,0.1993893,0.4915379,-0.1349892,0.8369064,27.80378,60.37374,358.0608,0.1219813,0.0379382,-0.9918068,-0.1553455,-0.0005056363,0.05645079,1.266933,-0.1659293,-2.579623,0.1234872,0.1897202,0.9815472,0.4803368,-0.02993184,-0.8765734,0.4219615,0.8840437,0.2010358,0.7689117,-0.466445,0.4372688,moving,2.563807044555956,10.154260039376453,7.170635357054193,10.939619939209512,1.0128218000000002,-0.2903153,0.3947459999999996,0.04403265903768344,0.17612798651538247,0.9833819049458907,0.9908728240872273,9.550435270143522,4.585196153361457,4.673291909682205,6.333979713310604
05/17/2023 13:13:44.503846,1134,True,True,True,True,Eyes,0.3231738,0.1171222,-3.005714,0.8524936,-0.3045368,0.4248669,0.0,0.0,0.0,0.0,0.0,0.0,0.0,-2.726882,0.3661926,1.154284,0.2500369,0.1244215,-2.970581,0.197781,0.4938329,-0.1363165,0.8357211,27.72411,60.63888,357.8957,0.1205539,0.03800866,-0.9919787,-0.1460248,-0.0004752981,0.05306374,1.264196,-0.168414,-2.579635,0.1189481,0.1918169,0.9859297,0.4750938,-0.0325037,-0.8793347,0.4231867,0.884601,0.1959442,0.7714915,-0.4652146,0.4340236,moving,2.4046939136944654,10.065261141290145,6.879236814734006,11.009607771328398,1.0141591,-0.2928355,0.390946,0.04131285997608353,0.17462056399945342,0.9837686666792755,0.9002053592323005,9.526566575258407,4.485911756416823,4.573108869347848,6.160213335195426
05/17/2023 13:13:44.513586,1135,True,True,True,True,Eyes,0.3203115,0.1172555,-3.003939,0.8533538,-0.3048509,0.4229105,0.0,0.0,0.0,0.0,0.0,0.0,0.0,-2.727455,0.3541859,1.145365,0.2461097,0.1242996,-2.96653,0.1963053,0.4960042,-0.1371487,0.8346462,27.62894,60.89927,357.7874,0.1191822,0.03807953,-0.9921417,-0.1372633,-0.0004467803,0.04987992,1.261712,-0.1706696,-2.579646,0.1124625,0.1965996,0.991559,0.4703402,-0.03420483,-0.881822,0.4236778,0.885309,0.1916383,0.77413,-0.4637436,0.4308882,moving,2.2611883916684308,9.952764932833064,6.470827766130179,11.21476926758515,1.0156022999999998,-0.2949692,0.3868840000000002,0.03886206955680188,0.17270567879818546,0.9842065628089056,0.8121563013086193,9.492619210443879,4.308881891338369,4.394737603538094,5.914927181808535
05/17/2023 13:13:44.534003,1136,True,True,True,True,Eyes,0.3174367,0.1173758,-3.002059,0.8542705,-0.3050978,0.4208768,0.0,0.0,0.0,0.0,0.0,0.0,0.0,-2.727387,0.3438261,1.136913,0.2424218,0.1240092,-2.96231,0.1948845,0.4980097,-0.1376658,0.8336993,27.52063,61.14305,357.7101,0.1178599,0.03815034,-0.9922968,-0.1290275,-0.0004199735,0.04688712,1.259124,-0.1730196,-2.579658,0.1099052,0.2016889,0.9953083,0.466069,-0.03543504,-0.8840385,0.4236525,0.8861363,0.1878324,0.7767227,-0.462068,0.4280128,moving,2.145522549098138,9.830036001112743,6.301259197007705,11.455280816247202,1.0167022,-0.2970288,0.3826520000000002,0.03688879595148836,0.17060985620375932,0.9846479214484292,0.7349464683029172,9.452903325386368,4.373986258161373,4.462237980643803,5.91551798320714
05/17/2023 13:13:44.554021,1137,True,True,True,True,Eyes,0.3145536,0.1174694,-3.000079,0.8551761,-0.3054782,0.4187566,0.0,0.0,0.0,0.0,0.0,0.0,0.0,-2.727548,0.3343695,1.127029,0.2392361,0.1238056,-2.957863,0.1936935,0.5000941,-0.1381006,0.8326565,27.43145,61.40674,357.6592,0.1165822,0.03822082,-0.9924451,-0.1212858,-0.000394775,0.04407389,1.256426,-0.1754697,-2.57967,0.1157985,0.1931791,1.001496,0.4616682,-0.0362508,-0.8863116,0.4237108,0.886822,0.1844338,0.7793149,-0.460687,0.4247774,moving,2.019374856748239,9.716725982021083,6.595565986470978,10.917727082413496,1.0171899,-0.2992753,0.378193,0.03473255330059705,0.1686753048920373,0.9850596296624937,0.6547394342226203,9.417504476677781,4.643814236236299,4.731165701906546,6.127323068898813
05/17/2023 13:13:44.564144,1138,True,True,True,True,Eyes,0.3116692,0.1175302,-2.997992,0.8561127,-0.3058831,0.4165414,0.0,0.0,0.0,0.0,0.0,0.0,0.0,-2.727727,0.3267792,1.11581,0.236049,0.1233778,-2.953197,0.1929449,0.5022227,-0.1386086,0.8314641,27.39216,61.68852,357.6314,0.115345,0.03829023,-0.9925869,-0.1140087,-0.0003710885,0.04142946,1.254011,-0.1776629,-2.57968,0.1159663,0.1875383,1.005585,0.4571201,-0.03669355,-0.8886479,0.4242988,0.8871198,0.1816288,0.7816725,-0.4600784,0.4210893,moving,1.8840245259417039,9.650423977745197,6.578416912330752,10.564113537238036,1.017962,-0.3010407,0.37351699999999965,0.03241176156368841,0.16754835977276167,0.9853310046530841,0.579444127831557,9.400825146296272,4.6996333552553455,4.782483506350407,6.11072126263847
05/17/2023 13:13:44.584038,1139,True,True,True,True,Eyes,0.3087768,0.1175544,-2.995775,0.8570009,-0.306571,0.4142025,0.0,0.0,0.0,0.0,0.0,0.0,0.0,-2.72806,0.3208764,1.103506,0.2331349,0.1226595,-2.948491,0.1928543,0.5042763,-0.1395634,0.8300811,27.44691,61.97089,357.5979,0.1141437,0.03835778,-0.9927232,-0.1071682,-0.0003488232,0.03894369,1.251473,-0.1799675,-2.579692,0.119211,0.182636,1.009987,0.452455,-0.03719412,-0.8910112,0.4262016,0.8866585,0.1794124,0.7833496,-0.4609265,0.4170253,moving,1.7495355342533139,9.6611200171065,6.7316022372630675,10.250032891018614,1.0183381,-0.302627,0.3687990000000001,0.030097810850840456,0.167744431487679,0.9853709753868959,0.5195388249749509,9.413763369968777,4.935446643028117,5.016752635550003,6.268100074992869
05/17/2023 13:13:44.593746,1140,True,True,True,True,Eyes,0.305896,0.1175423,-2.993442,0.8579144,-0.3073321,0.41174,0.0,0.0,0.0,0.0,0.0,0.0,0.0,-2.728695,0.3133803,1.089877,0.2302178,0.1218474,-2.943462,0.1929462,0.5064832,-0.1411514,0.8284461,27.5597,62.27101,357.5159,0.1129748,0.03842261,-0.9928544,-0.1007381,-0.0003278938,0.03660707,1.248841,-0.1823575,-2.579703,0.1210763,0.182877,1.013196,0.4471022,-0.03842473,-0.8936573,0.4293207,0.8856961,0.1767094,0.7847188,-0.4626727,0.4124931,moving,1.5947363802371617,9.726159074637996,6.814495849553525,10.231452983208271,1.0186232000000002,-0.3042049,0.36375899999999994,0.027430096230049494,0.16887582594143563,0.9852555558083285,0.46085388880835687,9.44897605213884,5.1599565534003515,5.244159689745924,6.401643250994041
05/17/2023 13:13:44.613565,1141,True,True,True,True,Eyes,0.3030196,0.1174806,-2.990973,0.8587914,-0.3083442,0.4091471,0.0,0.0,0.0,0.0,0.0,0.0,0.0,-2.729704,0.3051324,1.074929,0.2276203,0.1209868,-2.938267,0.1931466,0.5088234,-0.1429958,0.8266471,27.70035,62.59055,357.4197,0.1118363,0.03848391,-0.9929809,-0.0946938,-0.0003082202,0.03441065,1.246191,-0.1847635,-2.579715,0.1217781,0.1869885,1.015976,0.4413019,-0.03985914,-0.8964731,0.4329692,0.8844932,0.1738089,0.7859965,-0.4648474,0.4075862,moving,1.42394364172752,9.803300183368442,6.835044573739329,10.42847677482484,1.0185707000000002,-0.30575030000000003,0.358552,0.02448731122883363,0.17021521551163066,0.9851026930341432,0.39715376763603905,9.48990112535839,5.356421002309035,5.447096388620649,6.505948223055625
05/17/2023 13:13:44.634021,1142,True,True,True,True,Eyes,0.3001642,0.1173768,-2.988379,0.859681,-0.3094293,0.4064508,0.0,0.0,0.0,0.0,0.0,0.0,0.0,-2.730136,0.2993808,1.059651,0.2249911,0.1197828,-2.932774,0.1936129,0.5110809,-0.1445725,0.8248692,27.85186,62.91114,357.3679,0.1107251,0.03854059,-0.9931033,0.0,0.0,0.0,1.243712,-0.1870142,-2.579726,0.1211355,0.1919872,1.018533,0.4357904,-0.040603,-0.8991319,0.4364105,0.8832257,0.1716342,0.7871675,-0.4671871,0.4026208,moving,1.2651436740943236,9.88547406016967,6.782405590736992,10.674654487363735,1.0187209,-0.306797,0.35304800000000025,0.021751475014313182,0.17163874087892822,0.9849198862061463,0.3399612741455913,9.531979601942844,5.476576856878284,5.573417695050473,6.5429958479394195
05/17/2023 13:13:44.653715,1143,True,True,True,True,Eyes,0.2973417,0.1172182,-2.985675,0.8605183,-0.310733,0.4036749,0.0,0.0,0.0,0.0,0.0,0.0,0.0,-2.730237,0.2927053,1.044907,0.2226438,0.1186939,-2.927122,0.1940569,0.5132306,-0.1463558,0.8231138,28.0142,63.21281,357.2899,0.1096398,0.03859186,-0.9932216,0.0,0.0,0.0,1.241143,-0.189347,-2.579737,0.1196987,0.1943036,1.021588,0.4303487,-0.0417431,-0.9016972,0.4401268,0.8818438,0.1692332,0.7880917,-0.4696904,0.3978725,moving,1.1228995715712344,9.966168182497217,6.682832635921653,10.768894636538962,1.0184992000000002,-0.3080409,0.3473849999999996,0.019301435691434943,0.1730344153298098,0.9847267197073613,0.29011149473284537,9.572402519698032,5.518602174529258,5.617581814275202,6.50372792901616
05/17/2023 13:13:44.663826,1144,True,True,True,True,Eyes,0.2945451,0.1170114,-2.982842,0.861367,-0.3120965,0.4008026,0.0,0.0,0.0,0.0,0.0,0.0,0.0,-2.730562,0.2855901,1.028586,0.220402,0.117316,-2.92116,0.1945209,0.5155765,-0.1482371,0.8211994,28.18603,63.54372,357.2113,0.1085788,0.03863658,-0.9933364,0.0,0.0,0.0,1.238582,-0.1916728,-2.579749,0.1188082,0.1942655,1.024666,0.4244132,-0.04288352,-0.9044527,0.4440452,0.8803748,0.1666258,0.7891117,-0.472336,0.3926849,moving,0.9573994402682564,10.051401149488033,6.613810562499216,10.735242569722626,1.01818,-0.3089888,0.3414109999999999,0.016452608553923997,0.17450797935513096,0.9845183263815717,0.2304264572881185,9.616099142409407,5.598064249593118,5.697598254679472,6.48074645743529
05/17/2023 13:13:44.684341,1145,True,True,True,True,Eyes,0.2917847,0.1167611,-2.979895,0.8621863,-0.31359,0.3978643,0.0,0.0,0.0,0.0,0.0,0.0,0.0,-2.730197,0.2803653,1.013316,0.2182342,0.1159817,-2.915187,0.1951004,0.5176989,-0.149798,0.8194414,28.3494,63.85136,357.1672,0.1075411,0.03867396,-0.9934479,0.0,0.0,0.0,1.235873,-0.1941328,-2.579761,0.1191053,0.1935765,1.027654,0.4190967,-0.0434949,-0.9068992,0.4475079,0.8789928,0.164646,0.7899966,-0.4748472,0.3878473,moving,0.8239395683906156,10.120344471623685,6.611095408833877,10.667657562930978,1.0176388,-0.31011449999999996,0.335426,0.014156267181288484,0.1756986744902275,0.9843421565208151,0.1823373570675786,9.651417628982163,5.712851900645725,5.812978955879067,6.508584615068187
05/17/2023 13:13:44.703815,1146,True,True,True,True,Eyes,0.2890595,0.1164742,-2.97682,0.8630344,-0.3151086,0.3948143,0.0,0.0,0.0,0.0,0.0,0.0,0.0,-2.729678,0.2755238,0.9974328,0.2161695,0.1147665,-2.908956,0.1956714,0.5198953,-0.1511421,0.8176661,28.49903,64.17457,357.1491,0.1065253,0.03870343,-0.9935562,0.0,0.0,0.0,1.233411,-0.1963675,-2.579772,0.1202551,0.1931057,1.030513,0.41373,-0.04371025,-0.9093498,0.4506248,0.8777375,0.1628316,0.7910529,-0.4771438,0.3828433,moving,0.6876277136672738,10.173093492436994,6.655992913234352,10.613452200996297,1.0172415000000001,-0.311134,0.3291839999999997,0.011812433824527124,0.17661022478743826,0.9842100546984276,0.12978039269454777,9.680682003322303,5.882725552952147,5.984588452651308,6.592534421974547
05/17/2023 13:13:44.713991,1147,True,True,True,True,Eyes,0.2863548,0.1161573,-2.973574,0.8639347,-0.3166759,0.3915778,0.0,0.0,0.0,0.0,0.0,0.0,0.0,-2.729663,0.2693779,0.9803627,0.2142968,0.1136241,-2.902741,0.1960188,0.5223328,-0.1524177,0.8157904,28.62312,64.52951,357.1328,0.105531,0.03872469,-0.9936615,0.0,0.0,0.0,1.230858,-0.1986863,-2.579783,0.1222428,0.1906338,1.033594,0.4078746,-0.04390777,-0.9119816,0.4534559,0.8766909,0.1605949,0.7924746,-0.479046,0.3774902,moving,0.5338284514067165,10.19636099202437,6.745019086645806,10.450069104773663,1.0165612,-0.3123104,0.32295799999999986,0.009169797997540308,0.17701478533826875,0.9841654563812283,0.06342259659747862,9.699730939652149,6.113989914465926,6.21637007535399,6.72359569113611
05/17/2023 13:13:44.733556,1148,True,True,True,True,Eyes,0.2836949,0.1158122,-2.970191,0.8648872,-0.3181884,0.3882347,0.0,0.0,0.0,0.0,0.0,0.0,0.0,-2.729402,0.2602394,0.9634218,0.212424,0.1125773,-2.89616,0.1958041,0.5249152,-0.1537392,0.8139343,28.69477,64.88947,357.0786,0.1045569,0.03873779,-0.9937639,0.0,0.0,0.0,1.228238,-0.201065,-2.579794,0.1220115,0.1895,1.036092,0.4016566,-0.044706,-0.9146985,0.4558283,0.8760501,0.1573434,0.7942875,-0.4801435,0.3722495,moving,0.3780741715676444,10.170673565410166,6.716290672996572,10.364769519387805,1.015814,-0.3136423,0.3163659999999999,0.006494905857537037,0.17657723115773255,0.9842653130823316,-0.013368762089464248,9.700041458210897,6.23854582704433,6.341187716692863,6.762409297547622
05/17/2023 13:13:44.754048,1149,True,True,True,True,Eyes,0.2810614,0.1154349,-2.966621,0.8659084,-0.3196246,0.3847632,0.0,0.0,0.0,0.0,0.0,0.0,0.0,-2.729215,0.2496055,0.9459831,0.2108361,0.1115575,-2.889448,0.1950975,0.5276781,-0.1547502,0.8121238,28.69868,65.26762,357.0295,0.1036028,0.03874272,-0.9938636,0.0,0.0,0.0,1.225631,-0.203432,-2.579806,0.1230523,0.186972,1.039024,0.3952163,-0.04545538,-0.9174627,0.4572501,0.8759786,0.1535699,0.7966972,-0.4802032,0.3669855,moving,0.21787267562594634,10.081082743001017,6.754116988554921,10.201179115616032,1.0147948999999998,-0.31498950000000003,0.30964199999999975,0.0037438791053961418,0.17504043461925298,0.9845541081157031,-0.10465313005221466,9.676015988842599,6.434917628206211,6.5373475398675005,6.878846113238804
05/17/2023 13:13:44.763757,1150,True,True,True,True,Eyes,0.2784749,0.11502,-2.962923,0.8669704,-0.320955,0.3812485,0.0,0.0,0.0,0.0,0.0,0.0,0.0,-2.728127,0.2406383,0.9291111,0.2092252,0.1103623,-2.882339,0.194275,0.5303333,-0.1552366,0.8104969,28.65752,65.63531,357.0228,0.1026679,0.03873948,-0.9939607,0.0,0.0,0.0,1.223036,-0.2057889,-2.579817,0.1228684,0.1855845,1.041476,0.3892963,-0.04557653,-0.9199843,0.4576986,0.8763176,0.1502644,0.7993499,-0.479573,0.3620076,moving,0.08107408980353567,9.953034053649143,6.728383823478328,10.103698860233898,1.0138108,-0.31615119999999997,0.3025220000000002,0.0013937132923273476,0.17284071213257052,0.9849489078354139,-0.19263922578325343,9.635635248107786,6.546845985144572,6.649016963382697,6.936832389023582
05/17/2023 13:13:44.784716,1151,True,True,True,True,Eyes,0.2759386,0.1145551,-2.959098,0.8680137,-0.3222309,0.377782,0.0,0.0,0.0,0.0,0.0,0.0,0.0,-2.726104,0.2359088,0.9145759,0.2077523,0.1090306,-2.875535,0.1936411,0.5325233,-0.15501,0.8092552,28.58768,65.95039,357.0854,0.1017522,0.03872775,-0.9940554,0.0,0.0,0.0,1.220525,-0.2080685,-2.579829,0.1232674,0.1851204,1.043859,0.3847817,-0.04464845,-0.921927,0.457122,0.8769501,0.1483172,0.8018618,-0.4785029,0.3578441,moving,0.00554908446874663,9.801740712490886,6.734764355531414,10.056411896554785,1.0127727000000002,-0.31709909999999997,0.295706,9.543604071499123e-05,0.17023941706987789,0.9854026119278199,-0.2569095743294183,9.582279682125854,6.6316242216987815,6.734032638493484,7.0077318511951425
05/17/2023 13:13:44.793702,1152,True,True,True,True,Eyes,0.2734585,0.1140472,-2.955164,0.8690839,-0.3234617,0.3742537,0.0,0.0,0.0,0.0,0.0,0.0,0.0,-2.723967,0.23388,0.8992805,0.2064382,0.1073722,-2.868668,0.1934617,0.5346434,-0.154666,0.807965,28.55505,66.27122,357.1898,0.1008562,0.03870684,-0.9941475,0.0,0.0,0.0,1.217929,-0.2104258,-2.57984,0.1231642,0.1863616,1.0459,0.3804698,-0.04306337,-0.9237903,0.4567955,0.877302,0.1472384,0.8041024,-0.478003,0.3534581,moving,-0.06640362562941944,9.6904191467059,6.716166267283498,10.10310264630434,1.0114908,-0.317798,0.2888280000000001,-0.0011424252443011929,0.1683244513817751,0.9857310497805047,-0.3117501244942027,9.54409453074748,6.691091449657612,6.79511309862386,7.050113395050899
05/17/2023 13:13:44.819479,1153,True,True,True,True,Eyes,0.2710361,0.1134934,-2.951124,0.8701563,-0.3246827,0.3706875,0.0,0.0,0.0,0.0,0.0,0.0,0.0,-2.72246,0.2296411,0.8833251,0.2052992,0.1058334,-2.862069,0.1933298,0.5368791,-0.1549129,0.8064654,28.56573,66.6024,357.2411,0.09997834,0.03867629,-0.9942373,0.0,0.0,0.0,1.215369,-0.2127505,-2.579851,0.1232464,0.1868797,1.047955,0.3755257,-0.04227438,-0.9258474,0.4574533,0.8772512,0.1454886,0.8060503,-0.4781666,0.3487689,moving,-0.15738753735576363,9.622674945291699,6.707549002480471,10.11115364530649,1.0100698,-0.31858390000000003,0.28221799999999986,-0.0027082782724720533,0.16715833637225885,0.9859263768534074,-0.3668770952160525,9.523951059453932,6.777025670233489,6.882293595622525,7.098754220889859
05/17/2023 13:13:44.835435,1154,True,True,True,True,Eyes,0.2686978,0.1129247,-2.946964,0.8712856,-0.3257645,0.3670681,0.0,0.0,0.0,0.0,0.0,0.0,0.0,-2.721551,0.2202208,0.8658803,0.2042036,0.1042008,-2.855263,0.1925393,0.5395461,-0.1556502,0.8047307,28.54479,66.97153,357.2109,0.09912057,0.03863567,-0.9943248,0.0,0.0,0.0,1.212835,-0.2150516,-2.579862,0.1230167,0.1855943,1.05026,0.3693261,-0.04274535,-0.9283162,0.4582807,0.8774033,0.1419237,0.808441,-0.4778455,0.3436372,moving,-0.2929294998094804,9.530017495238624,6.680600550988269,10.021433315652558,1.0086314,-0.3192524,0.275401,-0.005042005541490147,0.16556220576429567,0.986186508966636,-0.4473926394688681,9.497127254409722,6.88594343107934,6.990823333337238,7.14725008440724
05/17/2023 13:13:44.843578,1155,True,True,True,True,Eyes,0.2665348,0.1126677,-2.942615,0.8724939,-0.3266976,0.36335,0.0,0.0,0.0,0.0,0.0,0.0,0.0,-2.719864,0.2081905,0.8504826,0.2038695,0.1032543,-2.848175,0.1908543,0.5420792,-0.1558602,0.8033881,28.40085,67.30065,357.1644,0.09828277,0.03858555,-0.99441,0.0,0.0,0.0,1.210174,-0.2174676,-2.579874,0.1223641,0.1823526,1.052669,0.3637157,-0.0435161,-0.9304931,0.4573486,0.8785645,0.1376831,0.8115067,-0.4756372,0.3394498,moving,-0.37964604002121466,9.325303648959052,6.630405578959168,9.827749891910004,1.0063045000000002,-0.3207219,0.2683010000000001,-0.006538461279605723,0.16203618077071713,0.986763231240557,-0.5272233363472012,9.423917774619332,6.92675511518042,7.028034997623804,7.1690119310951985
05/17/2023 13:13:44.863963,1156,True,True,True,True,Eyes,0.264468,0.1123918,-2.938144,0.8737176,-0.3278826,0.3593195,0.0,0.0,0.0,0.0,0.0,0.0,0.0,-2.715923,0.1757672,0.8461149,0.2063055,0.1103677,-2.840475,0.1866304,0.5438513,-0.1568203,0.8029959,28.05382,67.42484,356.8266,0.09746977,0.0385376,-0.9944918,0.0,0.0,0.0,1.207687,-0.2197261,-2.579885,0.1221129,0.1784,1.055093,0.3592665,-0.04885374,-0.9319554,0.4548505,0.8811529,0.1291531,0.8148857,-0.4703008,0.3387899,moving,-0.28731713639826334,8.911297073677966,6.6018473777712385,9.597063418560461,1.0013815,-0.3300938,0.2605900000000001,-0.004954080744576872,0.15490327542741117,0.9879171925615049,-0.5652825750737,9.258312766122625,6.828478866447053,6.923211912332729,7.175130923230192
05/17/2023 13:13:44.884836,1157,True,True,True,True,Eyes,0.2623864,0.1120105,-2.93362,0.8747867,-0.3290114,0.355668,0.0,0.0,0.0,0.0,0.0,0.0,0.0,-2.719317,0.1559805,0.8132733,0.2065478,0.1097,-2.832972,0.1875993,0.5484191,-0.1612564,0.7987737,28.46169,68.08743,356.6189,0.09668244,0.0384911,-0.9945704,0.0,0.0,0.0,1.205105,-0.2220706,-2.579897,0.1214731,0.1744669,1.057236,0.3464657,-0.05184866,-0.9366287,0.4633808,0.8776058,0.1228266,0.8156223,-0.4765709,0.328086,moving,-0.753835288054788,9.225242090919936,6.554364156130962,9.370596406976109,0.9985572,-0.3317706,0.25307499999999994,-0.012986387028903201,0.16030254346503275,0.9869824954686007,-0.7191767762227979,9.409884493005128,7.213192930425368,7.3096447925458765,7.273647039025844
05/17/2023 13:13:44.894008,1158,True,True,True,True,Eyes,0.2604566,0.1116887,-2.929,0.8757448,-0.3303364,0.3520638,0.0,0.0,0.0,0.0,0.0,0.0,0.0,-2.710671,0.1758782,0.8128676,0.2037448,0.1068448,-2.826039,0.1886176,0.547855,-0.1579394,0.7995833,28.33896,68.08109,357.0106,0.09591725,0.03844238,-0.9946465,0.0,0.0,0.0,1.20246,-0.2244721,-2.579908,0.1204923,0.1709373,1.05922,0.34982,-0.04590129,-0.9356917,0.4592416,0.8789571,0.1285751,0.816531,-0.4746867,0.3285566,moving,-0.4587503424198206,9.038522683688614,6.489823233917703,9.16737467902665,0.9987152000000001,-0.3313169,0.2461310000000001,-0.007907206002733425,0.15709358917767208,0.9875520702701943,-0.6195254823362157,9.318581721242683,6.861882918113861,6.949768167534701,7.110956527705465
05/17/2023 13:13:44.913763,1159,True,True,True,True,Eyes,0.2586149,0.1113242,-2.924313,0.8766053,-0.3318464,0.3484841,0.0,0.0,0.0,0.0,0.0,0.0,0.0,-2.706815,0.1549374,0.8064064,0.2054867,0.1080119,-2.819087,0.1886756,0.5485383,-0.1628186,0.7981212,28.67211,68.11672,356.5429,0.09517709,0.03839374,-0.9947194,0.0,0.0,0.0,1.199943,-0.2267576,-2.579919,0.1192837,0.1680542,1.06103,0.3451915,-0.05290622,-0.9370399,0.4668894,0.8757833,0.1225475,0.8141603,-0.4797964,0.3270143,moving,-0.37097117611726466,9.285927415346691,6.414404689910875,9.000187392820836,0.9944563,-0.3347695,0.23916800000000027,-0.006389779386808236,0.1613581418187433,0.9868752575285545,-0.5308922688737294,9.408174039822061,6.70825041138169,6.791389622437385,6.957269791364568
05/17/2023 13:13:44.933877,1160,True,True,True,True,Eyes,0.2568364,0.1109412,-2.919517,0.8774226,-0.3334031,0.3449231,0.0,0.0,0.0,0.0,0.0,0.0,0.0,-2.703442,0.1215592,0.7978001,0.2054832,0.1067386,-2.811805,0.1855654,0.5504982,-0.167754,0.7964771,28.70459,68.2489,355.8865,0.09446297,0.03834381,-0.9947895,0.0,0.0,0.0,1.197377,-0.2290874,-2.579931,0.1179116,0.164832,1.062639,0.3376206,-0.06291755,-0.9391772,0.4715312,0.8748482,0.1109007,0.8146599,-0.4802937,0.3250344,moving,-0.3907135645301078,9.224945494881784,6.331701827588662,8.817206869908468,0.9918937999999999,-0.335826,0.2318739999999999,-0.006730993765540871,0.16030732060893302,0.987044197427903,-0.5518661889249137,9.385966588893302,6.655588172479014,6.734769445978866,6.907025137923587
05/17/2023 13:13:44.943902,1161,True,True,True,True,Eyes,0.2551715,0.1105496,-2.91465,0.8781815,-0.3352573,0.3411741,0.0,0.0,0.0,0.0,0.0,0.0,0.0,-2.698908,0.1094672,0.7885636,0.2052369,0.1059422,-2.804385,0.1852881,0.5517157,-0.1702546,0.7951677,28.85106,68.39124,355.6582,0.09377418,0.03829219,-0.9948567,0.0,0.0,0.0,1.1948,-0.2314277,-2.579942,0.1169153,0.1615699,1.063969,0.3332462,-0.06630925,-0.9405053,0.4752147,0.8733633,0.1068059,0.8143206,-0.4825346,0.3225561,moving,-0.3479986125791839,9.262939749290222,6.270844910932828,8.634728843730365,0.9895631,-0.3373699,0.22444299999999995,-0.005994486410379751,0.16096257153205656,0.9869422918057636,-0.5247800044543438,9.397808987526696,6.5737601468055376,6.648589213555102,6.838333809963297
05/17/2023 13:13:44.963579,1162,True,True,True,True,Eyes,0.2535647,0.1101548,-2.909706,0.8788501,-0.3372996,0.3374189,0.0,0.0,0.0,0.0,0.0,0.0,0.0,-2.696269,0.1069618,0.7719527,0.2061376,0.1054504,-2.797071,0.1872155,0.5533329,-0.172166,0.7931784,29.17776,68.67271,355.6693,0.09311259,0.03823883,-0.9949208,0.0,0.0,0.0,1.192192,-0.2337957,-2.579954,0.1163377,0.1578919,1.065026,0.3283631,-0.06593179,-0.9422477,0.4803017,0.8706185,0.1064603,0.8133192,-0.4875208,0.3175462,moving,-0.413076599294268,9.461208003399445,6.2339655746820934,8.43277380450688,0.9860543999999999,-0.3392461,0.217117,-0.007111419629676985,0.16437565141387073,0.9863721941744386,-0.5161688007122025,9.478484959360987,6.654210495298166,6.726131619591769,6.830653402513265
05/17/2023 13:13:44.984958,1163,True,True,True,True,Eyes,0.252023,0.109749,-2.90467,0.8794791,-0.3396403,0.3334083,0.0,0.0,0.0,0.0,0.0,0.0,0.0,-2.692518,0.1199757,0.7581533,0.2059489,0.1050205,-2.790232,0.1912094,0.5540231,-0.1726322,0.7916409,29.60534,68.90031,355.9467,0.09247754,0.03818387,-0.9949822,0.0,0.0,0.0,1.189442,-0.2362923,-2.579966,0.1161374,0.153748,1.065705,0.3265129,-0.0614565,-0.9431927,0.4851943,0.8672742,0.111454,0.8111571,-0.4940229,0.3129946,moving,-0.3740340844994637,9.748296520871195,6.219382750631181,8.209351972148415,0.9834931000000001,-0.3413128,0.21026599999999984,-0.006433825887807498,0.16931670718136682,0.9855407519648767,-0.4422718572761757,9.586565696548742,6.7031683584079085,6.77063482147928,6.802525983612995
05/17/2023 13:13:44.994142,1164,True,True,True,True,Eyes,0.2505612,0.1093439,-2.899581,0.8800248,-0.3421508,0.329377,0.0,0.0,0.0,0.0,0.0,0.0,0.0,-2.689461,0.1396838,0.7404925,0.206156,0.1043668,-2.783461,0.1964177,0.5548514,-0.1724713,0.7898188,30.10993,69.20499,356.3894,0.09186824,0.03812714,-0.9950408,0.0,0.0,0.0,1.187003,-0.2385076,-2.579977,0.1157627,0.1499666,1.066039,0.3247871,-0.05447683,-0.9442168,0.4904073,0.8633475,0.1188768,0.8087112,-0.5016606,0.30712,moving,-0.3808010748913844,10.098135746446534,6.197546102200611,8.007620484218629,0.980847,-0.34287439999999997,0.203484,-0.006543231360058022,0.17533094178251193,0.9844878230134217,-0.37727044431000234,9.721832653696644,6.838633888345661,6.902528931048535,6.79461080432546
05/17/2023 13:13:45.014059,1165,True,True,True,True,Eyes,0.2491741,0.1089602,-2.894456,0.880493,-0.3449609,0.3251679,0.0,0.0,0.0,0.0,0.0,0.0,0.0,-2.686538,0.149204,0.7250874,0.2066402,0.1040286,-2.777045,0.2001576,0.5557832,-0.1733116,0.788039,30.53809,69.46779,356.6277,0.09128483,0.03806888,-0.9950967,0.0,0.0,0.0,1.184466,-0.2408114,-2.579988,0.1152523,0.1471181,1.066061,0.3221363,-0.05066409,-0.9453368,0.495641,0.8598001,0.1228166,0.8065783,-0.5081112,0.302084,moving,-0.36560323699791863,10.355223644779006,6.170305895949154,7.857279636661666,0.9778258,-0.34484000000000004,0.19705700000000004,-0.006277010273504913,0.17974690276931626,0.9836929189818766,-0.3202055733431468,9.819914635480826,6.936148419150184,6.996987384712814,6.780757721051887
05/17/2023 13:13:45.033759,1166,True,True,True,True,Eyes,0.2478484,0.1085913,-2.889277,0.8809015,-0.3479234,0.3208767,0.0,0.0,0.0,0.0,0.0,0.0,0.0,-2.68421,0.1482671,0.7089175,0.2069553,0.1042466,-2.770529,0.2027997,0.557273,-0.1754295,0.7858394,30.94803,69.7645,356.6786,0.09072734,0.03800997,-0.9951499,0.0,0.0,0.0,1.18189,-0.2431502,-2.579999,0.1145445,0.1461246,1.065489,0.3173426,-0.04968927,-0.9470083,0.5017486,0.8561935,0.1232118,0.8047,-0.5142604,0.2966382,moving,-0.410185954044534,10.58193909596232,6.135968971051202,7.809013271263007,0.9749347000000002,-0.3473968,0.19052999999999987,-0.007037288727542668,0.18363695120424955,0.9829689457416615,-0.2966085711433104,9.910210257212675,7.0489350602712975,7.1092377884439575,6.76705863799843
05/17/2023 13:13:45.043597,1167,True,True,True,True,Eyes,0.2465938,0.1082533,-2.884089,0.8813109,-0.3510346,0.3163317,0.0,0.0,0.0,0.0,0.0,0.0,0.0,-2.682276,0.1501542,0.6900452,0.2071323,0.1042852,-2.76397,0.2058562,0.5590404,-0.177095,0.7834121,31.36895,70.13091,356.8235,0.09019586,0.0379511,-0.9952005,0.0,0.0,0.0,1.179242,-0.2455543,-2.580011,0.1136279,0.1462548,1.064625,0.3122226,-0.04731284,-0.9488301,0.5076404,0.8525212,0.124534,0.8030058,-0.5205469,0.2901942,moving,-0.48832248889394686,10.808399987289366,6.092141249501985,7.822149818280639,0.9721096999999999,-0.34983949999999997,0.1839590000000002,-0.008371547252869316,0.18751874603979385,0.9822253175117799,-0.2885266029866842,10.002607317457104,7.1651439954452485,7.226354065796141,6.7429457323559445
05/17/2023 13:13:45.063942,1168,True,True,True,True,Eyes,0.2454074,0.1079651,-2.878866,0.8817013,-0.354141,0.3117485,0.0,0.0,0.0,0.0,0.0,0.0,0.0,-2.679871,0.154103,0.6734529,0.2074168,0.104773,-2.757715,0.208737,0.5605049,-0.1779964,0.7813964,31.71865,70.45878,357.0232,0.08969045,0.03789336,-0.9952483,0.0,0.0,0.0,1.176829,-0.2477454,-2.580022,0.1124274,0.1471035,1.063495,0.3083033,-0.0441754,-0.9502618,0.5121677,0.8494923,0.126677,0.801644,-0.5257484,0.2845265,moving,-0.5116784475940785,10.966649437747918,6.0346110750798685,7.87522823173248,0.9694121999999998,-0.3525184,0.1776930000000001,-0.008767282856478098,0.1902302838789308,0.9817004285430437,-0.26847751057689795,10.065125586612298,7.177814407249043,7.239529790509369,6.672673837641567
05/17/2023 13:13:45.085652,1169,True,True,True,True,Eyes,0.2442976,0.10771,-2.873619,0.8821696,-0.3571405,0.3069649,0.0,0.0,0.0,0.0,0.0,0.0,0.0,-2.677799,0.1516878,0.6573174,0.2078869,0.1056949,-2.751598,0.210164,0.562371,-0.1787449,0.7795,31.91682,70.80054,357.1447,0.08920867,0.03783811,-0.9952937,0.0,0.0,0.0,1.174265,-0.2500741,-2.580033,0.1115406,0.1481482,1.062051,0.3035782,-0.04228299,-0.9518679,0.5150435,0.8477628,0.1266038,0.8016049,-0.5286875,0.2791399,moving,-0.5417147946141617,10.979425591910921,5.995440017570315,7.941092459161749,0.9663780999999999,-0.355769,0.1715650000000002,-0.009281521114396563,0.19044828468843095,0.9816533471452422,-0.27983395818854895,10.072018308570337,7.145910903035152,7.208735066849666,6.627209702922805
05/17/2023 13:13:45.093834,1170,True,True,True,True,Eyes,0.2432465,0.1074712,-2.868329,0.8826531,-0.3600152,0.3021798,0.0,0.0,0.0,0.0,0.0,0.0,0.0,-2.676062,0.1422869,0.6401265,0.2085329,0.1062712,-2.745276,0.2102114,0.5647947,-0.1797111,0.7775102,31.99754,71.17629,357.1612,0.08875293,0.0377865,-0.9953364,0.0,0.0,0.0,1.171639,-0.2524586,-2.580045,0.1109331,0.1491165,1.060314,0.2974218,-0.04200178,-0.9538218,0.5169069,0.8470302,0.1238833,0.8027126,-0.5298827,0.2736363,moving,-0.6175365317854297,10.879924396052319,5.972720117968133,8.005250464554496,0.9631061000000001,-0.3587298,0.1652309999999999,-0.010584126728221066,0.1887408014641431,0.9819699368222857,-0.33415614869393173,10.038642194883058,7.124978871016316,7.1899397022544065,6.626565488392445
05/17/2023 13:13:45.113709,1171,True,True,True,True,Eyes,0.2422609,0.1072524,-2.862988,0.8831921,-0.3627433,0.2973031,0.0,0.0,0.0,0.0,0.0,0.0,0.0,-2.673329,0.1330697,0.6261939,0.208904,0.1064203,-2.738895,0.209656,0.5668798,-0.1802998,0.776005,31.99227,71.48069,357.1529,0.08832184,0.03773867,-0.9953757,0.0,0.0,0.0,1.169087,-0.2547758,-2.580056,0.110078,0.1505154,1.058317,0.2922787,-0.04212753,-0.9554049,0.5175266,0.8470727,0.1209717,0.8042012,-0.5298049,0.2693834,moving,-0.6195727563628268,10.706675159539333,5.9381140831699,8.094406265936048,0.960183,-0.3611961,0.15883899999999995,-0.010625147585800077,0.1857706160988365,0.9825357524792413,-0.36882963230564325,9.972007734128512,6.99273937439371,7.05883881795498,6.580495901034735
05/17/2023 13:13:45.133967,1172,True,True,True,True,Eyes,0.2413489,0.1070506,-2.857611,0.8837367,-0.3653405,0.2924649,0.0,0.0,0.0,0.0,0.0,0.0,0.0,-2.670083,0.1245036,0.6141334,0.2095588,0.1066698,-2.732528,0.2090157,0.5686645,-0.180716,0.7747741,31.96583,71.73653,357.1414,0.08791547,0.03769504,-0.9954126,0.0,0.0,0.0,1.166523,-0.2571038,-2.580067,0.1097326,0.1516033,1.056279,0.2879248,-0.04230858,-0.9567179,0.5177477,0.8473083,0.1183462,0.8056279,-0.5294133,0.2658663,moving,-0.5769171487059369,10.522272691347034,5.930954185569864,8.167644453331746,0.9569642,-0.3637736,0.15246099999999974,-0.009899630854366459,0.1826087811899413,0.9831357912010026,-0.38507571745910285,9.898145297810489,6.854192986628474,6.920741538502047,6.548806525520337
05/17/2023 13:13:45.143632,1173,True,True,True,True,Eyes,0.2405063,0.1068558,-2.852161,0.884349,-0.3678515,0.2874234,0.0,0.0,0.0,0.0,0.0,0.0,0.0,-2.666804,0.1136175,0.6026136,0.2104255,0.1068781,-2.726205,0.2080577,0.5704474,-0.181432,0.773553,31.92996,71.97571,357.074,0.08753393,0.0376558,-0.9954472,0.0,0.0,0.0,1.163711,-0.2596574,-2.58008,0.1093284,0.151891,1.054117,0.2833443,-0.04332253,-0.9580392,0.5180665,0.8475888,0.1148925,0.8070459,-0.5288821,0.2626034,moving,-0.5155079607750876,10.334494708021118,5.921296298579295,8.19948986923819,0.9532855,-0.3665355,0.14612500000000006,-0.00885124227644235,0.17938750766734157,0.9837387195408509,-0.3933352691409966,9.821752635731173,6.715599396972882,6.781643955182934,6.519686213277376
05/17/2023 13:13:45.164034,1174,True,True,True,True,Eyes,0.2397356,0.1066619,-2.846677,0.8849696,-0.3702848,0.2823437,0.0,0.0,0.0,0.0,0.0,0.0,0.0,-2.664196,0.1023324,0.587888,0.211488,0.1068047,-2.719907,0.2072285,0.5726498,-0.1822257,0.7719602,31.9141,72.28716,357.0285,0.08717728,0.03762086,-0.9954795,0.0,0.0,0.0,1.161324,-0.2618244,-2.58009,0.1085021,0.1520989,1.05215,0.2777321,-0.04400339,-0.9596503,0.5186806,0.8477003,0.1112412,0.8086008,-0.5286472,0.2582572,moving,-0.5165017703738591,10.168360802821674,5.887767473649465,8.22569979383692,0.949836,-0.36862910000000004,0.13981699999999986,-0.008872956509211105,0.1765342820752549,0.9842544939495322,-0.4261427960095363,9.757791995497453,6.626227031682385,6.692428284694034,6.497135477092533
05/17/2023 13:13:45.186257,1175,True,True,True,True,Eyes,0.2390316,0.1064506,-2.841188,0.8855942,-0.3727533,0.2770881,0.0,0.0,0.0,0.0,0.0,0.0,0.0,-2.661953,0.09159425,0.5704734,0.2124564,0.106638,-2.713543,0.2067904,0.575161,-0.1831565,0.7699879,31.94744,72.66304,357.0154,0.0868456,0.03758985,-0.9955093,0.0,0.0,0.0,1.158651,-0.2642513,-2.580102,0.1078072,0.150926,1.050161,0.2712871,-0.04418099,-0.961484,0.519932,0.8473829,0.1077633,0.809984,-0.5291411,0.2528552,moving,-0.5642477297043851,10.046780005555714,5.861325150630428,8.178378011046,0.9461946000000001,-0.37088930000000003,0.13344099999999992,-0.009696825475853932,0.17444397240463233,0.9846193157578832,-0.47182375515309083,9.714066256153124,6.6257542299458505,6.691704779320595,6.516679633754231
05/17/2023 13:13:45.194783,1176,True,True,True,True,Eyes,0.2383839,0.1062315,-2.835673,0.8862036,-0.3752173,0.2717628,0.0,0.0,0.0,0.0,0.0,0.0,0.0,-2.65997,0.08541241,0.5502359,0.2132232,0.1060714,-2.707172,0.2072266,0.577828,-0.1837729,0.7677235,32.04356,73.10484,357.1131,0.08653867,0.03756177,-0.9955369,0.0,0.0,0.0,1.156189,-0.2664874,-2.580113,0.1069998,0.1486079,1.048219,0.2646845,-0.04269087,-0.9633896,0.5216563,0.8465693,0.1058072,0.811059,-0.5305638,0.2463437,moving,-0.6533818585323798,9.986237397159966,5.828434355391315,8.06915156077872,0.9429657999999999,-0.37255879999999997,0.12705900000000003,-0.011230670514538077,0.1734006708369622,0.9847872570911829,-0.5246958441324885,9.696576924362779,6.694113536370542,6.759375676431788,6.558260184388698
05/17/2023 13:13:45.213820,1177,True,True,True,True,Eyes,0.2377925,0.1060093,-2.830084,0.8867511,-0.3778365,0.2662931,0.0,0.0,0.0,0.0,0.0,0.0,0.0,-2.65794,0.08427536,0.5294592,0.21395,0.1056755,-2.70095,0.2086461,0.5802928,-0.1840679,0.7654059,32.21003,73.5601,357.3159,0.08625603,0.03753608,-0.9955624,0.0,0.0,0.0,1.153542,-0.268891,-2.580125,0.1068713,0.1452781,1.046123,0.2587586,-0.03962178,-0.9651291,0.523925,0.8451716,0.1057713,0.811509,-0.5330245,0.2394543,moving,-0.7320182835219037,9.987551706701156,5.8330663851671725,7.906262074182584,0.9395920000000001,-0.3745665,0.1208250000000004,-0.012582201098871815,0.17342047730033006,0.9847674727871057,-0.5606846503417882,9.702238269628886,6.823098167832624,6.887096865986832,6.641203414945343
05/17/2023 13:13:45.233747,1178,True,True,True,True,Eyes,0.2372507,0.1057861,-2.824458,0.8872776,-0.3804716,0.2607292,0.0,0.0,0.0,0.0,0.0,0.0,0.0,-2.656348,0.08123973,0.5061057,0.2150059,0.1053466,-2.694735,0.2101927,0.583101,-0.1847519,0.7626789,32.41698,74.07483,357.5093,0.08599741,0.03751252,-0.9955856,0.0,0.0,0.0,1.151008,-0.271192,-2.580136,0.1075873,0.1415593,1.044005,0.25172,-0.03668557,-0.9671046,0.5269397,0.8433716,0.1051611,0.8117706,-0.536077,0.2316246,moving,-0.8640122074302077,10.026331420104478,5.883702649488686,7.7217880771576635,0.9360021000000001,-0.3765386,0.11459900000000012,-0.014849043464397527,0.1740815429759474,0.9846192238140925,-0.6139715072296732,9.725836007646137,7.066668721593289,7.130398012018996,6.799704225521929
05/17/2023 13:13:45.263811,1179,True,True,True,True,Eyes,0.2367532,0.105552,-2.818758,0.8877442,-0.3832032,0.2550794,0.0,0.0,0.0,0.0,0.0,0.0,0.0,-2.65408,0.07598737,0.4837828,0.2157193,0.105028,-2.688195,0.2113822,0.5859018,-0.1857043,0.7599675,32.60853,74.57346,357.6487,0.08576223,0.03749089,-0.9956068,0.0,0.0,0.0,1.148436,-0.2735271,-2.580147,0.1082717,0.138618,1.041514,0.244466,-0.03456001,-0.9690419,0.5299569,0.8416629,0.1036783,0.8120235,-0.5388963,0.2240733,moving,-0.984333178965276,10.04428678011755,5.934925892612554,7.5811013392411075,0.9327167000000001,-0.37855510000000003,0.1080479999999997,-0.016915786786843745,0.17438437442016902,0.9845323273228301,-0.665933024250883,9.740643124889397,7.280650814397003,7.344619024548364,6.945139247293502
05/17/2023 13:13:45.273603,1180,True,True,True,True,Eyes,0.2363037,0.1053223,-2.813024,0.8881888,-0.385874,0.2494431,0.0,0.0,0.0,0.0,0.0,0.0,0.0,-2.651242,0.06852388,0.4644601,0.2164865,0.1045985,-2.681734,0.2119527,0.5884209,-0.1867989,0.7575904,32.75033,75.00016,357.7104,0.08554992,0.03747069,-0.9956259,0.0,0.0,0.0,1.145754,-0.2759621,-2.580159,0.1083,0.1362984,1.038937,0.2377343,-0.03359928,-0.9707489,0.5324687,0.8403645,0.101314,0.8123788,-0.5409792,0.217674,moving,-1.0490171233391032,10.018047815500513,5.951085466404316,7.473964574693135,0.9292674999999999,-0.38056059999999997,0.10157499999999997,-0.01802873219911011,0.17393009930859027,0.9845929279803134,-0.7008560714829479,9.734771184060564,7.3845692285504265,7.448073294691016,7.025636821557845
05/17/2023 13:13:45.286201,1181,True,True,True,True,Eyes,0.2358941,0.1050789,-2.807226,0.8885665,-0.3886234,0.2437652,0.0,0.0,0.0,0.0,0.0,0.0,0.0,-2.64742,0.05729535,0.4498308,0.2171978,0.1044883,-2.675139,0.2116074,0.5905352,-0.18816,0.7557025,32.82362,75.31853,357.6496,0.08535996,0.03745198,-0.9956431,0.0,0.0,0.0,1.143296,-0.2781947,-2.58017,0.1078031,0.133895,1.036459,0.231728,-0.0344627,-0.9721699,0.5343091,0.8396363,0.09759431,0.8129057,-0.5420546,0.212981,moving,-1.0285610551243924,9.920642437842824,5.938037582308837,7.360989738392777,0.9260982000000001,-0.382683,0.0949690000000003,-0.017682484971310086,0.17225707053030165,0.984893332325084,-0.7103942570872697,9.695891503113462,7.360591529010628,7.421948431300802,7.046517733887545
05/17/2023 13:13:45.303898,1182,True,True,True,True,Eyes,0.2355278,0.1048239,-2.801389,0.8889319,-0.3912776,0.2381218,0.0,0.0,0.0,0.0,0.0,0.0,0.0,-2.643538,0.04670922,0.4346182,0.2179021,0.1038998,-2.668538,0.2112462,0.5927038,-0.1894159,0.7537896,32.88847,75.64774,357.6012,0.08519173,0.0374342,-0.9956583,0.0,0.0,0.0,1.140579,-0.2806614,-2.580182,0.1080367,0.1280062,1.033721,0.2256477,-0.03514666,-0.9735748,0.5359724,0.8389933,0.0939353,0.8135211,-0.5430054,0.2081545,moving,-1.017168506933018,9.820252224239082,5.966460829419479,7.059030988519382,0.9226769,-0.3845612,0.08835599999999966,-0.01749197960989818,0.17053171032740405,0.9851969555153667,-0.7246911622307506,9.656455644250743,7.45253949663569,7.5096885035367915,7.1776131002977595
05/17/2023 13:13:45.313777,1183,True,True,True,True,Eyes,0.235206,0.1045486,-2.795499,0.8892418,-0.3939828,0.2324362,0.0,0.0,0.0,0.0,0.0,0.0,0.0,-2.639067,0.03319877,0.4213643,0.2185749,0.1033692,-2.661741,0.2102094,0.5947853,-0.1908526,0.7520757,32.90306,75.93179,357.4734,0.08504472,0.03741689,-0.9956717,0.0,0.0,0.0,1.138147,-0.2828694,-2.580193,0.1114187,0.1109631,1.032465,0.2196117,-0.03701224,-0.974885,0.53713,0.8387746,0.0891542,0.814409,-0.5432193,0.2040851,moving,-0.9723269658333908,9.6670145018448,6.159251547511669,6.134258282919324,0.9195721,-0.3862386,0.08154800000000018,-0.016728598844965248,0.16789838000093832,0.9856623664355177,-0.7338613422489948,9.594460390744045,7.912317990887476,7.958629190655986,7.712846681866511
05/17/2023 13:13:45.333721,1184,True,True,True,True,Eyes,0.2349155,0.104253,-2.789567,0.8895305,-0.3966164,0.2267836,0.0,0.0,0.0,0.0,0.0,0.0,0.0,-2.634341,0.01900142,0.4080987,0.2193761,0.1026117,-2.654808,0.2090614,0.5968677,-0.1924098,0.7503471,32.917,76.21085,357.3246,0.08491854,0.03739934,-0.9956833,0.0,0.0,0.0,1.135528,-0.2852476,-2.580204,0.1055877,0.11491,1.028847,0.213455,-0.03918437,-0.9761667,0.5383122,0.8385436,0.08405077,0.8152648,-0.5434235,0.2000848,moving,-0.9274085281368131,9.517419245884676,5.859591870602372,6.372847379720189,0.9161519000000001,-0.3878593,0.07460399999999989,-0.015962892728622946,0.16532637427831623,0.9861096574072732,-0.7422868212205644,9.533863854351297,7.433918418239039,7.480087341332257,7.319619349012284
05/17/2023 13:13:45.353764,1185,True,True,True,True,Eyes,0.2346604,0.1039342,-2.783556,0.8897229,-0.3993535,0.2211558,0.0,0.0,0.0,0.0,0.0,0.0,0.0,-2.629417,0.006202027,0.394824,0.2198393,0.1018381,-2.64784,0.2082488,0.5988943,-0.1940009,0.7485465,32.9659,76.49601,357.199,0.08481239,0.03738089,-0.9956932,0.0,0.0,0.0,1.132852,-0.2876776,-2.580216,0.1131148,0.1115232,1.026686,0.2073786,-0.04099927,-0.9774013,0.5398754,0.8379922,0.07939581,0.8157995,-0.5441399,0.1959162,moving,-0.8871381534625277,9.396298077455858,6.287186991096768,6.199415808911495,0.9130127,-0.38951569999999996,0.0676239999999999,-0.01527517338993789,0.1632431660517949,0.9864675779951377,-0.7473102111371399,9.484545543769974,7.807911900549467,7.854361687545915,7.763776675245626
05/17/2023 13:13:45.363739,1186,True,True,True,True,Eyes,0.2344455,0.1036098,-2.777494,0.8898991,-0.402038,0.2155111,0.0,0.0,0.0,0.0,0.0,0.0,0.0,-2.624504,-0.006881535,0.3794155,0.2205633,0.1009505,-2.640679,0.2077253,0.6011301,-0.1958249,0.7464218,33.06115,76.82758,357.0867,0.08472577,0.0373609,-0.9957016,0.0,0.0,0.0,1.130328,-0.28997,-2.580227,0.1164813,0.1125243,1.02203,0.2005904,-0.04259605,-0.9787487,0.5420758,0.8370056,0.07466891,0.8160377,-0.5455338,0.1909856,moving,-0.8884306358960415,9.32274698110121,6.501975174198174,6.282892873575438,0.9097647,-0.3909205,0.06045200000000017,-0.015300663019749472,0.16197663579954874,0.9866759625197306,-0.7622277483057027,9.45628465973624,7.942351363933968,7.991170817403145,7.927109153265566
05/17/2023 13:13:45.386671,1187,True,True,True,True,Eyes,0.2342663,0.1032677,-2.771348,0.8900291,-0.404779,0.2097671,0.0,0.0,0.0,0.0,0.0,0.0,0.0,-2.619407,-0.02015543,0.362926,0.2213099,0.100506,-2.633313,0.2071784,0.6035647,-0.1974717,0.7441719,33.14273,77.1952,357.0005,0.08465838,0.03733936,-0.9957083,0.0,0.0,0.0,1.127806,-0.2922595,-2.580238,0.1190173,0.1115222,1.018283,0.1934293,-0.04381467,-0.9801353,0.5439969,0.8361641,0.06997875,0.8164879,-0.5467265,0.1855737,moving,-0.9118011818880459,9.230717479872485,6.666504971095197,6.250115323947643,0.9064961,-0.3927655,0.05307499999999976,-0.015707242556473378,0.16039060601771254,0.9869286752155715,-0.7909195023071911,9.422349721483368,8.093710234377,8.143384637866953,8.10408852675054
05/17/2023 13:13:45.403836,1188,True,True,True,True,Eyes,0.2341287,0.1029147,-2.765149,0.8901678,-0.4074249,0.2039761,0.0,0.0,0.0,0.0,0.0,0.0,0.0,-2.61412,-0.03152312,0.3459165,0.2220846,0.09973054,-2.625834,0.2064513,0.6060731,-0.1984721,0.7420662,33.15994,77.57606,356.9659,0.08460986,0.03731588,-0.9957134,0.0,0.0,0.0,1.12513,-0.2946894,-2.58025,0.1223166,0.1111888,1.014703,0.1865685,-0.04430967,-0.9814422,0.5448079,0.8359734,0.06582381,0.817543,-0.5469781,0.1801066,moving,-0.9319175180568074,9.080439417543332,6.873511320644292,6.253389490074237,0.9030454,-0.39441994,0.04558399999999985,-0.016060536372891843,0.1578006036547691,0.9873403867591285,-0.8294534559071483,9.365753243969353,8.250541608024893,8.301622169698511,8.30797655782395
05/17/2023 13:13:45.413965,1189,True,True,True,True,Eyes,0.2340242,0.1025435,-2.75886,0.8902486,-0.41017,0.1980354,0.0,0.0,0.0,0.0,0.0,0.0,0.0,-2.608909,-0.04424655,0.3267674,0.2229333,0.0991196,-2.618323,0.2056512,0.6089423,-0.1995432,0.7396483,33.17785,78.01563,356.9369,0.08458001,0.03729032,-0.995717,0.0,0.0,0.0,1.122689,-0.2969056,-2.580261,0.1232011,0.1130044,1.010453,0.1787436,-0.04472405,-0.9828787,0.545643,0.8357802,0.06119858,0.8187335,-0.5472397,0.1737937,moving,-0.996088618666978,8.921910138320616,6.951567610846319,6.381180230812663,0.8997557,-0.39602519999999997,0.03806200000000004,-0.01717387564814571,0.1550653035638051,0.9877549432835084,-0.8898995928449789,9.30886476533217,8.290147411814136,8.343892856780155,8.370181876173953
05/17/2023 13:13:45.433605,1190,True,True,True,True,Eyes,0.2339569,0.1021527,-2.75251,0.89033,-0.4128588,0.1919896,0.0,0.0,0.0,0.0,0.0,0.0,0.0,-2.60349,-0.05900879,0.3049796,0.2237084,0.09831586,-2.610544,0.2048154,0.6122316,-0.2009706,0.7367728,33.22209,78.52344,356.8924,0.0845685,0.03726233,-0.9957193,0.0,0.0,0.0,1.120106,-0.2992514,-2.580272,0.1252962,0.1163301,1.006961,0.1695668,-0.04535053,-0.9844747,0.5469282,0.8353229,0.05572369,0.8198273,-0.5478858,0.1664465,moving,-1.1198974631153071,8.789398408348262,7.09286033832837,6.5899345403598,0.8963976,-0.39756726,0.030272000000000077,-0.019315219413572227,0.1527744654441615,0.9880722590746371,-0.97276755847358,9.265912516097767,8.443425343707734,8.50217807457364,8.497953371036141
05/17/2023 13:13:45.454155,1191,True,True,True,True,Eyes,0.2339299,0.101745,-2.746121,0.8902506,-0.4157925,0.1859312,0.0,0.0,0.0,0.0,0.0,0.0,0.0,-2.597747,-0.07593791,0.28197,0.2245138,0.09746338,-2.602625,0.2038879,0.6157413,-0.202796,0.7335982,33.29044,79.0637,356.814,0.08457509,0.0372315,-0.99572,0.0,0.0,0.0,1.117502,-0.301616,-2.580284,0.1262673,0.1205794,1.003081,0.1594728,-0.04645704,-0.9861086,0.5486259,0.8346071,0.04940388,0.820718,-0.5488834,0.1585847,moving,-1.2786791616896778,8.662483772337517,7.17462539505258,6.8545799800176965,0.8929882,-0.39907938,0.02234100000000039,-0.022060875930110635,0.15057688109236453,0.988352095977816,-1.0706651841457813,9.227409876190489,8.579751627203725,8.644470721294843,8.579926482877847
05/17/2023 13:13:45.463934,1192,True,True,True,True,Eyes,0.233934,0.1013239,-2.739651,0.8901674,-0.4186626,0.1797878,0.0,0.0,0.0,0.0,0.0,0.0,0.0,-2.59149,-0.09582352,0.2589412,0.2252823,0.09658789,-2.594605,0.2025732,0.6193796,-0.2050197,0.730274,33.35589,79.60812,356.6711,0.08459962,0.03719751,-0.9957193,0.0,0.0,0.0,1.114941,-0.3039409,-2.580295,0.1272718,0.1235831,0.9993446,0.1486718,-0.04850161,-0.9876965,0.5503805,0.8338621,0.04189789,0.8215705,-0.5498378,0.1506661,moving,-1.4443532451025298,8.534370935629846,7.257848451485294,7.049642920270267,0.8896587,-0.40052879,0.014310000000000045,-0.024927118381359747,0.1483565701686417,0.9886197411276789,-1.17197292781224,9.188897280001846,8.758125946981988,8.827951724363336,8.697028095993042
05/17/2023 13:13:45.486970,1193,True,True,True,True,Eyes,0.2339793,0.1008779,-2.733155,0.8899578,-0.4216917,0.1736413,0.0,0.0,0.0,0.0,0.0,0.0,0.0,-2.584351,-0.1138566,0.2372086,0.2260267,0.09587143,-2.586082,0.201449,0.6227623,-0.207028,0.7271348,33.42326,80.12266,356.5542,0.08464175,0.03716027,-0.9957172,0.0,0.0,0.0,1.112333,-0.3063096,-2.580307,0.1275732,0.1261938,0.9961172,0.1386132,-0.05016485,-0.9890753,0.5519842,0.8331155,0.03510273,0.822253,-0.5508196,0.143171,moving,-1.5772846529355242,8.399484472418417,7.298168935011125,7.2200938616508905,0.8863063,-0.40218103,0.005775000000000308,-0.027230308233086198,0.14601996675806544,0.9889068491606905,-1.2595080282408824,9.145627848732854,8.87961224994537,8.953470757452758,8.771631327340534
05/17/2023 13:13:45.503845,1194,True,True,True,True,Eyes,0.2340607,0.1004128,-2.72657,0.8897592,-0.4246003,0.1674606,0.0,0.0,0.0,0.0,0.0,0.0,0.0,-2.576751,-0.129757,0.2172353,0.2270687,0.09508877,-2.577415,0.2001678,0.6258497,-0.2084705,0.7244205,33.43248,80.58687,356.4626,0.08470139,0.03711921,-0.9957137,0.0,0.0,0.0,1.109607,-0.3087847,-2.580319,0.1270621,0.1288527,0.9930093,0.1297043,-0.05149075,-0.9902151,0.5525907,0.8329457,0.02906895,0.8232986,-0.5509539,0.1364899,moving,-1.6531711464073509,8.217407639479465,7.291750094833157,7.393378658385313,0.8825383,-0.40387347,-0.0029040000000000177,-0.028553317852338445,0.14287135791905686,0.9893292598640141,-1.3299391297708563,9.080432432875051,8.90601384101506,8.98279687923971,8.785196385037333
05/17/2023 13:13:45.514168,1195,True,True,True,True,Eyes,0.234179,0.09991026,-2.719945,0.8894432,-0.4276488,0.1612676,0.0,0.0,0.0,0.0,0.0,0.0,0.0,-2.568852,-0.1436367,0.1979895,0.2280129,0.0941512,-2.568653,0.1989789,0.6287875,-0.2096011,0.7218734,33.42632,81.03419,356.4017,0.08477847,0.03707407,-0.9957088,0.0,0.0,0.0,1.107156,-0.3110105,-2.58033,0.127197,0.1300831,0.9903388,0.1213874,-0.05237998,-0.9912223,0.5528418,0.8329496,0.02368616,0.8243976,-0.5508643,0.1300674,moving,-1.706231734192307,8.012655234803882,7.318878287046426,7.483082138296944,0.8791431000000001,-0.4051617,-0.01167700000000016,-0.029484529528093162,0.13933121697536743,0.9898067566308641,-1.3942647929583718,9.005001855516717,8.96238790258273,9.040633747697544,8.845060879287255
05/17/2023 13:13:45.533672,1196,True,True,True,True,Eyes,0.2343218,0.09936853,-2.713246,0.8891156,-0.4306393,0.1549946,0.0,0.0,0.0,0.0,0.0,0.0,0.0,-2.560883,-0.1567374,0.1776984,0.2289785,0.09284931,-2.559924,0.1980545,0.6317894,-0.2108146,0.7191481,33.45224,81.5063,356.361,0.08487284,0.03702392,-0.9957026,0.0,0.0,0.0,1.104565,-0.313363,-2.580341,0.1269166,0.1282484,0.9881369,0.1127988,-0.05295638,-0.9922058,0.5534713,0.8326632,0.01848017,0.8251946,-0.5512419,0.1232332,moving,-1.7752866435198786,7.842528651805445,7.319015607637696,7.394971986760318,0.8755865,-0.40621231,-0.02041700000000013,-0.03069015722695201,0.13638666235150765,0.9901802237365736,-1.459220169791232,8.943964077693288,9.028535158657307,9.105308364016897,8.913854377423167
05/17/2023 13:13:45.543820,1197,True,True,True,True,Eyes,0.2344882,0.09878903,-2.706485,0.8887088,-0.4337446,0.1485341,0.0,0.0,0.0,0.0,0.0,0.0,0.0,-2.553072,-0.1677134,0.1554611,0.229725,0.09137992,-2.551342,0.1978682,0.6349195,-0.2121065,0.7160562,33.55316,82.03694,356.3882,0.08498403,0.03696787,-0.9956952,0.0,0.0,0.0,1.102012,-0.3156812,-2.580352,0.1261555,0.1248703,0.9859211,0.1037764,-0.05249967,-0.9932142,0.555021,0.831718,0.01402836,0.8253378,-0.5527105,0.1154511,moving,-1.8811548407230683,7.738598274049492,7.291771937687321,7.218275022310369,0.872287,-0.40706112,-0.02900999999999998,-0.03252780667058913,0.1345824989414433,0.9903684066352715,-1.5282536788119168,8.91085064228654,9.113433477280486,9.187672282378099,8.980961201622044
05/17/2023 13:13:45.568945,1198,True,True,True,True,Eyes,0.2346659,0.09815685,-2.699665,0.8882793,-0.4368085,0.1419796,0.0,0.0,0.0,0.0,0.0,0.0,0.0,-2.545189,-0.1791597,0.1321084,0.2304975,0.08994908,-2.542895,0.1978639,0.63819,-0.2135929,0.7127001,33.68737,82.60284,356.4235,0.08511152,0.03690514,-0.9956867,0.0,0.0,0.0,1.099496,-0.3179654,-2.580364,0.1267181,0.1205974,0.9837627,0.09418318,-0.05190594,-0.9942009,0.5570049,0.8304559,0.009409493,0.8251516,-0.554661,0.1071268,moving,-2.0135724190229425,7.66857450939476,7.339831713790348,6.988899047507502,0.8689985,-0.40791448,-0.03746899999999975,-0.03482237781988046,0.13336170100703365,0.9904554740140417,-1.6029219331336884,8.892544745417833,9.306207237165745,9.378066304159956,9.143123631054415
05/17/2023 13:13:45.587271,1199,True,True,True,True,Eyes,0.2348676,0.09749781,-2.692789,0.8877891,-0.4399588,0.1351552,0.0,0.0,0.0,0.0,0.0,0.0,0.0,-2.536911,-0.1934781,0.1088626,0.230969,0.08807043,-2.53458,0.1973488,0.6416038,-0.2154846,0.7091999,33.80934,83.17118,356.384,0.08525445,0.03683449,-0.9956771,0.0,0.0,0.0,1.096923,-0.3203024,-2.580375,0.127991,0.1156603,0.9813821,0.08382203,-0.05240382,-0.9951019,0.5588828,0.8292397,0.003408046,0.8249993,-0.556431,0.09879616,moving,-2.1403355468221292,7.578805664833369,7.430526162086071,6.7215599596394435,0.8659540000000001,-0.40837283,-0.04579500000000003,-0.037021416446294364,0.13179931625792873,0.9905849356928169,-1.6788287115947558,8.866258694245168,9.54009673838771,9.609176033881294,9.35842288405862
05/17/2023 13:13:45.604044,1200,True,True,True,True,Eyes,0.2351644,0.0970466,-2.685895,0.8872176,-0.4431656,0.128254,0.0,0.0,0.0,0.0,0.0,0.0,0.0,-2.528391,-0.2128081,0.08712173,0.2318062,0.0867923,-2.526731,0.1962647,0.6449819,-0.2180744,0.705636,33.93769,83.7058,356.2274,0.08541247,0.0367557,-0.9956664,0.0,0.0,0.0,1.094232,-0.3227451,-2.580387,0.1293339,0.1104804,0.9787853,0.07288387,-0.05458802,-0.9958454,0.5609367,0.8278475,-0.004325235,0.8246442,-0.5582908,0.09095712,moving,-2.246552933375488,7.489417490398772,7.5272937286689245,6.4400037655593945,0.8624258000000001,-0.4095374,-0.05365600000000015,-0.038865790433600556,0.13024458239799397,0.9907197920598254,-1.7451915207866873,8.83877251997486,9.764044294028615,9.830022774085418,9.577738472026255
05/17/2023 13:13:45.613962,1201,True,True,True,True,Eyes,0.2355039,0.09647984,-2.678955,0.8864986,-0.4466921,0.1207733,0.0,0.0,0.0,0.0,0.0,0.0,0.0,-2.518116,-0.2547057,0.06782293,0.2344217,0.09137344,-2.519341,0.1935728,0.6488065,-0.2235481,0.7011464,34.16129,84.23204,355.6823,0.08558773,0.03667722,-0.9956542,0.0,0.0,0.0,1.091818,-0.3249375,-2.580397,0.129614,0.1061412,0.9761041,0.05815284,-0.06229721,-0.9963621,0.5646623,0.8251117,-0.01863316,0.8232708,-0.5615246,0.08315943,moving,-2.367147879338861,7.461503553396761,7.563889088109145,6.205938288079723,0.8573963,-0.41631094,-0.06105600000000022,-0.040953618971147354,0.1297510612844181,0.9907003851750504,-1.8062109506562551,8.835920182830385,9.946402040753306,10.010091876915494,9.73219294420264
05/17/2023 13:13:45.633811,1202,True,True,True,True,Eyes,0.2358096,0.09601714,-2.671963,0.8857306,-0.4501731,0.11325,0.0,0.0,0.0,0.0,0.0,0.0,0.0,-2.504987,-0.3024275,0.01792884,0.2359017,0.08816469,-2.510642,0.1919536,0.6565559,-0.2311677,0.6918452,34.69122,85.52342,355.2695,0.08578044,0.03659476,-0.9956405,0.0,0.0,0.0,1.089152,-0.3273585,-2.580409,0.1290047,0.1024077,0.9734181,0.03099174,-0.06780798,-0.9972169,0.5719211,0.8194306,-0.03794467,0.819723,-0.5691534,0.06417639,moving,-3.178946420362463,7.67691838962922,7.549276111812959,6.005666520391686,0.8532502999999999,-0.41552319,-0.06976700000000013,-0.05495909565441842,0.1333850596867458,0.9895392876976545,-2.138435869295333,8.972153747355298,10.788492565632206,10.857616750940622,10.131722948079828
05/17/2023 13:13:45.653770,1203,True,True,True,True,Eyes,0.2362064,0.09560523,-2.664936,0.8849367,-0.4536296,0.1053906,0.0,0.0,0.0,0.0,0.0,0.0,0.0,-2.493907,-0.3250743,-0.0005831718,0.2354316,0.09022316,-2.502334,0.1906021,0.6599653,-0.2339126,0.6880419,34.82228,86.07217,355.0873,0.08598793,0.03651258,-0.9956255,0.0,0.0,0.0,1.086483,-0.3297819,-2.580421,0.1276348,0.09997267,0.9707374,0.01946151,-0.07030176,-0.997336,0.5734649,0.8179114,-0.04646383,0.8189991,-0.5710329,0.05623337,moving,-3.2382240727577485,7.571370211168063,7.490415133929589,5.879951860053031,0.8510514000000001,-0.42000506000000004,-0.07808700000000002,-0.05599665112900026,0.13155433735649943,0.9897261171437475,-2.186310102569367,8.935362698379574,10.794271530982126,10.861150733958045,10.147637493212846
05/17/2023 13:13:45.664082,1204,True,True,True,True,Eyes,0.2366441,0.09524924,-2.657877,0.8841154,-0.457014,0.09735602,0.0,0.0,0.0,0.0,0.0,0.0,0.0,-2.480492,-0.3640649,-0.03715348,0.2380811,0.09106177,-2.494351,0.1874843,0.6660864,-0.2379061,0.6816006,34.9255,87.03869,354.783,0.08621238,0.03643256,-0.9956089,0.0,0.0,0.0,1.083981,-0.3320536,-2.580432,0.126156,0.09862211,0.9682169,-0.0005406862,-0.07455239,-0.9972169,0.5740753,0.8165007,-0.06135322,0.8188024,-0.5725108,0.04235724,moving,-3.670685679295402,7.393499559297503,7.423659649355647,5.816061447453196,0.8458999,-0.42311537,-0.08608100000000007,-0.06349159903621787,0.1284234541494499,0.9896849319958088,-2.4202730874382983,8.895162740641508,11.137917953200871,11.205927416687128,10.314255983842823
05/17/2023 13:13:45.687570,1205,True,True,True,True,Eyes,0.2371194,0.09494019,-2.650796,0.8831738,-0.460497,0.08914433,0.0,0.0,0.0,0.0,0.0,0.0,0.0,-2.468165,-0.3895119,-0.06697774,0.2395357,0.09206044,-2.486401,0.1856702,0.6709567,-0.2402178,0.6764904,34.99883,87.85308,354.6866,0.08645391,0.03635657,-0.9955905,0.0,0.0,0.0,1.08147,-0.3343333,-2.580443,0.1237038,0.09778012,0.9655455,-0.01577482,-0.07585675,-0.996994,0.5741634,0.815644,-0.07114327,0.8185888,-0.5735597,0.0306875,moving,-3.9229127065114726,7.20568203415813,7.300850557138362,5.782589711636411,0.8419342999999999,-0.42639373999999997,-0.09404199999999996,-0.06787644839750251,0.12514235256989262,0.9898142951750106,-2.5731000534172503,8.839314532239566,11.246159826352974,11.313622477211966,10.336269505415526
05/17/2023 13:13:45.693678,1206,True,True,True,True,Eyes,0.2376349,0.09464248,-2.643699,0.8821732,-0.4639539,0.0807294,0.0,0.0,0.0,0.0,0.0,0.0,0.0,-2.455639,-0.4129829,-0.09998178,0.2409893,0.09292323,-2.47871,0.1855767,0.675935,-0.2432733,0.6704412,35.28967,88.78228,354.705,0.08671249,0.03628597,-0.9955704,0.0,0.0,0.0,1.078878,-0.3366874,-2.580455,0.1218738,0.09683169,0.9630855,-0.03214008,-0.0753253,-0.996641,0.5770765,0.8127587,-0.08003737,0.8160576,-0.5777104,0.01734629,moving,-4.269777577365438,7.231646643715896,7.212168327701967,5.7414059218337625,0.8378887,-0.42961063,-0.1017450000000002,-0.07386371767486716,0.12553733391621186,0.9893354037697567,-2.7279195537518977,8.872058865611416,11.508808716108833,11.57825112769843,10.421436318733118
05/17/2023 13:13:45.713926,1207,True,True,True,True,Eyes,0.2382044,0.09438932,-2.636611,0.8811296,-0.4673278,0.07221851,0.0,0.0,0.0,0.0,0.0,0.0,0.0,-2.443063,-0.433264,-0.1326001,0.2425181,0.09291711,-2.471115,0.1849755,0.6808429,-0.2453301,0.6648685,35.45275,89.68532,354.7635,0.08698819,0.03622066,-0.9955485,0.0,0.0,0.0,1.076107,-0.3392038,-2.580467,0.120968,0.09502482,0.9604682,-0.04746789,-0.07434598,-0.9961022,0.5781031,0.8111944,-0.0880937,0.8145819,-0.5800313,0.004473969,moving,-4.5674279893422005,7.1412984956589325,7.1784292648888135,5.65022402936047,0.8335889,-0.43212090999999997,-0.1093519999999999,-0.07901839193578325,0.12392800335861032,0.9891400818665936,-2.882703689174419,8.856751677041695,11.770504955411806,11.840121017152596,10.559745066746698
05/17/2023 13:13:45.733785,1208,True,True,True,True,Eyes,0.2388183,0.09413021,-2.629504,0.8800489,-0.4706224,0.06347094,0.0,0.0,0.0,0.0,0.0,0.0,0.0,-2.428409,-0.4645079,-0.1631429,0.2444599,0.09377291,-2.46394,0.1820271,0.6860214,-0.2481346,0.6592952,35.48364,90.52902,354.5429,0.0872815,0.03616176,-0.9955248,0.0,0.0,0.0,1.073713,-0.3413773,-2.580477,0.1218172,0.09251734,0.9581106,-0.06439215,-0.07743888,-0.9949157,0.5769368,0.8105907,-0.100432,0.8142467,-0.5804704,-0.007518321,moving,-4.817229875556402,6.9091107655755994,7.245888622400424,5.51551057225085,0.8292530999999999,-0.43515021,-0.11653700000000011,-0.08337193443770574,0.11987589671037123,0.9892820426619768,-3.0430526024937548,8.783644810070847,12.075459929773338,12.143350007085479,10.795508923887665
05/17/2023 13:13:45.748578,1209,True,True,True,True,Eyes,0.2394685,0.09386896,-2.622463,0.8788949,-0.4738453,0.05490334,0.0,0.0,0.0,0.0,0.0,0.0,0.0,-2.412843,-0.4912069,-0.1986535,0.2461919,0.09337926,-2.456262,0.1797516,0.6916667,-0.2503367,0.6531602,35.52881,91.50869,354.4744,0.08759263,0.03610842,-0.9954991,0.0,0.0,0.0,1.070477,-0.3443156,-2.580492,0.1224157,0.08917747,0.9552982,-0.08214258,-0.07836366,-0.9935352,0.5756763,0.8100418,-0.1114861,0.8135415,-0.5811123,-0.02142682,moving,-5.176253052265254,6.688536382631225,7.302311834710056,5.333128337668605,0.8242850999999999,-0.43769486,-0.12422999999999984,-0.08961072435412964,0.1160034402048016,0.9891982158610251,-3.2514819323809863,8.722173319553642,12.48572468542481,12.55196050849438,11.0845924042127
05/17/2023 13:13:45.774026,1210,True,True,True,True,Eyes,0.2401547,0.0935987,-2.615422,0.877647,-0.4770792,0.0461647,0.0,0.0,0.0,0.0,0.0,0.0,0.0,-2.398553,-0.5112835,-0.2301342,0.2480462,0.09323837,-2.44892,0.1787717,0.6964222,-0.2521733,0.6476461,35.64771,92.39277,354.5176,0.08792119,0.0360599,-0.9954717,0.0,0.0,0.0,1.068688,-0.3459403,-2.5805,0.1241238,0.08699468,0.9529934,-0.09719041,-0.07763685,-0.9922332,0.5756393,0.8088986,-0.1196764,0.8119074,-0.5827997,-0.03392636,moving,-5.432953206822327,6.562170013851697,7.420785313502465,5.215830040964353,0.8206418000000001,-0.43917867,-0.1315799999999996,-0.09406608605252642,0.11377451517566406,0.9890434420989966,-3.39440490957558,8.690300791134016,12.858331255797275,12.924056068876972,11.359590069854963
05/17/2023 13:13:45.788092,1211,True,True,True,True,Eyes,0.240886,0.09333683,-2.608358,0.8762141,-0.4804483,0.03766022,0.0,0.0,0.0,0.0,0.0,0.0,0.0,-2.384079,-0.5302133,-0.2609706,0.2496867,0.09277349,-2.441744,0.1784716,0.70096,-0.2543947,0.6419395,35.8579,93.28159,354.5903,0.08826706,0.03601538,-0.9954423,0.0,0.0,0.0,1.066063,-0.3483231,-2.580511,0.1258731,0.08389832,0.9501886,-0.1121232,-0.07640906,-0.9907522,0.5768148,0.8068625,-0.1275051,0.8091434,-0.5857768,-0.04639417,moving,-5.709336160487217,6.517788395150204,7.546132322826355,5.045930335897567,0.8163762999999999,-0.44109659,-0.13876700000000008,-0.0988452073541849,0.11295579225773304,0.9886711405521478,-3.5304359822558906,8.691314349991757,13.271384696051198,13.336934087664464,11.661011535341435
05/17/2023 13:13:45.803489,1212,True,True,True,True,Eyes,0.2416611,0.09309186,-2.601292,0.8746833,-0.4838223,0.02906923,0.0,0.0,0.0,0.0,0.0,0.0,0.0,-2.368819,-0.5508177,-0.2901099,0.2515178,0.09271531,-2.434546,0.1782017,0.7052837,-0.2570596,0.6361914,36.11024,94.14268,354.6225,0.08863054,0.03597479,-0.9954112,0.0,0.0,0.0,1.063451,-0.3506949,-2.580523,0.1277047,0.08157092,0.947648,-0.1270094,-0.07571273,-0.9890077,0.5784438,0.804329,-0.1358591,0.8057737,-0.5893407,-0.0583617,moving,-5.962341583412834,6.514768557156479,7.67492202329203,4.919735633342244,0.8119331999999999,-0.44341020999999997,-0.1459769999999998,-0.10321118522145173,0.11285337465953063,0.9882365508733787,-3.6476380607089887,8.706735726788853,13.664051719690482,13.73022536984766,11.939084410606107
05/17/2023 13:13:45.813605,1213,True,True,True,True,Eyes,0.2424824,0.09285369,-2.594213,0.8730141,-0.4872523,0.02077744,0.0,0.0,0.0,0.0,0.0,0.0,0.0,-2.353771,-0.5703135,-0.3150048,0.2534184,0.09290383,-2.427318,0.1777172,0.7090397,-0.2595505,0.6311204,36.32644,94.88749,354.6158,0.08901183,0.03593839,-0.9953782,0.0,0.0,0.0,1.060946,-0.3529699,-2.580534,0.1290411,0.08010808,0.9448997,-0.1402074,-0.07559815,-0.9872319,0.5796323,0.8021002,-0.1437413,0.8027257,-0.5923851,-0.06864126,moving,-6.12823564696496,6.479752643165568,7.776544314863363,4.845916934334014,0.8075276,-0.44587373,-0.15321600000000002,-0.10607981163910163,0.1122153477675887,0.9880055232411739,-3.73091943615853,8.704115860900027,13.934096592053958,14.000440168448833,12.137026857432508
05/17/2023 13:13:45.833957,1214,True,True,True,True,Eyes,0.2433504,0.09263995,-2.587141,0.8712576,-0.4906674,0.01247997,0.0,0.0,0.0,0.0,0.0,0.0,0.0,-2.340006,-0.5841929,-0.3370633,0.2553772,0.0928428,-2.420059,0.1777978,0.712209,-0.2613546,0.6267696,36.52366,95.54905,354.6907,0.08941123,0.03590601,-0.9953432,0.0,0.0,0.0,1.058258,-0.3554111,-2.580546,0.1301466,0.07776808,0.9424119,-0.1510959,-0.07435976,-0.9857184,0.5808766,0.8001635,-0.1494017,0.7998454,-0.5951546,-0.07770758,moving,-6.207801334577115,6.4458735754607535,7.862784514666557,4.717374498565422,0.8028807999999998,-0.4482539,-0.16048699999999982,-0.10745904919377558,0.11161448801694758,0.9879244968330347,-3.7741893807405953,8.696275064494493,14.111051904105457,14.1763569085913,12.29840685438314
05/17/2023 13:13:45.853766,1215,True,True,True,True,Eyes,0.2442631,0.09244386,-2.580052,0.8693903,-0.4941053,0.004526138,0.0,0.0,0.0,0.0,0.0,0.0,0.0,-2.327541,-0.5944902,-0.3566082,0.2574283,0.09323568,-2.413104,0.1785445,0.7148925,-0.2628252,0.6228753,36.74148,96.15356,354.8354,0.08982898,0.0358782,-0.9953062,0.0,0.0,0.0,1.055676,-0.3577557,-2.580557,0.131356,0.0746808,0.939886,-0.1602965,-0.07213446,-0.9844297,0.5826948,0.7980896,-0.1533616,0.7967257,-0.5982054,-0.08589867,moving,-6.249222911940225,6.442915902820412,7.955975771837787,4.543023014870787,0.7982477000000001,-0.45099138,-0.16745300000000007,-0.1081739623491319,0.11155478860590594,0.9878532027361937,-3.7938571331742343,8.697850512137773,14.267743872899016,14.3316873616225,12.462791213357827
05/17/2023 13:13:45.863695,1216,True,True,True,True,Eyes,0.2452178,0.09226456,-2.572987,0.8674532,-0.4975073,-0.003396678,0.0,0.0,0.0,0.0,0.0,0.0,0.0,-2.315699,-0.6021885,-0.3745823,0.2593447,0.09345044,-2.40612,0.1797558,0.7172546,-0.264155,0.6192382,36.98143,96.72401,355.0241,0.09026531,0.03585518,-0.9952671,0.0,0.0,0.0,1.053203,-0.3600008,-2.580568,0.1318306,0.0716176,0.9375801,-0.1684638,-0.06928839,-0.9832696,0.5850111,0.7958199,-0.1563094,0.793336,-0.6015561,-0.09353245,moving,-6.258250153014378,6.473157343034102,8.003734002379177,4.368088965138019,0.7938582999999999,-0.45345124000000003,-0.17444799999999994,-0.1083232337682643,0.11207434650381051,0.9877780737831224,-3.792129336528677,8.71009691888804,14.35381414619063,14.41650113322629,12.569623104159438
05/17/2023 13:13:45.888548,1217,True,True,True,True,Eyes,0.2462343,0.0921114,-2.565944,0.8654705,-0.5008373,-0.01108394,0.0,0.0,0.0,0.0,0.0,0.0,0.0,-2.30417,-0.6104863,-0.3911467,0.2613554,0.09369149,-2.399542,0.180499,0.719494,-0.2653671,0.615897,37.17112,97.24587,355.1665,0.09071863,0.03583721,-0.995227,0.0,0.0,0.0,1.050584,-0.3623791,-2.58058,0.1316038,0.06908196,0.9352906,-0.1761824,-0.06714156,-0.9820653,0.5866134,0.7940009,-0.1595223,0.7904713,-0.6041976,-0.1005029,moving,-6.237469657993547,6.456957162422249,8.009448015357497,4.22428107135727,0.7892286,-0.45607059,-0.18103800000000003,-0.10796833298725084,0.11179938929310262,0.9878480534946186,-3.785705776030368,8.702491368738578,14.359870842510855,14.420801146914672,12.616656467942033
05/17/2023 13:13:45.904035,1218,True,True,True,True,Eyes,0.247302,0.09196675,-2.558921,0.8634755,-0.5040417,-0.01876273,0.0,0.0,0.0,0.0,0.0,0.0,0.0,-2.29071,-0.6252547,-0.4081094,0.2639091,0.09418408,-2.392975,0.1796098,0.7221079,-0.2668694,0.6124388,37.25886,97.75509,355.1359,0.09119248,0.03582462,-0.9951846,0.0,0.0,0.0,1.047912,-0.3648051,-2.580591,0.1310576,0.0670137,0.9330035,-0.1853183,-0.06748703,-0.9803587,0.5862777,0.7930421,-0.165417,0.7886291,-0.605417,-0.1073992,moving,-6.214994190565654,6.329954448534022,7.995935632401923,4.108258737300092,0.7840029,-0.45898918,-0.18761600000000023,-0.107607176153946,0.109613752775311,0.9881323470663634,-3.800076360041876,8.652072892882423,14.325448521922295,14.383548180703693,12.640891820055588
05/17/2023 13:13:45.913991,1219,True,True,True,True,Eyes,0.2484241,0.09181046,-2.55192,0.8614544,-0.5071526,-0.02631779,0.0,0.0,0.0,0.0,0.0,0.0,0.0,-2.276278,-0.6414543,-0.4259956,0.2662448,0.09424841,-2.386338,0.1778996,0.7250079,-0.268216,0.6089135,37.26975,98.27756,355.0487,0.09168597,0.03581722,-0.99514,0.0,0.0,0.0,1.045428,-0.3670609,-2.580602,0.1305904,0.06535949,0.9308485,-0.1951524,-0.06868342,-0.9783651,0.5845979,0.7928238,-0.1722664,0.787503,-0.6055683,-0.1145693,moving,-6.208297929714546,6.1236150248895544,7.986006554272879,4.0164289903095325,0.7791832000000001,-0.46130931000000003,-0.194264,-0.10753343377760993,0.10605534039907134,0.9885286512941533,-3.8371682034566863,8.572113478402434,14.295115449998349,14.34986107139977,12.670506008319629
05/17/2023 13:13:45.933942,1220,True,True,True,True,Eyes,0.2496052,0.09164728,-2.544945,0.859423,-0.5101461,-0.03380881,0.0,0.0,0.0,0.0,0.0,0.0,0.0,-2.262361,-0.6547213,-0.4423299,0.2688285,0.09385261,-2.379394,0.1763501,0.7275653,-0.2692071,0.6058688,37.25918,98.73727,354.9835,0.09220055,0.03581402,-0.9950929,0.0,0.0,0.0,1.042767,-0.3694771,-2.580614,0.131147,0.06333054,0.9286729,-0.2036473,-0.06959598,-0.9765676,0.5828209,0.7928563,-0.1780414,0.7866688,-0.6054215,-0.1209011,moving,-6.145964656875279,5.9132308265307865,8.038144702425534,3.901226569423007,0.7739385,-0.46332971,-0.20122000000000018,-0.10649853638421647,0.10243632888943074,0.989022159599825,-3.849403694928463,8.486948106886793,14.275008302092163,14.326099240450093,12.741375472004298
05/17/2023 13:13:45.953819,1221,True,True,True,True,Eyes,0.2508486,0.09146682,-2.538003,0.8573114,-0.5131558,-0.04108965,0.0,0.0,0.0,0.0,0.0,0.0,0.0,-2.249293,-0.6671695,-0.457063,0.2714631,0.09352966,-2.372952,0.1750884,0.7298323,-0.270301,0.6030144,37.27999,99.15675,354.9225,0.09273428,0.03581432,-0.9950436,0.0,0.0,0.0,1.040217,-0.3717919,-2.580626,0.1326878,0.06035888,0.9262558,-0.2114355,-0.07042043,-0.9748518,0.5815611,0.7925628,-0.1833871,0.7855455,-0.6057104,-0.1266222,moving,-6.061510583896086,5.736828000517471,8.152260430468765,3.7283722251368405,0.7687538999999999,-0.46532156,-0.20767399999999991,-0.10507306580248588,0.0994060001206615,0.9894837891363355,-3.8448265458511273,8.413428624599174,14.307511742143346,14.354970604304917,12.879435134489684
05/17/2023 13:13:45.963938,1222,True,True,True,True,Eyes,0.2521527,0.09126776,-2.53109,0.8551381,-0.5161426,-0.04832761,0.0,0.0,0.0,0.0,0.0,0.0,0.0,-2.236033,-0.6782492,-0.4725256,0.2743995,0.09301247,-2.366263,0.1746126,0.732026,-0.2715716,0.5999144,37.38012,99.6135,354.9319,0.09328967,0.03581704,-0.9949918,0.0,0.0,0.0,1.037741,-0.3740405,-2.580637,0.1346929,0.05738761,0.9238893,-0.2192263,-0.0701975,-0.9731454,0.5814813,0.7915187,-0.1880898,0.7834662,-0.6071001,-0.1327032,moving,-6.010404309570801,5.64333868259666,8.294657910328622,3.55437477625489,0.7633415,-0.46705297,-0.21437399999999984,-0.10420708278794333,0.09780028349813386,0.9897352676040159,-3.8394750519131082,8.374048937777586,14.411756227546844,14.45678302103177,13.056279782871183
05/17/2023 13:13:45.988468,1223,True,True,True,True,Eyes,0.2535141,0.09104975,-2.524262,0.8528311,-0.5192344,-0.05545027,0.0,0.0,0.0,0.0,0.0,0.0,0.0,-2.222963,-0.6897651,-0.4874473,0.2772189,0.09238748,-2.359992,0.1745503,0.7340926,-0.2732844,0.5966205,37.55428,100.0774,354.9473,0.09386692,0.03582119,-0.9949376,0.0,0.0,0.0,1.035017,-0.3765137,-2.580648,0.1363384,0.05491519,0.9213176,-0.2271525,-0.06982203,-0.971353,0.5823663,0.7896957,-0.1929516,0.7805454,-0.6095127,-0.1387193,moving,-5.975379075257947,5.615301154221933,8.41765237400602,3.4110825548283787,0.7577981,-0.46890118000000003,-0.22065599999999996,-0.10360691611137629,0.0973220861994605,0.9898454415641451,-3.828790832986324,8.360947651225178,14.517213112691852,14.560835619339093,13.20895664670818
05/17/2023 13:13:46.003918,1224,True,True,True,True,Eyes,0.2549437,0.09081684,-2.517462,0.8504434,-0.5223337,-0.06255846,0.0,0.0,0.0,0.0,0.0,0.0,0.0,-2.209179,-0.7023152,-0.503238,0.2804627,0.0918819,-2.353692,0.1747271,0.7362323,-0.2752674,0.5930097,37.77419,100.5804,354.978,0.09446623,0.03582574,-0.9948809,0.0,0.0,0.0,1.03237,-0.3789172,-2.58066,0.1371054,0.05391925,0.9190069,-0.2356202,-0.06919306,-0.9693791,0.5837519,0.7873967,-0.1980918,0.7769924,-0.6125511,-0.145135,moving,-5.974932328049947,5.628858134523073,8.485296292742497,3.357763617898505,0.7519073000000001,-0.4707991,-0.22696799999999984,-0.10359681283265626,0.09755640048982445,0.9898234593962731,-3.8259451157198736,8.366143044804886,14.594031769362074,14.637488926350281,13.290994300702172
05/17/2023 13:13:46.023719,1225,True,True,True,True,Eyes,0.2564367,0.09055793,-2.510729,0.8479292,-0.5255198,-0.06960635,0.0,0.0,0.0,0.0,0.0,0.0,0.0,-2.195084,-0.7153194,-0.5192285,0.2836153,0.09131626,-2.347529,0.1748856,0.7384247,-0.2773404,0.5892592,38.0025,101.1006,355.0078,0.09508871,0.03583004,-0.9948217,0.0,0.0,0.0,1.030029,-0.3810431,-2.580671,0.1373063,0.05384924,0.9169289,-0.2443773,-0.06857099,-0.9672527,0.5851305,0.7849947,-0.203484,0.7732413,-0.6156958,-0.1517119,moving,-5.989855163623196,5.6421080885320825,8.516523937553997,3.360996083847151,0.7464137000000001,-0.47235936,-0.23314199999999996,-0.10385229412449765,0.09778268043066102,0.9897743585170695,-3.8302432574757477,8.372227631803693,14.64088528189572,14.684635051814809,13.324980367546422
05/17/2023 13:13:46.033968,1226,True,True,True,True,Eyes,0.258004,0.09027111,-2.50403,0.8453361,-0.5287089,-0.07664101,0.0,0.0,0.0,0.0,0.0,0.0,0.0,-2.180976,-0.7275981,-0.5349877,0.2870482,0.0905623,-2.341296,0.1751367,0.7405249,-0.2793317,0.585597,38.23025,101.6109,355.0511,0.09573352,0.03583296,-0.9947599,0.0,0.0,0.0,1.027506,-0.3833341,-2.580682,0.1373459,0.05410643,0.9148921,-0.2528065,-0.06776542,-0.9651408,0.5865378,0.782602,-0.208585,0.769456,-0.6188231,-0.1580999,moving,-5.993290213827389,5.656987717853458,8.537630429518291,3.384512208139917,0.7404578,-0.4738964,-0.2393860000000001,-0.10390900120782465,0.09803913797375874,0.9897430546407457,-3.828929174647869,8.378187218842257,14.663390551221672,14.707542272094868,13.336738227764213
05/17/2023 13:13:46.054224,1227,True,True,True,True,Eyes,0.259639,0.08995245,-2.497389,0.8425854,-0.5320042,-0.08379402,0.0,0.0,0.0,0.0,0.0,0.0,0.0,-2.166464,-0.7409799,-0.5511646,0.2904951,0.0896297,-2.335375,0.1751996,0.7427177,-0.2814575,0.5817708,38.45787,102.1377,355.0741,0.09640259,0.03583348,-0.9946954,0.0,0.0,0.0,1.024818,-0.3857749,-2.580693,0.1373326,0.05384938,0.9128743,-0.261696,-0.06723984,-0.9628054,0.5877352,0.7801735,-0.214235,0.7655604,-0.621939,-0.1646491,moving,-6.001600942183031,5.661351792607859,8.555406543776547,3.37589850803364,0.7343229,-0.47540459999999995,-0.24531800000000015,-0.10405180007955755,0.09811305095338674,0.9897207257764091,-3.8319099468481994,8.38041386540448,14.691123294412678,14.73532367008795,13.36004430385859
05/17/2023 13:13:46.063751,1228,True,True,True,True,Eyes,0.2613526,0.08959357,-2.49078,0.8397333,-0.5353242,-0.09097293,0.0,0.0,0.0,0.0,0.0,0.0,0.0,-2.150514,-0.7561766,-0.5689015,0.2941353,0.08864947,-2.329332,0.1750464,0.7451832,-0.2837529,0.5775337,38.68852,102.7208,355.0854,0.09709588,0.03583047,-0.9946282,0.0,0.0,0.0,1.022303,-0.3880582,-2.580705,0.1368252,0.05044591,0.9127498,-0.2716272,-0.0668706,-0.9600766,0.5886371,0.7776861,-0.2207054,0.7613969,-0.6250861,-0.1718782,moving,-6.053924038404741,5.658940865220346,8.525407906943693,3.163408216294053,0.7281677,-0.47670767000000003,-0.25137300000000007,-0.1049561113675333,0.09806203599897957,0.9896303047146727,-3.856495913769415,8.382914645074116,14.74865302801874,14.791369212297907,13.437067745065
05/17/2023 13:13:46.083719,1229,True,True,True,True,Eyes,0.2631525,0.08920678,-2.484189,0.8367523,-0.5387009,-0.09821799,0.0,0.0,0.0,0.0,0.0,0.0,0.0,-2.134257,-0.7709537,-0.5875382,0.2978555,0.08734996,-2.323419,0.1752438,0.7476956,-0.2861414,0.5730307,38.95674,103.3474,355.1403,0.09781503,0.03582259,-0.9945582,0.0,0.0,0.0,1.019699,-0.3904229,-2.580716,0.1266228,0.05875997,0.9103895,-0.2818511,-0.06587761,-0.9571939,0.5899935,0.7748255,-0.2270532,0.7566161,-0.6287333,-0.1795181,moving,-6.134224261597318,5.6897718800127866,7.918264904741936,3.6929630986011377,0.7218434999999999,-0.47777286,-0.2572969999999999,-0.10633749664883718,0.09857998227289325,0.9894312349412033,-3.887504120044386,8.400060400550196,14.14714670126064,14.193649885762461,12.709561254292781
05/17/2023 13:13:46.094380,1230,True,True,True,True,Eyes,0.2650352,0.08876675,-2.477632,0.8336463,-0.5421314,-0.1054865,0.0,0.0,0.0,0.0,0.0,0.0,0.0,-2.117991,-0.7859043,-0.6048386,0.3017457,0.08631694,-2.317512,0.1755051,0.7500237,-0.2886264,0.5686452,39.23877,103.9468,355.1869,0.09856065,0.03580916,-0.9944851,0.0,0.0,0.0,1.01714,-0.3927464,-2.580727,0.1273516,0.05689853,0.9116018,-0.2916814,-0.06498602,-0.9543055,0.591518,0.7717856,-0.233353,0.7516839,-0.6325535,-0.1866751,moving,-6.1882073821384065,5.733381027240968,7.952802467725097,3.5715397338259973,0.7153942999999999,-0.47906334,-0.2632150000000002,-0.1072617179661956,0.09932312357271326,0.9892572218763933,-3.903894224337788,8.420405521069494,14.258999368896202,14.305303818928515,12.809869471242688
05/17/2023 13:13:46.113965,1231,True,True,True,True,Eyes,0.2669964,0.08827649,-2.471113,0.8303753,-0.5456616,-0.1128287,0.0,0.0,0.0,0.0,0.0,0.0,0.0,-2.100886,-0.8014456,-0.6234484,0.305741,0.08462955,-2.311728,0.1759595,0.7524686,-0.2913809,0.5638496,39.56397,104.6014,355.2542,0.09933331,0.03578851,-0.9944091,0.0,0.0,0.0,1.014464,-0.395177,-2.580739,0.121978,0.05398779,0.9104216,-0.3022239,-0.0637821,-0.9511008,0.593398,0.7682709,-0.2400807,0.7460158,-0.6369393,-0.1943416,moving,-6.2806953631486016,5.809226603567209,7.631026687389969,3.3936522933552133,0.708723,-0.47980655,-0.2690109999999999,-0.10884425593365904,0.10061516196421968,0.988953766988883,-3.9317547536356416,8.455698227171471,14.074282371794107,14.119879944942777,12.62229074649257
05/17/2023 13:13:46.133619,1232,True,True,True,True,Eyes,0.2690351,0.08772692,-2.464633,0.8269496,-0.549279,-0.1201955,0.0,0.0,0.0,0.0,0.0,0.0,0.0,-2.083592,-0.8172668,-0.6410706,0.3097773,0.08298969,-2.305949,0.1765482,0.7547702,-0.2943225,0.5590411,39.91773,105.2468,355.3205,0.1001356,0.0357592,-0.9943298,0.0,0.0,0.0,1.011974,-0.3974373,-2.58075,0.1190119,0.0509623,0.9101703,-0.3126076,-0.0625702,-0.9478195,0.5955833,0.76441,-0.2468963,0.739971,-0.6416872,-0.2016947,moving,-6.36144308687664,5.9088464783613315,7.449607245387213,3.2047617939793884,0.7021967,-0.48042699,-0.2748010000000001,-0.11021863863872111,0.10231890579080208,0.9886266799028894,-3.949574706388973,8.499383624962242,14.02779785062134,14.073279122529847,12.568785522190286
05/17/2023 13:13:46.153734,1233,True,True,True,True,Eyes,0.2711326,0.08712058,-2.458207,0.8233693,-0.552967,-0.1276343,0.0,0.0,0.0,0.0,0.0,0.0,0.0,-2.066029,-0.832514,-0.6595066,0.3138157,0.08104911,-2.300316,0.1775977,0.7570998,-0.2973567,0.5539296,40.3166,105.9464,355.4482,0.1009664,0.03571961,-0.9942472,0.0,0.0,0.0,1.009199,-0.3999571,-2.580763,0.1141458,0.05089116,0.9098754,-0.3232423,-0.06051094,-0.9443797,0.5983477,0.7600761,-0.2535041,0.7331403,-0.6470107,-0.2094822,moving,-6.475127985678363,6.049336600650133,7.150521096327159,3.201332556239224,0.6953833,-0.48100621,-0.2804470000000001,-0.11215184849457832,0.10471993035988192,0.9881577408858618,-3.9746176826304076,8.56097898991129,13.872925482979813,13.920109192924416,12.348867265666076
05/17/2023 13:13:46.163861,1234,True,True,True,True,Eyes,0.2733063,0.08645964,-2.451828,0.8195971,-0.556776,-0.1351339,0.0,0.0,0.0,0.0,0.0,0.0,0.0,-2.048057,-0.8472921,-0.6788664,0.317622,0.07913842,-2.29481,0.1789449,0.7595518,-0.300337,0.5485048,40.73394,106.7105,355.6377,0.1018265,0.03566829,-0.9941614,0.0,0.0,0.0,1.006765,-0.4021677,-2.580773,0.1097612,0.04986352,0.9092156,-0.3342425,-0.05763665,-0.9407231,0.6013084,0.7555528,-0.2599387,0.725748,-0.6525473,-0.2178805,moving,-6.626455295793541,6.199840553149792,6.883480322592542,3.139090573504213,0.6891429999999998,-0.48130612,-0.2859630000000002,-0.11472980561331331,0.10728346390693842,0.9875866653158498,-4.015060735086959,8.628901111931587,13.80330990562345,13.85231211209296,12.203123245044857
05/17/2023 13:13:46.193827,1235,True,True,True,True,Eyes,0.275559,0.08575712,-2.445513,0.815685,-0.5606068,-0.1427513,0.0,0.0,0.0,0.0,0.0,0.0,0.0,-2.029117,-0.8634825,-0.6989012,0.3217929,0.07719676,-2.289513,0.1805296,0.7620542,-0.3036443,0.5426626,41.20233,107.5309,355.8532,0.1027148,0.03560415,-0.9940724,0.0,0.0,0.0,1.004247,-0.4044536,-2.580785,0.1059082,0.0462265,0.9087387,-0.3458529,-0.05440615,-0.9367101,0.6046993,0.7504185,-0.2668535,0.7174431,-0.65872,-0.2266351,moving,-6.812365935918769,6.397482663287006,6.647500806875157,2.9120608208472247,0.6824541,-0.48165036000000006,-0.2912720000000002,-0.1178899096580317,0.11064826149255044,0.9868428793442383,-4.062265066356513,8.717256679782572,13.852900237264967,13.90381883345458,12.181928583768576
05/17/2023 13:13:46.203869,1236,True,True,True,True,Eyes,0.2778874,0.08502265,-2.439233,0.8115846,-0.5645427,-0.1504064,0.0,0.0,0.0,0.0,0.0,0.0,0.0,-2.008347,-0.8832182,-0.7187669,0.3262874,0.07555466,-2.284291,0.1816625,0.7646616,-0.3074054,0.5364637,41.68484,108.3746,356.0071,0.1036334,0.03552647,-0.9939799,0.0,0.0,0.0,1.001538,-0.4069137,-2.580796,0.1008879,0.04346043,0.9079001,-0.3584107,-0.05200308,-0.9321144,0.6076442,0.7450014,-0.2752115,0.7087383,-0.6650327,-0.235417,moving,-7.01461284554644,6.592750948272172,6.340822055749725,2.7406097208099967,0.6752506,-0.48246836,-0.2965049999999998,-0.12132685425329892,0.1139633174495284,0.9860488146913955,-4.117461262768155,8.805768293288995,13.846420382850841,13.899878900158571,12.089741042706617
05/17/2023 13:13:46.214009,1237,True,True,True,True,Eyes,0.280296,0.08425906,-2.433009,0.8074284,-0.5683873,-0.1580993,0.0,0.0,0.0,0.0,0.0,0.0,0.0,-1.987668,-0.901947,-0.7372568,0.330605,0.0740856,-2.278835,0.1826944,0.76713,-0.3109366,0.5305212,42.13688,109.1887,356.1635,0.1045822,0.03543518,-0.9938838,0.0,0.0,0.0,0.9990814,-0.4091443,-2.580807,0.09687324,0.04173246,0.907034,-0.3703401,-0.04961628,-0.9275703,0.6102176,0.7398824,-0.2832111,0.7003448,-0.6709041,-0.2437314,moving,-7.182575075312028,6.768319160783119,6.096207004584371,2.634309991756831,0.6684764000000001,-0.4832299,-0.30197200000000013,-0.12417362757680317,0.11694277534905148,0.9853453354516977,-4.160691110161959,8.884440309662839,13.851224189872935,13.907411165812677,12.011165136117922
05/17/2023 13:13:46.233598,1238,True,True,True,True,Eyes,0.2827949,0.08347581,-2.426835,0.8031595,-0.5722334,-0.1657822,0.0,0.0,0.0,0.0,0.0,0.0,0.0,-1.968529,-0.9178432,-0.7547855,0.3352007,0.07264539,-2.273677,0.1836425,0.7693984,-0.3137706,0.5252138,42.51106,109.9403,356.344,0.1055627,0.03533018,-0.993784,0.0,0.0,0.0,0.996501,-0.4114873,-2.580819,0.09258294,0.04163702,0.9061164,-0.3808518,-0.04700475,-0.9234405,0.6121817,0.735647,-0.289926,0.6929541,-0.6757324,-0.251397,moving,-7.2844076767519805,6.876819382008649,5.833981948975339,2.630951782746785,0.6613003,-0.48413269000000003,-0.3071419999999998,-0.1258970030417083,0.11878248541310668,0.9849064169436865,-4.186500230459166,8.932930244420053,13.730312110948208,13.788384170846555,11.837440417580071
05/17/2023 13:13:46.253650,1239,True,True,True,True,Eyes,0.2853544,0.0826688,-2.420737,0.7989491,-0.5758305,-0.1734922,0.0,0.0,0.0,0.0,0.0,0.0,0.0,-1.95039,-0.9316055,-0.7717957,0.3400064,0.07140065,-2.268672,0.1843693,0.7715883,-0.3159478,0.5204196,42.80161,110.6443,356.5356,0.1065742,0.03521197,-0.9936802,0.0,0.0,0.0,0.9938865,-0.4138614,-2.58083,0.08874352,0.04183853,0.905265,-0.3903429,-0.04433652,-0.9196014,0.6133651,0.7323699,-0.2956645,0.6865972,-0.679462,-0.258681,moving,-7.337116435017531,6.92646263401092,5.598840920302757,2.646149566958817,0.6538801000000001,-0.48526205,-0.31215800000000016,-0.12679013209171347,0.11962208250418693,0.9846902012122528,-4.2011280055541,8.955517290434155,13.566812121392749,13.6257136565628,11.65536408774056
05/17/2023 13:13:46.264049,1240,True,True,True,True,Eyes,0.2880018,0.0818245,-2.414701,0.7946846,-0.579351,-0.1811872,0.0,0.0,0.0,0.0,0.0,0.0,0.0,-1.932486,-0.9454011,-0.7880745,0.3443059,0.07002844,-2.264044,0.1841578,0.7738521,-0.3177742,0.5160025,42.99012,111.2844,356.6359,0.1076173,0.03508056,-0.9935725,0.0,0.0,0.0,0.9912956,-0.416214,-2.580842,0.0865961,0.04140159,0.9044448,-0.3996549,-0.04292287,-0.9156604,0.6129663,0.7302109,-0.3017687,0.681578,-0.6818722,-0.2655221,moving,-7.338432308903408,6.87534615768513,5.4691151378216425,2.6209245523942637,0.6469897,-0.48624243999999994,-0.3167979999999999,-0.126826226917035,0.11874299188654036,0.9847919608556022,-4.211687872428421,8.935903942550645,13.437802405826288,13.495679856742269,11.558413023480625
05/17/2023 13:13:46.288734,1241,True,True,True,True,Eyes,0.290759,0.08097231,-2.4087,0.7904778,-0.5826243,-0.1889281,0.0,0.0,0.0,0.0,0.0,0.0,0.0,-1.91204,-0.9624485,-0.8059175,0.3491946,0.06830399,-2.259448,0.1828186,0.7764822,-0.3197024,0.5113152,43.11323,111.9348,356.621,0.108692,0.0349356,-0.9934606,0.0,0.0,0.0,0.9888197,-0.4184622,-2.580853,0.08569786,0.04093479,0.903441,-0.4102684,-0.04302655,-0.9109493,0.6108481,0.7287355,-0.3095305,0.6771591,-0.6834422,-0.2726946,moving,-7.354689576060409,6.760368708544348,5.418702247982329,2.5942896768683075,0.6396251,-0.48676619,-0.32140499999999994,-0.12713572506834758,0.11676187694222956,0.9849889470025608,-4.2415694143098115,8.892658877364434,13.379446016390228,13.435615102729484,11.532142176327985
05/17/2023 13:13:46.293885,1242,True,True,True,True,Eyes,0.2936008,0.08007187,-2.402735,0.7862113,-0.585812,-0.1967131,0.0,0.0,0.0,0.0,0.0,0.0,0.0,-1.887096,-0.9872372,-0.8242691,0.3543496,0.06723071,-2.255017,0.1797129,0.7796106,-0.3223803,0.5059462,43.19727,112.6023,356.3821,0.1098005,0.03477787,-0.9933442,0.0,0.0,0.0,0.9862282,-0.4208153,-2.580864,0.08540429,0.04013699,0.9025719,-0.4234433,-0.04600196,-0.9047539,0.6064263,0.7275485,-0.320812,0.6730103,-0.6845123,-0.2801789,moving,-7.401739440730951,6.581897613560379,5.405418846510398,2.5462414904210644,0.6318786000000001,-0.48804601000000003,-0.325847,-0.12799056793373265,0.11368055711485811,0.9852385988974222,-4.298007167353822,8.826962746606176,13.37418621647064,13.427949349721523,11.558716879672778
05/17/2023 13:13:46.313483,1243,True,True,True,True,Eyes,0.2965778,0.07918086,-2.39678,0.7820299,-0.5887345,-0.2045019,0.0,0.0,0.0,0.0,0.0,0.0,0.0,-1.860081,-1.010388,-0.8452837,0.3593681,0.06519724,-2.249866,0.1765654,0.7830731,-0.3247429,0.5001633,43.25275,113.3571,356.1959,0.1109436,0.03460643,-0.9932232,0.0,0.0,0.0,0.98365,-0.4231564,-2.580875,0.08560719,0.03991655,0.9017307,-0.4373227,-0.04832165,-0.8980054,0.601376,0.7267335,-0.3319717,0.6686521,-0.6852177,-0.2887575,moving,-7.510327277049905,6.388693294094248,5.42320884006423,2.5346345120045206,0.6242819,-0.48835364,-0.3310089999999999,-0.1299069489286957,0.11032992162307131,0.985368761480977,-4.385677552047822,8.759622606597901,13.443814197923285,13.495559476675975,11.617432118639226
05/17/2023 13:13:46.333931,1244,True,True,True,True,Eyes,0.299714,0.07840683,-2.390906,0.7778534,-0.5915264,-0.2122277,0.0,0.0,0.0,0.0,0.0,0.0,0.0,-1.837129,-1.028598,-0.8632777,0.3650835,0.06444991,-2.245187,0.1735661,0.7859916,-0.325984,0.495809,43.20043,113.9415,356.0348,0.1121233,0.03442295,-0.9930971,0.0,0.0,0.0,0.980978,-0.4255826,-2.580887,0.08617318,0.03876485,0.9008109,-0.4480968,-0.05040861,-0.8925629,0.5960945,0.7272186,-0.3403302,0.666244,-0.6845526,-0.2958161,moving,-7.4717744880060595,6.1209637101406384,5.46438858045471,2.4641051580977456,0.6158945,-0.49003251,-0.3357000000000001,-0.12930884731644604,0.10573266933952624,0.9859512234770238,-4.420040080073697,8.65391596404963,13.395486534595605,13.443099694767481,11.662576377394238
05/17/2023 13:13:46.343806,1245,True,True,True,True,Eyes,0.3029565,0.07766367,-2.385059,0.7735926,-0.5942959,-0.2199247,0.0,0.0,0.0,0.0,0.0,0.0,0.0,-1.813888,-1.051061,-0.87818,0.3721297,0.06650095,-2.241253,0.1703054,0.7886361,-0.3276232,0.4916423,43.17349,114.4544,355.7908,0.1133431,0.03423312,-0.9929652,0.0,0.0,0.0,0.9784325,-0.4278939,-2.580899,0.08705178,0.03596503,0.8997517,-0.4585677,-0.05352882,-0.8870457,0.5907648,0.7273182,-0.3492923,0.6638617,-0.6842096,-0.3019017,moving,-7.383744378210861,5.878983400956131,5.5262174838346345,2.289018179382601,0.6063028,-0.49439485,-0.3396460000000001,-0.1278493910445132,0.10158710115344688,0.9865772120267359,-4.426583877633891,8.554889377247102,13.356436627211854,13.399812146876414,11.760926698567493
05/17/2023 13:13:46.364042,1246,True,True,True,True,Eyes,0.306255,0.0769354,-2.379219,0.7692009,-0.5971373,-0.2275016,0.0,0.0,0.0,0.0,0.0,0.0,0.0,-1.787077,-1.073313,-0.8964289,0.3777435,0.06645222,-2.236543,0.16909,0.7915573,-0.3304506,0.4854358,43.41723,115.2904,355.8049,0.1146038,0.03403871,-0.9928271,0.0,0.0,0.0,0.9758611,-0.4302289,-2.58091,0.08790246,0.03254043,0.8987239,-0.4715213,-0.05313621,-0.8802524,0.588514,0.724422,-0.3589765,0.6567489,-0.6873058,-0.3103091,moving,-7.549826594202025,5.892051852242923,5.586222076002241,2.073623727505868,0.5981176,-0.49668112000000003,-0.34436699999999965,-0.13070611172462454,0.10177388992104519,0.9861835251629532,-4.500589025185903,8.570812917107595,13.63594427562024,13.679772220682558,11.998217599149047
05/17/2023 13:13:46.383903,1247,True,True,True,True,Eyes,0.3096776,0.07631078,-2.373474,0.7644817,-0.6002817,-0.2350098,0.0,0.0,0.0,0.0,0.0,0.0,0.0,-1.77066,-1.082941,-0.9052086,0.3824897,0.06610039,-2.230859,0.170903,0.7926098,-0.332646,0.4815688,43.78229,115.8574,356.0714,0.1159043,0.03384067,-0.9926829,0.0,0.0,0.0,0.9732969,-0.4325572,-2.580921,0.08997802,0.02909186,0.8972481,-0.4777671,-0.04946513,-0.8770927,0.5913026,0.7202777,-0.3627137,0.649692,-0.69192,-0.3148761,moving,-7.477925169406028,6.073363240597921,5.72660188735546,1.8570750493395403,0.5908072,-0.49865759,-0.3500619999999999,-0.12942600162789497,0.10491190267002296,0.9860235280492005,-4.4321437493582,8.635974572758693,13.81598577158705,13.86133546612631,12.212845354791865
05/17/2023 13:13:46.403775,1248,True,True,True,True,Eyes,0.3131775,0.07572187,-2.367777,0.7596861,-0.6033974,-0.2424637,0.0,0.0,0.0,0.0,0.0,0.0,0.0,-1.747682,-1.105668,-0.916152,0.3891674,0.06798872,-2.227141,0.1712068,0.7943463,-0.3362282,0.4760805,44.20118,116.5642,356.149,0.1172456,0.03364345,-0.9925321,0.0,0.0,0.0,0.9706358,-0.4349735,-2.580933,0.09213808,0.02588075,0.8956869,-0.4880709,-0.0481485,-0.8714747,0.5921384,0.7152777,-0.3711469,0.6412165,-0.6971797,-0.3205956,moving,-7.538820299681757,6.267173695740101,5.873279281949729,1.6550931653270171,0.5814684000000001,-0.50296222,-0.3537919999999999,-0.13042720492652649,0.10823232994307802,0.9855326202860089,-4.422472622440876,8.714658371013606,14.134956863577543,14.182937002137988,12.483587952592135
05/17/2023 13:13:46.413698,1249,True,True,True,True,Eyes,0.3167783,0.07517442,-2.36215,0.7547028,-0.6065947,-0.2499331,0.0,0.0,0.0,0.0,0.0,0.0,0.0,-1.727105,-1.119878,-0.9290476,0.3946303,0.06826778,-2.222555,0.1710059,0.7962962,-0.338004,0.4716171,44.39502,117.2045,356.2708,0.1186277,0.03344826,-0.9923744,0.0,0.0,0.0,0.9681865,-0.4371976,-2.580944,0.0940384,0.02413216,0.8939379,-0.4966687,-0.04647421,-0.8666952,0.5911596,0.7130206,-0.377004,0.6354924,-0.6996012,-0.3266614,moving,-7.515443451494447,6.245261171857517,6.00518176739062,1.5463436466730651,0.5735562,-0.50546538,-0.3583890000000003,-0.13003036871851603,0.10786107748515032,0.9856257362945677,-4.4159646662127345,8.704681162205727,14.266485961219972,14.313879006685658,12.64286711853313
05/17/2023 13:13:46.433818,1250,True,True,True,True,Eyes,0.320451,0.0746351,-2.356591,0.7496772,-0.609683,-0.2574308,0.0,0.0,0.0,0.0,0.0,0.0,0.0,-1.704553,-1.136097,-0.9446328,0.4005717,0.06867818,-2.218868,0.169221,0.7987919,-0.3392782,0.4671038,44.43607,117.8357,356.2571,0.1200506,0.03325646,-0.9922098,0.0,0.0,0.0,0.9655885,-0.4395566,-2.580955,0.09540984,0.02344461,0.8921823,-0.5063566,-0.04661163,-0.8610635,0.587301,0.7125092,-0.3839379,0.6314116,-0.7001128,-0.3334086,moving,-7.4833155550975805,6.062228893465784,6.104003790831246,1.5052620355230457,0.5650168,-0.50823478,-0.3620869999999998,-0.12952140706116988,0.10471896408208373,0.9860314524151603,-4.436796331748554,8.632036898351892,14.286433404919288,14.3311267509795,12.72396900222676
05/17/2023 13:13:46.443847,1251,True,True,True,True,Eyes,0.3241857,0.07411614,-2.351083,0.7443979,-0.6128712,-0.2650672,0.0,0.0,0.0,0.0,0.0,0.0,0.0,-1.677174,-1.155306,-0.9632192,0.4060847,0.06834221,-2.214918,0.166502,0.8019153,-0.3408576,0.4615464,44.45706,118.5912,356.1761,0.1215139,0.03306782,-0.9920379,0.0,0.0,0.0,0.9630057,-0.4419019,-2.580967,0.09642881,0.02315748,0.890286,-0.5185042,-0.04760219,-0.8537492,0.5816842,0.7121864,-0.3929811,0.6267353,-0.7003746,-0.3415822,moving,-7.536920674291078,5.8290575192401315,6.181731749614335,1.4900006873774234,0.556921,-0.51024411,-0.36604899999999985,-0.1304984053132368,0.10069233979736683,0.9863220471765417,-4.506906697424689,8.545689725365499,14.346584803708643,14.388496742817171,12.807409560574921
05/17/2023 13:13:46.464123,1252,True,True,True,True,Eyes,0.3279932,0.07363202,-2.34564,0.7389989,-0.6160216,-0.2727597,0.0,0.0,0.0,0.0,0.0,0.0,0.0,-1.648831,-1.173726,-0.9826016,0.4112483,0.06828532,-2.210881,0.1646892,0.8051286,-0.3425222,0.4553283,44.54942,119.4802,356.2404,0.1230163,0.03288279,-0.991859,0.0,0.0,0.0,0.9604347,-0.4442364,-2.580978,0.09712785,0.02312472,0.8884991,-0.5311074,-0.0467282,-0.8460151,0.5771121,0.711112,-0.4015737,0.6203763,-0.7015241,-0.3507094,moving,-7.676846755842605,5.672103764006858,6.238617321647748,1.4908848087542765,0.5491864,-0.51252172,-0.3700969999999999,-0.132943233742303,0.09795796013911681,0.9862708423447296,-4.601962675591567,8.49437437419,14.48944658546019,14.530063057113273,12.906085416179153
05/17/2023 13:13:46.483845,1253,True,True,True,True,Eyes,0.3318771,0.07316782,-2.340246,0.7333295,-0.6193271,-0.280467,0.0,0.0,0.0,0.0,0.0,0.0,0.0,-1.620445,-1.192039,-1.001228,0.4169386,0.06864385,-2.206968,0.163547,0.8081577,-0.3443401,0.4489582,44.70153,120.4051,356.3827,0.1245575,0.03270225,-0.9916726,0.0,0.0,0.0,0.9578513,-0.4465822,-2.58099,0.09815454,0.02307758,0.8864465,-0.5433779,-0.0448451,-0.8382896,0.5735321,0.7093646,-0.4097106,0.6130264,-0.7034137,-0.3597329,moving,-7.8291758113963485,5.570244225468963,6.318513747371469,1.4912906022626147,0.5409127,-0.51522605,-0.3740220000000001,-0.1355886683950971,0.09616964272020243,0.98608674226742,-4.692007470585864,8.465104646047324,14.683877530457428,14.72395947126778,13.033252081057032
05/17/2023 13:13:46.493944,1254,True,True,True,True,Eyes,0.3358231,0.07272937,-2.334903,0.7275339,-0.6225974,-0.2882134,0.0,0.0,0.0,0.0,0.0,0.0,0.0,-1.592243,-1.20926,-1.019286,0.4225957,0.06864153,-2.202996,0.162856,0.8110355,-0.3462038,0.442541,44.88676,121.3492,356.5809,0.1261369,0.03252649,-0.9914787,0.0,0.0,0.0,0.9549212,-0.4492427,-2.581002,0.09884775,0.02271469,0.8842465,-0.555271,-0.04225478,-0.8305956,0.5705827,0.7072417,-0.4174261,0.6050701,-0.7057079,-0.368601,moving,-7.984866540431317,5.510120383755638,6.378473354822725,1.4715011184209257,0.5323255,-0.51788423,-0.3780059999999996,-0.1382819689575877,0.0950990860539879,0.9858165767364834,-4.775474969715271,8.452139664456087,14.880290656435395,14.920320992422685,13.158262717276012
05/17/2023 13:13:46.513606,1255,True,True,True,True,Eyes,0.3398362,0.07230872,-2.329585,0.7215034,-0.6260053,-0.2958889,0.0,0.0,0.0,0.0,0.0,0.0,0.0,-1.565938,-1.223206,-1.036548,0.4281636,0.06882027,-2.19881,0.1629382,0.8137023,-0.3476316,0.4364538,45.06978,122.2939,356.8926,0.127754,0.03235594,-0.9912772,0.0,0.0,0.0,0.9527074,-0.451253,-2.581012,0.09884998,0.02333249,0.8821787,-0.5659182,-0.03828387,-0.8235719,0.5686166,0.7052068,-0.4235072,0.597002,-0.7079672,-0.3773204,moving,-8.122347947683803,5.454300396710987,6.393443688766102,1.5150463374299579,0.5245438,-0.52007327,-0.38220199999999993,-0.14066035978324948,0.09410677368580786,0.9855752692285631,-4.84971147149421,8.439639661209739,15.0007826520448,15.040808800606138,13.204489034317973
05/17/2023 13:13:46.533576,1256,True,True,True,True,Eyes,0.3438897,0.07191335,-2.324307,0.7153396,-0.6294172,-0.303518,0.0,0.0,0.0,0.0,0.0,0.0,0.0,-1.542926,-1.233422,-1.052037,0.4335582,0.0688047,-2.194544,0.1640925,0.8159352,-0.3487642,0.4309142,45.28029,123.2064,357.3284,0.1294082,0.03219076,-0.991068,0.0,0.0,0.0,0.9501185,-0.4536037,-2.581024,0.098373,0.02417603,0.8798729,-0.5747734,-0.03279715,-0.8176551,0.5683525,0.7028744,-0.4277183,0.5887369,-0.7105574,-0.3853532,moving,-8.220017859419183,5.448492678523957,6.3793843062696345,1.5739046525651814,0.5165603,-0.5224084,-0.38648000000000016,-0.1423418771288364,0.0939840447388142,0.9853454828931688,-4.895859897722033,8.443803968108623,15.064277918946384,15.104799765850009,13.203281730893725
05/17/2023 13:13:46.543973,1257,True,True,True,True,Eyes,0.3479583,0.07157154,-2.319052,0.7089595,-0.6330128,-0.31092,0.0,0.0,0.0,0.0,0.0,0.0,0.0,-1.524555,-1.240629,-1.063339,0.4386943,0.06901605,-2.190183,0.1667807,0.8173866,-0.3500088,0.4260954,45.58701,124.0529,357.9015,0.131098,0.03203135,-0.990851,0.0,0.0,0.0,0.947535,-0.4559496,-2.581035,0.09835717,0.02497657,0.8776354,-0.581254,-0.0256257,-0.8133187,0.5709229,0.6993561,-0.4300561,0.5798199,-0.714314,-0.3918733,moving,-8.258957869161543,5.553037630858192,6.394493098536082,1.6301369494888784,0.5088407,-0.52496565,-0.39085199999999976,-0.14298703300821336,0.09577280746452363,0.9850798453658267,-4.893451030230889,8.486646817527031,15.127174402618767,15.169468514704342,13.207172680958982
05/17/2023 13:13:46.563872,1258,True,True,True,True,Eyes,0.35206,0.07128179,-2.313859,0.7024965,-0.6366023,-0.3181762,0.0,0.0,0.0,0.0,0.0,0.0,0.0,-1.508649,-1.24734,-1.070211,0.4433363,0.06998195,-2.185357,0.1702726,0.818245,-0.3516317,0.4217077,45.97631,124.8417,358.5222,0.1328213,0.0318793,-0.9906264,0.0,0.0,0.0,0.9449804,-0.4582692,-2.581046,0.09758303,0.02688837,0.8750161,-0.5863396,-0.01792211,-0.8098671,0.5752211,0.6947248,-0.4318312,0.570374,-0.7190523,-0.3970354,moving,-8.251592667250211,5.753766814399349,6.363412454728614,1.7600881649765927,0.5016441,-0.52825115,-0.39568899999999996,-0.14281184457985546,0.09922585705950561,0.9847633834899053,-4.850970465772667,8.563522353953344,15.105427241485692,15.150836408275367,13.116748875059269
05/17/2023 13:13:46.583796,1259,True,True,True,True,Eyes,0.3562012,0.07104982,-2.308732,0.695975,-0.6402023,-0.3252074,0.0,0.0,0.0,0.0,0.0,0.0,0.0,-1.493997,-1.255631,-1.075552,0.4483254,0.07095096,-2.18161,0.1726565,0.8189236,-0.3532845,0.4180238,46.30067,125.4694,358.9568,0.1345763,0.03173601,-0.9903942,0.0,0.0,0.0,0.9424856,-0.4605345,-2.581058,0.09697193,0.02927843,0.8724462,-0.5908917,-0.01257765,-0.8066528,0.5781477,0.6907597,-0.434277,0.5626653,-0.7229751,-0.4008924,moving,-8.140071345819884,5.877480762313812,6.342362559413946,1.9220682559662703,0.49416020000000005,-0.53148546,-0.399448,-0.14086407021009517,0.1013805263330865,0.9848245230340893,-4.77547910417982,8.603889535533009,14.965834535966287,15.012867145047176,12.971242765009537
05/17/2023 13:13:46.594383,1260,True,True,True,True,Eyes,0.3603851,0.07086402,-2.303687,0.6895262,-0.6436466,-0.3320731,0.0,0.0,0.0,0.0,0.0,0.0,0.0,-1.477654,-1.266074,-1.081168,0.453425,0.07213447,-2.178194,0.1729828,0.8199075,-0.3546994,0.4147496,46.47969,125.9575,359.1211,0.1363613,0.03160294,-0.9901543,0.0,0.0,0.0,0.9398154,-0.4629591,-2.581069,0.09570676,0.03225008,0.8697376,-0.5961199,-0.01056308,-0.8028264,0.5778827,0.6885306,-0.4381523,0.5573987,-0.7251304,-0.4043426,moving,-7.952305865332983,5.840636347742271,6.2796172277633815,2.123568418666596,0.48639039999999995,-0.53509357,-0.40287499999999987,-0.13764416906349014,0.10079327655076795,0.9853398743817241,-4.696109446423273,8.577381661158745,14.663247861859643,14.709324556796362,12.732567745565678
05/17/2023 13:13:46.613669,1261,True,True,True,True,Eyes,0.3645944,0.07071161,-2.298722,0.6831151,-0.6469819,-0.3387747,0.0,0.0,0.0,0.0,0.0,0.0,0.0,-1.460275,-1.276852,-1.088131,0.4586883,0.07306228,-2.175097,0.1716955,0.8212103,-0.3556393,0.4118921,46.51457,126.3336,359.0863,0.1381759,0.03148087,-0.9899065,0.0,0.0,0.0,0.9372405,-0.4652972,-2.581081,0.09357786,0.03564477,0.8673297,-0.6017312,-0.01097384,-0.7986236,0.5749664,0.6880826,-0.4426692,0.5543768,-0.7255494,-0.4077313,moving,-7.702981717070118,5.649110998924259,6.157930809874942,2.35336833450957,0.47855220000000004,-0.53835948,-0.4059840000000001,-0.13339840743242787,0.09755615563230642,0.9862493485566655,-4.618485811141186,8.48722648635966,14.204449096454294,14.247344166182893,12.399813346043983
05/17/2023 13:13:46.633691,1262,True,True,True,True,Eyes,0.3688438,0.07056659,-2.293833,0.6767986,-0.6501037,-0.3454111,0.0,0.0,0.0,0.0,0.0,0.0,0.0,-1.439605,-1.288407,-1.09782,0.4637056,0.07373837,-2.171912,0.1690204,0.8230999,-0.3562189,0.4087136,46.43303,126.7247,358.924,0.1400179,0.03137004,-0.9896512,0.0,0.0,0.0,0.9346709,-0.4676305,-2.581092,0.09080142,0.03956744,0.8646758,-0.6087705,-0.01294176,-0.7932407,0.5694243,0.6890805,-0.4482456,0.5524078,-0.7245692,-0.4121225,moving,-7.478979234628981,5.337686147859354,5.9947785637598185,2.620018891580896,0.4709653,-0.54136887,-0.4091800000000001,-0.12960752170913137,0.0922408670655752,0.9872656716802564,-4.575880055678281,8.352523548448499,13.70629432519113,13.745103292645387,12.024992028675516
05/17/2023 13:13:46.644080,1263,True,True,True,True,Eyes,0.3730665,0.07041899,-2.289072,0.6705375,-0.6531714,-0.3517763,0.0,0.0,0.0,0.0,0.0,0.0,0.0,-1.417619,-1.298373,-1.11075,0.4689768,0.07376227,-2.168825,0.1665003,0.8253339,-0.3563456,0.4051166,46.31203,127.2189,358.8481,0.1418869,0.03126948,-0.9893882,0.0,0.0,0.0,0.9318988,-0.4701476,-2.581104,0.08798444,0.04313368,0.8620048,-0.6163163,-0.01388633,-0.7873763,0.5635598,0.690591,-0.4533041,0.5500497,-0.7231122,-0.4177968,moving,-7.336063923809186,4.99000698376657,5.827971243898734,2.8646223705939255,0.462922,-0.54390987,-0.41227899999999984,-0.12721280527738882,0.08627530345245918,0.9881161146917621,-4.577708025903829,8.209164163668595,13.299443829908103,13.33450717689116,11.697960849819962
05/17/2023 13:13:46.663842,1264,True,True,True,True,Eyes,0.3773015,0.07026313,-2.284369,0.6642569,-0.6561195,-0.3581481,0.0,0.0,0.0,0.0,0.0,0.0,0.0,-1.395466,-1.307206,-1.124446,0.473835,0.07358772,-2.165769,0.1646105,0.827628,-0.3564166,0.4011266,46.22152,127.808,358.8849,0.1437786,0.0311779,-0.9891179,0.0,0.0,0.0,0.9295914,-0.4722428,-2.581115,0.08566368,0.04690227,0.8597059,-0.6240017,-0.01346385,-0.7813071,0.558409,0.6917411,-0.4579014,0.5466274,-0.7220201,-0.4241293,moving,-7.253258519308809,4.686752679303074,5.690340680285377,3.1227431735917377,0.45575639999999995,-0.54583052,-0.415346,-0.1258399284634502,0.08105854472679977,0.9887334897446108,-4.598591194541425,8.086865891258224,13.005177598251574,13.037748500937218,11.423862458944411
05/17/2023 13:13:46.683813,1265,True,True,True,True,Eyes,0.3815434,0.07009647,-2.279748,0.6577138,-0.6592091,-0.3644942,0.0,0.0,0.0,0.0,0.0,0.0,0.0,-1.372629,-1.315891,-1.137915,0.4784679,0.07321786,-2.162461,0.1640059,0.8298228,-0.3568825,0.3963974,46.24649,128.5533,359.1099,0.1456916,0.03109395,-0.9888406,0.0,0.0,0.0,0.9264122,-0.4751295,-2.581129,0.08449739,0.04809824,0.857124,-0.6319423,-0.01074295,-0.774941,0.5551262,0.691474,-0.4622755,0.5408177,-0.7223215,-0.4310079,moving,-7.266059842251249,4.497236402030449,5.630166830407802,3.21183273247161,0.4479443,-0.54834736,-0.4186679999999998,-0.12609381965035676,0.07778516293827847,0.988964063623921,-4.64139398169605,8.014668011345812,12.929079039808228,12.960128278158287,11.338967688142787
05/17/2023 13:13:46.693942,1266,True,True,True,True,Eyes,0.3857905,0.06992593,-2.275185,0.6510332,-0.6622817,-0.3708621,0.0,0.0,0.0,0.0,0.0,0.0,0.0,-1.349093,-1.325712,-1.151095,0.4832816,0.07282598,-2.159565,0.1646067,0.8318872,-0.3578677,0.390895,46.39396,129.453,359.5091,0.1476239,0.03101626,-0.9885564,0.0,0.0,0.0,0.9243907,-0.4769651,-2.581137,0.08354577,0.04921922,0.8546592,-0.6402112,-0.005909,-0.768176,0.5536458,0.6896706,-0.4667233,0.5325463,-0.724099,-0.4382634,moving,-7.3758168114181,4.439842616741177,5.583113933314265,3.2959829738036115,0.44110910000000003,-0.54979108,-0.42157199999999984,-0.12799810489206315,0.07677558189230435,0.9887982453679206,-4.70315831591382,7.999744076234299,12.978142144092429,13.009315928576376,11.310736726402032
05/17/2023 13:13:46.714055,1267,True,True,True,True,Eyes,0.3900509,0.06976055,-2.270694,0.6440042,-0.6655777,-0.37718,0.0,0.0,0.0,0.0,0.0,0.0,0.0,-1.324843,-1.336453,-1.162694,0.4877992,0.07254598,-2.156377,0.1656611,0.8337961,-0.3592892,0.3850346,46.61199,130.4113,359.9648,0.1495742,0.03094395,-0.9882655,0.0,0.0,0.0,0.9218709,-0.4792531,-2.581149,0.08311033,0.04862887,0.8523937,-0.6486094,-0.0004224553,-0.7611212,0.5529326,0.6869354,-0.4715773,0.5230404,-0.7267183,-0.4453192,moving,-7.511895167489184,4.439834408911999,5.568866534935652,3.265172119618639,0.43407170000000006,-0.55179908,-0.4247719999999999,-0.1303463834685939,0.07675175481691031,0.9884932094881146,-4.765880503744855,8.008661213159632,13.102012029205959,13.133398578034257,11.371353707191501
05/17/2023 13:13:46.733754,1268,True,True,True,True,Eyes,0.394323,0.06959771,-2.266256,0.6368447,-0.6688623,-0.3834737,0.0,0.0,0.0,0.0,0.0,0.0,0.0,-1.298783,-1.349913,-1.173313,0.4926048,0.0725382,-2.153566,0.1662272,0.8356848,-0.3611469,0.3789094,46.8512,131.3702,0.3471017,0.1515416,0.03087658,-0.9879678,0.0,0.0,0.0,0.9192082,-0.4816709,-2.58116,0.08286875,0.04698533,0.8495953,-0.6575924,0.004143029,-0.7533626,0.551511,0.6838829,-0.4776399,0.5132329,-0.7295801,-0.4520011,moving,-7.64618703065362,4.453618029957761,5.570955508690056,3.1654149080652525,0.4266034,-0.5542091,-0.42759400000000003,-0.13266070653383516,0.07696572162186423,0.9881687312945291,-4.825093735553099,8.022776427253852,13.248359959702398,13.27977124006968,11.474833367714883
05/17/2023 13:13:46.744039,1269,True,True,True,True,Eyes,0.3985903,0.0694285,-2.261875,0.6294422,-0.6722886,-0.3896544,0.0,0.0,0.0,0.0,0.0,0.0,0.0,-1.271434,-1.364593,-1.182404,0.4973062,0.07243712,-2.150389,0.1662252,0.8374947,-0.3633148,0.3727925,47.095,132.2863,0.6348669,0.1535244,0.03081368,-0.9876636,0.0,0.0,0.0,0.9166279,-0.4840139,-2.581172,0.08235478,0.04455745,0.8471345,-0.6667902,0.007543265,-0.7452076,0.5493075,0.680743,-0.4846136,0.5036393,-0.7324834,-0.4580565,moving,-7.747236700082885,4.452790169344396,5.552601277585899,3.0108600862296204,0.4193217000000001,-0.55645102,-0.4307829999999999,-0.1344036187178727,0.07693321020031857,0.987935698673742,-4.8718302696504345,8.029081456872886,13.346858851392867,13.377774575647187,11.569413071016044
05/17/2023 13:13:46.769506,1270,True,True,True,True,Eyes,0.4028741,0.06925119,-2.257538,0.6219894,-0.6756454,-0.3957684,0.0,0.0,0.0,0.0,0.0,0.0,0.0,-1.244576,-1.37864,-1.190769,0.5018584,0.07215919,-2.147203,0.1657923,0.8392324,-0.365365,0.3670292,47.30328,133.1296,0.8514837,0.1555214,0.03075444,-0.987353,0.0,0.0,0.0,0.9139583,-0.4864379,-2.581184,0.08164635,0.04261363,0.8444886,-0.675605,0.01007723,-0.7371949,0.5464756,0.6780428,-0.491551,0.4948962,-0.7349535,-0.463596,moving,-7.797081799515078,4.418103042499053,5.522273419436951,2.888744711052488,0.41209989999999996,-0.55859709,-0.43398099999999973,-0.13526937449507814,0.07632602571143002,0.9878647077484288,-4.901558886527024,8.018980981244393,13.376779098491395,13.40686989399799,11.617900160134395
05/17/2023 13:13:46.783709,1271,True,True,True,True,Eyes,0.4071625,0.06906132,-2.253254,0.6144059,-0.6790511,-0.4017399,0.0,0.0,0.0,0.0,0.0,0.0,0.0,-1.218484,-1.391517,-1.198808,0.5066662,0.07179008,-2.143897,0.1649897,0.8409061,-0.3671304,0.3617605,47.46105,133.8866,1.004716,0.1575323,0.03069803,-0.9870359,0.0,0.0,0.0,0.9115228,-0.4886494,-2.581194,0.08293131,0.03785899,0.8420838,-0.6838156,0.01185509,-0.7295587,0.5431082,0.6759874,-0.4980709,0.4872678,-0.7368179,-0.4686894,moving,-7.786189861846587,4.326821693743041,5.624548157364515,2.5742100927301057,0.4048566,-0.56043948,-0.43729700000000005,-0.1350977011612523,0.07475386266066503,0.9880083120987826,-4.914312859613254,7.98308837353578,13.49689023415314,13.524775105114289,11.84582440321251
05/17/2023 13:13:46.793771,1272,True,True,True,True,Eyes,0.4114631,0.06885476,-2.248997,0.6067896,-0.6823694,-0.4076499,0.0,0.0,0.0,0.0,0.0,0.0,0.0,-1.192445,-1.403459,-1.207245,0.5115225,0.07132538,-2.140635,0.163935,0.8426339,-0.3686298,0.356659,47.57641,134.6162,1.131716,0.1595558,0.03064355,-0.9867125,0.0,0.0,0.0,0.9088835,-0.491046,-2.581206,0.0852606,0.0303241,0.8404416,-0.6918396,0.01332411,-0.7219285,0.5392246,0.6744748,-0.5043021,0.4802033,-0.7381776,-0.4738131,moving,-7.755977676546425,4.197786880775876,5.792689115494779,2.066401250097854,0.39736099999999996,-0.56237138,-0.4405709999999998,-0.13459883711289944,0.07253357235044777,0.988241919584708,-4.925513161119652,7.931379591303937,13.690470191786117,13.715289882041168,12.217930716174456
05/17/2023 13:13:46.814050,1273,True,True,True,True,Eyes,0.4157784,0.0686356,-2.244784,0.5990688,-0.6857058,-0.4134297,0.0,0.0,0.0,0.0,0.0,0.0,0.0,-1.165978,-1.414507,-1.215465,0.5163088,0.07061923,-2.13685,0.1630812,0.8443408,-0.3700868,0.3514667,47.69685,135.3736,1.29796,0.1615916,0.03059001,-0.9863828,0.0,0.0,0.0,0.9063356,-0.4933596,-2.581217,0.08390453,0.02927381,0.8388698,-0.6997514,0.01524582,-0.7142238,0.5355387,0.6728805,-0.5103236,0.4728069,-0.7395942,-0.4790137,moving,-7.7416403145472,4.074510434799645,5.711779952208288,1.9986241161124731,0.3900268,-0.56397883,-0.4443670000000002,-0.1343720404296972,0.07040930925053909,0.9884263614709957,-4.942909146044343,7.882930643881139,13.58934302769229,13.612634604736142,12.17158424746608
05/17/2023 13:13:46.833962,1274,True,True,True,True,Eyes,0.4201126,0.06839696,-2.240585,0.5913041,-0.6889534,-0.419169,0.0,0.0,0.0,0.0,0.0,0.0,0.0,-1.139133,-1.426107,-1.22378,0.5212135,0.07011978,-2.13365,0.162136,0.8460738,-0.3715497,0.3461528,47.81366,136.1463,1.461861,0.1636398,0.03053667,-0.9860469,0.0,0.0,0.0,0.903776,-0.4956837,-2.581228,0.08604163,0.0306811,0.8377081,-0.7077805,0.01713211,-0.7062249,0.5315841,0.6713254,-0.5164694,0.4652585,-0.7409647,-0.4842581,moving,-7.735686751744657,3.952425563913032,5.864328461308202,2.0975231845529185,0.3825625,-0.56580348,-0.44757800000000003,-0.1342890359338716,0.06830380413505069,0.9885853639307034,-4.963937329302814,7.835490494031095,13.703430434965249,13.725927168400139,12.254615819223263
05/17/2023 13:13:46.843765,1275,True,True,True,True,Eyes,0.4244326,0.06813908,-2.23646,0.583575,-0.6922714,-0.4245003,0.0,0.0,0.0,0.0,0.0,0.0,0.0,-1.111583,-1.43712,-1.231892,0.5260651,0.06950375,-2.130003,0.1612742,0.8478158,-0.3729788,0.3407138,47.93039,136.9462,1.650917,0.1656996,0.0304826,-0.9857044,0.0,0.0,0.0,0.9011631,-0.4980563,-2.58124,0.0859524,0.02971569,0.8364578,-0.7158095,0.01930359,-0.6980289,0.5276197,0.6697549,-0.5225379,0.4574214,-0.7423313,-0.4896019,moving,-7.762874657735951,3.8232821621448547,5.8669848152628905,2.0346129883713093,0.37509800000000004,-0.56756005,-0.45123700000000033,-0.13477843238223264,0.06607095281255339,0.9886705113140973,-5.001615352606282,7.7875025925979475,13.72558020726325,13.746723488413666,12.297243935428162
05/17/2023 13:13:46.864139,1276,True,True,True,True,Eyes,0.4287783,0.06786922,-2.232346,0.5758042,-0.6955054,-0.4297927,0.0,0.0,0.0,0.0,0.0,0.0,0.0,-1.083684,-1.448852,-1.239896,0.5310133,0.06877831,-2.127012,0.1600892,0.8495416,-0.3744998,0.3352619,48.04327,137.726,1.790872,0.1677694,0.03042693,-0.985356,0.0,0.0,0.0,0.8985535,-0.5004259,-2.581252,0.0870274,0.02763879,0.8352705,-0.7239419,0.02089382,-0.6895444,0.5231158,0.6682428,-0.5289627,0.4497311,-0.7436498,-0.4946987,moving,-7.775671794012758,3.691236146107768,5.948224050870614,1.8952045220686125,0.3675402,-0.56920421,-0.45424,-0.1350193313049189,0.0637901414067586,0.9887874398339453,-5.033225645472397,7.7374527089759555,13.821330577470563,13.840919288680064,12.438814304857765
05/17/2023 13:13:46.883636,1277,True,True,True,True,Eyes,0.4331456,0.06758364,-2.228258,0.5680122,-0.6987903,-0.4348036,0.0,0.0,0.0,0.0,0.0,0.0,0.0,-1.052916,-1.461378,-1.247315,0.5361217,0.06822244,-2.123198,0.1584189,0.8513658,-0.3761903,0.3294852,48.15434,138.5249,1.876614,0.1698498,0.03036921,-0.9850013,0.0,0.0,0.0,0.8959035,-0.5028322,-2.581263,0.08787033,0.02283987,0.8337059,-0.7326858,0.02184654,-0.6802163,0.5176432,0.6667686,-0.5361578,0.4418336,-0.7449446,-0.4998405,moving,-7.812702802576737,3.542618157609876,6.0166059826573886,1.569259519071795,0.35978179999999993,-0.57105464,-0.45806499999999994,-0.13568024719231142,0.061219558780930744,0.9888594184414643,-5.079232581254713,7.6826048037391015,13.951867025825718,13.96939246329799,12.668489412947503
05/17/2023 13:13:46.894120,1278,True,True,True,True,Eyes,0.4375467,0.06727702,-2.224155,0.5601915,-0.7019865,-0.439773,0.0,0.0,0.0,0.0,0.0,0.0,0.0,-1.020384,-1.474641,-1.254539,0.5417923,0.06756751,-2.119319,0.1564247,0.8531998,-0.3780178,0.3235493,48.26844,139.3252,1.920563,0.1719414,0.03030888,-0.9846402,0.0,0.0,0.0,0.8933847,-0.5051193,-2.581275,0.08740765,0.01901445,0.8321869,-0.7416946,0.02230827,-0.6703669,0.5115378,0.6652677,-0.5438272,0.4338417,-0.7462716,-0.5048371,moving,-7.849837988836793,3.397567578981227,5.996001447125974,1.3089105417177307,0.3515924,-0.57268681,-0.46195600000000026,-0.13634171063325295,0.05871057517073116,0.9889205532742358,-5.124592890849499,7.629138559723119,13.986683553645307,14.002491132144025,12.791125854645964
05/17/2023 13:13:46.913869,1279,True,True,True,True,Eyes,0.4419428,0.06695083,-2.220091,0.5524384,-0.7051361,-0.4445164,0.0,0.0,0.0,0.0,0.0,0.0,0.0,-0.9898794,-1.485489,-1.261016,0.5471491,0.06675497,-2.114916,0.154882,0.854875,-0.3795725,0.3180019,48.37251,140.0977,2.018709,0.1740448,0.03024526,-0.9842726,0.0,0.0,0.0,0.8908564,-0.507415,-2.581286,0.08554637,0.01614523,0.8313099,-0.7497731,0.02339998,-0.6612816,0.5062191,0.6638725,-0.5504686,0.4261257,-0.7474797,-0.5095993,moving,-7.872528634622778,3.2538416211782617,5.875370541814421,1.112626298519672,0.34370729999999994,-0.5741699699999999,-0.46636999999999995,-0.13675292999776817,0.05622647963419031,0.989008166959051,-5.1630375623124225,7.57523592862052,13.899334887946699,13.913645633818282,12.791081920788617
05/17/2023 13:13:46.934186,1280,True,True,True,True,Eyes,0.4463837,0.06660855,-2.216008,0.5446574,-0.7081786,-0.4492566,0.0,0.0,0.0,0.0,0.0,0.0,0.0,-0.9595551,-1.495487,-1.268178,0.5529839,0.06591946,-2.110774,0.1534835,0.8565749,-0.3808679,0.3125091,48.45316,140.8803,2.150793,0.1761591,0.0301777,-0.9838985,0.0,0.0,0.0,0.888236,-0.5097944,-2.581297,0.08364394,0.01334736,0.8304577,-0.7575619,0.02489086,-0.6522887,0.5009896,0.662765,-0.5565538,0.4184611,-0.7484137,-0.5145556,moving,-7.8968951644285665,3.0988260236534657,5.75145115836847,0.9207953112458561,0.33525210000000005,-0.57571386,-0.470523,-0.1371937658345947,0.05354719270239376,0.9890958873062282,-5.204452984148629,7.517092279905006,13.808181707331126,13.821041029213326,12.78839197392562
05/17/2023 13:13:46.958812,1281,True,True,True,True,Eyes,0.4508373,0.06626989,-2.211945,0.5369514,-0.7110831,-0.4539207,0.0,0.0,0.0,0.0,0.0,0.0,0.0,-0.927988,-1.504647,-1.275799,0.558656,0.06517714,-2.106287,0.151939,0.8584259,-0.381952,0.3068096,48.50277,141.6973,2.290735,0.178285,0.0301059,-0.9835178,0.0,0.0,0.0,0.885674,-0.5121207,-2.581309,0.08163089,0.01140279,0.8294898,-0.7655646,0.0264836,-0.6428134,0.4952298,0.6620545,-0.5625223,0.4106799,-0.7489877,-0.5199609,moving,-7.949090603485429,2.921498164465249,5.620435349376889,0.7875812243651632,0.3270179999999999,-0.57729784,-0.47502200000000006,-0.13811684738502927,0.050479192159572986,0.9891286926297294,-5.263039800915716,7.45217404310627,13.724848726492485,13.73628902188106,12.761928881899168
05/17/2023 13:13:46.964058,1282,True,True,True,True,Eyes,0.4553481,0.06590738,-2.207843,0.5292503,-0.7138492,-0.4585996,0.0,0.0,0.0,0.0,0.0,0.0,0.0,-0.8951311,-1.513935,-1.283795,0.5647432,0.06487988,-2.101962,0.150195,0.8603885,-0.3828902,0.3009457,48.52717,142.5346,2.422605,0.1804229,0.03003033,-0.9831301,0.0,0.0,0.0,0.8831527,-0.5144101,-2.58132,0.07986587,0.009411842,0.8288661,-0.7737467,0.02799385,-0.6328768,0.4889104,0.6616731,-0.5684676,0.402844,-0.7492698,-0.5256539,moving,-8.013511772470688,2.7273733633357122,5.503776688197571,0.6505702777263758,0.3184095,-0.57928998,-0.47935799999999995,-0.13925178937148913,0.047120066568651406,0.9891353759694848,-5.3305323305351315,7.3815839186197145,13.665886891493038,13.675898448925091,12.754951844177421
05/17/2023 13:13:46.983796,1283,True,True,True,True,Eyes,0.4599248,0.06552362,-2.203705,0.5215929,-0.716466,-0.4632681,0.0,0.0,0.0,0.0,0.0,0.0,0.0,-0.8625512,-1.520706,-1.292618,0.570785,0.06392799,-2.097027,0.1481684,0.8624263,-0.3834012,0.2954157,48.49114,143.3146,2.511689,0.1825753,0.0299503,-0.9827351,0.0,0.0,0.0,0.8804866,-0.516831,-2.581331,0.07858321,0.007820606,0.8283007,-0.7815514,0.02904319,-0.6231644,0.4820941,0.6620992,-0.5737682,0.3959326,-0.7488533,-0.5314661,moving,-8.041864469714543,2.4827686194670404,5.419589804655775,0.5409562041685924,0.3097016,-0.5807589900000001,-0.48430399999999985,-0.1397678716211976,0.04289372191757626,0.989254813304721,-5.391229766665132,7.289175113966962,13.592463857597446,13.600786250697793,12.744107589714371
05/17/2023 13:13:46.993904,1284,True,True,True,True,Eyes,0.4646802,0.06512216,-2.199447,0.515774,-0.7173357,-0.4684087,0.0,0.0,0.0,0.0,0.0,0.0,0.0,-0.8321021,-1.526215,-1.300798,0.5770801,0.06302157,-2.092082,0.1461116,0.8642952,-0.3837131,0.290533,48.43326,143.9902,2.557336,0.1847433,0.02986532,-0.9823325,0.0,0.0,0.0,0.8778749,-0.5192025,-2.581343,0.07793599,0.00758481,0.8281036,-0.7884838,0.0296044,-0.6143424,0.4755298,0.6628313,-0.5783823,0.3900827,-0.7481833,-0.5367095,moving,-8.063401451977104,2.356580115116385,5.376487862808262,0.5247718395448373,0.30079480000000003,-0.58222407,-0.48926099999999995,-0.1401525157718897,0.04071264484115161,0.989292569808865,-5.425727817713248,7.241955557352954,13.556623299800592,13.564149304402921,12.720393889628232
05/17/2023 13:13:47.013824,1285,True,True,True,True,Eyes,0.4694376,0.06468708,-2.195188,0.5099319,-0.7181361,-0.4735505,0.0,0.0,0.0,0.0,0.0,0.0,0.0,-0.8030354,-1.529856,-1.309156,0.5831647,0.06192355,-2.086936,0.1446057,0.8661283,-0.383739,0.285754,48.36374,144.6906,2.690217,0.1869354,0.02977514,-0.9819204,0.0,0.0,0.0,0.8754462,-0.5214078,-2.581354,0.07794091,0.00870955,0.8289293,-0.7948678,0.03118424,-0.6059809,0.469804,0.6636671,-0.5820912,0.3840175,-0.7473778,-0.5421781,moving,-8.097927230308725,2.2352514484909345,5.371500748705641,0.6019839017094973,0.29228149999999997,-0.58333135,-0.494418,-0.14076036274902007,0.03861428188694196,0.9892904196059871,-5.465266299134539,7.1974603675732505,13.561252255512436,13.568089510363075,12.686048630717028
05/17/2023 13:13:47.033770,1286,True,True,True,True,Eyes,0.4742427,0.06422757,-2.190887,0.5040568,-0.7188841,-0.4786778,0.0,0.0,0.0,0.0,0.0,0.0,0.0,-0.7748126,-1.532334,-1.317734,0.5893827,0.06061279,-2.081767,0.1435663,0.867922,-0.3835741,0.2810182,48.28931,145.4166,2.896811,0.1891493,0.02967873,-0.9814993,0.0,0.0,0.0,0.872899,-0.5237207,-2.581365,0.07906634,0.008295655,0.8290846,-0.8008353,0.03362599,-0.5979404,0.4647912,0.6645194,-0.5851353,0.3776672,-0.7465142,-0.5477998,moving,-8.147047295659409,2.122335628784915,5.447584750749174,0.5732710013312816,0.28351629999999994,-0.58433349,-0.49959799999999976,-0.1416188648372043,0.036660026352212494,0.9892422264854884,-5.50989336700459,7.157164071119295,13.676394850322085,13.682602884585494,12.783347552791296
05/17/2023 13:13:47.043763,1287,True,True,True,True,Eyes,0.4791603,0.0638184,-2.186547,0.4980829,-0.719678,-0.4837116,0.0,0.0,0.0,0.0,0.0,0.0,0.0,-0.7472807,-1.535429,-1.324363,0.5954482,0.05954117,-2.076489,0.1424831,0.8695011,-0.3837038,0.2764741,48.24915,146.095,3.065485,0.1913863,0.02957559,-0.9810686,0.0,0.0,0.0,0.8702039,-0.5261679,-2.581377,0.08155575,0.005555421,0.8291835,-0.8065212,0.03561013,-0.5901316,0.4599468,0.6649399,-0.5884758,0.3714464,-0.7460474,-0.5526669,moving,-8.162249373303393,2.03794364614272,5.617355926216731,0.38386848528823336,0.27475570000000005,-0.58570907,-0.5048879999999998,-0.14188876750118865,0.0352015376511051,0.9892564583236046,-5.533332977687511,7.125637065531186,13.872820592797387,13.878526105041518,13.0303225831598
05/17/2023 13:13:47.064279,1288,True,True,True,True,Eyes,0.4841352,0.06355233,-2.182195,0.4918777,-0.7207072,-0.4885053,0.0,0.0,0.0,0.0,0.0,0.0,0.0,-0.7193701,-1.546521,-1.322972,0.6019745,0.06041843,-2.072065,0.1415316,0.8702259,-0.3858162,0.2717012,48.45225,146.7479,3.169898,0.1936497,0.02946861,-0.9806275,0.0,0.0,0.0,0.8677415,-0.5284039,-2.581388,0.08493325,0.001185507,0.8288202,-0.8122944,0.03667538,-0.5820931,0.4559823,0.6622293,-0.5945859,0.3636725,-0.7484031,-0.5546485,moving,-8.147721266309816,2.1693950328904084,5.850954642711222,0.08195324071572467,0.2657670000000001,-0.5888223300000001,-0.5093230000000002,-0.14162622502526373,0.037472478340096774,0.9892106923044071,-5.50104063977242,7.175344317211652,14.146924278007454,14.153456837166086,13.385962567467567
05/17/2023 13:13:47.083850,1289,True,True,True,True,Eyes,0.4891442,0.06322294,-2.177755,0.4853435,-0.7218838,-0.4932804,0.0,0.0,0.0,0.0,0.0,0.0,0.0,-0.6837549,-1.569469,-1.310817,0.6084983,0.06364676,-2.067528,0.1398004,0.8701842,-0.3909794,0.2652743,48.9921,147.5206,3.133761,0.1959399,0.0293645,-0.9801756,0.0,0.0,0.0,0.8651638,-0.5307444,-2.581399,0.08824879,-0.004386485,0.8285171,-0.8201708,0.03587063,-0.5709931,0.4507377,0.655182,-0.6062773,0.3523569,-0.754619,-0.5535294,moving,-8.189217713338474,2.5977255874840823,6.079887441743833,-0.30334283886849545,0.2566655,-0.59439116,-0.5138710000000004,-0.14229926204570276,0.044862110274421024,0.9888065522648114,-5.436762792452681,7.343137392476802,14.551218233523509,14.561028807786087,13.823960812486886
05/17/2023 13:13:47.093915,1290,True,True,True,True,Eyes,0.4942622,0.06309992,-2.173378,0.4789959,-0.7229006,-0.4979735,0.0,0.0,0.0,0.0,0.0,0.0,0.0,-0.6498417,-1.581399,-1.306217,0.614571,0.06174827,-2.061021,0.1416823,0.8705956,-0.3943879,0.2577742,49.44207,148.7744,3.824498,0.1982569,0.02926021,-0.9797128,0.0,0.0,0.0,0.8625643,-0.5331048,-2.581411,0.09071261,-0.01026028,0.8277026,-0.8269572,0.04336983,-0.5605898,0.450022,0.6487686,-0.6136608,0.3370787,-0.7597489,-0.5560213,moving,-8.54026792345919,3.022803686336899,6.2544072916602245,-0.7102075456063387,0.24799329999999997,-0.5948530700000001,-0.5203899999999999,-0.14830238172270405,0.05215028219625807,0.9875660524955503,-5.515796311119725,7.529969091675415,15.243833441040278,15.258367788812901,14.367957539765287
05/17/2023 13:13:47.113895,1291,True,True,True,True,Eyes,0.4994442,0.06299474,-2.169012,0.4728475,-0.7235933,-0.5028201,0.0,0.0,0.0,0.0,0.0,0.0,0.0,-0.6280439,-1.586559,-1.310032,0.6223474,0.06658271,-2.058165,0.1389302,0.8719932,-0.393742,0.2555259,49.2602,148.9896,3.608021,0.2006031,0.02916483,-0.9792379,0.0,0.0,0.0,0.8599865,-0.5354455,-2.581422,0.09199321,-0.01533481,0.8271058,-0.8308101,0.0410699,-0.5550391,0.443515,0.6513314,-0.6156802,0.3362285,-0.7576812,-0.5593478,moving,-8.258818710229384,2.77959775202648,6.346525727668426,-1.0621606571508464,0.2376391,-0.6020282100000001,-0.5232570000000001,-0.1434794267827439,0.04799235329729557,0.9884889797768274,-5.433428946893986,7.417791025895241,15.089061363423214,15.102158581610682,14.51471366171379
05/17/2023 13:13:47.134042,1292,True,True,True,True,Eyes,0.5047303,0.0629288,-2.164654,0.4669458,-0.7237858,-0.5080312,0.0,0.0,0.0,0.0,0.0,0.0,0.0,-0.6035645,-1.578105,-1.32843,0.6291093,0.06684408,-2.054065,0.1363528,0.8749843,-0.3899035,0.2525582,48.69382,149.4372,3.619094,0.2029784,0.02907822,-0.9787509,0.0,0.0,0.0,0.8573696,-0.5378218,-2.581434,0.09179986,-0.01849863,0.8268646,-0.8352446,0.04166644,-0.5482978,0.4355597,0.6587663,-0.6134449,0.33564,-0.751193,-0.5683792,moving,-8.14754534272867,2.2130496008138842,6.335127624832488,-1.281608440799988,0.22826029999999997,-0.60466588,-0.5273689999999998,-0.14161914150742638,0.03822620185483305,0.9891828652191531,-5.492459170381855,7.192156672096871,14.888694225442965,14.898337192893147,14.549793970598918
05/17/2023 13:13:47.144229,1293,True,True,True,True,Eyes,0.5100131,0.06287679,-2.16036,0.4611596,-0.7237373,-0.5133575,0.0,0.0,0.0,0.0,0.0,0.0,0.0,-0.5905678,-1.562629,-1.350175,0.6352793,0.06765978,-2.050705,0.1354506,0.8779587,-0.384155,0.2515289,47.96055,149.7255,3.817844,0.2053848,0.02900122,-0.978251,0.0,0.0,0.0,0.8547184,-0.5402291,-2.581445,0.08990288,-0.02026019,0.8266147,-0.8367729,0.04458788,-0.545732,0.4310922,0.6681561,-0.606405,0.3375959,-0.7426839,-0.5783165,moving,-7.934951297810295,1.535225332469238,6.207109853725105,-1.4040290052392386,0.2194391,-0.60788888,-0.5307400000000002,-0.13800012125981437,0.026535192001038876,0.9900765773451288,-5.526456747454551,6.916996148340186,14.438124417554269,14.444276017700053,14.384576628834795
05/17/2023 13:13:47.164340,1294,True,True,True,True,Eyes,0.5152914,0.06280859,-2.156126,0.4553028,-0.7236468,-0.5186856,0.0,0.0,0.0,0.0,0.0,0.0,0.0,-0.5716903,-1.556802,-1.363141,0.6408495,0.06785525,-2.04776,0.1347828,0.8800627,-0.3814374,0.2486544,47.59581,150.2291,4.042738,0.2078192,0.02893338,-0.9777388,0.0,0.0,0.0,0.8547108,-0.540236,-2.581445,0.08580548,-0.0176115,0.8265207,-0.8400096,0.04754248,-0.5404851,0.4269267,0.6726783,-0.6043489,0.3348404,-0.7384062,-0.5853534,moving,-7.848310364843543,1.2185186120719516,5.926945616637928,-1.2206735379320992,0.21386130000000003,-0.6080912500000001,-0.5336850000000002,-0.13652059976416214,0.02106645504969845,0.9904132535447578,-5.548191506500078,6.789262065438818,13.985417461236013,13.989543798851429,13.994207386092612
05/17/2023 13:13:47.184010,1295,True,True,True,True,Eyes,0.5205796,0.06274024,-2.151958,0.4492956,-0.7235888,-0.5239778,0.0,0.0,0.0,0.0,0.0,0.0,0.0,-0.5445706,-1.558812,-1.370222,0.6461256,0.0673653,-2.04498,0.1338596,0.8817461,-0.3810853,0.2436788,47.50009,150.9835,4.272841,0.2102783,0.02887296,-0.9772147,0.0,0.0,0.0,0.8547108,-0.540236,-2.581445,0.08169153,-0.01498786,0.8263146,-0.8454046,0.0503355,-0.5317495,0.4217852,0.6737112,-0.6068035,0.327702,-0.7372784,-0.5907894,static,-7.912534987254575,1.1551489376241248,5.646057430160262,-1.0391283983933322,0.20858520000000003,-0.6076013,-0.5364650000000002,-0.1376337980301165,0.019967929765215126,0.9902819002578692,-5.590132908187371,6.7690503354150104,13.731636278016449,13.735002052018011,13.682822386433054
05/17/2023 13:13:47.193952,1296,True,True,True,True,Eyes,0.5258976,0.06264769,-2.147842,0.4430331,-0.7235661,-0.5293144,0.0,0.0,0.0,0.0,0.0,0.0,0.0,-0.5101369,-1.566437,-1.373671,0.6517904,0.06728777,-2.042444,0.1318387,0.8832982,-0.3821654,0.2373867,47.53803,151.8406,4.371971,0.2127602,0.02881912,-0.976679,0.0,0.0,0.0,0.8547108,-0.540236,-2.581445,0.07829061,-0.0118525,0.8262239,-0.8525324,0.05146381,-0.5201349,0.4143478,0.6731363,-0.6125386,0.3185981,-0.7377257,-0.5951945,static,-8.02774494434689,1.1999602218138643,5.413021530136208,-0.8218736453141701,0.2029204,-0.60752377,-0.5390009999999998,-0.1396225810693117,0.020736596872497425,0.989987621749823,-5.634509316027243,6.793872326311878,13.58894875723932,13.591983505281881,13.418178881698935
05/17/2023 13:13:47.213664,1297,True,True,True,True,Eyes,0.5312281,0.06255404,-2.143819,0.4365918,-0.7236153,-0.534573,0.0,0.0,0.0,0.0,0.0,0.0,0.0,-0.4764555,-1.569837,-1.380362,0.6574214,0.06642915,-2.039652,0.1295461,0.8851624,-0.3822548,0.2314883,47.45038,152.641,4.441134,0.2152635,0.02877,-0.9761318,0.0,0.0,0.0,0.8547108,-0.540236,-2.581445,0.07556114,-0.008952528,0.8260203,-0.8592623,0.05236365,-0.5088487,0.4063137,0.6741982,-0.6167383,0.3107702,-0.736692,-0.6005891,static,-8.108449006113535,1.1126786705506897,5.226649877116095,-0.6209556683706133,0.19728939999999995,-0.6066651500000001,-0.5417930000000002,-0.1410211407856663,0.019224624689057942,0.9898198049177456,-5.688702444701618,6.7655255497999995,13.444942758757477,13.447317585548399,13.179720068946782
05/17/2023 13:13:47.234473,1298,True,True,True,True,Eyes,0.5365519,0.06241222,-2.139863,0.4300385,-0.7236821,-0.5397695,0.0,0.0,0.0,0.0,0.0,0.0,0.0,-0.4473002,-1.57406,-1.385512,0.6630291,0.06633776,-2.037984,0.1276393,0.8866676,-0.3824492,0.22641,47.39249,153.3291,4.504414,0.2177863,0.02872495,-0.9755734,0.0,0.0,0.0,0.8547108,-0.540236,-2.581445,0.07396317,-0.006765932,0.825617,-0.8648936,0.05316665,-0.499132,0.399528,0.6748817,-0.6204129,0.3038697,-0.7360082,-0.6049424,static,-8.106910937410463,1.0587228723892532,5.119195649826535,-0.46952844996532533,0.19168169999999995,-0.6065737600000001,-0.5434610000000002,-0.14099705066318602,0.01829256210480268,0.9898410076112402,-5.698499756452505,6.744630881653156,13.312130777190493,13.31410708839434,13.002562392275172
05/17/2023 13:13:47.243770,1299,True,True,True,True,Eyes,0.541837,0.06226425,-2.135993,0.4233322,-0.7239583,-0.5446782,0.0,0.0,0.0,0.0,0.0,0.0,0.0,-0.4189742,-1.578926,-1.388239,0.6683162,0.06525616,-2.035891,0.1269311,0.8878091,-0.3832217,0.2209636,47.4383,154.1362,4.751278,0.2203261,0.02868126,-0.9750043,0.0,0.0,0.0,0.8547108,-0.540236,-2.581445,0.07265362,-0.005125642,0.8251026,-0.8701272,0.05602514,-0.4896325,0.3947373,0.6740593,-0.6243609,0.2950614,-0.7365496,-0.6086326,static,-8.177879178600685,1.1108601289953597,5.0321462209763546,-0.35592407084649413,0.18639459999999997,-0.6054921600000001,-0.5455540000000001,-0.142220603458681,0.019189884604582513,0.9896490092612031,-5.721057975060441,6.7693760416470425,13.289185401683964,13.291208633769022,12.899662870585562
05/17/2023 13:13:47.264194,1300,True,True,True,True,Eyes,0.5471107,0.06210961,-2.132211,0.4165362,-0.7243352,-0.5493961,0.0,0.0,0.0,0.0,0.0,0.0,0.0,-0.3961912,-1.587619,-1.384542,0.6732419,0.06494902,-2.033958,0.1275073,0.8880418,-0.3852183,0.2161729,47.67241,154.8942,5.104916,0.2228789,0.0286384,-0.9744251,0.0,0.0,0.0,0.8547108,-0.540236,-2.581445,0.07143065,-0.002917409,0.8247512,-0.8740226,0.05991618,-0.4821774,0.3930111,0.6706976,-0.6290525,0.2857048,-0.739307,-0.6097525,static,-8.197995249273042,1.360036498322095,4.949962406724512,-0.20267266738708814,0.18146890000000004,-0.6051850200000001,-0.5474869999999998,-0.14255494509074862,0.023492478342374255,0.9895080361756523,-5.6818103498924275,6.866723947005336,13.237728000901642,13.24050038557819,12.76757457154354
05/17/2023 13:13:47.283900,1301,True,True,True,True,Eyes,0.5524009,0.06196027,-2.128509,0.4095997,-0.724856,-0.5539059,0.0,0.0,0.0,0.0,0.0,0.0,0.0,-0.3754479,-1.596724,-1.379912,0.6783428,0.06463329,-2.032318,0.1280532,0.8880551,-0.3873696,0.211909,47.92619,155.5672,5.417318,0.2254422,0.02859584,-0.9738366,0.0,0.0,0.0,0.8547108,-0.540236,-2.581445,0.06974456,-0.001193047,0.824263,-0.877394,0.06326242,-0.4755815,0.3916108,0.6670943,-0.6337398,0.2771658,-0.7422823,-0.6100788,static,-8.155732796695888,1.6144193445016244,4.836530249259324,-0.08293046045400548,0.17636799999999997,-0.60486929,-0.5491269999999999,-0.14180899387628149,0.0278884857638528,0.9895010473205655,-5.61279771091475,6.961989279972751,13.098931328150089,13.102667492372548,12.602354897729642
05/17/2023 13:13:47.293771,1302,True,True,True,True,Eyes,0.5576695,0.0618076,-2.124899,0.4026698,-0.7254527,-0.5581893,0.0,0.0,0.0,0.0,0.0,0.0,0.0,-0.3563918,-1.607182,-1.373275,0.6833624,0.06470171,-2.030951,0.1281475,0.8877834,-0.389953,0.2082203,48.22384,156.114,5.611255,0.2280155,0.02855366,-0.9732385,0.0,0.0,0.0,0.8547108,-0.540236,-2.581445,0.06810191,0.0009194911,0.8239856,-0.8804452,0.06514215,-0.4696521,0.3899267,0.6630298,-0.6390216,0.2697661,-0.7457532,-0.6091622,static,-8.030849662169592,1.8930291454083445,4.7247228757844875,0.06393672105686857,0.17134839999999996,-0.6049377100000001,-0.550494,-0.13963150197593543,0.03270996643876186,0.9896630659751527,-5.500986485809623,7.061175350932031,12.881117122812935,12.88604710017111,12.390580308896379
05/17/2023 13:13:47.314345,1303,True,True,True,True,Eyes,0.5629169,0.06165036,-2.121384,0.395852,-0.7260826,-0.5622324,0.0,0.0,0.0,0.0,0.0,0.0,0.0,-0.3382795,-1.615949,-1.367973,0.6881889,0.06448632,-2.029608,0.1278143,0.8876215,-0.3921578,0.2049492,48.46631,156.576,5.726192,0.2305962,0.02851153,-0.9726314,0.0,0.0,0.0,0.8547108,-0.540236,-2.581445,0.06628916,0.002740175,0.8232778,-0.8833188,0.06615658,-0.4640814,0.3876463,0.6597517,-0.6437843,0.263588,-0.7485662,-0.6084166,static,-7.866631957323201,2.1042473563256445,4.603443576658411,0.19070097952051654,0.1665219,-0.60472232,-0.5518369999999999,-0.1367771028589288,0.03637271022335383,0.9899338713373969,-5.38416779537522,7.131811117360284,12.610145011941793,12.616039139103478,12.162704915617969
05/17/2023 13:13:47.333883,1304,True,True,True,True,Eyes,0.5681314,0.06149241,-2.117967,0.3890722,-0.726765,-0.5660703,0.0,0.0,0.0,0.0,0.0,0.0,0.0,-0.3209168,-1.624453,-1.362672,0.6929788,0.064256,-2.028389,0.1271656,0.8874218,-0.3943425,0.2020038,48.70069,156.9668,5.772529,0.2331814,0.02846911,-0.9720161,0.0,0.0,0.0,0.8547108,-0.540236,-2.581445,0.06498885,0.004907399,0.8230818,-0.8860467,0.06638159,-0.4588188,0.3850163,0.656646,-0.6485202,0.2582316,-0.751272,-0.6073769,static,-7.663879268450915,2.294571891094699,4.51459087056765,0.341606289229272,0.161732,-0.604492,-0.5530559999999998,-0.13325639536765135,0.03968006561936609,0.9902870048960517,-5.253656143493091,7.191868668946218,12.327293219530496,12.334067032777,11.930831672547889
05/17/2023 13:13:47.343762,1305,True,True,True,True,Eyes,0.5733325,0.06133932,-2.11465,0.3824201,-0.7274196,-0.5697505,0.0,0.0,0.0,0.0,0.0,0.0,0.0,-0.302046,-1.632426,-1.358232,0.6974715,0.06410348,-2.027379,0.1260195,0.8874041,-0.3963553,0.1988357,48.90047,157.3647,5.765831,0.2357691,0.02842624,-0.971393,0.0,0.0,0.0,0.8547108,-0.540236,-2.581445,0.06414545,0.00703463,0.8226422,-0.8891673,0.06604124,-0.4527922,0.3812796,0.6540432,-0.6533403,0.2529983,-0.7535689,-0.606734,static,-7.481895822710263,2.444321716213653,4.458611502860632,0.4899393509493559,0.15723929999999997,-0.60433948,-0.5540660000000002,-0.1300964443241794,0.04228606818845917,0.9905992344080359,-5.140618028437013,7.237650749034012,12.091909734538064,12.09939360553529,11.73357646697623
05/17/2023 13:13:47.363920,1306,True,True,True,True,Eyes,0.5785144,0.06118423,-2.111432,0.3758055,-0.7280994,-0.5732726,0.0,0.0,0.0,0.0,0.0,0.0,0.0,-0.2794739,-1.640718,-1.354367,0.7022033,0.0641164,-2.026616,0.1238698,0.8875843,-0.3984059,0.1952521,49.07864,157.7612,5.634408,0.2383572,0.02838304,-0.9707624,0.0,0.0,0.0,0.8547108,-0.540236,-2.581445,0.0637022,0.009538651,0.8225164,-0.8930661,0.06431048,-0.4453062,0.3754688,0.6518582,-0.6588659,0.2479045,-0.7556092,-0.606299,static,-7.312792701644417,2.553784063060738,4.428599639722082,0.6644243763747296,0.15250750000000002,-0.6043524,-0.5548289999999998,-0.12716169856738446,0.04419546798813049,0.9908968902202376,-5.041361397907709,7.268750913058967,11.88442706166377,11.892433482663424,11.545444601979515
05/17/2023 13:13:47.383997,1307,True,True,True,True,Eyes,0.5836599,0.0610356,-2.108327,0.3692186,-0.7286708,-0.5768157,0.0,0.0,0.0,0.0,0.0,0.0,0.0,-0.2544842,-1.647845,-1.351969,0.7070002,0.06394188,-2.025842,0.1211527,0.8880105,-0.4001701,0.1913728,49.20753,158.172,5.446117,0.2409442,0.0283393,-0.9701248,0.0,0.0,0.0,0.8547108,-0.540236,-2.581445,0.0633494,0.01137751,0.8221028,-0.8973973,0.06200642,-0.4368454,0.368333,0.6503718,-0.6643397,0.2429186,-0.7570811,-0.606481,static,-7.161500358071265,2.6161896358073866,4.406376637188369,0.7928955967922641,0.14771060000000003,-0.6041778800000001,-0.5556030000000001,-0.12453862756110598,0.04528989541044336,0.9911805167294184,-4.959476884823297,7.282883569229238,11.702410187698362,11.710686543929231,11.394698595318566
05/17/2023 13:13:47.393714,1308,True,True,True,True,Eyes,0.588788,0.06089171,-2.105327,0.3627541,-0.7291976,-0.5802416,0.0,0.0,0.0,0.0,0.0,0.0,0.0,-0.2313408,-1.652834,-1.351713,0.7118792,0.06393899,-2.025252,0.1182084,0.8886063,-0.401277,0.1881022,49.25527,158.4795,5.196847,0.2435274,0.02829522,-0.9694809,0.0,0.0,0.0,0.8547108,-0.540236,-2.581445,0.06275606,0.01308611,0.8220947,-0.9012886,0.05911925,-0.4291661,0.3610435,0.6500072,-0.668684,0.2394289,-0.7576249,-0.6071887,static,-6.958960093801636,2.5974120623351364,4.365308968119366,0.91195765621871,0.14283159999999995,-0.6041749900000001,-0.5561929999999999,-0.12103571773251362,0.044984696312862275,0.9916283191870555,-4.869779342641177,7.262369887413026,11.440995167382043,11.449009841111957,11.207791558270896
05/17/2023 13:13:47.414223,1309,True,True,True,True,Eyes,0.5939127,0.06075369,-2.102438,0.356068,-0.7296316,-0.5838264,0.0,0.0,0.0,0.0,0.0,0.0,0.0,-0.2081434,-1.656181,-1.353245,0.7166418,0.06393371,-2.024813,0.1148479,0.8894014,-0.4019313,0.1850039,49.24,158.7377,4.882926,0.2461055,0.02825091,-0.968831,0.0,0.0,0.0,0.8547108,-0.540236,-2.581445,0.06215289,0.01395011,0.8222491,-0.905167,0.05557418,-0.4214073,0.3530095,0.6505225,-0.6724617,0.2367634,-0.757451,-0.6084497,static,-6.715092140555288,2.519281614087796,4.322703562790205,0.971975222564714,0.138069,-0.6041697100000001,-0.556632,-0.11682086554763069,0.04365462745132132,0.992193084310866,-4.772590383967161,7.216273260235052,11.13835932703009,11.14572075094475,11.032480680299187
05/17/2023 13:13:47.433620,1310,True,True,True,True,Eyes,0.5990236,0.06061824,-2.099663,0.3494464,-0.7300211,-0.58733,0.0,0.0,0.0,0.0,0.0,0.0,0.0,-0.1830961,-1.658883,-1.355996,0.7215199,0.06397215,-2.024712,0.1113852,0.8903905,-0.4023183,0.1814889,49.18914,159.0609,4.591634,0.2486772,0.02820649,-0.9681754,0.0,0.0,0.0,0.8547108,-0.540236,-2.581445,0.06242308,0.01480651,0.8222978,-0.9093102,0.05232008,-0.4128166,0.3443853,0.6514667,-0.6760103,0.2335673,-0.756871,-0.6104036,static,-6.522285258162649,2.411300702796478,4.3411673225898575,1.0315713656640937,0.1331909,-0.60420815,-0.5567329999999999,-0.11349038121039301,0.0418008891471293,0.9926594284332363,-4.7047487105269905,7.162019853206205,10.944052330096309,10.950719383583987,10.927533826834297
05/17/2023 13:13:47.444291,1311,True,True,True,True,Eyes,0.6040756,0.06048519,-2.097,0.3426286,-0.730332,-0.5909491,0.0,0.0,0.0,0.0,0.0,0.0,0.0,-0.15769,-1.661532,-1.358533,0.726369,0.06390879,-2.024715,0.1084367,0.8913666,-0.4026906,0.1776162,49.14873,159.4776,4.40731,0.2512417,0.02816193,-0.9675143,0.0,0.0,0.0,0.8547108,-0.540236,-2.581445,0.06387052,0.01520288,0.8222923,-0.913388,0.05026494,-0.403975,0.3363623,0.6521636,-0.6793696,0.2293093,-0.75641,-0.6125857,static,-6.374403252540742,2.331167852292384,4.441459836728567,1.0591873859261656,0.12834179999999995,-0.6041447900000001,-0.55673,-0.11093420797707718,0.040424272313715155,0.9930052901476278,-4.65219104518067,7.121443662487977,10.884212144164099,10.890400758128026,10.92910964007415
05/17/2023 13:13:47.464285,1312,True,True,True,True,Eyes,0.6091174,0.06034096,-2.094444,0.3357793,-0.730639,-0.5944904,0.0,0.0,0.0,0.0,0.0,0.0,0.0,-0.1305161,-1.664166,-1.360388,0.731082,0.06385324,-2.024495,0.1057774,0.8923675,-0.4031279,0.1731454,49.12213,160.0093,4.310129,0.253796,0.02811721,-0.9668487,0.0,0.0,0.0,0.8547108,-0.540236,-2.581445,0.06504235,0.01578975,0.8224316,-0.9176638,0.04918509,-0.3943022,0.3283841,0.652598,-0.6828468,0.223735,-0.7561063,-0.6150172,static,-6.300634590948452,2.2715597682907136,4.5218492552104195,1.0998785850541173,0.12362879999999998,-0.6040892400000001,-0.5569500000000001,-0.10966011439332746,0.03939677238774936,0.99318803655618,-4.629796783803586,7.093635770398626,10.879813947534172,10.885724293565422,10.939732648482305
05/17/2023 13:13:47.483826,1313,True,True,True,True,Eyes,0.6141424,0.06018442,-2.091994,0.3287604,-0.7309335,-0.5980408,0.0,0.0,0.0,0.0,0.0,0.0,0.0,-0.101034,-1.667754,-1.361257,0.7359827,0.06345251,-2.024583,0.1032084,0.8932871,-0.4039087,0.1680591,49.13938,160.64,4.262739,0.2563394,0.02807169,-0.9661789,0.0,0.0,0.0,0.8547108,-0.540236,-2.581445,0.06608951,0.01642582,0.8224714,-0.9222084,0.04862843,-0.3836237,0.3201506,0.6524116,-0.6869227,0.2168765,-0.7563032,-0.6172279,static,-6.2802203549823465,2.2596103570679515,4.594118928604725,1.144118892015882,0.1187281,-0.60368851,-0.5568620000000002,-0.10930712651382693,0.0391911697390341,0.9932351105366876,-4.622714331178423,7.0876924192315025,10.925493779178717,10.93140320650414,10.967045254400256
05/17/2023 13:13:47.503654,1314,True,True,True,True,Eyes,0.6191739,0.06002815,-2.089643,0.3216906,-0.7312471,-0.6014922,0.0,0.0,0.0,0.0,0.0,0.0,0.0,-0.0693754,-1.671754,-1.361044,0.7409037,0.06295463,-2.024626,0.1006677,0.8941624,-0.4049202,0.1624174,49.18546,161.358,4.254927,0.2588708,0.02802473,-0.9655051,0.0,0.0,0.0,0.8547108,-0.540236,-2.581445,0.06753188,0.01758584,0.822837,-0.9269733,0.04849431,-0.3719799,0.3115587,0.6518113,-0.6914284,0.2089304,-0.7568291,-0.6193206,static,-6.315474545804375,2.2763737765986978,4.691863686563874,1.2243506792842918,0.11380709999999994,-0.6031906300000001,-0.556819,-0.10991700095699442,0.039479095315322996,0.9931564247294148,-4.6356993653616625,7.096463823596389,11.051350638511526,11.057497346101366,11.022029997566209
05/17/2023 13:13:47.513765,1315,True,True,True,True,Eyes,0.6242003,0.05986845,-2.087397,0.3145297,-0.7315494,-0.6049021,0.0,0.0,0.0,0.0,0.0,0.0,0.0,-0.03870893,-1.676105,-1.359983,0.7461913,0.06280767,-2.024755,0.09819017,0.8948944,-0.4060175,0.1570753,49.2471,162.0303,4.233376,0.2613908,0.02797636,-0.9648272,0.0,0.0,0.0,0.8547108,-0.540236,-2.581445,0.06918132,0.02034277,0.8239719,-0.9313723,0.04818902,-0.3608655,0.3032903,0.651017,-0.695839,0.2013978,-0.7575319,-0.6209545,static,-6.315135196625701,2.3097196751975426,4.7993417105384895,1.4142692699405606,0.10851949999999999,-0.60304367,-0.5566900000000001,-0.10990858690578617,0.04005713842688677,0.9931341981788174,-4.62904986669778,7.109292642087903,11.143847777037823,11.150490049686649,11.014892597887838
05/17/2023 13:13:47.533990,1316,True,True,True,True,Eyes,0.6292467,0.05971598,-2.085237,0.3073859,-0.7318385,-0.6082156,0.0,0.0,0.0,0.0,0.0,0.0,0.0,-0.008087814,-1.67951,-1.359561,0.751682,0.06253583,-2.024918,0.09539426,0.8956553,-0.406951,0.1519615,49.28542,162.6454,4.149473,0.2638988,0.02792639,-0.9641458,0.0,0.0,0.0,0.8547108,-0.540236,-2.581445,0.06984517,0.02690029,0.8269243,-0.9356151,0.04719894,-0.3498519,0.2945625,0.6505817,-0.6999831,0.1945687,-0.7579681,-0.622597,static,-6.283031038438747,2.3157656270400455,4.827960009003251,1.8632053174368615,0.10302880000000003,-0.60277183,-0.556527,-0.10935161618146805,0.04016441547551492,0.9931912914702945,-4.613075307534557,7.109518157723918,11.112549043159328,11.120203815135959,10.800784520870462
05/17/2023 13:13:47.543777,1317,True,True,True,True,Eyes,0.6342856,0.05956061,-2.083193,0.300363,-0.7320665,-0.6114414,0.0,0.0,0.0,0.0,0.0,0.0,0.0,0.02137995,-1.681803,-1.359688,0.7572943,0.06257117,-2.02491,0.09244003,0.8964504,-0.4076056,0.1472733,49.29031,163.184,4.015847,0.2663957,0.02787521,-0.9634603,0.0,0.0,0.0,0.8547108,-0.540236,-2.581445,0.06705105,0.03688353,0.8276698,-0.939531,0.04567697,-0.3394045,0.2857946,0.6506251,-0.7035684,0.1886882,-0.7580241,-0.6243368,static,-6.211469112610762,2.290513026936214,4.631521859398976,2.5515892614077695,0.09741650000000002,-0.6028071700000001,-0.5565349999999998,-0.1081129130935162,0.03973208610388093,0.9933442692145948,-4.5850084912089235,7.095095067486019,10.836630309515547,10.846133597706167,10.27559617314457
05/17/2023 13:13:47.564331,1318,True,True,True,True,Eyes,0.6393614,0.05938823,-2.081246,0.2934255,-0.7322231,-0.6146144,0.0,0.0,0.0,0.0,0.0,0.0,0.0,0.05023146,-1.682014,-1.362753,0.7632968,0.06228487,-2.02541,0.08910789,0.8974623,-0.4076411,0.1430034,49.21539,163.6364,3.805501,0.2688809,0.02782262,-0.9627712,0.0,0.0,0.0,0.8547108,-0.540236,-2.581445,0.07246953,0.0299902,0.8305984,-0.9432198,0.04335385,-0.3293284,0.27653,0.6517771,-0.7061995,0.1840322,-0.7571704,-0.6267579,static,-6.09491420202017,2.1863939841343503,4.986416828596797,2.0678654704451866,0.091414,-0.6025208700000001,-0.5560350000000001,-0.10609938728096507,0.03793517485446999,0.9936316699051942,-4.551560534441331,7.0473284936179,11.074328750778607,11.081964916867037,10.759556876422563
05/17/2023 13:13:47.583663,1319,True,True,True,True,Eyes,0.6444727,0.05919495,-2.079401,0.2865781,-0.7323152,-0.6177276,0.0,0.0,0.0,0.0,0.0,0.0,0.0,0.07725686,-1.680709,-1.367101,0.7693238,0.06171537,-2.025846,0.08596642,0.8985328,-0.4072983,0.1391282,49.10079,164.0431,3.603774,0.2713557,0.02776786,-0.9620783,0.0,0.0,0.0,0.8547108,-0.540236,-2.581445,0.07543412,0.02185774,0.8315072,-0.946506,0.04115389,-0.3200504,0.2678206,0.6534358,-0.708021,0.1799946,-0.7558624,-0.6295027,static,-5.955001200446608,2.0509193710149174,5.183668848080439,1.5057812025576982,0.08538699999999999,-0.6019513700000001,-0.555599,-0.10368160938566563,0.03559477499246384,0.9939733815454236,-4.513452009587946,6.985946716612855,11.146398399576762,11.15200188632796,11.138508292840053
05/17/2023 13:13:47.595679,1320,True,True,True,True,Eyes,0.649635,0.05897457,-2.077651,0.279796,-0.7323525,-0.6207851,0.0,0.0,0.0,0.0,0.0,0.0,0.0,0.1038722,-1.679225,-1.371553,0.775603,0.06099831,-2.026442,0.08297631,0.8995628,-0.4069227,0.1353347,48.98731,164.447,3.419673,0.2738211,0.02771002,-0.9613811,0.0,0.0,0.0,0.8547108,-0.540236,-2.581445,0.07892278,0.01026946,0.8324894,-0.9495986,0.03914331,-0.3110139,0.2594263,0.6550578,-0.7096459,0.1759542,-0.7545642,-0.6321967,static,-5.816584879436944,1.9234150770889038,5.41564558394574,0.7067559930001687,0.07910779999999995,-0.60123431,-0.5550030000000001,-0.10128776512188176,0.03339101124902385,0.9942967138931125,-4.474481353274724,6.927734705535158,11.294078065249652,11.297931691660985,11.683971370049969
05/17/2023 13:13:47.614232,1321,True,True,True,True,Eyes,0.6547856,0.0587299,-2.076012,0.2730807,-0.7323803,-0.6237354,0.0,0.0,0.0,0.0,0.0,0.0,0.0,0.1298929,-1.678024,-1.375288,0.7820569,0.06013167,-2.027024,0.08041579,0.9004834,-0.4066501,0.1315246,48.89594,164.8814,3.301124,0.2762791,0.02764801,-0.9606794,0.0,0.0,0.0,0.8547108,-0.540236,-2.581445,0.07989353,0.004785597,0.8330225,-0.9524693,0.03785714,-0.3022737,0.2517952,0.656338,-0.71121,0.1714693,-0.7535167,-0.634674,static,-5.701046505529418,1.8243478895852376,5.478367872921642,0.3291525668984141,0.07265389999999994,-0.60036767,-0.554421,-0.09928805983873026,0.031678186821664976,0.9945542697142737,-4.440518240430935,6.881981685891663,11.275709609283625,11.278958945669714,11.887971702203217
05/17/2023 13:13:47.633987,1322,True,True,True,True,Eyes,0.6599938,0.05846194,-2.074472,0.2664201,-0.7323648,-0.6266276,0.0,0.0,0.0,0.0,0.0,0.0,0.0,0.1548355,-1.676888,-1.378817,0.7887337,0.05921659,-2.027673,0.078224,0.9013357,-0.4063582,0.1278589,48.81033,165.318,3.229424,0.2787279,0.027581,-0.9599736,0.0,0.0,0.0,0.8547108,-0.540236,-2.581445,0.07834244,0.00415957,0.8332633,-0.9550661,0.03709914,-0.2940616,0.2449252,0.6575081,-0.712527,0.1669137,-0.7525335,-0.6370503,static,-5.5892582718384505,1.739227262609581,5.37109325118232,0.28601262769792296,0.06597710000000001,-0.5994525900000001,-0.5537719999999999,-0.097351871526853,0.03020641643244815,0.9947915382437361,-4.4055679609814,6.841849316034697,11.05337741378917,11.056271445804194,11.771240339979855
05/17/2023 13:13:47.644191,1323,True,True,True,True,Eyes,0.6652696,0.05816354,-2.073034,0.2596661,-0.7323855,-0.6294323,0.0,0.0,0.0,0.0,0.0,0.0,0.0,0.1786553,-1.676275,-1.381787,0.7953906,0.05838538,-2.028569,0.07639839,0.902093,-0.4061368,0.1242766,48.74091,165.765,3.206784,0.28117,0.02750826,-0.9592633,0.0,0.0,0.0,0.8547108,-0.540236,-2.581445,0.0760915,0.005292237,0.8336463,-0.9574375,0.03689031,-0.2862745,0.2387835,0.6584325,-0.7137571,0.1621617,-0.7517353,-0.6392169,static,-5.479051533213905,1.6716985143455398,5.215251002561502,0.3637259242863079,0.059320200000000045,-0.5986213800000001,-0.5528759999999999,-0.09544154323156447,0.029039332728393846,0.9950113835343883,-4.367921139780131,6.808600292393364,10.771356452191265,10.773991786846626,11.548748587203555
05/17/2023 13:13:47.669239,1324,True,True,True,True,Eyes,0.6706147,0.0578366,-2.071689,0.2529661,-0.7323846,-0.6321558,0.0,0.0,0.0,0.0,0.0,0.0,0.0,0.2026445,-1.67586,-1.384581,0.8024074,0.05734625,-2.029652,0.07475244,0.9028004,-0.4059665,0.1206434,48.68143,166.2313,3.214154,0.2836072,0.02742879,-0.9585478,0.0,0.0,0.0,0.8547108,-0.540236,-2.581445,0.0744002,0.005293608,0.8336321,-0.9597144,0.03701873,-0.2785278,0.2329274,0.6592066,-0.7149765,0.1571398,-0.7510502,-0.6412727,static,-5.385208687376578,1.6177365376773762,5.100035262813142,0.3638263452232331,0.0523034,-0.5975822500000001,-0.551793,-0.09381422143311145,0.028106570807572562,0.9951929049557922,-4.335174975107623,6.781652418169115,10.557525583332497,10.55995414127024,11.41103342105126
05/17/2023 13:13:47.684061,1325,True,True,True,True,Eyes,0.6760461,0.05748266,-2.07044,0.2461436,-0.732436,-0.6347841,0.0,0.0,0.0,0.0,0.0,0.0,0.0,0.2252845,-1.67628,-1.386067,0.8094828,0.05632892,-2.030618,0.07335416,0.9033141,-0.4060719,0.1172541,48.66173,166.6722,3.237027,0.2860409,0.02734184,-0.9578269,0.0,0.0,0.0,0.8547108,-0.540236,-2.581445,0.0732253,0.004387498,0.8334526,-0.9617413,0.03729647,-0.2714088,0.2277509,0.6594495,-0.7164188,0.1522605,-0.7508231,-0.6427141,static,-5.266788690591806,1.6012752940312496,5.020987822955902,0.30161618778346044,0.045228000000000046,-0.59656492,-0.550827,-0.09175786024901283,0.027826002881736655,0.9953924995577969,-4.283798713162652,6.767545727386718,10.367227840042762,10.36954480125124,11.330811855019352
05/17/2023 13:13:47.693918,1326,True,True,True,True,Eyes,0.6815522,0.05709514,-2.06929,0.2393834,-0.7324613,-0.6373351,0.0,0.0,0.0,0.0,0.0,0.0,0.0,0.2468541,-1.677096,-1.387366,0.8167889,0.05533925,-2.031788,0.07220162,0.903756,-0.4062044,0.1140626,48.6502,167.0981,3.283489,0.288474,0.02724674,-0.9570996,0.0,0.0,0.0,0.8547108,-0.540236,-2.581445,0.07101141,0.006062269,0.8330153,-0.9635535,0.03783987,-0.2648266,0.2231707,0.6595698,-0.7177483,0.1475122,-0.7506903,-0.6439757,static,-5.142095972478583,1.5971592738453517,4.872469105397666,0.41696268505942796,0.03792189999999995,-0.59557525,-0.5496569999999998,-0.08959153699815209,0.027759992979072112,0.9955916518198465,-4.2271274059787345,6.757785527107355,10.081590066250062,10.083867199006562,11.090928319310802
05/17/2023 13:13:47.713910,1327,True,True,True,True,Eyes,0.6871504,0.05668111,-2.068232,0.232514,-0.7325586,-0.6397618,0.0,0.0,0.0,0.0,0.0,0.0,0.0,0.2677577,-1.677654,-1.389014,0.8241469,0.05413233,-2.033083,0.07128427,0.9042057,-0.406231,0.1109383,48.62928,167.5306,3.363604,0.2909075,0.02714265,-0.9563658,0.0,0.0,0.0,0.8547108,-0.540236,-2.581445,0.06911777,0.009821773,0.833096,-0.9652229,0.03877815,-0.2585378,0.2190444,0.6597899,-0.7188163,0.1427063,-0.7504489,-0.6453385,static,-5.017810423349596,1.5800065372426217,4.742679944183856,0.675456454013538,0.030563899999999977,-0.59436833,-0.548362,-0.08743240689459283,0.027467230274617255,0.9957917196155325,-4.173182268475239,6.743027841538905,9.79999738401319,9.802315189167459,10.784619675159567
05/17/2023 13:13:47.734066,1328,True,True,True,True,Eyes,0.6928201,0.0562524,-2.06728,0.2257156,-0.7326283,-0.6421123,0.0,0.0,0.0,0.0,0.0,0.0,0.0,0.2877411,-1.678507,-1.390294,0.8316113,0.05309962,-2.03438,0.07040881,0.9045842,-0.4063177,0.1080558,48.61752,167.9267,3.431691,0.2933441,0.02702906,-0.9556244,0.0,0.0,0.0,0.8547108,-0.540236,-2.581445,0.06814486,0.01356637,0.8328778,-0.9667331,0.03957142,-0.2527079,0.2151914,0.6598971,-0.7198808,0.1382745,-0.7503132,-0.6464599,static,-4.873891194146851,1.5733307436043935,4.677439229127548,0.9331825293564471,0.02309949999999994,-0.5933356200000001,-0.5470649999999999,-0.0849310938784471,0.027357145820957485,0.9960111744958894,-4.108147606208294,6.731020789562347,9.570267974900657,9.572758358528223,10.526227459671096
05/17/2023 13:13:47.743833,1329,True,True,True,True,Eyes,0.6985614,0.05579583,-2.06643,0.2190007,-0.7326524,-0.6444061,0.0,0.0,0.0,0.0,0.0,0.0,0.0,0.3078464,-1.679559,-1.391552,0.8390538,0.05230475,-2.036015,0.06961785,0.9049817,-0.4063497,0.1050788,48.59979,168.3439,3.520487,0.2957845,0.02690613,-0.9548753,0.0,0.0,0.0,0.8547108,-0.540236,-2.581445,0.0682712,0.0174998,0.832699,-0.9682239,0.0406083,-0.2467671,0.2114032,0.6600665,-0.7208474,0.1336104,-0.7501088,-0.647677,static,-4.749863147758408,1.564951182125188,4.687074304497022,1.203936966956722,0.015657000000000032,-0.5925407500000001,-0.5454300000000001,-0.0827751557518219,0.027216434022517694,0.9961965703880032,-4.052612849805225,6.719661048448724,9.44103308681688,9.443840306852659,10.334667082118635
05/17/2023 13:13:47.764082,1330,True,True,True,True,Eyes,0.7043666,0.05530609,-2.065692,0.2121652,-0.7326977,-0.6466374,0.0,0.0,0.0,0.0,0.0,0.0,0.0,0.3272126,-1.679465,-1.394209,0.8465643,0.05116127,-2.037695,0.0688845,0.9054877,-0.4060587,0.1022912,48.54317,168.7373,3.609091,0.298229,0.02677338,-0.9541184,0.0,0.0,0.0,0.8547108,-0.540236,-2.581445,0.06899905,0.02084935,0.8323148,-0.9695832,0.04167566,-0.2411891,0.2078206,0.6607425,-0.7212697,0.1293046,-0.7494548,-0.6493061,static,-4.606582703517511,1.515823041304196,4.738994331570634,1.4349498418306532,0.008146499999999945,-0.5913972700000001,-0.5437500000000002,-0.08028551643443178,0.026367622980272128,0.9964230542617514,-3.9961389013101645,6.691335303197014,9.342841806411958,9.345926952055638,10.194711409090607
05/17/2023 13:13:47.785062,1331,True,True,True,True,Eyes,0.7102242,0.05479728,-2.065076,0.2053374,-0.7327411,-0.6487889,0.0,0.0,0.0,0.0,0.0,0.0,0.0,0.346864,-1.677253,-1.399468,0.8539011,0.04988255,-2.039698,0.06765395,0.9062572,-0.4052086,0.09963422,48.41118,169.0787,3.617242,0.3006785,0.02663011,-0.9533534,0.0,0.0,0.0,0.8547108,-0.540236,-2.581445,0.07032342,0.02400064,0.8318161,-0.9709921,0.04187844,-0.2354163,0.203369,0.6624578,-0.7209652,0.1257605,-0.7479278,-0.6517581,static,-4.436489281570526,1.385295495562122,4.832410273132172,1.6527138175231453,0.0008097000000000243,-0.59011855,-0.541747,-0.0773315205680755,0.024103216535623626,0.9967140387846688,-3.9431564713190213,6.6298816525966275,9.269457083612618,9.272756414038295,10.08874478539366
05/17/2023 13:13:47.794108,1332,True,True,True,True,Eyes,0.7161522,0.05432769,-2.064615,0.1986543,-0.7327116,-0.6508995,0.0,0.0,0.0,0.0,0.0,0.0,0.0,0.3690685,-1.672857,-1.406929,0.8614428,0.04891133,-2.041968,0.06552202,0.9073263,-0.4038458,0.09682237,48.20445,169.3844,3.500843,0.3031319,0.02647638,-0.9525805,0.0,0.0,0.0,0.8547108,-0.540236,-2.581445,0.07115367,0.02668208,0.8313637,-0.9726647,0.04069711,-0.2286205,0.1971023,0.6652309,-0.7201517,0.1227774,-0.7455277,-0.6550682,static,-4.258120038531344,1.1767012200012066,4.891835185455417,1.8382399841361694,-0.00673199999999996,-0.5891473300000001,-0.5394770000000002,-0.07423424862322968,0.020479204791077864,0.9970305197363668,-3.901560682115422,6.53779962528358,9.170396078337138,9.173838571580374,9.970439895235991
05/17/2023 13:13:47.814207,1333,True,True,True,True,Eyes,0.7221844,0.05387545,-2.064269,0.1916305,-0.7329009,-0.6527894,0.0,0.0,0.0,0.0,0.0,0.0,0.0,0.3933741,-1.6711,-1.412055,0.8691057,0.04940552,-2.045343,0.06245597,0.9081544,-0.4031643,0.09388045,48.07306,169.6404,3.237951,0.3055891,0.02631483,-0.9517996,0.0,0.0,0.0,0.8547108,-0.540236,-2.581445,0.07200375,0.02886832,0.8308543,-0.9745716,0.03774081,-0.2208759,0.1891378,0.6671156,-0.720544,0.1201559,-0.7439977,-0.6572902,static,-4.027969622958664,1.01545669694794,4.95300952079589,1.9899611459813953,-0.014394899999999988,-0.58964152,-0.5361020000000001,-0.07023246026307474,0.017678372654007384,0.9973739795929715,-3.826878253791238,6.460571165556932,9.030002292472046,9.033694997161476,9.85255212021097
05/17/2023 13:13:47.833667,1334,True,True,True,True,Eyes,0.7282709,0.05344763,-2.064009,0.1846235,-0.7332508,-0.6544138,0.0,0.0,0.0,0.0,0.0,0.0,0.0,0.4212103,-1.674563,-1.408549,0.8768561,0.0494518,-2.047991,0.05993731,0.9081561,-0.4044658,0.08981954,48.19375,170.0961,3.11354,0.3080518,0.02614689,-0.9510099,0.0,0.0,0.0,0.8547108,-0.540236,-2.581445,0.07269491,0.03057605,0.8302565,-0.97668,0.036207,-0.2116255,0.1815227,0.6656299,-0.723869,0.1146551,-0.7454032,-0.6566798,static,-3.921449440875236,1.0998302184191657,5.003895326148865,2.1090919140746647,-0.022145300000000034,-0.5896878000000001,-0.5334539999999999,-0.06837624171067265,0.019149556997272516,0.9974758032752785,-3.761352330848284,6.486104910526463,8.97803965290096,8.982226248573452,9.797336845265756
05/17/2023 13:13:47.843968,1335,True,True,True,True,Eyes,0.7344421,0.05308341,-2.063867,0.1771678,-0.7339676,-0.65567,0.0,0.0,0.0,0.0,0.0,0.0,0.0,0.4424486,-1.685421,-1.39649,0.8843167,0.04963776,-2.049905,0.05934813,0.9070835,-0.4076872,0.08642039,48.57916,170.5705,3.223575,0.3105199,0.02597422,-0.9502117,0.0,0.0,0.0,0.8547108,-0.540236,-2.581445,0.07424846,0.03076804,0.8296505,-0.9780188,0.03720244,-0.205172,0.1781324,0.6605379,-0.7293549,0.1083901,-0.7498705,-0.6526453,static,-3.7885378018378173,1.4334983290085814,5.113985232542109,2.1238718203113436,-0.029605899999999963,-0.58987376,-0.5315400000000001,-0.06605369759905355,0.02496202112377069,0.9975037958030585,-3.6351197343141894,6.605983428385502,8.924531496465299,8.929251476756532,9.830369382088481
05/17/2023 13:13:47.864319,1336,True,True,True,True,Eyes,0.7406531,0.05278058,-2.063823,0.1697225,-0.7348539,-0.6566461,0.0,0.0,0.0,0.0,0.0,0.0,0.0,0.471404,-1.699234,-1.379375,0.8917532,0.05090496,-2.052919,0.05755315,0.9056628,-0.412079,0.08156893,49.09517,171.1877,3.241158,0.312994,0.02580004,-0.9494044,0.0,0.0,0.0,0.8547108,-0.540236,-2.581445,0.07601717,0.03002757,0.8290014,-0.9800683,0.03702182,-0.1951808,0.1714732,0.6537571,-0.7370201,0.100315,-0.7557982,-0.6470749,static,-3.750706803991952,1.8749541933410152,5.239215221363249,2.0744249855492276,-0.03704240000000003,-0.59114096,-0.5285259999999998,-0.0653805687638534,0.032648281131864076,0.9973262018837766,-3.5317229077407415,6.77363469650532,8.986714353631392,8.992134708672394,9.950473736064742
05/17/2023 13:13:47.884273,1337,True,True,True,True,Eyes,0.7469724,0.05253172,-2.063878,0.1619253,-0.73589,-0.6574543,0.0,0.0,0.0,0.0,0.0,0.0,0.0,0.4968442,-1.710841,-1.364377,0.8989978,0.05211842,-2.055345,0.05606015,0.9044155,-0.4158008,0.07745727,49.5346,171.7177,3.267398,0.3154728,0.02562722,-0.9485883,0.0,0.0,0.0,0.8547108,-0.540236,-2.581445,0.07710482,0.02860522,0.828249,-0.9817154,0.03698975,-0.1867268,0.1658169,0.6479339,-0.7434289,0.09348738,-0.7607979,-0.6422201,static,-3.6389172846866322,2.22882917018451,5.318551017305227,1.9780370305298496,-0.044286999999999965,-0.59235442,-0.5261,-0.06342057880395162,0.03881230717862317,0.9972319120767366,-3.411291153030947,6.902685282034582,8.955076330124461,8.960978466579501,10.02308858187078
05/17/2023 13:13:47.894109,1338,True,True,True,True,Eyes,0.7533016,0.05230092,-2.064024,0.154189,-0.7369369,-0.6581411,0.0,0.0,0.0,0.0,0.0,0.0,0.0,0.5233741,-1.717316,-1.355203,0.9059687,0.0532922,-2.058166,0.0539856,0.9038609,-0.4180276,0.07330745,49.78195,172.2221,3.222931,0.3179579,0.02545796,-0.9477627,0.0,0.0,0.0,0.8547108,-0.540236,-2.581445,0.07731213,0.02739406,0.8274564,-0.9834235,0.03630188,-0.1776544,0.15888,0.644677,-0.7477626,0.08738454,-0.7635927,-0.6397582,static,-3.5268718757645967,2.385524419531944,5.337847189064978,1.8961615000072616,-0.05125789999999997,-0.5935282000000001,-0.523279,-0.06146354897642524,0.04154453058326707,0.9972443200829264,-3.329136138145046,6.9557286611395295,8.872240114567804,8.878216046332657,10.035727171069597
05/17/2023 13:13:47.914248,1339,True,True,True,True,Eyes,0.7596779,0.05206899,-2.06424,0.1462336,-0.7379915,-0.658775,0.0,0.0,0.0,0.0,0.0,0.0,0.0,0.5508288,-1.719371,-1.349876,0.9126018,0.05351524,-2.060608,0.05158154,0.9037459,-0.4193023,0.06905258,49.90781,172.7248,3.144334,0.3204473,0.02529262,-0.9469284,0.0,0.0,0.0,0.8547108,-0.540236,-2.581445,0.07644509,0.02668238,0.8269502,-0.9851423,0.03532539,-0.1680685,0.151141,0.6430498,-0.7507618,0.08155547,-0.7650092,-0.6388348,static,-3.4090572990558656,2.4182681058942044,5.281537077388101,1.8480647984474023,-0.057891000000000026,-0.59375124,-0.5208369999999998,-0.05941141068836804,0.042119682563122464,0.9973446932164477,-3.268457777826848,6.960624579789561,8.703491346559781,8.709280247397185,9.961961631225021
05/17/2023 13:13:47.933730,1340,True,True,True,True,Eyes,0.7660661,0.05187206,-2.064551,0.1383481,-0.7389571,-0.6593953,0.0,0.0,0.0,0.0,0.0,0.0,0.0,0.5807498,-1.717461,-1.347451,0.9192777,0.05330819,-2.062682,0.04887166,0.9040632,-0.4196876,0.06436995,49.91947,173.2778,3.056886,0.3229404,0.02513068,-0.9460853,0.0,0.0,0.0,0.8547108,-0.540236,-2.581445,0.07477725,0.02667928,0.826032,-0.9869361,0.0343356,-0.1574107,0.1423967,0.6429477,-0.7525566,0.07536735,-0.7651401,-0.6394374,static,-3.3345425528052823,2.34353083983476,5.172650127722472,1.8499028418202625,-0.06456689999999998,-0.59354419,-0.5187629999999999,-0.058117412098800794,0.040821808661490724,0.9974747617983386,-3.248665577221295,6.926937195253478,8.516017279605803,8.521501974654985,9.833353244355333
05/17/2023 13:13:47.944317,1341,True,True,True,True,Eyes,0.7725525,0.05165745,-2.064921,0.1301367,-0.7398733,-0.6600393,0.0,0.0,0.0,0.0,0.0,0.0,0.0,0.6136771,-1.712257,-1.348218,0.9260166,0.05395891,-2.065357,0.04516935,0.9048268,-0.4191869,0.05941991,49.81374,173.8026,2.835852,0.3254352,0.02497331,-0.9452343,0.0,0.0,0.0,0.8547108,-0.540236,-2.581445,0.07237792,0.02729148,0.8251394,-0.9888581,0.03192478,-0.1453982,0.131557,0.6444842,-0.7532151,0.06966063,-0.7639509,-0.6415034,static,-3.231934144221953,2.1487971282200258,5.012925698016814,1.8943669319587348,-0.07130579999999997,-0.59419491,-0.5160879999999999,-0.05633846363892667,0.03743524076911789,0.9977096363910861,-3.2392901937908434,6.845163169356923,8.243785756747624,8.248784670660948,9.623380409670965
05/17/2023 13:13:47.963900,1342,True,True,True,True,Eyes,0.7790486,0.05146849,-2.065374,0.1219703,-0.7406803,-0.6606936,0.0,0.0,0.0,0.0,0.0,0.0,0.0,0.6459242,-1.705421,-1.349685,0.9329709,0.05338208,-2.067377,0.04265798,0.9057429,-0.4181868,0.05412938,49.65477,174.4709,2.833406,0.3279336,0.02481915,-0.9443744,0.0,0.0,0.0,0.8547108,-0.540236,-2.581445,0.07075824,0.02768826,0.82436,-0.9905007,0.03200193,-0.1337326,0.1225467,0.6466002,-0.7529213,0.0623766,-0.7621574,-0.6443796,static,-3.22115071288567,1.9212689540703363,4.905910020518803,1.9237035796937663,-0.07826010000000005,-0.59361808,-0.514068,-0.056158589612765375,0.03347327788755185,0.9978606347838896,-3.278624055022925,6.756769968611154,8.122502683905774,8.12706109807517,9.505005457830451
05/17/2023 13:13:47.983843,1343,True,True,True,True,Eyes,0.7855921,0.0512709,-2.065876,0.1135648,-0.7414686,-0.6613073,0.0,0.0,0.0,0.0,0.0,0.0,0.0,0.6702666,-1.702807,-1.349649,0.9397669,0.0537853,-2.069857,0.04184311,0.9063869,-0.4173943,0.04993995,49.53661,175.0852,3.01757,0.3304335,0.024669,-0.9435065,0.0,0.0,0.0,0.8547108,-0.540236,-2.581445,0.06985672,0.02775598,0.8234205,-0.99151,0.03416277,-0.12546,0.1175414,0.6480623,-0.7524621,0.05559968,-0.7608206,-0.6465758,static,-3.152238474719006,1.7469597905232683,4.849204045822718,1.930603622247683,-0.08505609999999997,-0.5940213000000001,-0.5115880000000002,-0.05496370821680581,0.030439392869302077,0.9980242621094421,-3.280802698307364,6.685076164692316,7.999345254810785,8.003549679140095,9.418174919614763
05/17/2023 13:13:47.994247,1344,True,True,True,True,Eyes,0.7921352,0.05107068,-2.066426,0.1051562,-0.7422255,-0.6618485,0.0,0.0,0.0,0.0,0.0,0.0,0.0,0.6946689,-1.700867,-1.347229,0.9465264,0.05340519,-2.071659,0.04163524,0.906822,-0.4169844,0.04543896,49.46814,175.7918,3.318337,0.3329351,0.02452198,-0.9426305,0.0,0.0,0.0,0.8547108,-0.540236,-2.581445,0.06983061,0.02720082,0.8227897,-0.9924039,0.03761682,-0.1171326,0.1134062,0.648781,-0.7524775,0.04768759,-0.7600449,-0.648119,static,-3.1399857097282755,1.6304049512311298,4.851098800598761,1.8934665698100708,-0.0918156,-0.59364119,-0.5097860000000001,-0.054753550579967676,0.028409412742600733,0.9980956417936343,-3.2978506797567615,6.639354285576639,7.991502609972849,7.995413251756164,9.430208260905511
05/17/2023 13:13:48.013823,1345,True,True,True,True,Eyes,0.7987237,0.0508909,-2.067011,0.09649198,-0.7430689,-0.662222,0.0,0.0,0.0,0.0,0.0,0.0,0.0,0.7167174,-1.702738,-1.340575,0.9531371,0.05312815,-2.073365,0.04212252,0.9067508,-0.4175371,0.04112921,49.52322,176.5191,3.713516,0.3354366,0.02437764,-0.941747,0.0,0.0,0.0,0.8547108,-0.540236,-2.581445,0.07077323,0.02524161,0.8215339,-0.9930685,0.04204332,-0.1097633,0.1107352,0.6477769,-0.7537392,0.03941246,-0.7606691,-0.6479426,static,-3.1183487622545965,1.6346970245387125,4.923741441062874,1.7598578515693202,-0.09842629999999997,-0.5933641500000001,-0.5080800000000001,-0.05437651629052826,0.028484770195054722,0.9981141627983101,-3.2870421315088625,6.639590033512886,8.03948508429651,8.043064097153387,9.551374405974755
05/17/2023 13:13:48.033919,1346,True,True,True,True,Eyes,0.8053117,0.05073444,-2.067625,0.0878356,-0.7439367,-0.6624523,0.0,0.0,0.0,0.0,0.0,0.0,0.0,0.7398238,-1.706817,-1.330034,0.9598541,0.05350129,-2.074939,0.04221249,0.9062709,-0.4189766,0.03674023,49.68637,177.234,4.052812,0.3379382,0.02423661,-0.9408559,0.0,0.0,0.0,0.8547108,-0.540236,-2.581445,0.07222787,0.02290785,0.8201128,-0.9937364,0.04572531,-0.1019653,0.1072985,0.6453535,-0.7563108,0.0312211,-0.7625144,-0.6462174,static,-3.0828429546813476,1.741271258660141,5.033090579781283,1.6000017640344353,-0.10514330000000005,-0.5937372900000001,-0.5065059999999999,-0.053755038606462156,0.030342304104154633,0.9980930299404002,-3.249924911291039,6.678334818623305,8.113787966891346,8.11716294070329,9.715853654655055
05/17/2023 13:13:48.054077,1347,True,True,True,True,Eyes,0.8119367,0.05062252,-2.068281,0.07904392,-0.7448789,-0.662501,0.0,0.0,0.0,0.0,0.0,0.0,0.0,0.7627238,-1.711153,-1.318395,0.9665073,0.05391026,-2.076275,0.04235722,0.9056921,-0.4205729,0.03234537,49.86779,177.9585,4.406108,0.3404388,0.02409956,-0.9399575,0.0,0.0,0.0,0.8547108,-0.540236,-2.581445,0.07395904,0.02053589,0.8184609,-0.9943193,0.04951803,-0.09421846,0.1039324,0.6426487,-0.7590789,0.02296128,-0.7645591,-0.6441445,static,-3.043141683691076,1.859922146573282,5.163426924195414,1.4372989651133714,-0.11179649999999997,-0.59414626,-0.5051700000000001,-0.053059986404099854,0.03241034590798258,0.9980652780635632,-3.208522381362438,6.721458760885923,8.214209500072057,8.217443560466679,9.9000949451048
05/17/2023 13:13:48.063783,1348,True,True,True,True,Eyes,0.8185492,0.05055659,-2.068987,0.07029469,-0.7458256,-0.6624219,0.0,0.0,0.0,0.0,0.0,0.0,0.0,0.7839702,-1.716866,-1.306141,0.9730389,0.05492871,-2.078081,0.04251986,0.9049919,-0.4223517,0.02829872,50.07242,178.6337,4.741791,0.3429379,0.02396809,-0.939052,0.0,0.0,0.0,0.8547108,-0.540236,-2.581445,0.07565822,0.01856023,0.816722,-0.9947826,0.05305624,-0.08713689,0.1008643,0.6396223,-0.7620431,0.01530356,-0.7668562,-0.6416365,static,-2.969748647589661,1.9991388808714032,5.292572212020739,1.3018381266859569,-0.11832810000000005,-0.59516471,-0.5033639999999999,-0.051777236650600855,0.03483768351982676,0.9980507984210854,-3.147586237449511,6.77029992024095,8.28847873521226,8.291693091820314,10.056855822757665
05/17/2023 13:13:48.084138,1349,True,True,True,True,Eyes,0.8252069,0.05053031,-2.069721,0.06139079,-0.7467496,-0.662266,0.0,0.0,0.0,0.0,0.0,0.0,0.0,0.806655,-1.720497,-1.295379,0.9794183,0.05597471,-2.080003,0.04221166,0.9044964,-0.4237036,0.02407911,50.22022,179.3026,5.017096,0.345434,0.02384364,-0.9381399,0.0,0.0,0.0,0.8547108,-0.540236,-2.581445,0.07759163,0.0165925,0.8149017,-0.995277,0.05595577,-0.07932939,0.09676538,0.6373869,-0.764444,0.007788475,-0.7685096,-0.6397911,static,-2.8878816652194677,2.07933448610931,5.43907394141481,1.1664583287818853,-0.12470749999999997,-0.59621071,-0.5014419999999999,-0.050348616261136125,0.03623725027888244,0.9980741092152418,-3.094236870834994,6.795839635284979,8.373732002801393,8.376845023842503,10.22288253441591
05/17/2023 13:13:48.093798,1350,True,True,True,True,Eyes,0.8318514,0.05053467,-2.070496,0.05252793,-0.7475982,-0.6620708,0.0,0.0,0.0,0.0,0.0,0.0,0.0,0.831643,-1.720737,-1.286395,0.9857044,0.05699152,-2.08147,0.04130848,0.9043019,-0.42444,0.01956218,50.28746,179.9718,5.217673,0.3479275,0.02372724,-0.9372209,0.0,0.0,0.0,0.8547108,-0.540236,-2.581445,0.0793956,0.01463211,0.813032,-0.9958221,0.05810471,-0.07044617,0.09131661,0.6362887,-0.7660275,0.0003143046,-0.7692598,-0.6389363,static,-2.816616585362741,2.081243561987335,5.577461567998557,1.0310389428558016,-0.13099360000000004,-0.59722752,-0.49997500000000006,-0.04910709821209555,0.03627274968199048,0.9981346486429874,-3.0610179749129016,6.791903751071539,8.45663427401689,8.459519950137988,10.383202403489893
05/17/2023 13:13:48.114185,1351,True,True,True,True,Eyes,0.8385705,0.05056005,-2.071291,0.04358037,-0.7483392,-0.6618832,0.0,0.0,0.0,0.0,0.0,0.0,0.0,0.8590875,-1.717404,-1.280654,0.9921049,0.05772522,-2.083261,0.03995273,0.9045271,-0.4242865,0.01468433,50.24004,180.6574,5.366419,0.3504163,0.02361946,-0.936296,0.0,0.0,0.0,0.8547108,-0.540236,-2.581445,0.08137168,0.0127719,0.810883,-0.9963765,0.05981592,-0.06046754,0.08473737,0.6367695,-0.7663839,-0.007338066,-0.7687306,-0.6395307,static,-2.76221983788334,1.975367026855828,5.730417407993675,0.9023687288726732,-0.13739409999999996,-0.5979612200000001,-0.4981840000000002,-0.04816259081023746,0.034429830039825325,0.9982460262871529,-3.056561881021455,6.747534496946379,8.557657771945781,8.560152611813196,10.55352869337273
05/17/2023 13:13:48.134172,1352,True,True,True,True,Eyes,0.8452684,0.05060972,-2.072142,0.03468174,-0.7489742,-0.6616909,0.0,0.0,0.0,0.0,0.0,0.0,0.0,0.8859307,-1.712328,-1.276164,0.9984399,0.05838667,-2.084525,0.03869208,0.9049381,-0.4236646,0.009909055,50.13415,181.3276,5.517535,0.352903,0.02352027,-0.9353639,0.0,0.0,0.0,0.8547108,-0.540236,-2.581445,0.08375184,0.01151913,0.8088254,-0.9968095,0.06163164,-0.05071909,0.0784241,0.6380225,-0.7660137,-0.01485076,-0.7675473,-0.6408202,static,-2.70507844355627,1.8198600757655845,5.911765417363624,0.8159398998905434,-0.14372910000000005,-0.59862267,-0.4969199999999998,-0.047171236644182386,0.03172185864962242,0.9983830029678736,-3.0605047335528774,6.683858424753899,8.673028846523389,8.675128462622432,10.72073222664673
05/17/2023 13:13:48.143879,1353,True,True,True,True,Eyes,0.8519192,0.0506736,-2.073009,0.02593726,-0.7495535,-0.6614354,0.0,0.0,0.0,0.0,0.0,0.0,0.0,0.9100075,-1.709021,-1.272158,1.004697,0.05901171,-2.086709,0.03813914,0.9053167,-0.4229865,0.005446108,50.0218,181.9983,5.757016,0.3553846,0.02342988,-0.9344262,0.0,0.0,0.0,0.8547108,-0.540236,-2.581445,0.08648764,0.0101555,0.8066528,-0.9970315,0.06444873,-0.04212559,0.07366325,0.6392556,-0.765458,-0.02240378,-0.7662888,-0.6421054,static,-2.6551338716001105,1.666765696053465,6.119755831009101,0.7212973782220083,-0.14998619999999996,-0.5992477100000001,-0.49473600000000006,-0.04630468573536619,0.029055246892316772,0.9985047059972693,-3.0672949372487084,6.621583896283384,8.823939119770664,8.825678423383678,10.9185751274497
05/17/2023 13:13:48.164317,1354,True,True,True,True,Eyes,0.8585503,0.05075524,-2.07389,0.01723258,-0.7500523,-0.661154,0.0,0.0,0.0,0.0,0.0,0.0,0.0,0.9349516,-1.704843,-1.266595,1.01084,0.05936246,-2.087958,0.03752498,0.9056072,-0.4224536,0.0007520717,49.92571,182.7015,6.003309,0.357859,0.02334801,-0.9334834,0.0,0.0,0.0,0.8547108,-0.540236,-2.581445,0.08922302,0.008708954,0.8042843,-0.9971826,0.06733035,-0.03306728,0.0686012,0.6402497,-0.7650975,-0.03034296,-0.7652104,-0.6430648,static,-2.6273142793854958,1.5378238628166931,6.330205970133982,0.6203861091146918,-0.15612919999999997,-0.59959846,-0.493487,-0.045822741510078376,0.02680867782573247,0.9985898043834028,-3.0795799164562334,6.570067788071734,9.002929679477129,9.004380103731142,11.132959288185218
05/17/2023 13:13:48.184084,1355,True,True,True,True,Eyes,0.8651462,0.05084236,-2.074771,0.008591443,-0.750515,-0.6607976,0.0,0.0,0.0,0.0,0.0,0.0,0.0,0.9614715,-1.69962,-1.260724,1.017067,0.05986319,-2.089151,0.03631005,0.9058706,-0.421976,-0.004037424,49.83749,183.3741,6.158607,0.3603245,0.02327461,-0.9325363,0.0,0.0,0.0,0.8547108,-0.540236,-2.581445,0.0924376,0.007252395,0.8020375,-0.9973303,0.06919182,-0.02332918,0.06237704,0.6412357,-0.7648044,-0.0379587,-0.7642179,-0.6438398,static,-2.5846783277810945,1.414489344454605,6.574528843902819,0.5180808876687425,-0.16235619999999995,-0.60009919,-0.4922939999999998,-0.045082135501933705,0.024659891587476432,0.9986788958864916,-3.083943957667268,6.519741412108566,9.20177412542967,9.202968224177635,11.371280750614172
05/17/2023 13:13:48.194357,1356,True,True,True,True,Eyes,0.8717223,0.05093407,-2.075657,1.032352e-05,-0.7509175,-0.6603961,0.0,0.0,0.0,0.0,0.0,0.0,0.0,0.9878818,-1.693938,-1.254474,1.023302,0.06004102,-2.090046,0.03501183,0.9060691,-0.4215876,-0.00876572,49.76142,184.0307,6.29572,0.3627801,0.02320904,-0.9315855,0.0,0.0,0.0,0.8547108,-0.540236,-2.581445,0.09537269,0.005365849,0.7998249,-0.9973947,0.07083732,-0.01363641,0.05605524,0.6420761,-0.7645888,-0.04540581,-0.7633613,-0.6443741,static,-2.5338331873012687,1.3069232083826052,6.799953727185385,0.38437899211433924,-0.16859119999999994,-0.60027702,-0.4913989999999999,-0.04419784232861183,0.022785848080061604,0.9987629632043846,-3.081453851388203,6.474953825693918,9.378298400645692,9.379267881663916,11.607640481050593
05/17/2023 13:13:48.213876,1357,True,True,True,True,Eyes,0.8782464,0.05102963,-2.076537,-0.008533651,-0.751339,-0.6598613,0.0,0.0,0.0,0.0,0.0,0.0,0.0,1.014068,-1.688249,-1.247949,1.029467,0.06023754,-2.091044,0.03350021,0.9061886,-0.4213327,-0.0133632,49.70446,184.6517,6.389781,0.3652248,0.02315073,-0.9306312,0.0,0.0,0.0,0.8547108,-0.540236,-2.581445,0.09860121,0.003122449,0.7973394,-0.9973982,0.07197573,-0.004010321,0.04945432,0.642713,-0.7645092,-0.05244863,-0.7627185,-0.6446002,static,-2.460468697990779,1.2131707201987811,7.0495658624663875,0.22437400549486763,-0.17475619999999992,-0.6004735400000001,-0.49040099999999986,-0.042920478092985416,0.021152731493396512,0.998854566925895,-3.0658944510182575,6.434013631058971,9.56050005764061,9.561300972362442,11.86937915954574
05/17/2023 13:13:48.233688,1358,True,True,True,True,Eyes,0.8847612,0.05113231,-2.077414,-0.01701708,-0.7517082,-0.6592763,0.0,0.0,0.0,0.0,0.0,0.0,0.0,1.04094,-1.682529,-1.239954,1.035644,0.06036103,-2.091827,0.03205813,0.9062045,-0.4212295,-0.01821035,49.66494,185.32,6.51536,0.3676567,0.02309912,-0.9296744,0.0,0.0,0.0,0.8547108,-0.540236,-2.581445,0.1020369,-0.0001828074,0.7945563,-0.9972818,0.07344391,0.005996944,0.04276096,0.6430759,-0.7646078,-0.06001227,-0.7622726,-0.6444685,static,-2.41857764398233,1.1443993080035255,7.31786994752231,-0.013182316091315996,-0.18093320000000002,-0.6005970300000001,-0.4896180000000001,-0.04219120664304317,0.01995442408727185,0.9989102871339376,-3.0599773412759963,6.404763977145807,9.804250826090298,9.805019475684817,12.202038721971608
05/17/2023 13:13:48.243832,1359,True,True,True,True,Eyes,0.891274,0.05123343,-2.078275,-0.02544442,-0.7520896,-0.6585695,0.0,0.0,0.0,0.0,0.0,0.0,0.0,1.067571,-1.676237,-1.232514,1.041998,0.06062951,-2.092639,0.03039348,0.9062452,-0.4210392,-0.02284559,49.6179,185.9359,6.587533,0.3700762,0.02305385,-0.9287151,0.0,0.0,0.0,0.8547108,-0.540236,-2.581445,0.105907,-0.004740536,0.7917934,-0.9971084,0.07432567,0.01581371,0.03585012,0.6436045,-0.7645181,-0.0670011,-0.7617407,-0.644408,static,-2.3469282297019296,1.0625244012390491,7.618427671905512,-0.3430307200860279,-0.1872872,-0.60086551,-0.48880599999999985,-0.04094314129781762,0.018527936902730843,0.9989896626103506,-3.0428956517232266,6.3685136714307875,10.06300146781441,10.063990433460548,12.59796186413703
05/17/2023 13:13:48.264139,1360,True,True,True,True,Eyes,0.8977865,0.05133305,-2.079128,-0.03377809,-0.7524172,-0.6578202,0.0,0.0,0.0,0.0,0.0,0.0,0.0,1.095383,-1.66832,-1.225132,1.048429,0.0607058,-2.093135,0.02826012,0.9062877,-0.420815,-0.02754953,49.57024,186.5272,6.588579,0.3724836,0.02301422,-0.9277532,0.0,0.0,0.0,0.8547108,-0.540236,-2.581445,0.1101874,-0.009796441,0.7893371,-0.9968851,0.0744101,0.02615103,0.02803708,0.6442322,-0.764316,-0.07372016,-0.7612018,-0.6443118,static,-2.2650923828579552,0.9807941927094129,7.946842401882444,-0.7110598336901033,-0.19371820000000006,-0.6009418000000001,-0.4883099999999998,-0.03951724192655791,0.01710388161719634,0.9990725011589853,-3.021090704523462,6.331651382588964,10.349503596734342,10.351134338536779,13.034390584238976
05/17/2023 13:13:48.283861,1361,True,True,True,True,Eyes,0.9042768,0.05142841,-2.079954,-0.0420204,-0.7527319,-0.6569847,0.0,0.0,0.0,0.0,0.0,0.0,0.0,1.12345,-1.6591,-1.218993,1.054987,0.06076279,-2.093802,0.02573326,0.9064076,-0.4203965,-0.03209164,49.50385,187.0596,6.510499,0.3748792,0.02297958,-0.9267886,0.0,0.0,0.0,0.8547108,-0.540236,-2.581445,0.1131706,-0.01038265,0.7873247,-0.996616,0.07363208,0.03653987,0.01966722,0.6452091,-0.7637529,-0.07981257,-0.7604496,-0.644474,static,-2.152394113832023,0.8760137901587187,8.179707569077053,-0.7555301449441323,-0.2002761999999999,-0.60099879,-0.4876429999999998,-0.03755314395085724,0.015277944489037151,0.9991777965504717,-2.9895491121258138,6.283882742678218,10.458487382792912,10.460127188430524,13.202485698269797
05/17/2023 13:13:48.303866,1362,True,True,True,True,Eyes,0.9107783,0.05151065,-2.080764,-0.05015903,-0.7530037,-0.6561017,0.0,0.0,0.0,0.0,0.0,0.0,0.0,1.151567,-1.648234,-1.213729,1.061718,0.06069878,-2.094037,0.02285391,0.9065889,-0.4198181,-0.03643306,49.42361,187.5308,6.357677,0.377263,0.02294927,-0.9258215,0.0,0.0,0.0,0.8547108,-0.540236,-2.581445,0.1160677,-0.007225811,0.7860276,-0.9963011,0.07202871,0.04687063,0.01084769,0.646461,-0.7628701,-0.08524858,-0.7595395,-0.6448512,static,-2.0068709770637216,0.7561342183477306,8.399803282833336,-0.5266950067830913,-0.20700719999999995,-0.60093478,-0.48740799999999984,-0.03501629781262749,0.013188555284874351,0.9992996858521052,-2.9458181360824414,6.228143326842245,10.484461532376196,10.485443241582766,13.204202599732207
05/17/2023 13:13:48.314014,1363,True,True,True,True,Eyes,0.9172783,0.0515774,-2.081535,-0.05827811,-0.7532839,-0.6551085,0.0,0.0,0.0,0.0,0.0,0.0,0.0,1.180051,-1.637646,-1.207431,1.068536,0.06046223,-2.094486,0.02001049,0.9066415,-0.4194367,-0.04091093,49.36909,188.0304,6.224459,0.379636,0.02292226,-0.9248517,0.0,0.0,0.0,0.8547108,-0.540236,-2.581445,0.1175771,-0.003280222,0.7850633,-0.9958518,0.07060376,0.05739682,0.001965582,0.6473448,-0.7621947,-0.09096935,-0.7589201,-0.6447983,static,-1.876867489109117,0.6633497437147517,8.517746467949861,-0.23939697954106295,-0.21382519999999994,-0.60069823,-0.48695900000000014,-0.03274946846860135,0.01157116896760341,0.9993966676152064,-2.90396446660464,6.183863353881371,10.43330385477608,10.433740985985535,13.10395947732745
05/17/2023 13:13:48.333745,1364,True,True,True,True,Eyes,0.9238077,0.05162919,-2.082267,-0.06632593,-0.7535227,-0.6540675,0.0,0.0,0.0,0.0,0.0,0.0,0.0,1.209205,-1.626368,-1.199965,1.075617,0.06011418,-2.094421,0.01726774,0.9066433,-0.4190705,-0.04560439,49.31631,188.5722,6.123208,0.3819987,0.02289758,-0.9238788,0.0,0.0,0.0,0.8547108,-0.540236,-2.581445,0.1198033,-3.182888e-05,0.784394,-0.9952444,0.06953426,0.06822102,-0.006911551,0.6481634,-0.7614699,-0.09716661,-0.75832,-0.6446006,static,-1.776906187874887,0.5792711575405387,8.683879710518731,-0.002324929167774666,-0.22090620000000005,-0.6003501800000001,-0.4870239999999999,-0.03100630733890552,0.010105155124205305,0.999468047366711,-2.8742624953191234,6.144907859672752,10.476746744033258,10.476941138524412,13.091184904758101
05/17/2023 13:13:48.344496,1365,True,True,True,True,Eyes,0.9303397,0.05166779,-2.082958,-0.07446116,-0.753726,-0.6529568,0.0,0.0,0.0,0.0,0.0,0.0,0.0,1.237541,-1.615651,-1.191691,1.082908,0.05980223,-2.094206,0.01491842,0.9065951,-0.4187311,-0.05027092,49.26529,189.1389,6.082912,0.3843533,0.02287434,-0.9229023,0.0,0.0,0.0,0.8547108,-0.540236,-2.581445,0.121825,0.0005113482,0.7835074,-0.9945005,0.06914992,0.07865712,-0.01505006,0.6488835,-0.760739,-0.1036443,-0.7577391,-0.6442742,static,-1.6864158083619734,0.5027070594282912,8.837964018613615,0.037393507147322966,-0.2281972,-0.60003823,-0.4872390000000002,-0.029428125945219288,0.00876998054885179,0.9995283902597821,-2.8474626010198625,6.109469192995368,10.534525468859893,10.534661240134257,13.168876125831911
05/17/2023 13:13:48.364189,1366,True,True,True,True,Eyes,0.9369044,0.05169803,-2.083614,-0.08256982,-0.7538683,-0.6518166,0.0,0.0,0.0,0.0,0.0,0.0,0.0,1.266176,-1.60464,-1.182886,1.090415,0.05936259,-2.093982,0.01283451,0.9065543,-0.418275,-0.05514201,49.19715,189.7547,6.096496,0.3867001,0.02285185,-0.9219221,0.0,0.0,0.0,0.8547108,-0.540236,-2.581445,0.1235926,0.0004633069,0.7822328,-0.9935895,0.0693994,0.08924176,-0.0228587,0.6497627,-0.7597935,-0.1107152,-0.7569625,-0.644011,static,-1.6301432767448012,0.41831519208624357,8.97849791610924,0.033935583991352464,-0.23570419999999992,-0.59959859,-0.487463,-0.028446772553794682,0.007297958186845866,0.9995687019374196,-2.837958451802411,6.073256880082726,10.615508885096725,10.61560246250013,13.270344487321442
05/17/2023 13:13:48.383836,1367,True,True,True,True,Eyes,0.9434335,0.05172067,-2.084212,-0.09057115,-0.7539435,-0.6506659,0.0,0.0,0.0,0.0,0.0,0.0,0.0,1.29613,-1.592121,-1.17385,1.097852,0.05916383,-2.093789,0.01065599,0.9066005,-0.4175092,-0.06039711,49.09018,190.4172,6.114515,0.3890411,0.02282967,-0.9209372,0.0,0.0,0.0,0.8547108,-0.540236,-2.581445,0.1250026,-0.0004130006,0.7809951,-0.9924771,0.06975415,0.1006142,-0.03111126,0.651145,-0.7583154,-0.1184101,-0.755741,-0.6440762,static,-1.6140924287303808,0.30386360636159243,9.093380209225703,-0.03029876770112698,-0.24314120000000006,-0.5993998300000001,-0.48765599999999987,-0.028167106127083123,0.005301291437009455,0.9995891947539791,-2.852846294963016,6.028096592289119,10.71262429070616,10.71268569429802,13.39464378127811
05/17/2023 13:13:48.394204,1368,True,True,True,True,Eyes,0.9500193,0.05172633,-2.084764,-0.09855395,-0.7539605,-0.649485,0.0,0.0,0.0,0.0,0.0,0.0,0.0,1.326433,-1.578446,-1.165033,1.105532,0.0589391,-2.093453,0.008335211,0.9066837,-0.4165865,-0.06565507,48.96688,191.0655,6.104825,0.3913754,0.02280751,-0.9199482,0.0,0.0,0.0,0.8547108,-0.540236,-2.581445,0.1265801,-0.003604233,0.7800411,-0.9912398,0.06981684,0.1121121,-0.03958723,0.6527724,-0.756519,-0.1260014,-0.75433,-0.6442901,static,-1.5909540089801735,0.17681089510398476,9.217249363930575,-0.2647371653632661,-0.25082119999999997,-0.5991751000000001,-0.4879920000000002,-0.02776368664583336,0.003084737921326099,0.9996097958411779,-2.866921049587553,5.977615389817434,10.817047886417726,10.817218905056034,13.601255089370168
05/17/2023 13:13:48.414166,1369,True,True,True,True,Eyes,0.9565747,0.05171325,-2.08524,-0.1065342,-0.7539049,-0.6482885,0.0,0.0,0.0,0.0,0.0,0.0,0.0,1.357083,-1.564386,-1.155371,1.113517,0.0585411,-2.092967,0.00604605,0.9066956,-0.415722,-0.07100645,48.85161,191.7314,6.106896,0.393706,0.02278462,-0.9189537,0.0,0.0,0.0,0.8547108,-0.540236,-2.581445,0.1272674,-0.006370962,0.7788041,-0.9898434,0.07000174,0.1237355,-0.04807403,0.6542773,-0.7547252,-0.1337894,-0.753008,-0.6442669,static,-1.5780579931868486,0.06523947418169138,9.280893237681624,-0.4686943633501306,-0.2588062000000001,-0.5987771000000001,-0.4884780000000002,-0.027538809453211903,0.0011382115976878702,0.9996201437016756,-2.8827021795811105,5.933771886740732,10.871665505391935,10.872070050236129,13.745713061111363
05/17/2023 13:13:48.433789,1370,True,True,True,True,Eyes,0.9632345,0.05171301,-2.085618,-0.1144794,-0.7538005,-0.6470543,0.0,0.0,0.0,0.0,0.0,0.0,0.0,1.387572,-1.55052,-1.144391,1.121936,0.05787488,-2.09213,0.003978357,0.9065897,-0.4150239,-0.07638475,48.75566,192.4207,6.14891,0.3960321,0.02276034,-0.9179542,0.0,0.0,0.0,0.8547108,-0.540236,-2.581445,0.1282244,-0.01000971,0.7779952,-0.9882992,0.07061646,0.135197,-0.05618951,0.6554788,-0.7531204,-0.1418015,-0.7519048,-0.6438413,static,-1.5798814085051704,-0.020510901021823003,9.35900298544657,-0.7371285771271091,-0.26722520000000005,-0.59811088,-0.48931499999999994,-0.02757063640117878,-0.00035784666228916274,0.9996197906840881,-2.900239865907147,5.900844367721026,10.961393540567194,10.962332446972566,13.941008575601806
05/17/2023 13:13:48.444239,1371,True,True,True,True,Eyes,0.9698977,0.05169681,-2.085919,-0.1223883,-0.7535608,-0.6458848,0.0,0.0,0.0,0.0,0.0,0.0,0.0,1.417812,-1.535801,-1.132769,1.131153,0.05817261,-2.09025,0.001745059,0.9065184,-0.4142232,-0.08148959,48.65257,193.0517,6.141265,0.3983586,0.02273542,-0.9169475,0.0,0.0,0.0,0.8547108,-0.540236,-2.581445,0.1284999,-0.01195252,0.777218,-0.9867132,0.07067361,0.1462979,-0.0643459,0.6568322,-0.7512864,-0.1491893,-0.7507176,-0.6435574,static,-1.5463953026277653,-0.10566022667844234,9.387966277676862,-0.8810590729932986,-0.2764422000000001,-0.59840861,-0.4911949999999998,-0.026986366417662812,-0.00184344612813837,0.9996340769894325,-2.9013858195171967,5.865833851633419,10.960518072606135,10.961820402638802,14.019584127397861
05/17/2023 13:13:48.464041,1372,True,True,True,True,Eyes,0.9766625,0.05166068,-2.086171,-0.1301689,-0.7532398,-0.6447371,0.0,0.0,0.0,0.0,0.0,0.0,0.0,1.445463,-1.520561,-1.125646,1.140268,0.05758557,-2.089263,-0.0004242173,0.9066998,-0.4129438,-0.08586565,48.4956,193.5586,6.076288,0.4006863,0.02270928,-0.9159335,0.0,0.0,0.0,0.8547108,-0.540236,-2.581445,0.1285656,-0.01230699,0.7766813,-0.985254,0.07014611,0.1560591,-0.07168465,0.6589544,-0.7487592,-0.1553584,-0.7489049,-0.6442091,static,-1.4442765651032998,-0.24455345406783452,9.399055409430783,-0.9078106788479469,-0.28555720000000007,-0.59782157,-0.4921820000000001,-0.0252044833421409,-0.004266894201226299,0.9996732439057227,-2.88136291726759,5.805612101439756,10.86226975079187,10.863597859649271,13.995667890657995
05/17/2023 13:13:48.483860,1373,True,True,True,True,Eyes,0.983524,0.05158686,-2.086345,-0.1378965,-0.7527768,-0.6436704,0.0,0.0,0.0,0.0,0.0,0.0,0.0,1.471534,-1.504647,-1.120971,1.149502,0.05706703,-2.088383,-0.002804565,0.9070284,-0.4114059,-0.08964823,48.31536,193.9498,5.927356,0.4030185,0.02268119,-0.9149105,0.0,0.0,0.0,0.8547108,-0.540236,-2.581445,0.128982,-0.01137573,0.7767637,-0.9839107,0.06867597,0.1649346,-0.07885126,0.6614746,-0.7458107,-0.1603194,-0.7468165,-0.6454168,static,-1.2711493560074194,-0.40192337487477303,9.427969130492727,-0.8390385988822978,-0.29479120000000003,-0.5973030300000001,-0.4930620000000001,-0.022183375370950165,-0.00701310226834535,0.9997292900682541,-2.832208894917419,5.733614885308927,10.706949522195288,10.70804399072157,13.910849687851595
05/17/2023 13:13:48.499449,1374,True,True,True,True,Eyes,0.9905006,0.0514802,-2.086449,-0.1454657,-0.7522922,-0.64257,0.0,0.0,0.0,0.0,0.0,0.0,0.0,1.497493,-1.488337,-1.115474,1.159189,0.05605871,-2.086876,-0.005504426,0.9071603,-0.4103017,-0.09317992,48.19729,194.2911,5.723638,0.4053586,0.02264972,-0.9138769,0.0,0.0,0.0,0.8547108,-0.540236,-2.581445,0.1293369,-0.009982049,0.777096,-0.9825748,0.06647694,0.1735752,-0.08645053,0.6632445,-0.7433929,-0.1645413,-0.7454446,-0.6459404,static,-1.066572859241555,-0.49833879229921185,9.449473467884149,-0.7359423097715684,-0.30447820000000003,-0.59629471,-0.4945689999999998,-0.018613429462035494,-0.008696036375860968,0.9997889518055008,-2.7566904027425316,5.6830471353791845,10.517902717067766,10.518730236381634,13.791079070672783
05/17/2023 13:13:48.515136,1375,True,True,True,True,Eyes,0.9975948,0.05132869,-2.086469,-0.1531982,-0.7516119,-0.6415683,0.0,0.0,0.0,0.0,0.0,0.0,0.0,1.522514,-1.473479,-1.108649,1.168946,0.05517723,-2.08538,-0.008058602,0.9071094,-0.4095905,-0.09655698,48.12845,194.629,5.543473,0.4077101,0.02261381,-0.9128311,0.0,0.0,0.0,0.8547108,-0.540236,-2.581445,0.1299951,-0.009030163,0.7775719,-0.9812239,0.06447759,0.181777,-0.09371772,0.6643413,-0.7415306,-0.1685741,-0.744643,-0.645825,static,-0.8459094149251772,-0.528734113820182,9.490981885085763,-0.6653622259764034,-0.31423520000000005,-0.59541323,-0.4960650000000002,-0.014762739790710147,-0.009227014646362107,0.9998484605100556,-2.6609018093533656,5.6568681057930785,10.337122331460897,10.33779420327534,13.698133949232705
05/17/2023 13:13:48.533906,1376,True,True,True,True,Eyes,1.004814,0.05116495,-2.086396,-0.1607555,-0.7508775,-0.6405783,0.0,0.0,0.0,0.0,0.0,0.0,0.0,1.545215,-1.45959,-1.102592,1.178997,0.05393177,-2.083473,-0.009892778,0.9071701,-0.4086926,-0.09957407,48.02849,194.9545,5.443507,0.4100767,0.022572,-0.9117715,0.0,0.0,0.0,0.8547108,-0.540236,-2.581445,0.1305362,-0.008759797,0.7780405,-0.9799746,0.06344151,0.1887475,-0.09933924,0.665745,-0.7395373,-0.172575,-0.7434775,-0.646111,static,-0.6307602532338755,-0.5840117211248704,9.524130208433766,-0.6450540712354267,-0.3242862000000001,-0.5941677700000001,-0.49797199999999986,-0.0110080485422306,-0.010192132858881578,0.9998874199190971,-2.5724998922673383,5.621461251725081,10.154447057590886,10.155073926711486,13.62342372849376
05/17/2023 13:13:48.543646,1377,True,True,True,True,Eyes,1.012118,0.05104657,-2.086287,-0.168474,-0.7499713,-0.6396559,0.0,0.0,0.0,0.0,0.0,0.0,0.0,1.565633,-1.446877,-1.097235,1.189242,0.05346817,-2.081208,-0.01127639,0.9073784,-0.4075626,-0.1021286,47.8961,195.2314,5.373065,0.4124617,0.02252438,-0.9106963,0.0,0.0,0.0,0.8547108,-0.540236,-2.581445,0.1309659,-0.008975923,0.7788346,-0.9788854,0.06278368,0.1945302,-0.1037115,0.6675313,-0.7373235,-0.1761469,-0.7419302,-0.6469253,static,-0.37827379232939695,-0.6602607754897711,9.54534185476671,-0.6602939028687843,-0.3345311999999999,-0.5937041700000001,-0.5002369999999998,-0.006601637209399616,-0.011523218929397791,0.9999118679744534,-2.470972188420866,5.575524722386577,9.922968344385737,9.923615647151399,13.537992358972161
05/17/2023 13:13:48.564039,1378,True,True,True,True,Eyes,1.019526,0.05106024,-2.086149,-0.1760585,-0.7492762,-0.6384266,0.0,0.0,0.0,0.0,0.0,0.0,0.0,1.587716,-1.437683,-1.086898,1.199059,0.05444525,-2.080484,-0.0136057,0.9068381,-0.4079989,-0.104865,47.97317,195.5159,5.21862,0.4148657,0.02247351,-0.9096048,0.0,0.0,0.0,0.8547108,-0.540236,-2.581445,0.1312526,-0.01060539,0.7792834,-0.9776365,0.06089325,0.2012933,-0.1102459,0.6667036,-0.7371243,-0.1790889,-0.7428313,-0.6450806,static,-0.11549547351433852,-0.5463670022801594,9.560444626737281,-0.7796991152515959,-0.3443482000000001,-0.59468125,-0.5009609999999998,-0.002015683211673211,-0.009535738948528695,0.9999524736706968,-2.3276763467364514,5.602192039217725,9.677853337724375,9.678753054944684,13.492811233669572
05/17/2023 13:13:48.586301,1379,True,True,True,True,Eyes,1.027105,0.05102631,-2.085883,-0.1836335,-0.7487549,-0.6369026,0.0,0.0,0.0,0.0,0.0,0.0,0.0,1.622176,-1.423787,-1.063923,1.208992,0.05770897,-2.079799,-0.01883519,0.9051013,-0.4102668,-0.1100825,48.31506,196.0456,4.850338,0.4172901,0.02242537,-0.9084963,0.0,0.0,0.0,0.8547108,-0.540236,-2.581445,0.1315798,-0.01255864,0.7800425,-0.9750543,0.05623084,0.2147264,-0.1244219,0.6626528,-0.7385191,-0.1838166,-0.7468129,-0.6391262,static,0.010863155401025967,-0.16912580821762782,9.574682564024958,-0.9223791093440654,-0.3542812000000001,-0.59794497,-0.501646,0.00018959700978142535,-0.0029517979885543815,0.9999956677029301,-2.19597961556565,5.739292608541012,9.591946962861769,9.593436934510473,13.525027106180401
05/17/2023 13:13:48.594642,1380,True,True,True,True,Eyes,1.034807,0.05122488,-2.0857,-0.1926009,-0.7470154,-0.6362962,0.0,0.0,0.0,0.0,0.0,0.0,0.0,1.646891,-1.421368,-1.035828,1.220676,0.05648679,-2.076592,-0.01895589,0.903064,-0.4134829,-0.1146648,48.69012,196.8566,5.266041,0.4197398,0.02237767,-0.9073683,0.0,0.0,0.0,0.8547108,-0.540236,-2.581445,0.1317613,-0.01542127,0.7802297,-0.9729853,0.06058711,0.2227752,-0.1290606,0.6573451,-0.7424558,-0.1914234,-0.7511502,-0.6317677,static,0.022194257863851787,0.3570750302441257,9.585387119669084,-1.132305851323969,-0.3659652000000001,-0.5967227900000001,-0.5048529999999998,0.00038735533653652676,0.006232094047097458,0.9999804896156931,-2.0882955194354667,5.941340596293953,9.67558859712534,9.678476797640375,13.649591218217076
05/17/2023 13:13:48.614339,1381,True,True,True,True,Eyes,1.042615,0.05144478,-2.085474,-0.2013875,-0.7451227,-0.635795,0.0,0.0,0.0,0.0,0.0,0.0,0.0,1.668394,-1.406252,-1.036331,1.230193,0.06191591,-2.077945,-0.02319862,0.903605,-0.4116501,-0.1162072,48.53235,196.7562,4.655656,0.4222139,0.02234022,-0.9062206,0.0,0.0,0.0,0.8547108,-0.540236,-2.581445,0.131636,-0.01703709,0.780901,-0.9719155,0.05374866,0.2291103,-0.1375982,0.6600121,-0.7385464,-0.1909115,-0.7493298,-0.6340804,static,0.5738446744504262,0.3142673346175755,9.568360579951321,-1.2498364277723175,-0.3754822000000001,-0.60215191,-0.5034999999999998,0.010015161108801032,0.005484697254023861,0.9999348278165615,-1.8423669105668719,5.88868092249796,9.125979080305061,9.129498176451476,13.459685428084024
05/17/2023 13:13:48.634268,1382,True,True,True,True,Eyes,1.050645,0.05170326,-2.085253,-0.2102348,-0.742788,-0.6356629,0.0,0.0,0.0,0.0,0.0,0.0,0.0,1.690995,-1.385943,-1.037022,1.240586,0.06261747,-2.076714,-0.02492174,0.9048102,-0.4080047,-0.1192887,48.09723,197.0238,4.486358,0.4247135,0.02231286,-0.9050524,0.0,0.0,0.0,0.8547108,-0.540236,-2.581445,0.1318857,-0.01842326,0.7817284,-0.9702985,0.05224184,0.2362037,-0.1424396,0.6658221,-0.7323878,-0.1955309,-0.7442793,-0.638605,static,0.8617622815519219,0.05344527961424579,9.576216026283394,-1.3500592775692077,-0.3858752,-0.60285347,-0.504731,0.015040015617564018,0.0009326904605269654,0.9998864608195165,-1.7604483622844438,5.769289818682277,8.82303337247528,8.826750767473788,13.38675057709372
05/17/2023 13:13:48.644134,1383,True,True,True,True,Eyes,1.058702,0.05196298,-2.084988,-0.218915,-0.7403536,-0.6355728,0.0,0.0,0.0,0.0,0.0,0.0,0.0,1.703913,-1.373433,-1.041362,1.250169,0.06382832,-2.075349,-0.02412147,0.9065215,-0.4037723,-0.1208515,47.55169,197.2044,4.577131,0.4272423,0.0222961,-0.9038618,0.0,0.0,0.0,0.8547108,-0.540236,-2.581445,0.1323304,-0.01915503,0.7825285,-0.9696264,0.05385973,0.2385882,-0.1413262,0.6727722,-0.7262262,-0.1996298,-0.7378867,-0.6447259,static,1.1890138341307792,-0.31985795763824776,9.598263939190984,-1.4022278417621543,-0.3954582000000001,-0.60406432,-0.5060959999999999,0.020750393725310734,-0.005581343550286756,0.9997691154072613,-1.6823024470245056,5.603971524945518,8.4751049060291,8.478620872259441,13.279232190148262
05/17/2023 13:13:48.664332,1384,True,True,True,True,Eyes,1.066804,0.05221493,-2.08469,-0.2278787,-0.7376768,-0.6355347,0.0,0.0,0.0,0.0,0.0,0.0,0.0,1.720576,-1.360884,-1.038418,1.258954,0.06407765,-2.074036,-0.02425619,0.9072892,-0.401243,-0.1234588,47.22921,197.5319,4.650686,0.4297975,0.02228892,-0.9026498,0.0,0.0,0.0,0.8547108,-0.540236,-2.581445,0.1330492,-0.01965833,0.7832707,-0.9683394,0.05505922,0.2434909,-0.1430887,0.6768314,-0.7220977,-0.2045605,-0.7340761,-0.6475242,static,1.449841626259052,-0.4446423936184826,9.640450873997667,-1.437693173071092,-0.4042431999999999,-0.60431365,-0.507409,0.025301049692446273,-0.007757912045804733,0.9996498335723212,-1.5863808681822946,5.538783311516965,8.247015120811922,8.250589657697972,13.217903582158165
05/17/2023 13:13:48.683651,1385,True,True,True,True,Eyes,1.074888,0.0524638,-2.084343,-0.2370909,-0.7348634,-0.635424,0.0,0.0,0.0,0.0,0.0,0.0,0.0,1.744005,-1.346269,-1.026224,1.267548,0.06414261,-2.072761,-0.02521541,0.9072456,-0.3998538,-0.1280094,47.05323,198.1387,4.766722,0.4323776,0.02228999,-0.9014167,0.0,0.0,0.0,0.8547108,-0.540236,-2.581445,0.133395,-0.01960027,0.7842206,-0.9659554,0.05661693,0.2524368,-0.1481232,0.6789623,-0.7190756,-0.2121069,-0.7319868,-0.6474609,static,1.5477304844069613,-0.3959382857851117,9.653548254118558,-1.4317132195902458,-0.4128371999999999,-0.60437861,-0.5086840000000001,0.027009062942727327,-0.006907850640912949,0.9996113061669764,-1.531778774569509,5.55113634746476,8.16809308844403,8.171726343268679,13.186042955140868
05/17/2023 13:13:48.694062,1386,True,True,True,True,Eyes,1.082977,0.0527402,-2.083972,-0.2462299,-0.7320536,-0.6351914,0.0,0.0,0.0,0.0,0.0,0.0,0.0,1.768916,-1.331982,-1.010398,1.276105,0.06426965,-2.07161,-0.02650213,0.9067928,-0.3991722,-0.1329892,46.96878,198.8103,4.884754,0.4349787,0.02229836,-0.9001642,0.0,0.0,0.0,0.8547108,-0.540236,-2.581445,0.1343562,-0.01973271,0.785243,-0.963223,0.05810734,0.2623452,-0.1542351,0.6799185,-0.716884,-0.2200295,-0.7309818,-0.6459508,moving,1.6043528916384777,-0.25225705729767056,9.709368835894589,-1.4395073937355751,-0.42139420000000005,-0.60450565,-0.5098349999999998,0.02799730669756302,-0.0044009755750441925,0.9995981861691228,-1.4777031464293828,5.602797422790802,8.18756969431222,8.191510655429664,13.21910120494463
05/17/2023 13:13:48.714275,1387,True,True,True,True,Eyes,1.091028,0.0530359,-2.083576,-0.2556157,-0.7289857,-0.635012,0.0,0.0,0.0,0.0,0.0,0.0,0.0,1.79459,-1.313919,-0.99733,1.284364,0.06518589,-2.070691,-0.02841109,0.9066956,-0.3975518,-0.1380165,46.78248,199.4208,4.876993,0.4375982,0.02231444,-0.8988933,0.0,0.0,0.0,0.8553056,-0.5379202,-2.581084,0.1352173,-0.0181216,0.7843034,-0.9602886,0.05821698,0.2728676,-0.1612578,0.6822909,-0.7130744,-0.2276881,-0.7287592,-0.6458082,moving,1.7048818340329304,-0.1919886222756617,9.78188033175833,-1.3236032010927437,-0.42905840000000006,-0.6031060899999999,-0.5103930000000001,0.02975124035858094,-0.003349343643029796,0.9995516107881908,-1.4196324009240473,5.619434131327601,8.152440603284079,8.155884764220847,13.178757714588581
05/17/2023 13:13:48.733938,1388,True,True,True,True,Eyes,1.099087,0.05334734,-2.083157,-0.2649775,-0.7258822,-0.6347299,0.0,0.0,0.0,0.0,0.0,0.0,0.0,1.822994,-1.288764,-0.9878201,1.292458,0.06585591,-2.070078,-0.03083135,0.9071862,-0.3942116,-0.143736,46.39483,200.0527,4.772813,0.4402321,0.02233827,-0.8976057,0.0,0.0,0.0,0.8559168,-0.53554,-2.580713,0.1366975,-0.01677519,0.7831482,-0.9567791,0.05738524,0.2850987,-0.1692643,0.6872933,-0.7063835,-0.2364824,-0.7241098,-0.6478746,moving,1.7712798659726001,-0.32560497223771495,9.901154342376909,-1.2270993261557992,-0.4365412000000001,-0.60139591,-0.5106349999999997,0.03090924434280573,-0.005680133200961527,0.9995061002505569,-1.415046207175287,5.5635876069505015,8.176921121225703,8.179703605402608,13.1973415467338
05/17/2023 13:13:48.744221,1389,True,True,True,True,Eyes,1.107168,0.0536533,-2.082731,-0.2746334,-0.7225459,-0.6344319,0.0,0.0,0.0,0.0,0.0,0.0,0.0,1.850589,-1.26633,-0.9744534,1.300753,0.06651175,-2.069165,-0.03282618,0.90729,-0.3916487,-0.1495287,46.09533,200.744,4.761231,0.4428784,0.02236971,-0.8963022,0.0,0.0,0.0,0.8565208,-0.533188,-2.580346,0.1388676,-0.01515937,0.7821709,-0.9531275,0.0575597,0.2970444,-0.1766912,0.6910675,-0.7008609,-0.245619,-0.7204947,-0.6485052,moving,1.8175676728549484,-0.35279386763483933,10.067460648067806,-1.1103189757001728,-0.4442322000000001,-0.59969975,-0.5111810000000001,0.03171661807748602,-0.006154277642947354,0.9994779130848269,-1.399005651634974,5.55007508045989,8.282356960866489,8.284598867284755,13.260493896742755
05/17/2023 13:13:48.764036,1390,True,True,True,True,Eyes,1.115229,0.05395033,-2.082285,-0.2842374,-0.7191511,-0.634059,0.0,0.0,0.0,0.0,0.0,0.0,0.0,1.874828,-1.247858,-0.9607761,1.308712,0.06669019,-2.068343,-0.03340215,0.9074859,-0.3889678,-0.1551055,45.75208,201.482,4.936034,0.4455354,0.02240771,-0.8949835,0.0,0.0,0.0,0.8571412,-0.5307725,-2.57997,0.1409092,-0.01311499,0.7809695,-0.9496531,0.06003811,0.3074968,-0.181286,0.6951767,-0.6956038,-0.2555274,-0.7163273,-0.6492928,moving,1.8211775081408206,-0.42162330235836404,10.227755855954065,-0.9620900041719598,-0.45157080000000005,-0.59746269,-0.5116269999999998,0.03177933251061926,-0.007354931704893415,0.9994678577501958,-1.410744237520496,5.523312501690627,8.422351862385108,8.423933984409642,13.323480404491017
05/17/2023 13:13:48.784086,1391,True,True,True,True,Eyes,1.123252,0.05428674,-2.08186,-0.2939188,-0.7155799,-0.6336853,0.0,0.0,0.0,0.0,0.0,0.0,0.0,1.893124,-1.237491,-0.9467306,1.316342,0.06671768,-2.067461,-0.03250505,0.907532,-0.3871149,-0.1595966,45.48066,202.1637,5.283591,0.4482005,0.02245122,-0.8936508,0.0,0.0,0.0,0.8577279,-0.5284877,-2.579613,0.1428245,-0.01054484,0.7802755,-0.9469447,0.0645657,0.3148445,-0.1825632,0.698171,-0.6922629,-0.2645117,-0.7130138,-0.649342,moving,1.8688323127675817,-0.41627582842355254,10.372800821409662,-0.7742624887118724,-0.4586140999999999,-0.59520538,-0.5121519999999999,0.03261063261850036,-0.0072614553787848455,0.9994417099658905,-1.3877381553294752,5.522249446817935,8.510523961020935,8.511500152436149,13.340027720273664
05/17/2023 13:13:48.803719,1392,True,True,True,True,Eyes,1.131234,0.05463837,-2.081433,-0.3035459,-0.7119663,-0.6332172,0.0,0.0,0.0,0.0,0.0,0.0,0.0,1.911558,-1.226574,-0.9337029,1.323327,0.06796847,-2.067492,-0.03219989,0.9076182,-0.3850916,-0.164003,45.20189,202.7874,5.526794,0.4508699,0.02250129,-0.8923057,0.0,0.0,0.0,0.8583212,-0.5261777,-2.579253,0.1446786,-0.007858157,0.7798007,-0.9441326,0.06786194,0.322504,-0.1847628,0.7013353,-0.6884704,-0.2729044,-0.709594,-0.6496152,moving,1.9517535651972018,-0.4180361556899679,10.510731782127026,-0.577357767675883,-0.4650057999999999,-0.5941461699999999,-0.5117609999999999,0.03405703532048612,-0.007291810616868239,0.9993933639770911,-1.349861255030964,5.516135330384111,8.559970896435582,8.560460939337615,13.334328829348157
05/17/2023 13:13:48.818731,1393,True,True,True,True,Eyes,1.139168,0.05501112,-2.081007,-0.3131185,-0.7082775,-0.6326924,0.0,0.0,0.0,0.0,0.0,0.0,0.0,1.931922,-1.212334,-0.9194474,1.330378,0.06863878,-2.067086,-0.03237829,0.907619,-0.3829415,-0.1689241,44.91596,203.4531,5.721889,0.4535407,0.02255788,-0.8909497,0.0,0.0,0.0,0.8589091,-0.5238883,-2.578896,0.1462699,-0.005247712,0.7794207,-0.9408327,0.07060181,0.3314354,-0.1881504,0.7046149,-0.6841909,-0.2818395,-0.7060688,-0.649641,moving,1.999496550393001,-0.41663506214876683,10.628781651084266,-0.38575727660921294,-0.4714689000000001,-0.59252708,-0.5118099999999997,0.034889791865343134,-0.007267161920111722,0.9993646861118717,-1.3275829651931874,5.513545612768879,8.629156980981085,8.629340344815011,13.33253274580626
05/17/2023 13:13:48.833902,1394,True,True,True,True,Eyes,1.147068,0.05540673,-2.080579,-0.3225833,-0.7045732,-0.6320733,0.0,0.0,0.0,0.0,0.0,0.0,0.0,1.951627,-1.198985,-0.9046392,1.337347,0.06947539,-2.06675,-0.03287514,0.9074096,-0.381321,-0.1735558,44.70363,204.0715,5.870678,0.45621,0.02262118,-0.8895842,0.0,0.0,0.0,0.8595252,-0.5214896,-2.578522,0.1472593,-0.003093898,0.7792494,-0.9375955,0.07269847,0.3400443,-0.1920233,0.7070271,-0.6806172,-0.2899004,-0.7034399,-0.6489457,moving,2.0802315083167975,-0.34451496110026425,10.701320258986113,-0.22748348113977224,-0.4778218000000001,-0.59096499,-0.5117720000000001,0.03629825831098793,-0.006008921785235988,0.9993229535403397,-1.276327821808099,5.5360473436361985,8.621826868621081,8.621883066605506,13.292190982509094
05/17/2023 13:13:48.843698,1395,True,True,True,True,Eyes,1.154918,0.05579734,-2.080153,-0.3318901,-0.7008154,-0.6314322,0.0,0.0,0.0,0.0,0.0,0.0,0.0,1.971381,-1.183428,-0.8919404,1.344482,0.07038584,-2.066352,-0.03377387,0.9073867,-0.3792557,-0.1779718,44.44984,204.617,5.925971,0.4588752,0.02269145,-0.8882107,0.0,0.0,0.0,0.8601157,-0.5191903,-2.578164,0.1485609,-0.0009790659,0.7793171,-0.9343711,0.07370172,0.3485965,-0.1962856,0.710049,-0.6762415,-0.2973607,-0.7002847,-0.6489826,moving,2.1974164251253554,-0.31348865125910674,10.792779110407054,-0.07198137243815031,-0.4843662999999999,-0.58957614,-0.5118119999999999,0.03834217514683036,-0.005467358242883158,0.9992496545662968,-1.216274087561773,5.540322684213491,8.598729487387368,8.598754878309796,13.255765369677972
05/17/2023 13:13:48.863984,1396,True,True,True,True,Eyes,1.162712,0.05619491,-2.079737,-0.3410378,-0.6970909,-0.6306802,0.0,0.0,0.0,0.0,0.0,0.0,0.0,1.990768,-1.165315,-0.8820398,1.35121,0.07063203,-2.065999,-0.03530945,0.90746,-0.3769911,-0.1820641,44.19207,205.0696,5.858734,0.4615343,0.02276774,-0.8868299,0.0,0.0,0.0,0.860728,-0.5168059,-2.577792,0.1499557,0.001625538,0.7794179,-0.9312118,0.0731893,0.3570545,-0.2013569,0.7132619,-0.6713516,-0.3038091,-0.6970658,-0.6494606,moving,2.3711307006951694,-0.2941791819086806,10.890322096043874,0.11949473036445565,-0.490482,-0.58743793,-0.5117929999999999,0.04137168207480049,-0.005129976884705789,0.9991306650399405,-1.1324466038194754,5.5363768604052686,8.529084397785994,8.529229047005291,13.18671980521196
05/17/2023 13:13:48.883790,1397,True,True,True,True,Eyes,1.170452,0.0565884,-2.07933,-0.3499604,-0.6934009,-0.6298594,0.0,0.0,0.0,0.0,0.0,0.0,0.0,2.011279,-1.145042,-0.8718042,1.35771,0.07118485,-2.065905,-0.03776096,0.9073495,-0.3749793,-0.1862301,43.99049,205.4911,5.674708,0.4641845,0.02284971,-0.8854436,0.0,0.0,0.0,0.8613101,-0.5145396,-2.577438,0.1515427,0.004934728,0.7798201,-0.9277851,0.07114007,0.3662707,-0.2081896,0.7159293,-0.66641,-0.3096324,-0.694539,-0.6494179,moving,2.559720071508486,-0.2192777049686816,10.99724082438726,0.3625647935122249,-0.4963999,-0.58572445,-0.511533,0.04466035585452374,-0.0038232899165052446,0.9989948891393248,-1.0309381293225435,5.552880351208369,8.457046934302069,8.45755858083753,13.100246735498157
05/17/2023 13:13:48.894485,1398,True,True,True,True,Eyes,1.178135,0.05699816,-2.078943,-0.3587509,-0.689756,-0.6289153,0.0,0.0,0.0,0.0,0.0,0.0,0.0,2.031355,-1.125888,-0.8600526,1.364247,0.07147315,-2.065778,-0.04000005,0.9070657,-0.3733121,-0.1904471,43.82617,205.9444,5.538276,0.4668235,0.02293656,-0.8840527,0.0,0.0,0.0,0.8619293,-0.5121284,-2.577062,0.154122,0.008467019,0.7815921,-0.9242598,0.06962706,0.3753611,-0.2147577,0.7180763,-0.6620013,-0.3156311,-0.6924729,-0.6487362,moving,2.721609112780359,-0.10956515318605795,11.155030044752943,0.6206632306932405,-0.5023177,-0.58360155,-0.5112840000000003,0.04748309226694866,-0.0019101145430805476,0.998870216680876,-0.9349578584798042,5.584549843093027,8.463827272834605,8.464976202474306,13.069352615989667
05/17/2023 13:13:48.914085,1399,True,True,True,True,Eyes,1.185785,0.05742472,-2.078596,-0.3672977,-0.6861555,-0.6279196,0.0,0.0,0.0,0.0,0.0,0.0,0.0,2.051802,-1.105823,-0.8480415,1.370606,0.07226291,-2.065944,-0.04243222,0.9067851,-0.3714629,-0.1948223,43.64653,206.405,5.375089,0.4694493,0.02302844,-0.8826588,0.0,0.0,0.0,0.8625032,-0.5098937,-2.576714,0.1577914,0.01095206,0.7821617,-0.9204878,0.06778464,0.3848478,-0.2216923,0.7204298,-0.6571404,-0.3217999,-0.6902075,-0.6481195,moving,2.861888648998491,-0.015393299539571345,11.40562673201346,0.8022200642591663,-0.5081028,-0.58215661,-0.51077,0.04992861028876874,-0.00026832867541554985,0.9987527504563151,-0.851963810737046,5.611646718417523,8.581012017381102,8.582770650776041,13.167350175925888
05/17/2023 13:13:48.934200,1400,True,True,True,True,Eyes,1.193406,0.05785853,-2.07827,-0.3757552,-0.6825234,-0.6268731,0.0,0.0,0.0,0.0,0.0,0.0,0.0,2.073143,-1.082948,-0.8370512,1.377019,0.07310688,-2.066355,-0.04490122,0.9067557,-0.3687377,-0.1995264,43.36375,206.8828,5.186247,0.4720602,0.02312548,-0.8812626,0.0,0.0,0.0,0.8631398,-0.5074148,-2.576327,0.1625092,0.01310366,0.7824011,-0.9163465,0.06571692,0.3949569,-0.2285746,0.7240329,-0.6507919,-0.3287299,-0.6866279,-0.6484438,moving,2.973880880825815,-0.018207243203029147,11.73382198208304,0.9595004770573292,-0.5138792,-0.58052168,-0.5099719999999999,0.051880709504668554,-0.0003173483906439628,0.9986532614724198,-0.8008928120459096,5.603220871868047,8.811746602309748,8.814333808277988,13.367244071809871
05/17/2023 13:13:48.943785,1401,True,True,True,True,Eyes,1.200968,0.05829203,-2.077978,-0.3840088,-0.6788747,-0.6258326,0.0,0.0,0.0,0.0,0.0,0.0,0.0,2.09308,-1.061492,-0.8269105,1.383992,0.07368349,-2.066559,-0.04673319,0.9068913,-0.3657651,-0.2039125,43.03753,207.3385,5.055212,0.4746554,0.02322739,-0.8798648,0.0,0.0,0.0,0.8637172,-0.5051666,-2.575977,0.1681188,0.01690853,0.78291,-0.9124717,0.06440434,0.4040397,-0.233932,0.7280638,-0.6443594,-0.3356663,-0.6824773,-0.6492714,moving,3.0847766650084965,-0.06720127110128467,12.119410295108944,1.2372262770128468,-0.5202748000000001,-0.57885009,-0.5094180000000001,0.05381346727026662,-0.0011711837073904415,0.9985503487903682,-0.7593193328976844,5.5770697130078535,9.123772165303686,9.128315072258463,13.590287630519255
05/17/2023 13:13:48.963967,1402,True,True,True,True,Eyes,1.208483,0.05872346,-2.077724,-0.3922056,-0.6751883,-0.6247364,0.0,0.0,0.0,0.0,0.0,0.0,0.0,2.111637,-1.041359,-0.8173935,1.390268,0.07409926,-2.06718,-0.04834883,0.9070233,-0.3628406,-0.2081302,42.71368,207.7818,4.94452,0.4772326,0.02333361,-0.8784668,0.0,0.0,0.0,0.8643224,-0.5028102,-2.575609,0.1738136,0.02137446,0.7834553,-0.9086887,0.06332911,0.4126436,-0.2387431,0.7320183,-0.6380839,-0.3424719,-0.6783352,-0.6500574,moving,3.2010767403638765,-0.11359973059081917,12.508764670318321,1.5627728009420536,-0.5259456,-0.57690946,-0.508429,0.0558401601220426,-0.00197959452503933,0.9984377799023186,-0.7147495264657637,5.551564585791859,9.44990264935025,9.457445715725656,13.812016059049292
05/17/2023 13:13:48.984034,1403,True,True,True,True,Eyes,1.21597,0.05914024,-2.077514,-0.4003354,-0.6714608,-0.6235961,0.0,0.0,0.0,0.0,0.0,0.0,0.0,2.130193,-1.022344,-0.8059654,1.396701,0.07444341,-2.067892,-0.04954524,0.90706,-0.3599844,-0.2125997,42.38597,208.2858,4.907278,0.4797907,0.02344356,-0.8770694,0.0,0.0,0.0,0.8649126,-0.5005121,-2.575251,0.1797978,0.02577096,0.7841629,-0.9046933,0.06318415,0.4213524,-0.2429462,0.735913,-0.6319883,-0.3500104,-0.6741215,-0.6504254,moving,3.2677203964315527,-0.1590444393102623,12.913920279205366,1.8823078617942024,-0.5317883999999999,-0.57495551,-0.5073590000000001,0.0570013516215607,-0.002771332500927583,0.998370322072173,-0.6928814073722247,5.529682132443449,9.848550083175942,9.859832219447245,14.087171157050832
05/17/2023 13:13:48.994107,1404,True,True,True,True,Eyes,1.223418,0.05953649,-2.077341,-0.4084556,-0.6677269,-0.6223382,0.0,0.0,0.0,0.0,0.0,0.0,0.0,2.148021,-1.005902,-0.7923019,1.403212,0.0745092,-2.068579,-0.04995678,0.9069958,-0.3572947,-0.2172633,42.0545,208.8625,4.993729,0.4823285,0.02355616,-0.8756734,0.0,0.0,0.0,0.8655401,-0.4980684,-2.57487,0.1862076,0.02939242,0.7855831,-0.9006018,0.06463288,0.4298124,-0.2458752,0.7396896,-0.6264221,-0.3584152,-0.6698372,-0.6502742,moving,3.2797099595611208,-0.2086196159137397,13.334782451012376,2.142709606298049,-0.5376718999999999,-0.5725776,-0.506291,0.05721010528507334,-0.003635127660493457,0.9983555554181952,-0.6970084747246303,5.509790573902393,10.311298226854198,10.326336810290805,14.430120956734866
05/17/2023 13:13:49.013715,1405,True,True,True,True,Eyes,1.230844,0.05991349,-2.077213,-0.4164544,-0.6640149,-0.6210072,0.0,0.0,0.0,0.0,0.0,0.0,0.0,2.166384,-0.9904286,-0.7752409,1.409785,0.07437415,-2.069333,-0.05040423,0.9065427,-0.3553067,-0.2222543,41.80569,209.508,5.122154,0.4848452,0.02367023,-0.8742793,0.0,0.0,0.0,0.8661295,-0.4957735,-2.574512,0.1925351,0.03403139,0.7870317,-0.8961251,0.06654976,0.438784,-0.2493241,0.7424331,-0.6217963,-0.3671482,-0.6666065,-0.6487205,moving,3.2399374259225446,-0.17300314418429394,13.74654280918742,2.475937317882145,-0.5436555000000001,-0.57014765,-0.505179,0.05651718720556431,-0.003014643648773416,0.9983970736271476,-0.7084050303523028,5.526123882115616,10.81541975620405,10.835388421797497,14.773258107825928
05/17/2023 13:13:49.033701,1406,True,True,True,True,Eyes,1.238253,0.06028181,-2.077123,-0.4244408,-0.6603385,-0.6195185,0.0,0.0,0.0,0.0,0.0,0.0,0.0,2.184716,-0.9758115,-0.7564301,1.41644,0.07428829,-2.070159,-0.05076057,0.9059175,-0.3536071,-0.2273735,41.58735,210.1852,5.280299,0.4873405,0.02378474,-0.8728877,0.0,0.0,0.0,0.8667401,-0.493396,-2.574141,0.1965766,0.04247355,0.7904309,-0.8914491,0.06883202,0.4478619,-0.2527716,0.7447707,-0.6175946,-0.3760647,-0.6637611,-0.6465265,moving,3.1790472276525494,-0.10919795099129881,13.965875630118097,3.075812163945497,-0.5496998999999999,-0.56768429,-0.5039820000000002,0.05545627894924959,-0.0019029298214688758,0.9984593527592087,-0.7240461537391252,5.55470506629601,11.217273049896454,11.247219941678349,14.89760759441484
05/17/2023 13:13:49.043808,1407,True,True,True,True,Eyes,1.245656,0.06062694,-2.077095,-0.4322392,-0.6566951,-0.6179974,0.0,0.0,0.0,0.0,0.0,0.0,0.0,2.203551,-0.960734,-0.7365384,1.423477,0.07442008,-2.071064,-0.05147194,0.9051141,-0.3522241,-0.2325024,41.41748,210.8567,5.402859,0.4898139,0.02389919,-0.871499,0.0,0.0,0.0,0.8673406,-0.4910579,-2.573777,0.1998558,0.05481321,0.79303,-0.8865866,0.07060995,0.4571418,-0.2569619,0.7465777,-0.6136712,-0.3846231,-0.6615407,-0.6437617,moving,3.114751465205815,0.002428433315510247,14.144875012275635,3.953921843775382,-0.5561364000000001,-0.56547798,-0.5027130000000004,0.05433589512468989,4.2321542784128086e-05,0.9985226965358851,-0.7319452484348401,5.601939142362349,11.668995340661809,11.716566290365616,14.967823558751874
05/17/2023 13:13:49.064134,1408,True,True,True,True,Eyes,1.253045,0.06095695,-2.077122,-0.4399973,-0.6530565,-0.6163763,0.0,0.0,0.0,0.0,0.0,0.0,0.0,2.222115,-0.9446889,-0.7186792,1.43053,0.0742159,-2.072392,-0.05235798,0.9044273,-0.3505912,-0.2373938,41.22573,211.4747,5.474052,0.4922655,0.02401255,-0.8701134,0.0,0.0,0.0,0.8679134,-0.4888271,-2.573429,0.2089825,0.05228996,0.7960283,-0.8818055,0.07174836,0.4661233,-0.2611643,0.748689,-0.6093094,-0.3926983,-0.6590273,-0.6414599,moving,3.085669682558185,0.08832704256112825,14.709992112279389,3.7582783363367676,-0.5626166000000001,-0.563043,-0.5010370000000002,0.05382900658140338,0.001539362166899795,0.9985490612963436,-0.7286233751610369,5.636949707168063,12.145835578603908,12.189889845638678,15.552499936943144
05/17/2023 13:13:49.084016,1409,True,True,True,True,Eyes,1.260421,0.0612441,-2.077193,-0.4475977,-0.6493548,-0.6148127,0.0,0.0,0.0,0.0,0.0,0.0,0.0,2.239888,-0.9284366,-0.7028556,1.43765,0.07415194,-2.073829,-0.05321588,0.9039423,-0.3485911,-0.2419517,40.99278,212.0305,5.510115,0.4946949,0.02412421,-0.8687314,0.0,0.0,0.0,0.8685247,-0.4864469,-2.573058,0.2150879,0.05093318,0.7983744,-0.8772548,0.07247628,0.4745218,-0.2648926,0.7513045,-0.6044613,-0.4003195,-0.655964,-0.6398872,moving,3.0870150582299565,0.13383294557296282,15.077919180184812,3.6503009678346414,-0.5691253000000001,-0.56059884,-0.49922900000000014,0.05385236712061134,0.0023324339458539334,0.9985461910783173,-0.7191423969377129,5.654398881146344,12.453660368909054,12.495892485673158,15.923679314704286
05/17/2023 13:13:49.093906,1410,True,True,True,True,Eyes,1.267784,0.06150946,-2.07732,-0.4551536,-0.645637,-0.6131787,0.0,0.0,0.0,0.0,0.0,0.0,0.0,2.255367,-0.914951,-0.6894867,1.444753,0.07329483,-2.075217,-0.05326672,0.9037072,-0.3464039,-0.2459278,40.71484,212.5301,5.610722,0.4971022,0.02423249,-0.8673532,0.0,0.0,0.0,0.8691155,-0.4841464,-2.572699,0.2213042,0.04637945,0.8010676,-0.8733646,0.07410564,0.481397,-0.2666557,0.754334,-0.5998958,-0.4075898,-0.6522949,-0.639048,moving,3.123442618053589,0.12547086794179538,15.443430616971987,3.313557427730389,-0.5756374999999999,-0.55744123,-0.4974820000000002,0.05448723179085119,0.002186624934079626,0.9985120999461237,-0.7039806363233942,5.648788324211534,12.689994586683452,12.725800572309705,16.315397436867126
05/17/2023 13:13:49.114349,1411,True,True,True,True,Eyes,1.275151,0.06172843,-2.077519,-0.4625938,-0.6419271,-0.6115035,0.0,0.0,0.0,0.0,0.0,0.0,0.0,2.271401,-0.9006543,-0.674998,1.45185,0.07299922,-2.076743,-0.05360736,0.9033716,-0.3442453,-0.2500829,40.44932,213.042,5.680675,0.4994867,0.02433674,-0.8659793,0.0,0.0,0.0,0.8697311,-0.4817495,-2.572325,0.2255184,0.04607439,0.802953,-0.86917,0.07532495,0.4887437,-0.2690344,0.7572429,-0.5951502,-0.4149274,-0.6487753,-0.6379078,moving,3.1443122296912134,0.1317076661784942,15.687995845736697,3.2840981453463676,-0.5821189000000001,-0.55474872,-0.4955820000000002,0.05485091361950886,0.002295269738691286,0.9984918953286661,-0.6931470895384022,5.649823844065106,12.898089654924156,12.933737448726728,16.551087636390896
05/17/2023 13:13:49.133797,1412,True,True,True,True,Eyes,1.282524,0.06189898,-2.077766,-0.4699809,-0.6382833,-0.6096823,0.0,0.0,0.0,0.0,0.0,0.0,0.0,2.289316,-0.8837781,-0.6581414,1.459433,0.0721743,-2.078467,-0.05450194,0.9027302,-0.342385,-0.2547162,40.23526,213.609,5.715114,0.5018491,0.02443538,-0.8646095,0.0,0.0,0.0,0.870312,-0.4794876,-2.571972,0.2269145,0.04870638,0.8054066,-0.8642985,0.07602093,0.4972014,-0.2728231,0.7596042,-0.5903975,-0.4225588,-0.6459276,-0.6357845,moving,3.1268281841182795,0.19130226794032767,15.734601663549563,3.460706057963215,-0.589121,-0.5516619,-0.4935050000000003,0.05454606225127562,0.003333877754047124,0.998505751965902,-0.6896015382613263,5.673936933194645,12.985639439840753,13.024782272685668,16.572653430318656
05/17/2023 13:13:49.144640,1413,True,True,True,True,Eyes,1.289903,0.06204138,-2.07807,-0.4771633,-0.6347092,-0.6078318,0.0,0.0,0.0,0.0,0.0,0.0,0.0,2.306547,-0.8679457,-0.6401198,1.466964,0.07116545,-2.079951,-0.05556933,0.9018227,-0.341258,-0.2591732,40.11417,214.1701,5.753196,0.5041894,0.0245269,-0.8632442,0.0,0.0,0.0,0.8709477,-0.4770124,-2.571586,0.227638,0.05288669,0.8077739,-0.8594825,0.07666247,0.5053834,-0.2771172,0.76091,-0.5867043,-0.4295295,-0.6443127,-0.6327443,moving,3.110849825811571,0.33803665951811496,15.738317022645711,3.7459312567942953,-0.5960162999999999,-0.54817785,-0.49163500000000004,0.05426696057741928,0.005891125109944877,0.9985091247241548,-0.6683942006298083,5.731533831092979,13.034648361942214,13.079245903081203,16.526427041167018
05/17/2023 13:13:49.163935,1414,True,True,True,True,Eyes,1.297292,0.06215484,-2.078431,-0.4842578,-0.6312092,-0.6058625,0.0,0.0,0.0,0.0,0.0,0.0,0.0,2.323064,-0.853305,-0.6232479,1.474655,0.07062594,-2.08173,-0.05677097,0.9009178,-0.3403835,-0.2631793,40.03062,214.6691,5.761864,0.5065085,0.02461079,-0.8618832,0.0,0.0,0.0,0.8715152,-0.4748025,-2.571242,0.2284335,0.05507588,0.8107822,-0.8550273,0.07687183,0.5128536,-0.2814557,0.7618324,-0.5834332,-0.4355581,-0.6431969,-0.6297514,moving,3.14223860830901,0.5108132407496332,15.73489519977122,3.8860931113612183,-0.6031398,-0.54542844,-0.48951199999999995,0.05481275144151665,0.008901852249456589,0.9984569891776357,-0.6202837104934587,5.796061998157683,12.990465153158329,13.037158978682909,16.46632497964549
05/17/2023 13:13:49.184628,1415,True,True,True,True,Eyes,1.304696,0.06224179,-2.078848,-0.4911742,-0.6277025,-0.6039351,0.0,0.0,0.0,0.0,0.0,0.0,0.0,2.338698,-0.839736,-0.6070962,1.482334,0.07003172,-2.08351,-0.05773804,0.9000843,-0.339484,-0.2669554,39.93778,215.144,5.78737,0.5088062,0.02468655,-0.8605266,0.0,0.0,0.0,0.8721192,-0.4724506,-2.570875,0.228504,0.05492872,0.8136495,-0.8508024,0.07731594,0.519767,-0.2851923,0.7628339,-0.5803015,-0.4413624,-0.6419553,-0.626971,moving,3.179195173794313,0.6720314031140074,15.686779697362343,3.8621246513889385,-0.6102148000000001,-0.54248232,-0.48736500000000005,0.05545515528073042,0.011710843813790658,0.9983925631503169,-0.5718575906014953,5.855770721976543,12.863152624035585,12.90799618635239,16.380412422046568
05/17/2023 13:13:49.193919,1416,True,True,True,True,Eyes,1.312116,0.0622986,-2.079319,-0.4979819,-0.6242441,-0.6019412,0.0,0.0,0.0,0.0,0.0,0.0,0.0,2.35329,-0.827656,-0.592725,1.4902,0.06946346,-2.085375,-0.05835834,0.8994492,-0.3383949,-0.2703227,39.81339,215.5668,5.825952,0.5110832,0.02475384,-0.8591743,0.0,0.0,0.0,0.8727272,-0.4700833,-2.570506,0.2281561,0.05617493,0.816867,-0.8470401,0.07797092,0.5257794,-0.2879324,0.7641664,-0.5771869,-0.4467867,-0.6402893,-0.6248292,moving,3.2478178859328533,0.7914788669596369,15.60538333391614,3.9339660360294655,-0.6174727999999999,-0.53954676,-0.485131,0.05664937211163909,0.013791289432487265,0.9982988161592732,-0.516969618727934,5.89730577615635,12.705303189174945,12.750868574687722,16.241458298588604
05/17/2023 13:13:49.214044,1417,True,True,True,True,Eyes,1.319579,0.06233121,-2.079866,-0.5047194,-0.620766,-0.5999233,0.0,0.0,0.0,0.0,0.0,0.0,0.0,2.367467,-0.8149353,-0.5798438,1.498044,0.06877932,-2.087192,-0.05910616,0.898919,-0.3371569,-0.2734525,39.6785,215.9434,5.826384,0.5133399,0.02481222,-0.8578262,0.0,0.0,0.0,0.873318,-0.4677829,-2.570147,0.2270816,0.05643478,0.8199308,-0.8434604,0.07812946,0.5314794,-0.2906561,0.7656633,-0.573828,-0.4517672,-0.6384789,-0.623098,moving,3.3463107346114906,0.8985233649350188,15.480185410858494,3.937384835443661,-0.6247259999999999,-0.53656222,-0.482955,0.05836379148793949,0.01565481779145294,0.9981726603640872,-0.45072914125353103,5.93210282570085,12.463950886365401,12.508620775121862,16.055308727251255
05/17/2023 13:13:49.233902,1418,True,True,True,True,Eyes,1.327064,0.06234248,-2.080475,-0.5113271,-0.6173613,-0.5978374,0.0,0.0,0.0,0.0,0.0,0.0,0.0,2.382663,-0.7993722,-0.5669994,1.506042,0.06827272,-2.089197,-0.06048075,0.8983337,-0.3358047,-0.2767199,39.55375,216.3088,5.745229,0.5155774,0.02486149,-0.8564819,0.0,0.0,0.0,0.8739547,-0.4653037,-2.569761,0.2264193,0.05704558,0.8225196,-0.8395364,0.07718385,0.537793,-0.2945114,0.7671546,-0.5698569,-0.4565541,-0.6368017,-0.6213227,moving,3.4469267424765446,1.0138383398625428,15.390912820295645,3.967377215870963,-0.6320873000000001,-0.5335764199999999,-0.4805640000000002,0.06011455783167857,0.01766189347679519,0.9980351858658968,-0.38189964648769625,5.969948027787014,12.259319467365227,12.3037472064095,15.89943090079183
05/17/2023 13:13:49.243859,1419,True,True,True,True,Eyes,1.334573,0.06233135,-2.081151,-0.5178707,-0.6139253,-0.5957397,0.0,0.0,0.0,0.0,0.0,0.0,0.0,2.397931,-0.7823676,-0.5554047,1.514082,0.06776446,-2.091318,-0.06225254,0.8977765,-0.3344086,-0.2798088,39.44119,216.6301,5.60016,0.5177958,0.02490164,-0.8551413,0.0,0.0,0.0,0.874526,-0.4630791,-2.569414,0.2258179,0.05603743,0.8253637,-0.8356635,0.0753632,0.5440472,-0.2989187,0.7685911,-0.5656107,-0.460776,-0.6352859,-0.619756,moving,3.5775872554708648,1.1425137873853537,15.301546314561113,3.884091880457801,-0.6395559999999999,-0.53084356,-0.4780960000000003,0.062387757044305825,0.019900465093859794,0.9978536292035511,-0.2966206402694793,6.010972679832936,11.998774736048043,12.040243621274406,15.742504066555602
05/17/2023 13:13:49.264134,1420,True,True,True,True,Eyes,1.342114,0.0622991,-2.081887,-0.5242919,-0.6105382,-0.5936002,0.0,0.0,0.0,0.0,0.0,0.0,0.0,2.413788,-0.7636704,-0.5434422,1.522177,0.06720328,-2.093646,-0.06431466,0.8971565,-0.3329355,-0.2830686,39.33114,216.9617,5.42189,0.5199956,0.02493261,-0.8538045,0.0,0.0,0.0,0.8751742,-0.4605548,-2.56902,0.2245496,0.05618769,0.8280183,-0.8314719,0.07308657,0.550739,-0.3038878,0.7700351,-0.5609797,-0.4650884,-0.6338015,-0.6180524,moving,3.6929099301576107,1.2740044648918807,15.173061300119231,3.8820274400713206,-0.6470027999999999,-0.52775808,-0.47537399999999996,0.06439296760226643,0.022187597853186615,0.9976779759670797,-0.21786289824674943,6.054087720210589,11.732393770683379,11.772665769327503,15.543435705802182
05/17/2023 13:13:49.283996,1421,True,True,True,True,Eyes,1.349653,0.06227089,-2.082685,-0.5307158,-0.6069881,-0.5915286,0.0,0.0,0.0,0.0,0.0,0.0,0.0,2.428827,-0.7459624,-0.5328488,1.530528,0.0666514,-2.09586,-0.06599606,0.8967544,-0.3311425,-0.286043,39.17288,217.2558,5.260497,0.5221773,0.02495439,-0.8524713,0.0,0.0,0.0,0.8757324,-0.4583816,-2.568681,0.2237549,0.05705461,0.830864,-0.827648,0.07107747,0.556729,-0.3078065,0.7719784,-0.5561516,-0.4693126,-0.6316624,-0.6170482,moving,3.830232015308994,1.3642781042249834,15.072393979213286,3.928277806341846,-0.6547956000000001,-0.525033,-0.47282100000000016,0.06678152434782225,0.023755743200945978,0.9974847323142153,-0.13699104206461055,6.07987614465397,11.490293946793438,11.530841257042427,15.360819253376427
05/17/2023 13:13:49.293776,1422,True,True,True,True,Eyes,1.357225,0.06222264,-2.083555,-0.5371157,-0.6033728,-0.5894471,0.0,0.0,0.0,0.0,0.0,0.0,0.0,2.444577,-0.7251915,-0.522877,1.538528,0.0666366,-2.098512,-0.06774658,0.8966188,-0.3281905,-0.2894409,38.88364,217.5645,5.048311,0.5243407,0.02496803,-0.851142,0.0,0.0,0.0,0.8763377,-0.4560245,-2.568314,0.2236414,0.05756015,0.8336092,-0.8232688,0.06849779,0.563504,-0.3114692,0.7754028,-0.5493063,-0.4745688,-0.6277408,-0.6170301,moving,3.9406801604914548,1.3339730073362832,15.01772915521911,3.9499651257712993,-0.6621902999999999,-0.5226611,-0.46980200000000005,0.06870509096004962,0.0232251059315449,0.9973665823534392,-0.09198479244098623,6.060956794008681,11.340505359081254,11.381758616106348,15.25646556065597
05/17/2023 13:13:49.313871,1423,True,True,True,True,Eyes,1.364788,0.0621714,-2.084464,-0.5435547,-0.5995499,-0.5874421,0.0,0.0,0.0,0.0,0.0,0.0,0.0,2.461017,-0.7031099,-0.5111914,1.546955,0.06606665,-2.101154,-0.06903893,0.8965626,-0.3245571,-0.2933802,38.49752,217.9457,4.884683,0.526486,0.02497346,-0.8498167,0.0,0.0,0.0,0.8769124,-0.4537869,-2.567965,0.2240609,0.05845085,0.8356577,-0.8183235,0.06664181,0.5708815,-0.3142327,0.7797927,-0.5414622,-0.4812533,-0.6224808,-0.6171817,moving,3.985525438392245,1.2266492466685892,15.009409315146774,4.001089712056755,-0.6700426,-0.51985355,-0.46681099999999986,0.06948860759340086,0.021355685634958363,0.9973541414363808,-0.09221291917664409,6.016655922871773,11.324343262066217,11.367653039398755,15.235534163868055
05/17/2023 13:13:49.334009,1424,True,True,True,True,Eyes,1.372383,0.06212239,-2.085452,-0.5499808,-0.5956694,-0.5854051,0.0,0.0,0.0,0.0,0.0,0.0,0.0,2.476535,-0.6844789,-0.4988291,1.555525,0.06577663,-2.103943,-0.06964444,0.896545,-0.3210058,-0.2971736,38.09631,218.3367,4.804218,0.5286129,0.02497137,-0.8484954,0.0,0.0,0.0,0.8775154,-0.4514388,-2.567599,0.2245823,0.06014329,0.8374748,-0.8136752,0.06591012,0.5775715,-0.3156676,0.7842098,-0.5341992,-0.4881464,-0.6169852,-0.6172866,moving,4.02229556417502,1.1031057249797178,15.011591495882218,4.107647045281885,-0.6780096000000001,-0.51721543,-0.46365599999999985,0.07013171719164957,0.019204235406801707,0.9973528889802249,-0.09932130593236899,5.966633520387041,11.345714427402257,11.392624527300084,15.224832229573758
05/17/2023 13:13:49.343863,1425,True,True,True,True,Eyes,1.379989,0.06208422,-2.086519,-0.5565458,-0.5916583,-0.5832644,0.0,0.0,0.0,0.0,0.0,0.0,0.0,2.491617,-0.6680051,-0.4844215,1.563904,0.065735,-2.106878,-0.06999882,0.8963302,-0.3178771,-0.3010755,37.73393,218.7691,4.781703,0.5307214,0.02496253,-0.8471783,0.0,0.0,0.0,0.8781043,-0.4491456,-2.567241,0.2248433,0.06252828,0.8392736,-0.8089074,0.06592586,0.5842281,-0.3168941,0.7881086,-0.5276958,-0.4952241,-0.6119956,-0.6166155,moving,4.039267990792463,1.0259790660556818,14.99749144075455,4.260827344342993,-0.6857997,-0.5148806,-0.4603630000000001,0.07042891117920852,0.01786129343831069,0.9973569443437548,-0.10651649872982238,5.9357973486887605,11.374376378932928,11.42571243130324,15.196597657089727
05/17/2023 13:13:49.364673,1426,True,True,True,True,Eyes,1.387625,0.0620683,-2.08767,-0.5630907,-0.5876756,-0.5810046,0.0,0.0,0.0,0.0,0.0,0.0,0.0,2.506816,-0.6520112,-0.4675169,1.572011,0.06587616,-2.110037,-0.07040372,0.8958451,-0.3151246,-0.3052886,37.41565,219.2579,4.785904,0.5328116,0.02494799,-0.8458658,0.0,0.0,0.0,0.8787318,-0.4467021,-2.56686,0.2248104,0.06433859,0.8411315,-0.8036843,0.06626632,0.5913547,-0.3185497,0.7914795,-0.5216189,-0.5026109,-0.6075928,-0.6149906,moving,4.015988146129205,0.9938248702647579,14.963761054019763,4.3740669246611406,-0.6932792000000001,-0.51257826,-0.456823,0.07002435665616374,0.017302070992214362,0.9973952678338116,-0.12350757417777247,5.924931607357106,11.403387911960525,11.457738345286664,15.166768143656286
05/17/2023 13:13:49.383916,1427,True,True,True,True,Eyes,1.39527,0.06208041,-2.088889,-0.5697091,-0.5836946,-0.5785605,0.0,0.0,0.0,0.0,0.0,0.0,0.0,2.52242,-0.6362031,-0.4478436,1.580372,0.06636446,-2.113276,-0.07117129,0.8949753,-0.3131413,-0.3096717,37.19912,219.7861,4.792511,0.5348829,0.02492914,-0.8445581,0.0,0.0,0.0,0.8793093,-0.4444536,-2.566509,0.2245224,0.06452891,0.8433048,-0.7980765,0.06654893,0.5988704,-0.3213351,0.7937543,-0.516428,-0.5097237,-0.604587,-0.6120921,moving,3.977014905630364,1.0650105616858014,14.908650546290033,4.3756936592424385,-0.7010627000000001,-0.51081806,-0.453233,0.06934435940962014,0.018542128760526383,0.9974204961455913,-0.12760971260065013,5.954920421745471,11.368437606789271,11.42196482014316,15.118964241656936
05/17/2023 13:13:49.393925,1428,True,True,True,True,Eyes,1.402934,0.06213868,-2.090189,-0.5762596,-0.5798365,-0.5759466,0.0,0.0,0.0,0.0,0.0,0.0,0.0,2.536909,-0.623963,-0.42665,1.588568,0.06697339,-2.11642,-0.07163312,0.893877,-0.3119856,-0.313875,37.06504,220.3308,4.87319,0.5369358,0.02490747,-0.843255,0.0,0.0,0.0,0.8799265,-0.4420503,-2.566134,0.2248819,0.0643366,0.845535,-0.7927023,0.06778656,0.6058283,-0.3239113,0.7950675,-0.5127857,-0.5164344,-0.6027212,-0.608295,moving,3.9328644632629244,1.2052916231141189,14.893825476422604,4.351240671297406,-0.7086415,-0.50902369,-0.4497139999999997,0.06857243957827269,0.020985242695765842,0.9974253954533411,-0.12064390558777216,6.011877047878539,11.351899825696359,11.40349340096147,15.106025420293438
05/17/2023 13:13:49.414098,1429,True,True,True,True,Eyes,1.410601,0.06229442,-2.091567,-0.5828341,-0.5761003,-0.573073,0.0,0.0,0.0,0.0,0.0,0.0,0.0,2.551269,-0.6124289,-0.4042587,1.596682,0.06812961,-2.119771,-0.07249572,0.8924863,-0.3116002,-0.3179907,37.03507,220.8779,4.942038,0.5389697,0.02488502,-0.8419572,0.0,0.0,0.0,0.8805034,-0.4398038,-2.565784,0.2249268,0.06366771,0.8473,-0.7872528,0.06876906,0.612784,-0.3275748,0.7952994,-0.5100918,-0.5224253,-0.6023037,-0.6035747,moving,3.903215209183606,1.4398559716462576,14.867011481837322,4.297236566769972,-0.7161785999999999,-0.50793341,-0.44601299999999977,0.06804987624053283,0.025069332303428282,0.9973668081670898,-0.088635511369894,6.104218601338764,11.281824935535207,11.330024385394989,15.064413730998044
05/17/2023 13:13:49.433773,1430,True,True,True,True,Eyes,1.418292,0.06249531,-2.093011,-0.5893407,-0.5725473,-0.5699711,0.0,0.0,0.0,0.0,0.0,0.0,0.0,2.566661,-0.5982898,-0.3788762,1.604815,0.07057401,-2.123401,-0.07427152,0.8906932,-0.311658,-0.322519,37.09162,221.4696,4.942558,0.540984,0.02486568,-0.8406648,0.0,0.0,0.0,0.8811273,-0.4373744,-2.565405,0.2244684,0.06302601,0.849079,-0.7809305,0.068725,0.6208258,-0.3333376,0.7947061,-0.5072754,-0.5282364,-0.6030914,-0.5977015,moving,3.845395927910961,1.7560398398385635,14.808329046462287,4.245204398681522,-0.7236877000000002,-0.50794841,-0.4420040000000003,0.06703308935484298,0.030574952176703578,0.9972821383540005,-0.0537182228818982,6.2298618476494685,11.19772458176117,11.241967922157995,14.993975931218673
05/17/2023 13:13:49.443905,1431,True,True,True,True,Eyes,1.425963,0.06275607,-2.094481,-0.5957975,-0.5691029,-0.5666984,0.0,0.0,0.0,0.0,0.0,0.0,0.0,2.580086,-0.5912213,-0.3509922,1.613089,0.07185329,-2.126586,-0.07471506,0.8886905,-0.3127452,-0.3268596,37.20799,222.1254,5.161465,0.5429789,0.02485083,-0.8393782,0.0,0.0,0.0,0.8817409,-0.4349853,-2.565033,0.2233263,0.06233847,0.8510125,-0.775161,0.07165043,0.6276876,-0.3372447,0.7932161,-0.5070248,-0.5342206,-0.6047102,-0.5907065,moving,3.7496634530719026,2.115666981308244,14.704242379599064,4.189554484967777,-0.7313481,-0.50683859,-0.43844700000000003,0.06535287453206412,0.03683804079025896,0.9971819337003411,-0.02781646311313457,6.37473286219125,11.109156673613754,11.149161799675712,14.893238811132376
05/17/2023 13:13:49.464234,1432,True,True,True,True,Eyes,1.433643,0.06303921,-2.095992,-0.6022226,-0.5657723,-0.5632313,0.0,0.0,0.0,0.0,0.0,0.0,0.0,2.591879,-0.5857548,-0.3245795,1.620863,0.07346438,-2.129249,-0.07507352,0.886773,-0.3140198,-0.3307405,37.34322,222.7281,5.382203,0.5449547,0.02484235,-0.8380971,0.0,0.0,0.0,0.8823285,-0.4326975,-2.564676,0.2215727,0.063043,0.8530107,-0.7699496,0.07457177,0.6337326,-0.3408644,0.7915111,-0.5072688,-0.5394343,-0.6065883,-0.5840048,moving,3.7046044468208525,2.4794534119564133,14.56099793246255,4.226843430385209,-0.7385345,-0.5061618800000001,-0.4354269999999998,0.06455226046310591,0.043170888562103854,0.9969800061925024,0.0222513646911926,6.517885029837747,10.958160580233807,10.996119833449802,14.718152851914043
05/17/2023 13:13:49.484217,1433,True,True,True,True,Eyes,1.441348,0.06334149,-2.097552,-0.6087773,-0.5623528,-0.5595976,0.0,0.0,0.0,0.0,0.0,0.0,0.0,2.605201,-0.5725384,-0.2971172,1.62875,0.07427007,-2.131855,-0.07590306,0.884959,-0.3138434,-0.3355428,37.33068,223.3904,5.504485,0.5469112,0.02484041,-0.8368218,0.0,0.0,0.0,0.8829471,-0.4302886,-2.564301,0.2195433,0.0642364,0.8550214,-0.7632998,0.07627358,0.6415265,-0.3449579,0.7914822,-0.5045395,-0.5462399,-0.6064144,-0.5778271,moving,3.6040122752421646,2.7135561932094365,14.400698903831936,4.296469569564479,-0.7458028999999999,-0.50455867,-0.4324460000000001,0.06279019970496058,0.04724936644886973,0.9969076360325871,0.021471210279787822,6.614699199379208,10.874549396112869,10.91210597973704,14.564902254377403
05/17/2023 13:13:49.499253,1434,True,True,True,True,Eyes,1.449058,0.06365044,-2.099144,-0.6153279,-0.5589315,-0.5558482,0.0,0.0,0.0,0.0,0.0,0.0,0.0,2.618363,-0.5548413,-0.2729316,1.636485,0.07504106,-2.134115,-0.0770302,0.8836004,-0.3122928,-0.3402791,37.17904,223.976,5.502915,0.5488495,0.02484502,-0.8355516,0.0,0.0,0.0,0.8835345,-0.4280014,-2.563944,0.2179138,0.06611377,0.8573433,-0.7565532,0.07640555,0.6494535,-0.3486612,0.7930791,-0.4994605,-0.5532296,-0.6043076,-0.5733669,moving,3.5488271766070527,2.80758907341418,14.261070101558474,4.409619713554147,-0.7529505,-0.50304246,-0.4298289999999998,0.06182510890339149,0.04888836443158152,0.9968889864905665,0.01434556603763859,6.654555745681964,10.792327056966979,10.831373442695025,14.422513573554271
05/17/2023 13:13:49.513998,1435,True,True,True,True,Eyes,1.45679,0.06399214,-2.100784,-0.6219346,-0.555385,-0.5520371,0.0,0.0,0.0,0.0,0.0,0.0,0.0,2.63195,-0.5343566,-0.248841,1.644335,0.07548097,-2.136605,-0.0781833,0.8823817,-0.3098949,-0.3453332,36.93365,224.5719,5.460133,0.5507694,0.02485573,-0.8342869,0.0,0.0,0.0,0.8841424,-0.4256342,-2.563575,0.2169928,0.06774721,0.8590546,-0.749265,0.07605894,0.6578885,-0.352009,0.795705,-0.4928927,-0.5609741,-0.6008898,-0.5694204,moving,3.47688395767885,2.8194763344217977,14.176088252458932,4.50915704366113,-0.7601926000000001,-0.50111517,-0.4269700000000003,0.060572695394666365,0.04909896794529224,0.9969555379242857,-0.016499482531503684,6.663853007607951,10.790854057206637,10.831804717618208,14.355217215787773
05/17/2023 13:13:49.534347,1436,True,True,True,True,Eyes,1.464519,0.0643554,-2.10246,-0.6284901,-0.5518803,-0.5481135,0.0,0.0,0.0,0.0,0.0,0.0,0.0,2.644435,-0.5170754,-0.2258012,1.652248,0.07658649,-2.139066,-0.07896499,0.8812962,-0.3076236,-0.3499275,36.68956,225.1192,5.446282,0.5526721,0.0248731,-0.8330271,0.0,0.0,0.0,0.8847356,-0.4233245,-2.563215,0.2167674,0.06852165,0.8608211,-0.7426305,0.07610884,0.6653626,-0.354475,0.7982646,-0.4869509,-0.5681967,-0.597479,-0.5658368,moving,3.4462081665694013,2.8218573376001266,14.134059660164075,4.551167179424957,-0.7675124,-0.49991099,-0.4241489999999999,0.0600387952618342,0.04914198511381781,0.9969857012871004,-0.030174795394496634,6.666781494550952,10.785089834845936,10.826850053370377,14.321360327929698
05/17/2023 13:13:49.544096,1437,True,True,True,True,Eyes,1.472211,0.06473809,-2.104131,-0.634945,-0.5482934,-0.5442602,0.0,0.0,0.0,0.0,0.0,0.0,0.0,2.65638,-0.5010504,-0.2022526,1.659862,0.07758233,-2.141763,-0.0798908,0.8799679,-0.3060843,-0.3543817,36.53491,225.6722,5.4518,0.5545569,0.02489724,-0.8317729,0.0,0.0,0.0,0.8853579,-0.4209014,-2.562837,0.217194,0.06889805,0.8619778,-0.7360624,0.07633868,0.6725959,-0.3575441,0.7998598,-0.4820651,-0.5747826,-0.5953124,-0.5614524,moving,3.4118531444911846,2.918867005901308,14.142518104079507,4.5699468997978485,-0.7745040999999999,-0.49848373,-0.42107399999999995,0.059435947182753135,0.05083178267851453,0.9969370435813957,-0.02711990181348467,6.706419787991155,10.81534516930448,10.856944104625669,14.32979963642312
05/17/2023 13:13:49.564258,1438,True,True,True,True,Eyes,1.479901,0.06514896,-2.105841,-0.6412961,-0.5447407,-0.5403673,0.0,0.0,0.0,0.0,0.0,0.0,0.0,2.667266,-0.4872388,-0.1805649,1.667497,0.07829183,-2.144211,-0.08047076,0.8788078,-0.3046348,-0.3583557,36.37769,226.1708,5.480753,0.5564242,0.02492821,-0.830524,0.0,0.0,0.0,0.8859285,-0.4186797,-2.56249,0.2174405,0.06902456,0.8636675,-0.7302111,0.07689857,0.67888,-0.3597719,0.8014442,-0.4777566,-0.5808232,-0.5931052,-0.5575576,moving,3.4185116912687854,3.003567526347939,14.131335597541801,4.569383421359133,-0.7815685,-0.49697153,-0.41827900000000007,0.05954726677181249,0.05230515306725268,0.9968541673703372,-0.007558056560633464,6.73862575121991,10.785642997751896,10.826651165706059,14.30433242230052
05/17/2023 13:13:49.583986,1439,True,True,True,True,Eyes,1.487571,0.06558551,-2.107564,-0.6475072,-0.541111,-0.5365943,0.0,0.0,0.0,0.0,0.0,0.0,0.0,2.677309,-0.4770266,-0.1621022,1.675225,0.079216,-2.146894,-0.0806638,0.8779274,-0.3033096,-0.3615802,36.22093,226.5783,5.527438,0.5582734,0.02496632,-0.8292809,0.0,0.0,0.0,0.8865425,-0.4162886,-2.562117,0.2175435,0.07080549,0.8650893,-0.7255064,0.07770754,0.6838145,-0.3609754,0.8029934,-0.4742347,-0.5859501,-0.5909004,-0.5545263,moving,3.4902677873985124,3.083816477229299,14.115454868191334,4.679092645362283,-0.7886825,-0.4955046,-0.4152230000000001,0.060791167793134815,0.05369727516932628,0.996705155862588,0.04114143580936869,6.7648488205916,10.701471078106243,10.744277851696676,14.228024367966013
05/17/2023 13:13:49.593920,1440,True,True,True,True,Eyes,1.495242,0.0660245,-2.109313,-0.6535677,-0.5375357,-0.532827,0.0,0.0,0.0,0.0,0.0,0.0,0.0,2.685635,-0.4718556,-0.1465399,1.682635,0.08018863,-2.149201,-0.08013985,0.8773516,-0.3021692,-0.3640406,36.05529,226.9054,5.634981,0.560105,0.02501182,-0.8280435,0.0,0.0,0.0,0.8871471,-0.4139345,-2.56175,0.2176606,0.07423356,0.8664604,-0.7221044,0.07938207,0.6872148,-0.3606254,0.8045427,-0.4718691,-0.5903516,-0.5885657,-0.5523366,moving,3.623569424650212,3.1388739057823742,14.101293204281339,4.896829417128284,-0.7954879000000001,-0.49412312999999997,-0.41254899999999983,0.06310662631769326,0.05464714397458037,0.9965095195516203,0.1133029330536881,6.77732893908516,10.576910676852973,10.624175411866986,14.113828335361013
05/17/2023 13:13:49.613988,1441,True,True,True,True,Eyes,1.502913,0.06650684,-2.111071,-0.6594559,-0.5339713,-0.5291433,0.0,0.0,0.0,0.0,0.0,0.0,0.0,2.692857,-0.4740061,-0.1307275,1.690376,0.08064817,-2.151598,-0.07873016,0.8766525,-0.302293,-0.3659247,35.98904,227.2309,5.901599,0.5619189,0.02506396,-0.8268122,0.0,0.0,0.0,0.8877198,-0.4117043,-2.561402,0.2187665,0.07759842,0.8679522,-0.7198014,0.0831949,0.6891768,-0.3592709,0.8048411,-0.4723932,-0.5939785,-0.5876303,-0.5494362,moving,3.7663292267307846,3.2818792894928,14.146684301230339,5.108890262137076,-0.8026562000000002,-0.49235247000000004,-0.4098040000000003,0.06558025162384562,0.05712504584370846,0.996210833577761,0.20694900016925866,6.823083016301931,10.488557387419014,10.53991179122725,14.044738412020346
05/17/2023 13:13:49.633735,1442,True,True,True,True,Eyes,1.510569,0.06701528,-2.112845,-0.6651999,-0.5304999,-0.525432,0.0,0.0,0.0,0.0,0.0,0.0,0.0,2.699329,-0.4777184,-0.1146514,1.697986,0.08213461,-2.153562,-0.07753049,0.8758315,-0.3030538,-0.3675145,36.00354,227.5342,6.16984,0.563716,0.0251237,-0.8255861,0.0,0.0,0.0,0.8883277,-0.4093376,-2.561033,0.2201182,0.08083478,0.8692995,-0.7178446,0.08694604,0.6907533,-0.3585606,0.8042949,-0.4738609,-0.5967696,-0.5878352,-0.5461833,moving,3.931755532883641,3.4949546326752166,14.209390948366597,5.312566383675152,-0.8096582999999999,-0.49147221,-0.40747100000000014,0.06844130244575636,0.06081769642697339,0.9957995950013562,0.3246863727288085,6.8943552696419195,10.382248969358145,10.437121356531337,13.974515277193156
05/17/2023 13:13:49.644016,1443,True,True,True,True,Eyes,1.518233,0.06755853,-2.114663,-0.6708265,-0.5270381,-0.5217497,0.0,0.0,0.0,0.0,0.0,0.0,0.0,2.706646,-0.4763203,-0.09766817,1.705303,0.08324697,-2.155775,-0.07695829,0.874898,-0.3032849,-0.3696609,35.98572,227.8758,6.354915,0.5654963,0.0251912,-0.8243656,0.0,0.0,0.0,0.8889464,-0.4069281,-2.560658,0.2222472,0.08340493,0.870631,-0.7148565,0.08956379,0.6935117,-0.3588864,0.8041915,-0.4737897,-0.6001506,-0.5875836,-0.5427383,moving,4.0511444672038275,3.684975789631878,14.320151918875935,5.4721366081794995,-0.8163566,-0.49017507000000005,-0.4048829999999999,0.07050157899566284,0.06411070725524863,0.9954493688672971,0.41671532528706745,6.959760620497805,10.36559737069716,10.42336115817969,13.982795654445217
05/17/2023 13:13:49.664160,1444,True,True,True,True,Eyes,1.52589,0.06811891,-2.116487,-0.6762731,-0.5236697,-0.5180973,0.0,0.0,0.0,0.0,0.0,0.0,0.0,2.714242,-0.4709941,-0.08367705,1.712421,0.08470138,-2.157866,-0.07718305,0.8741512,-0.3030688,-0.3715532,35.95935,228.1353,6.4033,0.56726,0.02526691,-0.8231507,0.0,0.0,0.0,0.8895282,-0.404663,-2.560304,0.2248198,0.08585662,0.8719859,-0.7119821,0.09027305,0.6963708,-0.3601516,0.8043842,-0.4725007,-0.6028038,-0.5872112,-0.5401952,moving,4.220737562834367,3.859630856235504,14.457429135364306,5.623275807453836,-0.8228928,-0.48936438,-0.4024380000000001,0.07343313655508305,0.06713059972536141,0.9950382554380437,0.5288920682759644,7.015953068440548,10.326850965190895,10.387506816607312,13.997988954936469
05/17/2023 13:13:49.684085,1445,True,True,True,True,Eyes,1.716695,0.08294841,-2.161906,-0.7974985,-0.4315248,-0.4216427,0.0,0.0,0.0,0.0,0.0,0.0,0.0,2.722023,-0.4645072,-0.07246852,1.719902,0.08566785,-2.159867,-0.0775735,0.8736299,-0.3026163,-0.3730638,35.91816,228.3234,6.398262,0.5690069,0.02535056,-0.8219416,0.0,0.0,0.0,0.8901381,-0.4022877,-2.559934,0.2275955,0.08865082,0.8733268,-0.7096116,0.09024932,0.6987894,-0.3613314,0.8048115,-0.4708696,-0.6048895,-0.5866291,-0.5384936,moving,13.56927185688952,8.240333510230858,14.606813718771132,5.796202407030872,-0.8297639,-0.48795555,-0.40006699999999995,0.23232989011099936,0.13940384613141485,0.9625951728662259,5.690781111713537,8.091395913545929,2.614746585287103,2.655234446294026,9.206712262391127
05/17/2023 13:13:49.693913,1446,True,True,True,True,Eyes,1.71698,0.08298638,-2.161979,-0.7975892,-0.4314262,-0.4215719,0.0,0.0,0.0,0.0,0.0,0.0,0.0,2.729628,-0.4562529,-0.06352639,1.727069,0.08701818,-2.16165,-0.07829871,0.8733164,-0.3017345,-0.3743584,35.84842,228.4504,6.314744,0.5750579,0.02589547,-0.8177025,0.5724159,0.0444885,-0.1362569,0.8907542,-0.3998889,-2.55956,0.2309024,0.09173265,0.8745037,-0.7074503,0.08915457,0.7011174,-0.3626727,0.8056512,-0.4683957,-0.6066158,-0.5856428,-0.5376242,moving,13.44320081904991,8.220794181707847,14.790724740005599,5.988245107423963,-0.8363147999999999,-0.48690708,-0.39791,0.23021965422614743,0.1391472894644714,0.9631390904305429,5.628868364836374,8.092130011069619,2.58101669386904,2.607699385786947,9.40031616101379
05/17/2023 13:13:49.713811,1447,True,True,True,True,Eyes,1.717548,0.08307463,-2.162112,-0.7978441,-0.4310603,-0.4214639,0.0,0.0,0.0,0.0,0.0,0.0,0.0,2.737581,-0.4458398,-0.0535872,1.734205,0.08795185,-2.163515,-0.07883726,0.8731104,-0.2999497,-0.3761557,35.66808,228.6171,6.217648,0.5801838,0.02635441,-0.8140586,0.538071,0.04181919,-0.1280815,0.8913247,-0.3976674,-2.559214,0.2341539,0.09491581,0.8757833,-0.7045828,0.08798835,0.7041454,-0.3633229,0.8076297,-0.4644682,-0.6095564,-0.5830885,-0.5370739,moving,13.275189097870628,8.11700913205252,14.968771846871459,6.18547051038556,-0.8428803,-0.48561925,-0.395699,0.22744741271560454,0.13749445727001441,0.964034728530623,5.531220256055099,8.063146257338893,2.5562926713079372,2.5688643355974072,9.622528058676531
05/17/2023 13:13:49.734417,1448,True,True,True,True,Eyes,1.718378,0.08318787,-2.162304,-0.7982652,-0.4305314,-0.421207,0.0,0.0,0.0,0.0,0.0,0.0,0.0,2.745785,-0.4336728,-0.04126811,1.741632,0.08919797,-2.165149,-0.07927772,0.872901,-0.2975161,-0.3784749,35.40929,228.8348,6.113627,0.5845472,0.02674389,-0.8109183,0.5057867,0.03931004,-0.1203966,0.8919435,-0.395258,-2.558838,0.2379386,0.09746262,0.8771466,-0.7009438,0.0868016,0.7079151,-0.3636079,0.8103985,-0.4593949,-0.6135694,-0.5794135,-0.536482,moving,13.064883782108982,7.953514385339541,15.177073204882024,6.340313481254254,-0.8496885000000001,-0.48445597,-0.3936890000000002,0.22398942215889922,0.1348538664741708,0.9652166213984761,5.402451758729341,8.01392364244674,2.6552891413241304,2.6577737515853195,9.916864191226715
05/17/2023 13:13:49.753840,1449,True,True,True,True,Eyes,1.719454,0.08332606,-2.16254,-0.7989477,-0.4297417,-0.4207192,0.0,0.0,0.0,0.0,0.0,0.0,0.0,2.753747,-0.4215151,-0.02328897,1.748762,0.08987141,-2.166816,-0.07925966,0.8723074,-0.2950371,-0.3817731,35.11676,229.2075,6.105276,0.5883397,0.02708283,-0.8081596,0.4754395,0.03695144,-0.1131728,0.8925524,-0.3928871,-2.558468,0.241148,0.09754252,0.8788286,-0.6959341,0.08699694,0.7128162,-0.3635521,0.813342,-0.4542077,-0.619278,-0.5752445,-0.5344045,moving,12.748105221435381,7.776108169160329,15.34413020124524,6.3334230155431825,-0.8562095999999999,-0.48275851,-0.3916520000000001,0.21873353247460864,0.13202602918236916,0.9668116521289634,5.221899288508081,7.966319339026091,2.970774390458679,2.969963997806053,10.253092658023517
05/17/2023 13:13:49.764146,1450,True,True,True,True,Eyes,1.720773,0.0834919,-2.162823,-0.7998418,-0.428814,-0.4199662,0.0,0.0,0.0,0.0,0.0,0.0,0.0,2.761067,-0.4106695,-0.0002353191,1.755792,0.09054395,-2.168209,-0.0788296,0.8713468,-0.2928379,-0.3857289,34.82978,229.7,6.191904,0.5917621,0.02739146,-0.8056466,0.4469132,0.03473435,-0.1063825,0.8931617,-0.3905147,-2.558098,0.2437257,0.0968225,0.8808709,-0.6899985,0.08853622,0.7183759,-0.3632879,0.8160638,-0.449513,-0.6260387,-0.5711404,-0.5309187,moving,12.358637357142793,7.610053202522125,15.466085058454093,6.272587751918309,-0.8626303000000001,-0.48105865,-0.38988900000000015,0.2122303524357007,0.12941349918344444,0.9686126080636132,5.010053516169271,7.927854633721122,3.383887223676791,3.38305262269799,10.5862412622823
05/17/2023 13:13:49.784017,1451,True,True,True,True,Eyes,1.722327,0.08367908,-2.163148,-0.8009673,-0.4277059,-0.4189498,0.0,0.0,0.0,0.0,0.0,0.0,0.0,2.768351,-0.3992703,0.02592468,1.762936,0.09121865,-2.169699,-0.07850961,0.8700594,-0.2909694,-0.390089,34.58116,230.2618,6.30316,0.5948579,0.02767369,-0.8033538,0.4200984,0.03265029,-0.0999995,0.8937274,-0.388312,-2.557755,0.2464507,0.09523307,0.8833517,-0.6833334,0.09039189,0.724489,-0.363624,0.818346,-0.44507,-0.6331134,-0.5675729,-0.5263345,moving,11.936970083969538,7.497127303618357,15.5888360708057,6.1532224999570495,-0.8692086000000001,-0.47953065,-0.38805599999999973,0.20514207711819288,0.127701528330559,0.9703653617796821,4.793711795979291,7.911975918540411,3.8911047372822383,3.891298665884539,10.937454991739397
05/17/2023 13:13:49.793997,1452,True,True,True,True,Eyes,1.724114,0.08388314,-2.163516,-0.8022877,-0.4264453,-0.4177067,0.0,0.0,0.0,0.0,0.0,0.0,0.0,2.77597,-0.3837924,0.05789757,1.770261,0.09200224,-2.171261,-0.07844471,0.8683614,-0.2886428,-0.3955761,34.28808,230.9593,6.401833,0.5976659,0.02793281,-0.801258,0.3948925,0.03069127,-0.09399953,0.8943337,-0.3859508,-2.557386,0.2486424,0.09393671,0.8858073,-0.674732,0.09212366,0.7322909,-0.364597,0.8210636,-0.4392307,-0.641721,-0.5633541,-0.5204098,moving,11.404400364722505,7.373445135008175,15.679208555015427,6.053389221869175,-0.8759273000000001,-0.47795304,-0.3861250000000003,0.1961606973040146,0.12584263356639844,0.9724631854721013,4.524158994574112,7.899221832637297,4.471664953244695,4.473983982717046,11.306733777836861
05/17/2023 13:13:49.813806,1453,True,True,True,True,Eyes,1.726116,0.08410566,-2.163896,-0.8037532,-0.4250623,-0.4162966,0.0,0.0,0.0,0.0,0.0,0.0,0.0,2.782942,-0.3706974,0.085675,1.777656,0.09255877,-2.172761,-0.07811157,0.8670309,-0.2862317,-0.4002843,33.97817,231.547,6.487757,0.6002203,0.02817158,-0.7993379,0.3711989,0.0288498,-0.08835956,0.894936,-0.3836055,-2.557021,0.2500435,0.09308174,0.888298,-0.6673425,0.09369779,0.7388337,-0.3645984,0.82394,-0.4338098,-0.6494017,-0.5588771,-0.5156881,moving,10.978047387472232,7.219988215970524,15.721170609789894,5.981999909918002,-0.88272,-0.47616427,-0.38426000000000027,0.18897705159992778,0.12341478420190004,0.9741953036081044,4.297765393182873,7.868030164321896,4.8971245255750135,4.902023352454767,11.578052377810842
05/17/2023 13:13:49.833787,1454,True,True,True,True,Eyes,1.728336,0.08433589,-2.164299,-0.8053703,-0.4235741,-0.414685,0.0,0.0,0.0,0.0,0.0,0.0,0.0,2.789529,-0.3576319,0.1130762,1.785276,0.09305646,-2.174003,-0.07772978,0.8657685,-0.2836877,-0.4048755,33.65271,232.1126,6.56185,0.6025522,0.02839261,-0.7975737,0.348927,0.02711881,-0.08305799,0.895542,-0.3812458,-2.556653,0.2512337,0.0937393,0.8910805,-0.6600676,0.0951244,0.7451589,-0.3643084,0.8269588,-0.428274,-0.6569549,-0.5541576,-0.5111942,moving,10.582064805629324,7.052638957021798,15.745414107207923,6.005276277811685,-0.8897340000000001,-0.47430226000000003,-0.38264999999999993,0.18230051133217146,0.1207237050691519,0.9758034116256744,4.082664864578326,7.829493713211081,5.25928633051764,5.268504967437574,11.804553746248624
05/17/2023 13:13:49.848152,1455,True,True,True,True,Eyes,1.730727,0.08455853,-2.164683,-0.8071405,-0.4219807,-0.412864,0.0,0.0,0.0,0.0,0.0,0.0,0.0,2.795766,-0.3431818,0.1393237,1.792719,0.09343141,-2.175068,-0.0778324,0.864432,-0.2814818,-0.4092278,33.39077,232.6448,6.589881,0.6046891,0.02859782,-0.7959475,0.3279913,0.02549168,-0.07807451,0.8961368,-0.3789299,-2.556292,0.2521789,0.09532306,0.8939224,-0.6529495,0.09581872,0.751316,-0.364942,0.8294201,-0.4229415,-0.6636823,-0.5503462,-0.5066012,moving,10.233673056678125,6.954205268888766,15.753960589789001,6.086711687385078,-0.8965822,-0.47236131,-0.381224,0.17639693337715284,0.11917742582803281,0.9770778083023275,3.9029188630233795,7.814396695859197,5.574010391161411,5.5880336042448295,11.976313518693727
05/17/2023 13:13:49.864034,1456,True,True,True,True,Eyes,1.733331,0.08478211,-2.165087,-0.8090305,-0.4203611,-0.4108115,0.0,0.0,0.0,0.0,0.0,0.0,0.0,2.802012,-0.3225194,0.1681612,1.799935,0.09333547,-2.176026,-0.07887177,0.862689,-0.2792411,-0.4142119,33.17073,233.243,6.533773,0.6066549,0.0287884,-0.7944433,0.3083118,0.02396218,-0.07339004,0.8967509,-0.3765388,-2.555919,0.2531793,0.09811048,0.8967345,-0.644416,0.09524629,0.7587205,-0.3674136,0.8316073,-0.4164572,-0.6706235,-0.5471357,-0.5009062,moving,9.83618796968919,6.921248486150283,15.766216575096102,6.243817590981231,-0.9031841,-0.46987427000000004,-0.37989300000000004,0.1696228852841642,0.11875876147317017,0.9783273103705853,3.713294605373818,7.827751802499094,5.948191054401281,5.968597144947362,12.15655278418314
05/17/2023 13:13:49.883882,1457,True,True,True,True,Eyes,1.736148,0.08499492,-2.165519,-0.8110459,-0.4186012,-0.4086289,0.0,0.0,0.0,0.0,0.0,0.0,0.0,2.808374,-0.301009,0.1955431,1.807653,0.09356963,-2.177026,-0.08029762,0.8609822,-0.2771952,-0.4188374,32.99622,233.7889,6.430254,0.608472,0.02896575,-0.793046,0.2898131,0.02252445,-0.06898664,0.8973493,-0.3742086,-2.555555,0.2536216,0.1015743,0.9002527,-0.6362553,0.09392983,0.7657393,-0.3704691,0.8334301,-0.4100571,-0.6767069,-0.5445837,-0.4954763,moving,9.49636855715214,6.937422807088984,15.733731871027397,6.437381167832347,-0.9103036999999999,-0.46777823,-0.3785289999999999,0.16380971107554704,0.11915366117681915,0.9792695124678216,3.5598161068369505,7.856261240827071,6.230432963035984,6.257375068690336,12.256322682401365
05/17/2023 13:13:49.893771,1458,True,True,True,True,Eyes,1.739165,0.08520977,-2.165968,-0.813163,-0.4167953,-0.4062604,0.0,0.0,0.0,0.0,0.0,0.0,0.0,2.81419,-0.2797816,0.2226956,1.815313,0.09353549,-2.177941,-0.08159161,0.8593096,-0.2750405,-0.4234177,32.8052,234.3282,6.331241,0.6101595,0.02913061,-0.7917424,0.2724243,0.02117298,-0.06484744,0.8979521,-0.3718613,-2.555189,0.2535244,0.1065271,0.9035382,-0.6281206,0.09268908,0.7725757,-0.3731389,0.8353911,-0.4035952,-0.6828117,-0.5417845,-0.4901404,moving,9.172161190791108,6.933771227060807,15.673624803221394,6.724127636892921,-0.9173608999999999,-0.46539679,-0.3772479999999998,0.15826503224168015,0.1192004628502217,0.980175151952488,3.4096729544542432,7.876106630471387,6.468091926172871,6.504842775859655,12.317936943763158
05/17/2023 13:13:49.913842,1459,True,True,True,True,Eyes,1.742375,0.08541863,-2.166416,-0.8153253,-0.4148635,-0.4038972,0.0,0.0,0.0,0.0,0.0,0.0,0.0,2.819816,-0.2593493,0.2483845,1.823144,0.09378241,-2.178916,-0.08277576,0.8578242,-0.2726462,-0.4277263,32.58675,234.8217,6.215326,0.6117347,0.02928416,-0.7905203,0.2560789,0.0199026,-0.06095659,0.8985304,-0.3696095,-2.554838,0.2534091,0.1114082,0.9069611,-0.6203966,0.09122185,0.7789649,-0.3752501,0.8376243,-0.3969544,-0.6886908,-0.5385758,-0.4854283,moving,8.8850273383929,6.903742735123,15.61060755642855,7.002948654294274,-0.9246136000000001,-0.46339190999999996,-0.3759220000000001,0.15335878119476076,0.11877977260355407,0.9810058442592916,3.271481458273896,7.883356442750925,6.678849055448836,6.726311848526729,12.370495169561178
05/17/2023 13:13:49.933722,1460,True,True,True,True,Eyes,1.745789,0.08561847,-2.166885,-0.817585,-0.4128843,-0.4013495,0.0,0.0,0.0,0.0,0.0,0.0,0.0,2.825437,-0.2355701,0.2751927,1.831299,0.09377986,-2.179878,-0.08430688,0.8562445,-0.2698618,-0.4323334,32.34614,235.3347,6.044809,0.6132134,0.02942721,-0.7893686,0.2407141,0.01870845,-0.0572992,0.8991531,-0.3671851,-2.55446,0.2521177,0.1154972,0.9104321,-0.6119604,0.088966,0.7858686,-0.3777152,0.8401338,-0.3892382,-0.6948637,-0.5350329,-0.4805249,moving,8.582555170828654,6.861850762354183,15.47852369292709,7.22990943437615,-0.9321459,-0.46096496,-0.3745820000000002,0.14818890588975975,0.11815668714737139,0.9818753199950052,3.123910250948093,7.887039695616863,6.848765992951013,6.905783738564587,12.372077169213195
05/17/2023 13:13:49.944249,1461,True,True,True,True,Eyes,1.749393,0.0857982,-2.167368,-0.8198436,-0.4107986,-0.3988746,0.0,0.0,0.0,0.0,0.0,0.0,0.0,2.830857,-0.212243,0.3011816,1.839579,0.09375159,-2.180977,-0.08579805,0.8547309,-0.2670463,-0.4367609,32.10361,235.8231,5.867899,0.6146091,0.0295603,-0.7882773,0.2262713,0.01758594,-0.05386125,0.8997541,-0.3648447,-2.554095,0.2510085,0.1177686,0.91421,-0.6037574,0.08660229,0.7924503,-0.3799393,0.8426499,-0.381559,-0.700802,-0.531452,-0.4758525,moving,8.29803980165475,6.820053908541756,15.352985921279213,7.340420891009232,-0.9398249000000001,-0.45859629,-0.37311799999999984,0.1433221710411678,0.11752552321783641,0.9826731254229452,2.9846341273441217,7.889582489906733,7.011407280714579,7.074111007557527,12.380537329221259
05/17/2023 13:13:49.964129,1462,True,True,True,True,Eyes,1.753196,0.08594539,-2.167869,-0.822172,-0.4086405,-0.3962905,0.0,0.0,0.0,0.0,0.0,0.0,0.0,2.835946,-0.1908301,0.3261375,1.847913,0.09339899,-2.18217,-0.08698802,0.8533173,-0.2643161,-0.4409304,31.85709,236.2864,5.718596,0.6159344,0.02968358,-0.7872376,0.212695,0.01653078,-0.05062957,0.900331,-0.3625985,-2.553745,0.2497049,0.1189195,0.9181327,-0.5960268,0.08463327,0.7984918,-0.3815468,0.8451402,-0.3743797,-0.7065224,-0.5278024,-0.4714346,moving,8.046329907405378,6.767805294117144,15.214746548236379,7.380046777650131,-0.9475819999999999,-0.45599749,-0.371575,0.1390173571706304,0.11670170852095353,0.9833894965109623,2.858443388739448,7.885946828714728,7.128738127657115,7.194514352664918,12.36665527258931
05/17/2023 13:13:49.983999,1463,True,True,True,True,Eyes,1.757155,0.08606838,-2.168349,-0.8244568,-0.4063315,-0.3939109,0.0,0.0,0.0,0.0,0.0,0.0,0.0,2.840605,-0.1755555,0.3485816,1.856485,0.09273487,-2.18317,-0.08724826,0.8522453,-0.2618552,-0.4444071,31.59269,236.6828,5.661254,0.6172001,0.0297967,-0.7862414,0.1999333,0.01553893,-0.0475918,0.9009412,-0.3602223,-2.553374,0.249033,0.1193786,0.9223056,-0.5897803,0.08402678,0.8031805,-0.3814544,0.8476393,-0.3687822,-0.7117949,-0.5238771,-0.4678686,moving,7.853225956753974,6.685230159732634,15.11018238975435,7.37507416543453,-0.9555437999999999,-0.45295717,-0.37020399999999976,0.1357240354680782,0.11533749480588,0.9840103396740624,2.7533598669323514,7.866781955651603,7.222020759396764,7.289670872039998,12.366601772980369
05/17/2023 13:13:49.994090,1464,True,True,True,True,Eyes,1.761287,0.08616289,-2.168838,-0.8268169,-0.4039528,-0.3914024,0.0,0.0,0.0,0.0,0.0,0.0,0.0,2.844614,-0.1624995,0.3711131,1.86474,0.09215408,-2.18408,-0.08709425,0.8512499,-0.259265,-0.4478505,31.29262,237.0787,5.637652,0.618416,0.02989972,-0.7852815,0.1879373,0.0146066,-0.04473629,0.9015724,-0.3577646,-2.552991,0.2483241,0.1211443,0.9259042,-0.5836894,0.08394597,0.8076263,-0.3805019,0.8503925,-0.3633883,-0.7173043,-0.519409,-0.4644235,moving,7.66880187048901,6.564820671194646,15.013210103835375,7.454174461608921,-0.9631676,-0.44991868,-0.3689110000000002,0.13258700026855907,0.11331784404548244,0.9846723531509751,2.6449099509669445,7.832467239736397,7.324921310986884,7.39805937138721,12.374083970033041
05/17/2023 13:13:50.014352,1465,True,True,True,True,Eyes,1.765574,0.08627564,-2.169344,-0.829136,-0.4015604,-0.3889508,0.0,0.0,0.0,0.0,0.0,0.0,0.0,2.84813,-0.1488741,0.3951662,1.873006,0.09152922,-2.184865,-0.0870773,0.8500503,-0.2569426,-0.4514563,31.02763,237.5069,5.622564,0.6195902,0.0299925,-0.7843518,0.1766611,0.0137302,-0.04205211,0.902154,-0.3555,-2.552638,0.2482306,0.1228177,0.9295348,-0.5772097,0.0839565,0.8122687,-0.3800368,0.8527961,-0.3582049,-0.7227733,-0.5154513,-0.4603357,moving,7.455445100363882,6.483653113594666,14.95182446319444,7.526786098434326,-0.9708519999999999,-0.44702922,-0.3677730000000001,0.12893911650749984,0.11197713922001137,0.9853100074043537,2.5307656780511403,7.815172454429776,7.490554001071818,7.568608192761228,12.424406144130586
05/17/2023 13:13:50.034278,1466,True,True,True,True,Eyes,1.770005,0.08648653,-2.169899,-0.8315011,-0.3993393,-0.3861788,0.0,0.0,0.0,0.0,0.0,0.0,0.0,2.851136,-0.1318599,0.4234159,1.881067,0.09205642,-2.186037,-0.08807778,0.8481387,-0.2556198,-0.4555891,30.92107,238.0323,5.586367,0.6207305,0.03007662,-0.7834465,0.1660614,0.01290639,-0.03952898,0.9027528,-0.3531683,-2.552274,0.2496293,0.1238872,0.9329205,-0.5693618,0.08351085,0.8178344,-0.3823196,0.8538016,-0.3533476,-0.7277768,-0.5138567,-0.4541941,moving,7.183759132976438,6.562299320623782,14.980172174133152,7.5643371097888386,-0.9783142,-0.44522472,-0.36623700000000037,0.1242453788758468,0.11339796372723387,0.9857504801143411,2.4208554005632026,7.863291393362575,7.780738874928671,7.860542986284934,12.562874332036543
05/17/2023 13:13:50.044307,1467,True,True,True,True,Eyes,1.774641,0.08666023,-2.170514,-0.8338645,-0.3972579,-0.3832181,0.0,0.0,0.0,0.0,0.0,0.0,0.0,2.853711,-0.1077754,0.4566491,1.888885,0.09465567,-2.187912,-0.0908336,0.8453219,-0.2552341,-0.4604733,31.00834,238.6715,5.455751,0.6218414,0.03015626,-0.7825619,0.1560977,0.01213201,-0.03715724,0.9033621,-0.3507959,-2.551904,0.2517602,0.1243033,0.9361355,-0.5594273,0.08148976,0.8248641,-0.3886243,0.8532096,-0.3478571,-0.7321287,-0.5151629,-0.4456398,moving,6.825592020886957,6.849059502717235,15.05272020239773,7.563685388660561,-0.9855229,-0.44545157,-0.3639920000000001,0.11801120615418587,0.11842083210271388,0.9859258680988165,2.31160843601753,7.997283747660898,8.180388787865745,8.258106821291973,12.748487619334293
05/17/2023 13:13:50.064268,1468,True,True,True,True,Eyes,1.779464,0.0868502,-2.17116,-0.8362107,-0.3953224,-0.3800945,0.0,0.0,0.0,0.0,0.0,0.0,0.0,2.854566,-0.08021945,0.4995146,1.897939,0.09402415,-2.189403,-0.09354174,0.8413484,-0.2561961,-0.466633,31.22497,239.5607,5.482188,0.6229295,0.03023038,-0.7816932,0.1467319,0.01140409,-0.03492781,0.9039609,-0.3484641,-2.551541,0.2547311,0.1260993,0.9390163,-0.5470069,0.08169677,0.8331318,-0.3965015,0.851227,-0.343801,-0.7372717,-0.5183996,-0.4332341,moving,6.275845025100057,7.265798760637756,15.1776106439211,7.648420275920274,-0.9939781000000001,-0.44248825,-0.36213799999999985,0.10844783728719098,0.12572658087297264,0.9861195957469979,2.1393688059400064,8.193926874605644,8.83087682875457,8.909984868470959,13.049648565187105
05/17/2023 13:13:50.084107,1469,True,True,True,True,Eyes,1.784386,0.0870961,-2.171864,-0.8385285,-0.3931093,-0.3772731,0.0,0.0,0.0,0.0,0.0,0.0,0.0,2.857398,-0.07254338,0.5256186,1.907199,0.09459769,-2.190867,-0.09385579,0.8393366,-0.2574235,-0.4695087,31.34983,240.0321,5.656324,0.6240002,0.03029992,-0.780836,0.1379279,0.01071984,-0.03283214,0.9045402,-0.3462085,-2.551189,0.2576663,0.1284044,0.9424771,-0.5415056,0.08417194,0.8364732,-0.3992783,0.8498484,-0.3439977,-0.7398304,-0.5202622,-0.4265897,moving,6.102610577141027,7.540961481965778,15.290596034625992,7.758290159021757,-1.0026588,-0.44080619,-0.36032200000000003,0.10540019390901006,0.1305039590512642,0.9858293335249457,2.113101878107819,8.311326891852897,9.109373586858915,9.190555397843273,13.189094050499872
05/17/2023 13:13:50.093789,1470,True,True,True,True,Eyes,1.78943,0.08730792,-2.172593,-0.8409014,-0.3907697,-0.3744114,0.0,0.0,0.0,0.0,0.0,0.0,0.0,2.860098,-0.05878145,0.5469332,1.914391,0.09616245,-2.192854,-0.09420553,0.8383932,-0.2542304,-0.4728521,31.0229,240.3795,5.522038,0.6250562,0.03036722,-0.7799884,0.1296523,0.01007665,-0.03086221,0.9051536,-0.3438198,-2.550817,0.2597762,0.1308862,0.945552,-0.5350724,0.08246425,0.8407717,-0.3983893,0.8529844,-0.3371996,-0.7449721,-0.5153807,-0.4235556,moving,5.956704857050781,7.3898571674964755,15.362132805546043,7.880976050546888,-1.0092374,-0.43998225,-0.3579629999999998,0.10292412358150238,0.12793697039200735,0.9864272785167209,2.0164287919027393,8.262657818280786,9.328692638600334,9.418241484036416,13.35116087056086
05/17/2023 13:13:50.113887,1471,True,True,True,True,Eyes,1.794579,0.08751754,-2.173327,-0.8432056,-0.3882618,-0.3718296,0.0,0.0,0.0,0.0,0.0,0.0,0.0,2.862462,-0.05622804,0.5678673,1.922383,0.09549154,-2.19423,-0.09260173,0.8376554,-0.2522166,-0.4755473,30.70475,240.7224,5.656408,0.6261006,0.03043116,-0.7791479,0.1218731,0.009472052,-0.02901048,0.9057428,-0.341526,-2.550459,0.2624732,0.1331767,0.9486313,-0.5305595,0.08474514,0.8434008,-0.3950185,0.8556235,-0.3344681,-0.7499781,-0.5106142,-0.4204833,moving,5.8351399907985435,7.2317541759019335,15.46603259480658,7.991427399053955,-1.0166401999999999,-0.43701754,-0.3562289999999999,0.10086596817785287,0.1252410685598682,0.9869857607160737,1.929611999478591,8.209695940007624,9.563024310818879,9.660807200017546,13.538180220753075
05/17/2023 13:13:50.133777,1472,True,True,True,True,Eyes,1.799829,0.08772099,-2.174084,-0.8455453,-0.3858436,-0.3690229,0.0,0.0,0.0,0.0,0.0,0.0,0.0,2.863675,-0.05194193,0.592051,1.930121,0.09558903,-2.195302,-0.09181532,0.8362128,-0.251767,-0.4784679,30.59211,241.1495,5.825427,0.6271368,0.03049192,-0.7783118,0.1145607,0.008903729,-0.02726985,0.9063408,-0.3391972,-2.550096,0.2662813,0.135776,0.9514889,-0.525277,0.08737054,0.8464341,-0.3944791,0.8563667,-0.3332002,-0.7539699,-0.5089229,-0.4153639,moving,5.674074238398504,7.27869321811045,15.634674831091257,8.121192091946709,-1.0237802,-0.43478623,-0.35479400000000005,0.09808045675568694,0.12608487806652327,0.9871589873282853,1.8645142716338352,8.238343910413395,9.891438267150345,9.996167691648964,13.770658894250731
05/17/2023 13:13:50.144276,1473,True,True,True,True,Eyes,1.805187,0.08792241,-2.17485,-0.8477807,-0.3834336,-0.3663968,0.0,0.0,0.0,0.0,0.0,0.0,0.0,2.864083,-0.03724241,0.620605,1.937745,0.09563604,-2.196703,-0.09265123,0.8339972,-0.2513771,-0.482363,30.57586,241.6923,5.864436,0.6281657,0.03054944,-0.7774794,0.1076871,0.008369505,-0.02563366,0.9069654,-0.3367651,-2.549716,0.2703204,0.1377763,0.9543074,-0.5174835,0.0879683,0.8511595,-0.3970517,0.8564506,-0.3299126,-0.7579979,-0.5086786,-0.4082711,moving,5.388367057664112,7.450126460917093,15.81548704649246,8.215203976702801,-1.0307796,-0.43240113999999996,-0.35301300000000024,0.09312033886290566,0.12909973162411692,0.9872496734546581,1.7662088225544643,8.323140861101638,10.345357185546906,10.455150638158425,14.049692843070703
05/17/2023 13:13:50.164245,1474,True,True,True,True,Eyes,1.810647,0.08813672,-2.175659,-0.8499928,-0.3810924,-0.3637043,0.0,0.0,0.0,0.0,0.0,0.0,0.0,2.865791,-0.02060139,0.6438339,1.945891,0.09575748,-2.198191,-0.09401945,0.8322058,-0.2508089,-0.4854779,30.5798,242.1029,5.802388,0.6291911,0.03060395,-0.7766476,0.1012259,0.007867335,-0.02409564,0.9075378,-0.3345365,-2.549369,0.2735841,0.1383502,0.9574809,-0.5109429,0.08703724,0.8551968,-0.4000113,0.8565106,-0.3261604,-0.7608732,-0.5087378,-0.4028122,moving,5.21469283678142,7.629285628318881,15.94639883903143,8.221987876715966,-1.0383532,-0.43029398,-0.351178,0.09008996140322151,0.13222314996888387,0.9871174361213373,1.721045459287431,8.403571219798062,10.637850411146395,10.7480607401514,14.22651226721008
05/17/2023 13:13:50.184073,1475,True,True,True,True,Eyes,1.816227,0.08833653,-2.176552,-0.8521463,-0.3786075,-0.361252,0.0,0.0,0.0,0.0,0.0,0.0,0.0,2.86895,-0.005751193,0.6603818,1.953792,0.09629282,-2.2001,-0.09528907,0.8311359,-0.2495926,-0.4876851,30.51958,242.3531,5.665864,0.6302139,0.03065604,-0.7758158,0.0,0.0,0.0,0.9081393,-0.3321941,-2.549004,0.2759172,0.1379104,0.9614976,-0.5061664,0.08504882,0.8582319,-0.4018414,0.8572471,-0.3219486,-0.7630981,-0.5078327,-0.3997335,moving,5.158008538010961,7.741722464752996,16.011683614902132,8.16242906606853,-1.0456527,-0.42848692,-0.3489040000000001,0.08908978498986436,0.1341721236240781,0.9869451933195705,1.7168124148887567,8.450618681487672,10.754362072862993,10.86182566234236,14.297775906741833
05/17/2023 13:13:50.194133,1476,True,True,True,True,Eyes,1.821892,0.08852056,-2.177469,-0.8542298,-0.3761807,-0.3588586,0.0,0.0,0.0,0.0,0.0,0.0,0.0,2.872721,0.001836896,0.6729462,1.961645,0.09622628,-2.201835,-0.09541077,0.8306454,-0.2484123,-0.4890975,30.39878,242.509,5.621558,0.6312353,0.03070531,-0.774983,0.0,0.0,0.0,0.9087455,-0.3298335,-2.548636,0.2759161,0.1374511,0.9656823,-0.5033607,0.08449064,0.8599356,-0.4015007,0.8583763,-0.3193547,-0.7651308,-0.5060154,-0.3981498,moving,5.188381600515369,7.771134601227128,15.945772825791018,8.100823242269783,-1.0528995,-0.42605978,-0.34680100000000014,0.08960682411292276,0.13467247151820708,0.9868302323814693,1.7365389309580284,8.459962690402522,10.658563840242966,10.762442128702485,14.213771808400322
05/17/2023 13:13:50.214026,1477,True,True,True,True,Eyes,1.827636,0.08869354,-2.178424,-0.8562285,-0.3737011,-0.3566794,0.0,0.0,0.0,0.0,0.0,0.0,0.0,2.877142,0.005102396,0.6813188,1.969332,0.09602187,-2.203333,-0.09521858,0.8304622,-0.2480229,-0.4896436,30.34419,242.5766,5.634703,0.6322562,0.03075137,-0.7741486,0.0,0.0,0.0,0.9093316,-0.3275515,-2.54828,0.2740067,0.1371631,0.9704951,-0.5023654,0.08473482,0.8604937,-0.4010365,0.8588361,-0.3187009,-0.7660281,-0.5051936,-0.3974678,moving,5.302475950505016,7.855711151372287,15.766337980763382,8.044510454855205,-1.0600004,-0.42357337,-0.3449469999999999,0.09155365356074457,0.13610482010428,0.9864549443344488,1.8055954369861862,8.485078172950505,10.367462750283043,10.465565143138633,13.96769244678083
05/17/2023 13:13:50.234039,1478,True,True,True,True,Eyes,1.833438,0.08886703,-2.179395,-0.8581811,-0.3713069,-0.3544805,0.0,0.0,0.0,0.0,0.0,0.0,0.0,2.880854,0.009940445,0.6914492,1.976755,0.09596331,-2.204711,-0.09529947,0.8300192,-0.247826,-0.4904778,30.32373,242.6905,5.644902,0.6332774,0.03079407,-0.7733117,0.0,0.0,0.0,0.9099875,-0.3249976,-2.547882,0.2712366,0.1378614,0.9752969,-0.500699,0.08490548,0.8614472,-0.401307,0.8590006,-0.317916,-0.7669765,-0.5048851,-0.3960275,moving,5.376299011486115,7.974652769879519,15.5416052480573,8.045642029001865,-1.0667675,-0.42096091,-0.3431709999999999,0.09279823522960107,0.1381363521040706,0.9860562230576521,1.8627818311394062,8.526077384323893,10.071552454843017,10.165554109746491,13.687257877378679
05/17/2023 13:13:50.244005,1479,True,True,True,True,Eyes,1.839302,0.08903676,-2.180404,-0.8601071,-0.3688105,-0.3524125,0.0,0.0,0.0,0.0,0.0,0.0,0.0,2.883882,0.01824921,0.7034962,1.983908,0.09615225,-2.206101,-0.09584545,0.8293391,-0.2473556,-0.4917576,30.30141,242.8501,5.603322,0.6342987,0.03083368,-0.7724726,0.0,0.0,0.0,0.9105435,-0.3228326,-2.547544,0.266314,0.1381197,0.9812189,-0.497976,0.08430129,0.8630833,-0.4022548,0.8592577,-0.3160179,-0.7682517,-0.5045488,-0.3939791,moving,5.393304551103018,8.109169714304723,15.184921170413842,8.012504184853041,-1.0733645,-0.41898485,-0.34144299999999994,0.09306033561727156,0.14044754116594915,0.9857049460422476,1.8968129785410772,8.576803658636862,9.704205652222473,9.79209376201781,13.300084707062164
05/17/2023 13:13:50.264179,1480,True,True,True,True,Eyes,1.845213,0.0892126,-2.181427,-0.8620456,-0.3663399,-0.3502465,0.0,0.0,0.0,0.0,0.0,0.0,0.0,2.885913,0.02822512,0.7189951,1.991001,0.09626982,-2.207462,-0.09636176,0.8284187,-0.2464374,-0.4936654,30.22836,243.0843,5.556378,0.6353211,0.03087032,-0.7716305,0.0,0.0,0.0,0.9111306,-0.3205466,-2.547187,0.2629239,0.1379896,0.9866856,-0.4940179,0.08365941,0.8654175,-0.4029709,0.859966,-0.3131658,-0.7704289,-0.5034476,-0.3911263,moving,5.339202397671081,8.200120452306257,14.920993540151365,7.96127326630944,-1.0798704,-0.41681642,-0.33972500000000005,0.09210860255638698,0.14202469606803525,0.9855684352775871,1.8895863279250333,8.61540139856557,9.501489827427845,9.58476757550084,13.047814282257136
05/17/2023 13:13:50.283852,1481,True,True,True,True,Eyes,1.994174,0.09352114,-2.207681,-0.9074157,-0.2991659,-0.2951211,0.0,0.0,0.0,0.0,0.0,0.0,0.0,2.887115,0.03959525,0.7373161,1.998011,0.09658118,-2.208903,-0.09688189,0.8273158,-0.2450547,-0.4960956,30.10595,243.3764,5.494754,0.6363446,0.03090443,-0.7707852,0.0,0.0,0.0,0.911731,-0.3182086,-2.546823,0.2596681,0.1378095,0.9923686,-0.4890063,0.08283725,0.8683381,-0.4034449,0.8611242,-0.3093498,-0.7733727,-0.5016006,-0.387675,moving,9.557170133653273,11.681208560040297,14.663535244708477,7.906059720817575,-1.08628,-0.41478978,-0.33792,0.16268494989777044,0.1997688811248929,0.9662432163825927,4.511546754716622,9.68046717556317,6.350705625088392,6.350331755561003,10.305891136451221
05/17/2023 13:13:50.294130,1482,True,True,True,True,Eyes,1.99445,0.09353019,-2.207737,-0.9075319,-0.2990402,-0.2948914,0.0,0.0,0.0,0.0,0.0,0.0,0.0,2.887553,0.05037475,0.7575889,2.004943,0.09666854,-2.210271,0.09709565,-0.8261318,0.2433863,0.4988408,29.93444,243.709,5.455818,0.639766,0.03095878,-0.7679456,0.4468839,0.01292561,-0.07875967,0.9123383,-0.3158438,-2.546454,0.2566001,0.1389013,0.9976808,-0.4834611,0.08239444,0.8714798,-0.4032496,0.862671,-0.3052678,-0.7769529,-0.4990089,-0.3838423,moving,9.22424262564998,11.566181377930215,14.423660830584321,7.926009533153681,-1.0926046999999999,-0.41251234000000003,-0.3361830000000001,0.15712496193666992,0.1980092475133099,0.96752478664023,4.335697385408248,9.657961525016608,6.346412142464642,6.347030859331507,10.235558810994476
05/17/2023 13:13:50.314110,1483,True,True,True,True,Eyes,1.994989,0.09354507,-2.20786,-0.907743,-0.2987165,-0.2945693,0.0,0.0,0.0,0.0,0.0,0.0,0.0,2.887221,0.06106341,0.7803245,2.011819,0.09686834,-2.211759,0.09717932,-0.8247595,0.2415967,0.5019552,29.74084,244.0942,5.435134,0.6428387,0.03100723,-0.7653734,0.4200709,0.01215007,-0.07403409,0.912912,-0.3136101,-2.546106,0.2520643,0.1416081,1.002889,-0.4771943,0.0822423,0.8749411,-0.4028406,0.8643744,-0.300959,-0.7810283,-0.4960777,-0.3793441,moving,8.850691286895755,11.4432393808025,14.108382875146551,8.037042199475668,-1.098907,-0.41047844,-0.33434700000000017,0.15087192454153425,0.1961260740988619,0.9689025747552953,4.139582706335987,9.635068611257013,6.2619784977496495,6.264622899683751,10.096071771655957
05/17/2023 13:13:50.333847,1484,True,True,True,True,Eyes,1.995773,0.0935772,-2.208044,-0.9080424,-0.2983263,-0.2940414,0.0,0.0,0.0,0.0,0.0,0.0,0.0,2.886409,0.07213038,0.8043463,2.018644,0.09699833,-2.213414,0.09734518,-0.8231848,0.2400588,0.505235,29.57682,244.5142,5.430476,0.6456034,0.03105045,-0.763041,0.3948666,0.01142107,-0.06959204,0.9135189,-0.3112469,-2.545737,0.2485363,0.1450556,1.008211,-0.470523,0.08230604,0.8785406,-0.4028383,0.8657914,-0.2968611,-0.7850664,-0.4935899,-0.3742187,moving,8.46429499161033,11.353277496151563,13.84800789446728,8.187204550171323,-1.1051251,-0.40824523,-0.3323229999999997,0.1443734047337767,0.1947954687206169,0.9701602814766755,3.9439694527661686,9.625727813399301,6.239544892023832,6.245669101037645,10.007963161080353
05/17/2023 13:13:50.344180,1485,True,True,True,True,Eyes,1.996776,0.09364041,-2.208289,-0.9083861,-0.2978131,-0.2934997,0.0,0.0,0.0,0.0,0.0,0.0,0.0,2.886168,0.08169568,0.8255663,2.025302,0.09742649,-2.215144,0.0975564,-0.8217933,0.2388812,0.5080103,29.4551,244.8742,5.42788,0.6480961,0.0310894,-0.7609234,0.3711746,0.0107358,-0.06541652,0.9141372,-0.3088393,-2.545362,0.2448911,0.1484123,1.013421,-0.4648167,0.08236587,0.8815676,-0.4030506,0.866837,-0.2935027,-0.78835,-0.4917413,-0.3697228,moving,8.143799693520135,11.304013107524376,13.584977610686497,8.331561116649892,-1.1111648,-0.40626578999999996,-0.3302179999999999,0.1389635627795744,0.19411299531519485,0.9710866574998752,3.786655558630226,9.627751300106551,6.190553116178699,6.200152253317055,9.883684739382455
05/17/2023 13:13:50.364317,1486,True,True,True,True,Eyes,1.99799,0.09373806,-2.208611,-0.9087949,-0.2972406,-0.2928136,0.0,0.0,0.0,0.0,0.0,0.0,0.0,2.886339,0.09066719,0.8450809,2.031676,0.09818133,-2.217203,0.09781335,-0.8205383,0.2376539,0.5105585,29.33316,245.1979,5.407324,0.6503481,0.0311254,-0.758998,0.3489042,0.01009166,-0.06149153,0.9147465,-0.3064668,-2.544992,0.2418948,0.1509335,1.018874,-0.4595248,0.08215326,0.8843572,-0.4031916,0.8679064,-0.2901293,-0.7913743,-0.4898871,-0.3657009,moving,7.864229729652629,11.254181264626343,13.355545932616167,8.426374936093445,-1.1169295,-0.40464813,-0.3277890000000001,0.13424297812984076,0.19339537264748857,0.9718935134883349,3.6480942809247106,9.626873332428035,6.163908275217297,6.1766529992076284,9.781401431774954
05/17/2023 13:13:50.384223,1487,True,True,True,True,Eyes,1.999385,0.09386402,-2.208968,-0.9092026,-0.2965707,-0.2922267,0.0,0.0,0.0,0.0,0.0,0.0,0.0,2.887149,0.09763265,0.8624551,2.037975,0.09908834,-2.219421,0.09789281,-0.8195064,0.2364984,0.5127328,29.20985,245.4721,5.395523,0.6523876,0.03115975,-0.7572443,0.3279699,0.009486157,-0.05780204,0.9153272,-0.3042058,-2.544639,0.2384766,0.1535942,1.024688,-0.4550444,0.08207347,0.8866786,-0.4029686,0.868971,-0.2872382,-0.7940726,-0.4880096,-0.3623474,moving,7.629201230639535,11.20166425023786,13.101285376167887,8.524804859514576,-1.1226477999999998,-0.40329414,-0.325218,0.13027571496564266,0.19260729800998075,0.972589666293872,3.529539989155764,9.62204072341276,6.076166220263218,6.0917387578134194,9.634429733762774
05/17/2023 13:13:50.394091,1488,True,True,True,True,Eyes,2.000967,0.09401241,-2.209404,-0.9096443,-0.2958359,-0.2915961,0.0,0.0,0.0,0.0,0.0,0.0,0.0,2.889024,0.1024023,0.8766119,2.044237,0.09977315,-2.221832,0.09780034,-0.8187532,0.2356067,0.5143614,29.10535,245.679,5.400026,0.6542393,0.03119344,-0.7556437,0.3082917,0.008916987,-0.05433392,0.9159377,-0.3018284,-2.544269,0.2355069,0.1562093,1.030395,-0.4517346,0.08222536,0.888355,-0.4025227,0.8698491,-0.2851981,-0.7961854,-0.486417,-0.3598434,moving,7.4678355730626285,11.160825044052391,12.874369685484096,8.620477562670388,-1.1282993,-0.40160155,-0.32243699999999986,0.12755194362881417,0.19198253906901622,0.9730740589264701,3.447211918152644,9.616879789404914,5.955867700717796,5.973606652177634,9.47966882162026
05/17/2023 13:13:50.414356,1489,True,True,True,True,Eyes,2.002697,0.09417833,-2.209889,-0.910096,-0.2949906,-0.2910424,0.0,0.0,0.0,0.0,0.0,0.0,0.0,2.891802,0.1037394,0.8874097,2.050298,0.1004368,-2.224178,0.09727671,-0.8184174,0.2346329,0.5154392,28.96897,245.8068,5.420949,0.6559247,0.03122713,-0.7541798,0.2897942,0.008381967,-0.05107388,0.9165427,-0.2994727,-2.543901,0.2330323,0.1587546,1.035925,-0.4497192,0.08265211,0.8893374,-0.4011039,0.8709692,-0.2837749,-0.7980401,-0.4843358,-0.3585396,moving,7.378778017465917,11.083518262084338,12.677707846534403,8.71274296325097,-1.1337553000000002,-0.3999095,-0.31972299999999976,0.12607125587654205,0.1907058217905376,0.9735179453297338,3.3911108160977923,9.592924749549914,5.785412093226368,5.8051040344640015,9.328215498295828
05/17/2023 13:13:50.433995,1490,True,True,True,True,Eyes,2.004579,0.09436888,-2.21045,-0.9106029,-0.2940535,-0.2904046,0.0,0.0,0.0,0.0,0.0,0.0,0.0,2.893985,0.1056452,0.899092,2.055916,0.1009366,-2.226589,0.09671257,-0.8180199,0.2333186,0.5167714,28.79486,245.9588,5.429377,0.6574625,0.03126128,-0.7528381,0.2724065,0.00787905,-0.04800945,0.9171436,-0.297133,-2.543536,0.2318061,0.1607454,1.041466,-0.447188,0.08291916,0.8905881,-0.3993703,0.8724182,-0.2817619,-0.8003289,-0.4816751,-0.3570195,moving,7.265975737230513,10.977849541473983,12.548162379217313,8.774098840825458,-1.1387724,-0.39806959999999997,-0.31694699999999987,0.12419719499230714,0.18895508957500423,0.9741000795254897,3.318542793688432,9.559595927720023,5.701021814748447,5.7234616161369205,9.26298458203932
05/17/2023 13:13:50.444207,1491,True,True,True,True,Eyes,2.006598,0.09457351,-2.211085,-0.9111357,-0.2929155,-0.2898833,0.0,0.0,0.0,0.0,0.0,0.0,0.0,2.895535,0.1113576,0.9119761,2.061427,0.101698,-2.228991,0.09663466,-0.8174916,0.2314653,0.5184526,28.5968,246.1326,5.359594,0.65887,0.03129653,-0.7516052,0.2560622,0.007406306,-0.04512889,0.9177495,-0.2947734,-2.543168,0.2302581,0.1617797,1.047023,-0.4437373,0.08201157,0.8923966,-0.3980037,0.8741711,-0.2782409,-0.8029262,-0.4786429,-0.3552615,moving,7.110347213255846,10.873077645174803,12.402879461401955,8.7835379054592,-1.1436775000000001,-0.39647140000000003,-0.31417699999999993,0.12159165944816736,0.18723439820431892,0.9747609091748279,3.226410131340379,9.529420104790086,5.665411419605943,5.690085581212049,9.206732841830451
05/17/2023 13:13:50.464596,1492,True,True,True,True,Eyes,2.00875,0.09479202,-2.211798,-0.9117361,-0.2916945,-0.289226,0.0,0.0,0.0,0.0,0.0,0.0,0.0,2.895823,0.1181768,0.928755,2.066797,0.1021849,-2.231649,0.09651611,-0.8165812,0.2295119,0.5207725,28.38254,246.3988,5.310036,0.6601618,0.03133309,-0.7504693,0.2406984,0.006961928,-0.04242115,0.918342,-0.2924666,-2.542809,0.2280563,0.1635544,1.052711,-0.4389611,0.08142047,0.8948092,-0.3966734,0.8760179,-0.2743043,-0.8062028,-0.475356,-0.3522404,moving,6.877228254462359,10.764069495087412,12.223506754924523,8.831151804630412,-1.1484550000000002,-0.39465150000000004,-0.3111600000000001,0.11766478106575406,0.18546789816668058,0.9755802040303208,3.0977360657534048,9.502691391468087,5.656370032739207,5.68496830268961,9.15044567701622
05/17/2023 13:13:50.483875,1493,True,True,True,True,Eyes,2.011015,0.09502631,-2.212573,-0.9123653,-0.2902747,-0.2886695,0.0,0.0,0.0,0.0,0.0,0.0,0.0,2.896154,0.1251163,0.9449809,2.072149,0.1027149,-2.234279,0.09647775,-0.8156908,0.2276361,0.5229938,28.18213,246.653,5.253809,0.6613501,0.03137114,-0.7494208,0.2262565,0.006544212,-0.03987588,0.9189538,-0.2900841,-2.542437,0.224401,0.1674958,1.058444,-0.434339,0.08071255,0.897126,-0.3954966,0.8777477,-0.2704468,-0.8092787,-0.4722759,-0.3493186,moving,6.652938281397409,10.680056743008233,11.970049582953848,8.992329008412147,-1.1531951999999999,-0.392799,-0.30815800000000015,0.11387425884916014,0.18411906860385047,0.9762851755928879,2.977998498806051,9.485016806915922,5.544448824066548,5.57853901118062,9.005538516197577
05/17/2023 13:13:50.504191,1494,True,True,True,True,Eyes,2.013386,0.09527779,-2.213432,-0.9130818,-0.2887346,-0.2879478,0.0,0.0,0.0,0.0,0.0,0.0,0.0,2.89588,0.1324977,0.9627864,2.07733,0.103242,-2.237112,0.0964205,-0.8146559,0.2255879,0.5254989,27.96231,246.9432,5.196196,0.662447,0.03141094,-0.7484496,0.2126811,0.00615156,-0.03748333,0.9195614,-0.2877185,-2.542068,0.218976,0.173653,1.064481,-0.4291081,0.07999345,0.8997042,-0.3941915,0.8796263,-0.2662154,-0.812699,-0.4688909,-0.3459221,moving,6.403016080556514,10.586175436732912,11.624243460705388,9.265271390065294,-1.1577685999999998,-0.3909605,-0.3049559999999998,0.10964613378471771,0.18260650613145682,0.9770530013861919,2.8445250499650303,9.465219274515587,5.343419454703894,5.385722129456658,8.781994905964666
05/17/2023 13:13:50.515010,1495,True,True,True,True,Eyes,2.015821,0.09554183,-2.21432,-0.9138402,-0.2870539,-0.2872213,0.0,0.0,0.0,0.0,0.0,0.0,0.0,2.895064,0.1391258,0.9815717,2.082209,0.1038737,-2.240056,0.0961425,-0.8136117,0.2231418,0.5282049,27.68871,247.2509,5.136983,0.6634623,0.03145274,-0.747548,0.1999203,0.005782466,-0.03523433,0.9201579,-0.2853957,-2.541706,0.2103407,0.1858413,1.070211,-0.4235127,0.07928389,0.9024142,-0.3921746,0.8819287,-0.2615358,-0.8166005,-0.4646675,-0.3424149,moving,6.132200232213385,10.44817975275467,11.119261322018293,9.851133809874968,-1.1620511000000002,-0.3892694,-0.30165,0.1050713904227088,0.18034234664315826,0.9779757505873128,2.6928314830147757,9.429790284887286,4.963261284760949,5.0226728114974035,8.436957401676146
05/17/2023 13:13:50.536079,1496,True,True,True,True,Eyes,2.018344,0.09580541,-2.215293,-0.914687,-0.2852705,-0.2863011,0.0,0.0,0.0,0.0,0.0,0.0,0.0,2.89331,0.1471692,1.002167,2.086747,0.1042853,-2.243178,0.09593724,-0.8123741,0.220383,0.5312964,27.3877,247.6033,5.059384,0.6644048,0.03149668,-0.7467086,0.1879251,0.005435518,-0.03312027,0.9207682,-0.2830194,-2.541336,0.2092157,0.1935038,1.075758,-0.4170406,0.07830358,0.9055086,-0.3900512,0.8844547,-0.2561247,-0.8209369,-0.4600091,-0.3383112,moving,5.825134551129554,10.29335554783355,11.005621027451939,10.197130763336764,-1.1659788,-0.38730469999999995,-0.2981579999999999,0.09987569493285486,0.17779465048030046,0.9789861050202538,2.5211529788019993,9.390252081625567,5.104803586681019,5.181380061384281,8.522749044502117
05/17/2023 13:13:50.544050,1497,True,True,True,True,Eyes,2.020917,0.09607086,-2.216312,-0.9155552,-0.2834543,-0.2853286,0.0,0.0,0.0,0.0,0.0,0.0,0.0,2.891445,0.1565228,1.022476,2.091332,0.1045141,-2.24629,0.09598514,-0.8110646,0.2178066,0.5343421,27.1221,247.9539,4.967323,0.665282,0.0315424,-0.7459252,0.1766496,0.005109387,-0.03113305,0.9213744,-0.2806588,-2.540967,0.2075775,0.1915685,1.081422,-0.4105309,0.07706618,0.9085843,-0.3884668,0.8866943,-0.2507327,-0.8249595,-0.4558882,-0.3340777,moving,5.524671618190767,10.175377967914347,10.865688136516486,10.045449400898539,-1.1699576,-0.3851729,-0.2946770000000001,0.09477383434686393,0.17586660204083213,0.9798412795056631,2.3596925280819248,9.364481247482345,5.266258553581898,5.342596642228848,8.533210352304406
05/17/2023 13:13:50.564126,1498,True,True,True,True,Eyes,2.023558,0.09633154,-2.217429,-0.9164886,-0.2815899,-0.2841753,0.0,0.0,0.0,0.0,0.0,0.0,0.0,2.889631,0.1663876,1.0423,2.095593,0.1047108,-2.249792,0.0962356,-0.8096588,0.2155366,0.5373411,26.90065,248.3083,4.875698,0.6661007,0.03158971,-0.7451922,0.1660506,0.004802824,-0.02926507,0.9219469,-0.2784298,-2.54062,0.2069575,0.1911112,1.086886,-0.4040067,0.07579734,0.9116105,-0.3874694,0.8885654,-0.2455995,-0.8286413,-0.4524449,-0.3296173,moving,5.236673649445564,10.102121977883996,10.7808180827671,9.97258768972878,-1.1736461,-0.3831406,-0.2908280000000003,0.08986652445638926,0.17469345908888625,0.9805131462534041,2.21268552267526,9.355128404758837,5.467237289486893,5.545657456906084,8.590352235845836
05/17/2023 13:13:50.583881,1499,True,True,True,True,Eyes,2.026248,0.09658699,-2.218619,-0.9174207,-0.2797942,-0.2829388,0.0,0.0,0.0,0.0,0.0,0.0,0.0,2.888062,0.175135,1.061269,2.099782,0.1049459,-2.253391,0.0964477,-0.8082718,0.2136397,0.5401413,26.71473,248.6494,4.808601,0.6668665,0.03163816,-0.744505,0.1560875,0.004514655,-0.02750917,0.9225542,-0.276065,-2.540251,0.2048035,0.1941289,1.092097,-0.3978902,0.0748794,0.9143722,-0.3867032,0.8901119,-0.2411671,-0.8319519,-0.4495487,-0.3252107,moving,4.973361120950224,10.055049557688735,10.621444981071559,10.079495523962384,-1.1772277999999998,-0.3810109,-0.2868599999999999,0.08537078377734575,0.17395688795041092,0.9810457329296225,2.0821548575142224,9.354248163356448,5.563864403748071,5.648136763237074,8.570032645699184
05/17/2023 13:13:50.595845,1500,True,True,True,True,Eyes,2.028986,0.09684671,-2.219907,-0.9184144,-0.27796,-0.2815195,0.0,0.0,0.0,0.0,0.0,0.0,0.0,2.886225,0.1840968,1.079917,2.10379,0.1050321,-2.256867,0.09667617,-0.8069004,0.2116636,0.5429217,26.52308,248.9851,4.732296,0.6675848,0.0316874,-0.7438589,0.1467223,0.004243775,-0.02585862,0.9231548,-0.2737263,-2.539886,0.2004382,0.1997247,1.097056,-0.3917796,0.0738175,0.9170932,-0.3858497,0.8917044,-0.2366078,-0.8352419,-0.4465581,-0.3208692,moving,4.724326005219701,10.00265143737486,10.354053261027447,10.317988995298371,-1.1806352,-0.3787584,-0.2830189999999999,0.08111802309134764,0.1731213435728918,0.9815543119648951,1.9571678534507093,9.350379545708236,5.546134946452434,5.638551830942213,8.452452460375703
05/17/2023 13:13:50.613814,1501,True,True,True,True,Eyes,2.031758,0.0970975,-2.221284,-0.9193963,-0.2761729,-0.2800695,0.0,0.0,0.0,0.0,0.0,0.0,0.0,2.884022,0.194981,1.098906,2.107623,0.1052869,-2.260538,0.09722275,-0.8054186,0.2095844,0.5458235,26.3427,249.3318,4.619975,0.6682588,0.03173731,-0.7432511,0.1379189,0.003989149,-0.0243071,0.9237456,-0.2714257,-2.539528,0.1983894,0.2057042,1.102018,-0.3852493,0.07218219,0.9199854,-0.3854022,0.8932442,-0.2314734,-0.8384799,-0.4437393,-0.3163026,moving,4.460250340884097,9.961378004221219,10.205291134567263,10.573230680319542,-1.1838773999999999,-0.3767126,-0.27898999999999985,0.07660200611220536,0.17247602274422702,0.9820306035028992,1.8274146215911258,9.35178418201805,5.674823712028298,5.777530390948401,8.466448276277967
05/17/2023 13:13:50.634262,1502,True,True,True,True,Eyes,2.034551,0.09734282,-2.222764,-0.9204333,-0.2743118,-0.2784877,0.0,0.0,0.0,0.0,0.0,0.0,0.0,2.882017,0.2032757,1.118164,2.111331,0.1052765,-2.264693,0.09733716,-0.8039523,0.207563,0.5487292,26.13993,249.688,4.554323,0.6688927,0.03178747,-0.7426786,0.1296438,0.0037498,-0.02284867,0.9243473,-0.2690828,-2.539162,0.1990016,0.2096169,1.106652,-0.3788433,0.07128283,0.9227114,-0.3843006,0.8948862,-0.226918,-0.841897,-0.4405649,-0.3116276,moving,4.201675570868365,9.897583475404803,10.194156221731447,10.725633994916754,-1.1869836999999999,-0.3743593,-0.2744690000000003,0.07218261159694322,0.1714391563488821,0.9825467463041382,1.6958115455767029,9.344148890664089,5.93742743178588,6.049420799864434,8.609899147376796
05/17/2023 13:13:50.643831,1503,True,True,True,True,Eyes,2.037357,0.09757445,-2.224342,-0.9214445,-0.2724716,-0.2769464,0.0,0.0,0.0,0.0,0.0,0.0,0.0,2.880683,0.2081082,1.134945,2.114608,0.1053649,-2.268717,0.09704133,-0.802785,0.2055953,0.5512257,25.91779,249.9904,4.518166,0.6694887,0.03183753,-0.7421393,0.1218652,0.003524812,-0.02147775,0.9249821,-0.266611,-2.538777,0.2014106,0.2123737,1.110937,-0.3734665,0.07085214,0.9249339,-0.3824655,0.8966271,-0.2231143,-0.845129,-0.437081,-0.3077617,moving,3.9955699249629455,9.805725748008374,10.275990534475541,10.822448253056901,-1.1896259,-0.37197589999999997,-0.27005999999999997,0.06866622564337471,0.16990599757168598,0.9830650788756732,1.5829278448465405,9.322258926182558,6.241659119850361,6.362185763136968,8.821559212649852
05/17/2023 13:13:50.663928,1504,True,True,True,True,Eyes,2.040167,0.09779093,-2.22602,-0.9225212,-0.270515,-0.2752747,0.0,0.0,0.0,0.0,0.0,0.0,0.0,2.879463,0.212535,1.151519,2.117766,0.1052324,-2.272987,0.09660967,-0.8016803,0.2033343,0.5537424,25.65885,250.2868,4.472417,0.6700497,0.03188701,-0.7416307,0.1145533,0.003313323,-0.02018909,0.9255488,-0.2644046,-2.538433,0.2054684,0.2158443,1.114843,-0.3680721,0.07028948,0.9271367,-0.3800897,0.8986435,-0.2190244,-0.8485605,-0.4330119,-0.3040493,moving,3.7993468548005294,9.682911611743942,10.442574406232646,10.957442843936043,-1.1922172,-0.369637,-0.26544599999999985,0.06532258204259339,0.16783614627488463,0.9836482493317487,1.4685713661236286,9.287790946110407,6.632513593915972,6.764384832484021,9.12800460252944
05/17/2023 13:13:50.684119,1505,True,True,True,True,Eyes,2.042977,0.09798996,-2.227821,-0.9236101,-0.2685516,-0.2735406,0.0,0.0,0.0,0.0,0.0,0.0,0.0,2.877671,0.2188498,1.168174,2.120634,0.105064,-2.277145,0.09637988,-0.8005677,0.2005653,0.5563954,25.36498,250.5828,4.371182,0.6705766,0.03193529,-0.7411522,0.1076801,0.003114524,-0.01897774,0.9261699,-0.2619862,-2.538056,0.2084762,0.2201042,1.118511,-0.3622703,0.06886999,0.9295253,-0.3775045,0.9009689,-0.2138816,-0.8522035,-0.4283829,-0.3003957,moving,3.5948023785627017,9.528161682655707,10.558052824366566,11.13260437910482,-1.1944640999999998,-0.3670502,-0.2609110000000001,0.061838328156398725,0.16521556309810992,0.9843169598325153,1.344160911681148,9.241560828643543,7.001699624527301,7.145704523500577,9.405947580567892
05/17/2023 13:13:50.694023,1506,True,True,True,True,Eyes,2.045786,0.09817319,-2.229737,-0.9247611,-0.2664758,-0.2716754,0.0,0.0,0.0,0.0,0.0,0.0,0.0,2.875391,0.2278151,1.18569,2.12329,0.1048587,-2.281728,0.09649538,-0.7992948,0.1974797,0.5593015,25.06391,250.9026,4.219221,0.6710714,0.03198185,-0.7407023,0.1012193,0.002927652,-0.01783908,0.9267564,-0.259702,-2.537699,0.2102402,0.2242645,1.122347,-0.3557408,0.06664485,0.9322053,-0.3751579,0.9033809,-0.2077489,-0.8559818,-0.423629,-0.2963671,moving,3.3675481476399645,9.376220142145641,10.609798500011264,11.299874295381205,-1.1965336,-0.36456069999999996,-0.2559709999999997,0.057958835076669935,0.1626426148481114,0.9849812791601342,1.2098300322045104,9.197901711753115,7.338543133336974,7.493372769833531,9.632117936263313
05/17/2023 13:13:50.714051,1507,True,True,True,True,Eyes,2.048586,0.09833341,-2.231796,-0.9259022,-0.2644343,-0.269777,0.0,0.0,0.0,0.0,0.0,0.0,0.0,2.87365,0.2378034,1.201851,2.126024,0.1046604,-2.286466,0.09680337,-0.7981358,0.1942188,0.5620387,24.7614,251.1902,4.028426,0.6715361,0.03202631,-0.7402791,0.0,0.0,0.0,0.9273481,-0.2573982,-2.53734,0.2103937,0.2277853,1.126546,-0.3494833,0.06379244,0.9347684,-0.3728414,0.9058163,-0.2012114,-0.8595643,-0.4188403,-0.2927832,moving,3.167256486835609,9.218878552815697,10.578689355828605,11.430971206406316,-1.1986759,-0.3620586,-0.25087400000000004,0.05453939528123414,0.15996798629750503,0.9856143822168021,1.0868751191863923,9.150394019636325,7.5722121710394275,7.734512982706755,9.761944980778141
05/17/2023 13:13:50.733763,1508,True,True,True,True,Eyes,2.051364,0.0984811,-2.23397,-0.9270862,-0.2622974,-0.2677892,0.0,0.0,0.0,0.0,0.0,0.0,0.0,2.871727,0.2479407,1.218052,2.128369,0.1043112,-2.291529,0.09714108,-0.7969036,0.1909719,0.5648346,24.46326,251.4891,3.837007,0.6719694,0.03206787,-0.7398839,0.0,0.0,0.0,0.9279507,-0.255052,-2.536974,0.2092614,0.2303994,1.13112,-0.343051,0.06091093,0.9373399,-0.3705592,0.9081867,-0.194635,-0.863135,-0.4141096,-0.2889833,moving,2.963309161941966,9.070639217501547,10.481423850586546,11.513153523081753,-1.2004183000000002,-0.3593632,-0.2454449999999997,0.05105165943141177,0.15744646231078685,0.986206947597185,0.9640076386638086,9.106633853145217,7.738392104208362,7.904930398465084,9.81695208671007
05/17/2023 13:13:50.744165,1509,True,True,True,True,Eyes,2.054111,0.09863044,-2.236279,-0.928226,-0.2602416,-0.2658398,0.0,0.0,0.0,0.0,0.0,0.0,0.0,2.871047,0.2557211,1.231264,2.1306,0.1041535,-2.296522,0.09731347,-0.7959679,0.1880098,0.5671133,24.18442,251.7241,3.666041,0.672374,0.03210647,-0.7395146,0.0,0.0,0.0,0.9285508,-0.2527151,-2.53661,0.2072086,0.2322724,1.135914,-0.3378251,0.05832883,0.9393996,-0.3681624,0.9103649,-0.188924,-0.866216,-0.409675,-0.2860696,moving,2.8237858306561034,8.930176272892302,10.337985287001171,11.556565231257814,-1.2020491999999998,-0.35686860000000004,-0.24008800000000008,0.048668663031636306,0.15504674692036846,0.9867075880009863,0.8723483720613903,9.06164743866997,7.792509188777378,7.959969373707463,9.788917049257394
05/17/2023 13:13:50.763891,1510,True,True,True,True,Eyes,2.056817,0.09877758,-2.238713,-0.9294124,-0.2580714,-0.2638028,0.0,0.0,0.0,0.0,0.0,0.0,0.0,2.871026,0.2635442,1.243215,2.132507,0.1043708,-2.302032,0.09755827,-0.7951578,0.1847208,0.5692843,23.88117,251.9324,3.458995,0.6727486,0.03214227,-0.7391724,0.0,0.0,0.0,0.9291818,-0.250258,-2.536227,0.2041899,0.2337348,1.140857,-0.3327954,0.05516883,0.9413839,-0.3654657,0.9127212,-0.1826875,-0.8692997,-0.4048411,-0.2835872,moving,2.7098799858674103,8.77074418249629,10.147322686896425,11.578335930707926,-1.2033252,-0.35462879999999997,-0.2341949999999997,0.04672705553301998,0.15231467395654344,0.9872269224642763,0.7888029383501598,9.007671274141615,7.7834631599625705,7.94972486037824,9.705164020275475
05/17/2023 13:13:50.783856,1511,True,True,True,True,Eyes,2.059492,0.09892439,-2.241293,-0.930558,-0.2560167,-0.2617581,0.0,0.0,0.0,0.0,0.0,0.0,0.0,2.870397,0.2728773,1.255745,2.134213,0.1044695,-2.307543,0.09796957,-0.7942508,0.1812055,0.5716051,23.56849,252.156,3.222924,0.6730933,0.03217538,-0.7388571,0.0,0.0,0.0,0.9297663,-0.2479821,-2.535872,0.2006561,0.2356859,1.14579,-0.3273395,0.05153118,0.9435008,-0.3627808,0.9151331,-0.1758454,-0.8724903,-0.3998451,-0.2808646,moving,2.576336190775999,8.596550841058228,9.933176380285406,11.623461574632273,-1.2044466999999999,-0.35245160000000003,-0.228329,0.044446401740318886,0.14932810778035394,0.9877882761794541,0.6933317745235854,8.949293640861992,7.789952768896585,7.955204973035364,9.619038542215694
05/17/2023 13:13:50.793755,1512,True,True,True,True,Eyes,2.062112,0.09907909,-2.244001,-0.9317523,-0.2538521,-0.2596088,0.0,0.0,0.0,0.0,0.0,0.0,0.0,2.870457,0.2807032,1.267305,2.135962,0.1046577,-2.313244,0.09827437,-0.7934095,0.1780733,0.5737016,23.28658,252.3624,3.019087,0.6734094,0.03220612,-0.7385665,0.0,0.0,0.0,0.930372,-0.2456237,-2.535504,0.1982667,0.2379703,1.150325,-0.3224173,0.04837814,0.9453605,-0.3602654,0.9172642,-0.1698097,-0.8753604,-0.3953303,-0.2783129,moving,2.474613840158325,8.455836631308328,9.779253414974749,11.688032936725683,-1.2055900000000002,-0.3502814,-0.2222599999999999,0.042708240150267585,0.146912867503239,0.9882269890325721,0.6190466302512432,8.901732436796696,7.8225067304462215,7.98779395545027,9.57459444649219
05/17/2023 13:13:50.814212,1513,True,True,True,True,Eyes,2.064686,0.09923698,-2.246863,-0.9329374,-0.2517687,-0.2573721,0.0,0.0,0.0,0.0,0.0,0.0,0.0,2.869187,0.2889505,1.281107,2.137224,0.1050007,-2.319097,0.09857175,-0.7923152,0.1747195,0.5761885,22.98299,252.6224,2.810645,0.6736962,0.03223485,-0.7383028,0.0,0.0,0.0,0.9309506,-0.2433706,-2.535153,0.1965702,0.2396148,1.154682,-0.3165807,0.04514297,0.9474908,-0.3575425,0.9195135,-0.163274,-0.8786012,-0.3904577,-0.2749597,moving,2.323972948717131,8.290866666246204,9.661271437055305,11.723390823578558,-1.2062733999999997,-0.3483713,-0.21605600000000003,0.04012675099403917,0.14408232923409617,0.9887518367790777,0.5174911226513466,8.848030129908835,7.934829189509098,8.100504379212435,9.585218701562432
05/17/2023 13:13:50.833737,1514,True,True,True,True,Eyes,2.067181,0.09944169,-2.249857,-0.9341835,-0.2495075,-0.2550435,0.0,0.0,0.0,0.0,0.0,0.0,0.0,2.868026,0.295746,1.294991,2.138465,0.105283,-2.325064,0.09855428,-0.7913234,0.1709272,0.5786866,22.61776,252.875,2.598492,0.6739534,0.03226177,-0.7380663,0.0,0.0,0.0,0.9315593,-0.2410006,-2.534783,0.1959308,0.2409076,1.158812,-0.3108176,0.04184986,0.9495476,-0.3538031,0.922142,-0.1564532,-0.8821653,-0.3845814,-0.2718113,moving,2.1846545992963975,8.07320674060443,9.596751554324046,11.744045273686195,-1.2069057,-0.3462836,-0.2097190000000002,0.037742925720345044,0.1403381857829966,0.9893839781853937,0.41089459918288007,8.773279593373914,8.10470941415146,8.271289911899354,9.654295247589884
05/17/2023 13:13:50.850460,1515,True,True,True,True,Eyes,2.069611,0.09968736,-2.253006,-0.9354174,-0.2473964,-0.2525654,0.0,0.0,0.0,0.0,0.0,0.0,0.0,2.866627,0.3000245,1.309258,2.13903,0.1065922,-2.331289,0.09827407,-0.7903401,0.1668842,0.5812526,22.21199,253.1349,2.393538,0.6741802,0.03228856,-0.7378575,0.0,0.0,0.0,0.9321705,-0.2386208,-2.534412,0.1968521,0.2424279,1.162492,-0.3049755,0.03866376,0.9515752,-0.3493435,0.9249838,-0.1495463,-0.8859736,-0.3780346,-0.2685905,moving,2.046433912681767,7.804862840997562,9.611082461347861,11.779722916512423,-1.2068595,-0.345213,-0.20312300000000016,0.03537903096034761,0.1357146422036071,0.9901160701113447,0.294934861233096,8.678924175802067,8.375919204007875,8.545374203904592,9.818633252011963
05/17/2023 13:13:50.868450,1516,True,True,True,True,Eyes,2.071973,0.0999495,-2.256286,-0.9366954,-0.245243,-0.2499153,0.0,0.0,0.0,0.0,0.0,0.0,0.0,2.863209,0.3089736,1.327008,2.139671,0.1078701,-2.337638,0.09864389,-0.788817,0.1629578,0.5843646,21.86222,253.4784,2.150736,0.6743761,0.03231648,-0.7376771,0.0,0.0,0.0,0.932766,-0.2363019,-2.53405,0.1991626,0.2428915,1.166032,-0.2975748,0.03482965,0.9540629,-0.3460776,0.9274282,-0.1417998,-0.8897638,-0.3723758,-0.2639256,moving,1.8361533069534979,7.598387825335592,9.692795516392042,11.76678978350597,-1.206905,-0.34417200000000003,-0.19641200000000003,0.031760374179427286,0.13216179581714935,0.9907192321554168,0.15780866858163023,8.61313591976926,8.72079579317414,8.893953097021033,10.042982967235334
05/17/2023 13:13:50.884079,1517,True,True,True,True,Eyes,2.074256,0.1002972,-2.259712,-0.9379896,-0.2433555,-0.2468878,0.0,0.0,0.0,0.0,0.0,0.0,0.0,2.859488,0.3125882,1.346634,2.140335,0.1085037,-2.344142,0.09842435,-0.7869138,0.1611427,0.5874626,21.6695,253.892,2.123049,0.6745407,0.03234588,-0.7375252,0.0,0.0,0.0,0.9333577,-0.2339979,-2.533691,0.2007206,0.2426434,1.169387,-0.2904006,0.03442767,0.9562857,-0.3442336,0.9286913,-0.1379696,-0.8928441,-0.3692521,-0.2578413,moving,1.6137698218770224,7.52735089879791,9.739680151678233,11.72231416734202,-1.2069773,-0.3425016,-0.18954899999999997,0.027919375956941883,0.1309483885743481,0.9909959651044024,0.041476473685568394,8.600337069606582,8.96960834625122,9.144842016809491,10.188321529016202
05/17/2023 13:13:50.893825,1518,True,True,True,True,Eyes,2.076478,0.1006956,-2.263271,-0.9393137,-0.2415244,-0.2436304,0.0,0.0,0.0,0.0,0.0,0.0,0.0,2.853536,0.3221421,1.368886,2.140545,0.1109586,-2.350755,0.0994987,-0.7843611,0.1601,0.5909701,21.63879,254.3823,2.043346,0.6746735,0.03237934,-0.7374024,0.0,0.0,0.0,0.9339821,-0.2315664,-2.533312,0.2013825,0.2420716,1.172883,-0.2817087,0.03314283,0.9589274,-0.3453145,0.928936,-0.1335509,-0.8952084,-0.3687539,-0.2502446,moving,1.3287358707874508,7.618125970153229,9.742613893583325,11.661547489863256,-1.2065628999999998,-0.342525,-0.18255700000000008,0.0229841742645594,0.1325349436115226,0.9909118280969689,-0.07222437002468807,8.654005306803628,9.158495705287942,9.335020137554153,10.265298832653
05/17/2023 13:13:50.914064,1519,True,True,True,True,Eyes,2.07863,0.1011369,-2.266942,-0.9406109,-0.2399615,-0.2401449,0.0,0.0,0.0,0.0,0.0,0.0,0.0,2.847394,0.326409,1.393385,2.14121,0.112557,-2.357597,0.09966428,-0.7816644,0.1597798,0.594591,21.61126,254.9209,2.108103,0.6747743,0.03241802,-0.7373086,0.0,0.0,0.0,0.9345701,-0.229277,-2.532955,0.2004048,0.2414074,1.176499,-0.2730577,0.03419917,0.9613897,-0.3458153,0.9290749,-0.1312694,-0.8976924,-0.3683073,-0.2418644,moving,1.0269484483054356,7.693868966840341,9.666975764929752,11.59564636973704,-1.2066399,-0.341834,-0.17535799999999968,0.017761374488006243,0.13385902108410136,0.9908411859262679,-0.19657417809604993,8.702978618137106,9.304051941659168,9.480186650787509,10.278966105582338
05/17/2023 13:13:50.933911,1520,True,True,True,True,Eyes,2.080713,0.1015795,-2.270701,-0.9419321,-0.2384053,-0.2364885,0.0,0.0,0.0,0.0,0.0,0.0,0.0,2.841933,0.3263972,1.415812,2.14158,0.1140318,-2.363954,0.0992646,-0.7792435,0.1597704,0.5978289,21.57302,255.4168,2.238809,0.6748434,0.03246273,-0.7372436,0.0,0.0,0.0,0.9351643,-0.2269631,-2.532594,0.1996013,0.2409778,1.180043,-0.2654941,0.03632819,0.9634278,-0.3457334,0.9292399,-0.1303136,-0.8999897,-0.3676866,-0.2341479,moving,0.7851150758764949,7.755829380166365,9.600564846186991,11.541738121066956,-1.2064157,-0.3409949,-0.1686399999999999,0.013577090002626746,0.13493930179739003,0.9907608319711895,-0.2959739840717712,8.74271015771441,9.418283307628595,9.594022078737096,10.28474785099027
05/17/2023 13:13:50.944178,1521,True,True,True,True,Eyes,2.082711,0.102036,-2.27454,-0.9432217,-0.2370336,-0.2326968,0.0,0.0,0.0,0.0,0.0,0.0,0.0,2.836012,0.3277124,1.437803,2.141955,0.1144796,-2.369929,0.09884847,-0.7768815,0.1593494,0.6010757,21.49512,255.9025,2.339099,0.6748813,0.03251287,-0.7372069,0.0,0.0,0.0,0.9357659,-0.2246207,-2.532229,0.1981094,0.2401627,1.183567,-0.2578741,0.037975,0.9654319,-0.3451492,0.9296734,-0.1287604,-0.9024261,-0.366422,-0.2266317,moving,0.5538761602529645,7.767678307203137,9.502270237013231,11.470398444604237,-1.2061890999999998,-0.3391003,-0.1623000000000001,0.00957811947401338,0.1351504439211124,0.9907787445970757,-0.40024831298619534,8.762434905114214,9.510142214402762,9.68420843274833,10.266106377994047
05/17/2023 13:13:50.963902,1522,True,True,True,True,Eyes,2.084635,0.102502,-2.278456,-0.9445342,-0.2356987,-0.2286946,0.0,0.0,0.0,0.0,0.0,0.0,0.0,2.828958,0.3350371,1.459568,2.141834,0.1152971,-2.375889,0.09932885,-0.7743784,0.1582567,0.6045053,21.41932,256.3902,2.308487,0.6748885,0.0325683,-0.7371981,0.0,0.0,0.0,0.936382,-0.2222217,-2.531855,0.1960945,0.2380875,1.187126,-0.2494142,0.03749781,0.9676706,-0.3451703,0.9301772,-0.1250115,-0.9047928,-0.3651908,-0.2190563,moving,0.3146459698980856,7.7803069464037256,9.379660905388594,11.340665165572965,-1.2054519999999997,-0.3375188,-0.15596600000000027,0.005441028786978774,0.13537302872259327,0.9907797386506758,-0.5080541173507673,8.782983992590353,9.568628880486012,9.739129654618626,10.213160204047293
05/17/2023 13:13:50.984065,1523,True,True,True,True,Eyes,2.086495,0.1029737,-2.282459,-0.9458025,-0.234566,-0.2245806,0.0,0.0,0.0,0.0,0.0,0.0,0.0,2.820292,0.3484921,1.482738,2.141899,0.1160118,-2.381767,0.1006437,-0.7715665,0.1568557,0.6082371,21.37556,256.9109,2.185038,0.6748654,0.03262878,-0.7372168,0.0,0.0,0.0,0.9370291,-0.2197021,-2.531462,0.1930663,0.2357332,1.190413,-0.2398371,0.0355042,0.9701638,-0.3461175,0.9305343,-0.1196186,-0.9070176,-0.3644796,-0.210888,moving,0.03645825211514116,7.813624358859617,9.21226248258242,11.201161520018172,-1.2048699,-0.3357139,-0.1496949999999999,0.0006304086510503515,0.13595113301192024,0.9907153553247863,-0.629787538393249,8.814060026921762,9.614789708609546,9.78114468219806,10.127398587679377
05/17/2023 13:13:50.994066,1524,True,True,True,True,Eyes,2.088295,0.1034469,-2.286544,-0.9470834,-0.2334849,-0.2202679,0.0,0.0,0.0,0.0,0.0,0.0,0.0,2.810809,0.3648965,1.506606,2.142086,0.1166838,-2.387783,0.1023793,-0.7685678,0.1554134,0.612102,21.35986,257.4507,2.023675,0.6748127,0.03269393,-0.7372623,0.0,0.0,0.0,0.9375769,-0.2175688,-2.531129,0.1900299,0.234025,1.193794,-0.2296994,0.03288687,0.972706,-0.3476285,0.9307303,-0.1135583,-0.9090616,-0.3642245,-0.2023559,moving,-0.2539207355903656,7.870600538133398,9.044544163335935,11.091307886437894,-1.2045090999999999,-0.3342526,-0.14334599999999975,-0.004389991819721051,0.13693496851802694,0.9905703686375691,-0.7525332849864568,8.855053004188845,9.677101177260946,9.840447413608139,10.049057788012263
05/17/2023 13:13:51.014028,1525,True,True,True,True,Eyes,2.090038,0.1039422,-2.290747,-0.9483548,-0.2324819,-0.2158129,0.0,0.0,0.0,0.0,0.0,0.0,0.0,2.801831,0.3822987,1.529025,2.142355,0.1172296,-2.393929,0.1042721,-0.765686,0.1538421,0.61578,21.34647,257.9593,1.83265,0.674731,0.03276328,-0.7373341,0.0,0.0,0.0,0.9381642,-0.2152819,-2.530773,0.1872095,0.2331423,1.196488,-0.2198848,0.02978638,0.9750711,-0.3491451,0.9309199,-0.1071721,-0.9109054,-0.3640068,-0.1942954,moving,-0.5107425334142078,7.9220613177895665,8.892730748954442,11.026234332439317,-1.2041907999999997,-0.3325115,-0.13684399999999997,-0.00882895562047592,0.1378205432339872,0.990417798569069,-0.8608859653170722,8.891720656614037,9.741006152821148,9.902585514758291,9.98444728771712
05/17/2023 13:13:51.034116,1526,True,True,True,True,Eyes,2.091732,0.1044136,-2.295027,-0.9496371,-0.2314722,-0.2112111,0.0,0.0,0.0,0.0,0.0,0.0,0.0,2.79306,0.3956476,1.551474,2.142458,0.1183078,-2.400139,0.1055699,-0.762968,0.1518981,0.6194044,21.25797,258.4543,1.665067,0.6746203,0.03283703,-0.737432,0.0,0.0,0.0,0.938785,-0.212865,-2.530396,0.184866,0.2328784,1.19885,-0.2103865,0.02707974,0.9772432,-0.3492656,0.931564,-0.1010058,-0.9130998,-0.3625677,-0.1865303,moving,-0.7451767030740998,7.896808763271336,8.766121791281579,10.992887811850903,-1.203673,-0.3311728,-0.1302570000000003,-0.012882112846610672,0.1373779854791545,0.9904349903485623,-0.9738574071925887,8.89735644623485,9.84191647568317,10.00252490743142,9.962853330797866
05/17/2023 13:13:51.044552,1527,True,True,True,True,Eyes,2.093368,0.1048902,-2.299385,-0.9508545,-0.2305579,-0.2066854,0.0,0.0,0.0,0.0,0.0,0.0,0.0,2.785522,0.4040287,1.572957,2.142908,0.1182037,-2.406353,0.1060623,-0.7604283,0.150709,0.622725,21.18018,258.9323,1.622095,0.6744817,0.03291393,-0.7375553,0.0,0.0,0.0,0.9393917,-0.2105023,-2.530027,0.1823818,0.232551,1.201107,-0.2019289,0.02639492,0.9790446,-0.349006,0.9320752,-0.09711145,-0.9151064,-0.361302,-0.1790009,moving,-0.950661091901385,7.876988318459881,8.63410844936715,10.95768018856689,-1.2035162999999998,-0.328706,-0.12367399999999984,-0.016434901186298978,0.13702821269741475,0.9904308370319297,-1.0724277173975616,8.903187962805355,9.908456514005454,10.067694351626516,9.921581661329304
05/17/2023 13:13:51.063868,1528,True,True,True,True,Eyes,2.094951,0.1053753,-2.303799,-0.9520649,-0.2296651,-0.2020552,0.0,0.0,0.0,0.0,0.0,0.0,0.0,2.779641,0.4038334,1.592797,2.143056,0.1188034,-2.412401,0.1055657,-0.7581732,0.1505834,0.625583,21.12579,259.3779,1.740451,0.6743156,0.03299377,-0.7377034,0.0,0.0,0.0,0.9399618,-0.2082826,-2.529681,0.1795981,0.2322246,1.203334,-0.1950039,0.02833064,0.9803934,-0.348479,0.9323611,-0.09625638,-0.9168076,-0.3604168,-0.1719414,moving,-1.0958192727995957,7.881081502253491,8.488758060546282,10.922907964927498,-1.2030942000000002,-0.327086,-0.11728000000000005,-0.018943918097682477,0.13709287173277374,0.9903770031176156,-1.1385363151771033,8.914280928054339,9.898506640163472,10.055686495108697,9.834601139349422
05/17/2023 13:13:51.084058,1529,True,True,True,True,Eyes,2.096483,0.1058562,-2.308264,-0.9532153,-0.2288309,-0.197527,0.0,0.0,0.0,0.0,0.0,0.0,0.0,2.773774,0.4007832,1.612851,2.143288,0.1194591,-2.418217,0.104747,-0.7558785,0.1512445,0.6283319,21.11719,259.834,1.94811,0.6741232,0.0330765,-0.7378753,0.0,0.0,0.0,0.9405557,-0.20597,-2.52932,0.1771792,0.2314481,1.205262,-0.1884545,0.0317115,0.9815699,-0.3484154,0.9323063,-0.09701321,-0.9182003,-0.3602766,-0.1646485,moving,-1.2441710050555708,7.93034259865661,8.362851684835942,10.870258197031006,-1.2027323,-0.32542909999999997,-0.11110299999999995,-0.021505616312102516,0.13793716397509734,0.9902074287438183,-1.1973218086516217,8.942990349100768,9.89139576515274,10.04678996942085,9.752501145001105
05/17/2023 13:13:51.093962,1530,True,True,True,True,Eyes,2.09797,0.1063528,-2.312768,-0.9543535,-0.2280187,-0.1929164,0.0,0.0,0.0,0.0,0.0,0.0,0.0,2.767862,0.3959336,1.632768,2.143519,0.1198179,-2.423782,0.1036572,-0.7536039,0.1522442,0.6309977,21.1173,260.2905,2.205453,0.6739054,0.03316165,-0.7380701,0.0,0.0,0.0,0.9411715,-0.2035722,-2.528947,0.1756552,0.2298584,1.206824,-0.1821945,0.03589858,0.982607,-0.3483644,0.9321538,-0.09864887,-0.9194822,-0.3602785,-0.1573275,moving,-1.381114337090502,7.989108711045195,8.281340023046354,10.783709698027824,-1.2023475,-0.3233901,-0.10516499999999995,-0.023868862374344768,0.13894525329608498,0.9900123039115933,-1.2489981871542033,8.974615025157364,9.904821402239293,10.058470009806264,9.700524209351629
05/17/2023 13:13:51.113959,1531,True,True,True,True,Eyes,2.099419,0.1068628,-2.317303,-0.9554282,-0.2272588,-0.1884421,0.0,0.0,0.0,0.0,0.0,0.0,0.0,2.76227,0.394361,1.651173,2.143875,0.1206645,-2.429253,0.1031058,-0.7514694,0.1527172,0.6335143,21.11018,260.7053,2.367415,0.6736634,0.03324946,-0.7382866,0.0,0.0,0.0,0.9417571,-0.2012918,-2.528591,0.1743307,0.2275165,1.208359,-0.1760577,0.03853524,0.9836252,-0.3484587,0.9320933,-0.09888653,-0.9206411,-0.3601626,-0.1506742,moving,-1.4990371453521871,8.035245513378104,8.209453052039565,10.663127402325287,-1.2021179,-0.3219563,-0.09933799999999993,-0.025903489381385314,0.1397353363579217,0.9898500278304267,-1.2943668856086457,9.000125687682756,9.906761389405807,10.057859868536067,9.648220981618511
05/17/2023 13:13:51.133716,1532,True,True,True,True,Eyes,2.100839,0.1073688,-2.321863,-0.956489,-0.2265075,-0.1839106,0.0,0.0,0.0,0.0,0.0,0.0,0.0,2.757193,0.3957105,1.667781,2.144355,0.1214965,-2.434578,0.102974,-0.7495179,0.1526819,0.635852,21.08963,261.0743,2.445096,0.6733986,0.03334006,-0.7385234,0.0,0.0,0.0,0.9423596,-0.198946,-2.528225,0.1725314,0.2246015,1.209785,-0.1701775,0.03980447,0.9846094,-0.3485278,0.9321692,-0.09792315,-0.9217203,-0.359828,-0.1447613,moving,-1.5813319957774525,8.064117313340263,8.11640869831928,10.517448782294808,-1.2019954,-0.3204425,-0.09364699999999981,-0.02732327354625874,0.14022880462468496,0.9897420292913999,-1.3266759427833665,9.016647141091848,9.856021457293187,10.003249965211428,9.561603061478037
05/17/2023 13:13:51.144241,1533,True,True,True,True,Eyes,2.102232,0.107872,-2.32644,-0.9575095,-0.2257229,-0.1795125,0.0,0.0,0.0,0.0,0.0,0.0,0.0,2.752162,0.3978719,1.683985,2.145015,0.1218925,-2.439786,0.1028863,-0.7476168,0.1525107,0.6381412,21.06035,261.4319,2.506274,0.6731125,0.03343301,-0.7387794,0.0,0.0,0.0,0.9429768,-0.1965427,-2.52785,0.1703622,0.2216552,1.210952,-0.1643805,0.0408078,0.9855525,-0.3484857,0.9323098,-0.09672722,-0.9227874,-0.3593511,-0.1390326,moving,-1.6631025554561154,8.0858378277084,8.008072903442942,10.372713286806977,-1.2020382,-0.3184352,-0.08806400000000014,-0.028734250176725706,0.14059843854965082,0.9896496500151415,-1.3601358391286231,9.030378215931202,9.79469869394951,9.937878753649528,9.463889183992878
05/17/2023 13:13:51.164122,1534,True,True,True,True,Eyes,2.103614,0.1083657,-2.331041,-0.9585283,-0.2248903,-0.1750651,0.0,0.0,0.0,0.0,0.0,0.0,0.0,2.746492,0.4017933,1.700593,2.14573,0.122323,-2.444903,0.1029841,-0.7456895,0.1518093,0.640543,20.99809,261.7901,2.510426,0.6728066,0.03352796,-0.7390531,0.0,0.0,0.0,0.9435987,-0.194121,-2.527473,0.1688927,0.2187092,1.212075,-0.1581977,0.04089249,0.9865604,-0.3480693,0.9326964,-0.09447373,-0.9240246,-0.3583368,-0.1333171,moving,-1.7520578254163133,8.075805034982166,7.932619354799199,10.228500093006664,-1.2021313,-0.316444,-0.08257000000000003,-0.030271486244725088,0.14041876454342683,0.9896292971904292,-1.4030902572872268,9.032342967488708,9.781387369990785,9.921041684109094,9.412027721491807
05/17/2023 13:13:51.184028,1535,True,True,True,True,Eyes,2.104985,0.1088503,-2.335705,-0.9595302,-0.2239957,-0.1706679,0.0,0.0,0.0,0.0,0.0,0.0,0.0,2.741513,0.4039379,1.716888,2.146776,0.1225696,-2.45012,0.1027426,-0.7439461,0.1507604,0.6428528,20.88,262.1245,2.512809,0.6724824,0.03362436,-0.739343,0.0,0.0,0.0,0.9441519,-0.1919668,-2.527137,0.1673558,0.2156043,1.212917,-0.1523688,0.04096353,0.9874745,-0.3467034,0.9334306,-0.09221844,-0.9255165,-0.3564119,-0.1280235,moving,-1.8231033949331623,8.012885737296667,7.8559511061449765,10.07943540606745,-1.2026241,-0.3145364,-0.07701700000000011,-0.03150348849373863,0.13932660382877207,0.9897451379517888,-1.4480878405070503,9.012751937972922,9.761631879383025,9.897207867289522,9.364985549477582
05/17/2023 13:13:51.194242,1536,True,True,True,True,Eyes,2.106349,0.1093319,-2.340394,-0.9605296,-0.2230274,-0.1662581,0.0,0.0,0.0,0.0,0.0,0.0,0.0,2.737236,0.4025248,1.732653,2.147741,0.1228296,-2.45534,0.1019972,-0.7423658,0.1497865,0.6450221,20.73056,262.4416,2.561167,0.6721416,0.03372167,-0.7396491,0.0,0.0,0.0,0.9447454,-0.1896562,-2.526777,0.1671726,0.2126137,1.213441,-0.1470861,0.04179275,0.9882403,-0.3446697,0.9343212,-0.09081188,-0.9271292,-0.3539737,-0.1230209,moving,-1.8713173494879476,7.9238335214793905,7.844112034144546,9.93822671459848,-1.2029956,-0.3124858,-0.07143699999999997,-0.03234339019230531,0.13778444152496905,0.989934059534801,-1.4876505656947332,8.981592957596227,9.789737854289339,9.922063698890174,9.38066849242608
05/17/2023 13:13:51.214015,1537,True,True,True,True,Eyes,2.107707,0.1097978,-2.345101,-0.9614859,-0.2220032,-0.1620476,0.0,0.0,0.0,0.0,0.0,0.0,0.0,2.73395,0.3993945,1.747529,2.148906,0.1232032,-2.460667,0.1010485,-0.740953,0.1488983,0.6469985,20.57356,262.7318,2.62816,0.6717846,0.03381965,-0.7399694,0.0,0.0,0.0,0.9453532,-0.1872895,-2.526407,0.1677648,0.2086501,1.213698,-0.1423641,0.04292949,0.988883,-0.3424183,0.935237,-0.08989672,-0.9286992,-0.3514097,-0.1184444,moving,-1.9028407955933846,7.830683596832547,7.869905743895186,9.754522992619076,-1.2035528000000002,-0.3104927,-0.06573999999999991,-0.03289543514263077,0.13617239008410434,0.9901388548584331,-1.5203182836732305,8.94776066753283,9.83173601125788,9.960307874050185,9.424816854300236
05/17/2023 13:13:51.234409,1538,True,True,True,True,Eyes,2.10907,0.1102378,-2.349829,-0.9624263,-0.2209717,-0.1578199,0.0,0.0,0.0,0.0,0.0,0.0,0.0,2.73084,0.3974296,1.761654,2.150113,0.123266,-2.465904,0.1002585,-0.7395769,0.1480481,0.6488884,20.43222,263.0093,2.681196,0.6714122,0.03391791,-0.7403033,0.0,0.0,0.0,0.9459475,-0.1849753,-2.526047,0.167892,0.2046224,1.213853,-0.1377843,0.04383559,0.9894918,-0.3404312,0.93606,-0.08887267,-0.9301195,-0.3490991,-0.1140514,moving,-1.9224620890306008,7.752692254645901,7.874804825353884,9.568541798993852,-1.2041655000000002,-0.3082413,-0.06014300000000006,-0.03324070368736037,0.13482294165087136,0.9903119841704253,-1.5445484505779126,8.918990074660345,9.839646369478412,9.96412307026572,9.441723019628977
05/17/2023 13:13:51.244037,1539,True,True,True,True,Eyes,2.110443,0.110654,-2.354614,-0.9633347,-0.2199903,-0.1535923,0.0,0.0,0.0,0.0,0.0,0.0,0.0,2.727667,0.4001709,1.775064,2.151545,0.1230698,-2.471208,0.100181,-0.7381045,0.1473807,0.6507263,20.3617,263.2823,2.685184,0.6710272,0.03401513,-0.7406482,0.0,0.0,0.0,0.9465663,-0.1825655,-2.525671,0.1687664,0.2011106,1.213819,-0.1330383,0.04392083,0.9901373,-0.339697,0.9364854,-0.08718383,-0.9310783,-0.3479454,-0.1096688,moving,-1.9419896395531973,7.740747737094587,7.915518069100113,9.407542311149308,-1.2049787,-0.3056353,-0.05446300000000015,-0.03357917941053307,0.13461496829044006,0.9903288948423898,-1.5558748235953295,8.915666900357197,9.87564334122646,9.997432789384368,9.484156512180915
05/17/2023 13:13:51.264693,1540,True,True,True,True,Eyes,2.111835,0.1110427,-2.359428,-0.964231,-0.2189846,-0.1493459,0.0,0.0,0.0,0.0,0.0,0.0,0.0,2.722969,0.4078275,1.78975,2.153054,0.1229436,-2.476556,0.1007795,-0.7363517,0.1464301,0.6528308,20.31811,263.5873,2.61403,0.6706285,0.03411108,-0.7410051,0.0,0.0,0.0,0.9471738,-0.1802003,-2.525302,0.1684947,0.1969153,1.213636,-0.1273109,0.04276985,0.9909403,-0.3396065,0.9368034,-0.08406416,-0.9319117,-0.347232,-0.1047404,moving,-2.00121138195867,7.755668680583563,7.90411247712856,9.216061768785469,-1.2058802000000002,-0.3031439,-0.048745999999999956,-0.03460157379849782,0.13486814526789698,0.9902591523069273,-1.5802656333288136,8.92529937617091,9.894091729065833,10.012401746108207,9.488834012199915
05/17/2023 13:13:51.283903,1541,True,True,True,True,Eyes,2.113241,0.1114195,-2.364269,-0.9650904,-0.2179463,-0.1452587,0.0,0.0,0.0,0.0,0.0,0.0,0.0,2.719695,0.4124003,1.803497,2.154863,0.1226602,-2.482123,0.100892,-0.7348769,0.1452939,0.6547264,20.22206,263.855,2.563472,0.6702195,0.03420443,-0.7413711,0.0,0.0,0.0,0.9477624,-0.1779083,-2.524945,0.1684442,0.1914036,1.213636,-0.1223086,0.04196917,0.9916045,-0.3385419,0.937421,-0.08143301,-0.9329685,-0.3456596,-0.1004464,moving,-2.032619923058318,7.719754976880974,7.901773442635254,8.96234826876338,-1.2071006000000002,-0.3005685,-0.04282200000000014,-0.03514741825241635,0.13424487268290117,0.9903247613435106,-1.6017353973908621,8.913517628513763,9.898618325728933,10.011803515519452,9.50363428925386
05/17/2023 13:13:51.293858,1542,True,True,True,True,Eyes,2.11466,0.1117673,-2.369139,-0.9659449,-0.216838,-0.1411796,0.0,0.0,0.0,0.0,0.0,0.0,0.0,2.718187,0.4122082,1.815393,2.156578,0.1227302,-2.487612,0.1003862,-0.7338017,0.144031,0.6562872,20.06858,264.0673,2.545997,0.6697997,0.0342954,-0.7417465,0.0,0.0,0.0,0.9483859,-0.1754805,-2.524566,0.1682933,0.183935,1.213425,-0.1184196,0.04172423,0.9920866,-0.3363785,0.9383554,-0.07961603,-0.9342518,-0.3431448,-0.0970846,moving,-2.0076428496570466,7.6298169631218045,7.896139464904884,8.61946671853414,-1.2081921000000002,-0.2982107,-0.03695400000000015,-0.03472302254756293,0.13269213646244307,0.9905488661153287,-1.6077357434628194,8.877219405851868,9.84754899554738,9.953105584319768,9.50736979527176
05/17/2023 13:13:51.314193,1543,True,True,True,True,Eyes,2.116099,0.1120928,-2.374038,-0.966774,-0.215709,-0.1371771,0.0,0.0,0.0,0.0,0.0,0.0,0.0,2.716422,0.4103344,1.828146,2.158291,0.1223552,-2.493241,0.09956632,-0.7326488,0.1429611,0.6579319,19.90712,264.3006,2.573814,0.6693701,0.03438323,-0.7421305,0.0,0.0,0.0,0.9489591,-0.1732484,-2.524218,0.1665256,0.1778185,1.213377,-0.1144244,0.0422231,0.9925342,-0.3340117,0.9392973,-0.07846494,-0.9355978,-0.3404963,-0.09337554,moving,-2.0023111988738123,7.535540292859009,7.814536181367748,8.337259928249342,-1.2093319,-0.29560359999999997,-0.030977000000000032,-0.0346384214837927,0.13106245217805557,0.9907687469372435,-1.6236357842482008,8.840536932932826,9.750838850650265,9.84953028629924,9.451580703563929
05/17/2023 13:13:51.333733,1544,True,True,True,True,Eyes,2.117565,0.1123883,-2.378976,-0.9675924,-0.2145748,-0.1331267,0.0,0.0,0.0,0.0,0.0,0.0,0.0,2.713777,0.4123166,1.841349,2.160323,0.1223147,-2.49864,0.09935354,-0.7313452,0.141884,0.6596452,19.79213,264.5434,2.549987,0.6689322,0.03446735,-0.7425215,0.0,0.0,0.0,0.9495651,-0.1708889,-2.52385,0.1643289,0.1752275,1.212674,-0.109994,0.04186277,0.9930503,-0.3325097,0.9399956,-0.07645626,-0.9366635,-0.3386086,-0.08947411,moving,-2.008817438953394,7.4864429766176,7.717117965709149,8.222147095332774,-1.2107579,-0.2932036,-0.025209999999999955,-0.03475485618815255,0.13021289229035815,0.9908767926631497,-1.636194800776193,8.82204198474794,9.658369213922752,9.753721343464903,9.372530799418271
05/17/2023 13:13:51.344050,1545,True,True,True,True,Eyes,2.119067,0.1126911,-2.383951,-0.9684038,-0.2134426,-0.1289814,0.0,0.0,0.0,0.0,0.0,0.0,0.0,2.709672,0.418273,1.856393,2.162373,0.1218886,-2.504548,0.09963067,-0.7296681,0.1408097,0.6616879,19.71475,264.8389,2.493113,0.6684855,0.03454738,-0.74292,0.0,0.0,0.0,0.9501673,-0.1685441,-2.523484,0.1604411,0.1744826,1.211928,-0.1044858,0.04094955,0.9936829,-0.3317388,0.9404927,-0.07363992,-0.9375671,-0.3373376,-0.08468358,moving,-2.064721808275442,7.475203162422313,7.5412508893465535,8.192640780911677,-1.2122057000000002,-0.2904327,-0.01893599999999962,-0.03572258870480999,0.13001405213526618,0.990868360479209,-1.6641505850620668,8.821374991445312,9.539244953317414,9.632726934979674,9.226847945671357
05/17/2023 13:13:51.364194,1546,True,True,True,True,Eyes,2.120602,0.112982,-2.388983,-0.9692042,-0.2122717,-0.1248351,0.0,0.0,0.0,0.0,0.0,0.0,0.0,2.706148,0.4269305,1.87026,2.164603,0.1221844,-2.510566,0.1003588,-0.7281681,0.1389563,0.6636191,19.60703,265.0916,2.32844,0.6680332,0.03462353,-0.7433235,0.0,0.0,0.0,0.9507634,-0.1662228,-2.523122,0.1563915,0.1743957,1.211366,-0.09907544,0.03827204,0.9943436,-0.3305843,0.9412385,-0.06916714,-0.9385617,-0.3355672,-0.08060157,moving,-2.0937735211525474,7.430576675232285,7.3563901337266815,8.192363297364091,-1.2138396,-0.2884072,-0.012556000000000012,-0.036228699411648524,0.129239889418783,0.9909512553261641,-1.686230597480335,8.806080957063978,9.389157365221857,9.480818106137221,9.063423142184327
05/17/2023 13:13:51.384031,1547,True,True,True,True,Eyes,2.122173,0.1132557,-2.394049,-0.969985,-0.2110482,-0.1207798,0.0,0.0,0.0,0.0,0.0,0.0,0.0,2.703966,0.4365065,1.882424,2.166864,0.1221965,-2.516994,0.101185,-0.726892,0.1366881,0.6653616,19.47309,265.3019,2.114915,0.6675745,0.0346959,-0.7437322,0.0,0.0,0.0,0.9513635,-0.1638861,-2.522758,0.1529031,0.1739392,1.210552,-0.09411108,0.0347929,0.9949535,-0.3289951,0.942156,-0.06406574,-0.9396304,-0.3333642,-0.07722063,moving,-2.093332626941912,7.359926017412165,7.198826860237889,8.176629059760607,-1.2155004999999999,-0.2860826,-0.005764000000000102,-0.03622686633756678,0.12801788056312866,0.9911100037068363,-1.6997844237816853,8.778824235810472,9.238524234539366,9.327981121044724,8.918964167106974
05/17/2023 13:13:51.394149,1548,True,True,True,True,Eyes,2.123782,0.1135049,-2.399187,-0.970753,-0.2097833,-0.1167459,0.0,0.0,0.0,0.0,0.0,0.0,0.0,2.702851,0.4454225,1.893477,2.169317,0.1220555,-2.523535,0.1019021,-0.7258127,0.1342759,0.6669196,19.31973,265.4796,1.893354,0.667111,0.03476416,-0.744145,0.0,0.0,0.0,0.9519725,-0.1615149,-2.522388,0.1491954,0.1737675,1.209554,-0.08966828,0.03117869,0.9954835,-0.3270262,0.9431719,-0.0589972,-0.9407516,-0.3308393,-0.07437637,moving,-2.063254065422693,7.27133577564971,7.031769932683579,8.175315549341274,-1.2173444999999998,-0.2835704,0.0011470000000000091,-0.03571362709402515,0.12648762191344617,0.9913250947480197,-1.703170979063163,8.742711010279121,9.052760307468999,9.139838125337475,8.753349664031472
05/17/2023 13:13:51.413914,1549,True,True,True,True,Eyes,2.125432,0.1137304,-2.404434,-0.9715203,-0.2084905,-0.1126053,0.0,0.0,0.0,0.0,0.0,0.0,0.0,2.70233,0.4539468,1.904212,2.171814,0.1217243,-2.530431,0.1025634,-0.7247598,0.1320393,0.6684082,19.17789,265.6529,1.689367,0.6666421,0.034828,-0.7445622,0.0,0.0,0.0,0.9525529,-0.1592549,-2.522036,0.1449062,0.1733925,1.208331,-0.08542239,0.02784464,0.9959558,-0.3251801,0.9440928,-0.05428514,-0.9417861,-0.3285021,-0.0715922,moving,-2.019690754084105,7.19657868936462,6.8384018576193695,8.166056130056104,-1.2192610999999998,-0.2809792,0.008395000000000152,-0.034965655909501514,0.1251973837887765,0.9915154832324578,-1.6976486262197938,8.71104493661532,8.826708970455364,8.910987107247175,8.553430344717006
05/17/2023 13:13:51.433718,1550,True,True,True,True,Eyes,2.127122,0.1139298,-2.409755,-0.9722701,-0.2071996,-0.1084399,0.0,0.0,0.0,0.0,0.0,0.0,0.0,2.701583,0.4608855,1.91561,2.174396,0.1213891,-2.537281,0.1030231,-0.7236272,0.1302756,0.669909,19.06097,265.8439,1.542646,0.6661677,0.03488694,-0.7449841,0.0,0.0,0.0,0.9531885,-0.1567797,-2.52165,0.1397025,0.1743243,1.207108,-0.08121627,0.02544494,0.9963717,-0.3236462,0.9448291,-0.05050971,-0.9426861,-0.3265741,-0.06850036,moving,-1.9841697070640052,7.149233418111109,6.601655218769572,8.217547295270103,-1.2212075000000002,-0.2781688,0.01563099999999995,-0.034354508298475195,0.12438066521604332,0.9916396782028062,-1.690495468338269,8.690470202107129,8.56983618256655,8.65203352959266,8.305625749665959
05/17/2023 13:13:51.444220,1551,True,True,True,True,Eyes,2.128855,0.1141246,-2.415188,-0.9730264,-0.2058754,-0.1040917,0.0,0.0,0.0,0.0,0.0,0.0,0.0,2.698967,0.4694346,1.92955,2.176992,0.1209653,-2.544411,0.103671,-0.7220882,0.1287687,0.6717587,18.98063,266.0999,1.410906,0.6656886,0.03494051,-0.7454098,0.0,0.0,0.0,0.9537726,-0.1545055,-2.521295,0.1341679,0.175849,1.206041,-0.07598547,0.02328376,0.9968371,-0.3227222,0.9453419,-0.04668092,-0.9434387,-0.3252486,-0.06431808,moving,-1.99949530201809,7.141958495043613,6.347857054378743,8.295657357077781,-1.2232193999999998,-0.2754708,0.02311600000000036,-0.03462031011517552,0.12425362046754101,0.9916464134757141,-1.6989758361434713,8.688671177697376,8.345838394163245,8.426702345882564,8.056424730064082
05/17/2023 13:13:51.464702,1552,True,True,True,True,Eyes,2.13063,0.1142911,-2.420704,-0.9737713,-0.204562,-0.0996182,0.0,0.0,0.0,0.0,0.0,0.0,0.0,2.694049,0.4796885,1.946356,2.179693,0.1210589,-2.551584,0.1045429,-0.7201852,0.1270031,0.673999,18.89622,266.4131,1.248798,0.6652034,0.03498907,-0.7458405,0.0,0.0,0.0,0.9543638,-0.1522036,-2.520936,0.1293551,0.1775721,1.2049,-0.06959265,0.02061938,0.9973626,-0.3217804,0.945882,-0.0420078,-0.9442535,-0.3238551,-0.05919153,moving,-2.067952916678755,7.129549721768898,6.127664112495906,8.383615668894386,-1.2253292,-0.27326249999999996,0.03064800000000023,-0.035806104452328624,0.1240336550165803,0.9916317449669042,-1.732945221455405,8.688376581984912,8.210706139040585,8.291008375863424,7.866515004444487
05/17/2023 13:13:51.483930,1553,True,True,True,True,Eyes,2.132462,0.1144626,-2.426325,-0.9745501,-0.2030403,-0.09500892,0.0,0.0,0.0,0.0,0.0,0.0,0.0,2.686022,0.491785,1.967321,2.182455,0.1205498,-2.559155,0.1054977,-0.7176903,0.1252822,0.6768273,18.82236,266.8253,1.099311,0.6647137,0.03503205,-0.746275,0.0,0.0,0.0,0.9549643,-0.1498654,-2.520572,0.1248784,0.1770945,1.203995,-0.06155017,0.01815944,0.9979388,-0.3210181,0.9463492,-0.0370202,-0.9450709,-0.322635,-0.05241852,moving,-2.224622856416833,7.140955913790568,5.92154630415766,8.367582201647974,-1.2274907000000002,-0.2704152,0.038583000000000034,-0.03851659382438033,0.12421853315633968,0.9915070265683048,-1.8029357811700497,8.703042509459708,8.158821219676962,8.238002430368528,7.731762871730215
05/17/2023 13:13:51.493942,1554,True,True,True,True,Eyes,2.134345,0.1146178,-2.432042,-0.9753238,-0.2014672,-0.09030271,0.0,0.0,0.0,0.0,0.0,0.0,0.0,2.678858,0.4983622,1.988919,2.185586,0.1208236,-2.566915,0.1057207,-0.7153851,0.1233851,0.679576,18.67661,267.2225,0.9941738,0.6642182,0.03507013,-0.7467143,0.0,0.0,0.0,0.9555773,-0.1474785,-2.5202,0.1212833,0.1778056,1.202904,-0.05399939,0.01643708,0.9984058,-0.3189611,0.9471985,-0.03284521,-0.9462284,-0.3202262,-0.04590543,moving,-2.356484855248353,7.084304024345387,5.757414086548282,8.408212947504705,-1.2300087,-0.2683021,0.04671499999999984,-0.04080345689995668,0.12322692424643297,0.9915393739037301,-1.8747441992963345,8.689853534896185,8.142530439803185,8.22119765450931,7.637353044128107
05/17/2023 13:13:51.513895,1555,True,True,True,True,Eyes,2.136283,0.1147641,-2.437868,-0.9761292,-0.19967,-0.08546245,0.0,0.0,0.0,0.0,0.0,0.0,0.0,2.671913,0.5054252,2.010184,2.188658,0.120576,-2.575005,0.1059229,-0.7131261,0.1211498,0.6823154,18.50188,267.6105,0.8611163,0.6637177,0.03510313,-0.7471578,0.0,0.0,0.0,0.9561877,-0.1451015,-2.519829,0.1186458,0.1778847,1.201717,-0.04645216,0.01425197,0.9988189,-0.3163974,0.9482062,-0.0282445,-0.9474887,-0.3173357,-0.03953688,moving,-2.475152851629008,7.009996724977174,5.638552175995786,8.420089808929283,-1.2324703000000001,-0.2656775,0.05517599999999989,-0.042863908338585555,0.12193035942973529,0.9916127405211774,-1.94390914816962,8.66899549912627,8.157338476813248,8.235324631167458,7.586545575891352
05/17/2023 13:13:51.534268,1556,True,True,True,True,Eyes,2.138254,0.1149367,-2.443788,-0.9769243,-0.1978177,-0.08054223,0.0,0.0,0.0,0.0,0.0,0.0,0.0,2.667094,0.5068048,2.03004,2.191907,0.120469,-2.583087,0.1053791,-0.7112359,0.1191532,0.6847197,18.28853,267.9525,0.8010536,0.6632122,0.03513117,-0.7476053,0.0,0.0,0.0,0.9567816,-0.1427891,-2.519468,0.1159012,0.1787243,1.200603,-0.04010804,0.01327442,0.9991071,-0.3130719,0.9493955,-0.02518184,-0.9488822,-0.3138023,-0.03392246,moving,-2.5352235486128727,6.902750048246946,5.514008997932633,8.466993527307924,-1.2351254,-0.2632581,0.06361900000000009,-0.04391355732081664,0.12006854949637707,0.9917938919364345,-1.9924796380515906,8.631601857807096,8.122836306903487,8.199817208337771,7.508293251107738
05/17/2023 13:13:51.544280,1557,True,True,True,True,Eyes,2.140253,0.1151646,-2.449864,-0.9777258,-0.1958471,-0.07547333,0.0,0.0,0.0,0.0,0.0,0.0,0.0,2.660562,0.5093593,2.051327,2.194618,0.1212515,-2.591318,0.105121,-0.7090484,0.1171275,0.6873727,18.09616,268.3361,0.7202554,0.6627011,0.03515546,-0.7480573,0.0,0.0,0.0,0.957399,-0.1403851,-2.519093,0.1131103,0.1800551,1.199357,-0.03293682,0.01194872,0.9993861,-0.3100922,0.9504614,-0.0215835,-0.9501358,-0.3106126,-0.02760001,moving,-2.6301226882597284,6.8224124855393375,5.387579346203867,8.537846025211692,-1.237219,-0.2616366,0.07222499999999998,-0.045563929939239634,0.11866900737322902,0.9918879196173747,-2.051863366553119,8.606861727008523,8.1225543728253,8.199162039042436,7.439762835164003
05/17/2023 13:13:51.564222,1558,True,True,True,True,Eyes,2.142271,0.1154738,-2.456042,-0.9785094,-0.1938567,-0.07027798,0.0,0.0,0.0,0.0,0.0,0.0,0.0,2.65146,0.5160893,2.074915,2.197314,0.1227186,-2.599733,0.1055031,-0.7064319,0.114871,0.6903822,17.93706,268.7741,0.5750344,0.6621831,0.03517792,-0.7485148,0.0,0.0,0.0,0.9579732,-0.1381489,-2.518745,0.1107874,0.1808491,1.198489,-0.02448286,0.009548279,0.9996547,-0.3076713,0.9513475,-0.01662215,-0.9511776,-0.307972,-0.02035399,moving,-2.779107945284481,6.773180853032621,5.2813687323779845,8.58105534231736,-1.2393408,-0.2608675,0.08098800000000006,-0.04814796601417076,0.11780238505110895,0.991869160696661,-2.130119288860481,8.597654895678422,8.18407114850259,8.260732076526093,7.411506610273856
05/17/2023 13:13:51.583991,1559,True,True,True,True,Eyes,2.14432,0.1157731,-2.462341,-0.9792749,-0.1918577,-0.0648948,0.0,0.0,0.0,0.0,0.0,0.0,0.0,2.641747,0.524101,2.098793,2.199751,0.1249568,-2.608434,0.1061646,-0.7037206,0.1123151,0.6934637,17.77739,269.2186,0.3822289,0.6616572,0.03520118,-0.7489786,0.0,0.0,0.0,0.9585801,-0.1357859,-2.518376,0.1090432,0.1816505,1.197661,-0.0156746,0.006352541,0.9998569,-0.3051934,0.9522288,-0.01083439,-0.9521614,-0.3053195,-0.01298696,moving,-2.9293692946779415,6.720702908355599,5.202254214053791,8.624379785430888,-1.2411709,-0.2607427,0.09005799999999997,-0.05075460586493308,0.11687876509290368,0.9918484592618937,-2.209595500984056,8.587280630283551,8.274527612893609,8.351484092068288,7.4119425622180355
05/17/2023 13:13:51.593802,1560,True,True,True,True,Eyes,2.146401,0.1160657,-2.468748,-0.9800175,-0.1897999,-0.05951269,0.0,0.0,0.0,0.0,0.0,0.0,0.0,2.630264,0.5351179,2.124309,2.202536,0.1250442,-2.61735,0.1069584,-0.7006373,0.1102831,0.696782,17.67337,269.7195,0.2290251,0.6611252,0.03522459,-0.7494472,0.0,0.0,0.0,0.9591782,-0.1334571,-2.518013,0.1074117,0.1827489,1.196911,-0.006109869,0.003808568,0.9999741,-0.3035646,0.9527951,-0.005483646,-0.9527914,-0.3035902,-0.004665362,moving,-3.1311335776520757,6.728054450136913,5.128030072212971,8.68109186786188,-1.2433577999999998,-0.2585013,0.09933700000000023,-0.05424635019402596,0.11698452133080457,0.9916511573516797,-2.3011602495610677,8.603340004516792,8.408693120374949,8.486939339378239,7.429597175445966
05/17/2023 13:13:51.613860,1561,True,True,True,True,Eyes,2.148484,0.1163908,-2.4753,-0.9807343,-0.1876968,-0.05413036,0.0,0.0,0.0,0.0,0.0,0.0,0.0,2.627414,0.5337566,2.142179,2.205337,0.12516,-2.626396,0.1061795,-0.6989531,0.1086026,0.6988536,17.47106,270.0229,0.2021703,0.6605855,0.03524791,-0.7499221,0.0,0.0,0.0,0.9597845,-0.1310961,-2.517645,0.1054863,0.1833003,1.19635,-0.0006596703,0.00336576,0.9999942,-0.3002236,0.9538628,-0.003408499,-0.9538688,-0.300224,0.0003812338,moving,-3.123026680047871,6.64726669959548,5.0389346889042965,8.710904406847684,-1.2455525,-0.2562561,0.10875100000000026,-0.05411495009265305,0.11558698413167709,0.9918221479056981,-2.31315458480022,8.571674056163445,8.341952056822228,8.418801219595382,7.353407494425469
05/17/2023 13:13:51.633880,1562,True,True,True,True,Eyes,2.150574,0.1166909,-2.481948,-0.9814213,-0.1855674,-0.04875491,0.0,0.0,0.0,0.0,0.0,0.0,0.0,2.623367,0.5349818,2.159731,2.207546,0.1262043,-2.635054,0.1058884,-0.6972016,0.1063654,0.7009879,17.26366,270.3237,0.08823307,0.6600366,0.03527198,-0.7504041,0.0,0.0,0.0,0.9603855,-0.1287561,-2.51728,0.1041555,0.1829239,1.196198,0.005192676,0.00147056,0.9999856,-0.2967729,0.9549481,0.0001367709,-0.9549341,-0.2967693,0.005395126,moving,-3.122950344663742,6.558215187069823,4.976314448877738,8.694378214421556,-1.2471604999999997,-0.2549604,0.11777399999999982,-0.05412333960692428,0.11404526819348586,0.9920002067530165,-2.3304594419479585,8.537349789192554,8.300996579408604,8.376233203255806,7.308461029381082
05/17/2023 13:13:51.644680,1563,True,True,True,True,Eyes,2.152666,0.1170195,-2.488716,-0.9820474,-0.1835778,-0.0433805,0.0,0.0,0.0,0.0,0.0,0.0,0.0,2.620829,0.5327722,2.176593,2.209781,0.1258791,-2.644082,0.1050252,-0.6955111,0.1053207,0.7029521,17.1071,270.6276,0.1186057,0.659479,0.03529586,-0.7508931,0.0,0.0,0.0,0.9609714,-0.1264745,-2.516924,0.1032785,0.181706,1.196112,0.01034381,0.001978469,0.9999445,-0.2941631,0.9557545,0.001151908,-0.9556993,-0.2941588,0.01046814,moving,-3.1097768449317384,6.519534502962448,4.93497418319121,8.637978939131145,-1.2488096,-0.25235359999999996,0.1271580000000001,-0.053899398373123575,0.11337689611743493,0.9920888602144677,-2.331919447754916,8.521579212272421,8.245242549831172,8.319003902728943,7.26782580555548
05/17/2023 13:13:51.664232,1564,True,True,True,True,Eyes,2.154759,0.1173756,-2.495559,-0.9826231,-0.1816859,-0.03797596,0.0,0.0,0.0,0.0,0.0,0.0,0.0,2.618212,0.5340958,2.191902,2.212013,0.1268627,-2.652477,0.1049541,-0.6938028,0.1050363,0.7046914,17.07776,270.9138,0.1439438,0.6589113,0.03532034,-0.75139,0.0,0.0,0.0,0.9615752,-0.1241235,-2.516557,0.103147,0.1802788,1.196205,0.01521032,0.002401524,0.9998814,-0.2936712,0.9559041,0.002171494,-0.9557855,-0.2936694,0.01524488,moving,-3.0787801703295012,6.602187659752229,4.928340367507709,8.570487501913851,-1.2504377999999998,-0.2509862,0.13592000000000004,-0.05335383735440391,0.11481132229354919,0.9919535396192245,-2.3015384492728517,8.551400719546702,8.172103196628985,8.245494744168353,7.229904011160412
05/17/2023 13:13:51.684108,1565,True,True,True,True,Eyes,2.156853,0.1177383,-2.502484,-0.9831356,-0.1799755,-0.03245354,0.0,0.0,0.0,0.0,0.0,0.0,0.0,2.612578,0.5445312,2.208695,2.214117,0.1278829,-2.661155,0.1061098,-0.6916249,0.1041009,0.7067948,17.09718,271.2465,0.02275908,0.658334,0.03534612,-0.7518948,0.0,0.0,0.0,0.96217,-0.1218073,-2.516196,0.1031729,0.1794792,1.19622,0.02163609,0.0003796647,0.9997659,-0.2939324,0.9558074,0.00599809,-0.9555814,-0.2939933,0.0207915,moving,-3.1044267424635006,6.7148378590304905,4.929510256715041,8.532929762002386,-1.251947,-0.24969019999999997,0.14495900000000006,-0.053785551811777965,0.11675868324250402,0.9917028512361554,-2.291424186269309,8.596495802449716,8.163036704629125,8.237086977470971,7.221214224171434
05/17/2023 13:13:51.694218,1566,True,True,True,True,Eyes,2.15895,0.1181226,-2.509487,-0.9835942,-0.1783686,-0.02696247,0.0,0.0,0.0,0.0,0.0,0.0,0.0,2.605692,0.5580503,2.226109,2.216229,0.128413,-2.669916,0.1076216,-0.6892368,0.103214,0.7090255,17.15098,271.6036,359.8806,0.6577469,0.03537317,-0.7524072,0.0,0.0,0.0,0.9627894,-0.1193954,-2.51582,0.1033278,0.180641,1.196082,0.02859912,-0.001990745,0.999589,-0.2947163,0.9555289,0.01033509,-0.9551567,-0.2948907,0.02674061,moving,-3.159683395625976,6.854303075816969,4.937441476830368,8.588320023104504,-1.2534395999999997,-0.24780839999999998,0.154096,-0.05472616810429504,0.1191661579738121,0.9913648954075795,-2.2897362618242294,8.653866054775035,8.204478042550374,8.280715305674478,7.227474963524421
05/17/2023 13:13:51.714085,1567,True,True,True,True,Eyes,2.161043,0.1185056,-2.516607,-0.9839963,-0.1768874,-0.02149558,0.0,0.0,0.0,0.0,0.0,0.0,0.0,2.603508,0.5651916,2.239749,2.218375,0.1293223,-2.678853,0.1084073,-0.6875057,0.1030392,0.71061,17.20256,271.8697,359.8429,0.6571507,0.03540191,-0.7529265,0.0,0.0,0.0,0.9633687,-0.1171399,-2.515469,0.1026318,0.1823848,1.196121,0.03343759,-0.002619937,0.9994373,-0.2955025,0.9552616,0.0123906,-0.9547566,-0.2957506,0.03116747,moving,-3.1141368430888776,6.99083343538112,4.9041872680779095,8.66969421441824,-1.2550063,-0.24646220000000002,0.1633840000000002,-0.05392248839599462,0.121533469683687,0.9911215423164881,-2.242158075665417,8.703497332663039,8.11469404372283,8.1921972063121,7.146425289810633
05/17/2023 13:13:51.733863,1568,True,True,True,True,Eyes,2.163137,0.1188763,-2.52376,-0.9843487,-0.1754866,-0.01618805,0.0,0.0,0.0,0.0,0.0,0.0,0.0,2.60575,0.56353,2.249872,2.220505,0.1296515,-2.687372,0.1080314,-0.6864085,0.1041861,0.7115602,17.26371,272.0611,-0.002277149,0.6565441,0.03543205,-0.7534541,0.0,0.0,0.0,0.9639954,-0.1146996,-2.515088,0.103003,0.1833368,1.196398,0.0359772,-3.795011e-05,0.9993528,-0.2965768,0.9549489,0.01071321,-0.9543312,-0.2967702,0.03434513,moving,-2.9800102552986316,7.143004712801475,4.920703871252043,8.712268177400784,-1.2565096000000002,-0.2443511,0.17228399999999988,-0.051585140006022934,0.12418070336532694,0.990917801422653,-2.1507064129815294,8.753349753118844,7.976719297472688,8.05505254674379,7.071529615566056
05/17/2023 13:13:51.743937,1569,True,True,True,True,Eyes,2.165222,0.1192579,-2.530883,-0.9846662,-0.1741056,-0.01093812,0.0,0.0,0.0,0.0,0.0,0.0,0.0,2.611024,0.5575795,2.256855,2.222613,0.1297378,-2.695346,0.1071195,-0.6858296,0.1058037,0.7120174,17.31762,272.1807,0.2242613,0.6559281,0.03546301,-0.753989,0.0,0.0,0.0,0.9645891,-0.1123879,-2.514728,0.1044435,0.182494,1.19693,0.03688658,0.003736652,0.9993125,-0.2975995,0.954662,0.007415274,-0.9539779,-0.2976685,0.03632622,moving,-2.767988045757653,7.289845905810685,4.986968742475687,8.669031954042795,-1.2580239,-0.2421257,0.18061799999999995,-0.04790226827836558,0.12674315124753968,0.9907782164281594,-2.0243893401597193,8.796041763967395,7.798618945266148,7.876643253506183,7.012508371100453
05/17/2023 13:13:51.764545,1570,True,True,True,True,Eyes,2.167286,0.1196538,-2.538024,-0.9849566,-0.1727075,-0.005724907,0.0,0.0,0.0,0.0,0.0,0.0,0.0,2.61274,0.5573791,2.265921,2.224558,0.1302179,-2.702936,0.1069524,-0.6848783,0.1062666,0.7128887,17.3405,272.3419,0.3009494,0.6553041,0.03549507,-0.7545299,0.0,0.0,0.0,0.9652078,-0.1099786,-2.514352,0.1057547,0.1819296,1.197326,0.03929819,0.005013803,0.999215,-0.2980112,0.9545373,0.006930873,-0.9537532,-0.2980496,0.03900572,moving,-2.617770414995734,7.398226433765001,5.047592925812181,8.639811362364787,-1.2593502,-0.24019649999999998,0.18858399999999964,-0.04529338637311375,0.12863276219189265,0.9906574991598802,-1.9340479710630103,8.827963003835901,7.687346646348133,7.765264211958793,6.984175731831818
05/17/2023 13:13:51.783977,1571,True,True,True,True,Eyes,2.169325,0.1200539,-2.545164,-0.9852383,-0.1711881,-0.0003830671,0.0,0.0,0.0,0.0,0.0,0.0,0.0,2.60939,0.5644388,2.27825,2.225954,0.1311521,-2.710325,0.1076142,-0.6834853,0.103976,0.714462,17.2118,272.5521,0.08807778,0.654672,0.03552854,-0.7550768,0.0,0.0,0.0,0.9657682,-0.1077968,-2.514012,0.106496,0.1820726,1.198189,0.04407361,0.001468397,0.9990272,-0.2956792,0.9552163,0.01164034,-0.9542701,-0.2959047,0.04253403,moving,-2.545988034090043,7.348986670482743,5.079148182127688,8.640366164295372,-1.2601858000000004,-0.2389489,0.19631299999999996,-0.044057062628056975,0.1277884108833509,0.9908224449342065,-1.9105503053964694,8.804281130016108,7.656381321801819,7.73371600932663,6.99162020296331
05/17/2023 13:13:51.804039,1572,True,True,True,True,Eyes,2.171329,0.1204577,-2.552316,-0.9855062,-0.169568,0.004933596,0.0,0.0,0.0,0.0,0.0,0.0,0.0,2.605006,0.5695892,2.292339,2.227357,0.1316294,-2.717878,0.1078569,-0.6820117,0.1009651,0.7162634,16.99131,272.7842,359.8512,0.6540336,0.03556334,-0.7556282,0.0,0.0,0.0,0.966396,-0.1053518,-2.51363,0.1066318,0.1837029,1.198735,0.04933252,-0.002484136,0.9987793,-0.2917545,0.9563459,0.01678918,-0.9552202,-0.2922266,0.0464542,moving,-2.4996413637924366,7.213130252541042,5.083286745971276,8.712640686717535,-1.260961,-0.2369812,0.20424799999999976,-0.04326862885483351,0.12544300601897446,0.9911568973829915,-1.9156422743222288,8.74888573374525,7.6528712001024735,7.729769094872682,6.999022869982684
05/17/2023 13:13:51.813988,1573,True,True,True,True,Eyes,2.173288,0.1208559,-2.559489,-0.9857579,-0.1678483,0.0104042,0.0,0.0,0.0,0.0,0.0,0.0,0.0,2.601,0.5678887,2.307378,2.228533,0.1320521,-2.725416,0.1071692,-0.6805413,0.09864725,0.7180857,16.74905,273.0384,359.7492,0.6533878,0.0355995,-0.756185,0.0,0.0,0.0,0.9669797,-0.1030791,-2.513276,0.1073393,0.1840763,1.199853,0.05426447,-0.004191748,0.9985177,-0.2875404,0.957567,0.01964622,-0.95623,-0.2881803,0.05075658,moving,-2.4486143121729986,7.0672565271350125,5.112093305613848,8.722068328604394,-1.2615533,-0.2351312,0.21214000000000022,-0.0423993639117502,0.12292371387759003,0.9915099551236783,-1.9205275464394838,8.689322989522308,7.663751317400449,7.739683571047487,7.0326970861801605
05/17/2023 13:13:51.834220,1574,True,True,True,True,Eyes,2.175195,0.1212583,-2.56666,-0.9859858,-0.1660714,0.0158884,0.0,0.0,0.0,0.0,0.0,0.0,0.0,2.596775,0.5630163,2.322632,2.229485,0.1322725,-2.732535,0.1060714,-0.6790195,0.09712903,0.7198941,16.53646,273.3108,359.7487,0.6527352,0.03563667,-0.7567466,0.0,0.0,0.0,0.9675801,-0.1007413,-2.512911,0.1091709,0.1842549,1.200888,0.05899704,-0.004203863,0.9982494,-0.2838943,0.9586297,0.02081533,-0.9570389,-0.2846253,0.05536285,moving,-2.4025332059588833,6.958500476313944,5.194394062930911,8.722991971616425,-1.2619048999999998,-0.2330138,0.21962400000000004,-0.041611592746616355,0.12104548315105543,0.9917744780503167,-1.9204649554834374,8.64438912104864,7.723335385145982,7.799149579652653,7.115293195647623
05/17/2023 13:13:51.843893,1575,True,True,True,True,Eyes,2.177049,0.1216613,-2.573787,-0.9861699,-0.1643343,0.02151937,0.0,0.0,0.0,0.0,0.0,0.0,0.0,2.590014,0.5586084,2.340263,2.230137,0.1327487,-2.739692,0.1050613,-0.6770692,0.09592326,0.7220377,16.3563,273.6497,359.7762,0.6520759,0.0356749,-0.7573131,0.0,0.0,0.0,0.9681582,-0.09849045,-2.51256,0.1117548,0.18415,1.202141,0.0647523,-0.003747063,0.9978943,-0.2807878,0.9595217,0.021823,-0.9575831,-0.2816097,0.06107909,moving,-2.411110109172967,6.880351570047595,5.311130719840317,8.709154573784083,-1.2619788,-0.23123915,0.22713199999999967,-0.0417669560585317,0.1196918440083883,0.9919321050188732,-1.9396352752542532,8.61483381577353,7.859278093434139,7.935837942382353,7.251379449526238
05/17/2023 13:13:51.863896,1576,True,True,True,True,Eyes,2.178844,0.1220598,-2.580905,-0.9863256,-0.1625586,0.02713606,0.0,0.0,0.0,0.0,0.0,0.0,0.0,2.5823,0.5534741,2.358574,2.230639,0.133173,-2.746633,0.1039651,-0.6749703,0.09511747,0.7242644,16.20049,274.0135,359.8469,0.6514099,0.03571417,-0.7578842,0.0,0.0,0.0,0.9687693,-0.09611107,-2.512189,0.1148695,0.1845591,1.203264,0.07073548,-0.002566261,0.9974918,-0.2781271,0.9602879,0.02219345,-0.9579362,-0.2789993,0.0672127,moving,-2.4406610166413056,6.830323676855569,5.453210967000863,8.720184131966198,-1.2618697,-0.22928407,0.23444400000000032,-0.04228299227876764,0.11882310630685859,0.992014652801654,-1.9629971316503707,8.597490875235259,8.038705747630608,8.116944464139305,7.417222943780738
05/17/2023 13:13:51.883804,1577,True,True,True,True,Eyes,2.180577,0.1224664,-2.587975,-0.9864371,-0.1608351,0.03277075,0.0,0.0,0.0,0.0,0.0,0.0,0.0,2.576528,0.5487947,2.374417,2.231006,0.1334396,-2.753604,0.1029649,-0.6731697,0.09427447,0.7261907,16.04962,274.3254,359.8985,0.6507372,0.03575427,-0.7584599,0.0,0.0,0.0,0.9693685,-0.09377767,-2.511825,0.1177565,0.1854208,1.204486,0.0759096,-0.001703188,0.9971132,-0.2755482,0.9610211,0.02261884,-0.9582853,-0.2764698,0.07248141,moving,-2.420027330329349,6.781893668341717,5.583773619567695,8.75151825113569,-1.2616375,-0.22721726999999997,0.2417790000000002,-0.04192995598186233,0.11798631643759644,0.9921295840911252,-1.9629170045585707,8.577474003784781,8.162898736094848,8.242587618140263,7.54869729001708
05/17/2023 13:13:51.898707,1578,True,True,True,True,Eyes,2.182235,0.1228708,-2.59503,-0.986522,-0.1590723,0.03834527,0.0,0.0,0.0,0.0,0.0,0.0,0.0,2.572764,0.545031,2.387302,2.231135,0.1340542,-2.760336,0.1021765,-0.671762,0.09291902,0.7277788,15.87638,274.5673,359.8792,0.6500583,0.03579542,-0.7590398,0.0,0.0,0.0,0.9699806,-0.0913942,-2.511454,0.1196237,0.1872385,1.205691,0.0802037,-0.002027574,0.9967765,-0.2725255,0.9618521,0.0238848,-0.9587999,-0.2735626,0.07659151,moving,-2.341653049833886,6.710949372422405,5.66610804806293,8.827271184991439,-1.2611544000000001,-0.2254484,0.24888200000000005,-0.040578695340051485,0.11676428051306074,0.9923303306477279,-1.9406073215617599,8.54499537646727,8.202099921359212,8.28269616823804,7.611951021030183
05/17/2023 13:13:51.913824,1579,True,True,True,True,Eyes,2.183819,0.1232583,-2.602034,-0.9865613,-0.1573784,0.04391794,0.0,0.0,0.0,0.0,0.0,0.0,0.0,2.569083,0.5454133,2.398851,2.230997,0.1343819,-2.767082,0.1019316,-0.6704001,0.09109841,0.7292976,15.71317,274.7878,359.7742,0.6493735,0.03583746,-0.7596238,0.0,0.0,0.0,0.9705747,-0.08908094,-2.511093,0.1201974,0.1886021,1.207372,0.08452965,-0.003794278,0.9964138,-0.2695456,0.962622,0.02653221,-0.9592705,-0.2708217,0.08034734,moving,-2.2522874070598164,6.642888100372727,5.685229459244062,8.878353359198982,-1.2604222999999999,-0.22346284,0.255989,-0.03903626960481649,0.1155925203743515,0.992529336486806,-1.9126701718976846,8.512907314836708,8.165899156889976,8.24630092382504,7.60668322044792
05/17/2023 13:13:51.933712,1580,True,True,True,True,Eyes,2.185318,0.1236147,-2.609026,-0.9865704,-0.1556813,0.04941881,0.0,0.0,0.0,0.0,0.0,0.0,0.0,2.565991,0.5489228,2.408733,2.230684,0.1343937,-2.773735,0.102095,-0.6691658,0.08894388,0.7306728,15.55912,274.9777,359.6039,0.6486831,0.03587988,-0.7602115,0.0,0.0,0.0,0.9711828,-0.0867129,-2.510724,0.1191218,0.1909045,1.20907,0.08861232,-0.00665926,0.996044,-0.2666147,0.9633312,0.03015973,-0.959721,-0.2682325,0.08358753,moving,-2.1438463916124637,6.582351526384489,5.626820946245406,8.972566995274196,-1.2595012,-0.2211066,0.26301099999999966,-0.03716219833988099,0.11455198289355206,0.9927219421053255,-1.8744756886980944,8.48246872960459,8.050262811863732,8.129969302732375,7.517289904974201
05/17/2023 13:13:51.944166,1581,True,True,True,True,Eyes,2.186729,0.123949,-2.615982,-0.9865198,-0.1541359,0.05496139,0.0,0.0,0.0,0.0,0.0,0.0,0.0,2.562819,0.5556089,2.417824,2.230144,0.1339953,-2.780489,0.1026634,-0.6678932,0.08680158,0.7320139,15.44127,275.164,359.4022,0.6479862,0.0359218,-0.7608036,0.0,0.0,0.0,0.9717816,-0.08438142,-2.51036,0.1186369,0.1909291,1.211653,0.09276823,-0.01005642,0.9956369,-0.2642163,0.9638515,0.03435368,-0.9599915,-0.2662505,0.08675773,moving,-2.0331262405450947,6.5488051399738865,5.592191448424984,8.954884594295978,-1.2583624000000002,-0.21837672000000002,0.2701290000000003,-0.03524610117569421,0.11397864116903203,0.9928577579697686,-1.8299752087897543,8.462282398575983,7.917844413396613,7.995916970443782,7.438495466873551
05/17/2023 13:13:51.964747,1582,True,True,True,True,Eyes,2.18805,0.1242606,-2.622929,-0.9864359,-0.1526194,0.06042836,0.0,0.0,0.0,0.0,0.0,0.0,0.0,2.558999,0.5633256,2.42711,2.229361,0.1338376,-2.787241,0.103416,-0.6665085,0.08476896,0.7334071,15.34856,275.3637,359.197,0.6472828,0.03596269,-0.7614002,0.0,0.0,0.0,0.9723943,-0.08199561,-2.509988,0.1185511,0.1909067,1.214109,0.09716154,-0.01351498,0.9951769,-0.2621956,0.9642386,0.03869362,-0.960111,-0.2646905,0.09014332,moving,-1.9406386628770027,6.539042281540521,5.576939817868847,8.936031013649092,-1.2569667,-0.21583321,0.27725299999999997,-0.03364400648821081,0.11381575670413,0.9929320757789766,-1.789247289942954,8.452457115364052,7.813521024567814,7.89047154459279,7.382042821766572
05/17/2023 13:13:51.983864,1583,True,True,True,True,Eyes,2.189277,0.1245538,-2.629831,-0.9862956,-0.1512435,0.06592631,0.0,0.0,0.0,0.0,0.0,0.0,0.0,2.556227,0.5685564,2.435723,2.228481,0.1336,-2.793979,0.1038737,-0.6652055,0.08353543,0.7346658,15.29337,275.558,359.082,0.6465724,0.03600202,-0.7620017,0.0,0.0,0.0,0.972994,-0.07966041,-2.509624,0.1196289,0.1897555,1.216914,0.1010469,-0.01545352,0.9947618,-0.260936,0.9644642,0.04148849,-0.9600533,-0.2637614,0.0934237,moving,-1.8310952834150727,6.562317826727529,5.614430181513133,8.862857109545516,-1.255487,-0.21326041,0.28435500000000014,-0.03174405871323499,0.1142262041469109,0.9929474176634057,-1.7342248796668156,8.454246338019214,7.716935218581979,7.792838407196897,7.360006383883984
05/17/2023 13:13:51.994234,1584,True,True,True,True,Eyes,2.190409,0.1248275,-2.636713,-0.9861138,-0.149944,0.0713888,0.0,0.0,0.0,0.0,0.0,0.0,0.0,2.55321,0.572762,2.444414,2.227335,0.1334986,-2.80058,0.1042495,-0.6638194,0.08293884,0.7359329,15.28106,275.7683,359.03,0.6458557,0.03603949,-0.7626075,0.0,0.0,0.0,0.9735837,-0.07736425,-2.509266,0.1198452,0.1880856,1.219577,0.1049301,-0.01633087,0.9943455,-0.2604805,0.9645064,0.04332848,-0.9597602,-0.2635541,0.09695193,moving,-1.7329460770222407,6.625928000837566,5.612313665830391,8.767197378748566,-1.2537513,-0.21086285,0.29131399999999985,-0.03003919611384065,0.1153345966050982,0.9928723825218696,-1.6766002899400079,8.47232690620507,7.576625716762701,7.6510048515702085,7.294875958520645
05/17/2023 13:13:52.013809,1585,True,True,True,True,Eyes,2.191456,0.1250781,-2.643526,-0.9858927,-0.1485963,0.07703771,0.0,0.0,0.0,0.0,0.0,0.0,0.0,2.547809,0.5779008,2.455103,2.22616,0.133309,-2.807004,0.1047335,-0.6620602,0.08278093,0.737465,15.31267,276.0356,359.0148,0.6451306,0.03607485,-0.7632193,0.0,0.0,0.0,0.9741886,-0.07500891,-2.508899,0.1188606,0.1867031,1.222455,0.1096473,-0.01658364,0.9938322,-0.2607757,0.9643564,0.04486261,-0.9591525,-0.2640864,0.1014145,moving,-1.6776085741804985,6.736468847176721,5.55347286968001,8.683567223967426,-1.2519714000000002,-0.20831791,0.29810500000000006,-0.029073669077695596,0.11725328571797482,0.9926764194860901,-1.6295699632774927,8.51130035000594,7.415779665717117,7.488640125993823,7.185108225765747
05/17/2023 13:13:52.034281,1586,True,True,True,True,Eyes,2.192407,0.1253058,-2.650316,-0.9856232,-0.1473245,0.08271925,0.0,0.0,0.0,0.0,0.0,0.0,0.0,2.539417,0.5823545,2.468933,2.224964,0.1330609,-2.813403,0.1050688,-0.6598507,0.08279479,0.7393935,15.34549,276.3773,359.036,0.6443987,0.03610769,-0.7638357,0.0,0.0,0.0,0.974789,-0.07267133,-2.508534,0.1178307,0.1845806,1.225404,0.1154843,-0.01622354,0.9931768,-0.2610952,0.9642111,0.04610994,-0.9583802,-0.2646387,0.1071154,moving,-1.6898346634730157,6.843331510175629,5.492481716980101,8.565972742952585,-1.250175,-0.20573223000000002,0.30486900000000006,-0.02927899651553778,0.11910381204835414,0.9924500477694812,-1.6143969396250957,8.553285245225934,7.314631731441062,7.386011197242288,7.1068899817226
05/17/2023 13:13:52.044327,1587,True,True,True,True,Eyes,2.193274,0.1255032,-2.657033,-0.9853118,-0.1459921,0.08858342,0.0,0.0,0.0,0.0,0.0,0.0,0.0,2.529069,0.5873777,2.484198,2.223543,0.1327448,-2.819696,0.1054494,-0.6573742,0.08277232,0.7415447,15.37976,276.759,359.0563,0.6436596,0.03613769,-0.7644572,0.0,0.0,0.0,0.9754025,-0.07028242,-2.508162,0.1159394,0.1858094,1.227992,0.122016,-0.01588061,0.9924011,-0.2613981,0.9640583,0.04756602,-0.9574879,-0.2652155,0.1134793,moving,-1.7315808252353913,6.954540444218833,5.3935247007774185,8.604245361931733,-1.2481404999999999,-0.20302722,0.311534,-0.02999506601589752,0.1210273226421846,0.992195919145666,-1.611983865058075,8.5988802549165,7.2419886254807775,7.313593854757346,7.005510620245162
05/17/2023 13:13:52.063967,1588,True,True,True,True,Eyes,2.194048,0.1256686,-2.663733,-0.9849499,-0.1447251,0.09448948,0.0,0.0,0.0,0.0,0.0,0.0,0.0,2.517126,0.5940881,2.500564,2.222134,0.1322709,-2.826005,0.1060053,-0.6546945,0.08248324,0.7438646,15.40914,277.1669,359.0437,0.6429133,0.03616438,-0.7650837,0.0,0.0,0.0,0.9759867,-0.06800758,-2.507807,0.1187491,0.1844205,1.230678,0.1291432,-0.01608949,0.9914954,-0.2615149,0.9639188,0.04970457,-0.9565207,-0.2657098,0.120276,moving,-1.8006992350165743,7.055580803108026,5.511452895980847,8.522515068515231,-1.2461473,-0.20027847999999998,0.31819799999999976,-0.031185236582446985,0.12277237557524366,0.991944729672777,-1.6241670940989366,8.642350755670464,7.3848475861246925,7.457845863644267,7.136626180117758
05/17/2023 13:13:52.084565,1589,True,True,True,True,Eyes,2.194738,0.1258032,-2.670387,-0.9845573,-0.1433702,0.1004593,0.0,0.0,0.0,0.0,0.0,0.0,0.0,2.505189,0.6013873,2.516554,2.220633,0.1316775,-2.832337,0.1066187,-0.6520495,0.08191252,0.7461597,15.4223,277.566,359.0013,0.6421599,0.03618721,-0.7657152,0.0,0.0,0.0,0.9765754,-0.0657151,-2.507449,0.1209281,0.1820633,1.23314,0.1362434,-0.01680177,0.990533,-0.261281,0.9638456,0.05228714,-0.9555993,-0.2659312,0.1269276,moving,-1.8609761684668855,7.144759739491855,5.600812996824069,8.398591617080058,-1.2440575999999999,-0.1973926,0.32488800000000007,-0.03222255470324531,0.12431207706103395,0.9917199083677752,-1.6345847988290227,8.680670440272815,7.493051093838142,7.566398874267061,7.240894262716134
05/17/2023 13:13:52.094210,1590,True,True,True,True,Eyes,2.195334,0.1258984,-2.677022,-0.9841132,-0.1420664,0.1064812,0.0,0.0,0.0,0.0,0.0,0.0,0.0,2.492912,0.6104145,2.532244,2.219075,0.131113,-2.838659,0.1074698,-0.649383,0.08113426,0.7484446,15.44093,277.9612,358.9223,0.6413999,0.03620578,-0.766351,0.0,0.0,0.0,0.9771892,-0.06332515,-2.507077,0.1238738,0.1819079,1.235077,0.1434379,-0.01812906,0.9894933,-0.261027,0.9637349,0.05549588,-0.9546153,-0.2662447,0.1335039,moving,-1.9190587559191472,7.2353112661135315,5.7274080338717015,8.378551460169588,-1.2418858000000002,-0.19443815,0.3315819999999996,-0.03322127253571222,0.12587512270696377,0.991489636310564,-1.643723826319142,8.719375257563847,7.656087233592975,7.7314586274958295,7.379007098600106
05/17/2023 13:13:52.113783,1591,True,True,True,True,Eyes,2.195856,0.1259578,-2.683598,-0.9836508,-0.1406227,0.112501,0.0,0.0,0.0,0.0,0.0,0.0,0.0,2.479578,0.6186709,2.548793,2.217389,0.1302714,-2.844928,0.1081537,-0.6466073,0.08010872,0.7508559,15.42718,278.375,358.837,0.640632,0.03621946,-0.7669925,0.0,0.0,0.0,0.9777874,-0.06099593,-2.506713,0.1265224,0.1831983,1.237046,0.1509632,-0.01956577,0.9883458,-0.2601662,0.9637707,0.05881798,-0.9536896,-0.2660135,0.1404036,moving,-1.9963626506243204,7.300744598716553,5.839782543983368,8.423897347771721,-1.2396015999999999,-0.19126733,0.33821499999999993,-0.03455396901021729,0.12700161982035232,0.9913005229926884,-1.6666132426737639,8.749659866608392,7.838072539808102,7.916226601650774,7.513461181414512
05/17/2023 13:13:52.134336,1592,True,True,True,True,Eyes,2.19628,0.1259799,-2.690161,-0.9831429,-0.1391814,0.1185692,0.0,0.0,0.0,0.0,0.0,0.0,0.0,2.46741,0.6258346,2.564454,2.215806,0.129526,-2.851252,0.1086975,-0.644051,0.07867268,0.7531228,15.37073,278.7551,358.7216,0.6398576,0.03622781,-0.7676383,0.0,0.0,0.0,0.9783942,-0.05863298,-2.506345,0.1279665,0.1858744,1.238887,0.1580181,-0.02151308,0.9872019,-0.2585138,0.9639909,0.06238671,-0.9529957,-0.2650636,0.1467665,moving,-2.040063793142161,7.323013833432636,5.897253643222492,8.53263586573513,-1.2374118000000003,-0.18815898,0.3449070000000001,-0.03530830830008802,0.12738353746002454,0.9912249173947185,-1.6824195176632006,8.76110685884536,7.948205102104749,8.028959680223208,7.583115733031093
05/17/2023 13:13:52.143854,1593,True,True,True,True,Eyes,2.196625,0.1259651,-2.696653,-0.9826249,-0.1375596,0.1246023,0.0,0.0,0.0,0.0,0.0,0.0,0.0,2.45406,0.631186,2.581188,2.21385,0.1286557,-2.85756,0.1089619,-0.6413463,0.07707885,0.7555535,15.27912,279.1624,358.6165,0.6390745,0.03623039,-0.7682902,0.0,0.0,0.0,0.9790046,-0.05625623,-2.505974,0.1288586,0.1898679,1.240585,0.1654675,-0.02329018,0.9859403,-0.256239,0.9643723,0.06578457,-0.9523456,-0.2635215,0.1536044,moving,-2.1111485815065536,7.319960278682795,5.930003205690055,8.701431390499511,-1.2348453999999998,-0.18491193,0.35158599999999973,-0.036538333857549565,0.1273250763716276,0.991187845921919,-1.715778166523101,8.764589857605205,8.074912973782366,8.158957316809504,7.646042230046132
05/17/2023 13:13:52.164107,1594,True,True,True,True,Eyes,2.196874,0.1259175,-2.70313,-0.9820644,-0.1359319,0.1306593,0.0,0.0,0.0,0.0,0.0,0.0,0.0,2.442003,0.6327316,2.5975,2.21186,0.1278129,-2.863926,0.1087339,-0.6387972,0.07581488,0.7578702,15.16936,279.5562,358.575,0.638285,0.03622682,-0.7689464,0.0,0.0,0.0,0.9795878,-0.05398541,-2.50562,0.1321938,0.1931046,1.242353,0.1723805,-0.0240022,0.984738,-0.2538335,0.9648581,0.06795175,-0.9517634,-0.2616731,0.1602301,moving,-2.158611768444876,7.301645682820642,6.073760057938358,8.835046052004019,-1.2322722000000002,-0.18179831000000002,0.35830600000000024,-0.03736095421595681,0.12700435501780058,0.9911982005472191,-1.7412208771002744,8.760642995907563,8.286057710673875,8.373963373459437,7.815335106684408
05/17/2023 13:13:52.184020,1595,True,True,True,True,Eyes,2.197039,0.125829,-2.709541,-0.9814929,-0.1341632,0.136645,0.0,0.0,0.0,0.0,0.0,0.0,0.0,2.430291,0.6331164,2.613309,2.209728,0.1269625,-2.870108,0.1083717,-0.6363021,0.07479341,0.7601192,15.0661,279.944,358.5633,0.6374884,0.03621688,-0.7696074,0.0,0.0,0.0,0.9801766,-0.05169285,-2.505263,0.1373745,0.196629,1.243756,0.1790511,-0.02421047,0.983542,-0.2516181,0.965323,0.06956843,-0.95112,-0.2599332,0.1667504,moving,-2.2009290256601894,7.299094231835934,6.3028471819997,8.983704330581533,-1.2295514,-0.17865535,0.3648450000000003,-0.03809325506410943,0.12695671026227084,0.9911764881430816,-1.7612223628725872,8.762433710158165,8.575824753449327,8.669032297480387,8.067104704415287
05/17/2023 13:13:52.194553,1596,True,True,True,True,Eyes,2.197109,0.1257269,-2.715939,-0.9808817,-0.1323892,0.1426333,0.0,0.0,0.0,0.0,0.0,0.0,0.0,2.418281,0.6359726,2.628559,2.207513,0.1259437,-2.876264,0.1083296,-0.6337955,0.07352047,0.7623402,14.97289,280.3244,358.5039,0.6366842,0.03620016,-0.7702736,0.0,0.0,0.0,0.9807951,-0.04928425,-2.504887,0.1438528,0.2000711,1.244875,0.185796,-0.02522244,0.9822645,-0.2494128,0.9657189,0.07197416,-0.9504067,-0.2583619,0.1731359,moving,-2.241870728704086,7.3052465340596235,6.591636177029522,9.130261888784425,-1.2267179000000001,-0.17522795,0.37137699999999985,-0.0388009946706831,0.12705968606503995,0.991135907396175,-1.7788950466906213,8.767488563337789,8.920577345522496,9.020062377756853,8.37838871459957
05/17/2023 13:13:52.214049,1597,True,True,True,True,Eyes,2.197081,0.1255897,-2.7223,-0.980257,-0.1304698,0.1485723,0.0,0.0,0.0,0.0,0.0,0.0,0.0,2.407525,0.6403833,2.642068,2.205197,0.1255263,-2.882384,0.1085876,-0.6315528,0.07145693,0.7643585,14.84811,280.6537,358.3448,0.6358721,0.03617702,-0.7709453,0.0,0.0,0.0,0.9813769,-0.04701882,-2.504534,0.1485029,0.2026779,1.246252,0.1920701,-0.02792023,0.9809839,-0.246395,0.9662052,0.07574211,-0.9499466,-0.2562574,0.1786997,moving,-2.246819496208977,7.285806952609933,6.795301329186826,9.237140109105505,-1.2238201000000002,-0.17254512,0.37785,-0.0388882863098281,0.12672295943371045,0.9911755020320958,-1.7849612692935728,8.760321213350135,9.146503510440462,9.250278380064863,8.593501179276755
05/17/2023 13:13:52.233714,1598,True,True,True,True,Eyes,2.196953,0.125439,-2.728651,-0.9796,-0.1284968,0.1545075,0.0,0.0,0.0,0.0,0.0,0.0,0.0,2.395388,0.6476722,2.655806,2.202602,0.1245878,-2.888544,0.1091528,-0.6291707,0.06874803,0.7664879,14.70469,280.994,358.1063,0.6350522,0.03614722,-0.7716222,0.0,0.0,0.0,0.9819924,-0.04462235,-2.50416,0.1508806,0.2023108,1.247857,0.1988358,-0.03196248,0.9795116,-0.2427406,0.9667187,0.08082014,-0.9494954,-0.2538371,0.1844597,moving,-2.2722025967839032,7.247360577162457,6.894266896593177,9.209040607828607,-1.2206096000000002,-0.16921015,0.38438399999999984,-0.03933076797613455,0.1260556688848537,0.9912432669122598,-1.8041469757986128,8.747168424106789,9.269485496835085,9.374025363509904,8.710667586902504
05/17/2023 13:13:52.244302,1599,True,True,True,True,Eyes,2.196719,0.1252744,-2.73496,-0.9789282,-0.1263689,0.1604072,0.0,0.0,0.0,0.0,0.0,0.0,0.0,2.384958,0.6524771,2.668457,2.199974,0.124141,-2.89467,0.1094473,-0.627106,0.06536658,0.7684313,14.4887,281.2882,357.8211,0.6342242,0.03611115,-0.7723047,0.0,0.0,0.0,0.9825804,-0.04233271,-2.503803,0.1528376,0.2003955,1.249817,0.2049306,-0.03681069,0.9780842,-0.2377296,0.967497,0.08622198,-0.9494673,-0.2501891,0.1895188,moving,-2.2565606174178905,7.1451957605831105,6.9719690685568025,9.109263171496783,-1.2173936,-0.16647371,0.3908670000000001,-0.03906892479993407,0.12428923860973462,0.9914765724590167,-1.8168308026185644,8.706770095393844,9.332169710094746,9.435217059481424,8.79801135779461
05/17/2023 13:13:52.264159,1600,True,True,True,True,Eyes,2.196382,0.1250922,-2.741268,-0.978224,-0.1241212,0.1663482,0.0,0.0,0.0,0.0,0.0,0.0,0.0,2.371498,0.657529,2.683362,2.1969,0.1237062,-2.900881,0.1097418,-0.6246489,0.06135797,0.7707176,14.22996,281.6382,357.4858,0.6333867,0.03606912,-0.7729936,0.0,0.0,0.0,0.9832008,-0.03991668,-2.503427,0.1548043,0.1977729,1.251649,0.2120979,-0.04252087,0.9763228,-0.2316795,0.9683839,0.09250548,-0.9493887,-0.2458142,0.195541,moving,-2.2976330892269763,7.0030515951271255,7.050553263025552,8.979062874500357,-1.2136991999999998,-0.16362288,0.3974540000000002,-0.039791901649626205,0.1218256422437881,0.9917535518281115,-1.8634399326558815,8.654682043773862,9.453526128402467,9.554747963847644,8.919893363488024
05/17/2023 13:13:52.283810,1601,True,True,True,True,Eyes,2.19594,0.1248925,-2.747536,-0.9775025,-0.1217057,0.1722686,0.0,0.0,0.0,0.0,0.0,0.0,0.0,2.358458,0.6572292,2.699274,2.193983,0.1231158,-2.90717,0.1092789,-0.6222427,0.0573443,0.7730355,13.90525,281.9955,357.2048,0.6325399,0.03602136,-0.773689,0.0,0.0,0.0,0.9838542,-0.03737281,-2.50303,0.1563282,0.1957776,1.253108,0.2190513,-0.04733765,0.9745644,-0.2246543,0.9695396,0.09758876,-0.9494983,-0.240317,0.2017442,moving,-2.3361365174055253,6.806134909307301,7.111046369998466,8.87974305059224,-1.2101287999999997,-0.16048861,0.40413999999999994,-0.04047519075235101,0.11841316798686134,0.9921390860386342,-1.919530213889219,8.581316987020312,9.572751664535112,9.672079157640407,9.035506159196595
05/17/2023 13:13:52.294309,1602,True,True,True,True,Eyes,2.195364,0.1247058,-2.753797,-0.9767438,-0.1191614,0.1782472,0.0,0.0,0.0,0.0,0.0,0.0,0.0,2.344795,0.6540211,2.715892,2.190694,0.1225353,-2.91337,0.1084357,-0.6197321,0.05343368,0.7754474,13.55634,282.3755,356.9614,0.6316835,0.03596804,-0.7743909,0.0,0.0,0.0,0.9844044,-0.0352304,-2.502696,0.1564628,0.193779,1.254673,0.2261541,-0.05153214,0.9727275,-0.2172722,0.970773,0.1019432,-0.9495509,-0.2344015,0.2083479,moving,-2.386643726478834,6.592663704332628,7.108319723855044,8.779723147220052,-1.2062896000000003,-0.1577657,0.4106740000000002,-0.041367854245911384,0.11471167381802941,0.9925370959924853,-1.9843767039038722,8.502358919728847,9.646937091022203,9.743590710302811,9.096925812716709
05/17/2023 13:13:52.314311,1603,True,True,True,True,Eyes,2.194649,0.1246276,-2.760026,-0.9759431,-0.1165679,0.184247,0.0,0.0,0.0,0.0,0.0,0.0,0.0,2.330856,0.6480514,2.732726,2.186814,0.1226557,-2.919495,0.107342,-0.6171295,0.04984684,0.7779102,13.21047,282.7742,356.7652,0.6308162,0.03591019,-0.7751003,0.0,0.0,0.0,0.9849781,-0.03299627,-2.502347,0.1559873,0.1923034,1.256044,0.2333331,-0.05493514,0.9708439,-0.2100406,0.9719859,0.105481,-0.9494413,-0.2285288,0.2152579,moving,-2.4475890680490173,6.385648622086468,7.079280080364277,8.704531141801311,-1.2018359,-0.15565197,0.4171480000000001,-0.04244102150066664,0.11111979693905685,0.9929003561179854,-2.052777157176876,8.426573203364093,9.710808366525045,9.805021770053756,9.136286445009702
05/17/2023 13:13:52.333676,1604,True,True,True,True,Eyes,2.193785,0.1245697,-2.766244,-0.9750597,-0.1140768,0.1903814,0.0,0.0,0.0,0.0,0.0,0.0,0.0,2.317235,0.6416502,2.748645,2.18257,0.1251809,-2.925246,0.1065548,-0.6145667,0.0464712,0.7802528,12.90873,283.1594,356.5621,0.6299374,0.03585149,-0.7758173,0.0,0.0,0.0,0.9855738,-0.03067679,-2.501986,0.1566316,0.1911485,1.25709,0.2402964,-0.05845143,0.9689381,-0.2034886,0.972973,0.10916,-0.9491312,-0.2233986,0.2219077,moving,-2.488716541454724,6.217493353867701,7.102368101973485,8.64595750301191,-1.1969962,-0.15585769000000002,0.42325999999999997,-0.04316770366032502,0.10820192655981609,0.9931912730072334,-2.104476499997859,8.364464425812736,9.800986148876705,9.893752713762515,9.211146827478103
05/17/2023 13:13:52.344395,1605,True,True,True,True,Eyes,2.192799,0.1246135,-2.77245,-0.9741032,-0.1118432,0.1965047,0.0,0.0,0.0,0.0,0.0,0.0,0.0,2.296277,0.6482064,2.767386,2.177968,0.1256337,-2.931238,0.1072899,-0.6107855,0.04510672,0.7831957,12.89464,283.6996,356.4471,0.6290466,0.03579273,-0.7765427,0.0,0.0,0.0,0.9861829,-0.02830531,-2.501616,0.1583657,0.1892948,1.257891,0.2498129,-0.06040743,0.9664081,-0.201717,0.9729086,0.1129569,-0.9470501,-0.223159,0.2308599,moving,-2.692069517648816,6.315109960904957,7.175659075882688,8.55798843150437,-1.1917851,-0.15393901,0.42962200000000017,-0.04668381107571312,0.1098765082931941,0.9928483355816802,-2.1791971581740164,8.415414893123275,10.02543867769713,10.1194155675848,9.355942623472853
05/17/2023 13:13:52.364213,1606,True,True,True,True,Eyes,2.191677,0.1247589,-2.778631,-0.9730433,-0.1098232,0.2027949,0.0,0.0,0.0,0.0,0.0,0.0,0.0,2.28092,0.6515597,2.782277,2.174019,0.1280965,-2.936907,0.1079216,-0.60773,0.04503486,0.7854866,12.96054,284.1379,356.4451,0.6281418,0.03573683,-0.7772773,0.0,0.0,0.0,0.9867843,-0.0259631,-2.501251,0.1603137,0.1880736,1.25832,0.2572723,-0.06042584,0.964448,-0.201923,0.9726496,0.1148039,-0.945007,-0.22428,0.2380344,moving,-2.775674028924612,6.492481834054272,7.260537666962942,8.500731145980318,-1.1872346999999999,-0.1540596,0.43565600000000027,-0.04811586091014425,0.11294188382009276,0.9924359753692852,-2.1831940392008247,8.4892521421869,10.139565367076175,10.23516538720902,9.443738682615637
05/17/2023 13:13:52.384212,1607,True,True,True,True,Eyes,2.19043,0.1249616,-2.784808,-0.9719216,-0.1079746,0.2090694,0.0,0.0,0.0,0.0,0.0,0.0,0.0,2.255641,0.6661183,2.801908,2.169476,0.1307384,-2.942549,0.1100574,-0.6033511,0.04431543,0.7886008,13.12394,284.7353,356.2961,0.6272232,0.03568649,-0.778021,0.0,0.0,0.0,0.9873906,-0.02360253,-2.500882,0.1626543,0.1875069,1.258402,0.2680074,-0.06291214,0.9613607,-0.2027009,0.9718471,0.1201072,-0.9418517,-0.2270582,0.2477098,moving,-3.041758959896462,6.739089515471628,7.364912000912439,8.474945211661613,-1.1820854,-0.15434093000000002,0.44166700000000025,-0.052698172637235086,0.11718524161197665,0.9917109692632822,-2.2578173858650343,8.601734026060472,10.45071340259727,10.550450013366182,9.623564633471707
05/17/2023 13:13:52.393777,1608,True,True,True,True,Eyes,2.189067,0.1252356,-2.790951,-0.9707425,-0.1061359,0.2153929,0.0,0.0,0.0,0.0,0.0,0.0,0.0,2.236493,0.6655998,2.820148,2.165218,0.1322657,-2.948305,0.110004,-0.5997477,0.04438232,0.7913483,13.14048,285.2658,356.367,0.62629,0.03564284,-0.7787744,0.0,0.0,0.0,0.987974,-0.02133066,-2.500528,0.1650677,0.1881081,1.258117,0.276666,-0.06170555,0.9589829,-0.202193,0.9718587,0.1208666,-0.939454,-0.2273393,0.2564038,moving,-3.2023273398524457,6.8543468592126775,7.474637114485469,8.503619525400023,-1.177244,-0.15359636000000002,0.44777699999999987,-0.055464032068745506,0.11916205938527868,0.9913244053765684,-2.3093829806011796,8.656678352884338,10.700194689662647,10.803595248186044,9.785217229358285
05/17/2023 13:13:52.414257,1609,True,True,True,True,Eyes,2.187569,0.1255009,-2.797113,-0.9695274,-0.1043594,0.2216434,0.0,0.0,0.0,0.0,0.0,0.0,0.0,2.220517,0.6598936,2.836491,2.160933,0.1342268,-2.953673,0.1093187,-0.5966839,0.04382654,0.7937866,13.05302,285.7261,356.417,0.6253425,0.03560733,-0.779537,0.0,0.0,0.0,0.9885688,-0.01901452,-2.500167,0.1671982,0.1890522,1.257634,0.2840951,-0.06087962,0.9568615,-0.2000353,0.9722573,0.1212503,-0.9376972,-0.2258527,0.2640355,moving,-3.291341131312967,6.865793356627646,7.572872717559324,8.548903447620566,-1.1723642,-0.15324132000000001,0.4535060000000004,-0.057002779380207036,0.11934975013604014,0.9912145987464454,-2.3481819415334586,8.666924772087476,10.88779674233872,10.993816540784673,9.921756627822289
05/17/2023 13:13:52.434346,1610,True,True,True,True,Eyes,2.185971,0.1257559,-2.80325,-0.968272,-0.1026004,0.2278651,0.0,0.0,0.0,0.0,0.0,0.0,0.0,2.204543,0.6557069,2.852343,2.156466,0.1341663,-2.959302,0.1085709,-0.5936372,0.04282363,0.7962246,12.92861,286.1814,356.4289,0.6243798,0.03557894,-0.7803097,0.0,0.0,0.0,0.9891869,-0.01660818,-2.499792,0.1697406,0.1907113,1.256891,0.2915222,-0.06070892,0.9546357,-0.1970978,0.972757,0.1220502,-0.9360381,-0.223737,0.2716146,moving,-3.378602656952761,6.837513123811361,7.691148018995374,8.62782532105614,-1.1672791,-0.15077448,0.4595100000000003,-0.05851586443529472,0.11885006376460658,0.9911864445273193,-2.393908814452728,8.661746174595246,11.104388870368425,11.21358987083341,10.085113879286792
05/17/2023 13:13:52.444583,1611,True,True,True,True,Eyes,2.184246,0.1260211,-2.809425,-0.9669691,-0.1009701,0.2340424,0.0,0.0,0.0,0.0,0.0,0.0,0.0,2.194025,0.6540265,2.863494,2.152393,0.1341646,-2.964844,0.1082185,-0.5913565,0.04204269,0.7980092,12.85258,286.5167,356.4193,0.6234015,0.03555672,-0.7810924,0.0,0.0,0.0,0.9898198,-0.01414366,-2.499408,0.1720279,0.1929961,1.255829,0.2970597,-0.06089054,0.9529155,-0.1950924,0.9730424,0.1229943,-0.9347162,-0.2224432,0.2771724,moving,-3.3533665624052476,6.8567523430715624,7.800032491524082,8.736875569162626,-1.1625732,-0.14830826,0.46543599999999996,-0.058076933705011435,0.11918594746407984,0.9911719458020858,-2.378530867788839,8.667506419136583,11.198282914649136,11.310754784782434,10.178799739582407
05/17/2023 13:13:52.463884,1612,True,True,True,True,Eyes,2.182421,0.1263133,-2.815567,-0.9656186,-0.09937233,0.2402205,0.0,0.0,0.0,0.0,0.0,0.0,0.0,2.183229,0.6586298,2.873046,2.148176,0.1345358,-2.97017,0.1087889,-0.5891353,0.04043152,0.7996562,12.80459,286.8199,356.2651,0.6224066,0.03554038,-0.7818861,0.0,0.0,0.0,0.9904168,-0.01181887,-2.499045,0.1729703,0.1961128,1.254824,0.3025699,-0.06352011,0.9510083,-0.1928454,0.9730605,0.1263481,-0.9334142,-0.2216267,0.2821692,moving,-3.3147035409295302,6.896094710688297,7.848434895982632,8.882733975710801,-1.1577591999999999,-0.14635467000000002,0.4711249999999998,-0.05740331014169597,0.11987118822000267,0.9911285423573168,-2.3530497763133362,8.680133977463862,11.222644018732243,11.338535854818067,10.203496277177704
05/17/2023 13:13:52.483851,1613,True,True,True,True,Eyes,2.180483,0.1266114,-2.821743,-0.9642159,-0.09785796,0.2463974,0.0,0.0,0.0,0.0,0.0,0.0,0.0,2.169566,0.6658351,2.884095,2.143885,0.1355139,-2.975525,0.1097793,-0.5865915,0.03787734,0.8015137,12.73349,287.1559,355.9981,0.621396,0.03553016,-0.78269,0.0,0.0,0.0,0.9909858,-0.00960368,-2.498699,0.1723661,0.199138,1.254084,0.3089515,-0.06807281,0.9486386,-0.1895096,0.9730276,0.1315422,-0.9320059,-0.2204163,0.2877179,moving,-3.3198704196330167,6.899029353106379,7.82591753593526,9.022755990309955,-1.1528992,-0.14511758,0.4768260000000004,-0.05749234199007036,0.11992134537221993,0.9911173807433431,-2.3548598382162407,8.681603652153035,11.227882878948002,11.346312351599478,10.18649168555421
05/17/2023 13:13:52.494248,1614,True,True,True,True,Eyes,2.178465,0.126898,-2.827893,-0.96276,-0.09636386,0.2526009,0.0,0.0,0.0,0.0,0.0,0.0,0.0,2.153048,0.6727482,2.897501,2.13973,0.1358351,-2.981076,0.1106231,-0.5836216,0.03558135,0.8036681,12.67031,287.5563,355.7719,0.6203687,0.03552565,-0.7835047,0.0,0.0,0.0,0.991585,-0.007270239,-2.498336,0.170823,0.2023344,1.253186,0.3162397,-0.07193286,0.9459483,-0.1863152,0.972993,0.1362764,-0.9302037,-0.2193406,0.2942968,moving,-3.3830160392529303,6.906274816512041,7.76220355813623,9.171598789319031,-1.148145,-0.143105339,0.4827399999999997,-0.058583772929137246,0.12003904043862962,0.9910391496378284,-2.3825537863148094,8.688535321149569,11.252023683004614,11.37310918684075,10.156251862378818
05/17/2023 13:13:52.514061,1615,True,True,True,True,Eyes,2.176332,0.1272005,-2.834083,-0.9612447,-0.09492876,0.2588382,0.0,0.0,0.0,0.0,0.0,0.0,0.0,2.137882,0.6732672,2.911319,2.135692,0.1358449,-2.986633,0.1105583,-0.580734,0.03452655,0.8058119,12.60803,287.9682,355.7238,0.619325,0.03552599,-0.78433,0.0,0.0,0.0,0.9921984,-0.004881789,-2.497963,0.1686209,0.2057476,1.252357,0.3231119,-0.07276617,0.9435591,-0.1840538,0.9731696,0.138077,-0.9282903,-0.2182799,0.3010497,moving,-3.4333623848703425,6.920475402931853,7.668349192408101,9.329683787286754,-1.1434936000000002,-0.140726689,0.48866999999999994,-0.05945285109862575,0.12027847368284202,0.990958376420139,-2.402994057680802,8.697308374982345,11.236655385435592,11.360118176512257,10.091177013767942
05/17/2023 13:13:52.533709,1616,True,True,True,True,Eyes,2.174124,0.127529,-2.840227,-0.9596623,-0.09351178,0.265149,0.0,0.0,0.0,0.0,0.0,0.0,0.0,2.120645,0.6709512,2.926727,2.131527,0.1363139,-2.99183,0.1101681,-0.5775521,0.03404236,0.8081694,12.55587,288.4305,355.7561,0.6182649,0.03553118,-0.7851658,0.0,0.0,0.0,0.9927946,-0.002560345,-2.497601,0.1665375,0.2089287,1.251507,0.3305494,-0.0722317,0.9410207,-0.1822797,0.9734082,0.1387466,-0.9260191,-0.2173915,0.3085931,moving,-3.520145706669126,6.944913832652801,7.579794378871773,9.4776536009041,-1.1387324000000003,-0.13887424499999998,0.49422900000000025,-0.060950677432047407,0.12069022151061266,0.9908173699493528,-2.4382351821709634,8.712415498041771,11.259206756180577,11.385229055064258,10.047213824737605
05/17/2023 13:13:52.543908,1617,True,True,True,True,Eyes,2.171813,0.1278848,-2.846392,-0.9580079,-0.09219138,0.2715172,0.0,0.0,0.0,0.0,0.0,0.0,0.0,2.101414,0.6656142,2.944034,2.127427,0.1372457,-2.996921,0.109415,-0.574065,0.03412807,0.8107485,12.50939,288.9451,355.8715,0.6171889,0.03554151,-0.7860113,0.0,0.0,0.0,0.9934214,-0.0001196457,-2.497221,0.1644254,0.2124038,1.250552,0.3385693,-0.07028406,0.9383129,-0.1809612,0.9737273,0.1382326,-0.9233764,-0.2165995,0.3169555,moving,-3.64489754007343,6.971026426338239,7.49041192709296,9.639582719613731,-1.1340056,-0.1373653457,0.4996999999999998,-0.0631044909285502,0.12112551717439392,0.9906292995961905,-2.490650580802371,8.730656758985477,11.321498091189296,11.450603024292898,10.022362754780822
05/17/2023 13:13:52.564645,1618,True,True,True,True,Eyes,2.169443,0.1282527,-2.852509,-0.9562746,-0.09098085,0.2779591,0.0,0.0,0.0,0.0,0.0,0.0,0.0,2.078823,0.6628826,2.962848,2.123293,0.138087,-3.001989,0.1089875,-0.570063,0.03512648,0.8135823,12.55573,289.5297,356.058,0.6160964,0.03555727,-0.7868672,0.0,0.0,0.0,0.9939934,0.002107832,-2.496873,0.1618184,0.2152378,1.249701,0.3475886,-0.06710287,0.935243,-0.181416,0.9737757,0.1372919,-0.9199297,-0.2173891,0.3262998,moving,-3.832150869962396,7.083846738350274,7.377932330263155,9.77226015270114,-1.1292996,-0.13597916799999998,0.5051160000000001,-0.06632588450139548,0.1230501464316876,0.9901815113669512,-2.5549902128516147,8.786411156169136,11.395369209089436,11.52794569914522,9.981725727121576
05/17/2023 13:13:52.584163,1619,True,True,True,True,Eyes,2.166987,0.1286652,-2.858657,-0.9544965,-0.08984224,0.2843676,0.0,0.0,0.0,0.0,0.0,0.0,0.0,2.058219,0.6610816,2.979956,2.119406,0.1387409,-3.007042,0.1086584,-0.5662932,0.03691081,0.8161759,12.66048,290.0817,356.3088,0.6149892,0.03557829,-0.7877319,0.0,0.0,0.0,0.9945817,0.004398386,-2.496516,0.1599119,0.2172121,1.249051,0.3558992,-0.06281354,0.932411,-0.1833164,0.9736619,0.135564,-0.9163684,-0.2191733,0.3350107,moving,-3.9834277242619853,7.258683657554721,7.295702448791006,9.86517643249567,-1.1248243000000002,-0.134342514,0.510526,-0.06891386455728638,0.1260489413883788,0.9896275421474876,-2.590671913092936,8.863707570896143,11.440243977079325,11.57638035166838,9.936968245097173
05/17/2023 13:13:52.594205,1620,True,True,True,True,Eyes,2.164474,0.1291141,-2.864744,-0.9526641,-0.08871038,0.2907947,0.0,0.0,0.0,0.0,0.0,0.0,0.0,2.039892,0.6581275,2.995508,2.11574,0.1400284,-3.011876,0.1082673,-0.5629163,0.03812208,0.8185048,12.71806,290.5747,356.5039,0.6138664,0.0356053,-0.7886059,0.0,0.0,0.0,0.995203,0.006817768,-2.496139,0.1575306,0.2185436,1.248196,0.3633438,-0.05948462,0.9297541,-0.1842971,0.9736498,0.1343155,-0.9132447,-0.2201536,0.3428068,moving,-4.0764406842032885,7.387459368856188,7.193076918035044,9.931113532509762,-1.1205370000000001,-0.133210632,0.5157370000000001,-0.07050017486564386,0.12825860628595465,0.9892317381453866,-2.6084678984519036,8.91943325751481,11.415008584965523,11.553017073103968,9.85361749655506
05/17/2023 13:13:52.613705,1621,True,True,True,True,Eyes,2.161874,0.1296102,-2.870826,-0.9508359,-0.08747897,0.2970834,0.0,0.0,0.0,0.0,0.0,0.0,0.0,2.023261,0.6518586,3.010146,2.111832,0.1413401,-3.016567,0.1074504,-0.5598481,0.03843933,0.820699,12.67434,291.026,356.6379,0.6127303,0.03563876,-0.7894877,0.0,0.0,0.0,0.9957861,0.009088299,-2.495785,0.155745,0.2191437,1.247469,0.3701851,-0.05721759,0.9271942,-0.1834061,0.9739536,0.1333286,-0.9106729,-0.2194093,0.3500491,moving,-4.13613972786391,7.419264671309873,7.116485999512279,9.963525302075391,-1.1160459,-0.132251801,0.5207820000000001,-0.07152581824036613,0.12879829058469686,0.9890880057629539,-2.629790994361356,8.935604028030948,11.398343418314303,11.5366740405401,9.80033353447441
05/17/2023 13:13:52.633701,1622,True,True,True,True,Eyes,2.159215,0.1301164,-2.876843,-0.9489518,-0.08615372,0.3034273,0.0,0.0,0.0,0.0,0.0,0.0,0.0,2.004903,0.6438779,3.025737,2.107862,0.1428252,-3.020897,0.1064423,-0.5566944,0.03743247,0.823019,12.52614,291.4839,356.6587,0.6115804,0.03567936,-0.790377,0.0,0.0,0.0,0.9963868,0.01142717,-2.49542,0.1540685,0.219836,1.246543,0.3773803,-0.0568964,0.9243088,-0.1801269,0.9745377,0.1335311,-0.9083713,-0.2168849,0.3575227,moving,-4.206534743253664,7.344067366681487,7.045831946353436,10.00164207993369,-1.1114751999999999,-0.13139803,0.525477,-0.07275339684065912,0.12748871655073304,0.989168175275954,-2.67687949122958,8.911238573140835,11.424183090679588,11.561940125856776,9.783664830018132
05/17/2023 13:13:52.644113,1623,True,True,True,True,Eyes,2.156476,0.1306449,-2.882839,-0.9470652,-0.08473916,0.3096557,0.0,0.0,0.0,0.0,0.0,0.0,0.0,1.985654,0.6343037,3.042131,2.103765,0.1435373,-3.025441,0.1051199,-0.5534287,0.03597325,0.825453,12.31934,291.959,356.6574,0.6104172,0.03572676,-0.7912735,0.0,0.0,0.0,0.9970176,0.01388338,-2.495037,0.1523867,0.2211328,1.245419,0.3848453,-0.05696422,0.9212217,-0.1757411,0.9753115,0.1337257,-0.9060956,-0.2133602,0.3653331,moving,-4.299784740217264,7.212404914582077,6.975909007003195,10.068332691336696,-1.1067474000000002,-0.12965392,0.5304039999999999,-0.07438503473873892,0.12520020307981586,0.989338994777182,-2.745497047280211,8.866610410083476,11.494502972908782,11.631749350254463,9.79540055911541
05/17/2023 13:13:52.664320,1624,True,True,True,True,Eyes,2.153672,0.1311793,-2.888772,-0.9451236,-0.08327172,0.3159229,0.0,0.0,0.0,0.0,0.0,0.0,0.0,1.966231,0.6271663,3.057677,2.099647,0.1444358,-3.029754,0.1041752,-0.5501826,0.03433003,0.8278092,12.137,292.4216,356.611,0.609242,0.0357809,-0.7921764,0.0,0.0,0.0,0.9975936,0.01612653,-2.494687,0.1514343,0.2212099,1.244475,0.392241,-0.05779329,0.9180452,-0.1714682,0.975938,0.1346987,-0.9037398,-0.2102499,0.3728932,moving,-4.384892359592654,7.105781296188013,6.93794357247671,10.079254630831752,-1.1020534,-0.12830927,0.5350670000000002,-0.07587229664242401,0.12334504528160166,0.9894591814621825,-2.8054861150891997,8.831098124332803,11.570391007199552,11.70675690430097,9.823050276836437
05/17/2023 13:13:52.684482,1625,True,True,True,True,Eyes,2.150802,0.1317113,-2.894679,-0.9432628,-0.08165537,0.3218506,0.0,0.0,0.0,0.0,0.0,0.0,0.0,1.94791,0.622237,3.071885,2.09529,0.1450822,-3.034257,0.103519,-0.5470634,0.0325352,0.8300285,11.97266,292.8588,356.5275,0.6080548,0.03584135,-0.7930852,0.0,0.0,0.0,0.9982036,0.01850161,-2.494317,0.1500632,0.2216624,1.243219,0.3993264,-0.0592526,0.9148921,-0.1672731,0.9764506,0.1362498,-0.9014201,-0.207445,0.3800111,moving,-4.470987208655738,7.023052844747639,6.882610669085532,10.109441356703634,-1.0970863999999998,-0.12658059,0.5399400000000001,-0.07737290908395178,0.12190215554157949,0.9895218115070732,-2.861277363784083,8.80485943217434,11.629814272455514,11.765627004804506,9.830833535103128
05/17/2023 13:13:52.694795,1626,True,True,True,True,Eyes,2.147871,0.1322487,-2.900527,-0.9413643,-0.08000519,0.3277689,0.0,0.0,0.0,0.0,0.0,0.0,0.0,1.930798,0.6181446,3.085242,2.091166,0.1454608,-3.03886,0.1029374,-0.5440748,0.03122076,0.8321128,11.84612,293.2778,356.4821,0.6068566,0.03590744,-0.7939994,0.0,0.0,0.0,0.9988043,0.02084057,-2.493952,0.1495817,0.2201614,1.24226,0.4060157,-0.06005289,0.9118909,-0.1639697,0.9768583,0.1373382,-0.8990358,-0.2052839,0.386773,moving,-4.53671872397757,6.983991882352324,6.865983431906027,10.049977240466847,-1.0923616999999999,-0.12462023,0.544908,-0.0785147050419186,0.12121666855275114,0.9895160372150567,-2.899179941881896,8.79411473581171,11.673141625254297,11.807704377734272,9.845588166654537
05/17/2023 13:13:52.714103,1627,True,True,True,True,Eyes,2.144864,0.1327894,-2.906348,-0.9395399,-0.07823506,0.3333826,0.0,0.0,0.0,0.0,0.0,0.0,0.0,1.917409,0.6116061,3.09636,2.086762,0.1461027,-3.04336,0.1020814,-0.5415629,0.03011033,0.8338959,11.70447,293.6353,356.4666,0.6056487,0.03597878,-0.7949179,0.0,0.0,0.0,0.9993911,0.02312535,-2.493596,0.147929,0.2177135,1.241266,0.4116058,-0.06034921,0.9093617,-0.1607847,0.9773455,0.1376372,-0.8970668,-0.2028637,0.3925779,moving,-4.554769131805174,6.941913267128038,6.796222044747395,9.948277247663732,-1.0873708999999998,-0.12297735,0.5497639999999997,-0.0788334880637922,0.12048687706269906,0.9895797592429565,-2.9156931653763403,8.779081452276793,11.611014409638571,11.742368801636093,9.782040475104528
05/17/2023 13:13:52.733806,1628,True,True,True,True,Eyes,2.141793,0.1333218,-2.912115,-0.9376624,-0.0764663,0.3390311,0.0,0.0,0.0,0.0,0.0,0.0,0.0,1.902745,0.6066738,3.107687,2.08235,0.1466061,-3.047709,0.1014304,-0.5389048,0.02894785,0.8357366,11.58015,294.0083,356.4337,0.6044304,0.03605501,-0.7958412,0.0,0.0,0.0,0.9999959,0.0254804,-2.493228,0.1464904,0.213969,1.240662,0.4174874,-0.06093713,0.9066371,-0.1577082,0.9777477,0.138338,-0.8948924,-0.2007385,0.3985871,moving,-4.588715646005214,6.914811608191033,6.7339852225049155,9.785176785968764,-1.0823540999999999,-0.12112569999999999,0.5544809999999996,-0.07942437181261408,0.12001313564078922,0.989590104342448,-2.9366168454400485,8.770862119845178,11.553327516317049,11.680862605628018,9.723650476979046
05/17/2023 13:13:52.743819,1629,True,True,True,True,Eyes,2.138641,0.1338446,-2.917864,-0.9358209,-0.07465291,0.3444793,0.0,0.0,0.0,0.0,0.0,0.0,0.0,1.886411,0.6026196,3.119773,2.077737,0.1469263,-3.052229,0.1008662,-0.5359788,0.02801484,0.8377158,11.47996,294.4171,356.4203,0.6032025,0.03613546,-0.7967687,0.0,0.0,0.0,1.000591,0.02779687,-2.492867,0.1447704,0.2094741,1.239881,0.4238837,-0.06118737,0.9036474,-0.1550613,0.9780823,0.1389637,-0.8923444,-0.1990252,0.4051054,moving,-4.66970401277374,6.912693038076169,6.6597871519305665,9.589393926718255,-1.077146,-0.11912943000000001,0.5593620000000001,-0.08082357804901108,0.11996299830225428,0.9894828094749583,-2.9743581451420544,8.775354655236164,11.51769234872692,11.641395865546805,9.668475347262442
05/17/2023 13:13:52.764654,1630,True,True,True,True,Eyes,2.135431,0.1343499,-2.923565,-0.9339279,-0.07284649,0.3499601,0.0,0.0,0.0,0.0,0.0,0.0,0.0,1.870551,0.5972949,3.131695,2.073107,0.1471163,-3.056766,0.1001001,-0.5330787,0.0276162,0.8396693,11.39344,294.8276,356.4707,0.6019645,0.0362195,-0.7977007,0.0,0.0,0.0,1.001206,0.03019172,-2.492494,0.1429893,0.2041926,1.238711,0.4301291,-0.06034547,0.9007483,-0.1530994,0.9784346,0.1386587,-0.8896908,-0.1975451,0.4116143,moving,-4.7430516774961236,6.929065416447755,6.584734000002123,9.3606171593178,-1.0719009999999998,-0.11692458,0.5642719999999999,-0.08208751078275012,0.12023329042601182,0.9893460474184785,-3.004977185630187,8.786472486639422,11.466252529464638,11.58581771967731,9.606883091253188
05/17/2023 13:13:52.784322,1631,True,True,True,True,Eyes,2.132155,0.1348382,-2.929243,-0.9320337,-0.07105448,0.355337,0.0,0.0,0.0,0.0,0.0,0.0,0.0,1.854877,0.5912184,3.143608,2.068491,0.1471886,-3.061382,0.09921151,-0.5301864,0.02736511,0.8416119,11.30387,295.2387,356.5424,0.6007175,0.03630629,-0.7986362,0.0,0.0,0.0,1.001815,0.03256286,-2.492124,0.1413505,0.197435,1.237496,0.4363071,-0.0591396,0.8978523,-0.1512628,0.9788164,0.137978,-0.8869926,-0.1960124,0.4181189,moving,-4.819815624719121,6.94304549672944,6.516254533709807,9.064797596185365,-1.066676,-0.11462574,0.569258,-0.08341062010056355,0.12046140130312323,0.9892075919054037,-3.0376366692479873,8.79689230477879,11.418373654704181,11.532923246444003,9.557646695872263
05/17/2023 13:13:52.793864,1632,True,True,True,True,Eyes,2.128819,0.1353048,-2.934879,-0.9300799,-0.06927614,0.360766,0.0,0.0,0.0,0.0,0.0,0.0,0.0,1.838467,0.5857629,3.155789,2.063949,0.1472052,-3.066028,0.09840006,-0.5272054,0.02703562,0.8435882,11.21697,295.6591,356.602,0.5994614,0.03639515,-0.7995754,0.0,0.0,0.0,1.002414,0.03489739,-2.49176,0.1365277,0.198493,1.235014,0.4426472,-0.05814021,0.8948089,-0.1493679,0.9791731,0.1375116,-0.8841678,-0.1945249,0.4247439,moving,-4.903496035659397,6.9577371463137245,6.3082905834323855,9.130565737352189,-1.0615350000000001,-0.11230781000000001,0.574268,-0.08485278535437962,0.12070029572193795,0.9890557891967218,-3.0733455002528483,8.808039744910324,11.30660053399565,11.420391555374962,9.38717841646282
05/17/2023 13:13:52.813976,1633,True,True,True,True,Eyes,2.125418,0.1357514,-2.940493,-0.9281372,-0.0675223,0.366063,0.0,0.0,0.0,0.0,0.0,0.0,0.0,1.82116,0.5809295,3.168139,2.05917,0.1471382,-3.070728,0.09766499,-0.5240892,0.02669082,0.845624,11.13682,296.0954,356.6562,0.5981969,0.03648528,-0.8005177,0.0,0.0,0.0,1.003005,0.03719718,-2.491401,0.1338904,0.1991872,1.233049,0.4492364,-0.05722953,0.8915782,-0.1475111,0.9794983,0.137199,-0.8811511,-0.1931524,0.4315842,moving,-5.011563431159297,6.9759953960668115,6.197171590639706,9.176310282734134,-1.056165,-0.10994102,0.5793269999999997,-0.08671498397438104,0.12099600309048478,0.9888581909356774,-3.1196001787486263,8.822160337136959,11.308537780296403,11.422658464183955,9.323500329105903
05/17/2023 13:13:52.833699,1634,True,True,True,True,Eyes,2.121958,0.1361725,-2.946076,-0.9261347,-0.06579532,0.3714103,0.0,0.0,0.0,0.0,0.0,0.0,0.0,1.80433,0.5752653,3.180349,2.054392,0.1470605,-3.075549,0.09681693,-0.5210239,0.02632958,0.8476245,11.04416,296.5252,356.7143,0.5969236,0.03657608,-0.8014635,0.0,0.0,0.0,1.00361,0.03955495,-2.491034,0.1273455,0.2019359,1.230621,0.4556816,-0.0562527,0.8883636,-0.1455231,0.9798664,0.1366921,-0.878167,-0.1915655,0.4383211,moving,-5.107747836373058,6.98143694713835,5.907978166318276,9.318770016677723,-1.050782,-0.10750555,0.5845150000000001,-0.08837406763187433,0.12107219981595263,0.9887020098219711,-3.1628734634007003,8.83056258316574,11.147646046352191,11.260965555596568,9.083980173168134
05/17/2023 13:13:52.853600,1635,True,True,True,True,Eyes,2.118449,0.1365732,-2.951619,-0.9241492,-0.06413283,0.3766102,0.0,0.0,0.0,0.0,0.0,0.0,0.0,1.787345,0.5714576,3.192209,2.0495,0.1468955,-3.080476,0.09620412,-0.5179115,0.02616032,0.8496048,10.98595,296.9577,356.7766,0.5956416,0.03666684,-0.8024126,0.0,0.0,0.0,1.004213,0.0419031,-2.490668,0.1232314,0.2022403,1.228593,0.4621667,-0.05519858,0.8850735,-0.1441023,0.9801208,0.1363735,-0.8750066,-0.1905684,0.4450249,moving,-5.216468526352813,7.017483767063196,5.727773798005699,9.347703542178097,-1.045287,-0.10499240000000001,0.5898080000000001,-0.09024331073846376,0.12167371949954119,0.9884592340297081,-3.205965478730436,8.85158147783802,11.076936829218306,11.189564971642854,8.94750437649644
05/17/2023 13:13:52.863858,1636,True,True,True,True,Eyes,2.114886,0.136956,-2.957141,-0.9221064,-0.06249093,0.381857,0.0,0.0,0.0,0.0,0.0,0.0,0.0,1.770438,0.5673984,3.204016,2.044646,0.146832,-3.085445,0.09556101,-0.514794,0.02621524,0.851568,10.93786,297.3915,356.8624,0.5943518,0.03675699,-0.8033642,0.0,0.0,0.0,1.00481,0.04422697,-2.490305,0.120409,0.1999458,1.226765,0.4685997,-0.05374035,0.8817746,-0.1430366,0.9803617,0.1357625,-0.871754,-0.1897443,0.4517104,moving,-5.320505248492597,7.064986006220831,5.605719537078095,9.257026244253238,-1.0398360000000002,-0.10260502999999999,0.5951399999999998,-0.09202887643978808,0.12247308702236862,0.9881958948298998,-3.2446679915211702,8.876708091393512,11.032800810044938,11.143941334643344,8.858555260525277
05/17/2023 13:13:52.883905,1637,True,True,True,True,Eyes,2.111274,0.1373344,-2.962639,-0.9200695,-0.06089662,0.3869932,0.0,0.0,0.0,0.0,0.0,0.0,0.0,1.754031,0.5620354,3.215758,2.039761,0.1467567,-3.090541,0.09473515,-0.5117228,0.02635164,0.853505,10.87595,297.8212,356.9662,0.5930542,0.03684616,-0.8043185,0.0,0.0,0.0,1.005394,0.04649922,-2.489951,0.1178179,0.1988795,1.224545,0.4748906,-0.05197376,0.8785088,-0.1419388,0.9806617,0.1347444,-0.8685231,-0.1886833,0.45833,moving,-5.4230332659165486,7.0978575623536555,5.495717614314055,9.224914483606353,-1.034367,-0.10025747999999998,0.60059,-0.09379066379743556,0.12301969289719175,0.9879622900434165,-3.285523994524228,8.896097335584408,11.013517241334648,11.124005210839556,8.787395797938434
05/17/2023 13:13:52.894155,1638,True,True,True,True,Eyes,2.107606,0.1376988,-2.968125,-0.917981,-0.05927239,0.3921704,0.0,0.0,0.0,0.0,0.0,0.0,0.0,1.738327,0.5550218,3.227401,2.034888,0.1470412,-3.095731,0.09374307,-0.5087461,0.02627069,0.8553944,10.78387,298.238,357.0568,0.5917491,0.03693434,-0.8052751,0.0,0.0,0.0,1.006015,0.0489176,-2.489574,0.1175398,0.1991562,1.222233,0.4809745,-0.05043924,0.8752825,-0.1403265,0.9810442,0.1336444,-0.8654317,-0.1871048,0.4647793,moving,-5.50922050452215,7.102339256253076,5.493132581441928,9.254699766623146,-1.028873,-0.0981236,0.6061569999999996,-0.09527598506068702,0.12307952825314662,0.9878126703020016,-3.324376335264766,8.903474324481564,11.09931319466627,11.210906707078772,8.824501278112525
05/17/2023 13:13:52.919222,1639,True,True,True,True,Eyes,2.103889,0.1380439,-2.973585,-0.9159077,-0.05761906,0.3972319,0.0,0.0,0.0,0.0,0.0,0.0,0.0,1.722931,0.5486283,3.238603,2.029832,0.1470454,-3.100998,0.09284272,-0.5058438,0.02532939,0.8572403,10.64962,298.6371,357.0545,0.5904365,0.03702126,-0.8062341,0.0,0.0,0.0,1.006591,0.05116205,-2.489224,0.1172708,0.1997883,1.219758,0.486961,-0.05050108,0.8719625,-0.1373546,0.9814773,0.1335516,-0.8625559,-0.1848025,0.4710046,moving,-5.593034902589699,7.058313545247323,5.491690500889142,9.30207080119834,-1.0232409999999998,-0.09588334999999999,0.611774,-0.09673024994407531,0.12230323380374095,0.987767802228382,-3.3715803217872757,8.892001661663084,11.197230449495617,11.30953508744555,8.872751905429695
05/17/2023 13:13:52.934594,1640,True,True,True,True,Eyes,2.100111,0.1383649,-2.979043,-0.9138012,-0.0558982,0.402297,0.0,0.0,0.0,0.0,0.0,0.0,0.0,1.710224,0.5414388,3.248424,2.02469,0.1469384,-3.106334,0.09186231,-0.5033175,0.02374904,0.8588766,10.46899,298.9818,356.9876,0.5891164,0.03710657,-0.8071954,0.0,0.0,0.0,1.007208,0.05356341,-2.488849,0.1160794,0.1996895,1.217478,0.492215,-0.0516768,0.8689384,-0.1332668,0.9819946,0.1338902,-0.8602118,-0.1817034,0.4764658,moving,-5.626557567120727,6.96870550776541,5.446353605134504,9.314657909622746,-1.017482,-0.09337498999999999,0.6174849999999998,-0.09732679113343795,0.12075120823009637,0.9879001769067155,-3.404479836512394,8.859665421698509,11.2077239579433,11.318694911536177,8.862520565609007
05/17/2023 13:13:52.954136,1641,True,True,True,True,Eyes,2.096269,0.1386568,-2.9845,-0.9117014,-0.05414214,0.4072704,0.0,0.0,0.0,0.0,0.0,0.0,0.0,1.698819,0.5338832,3.257607,2.019434,0.1466429,-3.111817,0.09081959,-0.5009429,0.02204947,0.8604195,10.27524,299.3055,356.9096,0.5877888,0.03718975,-0.8081588,0.0,0.0,0.0,1.007829,0.05598167,-2.488472,0.1137702,0.200324,1.215386,0.4971398,-0.0530473,0.8660473,-0.1289344,0.9825312,0.1341949,-0.8580372,-0.178377,0.4816158,moving,-5.644435213527545,6.8677791391128915,5.34777605136779,9.359532131104277,-1.0116049999999999,-0.09066123,0.623345,-0.09765574359407253,0.11900697739961619,0.9880792923015822,-3.4323722204326277,8.821941675368533,11.161998307348453,11.271093179687139,8.79659065620869
05/17/2023 13:13:52.964088,1642,True,True,True,True,Eyes,2.092363,0.138925,-2.989963,-0.9095601,-0.05232862,0.4122645,0.0,0.0,0.0,0.0,0.0,0.0,0.0,1.686964,0.5251613,3.267129,2.013956,0.1462211,-3.11743,0.08959929,-0.4984704,0.02047018,0.862021,10.0717,299.6447,356.8541,0.5864527,0.03727029,-0.8091252,0.0,0.0,0.0,1.008416,0.05826595,-2.488116,0.1117889,0.2008157,1.213452,0.5022163,-0.05403377,0.8630522,-0.1246167,0.9831059,0.1340654,-0.8557158,-0.1748805,0.4869983,moving,-5.672587958852223,6.761735364592891,5.26349961005677,9.396784041526786,-1.0055399999999999,-0.08795515,0.6293139999999999,-0.09816279467013261,0.11717214434177048,0.9882482644944363,-3.4659970114392262,8.782919309407843,11.141766272775941,11.249066309905762,8.751053717927315
05/17/2023 13:13:52.983995,1643,True,True,True,True,Eyes,2.088404,0.1391547,-2.995423,-0.9074073,-0.05053409,0.417203,0.0,0.0,0.0,0.0,0.0,0.0,0.0,1.674389,0.5181498,3.276744,2.008506,0.145888,-3.123096,0.08863042,-0.4959041,0.01876063,0.8636389,9.886459,299.9915,356.7705,0.5851081,0.03734781,-0.8100946,0.0,0.0,0.0,1.008994,0.06051725,-2.487765,0.1087578,0.2007712,1.211516,0.5074545,-0.05549955,0.8598895,-0.1203092,0.9835854,0.1344824,-0.8532384,-0.1716963,0.4924476,moving,-5.715108885934677,6.66943040241655,5.12969255199056,9.409483376564745,-0.9995120000000002,-0.08537075,0.6353309999999999,-0.09891486366141311,0.11557126053868172,0.9883618664430367,-3.503569105684381,8.75013357087505,11.080809200899228,11.185598264248707,8.658403375689037
05/17/2023 13:13:52.994038,1644,True,True,True,True,Eyes,2.084386,0.1393464,-3.000896,-0.9052148,-0.04869269,0.4221555,0.0,0.0,0.0,0.0,0.0,0.0,0.0,1.661923,0.511289,3.286336,2.002998,0.1452117,-3.128949,0.08760892,-0.4932991,0.01760899,0.8652577,9.728609,300.3464,356.7451,0.5837551,0.03742154,-0.8110667,0.0,0.0,0.0,1.009583,0.06281078,-2.487407,0.104847,0.2002386,1.209807,0.5126919,-0.05596216,0.856747,-0.1169074,0.9840292,0.1342356,-0.8505762,-0.1689816,0.4979614,moving,-5.759436774573835,6.6124609024413505,4.953119279091637,9.397987889120259,-0.9934149999999999,-0.08240092,0.6415419999999998,-0.09969102807499997,0.11457955241391302,0.9883993643607343,-3.5350935623384636,8.731084098468607,10.966925720932124,11.068785741735235,8.51437125731574
05/17/2023 13:13:53.014072,1645,True,True,True,True,Eyes,2.080307,0.1394926,-3.006385,-0.902995,-0.04684484,0.4270898,0.0,0.0,0.0,0.0,0.0,0.0,0.0,1.649848,0.5023506,3.29599,1.997566,0.1444635,-3.134767,0.0862818,-0.490735,0.01680202,0.8668637,9.559965,300.7011,356.7705,0.5823928,0.03749087,-0.8120422,0.0,0.0,0.0,1.010197,0.06520173,-2.487034,0.09959924,0.2016588,1.207845,0.5177938,-0.05555288,0.8536999,-0.1138131,0.9845463,0.1330984,-0.8479011,-0.1660798,0.5034692,moving,-5.79728286857202,6.550135605360325,4.71396096971116,9.478535449784962,-0.9873689999999999,-0.07926177,0.6477330000000001,-0.10035643922116638,0.1134966931707973,0.988456975325587,-3.5646733376392064,8.709545674453079,10.812517408547059,10.911543093287602,8.314272744468001
05/17/2023 13:13:53.034178,1646,True,True,True,True,Eyes,2.076169,0.1396152,-3.011883,-0.9007441,-0.0449617,0.4320167,0.0,0.0,0.0,0.0,0.0,0.0,0.0,1.638942,0.4940541,3.304867,1.992113,0.1434867,-3.140584,0.0850313,-0.4883374,0.01571452,0.8683602,9.382438,301.0301,356.7604,0.5810214,0.03755498,-0.8130211,0.0,0.0,0.0,1.010815,0.06760803,-2.486659,0.0951322,0.2045086,1.205802,0.5225592,-0.0557562,0.850778,-0.1103397,0.9850455,0.1323276,-0.8454331,-0.1630236,0.5085924,moving,-5.8126151537605715,6.47899980026803,4.511027848922789,9.625980847114851,-0.981298,-0.07587867,0.6539250000000001,-0.10063509360673883,0.11226619658568832,0.9885690649972501,-3.585591730378,8.68313595801061,10.695611268350097,10.792640759150016,8.151331492267191
05/17/2023 13:13:53.044373,1647,True,True,True,True,Eyes,2.071966,0.1398655,-3.017354,-0.8984691,-0.04306235,0.4369199,0.0,0.0,0.0,0.0,0.0,0.0,0.0,1.628692,0.4879303,3.312924,1.986543,0.1430135,-3.146327,0.08416624,-0.4860385,0.0143,0.8697575,9.224841,301.3384,356.6929,0.5796405,0.03761375,-0.8140034,0.0,0.0,0.0,1.011434,0.07001851,-2.486283,0.0915933,0.2059505,1.204091,0.5271242,-0.05694101,0.8478784,-0.1066911,0.9854231,0.1325077,-0.8430641,-0.1603091,0.5133652,moving,-5.815623316935317,6.42416396438709,4.350022003207295,9.706077555271355,-0.975109,-0.07299498999999998,0.6600440000000001,-0.10069779800013723,0.11131931935784115,0.9886698393670019,-3.5976558299953787,8.662200152742301,10.587387204089138,10.682289155090693,8.015938059384688
05/17/2023 13:13:53.064574,1648,True,True,True,True,Eyes,2.067707,0.1402443,-3.02283,-0.8960886,-0.04116147,0.4419626,0.0,0.0,0.0,0.0,0.0,0.0,0.0,1.617926,0.4775303,3.321188,1.980574,0.1463284,-3.151496,0.08329674,-0.4837169,0.01194916,0.8711699,9.014896,301.644,356.5308,0.5782502,0.03767127,-0.814989,0.0,0.0,0.0,1.012007,0.07225175,-2.485935,0.08881333,0.205174,1.202486,0.5317503,-0.05976459,0.8447898,-0.1014036,0.9858378,0.1335712,-0.8408085,-0.1566912,0.5181592,moving,-5.812713565292117,6.308381811639366,4.224087669340327,9.682837699379881,-0.968567,-0.07407665,0.6655609999999998,-0.1006700417118338,0.10932151234856181,0.9888955127316748,-3.618859691861287,8.617388516203949,10.497479291073162,10.588877729099812,7.914986119539922
05/17/2023 13:13:53.084297,1649,True,True,True,True,Eyes,2.063351,0.1405465,-3.02834,-0.893555,-0.03935962,0.447225,0.0,0.0,0.0,0.0,0.0,0.0,0.0,1.594207,0.479781,3.334496,1.974951,0.1497481,-3.157166,0.08423658,-0.4797603,0.007722575,0.8733124,8.890101,302.1311,356.0919,0.5768501,0.03773116,-0.8159779,0.0,0.0,0.0,1.012598,0.07455084,-2.485577,0.08535504,0.2022325,1.201103,0.5395408,-0.06733829,0.8392623,-0.09431518,0.9856891,0.1397197,-0.8366602,-0.1545397,0.5254685,moving,-6.011730375420955,6.232061459029088,4.064827055450906,9.55738136404115,-0.9623529999999998,-0.07519726,0.671589,-0.10411987107583698,0.10796561285282129,0.9886872089923132,-3.725450614532403,8.601021756207189,10.52272560176292,10.611067907064227,7.848761040759039
05/17/2023 13:13:53.094443,1650,True,True,True,True,Eyes,2.058962,0.1409562,-3.033841,-0.8909766,-0.0374948,0.4524985,0.0,0.0,0.0,0.0,0.0,0.0,0.0,1.568249,0.4775359,3.349099,1.968278,0.1481978,-3.163516,0.08371495,-0.4752433,0.007088807,0.875834,8.822775,302.7292,356.1034,0.5754386,0.03779113,-0.8169712,0.0,0.0,0.0,1.013212,0.07694238,-2.485204,0.08177787,0.1989477,1.19972,0.5481871,-0.06715269,0.8336554,-0.09198716,0.9858831,0.139903,-0.8312816,-0.1533786,0.5342713,moving,-6.27606327673254,6.254450779454996,3.899484970456636,9.415587222653247,-0.955066,-0.07125541999999999,0.678312,-0.10867608010752561,0.10829884411461545,0.9881603737515238,-3.842926048951611,8.62697802962878,10.568454660737956,10.655260003556497,7.782469585727718
05/17/2023 13:13:53.114159,1651,True,True,True,True,Eyes,2.05452,0.1414093,-3.039284,-0.8882893,-0.035572,0.4579045,0.0,0.0,0.0,0.0,0.0,0.0,0.0,1.553956,0.4580041,3.360643,1.963095,0.1511656,-3.168892,0.08139052,-0.4723497,0.007752177,0.8776112,8.63747,303.1425,356.33,0.5740169,0.03785407,-0.8179678,0.0,0.0,0.0,1.013799,0.07922608,-2.484848,0.07810313,0.195946,1.198227,0.5536512,-0.0632828,0.8303407,-0.09049638,0.9866309,0.135535,-0.8278168,-0.1501819,0.5405226,moving,-6.313608365213545,6.20004009365608,3.7293919846309045,9.287370383657679,-0.9492960000000001,-0.07193952,0.6840440000000001,-0.10933485487108296,0.10735257631016468,0.9881908179438976,-3.870825959262886,8.608470059326361,10.423856236892588,10.506829414553996,7.6304795684846916
05/17/2023 13:13:53.133763,1652,True,True,True,True,Eyes,2.05003,0.1418959,-3.044694,-0.8855215,-0.03344767,0.4633927,0.0,0.0,0.0,0.0,0.0,0.0,0.0,1.530109,0.4359458,3.375451,1.956826,0.1527067,-3.173715,0.07865527,-0.4682659,0.006840864,0.8800532,8.328495,303.7061,356.4294,0.572585,0.03792095,-0.8189676,0.0,0.0,0.0,1.014398,0.08156177,-2.484483,0.07511902,0.1936861,1.196434,0.5613605,-0.06162252,0.8252739,-0.08570381,0.9875331,0.1320349,-0.8231216,-0.1448483,0.5490807,moving,-6.501215986842715,6.0105718807771735,3.592643315174879,9.195617024738212,-0.942428,-0.07114493,0.6892320000000001,-0.11260976730308947,0.1040459155187504,0.9881767836656445,-3.99419027634642,8.547749723098754,10.505219271235518,10.584446522043415,7.61444521852837
05/17/2023 13:13:53.144067,1653,True,True,True,True,Eyes,2.045469,0.1423605,-3.050078,-0.8826046,-0.03145484,0.4690625,0.0,0.0,0.0,0.0,0.0,0.0,0.0,1.508189,0.4056548,3.390241,1.951141,0.1539411,-3.178407,0.07472302,-0.4644588,0.006692511,0.8824113,7.937318,304.2483,356.6659,0.5711439,0.0379923,-0.8199698,0.0,0.0,0.0,1.015015,0.08396189,-2.484109,0.07263166,0.1925688,1.194685,0.5684664,-0.05760044,0.8206876,-0.08122262,0.9887434,0.1256561,-0.8186872,-0.1380897,0.5573889,moving,-6.6347276462158264,5.750202595507415,3.4790524776913743,9.156628939436702,-0.936126,-0.06997921,0.6942979999999999,-0.11496554824084743,0.09952725320520782,0.9883709649690966,-4.106426741120168,8.456158926004578,10.596969072972959,10.672033022407485,7.617752504429332
05/17/2023 13:13:53.164204,1654,True,True,True,True,Eyes,2.040879,0.1427985,-3.055421,-0.8795878,-0.02954688,0.4748182,0.0,0.0,0.0,0.0,0.0,0.0,0.0,1.480726,0.3908638,3.404831,1.945143,0.1538416,-3.182915,0.07263406,-0.4599303,0.007623196,0.8849466,7.791397,304.8657,356.915,0.5696934,0.03806713,-0.8209748,0.0,0.0,0.0,1.015597,0.08622753,-2.483756,0.07159823,0.1907307,1.192742,0.5768121,-0.05332096,0.8151348,-0.08030544,0.9893323,0.1215422,-0.81292,-0.1355668,0.5663769,moving,-6.853329920015279,5.728843337295264,3.435243879229631,9.085217411321757,-0.929546,-0.06761407,0.6991589999999999,-0.11874058718291519,0.09911446108985551,0.9879661105706703,-4.2113429211153885,8.462257316889806,10.747256903328504,10.82219930269749,7.671920813881316
05/17/2023 13:13:53.184068,1655,True,True,True,True,Eyes,2.036255,0.1432131,-3.060728,-0.8764732,-0.02796837,0.4806376,0.0,0.0,0.0,0.0,0.0,0.0,0.0,1.454254,0.3857168,3.417904,1.939827,0.1536554,-3.187344,0.07176422,-0.4555807,0.009342317,0.887248,7.808218,305.4484,357.176,0.5682344,0.03814439,-0.8219817,0.0,0.0,0.0,1.016213,0.08862806,-2.483381,0.07007492,0.1895187,1.19065,0.5847179,-0.04881088,0.8097669,-0.08196668,0.9895253,0.1188329,-0.8070852,-0.1358577,0.5745922,moving,-7.039306835165435,5.856828655113975,3.3682198934116485,9.044040419548615,-0.9236139999999999,-0.06502734,0.7039629999999999,-0.12192005472454515,0.10128176834677688,0.9873588538261915,-4.272141316003826,8.5237724322707,10.808150169890958,10.884619030420724,7.658054465001337
05/17/2023 13:13:53.194534,1656,True,True,True,True,Eyes,2.03161,0.1436187,-3.065979,-0.8732465,-0.02646552,0.4865596,0.0,0.0,0.0,0.0,0.0,0.0,0.0,1.426287,0.3890888,3.430246,1.934579,0.153529,-3.191567,0.07209362,-0.4510924,0.01036457,0.8895004,7.909302,306.0317,357.3032,0.5667676,0.03822322,-0.8229901,0.0,0.0,0.0,1.016822,0.09099878,-2.483012,0.06808984,0.1889056,1.188425,0.5928165,-0.0466032,0.8039881,-0.08348034,0.9893901,0.1189039,-0.8009992,-0.1376054,0.5826364,moving,-7.235271670436177,6.050097638375684,3.279129989735625,9.031864531801697,-0.9177570000000002,-0.06253022,0.708555,-0.12525351245232724,0.10456797471979862,0.9865988111408991,-4.324831311015408,8.611101734836122,10.850028349404695,10.929024479712496,7.61559379133562
05/17/2023 13:13:53.213904,1657,True,True,True,True,Eyes,2.026937,0.1440226,-3.071171,-0.8699628,-0.0250797,0.4924791,0.0,0.0,0.0,0.0,0.0,0.0,0.0,1.397255,0.3909799,3.442789,1.929394,0.1537184,-3.195589,0.07238201,-0.4465383,0.009866821,0.8917775,7.926874,306.6145,357.2775,0.5652938,0.03830328,-0.8239994,0.0,0.0,0.0,1.017403,0.09326117,-2.482659,0.0662868,0.1885388,1.186199,0.6010124,-0.04704465,0.797854,-0.08224069,0.989327,0.1202855,-0.7949973,-0.1379091,0.5907288,moving,-7.439619678529925,6.134445171304865,3.198458183222422,9.03125362938589,-0.911991,-0.06045723,0.7129300000000001,-0.12875219573800545,0.10597239340669995,0.9859983025345622,-4.402594338364052,8.657003705294281,10.94501536576443,11.025434224352125,7.61026033993573
05/17/2023 13:13:53.233885,1658,True,True,True,True,Eyes,2.022231,0.1444241,-3.076305,-0.8665637,-0.02355062,0.4985105,0.0,0.0,0.0,0.0,0.0,0.0,0.0,1.367196,0.3854746,3.456063,1.924002,0.1540855,-3.199478,0.07183696,-0.4418925,0.007786343,0.8941532,7.778741,307.2076,357.1326,0.5638139,0.03838445,-0.825009,0.0,0.0,0.0,1.018016,0.09564593,-2.482287,0.06466037,0.1883494,1.183998,0.6093408,-0.04956406,0.7913579,-0.0774128,0.9895576,0.121585,-0.7891205,-0.1353479,0.5991409,moving,-7.648324608259143,6.045402194716389,3.125925698734226,9.038825902536361,-0.905986,-0.05843956999999998,0.7171910000000001,-0.13236520152273212,0.10438982871880792,0.9856887001260741,-4.516128002560467,8.636368898167326,11.102743939504446,11.182354634525119,7.652643753229181
05/17/2023 13:13:53.244527,1659,True,True,True,True,Eyes,2.017494,0.1447889,-3.081377,-0.8631813,-0.02198642,0.5044152,0.0,0.0,0.0,0.0,0.0,0.0,0.0,1.337758,0.3715265,3.469593,1.918446,0.1543729,-3.203347,0.07021507,-0.4373228,0.005082766,0.8965449,7.489676,307.797,356.9763,0.5623285,0.03846658,-0.8260183,0.0,0.0,0.0,1.018617,0.09798837,-2.481922,0.06281179,0.1882687,1.181919,0.6174458,-0.05229945,0.7848729,-0.07052717,0.990088,0.1214563,-0.7834454,-0.1303475,0.6076371,moving,-7.851493492644397,5.814829690781749,3.0420596953881947,9.05064682842117,-0.899829,-0.05638453,0.721425,-0.13591605154547964,0.1003736426464753,0.9856226519917805,-4.6546685385690125,8.560827599804625,11.28731371640432,11.36397877544375,7.712298514977007
05/17/2023 13:13:53.264198,1660,True,True,True,True,Eyes,2.012725,0.1451626,-3.086386,-0.8597458,-0.02030515,0.5103185,0.0,0.0,0.0,0.0,0.0,0.0,0.0,1.312296,0.3557007,3.48137,1.912722,0.1538639,-3.207242,0.06813789,-0.4332136,0.003664046,0.8987045,7.21808,308.3367,356.9694,0.5608389,0.03854862,-0.8270267,0.0,0.0,0.0,1.019238,0.1004059,-2.481545,0.06080163,0.1884627,1.179646,0.6246251,-0.05245073,0.7791613,-0.06562231,0.9906876,0.119297,-0.7781627,-0.1256463,0.6153664,moving,-7.989477185791038,5.631228488895319,2.950543448036011,9.076984944657404,-0.893484,-0.05345799999999999,0.7256969999999998,-0.13833333965209405,0.09718192573219624,0.9856062457330986,-4.754018010393824,8.499115350009902,11.39580523018461,11.469842589198322,7.726202206462146
05/17/2023 13:13:53.284042,1661,True,True,True,True,Eyes,2.007912,0.1455412,-3.091345,-0.8563622,-0.01872184,0.5160362,0.0,0.0,0.0,0.0,0.0,0.0,0.0,1.292925,0.3364908,3.4908,1.907162,0.1544167,-3.210834,0.06563638,-0.4298922,0.003554711,0.9004842,6.965136,308.7844,357.1109,0.5593453,0.03863089,-0.8280339,0.0,0.0,0.0,1.019802,0.1026005,-2.481203,0.05905282,0.1882345,1.177575,0.6303601,-0.05003121,0.774689,-0.06283505,0.9913585,0.1151528,-0.7737558,-0.1212653,0.6217691,moving,-8.032797454557885,5.485974999953995,2.870853546948279,9.081855902540001,-0.8873599999999999,-0.05181619999999999,0.7296310000000004,-0.13911229073479658,0.09467252209143753,0.9857408222852644,-4.802268629381423,8.445976355767979,11.409853880723903,11.48128758581672,7.699425090932807
05/17/2023 13:13:53.294125,1662,True,True,True,True,Eyes,2.003071,0.145939,-3.096233,-0.8529593,-0.01707854,0.5216979,0.0,0.0,0.0,0.0,0.0,0.0,0.0,1.276284,0.3226354,3.498407,1.901541,0.1548918,-3.214342,0.06380198,-0.4269224,0.003927076,0.9020261,6.802957,309.1817,357.2643,0.5578477,0.03871355,-0.8290398,0.0,0.0,0.0,1.020421,0.1050131,-2.480826,0.05743939,0.1890192,1.175292,0.6354437,-0.04739234,0.7706915,-0.06156164,0.9918278,0.111749,-0.7696893,-0.1184552,0.627333,moving,-8.033214313186983,5.439334380585649,2.7979584174225405,9.136496221172013,-0.8811199999999999,-0.0498787,0.7335159999999998,-0.13913007476987904,0.09386982225708325,0.9858150037473479,-4.811542591026019,8.428029010493475,11.374457777238346,11.444793942915151,7.642410050905817
05/17/2023 13:13:53.314284,1663,True,True,True,True,Eyes,1.99818,0.1463786,-3.101069,-0.8496466,-0.01534871,0.5271291,0.0,0.0,0.0,0.0,0.0,0.0,0.0,1.262316,0.3070625,3.504879,1.895991,0.1557296,-3.217587,0.06175965,-0.4243224,0.004584324,0.903391,6.631121,309.5336,357.4537,0.5563468,0.03879714,-0.8300437,0.0,0.0,0.0,1.021004,0.1072813,-2.480473,0.05589676,0.1897769,1.173141,0.639859,-0.04412913,0.7672244,-0.06069488,0.9923295,0.1076958,-0.7660918,-0.1154767,0.6322725,moving,-7.998948967658025,5.394601955660035,2.7279143196740883,9.189030793521377,-0.874987,-0.0484483,0.737114,-0.13855045246583114,0.0931077835236456,0.9859689288338966,-4.804459433706396,8.40854354663655,11.30910138224005,11.378193450223428,7.572701942052457
05/17/2023 13:13:53.333714,1664,True,True,True,True,Eyes,1.993265,0.1468309,-3.105829,-0.8463331,-0.0135749,0.532481,0.0,0.0,0.0,0.0,0.0,0.0,0.0,1.251017,0.2917307,3.510121,1.890409,0.157116,-3.220677,0.05985061,-0.4220835,0.004956033,0.9045655,6.45722,309.8359,357.603,0.5548423,0.03888276,-0.8310462,0.0,0.0,0.0,1.021629,0.1097159,-2.480093,0.05470741,0.1904423,1.171047,0.6436419,-0.0415578,0.7641977,-0.05949003,0.9927866,0.1040939,-0.7630112,-0.1124613,0.6365268,moving,-7.922813488065217,5.346648804962494,2.674723035545997,9.23690107990501,-0.8687800000000001,-0.0474001,0.7405839999999997,-0.13725053408112703,0.0922994182531166,0.9862267070563451,-4.778704830264697,8.385072158855532,11.22125523324667,11.289014267506667,7.501946378212768
05/17/2023 13:13:53.344859,1665,True,True,True,True,Eyes,1.988295,0.1472796,-3.11054,-0.8430728,-0.0118452,0.5376689,0.0,0.0,0.0,0.0,0.0,0.0,0.0,1.240368,0.2785796,3.514737,1.884897,0.1578534,-3.223622,0.05816312,-0.4199561,0.005178398,0.9056638,6.298131,310.1205,357.7241,0.5533353,0.03897059,-0.832046,0.0,0.0,0.0,1.022197,0.1119289,-2.479748,0.05385232,0.1899833,1.169281,0.6472202,-0.03947214,0.7612805,-0.05823169,0.9931805,0.1010031,-0.7600758,-0.1097019,0.6405079,moving,-7.842083327819865,5.307047959197885,2.636946821725891,9.228699298414764,-0.8627,-0.04592450000000001,0.7438740000000004,-0.1358691587322025,0.09163535860542091,0.9864798191796673,-4.749206114114488,8.364518444185617,11.122477591291656,11.188807894564572,7.436535735168605
05/17/2023 13:13:53.364204,1666,True,True,True,True,Eyes,1.983299,0.147734,-3.11516,-0.8398215,-0.01010089,0.5427685,0.0,0.0,0.0,0.0,0.0,0.0,0.0,1.230523,0.2681875,3.518642,1.879289,0.1581625,-3.226486,0.05676995,-0.4179317,0.005617963,0.9066855,6.179339,310.3899,357.8519,0.5518253,0.0390604,-0.8330441,0.0,0.0,0.0,1.022806,0.114298,-2.479378,0.05329973,0.1891971,1.167454,0.6506031,-0.03726447,0.7585031,-0.05763938,0.9934912,0.09824914,-0.7572274,-0.1076408,0.6442206,moving,-7.752299915496682,5.30956371622557,2.6140048899973425,9.205299286795341,-0.8564829999999999,-0.043864500000000015,0.7471079999999999,-0.1343223774172682,0.09169818528158907,0.986685748439861,-4.707333703858486,8.35960244056945,11.008704432270738,11.074160507966782,7.37002048583308
05/17/2023 13:13:53.384084,1667,True,True,True,True,Eyes,1.978254,0.1482045,-3.119716,-0.8366224,-0.008388396,0.5477158,0.0,0.0,0.0,0.0,0.0,0.0,0.0,1.221597,0.2591949,3.521718,1.873668,0.1587354,-3.228955,0.05566127,-0.4160693,0.005470496,0.9076113,6.061148,310.6334,357.903,0.5503135,0.03915219,-0.8340392,0.0,0.0,0.0,1.023402,0.1166213,-2.479016,0.0538187,0.187659,1.165725,0.6537127,-0.03638773,0.7558675,-0.05624806,0.9937438,0.09648538,-0.7546496,-0.1055898,0.6475763,moving,-7.652497046284173,5.3008230361012885,2.643330404653689,9.145045084685442,-0.850266,-0.0421141,0.7499389999999999,-0.1326050723038697,0.09156903560408484,0.9869300935003837,-4.663035017809544,8.349691554297275,10.925287608885002,10.990091267059896,7.349528074976464
05/17/2023 13:13:53.394149,1668,True,True,True,True,Eyes,1.973176,0.1486666,-3.124177,-0.8334064,-0.006579466,0.5526213,0.0,0.0,0.0,0.0,0.0,0.0,0.0,1.212407,0.2476011,3.525024,1.867956,0.1595289,-3.231459,0.05434358,-0.4141717,0.004168604,0.9085655,5.86601,310.8775,357.843,0.5487995,0.03924629,-0.8350319,0.0,0.0,0.0,1.024023,0.1190397,-2.478639,0.054968,0.1861909,1.163971,0.6568888,-0.03744025,0.7530572,-0.05259004,0.9940588,0.09529636,-0.7521512,-0.1022024,0.6510172,moving,-7.561309635087132,5.205827063027265,2.7037583334072264,9.08814301864665,-0.843933,-0.0404892,0.7528200000000003,-0.1310535737387677,0.08995130080766595,0.9872859476569096,-4.639502891340458,8.3071037970136,10.911110581828476,10.974698063138947,7.384680607894427
05/17/2023 13:13:53.414035,1669,True,True,True,True,Eyes,1.968048,0.1491017,-3.128567,-0.8301657,-0.004775332,0.5574962,0.0,0.0,0.0,0.0,0.0,0.0,0.0,1.200385,0.2349635,3.528965,1.862104,0.1597399,-3.233694,0.05286534,-0.4119251,0.002332497,0.9096799,5.629926,311.1643,357.7362,0.5472839,0.03934231,-0.8360214,0.0,0.0,0.0,1.024625,0.1213824,-2.478274,0.05610934,0.184557,1.162199,0.6606245,-0.03930946,0.7496866,-0.04779677,0.9943997,0.09425944,-0.7491934,-0.0981027,0.6550459,moving,-7.515484319200217,5.061907405129077,2.7640138464885426,9.023215980276449,-0.8374790000000001,-0.03835749999999999,0.75542,-0.13029269375921598,0.08747993622945771,0.9876087185605936,-4.646405228281121,8.248635111983752,10.954330320415936,11.01635366924713,7.450790990575104
05/17/2023 13:13:53.434026,1670,True,True,True,True,Eyes,1.962885,0.1495317,-3.132858,-0.826887,-0.002894381,0.5623606,0.0,0.0,0.0,0.0,0.0,0.0,0.0,1.188289,0.2224197,3.53284,1.856158,0.1594686,-3.236002,0.05133393,-0.4096482,0.0005267626,0.9107978,5.390387,311.4552,357.6341,0.5457671,0.03943941,-0.8370078,0.0,0.0,0.0,1.025239,0.123775,-2.477901,0.05706102,0.1833133,1.160482,0.6643761,-0.04109816,0.7462675,-0.04301725,0.9947291,0.09307809,-0.7461594,-0.09394125,0.6591064,moving,-7.472162715910812,4.919597521990892,2.814972281767823,8.976446570509067,-0.830919,-0.03569359999999999,0.7581009999999999,-0.12957345375309487,0.08503475404482203,0.9879168706575289,-4.654148110451616,8.190950937691575,10.997620565973179,11.058172121238096,7.5103104345055955
05/17/2023 13:13:53.444032,1671,True,True,True,True,Eyes,1.957667,0.1499462,-3.137082,-0.8235465,-0.001111747,0.5672477,0.0,0.0,0.0,0.0,0.0,0.0,0.0,1.172949,0.2109649,3.537368,1.850155,0.1597273,-3.238009,0.05002649,-0.4069664,-0.001256046,0.9120713,5.177018,311.7952,357.5249,0.5442494,0.03953742,-0.8379908,0.0,0.0,0.0,1.025829,0.1260722,-2.477542,0.0581755,0.1828463,1.158766,0.6687536,-0.0430094,0.7422392,-0.03842699,0.9949915,0.0922778,-0.7424905,-0.09023312,0.6637514,moving,-7.476300076594275,4.79496785014991,2.8741043341616983,8.966994055445046,-0.8243259999999999,-0.03365509999999999,0.7604669999999998,-0.12966837014098603,0.08288460644456752,0.9880871837031595,-4.680322875902355,8.143191542576021,11.0997180927956,11.159600087989984,7.599211870474824
05/17/2023 13:13:53.464260,1672,True,True,True,True,Eyes,1.952412,0.1503412,-3.141212,-0.8201398,0.0006581441,0.5721628,0.0,0.0,0.0,0.0,0.0,0.0,0.0,1.154198,0.2031851,3.542838,1.844129,0.1597191,-3.240191,0.04914681,-0.4038207,-0.00267631,0.9135131,5.027336,312.1915,357.4349,0.5427305,0.03963594,-0.8389707,0.0,0.0,0.0,1.026388,0.1282452,-2.477204,0.05939227,0.1820857,1.157219,0.6738434,-0.04458269,0.737528,-0.03480331,0.9951548,0.09195402,-0.7380542,-0.08763102,0.6690269,moving,-7.534812062107246,4.733369029936248,2.9380292419944705,8.942041211718484,-0.8177409999999998,-0.0314739,0.7629869999999999,-0.13068899159665182,0.0818112048438964,0.988042159342898,-4.7192864167615705,8.123287797486917,11.226786764347413,11.286865220893116,7.7009635923789626
05/17/2023 13:13:53.483827,1673,True,True,True,True,Eyes,1.94712,0.1507079,-3.145247,-0.8166908,0.002199964,0.5770713,0.0,0.0,0.0,0.0,0.0,0.0,0.0,1.133781,0.1984961,3.548289,1.837958,0.1596256,-3.242166,0.04861797,-0.4004626,-0.003480869,0.9150158,4.944142,312.6136,357.3934,0.5412106,0.03973447,-0.8399473,0.0,0.0,0.0,1.027003,0.1306425,-2.47683,0.06109607,0.1816708,1.15561,0.6792352,-0.04530945,0.7325208,-0.03256925,0.9952483,0.09176032,-0.7331977,-0.08618449,0.674532,moving,-7.617069805093947,4.730184544322317,3.0263591570459227,8.93421622838446,-0.8109549999999999,-0.02898310000000001,0.765336,-0.13210812291432295,0.08174077768125745,0.987859239494195,-4.757820345558799,8.127452754293193,11.382242254751084,11.443621038496346,7.825874892425722
05/17/2023 13:13:53.494858,1674,True,True,True,True,Eyes,1.941785,0.1510562,-3.149192,-0.8131871,0.003679086,0.5819907,0.0,0.0,0.0,0.0,0.0,0.0,0.0,1.113864,0.1980654,3.553154,1.83156,0.1593659,-3.244198,0.04859101,-0.3971423,-0.003787167,0.9164621,4.936725,313.0287,357.3803,0.5396906,0.03983233,-0.8409202,0.0,0.0,0.0,1.02761,0.1330046,-2.476461,0.0630582,0.181209,1.153932,0.6845273,-0.04553667,0.7275636,-0.0316535,0.9952492,0.09207173,-0.7282997,-0.08605555,0.6798339,moving,-7.6917113223664675,4.80327976601112,3.1278955545834424,8.924621598194076,-0.8039500000000002,-0.026361300000000004,0.7677369999999999,-0.13338115164286102,0.08298669723855934,0.9875842478667606,-4.777990714465043,8.160515627050014,11.514380160280444,11.577968365367171,7.942725957394438
05/17/2023 13:13:53.513930,1675,True,True,True,True,Eyes,1.936411,0.151375,-3.153041,-0.8096737,0.004931445,0.5868596,0.0,0.0,0.0,0.0,0.0,0.0,0.0,1.094746,0.1984222,3.557477,1.825184,0.1592663,-3.246048,0.04870587,-0.3939398,-0.004206408,0.9178352,4.938924,313.4271,357.3481,0.5381702,0.0399292,-0.8418894,0.0,0.0,0.0,1.028201,0.1353046,-2.476103,0.0647999,0.1759195,1.152452,0.6895876,-0.04609593,0.7227338,-0.03065278,0.9952201,0.09272207,-0.7235533,-0.08609378,0.6848784,moving,-7.753023997976241,4.870972705884521,3.218229886409113,8.679088665561602,-0.796983,-0.023961700000000002,0.7699449999999999,-0.1344248361847014,0.08414146213011084,0.9873450194845576,-4.793069545089582,8.190622791370597,11.549616149879604,11.613361225673987,8.026177015951026
05/17/2023 13:13:53.534148,1676,True,True,True,True,Eyes,1.930987,0.1516655,-3.156797,-0.8061198,0.006130007,0.5917206,0.0,0.0,0.0,0.0,0.0,0.0,0.0,1.077176,0.2001023,3.561091,1.81862,0.15893,-3.247935,0.04896066,-0.3909149,-0.004563279,0.9191124,4.958433,313.8019,357.3151,0.5366499,0.04002447,-0.8428548,0.0,0.0,0.0,1.028802,0.1376448,-2.475738,0.06222564,0.172515,1.151544,0.6943295,-0.04666723,0.7181426,-0.02989057,0.9951641,0.09356842,-0.7190363,-0.086433,0.6895769,moving,-7.790778958818608,4.953849580146183,3.0930667565496557,8.52022540124837,-0.7898179999999999,-0.021285199999999976,0.7721969999999998,-0.13505901463548403,0.08556209458775213,0.9871363471869876,-4.79433366180511,8.225037369913913,11.390974939064279,11.453258665256906,7.892922230283664
05/17/2023 13:13:53.544762,1677,True,True,True,True,Eyes,1.925518,0.151924,-3.160452,-0.802565,0.007126322,0.596522,0.0,0.0,0.0,0.0,0.0,0.0,0.0,1.05995,0.2003452,3.564305,1.812001,0.1585425,-3.249526,0.04899488,-0.3879518,-0.004700916,0.9203644,4.964521,314.1708,357.315,0.5351301,0.04011762,-0.8438161,0.0,0.0,0.0,1.029429,0.1400869,-2.475357,0.0595668,0.1746411,1.149355,0.6989426,-0.04666842,0.7136534,-0.02936219,0.9951549,0.09383376,-0.7145747,-0.08653885,0.6941858,moving,-7.821132191756625,5.0162349687260885,2.9667730932848553,8.639837174942945,-0.782572,-0.018455600000000016,0.7741690000000001,-0.13556936946809123,0.08663076821434662,0.9869731081619522,-4.796176295409583,8.25106960063533,11.31758940494992,11.380219391027818,7.772678009429207
05/17/2023 13:13:53.564194,1678,True,True,True,True,Eyes,1.919993,0.1521447,-3.164006,-0.7989547,0.008043477,0.6013374,0.0,0.0,0.0,0.0,0.0,0.0,0.0,1.041295,0.2023403,3.567548,1.805325,0.1580746,-3.250915,0.04925262,-0.3848147,-0.004770651,0.9216663,4.997792,314.5596,357.3131,0.5336108,0.04020812,-0.8447734,0.0,0.0,0.0,1.030017,0.1423767,-2.475,0.06012332,0.1698155,1.148803,0.7037897,-0.04670018,0.7088718,-0.02911238,0.9951029,0.09446061,-0.7098116,-0.08711734,0.6989836,moving,-7.870390348114997,5.100162172050314,2.9958770226257667,8.4085431275914,-0.7753080000000001,-0.015697900000000015,0.7759149999999999,-0.13640060936723597,0.08806626143393433,0.9867315674358432,-4.802537891112155,8.28664302718994,11.296254023407343,11.358747779549132,7.799367589829827
05/17/2023 13:13:53.584128,1679,True,True,True,True,Eyes,1.919993,0.1521447,-3.164006,-0.7989547,0.008043477,0.6013374,0.0,0.0,0.0,0.0,0.0,0.0,0.0,1.021475,0.2057823,3.570685,1.798458,0.1573979,-3.252126,0.04966594,-0.381523,-0.004686732,0.9230122,5.054791,314.9667,357.3215,0.5320919,0.04029532,-0.8457268,0.0,0.0,0.0,1.030615,0.1447071,-2.474637,0.05748564,0.1637827,1.147394,0.7088364,-0.04654922,0.7038353,-0.02924558,0.9950226,0.09526074,-0.7047664,-0.08810836,0.7039469,moving,-8.280956241567521,5.139432486606112,2.868180289858355,8.123704805838694,-0.7678429999999998,-0.012690800000000002,0.7774890000000001,-0.14346019715280545,0.08865317150989954,0.9856773132355303,-4.984127287716894,8.328690973838835,11.48008294137317,11.541625824454405,7.854982725755484
05/17/2023 13:13:53.594573,1680,True,True,True,True,Eyes,1.919993,0.1521447,-3.164006,-0.7989547,0.008043477,0.6013374,0.0,0.0,0.0,0.0,0.0,0.0,0.0,1.002179,0.2129815,3.573369,1.791567,0.1564112,-3.253385,0.05052141,-0.3782908,-0.004394228,0.9242967,5.167574,315.3636,357.3327,0.5307232,0.04037371,-0.8465826,0.0,0.0,0.0,1.031224,0.1470764,-2.474267,0.05533266,0.1564102,1.146553,0.7137535,-0.04634671,0.698862,-0.03010043,0.9948565,0.09671813,-0.6997499,-0.09006895,0.7086873,moving,-8.684501096193443,5.235456088509276,2.762951263011294,7.768210834122202,-0.760343,-0.009334800000000004,0.779118,-0.1503777665818039,0.09021121425417009,0.9845041609631501,-5.151429624458068,8.392150631199998,11.663099030348484,11.724291540118188,7.93893731568135
05/17/2023 13:13:53.614429,1681,True,True,True,True,Eyes,1.913849,0.1522239,-3.167551,-0.7952133,0.008422323,0.6062712,0.0,0.0,0.0,0.0,0.0,0.0,0.0,0.9834459,0.2212768,3.575586,1.784462,0.1551713,-3.254621,0.05147724,-0.3751096,-0.003972352,0.9255413,5.296429,315.7535,357.3537,0.5294901,0.04044417,-0.847351,0.0,0.0,0.0,1.031821,0.1494034,-2.473904,0.05136138,0.1551287,1.144627,0.7185539,-0.04597238,0.6939501,-0.03126607,0.9946687,0.09826878,-0.6947681,-0.09230851,0.7132857,moving,-8.726836802607757,5.387768830498525,2.569236626608054,7.718141239680338,-0.7526409999999999,-0.00576790000000002,0.7807170000000001,-0.151068816878485,0.09281816086522121,0.9841559315228351,-5.1412845784829155,8.453625145454382,11.472562455047768,11.533946006623722,7.745519597148415
05/17/2023 13:13:53.634230,1682,True,True,True,True,Eyes,1.907663,0.1522625,-3.170993,-0.7914603,0.008745079,0.611158,0.0,0.0,0.0,0.0,0.0,0.0,0.0,0.968496,0.2286622,3.576638,1.777332,0.1541978,-3.255752,0.05232488,-0.372416,-0.003402779,0.9265834,5.418642,316.0839,357.3932,0.528217,0.04050989,-0.848142,0.0,0.0,0.0,1.032406,0.1516809,-2.473549,0.04751831,0.1572469,1.142776,0.7225894,-0.04527917,0.689793,-0.03266733,0.9945011,0.09950124,-0.6905051,-0.09443223,0.7171369,moving,-8.708905498585318,5.535639291414921,2.381071265854591,7.834745084639066,-0.744926,-0.0025168999999999886,0.782203,-0.15072439937888632,0.09536286032683425,0.983965479144957,-5.104226545797984,8.50943700025529,11.263452197341842,11.325787923330276,7.515643186722526
05/17/2023 13:13:53.643978,1683,True,True,True,True,Eyes,1.901429,0.152251,-3.174332,-0.7877905,0.00895943,0.6158782,0.0,0.0,0.0,0.0,0.0,0.0,0.0,0.9547672,0.2325185,3.577401,1.770124,0.1532742,-3.256779,0.05275034,-0.3698765,-0.003253868,0.9275765,5.477387,316.396,357.4056,0.5269076,0.04057039,-0.8489532,0.0,0.0,0.0,1.033037,0.154136,-2.473166,0.04310864,0.1612822,1.140618,0.7263616,-0.04505864,0.6858342,-0.0329858,0.9944136,0.100267,-0.6865208,-0.09545289,0.7208176,moving,-8.681444629318163,5.610025416130764,2.1644127320408684,8.048208974076662,-0.737087,0.0008617999999999959,0.7836129999999999,-0.15023409051285813,0.09664754653615643,0.9839151743457007,-5.077085003977166,8.536304285330388,11.05414621818456,11.116535474921294,7.257928526351178
05/17/2023 13:13:53.664175,1684,True,True,True,True,Eyes,1.895149,0.1521996,-3.177568,-0.7841282,0.009155591,0.6205314,0.0,0.0,0.0,0.0,0.0,0.0,0.0,0.9429355,0.2332604,3.577628,1.762696,0.1520973,-3.257718,0.05269171,-0.3675621,-0.002880343,0.9285007,5.493405,316.6843,357.4617,0.5255664,0.04062492,-0.8497815,0.0,0.0,0.0,1.033611,0.1563717,-2.472817,0.03816462,0.1632338,1.138742,0.7297796,-0.04408375,0.6822598,-0.03338615,0.9944306,0.09996598,-0.6828668,-0.09573115,0.7242434,moving,-8.62650860783699,5.648104117960368,1.9195335621019514,8.157534415922045,-0.729085,0.0042744000000000115,0.7849010000000001,-0.14928086324639023,0.09731564251998934,0.9839943937122267,-5.044349498643539,8.547378105084714,10.779670441717952,10.840491034563819,6.9747864043078724
05/17/2023 13:13:53.684394,1685,True,True,True,True,Eyes,1.888825,0.1521119,-3.180686,-0.7804918,0.009311656,0.6250967,0.0,0.0,0.0,0.0,0.0,0.0,0.0,0.9324889,0.2340448,3.577367,1.755308,0.151095,-3.258516,0.0526812,-0.3654389,-0.002669854,0.9293396,5.506928,316.9477,357.4973,0.5241958,0.04067314,-0.8506253,0.0,0.0,0.0,1.034207,0.1586942,-2.472455,0.03291845,0.1618372,1.13712,0.7328945,-0.04346592,0.6789524,-0.03354112,0.9944351,0.09986877,-0.679515,-0.09596611,0.7273582,moving,-8.553107231531708,5.679054809241889,1.65819055482374,8.100052270407739,-0.721101,0.0075992,0.7860610000000001,-0.14801212040380574,0.09786604405383297,0.9841314397936969,-5.004490990333753,8.554494431436439,10.436295339763731,10.494371405119944,6.678161651974492
05/17/2023 13:13:53.694804,1686,True,True,True,True,Eyes,1.882452,0.151997,-3.183701,-0.7768502,0.009461017,0.6296144,0.0,0.0,0.0,0.0,0.0,0.0,0.0,0.9190345,0.2363371,3.577443,1.747674,0.1501953,-3.259088,0.05296608,-0.3629212,-0.003028944,0.9303084,5.529086,317.2551,357.4617,0.5227991,0.04071482,-0.8514825,0.0,0.0,0.0,1.034813,0.1610509,-2.472088,0.02800077,0.157748,1.135749,0.7365581,-0.04408073,0.6749364,-0.03280932,0.9943708,0.1007481,-0.6755781,-0.09635104,0.7309656,moving,-8.533157788318054,5.705656354289267,1.4122847700493544,7.907414291453539,-0.712861,0.010855599999999993,0.7870000000000004,-0.14766269398566573,0.09832814311285516,0.9841378672965229,-4.990116155541174,8.563438572088957,10.13095806683241,10.186243944440537,6.435923047146049
05/17/2023 13:13:53.714105,1687,True,True,True,True,Eyes,1.876044,0.151857,-3.186606,-0.7732252,0.00963108,0.6340584,0.0,0.0,0.0,0.0,0.0,0.0,0.0,0.9071281,0.2362217,3.577323,1.740081,0.1494296,-3.259711,0.05288825,-0.3605929,-0.002969434,0.9312179,5.52957,317.543,357.4852,0.5213795,0.04074996,-0.8523508,0.0,0.0,0.0,1.034813,0.1610509,-2.472088,0.02406293,0.1524322,1.134642,0.7399279,-0.04367264,0.671267,-0.03261187,0.994388,0.1006425,-0.6718952,-0.09635946,0.7343512,static,-8.490682140962981,5.7212320638541065,1.2149186200142286,7.651524092805283,-0.705268,0.011621300000000001,0.787623,-0.14692900409172582,0.09860656616695765,0.9842198103538363,-4.9675055918322,8.566656850162133,9.843001474132855,9.89569166094588,6.249786964274261
05/17/2023 13:13:53.734231,1688,True,True,True,True,Eyes,1.869589,0.1516713,-3.189402,-0.7695926,0.00982031,0.6384597,0.0,0.0,0.0,0.0,0.0,0.0,0.0,0.8958496,0.2353078,3.57703,1.732543,0.1487414,-3.26025,0.05270422,-0.3583521,-0.002849204,0.9320933,5.520879,317.8209,357.5191,0.5199394,0.04077866,-0.8532287,0.0,0.0,0.0,1.034813,0.1610509,-2.472088,0.02207237,0.1464597,1.13351,0.7431514,-0.04308478,0.6677349,-0.03246188,0.9944283,0.1002925,-0.6683354,-0.09620847,0.7376121,static,-8.438210860957975,5.730595112841031,1.1155559604721006,7.362340182634917,-0.69773,0.012309500000000001,0.7881620000000003,-0.14602506034793705,0.09878076601110772,0.9843368524057127,-4.941497613032084,8.5668256114164,9.641200909089115,9.69211289921113,6.17565244653929
05/17/2023 13:13:53.744084,1689,True,True,True,True,Eyes,1.863072,0.1514748,-3.192104,-0.7659287,0.01012401,0.6428459,0.0,0.0,0.0,0.0,0.0,0.0,0.0,0.8836261,0.2331688,3.576702,1.724937,0.1474533,-3.260493,0.05228859,-0.3560047,-0.002829905,0.9330158,5.483393,318.1127,357.5524,0.5184805,0.04080046,-0.8541152,0.0,0.0,0.0,1.034813,0.1610509,-2.472088,0.02099943,0.1424121,1.132023,0.7465053,-0.04251066,0.6640202,-0.03194927,0.9945158,0.09958708,-0.664612,-0.09555724,0.7410531,static,-8.398008608903075,5.717070771095726,1.062735234854709,7.170323040230249,-0.690124,0.013597599999999987,0.788405,-0.14533758065271718,0.09855850681209992,0.9844609329952937,-4.925601231256687,8.558978145703161,9.522094503661693,9.571709159546451,6.147238130519714
05/17/2023 13:13:53.764141,1690,True,True,True,True,Eyes,1.856505,0.1512347,-3.194704,-0.7622291,0.01051724,0.6472219,0.0,0.0,0.0,0.0,0.0,0.0,0.0,0.8697219,0.227582,3.576944,1.717347,0.1469528,-3.260653,0.05161305,-0.3534401,-0.003638703,0.9340252,5.384768,318.429,357.5084,0.5170046,0.04081585,-0.8550087,0.0,0.0,0.0,1.034813,0.1610509,-2.472088,0.02069736,0.1378368,1.130486,0.7501338,-0.04328152,0.6598683,-0.02968696,0.9946457,0.0989879,-0.6606195,-0.09384365,0.7448324,static,-8.385793853215567,5.63531044633077,1.0488753524675654,6.951591795482024,-0.682534,0.014098100000000002,0.7885650000000002,-0.14514780114598236,0.09715632390759354,0.9846282372605848,-4.935891570954092,8.526668099158284,9.478265280836226,9.526047428539764,6.188562069664034
05/17/2023 13:13:53.784223,1691,True,True,True,True,Eyes,1.849898,0.1509441,-3.197198,-0.7585225,0.01104213,0.6515532,0.0,0.0,0.0,0.0,0.0,0.0,0.0,0.8544447,0.2203913,3.577479,1.709563,0.1456324,-3.260858,0.05066232,-0.3506709,-0.004878741,0.9351147,5.24004,318.77,357.4298,0.5155138,0.04082439,-0.855908,0.0,0.0,0.0,1.034813,0.1610509,-2.472088,0.02120882,0.1327296,1.128885,0.7540122,-0.04465597,0.6553407,-0.02640724,0.994819,0.09817182,-0.6563294,-0.09132849,0.7489264,static,-8.400956584028744,5.508897341772028,1.0763124078708957,6.70581183644119,-0.67475,0.015418500000000002,0.78877,-0.14543905288365228,0.09497956771985944,0.9847975668549762,-4.9674953662750445,8.478944135398073,9.506822762560093,9.55255106515383,6.298540351575992
05/17/2023 13:13:53.793824,1692,True,True,True,True,Eyes,1.843238,0.1506409,-3.199585,-0.7548218,0.01165626,0.6558264,0.0,0.0,0.0,0.0,0.0,0.0,0.0,0.8414874,0.2122445,3.577452,1.701695,0.1441439,-3.261099,0.04948773,-0.3481822,-0.005589333,0.936103,5.092218,319.0798,357.4149,0.5140089,0.04082552,-0.8568125,0.0,0.0,0.0,1.034813,0.1610509,-2.472088,0.02181029,0.1285848,1.127141,0.7574759,-0.04492587,0.6513157,-0.02399711,0.9950395,0.09654343,-0.652422,-0.08875901,0.7526402,static,-8.381583612662675,5.395102715908778,1.1085406672707032,6.508194719279244,-0.666882,0.016907000000000005,0.7890110000000004,-0.14513294149038053,0.09302772015658273,0.985029115136302,-4.980724069404539,8.433819257087432,9.511320429799836,9.555178316313533,6.386483766042595
05/17/2023 13:13:53.814400,1693,True,True,True,True,Eyes,1.836531,0.1504982,-3.201838,-0.7511243,0.01247922,0.6600428,0.0,0.0,0.0,0.0,0.0,0.0,0.0,0.8316696,0.202171,3.576411,1.69375,0.1435151,-3.260963,0.04813083,-0.3461144,-0.00603451,0.9369375,4.93433,319.3399,357.4328,0.5124913,0.04081975,-0.8577214,0.0,0.0,0.0,1.034813,0.1610509,-2.472088,0.02268714,0.1256637,1.125149,0.7603368,-0.04462546,0.6479942,-0.02200962,0.995294,0.09436842,-0.649156,-0.08601389,0.7557765,static,-8.311999527297694,5.290187803294689,1.1551370074621579,6.372742235544035,-0.6589370000000001,0.01753579999999999,0.788875,-0.14396045203329355,0.09123965313174165,0.9853682848361354,-4.969080653474445,8.388825028821634,9.48667486394383,9.528829847707822,6.447529122685512
05/17/2023 13:13:53.833829,1694,True,True,True,True,Eyes,1.829758,0.1504055,-3.203978,-0.7473892,0.01334817,0.6642523,0.0,0.0,0.0,0.0,0.0,0.0,0.0,0.8227826,0.1793996,3.575311,1.685743,0.1471806,-3.260155,0.04577005,-0.3441802,-0.00765618,0.9377562,4.62145,319.5847,357.3626,0.5109632,0.04081223,-0.858633,0.0,0.0,0.0,1.034813,0.1610509,-2.472088,0.02363646,0.1225116,1.122926,0.7629627,-0.04586555,0.6448134,-0.01714703,0.995693,0.0911125,-0.646215,-0.08057208,0.7588902,static,-8.22504130821251,5.0210272842396595,1.2058403191539404,6.2263626368766305,-0.65093,0.013870300000000002,0.7880670000000003,-0.14252369314003432,0.0866278604854451,0.9859931635948186,-4.981411011146136,8.279393817631064,9.469202111537824,9.507594942030007,6.518973542932201
05/17/2023 13:13:53.843951,1695,True,True,True,True,Eyes,1.822922,0.1503329,-3.206019,-0.7436963,0.01421518,0.6683664,0.0,0.0,0.0,0.0,0.0,0.0,0.0,0.8079703,0.1727987,3.574649,1.677372,0.1482557,-3.259637,0.04529314,-0.3414249,-0.009374332,0.9387703,4.510309,319.9181,357.2097,0.5094245,0.04080463,-0.8595471,0.0,0.0,0.0,1.034813,0.1610509,-2.472088,0.02451068,0.1176934,1.120858,0.7666823,-0.0485291,0.6401899,-0.01332773,0.9957213,0.09144098,-0.6418883,-0.07863846,0.7627552,static,-8.250937465455564,4.937360577868378,1.252732037846871,5.994260303842685,-0.6425590000000001,0.012795200000000007,0.7875490000000003,-0.14298720899152123,0.08518220861157125,0.9860520026986165,-5.009638460977262,8.24884734933992,9.525089928827246,9.562257633988185,6.655858097215322
05/17/2023 13:13:53.866606,1696,True,True,True,True,Eyes,1.816051,0.150323,-3.207955,-0.7400638,0.01492472,0.6723711,0.0,0.0,0.0,0.0,0.0,0.0,0.0,0.8033674,0.1624651,3.572017,1.668978,0.1486708,-3.259372,0.04383192,-0.3399847,-0.008272109,0.9393725,4.400299,320.1067,357.3933,0.5078765,0.04079761,-0.8604631,0.0,0.0,0.0,1.034813,0.1610509,-2.472088,0.02438504,0.1126341,1.11856,0.7686841,-0.04534555,0.6380194,-0.01426318,0.9960207,0.0879738,-0.6394697,-0.07672424,0.7649784,static,-8.109854759620045,4.9001845930951164,1.248872301670043,5.750052258806748,-0.6341650000000001,0.012380100000000005,0.7872840000000001,-0.14056610978505762,0.08457202488180232,0.9864526409514119,-4.951850169096357,8.225271872948307,9.361628366129603,9.397236149897774,6.676501426473183
05/17/2023 13:13:53.884015,1697,True,True,True,True,Eyes,1.809135,0.1503412,-3.209803,-0.7364677,0.01543493,0.6762966,0.0,0.0,0.0,0.0,0.0,0.0,0.0,0.7993793,0.1699445,3.568502,1.661242,0.1502033,-3.258806,0.04494642,-0.3387268,-0.006953614,0.9397848,4.5753,320.2586,357.4978,0.5063198,0.04079291,-0.8613802,0.0,0.0,0.0,1.034813,0.1610509,-2.472088,0.02433634,0.1080097,1.116207,0.7704316,-0.04351892,0.6360355,-0.01737931,0.9958629,0.08919069,-0.6372857,-0.0797692,0.766488,static,-7.958982285500339,5.125844505046502,1.2490055089173866,5.527014709184157,-0.6264290000000001,0.010847599999999985,0.786718,-0.1379209557505069,0.08848973864474732,0.9864823249802328,-4.838370422230143,8.30234809353799,9.1794809544055,9.216722668868455,6.690188421967139
05/17/2023 13:13:53.894247,1698,True,True,True,True,Eyes,1.802203,0.1503734,-3.211553,-0.7329335,0.01580356,0.6801166,0.0,0.0,0.0,0.0,0.0,0.0,0.0,0.7982674,0.1772537,3.56442,1.653532,0.1509093,-3.258343,0.04590996,-0.3378399,-0.005539309,0.9400669,4.73654,320.3667,357.6171,0.5047556,0.04079116,-0.8622978,0.0,0.0,0.0,1.034813,0.1610509,-2.472088,0.02317649,0.1033257,1.113646,0.7716671,-0.04143507,0.6346756,-0.02060579,0.9957232,0.09005968,-0.6356928,-0.08257407,0.767513,static,-7.767661075535577,5.332490227954701,1.1922311025234171,5.300810245951524,-0.618719,0.0101416,0.7862550000000001,-0.13458202450759243,0.0920897208828567,0.9866139161362152,-4.709949664248633,8.36944497695202,8.921641456130235,8.959948184208573,6.652236985853434
05/17/2023 13:13:53.914419,1699,True,True,True,True,Eyes,1.795223,0.1504119,-3.213229,-0.7293285,0.01602178,0.683976,0.0,0.0,0.0,0.0,0.0,0.0,0.0,0.7948055,0.1867758,3.560787,1.646201,0.1513111,-3.25775,0.04723164,-0.3366905,-0.004824904,0.9404177,4.90972,320.5022,357.6485,0.5031842,0.04079252,-0.8632156,0.0,0.0,0.0,1.034813,0.1610509,-2.472088,0.02108568,0.1001224,1.111085,0.7732324,-0.04087975,0.6328037,-0.02273005,0.9954918,0.09208395,-0.6337152,-0.08558594,0.7688173,static,-7.60703790246247,5.5290603551755,1.0872034718823644,5.1491458398124,-0.611388,0.009739799999999993,0.7856620000000003,-0.13177296406106387,0.09551041577923836,0.9866679144184516,-4.597640011797789,8.434671198827196,8.663166208895241,8.70253802717076,6.565982205174638
05/17/2023 13:13:53.933879,1700,True,True,True,True,Eyes,1.788241,0.1504502,-3.214815,-0.7257363,0.01619181,0.6877825,0.0,0.0,0.0,0.0,0.0,0.0,0.0,0.7907672,0.1936139,3.557328,1.638821,0.151451,-3.257101,0.04824061,-0.3354609,-0.004826578,0.9408058,5.021631,320.6462,357.6154,0.5016065,0.04079696,-0.8641331,0.0,0.0,0.0,1.034813,0.1610509,-2.472088,0.01850909,0.09823906,1.108184,0.7748854,-0.04144742,0.6307414,-0.02328393,0.9952991,0.09400835,-0.6316728,-0.08753183,0.7702777,static,-7.460429517178879,5.652615379397984,0.956875521966568,5.065953082016849,-0.6040080000000001,0.009599899999999995,0.7850130000000002,-0.1292206390491989,0.09767098304955532,0.9867940639611013,-4.506007432869007,8.472677082481438,8.398110149653174,8.437724620606662,6.438078796782043
05/17/2023 13:13:53.950497,1701,True,True,True,True,Eyes,1.781201,0.1504968,-3.216349,-0.721944,0.01635608,0.6917581,0.0,0.0,0.0,0.0,0.0,0.0,0.0,0.7816327,0.198189,3.555388,1.631763,0.1514814,-3.256596,0.04903824,-0.3335753,-0.005713828,0.9414298,5.078478,320.8677,357.4985,0.5000235,0.04080423,-0.8650498,0.0,0.0,0.0,1.034813,0.1610509,-2.472088,0.01628685,0.0979863,1.105032,0.7773898,-0.04347422,0.627515,-0.02195755,0.9951252,0.09614411,-0.6286358,-0.08852015,0.7726456,static,-7.381813007502458,5.70768185206786,0.8444101202156297,5.067324653141673,-0.5969500000000001,0.009569500000000009,0.7845080000000002,-0.12785426802955985,0.0986369404797098,0.9868758632796752,-4.459049383849454,8.488745442796965,8.211609488941331,8.251109276286465,6.311323389840177
05/17/2023 13:13:53.964357,1702,True,True,True,True,Eyes,1.77416,0.1505636,-3.217798,-0.7180921,0.01660274,0.69575,0.0,0.0,0.0,0.0,0.0,0.0,0.0,0.7670474,0.1953714,3.554878,1.624546,0.151573,-3.256005,0.04887907,-0.3309467,-0.006955287,0.9423571,5.020916,321.1837,357.3843,0.498435,0.04081434,-0.8659655,0.0,0.0,0.0,1.034813,0.1610509,-2.472088,0.01425481,0.09776635,1.10179,0.7808518,-0.04546145,0.6230599,-0.019244,0.9951249,0.09672672,-0.6244198,-0.08751941,0.7761703,static,-7.388632614349776,5.649806518328195,0.74124368926316,5.070808822221776,-0.5897330000000001,0.009477899999999984,0.7839170000000002,-0.12798439605849882,0.0976383821482526,0.9869583163715332,-4.473462084643011,8.466888105993505,8.11206250392365,8.150467903387122,6.2230628158547345
05/17/2023 13:13:53.984147,1703,True,True,True,True,Eyes,1.767075,0.1506413,-3.219195,-0.7140204,0.0169275,0.6999203,0.0,0.0,0.0,0.0,0.0,0.0,0.0,0.7487315,0.1875803,3.555563,1.617481,0.152089,-3.255525,0.0481213,-0.3278138,-0.008388762,0.9434786,4.893445,321.5637,357.2744,0.4968424,0.04082762,-0.8668797,0.0,0.0,0.0,1.034813,0.1610509,-2.472088,0.01284909,0.09813391,1.098409,0.7849355,-0.04737889,0.6177633,-0.01572042,0.9952279,0.09630274,-0.6193781,-0.08530294,0.7804449,static,-7.43886397284558,5.5249142234498265,0.670210322016407,5.105357063776375,-0.582668,0.008961899999999995,0.7834370000000002,-0.12887678657989565,0.09547567735814497,0.9870538319353933,-4.5209334144067554,8.42204908428025,8.083082458306038,8.119920820415965,6.1602288310645985
05/17/2023 13:13:53.994235,1704,True,True,True,True,Eyes,1.759979,0.1507155,-3.220516,-0.7098923,0.01731845,0.7040973,0.0,0.0,0.0,0.0,0.0,0.0,0.0,0.72855,0.1773211,3.556615,1.610114,0.1523042,-3.255161,0.04693254,-0.3243803,-0.009406063,0.944715,4.736503,321.9841,357.2267,0.4952442,0.04084413,-0.8677929,0.0,0.0,0.0,1.034813,0.1610509,-2.472088,0.01149422,0.09826612,1.094828,0.7893779,-0.04822008,0.612011,-0.01267589,0.9954177,0.09477803,-0.6137769,-0.08257347,0.7851495,static,-7.519289635105875,5.380523693552734,0.6015064468051116,5.12883090041745,-0.5753010000000001,0.008746699999999996,0.7830730000000004,-0.13029320015697715,0.09297055075686779,0.9871069713368462,-4.586118440425999,8.371675020685794,8.089529589598683,8.124695579903108,6.11780107219731
05/17/2023 13:13:54.014017,1705,True,True,True,True,Eyes,1.752848,0.1508057,-3.221794,-0.7056325,0.01763021,0.7083586,0.0,0.0,0.0,0.0,0.0,0.0,0.0,0.7095462,0.1685975,3.557185,1.602711,0.1522873,-3.254777,0.04578008,-0.321097,-0.009325836,0.9458932,4.624041,322.3897,357.2949,0.4936422,0.04086351,-0.8687043,0.0,0.0,0.0,1.034813,0.1610509,-2.472088,0.009671032,0.09896169,1.091046,0.7936196,-0.04704218,0.606593,-0.0117572,0.9956344,0.09259514,-0.6083007,-0.08061714,0.7896019,static,-7.567805904524419,5.2922975403361106,0.507856502479884,5.182745708292374,-0.567898,0.00876360000000001,0.782689,-0.1311476655172869,0.09144006306013783,0.987136748506395,-4.625659656877495,8.34085421134489,8.042439159009854,8.076405445234078,6.027158325067954
05/17/2023 13:13:54.034094,1706,True,True,True,True,Eyes,1.745715,0.150923,-3.223004,-0.7013631,0.01786149,0.7125804,0.0,0.0,0.0,0.0,0.0,0.0,0.0,0.6942364,0.1659043,3.556906,1.595445,0.1527145,-3.254581,0.04541069,-0.3183042,-0.008462215,0.9468625,4.623529,322.7337,357.4162,0.4920362,0.04088597,-0.8696139,0.0,0.0,0.0,1.034813,0.1610509,-2.472088,0.007548273,0.100275,1.086975,0.7972215,-0.04493394,0.6020123,-0.01288372,0.9957325,0.09138249,-0.6035494,-0.08060826,0.7932405,static,-7.55740160939086,5.321113989500578,0.39787229125686097,5.270699681393286,-0.560632,0.008336399999999994,0.7824930000000001,-0.1309623770157397,0.09193880021864781,0.9871150744221937,-4.615253041997797,8.351277656427932,7.92155732333653,7.9554336422842935,5.883994074367188
05/17/2023 13:13:54.044035,1707,True,True,True,True,Eyes,1.738565,0.1510767,-3.224166,-0.6970314,0.01788957,0.7168174,0.0,0.0,0.0,0.0,0.0,0.0,0.0,0.6796533,0.1691823,3.556082,1.58823,0.1535159,-3.254264,0.04589268,-0.3156217,-0.007384192,0.9477459,4.722391,323.0602,357.5291,0.4904264,0.04091199,-0.8705214,0.0,0.0,0.0,1.034813,0.1610509,-2.472088,0.005667448,0.10296,1.082816,0.8006568,-0.04296613,0.5975806,-0.01497278,0.9956787,0.09165042,-0.5989361,-0.08232798,0.7965536,static,-7.531725230723399,5.4372554695523325,0.2998827925094274,5.431662148266884,-0.553417,0.007534999999999986,0.7821760000000002,-0.13049544543699376,0.09394537385869581,0.986987943033883,-4.580803428778737,8.394353875626795,7.7967614438694275,7.831610020602902,5.709521894347984
05/17/2023 13:13:54.064665,1708,True,True,True,True,Eyes,1.731424,0.1512682,-3.225272,-0.6927391,0.0177863,0.720969,0.0,0.0,0.0,0.0,0.0,0.0,0.0,0.6667039,0.1767631,3.554828,1.580997,0.1545785,-3.254089,0.04693641,-0.3131391,-0.005795705,0.948529,4.899681,323.3612,357.6767,0.4888134,0.04094228,-0.8714267,0.0,0.0,0.0,1.034813,0.1610509,-2.472088,0.004104972,0.1061855,1.07846,0.8038206,-0.04039004,0.5934989,-0.01840046,0.9955267,0.09267082,-0.5945871,-0.08541137,0.7994818,static,-7.48575648492037,5.6294438474820865,0.2180854503381133,5.623235280567146,-0.546184,0.006472399999999989,0.7820010000000002,-0.12966199142079893,0.09726624433804465,0.9867761437077127,-4.522192961237225,8.465407334168727,7.667098594663914,7.703844437016515,5.527040926347573
05/17/2023 13:13:54.084181,1709,True,True,True,True,Eyes,1.724277,0.1514764,-3.226332,-0.6883916,0.01754668,0.725127,0.0,0.0,0.0,0.0,0.0,0.0,0.0,0.6577288,0.1853027,3.55289,1.574065,0.1557313,-3.253926,0.04813394,-0.3112099,-0.00432102,0.9491116,5.087642,323.5942,357.8043,0.4871978,0.04097746,-0.8723293,0.0,0.0,0.0,1.034813,0.1610509,-2.472088,0.003719389,0.1090472,1.074061,0.8062593,-0.03816178,0.59033,-0.02175726,0.9953289,0.09405845,-0.591162,-0.08867947,0.801663,static,-7.370157662393016,5.824195128565294,0.19840999741448728,5.7972576563103235,-0.5392520000000001,0.005319600000000008,0.781838,-0.12762770331915418,0.10064655415448795,0.9867023297534512,-4.430989882913567,8.53288406361976,7.52997078074541,7.568615596560279,5.377266507469212
05/17/2023 13:13:54.093945,1710,True,True,True,True,Eyes,1.717146,0.1516997,-3.227341,-0.6840721,0.01726063,0.7292102,0.0,0.0,0.0,0.0,0.0,0.0,0.0,0.6484451,0.194786,3.550865,1.56707,0.1563641,-3.253753,0.04946467,-0.3092298,-0.003377863,0.949694,5.270824,323.8304,357.8701,0.4855799,0.04101754,-0.873229,0.0,0.0,0.0,1.034813,0.1610509,-2.472088,0.003716111,0.1106668,1.069684,0.808731,-0.03700777,0.5870132,-0.02417603,0.9950837,0.09604167,-0.5876816,-0.09186353,0.8038603,static,-7.267137893736761,6.002939048933547,0.19904627904227812,5.906662302861917,-0.532257,0.004686799999999991,0.7816650000000003,-0.1258130642322723,0.10374849057217411,0.9866141123574751,-4.348701623193304,8.595016360766119,7.426321726229475,7.466804893238497,5.282921400412667
05/17/2023 13:13:54.113754,1711,True,True,True,True,Eyes,1.710013,0.1519511,-3.228303,-0.6797057,0.01704587,0.7332869,0.0,0.0,0.0,0.0,0.0,0.0,0.0,0.6387841,0.1987569,3.549258,1.560286,0.1569593,-3.253561,0.05014543,-0.307217,-0.003352307,0.9503115,5.350478,324.07,357.8598,0.4839604,0.0410625,-0.8741255,0.0,0.0,0.0,1.034813,0.1610509,-2.472088,0.004414678,0.1117412,1.065177,0.811213,-0.03718252,0.5835674,-0.02443958,0.9949484,0.09736732,-0.5842399,-0.09324779,0.8062063,static,-7.168449121599702,6.072533910357238,0.23746379149779132,5.988645670027025,-0.5254730000000001,0.004091600000000001,0.7814730000000001,-0.12409750024786365,0.1049696703140221,0.9867022128051374,-4.289663005724979,8.615367977495334,7.3652835031462,7.406388007203639,5.2339800456902905
05/17/2023 13:13:54.134000,1712,True,True,True,True,Eyes,1.702883,0.1522197,-3.22921,-0.6753093,0.01693515,0.7373402,0.0,0.0,0.0,0.0,0.0,0.0,0.0,0.6268108,0.1952419,3.548383,1.553387,0.1578429,-3.253323,0.04995865,-0.304877,-0.004312003,0.9510708,5.301645,324.3492,357.7746,0.4823395,0.04111266,-0.8750186,0.0,0.0,0.0,1.034813,0.1610509,-2.472088,0.005467057,0.1126063,1.060647,0.8140628,-0.03866453,0.5794883,-0.02226045,0.9949711,0.0976577,-0.58035,-0.09239917,0.8091083,static,-7.110817151775349,6.009079397615164,0.2953258892094243,6.060251454893318,-0.5185740000000001,0.0032079999999999886,0.7812350000000001,-0.12311898131418247,0.10388960007542236,0.986939049761625,-4.275455365294365,8.587135526461871,7.365994546139705,7.406319823162733,5.22275639750411
05/17/2023 13:13:54.144621,1713,True,True,True,True,Eyes,1.695736,0.1524866,-3.23008,-0.6707841,0.0169403,0.7414592,0.0,0.0,0.0,0.0,0.0,0.0,0.0,0.6114358,0.1869113,3.548129,1.54632,0.1584707,-3.252967,0.04917942,-0.3020623,-0.006065361,0.9519995,5.162073,324.6853,357.6257,0.4807179,0.04116801,-0.875908,0.0,0.0,0.0,1.034813,0.1610509,-2.472088,0.005632758,0.1134718,1.055817,0.8174432,-0.04125893,0.5745297,-0.01816205,0.9950892,0.0973018,-0.5757228,-0.08997332,0.8126795,static,-7.104027334106552,5.852042062781679,0.3056686893624067,6.134202926273809,-0.5115069999999999,0.0025802000000000047,0.7808790000000001,-0.12303649961292135,0.10118523577079491,0.9872302647642792,-4.302904022539203,8.52617034531411,7.37667074595476,7.415066413262819,5.192345382833704
05/17/2023 13:13:54.163946,1714,True,True,True,True,Eyes,1.688584,0.1527431,-3.230908,-0.6662267,0.01701026,0.7455553,0.0,0.0,0.0,0.0,0.0,0.0,0.0,0.593599,0.1774758,3.548393,1.539052,0.1586275,-3.252861,0.04813536,-0.2988663,-0.0074644,0.953051,5.007675,325.0701,357.5261,0.4790955,0.04122803,-0.8767936,0.0,0.0,0.0,1.034813,0.1610509,-2.472088,0.0063501,0.1138245,1.051139,0.8212464,-0.04299998,0.568951,-0.01454416,0.9952545,0.09621261,-0.5703882,-0.08728918,0.8167239,static,-7.139515589945034,5.688042623245207,0.3461288216564581,6.18029606608243,-0.5042390000000001,0.0024233999999999922,0.7807729999999999,-0.12368327524917738,0.0983510796068846,0.9874358625551555,-4.351194944250926,8.46529350281416,7.465007894186355,7.50181216166639,5.223606402441602
05/17/2023 13:13:54.184353,1715,True,True,True,True,Eyes,1.681442,0.1529897,-3.231697,-0.661689,0.01704588,0.7495846,0.0,0.0,0.0,0.0,0.0,0.0,0.0,0.5772537,0.1708582,3.548195,1.531779,0.15862,-3.252782,0.04730692,-0.2958645,-0.007754991,0.9540263,4.914855,325.4347,357.5385,0.4774714,0.04129203,-0.877676,0.0,0.0,0.0,1.034813,0.1610509,-2.472088,0.007233799,0.1139374,1.046492,0.8248081,-0.04278981,0.5637913,-0.01319594,0.9954039,0.09485294,-0.5652587,-0.08567523,0.8204525,static,-7.150215726786657,5.598160322234527,0.3960465550089383,6.213635162797401,-0.496966,0.002430899999999986,0.780694,-0.12388660830083259,0.09679944762500664,0.9875636397348496,-4.37362861228465,8.431355487633105,7.5352382793028365,7.571319812622946,5.260046068304582
05/17/2023 13:13:54.194097,1716,True,True,True,True,Eyes,1.674303,0.1532253,-3.232452,-0.6571332,0.0170327,0.753582,0.0,0.0,0.0,0.0,0.0,0.0,0.0,0.5624217,0.1689007,3.547673,1.524603,0.1586751,-3.252881,0.04701485,-0.2930633,-0.007193918,0.9549093,4.908993,325.7755,357.6245,0.475847,0.04135938,-0.8785547,0.0,0.0,0.0,1.034813,0.1610509,-2.472088,0.00775677,0.1140869,1.041616,0.8281243,-0.04129573,0.5590213,-0.01381758,0.9954757,0.09400638,-0.5603742,-0.08557329,0.823807,static,-7.134974763525718,5.60248170438327,0.42666584281033776,6.250619374482231,-0.48978999999999995,0.0023757999999999835,0.7807930000000001,-0.12362296931169747,0.09687714252165139,0.9875890678065088,-4.365762363709134,8.43202180467306,7.553095417387742,7.589366976157605,5.265537453772966
05/17/2023 13:13:54.214228,1717,True,True,True,True,Eyes,1.667172,0.1534541,-3.233178,-0.6525238,0.01691307,0.7575795,0.0,0.0,0.0,0.0,0.0,0.0,0.0,0.5470213,0.1717655,3.546922,1.517516,0.1586713,-3.2529,0.04737472,-0.2902002,-0.006510083,0.9557705,4.978405,326.1204,357.7023,0.474222,0.04142944,-0.8794295,0.0,0.0,0.0,1.034813,0.1610509,-2.472088,0.007746875,0.1123434,1.036922,0.8314829,-0.03994059,0.5541126,-0.01505201,0.9954265,0.09433717,-0.5553463,-0.08678027,0.8270791,static,-7.126024705518515,5.674784461914105,0.42805050324555416,6.1834863247253855,-0.4827030000000001,0.0023796000000000095,0.7808120000000001,-0.1234535326961736,0.09812541407242226,0.9874870574855479,-4.347558408740273,8.459299621049784,7.534128276963371,7.571184177187317,5.290157525061553
05/17/2023 13:13:54.233721,1718,True,True,True,True,Eyes,1.660038,0.1536701,-3.233876,-0.6479017,0.01673881,0.7615401,0.0,0.0,0.0,0.0,0.0,0.0,0.0,0.5310696,0.1774396,3.546229,1.510441,0.158769,-3.253094,0.04821583,-0.2872451,-0.006341266,0.9566219,5.083395,326.4713,357.7082,0.4725966,0.04150182,-0.8803006,0.0,0.0,0.0,1.034813,0.1610509,-2.472088,0.007454515,0.1105919,1.032181,0.8349001,-0.0398319,0.5489584,-0.01556712,0.9952701,0.09589162,-0.5501813,-0.08860563,0.830331,static,-7.132578711560235,5.770334549534422,0.4137886883898375,6.115562757671611,-0.47562799999999994,0.0022819000000000034,0.7810060000000001,-0.12354617723061428,0.09977091713897265,0.9873106049851109,-4.331973811297448,8.49655298065822,7.516134779819167,7.55425995387522,5.3095551739666424
05/17/2023 13:13:54.244264,1719,True,True,True,True,Eyes,1.652916,0.1538694,-3.234547,-0.6432431,0.01649829,0.7654842,0.0,0.0,0.0,0.0,0.0,0.0,0.0,0.5167798,0.1825148,3.545131,1.503245,0.1586849,-3.253214,0.04901851,-0.2844999,-0.006670805,0.9573989,5.167339,326.7948,357.6599,0.4709708,0.04157593,-0.881168,0.0,0.0,0.0,1.034813,0.1610509,-2.472088,0.007988036,0.1090002,1.02743,0.8380306,-0.04066476,0.5441057,-0.01511828,0.9951054,0.09765622,-0.5454137,-0.09006485,0.833314,static,-7.1146991085428075,5.83542526681095,0.4454527587347175,6.055865647153473,-0.46843199999999996,0.002366000000000007,0.781126,-0.12322400251649157,0.10089654734020254,0.9872363808424077,-4.311058415722883,8.520466017538393,7.524387237134834,7.563365006237991,5.357112425406201
05/17/2023 13:13:54.263950,1720,True,True,True,True,Eyes,1.645788,0.1540542,-3.235199,-0.6386024,0.01625594,0.7693651,0.0,0.0,0.0,0.0,0.0,0.0,0.0,0.5046585,0.1865662,3.543876,1.49597,0.1585248,-3.253535,0.04965634,-0.2820182,-0.006964133,0.9580978,5.233984,327.0874,357.6201,0.4693446,0.0416512,-0.8820318,0.0,0.0,0.0,1.034813,0.1610509,-2.472088,0.009390056,0.1064012,1.022458,0.8408346,-0.04135263,0.5397103,-0.01466334,0.9949715,0.0990793,-0.5410935,-0.09122325,0.836,static,-7.067322732993973,5.885301177279022,0.5261785357195501,5.941051013297162,-0.46115700000000004,0.0025261000000000033,0.781447,-0.12239673972728243,0.10176639394414391,0.9872500074129099,-4.279510123194727,8.536581878867857,7.554003030671376,7.5937059175457895,5.461815079307195
05/17/2023 13:13:54.284288,1721,True,True,True,True,Eyes,1.638673,0.154217,-3.235826,-0.6338822,0.0160548,0.7732629,0.0,0.0,0.0,0.0,0.0,0.0,0.0,0.4941553,0.1872305,3.5425,1.488674,0.1583619,-3.253816,0.04979379,-0.2797476,-0.007114971,0.958755,5.249868,327.3579,357.6114,0.467718,0.04172711,-0.8828919,0.0,0.0,0.0,1.034813,0.1610509,-2.472088,0.01088393,0.09677483,1.01758,0.8433813,-0.04150241,0.5357102,-0.01421636,0.9949399,0.09946089,-0.5371274,-0.09149931,0.8385237,static,-6.987858983403269,5.891733130817129,0.6128063391783884,5.4326566173891555,-0.45386100000000007,0.002688999999999997,0.7817280000000002,-0.12102580480723196,0.10189447558692293,0.9874057843723205,-4.241631644134565,8.533851606543706,7.575222972072055,7.614516701083301,5.760466864290501
05/17/2023 13:13:54.293827,1722,True,True,True,True,Eyes,1.63155,0.1543602,-3.236435,-0.6291569,0.01585223,0.7771167,0.0,0.0,0.0,0.0,0.0,0.0,0.0,0.4835833,0.1872097,3.541223,1.481371,0.1580454,-3.254184,0.04978374,-0.2774559,-0.007071193,0.9594218,5.25585,327.6324,357.6291,0.4660912,0.04180301,-0.8837482,0.0,0.0,0.0,1.034813,0.1610509,-2.472088,0.01092136,0.09331863,1.012152,0.8459364,-0.0411941,0.5316904,-0.01405707,0.9949431,0.09945107,-0.5330985,-0.0916033,0.8410796,static,-6.910616544291072,5.891164297731795,0.6182110504445532,5.267677553941988,-0.446558,0.0030054999999999943,0.7820960000000001,-0.11969446470436979,0.10190124777243213,0.9875674327629627,-4.206140188679491,8.52856893744407,7.515860857607447,7.55459996763126,5.8230385103857785
05/17/2023 13:13:54.314423,1723,True,True,True,True,Eyes,1.624443,0.1544893,-3.237028,-0.6243004,0.01570842,0.7810264,0.0,0.0,0.0,0.0,0.0,0.0,0.0,0.4704827,0.1879779,3.540123,1.474032,0.1577137,-3.254462,0.04995675,-0.2748199,-0.007486887,0.9601678,5.268241,327.9448,357.5921,0.4644637,0.04187838,-0.8846012,0.0,0.0,0.0,1.034813,0.1610509,-2.472088,0.01426834,0.09063647,1.006835,0.8488359,-0.04183555,0.5269985,-0.01308088,0.9948965,0.1000488,-0.5284945,-0.09181863,0.8439566,static,-6.869544573050211,5.892640387797628,0.8119115265294543,5.143968060650067,-0.439219,0.0033371999999999846,0.7823740000000003,-0.11898608128340071,0.1019354274493472,0.9876494633662064,-4.186922067646477,8.526445425290287,7.678661269496703,7.7178544987066315,6.035684751920473
05/17/2023 13:13:54.334070,1724,True,True,True,True,Eyes,1.617311,0.1545955,-3.237621,-0.619411,0.01558304,0.7849122,0.0,0.0,0.0,0.0,0.0,0.0,0.0,0.4561075,0.187763,3.539526,1.46658,0.1575538,-3.255126,0.05009738,-0.2719627,-0.008468039,0.9609656,5.260134,328.2808,357.4949,0.462836,0.04195288,-0.8854504,0.0,0.0,0.0,1.034813,0.1610509,-2.472088,0.01728737,0.09185751,1.001359,0.8519291,-0.04352423,0.5218452,-0.01097425,0.994837,0.1008897,-0.5235421,-0.09167773,0.8470531,static,-6.856690238535758,5.866630373554204,0.9890508343429593,5.241236191342832,-0.431767,0.003497100000000003,0.7830380000000003,-0.11876993920841625,0.10148970822238168,0.9877213779355221,-4.186061958583965,8.515578877358173,7.8309426578697625,7.870627094825412,6.123978481753349
05/17/2023 13:13:54.353731,1725,True,True,True,True,Eyes,1.610182,0.1546818,-3.238204,-0.6143869,0.01554323,0.7888519,0.0,0.0,0.0,0.0,0.0,0.0,0.0,0.4404646,0.1870652,3.538948,1.45882,0.1570865,-3.255813,0.05016293,-0.268891,-0.00965758,0.9618149,5.238472,328.6416,357.3781,0.461207,0.04202599,-0.8862965,0.0,0.0,0.0,1.034813,0.1610509,-2.472088,0.02115101,0.09365727,0.9959385,0.8552087,-0.04555433,0.5162778,-0.008399107,0.9947808,0.1016886,-0.5182157,-0.09130123,0.8503627,static,-6.862051823843651,5.828993361187234,1.2166227759787356,5.372250757269407,-0.424007,0.003964400000000007,0.783725,-0.1188702765217323,0.1008396528304446,0.987775985130604,-4.195861844809649,8.501425541967848,8.051100704941742,8.091575686851668,6.25193766791251
05/17/2023 13:13:54.364395,1726,True,True,True,True,Eyes,1.603019,0.1547479,-3.238788,-0.6093425,0.01556752,0.7927543,0.0,0.0,0.0,0.0,0.0,0.0,0.0,0.4264494,0.1842042,3.538337,1.450981,0.1567432,-3.256641,0.04987906,-0.2660115,-0.01046699,0.9626217,5.190107,328.9829,357.313,0.4595764,0.04209731,-0.8871397,0.0,0.0,0.0,1.034813,0.1610509,-2.472088,0.02402592,0.0959397,0.9906432,0.8582567,-0.04668831,0.5110926,-0.006385293,0.994805,0.101598,-0.513181,-0.09046065,0.8535,static,-6.841568810262904,5.775397885149938,1.3893135365161189,5.531608631023414,-0.4161680000000001,0.004307699999999998,0.7845530000000003,-0.11852818901111051,0.09991973272034975,0.9879104845969248,-4.196856980898071,8.479427845357485,8.193627286771061,8.234491933747103,6.316244071441877
05/17/2023 13:13:54.384013,1727,True,True,True,True,Eyes,1.595838,0.1547879,-3.239373,-0.6041378,0.01566194,0.7967259,0.0,0.0,0.0,0.0,0.0,0.0,0.0,0.4119257,0.1783487,3.537704,1.442983,0.156308,-3.257332,0.04909618,-0.2630439,-0.01084105,0.9634729,5.100462,329.3392,357.3116,0.4579436,0.04216646,-0.8879804,0.0,0.0,0.0,1.034813,0.1610509,-2.472088,0.02670476,0.09741627,0.9853739,0.8613808,-0.04671901,0.5058067,-0.004938781,0.994944,0.100309,-0.5079357,-0.08890234,0.856795,static,-6.817782757581206,5.691939119631227,1.5524011829724935,5.646042424132918,-0.4081699999999999,0.004742899999999994,0.785244,-0.11813502542994642,0.09848525015790707,0.9881015680344881,-4.202144652403206,8.44570471298188,8.329481587554374,8.370309773560399,6.399445812181147
05/17/2023 13:13:54.393899,1728,True,True,True,True,Eyes,1.588621,0.1548077,-3.239965,-0.5989016,0.01578551,0.800667,0.0,0.0,0.0,0.0,0.0,0.0,0.0,0.3981842,0.1730489,3.537051,1.434991,0.1557439,-3.258185,0.04830625,-0.2601685,-0.01080194,0.9642937,5.022225,329.686,357.3551,0.4563079,0.04223294,-0.8888189,0.0,0.0,0.0,1.034813,0.1610509,-2.472088,0.0278115,0.09805623,0.9805641,0.8643913,-0.045968,0.5007141,-0.004303053,0.9950996,0.09878345,-0.5028013,-0.08754216,0.8599577,static,-6.780553003175906,5.627308291997546,1.6246306469282261,5.710582723974196,-0.4001779999999999,0.005307000000000006,0.7860970000000003,-0.1175058165349738,0.09737790980305464,0.9882863347534243,-4.197569755329364,8.418356345683724,8.365163244028182,8.405596161070246,6.421063425202588
05/17/2023 13:13:54.414286,1729,True,True,True,True,Eyes,1.581385,0.1548061,-3.240559,-0.5934547,0.015912,0.8047102,0.0,0.0,0.0,0.0,0.0,0.0,0.0,0.381932,0.1696998,3.536478,1.426854,0.155274,-3.259037,0.04783062,-0.2569297,-0.01088512,0.9651844,4.975935,330.0734,357.377,0.4546683,0.04229647,-0.8896558,0.0,0.0,0.0,1.034813,0.1610509,-2.472088,0.02750221,0.09660627,0.9758645,0.8677373,-0.04559051,0.4949278,-0.003565924,0.9951875,0.09792416,-0.4970104,-0.08673732,0.8633987,static,-6.774857585910632,5.590972432123894,1.6143056514518146,5.6536081280797905,-0.3920410000000001,0.0057769000000000015,0.7869490000000003,-0.11741478864506705,0.0967521984415339,0.9883587193849679,-4.202019941039609,8.40397964099274,8.349616742005283,8.389397061381791,6.433831429009761
05/17/2023 13:13:54.434139,1730,True,True,True,True,Eyes,1.574108,0.1547734,-3.24117,-0.5879695,0.01604702,0.8087239,0.0,0.0,0.0,0.0,0.0,0.0,0.0,0.3633461,0.1686174,3.536062,1.418641,0.154799,-3.260012,0.04773664,-0.2533503,-0.01133291,0.9661297,4.962123,330.4972,357.3486,0.4530244,0.04235673,-0.8904911,0.0,0.0,0.0,1.034813,0.1610509,-2.472088,0.02619687,0.09352609,0.9715566,0.8713704,-0.04608631,0.4884565,-0.002290063,0.9951856,0.09798196,-0.4906205,-0.08649717,0.8670697,static,-6.811691412136997,5.580059615068149,1.5445384112054672,5.498587692497268,-0.38382800000000006,0.006251900000000005,0.7879240000000003,-0.11805239354594049,0.09655658950288992,0.9883017978401059,-4.221122148543966,8.402188542923794,8.317546237645484,8.356626983100622,6.455520086627241
05/17/2023 13:13:54.444385,1731,True,True,True,True,Eyes,1.566781,0.154721,-3.241801,-0.5822639,0.01621336,0.8128382,0.0,0.0,0.0,0.0,0.0,0.0,0.0,0.3462132,0.1675575,3.535498,1.4103,0.1540088,-3.261138,0.04762999,-0.249938,-0.0119955,0.9670153,4.940525,330.8999,357.2956,0.4513753,0.0424132,-0.8913254,0.0,0.0,0.0,1.034813,0.1610509,-2.472088,0.02469742,0.09021728,0.9672142,0.8747742,-0.04700876,0.482245,-0.0006094266,0.995175,0.09811413,-0.4845304,-0.0861216,0.8705248,static,-6.815658879339427,5.561804526402555,1.4627065076224068,5.328867524983,-0.3754870000000001,0.007042099999999996,0.78905,-0.11812446182007783,0.09624087342986634,0.9883240194724161,-4.22650543135786,8.395413353768607,8.24353841789089,8.281641934222833,6.463036113675833
05/17/2023 13:13:54.464221,1732,True,True,True,True,Eyes,1.559401,0.1546502,-3.242453,-0.5765221,0.01642185,0.8169166,0.0,0.0,0.0,0.0,0.0,0.0,0.0,0.3284419,0.1651758,3.534977,1.4018,0.1534674,-3.262303,0.04742618,-0.2464052,-0.01299505,0.9679186,4.89933,331.3155,357.2082,0.4497194,0.04246571,-0.8921595,0.0,0.0,0.0,1.034813,0.1610509,-2.472088,0.02366638,0.08787546,0.9627594,0.8782312,-0.04852841,0.4757678,0.001784179,0.9951638,0.09821346,-0.478233,-0.08540528,0.8740705,static,-6.834306451246235,5.521741526569277,1.4081510545668687,5.215197564702606,-0.36698699999999995,0.007583499999999993,0.7902150000000003,-0.1184540876411912,0.09554600832881269,0.988352027222546,-4.242901417821603,8.38119600717406,8.210917260144052,8.248155850594221,6.477494900300542
05/17/2023 13:13:54.484168,1733,True,True,True,True,Eyes,1.551957,0.1545539,-3.243133,-0.5705639,0.01666181,0.8210841,0.0,0.0,0.0,0.0,0.0,0.0,0.0,0.3116155,0.1607641,3.534371,1.393076,0.1529302,-3.263538,0.04695395,-0.2429585,-0.01413143,0.9687967,4.824903,331.7213,357.1125,0.4480562,0.04251411,-0.8929936,0.0,0.0,0.0,1.034813,0.1610509,-2.472088,0.02374732,0.08703011,0.958403,0.8815429,-0.05019669,0.4694277,0.004565248,0.9951913,0.09784436,-0.4720818,-0.08411095,0.877533,static,-6.828821516166631,5.450351519243354,1.4193850209391563,5.188651659845546,-0.358263,0.008120700000000008,0.7914500000000002,-0.11837341047626426,0.09431535840621175,0.9884797560038457,-4.254274334322085,8.353323700133835,8.215960989601955,8.252357111466,6.496580608452868
05/17/2023 13:13:54.494513,1734,True,True,True,True,Eyes,1.544455,0.1544178,-3.243844,-0.5645905,0.01688102,0.8251985,0.0,0.0,0.0,0.0,0.0,0.0,0.0,0.2946112,0.1581896,3.533685,1.384224,0.1521968,-3.264891,0.04663964,-0.2394631,-0.01478518,0.9696719,4.782259,332.1339,357.0658,0.4463834,0.04255813,-0.8938289,0.0,0.0,0.0,1.034813,0.1610509,-2.472088,0.02399153,0.08747537,0.9538864,0.8848776,-0.0510105,0.4630222,0.006336605,0.9952123,0.0975313,-0.4657805,-0.08336928,0.8809643,static,-6.828195708445273,5.414988568806456,1.4407624087020485,5.2396074977001845,-0.3494109999999999,0.008854100000000004,0.7928030000000001,-0.11836946811786336,0.09370529932910464,0.9885382905198347,-4.260871736217236,8.33965426820104,8.234614646947048,8.27081778684786,6.489909236792318
05/17/2023 13:13:54.514099,1735,True,True,True,True,Eyes,1.536869,0.1542504,-3.244594,-0.558479,0.01705287,0.8293433,0.0,0.0,0.0,0.0,0.0,0.0,0.0,0.2789376,0.159348,3.532787,1.375287,0.1511107,-3.266425,0.04667317,-0.2361342,-0.0146342,0.9704887,4.800141,332.528,357.0982,0.4447008,0.04259706,-0.8946653,0.0,0.0,0.0,1.034813,0.1610509,-2.472088,0.02482149,0.08896217,0.9493969,0.8880531,-0.05044691,0.456965,0.006362396,0.9952149,0.09750284,-0.4596971,-0.0836803,0.8841246,static,-6.797786326048391,5.448028188643157,1.4976273021409185,5.353205382027325,-0.34047399999999994,0.00994020000000001,0.7943370000000001,-0.11783835007206434,0.09428131893011794,0.9885469433588968,-4.240422139015259,8.350393879865743,8.259004912844635,8.295955558427458,6.473665907407304
05/17/2023 13:13:54.534014,1736,True,True,True,True,Eyes,1.52923,0.154052,-3.24537,-0.5523708,0.01716157,0.8334218,0.0,0.0,0.0,0.0,0.0,0.0,0.0,0.2632103,0.1635787,3.531621,1.366298,0.1501496,-3.267884,0.0471237,-0.2327961,-0.01423282,0.971279,4.871069,332.9218,357.1473,0.4430059,0.04263054,-0.8955042,0.0,0.0,0.0,1.034813,0.1610509,-2.472088,0.02656251,0.09056592,0.9450845,0.8912068,-0.04958851,0.4508786,0.005707647,0.9951535,0.0981672,-0.4535614,-0.08491383,0.8871707,static,-6.7707646243651105,5.532279010214666,1.6099292303883257,5.473847182499211,-0.33148500000000003,0.010901300000000003,0.7957960000000002,-0.11735570407346163,0.0957403402343261,0.9884641333229964,-4.211562170128549,8.381091675902098,8.342312871270682,8.38089755131228,6.5070602172343035
05/17/2023 13:13:54.543987,1737,True,True,True,True,Eyes,1.521518,0.1538129,-3.246184,-0.5461038,0.01722358,0.8375404,0.0,0.0,0.0,0.0,0.0,0.0,0.0,0.2489009,0.1686278,3.530307,1.357349,0.1492299,-3.269371,0.0476825,-0.229651,-0.01377229,0.9720069,4.954796,333.2924,357.1996,0.4412987,0.04265822,-0.8963454,0.0,0.0,0.0,1.034813,0.1610509,-2.472088,0.02822158,0.09260407,0.940717,0.8941415,-0.04867419,0.4451313,0.004872846,0.9950734,0.09902108,-0.4477581,-0.08636979,0.8899736,static,-6.711662940826472,5.628475837418928,1.718362261276755,5.622076360818952,-0.32253599999999993,0.011820999999999998,0.7972830000000002,-0.11631706903224237,0.09741177236987217,0.9884236034060118,-4.165589931431213,8.41429037428933,8.38970144289111,8.430027631117014,6.5128605468790175
05/17/2023 13:13:54.563861,1738,True,True,True,True,Eyes,1.513753,0.1535632,-3.247013,-0.5398831,0.01720033,0.8415642,0.0,0.0,0.0,0.0,0.0,0.0,0.0,0.2353895,0.1751547,3.528873,1.34828,0.1479996,-3.270974,0.04836608,-0.2265919,-0.01307379,0.9727003,5.05814,333.6531,357.2753,0.4395776,0.04267953,-0.8971896,0.0,0.0,0.0,1.034813,0.1610509,-2.472088,0.02961916,0.0930032,0.9366488,0.8969703,-0.04735249,0.4395474,0.003515034,0.9949796,0.1000162,-0.4420768,-0.08816656,0.8926337,static,-6.646269978428105,5.742169466961548,1.811231195859621,5.670515437332146,-0.31346699999999994,0.013051299999999988,0.798886,-0.11516628492260986,0.09938635167452917,0.9883617736726312,-4.113310982611432,8.45381969634579,8.415894315352363,8.457804704120354,6.54576066036072
05/17/2023 13:13:54.584060,1739,True,True,True,True,Eyes,1.506002,0.1534902,-3.247845,-0.533659,0.017301,0.8455227,0.0,0.0,0.0,0.0,0.0,0.0,0.0,0.2249035,0.1822464,3.526893,1.339198,0.1475356,-3.27224,0.04913205,-0.2239594,-0.01174044,0.9732885,5.1855,333.966,357.4182,0.4378425,0.04269481,-0.898037,0.0,0.0,0.0,1.034813,0.1610509,-2.472088,0.03044024,0.09102919,0.9327621,0.8994088,-0.04486084,0.4348005,0.0008465099,0.9948964,0.1008981,-0.4371078,-0.09038053,0.8948565,static,-6.529452252155409,5.896511706815262,1.8691566835763669,5.573902087689524,-0.3043850000000001,0.013515300000000008,0.8001520000000002,-0.1131199939442381,0.1020725689032434,0.9883243125335114,-4.029414510056626,8.505643418870314,8.361730917838083,8.40480273544276,6.586975736960828
05/17/2023 13:13:54.594463,1740,True,True,True,True,Eyes,1.49818,0.1533799,-3.24868,-0.5273203,0.01723479,0.8494918,0.0,0.0,0.0,0.0,0.0,0.0,0.0,0.2153494,0.1750872,3.526114,1.33088,0.1517514,-3.273566,0.0488162,-0.2214957,-0.01222635,0.973862,5.144295,334.2557,357.3851,0.436094,0.04270953,-0.8988866,0.0,0.0,0.0,1.034813,0.1610509,-2.472088,0.03040355,0.08783846,0.9288583,0.9015804,-0.04543871,0.4302188,0.002188405,0.994935,0.1004966,-0.4326062,-0.0896643,0.8971132,static,-6.390879319479369,5.853882476424045,1.8747459921025715,5.402170348921763,-0.2960670000000001,0.009299499999999988,0.8014780000000004,-0.11073741689672231,0.10136458683532412,0.9886670319578882,-3.9738448626482064,8.4801308568279,8.23660631181432,8.277959026088297,6.609073753144554
05/17/2023 13:13:54.613789,1741,True,True,True,True,Eyes,1.490319,0.1532815,-3.249566,-0.5208434,0.01731509,0.8534766,0.0,0.0,0.0,0.0,0.0,0.0,0.0,0.1894935,0.1889316,3.524177,1.321324,0.1505089,-3.27458,0.05104054,-0.2167,-0.01424777,0.9747989,5.355412,334.7993,357.1273,0.4343316,0.04272273,-0.8997389,0.0,0.0,0.0,1.034813,0.1610509,-2.472088,0.03001297,0.08486591,0.9250768,0.9056761,-0.0498984,0.4210235,0.005656455,0.9943837,0.1056835,-0.4239324,-0.09333354,0.9008719,static,-6.538389374956267,6.035609180918277,1.8582387296828153,5.241603677761978,-0.28651099999999996,0.010541999999999996,0.802492,-0.11324581260618263,0.10447012654981078,0.9880593833361739,-4.00644881423016,8.559835579006062,8.390454642404217,8.434086095520806,6.7383397760992985
05/17/2023 13:13:54.634010,1742,True,True,True,True,Eyes,1.482443,0.153316,-3.250446,-0.514421,0.01748826,0.8573594,0.0,0.0,0.0,0.0,0.0,0.0,0.0,0.1859432,0.1840906,3.523308,1.31251,0.1507135,-3.276701,0.0499768,-0.2149689,-0.01182217,0.9752697,5.301631,335.0205,357.4359,0.432555,0.04273485,-0.9005938,0.0,0.0,0.0,1.034813,0.1610509,-2.472088,0.0301424,0.08302879,0.9212289,0.9072972,-0.04454652,0.4181236,0.001572696,0.9947252,0.1025645,-0.420487,-0.09239892,0.9025813,static,-6.293990737427789,6.035720962607601,1.8740362891469353,5.15005616978883,-0.2776970000000001,0.010337399999999997,0.8046130000000002,-0.10902957320416815,0.10452163114219709,0.9885280603187144,-3.8937799888893316,8.543857673965228,8.173826289703674,8.215903336340677,6.6922039170164345
05/17/2023 13:13:54.643714,1743,True,True,True,True,Eyes,1.474562,0.1533493,-3.251296,-0.507898,0.01788193,0.8612316,0.0,0.0,0.0,0.0,0.0,0.0,0.0,0.1768698,0.1718631,3.522225,1.304243,0.1541366,-3.277512,0.04895715,-0.2125878,-0.013107,0.9758268,5.162147,335.2994,357.3299,0.4307643,0.04274969,-0.9014509,0.0,0.0,0.0,1.034813,0.1610509,-2.472088,0.03077459,0.08253234,0.9174853,0.9092692,-0.04639571,0.4136145,0.004764936,0.9948628,0.1011202,-0.4161812,-0.08997461,0.9048192,static,-6.141889443919455,5.9144320564479615,1.921113392794114,5.140203846663976,-0.26943000000000006,0.006914299999999984,0.8054240000000004,-0.10642795604179978,0.1024578448505314,0.9890275480816672,-3.8472914645714686,8.48714390373917,8.059997042795649,8.100089139366082,6.669070575734924
05/17/2023 13:13:54.664315,1744,True,True,True,True,Eyes,1.466656,0.1534119,-3.252154,-0.5014637,0.01835241,0.864984,0.0,0.0,0.0,0.0,0.0,0.0,0.0,0.1648951,0.157352,3.520692,1.295083,0.154165,-3.278142,0.04722565,-0.2097022,-0.01493556,0.97651,4.931726,335.6386,357.1823,0.4289615,0.04276697,-0.9023094,0.0,0.0,0.0,1.034813,0.1610509,-2.472088,0.0312027,0.08329404,0.9136546,0.9116037,-0.0489761,0.408142,0.0093628,0.9950933,0.09849669,-0.4109633,-0.0859686,0.9075894,static,-6.05682599491074,5.6996846673246395,1.9559781770630948,5.2090155775734726,-0.26027,0.0068859,0.806054,-0.10499889029413123,0.09876529640837464,0.9895557704792914,-3.849899868308453,8.398806992977484,7.990045850442639,8.027813329546131,6.624423684480973
05/17/2023 13:13:54.683951,1745,True,True,True,True,Eyes,1.458731,0.1534952,-3.252994,-0.4950841,0.01885835,0.8686403,0.0,0.0,0.0,0.0,0.0,0.0,0.0,0.1590183,0.1480051,3.519299,1.286564,0.1549093,-3.279239,0.04604013,-0.2077226,-0.01513221,0.9769865,4.799812,335.8761,357.199,0.4271458,0.04278725,-0.9031694,0.0,0.0,0.0,1.034813,0.1610509,-2.472088,0.03154644,0.0845672,0.9099734,0.9132447,-0.04869508,0.4044909,0.01044079,0.9953026,0.09624778,-0.4072776,-0.08367456,0.9094633,static,-5.864599985240292,5.6074308225990235,1.9855023214806826,5.309458792932899,-0.25175100000000006,0.006141599999999997,0.8071510000000002,-0.10169405697806783,0.09720539998729309,0.9900552021025266,-3.7792635657892095,8.350652665011342,7.819384884722644,7.85575544148679,6.517774612749209
05/17/2023 13:13:54.694266,1746,True,True,True,True,Eyes,1.450839,0.1535627,-3.253795,-0.4885313,0.01931756,0.8723326,0.0,0.0,0.0,0.0,0.0,0.0,0.0,0.1498866,0.1418597,3.517324,1.278156,0.1554651,-3.279681,0.04543856,-0.2053398,-0.01614018,0.9775021,4.715271,336.1543,357.1119,0.4253183,0.04281083,-0.9040304,0.0,0.0,0.0,1.034813,0.1610509,-2.472088,0.03235808,0.0857181,0.9061997,0.9151501,-0.05021481,0.3999734,0.01289343,0.9953497,0.09546103,-0.4029069,-0.08220414,0.9115418,static,-5.716230593680512,5.54795983349647,2.04501729997127,5.403572453647483,-0.2433430000000001,0.005585800000000002,0.8075930000000002,-0.09913965529546934,0.0962026443059564,0.9904123102038063,-3.7224579952415255,8.318007330132993,7.726912532115802,7.762590842120554,6.462019957425467
05/17/2023 13:13:54.713930,1747,True,True,True,True,Eyes,1.442973,0.1536302,-3.254573,-0.4817175,0.0196505,0.8761061,0.0,0.0,0.0,0.0,0.0,0.0,0.0,0.1359332,0.1411058,3.51525,1.269744,0.1552452,-3.280095,0.04554141,-0.2022952,-0.01729121,0.9781123,4.708902,336.5059,356.9947,0.4234809,0.04283695,-0.9048913,0.0,0.0,0.0,1.034813,0.1610509,-2.472088,0.03389323,0.08670072,0.902589,0.9175553,-0.05225111,0.3941599,0.01539987,0.995254,0.09608507,-0.3973098,-0.08209337,0.9140053,static,-5.633209562193453,5.553930137386022,2.150510406188022,5.486872280366697,-0.234931,0.005805699999999997,0.8080070000000004,-0.09770332536872645,0.09631957651813433,0.9905434820364881,-3.6830298027648296,8.3148659548626,7.747889327904222,7.784008819520217,6.4828805011706425
05/17/2023 13:13:54.733839,1748,True,True,True,True,Eyes,1.435101,0.1536893,-3.255338,-0.4748904,0.01987795,0.8798205,0.0,0.0,0.0,0.0,0.0,0.0,0.0,0.120396,0.1446981,3.513312,1.261631,0.1553953,-3.280691,0.04623544,-0.199064,-0.01788662,0.9787319,4.783049,336.8785,356.9271,0.4216346,0.04286536,-0.9057516,0.0,0.0,0.0,1.034813,0.1610509,-2.472088,0.03588992,0.08687913,0.8990335,0.9201072,-0.05342002,0.3880066,0.01660477,0.9950847,0.09762536,-0.3913146,-0.08338304,0.9164715,static,-5.572273020262615,5.638255587419423,2.2860656728441793,5.5197037316465485,-0.22681799999999996,0.005655600000000011,0.8086030000000002,-0.09663590134844904,0.09778756662670601,0.9905045338171921,-3.6385234351854936,8.34336930324468,7.821856043008537,7.859232886108325,6.5630666124314505
05/17/2023 13:13:54.744537,1749,True,True,True,True,Eyes,1.427303,0.1537126,-3.256068,-0.4678649,0.0199132,0.8835756,0.0,0.0,0.0,0.0,0.0,0.0,0.0,0.1019697,0.1516956,3.511152,1.253541,0.15527,-3.281177,0.04733936,-0.195445,-0.01815039,0.9794034,4.912475,337.2957,356.8898,0.4197805,0.04289559,-0.906611,0.0,0.0,0.0,1.034813,0.1610509,-2.472088,0.03794932,0.08704794,0.8955899,0.9229436,-0.05405758,0.3811205,0.01704861,0.994859,0.09982346,-0.3845574,-0.08563386,0.9191205,static,-5.544876167191268,5.768049029650926,2.4263738558396475,5.5514943411458,-0.21872800000000003,0.0057809000000000055,0.8090890000000002,-0.09614066147384745,0.10003593643396677,0.9903280899453275,-3.600622529612553,8.39159402454645,7.934931112481945,7.974191047547326,6.662645994040682
05/17/2023 13:13:54.764256,1750,True,True,True,True,Eyes,1.419504,0.1536953,-3.256793,-0.4608319,0.01977539,0.887267,0.0,0.0,0.0,0.0,0.0,0.0,0.0,0.08244526,0.1623431,3.508935,1.245691,0.1546246,-3.281787,0.04887573,-0.1917028,-0.01827005,0.980065,5.094458,337.7254,356.8605,0.4179204,0.04292645,-0.9074686,0.0,0.0,0.0,1.034813,0.1610509,-2.472088,0.03934464,0.08734116,0.8921083,0.9258325,-0.0545509,0.3739765,0.01707245,0.9945548,0.1028076,-0.3775484,-0.08879794,0.9217224,static,-5.533513670355374,5.940473341182281,2.5252785347182636,5.591677726363348,-0.21087800000000012,0.006426299999999996,0.8096990000000002,-0.09591491342372613,0.10301799302739159,0.990044169667086,-3.561811053635465,8.457299208151152,8.02482516759066,8.066336850483776,6.7278857104983665
05/17/2023 13:13:54.784362,1751,True,True,True,True,Eyes,1.411805,0.1536471,-3.257483,-0.4536043,0.01948255,0.8909901,0.0,0.0,0.0,0.0,0.0,0.0,0.0,0.06340468,0.1770669,3.506385,1.237826,0.1536722,-3.28242,0.05094665,-0.1880311,-0.01832487,0.9806696,5.338082,338.144,356.8276,0.4160546,0.04295673,-0.9083242,0.0,0.0,0.0,1.034813,0.1610509,-2.472088,0.04063746,0.08721791,0.8890031,0.9286171,-0.0551004,0.3669256,0.01678219,0.9941373,0.106815,-0.3706599,-0.09303238,0.9240975,static,-5.504331817098649,6.16641360157264,2.6172408886103886,5.60321691615482,-0.2030130000000001,0.007378699999999988,0.8103320000000003,-0.09537107192177063,0.10692693400818125,0.9896821603197187,-3.504365780567039,8.54246061688051,8.09699679094598,8.141076938623272,6.790671671077407
05/17/2023 13:13:54.794158,1752,True,True,True,True,Eyes,1.404113,0.1535702,-3.258172,-0.4463653,0.01901993,0.8946487,0.0,0.0,0.0,0.0,0.0,0.0,0.0,0.04391992,0.1922814,3.503755,1.230279,0.153119,-3.283013,0.05325707,-0.1843342,-0.01898596,0.9812361,5.596149,338.5607,356.7228,0.4141859,0.04298559,-0.9091764,0.0,0.0,0.0,1.034813,0.1610509,-2.472088,0.04182461,0.0872009,0.8858161,0.9313209,-0.05689363,0.3597284,0.01762523,0.9936064,0.1115151,-0.363773,-0.097516,0.9263692,static,-5.482929317346881,6.390305093850866,2.703264517690078,5.622157595378732,-0.19546599999999992,0.007931899999999992,0.8109250000000001,-0.09496088263628383,0.11079781137816708,0.9892958662380689,-3.4509050647040365,8.627342415180166,8.17543288411593,8.222154224058686,6.848718058880065
05/17/2023 13:13:54.814422,1753,True,True,True,True,Eyes,1.396528,0.1534692,-3.258823,-0.4389613,0.01851436,0.8983153,0.0,0.0,0.0,0.0,0.0,0.0,0.0,0.02397084,0.2070279,3.50109,1.222679,0.1523969,-3.283732,0.05550044,-0.1805558,-0.01975273,0.981799,5.845574,338.986,356.6098,0.4123148,0.04301234,-0.9100253,0.0,0.0,0.0,1.034813,0.1610509,-2.472088,0.04359904,0.0866517,0.8827959,0.9340189,-0.05882828,0.3523465,0.01874457,0.993059,0.1161135,-0.3567315,-0.1018476,0.9286386,static,-5.462533473674146,6.602443807023757,2.8273952590888625,5.605965884581802,-0.1878660000000001,0.008653999999999995,0.8116440000000003,-0.09456915675614513,0.11446422639278211,0.9889159712051994,-3.4001968239909064,8.707760838456146,8.300313332165318,8.349603981279827,6.9573008479667
05/17/2023 13:13:54.833712,1754,True,True,True,True,Eyes,1.38896,0.1533557,-3.259474,-0.4315547,0.01782865,0.9019106,0.0,0.0,0.0,0.0,0.0,0.0,0.0,0.004356384,0.2217558,3.498125,1.215338,0.1519602,-3.284195,0.05764832,-0.1768627,-0.01971147,0.9823481,6.101436,339.4058,356.5914,0.4104434,0.0430365,-0.9108697,0.0,0.0,0.0,1.034813,0.1610509,-2.472088,0.04537028,0.08550192,0.8796957,0.9366621,-0.05911874,0.3452089,0.01833538,0.9925763,0.1202339,-0.3497542,-0.106289,0.9307925,static,-5.427770626209232,6.819895676558184,2.952412223534435,5.551419233229362,-0.18052500000000005,0.009090700000000007,0.8121070000000001,-0.09392747472574822,0.11822378326882102,0.9885346816407218,-3.341832038446231,8.789285085681312,8.424017341659821,8.475641396520857,7.078226197851474
05/17/2023 13:13:54.844326,1755,True,True,True,True,Eyes,1.381453,0.1532326,-3.260116,-0.4238204,0.01711841,0.9055845,0.0,0.0,0.0,0.0,0.0,0.0,0.0,-0.01596868,0.2382856,3.495115,1.208108,0.1515941,-3.284868,0.0600411,-0.173072,-0.01950135,0.9828839,6.388911,339.8364,356.5896,0.4085726,0.04305794,-0.9117094,0.0,0.0,0.0,1.034813,0.1610509,-2.472088,0.04745495,0.0846564,0.8767564,0.9393316,-0.059118,0.3378775,0.01755227,0.9920295,0.1247771,-0.342561,-0.1112766,0.9328824,static,-5.385158283985877,7.069559471772634,3.0981443255185903,5.515174326478277,-0.17329499999999998,0.009456799999999987,0.8127800000000001,-0.09314313819985359,0.12253921225183746,0.9880832734766436,-3.273577019929878,8.882708823262886,8.57011127205919,8.624531079678306,7.206880149626329
05/17/2023 13:13:54.864732,1756,True,True,True,True,Eyes,1.373964,0.1531172,-3.260769,-0.4160908,0.01623599,0.9091781,0.0,0.0,0.0,0.0,0.0,0.0,0.0,-0.03840828,0.2561737,3.491852,1.200957,0.1513611,-3.285563,0.06265365,-0.168989,-0.01923981,0.9834364,6.703368,340.3,356.5932,0.4067026,0.04307662,-0.9125442,0.0,0.0,0.0,1.034813,0.1610509,-2.472088,0.0490301,0.08420842,0.8737986,0.9421451,-0.0590178,0.329969,0.01666669,0.9914087,0.1297344,-0.3347908,-0.1167291,0.9350345,static,-5.378570139050293,7.334757492358754,3.2115811214601666,5.504624717859148,-0.16614400000000007,0.009689799999999998,0.813475,-0.09297557716778962,0.1271132987304043,0.9875210023446195,-3.218901291051076,8.984480726188288,8.725277975406613,8.782942824062278,7.311668885850947
05/17/2023 13:13:54.884148,1757,True,True,True,True,Eyes,1.366503,0.1530288,-3.261433,-0.4080451,0.01555004,0.9128294,0.0,0.0,0.0,0.0,0.0,0.0,0.0,-0.05887008,0.2722114,3.48878,1.193804,0.1514784,-3.286493,0.0650501,-0.1651594,-0.01903838,0.9839352,6.991462,340.7347,356.595,0.4048336,0.043093,-0.9133741,0.0,0.0,0.0,1.034813,0.1610509,-2.472088,0.05012143,0.08430316,0.8709587,0.9447198,-0.05895235,0.3225354,0.01597779,0.9908121,0.1342989,-0.3274892,-0.1217214,0.9369817,static,-5.324177944917442,7.58744998889548,3.2935919461600305,5.528637307284555,-0.1589910000000001,0.009572499999999984,0.8144050000000003,-0.09198523889295765,0.1314794826559606,0.9870420367687988,-3.1446270127712017,9.078299483996735,8.799824185231657,8.860285974703265,7.351922533046891
05/17/2023 13:13:54.894368,1758,True,True,True,True,Eyes,1.359056,0.1529584,-3.262101,-0.4000176,0.01489973,0.9163864,0.0,0.0,0.0,0.0,0.0,0.0,0.0,-0.07828879,0.2790271,3.48638,1.186769,0.1520495,-3.287445,0.06629143,-0.1614638,-0.01950137,0.9844564,7.135976,341.1558,356.5446,0.402966,0.04310803,-0.9141989,0.0,0.0,0.0,1.034813,0.1610509,-2.472088,0.05171758,0.08465391,0.868216,0.9470983,-0.05980382,0.3153225,0.01698917,0.9904503,0.1368196,-0.3204936,-0.1242245,0.9390698,static,-5.256102430195965,7.6946735564084205,3.4089463064041197,5.568923385570769,-0.15195599999999998,0.009001399999999993,0.8153570000000001,-0.09078964645364099,0.13334109677309824,0.9869029883311546,-3.09237148012339,9.115159482124835,8.860157599886252,8.92198875792113,7.405600813838266
05/17/2023 13:13:54.914388,1759,True,True,True,True,Eyes,1.351595,0.1528797,-3.262787,-0.3918031,0.01462805,0.9199327,0.0,0.0,0.0,0.0,0.0,0.0,0.0,-0.09691584,0.276093,3.484445,1.179591,0.1524116,-3.288208,0.06612253,-0.1578369,-0.02015635,0.9850427,7.117479,341.5756,356.4997,0.4010988,0.04312232,-0.915019,0.0,0.0,0.0,1.034813,0.1610509,-2.472088,0.05329114,0.08450183,0.8655617,0.9493625,-0.06058288,0.3082866,0.01883658,0.9904431,0.1366299,-0.3136178,-0.1239042,0.9414307,static,-5.1661378885358005,7.662082992397462,3.523155063755264,5.575921290110854,-0.14477800000000007,0.008639299999999989,0.8161200000000002,-0.08924647129592689,0.1327982895061016,0.9871167627039779,-3.0572514601346494,9.09670209797393,8.874931303081175,8.936211874100936,7.463085656527728
05/17/2023 13:13:54.934164,1760,True,True,True,True,Eyes,1.34415,0.1527893,-3.26348,-0.3836508,0.01443665,0.9233654,0.0,0.0,0.0,0.0,0.0,0.0,0.0,-0.1134564,0.2681742,3.482997,1.172419,0.1520149,-3.289131,0.06502536,-0.1544754,-0.02037775,0.9856439,7.001075,341.9725,356.5193,0.3992315,0.04313568,-0.9158347,0.0,0.0,0.0,1.034813,0.1610509,-2.472088,0.05529618,0.08388493,0.8629698,0.9514442,-0.06026004,0.3018653,0.02008077,0.9907129,0.1344794,-0.3071656,-0.121888,0.9438182,static,-5.043686224582541,7.5430900266010825,3.6663071232742963,5.551990260711951,-0.13760600000000012,0.009035999999999988,0.817043,-0.08716030746457851,0.13077220387379715,0.9875736562999705,-3.0239818385348665,9.042816764984753,8.875179189486433,8.93467752061786,7.546246489178511
05/17/2023 13:13:54.943854,1761,True,True,True,True,Eyes,1.33675,0.1527061,-3.264167,-0.3753406,0.01449363,0.9267737,0.0,0.0,0.0,0.0,0.0,0.0,0.0,-0.1285425,0.2621558,3.481319,1.165308,0.1516246,-3.289969,0.06406911,-0.1513247,-0.01990829,0.9862047,6.91203,342.3483,356.6126,0.3973638,0.04314784,-0.9166459,0.0,0.0,0.0,1.034813,0.1610509,-2.472088,0.05744687,0.0839207,0.860442,0.953409,-0.05865778,0.2959234,0.01987681,0.9909976,0.1323958,-0.3010254,-0.1203453,0.9459919,static,-4.885668903862358,7.473526929269944,3.819648146085063,5.5705579458141345,-0.13049500000000003,0.009426299999999999,0.8178810000000003,-0.08444940241101653,0.12960346359060673,0.9879632396948617,-2.964694517767761,9.00564961889529,8.85256388053527,8.910883002940848,7.604417149462878
05/17/2023 13:13:54.969884,1762,True,True,True,True,Eyes,1.329369,0.1526199,-3.264856,-0.3670199,0.01454032,0.9300994,0.0,0.0,0.0,0.0,0.0,0.0,0.0,-0.1461834,0.2587283,3.479247,1.158426,0.1517112,-3.290669,0.06366084,-0.1478553,-0.01990972,0.9867572,6.877563,342.7547,356.6441,0.3954968,0.0431591,-0.9174525,0.0,0.0,0.0,1.034813,0.1610509,-2.472088,0.06012389,0.08517659,0.8579764,0.9554848,-0.0581173,0.2892596,0.02046693,0.9911018,0.1315231,-0.2943295,-0.1197481,0.9481722,static,-4.77162443915143,7.450558932396294,4.008528478858053,5.669527030463196,-0.12361299999999997,0.009339700000000006,0.818581,-0.08248680372698511,0.12922871442108336,0.98817801451057,-2.9166019952158506,8.989322140192655,8.900169909297482,8.958970917428735,7.6797442440182
05/17/2023 13:13:54.984124,1763,True,True,True,True,Eyes,1.322028,0.1525309,-3.265538,-0.3587103,0.01473099,0.9333327,0.0,0.0,0.0,0.0,0.0,0.0,0.0,-0.1690144,0.2570281,3.476671,1.151433,0.1515182,-3.291369,0.06362499,-0.1436432,-0.02062291,0.9873668,6.875811,343.2405,356.5929,0.3936302,0.04316943,-0.9182544,0.0,0.0,0.0,1.034813,0.1610509,-2.472088,0.0628446,0.08707752,0.8554304,0.9578826,-0.05900335,0.2810328,0.02244616,0.9910531,0.1315671,-0.2862813,-0.1197177,0.950637,static,-4.753586413201228,7.457013427641029,4.201713333005691,5.812335127636266,-0.11661999999999995,0.009532700000000005,0.8192810000000001,-0.08217446321292163,0.12934338853034716,0.9881890789322235,-2.9070311796658044,8.990627175577613,9.044242894297776,9.105073325071043,7.7868985410395775
05/17/2023 13:13:54.993973,1764,True,True,True,True,Eyes,1.314698,0.1524348,-3.266219,-0.3503989,0.01493349,0.9364815,0.0,0.0,0.0,0.0,0.0,0.0,0.0,-0.1923273,0.2552941,3.473864,1.144301,0.1514333,-3.292041,0.06362282,-0.1393373,-0.02142154,0.9879668,6.877377,343.7361,356.5319,0.391765,0.04317881,-0.9190512,0.0,0.0,0.0,1.034813,0.1610509,-2.472088,0.06592706,0.08913898,0.8529581,0.9602525,-0.0600576,0.2725955,0.02459747,0.9909865,0.1316841,-0.2780471,-0.1197448,0.9530745,static,-4.748652914643954,7.466021860205535,4.419733016463158,5.966078826842291,-0.10948800000000003,0.009617600000000004,0.8199530000000004,-0.0820876848081728,0.12949968518678662,0.9881758151393898,-2.903003139955432,8.99377550109081,9.226935763572413,9.290270700311039,7.923977029735488
05/17/2023 13:13:55.014123,1765,True,True,True,True,Eyes,1.307407,0.1523367,-3.266884,-0.3419821,0.01517425,0.939584,0.0,0.0,0.0,0.0,0.0,0.0,0.0,-0.2134122,0.2517073,3.471146,1.137167,0.1511787,-3.292682,0.06329928,-0.1353349,-0.02212471,0.9885283,6.843497,344.1985,356.4849,0.3899009,0.04318712,-0.9198433,0.0,0.0,0.0,1.034813,0.1610509,-2.472088,0.0693596,0.09178558,0.8505386,0.9623899,-0.060875,0.2647638,0.0266086,0.9910074,0.1311347,-0.2703658,-0.1191578,0.9553553,static,-4.7013773154442795,7.445260736106916,4.662032035314604,6.159218896548401,-0.10235400000000006,0.009872199999999998,0.8205940000000003,-0.08127603837285521,0.12915023780579798,0.9882886872268611,-2.885255685241196,8.982675399340216,9.38548630285168,9.451314103497667,8.058129966686424
05/17/2023 13:13:55.033847,1766,True,True,True,True,Eyes,1.300128,0.1522261,-3.267541,-0.3335438,0.0154083,0.9426087,0.0,0.0,0.0,0.0,0.0,0.0,0.0,-0.2342051,0.2473921,3.468164,1.130037,0.1510647,-3.293086,0.06286632,-0.1313711,-0.0226867,0.9890777,6.799691,344.6577,356.4551,0.3880385,0.04319439,-0.9206302,0.0,0.0,0.0,1.034813,0.1610509,-2.472088,0.07353288,0.09392246,0.847849,0.9644539,-0.06139546,0.2570199,0.02836019,0.9910663,0.1303201,-0.2627249,-0.1183986,0.9575789,static,-4.648218481015951,7.415832604137807,4.956787787748441,6.321300798288261,-0.09522399999999998,0.0099862,0.8209980000000003,-0.08036431660163354,0.12865215576226077,0.9884281678391686,-2.866484190721196,8.967849486767696,9.598769072371715,9.667168421881328,8.258801632779447
05/17/2023 13:13:55.044826,1767,True,True,True,True,Eyes,1.292853,0.1520858,-3.268185,-0.3250866,0.01559113,0.9455557,0.0,0.0,0.0,0.0,0.0,0.0,0.0,-0.2575074,0.2449898,3.464775,1.122936,0.1506598,-3.293526,0.06272991,-0.1270541,-0.02347082,0.989632,6.787938,345.1544,356.3974,0.3861772,0.04320036,-0.9214122,0.0,0.0,0.0,1.034813,0.1610509,-2.472088,0.07745957,0.08915041,0.8462639,0.9666128,-0.06239514,0.248529,0.03051477,0.9910282,0.1301232,-0.2544183,-0.1181949,0.9598444,static,-4.639091836430315,7.410976609000304,5.229780303715154,6.013693251429569,-0.08812299999999995,0.010391099999999986,0.8214380000000001,-0.08020772725058554,0.12857000456072384,0.9884515350047661,-2.863223136641714,8.965379775172451,9.900515733136796,9.967298435377742,8.614473751778077
05/17/2023 13:13:55.063845,1768,True,True,True,True,Eyes,1.285619,0.151954,-3.268801,-0.316185,0.01551991,0.9485706,0.0,0.0,0.0,0.0,0.0,0.0,0.0,-0.2809488,0.247477,3.460703,1.115672,0.1498151,-3.293854,0.06315049,-0.122705,-0.02375448,0.9901471,6.84749,345.655,356.3887,0.3843174,0.04320431,-0.9221893,0.0,0.0,0.0,1.034813,0.1610509,-2.472088,0.07785535,0.09367243,0.8434208,0.9687583,-0.06253862,0.2399919,0.03154309,0.9908955,0.1308861,-0.2459923,-0.119227,0.961911,static,-4.606107618083403,7.468008998689151,5.273971554496204,6.337440982299024,-0.08085900000000001,0.01123579999999999,0.8217660000000002,-0.07962833448096049,0.12955988862357828,0.9883691459284847,-2.836914904788554,8.985197092354726,9.873902726312288,9.94455371025395,8.532121164971002
05/17/2023 13:13:55.084205,1769,True,True,True,True,Eyes,1.278375,0.1518166,-3.269395,-0.3068257,0.01518718,0.9516445,0.0,0.0,0.0,0.0,0.0,0.0,0.0,-0.3069622,0.2495352,3.456129,1.108649,0.1499505,-3.293893,0.06373996,-0.1180186,-0.02436405,0.990664,6.92321,346.1914,356.343,0.3824596,0.04320668,-0.9229612,0.0,0.0,0.0,1.034813,0.1610509,-2.472088,0.08401325,0.09237088,0.8420416,0.970956,-0.06331819,0.2307277,0.03322817,0.9906873,0.1320406,-0.2369395,-0.1205389,0.9640177,static,-4.5879506990275924,7.522674691139369,5.697731207837396,6.2602418494091,-0.07383600000000001,0.01110040000000001,0.8218050000000003,-0.0793051875696239,0.13050619554668536,0.9882705779014013,-2.8179016427524006,9.005074285162696,10.290125223511708,10.362865866597375,8.947072590876253
05/17/2023 13:13:55.094725,1770,True,True,True,True,Eyes,1.271137,0.1516744,-3.269962,-0.297376,0.01477852,0.954646,0.0,0.0,0.0,0.0,0.0,0.0,0.0,-0.3371359,0.2538158,3.450624,1.101498,0.1496433,-3.293812,0.0647536,-0.1127284,-0.025597,0.9911832,7.041854,346.7908,356.225,0.3806027,0.04320747,-0.9237284,0.0,0.0,0.0,1.034813,0.1610509,-2.472088,0.0878295,0.08703957,0.8402725,0.9732742,-0.06534177,0.2201539,0.0361435,0.9903035,0.1341364,-0.2267839,-0.1225944,0.9661986,static,-4.642165768212994,7.6063599552925725,5.967174049111143,5.913887936588283,-0.0666850000000001,0.01140759999999999,0.8217240000000001,-0.08022492544683311,0.13193976295986332,0.9880059390674405,-2.8265950653808414,9.040879410484255,10.671798061331074,10.743488860400813,9.3331908218364
05/17/2023 13:13:55.113947,1771,True,True,True,True,Eyes,1.263874,0.1515197,-3.270491,-0.2875629,0.0141262,0.9576576,0.0,0.0,0.0,0.0,0.0,0.0,0.0,-0.3697846,0.257109,3.444605,1.094297,0.1494146,-3.293681,0.06567415,-0.1070609,-0.0268941,0.9917165,7.151978,347.4334,356.1047,0.3787471,0.04320672,-0.9244908,0.0,0.0,0.0,1.034813,0.1610509,-2.472088,0.0913835,0.08380891,0.8379357,0.9756293,-0.06740491,0.2088157,0.03928037,0.9899272,0.1360189,-0.2158807,-0.1245017,0.9684498,static,-4.718675681529483,7.665644793453082,6.223959493761289,5.711631658151348,-0.05948400000000009,0.011636299999999988,0.821593,-0.08153311340531426,0.13294784908011914,0.9877637727027735,-2.850315753662628,9.068742424326384,11.043678252607057,11.115729031981779,9.675363763827113
05/17/2023 13:13:55.134155,1772,True,True,True,True,Eyes,1.256602,0.1513399,-3.270978,-0.2776887,0.01342229,0.9605773,0.0,0.0,0.0,0.0,0.0,0.0,0.0,-0.4026013,0.2610341,3.437783,1.086838,0.1489215,-3.293202,0.06663899,-0.1013313,-0.02805022,0.992222,7.270657,348.0836,356.0015,0.3768924,0.04320427,-0.9252486,0.0,0.0,0.0,1.034813,0.1610509,-2.472088,0.09627607,0.08117077,0.8360932,0.9778903,-0.06916932,0.1973478,0.04215886,0.9895449,0.1379261,-0.2048247,-0.1265566,0.9705824,static,-4.799259062085638,7.731254187585727,6.568674254285205,5.5450914392296795,-0.05202499999999999,0.012129399999999985,0.8211140000000001,-0.08290968779043009,0.13406356324525204,0.9874982865465153,-2.874682452496378,9.09930986419869,11.502953380306893,11.576234942663952,10.090067120882095
05/17/2023 13:13:55.144438,1773,True,True,True,True,Eyes,1.249294,0.151147,-3.271413,-0.2675174,0.01253596,0.9634715,0.0,0.0,0.0,0.0,0.0,0.0,0.0,-0.4337347,0.2648781,3.430719,1.079249,0.148161,-3.292626,0.06742891,-0.09580711,-0.02863462,0.9927006,7.376373,348.7146,355.9657,0.3750379,0.0431996,-0.926002,0.0,0.0,0.0,1.034813,0.1610509,-2.472088,0.100039,0.07951596,0.8337404,0.9800021,-0.06977155,0.1863539,0.04393088,0.9892668,0.1393602,-0.1940771,-0.1283866,0.9725487,static,-4.833820521515142,7.781259587398957,6.842106250799365,5.447967195992034,-0.04443599999999992,0.01288990000000001,0.820538,-0.08349556717573454,0.13491874524083514,0.9873324988841261,-2.8808753436578076,9.120846873175507,11.832470767445189,11.9067845943499,10.393575718164577
05/17/2023 13:13:55.164351,1774,True,True,True,True,Eyes,1.241989,0.1509545,-3.271789,-0.2572927,0.01157379,0.9662642,0.0,0.0,0.0,0.0,0.0,0.0,0.0,-0.4635331,0.2701701,3.423102,1.071668,0.1475977,-3.29169,0.06837103,-0.09047002,-0.02879007,0.9931324,7.5039,349.326,355.977,0.3731831,0.04319262,-0.9267514,0.0,0.0,0.0,1.034813,0.1610509,-2.472088,0.102618,0.0797976,0.8313867,0.9819726,-0.06955576,0.1757606,0.04481364,0.988993,0.1410123,-0.1836342,-0.1305937,0.9742811,static,-4.8423612401822895,7.854037065316679,7.036424742487685,5.48253041617204,-0.03685500000000008,0.013453199999999998,0.8196020000000002,-0.08362827512209943,0.13617122818515576,0.9871492787337396,-2.8706407172207706,9.149454207627132,12.036706884203676,12.113199420838985,10.563913863492438
05/17/2023 13:13:55.184206,1775,True,True,True,True,Eyes,1.234697,0.1507314,-3.272103,-0.2467962,0.01037827,0.9690119,0.0,0.0,0.0,0.0,0.0,0.0,0.0,-0.4953155,0.2759007,3.414857,1.064323,0.1474441,-3.29062,0.06956577,-0.08487118,-0.02940929,0.9935253,7.656784,349.9627,355.9356,0.3713283,0.04318361,-0.9274967,0.0,0.0,0.0,1.034813,0.1610509,-2.472088,0.1047447,0.08080181,0.8293478,0.9838639,-0.070246,0.1645516,0.04662949,0.9885914,0.1432227,-0.1727351,-0.1332387,0.975915,static,-4.870117864695534,7.9335927358397536,7.1982121275922,5.564658302117963,-0.029509999999999925,0.013606800000000002,0.8185320000000003,-0.08409047856534303,0.13753640278425194,0.9869207995011873,-2.867943150450247,9.18193342094711,12.21924657743878,12.2986356623011,10.696362062260338
05/17/2023 13:13:55.194452,1776,True,True,True,True,Eyes,1.227388,0.1504847,-3.272355,-0.2362565,0.009055826,0.9716485,0.0,0.0,0.0,0.0,0.0,0.0,0.0,-0.5311949,0.2871718,3.404958,1.056509,0.1466075,-3.289479,0.07158403,-0.07862522,-0.03029211,0.9938693,7.904763,350.6675,355.8622,0.3694738,0.04317196,-0.9282374,0.0,0.0,0.0,1.034813,0.1610509,-2.472088,0.106174,0.0827883,0.8272688,0.9858009,-0.07146942,0.1519495,0.04895618,0.9879162,0.1470538,-0.1606233,-0.1375269,0.9773876,static,-4.977545750839279,8.093287576866144,7.313520255087788,5.714804874383337,-0.021695999999999938,0.014443399999999995,0.8173910000000002,-0.08590756517028589,0.14026477493573292,0.986380064928212,-2.8863626462306824,9.250519863964884,12.434402804711594,12.51908477198177,10.795318044789628
05/17/2023 13:13:55.214103,1777,True,True,True,True,Eyes,1.220138,0.1502384,-3.272527,-0.2255456,0.007571197,0.9742032,0.0,0.0,0.0,0.0,0.0,0.0,0.0,-0.5631368,0.3007905,3.394949,1.048686,0.1458324,-3.288201,0.07365493,-0.07292259,-0.02992297,0.994164,8.168574,351.319,355.9309,0.3676198,0.04315732,-0.9289741,0.0,0.0,0.0,1.034813,0.1610509,-2.472088,0.10722,0.08603432,0.8253635,0.9875738,-0.0702389,0.140586,0.04875446,0.9873592,0.1508143,-0.1494019,-0.142086,0.9785146,static,-5.003510523680739,8.27590561569647,7.401638240304335,5.950911709947625,-0.013873000000000024,0.015218499999999996,0.8161130000000001,-0.08631534230087973,0.14340286416536785,0.9858931462517952,-2.862770963461344,9.322600476197797,12.5304998886444,12.62114545191401,10.803998400537052
05/17/2023 13:13:55.233992,1778,True,True,True,True,Eyes,1.212871,0.150009,-3.272612,-0.2147384,0.006039006,0.9766529,0.0,0.0,0.0,0.0,0.0,0.0,0.0,-0.5939787,0.3114701,3.384769,1.041051,0.145808,-3.286554,0.07540186,-0.06737471,-0.02953858,0.9944358,8.394282,351.9548,356.0058,0.3657672,0.04314002,-0.9297058,0.0,0.0,0.0,1.034813,0.1610509,-2.472088,0.1084031,0.0904841,0.8233886,0.9891762,-0.06890881,0.1295451,0.0485881,0.9868841,0.1539449,-0.1384542,-0.1459843,0.9795504,moving,-5.005012443032619,8.419705018337389,7.500132307428969,6.271203701911727,-0.006237999999999966,0.015242900000000004,0.8144660000000004,-0.08630963199827592,0.1458768446310558,0.9855305833566239,-2.8354627131032553,9.378117299295077,12.590941775568554,12.688368813077583,10.792471289285697
05/17/2023 13:13:55.243931,1779,True,True,True,True,Eyes,1.205636,0.149802,-3.272605,-0.2037179,0.004457162,0.9790195,0.0,0.0,0.0,0.0,0.0,0.0,0.0,-0.6304513,0.3154364,3.373396,1.033276,0.1460104,-3.284477,0.07650007,-0.060955,-0.03023686,0.9947452,8.540587,352.686,355.971,0.3639161,0.04312089,-0.9304328,0.0,0.0,0.0,1.037048,0.1591918,-2.472274,0.1113404,0.09303781,0.8207428,0.9907404,-0.06948207,0.1166431,0.05082982,0.9864669,0.1558824,-0.1258956,-0.14851,0.9808645,moving,-5.100708619762173,8.466097803835797,7.7254753824186055,6.467330754320604,0.0037719999999998866,0.013181399999999982,0.8122029999999998,-0.08794534894958068,0.1466537326010789,0.9852706880680364,-2.870536973268954,9.402269599181107,12.877648791997187,12.98098862860706,10.994969025193047
05/17/2023 13:13:55.264252,1780,True,True,True,True,Eyes,1.198355,0.149612,-3.272515,-0.1925861,0.002837376,0.9812759,0.0,0.0,0.0,0.0,0.0,0.0,0.0,-0.6679332,0.3164261,3.361498,1.025308,0.1465301,-3.282256,0.07743218,-0.05433504,-0.03177038,0.9950089,8.663954,353.4337,355.8444,0.3620681,0.04310086,-0.9311544,0.0,0.0,0.0,1.039218,0.1573876,-2.472455,0.1142007,0.09571735,0.818321,0.9920767,-0.0716382,0.1032076,0.05480906,0.9859898,0.1575439,-0.1130478,-0.1506389,0.9821039,moving,-5.219667432126316,8.478273254428178,7.944596387577368,6.6714563093171355,0.013909999999999867,0.010857499999999992,0.8098009999999998,-0.08998832879221472,0.1468361835259292,0.9850589243417416,-2.9229961098234494,9.414759923391237,13.178254207796993,13.287679608866998,11.208491486750328
05/17/2023 13:13:55.283999,1781,True,True,True,True,Eyes,1.19109,0.1494113,-3.272338,-0.1813553,0.001159337,0.9834169,0.0,0.0,0.0,0.0,0.0,0.0,0.0,-0.7054446,0.3175675,3.349011,1.016801,0.1467811,-3.280084,0.07833756,-0.0475996,-0.03319526,0.9952365,8.787407,354.1956,355.7329,0.3602219,0.04308058,-0.9318711,0.0,0.0,0.0,1.041268,0.1556827,-2.472626,0.1168967,0.0980813,0.8158877,0.9932647,-0.07353196,0.08954485,0.05861661,0.9855226,0.159089,-0.09994659,-0.1527686,0.983195,moving,-5.3460481880863995,8.487346685686449,8.15359042398504,6.854872532790778,0.024467000000000017,0.00890160000000001,0.807458,-0.09215916079226871,0.14696287839230804,0.9848393216980582,-2.9794801561646853,9.426541299049472,13.482597264779486,13.59798567863647,11.426230383899401
05/17/2023 13:13:55.294776,1782,True,True,True,True,Eyes,1.183764,0.1492041,-3.272086,-0.1701367,-0.0006252184,0.9854203,0.0,0.0,0.0,0.0,0.0,0.0,0.0,-0.7401211,0.3246855,3.335922,1.008137,0.146551,-3.277767,0.07989568,-0.04125121,-0.03394818,0.9953706,8.989347,354.915,355.6933,0.3583781,0.04305984,-0.9325827,0.0,0.0,0.0,1.043441,0.1538765,-2.472808,0.119565,0.1007005,0.813711,0.9942917,-0.07417361,0.07669586,0.06099044,0.9849284,0.1618524,-0.0875451,-0.1562508,0.98383,moving,-5.427737639375678,8.577910059961512,8.359105258325071,7.054748670741119,0.035304,0.0073255000000000126,0.8049589999999998,-0.09354148915122548,0.14850014538961612,0.9844784161492124,-2.999497640253593,9.46679817531691,13.748260910748352,13.87072664655653,11.611883680959087
05/17/2023 13:13:55.314099,1783,True,True,True,True,Eyes,1.176343,0.1489953,-3.271755,-0.1588084,-0.00248634,0.9873063,0.0,0.0,0.0,0.0,0.0,0.0,0.0,-0.7675565,0.3373736,3.323627,0.9992142,0.1462182,-3.275615,0.08196375,-0.03591869,-0.03369005,0.9954179,9.250789,355.5237,355.7608,0.356535,0.0430386,-0.9332898,0.0,0.0,0.0,1.045492,0.1521712,-2.472979,0.1216094,0.1036322,0.8117483,0.9951496,-0.07295944,0.06598549,0.06118331,0.9842938,0.1655966,-0.07703094,-0.1607562,0.9839836,moving,-5.381622653869468,8.7420000923478,8.520214426945296,7.275335368690953,0.046277800000000036,0.005953000000000014,0.8026360000000001,-0.09270883607520947,0.1513308252582507,0.9841260452081744,-2.946291056603224,9.527013320545118,13.849520727517088,13.97899065144318,11.685495351208457
05/17/2023 13:13:55.334368,1784,True,True,True,True,Eyes,1.168873,0.1487492,-3.271341,-0.1475549,-0.004443893,0.9890439,0.0,0.0,0.0,0.0,0.0,0.0,0.0,-0.7900639,0.3492546,3.312268,0.9907086,0.1458911,-3.273302,0.08391719,-0.03136401,-0.03356289,0.9954134,9.494868,356.0424,355.8089,0.3546907,0.04301697,-0.9339933,0.0,0.0,0.0,1.047624,0.1503982,-2.473156,0.124294,0.1058242,0.8100852,0.9957796,-0.07208186,0.05680731,0.06155394,0.9836628,0.1691699,-0.06807332,-0.1649593,0.9839485,moving,-5.25086703309335,8.887540352763063,8.723049833098397,7.4425983685967445,0.05691540000000006,0.004507100000000014,0.8001460000000002,-0.09042693187904531,0.15386258768513394,0.983945784547092,-2.8576843105021803,9.574531211555412,13.913640136685984,14.04842375218105,11.775336129030118
05/17/2023 13:13:55.353600,1785,True,True,True,True,Eyes,0.979472,0.1416125,-3.258907,0.1413395,-0.05276357,0.9885541,0.0,0.0,0.0,0.0,0.0,0.0,0.0,-0.812237,0.3595736,3.300656,0.9819895,0.1447945,-3.270792,0.08580092,-0.02683779,-0.03444996,0.9953548,9.727101,356.5485,355.7417,0.3528444,0.04299403,-0.9346935,0.0,0.0,0.0,1.049861,0.1485379,-2.473343,0.1272489,0.1055809,0.8088123,0.9961858,-0.07318529,0.04751457,0.06397446,0.9829028,0.1726538,-0.05933792,-0.1689556,0.9838359,moving,11.140671806985594,7.485349877204406,8.940947497295872,7.437234026496692,0.06787149999999997,0.003743400000000008,0.7974490000000003,0.19163264946732733,0.12785830660411468,0.9731028919372635,4.424392484663092,7.959636537127838,2.1816637545384054,2.2002504797702587,4.546666203412343
05/17/2023 13:13:55.364288,1786,True,True,True,True,Eyes,0.9791122,0.1415519,-3.258796,0.1417064,-0.05287012,0.9884958,0.0,0.0,0.0,0.0,0.0,0.0,0.0,-0.8326768,0.3649062,3.289825,0.9733979,0.1434569,-3.268237,0.0871634,-0.022584,-0.03635633,0.9952742,9.896029,357.0154,355.5575,0.3456696,0.04284479,-0.9373775,-0.5682036,-0.02141011,0.0373013,1.051939,0.1468097,-2.473516,0.13031,0.1033583,0.8077036,0.9963363,-0.07630603,0.03861666,0.06843204,0.9821616,0.1751451,-0.05129243,-0.1718608,0.983785,moving,10.660297020710567,7.6521721243505745,9.16478247236789,7.29225878650265,0.07854109999999992,0.003352799999999989,0.794721,0.1833939559582619,0.13090046313149378,0.9742851870357847,4.235463917874396,8.055417453785655,1.5176271859206485,1.5382136961636501,4.98804496402378
05/17/2023 13:13:55.384181,1787,True,True,True,True,Eyes,0.9783664,0.1413989,-3.258576,0.1426475,-0.0529288,0.9883574,0.0,0.0,0.0,0.0,0.0,0.0,0.0,-0.8545833,0.3629485,3.278862,0.9643264,0.1419928,-3.265409,0.08782812,-0.01802989,-0.0397291,0.9951799,9.984218,357.5055,355.2098,0.3395698,0.04271589,-0.9396101,-0.5341114,-0.0201255,0.03506322,1.054014,0.1450844,-2.47369,0.1339157,0.1004162,0.8068427,0.9961931,-0.08224227,0.0289073,0.07590815,0.9814157,0.1762422,-0.04286464,-0.1733769,0.9839223,moving,10.171711299009775,7.767846429510522,9.423758193477502,7.094309874721068,0.08968759999999998,0.0030916,0.7917190000000001,0.17502816996415813,0.13307316513036674,0.9755289794268717,4.032791318223908,8.132024885836175,0.984805166644525,1.0065214049949556,5.489934088345244
05/17/2023 13:13:55.393836,1788,True,True,True,True,Eyes,0.9772817,0.1411489,-3.258242,0.1439104,-0.05298964,0.988171,0.0,0.0,0.0,0.0,0.0,0.0,0.0,-0.8769712,0.36006,3.267571,0.9550643,0.1395456,-3.262533,0.08778057,-0.01330252,-0.04149229,0.9951864,9.997905,358.0354,355.0533,0.3343574,0.04260176,-0.9414827,-0.5020647,-0.01891797,0.03295943,1.056191,0.1432747,-2.473871,0.1379586,0.09760431,0.8058739,0.9962029,-0.08492054,0.01919254,0.08024972,0.981146,0.1758199,-0.03376141,-0.1736121,0.9842352,moving,9.690827193017057,7.769781292939705,9.714371449045638,6.905805538217562,0.10112670000000012,0.003729100000000013,0.788662,0.16682937370306603,0.13329839489939882,0.9769337379800006,3.8115212550357125,8.164293795375823,0.8528351909351919,0.8642964981646267,6.0355143199505585
05/17/2023 13:13:55.414074,1789,True,True,True,True,Eyes,0.9758551,0.1408015,-3.257794,0.1457683,-0.05293047,0.9879018,0.0,0.0,0.0,0.0,0.0,0.0,0.0,-0.8978689,0.3626497,3.255643,0.9457613,0.1369577,-3.259397,0.08785509,-0.0087281,-0.04075634,0.9952609,10.03013,358.5723,355.1848,0.329662,0.04249216,-0.9431421,-0.4719408,-0.01778289,0.03098186,1.058266,0.1415491,-2.474044,0.1411061,0.09528343,0.8049979,0.9965255,-0.08266001,0.01021217,0.07959277,0.9812408,0.1755889,-0.02453478,-0.174166,0.9844106,moving,9.274245624608076,7.75055841692814,9.942229894848854,6.75039657204462,0.1125046999999999,0.004591400000000023,0.7853529999999997,0.15972567816504887,0.13312917154352333,0.9781433073948831,3.6157693935053032,8.184193591570779,1.200129915595203,1.202716384377427,6.486900366759318
05/17/2023 13:13:55.433695,1790,True,True,True,True,Eyes,0.9741395,0.140385,-3.257233,0.1479268,-0.05297507,0.9875785,0.0,0.0,0.0,0.0,0.0,0.0,0.0,-0.9173341,0.3708874,3.243398,0.9368779,0.1341594,-3.256218,0.08840332,-0.004405246,-0.03877901,0.9953199,10.11576,359.0905,355.4571,0.3253951,0.04238351,-0.9446276,-0.4436244,-0.01671592,0.02912295,1.06045,0.1397328,-2.474226,0.1431889,0.0937869,0.8042635,0.9969536,-0.07797389,0.00191287,0.07641615,0.981362,0.1763208,-0.01562564,-0.1756375,0.9843309,moving,8.909906244414364,7.7613567600738165,10.095011177771365,6.651343684233075,0.12357209999999985,0.005573399999999978,0.7819920000000002,0.15349593470526326,0.13344692109042172,0.9790969855649841,3.4499424617112266,8.212238549339594,1.623671429805737,1.623761907301845,6.825930780565903
05/17/2023 13:13:55.444464,1791,True,True,True,True,Eyes,0.9721147,0.1399117,-3.256565,0.150777,-0.05303942,0.9871439,0.0,0.0,0.0,0.0,0.0,0.0,0.0,-0.9404405,0.3810775,3.229626,0.9281365,0.1321009,-3.252883,0.08974142,0.0004293471,-0.03800435,0.9952397,10.29178,359.6526,355.595,0.321508,0.04227407,-0.9459625,-0.4170069,-0.01571296,0.02737557,1.062585,0.1379578,-2.474405,0.1452253,0.09230566,0.8036031,0.997111,-0.07556982,-0.007675735,0.07572394,0.9810043,0.1785958,-0.005966522,-0.1786611,0.9838926,moving,8.519300023308121,7.884165756525947,10.243799126827389,6.552547529210389,0.13444849999999986,0.005856899999999998,0.7784780000000002,0.1467725250952562,0.13568527877839315,0.9798200314905477,3.293819369686662,8.285172777816808,2.1791110154196947,2.178785042485327,7.162695643176131
05/17/2023 13:13:55.464238,1792,True,True,True,True,Eyes,0.9698056,0.1394736,-3.255752,0.1538621,-0.05325145,0.9866564,0.0,0.0,0.0,0.0,0.0,0.0,0.0,-0.9677125,0.3905204,3.214476,0.9191442,0.13023,-3.249621,0.0915693,0.00590201,-0.03909098,0.9950137,10.5263,0.2672624,355.525,0.3179563,0.04216263,-0.9471672,-0.3919865,-0.01477019,0.02573304,1.064738,0.1361677,-2.474584,0.1478111,0.09047769,0.802945,0.9968741,-0.07671124,-0.01890423,0.07887302,0.9801739,0.181764,0.004586092,-0.1826868,0.9831604,moving,8.058288180971045,8.084885600197213,10.430586037070384,6.429101043376156,0.1455938,0.00593769999999999,0.7750369999999998,0.13881415412407488,0.1392784569135266,0.9804755256808182,3.1204159927016244,8.39274808246946,2.8931263240330507,2.8929949216444575,7.569312767466162
05/17/2023 13:13:55.483887,1793,True,True,True,True,Eyes,0.9673026,0.1395882,-3.25481,0.1571788,-0.05318295,0.9861371,0.0,0.0,0.0,0.0,0.0,0.0,0.0,-0.9878139,0.3955623,3.20072,0.9099326,0.130675,-3.245273,0.09310118,0.01035962,-0.04038333,0.9947835,10.72339,0.7634521,355.4224,0.3147009,0.04205077,-0.9482587,-0.3684673,-0.01388397,0.02418905,1.0668,0.1344526,-2.474756,0.1503582,0.08838778,0.8021958,0.9965237,-0.07841635,-0.02813062,0.08227432,0.9794027,0.1843943,0.01309168,-0.1860677,0.9824497,moving,7.726103700816023,8.277202330530342,10.615962977452105,6.287618552206161,0.1568674,0.003777599999999992,0.7705169999999999,0.1330621640479069,0.14268230314844166,0.9807834634636217,3.0047548639623907,8.488639961453158,3.508413177942971,3.508522516634365,7.923066590078319
05/17/2023 13:13:55.494588,1794,True,True,True,True,Eyes,0.9673026,0.1395882,-3.25481,0.1571788,-0.05318295,0.9861371,0.0,0.0,0.0,0.0,0.0,0.0,0.0,-1.00518,0.3356816,3.196572,0.9027072,0.1440201,-3.241222,0.08803288,0.01444,-0.04689926,0.9949082,10.16734,1.191968,354.7083,0.3117082,0.04195506,-0.949251,-0.3463593,-0.01305094,0.02273771,1.069002,0.1326215,-2.47494,0.1524346,0.08699481,0.8015689,0.9951839,-0.09077853,-0.03699031,0.09586331,0.9801013,0.1738148,0.0204756,-0.1765237,0.9840834,moving,7.233523088790115,7.782117944821528,10.767384419027035,6.194105348431406,0.16629479999999996,-0.011398600000000009,0.7662819999999999,0.12477217539216531,0.13434820741341447,0.983047529242234,2.6813145009531434,8.330131031009275,3.8704311169230055,3.874268951381351,8.3634402273593
05/17/2023 13:13:55.519303,1795,True,True,True,True,Eyes,0.9673026,0.1395882,-3.25481,0.1571788,-0.05318295,0.9861371,0.0,0.0,0.0,0.0,0.0,0.0,0.0,-1.067601,0.3668458,3.163699,0.8917158,0.1414734,-3.235455,0.09498927,0.0254685,-0.0524152,0.9937712,11.0383,2.374352,354.1911,0.3090122,0.04186856,-0.9501358,-0.3255777,-0.01226788,0.02137345,1.07112,0.130861,-2.475116,0.1545155,0.08697461,0.8007724,0.993208,-0.09933895,-0.06057747,0.1090159,0.9764594,0.1861253,0.04066195,-0.191465,0.9806567,moving,5.900449489795018,8.599323052081294,10.921457878016072,6.198789975892123,0.17940420000000012,-0.010612399999999994,0.7603390000000001,0.10165668304889422,0.14874905867938998,0.9836359172326136,2.226006092007524,8.732457498540597,5.557277785730555,5.565346735331451,9.057060940400197
05/17/2023 13:13:55.535112,1796,True,True,True,True,Eyes,0.9638314,0.1396126,-3.253517,0.161939,-0.05425134,0.9853083,0.0,0.0,0.0,0.0,0.0,0.0,0.0,-1.060641,0.4081568,3.157913,0.8821253,0.1373979,-3.235266,0.09777196,0.02594875,-0.04262783,0.9939569,11.33672,2.528072,355.3395,0.3065836,0.04179043,-0.9509257,-0.306043,-0.01153181,0.02009104,1.073178,0.1291494,-2.475288,0.1557514,0.08630307,0.8000615,0.995019,-0.07966633,-0.05991949,0.08981457,0.977247,0.1921499,0.04324826,-0.1965745,0.9795346,moving,6.179702001568731,8.726379613957123,11.016229407642731,6.156720630723307,0.19105269999999996,-0.008248499999999992,0.7599780000000003,0.10641523296381125,0.15085443299999574,0.9828115953219075,2.3794581884465806,8.763117650836481,5.471084517365686,5.476782325400485,9.021481171026728
05/17/2023 13:13:55.545614,1797,True,True,True,True,Eyes,0.9601419,0.1396047,-3.252142,0.1675164,-0.05532431,0.9843158,0.0,0.0,0.0,0.0,0.0,0.0,0.0,-1.086141,0.4417433,3.138856,0.8753278,0.1421628,-3.23123,0.1047466,0.03076749,-0.04456485,0.9930234,12.16771,3.035769,355.1844,0.3043132,0.04172336,-0.9516576,-0.2876804,-0.0108399,0.01888558,1.075468,0.1272451,-2.475479,0.1562887,0.08664636,0.7993209,0.9941347,-0.08206228,-0.07044171,0.09495345,0.9740843,0.2052894,0.05176964,-0.210774,0.976163,moving,5.919719744306436,9.493812512971582,11.06328677614441,6.186703738118736,0.2001402000000001,-0.014917700000000006,0.7557510000000001,0.10173701419239534,0.16408527857750957,0.9811858738144031,2.4090623386469954,9.0759185674987,6.110070081727431,6.115002065389611,9.12376911944217
05/17/2023 13:13:55.564097,1798,True,True,True,True,Eyes,0.9562379,0.1395994,-3.250726,0.1732481,-0.05625469,0.9832703,0.0,0.0,0.0,0.0,0.0,0.0,0.0,-1.127971,0.4369233,3.118718,0.8665047,0.1413813,-3.227817,0.1061043,0.03855983,-0.04989375,0.9923536,12.38231,3.871128,354.6635,0.3021798,0.0416655,-0.9523397,-0.2704196,-0.01018951,0.01775244,1.077535,0.1255265,-2.475652,0.156074,0.08696166,0.7988135,0.9920475,-0.09084177,-0.08711785,0.1072072,0.972505,0.2067381,0.06594209,-0.2144337,0.9745101,moving,5.314536994895514,9.662622935463899,11.055307962351177,6.212954288441412,0.2110302999999999,-0.015854799999999974,0.7521649999999998,0.09132022401583362,0.16714498275563622,0.9816940198391819,2.16299501419285,9.18064719608723,6.688994997371241,6.697511857028085,9.374456291544355
05/17/2023 13:13:55.584459,1799,True,True,True,True,Eyes,0.952123,0.1396724,-3.24922,0.1796626,-0.05683171,0.9820852,0.0,0.0,0.0,0.0,0.0,0.0,0.0,-1.148382,0.4224026,3.108194,0.85737,0.1414165,-3.225367,0.1044332,0.0433378,-0.05083599,0.992286,12.21973,4.424003,354.6082,0.3001644,0.04161615,-0.952979,-0.2541944,-0.009578135,0.0166873,1.079652,0.123766,-2.475828,0.1560199,0.08754173,0.7979844,0.9910751,-0.09183585,-0.0966249,0.1099395,0.9730189,0.2028489,0.07538905,-0.2116614,0.9744311,moving,5.140168335045544,9.457249615548326,11.062769596355082,6.260516282253298,0.2222820000000001,-0.0176505,0.749539,0.08838443959397746,0.16366860009941525,0.9825480208816668,2.042635706419757,9.112929394793134,6.719225972402709,6.730253316530134,9.460395126893431
05/17/2023 13:13:55.607985,1800,True,True,True,True,Eyes,0.9478104,0.1397264,-3.247643,0.1863229,-0.05728335,0.9808172,0.0,0.0,0.0,0.0,0.0,0.0,0.0,-1.173283,0.4006443,3.095873,0.8491473,0.1431791,-3.221799,0.1025599,0.04871541,-0.0536088,0.9920859,12.04732,5.025131,354.3445,0.2982503,0.04157696,-0.9535815,-0.2389428,-0.009003446,0.01568606,1.081847,0.1219412,-2.476011,0.1565548,0.08797939,0.7970599,0.9895058,-0.09637657,-0.1076559,0.1163616,0.9732152,0.1982732,0.0856635,-0.2087195,0.9742166,moving,4.899220244907864,9.26347191137047,11.112311198285473,6.298803893349769,0.23269969999999995,-0.021237900000000004,0.7457879999999997,0.08429754528656164,0.16040166292458896,0.9834455833736604,1.893846813123445,9.05404484854698,6.869655170736739,6.884167026737329,9.621405216583323
05/17/2023 13:13:55.614395,1801,True,True,True,True,Eyes,0.9432952,0.1397622,-3.24602,0.1934401,-0.05754193,0.9794232,0.0,0.0,0.0,0.0,0.0,0.0,0.0,-1.203064,0.3807753,3.080898,0.8399751,0.142755,-3.218439,0.1004509,0.05507091,-0.05555661,0.9918621,11.8521,5.751878,354.1857,0.2964222,0.04154653,-0.9541526,-0.2246062,-0.008463239,0.0147449,1.08393,0.120209,-2.476185,0.1572794,0.08845844,0.7958564,0.9877613,-0.09914515,-0.1204069,0.1212728,0.9736462,0.1931478,0.09808408,-0.205386,0.9737536,moving,4.578989801337368,9.038379592964176,11.178909941153407,6.342321699938439,0.24395490000000009,-0.022545999999999997,0.742254,0.07884833737357447,0.1566069301732372,0.9845085879815944,1.7024179166766986,8.988289238684656,7.109975132627421,7.12935298708766,9.83895549873407
05/17/2023 13:13:55.633898,1802,True,True,True,True,Eyes,0.9386197,0.1398186,-3.244348,0.2007172,-0.05787921,0.9779379,0.0,0.0,0.0,0.0,0.0,0.0,0.0,-1.226372,0.3790543,3.066656,0.8310238,0.1422263,-3.215777,0.1000022,0.06036605,-0.05410414,0.9916795,11.82202,6.388334,354.4164,0.2946665,0.04152359,-0.9546974,-0.2111298,-0.007955445,0.0138602,1.086041,0.1184536,-2.476361,0.157391,0.08897328,0.7947586,0.9868574,-0.09523447,-0.1305486,0.1193814,0.9741446,0.1918081,0.1089065,-0.2048723,0.972711,moving,4.407733203947266,8.951873139745116,11.201703740266662,6.387669897503835,0.25501720000000005,-0.023772699999999994,0.7394160000000003,0.0759229026353904,0.15515565058131292,0.9849682078780923,1.6066386698287989,8.966177135448742,7.239576868353748,7.2617610753794954,9.935490590910499
05/17/2023 13:13:55.643857,1803,True,True,True,True,Eyes,0.9336995,0.1398463,-3.242641,0.2085398,-0.05832507,0.9762732,0.0,0.0,0.0,0.0,0.0,0.0,0.0,-1.254428,0.3889298,3.048672,0.8223966,0.1427962,-3.212869,0.1015634,0.06633165,-0.0524266,0.9912298,12.02277,7.097656,354.6932,0.2929718,0.04150812,-0.9552194,-0.198462,-0.007478118,0.01302859,1.088228,0.116635,-2.476544,0.1569358,0.0914878,0.7935801,0.9857031,-0.09045987,-0.1421491,0.1174074,0.9738727,0.1943903,0.1208506,-0.2083004,0.97057,moving,4.184498235223944,9.083359589442937,11.186292495531356,6.576306209328479,0.26583139999999994,-0.02616120000000001,0.7363249999999999,0.07205810104046999,0.15746089137910055,0.9848927458222673,1.5293492075132917,9.03148390531169,7.4107651164148995,7.437098864101321,9.964158328070193
05/17/2023 13:13:55.664213,1804,True,True,True,True,Eyes,0.928637,0.1399154,-3.240931,0.2163679,-0.05893826,0.9745313,0.0,0.0,0.0,0.0,0.0,0.0,0.0,-1.281382,0.413067,3.029408,0.8133674,0.1419206,-3.210634,0.1045636,0.07217354,-0.04901002,0.9906844,12.37173,7.811192,355.1836,0.2913249,0.04149864,-0.9557234,-0.1865543,-0.007029431,0.01224687,1.090268,0.1149389,-2.476714,0.1573184,0.09390821,0.7922295,0.984778,-0.08201348,-0.1532517,0.1122004,0.9733289,0.2001046,0.1327531,-0.2142535,0.9677149,moving,3.98390752700507,9.340439064459908,11.23150405841378,6.760104096892818,0.27690060000000005,-0.02698170000000001,0.7339200000000003,0.06855949119246499,0.16191841405183727,0.9844196588245763,1.4869522064603098,9.143708157077345,7.663048411468918,7.69322975264206,10.03184225908372
05/17/2023 13:13:55.684298,1805,True,True,True,True,Eyes,0.9234461,0.1400551,-3.239196,0.224555,-0.05955391,0.9726399,0.0,0.0,0.0,0.0,0.0,0.0,0.0,-1.300449,0.4432139,3.012803,0.8048028,0.143044,-3.208803,0.1084344,0.07672092,-0.04472871,0.990129,12.80251,8.386672,355.7694,0.2897177,0.04149586,-0.9562119,-0.1753611,-0.006607666,0.01151206,1.092401,0.1131648,-2.476892,0.1579314,0.09492342,0.7907611,0.9842265,-0.07193599,-0.1616275,0.1052127,0.9724827,0.2078648,0.1422269,-0.2215913,0.9647118,moving,3.960696927181088,9.687774699908974,11.294547183040159,6.845065381207215,0.2875981999999999,-0.02987920000000001,0.7319110000000002,0.06809174929323229,0.16788848872845097,0.9834515546400657,1.543887011938918,9.279088186613011,7.835218857892963,7.865516883587371,10.04986770010111
05/17/2023 13:13:55.694237,1806,True,True,True,True,Eyes,0.9181436,0.1402487,-3.237459,0.2327156,-0.06009706,0.9706863,0.0,0.0,0.0,0.0,0.0,0.0,0.0,-1.323192,0.456212,2.996474,0.7968478,0.1448223,-3.206537,0.11025,0.08186431,-0.04201676,0.9896353,13.0084,9.02066,356.1683,0.2881419,0.04150128,-0.9566877,-0.1648394,-0.006211206,0.01082134,1.094569,0.1113626,-2.477072,0.1573109,0.09479682,0.7893835,0.9830656,-0.06511145,-0.1712963,0.1012136,0.9721591,0.2113352,0.1527669,-0.2250939,0.9622864,moving,3.8644897708981665,9.825438295672802,11.270439122584936,6.8478392821112175,0.2977211999999999,-0.03345969999999998,0.7294649999999998,0.06641277552884838,0.1702702457952333,0.9831568983407885,1.5263494147253178,9.338448533251144,7.951557693185188,7.982116366309914,10.057356445740577
05/17/2023 13:13:55.713933,1807,True,True,True,True,Eyes,0.9127235,0.1404818,-3.235701,0.2411668,-0.06056427,0.968592,0.0,0.0,0.0,0.0,0.0,0.0,0.0,-1.33936,0.4581501,2.98496,0.7887905,0.1463083,-3.204711,0.1103579,0.08598956,-0.0399658,0.9893582,13.01701,9.531093,356.4633,0.2865918,0.04151572,-0.9571525,-0.154949,-0.005838533,0.01017206,1.096643,0.1096377,-2.477246,0.1564961,0.09435877,0.7880968,0.982017,-0.06010174,-0.17897,0.09806024,0.9724478,0.2114937,0.1613279,-0.2252402,0.9608539,moving,3.9053077377783336,9.787107131914931,11.231389235572419,6.827518378418993,0.3078525000000001,-0.0366706,0.727465,0.06712098138375362,0.1696043995966502,0.9832237996419809,1.5376992237562943,9.321000488060594,7.8716018375559536,7.901305949154258,10.009249675989025
05/17/2023 13:13:55.733699,1808,True,True,True,True,Eyes,0.9072081,0.1407347,-3.233928,0.2496396,-0.06101038,0.9664149,0.0,0.0,0.0,0.0,0.0,0.0,0.0,-1.356483,0.4493632,2.974352,0.7812177,0.1473694,-3.202612,0.1095046,0.09014138,-0.04032192,0.989069,12.9373,10.01438,356.4693,0.2850609,0.04153954,-0.9576086,-0.1456521,-0.005488222,0.009561734,1.098822,0.1078255,-2.477427,0.1562074,0.09410992,0.786921,0.9804974,-0.06002052,-0.187143,0.09950411,0.9727658,0.2093459,0.1694812,-0.2238846,0.9597666,moving,3.930542229654366,9.682642617699893,11.227521426726177,6.819760759955691,0.31760429999999995,-0.03954390000000001,0.7251849999999997,0.06757510849105705,0.16780630350233308,0.9835011970075171,1.5289889369092942,9.27908707176307,7.808675460871375,7.83849462166682,10.005489411517148
05/17/2023 13:13:55.744207,1809,True,True,True,True,Eyes,0.9015598,0.1409854,-3.232139,0.2584001,-0.06154682,0.9640754,0.0,0.0,0.0,0.0,0.0,0.0,0.0,-1.377132,0.4321144,2.963065,0.7733304,0.1480785,-3.200469,0.1082398,0.09484558,-0.04349825,0.9886336,12.84241,10.5264,356.1494,0.2835447,0.04157244,-0.9580572,-0.136913,-0.005158928,0.00898803,1.100958,0.1060503,-2.477605,0.1566636,0.09527896,0.7854257,0.9782245,-0.06547552,-0.1969515,0.1065398,0.9727841,0.2057677,0.1781186,-0.2222702,0.9585769,moving,3.8915983413084376,9.578972272249421,11.280361354629214,6.916679726108118,0.32762760000000013,-0.0420282,0.722864,0.06692697586639759,0.1660337670991682,0.9838463130497164,1.4908524957745928,9.241686781931469,7.820987887082926,7.853764732168686,10.061816014379385
05/17/2023 13:13:55.764211,1810,True,True,True,True,Eyes,0.8957926,0.1412228,-3.23034,0.2671476,-0.06210634,0.9616522,0.0,0.0,0.0,0.0,0.0,0.0,0.0,-1.397913,0.4131709,2.951585,0.7649488,0.1481754,-3.198377,0.1069492,0.09964464,-0.04765042,0.9881106,12.75904,11.03771,355.7161,0.2820377,0.04161355,-0.9585001,-0.1286982,-0.004849392,0.008448749,1.103114,0.1042568,-2.477785,0.1591029,0.09717242,0.783793,0.9756007,-0.07285393,-0.2071122,0.1154816,0.9725826,0.201859,0.1867275,-0.2208514,0.9572657,moving,3.835740529530874,9.492857314738425,11.474616007152187,7.067305562654013,0.33816519999999994,-0.043918600000000016,0.7205919999999999,0.06598425503526718,0.16456522399641627,0.9841566727697608,1.448338540872422,9.212160856937665,7.976742343164264,8.014718951070213,10.253128501303689
05/17/2023 13:13:55.784349,1811,True,True,True,True,Eyes,0.8899013,0.1414364,-3.228527,0.2760813,-0.06276725,0.9590826,0.0,0.0,0.0,0.0,0.0,0.0,0.0,-1.416274,0.3991822,2.940282,0.7562454,0.1480848,-3.196341,0.1061397,0.10413,-0.05103612,0.9875661,12.72481,11.52189,355.3723,0.2805356,0.04166169,-0.9589387,-0.1209763,-0.004558429,0.007941823,1.105166,0.102551,-2.477957,0.1622796,0.09896185,0.7819369,0.9731045,-0.07869843,-0.2165044,0.1229077,0.9722594,0.1990111,0.1948366,-0.2202687,0.9557827,moving,3.8332367641772667,9.446808635945352,11.724466393168262,7.2129996404809225,0.34892060000000014,-0.045533799999999985,0.7183839999999999,0.06595004703887156,0.1637745788076614,0.9842908737446243,1.4382179543002698,9.194578439967271,8.158355931256615,8.201305242806365,10.475378822968073
05/17/2023 13:13:55.793803,1812,True,True,True,True,Eyes,0.8838981,0.1416291,-3.226704,0.285006,-0.06337091,0.9564286,0.0,0.0,0.0,0.0,0.0,0.0,0.0,-1.433997,0.3885373,2.92855,0.7475123,0.1476694,-3.194235,0.1053757,0.1085781,-0.05314007,0.9870578,12.68339,12.0185,355.1773,0.2790341,0.04171556,-0.9593744,-0.1137177,-0.004284923,0.007465314,1.107391,0.1007009,-2.478142,0.1658124,0.1015368,0.7798464,0.9707738,-0.08202166,-0.2255451,0.1277876,0.9721442,0.196484,0.2031464,-0.2195634,0.9542135,moving,3.8445823610169985,9.386578986957073,12.003580100735606,7.418238259087529,0.3598787,-0.04696850000000001,0.7160929999999999,0.06615645608728647,0.16273756079434432,0.9844489670840566,1.4317194424839208,9.170623003851066,8.343370429129648,8.393069125041407,10.7161135712146
05/17/2023 13:13:55.814242,1813,True,True,True,True,Eyes,0.8777693,0.141811,-3.224867,0.2941921,-0.06403548,0.9535987,0.0,0.0,0.0,0.0,0.0,0.0,0.0,-1.453183,0.3809394,2.91556,0.7387332,0.1473517,-3.192164,0.104634,0.1133465,-0.05378022,0.9865659,12.62965,12.57161,355.1563,0.2775297,0.04177401,-0.9598081,-0.1068946,-0.004027828,0.007017395,1.109408,0.09902313,-2.47831,0.1694071,0.1040182,0.7777784,0.9685205,-0.08239566,-0.234902,0.1298352,0.9723188,0.1942651,0.2123931,-0.2186483,0.9524086,moving,3.8464178975999417,9.296229003788376,12.287621472093544,7.617399148439356,0.37067479999999997,-0.04832857,0.713854,0.06620509566795788,0.1611844603009958,0.9847012085439947,1.4149725908036546,9.135683003302404,8.5492888327959,8.606531674795301,10.978145542838831
05/17/2023 13:13:55.834346,1814,True,True,True,True,Eyes,0.8715299,0.1419421,-3.223018,0.3034837,-0.06465406,0.9506406,0.0,0.0,0.0,0.0,0.0,0.0,0.0,-1.476869,0.3736724,2.900173,0.7300957,0.1471846,-3.190152,0.1038395,0.1188959,-0.05385471,0.9859924,12.56671,13.22388,355.2097,0.2760197,0.0418363,-0.9602407,-0.100481,-0.003786159,0.006596352,1.111638,0.09716938,-2.478496,0.1731845,0.1058789,0.775718,0.9659268,-0.08150848,-0.2456454,0.1308928,0.9726341,0.1919637,0.2232764,-0.2175761,0.9501622,moving,3.7688923104045,9.187398563701136,12.585295532762402,7.772357229346824,0.3815422999999999,-0.05001522,0.7116560000000001,0.06489247721947414,0.15932755074508365,0.9850907328680067,1.358048486653498,9.098823215475996,8.863810362958322,8.929238923734431,11.305334503972837
05/17/2023 13:13:55.844307,1815,True,True,True,True,Eyes,0.8651372,0.1420404,-3.221155,0.3130044,-0.06542522,0.9474956,0.0,0.0,0.0,0.0,0.0,0.0,0.0,-1.505986,0.3705444,2.880866,0.7210808,0.1460979,-3.188006,0.1035667,0.1254365,-0.05367006,0.9852204,12.56438,13.99516,355.312,0.274501,0.04190061,-0.9606732,0.0,0.0,0.0,1.113764,0.09540136,-2.478674,0.1768901,0.1072417,0.7738078,0.9627703,-0.07977156,-0.2582821,0.1317358,0.972787,0.1906077,0.2360484,-0.2175365,0.9470792,moving,3.591246277855664,9.119401720868158,12.876391010312455,7.890337574610524,0.3926832,-0.05069654,0.7093320000000003,0.06184935819519677,0.15818899568969222,0.9854699510306224,1.262928428642347,9.08426331330937,9.292331325953237,9.366136416809553,11.674672235458232
05/17/2023 13:13:55.864226,1816,True,True,True,True,Eyes,0.8586301,0.1420912,-3.219295,0.3226268,-0.06620284,0.9442083,0.0,0.0,0.0,0.0,0.0,0.0,0.0,-1.535498,0.3713182,2.8607,0.7118762,0.1453263,-3.186118,0.103931,0.1320792,-0.05335234,0.9843308,12.63259,14.77979,355.44,0.2729694,0.04196585,-0.9611067,0.0,0.0,0.0,1.115893,0.09363139,-2.478851,0.1810926,0.1080829,0.7717496,0.9594172,-0.07757846,-0.2711092,0.132487,0.9727038,0.1905114,0.2489294,-0.2186984,0.9435069,moving,3.407375833320879,9.120059885941465,13.205655202274123,7.972374113404913,0.40401680000000006,-0.05169491,0.7072669999999999,0.05868613507122092,0.1582305926401039,0.9856567348698836,1.1783078939871658,9.09657016064146,9.78402319850022,9.865265390476711,12.079772349956757
05/17/2023 13:13:55.884066,1817,True,True,True,True,Eyes,0.8519935,0.1420829,-3.217437,0.332388,-0.0671168,0.9407516,0.0,0.0,0.0,0.0,0.0,0.0,0.0,-1.565589,0.3734455,2.839637,0.7024939,0.1442553,-3.184299,0.1044924,0.138873,-0.05307311,0.9833509,12.7235,15.58255,355.5693,0.2714227,0.04203054,-0.9615418,0.0,0.0,0.0,1.117969,0.09190477,-2.479024,0.185321,0.1094066,0.7696074,0.955795,-0.07535661,-0.2842132,0.1334013,0.9725291,0.1907646,0.2620302,-0.2202463,0.9395912,moving,3.2152783558314826,9.135720355887086,13.539033128099792,8.090896561001676,0.4154751,-0.052350530000000006,0.7052750000000003,0.05537846899106297,0.1585299807736907,0.9857999242528371,1.0928166315168193,9.115197999813219,10.28652280738389,10.376491187308524,12.488294459907868
05/17/2023 13:13:55.904023,1818,True,True,True,True,Eyes,0.8452634,0.1420149,-3.215588,0.342243,-0.06808673,0.9371413,0.0,0.0,0.0,0.0,0.0,0.0,0.0,-1.593961,0.379961,2.818698,0.6930383,0.1427941,-3.182679,0.1054899,0.1454027,-0.05227826,0.9823427,12.8534,16.36167,355.7628,0.2698589,0.04209298,-0.9619791,0.0,0.0,0.0,1.120174,0.09007141,-2.479208,0.1887202,0.1114858,0.7675759,0.9522501,-0.07203329,-0.2967002,0.1333873,0.9722777,0.1920517,0.2746408,-0.2224573,0.9354599,moving,3.0632895257548207,9.186784856041266,13.813056398384832,8.264079481196335,0.4271357,-0.05272269,0.703471,0.05275548187247861,0.1594311699764956,0.9857983826265444,1.0327059015647517,9.14484085005516,10.689898009819387,10.789294371026372,12.810663503911238
05/17/2023 13:13:55.914319,1819,True,True,True,True,Eyes,0.8384607,0.1419012,-3.213765,0.3521831,-0.0693637,0.9333572,0.0,0.0,0.0,0.0,0.0,0.0,0.0,-1.624941,0.3876766,2.795698,0.6839128,0.1413094,-3.18103,0.1068838,0.1523437,-0.05188535,0.9811602,13.03517,17.18568,355.9239,0.2682761,0.04215164,-0.9624192,0.0,0.0,0.0,1.122325,0.08828249,-2.479388,0.1912031,0.1149103,0.7658581,0.9481986,-0.06924952,-0.3100384,0.1343818,0.9717675,0.1939315,0.2878556,-0.2255491,0.9307345,moving,2.8670283468853097,9.272221601675286,14.017834587861364,8.533076553084438,0.43841220000000003,-0.05302691,0.7016419999999997,0.049366265697387945,0.16092889069033653,0.9857305846667296,0.9588823077868298,9.190632475255457,11.063172945671855,11.17527696420303,13.075496718826633
05/17/2023 13:13:55.934024,1820,True,True,True,True,Eyes,0.8315516,0.1417601,-3.211969,0.3622135,-0.07074858,0.9294063,0.0,0.0,0.0,0.0,0.0,0.0,0.0,-1.657444,0.3944722,2.771433,0.6744143,0.140296,-3.179474,0.1085906,0.1596118,-0.05242734,0.9797875,13.26925,18.03826,355.9896,0.2666737,0.04220551,-0.9628621,0.0,0.0,0.0,1.124452,0.08651389,-2.479565,0.1956972,0.1155901,0.7632951,0.9435509,-0.06807066,-0.3241574,0.1374,0.970919,0.1960553,0.301385,-0.2295274,0.9254643,moving,2.632242955420285,9.407782210391328,14.380021680409918,8.611196016856136,0.4500377,-0.05378211000000001,0.6999089999999999,0.045308730523245744,0.16329209818684298,0.9855368391095622,0.8770623965539484,9.258266532659812,11.654218439649716,11.774754967091669,13.518454411429381
05/17/2023 13:13:55.944053,1821,True,True,True,True,Eyes,0.8245404,0.1415973,-3.210199,0.3723097,-0.07235208,0.9252841,0.0,0.0,0.0,0.0,0.0,0.0,0.0,-1.68874,0.3996381,2.748031,0.6648328,0.1395547,-3.178325,0.1102465,0.1666879,-0.05346416,0.9783672,13.50598,18.86362,355.998,0.2650498,0.04225423,-0.9633082,0.0,0.0,0.0,1.126527,0.08478861,-2.479738,0.1999515,0.09576041,0.7644019,0.9387134,-0.06786163,-0.3379524,0.1413687,0.9699746,0.1978996,0.3143755,-0.2335469,0.9201217,moving,2.4233947005538106,9.538518838392879,14.65892615210748,7.140526951656265,0.46169420000000005,-0.05476609,0.6985869999999998,0.041700034949278514,0.16556649009455932,0.9853166223860346,0.8062579853653205,9.322341243697174,12.388392915366737,12.468303613195086,14.02343499085818
05/17/2023 13:13:55.963869,1822,True,True,True,True,Eyes,0.8174186,0.1414132,-3.208462,0.3824695,-0.07405732,0.9209954,0.0,0.0,0.0,0.0,0.0,0.0,0.0,-1.718256,0.4006302,2.725686,0.6550892,0.1389408,-3.177078,0.1114971,0.173513,-0.0552013,0.9769415,13.71005,19.65138,355.9175,0.263403,0.04229765,-0.9637579,0.0,0.0,0.0,1.128634,0.0830368,-2.479914,0.1953453,0.1093921,0.7617485,0.9336921,-0.0691645,-0.3513335,0.1465492,0.9690424,0.1986959,0.3267145,-0.2370085,0.9149233,moving,2.246957419442369,9.637213133394361,14.383171102311616,8.172178953558502,0.4735447999999999,-0.05590400000000001,0.6971639999999999,0.038654280156263626,0.16728398784241402,0.9851506716914588,0.7441530280996504,9.371942641763544,12.114549210740162,12.224320337112818,13.691685321253042
05/17/2023 13:13:55.983807,1823,True,True,True,True,Eyes,0.8102314,0.1412,-3.20678,0.3925844,-0.07583451,0.9165842,0.0,0.0,0.0,0.0,0.0,0.0,0.0,-1.747982,0.3980033,2.703549,0.6451828,0.1382682,-3.176106,0.112461,0.1804048,-0.05771999,0.9754359,13.89969,20.43773,355.7448,0.2617323,0.04233564,-0.9642113,0.0,0.0,0.0,1.130758,0.08127044,-2.480091,0.2066163,0.1125872,0.7615057,0.9282451,-0.0720273,-0.3649291,0.1531813,0.9680418,0.1985711,0.3389641,-0.2402229,0.9096133,moving,2.057546104626403,9.720289954404633,15.180363784201427,8.410148154754747,0.4855752,-0.05699776000000001,0.696015,0.03538844976682623,0.16873267612592774,0.9850263556628441,0.6730271184413756,9.416375756642989,13.060637078789762,13.188055784934967,14.54219072631451
05/17/2023 13:13:55.999550,1824,True,True,True,True,Eyes,0.8029474,0.1409334,-3.205139,0.4027568,-0.07759334,0.9120122,0.0,0.0,0.0,0.0,0.0,0.0,0.0,-1.776507,0.3943141,2.681806,0.6350721,0.1375143,-3.175109,0.1130533,0.1871915,-0.05977915,0.9739634,14.04004,21.21883,355.6182,0.2600367,0.0423678,-0.9646685,0.0,0.0,0.0,1.132943,0.07945368,-2.480273,0.2083516,0.1175409,0.7596105,0.9227717,-0.07412019,-0.3781517,0.1587706,0.9672908,0.1978393,0.3511188,-0.2425999,0.9043567,moving,1.8911733285808219,9.753638200906641,15.33828673450431,8.796094496283866,0.4978709,-0.05806062000000001,0.694836,0.0325246944006454,0.16932245607472418,0.9850238928220997,0.602836913287844,9.440133905580504,13.335892569499666,13.481162742806346,14.749517558019162
05/17/2023 13:13:56.014422,1825,True,True,True,True,Eyes,0.7956231,0.1406441,-3.203546,0.4129097,-0.07926897,0.9073159,0.0,0.0,0.0,0.0,0.0,0.0,0.0,-1.805535,0.3924083,2.659463,0.6253413,0.135977,-3.174452,0.113315,0.1940811,-0.06055276,0.9725357,14.11743,22.03095,355.636,0.2583158,0.04239304,-0.9651296,0.0,0.0,0.0,1.135206,0.0775722,-2.480462,0.2072528,0.1212588,0.759706,0.9173318,-0.07379487,-0.3912246,0.161764,0.9669862,0.1969014,0.3637785,-0.24391,0.8989846,moving,1.7244210941766036,9.722011454689635,15.259348311499034,9.068644312111834,0.5098647,-0.05840479999999999,0.6939899999999999,0.02966050192833944,0.16879376154170242,0.9852050817173663,0.519819929919032,9.438876435058305,13.393205248398612,13.550687930921285,14.744177452006735
05/17/2023 13:13:56.034335,1826,True,True,True,True,Eyes,0.7882627,0.1405458,-3.201949,0.4232233,-0.08096536,0.9024005,0.0,0.0,0.0,0.0,0.0,0.0,0.0,-1.837254,0.3895342,2.634714,0.6160865,0.1352581,-3.1735,0.1135244,0.2014725,-0.0610652,0.970975,14.18565,22.9081,355.6912,0.2565694,0.04241132,-0.9655946,0.0,0.0,0.0,1.137175,0.07593454,-2.480627,0.2113611,0.1181164,0.760653,0.9113598,-0.07284148,-0.4051141,0.1643296,0.9667665,0.1958527,0.3773846,-0.2450645,0.8930421,moving,1.5131556335292935,9.675510815607202,15.528907995971535,8.826560724903977,0.5210885000000001,-0.05932356,0.6928730000000001,0.02603111285572149,0.16801110631892005,0.985441354368719,0.41338988885928796,9.434804725985483,13.887372522119453,14.041439760288482,15.12775093697969
05/17/2023 13:13:56.053747,1827,True,True,True,True,Eyes,0.7808604,0.1404572,-3.200426,0.4337164,-0.0828604,0.8972315,0.0,0.0,0.0,0.0,0.0,0.0,0.0,-1.874819,0.3711881,2.606945,0.6077172,0.1397552,-3.171756,0.1131195,0.2099266,-0.06386812,0.9690489,14.24401,23.88206,355.4857,0.2547991,0.04242909,-0.9660625,0.0,0.0,0.0,1.139235,0.07422179,-2.480798,0.2139163,0.1135653,0.7611375,0.9037034,-0.07628907,-0.4213076,0.1712763,0.9662497,0.1924215,0.3924087,-0.246052,0.8862696,moving,1.1775058737491981,9.607758910137578,15.697920832381605,8.486196353292305,0.5315178,-0.06553341,0.6909579999999997,0.02026178384825711,0.16686801430913467,0.9857710951459179,0.24549119730631608,9.430696786226596,14.415932607778643,14.563665511806878,15.481268122953173
05/17/2023 13:13:56.064568,1828,True,True,True,True,Eyes,0.7733239,0.140242,-3.198952,0.4442664,-0.08472314,0.8918797,0.0,0.0,0.0,0.0,0.0,0.0,0.0,-1.926143,0.36245,2.567244,0.5975963,0.1401537,-3.171021,0.1152028,0.2209471,-0.06956775,0.965956,14.67307,25.12987,355.0489,0.253005,0.04244659,-0.9665331,0.0,0.0,0.0,1.141425,0.07240035,-2.480981,0.2159414,0.1104956,0.7621195,0.8926854,-0.08349133,-0.4428792,0.1853062,0.9637774,0.19182,0.4108216,-0.2533032,0.8758214,moving,0.5041866315253533,9.890047937824779,15.819718791603366,8.249523714527518,0.5438286999999999,-0.06775334999999999,0.6900400000000002,0.008668843923405722,0.17175153782888042,0.985102179619432,-0.009884810031893565,9.583625082207137,15.253588560276498,15.403143999638806,15.885722414928086
05/17/2023 13:13:56.084128,1829,True,True,True,True,Eyes,0.7658471,0.1402749,-3.197539,0.4545259,-0.08635777,0.8865374,0.0,0.0,0.0,0.0,0.0,0.0,0.0,-1.955772,0.3818544,2.538699,0.5867264,0.1369158,-3.170623,0.1173273,0.2283388,-0.06673414,0.9641796,14.87583,26.06471,355.543,0.2511845,0.04246,-0.9670072,0.0,0.0,0.0,1.143631,0.0705661,-2.481165,0.2194211,0.1084167,0.7632914,0.8868159,-0.07510665,-0.4559787,0.1822681,0.9635617,0.1957731,0.4246598,-0.2567251,0.8681914,moving,0.3097648574924175,9.973766077062134,16.038197652384977,8.08412558928909,0.5569046000000001,-0.0663497,0.6894580000000001,0.005324686795578987,0.1731947936271838,0.9848732055345544,-0.08319523976986742,9.628633801561332,15.692994159215807,15.84153841508087,16.19520961275269
05/17/2023 13:13:56.093870,1830,True,True,True,True,Eyes,0.7583027,0.1402895,-3.196101,0.4648895,-0.08787922,0.8809966,0.0,0.0,0.0,0.0,0.0,0.0,0.0,-1.979934,0.3523699,2.52144,0.5789349,0.1430922,-3.169593,0.1153534,0.2344186,-0.07014458,0.9627156,14.77307,26.74697,355.1961,0.2493414,0.04247711,-0.9674835,0.0,0.0,0.0,1.145784,0.06877591,-2.481345,0.2214745,0.1080831,0.7644961,0.8802553,-0.0809766,-0.4675398,0.1891405,0.9635467,0.1892186,0.4351741,-0.2549913,0.863483,moving,0.2579605648063626,9.785281343335111,16.156301046188734,8.047044058509533,0.5668490999999999,-0.07431629000000001,0.6882479999999997,0.0044367467987387055,0.16995468146967901,0.985441898466877,-0.14377422914623272,9.559390213707822,15.84428460709667,15.993082846040636,16.370083838353708
05/17/2023 13:13:56.113889,1831,True,True,True,True,Eyes,0.7507797,0.1402881,-3.194724,0.4748624,-0.08908272,0.8755398,0.0,0.0,0.0,0.0,0.0,0.0,0.0,-2.011622,0.3331994,2.493976,0.5696724,0.1426587,-3.167441,0.1135305,0.2423074,-0.07186903,0.9608501,14.65513,27.67355,355.073,0.2474753,0.04249705,-0.9679615,0.0,0.0,0.0,1.147816,0.06708618,-2.481514,0.2237566,0.110587,0.7660124,0.8722439,-0.08309216,-0.4819608,0.1931293,0.9638914,0.1833427,0.4493235,-0.2530003,0.856796,moving,-0.02195862092297739,9.576694287951076,16.283385401243752,8.214869085537586,0.5781436,-0.07557252,0.685927,-0.00037790916487945303,0.1663676535271347,0.9860637060377673,-0.3134091600929183,9.497353000920265,16.202492184942752,16.362115131092825,16.64627149557611
05/17/2023 13:13:56.134056,1832,True,True,True,True,Eyes,0.74326,0.1403047,-3.193354,0.4847237,-0.09017728,0.8700063,0.0,0.0,0.0,0.0,0.0,0.0,0.0,-2.028418,0.3341851,2.47695,0.5610699,0.1423847,-3.166444,0.1125588,0.2472622,-0.06863763,0.959938,14.48,28.31562,355.4913,0.2455886,0.04251895,-0.9684409,0.0,0.0,0.0,1.149984,0.06528405,-2.481695,0.2278093,0.1118375,0.7677749,0.8683006,-0.07611264,-0.4901643,0.1874388,0.9652388,0.182156,0.4592613,-0.250042,0.8523838,moving,0.07569099304316441,9.339861607789455,16.5263420757382,8.287669319650167,0.5889140999999999,-0.07710065,0.6847489999999996,0.0013035434825461323,0.16229021316432696,0.9867421936326859,-0.3145168391545816,9.399679657337408,16.321362151685918,16.484266124271205,16.87753228355517
05/17/2023 13:13:56.144555,1833,True,True,True,True,Eyes,0.7357937,0.1402884,-3.192017,0.4942293,-0.09127051,0.8645271,0.0,0.0,0.0,0.0,0.0,0.0,0.0,-2.045391,0.3318809,2.460001,0.5535817,0.1427535,-3.165209,0.1121902,0.252001,-0.06772195,0.9588131,14.43437,28.90144,355.6579,0.2436825,0.04254315,-0.9689212,0.0,0.0,0.0,1.152123,0.06350514,-2.481874,0.2304213,0.1100525,0.7699127,0.8638185,-0.07332132,-0.4984393,0.1864095,0.9656542,0.1810068,0.4680483,-0.2492708,0.8478177,moving,0.15686123013050365,9.234712233095433,16.661514780216834,8.13484067548133,0.5985413,-0.07924836,0.683335,0.002702258531116747,0.16047862283615602,0.9870356239873017,-0.2975788434721889,9.353835567292299,16.384117897312912,16.541260721348472,17.002846969943324
05/17/2023 13:13:56.164258,1834,True,True,True,True,Eyes,0.7283209,0.1402541,-3.190676,0.503665,-0.09242401,0.8589409,0.0,0.0,0.0,0.0,0.0,0.0,0.0,-2.067473,0.3262569,2.438349,0.5459164,0.1421303,-3.163575,0.1122333,0.257718,-0.06902339,0.9571943,14.50327,29.57804,355.5992,0.2417601,0.04256833,-0.9694016,0.0,0.0,0.0,1.154247,0.06173884,-2.482051,0.2346329,0.1064357,0.7723786,0.8576344,-0.07428852,-0.5088658,0.1899867,0.9652789,0.1792811,0.4778789,-0.2504353,0.8419703,moving,0.10105038295021204,9.233986641390809,16.897713982211755,7.846086038641747,0.6083306,-0.08039145999999998,0.681524,0.0017408062990064144,0.16046647267546418,0.987039806838009,-0.3234442007470073,9.357214484215488,16.704768555175782,16.853906851227965,17.287330573038446
05/17/2023 13:13:56.184275,1835,True,True,True,True,Eyes,0.7208945,0.1402458,-3.189345,0.5127419,-0.09362519,0.8534225,0.0,0.0,0.0,0.0,0.0,0.0,0.0,-2.086888,0.3225268,2.418442,0.5382474,0.1417533,-3.16199,0.1127433,0.2629031,-0.07065871,0.9556037,14.63311,30.18808,355.509,0.2398222,0.04259385,-0.9698818,0.0,0.0,0.0,1.156336,0.0600023,-2.482225,0.2382308,0.103148,0.7745388,0.8517786,-0.0757623,-0.5183949,0.1943246,0.9645926,0.178323,0.4865297,-0.2526286,0.8363418,moving,0.08279249080066511,9.294739318175822,17.09672592055298,7.585642249112018,0.6180886,-0.08175099999999999,0.6797649999999997,0.0014260289530266257,0.16151303841767267,0.9868694952155084,-0.32002982769059884,9.381824607696617,16.95781102909271,17.099559747067346,17.509130528363375
05/17/2023 13:13:56.193894,1836,True,True,True,True,Eyes,0.7134824,0.1402317,-3.187989,0.5217439,-0.09484708,0.8478132,0.0,0.0,0.0,0.0,0.0,0.0,0.0,-2.103285,0.3167991,2.400864,0.5308591,0.1425173,-3.160094,0.1129188,0.2675522,-0.07200102,0.9541913,14.71555,30.73686,355.4348,0.2378712,0.04262042,-0.9703609,0.0,0.0,0.0,1.158533,0.05817544,-2.482408,0.2412775,0.1013367,0.7769107,0.8464634,-0.07698214,-0.5268524,0.1978288,0.9641304,0.1769642,0.4943314,-0.2540203,0.8313304,moving,0.13157326407074293,9.311625341526735,17.252711699136825,7.431445804827451,0.6276739,-0.08434186000000002,0.677686,0.0022661250017340095,0.16180362674984114,0.9868203174408453,-0.2942579920077688,9.385134545330372,17.08707726098628,17.22406619828546,17.65539705123379
05/17/2023 13:13:56.214104,1837,True,True,True,True,Eyes,0.7061086,0.1402273,-3.186628,0.5303936,-0.09610499,0.8422865,0.0,0.0,0.0,0.0,0.0,0.0,0.0,-2.121075,0.3197469,2.380416,0.5237611,0.1423651,-3.158003,0.11387,0.2724559,-0.07199314,0.9526902,14.84444,31.33859,355.5425,0.2359084,0.04264777,-0.9708388,0.0,0.0,0.0,1.160592,0.05646304,-2.48258,0.2444211,0.1009819,0.7793409,0.8411696,-0.07512525,-0.5355278,0.1992234,0.9637012,0.1777357,0.5027363,-0.2561955,0.8256029,moving,0.13374060237860724,9.366849942665654,17.412749655748303,7.382878253468372,0.6368309000000001,-0.08590206,0.6754229999999999,0.0023030887750934426,0.16275470186103697,0.9866639199394742,-0.28250574132592865,9.40627529385264,17.25596314003386,17.39253568430918,17.8105642569437
05/17/2023 13:13:56.233731,1838,True,True,True,True,Eyes,0.6987737,0.1402375,-3.185248,0.53892,-0.0973987,0.836707,0.0,0.0,0.0,0.0,0.0,0.0,0.0,-2.135052,0.3315889,2.362222,0.5168529,0.1426209,-3.156107,0.1155909,0.276582,-0.07040222,0.9514121,15.00439,31.87131,355.8428,0.2339357,0.0426761,-0.9713147,0.0,0.0,0.0,1.162796,0.05462995,-2.482764,0.2484789,0.1011157,0.781821,0.8370919,-0.07002228,-0.5425625,0.1979037,0.9633645,0.1810052,0.5100111,-0.2588931,0.8202823,moving,0.23116891080742,9.455026453420093,17.631334011990415,7.369359812816964,0.6459431,-0.08799095,0.673343,0.00397983700930149,0.1642720724838406,0.9864069769166952,-0.2204298864914085,9.433870656704393,17.388135215107255,17.524718282590204,17.970745096174163
05/17/2023 13:13:56.244204,1839,True,True,True,True,Eyes,0.6914873,0.1402584,-3.183837,0.5470996,-0.0986896,0.8312295,0.0,0.0,0.0,0.0,0.0,0.0,0.0,-2.148782,0.3450656,2.343812,0.5104271,0.1429671,-3.154174,0.1176868,0.2805838,-0.06895516,0.9500883,15.20783,32.39058,356.1386,0.2319552,0.04270577,-0.9717882,0.0,0.0,0.0,1.16496,0.05283099,-2.482944,0.252598,0.1009052,0.7843488,0.8330358,-0.06498497,-0.549389,0.197069,0.96279,0.1849303,0.5169286,-0.2623211,0.8148451,moving,0.31950880022501565,9.585605679602779,17.851052841327455,7.330743734059021,0.6545329,-0.09013611000000002,0.67123,0.0054985953132599685,0.16651852158798544,0.9860230415950244,-0.15428639879991524,9.478403229647215,17.540021041490945,17.67595651891506,18.132972245637518
05/17/2023 13:13:56.264264,1840,True,True,True,True,Eyes,0.6842539,0.1403033,-3.182412,0.5551408,-0.1000018,0.825723,0.0,0.0,0.0,0.0,0.0,0.0,0.0,-2.161231,0.3578377,2.325884,0.5041368,0.1432238,-3.151831,0.1195699,0.2843975,-0.06736273,0.9488326,15.37998,32.89008,356.4429,0.2299684,0.04273697,-0.9722589,0.0,0.0,0.0,1.167138,0.0510198,-2.483126,0.2563019,0.09969795,0.7873467,0.8291607,-0.05982114,-0.5558003,0.1958427,0.9623306,0.1885881,0.5235822,-0.2652193,0.8096423,moving,0.4269803467502324,9.683848192481525,18.031420941478967,7.216683657300729,0.6630012,-0.09220400000000001,0.6687050000000001,0.007345964063789401,0.1682069740226332,0.9857243992409859,-0.08562141825159308,9.509219534098609,17.64433231284656,17.776479671098745,18.26151539743285
05/17/2023 13:13:56.283816,1841,True,True,True,True,Eyes,0.6770847,0.1403347,-3.180981,0.5628727,-0.1013357,0.8203081,0.0,0.0,0.0,0.0,0.0,0.0,0.0,-2.172551,0.366113,2.310245,0.4981601,0.1438385,-3.149983,0.1210891,0.287884,-0.06662036,0.9476402,15.53671,33.33743,356.6354,0.2279772,0.04277028,-0.9727263,0.0,0.0,0.0,1.169201,0.04930479,-2.483298,0.2584858,0.09796478,0.7909642,0.8253691,-0.05654503,-0.5617549,0.1959835,0.9617983,0.19114,0.5294869,-0.2678557,0.8049204,moving,0.5520704381446012,9.7675010428142,18.097306806464722,7.060406400193838,0.6710408999999999,-0.09453371,0.6666850000000002,0.009495639813586698,0.16964288447769738,0.9854598439287151,-0.011676669426199826,9.533258234830125,17.626826005553923,17.752849929640224,18.277042395479487
05/17/2023 13:13:56.294917,1842,True,True,True,True,Eyes,0.6699695,0.1403681,-3.179536,0.5704913,-0.1027459,0.8148515,0.0,0.0,0.0,0.0,0.0,0.0,0.0,-2.184846,0.3723138,2.293532,0.4920786,0.1435925,-3.147968,0.1225246,0.2915828,-0.06668291,0.9463195,15.7108,33.80054,356.7393,0.2259837,0.04280505,-0.9731898,0.0,0.0,0.0,1.171325,0.04753856,-2.483475,0.2593761,0.09772506,0.7949664,0.8210658,-0.05475458,-0.5682015,0.1976587,0.9610822,0.1930076,0.5355203,-0.2707819,0.7999344,moving,0.6418589521845278,9.863318184591453,18.07010820831368,7.008197810183447,0.6792464,-0.09605394,0.6644930000000002,0.01103675885573241,0.17128794755793678,0.9851591949376,0.04836566539490228,9.56429900373158,17.537360091158856,17.66056580311418,18.20211134992056
05/17/2023 13:13:56.314096,1843,True,True,True,True,Eyes,0.6629165,0.1403852,-3.178074,0.5778953,-0.1041724,0.8094351,0.0,0.0,0.0,0.0,0.0,0.0,0.0,-2.197148,0.3752473,2.277428,0.486254,0.1437007,-3.146086,0.1238721,0.295207,-0.06761587,0.9449533,15.9041,34.24282,356.7423,0.2239889,0.0428412,-0.9736493,0.0,0.0,0.0,1.173465,0.04575884,-2.483654,0.2601361,0.09813239,0.7994584,0.8165619,-0.05465184,-0.574665,0.2009235,0.9601676,0.1941854,0.5411621,-0.2740281,0.7950171,moving,0.7229357943040354,9.978787370529494,18.0243913623655,6.997969523935371,0.687211,-0.09794185999999999,0.6624319999999999,0.01242643064629867,0.17327018490836446,0.9847959558401291,0.10821928852994489,9.603484481242774,17.434614510178292,17.556356108491848,18.10463835518505
05/17/2023 13:13:56.334274,1844,True,True,True,True,Eyes,0.6559117,0.1403944,-3.176592,0.5852265,-0.1056254,0.8039609,0.0,0.0,0.0,0.0,0.0,0.0,0.0,-2.211244,0.3726043,2.259835,0.4803668,0.1434018,-3.143878,0.1245999,0.2992636,-0.06927869,0.9434599,16.05591,34.72531,356.6505,0.2219946,0.04287809,-0.9741044,0.0,0.0,0.0,1.17554,0.04403368,-2.483827,0.260604,0.0992618,0.8041831,0.8112835,-0.05614687,-0.5819506,0.2052998,0.9593506,0.1936449,0.5474221,-0.2765753,0.7898324,moving,0.7477185467306628,10.050282287256254,17.955462782747336,7.036532702388888,0.6951732,-0.09936812,0.6600510000000002,0.012849563729580571,0.1744979541528161,0.9845736452214536,0.13356347168368465,9.629413091112621,17.34737232933496,17.46966365596239,18.00952869355329
05/17/2023 13:13:56.344417,1845,True,True,True,True,Eyes,0.6489726,0.1404053,-3.175097,0.5923702,-0.1069933,0.7985299,0.0,0.0,0.0,0.0,0.0,0.0,0.0,-2.225048,0.3697437,2.242563,0.4745165,0.1432458,-3.141807,0.1250936,0.3032966,-0.07049509,0.9420155,16.16724,35.21074,356.6016,0.2200022,0.04291538,-0.9745547,0.0,0.0,0.0,1.177635,0.04229129,-2.484002,0.2613993,0.1011048,0.8090329,0.8060833,-0.05693404,-0.589057,0.2086958,0.9587641,0.1929183,0.5537831,-0.278442,0.7847257,moving,0.768862454555763,10.0850742261023,17.90569411920373,7.123321018728278,0.7031185,-0.10095451,0.6578050000000002,0.013211479376929292,0.17509497227476417,0.9844629138691375,0.15008368054542354,9.64143539974227,17.26646711547579,17.390887888888006,17.933281966368043
05/17/2023 13:13:56.363891,1846,True,True,True,True,Eyes,0.6420888,0.140411,-3.17358,0.5994367,-0.1083456,0.7930554,0.0,0.0,0.0,0.0,0.0,0.0,0.0,-2.237361,0.3666257,2.226414,0.468757,0.1433515,-3.13956,0.1254035,0.3070748,-0.07138835,0.9406821,16.24664,35.6689,356.5789,0.2180126,0.04295309,-0.9749999,0.0,0.0,0.0,1.179831,0.04046525,-2.484185,0.2611639,0.1037856,0.8140759,0.8012175,-0.05729098,-0.5956242,0.211324,0.9583554,0.1920864,0.5598148,-0.2797727,0.7799581,moving,0.8219521004196042,10.08997617545075,17.786773832450407,7.26537979628791,0.7110740000000001,-0.10288624999999998,0.6553749999999998,0.01412345665073339,0.17517701120336068,0.9844356436728116,0.17550801174686415,9.639844377271471,17.071030980859852,17.198358093282174,17.770615235658735
05/17/2023 13:13:56.384502,1847,True,True,True,True,Eyes,0.6352481,0.1404098,-3.172027,0.6063764,-0.1096359,0.7875835,0.0,0.0,0.0,0.0,0.0,0.0,0.0,-2.249893,0.3612547,2.210425,0.4632012,0.143247,-3.137424,0.1253583,0.3108826,-0.07242291,0.9393573,16.29259,36.12711,356.5286,0.216027,0.04299102,-0.9754401,0.0,0.0,0.0,1.181942,0.03871059,-2.484361,0.2604667,0.1073836,0.81958,0.7962138,-0.05811853,-0.6022174,0.2140055,0.9580804,0.1904825,0.5659021,-0.2805426,0.7752745,moving,0.8659586201742723,10.065157165506617,17.63052178367395,7.464528216271772,0.7187408000000001,-0.10453641000000001,0.6530630000000004,0.014880708269761622,0.17474865659678626,0.984500690734663,0.19095854951177094,9.627394717438367,16.833060384057365,16.96507733535479,17.573171520821443
05/17/2023 13:13:56.394461,1848,True,True,True,True,Eyes,0.6284602,0.1404052,-3.170449,0.6132427,-0.110905,0.7820699,0.0,0.0,0.0,0.0,0.0,0.0,0.0,-2.262795,0.3554204,2.193611,0.4575366,0.1430642,-3.135074,0.1253007,0.3148315,-0.07356786,0.9379598,16.3424,36.60198,356.4684,0.2140465,0.04302895,-0.9758749,0.0,0.0,0.0,1.184109,0.0369081,-2.484542,0.2599517,0.1111443,0.8255858,0.7909378,-0.05911021,-0.6090347,0.2169046,0.957775,0.188731,0.5721623,-0.2813769,0.7703618,moving,0.889409826056413,10.0445830541549,17.477619353808585,7.66733253924519,0.7265724,-0.1061561,0.6505320000000001,0.015284637594122075,0.17439403764040262,0.9845572386120548,0.19776139298299888,9.617928440589708,16.620325804410676,16.757685262208692,17.38960366186215
05/17/2023 13:13:56.414226,1849,True,True,True,True,Eyes,0.6217163,0.1404227,-3.168821,0.6199809,-0.1120534,0.7765743,0.0,0.0,0.0,0.0,0.0,0.0,0.0,-2.274831,0.351969,2.17719,0.4520131,0.1429804,-3.132752,0.1253884,0.3186095,-0.07416016,0.9366249,16.38797,37.06525,356.4729,0.2120718,0.04306679,-0.9763044,0.0,0.0,0.0,1.186191,0.03517728,-2.484715,0.2598118,0.1148509,0.83157,0.7859765,-0.05902062,-0.6154327,0.2188203,0.9575561,0.1876275,0.5782375,-0.28214,0.7655315,moving,0.9295137043775726,10.026051038863384,17.350645937242398,7.8635626877031415,0.7341778999999999,-0.10780312,0.648037,0.015974689465659775,0.17407370670335656,0.9846030053620034,0.21263734250428312,9.608157533067768,16.420279498286472,16.562908551282163,17.226576844161183
05/17/2023 13:13:56.433760,1850,True,True,True,True,Eyes,0.6150343,0.1404439,-3.167165,0.6267026,-0.1131229,0.7710039,0.0,0.0,0.0,0.0,0.0,0.0,0.0,-2.287573,0.3463101,2.160054,0.4467925,0.1435196,-3.130261,0.1250475,0.3225854,-0.07438948,0.9352903,16.37396,37.55619,356.5059,0.2101031,0.04310527,-0.9767282,0.0,0.0,0.0,1.188332,0.03339651,-2.484894,0.2594862,0.1189348,0.8380363,0.7808096,-0.05847447,-0.6220265,0.2198286,0.9576586,0.1859176,0.5848176,-0.2819054,0.7606035,moving,0.9520330676553641,9.950672064321113,17.204406592822004,8.077521149946666,0.7415395,-0.11012309,0.6453669999999998,0.016365467565355007,0.1727771120455523,0.9848249561170481,0.20833912515264785,9.577631279046344,16.211110728933456,16.359961477630666,17.062140538777545
05/17/2023 13:13:56.444551,1851,True,True,True,True,Eyes,0.6083888,0.1404658,-3.165461,0.6333664,-0.1140889,0.7653958,0.0,0.0,0.0,0.0,0.0,0.0,0.0,-2.302684,0.3398126,2.140336,0.4415879,0.1436149,-3.127816,0.1244917,0.3271067,-0.07449123,0.9337849,16.33364,38.11631,356.5545,0.2081417,0.04314446,-0.9771463,0.0,0.0,0.0,1.190527,0.03157159,-2.485077,0.2594739,0.1222278,0.8447668,0.7749046,-0.05767341,-0.6294417,0.2205617,0.9579058,0.1837638,0.5923475,-0.2812301,0.755006,moving,0.9076002614343195,9.850779985635407,17.074574116846478,8.232890320337628,0.7489390999999999,-0.11204331,0.6427390000000002,0.015606473937495258,0.17106194196291932,0.9851366678755408,0.16840845922645542,9.54204689598308,16.093488077818076,16.24772632126285,16.956778237107613
05/17/2023 13:13:56.464081,1852,True,True,True,True,Eyes,0.6017933,0.1404854,-3.163716,0.6400059,-0.1149921,0.7597166,0.0,0.0,0.0,0.0,0.0,0.0,0.0,-2.317363,0.3301802,2.121022,0.436224,0.1436131,-3.125221,0.1236353,0.3316061,-0.0751468,0.9322578,16.28159,38.6645,356.529,0.2061877,0.04318435,-0.9775588,0.0,0.0,0.0,1.192595,0.02985198,-2.48525,0.2585586,0.1248446,0.8518217,0.7687806,-0.05811594,-0.6368665,0.2221088,0.9581346,0.1806817,0.5997033,-0.2803582,0.7495034,moving,0.8644382088111849,9.744717732056193,16.88493546584943,8.338014764552659,0.7563710000000001,-0.11376112,0.6399709999999996,0.014869093165894576,0.1692399340795319,0.9854627350610269,0.1278620513548967,9.504001308668089,15.924875181017992,16.082137469924614,16.797590125962053
05/17/2023 13:13:56.483890,1853,True,True,True,True,Eyes,0.5952387,0.1404959,-3.161912,0.646494,-0.1158126,0.7540776,0.0,0.0,0.0,0.0,0.0,0.0,0.0,-2.331336,0.3170401,2.10236,0.4308204,0.1435834,-3.122392,0.1224589,0.3360172,-0.07642656,0.9307283,16.21922,39.19143,356.4193,0.2042416,0.04322484,-0.9779655,0.0,0.0,0.0,1.194804,0.02801486,-2.485434,0.2564867,0.1261809,0.8591527,0.7625028,-0.05996812,-0.6441997,0.2245613,0.9583256,0.1765907,0.6067633,-0.2793132,0.7441925,moving,0.820733646496035,9.635005646610804,16.622177953839504,8.355109552782244,0.7639836,-0.11556854,0.6369579999999999,0.01412200059631813,0.1673544395691186,0.9857956876717325,0.08635490006900648,9.464584687883494,15.69693660601888,15.85319451117266,16.57300151273196
05/17/2023 13:13:56.503846,1854,True,True,True,True,Eyes,0.5887427,0.1404979,-3.160063,0.6528918,-0.1165273,0.7484342,0.0,0.0,0.0,0.0,0.0,0.0,0.0,-2.341771,0.305821,2.086554,0.4253834,0.1433531,-3.119234,0.1212018,0.339757,-0.07713863,0.9294757,16.12447,39.64219,356.3571,0.2023038,0.04326564,-0.9783664,0.0,0.0,0.0,1.196904,0.02626897,-2.485609,0.252029,0.1232871,0.8672367,0.7572297,-0.06103865,-0.6502904,0.2257552,0.9587195,0.1728914,0.612893,-0.277725,0.7397507,moving,0.8599311041808373,9.502620460892784,16.204474662987842,8.091001383529846,0.7715205999999999,-0.11708413000000001,0.6336249999999999,0.014802171669813902,0.1650746323088209,0.9861700296420163,0.07864366565927972,9.410995708131242,15.26696945587244,15.409337605740895,16.17976546095099
05/17/2023 13:13:56.513696,1855,True,True,True,True,Eyes,0.5823064,0.1404807,-3.158153,0.6591156,-0.1171854,0.7428555,0.0,0.0,0.0,0.0,0.0,0.0,0.0,-2.350203,0.2968411,2.072732,0.4202839,0.143138,-3.116193,0.1200127,0.3430154,-0.07733418,0.9284163,16.01549,40.04054,356.3456,0.2003747,0.0433065,-0.9787614,0.0,0.0,0.0,1.198974,0.02454767,-2.485782,0.2430152,0.1314632,0.8764895,0.7527197,-0.06126418,-0.6554844,0.2259291,0.9592328,0.1697899,0.61836,-0.2758972,0.7358747,moving,0.9511214539994872,9.361118068778245,15.496549023440926,8.530111912698306,0.7786900999999999,-0.11859033,0.630411,0.01637844042713632,0.162634608306857,0.9865504634263874,0.09312145282234674,9.35048480575385,14.418135476131722,14.569146660299285,15.425258267107
05/17/2023 13:13:56.534042,1856,True,True,True,True,Eyes,0.5759393,0.1404444,-3.156191,0.6652929,-0.1178153,0.7372279,0.0,0.0,0.0,0.0,0.0,0.0,0.0,-2.359961,0.2878202,2.056968,0.4154704,0.1426251,-3.112943,0.1190007,0.3465451,-0.07786842,0.9271904,15.94071,40.47017,356.3078,0.1984558,0.04334687,-0.9791506,0.0,0.0,0.0,1.201246,0.02265837,-2.485971,0.2413607,0.1359497,0.8847036,0.7476861,-0.06191945,-0.6611592,0.2268759,0.9595507,0.1667028,0.6240937,-0.2746425,0.7314907,moving,1.004349415936471,9.253980247479443,15.259814341025171,8.736131525569915,0.7857756,-0.11996673000000001,0.6269719999999999,0.017300248293713905,0.16078706839051113,0.986837516661315,0.09679323897047487,9.305706085811298,14.108883473333611,14.264867595923123,15.1737149083878
05/17/2023 13:13:56.543902,1857,True,True,True,True,Eyes,0.5696342,0.1403648,-3.154163,0.6714438,-0.1184581,0.7315264,0.0,0.0,0.0,0.0,0.0,0.0,0.0,-2.371281,0.2759111,2.039516,0.4107623,0.1421465,-3.10963,0.1180181,0.350411,-0.0793231,0.9257385,15.90833,40.93071,356.175,0.1965481,0.04338625,-0.9795335,0.0,0.0,0.0,1.203404,0.02086395,-2.486151,0.2400537,0.1296597,0.8930606,0.7418399,-0.06415521,-0.6675011,0.2295745,0.9595591,0.1629164,0.6300548,-0.2740991,0.7265677,moving,1.0104733500969605,9.188364606303809,15.045413333587673,8.260812186094642,0.7926416999999999,-0.12128255000000002,0.6234790000000001,0.017408959560466897,0.15965651933744104,0.9870190960012302,0.08683922697938051,9.280017254227372,13.928938702872289,14.065557003987513,14.993255759634048
05/17/2023 13:13:56.563842,1858,True,True,True,True,Eyes,0.5633756,0.1402456,-3.152058,0.677326,-0.1192732,0.72595,0.0,0.0,0.0,0.0,0.0,0.0,0.0,-2.383829,0.262014,2.019926,0.4059474,0.1410589,-3.105914,0.1170684,0.3546341,-0.08158839,0.9240525,15.9157,41.42677,355.9601,0.1946521,0.04342346,-0.9799104,0.0,0.0,0.0,1.205439,0.01917205,-2.486321,0.236531,0.1286358,0.9004881,0.7351559,-0.06775101,-0.674504,0.2338168,0.9592767,0.1584866,0.6362983,-0.2742228,0.7210593,moving,0.949775666371679,9.150532826993736,14.717403448252542,8.129768309660584,0.7994915999999999,-0.12188684999999999,0.6195930000000001,0.016365063604376784,0.15900757337664662,0.9871417250407033,0.0514961642088716,9.26941628747933,13.675402658182305,13.805416869485114,14.710120121110892
05/17/2023 13:13:56.583983,1859,True,True,True,True,Eyes,0.5571433,0.1400886,-3.149846,0.6829461,-0.120217,0.7205085,0.0,0.0,0.0,0.0,0.0,0.0,0.0,-2.395658,0.2475819,2.000478,0.40091,0.1400237,-3.101943,0.1160659,0.3588169,-0.08392716,0.9223532,15.92248,41.91755,355.7343,0.192768,0.04345756,-0.9802813,0.0,0.0,0.0,1.207506,0.017453,-2.486493,0.2375224,0.1244354,0.9077003,0.7284133,-0.07152813,-0.681394,0.2381138,0.9589699,0.1538786,0.6424296,-0.2743365,0.7155583,moving,0.8771527863066648,9.103782679507422,14.66406860139741,7.805943393316893,0.806596,-0.1225707,0.61545,0.015115813559067492,0.158205179194794,0.9872905522807615,0.00892001885915139,9.256160029315243,13.727939142892048,13.847867507496556,14.726727683623391
05/17/2023 13:13:56.594505,1860,True,True,True,True,Eyes,0.5509697,0.1398929,-3.147551,0.6885043,-0.1210853,0.7150525,0.0,0.0,0.0,0.0,0.0,0.0,0.0,-2.403181,0.2371469,1.985015,0.3958671,0.138913,-3.097708,0.115088,0.3621089,-0.0852375,0.9210683,15.88684,42.31031,355.6071,0.1908954,0.04348781,-0.9806463,0.0,0.0,0.0,1.20973,0.01560428,-2.486679,0.2379093,0.1223485,0.9140732,0.7232234,-0.07367029,-0.6866736,0.2403679,0.9589786,0.1502773,0.6474344,-0.2737383,0.7112638,moving,0.9198658425602846,9.024216360782845,14.588909163154645,7.623714955662826,0.8138629,-0.12330872000000001,0.6110289999999998,0.01585533318615079,0.15683217789112452,0.9874979367767374,0.013114026164913195,9.222696278226715,13.627416675336868,13.740602224285093,14.663237880679754
05/17/2023 13:13:56.613718,1861,True,True,True,True,Eyes,0.5448371,0.1396544,-3.14514,0.6938363,-0.1219821,0.7097265,0.0,0.0,0.0,0.0,0.0,0.0,0.0,-2.410283,0.2272659,1.96962,0.3910939,0.1377862,-3.093311,0.1139483,0.3653347,-0.08607065,0.9198579,15.81437,42.70045,355.524,0.189035,0.04351347,-0.9810055,0.0,0.0,0.0,1.211765,0.01391208,-2.486849,0.2362167,0.1240602,0.9200888,0.7182448,-0.07508698,-0.6917271,0.241604,0.9592152,0.1467432,0.6524968,-0.2725216,0.7070927,moving,0.960823936602605,8.904925663390888,14.398717570568035,7.679164604974179,0.8206711,-0.12387412,0.6064620000000001,0.016566691143790724,0.1547740875528164,0.9878110524220153,0.008764044490586542,9.174038324879914,13.380652735758598,13.493682799373175,14.467391261769814
05/17/2023 13:13:56.634016,1862,True,True,True,True,Eyes,0.5387701,0.1393679,-3.142637,0.6991334,-0.1228451,0.704359,0.0,0.0,0.0,0.0,0.0,0.0,0.0,-2.417547,0.219124,1.953284,0.3865086,0.1364504,-3.088665,0.1129619,0.368623,-0.08662891,0.9186143,15.74781,43.10372,355.4784,0.1871873,0.04353379,-0.9813589,0.0,0.0,0.0,1.213964,0.01208365,-2.487032,0.2354895,0.1265905,0.9260103,0.7132251,-0.07587641,-0.6968162,0.2424378,0.9594701,0.1436699,0.6576732,-0.2714036,0.7027134,moving,0.9944545043894623,8.792002799474542,14.268182493499115,7.78438269038696,0.8274554000000001,-0.12436675,0.6016330000000001,0.0171517610832308,0.1528254184223583,0.9881043664746882,0.0022766337989370555,9.128314788404653,13.19690474115874,13.311917706067396,14.329069177092771
05/17/2023 13:13:56.644155,1863,True,True,True,True,Eyes,0.5327396,0.139036,-3.140006,0.7043008,-0.1238349,0.6990173,0.0,0.0,0.0,0.0,0.0,0.0,0.0,-2.425842,0.2098804,1.9354,0.3820092,0.135024,-3.083889,0.1121515,0.3721594,-0.08781929,0.9171736,15.72915,43.53225,355.375,0.1853529,0.04354789,-0.9817064,0.0,0.0,0.0,1.216102,0.01030518,-2.487211,0.2357008,0.1271675,0.9317106,0.7075704,-0.07761461,-0.7023675,0.2445675,0.9594197,0.1403592,0.6629713,-0.2710902,0.6978389,moving,0.9846891851333446,8.718201651744025,14.196634780167908,7.772172418768026,0.8340928000000001,-0.12471882000000001,0.5966780000000003,0.01698671727788703,0.1515529574715616,0.9883031101618996,-0.016594852887722666,9.100512955021983,13.131490977840244,13.245772069449117,14.27516673045279
05/17/2023 13:13:56.664302,1864,True,True,True,True,Eyes,0.5267674,0.1386612,-3.137265,0.7094454,-0.1248121,0.6936204,0.0,0.0,0.0,0.0,0.0,0.0,0.0,-2.434753,0.1973248,1.916282,0.3774568,0.1335494,-3.078764,0.1111783,0.3759434,-0.08975345,0.9155601,15.72767,43.98256,355.1874,0.1835318,0.04355513,-0.9820482,0.0,0.0,0.0,1.218172,0.008584434,-2.487383,0.2350316,0.1286114,0.9370456,0.7012218,-0.08075583,-0.7083548,0.2479428,0.9591674,0.1360964,0.6684402,-0.2710653,0.6926119,moving,0.9405931847779156,8.662004534804025,14.080558637115324,7.815131389806432,0.8407152,-0.12496496600000001,0.5913810000000002,0.016228523037685516,0.15058544508688537,0.9884638354293646,-0.04786203087120189,9.081745947819321,13.051963672986934,13.1672277345058,14.185083116082154
05/17/2023 13:13:56.684057,1865,True,True,True,True,Eyes,0.5208309,0.1382466,-3.134376,0.7144932,-0.125865,0.6882278,0.0,0.0,0.0,0.0,0.0,0.0,0.0,-2.442796,0.1823167,1.897678,0.372874,0.132169,-3.073299,0.109966,0.3796413,-0.09206135,0.9139501,15.71827,44.41661,354.947,0.1817244,0.04355494,-0.9823843,0.0,0.0,0.0,1.220382,0.006746653,-2.487567,0.2357078,0.1293438,0.9423762,0.6947944,-0.0847837,-0.7141936,0.2517743,0.9588643,0.1311063,0.6736991,-0.2709075,0.68756,moving,0.9022236864134576,8.595204512123466,14.042752380728338,7.815177004869368,0.8475080000000002,-0.12542234700000002,0.5857320000000001,0.015569320161387623,0.1494344745678277,0.9886490630372484,-0.07855436631675916,9.058517334906751,13.0481656726309,13.16365972206004,14.175937338336356
05/17/2023 13:13:56.695569,1866,True,True,True,True,Eyes,0.5149467,0.1377779,-3.131357,0.7194992,-0.1268944,0.6828021,0.0,0.0,0.0,0.0,0.0,0.0,0.0,-2.45023,0.1668486,1.878911,0.3683275,0.1307515,-3.067411,0.1086114,0.3833194,-0.09427217,0.9123501,15.6914,44.84956,354.7105,0.1799312,0.04354697,-0.9827146,0.0,0.0,0.0,1.222478,0.005003881,-2.487742,0.2359989,0.1307369,0.9473088,0.6883581,-0.08875272,-0.7199209,0.2552841,0.9586326,0.1259106,0.6789647,-0.270456,0.6825397,moving,0.8674035103023798,8.512209747137511,13.98908289810722,7.857682695946801,0.8541505,-0.125747619,0.579669,0.014971746283419796,0.14800357646503848,0.9888734921531633,-0.1107641926378724,9.028814817146301,13.021091754017727,13.137993591758326,14.148400560759443
05/17/2023 13:13:56.713932,1867,True,True,True,True,Eyes,0.5091139,0.1372735,-3.128187,0.7243922,-0.1279574,0.6774089,0.0,0.0,0.0,0.0,0.0,0.0,0.0,-2.455996,0.1563143,1.861036,0.363687,0.1289997,-3.061192,0.1077228,0.3866581,-0.09587958,0.910878,15.68747,45.25068,354.5544,0.1781523,0.04353046,-0.9830393,0.0,0.0,0.0,1.224561,0.003271744,-2.487916,0.2367156,0.1316162,0.9518527,0.6826053,-0.09136538,-0.7250534,0.257973,0.9584059,0.1220994,0.6837398,-0.2703899,0.6777827,moving,0.8693246814383371,8.451154536144195,13.965542665057727,7.8725794604457855,0.860874,-0.125727956,0.5732760000000003,0.01500728802442891,0.1469496548295313,0.9890301075732949,-0.12176731878239577,9.005159016770605,12.991736611621226,13.108992127264983,14.132764734198561
05/17/2023 13:13:56.734012,1868,True,True,True,True,Eyes,0.5033507,0.1367249,-3.12489,0.7292584,-0.1289931,0.6719694,0.0,0.0,0.0,0.0,0.0,0.0,0.0,-2.461198,0.1501116,1.843313,0.3595214,0.1275897,-3.054881,0.1072496,0.3897993,-0.09669794,0.9095075,15.69248,45.6397,354.4994,0.1763884,0.04350527,-0.9833585,0.0,0.0,0.0,1.226784,0.001422805,-2.488101,0.2376217,0.1323353,0.956706,0.6774121,-0.09228341,-0.7297922,0.2595066,0.9582941,0.1197029,0.688309,-0.2704741,0.6731082,moving,0.8985852841950428,8.400308553507179,13.948572562679223,7.875401116183848,0.8672626000000001,-0.126166895,0.5667800000000001,0.01551441855154212,0.14607076678253547,0.9891524363125732,-0.11818135093743054,8.98364554373509,12.94356264093044,13.060539643764963,14.11034270942587
05/17/2023 13:13:56.744553,1869,True,True,True,True,Eyes,0.4976679,0.1361382,-3.121459,0.7340716,-0.1300378,0.6665052,0.0,0.0,0.0,0.0,0.0,0.0,0.0,-2.467852,0.145331,1.823155,0.3554068,0.1259819,-3.048462,0.1069578,0.3933249,-0.09730479,0.9079579,15.71015,46.08246,354.4825,0.1746403,0.04347101,-0.983672,0.0,0.0,0.0,1.228801,-0.0002536569,-2.48827,0.2379323,0.1346983,0.9611956,0.6716546,-0.09255901,-0.7350597,0.2608356,0.9581836,0.1176815,0.6934297,-0.2707711,0.6677113,moving,0.8778191606362867,8.35603863401269,13.903394656520536,7.977263992091599,0.8733942,-0.12623555690000002,0.5601919999999998,0.015157636068122038,0.1453072598297563,0.9892705248272761,-0.1363729782930152,8.967945783243579,12.910943110181865,13.031081583212602,14.07467675120385
05/17/2023 13:13:56.764724,1870,True,True,True,True,Eyes,0.4920599,0.1355091,-3.117901,0.7389262,-0.1310335,0.6609223,0.0,0.0,0.0,0.0,0.0,0.0,0.0,-2.476462,0.1395985,1.799994,0.351772,0.1244906,-3.041889,0.1067064,0.3973303,-0.09806576,0.9061596,15.74254,46.58612,354.4593,0.1729087,0.0434275,-0.9839798,0.0,0.0,0.0,1.231003,-0.002085036,-2.488453,0.2381827,0.1373615,0.9658086,0.6650234,-0.09293108,-0.7410179,0.2625219,0.9579937,0.1154571,0.6991609,-0.271315,0.6614847,moving,0.8005708944478231,8.324368734173065,13.853550465087556,8.094567956966742,0.8792310000000001,-0.12657563600000002,0.553436,0.013824965325324012,0.1447632110383672,0.9893697371911043,-0.17814462054920233,8.960804457442336,12.93063219052121,13.055002262303246,14.058407898871017
05/17/2023 13:13:56.784349,1871,True,True,True,True,Eyes,0.4865145,0.1348452,-3.114197,0.7438233,-0.1319389,0.6552244,0.0,0.0,0.0,0.0,0.0,0.0,0.0,-2.487041,0.1301537,1.773769,0.3479286,0.1228417,-3.035198,0.1058554,0.4020111,-0.09887967,0.9041044,15.71843,47.17321,354.4149,0.1711948,0.04337442,-0.9842818,0.0,0.0,0.0,1.233206,-0.003916954,-2.488637,0.2377198,0.1401116,0.9703962,0.6572199,-0.09368496,-0.7478536,0.2639051,0.9580349,0.1119072,0.7059859,-0.27091,0.6543635,moving,0.6486502365461935,8.234796685237422,13.764781784460109,8.21592755177721,0.8852774000000001,-0.126758654,0.5465609999999996,0.011204130813639301,0.1432210239636102,0.9896273010881347,-0.2656085684142033,8.936243392043439,12.986852799219072,13.116145120666369,14.048868579489488
05/17/2023 13:13:56.794952,1872,True,True,True,True,Eyes,0.4810938,0.1342596,-3.110339,0.7487597,-0.1327542,0.6494114,0.0,0.0,0.0,0.0,0.0,0.0,0.0,-2.496649,0.1191191,1.748593,0.3443144,0.1212685,-3.028492,0.1044832,0.4065299,-0.09935014,0.9021898,15.62291,47.74137,354.3799,0.1694987,0.04331177,-0.984578,0.0,0.0,0.0,1.235346,-0.005696461,-2.488816,0.2371231,0.1419555,0.9752255,0.6497262,-0.09431426,-0.754295,0.2642165,0.9584256,0.1077498,0.7127733,-0.269305,0.6476335,moving,0.5301900835396666,8.081373697053197,13.666097696013926,8.281906091050244,0.8910316,-0.126964961,0.539676,0.009161545984890995,0.14057347283190819,0.9900278264891513,-0.3500830645283981,8.884881602293135,13.005433849088957,13.137438184231407,14.029144755805874
05/17/2023 13:13:56.814367,1873,True,True,True,True,Eyes,0.4757931,0.1339794,-3.106344,0.7537292,-0.1334676,0.6434894,0.0,0.0,0.0,0.0,0.0,0.0,0.0,-2.506421,0.1012592,1.72192,0.3418496,0.1225534,-3.020849,0.1027525,0.4112638,-0.1003665,0.9001282,15.51764,48.32972,354.2719,0.167823,0.04324312,-0.984868,0.0,0.0,0.0,1.237397,-0.007401973,-2.488987,0.2369877,0.142923,0.9798927,0.6415775,-0.09616879,-0.761006,0.2652022,0.958737,0.1024265,0.7197543,-0.2675349,0.6406082,moving,0.38826337878859307,7.92309689617488,13.595951328425983,8.298403476885113,0.8955474000000001,-0.129955373,0.5318620000000003,0.0067117372169527845,0.13784071530731867,0.9904316255460834,-0.446318782858401,8.833187513205532,13.079530199822136,13.213019185807651,14.052449745285479
05/17/2023 13:13:56.833749,1874,True,True,True,True,Eyes,0.4705445,0.1335701,-3.102157,0.7588691,-0.1344398,0.6372156,0.0,0.0,0.0,0.0,0.0,0.0,0.0,-2.518002,0.05483878,1.694897,0.3397546,0.1295354,-3.013935,0.09854802,0.4168552,-0.1044736,0.8975552,15.30785,48.97976,353.7275,0.1661696,0.04317886,-0.9851512,0.0,0.0,0.0,1.239552,-0.009193906,-2.489166,0.2366094,0.1435744,0.9846821,0.630634,-0.105381,-0.7688924,0.2697021,0.9587471,0.08980385,0.7277098,-0.2640052,0.63304,moving,0.16104914405747847,7.642972415487323,13.51145068067538,8.29571642599609,0.8997974,-0.138729306,0.524769,0.0027858631826963576,0.13299926467858741,0.991112267204625,-0.6055909099424421,8.740125782149592,13.231375415832302,13.366349386881396,14.124034938609793
05/17/2023 13:13:56.844613,1875,True,True,True,True,Eyes,0.4653362,0.1332352,-3.097877,0.763854,-0.1356393,0.6309747,0.0,0.0,0.0,0.0,0.0,0.0,0.0,-2.538867,0.0603278,1.64591,0.3357112,0.1260885,-3.00498,0.1013652,0.4246946,-0.1060675,0.8933696,15.73603,49.99826,353.832,0.1645379,0.04311468,-0.9854277,0.0,0.0,0.0,1.241729,-0.01100378,-2.489348,0.2360853,0.1444008,0.9894788,0.6167684,-0.1034166,-0.7803216,0.2756135,0.9569495,0.09102046,0.7373154,-0.2712058,0.6187192,moving,-0.4173895264546402,7.9416055401596335,13.419625961183533,8.302917332804716,0.9060178000000001,-0.13709227999999998,0.5156320000000001,-0.007214895593865955,0.13816017745792475,0.9903836305729937,-0.8140525049206384,8.893133199525579,13.702047028477274,13.841731965929808,14.245910200677478
05/17/2023 13:13:56.864189,1876,True,True,True,True,Eyes,0.4602523,0.1330207,-3.093471,0.7689412,-0.1369759,0.6244734,0.0,0.0,0.0,0.0,0.0,0.0,0.0,-2.543651,0.08212572,1.625972,0.3318959,0.1275157,-2.999046,0.1057274,0.4274426,-0.1050443,0.8916728,16.16171,50.4003,354.207,0.1629275,0.04305304,-0.985698,0.0,0.0,0.0,1.243794,-0.01272084,-2.48952,0.2356452,0.144853,0.9941808,0.6125171,-0.0969454,-0.78449,0.277715,0.9555748,0.09874775,0.7400658,-0.2783493,0.6122292,moving,-0.3256563826853375,8.298099830590793,13.334425849088909,8.289712865529207,0.9118981,-0.14023654000000002,0.5095259999999997,-0.005624241837751565,0.1443211009686221,0.9895149222041906,-0.702355008864443,9.024507982558113,13.522255300195589,13.660084806472376,14.056000167836338
05/17/2023 13:13:56.884132,1877,True,True,True,True,Eyes,0.4552358,0.1328049,-3.088943,0.7739528,-0.1382894,0.6179588,0.0,0.0,0.0,0.0,0.0,0.0,0.0,-2.559942,0.06991909,1.586308,0.3297496,0.1302287,-2.991466,0.1065777,0.4340721,-0.1073261,0.8880899,16.40802,51.24902,354.1301,0.1613399,0.04299764,-0.9859616,0.0,0.0,0.0,1.245901,-0.01447271,-2.489696,0.2347415,0.1434564,0.9990876,0.6001251,-0.09810567,-0.7938673,0.2831553,0.9542446,0.09612661,0.748113,-0.2824757,0.6004452,moving,-0.7264620865512194,8.429985184528231,13.222155235566024,8.17110250850254,0.9161514,-0.14470141,0.50177,-0.012541851943349225,0.14658920209405746,0.9891179308135601,-0.8614118567690059,9.101608721296166,13.81357089219468,13.951019512523644,14.114273054477504
05/17/2023 13:13:56.894787,1878,True,True,True,True,Eyes,0.450303,0.1325745,-3.084331,0.7789429,-0.1396031,0.6113583,0.0,0.0,0.0,0.0,0.0,0.0,0.0,-2.570217,0.07384482,1.555053,0.3265789,0.129935,-2.984313,0.1078625,0.4390227,-0.1067268,0.88557,16.54394,51.91838,354.3533,0.1597749,0.04294794,-0.9862185,0.0,0.0,0.0,1.248009,-0.01622579,-2.489872,0.2325692,0.1419844,1.004286,0.5917369,-0.09432003,-0.8005942,0.2837363,0.9539502,0.09732848,0.754547,-0.2847505,0.5912495,moving,-0.8894209859955128,8.473963110739076,13.038532328932858,8.047056927562123,0.9214300999999999,-0.14616078999999998,0.49444100000000013,-0.015353279243012663,0.14734259164887406,0.9889663672095172,-0.9279587511634524,9.129239618015166,13.800684108383063,13.934494337149767,14.008354381080098
05/17/2023 13:13:56.914425,1879,True,True,True,True,Eyes,0.4454636,0.1323547,-3.079656,0.7837714,-0.1408479,0.6048672,0.0,0.0,0.0,0.0,0.0,0.0,0.0,-2.578506,0.08241618,1.527103,0.3236162,0.1293636,-2.977593,0.1094752,0.443294,-0.1054634,0.883393,16.67376,52.51162,354.6528,0.1582325,0.04290301,-0.9864691,0.0,0.0,0.0,1.250148,-0.01800445,-2.49005,0.2306027,0.1406921,1.009486,0.5847359,-0.08927193,-0.8062968,0.2833907,0.9537853,0.09991662,0.7601143,-0.2869218,0.5830113,moving,-0.9750747764038515,8.524488354559905,12.867613966163711,7.934206897432053,0.9265318,-0.14736805,0.48754300000000006,-0.016829499427511996,0.14821111689976163,0.9888125711198026,-0.9575996532478972,9.154326206842326,13.725286990552563,13.85526845002419,13.878948906583668
05/17/2023 13:13:56.933958,1880,True,True,True,True,Eyes,0.4407119,0.1321503,-3.074896,0.7886059,-0.1420677,0.5982621,0.0,0.0,0.0,0.0,0.0,0.0,0.0,-2.586425,0.07751517,1.500353,0.3208133,0.1294322,-2.971025,0.109617,0.4476812,-0.1058721,0.8811111,16.73606,53.08921,354.7021,0.1567138,0.04286277,-0.9867133,0.0,0.0,0.0,1.252293,-0.01978829,-2.490229,0.2289331,0.1395419,1.014523,0.5767453,-0.0884232,-0.8121245,0.284717,0.9535505,0.09837559,0.765703,-0.2879633,0.5751314,moving,-1.07046131612797,8.507595569696612,12.716147901559845,7.831570046787668,0.9314797000000001,-0.14922048999999998,0.4807960000000002,-0.018476486766547562,0.1479152699754481,0.9888274518536417,-1.004854114058299,9.154068796026603,13.676501001206073,13.803173701321697,13.784589194253694
05/17/2023 13:13:56.944291,1881,True,True,True,True,Eyes,0.4360438,0.1320047,-3.070053,0.7933475,-0.143107,0.5917096,0.0,0.0,0.0,0.0,0.0,0.0,0.0,-2.5945,0.06587029,1.47256,0.3181316,0.129605,-2.964151,0.1089629,0.4523577,-0.1070097,0.8786629,16.75601,53.69093,354.6386,0.155219,0.04282733,-0.9869511,0.0,0.0,0.0,1.254447,-0.02157905,-2.490409,0.2289398,0.1377603,1.019107,0.5678428,-0.0894706,-0.8182601,0.2866313,0.953352,0.0946699,0.7716197,-0.2882966,0.5669992,moving,-1.2090847457759,8.454042383348543,12.66115634295486,7.698433490014839,0.9363154,-0.15118405,0.4737420000000001,-0.020871764611714194,0.14698404542888877,0.9889186921930246,-1.0791756017065552,9.142517250100521,13.767068198067332,13.890807487658881,13.816008825113936
05/17/2023 13:13:56.964193,1882,True,True,True,True,Eyes,0.4314541,0.1318675,-3.065119,0.7981133,-0.1439951,0.5850474,0.0,0.0,0.0,0.0,0.0,0.0,0.0,-2.601647,0.04545313,1.446268,0.3154708,0.1308382,-2.95731,0.1068187,0.4570597,-0.1082899,0.876333,16.63103,54.28217,354.4811,0.1537479,0.0427982,-0.9871825,0.0,0.0,0.0,1.256601,-0.02337039,-2.490589,0.2296396,0.1354495,1.023451,0.5587395,-0.09215108,-0.8242078,0.2874411,0.9537262,0.08822753,0.7779382,-0.2862074,0.5593725,moving,-1.3313896123111726,8.263973966508726,12.646442863458521,7.5390462503972495,0.9411302000000001,-0.15420858999999998,0.46672100000000016,-0.022993903878372024,0.14369597499213346,0.9893546562599038,-1.1725577543005827,9.077284833071054,13.876837698286334,13.99661819563099,13.904350254896947
05/17/2023 13:13:56.984115,1883,True,True,True,True,Eyes,0.4269499,0.1317467,-3.060127,0.8027136,-0.1447736,0.5785252,0.0,0.0,0.0,0.0,0.0,0.0,0.0,-2.608532,0.02956548,1.418658,0.3127223,0.1308768,-2.950082,0.1046874,0.4618378,-0.1085552,0.8740493,16.45569,54.89706,354.4311,0.1523011,0.04277513,-0.9874077,0.0,0.0,0.0,1.258747,-0.02515434,-2.490768,0.2295378,0.1340446,1.027478,0.5498431,-0.09306804,-0.8300668,0.2864624,0.9545126,0.08273405,0.7846093,-0.2832737,0.5514927,moving,-1.4683701324456497,8.028621568622517,12.593056029966268,7.432818783438765,0.9460247,-0.15603113999999998,0.459314,-0.025374083474421272,0.1396227881414945,0.989879567844689,-1.2815218010387142,8.995562603186585,13.95709856230622,14.074043011153373,13.962309201374067
05/17/2023 13:13:56.994529,1884,True,True,True,True,Eyes,0.4225116,0.1316263,-3.055068,0.8073139,-0.1455274,0.5718969,0.0,0.0,0.0,0.0,0.0,0.0,0.0,-2.614819,0.02029476,1.392196,0.3099995,0.1311685,-2.943228,0.1033572,0.4662891,-0.1080533,0.871904,16.32009,55.48553,354.4969,0.1508777,0.04275811,-0.987627,0.0,0.0,0.0,1.260968,-0.02700141,-2.490953,0.228601,0.1336707,1.03155,0.5417979,-0.09203539,-0.8354547,0.2848128,0.9552836,0.07946707,0.7907824,-0.2810033,0.5437836,moving,-1.561711567371606,7.8401615734637184,12.495334230438594,7.383380447137185,0.9509685000000001,-0.15816991,0.45227499999999976,-0.026999066495867308,0.13636027980473145,0.9902913440061504,-1.3612410756708728,8.92905141999055,13.949440819958369,14.064465349209032,13.942516916618896
05/17/2023 13:13:57.013753,1885,True,True,True,True,Eyes,0.4182279,0.1315326,-3.050002,0.8117461,-0.1464592,0.5653477,0.0,0.0,0.0,0.0,0.0,0.0,0.0,-2.622715,0.01938811,1.363022,0.3084221,0.1304793,-2.936782,0.1036234,0.4707808,-0.1075514,0.8695173,16.34801,56.09569,354.6501,0.1494783,0.04274664,-0.9878403,0.0,0.0,0.0,1.263037,-0.0287222,-2.491126,0.2269203,0.1349708,1.035222,0.5335963,-0.08946787,-0.8409938,0.2846034,0.9553898,0.07893834,0.7964145,-0.2814709,0.5352554,moving,-1.6892447030433373,7.804053254852763,12.363671508068144,7.428243041320596,0.9546148999999999,-0.1592015,0.44565600000000005,-0.029205821638849105,0.1357277400308666,0.9903156318031406,-1.427054026606148,8.923495894558934,13.941668367912696,14.05794036667943,13.871549728413006
05/17/2023 13:13:57.033923,1886,True,True,True,True,Eyes,0.4140662,0.1314691,-3.044896,0.8161795,-0.1475038,0.5586534,0.0,0.0,0.0,0.0,0.0,0.0,0.0,-2.631388,0.02181602,1.332288,0.3073128,0.1311619,-2.930533,0.1053168,0.4753453,-0.1076473,0.8668145,16.55404,56.72547,354.8228,0.1481046,0.04274102,-0.9880474,0.0,0.0,0.0,1.265096,-0.03043409,-2.491297,0.2255873,0.136276,1.038894,0.5249177,-0.08649682,-0.8467466,0.2867442,0.9546409,0.08024091,0.8013983,-0.2849195,0.5259103,moving,-1.8429443791045297,7.938987339892143,12.251121887307002,7.47305594960706,0.9577832,-0.16159599,0.4392360000000002,-0.03185198501883513,0.13804842975822157,0.9899131530886432,-1.4716222911954246,8.985573112642832,13.983122653180393,14.101765704423418,13.805847165498394
05/17/2023 13:13:57.044463,1887,True,True,True,True,Eyes,0.4099847,0.1314469,-3.039777,0.8204705,-0.1487012,0.5520112,0.0,0.0,0.0,0.0,0.0,0.0,0.0,-2.639619,0.02901793,1.30076,0.3047521,0.1324213,-2.924038,0.1077908,0.4800869,-0.1072966,0.8639359,16.81437,57.39582,355.0921,0.1467585,0.04274167,-0.9882482,0.0,0.0,0.0,1.26724,-0.03221674,-2.491476,0.2265212,0.1364432,1.042192,0.516008,-0.08189687,-0.8526597,0.2888926,0.9537373,0.08322523,0.8063975,-0.289272,0.5157955,moving,-2.033591434975461,8.119286875918615,12.262554297260877,7.458710938504833,0.9624879,-0.16463803999999999,0.4325619999999999,-0.03513016060086804,0.14114732545927455,0.9893652295835855,-1.5243866412647695,9.06755556888783,14.190305266318425,14.311399070895527,13.880494281080434
05/17/2023 13:13:57.064230,1888,True,True,True,True,Eyes,0.4059735,0.1314724,-3.03462,0.8247517,-0.1499118,0.5452625,0.0,0.0,0.0,0.0,0.0,0.0,0.0,-2.646995,0.03699255,1.271003,0.3022853,0.1334716,-2.917912,0.110115,0.484529,-0.1066197,0.8612426,17.03717,58.03186,355.3842,0.1454382,0.04274934,-0.9884431,0.0,0.0,0.0,1.269271,-0.03390536,-2.491646,0.2274494,0.1357722,1.045231,0.5077278,-0.07694298,-0.8580748,0.2903586,0.9530138,0.08635079,0.8111131,-0.2929921,0.5062127,moving,-2.1769624768605236,8.267286015761576,12.27656442121704,7.40109943484467,0.9669857000000001,-0.16737696,0.42626600000000003,-0.03759183570593594,0.1436895640852782,0.9889086264158182,-1.5616502635283491,9.133990814923141,14.357523928334299,14.479458518411944,13.94629334971315
05/17/2023 13:13:57.084033,1889,True,True,True,True,Eyes,0.4020458,0.1315317,-3.029453,0.8288868,-0.1511455,0.5386108,0.0,0.0,0.0,0.0,0.0,0.0,0.0,-2.653355,0.03896222,1.242838,0.2999517,0.1346432,-2.911762,0.1113211,0.4888596,-0.1061252,0.8586976,17.15411,58.64106,355.5933,0.1441432,0.04276494,-0.988632,0.0,0.0,0.0,1.271535,-0.03578788,-2.491834,0.2284102,0.135053,1.048205,0.4995075,-0.07341806,-0.8631929,0.2910997,0.9526901,0.08742175,0.815937,-0.294943,0.4972478,moving,-2.304731783643523,8.30800870858226,12.29293198844585,7.341665854068973,0.9715833,-0.17043107999999998,0.4199280000000001,-0.03979295554751561,0.14438005805455933,0.9887218025238877,-1.6126115945129609,9.158060416295749,14.507555134323862,14.629614011156939,14.02367396737581
05/17/2023 13:13:57.094239,1890,True,True,True,True,Eyes,0.3981814,0.1316186,-3.024241,0.8330215,-0.152284,0.5318691,0.0,0.0,0.0,0.0,0.0,0.0,0.0,-2.659456,0.03284356,1.214931,0.2977152,0.1355734,-2.905655,0.1112163,0.4933451,-0.1062128,0.8561312,17.17136,59.25136,355.6704,0.1428739,0.0427888,-0.9888152,0.0,0.0,0.0,1.273726,-0.03760986,-2.492017,0.2286399,0.1355312,1.051013,0.490659,-0.07212815,-0.8683613,0.2916001,0.9526995,0.08563236,0.8211109,-0.2952306,0.4884832,moving,-2.440446532240828,8.250482936101466,12.273040443464275,7.347908274219389,0.9760107999999998,-0.17318326,0.41363799999999973,-0.042141030110805666,0.14337348594468655,0.9887710315145405,-1.6863659655889234,9.144787216936878,14.618025080083259,14.74114446047237,14.074579966304395
05/17/2023 13:13:57.114401,1891,True,True,True,True,Eyes,0.3943559,0.1317312,-3.019025,0.8369887,-0.1533816,0.5252846,0.0,0.0,0.0,0.0,0.0,0.0,0.0,-2.664077,0.02417615,1.188938,0.2953658,0.1363116,-2.899249,0.110376,0.4975963,-0.1061742,0.853781,17.10583,59.82343,355.7125,0.1416292,0.04282109,-0.9889929,0.0,0.0,0.0,1.275772,-0.03931139,-2.492188,0.2283744,0.1367592,1.053596,0.4822499,-0.07145356,-0.8731147,0.2911443,0.9530884,0.08281014,0.8262384,-0.2941376,0.4804301,moving,-2.5494004963993424,8.113481209529368,12.230070995137671,7.395773574587616,0.9804061999999999,-0.17562299,0.4070610000000001,-0.044036386419085805,0.14099725549832207,0.9890300707038687,-1.763261378991402,9.099130805885379,14.672609287276769,14.796887572000031,14.096622886005825
05/17/2023 13:13:57.133906,1892,True,True,True,True,Eyes,0.3905945,0.1318465,-3.013766,0.8409294,-0.1544082,0.5186481,0.0,0.0,0.0,0.0,0.0,0.0,0.0,-2.667191,0.01735198,1.165125,0.2919214,0.1371431,-2.892697,0.109627,0.5015974,-0.1058707,0.8515711,17.03281,60.36637,355.7814,0.1404072,0.04286185,-0.9891654,0.0,0.0,0.0,1.277861,-0.0410479,-2.492362,0.2285638,0.1379254,1.056044,0.4743828,-0.07033566,-0.8775043,0.2902901,0.9535466,0.08050141,0.8310792,-0.2929193,0.4727639,moving,-2.623632630997491,7.976830819878145,12.212387587411168,7.441038606043664,0.9859395999999999,-0.178191,0.4003350000000001,-0.045333034548230566,0.1386299784122257,0.9893061430665863,-1.8240845595637767,9.051333686614855,14.720506648212957,14.845691941349052,14.128538515335377
05/17/2023 13:13:57.144531,1893,True,True,True,True,Eyes,0.3868835,0.1319657,-3.008457,0.8447401,-0.1555078,0.5120854,0.0,0.0,0.0,0.0,0.0,0.0,0.0,-2.670106,0.01268116,1.14193,0.2897065,0.1373113,-2.886321,0.1092622,0.5052505,-0.1056552,0.8494825,17.00154,60.86665,355.8566,0.1392085,0.04291039,-0.9893327,0.0,0.0,0.0,1.280074,-0.0428884,-2.492547,0.2291625,0.138679,1.058373,0.4671178,-0.06909491,-0.8814912,0.289914,0.9537975,0.07886798,0.8353147,-0.2923973,0.4655674,moving,-2.6651668803124546,7.880751880810492,12.217280879847456,7.46495888195183,0.9903675,-0.1801997,0.39377400000000007,-0.04606094216802775,0.13696625528514225,0.989504221224836,-1.8619367448247188,9.017028828451645,14.762621118792962,14.888254939776811,14.164508111533827
05/17/2023 13:13:57.163856,1894,True,True,True,True,Eyes,0.38323,0.1320991,-3.003102,0.8485066,-0.156571,0.505492,0.0,0.0,0.0,0.0,0.0,0.0,0.0,-2.672927,0.008918598,1.118761,0.2873664,0.1375116,-2.880062,0.1093038,0.5088719,-0.1057382,0.8473025,17.02813,61.36603,355.9254,0.1380314,0.04296617,-0.9894952,0.0,0.0,0.0,1.282161,-0.04462343,-2.492721,0.2306464,0.1399499,1.060243,0.4597377,-0.06794117,-0.8854522,0.2904277,0.9537442,0.07761244,0.8392217,-0.2928412,0.4582041,moving,-2.711246038529978,7.844413900292195,12.272967357680997,7.519454747436375,0.9947946000000001,-0.18213503,0.38734100000000016,-0.046860850204035576,0.13633359743418497,0.9895540921432082,-1.8902510349058992,9.006045268360298,14.86000648292043,14.987736638806183,14.2410219651896
05/17/2023 13:13:57.184203,1895,True,True,True,True,Eyes,0.3796389,0.132231,-2.997731,0.8521017,-0.157701,0.4990523,0.0,0.0,0.0,0.0,0.0,0.0,0.0,-2.674673,0.009410366,1.097043,0.2851003,0.1379729,-2.873525,0.1097876,0.5121457,-0.1051875,0.8453338,17.05905,61.8308,356.0784,0.136876,0.04302901,-0.989653,0.0,0.0,0.0,1.284275,-0.04638169,-2.492897,0.2323627,0.140535,1.061847,0.4532848,-0.06538263,-0.8889647,0.2902917,0.9537645,0.07787169,0.8427715,-0.2933571,0.4513069,moving,-2.7239756944122058,7.81420000120954,12.343395688659076,7.539255636357874,0.9991747000000001,-0.18435459,0.38062799999999974,-0.04708411873999041,0.13581032886430108,0.9896154561320415,-1.9020015543798272,8.995235698367194,14.941136615478843,15.0698797207927,14.319609650858123
05/17/2023 13:13:57.194556,1896,True,True,True,True,Eyes,0.3761078,0.132374,-2.992325,0.8556199,-0.1587455,0.4926606,0.0,0.0,0.0,0.0,0.0,0.0,0.0,-2.675049,0.01326938,1.079204,0.2828474,0.1380945,-2.867345,0.1103645,0.5147641,-0.1040731,0.8438048,17.06152,62.21259,356.2808,0.1357417,0.04309823,-0.9898061,0.0,0.0,0.0,1.286467,-0.04820467,-2.49308,0.2332348,0.1413091,1.063624,0.4483735,-0.06201138,-0.8916928,0.289258,0.9539769,0.079106,0.8457488,-0.2933983,0.4456753,moving,-2.6505327385197175,7.768438611336183,12.368235208688667,7.567784504309733,1.0036196,-0.18629917000000001,0.37426499999999985,-0.04582051371127255,0.13502782884383155,0.9897817839299612,-1.8770611982107743,8.972785488048903,14.891354985202724,15.020108279328767,14.31441572278555
05/17/2023 13:13:57.214109,1897,True,True,True,True,Eyes,0.3726438,0.1325233,-2.986902,0.8589672,-0.1598241,0.486448,0.0,0.0,0.0,0.0,0.0,0.0,0.0,-2.674332,0.01662034,1.063566,0.2807584,0.1384804,-2.861031,0.1107162,0.5170379,-0.1028195,0.8425213,17.03073,62.54541,356.4763,0.1346274,0.04317367,-0.989955,0.0,0.0,0.0,1.288494,-0.04988983,-2.493249,0.2325957,0.142199,1.065148,0.4441999,-0.05876625,-0.8939984,0.2877441,0.9543402,0.08023832,0.8484633,-0.2928846,0.4408275,moving,-2.541096246738316,7.689072467358661,12.318273164390087,7.604117724077253,1.0077356,-0.18837023,0.36778200000000005,-0.043938096084643385,0.13366797073693468,0.9900516994744146,-1.8420743640172972,8.935024982016227,14.731732069952661,14.859612262935547,14.222754875709127
05/17/2023 13:13:57.233973,1898,True,True,True,True,Eyes,0.3692383,0.1326714,-2.981441,0.8622385,-0.160805,0.4802984,0.0,0.0,0.0,0.0,0.0,0.0,0.0,-2.673127,0.01570134,1.049597,0.2787988,0.1388021,-2.85491,0.1104603,0.5191498,-0.1020697,0.8413464,16.96872,62.84269,356.5798,0.1335339,0.04325492,-0.9900995,0.0,0.0,0.0,1.290691,-0.05171695,-2.493433,0.2307948,0.1421941,1.067378,0.4401304,-0.05706101,-0.8961189,0.2864428,0.9547606,0.07989183,0.8510203,-0.2918496,0.4365639,moving,-2.412791239472468,7.581631918930524,12.20100039186022,7.588157840061052,1.0118922000000001,-0.19051905000000002,0.3614769999999998,-0.04173131893505094,0.1318236824280573,0.9903943889788843,-1.8038573694878113,8.885208094006405,14.489039320905166,14.613793088437236,14.06479222302448
05/17/2023 13:13:57.244587,1899,True,True,True,True,Eyes,0.36589,0.1328023,-2.975946,0.8653409,-0.1618393,0.4743346,0.0,0.0,0.0,0.0,0.0,0.0,0.0,-2.671226,0.01097998,1.036493,0.2768026,0.1389066,-2.848503,0.1097315,0.5211921,-0.101889,0.8402002,16.89391,63.11841,356.5949,0.1324602,0.04334151,-0.99024,0.0,0.0,0.0,1.292848,-0.05351051,-2.493612,0.2293144,0.1407388,1.069565,0.4359547,-0.05683194,-0.8981724,0.2855968,0.9551553,0.07818536,0.8534505,-0.2906004,0.4326355,moving,-2.2880820773419037,7.454832876434552,12.101000334159346,7.496203239428314,1.0160453999999999,-0.19241711,0.35489099999999985,-0.03958702697061217,0.12964288693254217,0.99077027315008,-1.7710672257360989,8.828166418323342,14.269411271363518,14.389141883792405,13.935866829739572
05/17/2023 13:13:57.264239,1900,True,True,True,True,Eyes,0.3625992,0.1329169,-2.970407,0.8683822,-0.1628021,0.46841,0.0,0.0,0.0,0.0,0.0,0.0,0.0,-2.669264,0.002521813,1.023683,0.2748581,0.1386412,-2.842206,0.1085855,0.523258,-0.1023539,0.8390077,16.81744,63.38586,356.5193,0.1314059,0.04343242,-0.9903765,0.0,0.0,0.0,1.295028,-0.0553227,-2.493794,0.2275524,0.1362328,1.071277,0.4314495,-0.05811503,-0.9002632,0.2853878,0.9554657,0.07509305,0.8558066,-0.2893231,0.4288206,moving,-2.1707067897840897,7.327365531900025,11.992090892995435,7.2473237772876855,1.0201699,-0.1939639,0.34841200000000017,-0.03756804163632599,0.12744831466556092,0.9911335260588099,-1.7417875078753984,8.771347943053733,14.05224770463388,14.163023860949556,13.818178808647154
05/17/2023 13:13:57.284056,1901,True,True,True,True,Eyes,0.3593675,0.1330091,-2.964832,0.871342,-0.1638454,0.4625124,0.0,0.0,0.0,0.0,0.0,0.0,0.0,-2.667235,-0.007926226,1.009919,0.2729591,0.1383706,-2.835576,0.1073571,0.525476,-0.103249,0.8376689,16.76035,63.66999,356.3984,0.1303713,0.04352673,-0.9905091,0.0,0.0,0.0,1.297089,-0.0570368,-2.493966,0.2235889,0.1260148,1.075079,0.4264292,-0.06014975,-0.9025188,0.2858041,0.9556282,0.07134967,0.8581808,-0.2883691,0.4246988,moving,-2.07982497340964,7.211901753932006,11.74857710975161,6.68538763818191,1.0241299,-0.1954074,0.3416100000000002,-0.03600507698452898,0.1254579136036142,0.9914453401799248,-1.7223817097779044,8.720892199821403,13.744243545875964,13.838421921868926,13.62387647983918
05/17/2023 13:13:57.294183,1902,True,True,True,True,Eyes,0.3561937,0.1330778,-2.959206,0.8742664,-0.1648541,0.4565975,0.0,0.0,0.0,0.0,0.0,0.0,0.0,-2.665648,-0.01841801,0.9948729,0.2711256,0.1379691,-2.829001,0.1062069,0.527881,-0.1042491,0.8361782,16.71899,63.98112,356.2755,0.1293557,0.04362349,-0.9906379,0.0,0.0,0.0,1.299255,-0.05883754,-2.494147,0.2147932,0.135097,1.076651,0.4209476,-0.06221233,-0.9049491,0.2864708,0.9557045,0.06755362,0.8606612,-0.287678,0.4201235,moving,-2.016747066980588,7.1126364020903186,11.282451618068327,7.1520324477890505,1.0281294,-0.19680664,0.334854,-0.03492112659979174,0.12374480098671857,0.9916993640250955,-1.7126370128617898,8.678501734212126,13.198190720412693,13.29925703612136,13.0844349135957
05/17/2023 13:13:57.314308,1903,True,True,True,True,Eyes,0.3530603,0.133122,-2.953503,0.8771447,-0.1659992,0.4506234,0.0,0.0,0.0,0.0,0.0,0.0,0.0,-2.664707,-0.02815352,0.9768288,0.2693569,0.1374852,-2.822091,0.1053676,0.5306906,-0.1053352,0.834368,16.71621,64.35328,356.1719,0.12836,0.04372169,-0.9907631,0.0,0.0,0.0,1.301372,-0.06059781,-2.494323,0.2161075,0.1393216,1.078843,0.414544,-0.06394143,-0.9077802,0.2876118,0.9556043,0.06402989,0.8633845,-0.2876315,0.4145304,moving,-2.0116031343647234,7.04075546730876,11.327237663772262,7.358441674326417,1.0320151,-0.19808301,0.32776799999999984,-0.03483751227227838,0.12250092353973746,0.9918567836320326,-1.7242626956108649,8.650462583913821,13.236550501565825,13.342623368894627,13.115295637605312
05/17/2023 13:13:57.333920,1904,True,True,True,True,Eyes,0.3499754,0.1331397,-2.947742,0.8799926,-0.1671602,0.4446016,0.0,0.0,0.0,0.0,0.0,0.0,0.0,-2.664286,-0.03787847,0.9569019,0.2674991,0.136922,-2.815176,0.1047526,0.5337875,-0.1066589,0.8322992,16.75245,64.76779,356.0649,0.1273826,0.04382059,-0.9908848,0.0,0.0,0.0,1.303457,-0.06233152,-2.494497,0.2087097,0.1397326,1.081239,0.4073897,-0.06571298,-0.9108872,0.2893754,0.9553015,0.06050458,0.8661961,-0.2882373,0.4081957,moving,-2.049556508398656,7.0039120760956655,10.925335716085085,7.3637361757132185,1.0359579,-0.19925352,0.32067900000000016,-0.03549734383054126,0.12186027001571957,0.9919123471426458,-1.7489301010151843,8.638751578412695,12.876623841025422,12.979880647357056,12.738236859143312
05/17/2023 13:13:57.344596,1905,True,True,True,True,Eyes,0.3469191,0.1331316,-2.94188,0.882809,-0.1684485,0.4384897,0.0,0.0,0.0,0.0,0.0,0.0,0.0,-2.66355,-0.04598868,0.9365238,0.2655958,0.1363223,-2.807947,0.1045277,0.536889,-0.1080213,0.8301541,16.83037,65.18924,355.9796,0.1264232,0.04391934,-0.9910033,0.0,0.0,0.0,1.305623,-0.06413315,-2.494678,0.2056429,0.1403145,1.083492,0.4001635,-0.0671091,-0.9139834,0.2915882,0.9548107,0.05755734,0.8688185,-0.2895392,0.4016485,moving,-2.090137633188137,7.001675109929009,10.746708664654419,7.378857434688064,1.0400272,-0.20045545,0.313269,-0.03620006350860999,0.12181845543088186,0.9918919618374507,-1.7680701406358337,8.640549682786972,12.739853295651082,12.842386436349935,12.578217515779214
05/17/2023 13:13:57.363994,1906,True,True,True,True,Eyes,0.3439138,0.1330998,-2.935947,0.8855947,-0.1697385,0.4323319,0.0,0.0,0.0,0.0,0.0,0.0,0.0,-2.662897,-0.05262396,0.9152712,0.2636369,0.1356412,-2.800644,0.1044398,0.5401018,-0.1091246,0.8279338,16.90677,65.63187,355.9317,0.125481,0.04401729,-0.9911187,0.0,0.0,0.0,1.307753,-0.06590399,-2.494856,0.2036622,0.1408854,1.085525,0.3927637,-0.06787959,-0.9171309,0.2935121,0.9543682,0.05506175,0.8715431,-0.2908153,0.3947648,moving,-2.145195513458286,6.997656026554891,10.626093145024653,7.394825847123895,1.0441160999999999,-0.20154518999999999,0.30578800000000017,-0.037153538658060536,0.12174462401203737,0.991865849748494,-1.7942297501159914,8.642609973035418,12.675097988527902,12.777462888408861,12.482843668188417
05/17/2023 13:13:57.384301,1907,True,True,True,True,Eyes,0.340939,0.13305,-2.929922,0.888368,-0.1710678,0.4260728,0.0,0.0,0.0,0.0,0.0,0.0,0.0,-2.661617,-0.05837345,0.8942872,0.2618645,0.1350525,-2.792946,0.1044289,0.5432105,-0.1100516,0.8257759,16.97965,66.06375,355.9047,0.1245561,0.04411383,-0.9912311,0.0,0.0,0.0,1.309835,-0.06763546,-2.495029,0.2012716,0.1405037,1.087805,0.385622,-0.06830226,-0.9201254,0.2952097,0.9539665,0.05290726,0.8741551,-0.2920321,0.3880339,moving,-2.1814415367888476,6.989709878516763,10.482627569885548,7.35972383494341,1.0479705000000001,-0.20268796,0.297917,-0.037781651662910753,0.12160419397063053,0.9918593112569221,-1.8124833628164174,8.641923657512338,12.568799386068084,12.669473417098885,12.361787461060928
05/17/2023 13:13:57.393811,1908,True,True,True,True,Eyes,0.3380107,0.1329659,-2.923827,0.891109,-0.1723583,0.4197825,0.0,0.0,0.0,0.0,0.0,0.0,0.0,-2.66013,-0.06331052,0.8738353,0.2599005,0.134532,-2.785362,0.1042952,0.5462769,-0.1106058,0.8236933,17.01711,66.49234,355.9063,0.1236475,0.04420869,-0.9913406,0.0,0.0,0.0,1.312024,-0.06945568,-2.495212,0.1984706,0.1395004,1.090184,0.3786958,-0.06826227,-0.9230005,0.2961586,0.9537777,0.05097179,0.8768579,-0.2926573,0.3814081,moving,-2.2074092959808755,6.9500244514800675,10.317835521603445,7.291964956457851,1.0521235,-0.20398768,0.29015000000000013,-0.0382344246392789,0.12091508149325458,0.9919262334499088,-1.832179814556772,8.628331680278977,12.432025641776574,12.529911454171069,12.223287147468348
05/17/2023 13:13:57.414058,1909,True,True,True,True,Eyes,0.3351058,0.1328517,-2.917624,0.8938329,-0.1736464,0.4134123,0.0,0.0,0.0,0.0,0.0,0.0,0.0,-2.658248,-0.06734863,0.8533896,0.2580853,0.1336263,-2.777522,0.1041281,0.5492889,-0.1109688,0.82166,17.03906,66.91546,355.9237,0.1227556,0.04430095,-0.9914474,0.0,0.0,0.0,1.314121,-0.07119871,-2.495387,0.1958823,0.1351195,1.093099,0.3719352,-0.06796448,-0.9257672,0.29675,0.9536865,0.04920782,0.8795474,-0.2930235,0.3748781,moving,-2.2209771488096717,6.8963009828667365,10.159516555583002,7.046666219291256,1.0560357,-0.20482501,0.2821349999999998,-0.03847369556285907,0.11998384919008835,0.9920300932078254,-1.8488944368891993,8.608516782385026,12.290194565197556,12.381406788763206,12.109554564291932
05/17/2023 13:13:57.433854,1910,True,True,True,True,Eyes,0.3322469,0.132707,-2.911339,0.8965275,-0.174911,0.4069945,0.0,0.0,0.0,0.0,0.0,0.0,0.0,-2.656188,-0.07416315,0.8330129,0.2561255,0.1327138,-2.769753,0.1036004,0.5523784,-0.1116853,0.8195558,17.04949,67.3426,355.8846,0.12188,0.04439002,-0.9915514,0.0,0.0,0.0,1.316291,-0.07300379,-2.495568,0.1935035,0.130482,1.095825,0.3648091,-0.06861142,-0.928551,0.297518,0.9535866,0.04642757,0.8822684,-0.2931978,0.3682903,moving,-2.2425595244936893,6.83010350494364,10.014197185090529,6.790348139467583,1.0601655,-0.20571759,0.2741850000000001,-0.038852774564822945,0.11883586233259959,0.9921534351801551,-1.8717320044285273,8.584419941390166,12.172084194677902,12.256821183611267,12.020565973726647
05/17/2023 13:13:57.444403,1911,True,True,True,True,Eyes,0.3294042,0.1325306,-2.904921,0.8991968,-0.1761942,0.4005007,0.0,0.0,0.0,0.0,0.0,0.0,0.0,-2.653612,-0.08421055,0.8116897,0.254367,0.1318446,-2.761432,0.1028327,0.5556143,-0.1129661,0.8172863,17.07473,67.78383,355.7777,0.1210194,0.04447541,-0.991653,0.0,0.0,0.0,1.318386,-0.07474534,-2.495743,0.1914392,0.1260556,1.098612,0.3570628,-0.07038067,-0.931425,0.298922,0.9533281,0.04255636,0.8849586,-0.2936188,0.3614364,moving,-2.283478734650345,6.774090778251522,9.884851958205376,6.545537727775663,1.064019,-0.20658994,0.26568900000000006,-0.03956596075905927,0.11786257808365759,0.9922414219236446,-1.9014990470352648,8.565515748632892,12.091374240686278,12.170476915370918,11.958193058463445
05/17/2023 13:13:57.464399,1912,True,True,True,True,Eyes,0.326606,0.1323147,-2.898431,0.901817,-0.1774739,0.3939911,0.0,0.0,0.0,0.0,0.0,0.0,0.0,-2.650388,-0.09261573,0.792467,0.2523813,0.1308,-2.753241,0.1023148,0.5585213,-0.1142533,0.8151883,17.12381,68.18282,355.6801,0.1201749,0.04455647,-0.9917521,0.0,0.0,0.0,1.320489,-0.07649443,-2.495918,0.1877892,0.1250982,1.100257,0.3500004,-0.07198591,-0.9339795,0.3005658,0.9529557,0.03918584,0.8872204,-0.2944374,0.3551714,moving,-2.2834460209194063,6.745620681941384,9.68577299764729,6.48662079488535,1.0681077,-0.20729443,0.25732299999999997,-0.039567716648089446,0.11736950084441516,0.9922996874030592,-1.907027643798657,8.554541609472235,11.895384211322545,11.972020917786342,11.775793952329126
05/17/2023 13:13:57.484366,1913,True,True,True,True,Eyes,0.3238432,0.1320516,-2.891874,0.9043742,-0.1787824,0.3874843,0.0,0.0,0.0,0.0,0.0,0.0,0.0,-2.646996,-0.1000191,0.7731735,0.2506374,0.1296474,-2.744952,0.1019478,0.5613772,-0.1154647,0.8130991,17.18308,68.57849,355.5993,0.1193453,0.0446325,-0.9918489,0.0,0.0,0.0,1.322634,-0.07827748,-2.496097,0.1832182,0.1260576,1.101824,0.3430471,-0.07330617,-0.9364533,0.3022309,0.952549,0.03614882,0.8893678,-0.2954259,0.3489246,moving,-2.280151867682833,6.726457300735302,9.441114674926204,6.526723928135555,1.0719966,-0.20792487999999998,0.24885500000000027,-0.03951222362694107,0.11703786576520553,0.9923410931141925,-1.9092407970245011,8.546940357871648,11.647190827404675,11.722968172908091,11.528739903502768
05/17/2023 13:13:57.494782,1914,True,True,True,True,Eyes,0.3211165,0.1317326,-2.885246,0.9068861,-0.180082,0.3809568,0.0,0.0,0.0,0.0,0.0,0.0,0.0,-2.643303,-0.10998,0.7543051,0.248715,0.1282735,-2.736752,0.1010947,0.5642608,-0.116905,0.8110011,17.21185,68.97044,355.4647,0.1185287,0.04470263,-0.9919435,0.0,0.0,0.0,1.324811,-0.08008818,-2.496279,0.1790295,0.1276097,1.104682,0.3358859,-0.07553258,-0.9388692,0.3037077,0.9522262,0.03204603,0.8915953,-0.2959056,0.3427792,moving,-2.2766858501086733,6.675624457436438,9.205562275924441,6.589437611144266,1.076096,-0.20836168,0.24047300000000016,-0.03945630008589107,0.11615767619085546,0.9924467760081257,-1.9175413883949968,8.527122852594736,11.4073705974051,11.482571584809074,11.29061819486123
05/17/2023 13:13:57.513884,1915,True,True,True,True,Eyes,0.3184209,0.1313548,-2.87854,0.9093502,-0.1814172,0.3743929,0.0,0.0,0.0,0.0,0.0,0.0,0.0,-2.63936,-0.1197483,0.7349799,0.2468421,0.1266228,-2.728331,0.1003222,0.567182,-0.1184556,0.8088315,17.25706,69.36941,355.3259,0.1177268,0.0447655,-0.9920362,0.0,0.0,0.0,1.326949,-0.08186599,-2.496457,0.1751796,0.1286932,1.107556,0.3285458,-0.07781929,-0.9412768,0.305423,0.9518075,0.02791575,0.8937418,-0.2966591,0.3364801,moving,-2.280560068809089,6.638470591518821,8.987885936116434,6.627799275980283,1.0801068999999999,-0.20848879,0.2318739999999999,-0.03952639570594724,0.11551377346076515,0.9925191496639457,-1.9265616467668307,8.51305821453165,11.194080576873775,11.268451057838309,11.076071835488166
05/17/2023 13:13:57.534320,1916,True,True,True,True,Eyes,0.3157983,0.1310638,-2.871791,0.9117609,-0.1828499,0.3677745,0.0,0.0,0.0,0.0,0.0,0.0,0.0,-2.63609,-0.1281225,0.7141557,0.2450487,0.1248121,-2.720253,0.1002078,0.5702723,-0.1203774,0.8063853,17.39203,69.80102,355.2002,0.1169382,0.04481998,-0.992127,0.0,0.0,0.0,1.32909,-0.08364618,-2.496635,0.1717544,0.1279109,1.110516,0.3205977,-0.07984971,-0.9438438,0.3084326,0.9509354,0.0243164,0.8955928,-0.298908,0.3294959,moving,-2.320395593840766,6.6829625801443795,8.79180903007643,6.570459707431478,1.0840413,-0.20845828,0.2236180000000001,-0.040212821727302395,0.11628127818861812,0.9924019855182775,-1.9362590023380541,8.532816157612373,11.040172860330188,11.112774113612469,10.906066501983204
05/17/2023 13:13:57.553809,1917,True,True,True,True,Eyes,0.3132181,0.1308978,-2.865013,0.9141814,-0.1843269,0.3609651,0.0,0.0,0.0,0.0,0.0,0.0,0.0,-2.632639,-0.144948,0.693512,0.2441672,0.1266339,-2.712398,0.09988135,0.5734575,-0.1233681,0.8037106,17.58042,70.2368,354.9599,0.1161652,0.04486987,-0.9922156,0.0,0.0,0.0,1.331182,-0.08538569,-2.49681,0.1679923,0.1258619,1.113539,0.3118538,-0.08374908,-0.9464319,0.3128599,0.949608,0.01905864,0.8971432,-0.3020441,0.3223406,moving,-2.3721047139074454,6.773894885275851,8.579141111267342,6.448700403445678,1.0870148000000002,-0.21201958999999998,0.2155879999999999,-0.041100774285106,0.11785186321074255,0.9921801783338053,-1.942386256614648,8.57124992402322,10.886053599401444,10.956073045321531,10.733487532968661
05/17/2023 13:13:57.564217,1918,True,True,True,True,Eyes,0.3106728,0.130643,-2.858164,0.9166447,-0.1858099,0.3538886,0.0,0.0,0.0,0.0,0.0,0.0,0.0,-2.630057,-0.1816497,0.6659141,0.2426906,0.1294496,-2.705177,0.09743155,0.5782392,-0.1288647,0.7997128,17.74996,70.85848,354.3701,0.1154059,0.04492008,-0.9923019,0.0,0.0,0.0,1.333272,-0.08712377,-2.496984,0.1652725,0.1225386,1.116539,0.2980666,-0.09343199,-0.9499615,0.318787,0.9478019,0.006805285,0.8997396,-0.3048637,0.3122931,moving,-2.6320770407472005,6.813335357070959,8.419904605115631,6.263066549469423,1.0905814,-0.21657337,0.20819300000000007,-0.045598624080821215,0.11851167248075895,0.9919050938239047,-2.054531648818732,8.603491636020827,10.997577217411584,11.06567187572034,10.732725861750765
05/17/2023 13:13:57.584105,1919,True,True,True,True,Eyes,0.3081473,0.1305341,-2.851241,0.9191511,-0.1870234,0.346675,0.0,0.0,0.0,0.0,0.0,0.0,0.0,-2.627967,-0.2069634,0.6296502,0.2409476,0.1270709,-2.696535,0.09493919,0.583998,-0.1322177,0.7952681,17.78428,71.64436,354.0076,0.1146612,0.04496756,-0.9923862,0.0,0.0,0.0,1.335429,-0.08891713,-2.497164,0.1638404,0.119202,1.120449,0.2829296,-0.09940841,-0.9539753,0.3211856,0.9470101,-0.003425536,0.9037647,-0.305434,0.2998657,moving,-3.0055215305722554,6.723402031605579,8.319254697628246,6.072724289717566,1.0944814,-0.21598803,0.19937099999999974,-0.05207259456251745,0.11691754625858071,0.9917755717278836,-2.2441696567048264,8.593312819010647,11.276795397064992,11.343453536846866,10.85998621655299
05/17/2023 13:13:57.594339,1920,True,True,True,True,Eyes,0.3056859,0.1304809,-2.844283,0.9216577,-0.188049,0.3393885,0.0,0.0,0.0,0.0,0.0,0.0,0.0,-2.621309,-0.2456386,0.6127945,0.2392569,0.1301752,-2.68941,0.0889106,0.5873943,-0.134648,0.7930529,17.40983,72.04639,353.4337,0.1139294,0.04501784,-0.9924681,0.0,0.0,0.0,1.337617,-0.09073644,-2.497347,0.1623772,0.1169702,1.123109,0.2736759,-0.1091148,-0.9556126,0.3180171,0.9479296,-0.01716133,0.907726,-0.2992046,0.2941259,moving,-2.9737726341442157,6.267275019125792,8.226722223285046,5.945837505872597,1.0983601,-0.22091164,0.1920630000000001,-0.05156959319036586,0.10902132144626628,0.9927007730584432,-2.3183528034244087,8.415446338311304,11.143709543202776,11.20510629696237,10.830400505253289
05/17/2023 13:13:57.614075,1921,True,True,True,True,Eyes,0.3032455,0.1304271,-2.83725,0.924115,-0.1889684,0.3321182,0.0,0.0,0.0,0.0,0.0,0.0,0.0,-2.613181,-0.2940985,0.5912203,0.238278,0.1313829,-2.681551,0.0818743,0.5913965,-0.139056,0.7900698,17.08843,72.52116,352.6134,0.1132125,0.04507256,-0.9925478,0.0,0.0,0.0,1.339762,-0.09252004,-2.497526,0.1607373,0.1159431,1.125836,0.2618274,-0.1228875,-0.9572591,0.3165682,0.94792,-0.03510163,0.9117187,-0.2938473,0.2870936,moving,-3.0391347710981274,5.848731838162536,8.125293737344052,5.879820746310965,1.101484,-0.22390294,0.18402499999999966,-0.05274281976601597,0.10176060687418013,0.9934098157590994,-2.4299776119896723,8.25843005197933,11.106499592135533,11.164471794058432,10.819960050160883
05/17/2023 13:13:57.635628,1922,True,True,True,True,Eyes,0.3008302,0.1303544,-2.83019,0.9264933,-0.1899926,0.3248279,0.0,0.0,0.0,0.0,0.0,0.0,0.0,-2.606968,-0.3181986,0.5690843,0.2365095,0.1311144,-2.673624,0.07802072,0.595089,-0.1407798,0.7873774,16.88289,73.01294,352.2623,0.1125074,0.0451316,-0.9926252,0.0,0.0,0.0,1.341822,-0.09423314,-2.497698,0.1600807,0.1145541,1.128308,0.2521004,-0.1288351,-0.9590864,0.3145521,0.9481876,-0.04468951,0.9151515,-0.2904165,0.2795639,moving,-3.0807395346444086,5.5609239881080645,8.075047280655106,5.797223170300913,1.1053125000000001,-0.22534754,0.17592599999999958,-0.05349094348808231,0.09676540181127337,0.9938688865213148,-2.505195602832746,8.150240055883323,11.103059513932463,11.158289150757632,10.838737377454594
05/17/2023 13:13:57.643796,1923,True,True,True,True,Eyes,0.2984158,0.1302209,-2.823128,0.9287278,-0.1912403,0.3176347,0.0,0.0,0.0,0.0,0.0,0.0,0.0,-2.601927,-0.3269217,0.5495507,0.2346645,0.1306159,-2.665854,0.07816047,0.5980659,-0.1429049,0.7847206,17.07369,73.4426,352.1361,0.1118151,0.04519384,-0.9927006,0.0,0.0,0.0,1.34401,-0.09605251,-2.49788,0.1608677,0.112806,1.130837,0.2437909,-0.1307906,-0.9609681,0.317771,0.9469383,-0.04826479,0.9162901,-0.2936013,0.2724164,moving,-3.0996732788979866,5.672528668931724,8.09631323315459,5.696661964687637,1.1093454999999999,-0.22666841,0.16797400000000007,-0.05380909507869053,0.0986994437833344,0.9936614023724042,-2.4921908776242137,8.194492166126992,11.14140450647174,11.196012522055666,10.879134846999653
05/17/2023 13:13:57.664409,1924,True,True,True,True,Eyes,0.2960247,0.1300854,-2.816068,0.9308351,-0.1927829,0.3104524,0.0,0.0,0.0,0.0,0.0,0.0,0.0,-2.597802,-0.3269607,0.531338,0.2322037,0.129123,-2.658422,0.08014662,0.6007448,-0.1450082,0.7820837,17.43289,73.85078,352.137,0.1111349,0.04525679,-0.9927741,0.0,0.0,0.0,1.346075,-0.09776929,-2.498052,0.162595,0.1102007,1.133086,0.2361566,-0.1305218,-0.9629093,0.3231125,0.9450983,-0.04886313,0.9164217,-0.2995886,0.2653644,moving,-3.10941558118122,5.943443559903994,8.166054682219347,5.554952747308472,1.1138713,-0.22689229,0.1603699999999999,-0.05395217578121275,0.10339590615213679,0.9931759017966716,-2.443928916362682,8.2995377789906,11.227641338210207,11.282160908810935,10.959219815220116
05/17/2023 13:13:57.684811,1925,True,True,True,True,Eyes,0.2936665,0.1299808,-2.809014,0.9328421,-0.1943717,0.3033566,0.0,0.0,0.0,0.0,0.0,0.0,0.0,-2.59361,-0.3278538,0.5147829,0.2303569,0.1290219,-2.651338,0.08306585,0.6031107,-0.1480062,0.779392,17.93934,74.2205,352.1151,0.1104651,0.04532044,-0.9928459,0.0,0.0,0.0,1.348234,-0.09956428,-2.498232,0.1646664,0.1072447,1.135391,0.2287036,-0.1305138,-0.9647076,0.3309054,0.9423885,-0.04904646,0.9155306,-0.3080099,0.2587153,moving,-3.111038049788933,6.3609485661096885,8.252102492904404,5.395931187424886,1.1178770999999998,-0.22858618,0.1531060000000002,-0.05393804287476345,0.11063029508456274,0.9923968930811922,-2.363380486647354,8.46054498665448,11.348844194183,11.404044086821338,11.048997086956874
05/17/2023 13:13:57.694702,1926,True,True,True,True,Eyes,0.2913592,0.1299046,-2.801964,0.934803,-0.1959785,0.2962024,0.0,0.0,0.0,0.0,0.0,0.0,0.0,-2.588993,-0.3377049,0.495545,0.2287881,0.1296674,-2.644491,0.08320618,0.6061071,-0.1500627,0.7766545,18.12873,74.65953,352.0021,0.1098062,0.04538576,-0.992916,0.0,0.0,0.0,1.350385,-0.1013534,-2.498412,0.1672454,0.1044981,1.137531,0.2202307,-0.13223,-0.966444,0.3339575,0.9411159,-0.0526632,0.9164994,-0.3111531,0.2514218,moving,-3.1426522379903927,6.448709033420688,8.363984495391461,5.24868563279767,1.1215969,-0.23102079999999997,0.14607899999999985,-0.0544762947407082,0.11214695272428421,0.9921972975890382,-2.3608632981592876,8.496439092635322,11.51457763709156,11.56904253065289,11.20581379154222
05/17/2023 13:13:57.714501,1927,True,True,True,True,Eyes,0.2890933,0.1298598,-2.794927,0.9367258,-0.197477,0.2890462,0.0,0.0,0.0,0.0,0.0,0.0,0.0,-2.584537,-0.3473788,0.4737451,0.2276639,0.1302839,-2.637448,0.08291446,0.6094424,-0.1514652,0.773798,18.2363,75.15042,351.9293,0.1091573,0.04545372,-0.9929845,0.0,0.0,0.0,1.352446,-0.1030667,-2.498584,0.169621,0.1023904,1.13949,0.2112765,-0.1333437,-0.9682879,0.3354701,0.940367,-0.05630052,0.9180533,-0.3129367,0.2434103,moving,-3.2098736812987374,6.456186891014512,8.466703803725343,5.134599434608605,1.1247821,-0.23335060000000002,0.13886399999999988,-0.055639565270160785,0.11226923472433713,0.9921189209767342,-2.390390603939529,8.503727504388122,11.69725927874456,11.751129952847117,11.367828417403391
05/17/2023 13:13:57.734286,1928,True,True,True,True,Eyes,0.2868778,0.129842,-2.787894,0.9386091,-0.1989682,0.2818237,0.0,0.0,0.0,0.0,0.0,0.0,0.0,-2.581213,-0.3513274,0.4488434,0.2263205,0.1310307,-2.63043,0.08301289,0.6132068,-0.1515291,0.7707953,18.28894,75.72176,352.0216,0.1085197,0.04552508,-0.9930511,0.0,0.0,0.0,1.354719,-0.1049574,-2.498773,0.1719595,0.1006711,1.141554,0.2020328,-0.1317877,-0.9704714,0.3354039,0.9402956,-0.05786545,0.9201559,-0.3138092,0.2341727,moving,-3.325687210625568,6.407672182661451,8.566418775534048,5.039749082669549,1.1283985,-0.2359881,0.13165700000000014,-0.05765041253843023,0.11141638782740398,0.9921001983435858,-2.453217572143629,8.492622470595423,11.917070407333764,11.970522060192064,11.54793141078114
05/17/2023 13:13:57.744201,1929,True,True,True,True,Eyes,0.2846969,0.1298338,-2.780876,0.9404328,-0.2004509,0.2746006,0.0,0.0,0.0,0.0,0.0,0.0,0.0,-2.578392,-0.3485771,0.4253557,0.225281,0.1316853,-2.623441,0.08418936,0.616592,-0.150968,0.7680724,18.39091,76.25581,352.2424,0.1078937,0.0456005,-0.9931158,0.0,0.0,0.0,1.356738,-0.1066359,-2.498942,0.1735168,0.09952282,1.143378,0.1940461,-0.1280877,-0.9725943,0.3357297,0.9402416,-0.05684425,0.9217547,-0.3154984,0.2254531,moving,-3.398664615350934,6.421606709980242,8.629251662049588,4.974646845004478,1.131457,-0.2383212,0.12449900000000014,-0.058912446567710997,0.1116494216545129,0.9919998157412275,-2.484140650614214,8.502776515245682,12.061231403042026,12.114638369633948,11.659982318391876
05/17/2023 13:13:57.764115,1930,True,True,True,True,Eyes,0.2825561,0.1298583,-2.773869,0.9421972,-0.2019918,0.2673269,0.0,0.0,0.0,0.0,0.0,0.0,0.0,-2.576032,-0.3426622,0.4008937,0.2238854,0.1319548,-2.616589,0.08638015,0.6200792,-0.1506679,0.765075,18.60406,76.82098,352.5175,0.1072786,0.04567998,-0.9931788,0.0,0.0,0.0,1.358961,-0.1084845,-2.499127,0.1742365,0.0990126,1.145374,0.1856022,-0.1234194,-0.9748434,0.3376695,0.9396754,-0.0546774,0.9227846,-0.3190266,0.2160807,moving,-3.508424963265681,6.54240463378474,8.649630600564823,4.940688327217668,1.1350756,-0.24043930000000002,0.11746199999999973,-0.0607982675217984,0.11372774345836324,0.9916498845121224,-2.511209191079705,8.55652550522974,12.208526640223015,12.263107690137634,11.731948830124097
05/17/2023 13:13:57.784090,1931,True,True,True,True,Eyes,0.2804592,0.129918,-2.766921,0.9438835,-0.203409,0.2602091,0.0,0.0,0.0,0.0,0.0,0.0,0.0,-2.573263,-0.3360187,0.3787167,0.2226835,0.1328102,-2.609749,0.08869114,0.6231997,-0.1502063,0.7623609,18.81093,77.33671,352.8098,0.1066747,0.04576427,-0.9932399,0.0,0.0,0.0,1.360997,-0.1101772,-2.499297,0.1739877,0.09948912,1.147347,0.1781206,-0.1184782,-0.97685,0.3395674,0.939144,-0.05198768,0.9235622,-0.3224463,0.2075122,moving,-3.576522703020666,6.671532894710216,8.622836119748914,4.955853699639771,1.1383135,-0.2429874,0.110452,-0.06196077859573418,0.11595404979256106,0.9913201192493649,-2.5174527232905146,8.610753800456243,12.263365712406637,12.319411949727291,11.724518337795248
05/17/2023 13:13:57.794098,1932,True,True,True,True,Eyes,0.2784171,0.1299959,-2.759986,0.945525,-0.2047105,0.2531326,0.0,0.0,0.0,0.0,0.0,0.0,0.0,-2.569537,-0.3332136,0.3608868,0.2214976,0.1338529,-2.603231,0.08981068,0.6257888,-0.1496812,0.7602092,18.89818,77.75592,353.0078,0.1060814,0.04585421,-0.9932993,0.0,0.0,0.0,1.363239,-0.1120417,-2.499484,0.1739745,0.1006735,1.149457,0.1719678,-0.1151729,-0.9783468,0.339983,0.9390592,-0.05078776,0.924575,-0.3238873,0.2006448,moving,-3.548584817678898,6.695438815870958,8.606601665661639,5.005394034513695,1.1417414000000001,-0.2458946,0.10374700000000026,-0.061474375168431794,0.11637116007183725,0.9913015090875206,-2.4999207834790576,8.618135419940414,12.215519348512407,12.272115131784634,11.679329656758611
05/17/2023 13:13:57.814243,1933,True,True,True,True,Eyes,0.2764314,0.1300778,-2.753099,0.9471099,-0.2057556,0.2462671,0.0,0.0,0.0,0.0,0.0,0.0,0.0,-2.564714,-0.3348126,0.3449538,0.2207514,0.1343567,-2.59655,0.08935756,0.6281442,-0.1489459,0.7584624,18.82434,78.11699,353.1018,0.1055,0.04594982,-0.9933568,0.0,0.0,0.0,1.365249,-0.1137133,-2.499652,0.1735507,0.1019338,1.15144,0.1664998,-0.1136809,-0.9794664,0.3381987,0.9396607,-0.05157037,0.9262287,-0.3226677,0.1949,moving,-3.4698072004725513,6.573508102503693,8.571382078599218,5.0590484298355785,1.1444976,-0.24807,0.09689799999999993,-0.06012610663523299,0.11427071788921356,0.9916284931796548,-2.487353232009701,8.565980868841232,12.080302783985552,12.136054851333316,11.601474121932034
05/17/2023 13:13:57.833926,1934,True,True,True,True,Eyes,0.27452,0.1301527,-2.746224,0.9486538,-0.2066572,0.2394761,0.0,0.0,0.0,0.0,0.0,0.0,0.0,-2.559089,-0.3400146,0.3324039,0.2200166,0.1345911,-2.59008,0.08789963,0.6300843,-0.1483994,0.7571295,18.66964,78.39767,353.092,0.1049307,0.04605067,-0.9934125,0.0,0.0,0.0,1.367412,-0.1155112,-2.499832,0.1737358,0.1028467,1.153331,0.1619426,-0.1139467,-0.9801995,0.3354835,0.9405026,-0.05390543,0.9280225,-0.3201111,0.1905346,moving,-3.320230980988115,6.382839326502663,8.566528363249464,5.095793438537944,1.1473954000000002,-0.2501023,0.09024799999999988,-0.057558719637785305,0.11098697701175014,0.9921536764861294,-2.4555381471383884,8.482694549216596,11.902260483801017,11.956234140629158,11.530700294992048
05/17/2023 13:13:57.843878,1935,True,True,True,True,Eyes,0.2726748,0.1301944,-2.739394,0.9501261,-0.2074518,0.2328607,0.0,0.0,0.0,0.0,0.0,0.0,0.0,-2.552553,-0.3509413,0.3194056,0.2198684,0.1344723,-2.583463,0.0856529,0.6320922,-0.1486842,0.7556561,18.50652,78.67333,352.9476,0.1043738,0.04615621,-0.9934663,0.0,0.0,0.0,1.369598,-0.1173295,-2.500015,0.1740552,0.1029713,1.15559,0.1567049,-0.1164272,-0.9807591,0.3329893,0.9411132,-0.05851595,0.9298182,-0.3174125,0.1862461,moving,-3.1907526842491367,6.18188960629753,8.565515495631319,5.0920134797027705,1.1497296000000001,-0.25180179999999996,0.08344800000000019,-0.05533769062627747,0.10752010467589872,0.9926616381806918,-2.4349883988316994,8.396763563651819,11.754792464780072,11.80667910500624,11.48618557439576
05/17/2023 13:13:57.864065,1936,True,True,True,True,Eyes,0.2709023,0.1302073,-2.732562,0.9515368,-0.2082251,0.2263186,0.0,0.0,0.0,0.0,0.0,0.0,0.0,-2.546106,-0.3596202,0.3058956,0.2194956,0.1338284,-2.576716,0.08400782,0.6341307,-0.1491245,0.7540444,18.41033,78.96317,352.8347,0.1038312,0.0462645,-0.9935181,0.0,0.0,0.0,1.371745,-0.1191147,-2.500194,0.1746451,0.1030897,1.15754,0.1512803,-0.1183491,-0.9813805,0.3314368,0.9414091,-0.06243761,0.9312701,-0.3158201,0.1816419,moving,-3.084647598613125,6.048455534889754,8.579850539560557,5.089294905978953,1.1522494,-0.2529431,0.07652199999999976,-0.05351255585728676,0.1052185300181941,0.9930083333168163,-2.41206512533392,8.338384383447675,11.653348414713353,11.703867135588556,11.462058821029952
05/17/2023 13:13:57.883786,1937,True,True,True,True,Eyes,0.2691968,0.1301946,-2.725735,0.9528855,-0.2090188,0.2198188,0.0,0.0,0.0,0.0,0.0,0.0,0.0,-2.53963,-0.3661013,0.2933099,0.2194621,0.1331535,-2.569803,0.0832579,0.6359146,-0.1499268,0.7524644,18.41989,79.22581,352.7496,0.1033033,0.04637444,-0.9935681,0.0,0.0,0.0,1.373771,-0.1207993,-2.500363,0.1749786,0.1032801,1.159607,0.1462691,-0.1197392,-0.9819714,0.3315189,0.9411802,-0.065384,0.9320412,-0.3159784,0.1773614,moving,-2.965531036498643,6.023804327646701,8.58089592227313,5.089604444535035,1.1543089000000002,-0.2539528,0.06943999999999972,-0.051450269216156586,0.10480264986828436,0.9931612225994835,-2.3619625491500726,8.321075728412906,11.534424372218878,11.58415749788725,11.410020078164887
05/17/2023 13:13:57.894151,1938,True,True,True,True,Eyes,0.2675748,0.1301453,-2.718967,0.9540912,-0.2099017,0.2136615,0.0,0.0,0.0,0.0,0.0,0.0,0.0,-2.533484,-0.3721885,0.2791338,0.2193617,0.1325382,-2.563063,0.08294359,0.6379331,-0.1509777,0.7505782,18.48997,79.53102,352.6811,0.1027903,0.04648507,-0.993616,0.0,0.0,0.0,1.375985,-0.1226402,-2.500547,0.175405,0.1037711,1.1616,0.1404942,-0.1208162,-0.9826825,0.3324661,0.9406523,-0.06811607,0.932592,-0.3171386,0.1723235,moving,-2.9141504727094616,6.046717344853461,8.586956331122147,5.10494543454436,1.1566233000000001,-0.2551784,0.06251600000000002,-0.0505574645848037,0.10520461925407243,0.9931645931188556,-2.333818858810024,8.326537965723043,11.48980258230306,11.53960103487937,11.386043614266738
05/17/2023 13:13:57.914359,1939,True,True,True,True,Eyes,0.2660358,0.1300683,-2.712308,0.9552069,-0.2108442,0.2076648,0.0,0.0,0.0,0.0,0.0,0.0,0.0,-2.527538,-0.3754491,0.2631779,0.2195898,0.1318732,-2.555986,0.08306678,0.6401156,-0.1516179,0.7485747,18.57038,79.87125,352.6877,0.1022945,0.04659465,-0.993662,0.0,0.0,0.0,1.378114,-0.1244103,-2.500725,0.1765335,0.1050477,1.163603,0.1345281,-0.1206499,-0.9835375,0.3333393,0.9402239,-0.06974252,0.9331599,-0.3184693,0.1667039,moving,-2.899762839319679,6.074304583181435,8.62671962677018,5.15856188816719,1.1585242,-0.2562835,0.05526099999999978,-0.050305500329158204,0.10568416038844541,0.9931265692347135,-2.321815613557667,8.336226570900834,11.5120772362085,11.562801681450258,11.400349851850752
05/17/2023 13:13:57.934246,1940,True,True,True,True,Eyes,0.2645647,0.1299886,-2.705619,0.9562795,-0.2117904,0.2016789,0.0,0.0,0.0,0.0,0.0,0.0,0.0,-2.521986,-0.377127,0.2467115,0.2197463,0.1312582,-2.549115,0.08338166,0.6423711,-0.1519732,0.7465329,18.64724,80.22825,352.7373,0.1018165,0.04670221,-0.9937061,0.0,0.0,0.0,1.380319,-0.126244,-2.500909,0.1777575,0.1064975,1.165452,0.1285272,-0.119782,-0.9844457,0.3340298,0.9399033,-0.07075205,0.9337586,-0.3197406,0.1608139,moving,-2.8975623720802943,6.097946957840385,8.672053969982743,5.221114401064293,1.1605727000000001,-0.2575022,0.04820599999999997,-0.05026514844521096,0.10609416116021901,0.9930848292956198,-2.316197759834242,8.345193779663125,11.550942748253455,11.6027952509365,11.423727414535609
05/17/2023 13:13:57.943969,1941,True,True,True,True,Eyes,0.2631689,0.1298499,-2.698996,0.9572896,-0.2127392,0.1958026,0.0,0.0,0.0,0.0,0.0,0.0,0.0,-2.516199,-0.3753404,0.230953,0.2199272,0.1311122,-2.541637,0.0841748,0.6444671,-0.1517669,0.7446769,18.72241,80.57117,352.8709,0.101357,0.04680789,-0.9937481,0.0,0.0,0.0,1.382346,-0.1279296,-2.501078,0.1788556,0.1078816,1.167336,0.1232579,-0.1175387,-0.9853894,0.3345303,0.9397628,-0.07025146,0.9342896,-0.3209835,0.1551535,moving,-2.8791238320901678,6.124875197323347,8.710938802882149,5.280101417266564,1.1624188000000002,-0.2590418,0.04055900000000001,-0.04994304109984865,0.10656260830705303,0.9930509084674644,-2.3024557096932554,8.35436286773213,11.567957943717131,11.62080869053668,11.434419187498973
05/17/2023 13:13:57.963890,1942,True,True,True,True,Eyes,0.2618445,0.1296871,-2.692342,0.9582489,-0.2137102,0.1899655,0.0,0.0,0.0,0.0,0.0,0.0,0.0,-2.511032,-0.3714131,0.2155545,0.2202944,0.1301268,-2.534606,0.08514572,0.6464344,-0.1513646,0.7429413,18.79669,80.89861,353.0331,0.1009149,0.04690998,-0.9937883,0.0,0.0,0.0,1.384458,-0.1296857,-2.501254,0.1799623,0.1098368,1.169178,0.1184228,-0.1148277,-0.9863016,0.3349922,0.9396779,-0.06917796,0.9347494,-0.322211,0.1497457,moving,-2.8447572838620165,6.152565179444026,8.750411416486106,5.366821133091589,1.1641636,-0.2598125,0.03335200000000027,-0.049344812704800345,0.10704569990659342,0.9930288025612027,-2.2812238717071978,8.362781397703591,11.567596072448831,11.621761092704972,11.431218440693264
05/17/2023 13:13:57.983734,1943,True,True,True,True,Eyes,0.2606049,0.129498,-2.685732,0.9591465,-0.2147368,0.1841906,0.0,0.0,0.0,0.0,0.0,0.0,0.0,-2.504964,-0.3694096,0.2018034,0.2207123,0.1293869,-2.527167,0.08604824,0.6481771,-0.1514314,0.7413035,18.898,81.18866,353.1425,0.1004922,0.04700775,-0.9938257,0.0,0.0,0.0,1.38666,-0.1315169,-2.501438,0.1799387,0.1136787,1.171137,0.11387,-0.1129642,-0.9870526,0.3360622,0.9393285,-0.06873299,0.934931,-0.3238844,0.1449243,moving,-2.786488944672186,6.205270992429498,8.734872338675356,5.54415792522336,1.1659477,-0.2609038,0.025729000000000113,-0.04833007709236592,0.1079645047328352,0.9929793292062475,-2.244104270608165,8.379273868307171,11.483756087823343,11.5403135273289,11.339127382560031
05/17/2023 13:13:57.994739,1944,True,True,True,True,Eyes,0.2594371,0.1292887,-2.679089,0.9599952,-0.2158261,0.1784054,0.0,0.0,0.0,0.0,0.0,0.0,0.0,-2.498595,-0.3731502,0.1863434,0.2214596,0.1287653,-2.520182,0.08635993,0.6502384,-0.1523506,0.7392708,19.01497,81.51715,353.1387,0.1000898,0.04710062,-0.9938612,0.0,0.0,0.0,1.388802,-0.1332978,-2.501616,0.1792374,0.1152944,1.173356,0.1079587,-0.1129477,-0.9877185,0.3375658,0.9386625,-0.07044172,0.9350905,-0.3258152,0.139464,moving,-2.7791243371429903,6.259585850931392,8.685146278793798,5.611889899615501,1.1673424000000001,-0.2620631,0.018566000000000304,-0.04819746295006355,0.10890647777684238,0.9928829537648587,-2.230133663659055,8.39972331927859,11.424995585584014,11.482552451471,11.265671369159673
05/17/2023 13:13:58.014416,1945,True,True,True,True,Eyes,0.2583447,0.1290654,-2.672482,0.9607975,-0.2169205,0.1726659,0.0,0.0,0.0,0.0,0.0,0.0,0.0,-2.491158,-0.3800094,0.1705513,0.2220706,0.1281013,-2.512695,0.08642633,0.6524093,-0.1539,0.7370262,19.16008,81.85777,353.0631,0.09970843,0.0471884,-0.9938948,0.0,0.0,0.0,1.390895,-0.1350379,-2.501791,0.173744,0.1167349,1.177234,0.1013539,-0.114086,-0.9882873,0.3396274,0.9376906,-0.0734147,0.9350833,-0.3282085,0.1337854,moving,-2.797875653657906,6.336211683229667,8.395484855425332,5.662955398252208,1.1688244,-0.2631392,0.010904000000000025,-0.048515260268450766,0.11023251903103863,0.9927209646312836,-2.2238559089159624,8.430483090077082,11.156123616005939,11.213589680007281,10.974042454547835
05/17/2023 13:13:58.041021,1946,True,True,True,True,Eyes,0.2573287,0.1288245,-2.665822,0.961561,-0.2180338,0.1669183,0.0,0.0,0.0,0.0,0.0,0.0,0.0,-2.483322,-0.3890727,0.1552429,0.22277,0.1277896,-2.505276,0.08610518,0.6545599,-0.1556024,0.734796,19.28344,82.1894,352.9438,0.09934848,0.04727103,-0.9939265,0.0,0.0,0.0,1.393149,-0.1369124,-2.501979,0.1666321,0.1194092,1.180289,0.09467825,-0.1159499,-0.9887324,0.341394,0.9367477,-0.07716266,0.9351397,-0.3302417,0.1282742,moving,-2.8098275515331554,6.38915413292638,8.035856575910014,5.776927095237595,1.170379,-0.264702,0.0032969999999998834,-0.048717342761294746,0.11114868033426051,0.9926089889339917,-2.219055808274417,8.451669881615167,10.805248608747105,10.86295015812693,10.597994007385457
05/17/2023 13:13:58.053793,1947,True,True,True,True,Eyes,0.2563866,0.1285589,-2.659156,0.9622988,-0.2190783,0.1612009,0.0,0.0,0.0,0.0,0.0,0.0,0.0,-2.475078,-0.3964441,0.1394136,0.2236465,0.1271518,-2.497285,0.08571801,0.6567318,-0.1568538,0.7326341,19.36723,82.52625,352.8609,0.09901076,0.04734846,-0.9939563,0.0,0.0,0.0,1.39512,-0.1385514,-2.502144,0.1666993,0.1096367,1.184691,0.08820037,-0.1172453,-0.9891786,0.3424203,0.9360986,-0.08042189,0.9353977,-0.3316216,0.1227115,moving,-2.820200757192455,6.407625914855092,8.00957228933782,5.287352170920908,1.1714734999999998,-0.26570320000000003,-0.004858999999999725,-0.04889529226236583,0.11146771465669243,0.9925644619655352,-2.220240165944644,8.459468650911353,10.836315144719812,10.887561595724817,10.71034013618985
05/17/2023 13:13:58.073992,1948,True,True,True,True,Eyes,0.2555294,0.1282742,-2.652444,0.9630092,-0.2200393,0.1555505,0.0,0.0,0.0,0.0,0.0,0.0,0.0,-2.467655,-0.3976893,0.1264939,0.2244805,0.126423,-2.489398,0.08548687,0.6584055,-0.1567415,0.7311816,19.35449,82.79153,352.8984,0.09869574,0.04742031,-0.993984,0.0,0.0,0.0,1.397261,-0.1403314,-2.502322,0.1652757,0.1030425,1.187964,0.08386873,-0.1166429,-0.9896265,0.341783,0.9362482,-0.08138607,0.9360291,-0.3314117,0.1183885,moving,-2.7396075439521526,6.34955598869251,7.9204442895671825,4.957356139209743,1.1727805,-0.2667544,-0.012923999999999936,-0.04750441489187274,0.11046910274542404,0.9927436118070878,-2.194400855734857,8.431806176690323,10.704488634376363,10.750577915359656,10.69494718904161
05/17/2023 13:13:58.084719,1949,True,True,True,True,Eyes,0.254762,0.1279622,-2.645741,0.9637073,-0.2208728,0.1499443,0.0,0.0,0.0,0.0,0.0,0.0,0.0,-2.460711,-0.3960376,0.1140893,0.2256918,0.1256554,-2.481579,0.08541804,0.6599144,-0.1560049,0.7299858,19.30566,83.03565,352.9995,0.09840441,0.0474865,-0.9940096,0.0,0.0,0.0,1.399363,-0.1420792,-2.502497,0.1642278,0.0990917,1.191368,0.08035088,-0.1150256,-0.9901075,0.3404999,0.9367325,-0.08119189,0.936805,-0.3306077,0.1144335,moving,-2.6304539758957257,6.268217859005581,7.848649451367293,4.754616381493822,1.1736711999999998,-0.2677346,-0.020917999999999992,-0.045620156816428004,0.10906925787199573,0.9929866792837239,-2.1599284089253334,8.39330424012248,10.545385035554444,10.587851437945345,10.6494920122075
05/17/2023 13:13:58.094815,1950,True,True,True,True,Eyes,0.2540834,0.1276216,-2.638994,0.9643768,-0.2216727,0.1443557,0.0,0.0,0.0,0.0,0.0,0.0,0.0,-2.453842,-0.394527,0.1005628,0.2270846,0.1248102,-2.473855,0.08518194,0.6615795,-0.1551089,0.7286959,19.23098,83.30289,353.1054,0.09813768,0.04754655,-0.994033,0.0,0.0,0.0,1.40152,-0.1438725,-2.502677,0.1635614,0.1029933,1.19422,0.07650725,-0.1133451,-0.9906057,0.3387637,0.9373705,-0.08109024,0.9377558,-0.3293772,0.1101129,moving,-2.5417608797789626,6.159980302372524,7.798757129501087,4.929172045450544,1.1744354000000001,-0.2686827,-0.028821999999999903,-0.04409198954765897,0.10720058083267173,0.9932592301876119,-2.1401243411735247,8.345776862498246,10.370317893537315,10.41351053514387,10.509736122471995
05/17/2023 13:13:58.114112,1951,True,True,True,True,Eyes,0.2534969,0.1272499,-2.632204,0.9650315,-0.2224527,0.1386683,0.0,0.0,0.0,0.0,0.0,0.0,0.0,-2.44635,-0.3959589,0.08550739,0.2285935,0.1237774,-2.465998,0.08504236,0.6634825,-0.1550903,0.7269841,19.23529,83.60785,353.1478,0.09789654,0.04760006,-0.9940543,0.0,0.0,0.0,1.403663,-0.1456552,-2.502856,0.1627166,0.1112193,1.197153,0.07147579,-0.1126481,-0.991061,0.3383445,0.9374296,-0.08215048,0.938304,-0.3294483,0.1051174,moving,-2.501286671480645,6.124442111886584,7.740189598623168,5.307723800126234,1.1750695000000002,-0.2694326,-0.03685800000000006,-0.04339320601887342,0.10658774335966573,0.9933559179827378,-2.1283891301312394,8.329427726180024,10.22693883370546,10.273989730959643,10.320830428911854
05/17/2023 13:13:58.134010,1952,True,True,True,True,Eyes,0.2529998,0.1268444,-2.625368,0.9656485,-0.2232547,0.1329676,0.0,0.0,0.0,0.0,0.0,0.0,0.0,-2.438597,-0.3993141,0.06907797,0.2302982,0.1226747,-2.458229,0.08491593,0.6655896,-0.1555565,0.7249703,19.28071,83.94544,353.1544,0.09768204,0.04764657,-0.9940732,0.0,0.0,0.0,1.405734,-0.1473769,-2.503029,0.1618121,0.1211897,1.199597,0.0655852,-0.1125094,-0.9914839,0.3385861,0.9371829,-0.08395054,0.9386471,-0.3301966,0.09955945,moving,-2.5007845138752134,6.122947470826317,7.682185743256763,5.768753454224321,1.1754358,-0.2700516,-0.04479999999999995,-0.04338462468312493,0.106561879175519,0.9933591543453891,-2.128448713377943,8.328818793713637,10.136439411654662,10.189128356195692,10.139155930557665
05/17/2023 13:13:58.154479,1953,True,True,True,True,Eyes,0.2525972,0.126405,-2.618478,0.9662418,-0.2240653,0.127167,0.0,0.0,0.0,0.0,0.0,0.0,0.0,-2.430601,-0.4019759,0.05212927,0.2320203,0.1214641,-2.450212,0.08509378,0.6677501,-0.1561236,0.7228378,19.36113,84.29787,353.1784,0.09749506,0.04768557,-0.9940898,0.0,0.0,0.0,1.407951,-0.14922,-2.503214,0.1600288,0.1238846,1.202998,0.05947056,-0.1120613,-0.9919201,0.3393468,0.9367689,-0.08548516,0.9387796,-0.3315211,0.09373785,moving,-2.5114810515831487,6.15534755214488,7.5772846303199675,5.879587380519429,1.1759306999999999,-0.2706841,-0.05300199999999977,-0.043567429755703546,0.10712273391964997,0.9932907527820802,-2.1270699920910907,8.342006538759055,10.038674444511255,10.092533708469887,10.011893264931285
05/17/2023 13:13:58.164118,1954,True,True,True,True,Eyes,0.252294,0.125926,-2.611542,0.9668007,-0.2248766,0.1213549,0.0,0.0,0.0,0.0,0.0,0.0,0.0,-2.42274,-0.4026312,0.03545976,0.2339459,0.1201807,-2.442102,0.08553279,0.6698084,-0.156401,0.7208187,19.44031,84.64037,353.2466,0.09733663,0.0477166,-0.9941041,0.0,0.0,0.0,1.410046,-0.1509621,-2.503389,0.1575039,0.1246316,1.206133,0.05379083,-0.1108924,-0.9923757,0.3400548,0.9364457,-0.08621018,0.9388661,-0.3328247,0.0880817,moving,-2.507031447969171,6.189683381623635,7.439918394188183,5.899524305932417,1.1761001,-0.2711428,-0.06128699999999965,-0.04348747919788498,0.10771835199444407,0.9932299261997066,-2.118333255902187,8.354947425214773,9.897622707593237,9.95118100788043,9.868600574608417
05/17/2023 13:13:58.184684,1955,True,True,True,True,Eyes,0.2520847,0.1254116,-2.604549,0.9673457,-0.2256379,0.1154545,0.0,0.0,0.0,0.0,0.0,0.0,0.0,-2.414886,-0.4027537,0.01773667,0.2360962,0.1187399,-2.434,0.08590935,0.6719914,-0.1564536,0.7187277,19.49726,85.00388,353.3334,0.09720787,0.04773897,-0.9941158,0.0,0.0,0.0,1.412257,-0.1528013,-2.503573,0.1538929,0.1235413,1.210022,0.04789978,-0.1094344,-0.9928392,0.3403557,0.9362837,-0.08678007,0.9390759,-0.3337618,0.08209443,moving,-2.513566187090936,6.2037356602079345,7.248073627613321,5.829606836277269,1.1761608000000001,-0.2715412,-0.06957299999999966,-0.043599599170339565,0.10796140884613406,0.9931985279627095,-2.118608968061312,8.360791355231779,9.717025615538388,9.768806695237402,9.70266138320353
05/17/2023 13:13:58.204161,1956,True,True,True,True,Eyes,0.2519765,0.1248673,-2.597522,0.9678723,-0.2263359,0.1095223,0.0,0.0,0.0,0.0,0.0,0.0,0.0,-2.406769,-0.4044398,0.0004611015,0.2382093,0.1173111,-2.426026,0.08571433,0.6741673,-0.1564375,0.7167139,19.49931,85.35708,353.3801,0.09710965,0.04775228,-0.994125,0.0,0.0,0.0,1.414401,-0.1545837,-2.503752,0.1510025,0.1232572,1.213379,0.04205151,-0.1086703,-0.993188,0.3398135,0.9363607,-0.08806483,0.9395522,-0.3337954,0.07630304,moving,-2.5064769994772917,6.166641179758166,7.0938693639562365,5.800311075226591,1.1761917,-0.2718948,-0.07772600000000018,-0.043479751813203016,0.10731892756793676,0.9932733872913947,-2.122564461770793,8.34603092293451,9.556905252117057,9.607333034894621,9.561555417766474
05/17/2023 13:13:58.214392,1957,True,True,True,True,Eyes,0.2519724,0.1242805,-2.590389,0.9684082,-0.226914,0.1034188,0.0,0.0,0.0,0.0,0.0,0.0,0.0,-2.398081,-0.409164,-0.01860738,0.2405966,0.1160447,-2.418098,0.08480529,0.6766559,-0.1564846,0.7144631,19.44811,85.7494,353.372,0.09704297,0.0477563,-0.9941316,0.0,0.0,0.0,1.416379,-0.1562285,-2.503917,0.147059,0.1257094,1.216699,0.03529872,-0.108837,-0.9934328,0.338373,0.9366413,-0.090592,0.9403498,-0.332953,0.06988975,moving,-2.5279522391386315,6.077815802706342,6.891749878093207,5.898871936754077,1.1757824000000001,-0.2722732,-0.08581899999999987,-0.04385932788873731,0.10577717494343028,0.9934220664122653,-2.1497587356108085,8.313206568926503,9.371068501834152,9.421401641186089,9.358305921895857
05/17/2023 13:13:58.233922,1958,True,True,True,True,Eyes,0.2520703,0.1236393,-2.583205,0.9689305,-0.227378,0.09732917,0.0,0.0,0.0,0.0,0.0,0.0,0.0,-2.388834,-0.4137634,-0.03894329,0.2431369,0.1142291,-2.409788,0.08354503,0.6793102,-0.1563009,0.7121294,19.35033,86.16434,353.3595,0.09700916,0.04775044,-0.9941354,0.0,0.0,0.0,1.418582,-0.1580602,-2.504101,0.1442733,0.1274265,1.2202,0.02821552,-0.1091069,-0.9936296,0.3361188,0.9371805,-0.09336387,0.9413969,-0.3313433,0.06311589,moving,-2.56783257539269,5.946362514095695,6.743197950191652,5.961835680278244,1.1754451000000001,-0.2722893,-0.09431300000000009,-0.04456154607336249,0.10349448765689448,0.9936313177850868,-2.193736672961614,8.265160490713173,9.261106282840698,9.311043382308728,9.228981831214142
05/17/2023 13:13:58.254298,1959,True,True,True,True,Eyes,0.2522709,0.1229638,-2.57592,0.9694443,-0.2277102,0.09124611,0.0,0.0,0.0,0.0,0.0,0.0,0.0,-2.37992,-0.4149447,-0.05644226,0.2457282,0.1122617,-2.401332,0.08248568,0.6814837,-0.1555528,0.7103376,19.22015,86.50569,353.3979,0.09700916,0.04773365,-0.9941363,0.0,0.0,0.0,1.420666,-0.1597932,-2.504274,0.1432244,0.12692,1.223684,0.02276647,-0.1085648,-0.9938287,0.3334154,0.9379988,-0.09482813,0.9425052,-0.3291988,0.05755204,moving,-2.528492137407546,5.801384118807705,6.675731697265025,5.9215211172673134,1.1749378,-0.2720549,-0.10294200000000009,-0.04389067615865844,0.10098292579006307,0.9939195620480947,-2.203834145547876,8.206708883527584,9.156773852404598,9.205007837973499,9.168902479790871
05/17/2023 13:13:58.264121,1960,True,True,True,True,Eyes,0.2525797,0.1222438,-2.568595,0.9699413,-0.2279098,0.08527046,0.0,0.0,0.0,0.0,0.0,0.0,0.0,-2.3711,-0.4155175,-0.06954432,0.2483817,0.11056,-2.392841,0.08128,0.6830031,-0.1546555,0.7092124,19.0595,86.73688,353.4182,0.09704406,0.04770579,-0.9941344,0.0,0.0,0.0,1.422834,-0.1615955,-2.504455,0.1435873,0.1236986,1.226846,0.01917716,-0.1083382,-0.9939292,0.3303961,0.9389505,-0.09597075,0.9436476,-0.3265499,0.05380093,moving,-2.387777072387861,5.645310958706053,6.675400361582065,5.757475935997569,1.1744523,-0.2721555,-0.11161399999999988,-0.04146079228608879,0.09828533775136436,0.9942942465972795,-2.1693668704752027,8.13733612435873,9.018932077633176,9.06387147866476,9.159347242321388
05/17/2023 13:13:58.284019,1961,True,True,True,True,Eyes,0.2530512,0.1216132,-2.561188,0.9704054,-0.2280621,0.07937975,0.0,0.0,0.0,0.0,0.0,0.0,0.0,-2.362487,-0.4158851,-0.08157873,0.2513057,0.1087492,-2.384529,0.0800142,0.6843246,-0.1537261,0.708284,18.88941,86.93463,353.4302,0.09711487,0.04766623,-0.9941295,0.0,0.0,0.0,1.424999,-0.1633961,-2.504636,0.1453398,0.1193879,1.22992,0.01613647,-0.1082521,-0.9939926,0.3272748,0.939932,-0.09705155,0.9447915,-0.3237426,0.05059538,moving,-2.2197774067747265,5.4854763208617685,6.739395349184451,5.544310834833731,1.1736932999999998,-0.2721453,-0.12010699999999996,-0.03855562154431447,0.0955223575570181,0.994680375683422,-2.12305613890051,8.064725163402638,8.91797028216553,8.959365935776676,9.213877292775003
05/17/2023 13:13:58.304543,1962,True,True,True,True,Eyes,0.2536618,0.1212522,-2.553794,0.9708537,-0.2280848,0.07362285,0.0,0.0,0.0,0.0,0.0,0.0,0.0,-2.353324,-0.4220452,-0.08892441,0.2556489,0.1100955,-2.376275,0.07841222,0.6849301,-0.1533941,0.7079498,18.73262,87.00719,353.3435,0.09722477,0.04761964,-0.9941211,0.0,0.0,0.0,1.427164,-0.1651964,-2.504817,0.1469453,0.1153922,1.232332,0.01468231,-0.1097768,-0.9938478,0.3246044,0.9406435,-0.09910462,0.945736,-0.3211522,0.04944487,moving,-1.949890690225191,5.356590430368837,6.799936077879885,5.349422101926368,1.1715151000000001,-0.2752919,-0.12854199999999993,-0.03387702329148384,0.09330042017650138,0.9950614482154603,-2.023757795671476,7.997362467490998,8.711980456218118,8.749829704444585,9.212446024467898
05/17/2023 13:13:58.314305,1963,True,True,True,True,Eyes,0.2544037,0.1207987,-2.546253,0.9712275,-0.2283222,0.06772115,0.0,0.0,0.0,0.0,0.0,0.0,0.0,-2.340899,-0.4528671,-0.09529042,0.2596204,0.1162405,-2.36919,0.07331164,0.6860182,-0.1556165,0.7069569,18.49174,87.0983,352.7647,0.09737539,0.04757709,-0.9941084,0.0,0.0,0.0,1.429245,-0.1669268,-2.50499,0.1482146,0.1133434,1.234616,0.01032504,-0.1194421,-0.9927877,0.3206146,0.9408178,-0.1098552,0.9471536,-0.3171679,0.04800886,moving,-1.7221674864054723,5.1164626683321215,6.845549445076266,5.245311822468851,1.1696246000000001,-0.2831673,-0.1357999999999997,-0.029933328693250272,0.08914052314329197,0.9955691843832324,-1.9655541892321295,7.889892571753034,8.533432118001965,8.568685752349692,9.199421427133725
05/17/2023 13:13:58.334014,1964,True,True,True,True,Eyes,0.2552307,0.1204404,-2.538731,0.9715201,-0.2286413,0.06222473,0.0,0.0,0.0,0.0,0.0,0.0,0.0,-2.330541,-0.4505805,-0.1143539,0.2635274,0.1134322,-2.359069,0.07465671,0.6881121,-0.1561853,0.7046521,18.6726,87.46773,352.8834,0.09756858,0.0475348,-0.9940915,0.0,0.0,0.0,1.431341,-0.1686699,-2.505165,0.1499275,0.1134644,1.236355,0.004215926,-0.1173681,-0.9930796,0.3228568,0.9400651,-0.1097319,0.9464384,-0.3201599,0.04185633,moving,-1.7761107190499268,5.275223168295421,6.914254564878535,5.243535734102046,1.1678136,-0.2821021,-0.146096,-0.030862868194359572,0.09189619574067949,0.9952902282090792,-1.9595037266995976,7.954612870155698,8.654249123724997,8.690423054235897,9.278659679877505
05/17/2023 13:13:58.354076,1965,True,True,True,True,Eyes,0.2561803,0.1201213,-2.531126,0.9717385,-0.2291755,0.05659413,0.0,0.0,0.0,0.0,0.0,0.0,0.0,-2.326209,-0.4398406,-0.1069551,0.2663693,0.1153568,-2.351996,0.07760262,0.6863783,-0.1555816,0.7061566,18.85504,87.23049,353.1299,0.09780364,0.04749639,-0.9940701,0.0,0.0,0.0,1.433494,-0.1704601,-2.505345,0.150467,0.1147102,1.238329,0.009358488,-0.1132004,-0.9935282,0.3262595,0.9395444,-0.1039764,0.9452341,-0.3231749,0.04572538,moving,-1.2198655177262625,5.500552228584881,6.927939131694072,5.292379890059677,1.1671247,-0.2858169,-0.15334899999999996,-0.02119107529728609,0.09583382230266245,0.9951717613374904,-1.6592459308090401,8.00498831870383,8.115599711933953,8.150463565199384,9.005442342540864
05/17/2023 13:13:58.364112,1966,True,True,True,True,Eyes,0.2572433,0.1198274,-2.523551,0.9719146,-0.229728,0.05105715,0.0,0.0,0.0,0.0,0.0,0.0,0.0,-2.3177,-0.4440097,-0.1165123,0.270206,0.1157366,-2.344365,0.07781059,0.687286,-0.1564215,0.7050647,18.94955,87.38407,353.1005,0.09808181,0.04746314,-0.994044,0.0,0.0,0.0,1.435641,-0.1722453,-2.505524,0.1506536,0.1158989,1.240035,0.006340754,-0.1136183,-0.9935043,0.3275308,0.9389556,-0.1052896,0.9448195,-0.3247356,0.04316716,moving,-1.062853880624151,5.581884512841169,6.926996929854136,5.339593097096685,1.165435,-0.2879819,-0.16115900000000005,-0.018461307082965617,0.09725164119800139,0.9950884757991953,-1.571039913562113,8.02604016159879,7.958716912991439,7.993523697584439,8.912554517220748
05/17/2023 13:13:58.384204,1967,True,True,True,True,Eyes,0.2584052,0.1195538,-2.515926,0.9720418,-0.2304278,0.04514163,0.0,0.0,0.0,0.0,0.0,0.0,0.0,-2.310016,-0.4470193,-0.1275105,0.2740043,0.1160565,-2.337459,0.07801121,0.6884138,-0.1568665,0.7038421,19.01364,87.5751,353.1105,0.09840348,0.04743545,-0.9940132,0.0,0.0,0.0,1.437745,-0.1739951,-2.505699,0.1503693,0.1168677,1.241901,0.002958775,-0.1134105,-0.9935438,0.3282265,0.9386142,-0.106163,0.9445944,-0.3257933,0.04000148,moving,-0.912059518159253,5.6232600867976075,6.9037633012930995,5.37592343620391,1.1637407,-0.2900516,-0.16823999999999995,-0.01584118751520358,0.09797462388594191,0.995062826444468,-1.4934798725808092,8.03210078124055,7.785272067357071,7.819735402416058,8.807324849774638
05/17/2023 13:13:58.404155,1968,True,True,True,True,Eyes,0.2596716,0.1193329,-2.508326,0.9721267,-0.2311601,0.03917508,0.0,0.0,0.0,0.0,0.0,0.0,0.0,-2.300302,-0.4572862,-0.1436388,0.2774824,0.1160491,-2.330379,0.0771108,0.6904926,-0.1582862,0.7015836,19.07407,87.90509,352.9734,0.09876876,0.04741365,-0.9939776,0.0,0.0,0.0,1.439956,-0.175833,-2.505883,0.1512252,0.1171691,1.243931,-0.003668929,-0.1156131,-0.9932876,0.3285908,0.9379988,-0.1103915,0.9444653,-0.3267902,0.03454797,moving,-0.9070461337929943,5.640802233088462,6.931457367070948,5.380962401578164,1.1624736,-0.2918821,-0.17550399999999966,-0.015753643653600435,0.09827941188741514,0.9950341599606545,-1.487753334180063,8.038532649264292,7.808167626004075,7.842809054866475,8.828691208409435
05/17/2023 13:13:58.413987,1969,True,True,True,True,Eyes,0.2610451,0.1191658,-2.500666,0.9721547,-0.2320354,0.03278208,0.0,0.0,0.0,0.0,0.0,0.0,0.0,-2.289775,-0.4702994,-0.1626823,0.2812803,0.1171095,-2.323334,0.07603508,0.693059,-0.1598933,0.6988003,19.14123,88.3152,352.8202,0.09917773,0.04739917,-0.9939371,0.0,0.0,0.0,1.442003,-0.177535,-2.506054,0.1518455,0.1181846,1.245399,-0.01179344,-0.1180734,-0.9929348,0.3288607,0.9373056,-0.1153644,0.9443048,-0.3278977,0.02777559,moving,-0.9568509097758855,5.649751053387086,6.951487497569745,5.420962443088213,1.1607227,-0.2946445,-0.18271999999999977,-0.01661832287201931,0.09843343620777956,0.9950047951319767,-1.508966607658568,8.04524624127265,7.87621196310059,7.911647147926941,8.858112051678278
05/17/2023 13:13:58.434256,1970,True,True,True,True,Eyes,0.262503,0.1190016,-2.493025,0.9721406,-0.2329148,0.02633154,0.0,0.0,0.0,0.0,0.0,0.0,0.0,-2.278295,-0.4842983,-0.1855452,0.2851178,0.1179833,-2.316115,0.07472253,0.696225,-0.1614819,0.6954216,19.19491,88.82446,352.6665,0.09962962,0.04739361,-0.9938924,0.0,0.0,0.0,1.444215,-0.1793745,-2.506239,0.153542,0.1197061,1.246927,-0.02161114,-0.1205487,-0.9924723,0.3286434,0.9366803,-0.1209282,0.9442069,-0.3287828,0.01937476,moving,-1.0976918835232914,5.632902120980906,7.019854036964537,5.483640891679966,1.1590972000000002,-0.2973578,-0.19012399999999996,-0.019064693139539957,0.09813655398109497,0.9949903288345985,-1.5771631714077428,8.047985390302985,8.081811350897858,8.118918073598293,8.971319166581202
05/17/2023 13:13:58.453879,1971,True,True,True,True,Eyes,0.2640448,0.1188572,-2.485366,0.9720677,-0.2338769,0.01965067,0.0,0.0,0.0,0.0,0.0,0.0,0.0,-2.269117,-0.4861489,-0.2067695,0.2886089,0.1178952,-2.308851,0.07519124,0.6989647,-0.1615161,0.6926091,19.2654,89.29656,352.7811,0.1001263,0.04739609,-0.9938426,0.0,0.0,0.0,1.446267,-0.1810813,-2.50641,0.1536227,0.1216419,1.24818,-0.02927821,-0.118623,-0.9925077,0.3288471,0.9365177,-0.1216318,0.9439294,-0.3299444,0.0115893,moving,-1.1642594028045825,5.639077724443451,7.016526440975213,5.566206594887126,1.1576581,-0.2989765,-0.1975589999999996,-0.02022047320602044,0.0982415750165691,0.9949572312265172,-1.6066426475431614,8.054729064246317,8.14272079519563,8.181110390607788,8.975064858243886
05/17/2023 13:13:58.464128,1972,True,True,True,True,Eyes,0.265659,0.1187167,-2.477741,0.9719346,-0.2348957,0.01292899,0.0,0.0,0.0,0.0,0.0,0.0,0.0,-2.260597,-0.4850849,-0.2276592,0.292087,0.1181032,-2.301775,0.07635637,0.7016203,-0.1612179,0.6898607,19.36457,89.76936,352.9808,0.1006649,0.04740667,-0.9937879,0.0,0.0,0.0,1.448399,-0.1828537,-2.506588,0.1537333,0.1244668,1.249594,-0.03652414,-0.1152894,-0.9926605,0.3295821,0.936357,-0.1208769,0.9434204,-0.3315779,0.003797657,moving,-1.223744775680065,5.672690498153468,7.013661397550258,5.688229437183071,1.156312,-0.3009569,-0.2048129999999997,-0.021252210862383214,0.09882313061478545,0.9948780567119895,-1.6275153099311992,8.071582403341107,8.197235582651295,8.237420829446508,8.963833234237146
05/17/2023 13:13:58.483955,1973,True,True,True,True,Eyes,0.2673375,0.118619,-2.470108,0.9717116,-0.2360942,0.006001162,0.0,0.0,0.0,0.0,0.0,0.0,0.0,-2.252158,-0.4836851,-0.2481227,0.2954443,0.1180798,-2.294885,0.07802719,0.7042081,-0.161281,0.6870162,19.53379,90.24284,353.1926,0.1012455,0.04742464,-0.9937283,0.0,0.0,0.0,1.450577,-0.1846646,-2.506769,0.1539524,0.1265904,1.251165,-0.0438412,-0.1117107,-0.9927734,0.3315002,0.9358003,-0.1199389,0.9424362,-0.3343627,-0.003994427,moving,-1.2776471804621004,5.767407781329879,7.014826399990765,5.777412733002074,1.1551327,-0.3027444,-0.21188399999999996,-0.02218448855333971,0.10046561603790273,0.9946931322047526,-1.6339164745998445,8.11161862539187,8.250734658036016,8.29247961598741,8.958195714475604
05/17/2023 13:13:58.504463,1974,True,True,True,True,Eyes,0.2690707,0.1185477,-2.462512,0.9714069,-0.2374187,-0.0009626627,0.0,0.0,0.0,0.0,0.0,0.0,0.0,-2.244179,-0.4805008,-0.2681799,0.2985635,0.1189124,-2.288201,0.08116701,0.7067399,-0.1617399,0.6839378,19.85509,90.73946,353.4977,0.1018688,0.04745112,-0.9936635,0.0,0.0,0.0,1.452752,-0.1864731,-2.506951,0.1547401,0.1280641,1.252521,-0.05128212,-0.1065121,-0.9929881,0.335968,0.9345042,-0.1175897,0.9404764,-0.3396424,-0.01213866,moving,-1.358147098066647,6.006143073389385,7.04280142787377,5.837924186741721,1.1541885,-0.3053855,-0.21875,-0.023571883133383875,0.10460601514823084,0.9942343180141836,-1.6245337638298776,8.208901001721976,8.359018897056472,8.402632547560643,8.985779341966863
05/17/2023 13:13:58.514320,1975,True,True,True,True,Eyes,0.2708497,0.1185329,-2.454945,0.9710309,-0.238822,-0.007938098,0.0,0.0,0.0,0.0,0.0,0.0,0.0,-2.235945,-0.4773057,-0.2879083,0.3016149,0.1195302,-2.281425,0.0841598,0.7092263,-0.1621185,0.6809059,20.15538,91.2311,353.7992,0.102531,0.0474862,-0.9935939,0.0,0.0,0.0,1.454941,-0.1882932,-2.507133,0.1574581,0.1273413,1.253948,-0.05856866,-0.1013983,-0.9931204,0.3401516,0.9332694,-0.1153476,0.938545,-0.3445673,-0.02016961,moving,-1.4279006986007,6.220859525577788,7.157163480568793,5.798639020830703,1.1533261000000001,-0.30782339999999997,-0.22570800000000002,-0.024772345370686233,0.10832803077550832,0.9938064894594945,-1.6148748414603058,8.296222388296396,8.550799333816647,8.595440484064097,9.120667683924701
05/17/2023 13:13:58.534190,1976,True,True,True,True,Eyes,0.2726863,0.1185661,-2.447441,0.9706122,-0.2401859,-0.01492696,0.0,0.0,0.0,0.0,0.0,0.0,0.0,-2.228449,-0.472191,-0.3064294,0.3044454,0.1208615,-2.274985,0.08725838,0.7115568,-0.1618788,0.6781359,20.40892,91.70306,354.1594,0.1032315,0.04753136,-0.9935194,0.0,0.0,0.0,1.456963,-0.1899749,-2.507302,0.1607081,0.1256751,1.254867,-0.06503542,-0.09537314,-0.9933149,0.3437303,0.9323624,-0.1120259,0.9368137,-0.348718,-0.02785401,moving,-1.4639930754055386,6.395824172474272,7.298020286905071,5.719109967912254,1.1525176,-0.3108364,-0.2323170000000001,-0.02538980934773355,0.11136059981278003,0.9934557352359066,-1.5974413883387721,8.3660173770669,8.743077338417645,8.788106751511709,9.28091359987635
05/17/2023 13:13:58.544141,1977,True,True,True,True,Eyes,0.2745855,0.1186533,-2.439964,0.9701859,-0.2413689,-0.02191627,0.0,0.0,0.0,0.0,0.0,0.0,0.0,-2.220389,-0.4706551,-0.3254691,0.307631,0.1219764,-2.268933,0.08842946,0.7140254,-0.1611583,0.6755561,20.4641,92.15953,354.3977,0.1039689,0.04758746,-0.9934399,0.0,0.0,0.0,1.459058,-0.191717,-2.507477,0.1634379,0.123371,1.255845,-0.07160848,-0.09146123,-0.9932306,0.3440247,0.9324164,-0.1106642,0.9362261,-0.3496204,-0.03530403,moving,-1.4777920841174321,6.382962543634799,7.414900209275108,5.610588509486005,1.151427,-0.3136934,-0.2385440000000001,-0.02562971419639587,0.11113689800369077,0.9934745376651891,-1.606305968268198,8.361965239094364,8.88189555251976,8.926171512669377,9.431449242082358
05/17/2023 13:13:58.563807,1978,True,True,True,True,Eyes,0.2765585,0.1187726,-2.432546,0.9697554,-0.2423605,-0.02891324,0.0,0.0,0.0,0.0,0.0,0.0,0.0,-2.210938,-0.4744526,-0.3444071,0.3109245,0.1232615,-2.262764,0.08757525,0.7166265,-0.1603527,0.6731007,20.34791,92.59468,354.4702,0.1047418,0.04765558,-0.9933556,0.0,0.0,0.0,1.461736,-0.1939435,-2.5077,0.1652597,0.1228118,1.257351,-0.07853262,-0.09034954,-0.9928091,0.3413844,0.9332352,-0.1119321,0.9366373,-0.3477198,-0.04244544,moving,-1.4729808416914354,6.208773892497552,7.48774002864994,5.578671106136774,1.1508114999999999,-0.31720499999999996,-0.2449359999999996,-0.02555485604973129,0.10811627873339565,0.9938098122084664,-1.6380062719944362,8.294519870724342,8.939148900135365,8.982847434836636,9.521296133186718
05/17/2023 13:13:58.583955,1979,True,True,True,True,Eyes,0.2786117,0.1188953,-2.425146,0.9693156,-0.2431953,-0.03582358,0.0,0.0,0.0,0.0,0.0,0.0,0.0,-2.200449,-0.4825427,-0.3637538,0.314665,0.1241964,-2.256701,0.08522373,0.7193247,-0.1596978,0.6706756,20.12467,93.01474,354.4013,0.10555,0.04773575,-0.9932663,0.0,0.0,0.0,1.463253,-0.1952052,-2.507827,0.1658034,0.1237135,1.257335,-0.08586271,-0.09160376,-0.992087,0.3368179,0.934467,-0.1154342,0.9376468,-0.3440641,-0.04938209,moving,-1.4638962531491682,5.934612121951477,7.512188105880353,5.619440268198939,1.148588,-0.3194016,-0.25112599999999974,-0.025410200356896062,0.10336002943639042,0.9943193859430668,-1.687203613416292,8.188266068753647,8.938081429073797,8.981615874541296,9.55131791946322
05/17/2023 13:13:58.596745,1980,True,True,True,True,Eyes,0.2807375,0.1190231,-2.417785,0.9688566,-0.243907,-0.04273512,0.0,0.0,0.0,0.0,0.0,0.0,0.0,-2.189311,-0.4907527,-0.3839538,0.318512,0.1242824,-2.250432,0.08284304,0.7221086,-0.1592835,0.6680757,19.9214,93.45189,354.3118,0.1063947,0.04782708,-0.9931719,0.0,0.0,0.0,1.465446,-0.1970282,-2.50801,0.1663746,0.1251462,1.258083,-0.09362405,-0.09318344,-0.9912374,0.3324701,0.9355316,-0.1193491,0.9384552,-0.3407307,-0.05660759,moving,-1.475298891372704,5.685395610275147,7.533340708313042,5.680736689175773,1.146934,-0.3213106,-0.2575780000000001,-0.025619413385711054,0.09903359688276545,0.9947542504760702,-1.7409865086851928,8.092968828719151,8.964811664843122,9.008640804392856,9.582901920764932
05/17/2023 13:13:58.614326,1981,True,True,True,True,Eyes,0.2829519,0.1191501,-2.410447,0.9683418,-0.2446781,-0.04946468,0.0,0.0,0.0,0.0,0.0,0.0,0.0,-2.178252,-0.4977332,-0.4026475,0.3223506,0.1245083,-2.243932,0.08105855,0.724638,-0.1590315,0.6656113,19.77866,93.85963,354.2529,0.1072756,0.04792866,-0.9930723,0.0,0.0,0.0,1.467522,-0.1987549,-2.508183,0.1672992,0.1265144,1.258492,-0.1007824,-0.09423015,-0.9904361,0.3291826,0.936277,-0.1225736,0.9388726,-0.3383875,-0.06334128,moving,-1.4704849622715408,5.495582240522054,7.57228808937483,5.74057649567438,1.1451714,-0.32326320000000003,-0.2642509999999998,-0.025544110410752496,0.09573775145561308,0.9950787658190177,-1.7757280071441126,8.019501726460128,9.00179754693934,9.04609123592281,9.621793239739103
05/17/2023 13:13:58.634029,1982,True,True,True,True,Eyes,0.2852454,0.1192692,-2.403144,0.9677785,-0.2454502,-0.05620461,0.0,0.0,0.0,0.0,0.0,0.0,0.0,-2.167886,-0.5010148,-0.4214708,0.3266116,0.1245828,-2.237451,0.08055961,0.7270384,-0.1587158,0.663125,19.73237,94.27396,354.308,0.1081927,0.04803941,-0.9929675,0.0,0.0,0.0,1.469726,-0.2005878,-2.508367,0.1678699,0.1273452,1.258947,-0.1075509,-0.09335695,-0.9898067,0.3276366,0.9366389,-0.1239427,0.9386623,-0.3376271,-0.07014915,moving,-1.4699824222764546,5.404031511332825,7.595103942127253,5.775945578999829,1.1431144,-0.3251706,-0.2709159999999997,-0.025539273209298885,0.09414764406114993,0.9952306017045585,-1.7933230656125674,7.984186355930799,9.028068634971156,9.072712431672606,9.644630060741529
05/17/2023 13:13:58.653721,1983,True,True,True,True,Eyes,0.2876224,0.1193748,-2.395882,0.9671534,-0.2462743,-0.0629539,0.0,0.0,0.0,0.0,0.0,0.0,0.0,-2.157998,-0.5011604,-0.4402564,0.330786,0.1245364,-2.230923,0.08139156,0.7293722,-0.1585138,0.6605037,19.80073,94.70749,354.4701,0.1091458,0.04815806,-0.9928575,0.0,0.0,0.0,1.471908,-0.2024019,-2.508549,0.1685831,0.1271282,1.259547,-0.1142207,-0.09066842,-0.9893093,0.3281273,0.9364976,-0.1237122,0.9377026,-0.3387499,-0.07721658,moving,-1.4884252889956757,5.4244971221290115,7.623402432030862,5.763441287801898,1.141122,-0.3269383,-0.2776259999999997,-0.025858751676384795,0.09450234748296918,0.995188703100677,-1.7978386163265472,7.993282508090795,9.073380148932545,9.11812960892262,9.681527501327158
05/17/2023 13:13:58.664165,1984,True,True,True,True,Eyes,0.2900873,0.1194775,-2.388607,0.9663941,-0.2474637,-0.06960116,0.0,0.0,0.0,0.0,0.0,0.0,0.0,-2.148709,-0.4988683,-0.4590124,0.3351559,0.1243554,-2.224571,0.08328325,0.7316091,-0.1583836,0.6578197,19.95735,95.15018,354.7189,0.1101361,0.04828337,-0.9927422,0.0,0.0,0.0,1.473972,-0.2041177,-2.508721,0.1684098,0.1256732,1.260069,-0.1206746,-0.0865142,-0.9889152,0.3302373,0.935957,-0.1221791,0.9361524,-0.3413205,-0.08437599,moving,-1.5186726218191422,5.512398231773119,7.612539871868754,5.695569520080546,1.1388161,-0.3284731,-0.2841499999999999,-0.02638025796281107,0.09602772059279514,0.9950291049378472,-1.7946640375834386,8.029141214722504,9.088885720753586,9.13304950855639,9.692318724022996
05/17/2023 13:13:58.684054,1985,True,True,True,True,Eyes,0.2926438,0.1195709,-2.381351,0.9655253,-0.2489183,-0.07616217,0.0,0.0,0.0,0.0,0.0,0.0,0.0,-2.138913,-0.4978043,-0.4782509,0.3394757,0.1243383,-2.218282,0.08552585,0.7339469,-0.1587233,0.6548395,20.18181,95.62412,354.9676,0.1111635,0.04841455,-0.9926214,0.0,0.0,0.0,1.476119,-0.2059032,-2.5089,0.1681982,0.1236601,1.260543,-0.1277419,-0.08233363,-0.9883844,0.3334193,0.9349845,-0.1209775,0.9340845,-0.3450002,-0.09198501,moving,-1.587317421862904,5.649418836584251,7.600261436247486,5.602826288128132,1.1366433,-0.3302415,-0.29061800000000027,-0.02756593096369586,0.09840386436614199,0.9947647460992991,-1.7996229271585045,8.086446975086371,9.144102922853715,9.187696998680826,9.722458421720885
05/17/2023 13:13:58.704668,1986,True,True,True,True,Eyes,0.2952802,0.1196577,-2.374134,0.9645951,-0.2504191,-0.08274348,0.0,0.0,0.0,0.0,0.0,0.0,0.0,-2.128542,-0.4985444,-0.4978067,0.3440878,0.1242174,-2.212063,0.0873578,0.7363295,-0.1592379,0.6517906,20.38833,96.1011,355.1696,0.1122293,0.04855076,-0.9924948,0.0,0.0,0.0,1.478287,-0.207706,-2.509081,0.1698821,0.1210423,1.260825,-0.1350756,-0.07893132,-0.9876865,0.3362278,0.9340238,-0.1206252,0.9320437,-0.3483811,-0.09962491,moving,-1.6588813376562708,5.76501596302712,7.673751813607079,5.483730031564866,1.1341991999999999,-0.3319234,-0.297018,-0.028802599953720143,0.1004071390055502,0.9945294026543192,-1.8100988447545223,8.135687769000027,9.29378000251961,9.33687117354086,9.847654703087835
05/17/2023 13:13:58.714332,1987,True,True,True,True,Eyes,0.2980081,0.1197315,-2.366956,0.9635828,-0.2521104,-0.08915456,0.0,0.0,0.0,0.0,0.0,0.0,0.0,-2.117481,-0.5022019,-0.5160215,0.3486128,0.1241836,-2.205733,0.0884004,0.7386011,-0.1600341,0.6488782,20.55613,96.54293,355.2768,0.1133335,0.04869118,-0.9923624,0.0,0.0,0.0,1.480372,-0.2094396,-2.509255,0.1740012,0.1177533,1.260797,-0.142285,-0.07709996,-0.9868184,0.3382705,0.933149,-0.1216805,0.9302301,-0.3511248,-0.1066925,moving,-1.709987971802807,5.830637058389183,7.85769101230609,5.335714036608082,1.1317592,-0.3336232,-0.30352200000000007,-0.029686247452375747,0.10154348959200454,0.9943880772849545,-1.8208769831715603,8.164327438822031,9.53799514445825,9.580471279663021,10.08343851185044
05/17/2023 13:13:58.734073,1988,True,True,True,True,Eyes,0.3008184,0.1197863,-2.359807,0.9625255,-0.2538088,-0.09552978,0.0,0.0,0.0,0.0,0.0,0.0,0.0,-2.105968,-0.5077723,-0.5334489,0.3535255,0.1240036,-2.199351,0.0888932,0.7407463,-0.1610273,0.6461139,20.69732,96.95126,355.316,0.1144759,0.04883476,-0.9922243,0.0,0.0,0.0,1.482583,-0.2112781,-2.509439,0.1786717,0.1142849,1.260587,-0.1492697,-0.07638939,-0.9858415,0.3397786,0.9323364,-0.1236905,0.9285845,-0.353431,-0.1132141,moving,-1.7345487323440292,5.870064945692038,8.067191315741482,5.180277437546128,1.1290575,-0.3352817,-0.3100879999999999,-0.03011039070803473,0.10222646192121997,0.9943054353814109,-1.824520044710387,8.181132443264747,9.784343102568833,9.825981618985328,10.33687981955092
05/17/2023 13:13:58.754380,1989,True,True,True,True,Eyes,0.3037162,0.1198117,-2.352722,0.9614257,-0.2556086,-0.1016119,0.0,0.0,0.0,0.0,0.0,0.0,0.0,-2.094846,-0.5127298,-0.5485088,0.3582931,0.123622,-2.192823,0.08921251,0.7425485,-0.1619117,0.6437762,20.81307,97.29388,355.3376,0.1156582,0.04898059,-0.9920801,0.0,0.0,0.0,1.484617,-0.2129692,-2.509609,0.1860224,0.1082535,1.259439,-0.1551872,-0.07598048,-0.9849589,0.3409589,0.9316515,-0.1255887,0.9271808,-0.3553202,-0.1186742,moving,-1.7107005460253386,5.881711631698953,8.401986973263,4.912712178593162,1.1263239,-0.3365912,-0.316786,-0.02969590332992217,0.10242984223824982,0.9942969335065495,-1.811260218288445,8.184057608040655,10.119480847925011,10.159006290129435,10.724370336504633
05/17/2023 13:13:58.765059,1990,True,True,True,True,Eyes,0.3067019,0.1198171,-2.345667,0.960282,-0.2574192,-0.1076747,0.0,0.0,0.0,0.0,0.0,0.0,0.0,-2.08389,-0.517809,-0.5627646,0.3634599,0.1230699,-2.186362,0.08956062,0.7441698,-0.1629011,0.6416024,20.93918,97.60601,355.3485,0.1168795,0.04912696,-0.9919297,0.0,0.0,0.0,1.486795,-0.2147809,-2.509791,0.1917951,0.0974651,1.260562,-0.1606505,-0.07573883,-0.9841011,0.342332,0.9308842,-0.1275275,0.925743,-0.3573767,-0.1236193,moving,-1.6597530170233612,5.905152500713696,8.651228965226627,4.4212427018401845,1.1233351,-0.3378508,-0.32342899999999997,-0.028810535604934295,0.10283928106416217,0.9942806647929412,-1.7832133373922203,8.189751658972437,10.382725406423866,10.41721352999336,11.094108613433876
05/17/2023 13:13:58.783747,1991,True,True,True,True,Eyes,0.309767,0.1197991,-2.338685,0.9591034,-0.2592862,-0.1135402,0.0,0.0,0.0,0.0,0.0,0.0,0.0,-2.072243,-0.5241412,-0.5780511,0.3685355,0.1226121,-2.179955,0.08969904,0.7460041,-0.1640182,0.6391636,21.0622,97.95418,355.3386,0.1181403,0.049273,-0.9917731,0.0,0.0,0.0,1.488902,-0.216533,-2.509967,0.193747,0.1019902,1.259068,-0.1668479,-0.07583719,-0.9830617,0.3435006,0.9301043,-0.1300517,0.9242126,-0.3593812,-0.1291359,moving,-1.6559533478050403,5.917600587261807,8.748128501288056,4.63110546895261,1.1203664999999998,-0.3391451,-0.33001199999999997,-0.028743951968850268,0.10305549570122459,0.9942602237085758,-1.7790381301662048,8.194299906713782,10.446139784593365,10.483319551175658,11.113846853708944
05/17/2023 13:13:58.797307,1992,True,True,True,True,Eyes,0.3129276,0.1197631,-2.331729,0.9578758,-0.2611492,-0.119478,0.0,0.0,0.0,0.0,0.0,0.0,0.0,-2.0597,-0.531489,-0.5951564,0.3736983,0.1220573,-2.173594,0.08957661,0.748139,-0.1651786,0.6363804,21.17162,98.35336,355.3127,0.1194401,0.0494176,-0.9916102,0.0,0.0,0.0,1.491085,-0.2183475,-2.510149,0.2063658,0.102489,1.258256,-0.1739921,-0.07620128,-0.9817944,0.3442643,0.9293841,-0.1331435,0.9226098,-0.3611627,-0.1354721,moving,-1.6971977493140162,5.912355703210143,9.314122867926885,4.656645396194855,1.1173867,-0.3404048,-0.33655500000000016,-0.02945994759892262,0.10296232794172908,0.9942488701942631,-1.799069583574548,8.194982279290844,11.043177268421347,11.082688758185848,11.662884478652177
05/17/2023 13:13:58.814295,1993,True,True,True,True,Eyes,0.3161708,0.1196912,-2.324842,0.9566244,-0.2630038,-0.1252949,0.0,0.0,0.0,0.0,0.0,0.0,0.0,-2.045801,-0.5401115,-0.6149687,0.379134,0.1216026,-2.167182,0.08921168,0.7507012,-0.1663682,0.6330962,21.26886,98.82837,355.2782,0.1207808,0.04956024,-0.9914407,0.0,0.0,0.0,1.493156,-0.2200698,-2.510321,0.2107864,0.1027198,1.257351,-0.1824612,-0.07671151,-0.9802161,0.3445967,0.9287258,-0.1368264,0.9208482,-0.3627447,-0.1430219,moving,-1.817868733079841,5.888100385859187,9.51675504567376,4.670430011095956,1.1140219999999998,-0.3416724,-0.34313899999999986,-0.031555276635711005,0.10253486307263442,0.9942288065767002,-1.859411656852652,8.193544909753097,11.358960898231604,11.399842865033825,11.90921943003867
05/17/2023 13:13:58.844164,1994,True,True,True,True,Eyes,0.3195086,0.1195944,-2.317963,0.9553353,-0.2648291,-0.1311484,0.0,0.0,0.0,0.0,0.0,0.0,0.0,-2.032027,-0.54668,-0.6343803,0.384715,0.120947,-2.160509,0.08907031,0.7531511,-0.1672223,0.6299735,21.3529,99.28938,355.287,0.1221618,0.04969941,-0.9912646,0.0,0.0,0.0,1.495296,-0.2218491,-2.5105,0.2138595,0.1020676,1.25679,-0.1903997,-0.07652447,-0.9787195,0.3448581,0.9282063,-0.1396635,0.9191414,-0.3641112,-0.1503401,moving,-1.9167003026417682,5.855049336755718,9.657137168690083,4.642968471728374,1.110581,-0.3427961,-0.34999100000000016,-0.03327219869391168,0.10195563705777766,0.9942323165747908,-1.9114003091059888,8.187286150730818,11.595765655186728,11.637132543550868,12.099307715107571
05/17/2023 13:13:58.853841,1995,True,True,True,True,Eyes,0.3229316,0.1194618,-2.311112,0.9540374,-0.2666191,-0.1368464,0.0,0.0,0.0,0.0,0.0,0.0,0.0,-2.018861,-0.5513208,-0.6524673,0.3903213,0.1202629,-2.153754,0.08913592,0.7553672,-0.1677589,0.6271621,21.42263,99.71253,355.3318,0.1235835,0.04983437,-0.9910817,0.0,0.0,0.0,1.497412,-0.2236092,-2.510676,0.2138799,0.1021619,1.256949,-0.1974451,-0.07576328,-0.9773819,0.3450847,0.9278235,-0.1416337,0.9175686,-0.3652444,-0.1570495,moving,-1.9826346329728497,5.813477822486608,9.656842306234974,4.646654031955625,1.1070907,-0.3438721,-0.35692199999999996,-0.03441887554009759,0.10123030965719833,0.9942674729114864,-1.9498852204438097,8.175587216289296,11.656227826205072,11.697816085770022,12.131343425113906
05/17/2023 13:13:58.864164,1996,True,True,True,True,Eyes,0.326446,0.1192937,-2.304267,0.9526944,-0.2684237,-0.1425553,0.0,0.0,0.0,0.0,0.0,0.0,0.0,-2.006289,-0.5558689,-0.6677719,0.3959524,0.1193738,-2.146875,0.08927187,0.7571485,-0.1684933,0.6247934,21.51236,100.0585,355.3536,0.1250466,0.049964,-0.9908917,0.0,0.0,0.0,1.499577,-0.2254092,-2.510857,0.2122721,0.1012386,1.257546,-0.2033277,-0.0753629,-0.9762061,0.3457311,0.9272811,-0.143596,0.9160392,-0.3667018,-0.1624867,moving,-1.9766769150428714,5.796856257492188,9.581134615465231,4.602664099123098,1.1036245999999998,-0.344783,-0.363982,-0.034316497127449996,0.10094221658586038,0.9943002378591563,-1.9503757556043984,8.168790942903822,11.578649939826658,11.619341732036986,12.070335210921854
05/17/2023 13:13:58.883788,1997,True,True,True,True,Eyes,0.3300388,0.1190861,-2.297468,0.9513259,-0.2702243,-0.1481819,0.0,0.0,0.0,0.0,0.0,0.0,0.0,-1.993415,-0.5603437,-0.68396,0.4016672,0.1183728,-2.140126,0.08977413,0.759049,-0.1693912,0.6221671,21.64542,100.4401,355.4031,0.1265518,0.0500873,-0.9906944,0.0,0.0,0.0,1.501694,-0.2271691,-2.511034,0.2087674,0.1000933,1.258403,-0.2096975,-0.07449332,-0.9749244,0.3470652,0.9264945,-0.1454434,0.9140967,-0.3688614,-0.1684295,moving,-2.010073590486835,5.821212183820113,9.41950389294389,4.547728475473147,1.1000268000000002,-0.3455419,-0.370908,-0.03489455259970864,0.1013628505971638,0.9942373753418208,-1.9610262256002615,8.180366632833948,11.460534965584307,11.500304439673402,11.946234794336005
05/17/2023 13:13:58.897377,1998,True,True,True,True,Eyes,0.3337232,0.1188362,-2.290668,0.9498972,-0.2720579,-0.1538824,0.0,0.0,0.0,0.0,0.0,0.0,0.0,-1.979334,-0.5667716,-0.701103,0.4074585,0.1173778,-2.133246,0.09015924,0.7611433,-0.1706819,0.619193,21.80685,100.8605,355.4209,0.1280988,0.05020308,-0.9904896,0.0,0.0,0.0,1.503852,-0.2289637,-2.511214,0.2064115,0.09940338,1.259202,-0.2169429,-0.0741219,-0.9733663,0.3486183,0.925478,-0.1481749,0.9118121,-0.3714787,-0.1749357,moving,-2.081095169652734,5.867950624076624,9.309272968876225,4.513658162783,1.0963935,-0.34634149999999997,-0.37796799999999964,-0.036123946039940846,0.10216938813308359,0.9941108897909855,-1.9846602818171901,8.203034657594966,11.431026914219125,11.470596950548494,11.881263703478236
05/17/2023 13:13:58.914311,1999,True,True,True,True,Eyes,0.3374853,0.1185587,-2.283887,0.9484404,-0.2738457,-0.1595916,0.0,0.0,0.0,0.0,0.0,0.0,0.0,-1.964296,-0.5732175,-0.7201347,0.41336,0.1161364,-2.126329,0.09050103,0.763527,-0.1719169,0.6158578,21.96239,101.3379,355.4512,0.129688,0.05031024,-0.9902773,0.0,0.0,0.0,1.505941,-0.230701,-2.511388,0.2039524,0.09879668,1.260035,-0.2250576,-0.07355271,-0.9715654,0.3499526,0.9245083,-0.1510547,0.9093308,-0.3739978,-0.1823276,moving,-2.2042479868789737,5.907285154977551,9.194295626098096,4.4832685255329485,1.092581,-0.34683739999999996,-0.38505900000000004,-0.0382579553782072,0.10284367211974729,0.9939615920680314,-2.033764104170065,8.226266656678014,11.447486604399844,11.487150206116187,11.835512676526733
05/17/2023 13:13:58.934259,2000,True,True,True,True,Eyes,0.3413383,0.1182511,-2.277087,0.9469309,-0.2756282,-0.165381,0.0,0.0,0.0,0.0,0.0,0.0,0.0,-1.948476,-0.5801523,-0.7393818,0.4192407,0.1153127,-2.119141,0.09075231,0.766003,-0.1731139,0.6124013,22.10872,101.8337,355.481,0.1313194,0.05040839,-0.9900573,0.0,0.0,0.0,1.508139,-0.2325285,-2.511571,0.2011206,0.0998982,1.260983,-0.2334578,-0.0729973,-0.9696233,0.3510634,0.9235912,-0.1540579,0.9067813,-0.3763652,-0.1899929,moving,-2.3388550475643566,5.936627261717506,9.062067720735303,4.52965319373521,1.0888982999999999,-0.3478412,-0.39243000000000006,-0.04059088044618625,0.10334315059146286,0.9938171274542837,-2.090093079083484,8.246398565299856,11.446768114184174,11.487411196466688,11.75520678942153
05/17/2023 13:13:58.954224,2001,True,True,True,True,Eyes,0.3452596,0.1179062,-2.270311,0.945429,-0.277311,-0.1710633,0.0,0.0,0.0,0.0,0.0,0.0,0.0,-1.932293,-0.586622,-0.7588263,0.4252993,0.1142984,-2.111813,0.09065539,0.7684997,-0.1740371,0.6090164,22.20467,102.3246,355.4997,0.1329937,0.05049713,-0.9898293,0.0,0.0,0.0,1.510256,-0.2342888,-2.511748,0.1974617,0.1033086,1.262244,-0.2417613,-0.07264555,-0.9676125,0.3513201,0.9229854,-0.1570736,0.904503,-0.377916,-0.1976203,moving,-2.4718992874422026,5.921095536594941,8.891119384294083,4.67895501994001,1.0849567,-0.3485872,-0.3999349999999997,-0.04289972485646998,0.10306379825030798,0.9937492160833881,-2.15443952370794,8.249134251662639,11.388196392465492,11.43070891928157,11.608210513975287
05/17/2023 13:13:58.964054,2002,True,True,True,True,Eyes,0.3492606,0.117521,-2.263514,0.9438952,-0.2789783,-0.1767283,0.0,0.0,0.0,0.0,0.0,0.0,0.0,-1.917549,-0.591001,-0.7747974,0.4312934,0.1131939,-2.104225,0.09083889,0.7704318,-0.1747564,0.606336,22.29861,102.7145,355.5398,0.1347108,0.0505757,-0.9895931,0.0,0.0,0.0,1.512773,-0.2363819,-2.511958,0.1940993,0.1064069,1.264012,-0.2482099,-0.07195187,-0.9660304,0.3518925,0.922417,-0.159118,0.9025316,-0.3794335,-0.2036336,moving,-2.5056815856965597,5.9138780459897085,8.730039734029221,4.811920841403048,1.0814796,-0.3495758,-0.4077329999999999,-0.04348622041619249,0.1029359979218776,0.9937369176198305,-2.1714156843382346,8.248567247210831,11.245891175871561,11.289629898950668,11.430322338289708
05/17/2023 13:13:58.984092,2003,True,True,True,True,Eyes,0.3533189,0.1170908,-2.256751,0.9423633,-0.2805459,-0.1823331,0.0,0.0,0.0,0.0,0.0,0.0,0.0,-1.903702,-0.594658,-0.78922,0.4372308,0.1118536,-2.096874,0.09098361,0.7721099,-0.1753937,0.6039913,22.38033,103.0544,355.5731,0.1364709,0.05064334,-0.9893484,0.0,0.0,0.0,1.514432,-0.2377613,-2.512096,0.1910372,0.1081052,1.265195,-0.2538331,-0.07137388,-0.9646112,0.3523712,0.921918,-0.1609398,0.9007794,-0.3807531,-0.2088633,moving,-2.494833326413535,5.9040268638933595,8.586471581133903,4.8838032662861535,1.0772012,-0.3496149,-0.415222,-0.04329883328192263,0.1027659757993226,0.9937627059835497,-2.1683337707102,8.244059600862506,11.084149270059124,11.128170318751843,11.26752682668717
05/17/2023 13:13:59.004614,2004,True,True,True,True,Eyes,0.3574508,0.1166102,-2.249972,0.9407787,-0.2821223,-0.1879956,0.0,0.0,0.0,0.0,0.0,0.0,0.0,-1.888582,-0.6009609,-0.8041103,0.4431451,0.1104683,-2.089475,0.09053472,0.7739454,-0.1764167,0.6014061,22.45576,103.4128,355.5281,0.1382732,0.05069907,-0.9890953,0.0,0.0,0.0,1.516708,-0.2396538,-2.512286,0.1882006,0.1056929,1.266994,-0.2602285,-0.07205822,-0.9628546,0.3523339,0.9213613,-0.1641774,0.8989673,-0.3819699,-0.2143759,moving,-2.5049367210789795,5.882763633545987,8.44899506742894,4.768584743587345,1.0735629,-0.3501221,-0.4228109999999998,-0.04347573495214424,0.10239638010338055,0.9937931082284859,-2.1771309390789884,8.236527340551888,10.968342789017466,11.010450318952163,11.177709056959092
05/17/2023 13:13:59.014279,2005,True,True,True,True,Eyes,0.3616761,0.1162061,-2.243256,0.9391648,-0.2836718,-0.1936491,0.0,0.0,0.0,0.0,0.0,0.0,0.0,-1.871465,-0.6099001,-0.8215964,0.4490873,0.1087963,-2.082274,0.0897039,0.7762491,-0.1778917,0.598118,22.54963,103.8589,355.4331,0.1401174,0.0507418,-0.9888335,0.0,0.0,0.0,1.518679,-0.2412927,-2.51245,0.1859802,0.1000417,1.268589,-0.2684162,-0.07353524,-0.9604922,0.3520655,0.9206156,-0.1688694,0.896662,-0.3834834,-0.2212189,moving,-2.6059497958426427,5.871690462755931,8.340375664915198,4.50904821633126,1.0695917,-0.350089,-0.4301759999999999,-0.04522867610765774,0.10219636766626473,0.9937356061339757,-2.225845564969765,8.238881565652932,10.991540544990212,11.03081297931284,11.205208070026359
05/17/2023 13:13:59.034197,2006,True,True,True,True,Eyes,0.3659704,0.1160199,-2.23656,0.9374335,-0.2853665,-0.1994599,0.0,0.0,0.0,0.0,0.0,0.0,0.0,-1.853229,-0.6260587,-0.8373541,0.4561595,0.1104003,-2.075403,0.08889572,0.778395,-0.1804405,0.5946766,22.74536,104.2879,355.2595,0.1420046,0.05077598,-0.9885625,0.0,0.0,0.0,1.520839,-0.243089,-2.51263,0.1839834,0.09258797,1.269974,-0.276915,-0.07621549,-0.9578673,0.3529994,0.9190776,-0.1751796,0.8937057,-0.3866363,-0.2276023,moving,-2.6960029454010264,5.951945622703846,8.243192179919758,4.16979474430113,1.0646795,-0.3534893,-0.43722700000000003,-0.04678375431182502,0.10358076559619091,0.9935200870055461,-2.251725212623688,8.27571405664754,11.047078129167975,11.083413361561211,11.269510392018374
05/17/2023 13:13:59.053721,2007,True,True,True,True,Eyes,0.3703502,0.1157094,-2.229795,0.9355184,-0.2872558,-0.2056443,0.0,0.0,0.0,0.0,0.0,0.0,0.0,-1.827171,-0.6623007,-0.8550518,0.4622139,0.1155274,-2.069135,0.08489235,0.7816224,-0.1857763,0.5893615,22.98428,104.8717,354.6229,0.1439337,0.0508119,-0.9882816,0.0,0.0,0.0,1.5229,-0.2448028,-2.512803,0.1817048,0.08644595,1.270875,-0.2908929,-0.08627131,-0.9528583,0.3516864,0.9165608,-0.1903493,0.8897743,-0.3904785,-0.2362806,moving,-2.9628635020946223,6.027431840399579,8.136783831255011,3.891311378349419,1.0606860999999999,-0.3603302,-0.44366799999999973,-0.05140369170440362,0.10486579160695625,0.9931570750513204,-2.360026695398167,8.322298859342311,11.268052907685954,11.303326127876034,11.393712357663444
05/17/2023 13:13:59.064143,2008,True,True,True,True,Eyes,0.3747808,0.1155878,-2.223037,0.933537,-0.2891975,-0.2118336,0.0,0.0,0.0,0.0,0.0,0.0,0.0,-1.798213,-0.6778998,-0.8857223,0.4688849,0.1123002,-2.060378,0.08632372,0.786135,-0.1898748,0.5817969,23.51444,105.8812,354.6678,0.145906,0.05084404,-0.9879907,0.0,0.0,0.0,1.525125,-0.246653,-2.512988,0.1802389,0.08140194,1.271891,-0.3081213,-0.08521295,-0.9475232,0.3566613,0.9129916,-0.1980887,0.8819603,-0.3989802,-0.2509199,moving,-3.592990301474356,6.378681952314965,8.065645956454986,3.661976670895478,1.0562401000000001,-0.35895320000000003,-0.45260999999999996,-0.06228196785705037,0.11088348442910875,0.9918799361943575,-2.5820665984021227,8.498972455571671,11.932009176671247,11.970976859922384,11.694883961452415
05/17/2023 13:13:59.083959,2009,True,True,True,True,Eyes,0.3792942,0.1155185,-2.216301,0.9315244,-0.2910202,-0.2181044,0.0,0.0,0.0,0.0,0.0,0.0,0.0,-1.784799,-0.6809184,-0.8986034,0.4745952,0.1167169,-2.053724,0.08898444,0.7879035,-0.1900616,0.5789356,23.73662,106.3324,354.9961,0.147921,0.05088105,-0.9876891,0.0,0.0,0.0,1.527212,-0.2483881,-2.513162,0.1785947,0.078194,1.272224,-0.3138306,-0.07984458,-0.9461159,0.3602892,0.9119167,-0.1964678,0.8784658,-0.4025329,-0.2574202,moving,-3.6210769697903062,6.505914570532768,7.990958497067075,3.517114468017479,1.0526168,-0.365105,-0.459438,-0.06275253362665884,0.11308246561154121,0.9916019712553066,-2.5702375356625637,8.549847362706886,11.95178000370141,11.99050848531242,11.699028251570002
05/17/2023 13:13:59.098696,2010,True,True,True,True,Eyes,0.3838503,0.1154465,-2.209567,0.9294528,-0.2927678,-0.2245097,0.0,0.0,0.0,0.0,0.0,0.0,0.0,-1.763393,-0.6910735,-0.9213743,0.4813502,0.1179251,-2.047062,0.08970068,0.7911857,-0.1915038,0.5738512,23.95255,107.0557,355.1133,0.149978,0.0509247,-0.9873766,0.0,0.0,0.0,1.529392,-0.2502009,-2.513344,0.1764733,0.07729385,1.272686,-0.3252971,-0.0778496,-0.9424018,0.3617292,0.9105601,-0.2000805,0.8736897,-0.4059799,-0.2680421,moving,-3.9237321964374177,6.59284478079868,7.89441358418867,3.4754672077100714,1.0480418,-0.368126,-0.4662820000000001,-0.06797812165963246,0.1145475164327702,0.991089268932664,-2.692808962377138,8.603188963548746,12.181621607490197,12.222381626562232,11.763622386655085
05/17/2023 13:13:59.114264,2011,True,True,True,True,Eyes,0.3884553,0.115387,-2.202855,0.9274006,-0.2943886,-0.2307889,0.0,0.0,0.0,0.0,0.0,0.0,0.0,-1.747371,-0.6861709,-0.9432104,0.4870096,0.1177545,-2.040279,0.09172855,0.7940915,-0.1900412,0.5699903,23.9782,107.7129,355.5457,0.1520763,0.05097419,-0.987053,0.0,0.0,0.0,1.531481,-0.2519378,-2.513518,0.1739334,0.07818016,1.272759,-0.3333939,-0.07096154,-0.9401132,0.3623249,0.9109405,-0.1972514,0.8703845,-0.4063889,-0.2779909,moving,-4.117070001090704,6.526509919483317,7.781754224392631,3.5150190766744527,1.0444714000000002,-0.3696923,-0.47323899999999997,-0.07133170868581845,0.11337337560127908,0.9909885479127715,-2.7948379777132946,8.590298204472024,12.23250056565187,12.274000775837955,11.731272771302589
05/17/2023 13:13:59.134034,2012,True,True,True,True,Eyes,0.3930999,0.1153034,-2.196169,0.9252979,-0.2959535,-0.23714,0.0,0.0,0.0,0.0,0.0,0.0,0.0,-1.73145,-0.6874765,-0.9612134,0.4928181,0.1179519,-2.034132,0.09354227,0.7964941,-0.1901242,0.5663037,24.13024,108.2835,355.8324,0.1542151,0.05102947,-0.9867183,0.0,0.0,0.0,1.533641,-0.253734,-2.513698,0.1705683,0.08040479,1.27306,-0.3411001,-0.06632429,-0.9376843,0.3643477,0.9102053,-0.1969189,0.8665457,-0.4088122,-0.286306,moving,-4.250358231113426,6.589818462168526,7.631208891160908,3.613925603127966,1.0408229,-0.3716859,-0.47956600000000016,-0.07362772762947023,0.11444914448303617,0.99069693073002,-2.843945165459356,8.623433870756394,12.205278236136968,12.248574430912315,11.611374836485366
05/17/2023 13:13:59.144019,2013,True,True,True,True,Eyes,0.3978019,0.115197,-2.189517,0.923251,-0.297305,-0.2433457,0.0,0.0,0.0,0.0,0.0,0.0,0.0,-1.713917,-0.691528,-0.9795008,0.4984825,0.1172834,-2.028029,0.09328143,0.7990392,-0.1902629,0.5627033,24.14421,108.817,355.912,0.156393,0.05108883,-0.9863724,0.0,0.0,0.0,1.535796,-0.2555259,-2.513878,0.1671018,0.08240257,1.273088,-0.3493274,-0.06505206,-0.9347399,0.3631941,0.9101972,-0.1990756,0.8637479,-0.4090346,-0.2943303,moving,-4.370223088934549,6.516138780958767,7.477728495083612,3.7033910038157005,1.0373135,-0.37280929999999995,-0.485849,-0.07571140491635936,0.1131573399688102,0.9906881453369998,-2.9135395567036726,8.60289616810606,12.133475983077526,12.177253663903931,11.48841166476041
05/17/2023 13:13:59.164063,2014,True,True,True,True,Eyes,0.4025687,0.1151227,-2.182913,0.9211619,-0.2985972,-0.2496007,0.0,0.0,0.0,0.0,0.0,0.0,0.0,-1.695056,-0.7000643,-0.9970396,0.5046188,0.1166149,-2.022166,0.09179699,0.8015216,-0.1910854,0.559127,24.14017,109.3078,355.8193,0.1586092,0.05115074,-0.9860152,0.0,0.0,0.0,1.537951,-0.2573176,-2.514058,0.1644492,0.08383752,1.273208,-0.3579011,-0.0665274,-0.9313868,0.3608365,0.9101194,-0.2036658,0.8612224,-0.4089705,-0.3017272,moving,-4.46383655840986,6.41907324116815,7.35965169728067,3.767343225697757,1.0333322,-0.3739325,-0.491892,-0.07734485020295645,0.11146483742795602,0.9907539590958904,-2.9755879589090073,8.571625019348584,12.073443140215366,12.117200444302245,11.39729363944268
05/17/2023 13:13:59.184137,2015,True,True,True,True,Eyes,0.4073911,0.1150316,-2.176346,0.919099,-0.2997971,-0.2556926,0.0,0.0,0.0,0.0,0.0,0.0,0.0,-1.675021,-0.713133,-1.013669,0.5110087,0.117325,-2.016652,0.08924793,0.8039985,-0.1923606,0.5555347,24.10913,109.7712,355.5881,0.1608637,0.05121626,-0.9856465,0.0,0.0,0.0,1.540144,-0.2591415,-2.514241,0.1625736,0.08491656,1.272941,-0.3668322,-0.07021564,-0.9276336,0.3572364,0.9100644,-0.2101547,0.8589625,-0.408476,-0.3087573,moving,-4.553542545319447,6.290965208957605,7.2781270125426305,3.816486875388822,1.0291353,-0.37646650000000004,-0.49758900000000006,-0.0789155886458402,0.10923583459485911,0.9908783179448499,-3.041879912799406,8.528134362884991,12.044259477243935,12.08765682627289,11.344697659503163
05/17/2023 13:13:59.199392,2016,True,True,True,True,Eyes,0.4122507,0.1149066,-2.169813,0.9169615,-0.3010407,-0.2618324,0.0,0.0,0.0,0.0,0.0,0.0,0.0,-1.654412,-0.7247174,-1.030876,0.5172328,0.1168253,-2.010925,0.08725041,0.8065292,-0.1938003,0.5516698,24.13438,110.2728,355.4064,0.163156,0.05128419,-0.9852661,0.0,0.0,0.0,1.54225,-0.2608927,-2.514417,0.1622369,0.08583552,1.272533,-0.3760959,-0.07308752,-0.9236938,0.3545676,0.9096576,-0.2163444,0.8560572,-0.4088781,-0.3162041,moving,-4.6739816404099335,6.216326556883053,7.2655185466221655,3.858897649289188,1.0250171999999997,-0.377718,-0.503492,-0.08100995371078673,0.10792674893685542,0.9908528172701521,-3.1119257088200056,8.507264728466065,12.126238294416307,12.170009686540876,11.37095711792042
05/17/2023 13:13:59.214336,2017,True,True,True,True,Eyes,0.4171501,0.1147788,-2.163331,0.9148218,-0.3023212,-0.2677743,0.0,0.0,0.0,0.0,0.0,0.0,0.0,-1.636023,-0.7322803,-1.046394,0.5230618,0.1159065,-2.005173,0.08706138,0.8087305,-0.1951051,0.5480048,24.26735,110.7678,355.4059,0.1654848,0.05135265,-0.9848741,0.0,0.0,0.0,1.544312,-0.2626066,-2.514589,0.1625144,0.08708102,1.271572,-0.3842221,-0.07301861,-0.9203485,0.3546554,0.9087087,-0.2201547,0.8524041,-0.4109949,-0.3232496,moving,-4.787951587167252,6.2606990453736975,7.28325402971126,3.9176679573788196,1.0212501999999999,-0.37851310000000005,-0.5094159999999999,-0.08297393089378535,0.10867645887623814,0.9906083300393371,-3.1558160189428093,8.531836327370643,12.251135763334899,12.296495424480495,11.413357666670201
05/17/2023 13:13:59.234249,2018,True,True,True,True,Eyes,0.4220818,0.114667,-2.156909,0.9125844,-0.3037417,-0.2737347,0.0,0.0,0.0,0.0,0.0,0.0,0.0,-1.619778,-0.7383106,-1.060051,0.5290108,0.1157181,-1.999812,0.08834867,0.810586,-0.1964247,0.5445753,24.49812,111.2433,355.5435,0.1678489,0.05142134,-0.9844704,0.0,0.0,0.0,1.546507,-0.2644322,-2.514772,0.1619554,0.08818582,1.271029,-0.3912646,-0.07070772,-0.9175579,0.3571645,0.9072237,-0.2222132,0.8481424,-0.4146632,-0.3297102,moving,-4.872834901643258,6.40795338958092,7.26153730951278,3.9689032583410744,1.0174962,-0.3801503,-0.5149599999999999,-0.08441762302237288,0.11120849347267203,0.9902051955676311,-3.166266781689563,8.594150512192792,12.32947938954881,12.377073745501274,11.40754181775194
05/17/2023 13:13:59.243950,2019,True,True,True,True,Eyes,0.4270324,0.114586,-2.150578,0.9103221,-0.3052671,-0.2795099,0.0,0.0,0.0,0.0,0.0,0.0,0.0,-1.6043,-0.7446032,-1.072644,0.5347946,0.1160165,-1.994822,0.09034761,0.8123082,-0.1979593,0.5411144,24.79575,111.7241,355.7386,0.170247,0.0514908,-0.9840548,0.0,0.0,0.0,1.548681,-0.2662402,-2.514953,0.160296,0.08907699,1.270534,-0.3980651,-0.06745711,-0.9148737,0.3610175,0.9052988,-0.2238312,0.8433331,-0.4193848,-0.3360147,moving,-4.9698749614876725,6.619481416733451,7.190688632510105,4.010438021790573,1.0138864,-0.3822567,-0.5201310000000001,-0.08605872580521429,0.11484724956052314,0.9896484816691205,-3.1698054521991663,8.682031822735103,12.38690517066811,12.437299319400463,11.365017655961612
05/17/2023 13:13:59.264109,2020,True,True,True,True,Eyes,0.4319999,0.1145276,-2.144312,0.9079239,-0.3070141,-0.2853359,0.0,0.0,0.0,0.0,0.0,0.0,0.0,-1.588523,-0.7528366,-1.084633,0.5404702,0.1166719,-1.990195,0.09288879,0.8140042,-0.200074,0.5373446,25.1854,112.237,355.9576,0.1726769,0.05156213,-0.9836277,0.0,0.0,0.0,1.550724,-0.2679384,-2.515123,0.1571706,0.0895568,1.269923,-0.4052649,-0.06379365,-0.9119707,0.366241,0.9026842,-0.2258956,0.8376322,-0.4255487,-0.3424623,moving,-5.0937691325086005,6.909803104228493,7.05527101911077,4.033902550003505,1.0102538,-0.3846103,-0.5249280000000001,-0.08814613547044692,0.11983840951002626,0.988872618706051,-3.170378951807322,8.80203951589358,12.430806982419552,12.484789970337955,11.28268795337461
05/17/2023 13:13:59.283968,2021,True,True,True,True,Eyes,0.4370077,0.1144945,-2.138067,0.9055033,-0.3087834,-0.2910613,0.0,0.0,0.0,0.0,0.0,0.0,0.0,-1.572237,-0.7610762,-1.096665,0.5459434,0.1171961,-1.98546,0.09589853,0.8157529,-0.2023497,0.5332967,25.6212,112.7922,356.2249,0.1751368,0.05163602,-0.9831889,0.0,0.0,0.0,1.552848,-0.269705,-2.515301,0.1547243,0.08978607,1.26926,-0.4127963,-0.05936589,-0.9088866,0.3722839,0.8997161,-0.22785,0.8312665,-0.4324195,-0.3492985,moving,-5.258032456380866,7.245869891171795,6.95013278058094,4.046300801348827,1.0069046,-0.3869011,-0.529841,-0.09091545727616285,0.12560512466111362,0.9879057784380413,-3.1806517594217736,8.942323065029733,12.56188131300191,12.620481005631808,11.251836712395765
05/17/2023 13:13:59.299639,2022,True,True,True,True,Eyes,0.4420301,0.1144786,-2.131903,0.9029992,-0.3106202,-0.2968291,0.0,0.0,0.0,0.0,0.0,0.0,0.0,-1.556924,-0.7691059,-1.107576,0.5513144,0.1177169,-1.981024,0.09800401,0.8173258,-0.2042838,0.5297565,25.96164,113.2738,356.4138,0.1776261,0.05171327,-0.9827381,0.0,0.0,0.0,1.555148,-0.2716177,-2.515492,0.1532576,0.08960234,1.268752,-0.4195068,-0.05623892,-0.9060085,0.3766437,0.8973267,-0.2300964,0.8259261,-0.4377694,-0.3552526,moving,-5.347870313385591,7.483334968814341,6.887614948196225,4.0396596966317215,1.0038336,-0.38933460000000003,-0.5344680000000002,-0.09241545972399001,0.12968046573542802,0.9872397571340695,-3.17582038249565,9.039728044593964,12.649110627138946,12.710861456511429,11.237144394342868
05/17/2023 13:13:59.314211,2023,True,True,True,True,Eyes,0.4470783,0.1144782,-2.125808,0.9005789,-0.3122683,-0.3024006,0.0,0.0,0.0,0.0,0.0,0.0,0.0,-1.539704,-0.7784081,-1.120251,0.5567613,0.1181403,-1.976772,0.09849137,0.8192438,-0.2059177,0.526058,26.16885,113.768,356.4692,0.180143,0.05179417,-0.9822755,0.0,0.0,0.0,1.557102,-0.2732419,-2.515656,0.1535003,0.09033574,1.267553,-0.4271248,-0.05527239,-0.9025018,0.3780262,0.8957947,-0.2337692,0.8213773,-0.4410179,-0.3617218,moving,-5.469120281942941,7.584980330484885,6.904879573007901,4.076453093122916,1.0003407,-0.3913822,-0.5388839999999999,-0.09448280349732951,0.13140605640257907,0.9868157970839682,-3.2119140363500893,9.08684906841275,12.797463389559024,12.861789758258151,11.289534125177498
05/17/2023 13:13:59.334023,2024,True,True,True,True,Eyes,0.4521387,0.1144689,-2.11979,0.8981244,-0.3138557,-0.3080052,0.0,0.0,0.0,0.0,0.0,0.0,0.0,-1.522405,-0.7872257,-1.13299,0.562349,0.1184813,-1.972519,0.09767175,0.8211654,-0.2070256,0.5227696,26.23949,114.2016,356.4177,0.1826867,0.05187891,-0.9818013,0.0,0.0,0.0,1.559406,-0.2751577,-2.515848,0.1528406,0.09185314,1.266726,-0.4343446,-0.05604408,-0.8990017,0.3768627,0.8952013,-0.237885,0.8181195,-0.4421242,-0.367705,moving,-5.534006558453062,7.5491806533877215,6.879934809172067,4.147386471073562,0.9970570000000001,-0.393639,-0.5433290000000002,-0.09560833749062031,0.13077533285753692,0.9867912138052153,-3.2487919960511302,9.077305820161044,12.806610913041501,12.87160222884707,11.264777471541729
05/17/2023 13:13:59.343797,2025,True,True,True,True,Eyes,0.4572479,0.1144488,-2.11381,0.8957555,-0.3152782,-0.3134036,0.0,0.0,0.0,0.0,0.0,0.0,0.0,-1.504523,-0.7956577,-1.146286,0.567757,0.1182655,-1.968324,0.09603964,0.8231905,-0.2079199,0.5195218,26.23826,114.6242,356.2976,0.1852549,0.05196648,-0.9813153,0.0,0.0,0.0,1.561322,-0.2767513,-2.516007,0.1514582,0.0942158,1.265476,-0.4417466,-0.05792007,-0.8952681,0.3741557,0.8950914,-0.242526,0.8153939,-0.4421048,-0.3737325,moving,-5.605104255806563,7.4445704236122365,6.824967613459325,4.2578656955323355,0.9935650000000001,-0.39501679999999995,-0.5476830000000001,-0.096856014352177,0.1289578124640164,0.9869087448983096,-3.301931631671935,9.04165107962923,12.766923851259444,12.832060384017913,11.199941558871597
05/17/2023 13:13:59.364396,2026,True,True,True,True,Eyes,0.462373,0.1144111,-2.107909,0.8933527,-0.3166478,-0.318834,0.0,0.0,0.0,0.0,0.0,0.0,0.0,-1.486213,-0.8043448,-1.159769,0.573535,0.1178848,-1.964185,0.09403774,0.8252043,-0.2088045,0.5163291,26.21378,115.0322,356.1382,0.1878484,0.05205602,-0.9808173,0.0,0.0,0.0,1.563492,-0.2785559,-2.516189,0.148959,0.09648564,1.264547,-0.4491227,-0.06042302,-0.8914248,0.3708244,0.8951151,-0.2475039,0.8128828,-0.4417216,-0.3796102,moving,-5.662664922139566,7.3173380572455216,6.718272702436436,4.363245697216519,0.9899570000000001,-0.39644070000000003,-0.5520039999999997,-0.09787547507621486,0.12675323556387064,0.9870937159413107,-3.3532368080962613,8.996390681360666,12.66379638280102,12.72848294712388,11.086087509344793
05/17/2023 13:13:59.384084,2027,True,True,True,True,Eyes,0.4675211,0.1143582,-2.102091,0.8910087,-0.3179868,-0.3240185,0.0,0.0,0.0,0.0,0.0,0.0,0.0,-1.468209,-0.8125944,-1.172731,0.5790864,0.1174331,-1.96013,0.09228703,0.8271534,-0.2097315,0.5131404,26.21065,115.4402,356.0007,0.1904655,0.05214632,-0.9803076,0.0,0.0,0.0,1.565597,-0.2803056,-2.516364,0.14641,0.09824945,1.263861,-0.4563403,-0.0625723,-0.8876027,0.3679144,0.8949916,-0.2522478,0.8101808,-0.4416726,-0.3853995,moving,-5.732777180778491,7.213710381733873,6.6078863479797985,4.445093474255358,0.9865105999999999,-0.3977387,-0.5562339999999999,-0.09910612288422,0.124952439892574,0.9872005677489912,-3.4057309177824298,8.961050005970018,12.583034327396883,12.647419337967762,10.984825630910475
05/17/2023 13:13:59.399550,2028,True,True,True,True,Eyes,0.4726827,0.1142807,-2.096345,0.8886114,-0.3193426,-0.3292265,0.0,0.0,0.0,0.0,0.0,0.0,0.0,-1.45058,-0.8201889,-1.185377,0.5849448,0.117035,-1.956056,0.09122491,0.8290012,-0.2106946,0.5099438,26.25528,115.8568,355.9312,0.1931053,0.05223638,-0.9797862,0.0,0.0,0.0,1.567852,-0.2821807,-2.516552,0.1442079,0.09903094,1.263262,-0.4632705,-0.06363373,-0.8839293,0.366136,0.8945716,-0.256293,0.8070471,-0.4423713,-0.3911299,moving,-5.803364169768563,7.162589900659234,6.512418960966509,4.482422754592021,0.9829072,-0.3992157,-0.5604959999999999,-0.10033362032730248,0.12405624502481077,0.9871895549433913,-3.448219677845689,8.945976021535365,12.539692586776544,12.604039434013076,10.915018546014439
05/17/2023 13:13:59.414445,2029,True,True,True,True,Eyes,0.4778946,0.1141997,-2.090631,0.886255,-0.3207056,-0.3342156,0.0,0.0,0.0,0.0,0.0,0.0,0.0,-1.434361,-0.8261008,-1.196978,0.590485,0.116383,-1.952018,0.09115484,0.8306655,-0.2116425,0.5068465,26.36009,116.2734,355.9616,0.195766,0.05232489,-0.9792534,0.0,0.0,0.0,1.569904,-0.2838876,-2.516723,0.1444419,0.1000299,1.262297,-0.469595,-0.06310213,-0.880624,0.3659788,0.8937966,-0.2592052,0.8034551,-0.4440112,-0.3966284,moving,-5.8785520257503014,7.17974121187988,6.5278389794701175,4.530898219569726,0.9794189999999999,-0.40027060000000003,-0.5647049999999998,-0.10162542376026956,0.12433536872651545,0.9870223216872591,-3.47953521735071,8.957514672707921,12.620389428447977,12.68601225651011,10.942690324522076
05/17/2023 13:13:59.433954,2030,True,True,True,True,Eyes,0.4831248,0.1141054,-2.084998,0.8838404,-0.3221169,-0.3392149,0.0,0.0,0.0,0.0,0.0,0.0,0.0,-1.419063,-0.8322177,-1.207413,0.5963013,0.1161476,-1.948103,0.09156941,0.8321177,-0.2127052,0.5039364,26.50537,116.6654,356.0281,0.1984487,0.05241174,-0.9787086,0.0,0.0,0.0,1.572139,-0.2857459,-2.51691,0.1454718,0.1009553,1.26142,-0.4753267,-0.06198664,-0.8776232,0.3667727,0.8927432,-0.2617011,0.7997141,-0.4462817,-0.4016097,moving,-5.926789230000419,7.240643368289973,6.57850828786146,4.575803292775998,0.9758376999999999,-0.4018935,-0.5688070000000003,-0.10244285652274165,0.1253738683660597,0.9868063399665465,-3.4899096598917865,8.984147627711804,12.718752288647673,12.78607987767587,10.991202834358045
05/17/2023 13:13:59.443916,2031,True,True,True,True,Eyes,0.488404,0.1140075,-2.0794,0.8814696,-0.3235503,-0.3439863,0.0,0.0,0.0,0.0,0.0,0.0,0.0,-1.404055,-0.8378478,-1.217772,0.6020169,0.1157515,-1.944352,0.09221648,0.8335524,-0.2137381,0.5010015,26.66191,117.0655,356.1226,0.2011523,0.05249624,-0.9781519,0.0,0.0,0.0,1.574205,-0.2874639,-2.517082,0.1460633,0.102075,1.260453,-0.4809873,-0.0604317,-0.8746424,0.3679007,0.8916243,-0.2639226,0.7958018,-0.448725,-0.4066271,moving,-5.992474455981869,7.312333801688498,6.610043593116509,4.629868472792711,0.9721881000000001,-0.4032154,-0.5727299999999997,-0.10355791961421507,0.12659380757260333,0.9865342326099926,-3.5062254768356995,9.016082004989755,12.815481779363543,12.884839208099509,11.026230953762042
05/17/2023 13:13:59.464112,2032,True,True,True,True,Eyes,0.4937058,0.1139084,-2.073888,0.8790623,-0.3250039,-0.3487436,0.0,0.0,0.0,0.0,0.0,0.0,0.0,-1.389752,-0.8432,-1.227286,0.6078866,0.1155042,-1.940557,0.09283749,0.8348303,-0.2146852,0.4983471,26.80671,117.4273,356.2118,0.2038775,0.05257833,-0.9775831,0.0,0.0,0.0,1.576297,-0.2892032,-2.517257,0.1445034,0.1039025,1.259579,-0.4860629,-0.05896832,-0.8719321,0.3689825,0.890583,-0.2659208,0.7922089,-0.4509819,-0.411121,moving,-6.020934581141721,7.374278565219332,6.544564384355425,4.715644391446427,0.9684104,-0.4047074,-0.5766999999999998,-0.10403369618104247,0.12765395088763223,0.986347616066034,-3.5072813463609336,9.041820326428066,12.772729823698834,12.843679376326044,10.943281080852074
05/17/2023 13:13:59.483772,2033,True,True,True,True,Eyes,0.4990572,0.1138013,-2.068433,0.8767203,-0.3264318,-0.3532758,0.0,0.0,0.0,0.0,0.0,0.0,0.0,-1.375792,-0.8487633,-1.236533,0.6137334,0.115319,-1.937072,0.09310356,0.8360618,-0.2155766,0.4958418,26.92347,117.7636,356.2636,0.206623,0.05265795,-0.9770022,0.0,0.0,0.0,1.578451,-0.2909946,-2.517436,0.1432222,0.1046905,1.2588,-0.4909451,-0.05810312,-0.8692506,0.3694644,0.8897169,-0.2681414,0.7889668,-0.4528,-0.4153352,moving,-6.040896043346137,7.407017342467218,6.491015787709851,4.754171681696158,0.9647176000000001,-0.4063136,-0.5803640000000001,-0.10436972908653835,0.12821297901842343,0.9862395180738774,-3.5101070194634167,9.055745940933928,12.73791715106206,12.8096215494929,10.886964614248468
05/17/2023 13:13:59.499770,2034,True,True,True,True,Eyes,0.5044302,0.1136819,-2.063067,0.8743469,-0.3278492,-0.3578162,0.0,0.0,0.0,0.0,0.0,0.0,0.0,-1.361602,-0.8536599,-1.246531,0.619827,0.1149604,-1.933684,0.09337125,0.8373643,-0.2162813,0.4932801,27.02176,118.1147,356.3312,0.2093891,0.05273477,-0.976409,0.0,0.0,0.0,1.580602,-0.2927828,-2.517616,0.1372329,0.1044486,1.260517,-0.4959131,-0.05700303,-0.8664991,0.369746,0.8890084,-0.2700961,0.7857214,-0.4543288,-0.4197944,moving,-6.06983087087486,7.422359957902736,6.213339074295092,4.736805243678574,0.960775,-0.40774320000000003,-0.5839319999999999,-0.10486425469260469,0.12847035097472556,0.9861535831050282,-3.520456020598691,9.063555535224108,12.502349170731287,12.573323666597389,10.652114111047046
05/17/2023 13:13:59.514738,2035,True,True,True,True,Eyes,0.5098363,0.1135563,-2.057786,0.8720633,-0.3291926,-0.3621299,0.0,0.0,0.0,0.0,0.0,0.0,0.0,-1.3473,-0.8584043,-1.25666,0.6257792,0.1146282,-1.930423,0.09340265,0.8387108,-0.2168771,0.4907182,27.09473,118.4654,356.3822,0.2121747,0.05280823,-0.9758035,0.0,0.0,0.0,1.582726,-0.2945491,-2.517793,0.1248815,0.1164227,1.259463,-0.500943,-0.05617545,-0.8636551,0.3695267,0.8884805,-0.2721255,0.7826275,-0.4554631,-0.4243199,moving,-6.11281440269034,7.413882161590028,5.662628613253643,5.281319584304734,0.9569468000000001,-0.4091773,-0.5873700000000002,-0.10560620345957827,0.12831431455372086,0.9860948220364628,-3.5419185758505356,9.063105991257355,11.892919913982498,11.966991324797625,9.951160604887113
05/17/2023 13:13:59.534474,2036,True,True,True,True,Eyes,0.5152749,0.1134233,-2.052601,0.8697611,-0.3304641,-0.3664823,0.0,0.0,0.0,0.0,0.0,0.0,0.0,-1.332546,-0.8627513,-1.267585,0.6319132,0.1143331,-1.927279,0.09298026,0.8401627,-0.2172042,0.4881636,27.11339,118.8166,356.4042,0.2149797,0.05287812,-0.9751856,0.0,0.0,0.0,1.584825,-0.2962943,-2.517968,0.1237809,0.1145809,1.261055,-0.5061023,-0.05582531,-0.8606652,0.3682995,0.8883539,-0.2741947,0.7798824,-0.455753,-0.4290377,moving,-6.153497958009475,7.352662904183102,5.606002152579019,5.191704260486593,0.9529118,-0.4106274,-0.5906890000000002,-0.10632104860387653,0.1272508684492212,0.9861557786566992,-3.5725908131619857,9.042179823329784,11.883860206650484,11.956403519064478,9.953528564825785
05/17/2023 13:13:59.546012,2037,True,True,True,True,Eyes,0.5207587,0.1132829,-2.047501,0.8675284,-0.3316562,-0.3706732,0.0,0.0,0.0,0.0,0.0,0.0,0.0,-1.317288,-0.8665395,-1.279512,0.6381558,0.1140195,-1.92433,0.0922045,0.841754,-0.2172566,0.4855391,27.08365,119.1809,356.4102,0.2178032,0.05294416,-0.9745553,0.0,0.0,0.0,1.587015,-0.2981156,-2.518151,0.1166737,0.1153769,1.261184,-0.5115004,-0.05574617,-0.8574731,0.3662001,0.8885958,-0.2762155,0.7773449,-0.455291,-0.4341029,moving,-6.21527467771178,7.244043367915954,5.285459826220047,5.227040442169942,0.9488592,-0.4121351,-0.5938209999999999,-0.10741023499729552,0.12536634424036064,0.9862790184085196,-3.622214957074765,9.004368934640915,11.605666787210271,11.676266309586984,9.675478312981706
05/17/2023 13:13:59.564040,2038,True,True,True,True,Eyes,0.5262803,0.113123,-2.042502,0.8652929,-0.3327319,-0.3749101,0.0,0.0,0.0,0.0,0.0,0.0,0.0,-1.302304,-0.8691484,-1.291885,0.6446016,0.1136545,-1.921446,0.09113013,0.8433541,-0.2169355,0.4831026,26.99787,119.5252,356.4034,0.2206455,0.05300612,-0.9739123,0.0,0.0,0.0,1.589088,-0.2998391,-2.518324,0.1116235,0.1132026,1.261829,-0.5166144,-0.05589423,-0.8543918,0.3633141,0.8892686,-0.2778565,0.7753143,-0.4539573,-0.4391018,moving,-6.2534810067594195,7.087178486640674,5.055320969351846,5.1264584544548715,0.9444864000000001,-0.4134936,-0.5968779999999998,-0.10810477563741466,0.12265634165754147,0.9865438066733796,-3.670369444542997,8.946419832526725,11.410435613051307,11.477518250018719,9.525218009531171
05/17/2023 13:13:59.583933,2039,True,True,True,True,Eyes,0.531881,0.112941,-2.03755,0.8630669,-0.3337706,-0.3790947,0.0,0.0,0.0,0.0,0.0,0.0,0.0,-1.287193,-0.8712504,-1.304842,0.6510487,0.1130132,-1.918833,0.08989516,0.8450162,-0.2164948,0.4806208,26.89098,119.8764,356.3886,0.2235052,0.05306314,-0.9732569,0.0,0.0,0.0,1.591207,-0.3016009,-2.5185,0.1073509,0.1136975,1.262,-0.521845,-0.05617807,-0.8511885,0.3600295,0.8900977,-0.2794723,0.7733411,-0.4522942,-0.4442673,moving,-6.300501538124246,6.909638828371649,4.862109475579888,5.148056242083815,0.9401583,-0.4146141,-0.599667,-0.10895546161473674,0.11958763973930847,0.9868270277378711,-3.7266123087860112,8.881080742155518,11.236184451989338,11.300754746988423,9.364913977574856
05/17/2023 13:13:59.599519,2040,True,True,True,True,Eyes,0.5375269,0.1127291,-2.0327,0.8608311,-0.3347415,-0.3832987,0.0,0.0,0.0,0.0,0.0,0.0,0.0,-1.271686,-0.8739281,-1.317571,0.657699,0.1121767,-1.916188,0.08859637,0.8466333,-0.2162564,0.4781172,26.80135,120.2216,356.3531,0.2263849,0.05311448,-0.9725884,0.0,0.0,0.0,1.593372,-0.3034015,-2.518681,0.1035231,0.1124281,1.262197,-0.5271094,-0.0567745,-0.8478988,0.356809,0.8907677,-0.2814608,0.7712607,-0.4508985,-0.4492744,moving,-6.344480642512617,6.751831511758976,4.688800492745881,5.09009299789274,0.935673,-0.4155782,-0.602493,-0.1097487915072426,0.1168589454092701,0.9870659236402006,-3.777611066724136,8.823146858915473,11.095953514684892,11.157717844528845,9.25288148760289
05/17/2023 13:13:59.614497,2041,True,True,True,True,Eyes,0.5432313,0.1124841,-2.027942,0.8586154,-0.3357482,-0.3873665,0.0,0.0,0.0,0.0,0.0,0.0,0.0,-1.256777,-0.8775688,-1.329161,0.6644416,0.1112385,-1.913746,0.08748987,0.8480531,-0.2163836,0.4757413,26.76002,120.5384,356.3082,0.2292843,0.05315896,-0.9719065,0.0,0.0,0.0,1.595492,-0.3051639,-2.518858,0.100248,0.1109169,1.261845,-0.5320317,-0.05749316,-0.8447704,0.3542773,0.8910473,-0.2837645,0.769045,-0.4502547,-0.4536969,moving,-6.373383394655937,6.640914572233548,4.542355598714484,5.023420627770892,0.9310504,-0.4164024,-0.6051119999999999,-0.11027154808044681,0.11494121596972706,0.9872328837705886,-3.8125304462130702,8.782295605231518,10.975402219789007,11.034928383626278,9.161509805698229
05/17/2023 13:13:59.634085,2042,True,True,True,True,Eyes,0.5489868,0.1122084,-2.023293,0.8563862,-0.3367386,-0.3914204,0.0,0.0,0.0,0.0,0.0,0.0,0.0,-1.242143,-0.8827591,-1.339472,0.6713809,0.1101814,-1.911406,0.08627727,0.8492591,-0.216976,0.4735365,26.75963,120.8123,356.2146,0.2322036,0.05319536,-0.9712112,0.0,0.0,0.0,1.597665,-0.3069711,-2.519039,0.09720305,0.1076356,1.261828,-0.536639,-0.0589486,-0.8417505,0.3520356,0.8909553,-0.2868268,0.7668701,-0.4502485,-0.4573694,moving,-6.370748024001645,6.57055540834698,4.404995889254724,4.875603276563132,0.9262840999999999,-0.4171525,-0.6076329999999999,-0.11024162162953827,0.11372919265992013,0.9873766218692706,-3.8250160453820126,8.755007368046035,10.851126867286846,10.908231736313649,9.098509358640975
05/17/2023 13:13:59.649944,2043,True,True,True,True,Eyes,0.5548296,0.1118992,-2.018715,0.8541342,-0.3378256,-0.3953841,0.0,0.0,0.0,0.0,0.0,0.0,0.0,-1.226975,-0.8901457,-1.348979,0.6783738,0.1091709,-1.909309,0.08474971,0.8503787,-0.2180956,0.4712834,26.79566,121.0689,356.0537,0.2351421,0.05322268,-0.9705024,0.0,0.0,0.0,1.599823,-0.3087659,-2.519219,0.09345549,0.1066759,1.261499,-0.5414191,-0.06143095,-0.8385057,0.3497083,0.8905035,-0.2910454,0.7645715,-0.45081,-0.4606529,moving,-6.365414094207523,6.52456499240384,4.236897083025781,4.833592531644296,0.9214492,-0.4179368,-0.6099100000000002,-0.11015970210103126,0.11293762609532564,0.9874765246843966,-3.831512773833073,8.736933622924596,10.680684094093566,10.736311757858628,8.962996669258244
05/17/2023 13:13:59.664142,2044,True,True,True,True,Eyes,0.5607311,0.1115456,-2.014244,0.8518301,-0.3389376,-0.3993829,0.0,0.0,0.0,0.0,0.0,0.0,0.0,-1.209739,-0.8994452,-1.359205,0.6856102,0.1079838,-1.907403,0.08305135,0.8516579,-0.2196725,0.4685352,26.87185,121.3764,355.8608,0.238102,0.05323991,-0.9697796,0.0,0.0,0.0,1.601913,-0.310503,-2.519393,0.08987933,0.1083462,1.261091,-0.5471545,-0.06438587,-0.8345516,0.3473112,0.889693,-0.2963467,0.7615753,-0.4519966,-0.4644375,moving,-6.411305552979499,6.508784543541832,4.076639453311284,4.910488925440151,0.9163028,-0.4184868,-0.61199,-0.11095416554231019,0.11265563029836714,0.9874197683270611,-3.855737603794534,8.733860356634342,10.553392529655554,10.609031027281558,8.805723983692122
05/17/2023 13:13:59.684079,2045,True,True,True,True,Eyes,0.5667092,0.111147,-2.009866,0.8494838,-0.3401791,-0.4033055,0.0,0.0,0.0,0.0,0.0,0.0,0.0,-1.191389,-0.9089311,-1.369925,0.6929308,0.1065711,-1.905451,0.08151253,0.8530403,-0.2213719,0.4654807,26.97254,121.7251,355.6872,0.2410827,0.05324558,-0.9690426,0.0,0.0,0.0,1.604008,-0.3122451,-2.519568,0.08655888,0.1111891,1.26058,-0.5533668,-0.06702175,-0.830237,0.3451557,0.8887004,-0.3017933,0.7580586,-0.4535634,-0.4686444,moving,-6.49735105993345,6.506757016980823,3.928101232468757,5.0407125617939395,0.9110772000000001,-0.41881619999999997,-0.614117,-0.11243761262333601,0.11260179103042477,0.9872580679811155,-3.895792088603109,8.73871948805633,10.471607483939843,10.5280264934003,8.653817765945709
05/17/2023 13:13:59.704046,2046,True,True,True,True,Eyes,0.5727586,0.1107148,-2.005596,0.8470899,-0.3414515,-0.4072461,0.0,0.0,0.0,0.0,0.0,0.0,0.0,-1.173586,-0.9179518,-1.380393,0.7004954,0.1050856,-1.903598,0.08037931,0.8543307,-0.2230466,0.4625026,27.09469,122.0698,355.5562,0.2440851,0.05323833,-0.9682911,0.0,0.0,0.0,1.606251,-0.3141106,-2.519755,0.0827539,0.1149176,1.260369,-0.5592613,-0.06897828,-0.826117,0.3436603,0.8875787,-0.3067599,0.7544037,-0.4554624,-0.4726834,moving,-6.574316640912039,6.529276485326724,3.756561182356895,5.209694964859792,0.9057556000000001,-0.4191962,-0.6161570000000001,-0.11375887328050516,0.11297270779716148,0.9870642823759743,-3.9268817252885713,8.752443489880475,10.35725953635005,10.41481310386642,8.460872415217217
05/17/2023 13:13:59.714394,2047,True,True,True,True,Eyes,0.5789085,0.1102489,-2.001398,0.844673,-0.3428188,-0.4110997,0.0,0.0,0.0,0.0,0.0,0.0,0.0,-1.156185,-0.9267737,-1.390601,0.708246,0.1038036,-1.901856,0.07932518,0.8555514,-0.2246427,0.4596464,27.21365,122.4005,355.4351,0.2471092,0.05321744,-0.9675248,0.0,0.0,0.0,1.608252,-0.3157746,-2.519922,0.07794833,0.1203662,1.259847,-0.5648653,-0.07077882,-0.8221419,0.342246,0.8864864,-0.3114636,0.7508627,-0.4573098,-0.4765217,moving,-6.639579525933745,6.544740781548882,3.540449392667262,5.457492745136979,0.900006,-0.4195782,-0.6180660000000002,-0.11487982482810999,0.11322443333787074,0.9869057824561122,-3.953951188563975,8.762681379629509,10.179171700700898,10.237924451578763,8.190867596386704
05/17/2023 13:13:59.734255,2048,True,True,True,True,Eyes,0.5851399,0.1097335,-1.997306,0.8422167,-0.3442264,-0.4149448,0.0,0.0,0.0,0.0,0.0,0.0,0.0,-1.139331,-0.9354358,-1.400327,0.7161767,0.1024632,-1.900163,0.07823624,0.8566509,-0.2262308,0.456999,27.32965,122.7004,355.3039,0.2501568,0.05318235,-0.9667433,0.0,0.0,0.0,1.610536,-0.3176735,-2.520113,0.07229513,0.1268921,1.25976,-0.5700623,-0.07273224,-0.818376,0.3408168,0.8853974,-0.316094,0.7475783,-0.4591094,-0.4799433,moving,-6.6756594576154455,6.556911718176495,3.2844887125252358,5.751843235445126,0.8943593,-0.42013670000000003,-0.6199499999999998,-0.11549858750385922,0.11342586735849924,0.9868103263350441,-3.968211064003305,8.769737031971658,9.93294141362985,9.992631627006178,7.855529072925036
05/17/2023 13:13:59.744543,2049,True,True,True,True,Eyes,0.5914637,0.1091704,-1.993305,0.8397723,-0.3457388,-0.4186252,0.0,0.0,0.0,0.0,0.0,0.0,0.0,-1.122352,-0.9448369,-1.409649,0.7243943,0.1008249,-1.898575,0.07717489,0.8576504,-0.228092,0.454372,27.4761,122.9873,355.1572,0.2532288,0.05313168,-0.965946,0.0,0.0,0.0,1.612553,-0.3193504,-2.520281,0.06795537,0.1315978,1.259412,-0.5751806,-0.07489907,-0.8145906,0.3396554,0.8840361,-0.3211142,0.7441787,-0.4613787,-0.4830406,moving,-6.712012095113237,6.591544408405366,3.0885713570465962,5.965272030256763,0.8881586999999999,-0.4201753,-0.6217060000000003,-0.11611679539952913,0.11401405002616471,0.9866699437859374,-3.9782228985127412,8.78546702060347,9.759969165474427,9.820572951431146,7.6087502806954515
05/17/2023 13:13:59.764103,2050,True,True,True,True,Eyes,0.5978758,0.108558,-1.989416,0.8372751,-0.347354,-0.4222743,0.0,0.0,0.0,0.0,0.0,0.0,0.0,-1.106377,-0.9550101,-1.417542,0.7326846,0.09910759,-1.897074,0.07636053,0.8584024,-0.2302662,0.4519865,27.66817,123.2326,355.0085,0.2563256,0.05306431,-0.9651325,0.0,0.0,0.0,1.614755,-0.321182,-2.520465,0.0630706,0.1335055,1.259427,-0.5797544,-0.07705832,-0.8111392,0.3392506,0.882293,-0.3262942,0.7408062,-0.46435,-0.4853712,moving,-6.71350503534017,6.669931238311897,2.8669091812812133,6.051038662889736,0.8820703999999999,-0.42028959,-0.6233910000000003,-0.11612429374910399,0.11536371748624881,0.9865122097194362,-3.963647594850209,8.815774123634517,9.539467611798655,9.600383564314177,7.368871558105389
05/17/2023 13:13:59.784068,2051,True,True,True,True,Eyes,0.6043881,0.1078898,-1.985605,0.8347424,-0.3491127,-0.4258234,0.0,0.0,0.0,0.0,0.0,0.0,0.0,-1.089996,-0.9663864,-1.425116,0.741226,0.09734053,-1.8958,0.0759083,0.8591103,-0.2327914,0.4494171,27.91856,123.4973,354.8827,0.2594474,0.05297913,-0.9643027,0.0,0.0,0.0,1.616826,-0.3229036,-2.520638,0.05948991,0.1326537,1.259381,-0.5845247,-0.07881369,-0.8075393,0.3396681,0.8800921,-0.3317581,0.736856,-0.468216,-0.4876651,moving,-6.739598089727451,6.797508552303365,2.704494451908845,6.0129331862458155,0.8756,-0.42024413,-0.624838,-0.11654341362732401,0.11755423928080275,0.9862042147617363,-3.950832526153755,8.866651185190994,9.414925357515488,9.476626110595197,7.241345427641988
05/17/2023 13:13:59.799714,2052,True,True,True,True,Eyes,0.6109904,0.1071992,-1.981899,0.8321555,-0.350978,-0.4293385,0.0,0.0,0.0,0.0,0.0,0.0,0.0,-1.073749,-0.978266,-1.431761,0.7496775,0.09531688,-1.894408,0.07602238,0.8597127,-0.2356223,0.4467624,28.2333,123.7733,354.802,0.2625957,0.05287486,-0.9634559,0.0,0.0,0.0,1.619025,-0.3247326,-2.520821,0.05589718,0.1308092,1.259535,-0.5892479,-0.07981954,-0.8039999,0.3412492,0.8774055,-0.3372071,0.7323496,-0.4730629,-0.4897709,moving,-6.777093863595331,6.986523822382163,2.5410746118174687,5.929205652189101,0.8693474999999999,-0.42004948,-0.6264130000000001,-0.11714281813210242,0.12079842871633091,0.9857409294668831,-3.9313099937183,8.94195309281558,9.314723729840349,9.377962755801354,7.139216317144188
05/17/2023 13:13:59.814226,2053,True,True,True,True,Eyes,0.6176981,0.1064891,-1.978288,0.82965,-0.3527576,-0.4327157,0.0,0.0,0.0,0.0,0.0,0.0,0.0,-1.057877,-0.9896618,-1.438669,0.758453,0.09412328,-1.893196,0.07607488,0.8603314,-0.2380764,0.4442548,28.50546,124.0403,354.7353,0.2657703,0.05275192,-0.9625917,0.0,0.0,0.0,1.621069,-0.3264316,-2.520991,0.05272675,0.1285484,1.259156,-0.5937008,-0.08063401,-0.8006359,0.3424324,0.8750645,-0.3420559,0.7281893,-0.4772425,-0.4919148,moving,-6.81007172390082,7.139742376951532,2.3978413501621856,5.829183410589515,0.862616,-0.42055487999999996,-0.6277949999999999,-0.11767182874019566,0.12342626011397584,0.9853523344060565,-3.916675394636081,9.003163263299232,9.23632801136735,9.300711154735014,7.067338241922831
05/17/2023 13:13:59.834363,2054,True,True,True,True,Eyes,0.6245396,0.1058607,-1.974818,0.8271486,-0.3544716,-0.4360909,0.0,0.0,0.0,0.0,0.0,0.0,0.0,-1.042189,-0.9972438,-1.448171,0.7674055,0.09292151,-1.89217,0.07563122,0.8612311,-0.2393806,0.4418799,28.63081,124.3203,354.6864,0.2689725,0.05261081,-0.9617096,0.0,0.0,0.0,1.623206,-0.3282092,-2.52117,0.04939091,0.1268217,1.258978,-0.5980444,-0.08128306,-0.7973307,0.3418269,0.8739537,-0.3454843,0.7249122,-0.4791639,-0.4948784,moving,-6.838047171040829,7.150974238927498,2.246616089031638,5.752220266057256,0.8558005,-0.42113070999999996,-0.6290000000000002,-0.11815018457995485,0.1236123656037546,0.985271897348593,-3.927382645436884,9.009325738185918,9.128081757761567,9.191714705403491,6.980472507630798
05/17/2023 13:13:59.843967,2055,True,True,True,True,Eyes,0.6314899,0.1054707,-1.971485,0.8247356,-0.3560444,-0.4393672,0.0,0.0,0.0,0.0,0.0,0.0,0.0,-1.026721,-1.00546,-1.458759,0.7774536,0.09424479,-1.892028,0.07440478,0.8622147,-0.2400063,0.4398257,28.64128,124.5635,354.5854,0.2722033,0.05245673,-0.9608085,0.0,0.0,0.0,1.625429,-0.3300574,-2.521355,0.04610944,0.1258849,1.258606,-0.6020345,-0.08281611,-0.7941638,0.3394277,0.8737218,-0.3484237,0.7227332,-0.4793242,-0.4979006,moving,-6.833910385223977,7.053710378753508,2.098111187906276,5.711688396685354,0.8479754,-0.42430219,-0.6293269999999997,-0.11810364741610224,0.12194028112560694,0.9854856962029336,-3.9444150810051166,8.97157036878484,8.970950282415908,9.032277253451555,6.865781396352747
05/17/2023 13:13:59.864112,2056,True,True,True,True,Eyes,0.6385603,0.1048805,-1.968211,0.8221337,-0.3578127,-0.4427938,0.0,0.0,0.0,0.0,0.0,0.0,0.0,-1.006171,-1.02191,-1.467241,0.7866787,0.09948018,-1.892278,0.07124596,0.8634351,-0.2417299,0.4370016,28.66617,124.8343,354.2282,0.2754624,0.05230198,-0.9598876,0.0,0.0,0.0,1.627582,-0.3318477,-2.521535,0.04279888,0.1265502,1.258167,-0.6079074,-0.0882402,-0.7890896,0.3343053,0.8729813,-0.3551671,0.7202005,-0.4797055,-0.5011925,moving,-6.87274254309579,6.926712539730455,1.9482707769305845,5.743663425033617,0.8409033000000001,-0.43132788,-0.6292570000000002,-0.1188035117344095,0.11974556388487553,0.9856707481734888,-3.9870423352740136,8.925172650411136,8.840764292095743,8.89999332583276,6.734236607891803
05/17/2023 13:13:59.884192,2057,True,True,True,True,Eyes,0.6456996,0.104461,-1.965029,0.8197033,-0.3595788,-0.4458583,0.0,0.0,0.0,0.0,0.0,0.0,0.0,-0.9864012,-1.024842,-1.481096,0.7966605,0.09420384,-1.890341,0.07524496,0.8650023,-0.2430064,0.432501,29.04453,125.5086,354.7479,0.2787519,0.05213665,-0.9589465,0.0,0.0,0.0,1.629589,-0.3335166,-2.521702,0.04012769,0.1276587,1.257375,-0.6145622,-0.08002688,-0.7847987,0.3403752,0.8705721,-0.3553151,0.7116587,-0.4854892,-0.5077816,moving,-7.241545724080121,7.202240353253809,1.827909095529601,5.7972579872431895,0.8329285,-0.42772044,-0.6313609999999998,-0.12507363417801365,0.12438754040326788,0.9843192383292882,-4.103378784257194,9.055533422711168,9.112075652159216,9.177635107899137,6.767313700891941
05/17/2023 13:13:59.900351,2058,True,True,True,True,Eyes,0.6529392,0.1040725,-1.961989,0.8172154,-0.3613609,-0.4489736,0.0,0.0,0.0,0.0,0.0,0.0,0.0,-0.98905,-1.030131,-1.480041,0.8048997,0.0978702,-1.890097,0.07866367,0.8640537,-0.2433162,0.4336132,29.2549,125.4127,355.0638,0.2820699,0.05196967,-0.9579849,0.0,0.0,0.0,1.631867,-0.3354104,-2.521892,0.03706062,0.1290414,1.256847,-0.6115832,-0.07507093,-0.7876105,0.3469495,0.8692186,-0.3522573,0.7110499,-0.4886957,-0.5055537,moving,-6.893957252573018,7.382865199376815,1.6889899954134167,5.862059270516043,0.8269673,-0.4332806,-0.6317949999999999,-0.11905118821921007,0.1275851532689008,0.9846567152017373,-3.9079988271383086,9.102358471062802,8.651697268050425,8.716641218667657,6.4672886736895325
05/17/2023 13:13:59.914248,2059,True,True,True,True,Eyes,0.6602342,0.1037293,-1.959075,0.8148082,-0.3630247,-0.4519961,0.0,0.0,0.0,0.0,0.0,0.0,0.0,-0.9699468,-1.041565,-1.490312,0.8145424,0.09823038,-1.890385,0.07754614,0.865211,-0.2449893,0.4305541,29.38729,125.7611,354.9449,0.2854159,0.0518022,-0.9570024,0.0,0.0,0.0,1.633863,-0.3370706,-2.522059,0.03502882,0.1301454,1.255959,-0.6172196,-0.07677472,-0.7830362,0.3451498,0.8679338,-0.3571592,0.7070443,-0.4907104,-0.5092069,moving,-7.014069801290621,7.384672714456458,1.5975707824994951,5.916008005387995,0.8193206000000001,-0.43530098,-0.6316740000000001,-0.12111512389576923,0.12758411606619124,0.9844050132460016,-3.9630085747164676,9.11092876197024,8.670313267229334,8.735979027678816,6.41307737585758
05/17/2023 13:13:59.934465,2060,True,True,True,True,Eyes,0.6676226,0.1034375,-1.956285,0.8124,-0.3646178,-0.4550385,0.0,0.0,0.0,0.0,0.0,0.0,0.0,-0.9551795,-1.047478,-1.500177,0.8235676,0.09900364,-1.889986,0.07620808,0.8661703,-0.2452892,0.4286892,29.35791,125.9853,354.8466,0.2887872,0.05163606,-0.9559994,0.0,0.0,0.0,1.636038,-0.3388786,-2.52224,0.03315234,0.1305054,1.255265,-0.6208355,-0.07828733,-0.7800218,0.342324,0.8680511,-0.3595853,0.7052497,-0.4902637,-0.5121173,moving,-6.998369607643315,7.247022493115602,1.5128659708866177,5.935512317518807,0.8124704000000001,-0.43788224,-0.6322540000000001,-0.12088204821772924,0.12522235870054244,0.9847369333275002,-3.982575260115209,9.05685101633182,8.548559921562713,8.611689149866459,6.320018164222519
05/17/2023 13:13:59.943903,2061,True,True,True,True,Eyes,0.675077,0.1031605,-1.953608,0.8100674,-0.3660937,-0.4580023,0.0,0.0,0.0,0.0,0.0,0.0,0.0,-0.9375924,-1.056483,-1.510453,0.8331862,0.09992205,-1.89011,0.07407609,0.8672215,-0.2462194,0.4263986,29.35539,126.2286,354.635,0.2921831,0.05147317,-0.9549758,0.0,0.0,0.0,1.638189,-0.3406674,-2.522419,0.03109223,0.1304936,1.254302,-0.6253942,-0.08149448,-0.7760422,0.338456,0.8677775,-0.3638816,0.7030863,-0.4902253,-0.5151207,moving,-7.023612963209134,7.1264537171793965,1.4199840284432366,5.9395035372202,0.8050027999999999,-0.44058945,-0.6323090000000002,-0.12134771278565765,0.12314282805171971,0.9849418627659474,-4.017687365995645,9.012040190636329,8.46552975964712,8.526616027894425,6.24569865431278
05/17/2023 13:13:59.964029,2062,True,True,True,True,Eyes,0.6825976,0.1028767,-1.951029,0.8077583,-0.3675305,-0.4609207,0.0,0.0,0.0,0.0,0.0,0.0,0.0,-0.9243668,-1.059454,-1.521211,0.8425214,0.1000124,-1.889745,0.0730999,0.8681403,-0.2459466,0.4248515,29.28444,126.4361,354.6014,0.295602,0.05131352,-0.9539317,0.0,0.0,0.0,1.64032,-0.3424397,-2.522597,0.0288831,0.12995,1.253457,-0.6283149,-0.08205958,-0.773619,0.3359036,0.8683334,-0.3649191,0.7017043,-0.4891455,-0.5180228,moving,-6.988797258639584,6.96579302258706,1.320018896710559,5.918896172538193,0.7977986,-0.4424521,-0.6328520000000002,-0.12079030987197531,0.12038876649487418,0.9853508396913786,-4.032924002347833,8.947841443227047,8.31657974277619,8.374510070329475,6.150488365439613
05/17/2023 13:13:59.984097,2063,True,True,True,True,Eyes,0.6901628,0.1025892,-1.948556,0.8054784,-0.3689996,-0.4637281,0.0,0.0,0.0,0.0,0.0,0.0,0.0,-0.9162911,-1.060818,-1.529887,0.8516392,0.09959207,-1.889516,0.07428503,0.868614,-0.2455798,0.423889,29.31465,126.6117,354.7921,0.2990427,0.05115611,-0.9528672,0.0,0.0,0.0,1.642417,-0.3441833,-2.522772,0.02669889,0.1281244,1.252534,-0.6295995,-0.07914715,-0.7728778,0.3372473,0.8683445,-0.3636509,0.6999061,-0.4896054,-0.5200171,moving,-6.914406371605173,6.934067313773625,1.221126205496639,5.84059381992276,0.7907778,-0.44377537,-0.6332559999999998,-0.11951853252105826,0.11986171692158988,0.9855700876127232,-4.0048137133541495,8.930738257417257,8.15246843419902,8.208688969308024,6.0711976314411285
05/17/2023 13:14:00.000610,2064,True,True,True,True,Eyes,0.6977682,0.1022944,-1.946193,0.8032104,-0.3704976,-0.4664596,0.0,0.0,0.0,0.0,0.0,0.0,0.0,-0.9113404,-1.062361,-1.536551,0.8604302,0.09926651,-1.889431,0.07632757,0.8687421,-0.2453505,0.4233961,29.40148,126.735,355.052,0.3025026,0.05100018,-0.9517828,0.0,0.0,0.0,1.644584,-0.3459852,-2.522953,0.02415854,0.1251451,1.251642,-0.6298195,-0.07514292,-0.7730981,0.3403788,0.8679545,-0.361659,0.6981901,-0.4909262,-0.5210776,moving,-6.792875942309791,6.970579468740034,1.10575590192359,5.709727461944474,0.7841538,-0.44525170999999997,-0.6335219999999997,-0.11741834148723468,0.12052016769122861,0.9857422578788763,-3.941688866632262,8.936842909438193,7.943699454976799,7.998633182849305,5.990907510809563
05/17/2023 13:14:00.014209,2065,True,True,True,True,Eyes,0.7053953,0.1020043,-1.943951,0.8008827,-0.3721371,-0.469149,0.0,0.0,0.0,0.0,0.0,0.0,0.0,-0.904163,-1.06716,-1.542544,0.8690104,0.09883184,-1.889665,0.07765114,0.8688898,-0.2459348,0.4225127,29.53781,126.8682,355.1948,0.3059794,0.05084488,-0.950679,0.0,0.0,0.0,1.646776,-0.3478076,-2.523136,0.02213418,0.1209236,1.250687,-0.6309068,-0.07288062,-0.7724281,0.3427617,0.8669727,-0.3617634,0.6960396,-0.4929977,-0.5219982,moving,-6.698364147288992,7.031979988062231,1.0138929403579127,5.522519202983947,0.7777656000000001,-0.44663944,-0.6334710000000001,-0.11577679327464141,0.12160004869698308,0.985803766909334,-3.8861710775425475,8.954310348237033,7.80440167557505,7.858586466257725,5.982292022641514
05/17/2023 13:14:00.037021,2066,True,True,True,True,Eyes,0.7130498,0.10174,-1.941814,0.7984833,-0.3739139,-0.4718187,0.0,0.0,0.0,0.0,0.0,0.0,0.0,-0.8929173,-1.076449,-1.547768,0.8775761,0.09874129,-1.889904,0.07854649,0.8691807,-0.247554,0.4207998,29.76494,127.0721,355.2556,0.3094698,0.05069002,-0.9495568,0.0,0.0,0.0,1.648835,-0.34952,-2.523308,0.0198158,0.1164666,1.249378,-0.633516,-0.07179915,-0.770391,0.3448835,0.865095,-0.3642336,0.6926131,-0.496443,-0.5232891,moving,-6.685268671900987,7.157603850801732,0.9086653674947317,5.325702403882528,0.7712589000000001,-0.44826129,-0.6334040000000001,-0.11552033133274942,0.1237649096784748,0.9855644934974275,-3.855673792327721,9.001865662867246,7.756919765763328,7.81176658035285,6.017732458038232
05/17/2023 13:14:00.048308,2067,True,True,True,True,Eyes,0.7206843,0.1014873,-1.939798,0.7959569,-0.3759015,-0.4745005,0.0,0.0,0.0,0.0,0.0,0.0,0.0,-0.8787982,-1.089378,-1.551957,0.8859023,0.09914333,-1.890225,0.07936005,0.8695681,-0.2499905,0.4183992,30.07784,127.342,355.2822,0.312971,0.05053646,-0.9484168,0.0,0.0,0.0,1.650829,-0.3511781,-2.523474,0.01773512,0.1125433,1.247726,-0.637288,-0.07117375,-0.7673318,0.3472096,0.8624135,-0.3683592,0.6879748,-0.5011759,-0.5248936,moving,-6.7391859793734055,7.344619981919385,0.8143447363387418,5.154059232125221,0.7649267000000001,-0.45032143,-0.6332490000000002,-0.11640023052826742,0.1269680401014284,0.9850533751964295,-3.8441094659555386,9.077473604488413,7.807740202802938,7.864755728676234,6.090515240284626
05/17/2023 13:14:00.065897,2068,True,True,True,True,Eyes,0.7283317,0.1012485,-1.937886,0.7933494,-0.3780085,-0.4771858,0.0,0.0,0.0,0.0,0.0,0.0,0.0,-0.8655794,-1.101697,-1.555222,0.8939442,0.09933019,-1.890153,0.0812501,0.8698848,-0.2524078,0.4159198,30.4455,127.6494,355.4356,0.3164788,0.05038431,-0.9472601,0.0,0.0,0.0,1.652988,-0.3529731,-2.523654,0.01598287,0.1096552,1.245963,-0.6408183,-0.06860635,-0.7646208,0.3513192,0.8593774,-0.3715444,0.6825881,-0.5067185,-0.5266021,moving,-6.812326857741785,7.589743736932422,0.7349341604573165,5.02955070716878,0.7590437999999999,-0.45230328999999997,-0.6335010000000001,-0.11759284285525828,0.13116257607713977,0.9843618675163502,-3.830090905230893,9.176735604375438,7.909292017592983,7.969676105493753,6.167543791654879
05/17/2023 13:14:00.088997,2069,True,True,True,True,Eyes,0.7359704,0.1010305,-1.936083,0.7906065,-0.3801811,-0.480004,0.0,0.0,0.0,0.0,0.0,0.0,0.0,-0.8533148,-1.111648,-1.560199,0.9019305,0.09948733,-1.890701,0.08336042,0.8703703,-0.2541082,0.4134437,30.74821,127.9893,355.6618,0.3199903,0.05023379,-0.9460876,0.0,0.0,0.0,1.655137,-0.3547601,-2.523833,0.01499695,0.1077358,1.243858,-0.644231,-0.06501001,-0.7620634,0.3552277,0.8569601,-0.3734069,0.6773331,-0.5112662,-0.528987,moving,-6.886908076773142,7.772506088801402,0.690770416107048,4.950275330289475,0.7532065000000001,-0.45424743,-0.6331320000000003,-0.11882399633770063,0.1342820158953831,0.9837933445377995,-3.828879183424606,9.252058770972857,8.0229232574894,8.086173247943046,6.239597204394238
05/17/2023 13:14:00.100737,2070,True,True,True,True,Eyes,0.7436101,0.1008467,-1.934394,0.7878124,-0.3823482,-0.482868,0.0,0.0,0.0,0.0,0.0,0.0,0.0,-0.842687,-1.11919,-1.565748,0.9095944,0.09982673,-1.891282,0.08538892,0.8708791,-0.2551406,0.4113168,30.9732,128.3034,355.9095,0.3235022,0.05008547,-0.9449005,0.0,0.0,0.0,1.657381,-0.356626,-2.52402,0.01400012,0.1064822,1.241676,-0.6470543,-0.06116039,-0.7599868,0.3586141,0.855224,-0.3741495,0.6728421,-0.5146371,-0.5314433,moving,-6.922262896046792,7.884315560645846,0.6459928346897987,4.901512382480083,0.7477866,-0.45645273,-0.6327380000000002,-0.11939960279311401,0.13619209566855903,0.9834609687177486,-3.823403305378023,9.297466250316834,8.06997176809016,8.134839248903633,6.268964209899593
05/17/2023 13:14:00.114083,2071,True,True,True,True,Eyes,0.7512332,0.100683,-1.932813,0.7849115,-0.3844701,-0.4858978,0.0,0.0,0.0,0.0,0.0,0.0,0.0,-0.8281382,-1.126668,-1.573833,0.9172793,0.1004918,-1.892258,0.08592189,0.8718659,-0.2559163,0.4086248,31.0957,128.6714,356.0275,0.3270119,0.04994043,-0.9436992,0.0,0.0,0.0,1.659448,-0.3583448,-2.524193,0.01192778,0.106119,1.23889,-0.6512867,-0.05932278,-0.7565097,0.3589723,0.8542485,-0.3760298,0.6685544,-0.5164691,-0.5350656,moving,-7.004176377776173,7.876837558914646,0.5516150247274858,4.895806566712095,0.7421687,-0.45883660000000004,-0.6319349999999999,-0.12080803462900302,0.13604038369938426,0.9833099335627103,-3.862614589032094,9.299953976137374,8.057385924599945,8.12259376644064,6.235538267618878
05/17/2023 13:14:00.134517,2072,True,True,True,True,Eyes,0.7588468,0.1005238,-1.93132,0.7819945,-0.3865362,-0.4889523,0.0,0.0,0.0,0.0,0.0,0.0,0.0,-0.8113059,-1.133671,-1.58271,0.9248872,0.100837,-1.892832,0.0856518,0.8730426,-0.2566447,0.4057016,31.17285,129.054,356.067,0.3305162,0.04979905,-0.942485,0.0,0.0,0.0,1.661598,-0.3601327,-2.524372,0.009101748,0.1063674,1.23604,-0.6561401,-0.05868697,-0.7523538,0.3577977,0.8535945,-0.3786254,0.6644255,-0.5176217,-0.5390794,moving,-7.104530125176073,7.816770008716719,0.4218976095113889,4.918469983173966,0.7367107999999999,-0.4609697,-0.63154,-0.12254804880175252,0.13498041858194595,0.9832406856666919,-3.9205654683558087,9.283383201427101,8.000294068335439,8.065188000507721,6.157065290016081
05/17/2023 13:14:00.144697,2073,True,True,True,True,Eyes,0.7664476,0.1003798,-1.929921,0.7790758,-0.3884867,-0.4920558,0.0,0.0,0.0,0.0,0.0,0.0,0.0,-0.7972327,-1.138658,-1.59127,0.9322845,0.1007981,-1.893396,0.08557148,0.8740287,-0.2570009,0.4033631,31.2173,129.3715,356.1283,0.3340128,0.04966092,-0.9412588,0.0,0.0,0.0,1.663773,-0.3619408,-2.524554,0.006472707,0.1070015,1.232928,-0.6599516,-0.05774558,-0.7490858,0.3569133,0.8532561,-0.3802197,0.6611181,-0.5182852,-0.5424975,moving,-7.136973831419467,7.741158441195721,0.3007924113084223,4.960071894565284,0.7314885,-0.4627389,-0.6311580000000001,-0.12312680269359522,0.13367309454332327,0.9833469493468894,-3.950242293001293,9.25637028535766,7.876986690039626,7.940705828911644,6.0439619389909085
05/17/2023 13:14:00.164086,2074,True,True,True,True,Eyes,0.7740383,0.1002418,-1.928618,0.7761713,-0.3903409,-0.4951688,0.0,0.0,0.0,0.0,0.0,0.0,0.0,-0.7838885,-1.143256,-1.599823,0.9397006,0.1010153,-1.894125,0.08506849,0.8749548,-0.2572045,0.4013267,31.22266,129.6406,356.1389,0.3374993,0.04952622,-0.9400215,0.0,0.0,0.0,1.665852,-0.3636697,-2.524727,0.004257679,0.1073298,1.229622,-0.6634004,-0.05758383,-0.7460454,0.3553082,0.8532184,-0.3818041,0.6585255,-0.5183651,-0.5455654,moving,-7.128725182593954,7.631438602150396,0.19839110091619355,4.988523133419334,0.7261514000000001,-0.464685,-0.6306019999999999,-0.12301650882573123,0.13179159256591183,0.983614741824872,-3.9678049267224393,9.213545004526466,7.7274995169008704,7.789199908009647,5.933632879783307
05/17/2023 13:14:00.184241,2075,True,True,True,True,Eyes,0.7816404,0.1000958,-1.927375,0.7732683,-0.3921057,-0.4983064,0.0,0.0,0.0,0.0,0.0,0.0,0.0,-0.7696319,-1.147753,-1.608953,0.9470557,0.101016,-1.895067,0.08390266,0.8759551,-0.2574209,0.399246,31.19645,129.8983,356.0746,0.3409741,0.04939462,-0.9387736,0.0,0.0,0.0,1.668099,-0.3655379,-2.524915,0.002665162,0.107544,1.226345,-0.6671259,-0.05855858,-0.7426398,0.3525385,0.8533896,-0.3839828,0.6562466,-0.517974,-0.5486742,moving,-7.116335225769264,7.487851790931418,0.12451821788522027,5.011717137881861,0.7210433,-0.4665539,-0.629848,-0.12284397695754012,0.12932896400096178,0.9839631031873264,-3.990053318922259,9.157396371351586,7.593257253073381,7.652529086028739,5.840920752614984
05/17/2023 13:14:00.200629,2076,True,True,True,True,Eyes,0.7892274,0.09994252,-1.926219,0.7703826,-0.3938183,-0.5014158,0.0,0.0,0.0,0.0,0.0,0.0,0.0,-0.7552069,-1.151743,-1.617655,0.9550109,0.1002091,-1.895144,0.08293708,0.8768222,-0.2577538,0.3973252,31.19247,130.1339,356.0195,0.3444363,0.04926527,-0.9375156,0.0,0.0,0.0,1.670198,-0.3672833,-2.52509,0.001405835,0.1086052,1.222454,-0.6705084,-0.05938197,-0.7395217,0.3502663,0.8533689,-0.3861025,0.6540124,-0.5179144,-0.5513915,moving,-7.085995968991406,7.373035008332657,0.06589072200894722,5.076939664493052,0.7151871000000001,-0.4674924,-0.6299460000000001,-0.12235429090177419,0.12736467413826563,0.9842802830326671,-3.998426527426397,9.11115869816107,7.454218483860273,7.511427099354017,5.726569471827527
05/17/2023 13:14:00.214239,2077,True,True,True,True,Eyes,0.7968373,0.09976663,-1.925104,0.7674929,-0.3955451,-0.5044786,0.0,0.0,0.0,0.0,0.0,0.0,0.0,-0.7420488,-1.157436,-1.624967,0.9622392,0.09987637,-1.896031,0.08193057,0.8775356,-0.2584512,0.3955019,31.22549,130.3414,355.9334,0.3478846,0.04913734,-0.9362482,0.0,0.0,0.0,1.672221,-0.3689654,-2.525258,0.000913322,0.1107334,1.218266,-0.6737316,-0.0606419,-0.7364841,0.3482299,0.8529807,-0.3887929,0.6517839,-0.5184076,-0.5535627,moving,-7.038350724025902,7.293416413804854,0.04295407253652002,5.193586750493151,0.7099818,-0.46884177,-0.629227,-0.12155696195695409,0.12600922191794622,0.98455346047526,-3.9919693782275605,9.077351482517809,7.330390243746348,7.386078948721148,5.6003781789486755
05/17/2023 13:14:00.234291,2078,True,True,True,True,Eyes,0.8044286,0.09958534,-1.924066,0.7646194,-0.3972712,-0.5074769,0.0,0.0,0.0,0.0,0.0,0.0,0.0,-0.7291154,-1.164526,-1.630943,0.9694753,0.0995608,-1.896816,0.08102897,0.8780792,-0.2595551,0.3937542,31.3075,130.526,355.8317,0.3513193,0.04900948,-0.9349716,0.0,0.0,0.0,1.674341,-0.3707289,-2.525435,-8.356571e-05,0.1138919,1.21378,-0.6767838,-0.06210214,-0.7335577,0.3467015,0.8521309,-0.3920089,0.6494318,-0.5196308,-0.5551776,moving,-6.9791318833766764,7.263057110484219,-0.003944670770196604,5.3605054919209865,0.7048657,-0.4702897,-0.6286189999999998,-0.12054710036334193,0.12550309500862078,0.9847423048578025,-3.9705860513824427,9.061769459336935,7.1753053067312855,7.230002718685971,5.42527407592253
05/17/2023 13:14:00.244791,2079,True,True,True,True,Eyes,0.8120164,0.09940098,-1.923084,0.7617263,-0.3990565,-0.5104184,0.0,0.0,0.0,0.0,0.0,0.0,0.0,-0.7170228,-1.172281,-1.635896,0.97663,0.09925856,-1.897593,0.0803139,0.8784691,-0.2608659,0.3921618,31.42066,130.6858,355.7328,0.3547384,0.04888125,-0.9336864,0.0,0.0,0.0,1.674341,-0.3707289,-2.525435,-0.0003103614,0.1194168,1.206705,-0.6795178,-0.06349675,-0.7309064,0.3457099,0.8509973,-0.3953332,0.6471017,-0.5213173,-0.5563163,static,-6.900762201496999,7.2631642062348325,-0.014736325739651923,5.65164931513236,0.6977110000000001,-0.46998745999999997,-0.6278419999999998,-0.11919970516011602,0.12552550100599857,0.9849034309258113,-3.9344434162070803,9.056673390400972,7.017877103360078,7.072081207526165,5.192137577936422
05/17/2023 13:14:00.264251,2080,True,True,True,True,Eyes,0.819586,0.09920436,-1.922171,0.7588356,-0.4008264,-0.513329,0.0,0.0,0.0,0.0,0.0,0.0,0.0,-0.703944,-1.180425,-1.64079,0.9837245,0.09897617,-1.898321,0.07953623,0.878916,-0.2622833,0.3903692,31.54359,130.8681,355.6283,0.3581414,0.04875237,-0.9323932,0.0,0.0,0.0,1.674341,-0.3707289,-2.525435,-8.749962e-05,0.1231155,1.199795,-0.6825718,-0.06496331,-0.7279255,0.344586,0.8497629,-0.398953,0.6444814,-0.523147,-0.5576386,static,-6.845961832957166,7.270788051754732,-0.004178512934385001,5.858830240618724,0.6906165000000001,-0.46970506999999995,-0.627114,-0.11825544633561252,0.1256708382751999,0.9849986917882144,-3.907700581327981,9.056019207897616,6.931908598511244,6.985959050736694,5.045740959554473
05/17/2023 13:14:00.284022,2081,True,True,True,True,Eyes,0.82713,0.09900077,-1.921335,0.7559734,-0.4025845,-0.5161685,0.0,0.0,0.0,0.0,0.0,0.0,0.0,-0.6895505,-1.187815,-1.646659,0.9908648,0.09848812,-1.899041,0.07844146,0.8795205,-0.2635446,0.3883748,31.63561,131.0758,355.505,0.3615269,0.04862217,-0.9310926,0.0,0.0,0.0,1.674341,-0.3707289,-2.525435,0.0002212524,0.1235895,1.193003,-0.6860241,-0.06672645,-0.7245129,0.3426899,0.8487824,-0.4026563,0.6418216,-0.5245152,-0.5594187,static,-6.818018283653626,7.242773857097579,0.010625982149081989,5.9144754819000465,0.6834762000000001,-0.46921702,-0.6263939999999999,-0.11778216691070553,0.12519631268419348,0.9851158439433202,-3.9002758754995863,9.043391137236904,6.903088725249635,6.956634177706387,5.008519393830065
05/17/2023 13:14:00.300889,2082,True,True,True,True,Eyes,0.8346692,0.09879048,-1.920561,0.7531009,-0.4042771,-0.5190367,0.0,0.0,0.0,0.0,0.0,0.0,0.0,-0.6739871,-1.193853,-1.653832,0.9980938,0.09814964,-1.899706,0.07693709,0.8803232,-0.2644229,0.386254,31.66756,131.3039,355.3627,0.3648931,0.04849027,-0.9297854,0.0,0.0,0.0,1.674341,-0.3707289,-2.525435,0.001579165,0.1188651,1.186458,-0.6897767,-0.06880981,-0.7207446,0.3397279,0.8483225,-0.4061207,0.6393689,-0.5249898,-0.5617765,static,-6.803820908732219,7.154611116994068,0.07626012570657553,5.721078406303479,0.6762472,-0.46887853999999995,-0.625729,-0.11756053930234528,0.12368361185431079,0.9853334049293789,-3.9108990690931686,9.008483719380115,6.975419011688647,7.027839715948586,5.16763699742161
05/17/2023 13:14:00.316596,2083,True,True,True,True,Eyes,0.842186,0.09858151,-1.919853,0.7502166,-0.4059227,-0.5219213,0.0,0.0,0.0,0.0,0.0,0.0,0.0,-0.6559703,-1.199545,-1.662183,1.005523,0.09776737,-1.900374,0.07511256,0.8813638,-0.265206,0.3836951,31.67676,131.5883,355.2066,0.3682396,0.04835638,-0.9284722,0.0,0.0,0.0,1.674341,-0.3707289,-2.525435,0.001492321,0.1111433,1.182191,-0.6942726,-0.07111352,-0.7161905,0.3359195,0.8480477,-0.4098453,0.6365094,-0.5251266,-0.564888,static,-6.838886311292816,7.038502871881068,0.07232642573185961,5.3708571829614,0.6688180000000001,-0.46849627,-0.6250609999999999,-0.11819307830768855,0.12167740847369113,0.985507500322458,-3.9496697551327076,8.966035784104928,7.05872245074615,7.109564237010906,5.394604939475133
05/17/2023 13:14:00.334227,2084,True,True,True,True,Eyes,0.8497135,0.09836054,-1.91919,0.7473174,-0.4074687,-0.5248675,0.0,0.0,0.0,0.0,0.0,0.0,0.0,-0.6375487,-1.20379,-1.67122,1.012945,0.09762102,-1.90078,0.07320027,0.882524,-0.2656051,0.3811133,31.64137,131.8869,355.0642,0.371565,0.04822062,-0.9271533,0.0,0.0,0.0,1.674341,-0.3707289,-2.525435,-0.003761351,0.1196418,1.172818,-0.6987891,-0.07324927,-0.7115678,0.3316532,0.8481913,-0.4130105,0.6337984,-0.5246009,-0.5684134,static,-6.877244536883763,6.88429280407925,-0.1837529767582008,5.824722015445015,0.6613960000000001,-0.46834992,-0.624655,-0.1188914756247284,0.11901450376216469,0.985748596396018,-3.9973773108185813,8.909119768853223,6.728862662945031,6.776836985024733,4.904818045816489
05/17/2023 13:14:00.344089,2085,True,True,True,True,Eyes,0.8572308,0.09812953,-1.918589,0.7444053,-0.4089808,-0.5278214,0.0,0.0,0.0,0.0,0.0,0.0,0.0,-0.6180197,-1.206952,-1.681347,1.020736,0.0970957,-1.901126,0.0713389,0.8838201,-0.2657895,0.378324,31.58739,132.2231,354.9484,0.37487,0.04808248,-0.9258291,0.0,0.0,0.0,1.674341,-0.3707289,-2.525435,0.003840923,0.1181397,1.168416,-0.7035637,-0.0750076,-0.706663,0.3272106,0.8485334,-0.4158417,0.6308184,-0.5237986,-0.5724541,static,-6.943156764186585,6.712014601998254,0.18834720222246273,5.773611043573358,0.653605,-0.4678246,-0.6243089999999998,-0.12006803712493153,0.1160334536242583,0.9859613987553892,-4.061303139173095,8.847046774576011,7.1450199841694495,7.1929792201404625,5.2445719765036305
05/17/2023 13:14:00.364353,2086,True,True,True,True,Eyes,0.8647701,0.09788308,-1.918023,0.741482,-0.4103745,-0.5308458,0.0,0.0,0.0,0.0,0.0,0.0,0.0,-0.5985718,-1.208789,-1.692138,1.028619,0.0966742,-1.901417,0.06969496,0.8852049,-0.265608,0.3755093,31.50529,132.5809,354.8799,0.3781542,0.04794159,-0.9245,0.0,0.0,0.0,1.674341,-0.3707289,-2.525435,0.002586484,0.1165478,1.161411,-0.7082706,-0.0760879,-0.7018283,0.3228652,0.84919,-0.4178928,0.6277822,-0.5225772,-0.5768902,static,-7.016879416422304,6.52226860549461,0.12759856070150816,5.73045749037023,0.6457220000000001,-0.46740309999999996,-0.624018,-0.12138277606151499,0.11274946468140404,0.9861814386012075,-4.132230226844483,8.778753919979952,7.142683943150819,7.188221644304082,5.238153531730139
05/17/2023 13:14:00.384196,2087,True,True,True,True,Eyes,0.8723348,0.09763356,-1.917493,0.7384918,-0.4117818,-0.5339153,0.0,0.0,0.0,0.0,0.0,0.0,0.0,-0.5801719,-1.209333,-1.703232,1.036699,0.09604289,-1.901608,0.06848957,0.886567,-0.2651265,0.3728487,31.41126,132.9388,354.8733,0.3814182,0.0477974,-0.9231656,0.0,0.0,0.0,1.674341,-0.3707289,-2.525435,0.004247427,0.1119867,1.155725,-0.7125863,-0.07626299,-0.6974274,0.3191454,0.8500342,-0.4190324,0.6247938,-0.5211775,-0.5813838,static,-7.077247777311106,6.327706899349816,0.21056786454658966,5.5345314422872605,0.637642,-0.46677178999999996,-0.6238269999999999,-0.12246809151188393,0.10938530258589912,0.986426053585467,-4.197939829208837,8.70772974573073,7.287234015279249,7.330851528669237,5.43177020490349
05/17/2023 13:14:00.401075,2088,True,True,True,True,Eyes,0.8799367,0.09736893,-1.916996,0.7354835,-0.4130805,-0.5370553,0.0,0.0,0.0,0.0,0.0,0.0,0.0,-0.5622679,-1.209153,-1.71463,1.044967,0.09571723,-1.901851,0.06746365,0.8879462,-0.2643747,0.3702788,31.29615,133.2974,354.8989,0.3846635,0.04764997,-0.9218257,0.0,0.0,0.0,1.674341,-0.3707289,-2.525435,0.005340815,0.1074567,1.149399,-0.7166847,-0.07597649,-0.6932466,0.3155929,0.8511094,-0.4195403,0.6219039,-0.5194617,-0.5859993,static,-7.129410033884595,6.123297855983319,0.26622953070161837,5.341027304640306,0.6293740000000001,-0.46644612999999996,-0.6235839999999999,-0.12341353851640757,0.10585293297631482,0.9866935332724954,-4.261784578793594,8.632372607219732,7.395507323960444,7.436896650133808,5.59784473494928
05/17/2023 13:14:00.414228,2089,True,True,True,True,Eyes,0.8875625,0.09707443,-1.916533,0.7323523,-0.4144665,-0.5402571,0.0,0.0,0.0,0.0,0.0,0.0,0.0,-0.5436739,-1.209403,-1.725825,1.053473,0.09507977,-1.902067,0.06662873,0.889313,-0.2637936,0.3675544,31.20954,133.6756,354.9417,0.3878916,0.04749882,-0.9204798,0.0,0.0,0.0,1.674341,-0.3707289,-2.525435,0.007766008,0.1026264,1.143255,-0.7209293,-0.07540936,-0.6888942,0.3124245,0.8519471,-0.4202107,0.6185893,-0.5181695,-0.5906339,static,-7.1923995043435305,5.9424250715640055,0.3891980689132755,5.129513101018762,0.620868,-0.46580867,-0.6233679999999999,-0.12453931435404508,0.1027230415079888,0.986882992538387,-4.326036794336051,8.566795781227333,7.585260969143778,7.625053943066189,5.8350965749731785
05/17/2023 13:14:00.434811,2090,True,True,True,True,Eyes,0.8952336,0.0967526,-1.916092,0.7291837,-0.4158012,-0.5435076,0.0,0.0,0.0,0.0,0.0,0.0,0.0,-0.5248249,-1.210043,-1.736375,1.062077,0.09412529,-1.902045,0.06619391,0.890631,-0.2633858,0.364723,31.16096,134.0726,355.0244,0.391103,0.04734283,-0.9191279,0.0,0.0,0.0,1.674341,-0.3707289,-2.525435,0.01073897,0.1003059,1.136775,-0.7251913,-0.07421703,-0.6845363,0.3100345,0.8524925,-0.4208743,0.6147982,-0.5174441,-0.5952104,static,-7.2688924395303305,5.805835508007852,0.541249899532291,5.042562273791121,0.6122640000000001,-0.46485418999999994,-0.6233899999999999,-0.12588734735388202,0.10035286988236997,0.9869557714545598,-4.387890168368673,8.519170305045018,7.808366184930179,7.847350469202342,6.031850894374448
05/17/2023 13:14:00.444365,2091,True,True,True,True,Eyes,0.9029306,0.0964124,-1.915701,0.7258748,-0.41729,-0.5467859,0.0,0.0,0.0,0.0,0.0,0.0,0.0,-0.506407,-1.211935,-1.745884,1.07086,0.09315314,-1.902084,0.06616644,0.8918107,-0.2632682,0.3619195,31.16233,134.4659,355.1365,0.3942998,0.0471811,-0.9177694,0.0,0.0,0.0,1.674341,-0.3707289,-2.525435,0.01439357,0.09912029,1.130405,-0.7292728,-0.07254793,-0.6803664,0.3085797,0.8526237,-0.4216769,0.6106883,-0.5174646,-0.5994084,static,-7.336516934897064,5.714580115939066,0.7295139776042059,5.011200206714601,0.6034810000000002,-0.46388204,-0.6233509999999998,-0.12707241026776117,0.09876576497176912,0.986963989227638,-4.43682850860866,8.488434662834663,8.057782866450513,8.096641154091412,6.227539975598448
05/17/2023 13:14:00.464579,2092,True,True,True,True,Eyes,0.9106824,0.09604897,-1.915333,0.7225016,-0.4187573,-0.5501215,0.0,0.0,0.0,0.0,0.0,0.0,0.0,-0.4866568,-1.215394,-1.754845,1.079744,0.09246564,-1.902393,0.06602652,0.8929945,-0.2634799,0.3588592,31.19555,134.8802,355.2267,0.3974823,0.04701323,-0.9164042,0.0,0.0,0.0,1.674341,-0.3707289,-2.525435,0.01721972,0.09893861,1.123905,-0.7337213,-0.07118177,-0.6757118,0.307027,0.8524376,-0.4231838,0.6061251,-0.5179607,-0.6035969,static,-7.423424533137776,5.651815315349723,0.8777788965372918,5.03084262018576,0.594597,-0.46319454,-0.6230419999999999,-0.12858333988232323,0.0976653513092375,0.9868777568303231,-4.4891070592205455,8.469942972833081,8.285322117157815,8.324397003326325,6.374235334351066
05/17/2023 13:14:00.484250,2093,True,True,True,True,Eyes,0.9185151,0.09567329,-1.914965,0.7189344,-0.4203929,-0.553537,0.0,0.0,0.0,0.0,0.0,0.0,0.0,-0.4651166,-1.2194,-1.763588,1.088846,0.09155552,-1.902509,0.06578138,0.8942228,-0.2639086,0.355515,31.24902,135.3234,355.3034,0.4006524,0.04683864,-0.9150316,0.0,0.0,0.0,1.674341,-0.3707289,-2.525435,0.01855129,0.1001368,1.117482,-0.738564,-0.07000051,-0.6705397,0.3052934,0.8520501,-0.4252136,0.6010986,-0.5187587,-0.607923,static,-7.52716182086961,5.594861400268665,0.9510784015500956,5.12055921703078,0.5854950000000001,-0.46228442,-0.6229259999999999,-0.13038277684109262,0.09666141359364311,0.986740581342459,-4.548011179275326,8.454793951607424,8.452245905949603,8.491496913388096,6.43094918990969
05/17/2023 13:14:00.501332,2094,True,True,True,True,Eyes,0.9264091,0.09527345,-1.914615,0.7153469,-0.4219497,-0.5569896,0.0,0.0,0.0,0.0,0.0,0.0,0.0,-0.4438754,-1.222721,-1.772475,1.09822,0.09088114,-1.90247,0.06525338,0.8954148,-0.2641585,0.3524129,31.26889,135.7306,355.3476,0.4038131,0.04665738,-0.9136505,0.0,0.0,0.0,1.674341,-0.3707289,-2.525435,0.01839703,0.1025152,1.111333,-0.7430947,-0.06932802,-0.6655858,0.3030434,0.8519246,-0.4270706,0.5966368,-0.5190551,-0.6120512,static,-7.596344844688318,5.51006514141138,0.9483889221000708,5.270348973041543,0.5761210000000001,-0.46161003999999994,-0.6229649999999998,-0.13159294847057074,0.09518560851091748,0.9867234399886768,-4.59641015164992,8.426649738734557,8.509391718494745,8.548095635091572,6.380206210756285
05/17/2023 13:14:00.514327,2095,True,True,True,True,Eyes,0.9343734,0.09483904,-1.914271,0.7116469,-0.4235827,-0.5604786,0.0,0.0,0.0,0.0,0.0,0.0,0.0,-0.4233493,-1.224408,-1.78211,1.107604,0.08989984,-1.902484,0.06455278,0.8966197,-0.2640865,0.3495203,31.24478,136.1141,355.3811,0.4069657,0.04646893,-0.9122601,0.0,0.0,0.0,1.674341,-0.3707289,-2.525435,0.01790655,0.1062461,1.105419,-0.7473373,-0.06884854,-0.6608687,0.3003658,0.8521826,-0.4284452,0.5926786,-0.5186953,-0.6161881,static,-7.6342601364392975,5.378958739524348,0.9280463022077629,5.490055165782178,0.566737,-0.46062874,-0.6229509999999998,-0.13227430913623833,0.09291898852341868,0.9868482374667219,-4.639414824507719,8.378608532107567,8.52554625878855,8.563027149625542,6.272189725095835
05/17/2023 13:14:00.534389,2096,True,True,True,True,Eyes,0.9424053,0.09436097,-1.913942,0.7079709,-0.4250704,-0.5639969,0.0,0.0,0.0,0.0,0.0,0.0,0.0,-0.4033823,-1.224099,-1.792657,1.117209,0.08865151,-1.902298,0.06357204,0.8978415,-0.2636223,0.3469045,31.16396,136.4636,355.3918,0.4101125,0.04627234,-0.9108598,0.0,0.0,0.0,1.674341,-0.3707289,-2.525435,0.0166654,0.1084394,1.099351,-0.7512323,-0.0687483,-0.6564484,0.2970588,0.8529237,-0.4292754,0.5894125,-0.517489,-0.6203216,static,-7.638960252317016,5.201817902711875,0.8684978232263292,5.633401968199904,0.5571320000000002,-0.45938040999999996,-0.6231369999999998,-0.13239252519964423,0.08986610098344124,0.9871152144394673,-4.676073905631055,8.310648925796816,8.483100013403163,8.518398189372862,6.15710377762195
05/17/2023 13:14:00.544342,2097,True,True,True,True,Eyes,0.9504777,0.09385023,-1.913652,0.7041914,-0.4266128,-0.5675526,0.0,0.0,0.0,0.0,0.0,0.0,0.0,-0.3832525,-1.222435,-1.804134,1.126878,0.08710469,-1.902284,0.06206464,0.8991053,-0.262957,0.3444,31.03771,136.7886,355.3461,0.4132549,0.0460663,-0.9094489,0.0,0.0,0.0,1.674341,-0.3707289,-2.525435,0.01589465,0.1090867,1.093736,-0.7550731,-0.06951952,-0.6519445,0.2927301,0.8540032,-0.4301019,0.5866631,-0.5156022,-0.6244844,static,-7.616137098394254,4.972274667469337,0.8325887229133195,5.695712190513595,0.547463,-0.45783358999999996,-0.6231509999999998,-0.13204550288973443,0.08591472943658109,0.9875133453057718,-4.710250846237832,8.220689911422308,8.447160287839326,8.479642082858081,6.090860610819549
05/17/2023 13:14:00.564094,2098,True,True,True,True,Eyes,0.9586216,0.09329304,-1.913367,0.7003928,-0.4280856,-0.5711328,0.0,0.0,0.0,0.0,0.0,0.0,0.0,-0.3615129,-1.222515,-1.814651,1.136748,0.08590245,-1.902266,0.06001368,0.9002944,-0.2627881,0.341776,30.94371,137.0981,355.2133,0.4163928,0.04585017,-0.9080274,0.0,0.0,0.0,1.674341,-0.3707289,-2.525435,0.0138939,0.1073182,1.088299,-0.7591752,-0.07156937,-0.6469399,0.2876893,0.8546816,-0.4321508,0.5838564,-0.5141957,-0.6282634,static,-7.587713269045765,4.770070420743345,0.7314337200263421,5.631783723158906,0.537593,-0.45663135,-0.6231689999999999,-0.13159441994973708,0.08243412985380734,0.9878702107708167,-4.736522923535797,8.1408998386563,8.33407183545932,8.363656882090957,6.016162692025879
05/17/2023 13:14:00.584038,2099,True,True,True,True,Eyes,0.9667936,0.09268941,-1.913109,0.6964394,-0.4297137,-0.5747333,0.0,0.0,0.0,0.0,0.0,0.0,0.0,-0.336529,-1.224617,-1.823924,1.146633,0.08422299,-1.902045,0.0578878,0.9015039,-0.2633339,0.3385188,30.92966,137.4688,355.0568,0.4195278,0.04562276,-0.9065948,0.0,0.0,0.0,1.674341,-0.3707289,-2.525435,0.01186931,0.1051465,1.083072,-0.7641079,-0.07391483,-0.6408396,0.2826591,0.8546085,-0.435601,0.5798643,-0.5139855,-0.6321204,static,-7.614384998612542,4.627601464171565,0.6278752899084757,5.544996505480769,0.5277080000000001,-0.45495188999999997,-0.6233899999999999,-0.13208084818101168,0.0799722685779926,0.9880076688827949,-4.7765577749252195,8.087742609718823,8.26558141272085,8.293157922380914,5.972725885463482
05/17/2023 13:14:00.601229,2100,True,True,True,True,Eyes,0.9750713,0.09226871,-1.912925,0.692452,-0.4314263,-0.5782574,0.0,0.0,0.0,0.0,0.0,0.0,0.0,-0.3129187,-1.229413,-1.830655,1.156582,0.08265015,-1.901619,0.0566998,0.902424,-0.2644583,0.3353772,31.02009,137.8307,354.9758,0.422659,0.04538303,-0.9051512,0.0,0.0,0.0,1.674341,-0.3707289,-2.525435,0.01095867,0.1028306,1.077852,-0.7686146,-0.07505198,-0.6352942,0.2797211,0.8536939,-0.4392754,0.5753153,-0.5153386,-0.6351681,static,-7.6375058810119,4.5947641537892485,0.5825140245880245,5.4497103502387985,0.5177590000000001,-0.45337905,-0.6238159999999999,-0.1324855943586542,0.07940168131934996,0.9879994866302031,-4.79360859778363,8.076603184750256,8.237372607531265,8.264360849290316,5.9835825735744566
05/17/2023 13:14:00.614374,2101,True,True,True,True,Eyes,0.9834277,0.09196729,-1.912761,0.6882498,-0.4333776,-0.5818041,0.0,0.0,0.0,0.0,0.0,0.0,0.0,-0.2880288,-1.245648,-1.832458,1.167435,0.08664943,-1.903179,0.05475869,0.9028836,-0.2672331,0.3322485,31.2617,138.1153,354.7178,0.425788,0.04514052,-0.9036958,0.0,0.0,0.0,1.674341,-0.3707289,-2.525435,0.01079005,0.09956002,1.072737,-0.7732247,-0.07869417,-0.6292301,0.276457,0.851176,-0.4461738,0.5706968,-0.5189477,-0.6363948,static,-7.609093164602181,4.685788744650651,0.5762861521516203,5.30239447906548,0.5069060000000001,-0.45737832999999994,-0.6222559999999999,-0.13197884883699434,0.080976712530304,0.9879394200284025,-4.762788505905291,8.109820316222004,8.180921405592194,8.208570959116708,6.032193468004779
05/17/2023 13:14:00.634269,2102,True,True,True,True,Eyes,0.9834277,0.09196729,-1.912761,0.6882498,-0.4333776,-0.5818041,0.0,0.0,0.0,0.0,0.0,0.0,0.0,-0.2461932,-1.267686,-1.830465,1.177763,0.08927101,-1.903456,0.05161075,0.9038367,-0.2723719,0.3259282,31.73574,138.7236,354.3148,0.4289155,0.04490098,-0.9022275,0.0,0.0,0.0,1.674341,-0.3707289,-2.525435,0.01056963,0.09586433,1.067497,-0.7822143,-0.08425196,-0.6172863,0.2708427,0.8462998,-0.4587166,0.561057,-0.5260021,-0.6391688,static,-8.2355713445927,5.01508379248326,0.5672853423526698,5.131562295868417,0.4965780000000002,-0.45999990999999996,-0.6219789999999998,-0.14270620456901262,0.08652328211759758,0.9859759647109638,-4.987421777598965,8.277793547369633,8.770253626691893,8.803627269066407,6.383850113870492
05/17/2023 13:14:00.652518,2103,True,True,True,True,Eyes,0.9922556,0.09189972,-1.912645,0.6835518,-0.4357781,-0.5855376,0.0,0.0,0.0,0.0,0.0,0.0,0.0,-0.2286932,-1.277315,-1.831696,1.188358,0.08925355,-1.90231,0.05559986,0.9043731,-0.2734579,0.3228602,32.04046,139.2289,354.8553,0.4317259,0.04468495,-0.9008969,0.0,0.0,0.0,1.674341,-0.3707289,-2.525435,0.0117619,0.0934304,1.061894,-0.7853398,-0.0760113,-0.6143804,0.2771434,0.8442588,-0.458714,0.5535636,-0.5305179,-0.6419641,static,-8.310742531145795,5.22546698025221,0.6346016378032243,5.028202351906729,0.48598300000000005,-0.45998245,-0.6231249999999999,-0.14395348035093758,0.09012662180924619,0.9854717064800568,-4.981103673126853,8.363800088989898,8.911011932733032,8.947518965308008,6.531642856344997
05/17/2023 13:14:00.664283,2104,True,True,True,True,Eyes,1.001143,0.09184115,-1.912538,0.6788224,-0.4381238,-0.5892773,0.0,0.0,0.0,0.0,0.0,0.0,0.0,-0.2124983,-1.289412,-1.833938,1.198666,0.09494716,-1.90401,0.0558477,0.9047768,-0.2743882,0.3208914,32.16519,139.4774,354.9144,0.4345817,0.04447964,-0.8995329,0.0,0.0,0.0,1.674341,-0.3707289,-2.525435,0.01231894,0.09126596,1.056517,-0.7878195,-0.07503819,-0.6113179,0.277157,0.8431843,-0.460678,0.5500221,-0.5323622,-0.6434797,static,-8.17849645608434,5.227313877848004,0.6680359010398239,4.937171210928901,0.47567500000000007,-0.46567605999999995,-0.6214249999999999,-0.14167771923714517,0.09018831287490543,0.9857958933045059,-4.919789813816319,8.355842774798916,8.815243867229444,8.851289031141832,6.5506573319950885
05/17/2023 13:14:00.694257,2105,True,True,True,True,Eyes,1.010055,0.09186199,-1.912451,0.6738439,-0.4405584,-0.5931634,0.0,0.0,0.0,0.0,0.0,0.0,0.0,-0.1890693,-1.293993,-1.840165,1.209025,0.09511409,-1.904097,0.05572208,0.9058185,-0.274856,0.3175568,32.23066,139.918,355.0074,0.437479,0.0442843,-0.8981372,0.0,0.0,0.0,1.674341,-0.3707289,-2.525435,0.01329273,0.09005423,1.051135,-0.7921057,-0.07361659,-0.6059287,0.2755129,0.8426985,-0.4625494,0.5446665,-0.5333291,-0.6472239,static,-8.190842613940266,5.144599051489096,0.7245279921399839,4.896762660572743,0.46531600000000006,-0.46584298999999996,-0.621338,-0.14190839533990784,0.08876211947804355,0.9858921938808256,-4.941586512946369,8.324774909652678,8.88361149611276,8.918814714995607,6.62239545516515
05/17/2023 13:14:00.703926,2106,True,True,True,True,Eyes,1.019001,0.09188528,-1.912376,0.6689087,-0.4428822,-0.5970063,0.0,0.0,0.0,0.0,0.0,0.0,0.0,-0.1730667,-1.298166,-1.845558,1.21885,0.09707303,-1.904272,0.05649084,0.9065627,-0.2746228,0.3154922,32.24701,140.2332,355.1941,0.4404117,0.04410152,-0.8967117,0.0,0.0,0.0,1.674341,-0.3707289,-2.525435,0.01462919,0.08945459,1.045782,-0.7945471,-0.07085776,-0.6030542,0.2757077,0.8427822,-0.4622808,0.5409996,-0.5335705,-0.6500942,static,-8.082893116863161,5.04983717413772,0.8014444475364498,4.8890921540040555,0.4554910000000001,-0.46780193,-0.6211629999999999,-0.14007060280783767,0.08715445767032676,0.9862983022338929,-4.910282902523805,8.281178570181286,8.851911356387003,8.885791631571145,6.643047461537545
05/17/2023 13:14:00.714280,2107,True,True,True,True,Eyes,1.028005,0.09189016,-1.912269,0.6636997,-0.4452756,-0.601026,0.0,0.0,0.0,0.0,0.0,0.0,0.0,-0.1538063,-1.300332,-1.852452,1.228659,0.09715292,-1.904482,0.05587881,0.9074218,-0.2746199,0.3131249,32.23455,140.5403,355.2144,0.4433756,0.04393007,-0.8952583,0.0,0.0,0.0,1.674341,-0.3707289,-2.525435,0.01561019,0.08902805,1.040518,-0.7976609,-0.07056937,-0.5989636,0.273392,0.8429229,-0.4633982,0.5375819,-0.5333863,-0.6530737,static,-7.960395241779924,4.901836843672047,0.859505470163638,4.890389590458931,0.44568200000000013,-0.46788182,-0.6209529999999999,-0.13799170305622993,0.08463140437114201,0.9868108834489311,-4.882640273007575,8.21611115719445,8.788036175076948,8.81990814057316,6.635711090400864
05/17/2023 13:14:00.734079,2108,True,True,True,True,Eyes,1.037033,0.09186366,-1.912185,0.6585081,-0.4475713,-0.6050182,0.0,0.0,0.0,0.0,0.0,0.0,0.0,-0.1349484,-1.301869,-1.858826,1.238196,0.09664735,-1.904163,0.05498096,0.9081775,-0.2747544,0.3109676,32.22505,140.8049,355.1846,0.4463684,0.04376794,-0.8937779,0.0,0.0,0.0,1.674341,-0.3707289,-2.525435,0.01625884,0.08817919,1.035198,-0.8005525,-0.07101449,-0.59504,0.2707444,0.8429742,-0.4648569,0.534615,-0.5332461,-0.6556184,static,-7.806987889772243,4.76144567963854,0.8998146481116582,4.8687583125530445,0.436145,-0.46737625,-0.6212719999999998,-0.1353762315607277,0.08224314187618077,0.9873749795408484,-4.839269343212129,8.151950016409458,8.677604360085962,8.707463834830701,6.61184035074506
05/17/2023 13:14:00.753762,2109,True,True,True,True,Eyes,1.046111,0.0918617,-1.912129,0.6530212,-0.4499342,-0.6091983,0.0,0.0,0.0,0.0,0.0,0.0,0.0,-0.1114211,-1.30372,-1.865932,1.247833,0.09586687,-1.904607,0.05359226,0.9092093,-0.2751035,0.3078708,32.22547,141.1764,355.1217,0.4493857,0.04361266,-0.8922722,0.0,0.0,0.0,1.674341,-0.3707289,-2.525435,0.01679498,0.08610184,1.030048,-0.8046868,-0.07193952,-0.5893248,0.2668458,0.8428918,-0.4672544,0.5303512,-0.5332524,-0.6590672,static,-7.730945145018075,4.610789567980836,0.9341275445212265,4.778252929663378,0.4265080000000001,-0.46659576999999997,-0.6208279999999999,-0.13409389004872851,0.07966063018721195,0.9877616379227054,-4.833555723388837,8.088904358852677,8.63872320119016,8.666690757867496,6.650306997765055
05/17/2023 13:14:00.764089,2110,True,True,True,True,Eyes,1.055224,0.0918559,-1.912109,0.6475426,-0.4520995,-0.6134286,0.0,0.0,0.0,0.0,0.0,0.0,0.0,-0.08461869,-1.302551,-1.875652,1.257756,0.09641457,-1.905419,0.05114759,0.9106665,-0.2746273,0.3043853,32.09501,141.5933,354.9869,0.4524244,0.04346456,-0.8907425,0.0,0.0,0.0,1.674341,-0.3707289,-2.525435,0.01663667,0.08354035,1.024819,-0.8094674,-0.07402823,-0.5824802,0.2603418,0.8439276,-0.4690505,0.5262941,-0.5313248,-0.6638592,static,-7.686971504600428,4.326870731182236,0.9300444805761731,4.660285716488893,0.416585,-0.46714347,-0.6200159999999999,-0.13338639910462918,0.0747722014615854,0.9882394499489778,-4.868572057072998,7.976603243282913,8.59872560186126,8.62346392357596,6.679963749094726
05/17/2023 13:14:00.784216,2111,True,True,True,True,Eyes,1.064332,0.09180367,-1.912122,0.6418223,-0.454349,-0.6177629,0.0,0.0,0.0,0.0,0.0,0.0,0.0,-0.05623555,-1.299042,-1.886632,1.267735,0.0962907,-1.906208,0.04880967,0.9123492,-0.2737252,0.3005181,31.92457,142.0776,354.8995,0.4554808,0.04332261,-0.8891904,0.0,0.0,0.0,1.674341,-0.3707289,-2.525435,0.01661405,0.0800931,1.019951,-0.8146128,-0.07545581,-0.5750757,0.2535816,0.8453842,-0.4701295,0.5216339,-0.5288023,-0.6695266,static,-7.678381986688462,3.9970699412004875,0.9332122497216551,4.490018458393722,0.406606,-0.4670196,-0.619227,-0.13329304923269664,0.06908344989164794,0.9886659290033302,-4.9288315707093595,7.848939359898122,8.60433282781726,8.62569148145092,6.756175499142734
05/17/2023 13:14:00.801399,2112,True,True,True,True,Eyes,1.073446,0.09171616,-1.912161,0.6360855,-0.4565488,-0.6220597,0.0,0.0,0.0,0.0,0.0,0.0,0.0,-0.03303385,-1.297335,-1.895207,1.277465,0.09520859,-1.906567,0.04896532,0.9137296,-0.272895,0.2970337,31.85647,142.5827,355.0942,0.4585504,0.04318402,-0.8876182,0.0,0.0,0.0,1.674341,-0.3707289,-2.525435,0.01641342,0.07651597,1.014741,-0.8187468,-0.07263589,-0.5695418,0.2516001,0.8462615,-0.4696157,0.5160922,-0.5277931,-0.6745986,static,-7.6795149661419835,3.8073291876773157,0.9266775386102319,4.312195335649206,0.396876,-0.46593748999999995,-0.618868,-0.1333421804024817,0.06580856996410311,0.9888826702397874,-4.9662999502400575,7.775890078721531,8.601572452706133,8.620988299274114,6.83552228855141
05/17/2023 13:14:00.814390,2113,True,True,True,True,Eyes,1.082518,0.09160538,-1.912247,0.6301039,-0.4590245,-0.6263109,0.0,0.0,0.0,0.0,0.0,0.0,0.0,-0.01620638,-1.30082,-1.899906,1.286771,0.09429037,-1.907188,0.05134027,0.9145719,-0.2727084,0.2941984,31.94003,143.0484,355.5019,0.4616296,0.04304676,-0.8860273,0.0,0.0,0.0,1.674341,-0.3707289,-2.525435,0.0161714,0.07233971,1.009617,-0.821623,-0.06655204,-0.566133,0.2543695,0.8459886,-0.4686144,0.5101293,-0.5290313,-0.6781549,static,-7.635383835908638,3.786046006945815,0.9176487157836467,4.098275912331488,0.38756999999999997,-0.46501927,-0.6182469999999998,-0.13258361634410526,0.06544795042701625,0.9890085491623881,-4.950103483689592,7.764794911669603,8.539898310751969,8.558729657146847,6.919095132091363
05/17/2023 13:14:00.834122,2114,True,True,True,True,Eyes,1.09157,0.09149107,-1.912357,0.6240567,-0.4616398,-0.6304299,0.0,0.0,0.0,0.0,0.0,0.0,0.0,-0.0004115105,-1.310064,-1.900381,1.295742,0.09375456,-1.907872,0.05452983,0.9150113,-0.2736958,0.2913268,32.18412,143.5116,355.9565,0.4647134,0.04290961,-0.8844204,0.0,0.0,0.0,1.674341,-0.3707289,-2.525435,0.01629573,0.06813231,1.004349,-0.8243105,-0.05967898,-0.5629838,0.2592607,0.8442342,-0.4690976,0.5032854,-0.5326415,-0.6804388,static,-7.599549377014198,3.9216539323875095,0.9295520123260289,3.8808443665340895,0.37859900000000013,-0.46448345999999996,-0.6175629999999999,-0.13194432718595395,0.06779439508855988,0.9889360662302502,-4.907181365262531,7.814707349481124,8.509480530824609,8.529199020442103,7.038659992474228
05/17/2023 13:14:00.844353,2115,True,True,True,True,Eyes,1.100543,0.09138824,-1.912518,0.617713,-0.4646198,-0.6344754,0.0,0.0,0.0,0.0,0.0,0.0,0.0,0.01537037,-1.325305,-1.89634,1.304369,0.09361045,-1.908568,0.0580554,0.9150286,-0.2760691,0.2883369,32.59527,143.9654,356.3962,0.4677979,0.04277236,-0.8827994,0.0,0.0,0.0,1.674341,-0.3707289,-2.525435,0.01667309,0.06324816,0.9991313,-0.8269829,-0.0529571,-0.5597275,0.2654465,0.8408309,-0.4717431,0.4956183,-0.5387012,-0.6812955,static,-7.553201427322641,4.200373074965572,0.956039539121903,3.6221702064054924,0.3699720000000002,-0.46433935,-0.6168669999999998,-0.13109973865374597,0.07261252741996922,0.9887063373483571,-4.831546913642251,7.919083750627916,8.506848501346836,8.528862783644088,7.208302362882766
05/17/2023 13:14:00.864086,2116,True,True,True,True,Eyes,1.109488,0.09132659,-1.912714,0.611321,-0.4677365,-0.6383646,0.0,0.0,0.0,0.0,0.0,0.0,0.0,0.03090131,-1.344042,-1.889411,1.31276,0.09394576,-1.909218,0.06174142,0.91478,-0.2792069,0.2853228,33.09701,144.4113,356.8271,0.4708773,0.04263556,-0.8811674,0.0,0.0,0.0,1.674341,-0.3707289,-2.525435,0.01695836,0.05907622,0.9936128,-0.829558,-0.04636854,-0.5564924,0.2722878,0.836463,-0.4755933,0.487538,-0.5460582,-0.681269,static,-7.504207977776751,4.55921945568547,0.9777934895945425,3.4025709561592974,0.36158100000000015,-0.46467465999999996,-0.6162169999999998,-0.13019277933888196,0.07881288983997922,0.9883514200978812,-4.739090797273121,8.054166699070063,8.535138174387068,8.56050142479662,7.370217697252908
05/17/2023 13:14:00.884240,2117,True,True,True,True,Eyes,1.118331,0.09130227,-1.912989,0.6047769,-0.4709464,-0.6422261,0.0,0.0,0.0,0.0,0.0,0.0,0.0,0.04545403,-1.361868,-1.88325,1.321118,0.09492213,-1.910241,0.06516932,0.9145648,-0.2819687,0.2825206,33.54424,144.8351,357.2408,0.4739489,0.04250096,-0.8795257,0.0,0.0,0.0,1.674341,-0.3707289,-2.525435,0.01722407,0.05590728,0.9880036,-0.8318704,-0.04012082,-0.5535182,0.2785271,0.8324932,-0.478934,0.4800154,-0.5525807,-0.6813517,static,-7.421834529055222,4.85735281422135,0.9987479399927203,3.2386914559219497,0.35322300000000006,-0.46565102999999997,-0.6151939999999998,-0.12871728194029175,0.08397089922700765,0.9881197920195158,-4.643071322695658,8.163663511832453,8.546543190903463,8.57474627676465,7.489023590852211
05/17/2023 13:14:00.901241,2118,True,True,True,True,Eyes,1.127129,0.09129905,-1.913319,0.598305,-0.4739993,-0.6460307,0.0,0.0,0.0,0.0,0.0,0.0,0.0,0.05905354,-1.371789,-1.882644,1.329095,0.09589259,-1.911532,0.06743428,0.914826,-0.2829638,0.2801384,33.74565,145.2136,357.5768,0.477006,0.04237,-0.8778778,0.0,0.0,0.0,1.674341,-0.3707289,-2.525435,0.01765823,0.05355781,0.9822232,-0.8339502,-0.03515674,-0.5507186,0.2819193,0.8307682,-0.4799434,0.4743928,-0.5555071,-0.682908,static,-7.294538433797065,4.912623209485862,1.029942150424285,3.121083533384486,0.34524600000000016,-0.46662148999999997,-0.6139029999999999,-0.12651109877367245,0.08494835472945401,0.9883210984714517,-4.573636402632636,8.176619384187301,8.486780136237147,8.515080234978626,7.547087871426438
05/17/2023 13:14:00.914292,2119,True,True,True,True,Eyes,1.135852,0.09129787,-1.913714,0.5917646,-0.4768967,-0.649911,0.0,0.0,0.0,0.0,0.0,0.0,0.0,0.07438314,-1.374116,-1.887576,1.336857,0.09638402,-1.913163,0.06798647,0.9156114,-0.2825664,0.2778307,33.72583,145.5613,357.7596,0.4800459,0.04224319,-0.8762253,0.0,0.0,0.0,1.674341,-0.3707289,-2.525435,0.01769868,0.05137429,0.9763833,-0.836376,-0.03251284,-0.5471913,0.2815096,0.8310682,-0.4796645,0.4703485,-0.5552194,-0.6859328,static,-7.136003832888657,4.7396815112010735,1.0384739500187232,3.011950396886188,0.3374840000000001,-0.46711292,-0.6122719999999999,-0.12380674860023205,0.08199302107509929,0.9889131133224331,-4.534240460349164,8.099577597580593,8.329228338262975,8.35506683555662,7.545799920006327
05/17/2023 13:14:00.944015,2120,True,True,True,True,Eyes,1.144526,0.09127695,-1.914154,0.5852949,-0.4796418,-0.6537382,0.0,0.0,0.0,0.0,0.0,0.0,0.0,0.09356487,-1.372182,-1.895127,1.344387,0.096443,-1.914801,0.06676508,0.9167321,-0.2817655,0.2752326,33.59775,145.898,357.7507,0.4830645,0.04212018,-0.8745707,0.0,0.0,0.0,1.674341,-0.3707289,-2.525435,0.0176309,0.04973492,0.9704453,-0.8395791,-0.03269067,-0.5422533,0.2775135,0.8323013,-0.4798551,0.4670048,-0.5533589,-0.6897107,static,-6.983874043171262,4.444411955666932,1.0408263483504379,2.9338182069177563,0.3299540000000001,-0.4671719,-0.6106339999999999,-0.1212297445838777,0.07692031265669541,0.9896396439823005,-4.521616178487807,7.975812141888014,8.143264358865606,8.165642035225927,7.5074942360720796
05/17/2023 13:14:00.954589,2121,True,True,True,True,Eyes,1.153145,0.09123614,-1.914626,0.5787263,-0.4824424,-0.6575144,0.0,0.0,0.0,0.0,0.0,0.0,0.0,0.1178823,-1.371633,-1.901037,1.351946,0.09595309,-1.916312,0.06419773,0.9178028,-0.2819923,0.2720243,33.54235,146.2444,357.5537,0.4860598,0.04199966,-0.8729154,0.0,0.0,0.0,1.674341,-0.3707289,-2.525435,0.0185262,0.04738313,0.9646233,-0.8437632,-0.03557578,-0.5355358,0.2712592,0.832718,-0.4827,0.4631227,-0.5525534,-0.6929666,static,-6.853852147467342,4.194841930005617,1.1002663826902983,2.8121578704097874,0.322395,-0.46668199,-0.6091229999999999,-0.1190220390741551,0.0726284455046633,0.990231714779433,-4.510283185208948,7.871107905920361,8.053691138527283,8.073401810913262,7.554551073071573
05/17/2023 13:14:00.964321,2122,True,True,True,True,Eyes,1.161718,0.09119134,-1.915127,0.5722044,-0.4852652,-0.6611352,0.0,0.0,0.0,0.0,0.0,0.0,0.0,0.1436905,-1.376212,-1.902468,1.359464,0.09549167,-1.91748,0.06148953,0.918452,-0.2837347,0.2686254,33.6576,146.5715,357.2809,0.4890302,0.04188048,-0.8712606,0.0,0.0,0.0,1.674341,-0.3707289,-2.525435,0.019858,0.04458922,0.9586743,-0.8481188,-0.03948632,-0.5283325,0.265387,0.8314274,-0.488158,0.4585457,-0.5542286,-0.6946701,static,-6.7266980188766805,4.10715055777654,1.1866563046098633,2.6629839291227984,0.3148770000000001,-0.46622056999999995,-0.6079549999999998,-0.11683680256611467,0.07113139363129348,0.9906005394686784,-4.468751103976114,7.828977529695175,8.025446027798367,8.044053325305613,7.659707751490516
05/17/2023 13:14:00.984137,2123,True,True,True,True,Eyes,1.17028,0.09114068,-1.915631,0.5654875,-0.4881783,-0.6647599,0.0,0.0,0.0,0.0,0.0,0.0,0.0,0.1683621,-1.384551,-1.901026,1.366989,0.0953972,-1.918714,0.059044,0.918736,-0.2863385,0.2654213,33.88183,146.8569,356.9958,0.4919738,0.04176236,-0.8696074,0.0,0.0,0.0,1.674341,-0.3707289,-2.525435,0.02210325,0.04118207,0.9526505,-0.8521309,-0.04350899,-0.5215173,0.2604923,0.8290482,-0.4947958,0.4538911,-0.557482,-0.6951239,static,-6.559664466986727,4.1272007354001214,1.3291293738661663,2.475294608979067,0.30735200000000007,-0.4661261,-0.6067209999999998,-0.1139453950160442,0.07150221381253444,0.9909105763234616,-4.387858637524728,7.8257551042591835,8.041555166575806,8.059892189972889,7.830158327514225
05/17/2023 13:14:01.004153,2124,True,True,True,True,Eyes,1.178805,0.09109244,-1.916165,0.5588663,-0.4910553,-0.6682314,0.0,0.0,0.0,0.0,0.0,0.0,0.0,0.1913739,-1.392309,-1.899657,1.374549,0.09524493,-1.919736,0.05693198,0.9189576,-0.288736,0.262502,34.09466,147.1189,356.7498,0.4948916,0.04164492,-0.867956,0.0,0.0,0.0,1.674341,-0.3707289,-2.525435,0.02471361,0.03728598,0.9463845,-0.8557031,-0.04695142,-0.5153331,0.2562237,0.8267806,-0.5007827,0.4495799,-0.5605617,-0.6954486,static,-6.378333791753285,4.145163566956944,1.4958653860611486,2.2561918117484328,0.29979200000000006,-0.46597383,-0.6056989999999998,-0.11080610297112733,0.07183853998162697,0.9912422935879002,-4.3007828552860214,7.820791028875516,8.079643271310662,8.097606250236487,8.035290615849846
05/17/2023 13:14:01.014227,2125,True,True,True,True,Eyes,1.187316,0.09104142,-1.916707,0.5520697,-0.4939612,-0.6717302,0.0,0.0,0.0,0.0,0.0,0.0,0.0,0.2116179,-1.398294,-1.899974,1.382265,0.0952829,-1.920983,0.05513792,0.9192126,-0.2904668,0.2600712,34.24141,147.3422,356.5521,0.4977822,0.04152823,-0.866307,0.0,0.0,0.0,1.674341,-0.3707289,-2.525435,0.02770606,0.03368852,0.9401895,-0.8586455,-0.04971714,-0.5101529,0.252451,0.8251777,-0.5053219,0.44609,-0.562681,-0.695984,static,-6.145891970886951,4.106713180034084,1.687937415048826,2.052123088706964,0.292076,-0.4660118,-0.6044519999999998,-0.10678872263944722,0.07120480444367727,0.9917288575496545,-4.201133904589068,7.790735580640665,8.081787193363667,8.098779123505622,8.222702374545678
05/17/2023 13:14:01.043818,2126,True,True,True,True,Eyes,1.195786,0.09098941,-1.917278,0.5453756,-0.4967843,-0.6751079,0.0,0.0,0.0,0.0,0.0,0.0,0.0,0.2304474,-1.402291,-1.901451,1.389813,0.09517576,-1.922083,0.05365504,0.9195681,-0.2916271,0.2578162,34.33346,147.5675,356.4109,0.5006466,0.04141206,-0.8646602,0.0,0.0,0.0,1.674341,-0.3707289,-2.525435,0.02989471,0.03190517,0.9338953,-0.8613038,-0.0516935,-0.5054536,0.2490514,0.8241495,-0.5086758,0.4428646,-0.5640084,-0.6969687,static,-5.915943974447524,4.024609813633174,1.8334560939184537,1.9566656873684722,0.2845280000000001,-0.46590465999999997,-0.6033519999999999,-0.10281784738966562,0.06981297234643442,0.992247197826515,-4.111134469831338,7.744020334284726,8.004802735883962,8.020573192044525,8.296483036793736
05/17/2023 13:14:01.054388,2127,True,True,True,True,Eyes,1.204206,0.09093481,-1.917877,0.5384883,-0.4996512,-0.6785124,0.0,0.0,0.0,0.0,0.0,0.0,0.0,0.2486709,-1.405909,-1.903271,1.397364,0.09511253,-1.923327,0.05255625,0.9199777,-0.2925297,0.255549,34.40945,147.8151,356.33,0.5034838,0.04129636,-0.8630169,0.0,0.0,0.0,1.674341,-0.3707289,-2.525435,0.03237638,0.03180823,0.9277465,-0.863865,-0.0528102,-0.5009472,0.2462125,0.8233284,-0.5113802,0.4394501,-0.565103,-0.698242,static,-5.688862830205717,3.928938887641931,1.9986897532325147,1.9636438751196856,0.27697700000000003,-0.46584143,-0.6021079999999999,-0.09889564535951803,0.0681832987664263,0.9927591535464898,-4.025098275629135,7.692264261585802,7.9201667653130725,7.934787281923356,8.312828264128408
05/17/2023 13:14:01.074189,2128,True,True,True,True,Eyes,1.212594,0.09088328,-1.918505,0.5316729,-0.5024326,-0.6818251,0.0,0.0,0.0,0.0,0.0,0.0,0.0,0.2673868,-1.409221,-1.904953,1.404795,0.09504151,-1.924518,0.05147374,0.9204251,-0.2933905,0.25316,34.48221,148.0809,356.2582,0.5062924,0.04118095,-0.8613778,0.0,0.0,0.0,1.674341,-0.3707289,-2.525435,0.03558305,0.02846268,0.9226456,-0.8665208,-0.05379402,-0.4962334,0.243305,0.8225449,-0.5140259,0.4358258,-0.5661502,-0.6996639,static,-5.482702111749383,3.833973223102059,2.2085930914363696,1.7669562540979384,0.26954600000000006,-0.46577040999999997,-0.6009169999999999,-0.09533335063485021,0.06656098614963038,0.9932176219271893,-3.94856729676191,7.642151377077535,7.9507952675104985,7.964206241220725,8.510495977267203
05/17/2023 13:14:01.094114,2129,True,True,True,True,Eyes,1.220931,0.0908343,-1.919171,0.5247187,-0.5052008,-0.6851587,0.0,0.0,0.0,0.0,0.0,0.0,0.0,0.2888048,-1.412036,-1.906784,1.412481,0.09507466,-1.92586,0.05019305,0.921022,-0.2941984,0.250293,34.54493,148.4066,356.1843,0.5090725,0.04106595,-0.8597432,0.0,0.0,0.0,1.674341,-0.3707289,-2.525435,0.03426409,0.03050882,0.9181192,-0.8696684,-0.05481376,-0.4905841,0.2397294,0.821856,-0.5168004,0.4315172,-0.5670523,-0.7016017,static,-5.319262754732379,3.724386443323264,2.1372792137853276,1.9032209022608533,0.26186,-0.46580356,-0.599575,-0.09251123305294787,0.06467848006666455,0.9936087623462813,-3.8945742571073727,7.589204209608855,7.663253738278685,7.6757189927862175,8.289370450508315
05/17/2023 13:14:01.106471,2130,True,True,True,True,Eyes,1.229239,0.0907802,-1.91988,0.5178205,-0.507837,-0.6884501,0.0,0.0,0.0,0.0,0.0,0.0,0.0,0.312286,-1.411859,-1.910204,1.420028,0.09512744,-1.927231,0.04874542,0.9219449,-0.2943402,0.2469928,34.52811,148.8036,356.136,0.5118227,0.04095142,-0.8581143,0.0,0.0,0.0,1.674341,-0.3707289,-2.525435,0.03613764,0.032179,0.9130756,-0.873237,-0.05551868,-0.484123,0.235281,0.8219755,-0.5186514,0.426732,-0.5668104,-0.7047169,static,-5.213250905085323,3.538753908685288,2.266465301473344,2.0184069525363326,0.254313,-0.46585634,-0.598204,-0.0906910752005439,0.061469289511722924,0.9939802232967981,-3.8818580016799813,7.510714551042753,7.621288753632666,7.632667253177474,8.244229630275322
05/17/2023 13:14:01.114146,2131,True,True,True,True,Eyes,1.237508,0.09071617,-1.920625,0.5108252,-0.5104077,-0.691767,0.0,0.0,0.0,0.0,0.0,0.0,0.0,0.3354709,-1.411365,-1.9141,1.427718,0.09494925,-1.928957,0.04739062,0.9228734,-0.2943818,0.2437176,34.50333,149.2026,356.1021,0.5145426,0.04083709,-0.8564916,0.0,0.0,0.0,1.674341,-0.3707289,-2.525435,0.04008579,0.02546322,0.9094152,-0.8767119,-0.05602093,-0.4777429,0.2309631,0.822187,-0.5202544,0.4219391,-0.5664541,-0.7078824,static,-5.1013096108308895,3.3512364933023195,2.523886610625183,1.603837237203854,0.24662300000000004,-0.46567814999999996,-0.5964779999999998,-0.08876620851420183,0.05822600739179071,0.9943491739588035,-3.8667757973179873,7.431109793674819,7.813045616447243,7.822852521677845,8.64856470518072
05/17/2023 13:14:01.134225,2132,True,True,True,True,Eyes,1.245756,0.09063126,-1.92141,0.5038325,-0.5128251,-0.6950995,0.0,0.0,0.0,0.0,0.0,0.0,0.0,0.3599337,-1.40793,-1.91935,1.435296,0.09465215,-1.930464,0.04614541,0.9240925,-0.2937151,0.2401146,34.4023,149.6688,356.1246,0.5172318,0.04072251,-0.8548757,0.0,0.0,0.0,1.674341,-0.3707289,-2.525435,0.04220086,0.0230355,0.9040352,-0.880431,-0.05576529,-0.4708834,0.2263358,0.8232041,-0.5206794,0.416669,-0.5650002,-0.7121527,static,-5.037532264185592,3.095920105643391,2.6726582981291522,1.459623914169312,0.23904500000000017,-0.46538104999999996,-0.5949709999999999,-0.08768112805227268,0.053799706135408194,0.9946947760744168,-3.8870948541196646,7.328533493906924,7.873579570881266,7.881909903915417,8.801957797761485
05/17/2023 13:14:01.144165,2133,True,True,True,True,Eyes,1.253982,0.09051932,-1.922225,0.4966806,-0.5152503,-0.698445,0.0,0.0,0.0,0.0,0.0,0.0,0.0,0.3863317,-1.40501,-1.923939,1.443134,0.09405284,-1.932191,0.04516494,0.9253632,-0.2931653,0.2360453,34.32529,150.2042,356.1944,0.5198908,0.04060675,-0.8532668,0.0,0.0,0.0,1.674341,-0.3707289,-2.525435,0.04583323,0.01847899,0.8998401,-0.8844857,-0.05481263,-0.4633368,0.2219885,0.8240285,-0.5212468,0.4103736,-0.5638906,-0.7166736,static,-5.023119175588525,2.861961621183806,2.9158327077810653,1.1764527266639804,0.23120700000000016,-0.46478173999999994,-0.5932439999999999,-0.0874493290777561,0.04973859899916159,0.9949264267798401,-3.9260078559899156,7.2374242037532035,8.10886760062359,8.11590396936552,9.14035872086819
05/17/2023 13:14:01.164331,2134,True,True,True,True,Eyes,1.262188,0.0903714,-1.923082,0.4894918,-0.5175866,-0.7017847,0.0,0.0,0.0,0.0,0.0,0.0,0.0,0.4134283,-1.403434,-1.926789,1.450861,0.09328867,-1.933743,0.04442765,0.9265382,-0.2929837,0.2317622,34.2992,150.767,356.2884,0.5225196,0.04048877,-0.8516651,0.0,0.0,0.0,1.674341,-0.3707289,-2.525435,0.0494428,0.0152061,0.8946804,-0.8886248,-0.05347726,-0.4555062,0.2181329,0.8243735,-0.5223279,0.4034398,-0.5635145,-0.7208936,static,-5.032668492035091,2.684227469895931,3.163124146562834,0.9737124851276033,0.22348000000000012,-0.46401757,-0.5916919999999999,-0.08762821559419928,0.04665132002444052,0.9950602122950372,-3.9650175373427436,7.169553820035774,8.366219813283733,8.37238786058153,9.444514477366685
05/17/2023 13:14:01.184052,2135,True,True,True,True,Eyes,1.270356,0.09018022,-1.923976,0.4821479,-0.5200686,-0.7050263,0.0,0.0,0.0,0.0,0.0,0.0,0.0,0.4414631,-1.403226,-1.928456,1.458699,0.09227424,-1.935603,0.04382478,0.9276289,-0.2931638,0.2272422,34.31984,151.357,356.3949,0.5251181,0.04036723,-0.8500712,0.0,0.0,0.0,1.674341,-0.3707289,-2.525435,0.05371574,0.01290059,0.8897141,-0.8928806,-0.05193214,-0.4472885,0.2145447,0.8242688,-0.5239767,0.3958972,-0.5638121,-0.7248317,static,-5.061690438308407,2.5422437534955935,3.454990681703936,0.8307135593722885,0.2156420000000001,-0.46300314,-0.5898319999999999,-0.08814213719563047,0.044183329437866625,0.9951275430428159,-4.006041153865798,7.116737659165959,8.681397986984127,8.686955329997414,9.756079900993631
05/17/2023 13:14:01.201304,2136,True,True,True,True,Eyes,1.278505,0.08995435,-1.924911,0.4747998,-0.522503,-0.708206,0.0,0.0,0.0,0.0,0.0,0.0,0.0,0.468524,-1.40491,-1.928342,1.46658,0.09109946,-1.937172,0.04341637,0.9284816,-0.2938378,0.2229265,34.40252,151.9138,356.4989,0.5276862,0.04024063,-0.8484854,0.0,0.0,0.0,1.674341,-0.3707289,-2.525435,0.05623007,0.01060706,0.8841803,-0.8968375,-0.05038585,-0.439481,0.211631,0.8235487,-0.5262887,0.3884515,-0.5650034,-0.7279262,static,-5.067523890300638,2.46817992114233,3.6388651100162765,0.6873152671618817,0.20776100000000008,-0.46182835999999994,-0.588263,-0.08824840468447928,0.042896527159312046,0.995174397054785,-4.023151532712174,7.0885768462268555,8.88144927002523,8.886657883627358,9.984119832867652
05/17/2023 13:14:01.216939,2137,True,True,True,True,Eyes,1.286637,0.0896956,-1.92589,0.4673001,-0.5250599,-0.7112965,0.0,0.0,0.0,0.0,0.0,0.0,0.0,0.4944113,-1.407236,-1.927963,1.474332,0.09005037,-1.939082,0.04278163,0.9291908,-0.2947189,0.218895,34.50163,152.4183,356.5551,0.5302243,0.04010798,-0.8469079,0.0,0.0,0.0,1.674341,-0.3707289,-2.525435,0.05851698,0.00503841,0.879055,-0.9005094,-0.0495204,-0.4320075,0.2085296,0.822621,-0.5289707,0.3815733,-0.5664295,-0.7304513,static,-5.025437178469168,2.4034933085411825,3.8084496622754673,0.3283940906253445,0.2000090000000001,-0.46077926999999996,-0.5863529999999999,-0.08752153534779802,0.041775643526958034,0.9952862751080931,-4.016348852293909,7.060888593600906,9.06949791253613,9.074337082083526,10.322497470389774
05/17/2023 13:14:01.233902,2138,True,True,True,True,Eyes,1.294756,0.08939759,-1.926913,0.4598051,-0.5275358,-0.7143425,0.0,0.0,0.0,0.0,0.0,0.0,0.0,0.5222222,-1.408248,-1.927933,1.482237,0.08904153,-1.941096,0.04179104,0.9300079,-0.2954499,0.214588,34.57449,152.9506,356.5836,0.5327325,0.03996849,-0.8453389,0.0,0.0,0.0,1.674341,-0.3707289,-2.525435,0.06011441,-0.0005860627,0.87365,-0.9044107,-0.04906799,-0.4238313,0.204532,0.8219258,-0.5316057,0.3744427,-0.5674772,-0.7333226,static,-5.006995371950083,2.3126288533596653,3.936223415231513,-0.0384352019724114,0.19210400000000005,-0.45977042999999995,-0.5843389999999999,-0.08720682352762141,0.04019829616185853,0.9953788346603547,-4.025541798493073,7.024661737013737,9.24253185738234,9.247089513337285,10.643168874352714
05/17/2023 13:14:01.244080,2139,True,True,True,True,Eyes,1.302866,0.08906204,-1.927979,0.4521655,-0.5300948,-0.7173184,0.0,0.0,0.0,0.0,0.0,0.0,0.0,0.5489936,-1.408261,-1.92862,1.490108,0.08780509,-1.943204,0.04084995,0.9308344,-0.2959403,0.210471,34.62051,153.4644,356.6196,0.5352111,0.03982116,-0.8437788,0.0,0.0,0.0,1.674341,-0.3707289,-2.525435,0.06137317,-0.003820539,0.8682312,-0.9080663,-0.04852465,-0.4160056,0.2006228,0.8215013,-0.5337473,0.367649,-0.5681382,-0.7362424,static,-4.963903320428464,2.1921653718158516,4.043374891218445,-0.25212103331927377,0.1842330000000001,-0.45853398999999995,-0.5822309999999999,-0.0864652578525055,0.03810791033621042,0.9955256750632591,-4.029136570239087,6.975411921707107,9.328831998418787,9.33303791979533,10.835251446614222
05/17/2023 13:14:01.264251,2140,True,True,True,True,Eyes,1.310962,0.0886869,-1.929103,0.4445446,-0.5325359,-0.7202678,0.0,0.0,0.0,0.0,0.0,0.0,0.0,0.5759007,-1.406715,-1.930121,1.497985,0.08659714,-1.945357,0.03964848,0.9317262,-0.2961601,0.2064061,34.62812,153.967,356.6297,0.5376605,0.0396652,-0.8422275,0.0,0.0,0.0,1.674341,-0.3707289,-2.525435,0.06252116,-0.005095422,0.8629881,-0.9116492,-0.04837549,-0.4081126,0.1961416,0.8214343,-0.5355129,0.3611435,-0.5682477,-0.7393716,static,-4.911133092540892,2.0397916139607837,4.143685261977832,-0.3382929415971755,0.17635600000000018,-0.45732604,-0.5800779999999999,-0.08555667432393033,0.035463050733784585,0.9957020223973095,-4.034484067094988,6.91322988196895,9.35818504266125,9.361891987558522,10.930097750509269
05/17/2023 13:14:01.284372,2141,True,True,True,True,Eyes,1.319043,0.08827446,-1.930281,0.4368401,-0.5350373,-0.7231223,0.0,0.0,0.0,0.0,0.0,0.0,0.0,0.6045591,-1.403319,-1.932416,1.505855,0.0852712,-1.94786,0.03788857,0.9327214,-0.2962187,0.2021137,34.60354,154.4822,356.5829,0.5400808,0.03949979,-0.8406853,0.0,0.0,0.0,1.674341,-0.3707289,-2.525435,0.06331474,-0.004279613,0.8581605,-0.9154289,-0.04906075,-0.399478,0.1904186,0.8216379,-0.5372634,0.3545848,-0.5678946,-0.742809,static,-4.865613744945586,1.84516081772965,4.219614490024922,-0.2857294528918385,0.16848600000000014,-0.45600009999999996,-0.577575,-0.08477528659160344,0.032082654262752745,0.9958834772177712,-4.051401862920908,6.835237858889545,9.328764316102223,9.33177718480969,10.914114117332488
05/17/2023 13:14:01.301344,2142,True,True,True,True,Eyes,1.327111,0.08782058,-1.931522,0.4291501,-0.5374212,-0.7259536,0.0,0.0,0.0,0.0,0.0,0.0,0.0,0.634342,-1.399438,-1.934314,1.513857,0.08400397,-1.950273,0.0359724,0.9337254,-0.2962935,0.1976691,34.5785,155.0109,356.5212,0.5424719,0.03932432,-0.8391526,0.0,0.0,0.0,1.674341,-0.3707289,-2.525435,0.06390703,-0.001220196,0.8537739,-0.9192658,-0.04995946,-0.3904542,0.1843128,0.8218324,-0.5390922,0.3478206,-0.5675347,-0.7462742,static,-4.832157513164621,1.6552933511784316,4.280743985138411,-0.08188588732810984,0.16048400000000007,-0.45473286999999996,-0.575162,-0.08420221297734234,0.028783715839848022,0.996032865383758,-4.072952220944845,6.759872328917413,9.27467958237035,9.277001963159854,10.79786533501381
05/17/2023 13:14:01.314412,2143,True,True,True,True,Eyes,1.335144,0.08733372,-1.932829,0.4213402,-0.5398422,-0.7287269,0.0,0.0,0.0,0.0,0.0,0.0,0.0,0.6626853,-1.395876,-1.93628,1.521721,0.08255314,-1.953036,0.03444894,0.9346927,-0.2962739,0.1933512,34.55322,155.5387,356.5075,0.544834,0.03913805,-0.8376296,0.0,0.0,0.0,1.674341,-0.3707289,-2.525435,0.0645138,0.002839953,0.849834,-0.9228571,-0.05017147,-0.3818606,0.1789682,0.8220701,-0.5405285,0.3410353,-0.5671715,-0.7496742,static,-4.7901940927885045,1.4672434219569561,4.341191781906307,0.1914688223899522,0.15261999999999998,-0.45328203999999994,-0.5723989999999999,-0.08348011053852294,0.025516053404315127,0.9961827452749991,-4.090227576548452,6.684649584584864,9.218316031596528,9.22007639998044,10.641909077259765
05/17/2023 13:14:01.334255,2144,True,True,True,True,Eyes,1.343167,0.08682072,-1.934205,0.4135562,-0.5421109,-0.7314965,0.0,0.0,0.0,0.0,0.0,0.0,0.0,0.6906989,-1.391735,-1.938366,1.529635,0.08133876,-1.955723,0.03301828,0.9356886,-0.2960414,0.189093,34.50598,156.0657,356.5097,0.5471662,0.03894073,-0.8361173,0.0,0.0,0.0,1.674341,-0.3707289,-2.525435,0.06536719,0.005368531,0.8460263,-0.9263073,-0.05016907,-0.3734139,0.1737484,0.8225386,-0.541518,0.3343148,-0.5664921,-0.7532066,static,-4.746775718649374,1.26875000026264,4.418110874081598,0.3635703050970801,0.144706,-0.45206766,-0.5697119999999998,-0.08273198089329273,0.022066149548933836,0.9963275527410929,-4.108865870509115,6.6053066816940715,9.208142396001739,9.209478624664914,10.567336722075481
05/17/2023 13:14:01.343821,2145,True,True,True,True,Eyes,1.351124,0.08625807,-1.935665,0.4056718,-0.5443868,-0.7342162,0.0,0.0,0.0,0.0,0.0,0.0,0.0,0.7188424,-1.386064,-1.941427,1.537509,0.08018791,-1.958745,0.0314339,0.9367772,-0.2954713,0.1848169,34.41622,156.5954,356.5027,0.5494686,0.03873238,-0.8346158,0.0,0.0,0.0,1.674341,-0.3707289,-2.525435,0.06657386,0.004316092,0.8422334,-0.9297094,-0.05032306,-0.3648402,0.1681093,0.8234172,-0.5419624,0.3276889,-0.5652004,-0.7570791,static,-4.6979694942310335,1.0266498552567058,4.519515253662342,0.2936142058369481,0.13683200000000006,-0.45091680999999995,-0.5666899999999999,-0.08189012999572001,0.01785728339428131,0.9964813845280707,-4.133511889370804,6.50880514233811,9.245716640276068,9.246586740033711,10.65380106418524
05/17/2023 13:14:01.364124,2146,True,True,True,True,Eyes,1.359077,0.08569356,-1.937211,0.3978128,-0.5464959,-0.7369446,0.0,0.0,0.0,0.0,0.0,0.0,0.0,0.7486786,-1.378742,-1.944659,1.545434,0.0785422,-1.961787,0.02976087,0.9379691,-0.2947108,0.1802054,34.30412,157.1697,356.5029,0.551739,0.0385121,-0.833127,0.0,0.0,0.0,1.674341,-0.3707289,-2.525435,0.06795359,0.0004875362,0.8380629,-0.9332808,-0.05038744,-0.3555959,0.1620465,0.8245196,-0.5421331,0.3205125,-0.5635854,-0.7613433,static,-4.685562150184651,0.7697580835098121,4.635636220034397,0.033331344781756846,0.1289070000000001,-0.4492711,-0.5636479999999999,-0.0816800481568078,0.013389520069032934,0.9965687264384895,-4.17781492136583,6.408989151627065,9.349759595178115,9.350244028820203,10.877772450820824
05/17/2023 13:14:01.384313,2147,True,True,True,True,Eyes,1.366996,0.08522747,-1.938864,0.3897538,-0.5487242,-0.7395903,0.0,0.0,0.0,0.0,0.0,0.0,0.0,0.7781467,-1.371441,-1.948207,1.553359,0.07792103,-1.96542,0.02779573,0.9391488,-0.2938454,0.175733,34.17332,157.7147,356.4612,0.5539777,0.038281,-0.8316506,0.0,0.0,0.0,1.674341,-0.3707289,-2.525435,0.06936756,-0.004245251,0.8337646,-0.9366909,-0.05106804,-0.3464142,0.1554853,0.8257646,-0.5421598,0.3137436,-0.5616983,-0.7655458,static,-4.637706605551587,0.4863210721685798,4.755941925947949,-0.2917284607018375,0.12098200000000014,-0.44864993,-0.5600149999999999,-0.08085200137959916,0.008460014307884955,0.9966902558794251,-4.2109482055167025,6.296619255948704,9.425516372210884,9.425815286167202,11.12705910226294
05/17/2023 13:14:01.401544,2148,True,True,True,True,Eyes,1.374924,0.08478078,-1.940591,0.3815786,-0.5509856,-0.7421676,0.0,0.0,0.0,0.0,0.0,0.0,0.0,0.8104131,-1.367499,-1.948399,1.561404,0.07991342,-1.969445,0.02498782,0.9401087,-0.293836,0.1709729,34.12638,158.2475,356.2949,0.5561836,0.03804436,-0.8301879,0.0,0.0,0.0,1.674341,-0.3707289,-2.525435,0.07078448,-0.007137835,0.8292776,-0.9402879,-0.05349348,-0.3361509,0.1474585,0.826072,-0.5439311,0.3067816,-0.5610201,-0.7688575,static,-4.579381912831218,0.2759705001160924,4.878758644871349,-0.49314936431777495,0.11293700000000007,-0.45064232,-0.55599,-0.0798393087713146,0.004801199771343755,0.9967962375183577,-4.225024765010879,6.211729616707881,9.489057796367653,9.489360788542346,11.306382026282613
05/17/2023 13:14:01.414274,2149,True,True,True,True,Eyes,1.382802,0.08442188,-1.942382,0.3733253,-0.5534489,-0.7445284,0.0,0.0,0.0,0.0,0.0,0.0,0.0,0.8469892,-1.370905,-1.940688,1.569681,0.07995032,-1.973004,0.02385017,0.9406877,-0.2955642,0.1648634,34.3281,158.9908,356.3492,0.5583571,0.03780359,-0.8287386,0.0,0.0,0.0,1.674341,-0.3707289,-2.525435,0.07255819,-0.007285774,0.8251069,-0.9445028,-0.05258431,-0.3242684,0.1423265,0.8241459,-0.5482031,0.2960713,-0.5639313,-0.770924,static,-4.708021719626056,0.2968838319509604,5.025544348405401,-0.5059141448654619,0.10465999999999998,-0.45067922,-0.5524309999999999,-0.08207694815150265,0.005164094518813064,0.9966126176442863,-4.280244586098101,6.22822201866134,9.766279654498748,9.76661625089846,11.48678795671128
05/17/2023 13:14:01.434072,2150,True,True,True,True,Eyes,1.390662,0.08415423,-1.944267,0.3650024,-0.5559325,-0.7468014,0.0,0.0,0.0,0.0,0.0,0.0,0.0,0.8692693,-1.377948,-1.93539,1.577404,0.0817911,-1.976161,0.0241027,0.940928,-0.2967159,0.161348,34.48251,159.4514,356.4952,0.5604977,0.03756285,-0.8273034,0.0,0.0,0.0,1.674341,-0.3707289,-2.525435,0.07479241,-0.006174833,0.8211078,-0.946772,-0.0503912,-0.317937,0.1411068,0.8227574,-0.5505989,0.2893303,-0.5661546,-0.7718532,static,-4.595759350532177,0.30434218942854147,5.204549969889163,-0.4308632813857001,0.09693700000000005,-0.45252,-0.5492739999999998,-0.0801240272218364,0.0052946705604326235,0.9967708534710374,-4.227048862528507,6.2237372714884955,9.82756949705773,9.827847671807524,11.54290973082506
05/17/2023 13:14:01.443945,2151,True,True,True,True,Eyes,1.398482,0.0839422,-1.946202,0.3564883,-0.5586196,-0.748906,0.0,0.0,0.0,0.0,0.0,0.0,0.0,0.9004031,-1.384913,-1.926677,1.584932,0.08372495,-1.980346,0.02363032,0.9412867,-0.2984529,0.1560354,34.6968,160.1155,356.6075,0.5626049,0.03732594,-0.8258826,0.0,0.0,0.0,1.674341,-0.3707289,-2.525435,0.07748142,-0.005120486,0.8172206,-0.9501894,-0.04865261,-0.3078531,0.1376242,0.820735,-0.5544851,0.279643,-0.5692337,-0.7731579,static,-4.646125999801197,0.3357089777925463,5.416074542958021,-0.3589953527952417,0.08940900000000007,-0.45445385,-0.5450889999999999,-0.0809999728476389,0.0058399406529153425,0.9966969759505153,-4.2441559026595845,6.239127281126962,10.085906321492464,10.086153571587205,11.698515912487096
05/17/2023 13:14:01.464043,2152,True,True,True,True,Eyes,1.406255,0.08377694,-1.948213,0.3478892,-0.5612354,-0.7509913,0.0,0.0,0.0,0.0,0.0,0.0,0.0,0.928354,-1.390602,-1.918593,1.592191,0.08487887,-1.983515,0.02425506,0.9417633,-0.2994655,0.1510441,34.84639,160.7947,356.8722,0.5646785,0.03709489,-0.8244765,0.0,0.0,0.0,1.674341,-0.3707289,-2.525435,0.08074194,-0.005364448,0.8131977,-0.9531952,-0.04477996,-0.2990227,0.13615,0.8194643,-0.556724,0.2699685,-0.5713784,-0.7750126,static,-4.698474785465264,0.3189245796164343,5.670281013031531,-0.3779594697336028,0.08215000000000017,-0.45560776999999997,-0.54192,-0.0819107177519196,0.005547550795176026,0.9966242327793511,-4.271552501294602,6.23609040123088,10.391888114815517,10.392148198861458,11.940925815119344
05/17/2023 13:14:01.484226,2153,True,True,True,True,Eyes,1.413979,0.08362469,-1.950282,0.3390577,-0.5639874,-0.7529662,0.0,0.0,0.0,0.0,0.0,0.0,0.0,0.9592494,-1.392551,-1.911665,1.598971,0.08581787,-1.987398,0.02423264,0.9424856,-0.2999654,0.145446,34.92302,161.5399,357.0932,0.5667183,0.03687106,-0.8230859,0.0,0.0,0.0,1.674341,-0.3707289,-2.525435,0.0839856,-0.006202519,0.8092988,-0.9565165,-0.04157975,-0.2886995,0.1329354,0.818867,-0.5583771,0.2596236,-0.5724753,-0.7777324,static,-4.788827481976953,0.21164717471400912,5.92470541539908,-0.439110008861146,0.07537000000000016,-0.45654677,-0.5380369999999999,-0.08348296319795098,0.0036810369087963497,0.996502410661136,-4.334086409947679,6.200669983727648,10.733014357477956,10.733278718785476,12.220044519795495
05/17/2023 13:14:01.502226,2154,True,True,True,True,Eyes,1.421658,0.08346978,-1.952412,0.3300908,-0.5666162,-0.7549744,0.0,0.0,0.0,0.0,0.0,0.0,0.0,0.9981714,-1.385902,-1.905989,1.605778,0.08600633,-1.990964,0.02238125,0.9436044,-0.2998002,0.1386719,34.88931,162.3808,357.1412,0.568724,0.03665429,-0.8217111,0.0,0.0,0.0,1.674341,-0.3707289,-2.525435,0.08695415,-0.007438749,0.8053837,-0.9605387,-0.04090962,-0.2751226,0.1253858,0.8192378,-0.5595782,0.248283,-0.5719928,-0.7817802,static,-4.943556469079159,-0.019414694112441237,6.162133410719061,-0.5291847890370547,0.06856300000000015,-0.45673523,-0.5344709999999999,-0.08617432752298063,-0.00033758986464047706,0.996280116388702,-4.450395547305445,6.121764725879903,11.117084627256054,11.117383381710466,12.524412175223347
05/17/2023 13:14:01.514233,2155,True,True,True,True,Eyes,1.429328,0.08332801,-1.954578,0.3208136,-0.5694518,-0.7568377,0.0,0.0,0.0,0.0,0.0,0.0,0.0,1.043747,-1.373712,-1.89992,1.612523,0.08579423,-1.994641,0.01895743,0.944874,-0.2995366,0.1308886,34.82077,163.2939,357.0264,0.5706949,0.03644383,-0.8203529,0.0,0.0,0.0,1.674341,-0.3707289,-2.525435,0.08968353,-0.00864774,0.8016119,-0.9650179,-0.04258711,-0.2587034,0.1142367,0.8198369,-0.5610861,0.2359897,-0.5710112,-0.7862923,static,-5.137400659672804,-0.31973514703861455,6.383647773451705,-0.6180793778748198,0.06181800000000015,-0.45652313,-0.5307939999999998,-0.08954307621605655,-0.0055579853980633484,0.9959674537401162,-4.598219456142607,6.018732241366093,11.524449425883388,11.524910684186406,12.831550035663215
05/17/2023 13:14:01.534428,2156,True,True,True,True,Eyes,1.436975,0.08320376,-1.956798,0.3113869,-0.5722214,-0.7586836,0.0,0.0,0.0,0.0,0.0,0.0,0.0,1.090449,-1.363318,-1.890732,1.619726,0.08599667,-1.997917,0.0156756,0.9459261,-0.2997874,0.1229059,34.82045,164.2295,356.9252,0.5726331,0.03623959,-0.8190101,0.0,0.0,0.0,1.674341,-0.3707289,-2.525435,0.0919427,-0.010187,0.7977953,-0.9692971,-0.04403536,-0.2419185,0.1033472,0.8197636,-0.5633001,0.2231211,-0.5710067,-0.7900435,static,-5.3415737966014865,-0.5489258816888638,6.574105588362245,-0.7315665901231133,0.05461500000000008,-0.45672556999999997,-0.5275179999999999,-0.09308882229089385,-0.009538817111018175,0.99561208266631,-4.736953810423143,5.94378928986138,11.916299011146515,11.917079039497345,13.133942319322664
05/17/2023 13:14:01.553944,2157,True,True,True,True,Eyes,1.444618,0.08310822,-1.959052,0.30165,-0.5752524,-0.7603236,0.0,0.0,0.0,0.0,0.0,0.0,0.0,1.134579,-1.355761,-1.879967,1.626999,0.08591636,-2.00128,0.01342979,0.9468028,-0.3002141,0.115134,34.86044,165.1748,356.9472,0.5745386,0.0360417,-0.8176831,0.0,0.0,0.0,1.674341,-0.3707289,-2.525435,0.09339255,-0.01282772,0.7941408,-0.9731278,-0.043699,-0.2260821,0.09456044,0.8193823,-0.5653946,0.2099548,-0.5715795,-0.7932316,static,-5.538733713712895,-0.745176482197564,6.7072906177326965,-0.9254156241944438,0.047341999999999995,-0.45664525999999994,-0.5241549999999999,-0.09651056326416346,-0.012944706819573897,0.9952477925956477,-4.8660415874206775,5.881081290582096,12.246013202523034,12.247350655332166,13.426481988283559
05/17/2023 13:14:01.564246,2158,True,True,True,True,Eyes,1.452233,0.08300078,-1.961334,0.2918357,-0.5781802,-0.7619315,0.0,0.0,0.0,0.0,0.0,0.0,0.0,1.172687,-1.353199,-1.868111,1.634156,0.08651429,-2.004552,0.0124791,0.9474272,-0.3008432,0.1082566,34.94263,166.0495,357.0987,0.5764132,0.03585073,-0.8163711,0.0,0.0,0.0,1.674341,-0.3707289,-2.525435,0.09483293,-0.01559335,0.7900815,-0.9762495,-0.04149044,-0.212639,0.08878259,0.8186753,-0.5673521,0.197622,-0.5727559,-0.7955478,static,-5.6764382450287725,-0.8722548415282689,6.844428385920936,-1.1306645780188247,0.04018500000000014,-0.45724318999999997,-0.520883,-0.09889919644622601,-0.015148499039474898,0.9949821616882996,-4.954256305338607,5.841133889221057,12.521548952109283,12.523532919346003,13.704558887887295
05/17/2023 13:14:01.583946,2159,True,True,True,True,Eyes,1.459813,0.08288315,-1.96364,0.2819516,-0.5810221,-0.7634898,0.0,0.0,0.0,0.0,0.0,0.0,0.0,1.206671,-1.35122,-1.85756,1.641163,0.08648252,-2.007855,0.01215114,0.9479994,-0.3012266,0.1020405,35.002,166.8648,357.3105,0.5782574,0.03566556,-0.815074,0.0,0.0,0.0,1.674341,-0.3707289,-2.525435,0.09565103,-0.01920962,0.7862538,-0.9788802,-0.03843606,-0.2007891,0.08451314,0.8182299,-0.5686453,0.1861481,-0.5736049,-0.7977008,static,-5.761020026712508,-1.0035594123541542,6.936184912055045,-1.3995623759975695,0.03317800000000015,-0.45721142,-0.5175799999999997,-0.10036418860125113,-0.017426086049606417,0.9947981811937604,-5.018808862406678,5.796075424134008,12.700427416941137,12.703378747572533,13.953461201368677
05/17/2023 13:14:01.601692,2160,True,True,True,True,Eyes,1.467334,0.08276886,-1.965981,0.2717198,-0.5841635,-0.7648015,0.0,0.0,0.0,0.0,0.0,0.0,0.0,1.238822,-1.350441,-1.846158,1.648019,0.08610021,-2.010793,0.0122676,0.9484623,-0.3017319,0.09605657,35.07998,167.6659,357.5701,0.5800722,0.03548522,-0.8137913,0.0,0.0,0.0,1.674341,-0.3707289,-2.525435,0.09584835,-0.02244163,0.7821294,-0.9812455,-0.03469595,-0.1896151,0.08123738,0.8176147,-0.5700058,0.174809,-0.5747194,-0.7994623,static,-5.817332665051035,-1.129206658180267,6.9866438270716635,-1.6435362161303542,0.02632200000000018,-0.45682911,-0.5146419999999998,-0.10133777311311333,-0.019605647463147434,0.9946588627135265,-5.069230150255604,5.751344098568465,12.810293806922955,12.81430251340321,14.143137990768416
05/17/2023 13:14:01.616826,2161,True,True,True,True,Eyes,1.474858,0.08266719,-1.968328,0.2609134,-0.5876797,-0.7658699,0.0,0.0,0.0,0.0,0.0,0.0,0.0,1.272323,-1.353517,-1.830696,1.654855,0.08611997,-2.014026,0.0123248,0.9485745,-0.3033103,0.0897638,35.28454,168.4946,357.8186,0.581857,0.03530945,-0.8125238,0.0,0.0,0.0,1.674341,-0.3707289,-2.525435,0.09574372,-0.02471846,0.7781879,-0.9835812,-0.03107056,-0.1777717,0.07783454,0.815702,-0.573212,0.1628188,-0.5776373,-0.7998908,static,-5.868201973772989,-1.1553405528521938,7.014089991509081,-1.8193387542677126,0.019486000000000114,-0.45684886999999996,-0.511409,-0.10221990934815821,-0.0200575115148951,0.9945595619078548,-5.097765362094259,5.74460706398527,12.894640212000287,12.899393004721349,14.279716959662634
05/17/2023 13:14:01.634208,2162,True,True,True,True,Eyes,1.482338,0.08257177,-1.970688,0.2500269,-0.5912687,-0.7667385,0.0,0.0,0.0,0.0,0.0,0.0,0.0,1.30575,-1.361771,-1.810146,1.661664,0.08633384,-2.016793,0.0127925,0.9482532,-0.3061134,0.08334902,35.63915,169.3468,358.1125,0.5836135,0.0351384,-0.8112706,0.0,0.0,0.0,1.674341,-0.3707289,-2.525435,0.09532717,-0.02631587,0.7739479,-0.9857786,-0.02676745,-0.1659038,0.07528955,0.8122619,-0.5784134,0.15024,-0.5826784,-0.7986951,static,-5.938230857829927,-1.033994298216128,7.021755545021495,-1.9474277459697444,0.01267700000000005,-0.45706273999999997,-0.508642,-0.10343957032215617,-0.017948824457855953,0.9944738049328898,-5.106414294380173,5.795962869647245,12.987033702164432,12.992136399590668,14.389322495496359
05/17/2023 13:14:01.644272,2163,True,True,True,True,Eyes,1.489809,0.08250243,-1.973053,0.2386886,-0.5951039,-0.7673846,0.0,0.0,0.0,0.0,0.0,0.0,0.0,1.337691,-1.372797,-1.787467,1.668237,0.08636083,-2.019543,0.01359085,0.9476736,-0.3094997,0.07707321,36.0651,170.1943,358.4441,0.5853427,0.03497187,-0.8100312,0.0,0.0,0.0,1.674341,-0.3707289,-2.525435,0.09547195,-0.02677301,0.7698522,-0.9877502,-0.02194887,-0.1544932,0.07346764,0.8080505,-0.5845142,0.1376677,-0.5887042,-0.7965395,static,-5.978687124760827,-0.8521216113498704,7.069348407491014,-1.9917622028189532,0.006104000000000109,-0.45708972999999997,-0.5058919999999998,-0.10414712113853483,-0.014790905478842866,0.9944519245071637,-5.089647096597686,5.86870618938064,13.092625542049563,13.097710178830138,14.47854050010629
05/17/2023 13:14:01.664494,2164,True,True,True,True,Eyes,1.497233,0.08243404,-1.975433,0.2273171,-0.5988871,-0.7678939,0.0,0.0,0.0,0.0,0.0,0.0,0.0,1.369184,-1.381054,-1.766347,1.674756,0.086943,-2.022272,0.01389828,0.9471987,-0.3123762,0.07101142,36.42276,171.0026,358.7157,0.5870456,0.03481054,-0.8088048,0.0,0.0,0.0,1.674341,-0.3707289,-2.525435,0.09601685,-0.02717495,0.76562,-0.9895285,-0.01803568,-0.1432068,0.07069342,0.8044559,-0.5897908,0.1258409,-0.5937386,-0.7947571,static,-5.979711857071999,-0.7380930582796467,7.148177891203769,-2.0328055468873028,-0.00041499999999983217,-0.45767189999999996,-0.5031629999999998,-0.10416774441698488,-0.01281171657831124,0.9944771516216067,-5.067915860139662,5.9127184439779015,13.186374096317877,13.191579498719653,14.572724454645622
05/17/2023 13:14:01.684004,2165,True,True,True,True,Eyes,1.504635,0.08237953,-1.977818,0.2157191,-0.6026664,-0.7682828,0.0,0.0,0.0,0.0,0.0,0.0,0.0,1.402123,-1.383554,-1.747819,1.681189,0.08694062,-2.025113,0.01377379,0.947048,-0.3142082,0.06468061,36.6498,171.8415,358.9603,0.5887226,0.034654,-0.8075917,0.0,0.0,0.0,1.674341,-0.3707289,-2.525435,0.09647939,-0.02796763,0.7613504,-0.9912536,-0.01455749,-0.131167,0.06673525,0.8021669,-0.5933589,0.1138556,-0.5969224,-0.7941793,static,-5.986534235982963,-0.7590753424493886,7.22210737741613,-2.1037711030597106,-0.006847999999999965,-0.45766951999999994,-0.5003219999999997,-0.10428567174402581,-0.013175740182839029,0.9944600942768602,-5.0751460526879875,5.905079377213898,13.271292779360175,13.276913043317771,14.675289705473833
05/17/2023 13:14:01.701241,2166,True,True,True,True,Eyes,1.511989,0.0823198,-1.980215,0.2041336,-0.6063429,-0.7685556,0.0,0.0,0.0,0.0,0.0,0.0,0.0,1.434579,-1.382097,-1.731828,1.687576,0.08723305,-2.027786,0.01303712,0.9470699,-0.3153577,0.05863645,36.78833,172.6219,359.1208,0.5903746,0.03450238,-0.8063914,0.0,0.0,0.0,1.674341,-0.3707289,-2.525435,0.09716529,-0.02896029,0.7569075,-0.9927835,-0.0122888,-0.1192883,0.06167703,0.8007591,-0.5958026,0.1028429,-0.5988604,-0.7942227,static,-5.943129009390864,-0.8662333839695004,7.315133039079642,-2.191144096608748,-0.013234999999999886,-0.45796194999999995,-0.497649,-0.10352955447501655,-0.015036809628705428,0.994512682185162,-5.076005652330084,5.8609367712360285,13.31805840935003,13.324297390195836,14.77756151643643
05/17/2023 13:14:01.714311,2167,True,True,True,True,Eyes,1.519301,0.08226313,-1.982615,0.1923552,-0.6099792,-0.7687163,0.0,0.0,0.0,0.0,0.0,0.0,0.0,1.469121,-1.377517,-1.715862,1.693897,0.0870528,-2.030562,0.01169581,0.9471253,-0.3163649,0.05225313,36.90546,173.4236,359.2184,0.5920017,0.03435506,-0.8052039,0.0,0.0,0.0,1.674341,-0.3707289,-2.525435,0.09808487,-0.03043315,0.7524579,-0.994266,-0.01090731,-0.1063808,0.05521691,0.799553,-0.5980521,0.09158023,-0.6004966,-0.7943661,static,-5.9026064562455165,-0.9998405833732226,7.426779948585102,-2.316064738658089,-0.019555999999999907,-0.45778169999999996,-0.4948729999999997,-0.10282228952057121,-0.0173571361034582,0.9945482411071894,-5.083344079588246,5.80678998018765,13.387053194132744,13.394214719655597,14.915896620175223
05/17/2023 13:14:01.734850,2168,True,True,True,True,Eyes,1.526576,0.08219834,-1.985031,0.1806093,-0.6135214,-0.768747,0.0,0.0,0.0,0.0,0.0,0.0,0.0,1.503573,-1.37213,-1.699666,1.700317,0.0871006,-2.033142,0.01003007,0.9471102,-0.3174363,0.04599825,37.02885,174.1938,359.2677,0.5936046,0.03421179,-0.804029,0.0,0.0,0.0,1.674341,-0.3707289,-2.525435,0.09886274,-0.03227419,0.7477306,-0.9955674,-0.01020387,-0.09349863,0.04820219,0.7982671,-0.6003717,0.08076301,-0.6022171,-0.7942368,static,-5.836550924532395,-1.1239871310789171,7.531793497227209,-2.4715155413197607,-0.025976,-0.4578295,-0.4922930000000001,-0.10167158947227849,-0.01951436985539755,0.9946266911644674,-5.077071796883739,5.7546154428662275,13.427766110668683,13.436088173095522,15.054989703550792
05/17/2023 13:14:01.744099,2169,True,True,True,True,Eyes,1.533817,0.08211678,-1.98744,0.1688077,-0.6169527,-0.7686828,0.0,0.0,0.0,0.0,0.0,0.0,0.0,1.540121,-1.364119,-1.683257,1.706797,0.08685342,-2.036038,0.007834756,0.947102,-0.3184105,0.03938682,37.13906,174.99,359.2639,0.5951833,0.03407192,-0.8028669,0.0,0.0,0.0,1.674341,-0.3707289,-2.525435,0.09976512,-0.03406954,0.7431248,-0.9967744,-0.01024172,-0.07959599,0.03992297,0.7971068,-0.6025171,0.06961732,-0.6037515,-0.7941268,static,-5.784356006688484,-1.2609107468135257,7.6462875131537125,-2.624962750245078,-0.03245599999999982,-0.45758232,-0.48939699999999986,-0.1007604912755416,-0.021893275737768572,0.994669758516766,-5.0796760232498945,5.698425394561512,13.49012849703123,13.499734190907049,15.206213800252222
05/17/2023 13:14:01.764103,2170,True,True,True,True,Eyes,1.541028,0.08201516,-1.989855,0.1570245,-0.6202767,-0.7685051,0.0,0.0,0.0,0.0,0.0,0.0,0.0,1.575213,-1.355079,-1.667584,1.713441,0.08639128,-2.038388,0.005946995,0.94717,-0.318973,0.03301507,37.20265,175.7702,359.2953,0.5967388,0.03393453,-0.8017173,0.0,0.0,0.0,1.674341,-0.3707289,-2.525435,0.1004716,-0.03591728,0.7382506,-0.9977494,-0.0097962,-0.06633563,0.03232746,0.7964417,-0.6038506,0.05874791,-0.604636,-0.7943326,moving,-5.718803348471729,-1.4325542650927476,7.750007837070344,-2.7853511586221646,-0.03909999999999991,-0.45712018,-0.487047,-0.09961546472756176,-0.024875832585519394,0.9947149938698213,-5.082884095795045,5.6279791241586,13.525478809938111,13.53657763937865,15.34494189652595
05/17/2023 13:14:01.784131,2171,True,True,True,True,Eyes,1.548193,0.08189294,-1.992259,0.1451196,-0.623539,-0.7682053,0.0,0.0,0.0,0.0,0.0,0.0,0.0,1.609277,-1.348589,-1.650256,1.720052,0.08580697,-2.041044,0.004753072,0.9471268,-0.319722,0.0265764,37.2927,176.5912,359.4245,0.598272,0.0337986,-0.8005795,0.0,0.0,0.0,1.671575,-0.3707295,-2.525444,0.1039419,-0.03866801,0.7326628,-0.9985425,-0.007990596,-0.05338176,0.02599764,0.7955105,-0.6053819,0.04730311,-0.6058871,-0.7941434,moving,-5.67894444771793,-1.566413317735892,8.07459230364604,-3.0211171341986875,-0.04847699999999988,-0.45653646999999997,-0.48439999999999994,-0.09891745348923281,-0.027201599974395037,0.994723768755572,-5.0905774512286515,5.573778776425989,13.816743831757934,13.830254385395477,15.72240218252733
05/17/2023 13:14:01.801420,2172,True,True,True,True,Eyes,1.555334,0.08175725,-1.994608,0.1331813,-0.6267417,-0.7677615,0.0,0.0,0.0,0.0,0.0,0.0,0.0,1.643241,-1.345222,-1.628988,1.726598,0.0852046,-2.043297,0.004286637,0.9468775,-0.3209546,0.01982333,37.44353,177.4887,359.6675,0.5997831,0.0336633,-0.7994537,0.0,0.0,0.0,1.668461,-0.3707302,-2.525454,0.1077016,-0.04214489,0.7268137,-0.9991775,-0.004606938,-0.04029217,0.02084262,0.7939395,-0.6076394,0.0347889,-0.6079793,-0.7931905,moving,-5.698250341123675,-1.6295703640861035,8.428935755689587,-3.3186267465751405,-0.058137000000000105,-0.45593480000000003,-0.48215699999999995,-0.09924961041686704,-0.028297127567891656,0.9946602060373865,-5.111773722895638,5.550704447631112,14.211128364751792,14.22780019810585,16.186903626573176
05/17/2023 13:14:01.814428,2173,True,True,True,True,Eyes,1.562441,0.08160502,-1.996937,0.1209852,-0.6298768,-0.7672144,0.0,0.0,0.0,0.0,0.0,0.0,0.0,1.677558,-1.34198,-1.605005,1.733289,0.08474004,-2.044427,0.003937125,0.9465088,-0.3223954,0.01291507,37.61857,178.4149,359.9367,0.6012738,0.03352819,-0.7983389,0.0,0.0,0.0,1.66577,-0.3707308,-2.525462,0.1107713,-0.04534751,0.7209231,-0.9996355,-0.0008744738,-0.02698708,0.01578057,0.7920914,-0.6101986,0.02190984,-0.6104019,-0.7917889,moving,-5.723446242632607,-1.661936364453962,8.735296807372995,-3.599277489529328,-0.0675190000000001,-0.45547084000000004,-0.4810349999999999,-0.09968540567411872,-0.028857736434024,0.9946005169454372,-5.12968918058761,5.539882682295489,14.568002076319907,14.58795877499637,16.60608578481434
05/17/2023 13:14:01.833993,2174,True,True,True,True,Eyes,1.569533,0.08145231,-1.99926,0.1087886,-0.6329507,-0.7665106,0.0,0.0,0.0,0.0,0.0,0.0,0.0,1.713819,-1.336181,-1.580956,1.739807,0.08419763,-2.04645,0.002813788,0.9460844,-0.3238581,0.00567627,37.79414,179.3534,0.1194578,0.6027455,0.03339264,-0.7972341,0.0,0.0,0.0,1.662897,-0.3707314,-2.525471,0.1143183,-0.04981241,0.7151192,-0.9999197,0.00164755,-0.012563,0.009000774,0.790216,-0.6127622,0.008917928,-0.612826,-0.7901675,moving,-5.752797156542614,-1.699010294017313,9.082404367613245,-3.984564172703686,-0.07691000000000003,-0.45492902999999996,-0.4790209999999999,-0.10019301353226533,-0.029499785694869017,0.9945306283448941,-5.150436471175263,5.527518916130684,14.985289850072194,15.010228539056115,17.118804953359763
05/17/2023 13:14:01.843925,2175,True,True,True,True,Eyes,1.576607,0.08128838,-2.001555,0.09636561,-0.6358846,-0.7657443,0.0,0.0,0.0,0.0,0.0,0.0,0.0,1.750762,-1.328018,-1.557657,1.746642,0.08403799,-2.048726,0.001185244,0.9456926,-0.3250563,-0.001544691,37.93761,180.2682,0.2358131,0.6041982,0.03325683,-0.7961394,0.0,0.0,0.0,1.659914,-0.3707321,-2.525481,0.1183904,-0.05529469,0.7105541,-0.9999923,0.003245975,0.002151064,0.001237529,0.788674,-0.6148103,-0.003692147,-0.614803,-0.7886719,moving,-5.746253360860831,-1.7623063969574355,9.459553995918377,-4.449738951524482,-0.08672800000000014,-0.45477009,-0.47675500000000026,-0.10007611071195484,-0.030598810063722316,0.9945091116615146,-5.15974530390598,5.502696480542617,15.409618467675344,15.441465963658613,17.68544268734344
05/17/2023 13:14:01.864167,2176,True,True,True,True,Eyes,1.58367,0.08112534,-2.003846,0.08397794,-0.6387212,-0.7648418,0.0,0.0,0.0,0.0,0.0,0.0,0.0,1.78601,-1.318251,-1.535707,1.753534,0.08345261,-2.050406,-0.0002387795,0.9454121,-0.3257673,-0.008468403,38.02264,181.1534,0.3684597,0.6056341,0.03312039,-0.7950535,0.0,0.0,0.0,1.656911,-0.3707328,-2.52549,0.1204635,-0.05613914,0.7059049,-0.9998564,0.005065966,0.01616783,-0.005968946,0.7877513,-0.6159645,-0.01585669,-0.6159727,-0.7876079,moving,-5.717300944103426,-1.8740057340358953,9.684302979571514,-4.547043390550401,-0.0966229999999999,-0.45418540999999996,-0.47508399999999984,-0.09956745985889519,-0.032539238607854494,0.9944986493964645,-5.1681507015576695,5.457751140270702,15.597737249198898,15.631843580809779,17.907855649240524
05/17/2023 13:14:01.884679,2177,True,True,True,True,Eyes,1.590696,0.08094627,-2.006103,0.07142123,-0.6413752,-0.7638959,0.0,0.0,0.0,0.0,0.0,0.0,0.0,1.822072,-1.306439,-1.51422,1.760438,0.08331119,-2.052682,-0.002173288,0.9451432,-0.3262821,-0.01548458,38.0853,182.0279,0.4365174,0.6070533,0.0329835,-0.793976,0.0,0.0,0.0,1.654166,-0.3707334,-2.525498,0.1247818,-0.05902132,0.7024167,-0.9995111,0.005996544,0.03068849,-0.01421282,0.7870705,-0.6166993,-0.02785207,-0.6168339,-0.7866005,moving,-5.666314199861862,-1.9999695085366973,10.07330119821277,-4.803057002826747,-0.10627199999999992,-0.45404458999999997,-0.4728159999999999,-0.0986751567745518,-0.03472864885969551,0.994513559329615,-5.16917770179781,5.405864067337611,15.947871826154776,15.987269697479721,18.34544173450488
05/17/2023 13:14:01.901595,2178,True,True,True,True,Eyes,1.597741,0.0807621,-2.008307,0.05885329,-0.643919,-0.7628267,0.0,0.0,0.0,0.0,0.0,0.0,0.0,1.859842,-1.291397,-1.491471,1.767382,0.08285638,-2.054433,-0.004348954,0.9449087,-0.3264992,-0.02295292,38.11367,182.9533,0.4929768,0.6084562,0.03284576,-0.7929072,0.0,0.0,0.0,1.651222,-0.370734,-2.525508,0.1269525,-0.06158352,0.6987267,-0.9989085,0.006769494,0.0462167,-0.02320695,0.7867587,-0.6168243,-0.04053697,-0.6172236,-0.7857428,moving,-5.651213677035632,-2.1563933974499765,10.297804193661785,-5.036850065846701,-0.11616000000000004,-0.45359038,-0.4710749999999999,-0.09840338167755587,-0.0374446596403889,0.9944418708383869,-5.192676378578486,5.344590511104529,16.16275934470117,16.207041730628596,18.647501087591408
05/17/2023 13:14:01.914172,2179,True,True,True,True,Eyes,1.604816,0.08055755,-2.010493,0.04608037,-0.6462263,-0.7617534,0.0,0.0,0.0,0.0,0.0,0.0,0.0,1.899036,-1.274941,-1.466525,1.774966,0.08254031,-2.055527,-0.006394673,0.9446756,-0.3264932,-0.0308131,38.11591,183.9386,0.5854297,0.6098458,0.03270707,-0.7918446,0.0,0.0,0.0,1.648424,-0.3707347,-2.525517,0.1288729,-0.06395793,0.6955664,-0.9980195,0.008038755,0.0623924,-0.03220232,0.7867226,-0.6164662,-0.05404113,-0.6172544,-0.7849056,moving,-5.669600078244143,-2.3203851895844387,10.496598475231416,-5.253623153707184,-0.12654200000000015,-0.45327501,-0.4699899999999997,-0.09871156974985035,-0.04028955711224472,0.9943001816895168,-5.233083305579125,5.282595543509892,16.380982134346752,16.430150961709582,18.932374213530373
05/17/2023 13:14:01.934232,2180,True,True,True,True,Eyes,1.611897,0.08033819,-2.012641,0.03328142,-0.6484316,-0.7605451,0.0,0.0,0.0,0.0,0.0,0.0,0.0,1.938029,-1.259015,-1.441007,1.782748,0.08180469,-2.057351,-0.00813374,0.9443861,-0.3264402,-0.03880074,38.11213,184.9562,0.7260044,0.6112238,0.03256682,-0.7907873,0.0,0.0,0.0,1.645491,-0.3707353,-2.525526,0.1298436,-0.06719375,0.6919628,-0.9968568,0.009969461,0.07859613,-0.04069503,0.7867413,-0.61594,-0.0679754,-0.6172025,-0.7838627,moving,-5.710924575178946,-2.4797609546638353,10.62770002668899,-5.546375117812163,-0.13725699999999996,-0.45253999,-0.468175,-0.09941721458246114,-0.04305213457379134,0.9941140644227359,-5.283163921523301,5.223883184572081,16.56847486219815,16.62392180883879,19.213382197796367
05/17/2023 13:14:01.944463,2181,True,True,True,True,Eyes,1.618978,0.08010281,-2.014761,0.02016628,-0.6504085,-0.7593169,0.0,0.0,0.0,0.0,0.0,0.0,0.0,1.976204,-1.24281,-1.413993,1.790049,0.08121363,-2.058753,-0.009801343,0.9440202,-0.3263945,-0.04686705,38.10938,185.9884,0.8803303,0.6125908,0.03242471,-0.7897345,0.0,0.0,0.0,1.642659,-0.3707359,-2.525535,0.1303323,-0.07042244,0.6883265,-0.9954148,0.01208896,0.09488509,-0.04909962,0.7867411,-0.6153272,-0.08208868,-0.6171646,-0.7825402,moving,-5.744233337528217,-2.6189793790877096,10.721831499474131,-5.841585649592916,-0.1473899999999999,-0.45194953,-0.46678200000000025,-0.0999844254283323,-0.0454649264292252,0.993949749979067,-5.325624941448963,5.172413742535655,16.71651684399986,16.77845292007176,19.463531047400743
05/17/2023 13:14:01.964438,2182,True,True,True,True,Eyes,1.626073,0.07985897,-2.016842,0.007000661,-0.6522979,-0.7579303,0.0,0.0,0.0,0.0,0.0,0.0,0.0,2.015575,-1.225977,-1.385105,1.797836,0.08053722,-2.060432,-0.01141096,0.9435739,-0.3263126,-0.05530199,38.10191,187.0745,1.059988,0.613948,0.03228042,-0.7886859,0.0,0.0,0.0,1.639697,-0.3707366,-2.525544,0.1305662,-0.07329434,0.6845418,-0.9936231,0.01455731,0.1118101,-0.05762563,0.7867798,-0.6145379,-0.09691596,-0.617062,-0.7809237,moving,-5.814725425150255,-2.7563121000955078,10.798616386835345,-6.111413698604117,-0.15813900000000003,-0.45127382000000005,-0.46511199999999997,-0.10119597281781861,-0.047841305781001355,0.9937154943964397,-5.384857140362869,5.124108491797774,16.880497498400374,16.94874133669471,19.70131402461619
05/17/2023 13:14:01.984667,2183,True,True,True,True,Eyes,1.633135,0.07961074,-2.018863,-0.006329203,-0.6539446,-0.756516,0.0,0.0,0.0,0.0,0.0,0.0,0.0,2.054952,-1.208209,-1.354177,1.805355,0.08006912,-2.061717,-0.01308561,0.9430307,-0.3262354,-0.06397164,38.09551,188.1904,1.242092,0.6152971,0.03213384,-0.7876397,0.0,0.0,0.0,1.636804,-0.3707372,-2.525553,0.131204,-0.07543135,0.6814641,-0.991473,0.01705936,0.1291924,-0.06641988,0.7867985,-0.6136258,-0.1121165,-0.6169742,-0.7789565,moving,-5.89724391420359,-2.8745468713605193,10.897948773304304,-6.3163643721364675,-0.16855100000000012,-0.45080632,-0.46383600000000014,-0.10261677368219554,-0.04988452482191314,0.9934693698741417,-5.445913753180802,5.0839516984679864,17.070625857073093,17.144229499139534,19.927093335314265
05/17/2023 13:14:02.001902,2184,True,True,True,True,Eyes,1.640238,0.07935903,-2.020821,-0.0196722,-0.6555079,-0.754932,0.0,0.0,0.0,0.0,0.0,0.0,0.0,2.094087,-1.18966,-1.322212,1.813147,0.0796338,-2.06274,-0.01478772,0.9424163,-0.3261156,-0.07267255,38.08449,189.3097,1.421576,0.6166385,0.03198525,-0.7865962,0.0,0.0,0.0,1.633844,-0.3707379,-2.525562,0.131825,-0.07710087,0.6783285,-0.9889999,0.01952693,0.1466206,-0.07527168,0.7868599,-0.612524,-0.1273306,-0.6168227,-0.7767344,moving,-5.979535628885626,-2.991120645511837,10.997663776293756,-6.484581859681623,-0.179303,-0.45037170000000004,-0.46282200000000007,-0.10403285367326653,-0.05189804971405352,0.9932188504210563,-5.5065424141658035,5.044420165564418,17.25449922908834,17.33290428341805,20.132230618471738
05/17/2023 13:14:02.014420,2185,True,True,True,True,Eyes,1.647434,0.07910398,-2.022761,-0.03340479,-0.6568692,-0.7532642,0.0,0.0,0.0,0.0,0.0,0.0,0.0,2.133384,-1.167689,-1.290762,1.821303,0.07928339,-2.063361,-0.01710093,0.9417934,-0.3257729,-0.08127043,38.05381,190.3846,1.509299,0.6179734,0.03183485,-0.785554,0.0,0.0,0.0,1.63096,-0.3707385,-2.525571,0.13288,-0.07902417,0.675758,-0.9862055,0.02074033,0.164222,-0.08516252,0.7871591,-0.610842,-0.1419379,-0.6164012,-0.7745343,moving,-6.00038988657086,-3.117717196176962,11.124618024060993,-6.669961216245394,-0.19034299999999993,-0.45002189000000004,-0.4622099999999998,-0.10438219425412816,-0.054090475458550454,0.993065233956252,-5.540805241505312,4.996998598931661,17.405626479705,17.489549265699086,20.343408857648093
05/17/2023 13:14:02.034196,2186,True,True,True,True,Eyes,1.654666,0.07883993,-2.024652,-0.04708198,-0.65812,-0.7514396,0.0,0.0,0.0,0.0,0.0,0.0,0.0,2.171666,-1.143881,-1.26186,1.829621,0.07893581,-2.064738,-0.01975924,0.9412318,-0.3250837,-0.08951533,37.98795,191.3912,1.52711,0.6193051,0.03168266,-0.7845107,0.0,0.0,0.0,1.627952,-0.3707392,-2.525581,0.1344596,-0.08082697,0.6727952,-0.9831932,0.0210039,0.1813561,-0.09539598,0.7878604,-0.6084207,-0.1556625,-0.6154956,-0.7726153,moving,-5.968321905870699,-3.275236728090369,11.301789559689562,-6.850458749126157,-0.20166899999999988,-0.44967501,-0.46084299999999967,-0.10381058866970877,-0.056823858834607534,0.9929725728518759,-5.556696700938821,4.934190534292288,17.54631730554078,17.636296735215566,20.569067011728336
05/17/2023 13:14:02.044274,2187,True,True,True,True,Eyes,1.661988,0.0785713,-2.026526,-0.06110234,-0.6591351,-0.7495381,0.0,0.0,0.0,0.0,0.0,0.0,0.0,2.208696,-1.118256,-1.233536,1.837801,0.07844583,-2.065618,-0.02250785,0.9407085,-0.3240942,-0.09759126,37.89014,192.3668,1.518322,0.6206347,0.03152862,-0.7834654,0.0,0.0,0.0,1.625387,-0.3707398,-2.525589,0.135671,-0.08192092,0.6701586,-0.9799388,0.02091087,0.1981992,-0.1056041,0.7889128,-0.6053631,-0.1690205,-0.6141494,-0.7708779,moving,-5.891679428648482,-3.446767002829564,11.444630053583895,-6.969322062390007,-0.2124140000000001,-0.44918563,-0.4599709999999999,-0.1024643502765505,-0.05980471630939228,0.9929372549092177,-5.554771256082319,4.863060939146587,17.59601339733186,17.69056303828047,20.711951438291212
05/17/2023 13:14:02.064432,2188,True,True,True,True,Eyes,1.669346,0.0782773,-2.02835,-0.07510935,-0.6600695,-0.7474402,0.0,0.0,0.0,0.0,0.0,0.0,0.0,2.246381,-1.091792,-1.203167,1.846031,0.07805643,-2.066862,-0.02533124,0.9400562,-0.3231267,-0.1060287,37.79848,193.3892,1.515347,0.6219642,0.03137271,-0.7824166,0.0,0.0,0.0,1.622489,-0.3707404,-2.525598,0.1369724,-0.08194229,0.667831,-0.9762328,0.02089585,0.2157163,-0.116147,0.7898949,-0.6021429,-0.1829755,-0.6128862,-0.7686945,moving,-5.848782435634429,-3.607576757548024,11.59064618237505,-6.995178436793318,-0.2235419999999999,-0.44879683000000004,-0.45873600000000003,-0.10170347732458117,-0.06259622939939884,0.9928434552479958,-5.566312128216678,4.798274995889657,17.66839680102532,17.765402209347062,20.819384293015112
05/17/2023 13:14:02.083981,2189,True,True,True,True,Eyes,1.676741,0.07795557,-2.030118,-0.08910586,-0.6609285,-0.74514,0.0,0.0,0.0,0.0,0.0,0.0,0.0,2.284507,-1.064484,-1.169336,1.854312,0.07714061,-2.067613,-0.02799773,0.9392214,-0.3222826,-0.1149495,37.72165,194.4874,1.557573,0.6232947,0.03121427,-0.7813636,0.0,0.0,0.0,1.619609,-0.3707411,-2.525607,0.1381057,-0.0801259,0.6663967,-0.9720055,0.0215003,0.2339724,-0.1266845,0.7907002,-0.5989526,-0.1978797,-0.6118258,-0.7658411,moving,-5.863395444161297,-3.7466475634438834,11.708374105943937,-6.85618988323205,-0.23470299999999988,-0.44788171,-0.4579939999999998,-0.10194096385457589,-0.06500432520186669,0.9926643106267294,-5.60012724591648,4.745636887406013,17.7495262292059,17.84478463194664,20.837144801129735
05/17/2023 13:14:02.101723,2190,True,True,True,True,Eyes,1.684229,0.07761988,-2.03185,-0.1035923,-0.6615855,-0.7426798,0.0,0.0,0.0,0.0,0.0,0.0,0.0,2.321239,-1.038029,-1.134277,1.862695,0.0759036,-2.068053,-0.03031105,0.9382886,-0.3215069,-0.1238105,37.65013,195.5948,1.645153,0.6246267,0.03105262,-0.7803057,0.0,0.0,0.0,1.616587,-0.3707418,-2.525616,0.1392349,-0.07734945,0.6650953,-0.9675045,0.02273081,0.2518303,-0.1364929,0.7914292,-0.5958268,-0.2128495,-0.6108381,-0.7626086,moving,-5.858425310233105,-3.858907730570379,11.82387404836967,-6.633601493378462,-0.246108,-0.4466454,-0.45756299999999994,-0.10184172784013706,-0.0669498221735759,0.9925452168737918,-5.6196956478627005,4.7020475134955495,17.807347184514867,17.898676936707087,20.803246433053665
05/17/2023 13:14:02.114099,2191,True,True,True,True,Eyes,1.691768,0.07730657,-2.033556,-0.1182133,-0.6620294,-0.7400964,0.0,0.0,0.0,0.0,0.0,0.0,0.0,2.356817,-1.012731,-1.098223,1.871231,0.07520445,-2.068608,-0.03250764,0.9372405,-0.3208671,-0.1325438,37.59505,196.6926,1.744646,0.6259615,0.03088768,-0.7792417,0.0,0.0,0.0,1.613759,-0.3707424,-2.525625,0.1406967,-0.07562673,0.6641129,-0.962751,0.02412296,0.2693122,-0.1459929,0.7919751,-0.5928419,-0.2275897,-0.6100767,-0.758953,moving,-5.837908486517581,-3.9362645618910306,11.961623233102957,-6.496646274802408,-0.25747200000000015,-0.44594685,-0.457017,-0.10147704763723145,-0.06829238432704868,0.9924910836375143,-5.6253019929731,4.670890291723806,17.893364398729013,17.982738499838916,20.83299814890527
05/17/2023 13:14:02.134126,2192,True,True,True,True,Eyes,1.699346,0.07711957,-2.035261,-0.132703,-0.6626427,-0.7370852,0.0,0.0,0.0,0.0,0.0,0.0,0.0,2.390533,-0.9891637,-1.06244,1.879426,0.07563625,-2.069758,-0.03531716,0.9358686,-0.3210987,-0.1407069,37.6583,197.6994,1.755849,0.6273009,0.03072053,-0.7781705,0.0,0.0,0.0,1.610815,-0.370743,-2.525635,0.1420733,-0.07484621,0.662693,-0.9579088,0.02425716,0.286047,-0.1564661,0.7912967,-0.5910736,-0.2406858,-0.610951,-0.7541947,moving,-5.740803043807021,-3.913629281599719,12.10034971911513,-6.443822511188786,-0.26861099999999993,-0.44637925,-0.45587699999999964,-0.09979741896424511,-0.06791188231287823,0.9926875024599265,-5.576137089316168,4.67324810485667,17.93105466719835,18.019672851885602,20.881749087918546
05/17/2023 13:14:02.144253,2193,True,True,True,True,Eyes,1.70702,0.07689741,-2.036937,-0.1474244,-0.6631863,-0.7337916,0.0,0.0,0.0,0.0,0.0,0.0,0.0,2.427981,-0.9649993,-1.017822,1.888019,0.07852838,-2.071592,-0.0397989,0.933479,-0.3234511,-0.1497086,38.00906,198.7874,1.639582,0.6286438,0.03055628,-0.7770926,0.0,0.0,0.0,1.607924,-0.3707437,-2.525644,0.1440937,-0.07501665,0.6614826,-0.9520069,0.02254393,0.3052456,-0.1711496,0.7875909,-0.591953,-0.2537536,-0.615786,-0.7459337,moving,-5.669089627306939,-3.6134491361766927,12.289016232912337,-6.470090158477701,-0.280095,-0.44927208,-0.4540519999999999,-0.09858844811338138,-0.06271775222913853,0.9931500067500022,-5.484632437411464,4.784232515552278,18.09528803896832,18.1838929829983,21.03716629936856
05/17/2023 13:14:02.164382,2194,True,True,True,True,Eyes,1.71472,0.07686471,-2.0386,-0.1618017,-0.6637202,-0.730271,0.0,0.0,0.0,0.0,0.0,0.0,0.0,2.46388,-0.9494439,-0.9643364,1.897565,0.07745007,-2.07252,-0.04154567,0.9305869,-0.3268727,-0.1594879,38.43446,200.1373,1.970964,0.6299918,0.03039331,-0.7760065,0.0,0.0,0.0,1.605042,-0.3707443,-2.525652,0.1460069,-0.07484946,0.6600513,-0.9456754,0.02694075,0.323995,-0.1815882,0.7828564,-0.5951148,-0.2696744,-0.6216189,-0.735436,moving,-5.833082220992787,-3.2050730696437957,12.473276797272053,-6.46967271751064,-0.29252299999999987,-0.44819437,-0.4531320000000001,-0.10147338871369692,-0.05562131650341309,0.9932821593008281,-5.480700454645622,4.9523653477265634,18.507088312849262,18.595171184112793,21.279291640609305
05/17/2023 13:14:02.184261,2195,True,True,True,True,Eyes,1.722446,0.07688137,-2.040273,-0.1760427,-0.6641691,-0.7265593,0.0,0.0,0.0,0.0,0.0,0.0,0.0,2.487586,-0.9342108,-0.9379339,1.905928,0.08198604,-2.07395,-0.04429968,0.9293332,-0.3275797,-0.164527,38.56765,200.7317,1.865537,0.6313442,0.03023866,-0.7749127,0.0,0.0,0.0,1.602116,-0.370745,-2.525662,0.1484872,-0.07452175,0.6589687,-0.9419371,0.02545311,0.3348242,-0.1901298,0.7814581,-0.5942844,-0.2767775,-0.6234385,-0.731245,moving,-5.421982273012488,-3.0959166312222965,12.698526274684617,-6.452078966312415,-0.30381199999999997,-0.45273104,-0.4517120000000001,-0.09435359083659678,-0.05376670834571563,0.9940858026370241,-5.269963362211349,4.96748407962993,18.34064633217356,18.428691099658746,21.2902099564915
05/17/2023 13:14:02.202028,2196,True,True,True,True,Eyes,1.730216,0.07696871,-2.041933,-0.1903162,-0.664009,-0.7230986,0.0,0.0,0.0,0.0,0.0,0.0,0.0,2.518684,-0.9048728,-0.9048309,1.914346,0.08317951,-2.075969,-0.04735951,0.9281889,-0.3262993,-0.1724862,38.46763,201.6839,1.803932,0.6326999,0.03009335,-0.7738118,0.0,0.0,0.0,1.599216,-0.3707456,-2.525671,0.1508938,-0.07403806,0.6576172,-0.9360113,0.02464706,0.3511061,-0.2004813,0.7825718,-0.5893969,-0.2892926,-0.6220723,-0.7275549,moving,-5.293252483802547,-3.1829180142356597,12.923123966874218,-6.423615535113777,-0.31513000000000013,-0.45392511,-0.4497019999999998,-0.09211220935027777,-0.05528777256830038,0.9942124503738857,-5.227570680805409,4.9255163272616445,18.413539148733676,18.502391505278354,21.406786545927226
05/17/2023 13:14:02.214514,2197,True,True,True,True,Eyes,1.738013,0.07709143,-2.043609,-0.2045948,-0.6633803,-0.7197691,0.0,0.0,0.0,0.0,0.0,0.0,0.0,2.538891,-0.8894819,-0.8838811,1.922731,0.08486231,-2.077087,-0.04735492,0.9281826,-0.3235812,-0.1775664,38.13396,202.3404,1.967595,0.6340592,0.02995906,-0.7727036,0.0,0.0,0.0,1.596457,-0.3707462,-2.525679,0.1535236,-0.0736143,0.6566004,-0.9324554,0.02700628,0.3602745,-0.2028223,0.7861055,-0.5838676,-0.2989818,-0.6175021,-0.7275309,moving,-4.968553403549637,-3.4378132074282375,13.160239813180551,-6.396963506283009,-0.32627399999999995,-0.45560851,-0.44859199999999966,-0.08645428259570428,-0.05974064386651079,0.9944630332099913,-5.127544916678522,4.805998232872045,18.278658842109422,18.368715632459846,21.44643145268319
05/17/2023 13:14:02.234209,2198,True,True,True,True,Eyes,1.745785,0.07720326,-2.04526,-0.2186401,-0.6627142,-0.7162446,0.0,0.0,0.0,0.0,0.0,0.0,0.0,2.558908,-0.8730391,-0.8627005,1.930282,0.08577911,-2.078729,-0.04837843,0.9276816,-0.3221245,-0.1824891,37.97481,202.9534,2.021689,0.6354206,0.02983602,-0.7715892,0.0,0.0,0.0,1.593453,-0.3707469,-2.525689,0.1559347,-0.0730896,0.6555089,-0.9287146,0.02780884,0.3697512,-0.2073279,0.7877907,-0.5800009,-0.3074157,-0.615315,-0.725867,moving,-4.609184812805193,-3.527387311640045,13.381012095983113,-6.362231646582557,-0.33682900000000005,-0.45652601,-0.4469599999999998,-0.08020745039948639,-0.06132741384566277,0.9948897649741032,-4.979348252504448,4.747919997964585,18.12198892130665,18.212180737636334,21.46015614321452
05/17/2023 13:14:02.244625,2199,True,True,True,True,Eyes,1.753568,0.07731092,-2.046913,-0.2326695,-0.661873,-0.7125931,0.0,0.0,0.0,0.0,0.0,0.0,0.0,2.582106,-0.8502524,-0.8348322,1.937543,0.08562672,-2.079843,-0.05056887,0.9265512,-0.321483,-0.1886644,37.939,203.7078,2.005193,0.6367829,0.02972274,-0.7704697,0.0,0.0,0.0,1.590549,-0.3707475,-2.525698,0.1574739,-0.07170826,0.6551124,-0.9236968,0.0275955,0.3821285,-0.2150141,0.788183,-0.5766599,-0.3171004,-0.6148219,-0.7221087,moving,-4.346651400555302,-3.491498728268176,13.516151201386437,-6.24669720251461,-0.346994,-0.45637422,-0.44585500000000033,-0.07565075309823274,-0.06072591931644062,0.9952834856490405,-4.851354401914988,4.74454121125177,17.98662615482616,18.07403760725385,21.404966338575797
05/17/2023 13:14:02.264826,2200,True,True,True,True,Eyes,1.761327,0.07739845,-2.048538,-0.2464339,-0.6611047,-0.7086684,0.0,0.0,0.0,0.0,0.0,0.0,0.0,2.60706,-0.8255595,-0.8017855,1.944842,0.08563045,-2.081208,-0.05370687,0.9247428,-0.3221348,-0.1954372,38.08109,204.5348,1.935424,0.638146,0.02961803,-0.7693452,0.0,0.0,0.0,1.587574,-0.3707482,-2.525707,0.1590482,-0.06941098,0.655911,-0.9178399,0.02658412,0.3960599,-0.2252443,0.7866895,-0.574791,-0.3268565,-0.6167762,-0.7160672,moving,-4.139299023304839,-3.2899761484638255,13.630251482546882,-6.040773248804608,-0.3572679999999999,-0.45637865,-0.444499,-0.07206322302848672,-0.05724015819138206,0.9957562195471502,-4.716542208886775,4.808612817888434,17.8993350492884,17.98120713042532,21.31464324778116
05/17/2023 13:14:02.283962,2201,True,True,True,True,Eyes,1.769069,0.07748855,-2.050174,-0.2601465,-0.6600671,-0.7047235,0.0,0.0,0.0,0.0,0.0,0.0,0.0,2.630661,-0.7993416,-0.7708914,1.952085,0.08525315,-2.082232,-0.05704022,0.9229947,-0.3226291,-0.2018364,38.21362,205.3002,1.819058,0.6395087,0.02952036,-0.7682166,0.0,0.0,0.0,1.584877,-0.3707488,-2.525716,0.1601886,-0.06722468,0.6561215,-0.912017,0.02494096,0.4093935,-0.2355322,0.7853138,-0.5725442,-0.3357822,-0.6185954,-0.7103453,moving,-3.888286002397353,-3.0796944154475425,13.720062526796632,-5.849978853497202,-0.367208,-0.45600195,-0.4434840000000002,-0.06771382895087175,-0.053601618327180564,0.9962638673054592,-4.559900583835802,4.873198013189393,17.74819340293148,17.82493797445781,21.19300765442048
05/17/2023 13:14:02.301968,2202,True,True,True,True,Eyes,1.776774,0.07757705,-2.051808,-0.2736135,-0.6590216,-0.70059,0.0,0.0,0.0,0.0,0.0,0.0,0.0,2.653794,-0.7685555,-0.7440722,1.958916,0.08537826,-2.08382,-0.06083796,0.9216212,-0.3218858,-0.2080926,38.21642,205.9984,1.591797,0.6408694,0.02942913,-0.7670853,0.0,0.0,0.0,1.581784,-0.3707495,-2.525725,0.1623535,-0.06561884,0.6564095,-0.9059922,0.02182501,0.4227309,-0.2461032,0.7853765,-0.5679938,-0.3443993,-0.6186334,-0.7061739,moving,-3.597003855558409,-3.00454366867638,13.892479835779687,-5.708682331520475,-0.377132,-0.45612776,-0.4419050000000002,-0.06265243268023632,-0.05231217924196804,0.9966635707855558,-4.411010905099992,4.883065783186334,17.623681051325168,17.69729938994844,21.14717242155233
05/17/2023 13:14:02.314469,2203,True,True,True,True,Eyes,1.784502,0.07764401,-2.053483,-0.2871518,-0.6577151,-0.6963869,0.0,0.0,0.0,0.0,0.0,0.0,0.0,2.676601,-0.7367687,-0.7168002,1.965784,0.08542389,-2.085478,-0.06439707,0.9203437,-0.3206024,-0.2145573,38.15292,206.7255,1.38744,0.6422271,0.02934367,-0.7659523,0.0,0.0,0.0,1.579027,-0.3707501,-2.525734,0.1644952,-0.06397206,0.6569154,-0.8996366,0.01904028,0.4362246,-0.25611,0.7861342,-0.5624951,-0.3536412,-0.6177625,-0.7023589,moving,-3.327881752127906,-2.9740178684377705,14.058105750349418,-5.562067803606838,-0.386757,-0.45617399000000003,-0.44025599999999976,-0.05797192163904316,-0.051795842944068415,0.9969736558495668,-4.281024463225653,4.877188345188799,17.507111290480413,17.57755853078653,21.10217443607719
05/17/2023 13:14:02.334491,2204,True,True,True,True,Eyes,1.792175,0.07769214,-2.05515,-0.300437,-0.6564595,-0.6919527,0.0,0.0,0.0,0.0,0.0,0.0,0.0,2.697259,-0.7118365,-0.6874487,1.972523,0.08496509,-2.087208,-0.0669185,0.9188266,-0.320213,-0.2207791,38.1694,207.4867,1.34251,0.6435806,0.02926258,-0.7648184,0.0,0.0,0.0,1.576189,-0.3707507,-2.525743,0.1669192,-0.0630239,0.6573223,-0.8935575,0.01841963,0.4485717,-0.2643656,0.7859712,-0.558892,-0.362859,-0.6179888,-0.6974409,moving,-3.100739519854316,-2.859046446705427,14.248411644390071,-5.476763656221848,-0.39633399999999996,-0.45571578999999995,-0.4385349999999999,-0.05402456806733785,-0.04980622530761204,0.9972966916180384,-4.153943998422341,4.906607014124036,17.476658822483223,17.5455261964069,21.1296256399007
05/17/2023 13:14:02.344564,2205,True,True,True,True,Eyes,1.799741,0.07774498,-2.056803,-0.3134089,-0.6550124,-0.6875563,0.0,0.0,0.0,0.0,0.0,0.0,0.0,2.715013,-0.6954395,-0.6568313,1.978969,0.08457612,-2.088752,-0.06834448,0.9171049,-0.3208912,-0.2264435,38.28212,208.2451,1.457739,0.6449289,0.02918476,-0.7636848,0.0,0.0,0.0,1.573299,-0.3707514,-2.525752,0.1690183,-0.06165484,0.6581804,-0.888105,0.01996935,0.4592072,-0.2706856,0.7847157,-0.5576294,-0.3714826,-0.619534,-0.6915046,moving,-2.8960378750599056,-2.6262199290998356,14.40214752156395,-5.3515472358950245,-0.40567,-0.45532752,-0.4370000000000003,-0.05047094793081747,-0.04576174106559988,0.9976765983485179,-4.014258089975743,4.982916502693,17.44535433732259,17.511556953770114,21.117886646464925
05/17/2023 13:14:02.364568,2206,True,True,True,True,Eyes,1.807233,0.07781286,-2.058469,-0.3261354,-0.6536554,-0.6829131,0.0,0.0,0.0,0.0,0.0,0.0,0.0,2.731305,-0.6821108,-0.6271312,1.985065,0.08468159,-2.090678,-0.06954721,0.9153443,-0.3219003,-0.2317078,38.42782,208.9678,1.598591,0.6462693,0.02911019,-0.7625538,0.0,0.0,0.0,1.570281,-0.3707521,-2.525762,0.1712968,-0.06014034,0.6599478,-0.8829497,0.02185432,0.4689593,-0.2764929,0.7830868,-0.5570698,-0.3794102,-0.6215284,-0.6853838,moving,-2.672226797607858,-2.367530086426516,14.550660747109823,-5.206921536827583,-0.41478400000000004,-0.45543369,-0.4350839999999998,-0.04658253877542812,-0.04126459319303052,0.9980617634514306,-3.8607282660331643,5.06794069673687,17.392150863934017,17.45537164275233,21.084402749710776
05/17/2023 13:14:02.384162,2207,True,True,True,True,Eyes,1.814615,0.07790549,-2.060121,-0.338522,-0.652221,-0.6782408,0.0,0.0,0.0,0.0,0.0,0.0,0.0,2.748063,-0.6664984,-0.5952585,1.990859,0.08512954,-2.092756,-0.0711451,0.9133816,-0.3229753,-0.2374021,38.59264,209.7397,1.714494,0.6476001,0.02903913,-0.7614264,0.0,0.0,0.0,1.567451,-0.3707527,-2.52577,0.1732931,-0.0587655,0.6611314,-0.8771576,0.02338478,0.4796335,-0.2833152,0.7812507,-0.5562194,-0.3877211,-0.6237794,-0.6786547,moving,-2.5018069040928217,-2.087394247171354,14.687717232440166,-5.079458630236983,-0.423408,-0.45588224,-0.433014,-0.0436219826675584,-0.03638917140832516,0.9983851516033311,-3.727631305239944,5.164729826167369,17.387132183983315,17.447985250820796,21.072931900771785
05/17/2023 13:14:02.402259,2208,True,True,True,True,Eyes,1.821919,0.07801036,-2.061783,-0.3506675,-0.6508322,-0.6733868,0.0,0.0,0.0,0.0,0.0,0.0,0.0,2.763116,-0.6567605,-0.5631614,1.996882,0.08574322,-2.094851,-0.07171402,0.9114881,-0.32424,-0.2427245,38.74792,210.5122,1.959616,0.6489203,0.02897219,-0.7603043,0.0,0.0,0.0,1.564517,-0.3707533,-2.52578,0.1747201,-0.05713359,0.6629184,-0.8718839,0.02666899,0.488986,-0.2881349,0.7794511,-0.5562682,-0.3959758,-0.6258952,-0.6719067,moving,-2.34479424440127,-1.8163049512098883,14.765214680668828,-4.925861848674724,-0.4323650000000001,-0.45649652,-0.43092900000000034,-0.04089243697685552,-0.03166868164718484,0.9986615711682079,-3.602475478863595,5.2589114187243,17.33245073177827,17.39027744213845,21.00242005829114
05/17/2023 13:14:02.417921,2209,True,True,True,True,Eyes,1.829125,0.07813759,-2.063461,-0.3625953,-0.6492527,-0.6685773,0.0,0.0,0.0,0.0,0.0,0.0,0.0,2.776029,-0.6498284,-0.5337925,2.002375,0.08614901,-2.096812,-0.07179965,0.9097977,-0.3253709,-0.2474813,38.87191,211.2243,2.237802,0.6502275,0.02890949,-0.7591891,0.0,0.0,0.0,1.561772,-0.3707539,-2.525788,0.1759574,-0.05548441,0.6647606,-0.8671959,0.03040014,0.4970389,-0.2916927,0.7779572,-0.5565051,-0.4035929,-0.6275814,-0.6657739,moving,-2.155922816923989,-1.5630541379881675,14.825783953484876,-4.7711477793159975,-0.44060299999999986,-0.45690291000000005,-0.428976,-0.037605095544878564,-0.027257764134748844,0.9989208663343181,-3.466108956036456,5.344129870980425,17.227185917620403,17.282078279179228,20.902444549764585
05/17/2023 13:14:02.434187,2210,True,True,True,True,Eyes,1.836246,0.07826064,-2.065155,-0.3742971,-0.647699,-0.663617,0.0,0.0,0.0,0.0,0.0,0.0,0.0,2.789526,-0.6387763,-0.505317,2.007677,0.08675703,-2.099175,-0.07244308,0.9081834,-0.3259211,-0.252449,38.94459,211.9281,2.429841,0.6515201,0.02885148,-0.7580823,0.0,0.0,0.0,1.558762,-0.3707546,-2.525798,0.1768437,-0.0535568,0.6672926,-0.8620431,0.03297367,0.5057613,-0.2961401,0.777055,-0.5554157,-0.4113185,-0.6285685,-0.66009,moving,-1.9678353614981807,-1.3685835015956667,14.84312248976838,-4.588714243356809,-0.4489150000000002,-0.45751163,-0.4266230000000002,-0.034328667582847805,-0.023869937597823365,0.9991254200647043,-3.3415494082205415,5.40674661999717,17.065345599304333,17.116586863948548,20.750699504073328
05/17/2023 13:14:02.444276,2211,True,True,True,True,Eyes,1.843317,0.07838916,-2.066895,-0.385871,-0.6459224,-0.6587017,0.0,0.0,0.0,0.0,0.0,0.0,0.0,2.803767,-0.6200731,-0.4783177,2.012809,0.08677921,-2.101299,-0.07402873,0.9066675,-0.3256628,-0.2577161,38.95372,212.6115,2.477684,0.6527969,0.02879757,-0.7569851,0.0,0.0,0.0,1.555938,-0.3707553,-2.525806,0.1776895,-0.05139309,0.6702405,-0.8562043,0.0336182,0.5155423,-0.3020959,0.776927,-0.5523789,-0.4191087,-0.6286924,-0.6550523,moving,-1.772216262977376,-1.2274710636337638,14.848278901198741,-4.384778873993009,-0.4568709999999998,-0.45753451,-0.4245070000000002,-0.030918988716850948,-0.021411532056415546,0.9992925835196489,-3.22390827815681,5.4483061129897825,16.87058666684623,16.91772597342081,20.574098031429944
05/17/2023 13:14:02.464106,2212,True,True,True,True,Eyes,1.850309,0.0785048,-2.068656,-0.3972453,-0.6441876,-0.6536196,0.0,0.0,0.0,0.0,0.0,0.0,0.0,2.819017,-0.5952449,-0.4516296,2.017988,0.08702578,-2.103637,-0.07653379,0.9051272,-0.3248965,-0.2633055,38.93577,213.2877,2.398187,0.6540577,0.02874752,-0.7558978,0.0,0.0,0.0,1.553079,-0.3707559,-2.525815,0.1792443,-0.04892319,0.6736629,-0.8496258,0.03254846,0.526381,-0.3096397,0.7771696,-0.5478418,-0.4269188,-0.6284488,-0.6502252,moving,-1.5767320164982854,-1.121209987991473,14.899718967068159,-4.153679769828731,-0.4649089999999998,-0.45778168,-0.42217800000000016,-0.027510428610795834,-0.01956015170638968,0.9994301629693209,-3.113115533633165,5.476443196555406,16.710485275751125,16.75318805456513,20.425510399922327
05/17/2023 13:14:02.483846,2213,True,True,True,True,Eyes,1.857238,0.07860187,-2.070449,-0.4084623,-0.6422216,-0.6486214,0.0,0.0,0.0,0.0,0.0,0.0,0.0,2.834605,-0.5669644,-0.4234149,2.023132,0.0868305,-2.105969,-0.0793632,0.9034601,-0.3239157,-0.2693326,38.90567,214.0085,2.288899,0.6553009,0.02870055,-0.7548221,0.0,0.0,0.0,1.550178,-0.3707565,-2.525825,0.1816804,-0.04710248,0.676525,-0.8423231,0.03107914,0.5380765,-0.3178851,0.7775602,-0.5425397,-0.4352485,-0.62804,-0.6450773,moving,-1.4276328821073019,-1.0098678428785393,15.032082248968818,-3.982742928945738,-0.4729539999999999,-0.45758699999999997,-0.41985600000000023,-0.02491044561774125,-0.017619134981778826,0.9995342867292897,-3.02271301278095,5.5095791245303944,16.686140316390837,16.72603385365267,20.398034461942924
05/17/2023 13:14:02.503904,2214,True,True,True,True,Eyes,1.864095,0.07871067,-2.072282,-0.4194842,-0.6403056,-0.6434608,0.0,0.0,0.0,0.0,0.0,0.0,0.0,2.849442,-0.5397893,-0.39536,2.028403,0.08642934,-2.108343,-0.08197275,0.9017816,-0.3229944,-0.2752182,38.87781,214.7218,2.204451,0.6565258,0.02865571,-0.7537587,0.0,0.0,0.0,1.547178,-0.3707572,-2.525834,0.1841852,-0.04509312,0.6797695,-0.835071,0.02994485,0.549327,-0.3256309,0.7779102,-0.53742,-0.44342,-0.6276616,-0.6398593,moving,-1.2805468025987885,-0.8994908158488361,15.160425442410705,-3.795206610917816,-0.481225,-0.45718654000000003,-0.41749100000000006,-0.022345145438112585,-0.015694512265708085,0.9996271471592454,-2.9334262666675297,5.542475070022873,16.657206956502552,16.6940330156312,20.361232007044386
05/17/2023 13:14:02.514414,2215,True,True,True,True,Eyes,1.870881,0.07881364,-2.074176,-0.4304334,-0.6381443,-0.6383565,0.0,0.0,0.0,0.0,0.0,0.0,0.0,2.863649,-0.5147841,-0.3669286,2.033581,0.08681791,-2.111192,-0.08438247,0.9000615,-0.3221943,-0.280998,38.85944,215.434,2.147056,0.6577314,0.02861322,-0.7527086,0.0,0.0,0.0,1.544311,-0.3707578,-2.525843,0.1861612,-0.04310021,0.6830955,-0.8278396,0.0291731,0.560206,-0.3329707,0.7781408,-0.5325668,-0.4514558,-0.627412,-0.6344622,moving,-1.1402474402520748,-0.7608931683463065,15.244377874831178,-3.6103164676012667,-0.48926999999999987,-0.45757571,-0.4146510000000001,-0.01989800525351279,-0.013277072053722354,0.9997138937190536,-2.8417725247166556,5.586691753006963,16.596641686892642,16.63054899436588,20.290238945980885
05/17/2023 13:14:02.534071,2216,True,True,True,True,Eyes,1.877585,0.07890357,-2.076106,-0.4412276,-0.6360393,-0.6330657,0.0,0.0,0.0,0.0,0.0,0.0,0.0,2.876826,-0.4912776,-0.3377769,2.038205,0.0867998,-2.114181,-0.08650644,0.8982406,-0.3215799,-0.2868221,38.85386,216.1726,2.138947,0.6589167,0.02857265,-0.7516727,0.0,0.0,0.0,1.541524,-0.3707584,-2.525852,0.1871863,-0.04006541,0.6868685,-0.8204994,0.02906525,0.5709079,-0.3398796,0.7782061,-0.5280882,-0.459633,-0.627336,-0.6286389,moving,-1.0246683311269114,-0.6126460169421224,15.244134046619381,-3.338310997552921,-0.49668100000000015,-0.45755819999999997,-0.4116710000000001,-0.01788186056287497,-0.010690776555693914,0.9997829329520412,-2.7596337805795557,5.636247704554337,16.46616153962676,16.495550321001463,20.116618997069377
05/17/2023 13:14:02.544166,2217,True,True,True,True,Eyes,1.884195,0.0789874,-2.078079,-0.4519043,-0.633723,-0.6278356,0.0,0.0,0.0,0.0,0.0,0.0,0.0,2.88947,-0.4697436,-0.3059974,2.04301,0.08657607,-2.117059,-0.08813106,0.8962874,-0.3211369,-0.2928704,38.85001,216.9723,2.216594,0.6600811,0.02853336,-0.7506519,0.0,0.0,0.0,1.538499,-0.3707591,-2.525861,0.1882183,-0.03647736,0.6909717,-0.8129199,0.03012149,0.5815963,-0.3460845,0.778208,-0.52404,-0.4683878,-0.6272839,-0.6221963,moving,-0.9668605846779253,-0.44470639450047544,15.237479503405526,-3.0219189220944322,-0.5045110000000002,-0.45733517,-0.4088020000000001,-0.01687359058097429,-0.007760407384880992,0.9998274529802514,-2.7002882359044804,5.697179938603824,16.383512770746382,16.408006036769233,19.944578120683836
05/17/2023 13:14:02.564112,2218,True,True,True,True,Eyes,1.890719,0.07906079,-2.080091,-0.4624709,-0.6314813,-0.6223761,0.0,0.0,0.0,0.0,0.0,0.0,0.0,2.901332,-0.4501908,-0.272352,2.047507,0.08648462,-2.120097,-0.08941415,0.8941987,-0.3208937,-0.2990671,38.85613,217.8168,2.357282,0.6612234,0.02849506,-0.7496474,0.0,0.0,0.0,1.535699,-0.3707598,-2.52587,0.1891297,-0.03312317,0.6954764,-0.8051277,0.0320295,0.5922357,-0.3518455,0.7780647,-0.5204037,-0.477466,-0.627367,-0.6151721,moving,-0.9437749339635907,-0.2709413072371897,15.213267478764685,-2.726742215454148,-0.511808,-0.45724442,-0.40577299999999994,-0.01647105081135347,-0.004728158714161282,0.999853151441777,-2.6558123047098325,5.762633355175222,16.322256050431957,16.34261232568097,19.783162282288856
05/17/2023 13:14:02.584056,2219,True,True,True,True,Eyes,1.897172,0.07913855,-2.08216,-0.4729299,-0.6291084,-0.6168954,0.0,0.0,0.0,0.0,0.0,0.0,0.0,2.913178,-0.4287697,-0.2358243,2.052051,0.08630829,-2.123135,-0.09084265,0.8918703,-0.3206862,-0.3057378,38.87099,218.7286,2.506751,0.662343,0.0284573,-0.7486598,0.0,0.0,0.0,1.532857,-0.3707604,-2.525879,0.1906815,-0.02940524,0.7001443,-0.7965441,0.03405204,0.6036208,-0.3581314,0.777816,-0.5164728,-0.4870929,-0.6275688,-0.6073698,moving,-0.978877059013398,-0.077351202697235,15.23478382183933,-2.4049422237710605,-0.5191940000000002,-0.45706869,-0.4027440000000002,-0.017083781009826104,-0.001349835738251988,0.9998531523056865,-2.6342956948194045,5.839541432789584,16.36353067466458,16.37988031460174,19.679316897086856
05/17/2023 13:14:02.602305,2220,True,True,True,True,Eyes,1.903554,0.07920142,-2.084275,-0.4832858,-0.6268382,-0.6111536,0.0,0.0,0.0,0.0,0.0,0.0,0.0,2.925194,-0.4047886,-0.1960263,2.056679,0.08646727,-2.126413,-0.09270407,0.8891701,-0.3207324,-0.3129105,38.93127,219.7093,2.642308,0.6634392,0.02842021,-0.74769,0.0,0.0,0.0,1.529969,-0.370761,-2.525888,0.1920653,-0.02365425,0.7063973,-0.7869858,0.03586173,0.6159278,-0.3655805,0.7770733,-0.5123553,-0.4969949,-0.6283876,-0.5984353,moving,-1.0638705190726236,0.15520802319594798,15.210680083032027,-1.9178760636695666,-0.52671,-0.45722827,-0.39947500000000025,-0.018566908484816347,0.0027084207814850256,0.99982395981494,-2.6281867250992907,5.934738199470075,16.395097507190687,16.406056044390432,19.490734202792705
05/17/2023 13:14:02.614404,2221,True,True,True,True,Eyes,1.909866,0.0792608,-2.08646,-0.493465,-0.6243569,-0.6055334,0.0,0.0,0.0,0.0,0.0,0.0,0.0,2.936606,-0.379918,-0.1572008,2.061446,0.08617915,-2.129723,-0.09460565,0.8864954,-0.3206237,-0.3199626,38.97664,220.6691,2.760473,0.6645117,0.02838321,-0.7467383,0.0,0.0,0.0,1.527014,-0.3707617,-2.525897,0.1914546,-0.0137859,0.7119755,-0.7773472,0.0374402,0.6279563,-0.3729101,0.7765005,-0.5079223,-0.5066251,-0.6290033,-0.5896486,moving,-1.1477900673127652,0.38789694996545165,15.051145197242528,-1.1092729953018785,-0.534432,-0.45694085,-0.39617400000000025,-0.020030916495500817,0.006768668695897671,0.9997764204193884,-2.6215575177900026,6.029914553343808,16.26378570292311,16.267975336539727,19.060231376052492
05/17/2023 13:14:02.634127,2222,True,True,True,True,Eyes,1.916105,0.0793066,-2.088706,-0.5035378,-0.6219266,-0.599714,0.0,0.0,0.0,0.0,0.0,0.0,0.0,2.947224,-0.355313,-0.1205709,2.065941,0.08612601,-2.133397,-0.09649806,0.8839745,-0.3201976,-0.3267276,38.98744,221.5785,2.848786,0.6655598,0.02834619,-0.7458057,0.0,0.0,0.0,1.524181,-0.3707623,-2.525906,0.1967318,-0.01263177,0.7184107,-0.7678746,0.03863114,0.6394345,-0.3798384,0.7763233,-0.5030358,-0.5158408,-0.62915,-0.5814453,moving,-1.1947493946571033,0.5802242499843872,15.31460697347536,-1.0073242758489682,-0.54176,-0.45688830999999996,-0.392509,-0.02084972975628785,0.010124448612024363,0.9997313028618201,-2.6057519655828743,6.107113234286395,16.581514098190315,16.58551048390949,19.280935806913146
05/17/2023 13:14:02.644085,2223,True,True,True,True,Eyes,1.922277,0.07933658,-2.091018,-0.5134475,-0.6192781,-0.5940255,0.0,0.0,0.0,0.0,0.0,0.0,0.0,2.957409,-0.3289735,-0.08584857,2.070505,0.08583742,-2.137171,-0.09842743,0.8816847,-0.3190498,-0.3333938,38.91986,222.4464,2.88613,0.6665834,0.02830866,-0.7448923,0.0,0.0,0.0,1.521298,-0.3707629,-2.525915,0.19873,-0.01124671,0.7234516,-0.7583215,0.0391745,0.650703,-0.3863024,0.7770386,-0.4969724,-0.52509,-0.6282328,-0.5741119,moving,-1.2283736394098408,0.7082025860314417,15.360111133609625,-0.890643013288202,-0.5492069999999998,-0.45660032,-0.388744,-0.021435885210889405,0.012357312074342687,0.9996938504910554,-2.5963300506791827,6.15863853405127,16.661790641359968,16.66535731135587,19.290571539964386
05/17/2023 13:14:02.665756,2224,True,True,True,True,Eyes,1.928381,0.07933597,-2.093397,-0.5232242,-0.6166606,-0.5881889,0.0,0.0,0.0,0.0,0.0,0.0,0.0,2.966965,-0.3030049,-0.05488086,2.075134,0.08543249,-2.14108,-0.1003846,0.8796438,-0.3176447,-0.339487,38.82819,223.2202,2.874505,0.667582,0.02827014,-0.7439991,0.0,0.0,0.0,1.518409,-0.3707636,-2.525924,0.2030032,-0.01410332,0.7287774,-0.749343,0.03906721,0.6610287,-0.392278,0.7780495,-0.49067,-0.5334822,-0.626987,-0.5677007,moving,-1.1934733068886596,0.8059759016456522,15.565343005187525,-1.108651095126645,-0.5567249999999999,-0.45619609000000005,-0.38484399999999974,-0.020826473042263705,0.014063418605285302,0.9996842098477712,-2.561205611156702,6.194031253279407,16.862458543567065,16.86783094291261,19.542285798299343
05/17/2023 13:14:02.684319,2225,True,True,True,True,Eyes,1.93446,0.07932039,-2.095891,-0.5328641,-0.6138594,-0.5824367,0.0,0.0,0.0,0.0,0.0,0.0,0.0,2.976023,-0.2762354,-0.02492023,2.07968,0.08468279,-2.145087,-0.1023705,0.8776703,-0.3159781,-0.345504,38.71067,223.9726,2.838973,0.6685553,0.02822967,-0.7431262,0.0,0.0,0.0,1.515496,-0.3707643,-2.525933,0.2071681,-0.01428485,0.7330408,-0.7402946,0.0386483,0.6711708,-0.3980384,0.7793562,-0.4839104,-0.5417835,-0.625388,-0.5615698,moving,-1.155458868263268,0.890156868116218,15.78107147025083,-1.1163881145817376,-0.5641840000000002,-0.45544709,-0.380846,-0.020162762320099836,0.015532385174650637,0.9996760623174235,-2.5272925242969393,6.2239815247922365,17.0492120054735,17.054978237306514,19.725040395383132
05/17/2023 13:14:02.702420,2226,True,True,True,True,Eyes,1.940475,0.07926059,-2.098454,-0.5423862,-0.6110797,-0.5765404,0.0,0.0,0.0,0.0,0.0,0.0,0.0,2.98474,-0.249567,0.005176067,2.08427,0.08430734,-2.149346,-0.1043062,0.875727,-0.314085,-0.3515299,38.5677,224.7208,2.79551,0.6695026,0.02818687,-0.7422743,0.0,0.0,0.0,1.512568,-0.3707649,-2.525943,0.2094858,-0.01109704,0.7374914,-0.7310941,0.03813303,0.6812104,-0.403508,0.7809417,-0.4767719,-0.5501664,-0.6234388,-0.5555549,moving,-1.118196897414484,0.9466203910599928,15.857295702574412,-0.8620650738821638,-0.5717020000000002,-0.45507224,-0.37659699999999985,-0.01951231651528107,0.016517745846579633,0.9996731746481174,-2.499123380367135,6.243299190217228,17.06742720439435,17.071575560661376,19.68360543381525
05/17/2023 13:14:02.714355,2227,True,True,True,True,Eyes,1.946433,0.07916233,-2.101101,-0.5516328,-0.6081612,-0.5708252,0.0,0.0,0.0,0.0,0.0,0.0,0.0,2.992703,-0.2250144,0.03562856,2.088849,0.08316936,-2.153595,-0.1058176,0.8737389,-0.3124003,-0.357476,38.43067,225.4827,2.812468,0.6704234,0.02814048,-0.7414444,0.0,0.0,0.0,1.509697,-0.3707655,-2.525952,0.2111152,-0.005393118,0.7421908,-0.7220272,0.03843727,0.6907961,-0.4082652,0.7824173,-0.4702581,-0.5585663,-0.6215671,-0.549234,moving,-1.112136019571012,1.0207794491901496,15.87833286376164,-0.4163315704696017,-0.5791520000000001,-0.45393486000000005,-0.37235700000000005,-0.019406139291038016,0.017811666765272446,0.9996531130653172,-2.4818896351882613,6.271481793525614,17.049106530790098,17.05113840652062,19.540333103675053
05/17/2023 13:14:02.734474,2228,True,True,True,True,Eyes,1.952325,0.07902105,-2.103817,-0.5607552,-0.6053044,-0.5649427,0.0,0.0,0.0,0.0,0.0,0.0,0.0,2.999963,-0.2027961,0.06542015,2.09326,0.08211471,-2.157939,-0.1071556,0.8717096,-0.3110922,-0.3631277,38.32975,226.2238,2.858132,0.6713188,0.02808948,-0.7406358,0.0,0.0,0.0,1.506788,-0.3707662,-2.525961,0.213085,0.0008176863,0.7468148,-0.7133121,0.03911534,0.6997542,-0.4127494,0.7834786,-0.4645419,-0.5664132,-0.6201865,-0.54272,moving,-1.0891460855518356,1.1260140402103156,15.924777472529753,0.06273302997529531,-0.5864719999999999,-0.45288090999999997,-0.3680220000000003,-0.019004371780723395,0.019647838999475524,0.9996263609697184,-2.450802026231096,6.3105307470645275,17.046092024416733,17.04711592460643,19.40868100178231
05/17/2023 13:14:02.744056,2229,True,True,True,True,Eyes,1.958164,0.07884327,-2.10662,-0.5696331,-0.6023458,-0.5591938,0.0,0.0,0.0,0.0,0.0,0.0,0.0,3.006759,-0.1801252,0.09643555,2.097635,0.0809341,-2.162342,-0.108589,0.869478,-0.310046,-0.3689013,38.2631,226.9922,2.914383,0.6721873,0.0280329,-0.7398497,0.0,0.0,0.0,1.503952,-0.3707668,-2.52597,0.215328,0.004860669,0.7511103,-0.7042409,0.03992113,0.7088381,-0.4175842,0.7841598,-0.459039,-0.5741678,-0.6192735,-0.5355672,moving,-1.104174061242155,1.273802809835436,15.996517039673725,0.3707736823781665,-0.593683,-0.4517009,-0.36362799999999984,-0.019265520054025875,0.022226096225028164,0.9995673452726104,-2.4289513350839407,6.368471688051424,17.123344750312718,17.1245174452882,19.37705514768567
05/17/2023 13:14:02.764111,2230,True,True,True,True,Eyes,1.963934,0.07863547,-2.109501,-0.5783846,-0.5994403,-0.5533014,0.0,0.0,0.0,0.0,0.0,0.0,0.0,3.013218,-0.1569287,0.126478,2.101998,0.07986426,-2.166871,-0.1101456,0.8672818,-0.3088892,-0.3745369,38.19174,227.7327,2.941091,0.6730294,0.02797004,-0.7390863,0.0,0.0,0.0,1.501,-0.3707675,-2.525979,0.2172934,0.00818792,0.7555746,-0.6951805,0.0403262,0.7177035,-0.4224353,0.7849108,-0.4532808,-0.5816123,-0.6182951,-0.5286195,moving,-1.100367080754233,1.4112364962774602,16.044545093556792,0.6208717131009434,-0.6009980000000001,-0.45063176000000005,-0.359108,-0.019198023841666634,0.02462369228758971,0.9995123649469833,-2.4004356591345797,6.4211872366066585,17.16144575632092,17.16312005304758,19.33548486951844
05/17/2023 13:14:02.784151,2231,True,True,True,True,Eyes,1.969644,0.0784084,-2.112467,-0.5869437,-0.5964073,-0.5475358,0.0,0.0,0.0,0.0,0.0,0.0,0.0,3.019393,-0.1321894,0.1552944,2.10619,0.07892197,-2.171651,-0.1119238,0.8651661,-0.3073664,-0.3801139,38.09255,228.443,2.913531,0.6738448,0.02790052,-0.7383456,0.0,0.0,0.0,1.498178,-0.3707681,-2.525988,0.218635,0.01243776,0.7597812,-0.6859728,0.04000304,0.7265264,-0.4273338,0.785998,-0.4467583,-0.58892,-0.6169335,-0.5220785,moving,-1.090788894630699,1.528090683733851,16.05372714598364,0.9378588298182826,-0.6080119999999998,-0.44969007,-0.3543369999999997,-0.019029940362710773,0.026662223392069945,0.9994633629894609,-2.3732671705366073,6.465593403283469,17.151996120618673,17.154672946700526,19.238242358795457
05/17/2023 13:14:02.802445,2232,True,True,True,True,Eyes,1.975284,0.07815238,-2.115511,-0.5953821,-0.5933873,-0.5416748,0.0,0.0,0.0,0.0,0.0,0.0,0.0,3.025391,-0.1078939,0.1831851,2.110555,0.07818499,-2.176611,-0.113591,0.8631973,-0.3055252,-0.3855411,37.95519,229.1224,2.870167,0.6746336,0.02782435,-0.7376278,0.0,0.0,0.0,1.495158,-0.3707688,-2.525997,0.219796,0.01746511,0.7641861,-0.6769103,0.03948211,0.7350057,-0.4316879,0.787503,-0.4398689,-0.5961862,-0.615045,-0.5160249,moving,-1.0628593463577847,1.6042514040105307,16.046348659161126,1.3092398810461716,-0.6153970000000002,-0.44895379,-0.349386,-0.01854206236738326,0.0279909966125248,0.9994361499308207,-2.3455640595462954,6.493113870612724,17.107299054474584,17.111751236351996,19.108506037685324
05/17/2023 13:14:02.814297,2233,True,True,True,True,Eyes,1.980852,0.07787499,-2.118643,-0.6035752,-0.5901974,-0.5360634,0.0,0.0,0.0,0.0,0.0,0.0,0.0,3.030843,-0.08377337,0.2091048,2.114602,0.07720818,-2.18157,-0.1151769,0.8614228,-0.303322,-0.3907441,37.77674,229.7566,2.799958,0.6753945,0.02774134,-0.7369343,0.0,0.0,0.0,1.492398,-0.3707694,-2.526006,0.2208957,0.02206907,0.768365,-0.6681067,0.03861048,0.7430632,-0.4354746,0.7894602,-0.4325675,-0.6033204,-0.6125863,-0.5106298,moving,-1.024015930840183,1.6499177537165648,16.039307067017262,1.64520381572432,-0.6222040000000002,-0.44797758000000004,-0.3444360000000004,-0.017864090789609155,0.028787922362237886,0.9994258810075342,-2.3187684208295734,6.508166781821603,17.05662722770433,17.063323648997056,18.991243888358564
05/17/2023 13:14:02.834101,2234,True,True,True,True,Eyes,1.986342,0.07755929,-2.121848,-0.6116682,-0.5870212,-0.5303472,0.0,0.0,0.0,0.0,0.0,0.0,0.0,3.035885,-0.05748934,0.2335882,2.118374,0.07636299,-2.186579,-0.1170717,0.8597506,-0.3006625,-0.3958853,37.56663,230.3528,2.657466,0.6761289,0.02765133,-0.7362641,0.0,0.0,0.0,1.489502,-0.37077,-2.526015,0.2213027,0.02685723,0.7728007,-0.659138,0.03675091,0.7511234,-0.4393606,0.7917926,-0.4242957,-0.6103271,-0.6096834,-0.5057536,moving,-0.9604893448460587,1.660204698222888,15.979833808967207,1.9904056305113538,-0.6288720000000001,-0.44713299,-0.33943600000000007,-0.016755881894304547,0.028967916694729354,0.9994399076046702,-2.287484982680163,6.507966895194156,16.933911006539738,16.94354098797846,18.81763257202764
05/17/2023 13:14:02.844174,2235,True,True,True,True,Eyes,1.991738,0.07720942,-2.125111,-0.6195841,-0.5836941,-0.5248017,0.0,0.0,0.0,0.0,0.0,0.0,0.0,3.040393,-0.02746284,0.2592671,2.122103,0.07509109,-2.191576,-0.1193619,0.8579057,-0.2977499,-0.4013672,37.35117,230.9785,2.466604,0.6768351,0.0275539,-0.7356185,0.0,0.0,0.0,1.486565,-0.3707707,-2.526024,0.221925,0.03105751,0.7775108,-0.6493143,0.03421152,0.7597503,-0.4438165,0.7941955,-0.4150667,-0.6175904,-0.6066985,-0.5004988,moving,-0.9390964330011865,1.6759179318259072,15.930342002924748,2.2874521104973837,-0.6355380000000002,-0.44586179000000004,-0.3344480000000001,-0.016382582673016066,0.029242191384811433,0.9994381366040053,-2.2745649947213744,6.51262020288177,16.86780403449665,16.880519162489602,18.688784984633106
05/17/2023 13:14:02.864058,2236,True,True,True,True,Eyes,1.997049,0.07682831,-2.128449,-0.6274142,-0.580377,-0.5191473,0.0,0.0,0.0,0.0,0.0,0.0,0.0,3.044418,0.006150305,0.2843311,2.125693,0.07383064,-2.196666,-0.1221937,0.8559947,-0.294557,-0.4069128,37.137,231.5871,2.194337,0.6775141,0.02744858,-0.7349971,0.0,0.0,0.0,1.483587,-0.3707713,-2.526033,0.2226606,0.03472629,0.7818984,-0.6389815,0.03052382,0.7686164,-0.4489123,0.7966096,-0.4048342,-0.6246443,-0.6037228,-0.4953164,moving,-0.9076756120980491,1.6900227980991027,15.89532196909523,2.5429943276058085,-0.6421060000000001,-0.44460194000000003,-0.32936699999999997,-0.015834375977121673,0.02948848717850483,0.9994396736418202,-2.2573361705807087,6.5159963110388475,16.80886671676395,16.824633373233908,18.582350289893526
05/17/2023 13:14:02.884173,2237,True,True,True,True,Eyes,2.002273,0.07644275,-2.131882,-0.6351204,-0.5769284,-0.513591,0.0,0.0,0.0,0.0,0.0,0.0,0.0,3.04774,0.04262042,0.3094869,2.12906,0.0726528,-2.201851,-0.1253086,0.8540927,-0.2907704,-0.4126454,36.87746,232.1931,1.856887,0.6781648,0.0273353,-0.7344009,0.0,0.0,0.0,1.480845,-0.370772,-2.526042,0.2231731,0.03757957,0.7860548,-0.6280432,0.02591994,0.7777468,-0.4540204,0.7995006,-0.3932737,-0.6320027,-0.6001058,-0.4903528,moving,-0.8893318315835299,1.6668672104002369,15.850063385953753,2.7371025500779966,-0.648215,-0.4434248,-0.3241909999999999,-0.015514579256789618,0.029084716641494722,0.9994565491266186,-2.2533900804209184,6.505869973090873,16.755228102682178,16.773573141439044,18.49158282294829
05/17/2023 13:14:02.902264,2238,True,True,True,True,Eyes,2.007379,0.07614263,-2.135431,-0.642709,-0.5735779,-0.5078717,0.0,0.0,0.0,0.0,0.0,0.0,0.0,3.050498,0.08064634,0.3362389,2.132297,0.07207531,-2.207536,-0.1285226,0.8521329,-0.2864149,-0.4187102,36.56643,232.8266,1.484906,0.678787,0.02721471,-0.7338303,0.0,0.0,0.0,1.477818,-0.3707726,-2.526052,0.2237015,0.04075831,0.7901136,-0.6163275,0.02081293,0.7872151,-0.4588864,0.8028969,-0.3804995,-0.6399719,-0.5957544,-0.4852967,moving,-0.895497781108635,1.5846998567239055,15.80818316709222,2.953007025219982,-0.6544789999999998,-0.44284791,-0.3185159999999998,-0.015622773445658655,0.02765133070056105,0.9994956040777034,-2.2722316238233895,6.474607967419012,16.73806347467137,16.75963071570033,18.420181112238204
05/17/2023 13:14:02.914181,2239,True,True,True,True,Eyes,2.012425,0.07587863,-2.139113,-0.6502235,-0.5703981,-0.5018521,0.0,0.0,0.0,0.0,0.0,0.0,0.0,3.052454,0.1215473,0.3625133,2.13469,0.07379046,-2.213892,-0.1329994,0.8496612,-0.2829871,-0.4246241,36.42967,233.4434,1.019617,0.6793797,0.02709042,-0.7332862,0.0,0.0,0.0,1.47496,-0.3707733,-2.52606,0.2241143,0.04377651,0.7942021,-0.6040114,0.01431744,0.7968473,-0.4663351,0.804459,-0.3679368,-0.6462989,-0.5938358,-0.4792257,moving,-0.8783935347683504,1.6625733343579672,15.758429373750412,3.154957303325757,-0.6597299999999999,-0.44456376,-0.3121680000000002,-0.015323807574762094,0.029009901907714616,0.9994617197386734,-2.2491845528065677,6.503498136035658,16.679046644281314,16.703624947904174,18.316301074077547
05/17/2023 13:14:02.934069,2240,True,True,True,True,Eyes,2.01744,0.07566882,-2.142865,-0.6574731,-0.567573,-0.4955703,0.0,0.0,0.0,0.0,0.0,0.0,0.0,3.052078,0.164506,0.4018223,2.137782,0.07437893,-2.219923,-0.1377138,0.8454963,-0.282019,-0.4320142,36.57544,234.385,0.7705184,0.6799412,0.0269643,-0.7327703,0.0,0.0,0.0,1.472127,-0.3707739,-2.526069,0.2238556,0.04726207,0.7982147,-0.5887972,0.01079947,0.8082086,-0.4765455,0.8030003,-0.3579034,-0.6528569,-0.5958807,-0.467658,moving,-1.1200404990384933,2.001599443453426,15.665905264664998,3.388511033250669,-0.6656550000000001,-0.44515283,-0.30614600000000003,-0.019535226476643186,0.034920728441488726,0.9991990929971475,-2.294548423529359,6.649994872936892,16.8151694185414,16.843143974327035,18.254182356991745
05/17/2023 13:14:02.943864,2241,True,True,True,True,Eyes,2.022352,0.07555413,-2.14673,-0.6645368,-0.5649239,-0.4891337,0.0,0.0,0.0,0.0,0.0,0.0,0.0,3.053983,0.1827034,0.4318779,2.142108,0.07553761,-2.225394,-0.1401878,0.8418539,-0.2849304,-0.436399,37.02011,235.1065,0.907918,0.6804734,0.02683822,-0.7322807,0.0,0.0,0.0,1.469289,-0.3707745,-2.526078,0.2237359,0.05090037,0.8021833,-0.5798063,0.01265144,0.8146558,-0.484722,0.798324,-0.3573839,-0.6548808,-0.6020952,-0.4567409,moving,-1.1655555689598274,2.6331642704114224,15.58424879184624,3.630681216317517,-0.6728189999999998,-0.44631211000000004,-0.30068399999999995,-0.02031991005013012,0.04593172363769882,0.9987378664296074,-2.1925492012671355,6.896375152542884,16.747859459939335,16.779481105881903,18.074271873938905
05/17/2023 13:14:02.964296,2242,True,True,True,True,Eyes,2.027204,0.07550184,-2.150656,-0.6714239,-0.5624514,-0.4825334,0.0,0.0,0.0,0.0,0.0,0.0,0.0,3.052914,0.2115101,0.4674027,2.144283,0.07772334,-2.231478,-0.1437487,0.837705,-0.2861545,-0.4423827,37.34478,235.9767,0.889493,0.6809758,0.02671535,-0.731818,0.0,0.0,0.0,1.466304,-0.3707752,-2.526088,0.2238381,0.05377463,0.8064358,-0.567268,0.01234154,0.823441,-0.4940176,0.7949039,-0.3522422,-0.6589036,-0.60661,-0.4448266,moving,-1.342966458201938,3.128983390371178,15.512775729259738,3.8149408507537337,-0.6779790000000001,-0.44849854,-0.29461000000000004,-0.023402120483433264,0.05456897574345224,0.9982357840770484,-2.177775072176974,7.099086974209905,16.834682582692615,16.869694197810162,17.99280976997271
05/17/2023 13:14:02.984217,2243,True,True,True,True,Eyes,2.031985,0.07548471,-2.154672,-0.6782471,-0.559882,-0.4759338,0.0,0.0,0.0,0.0,0.0,0.0,0.0,3.053646,0.2284362,0.4963262,2.147805,0.07919583,-2.236947,-0.1453485,0.8348033,-0.2868005,-0.4469037,37.49972,236.659,0.9872608,0.6814476,0.02659788,-0.731383,0.0,0.0,0.0,1.463425,-0.3707758,-2.526097,0.2231415,0.05679592,0.8101881,-0.558302,0.01366966,0.8295254,-0.4990192,0.7932386,-0.3489304,-0.6627813,-0.6087575,-0.4360453,moving,-1.3654509151886882,3.4640997482373783,15.39858787243461,4.009996581531858,-0.68438,-0.44997162999999996,-0.28915000000000024,-0.023785842984695937,0.06040602251783208,0.9978904301985929,-2.1228849046221523,7.2297102568397555,16.734338813000463,16.77292460561185,17.814841128343133
05/17/2023 13:14:03.002476,2244,True,True,True,True,Eyes,2.036683,0.0754964,-2.15874,-0.6850225,-0.5573033,-0.4692091,0.0,0.0,0.0,0.0,0.0,0.0,0.0,3.052613,0.249131,0.528378,2.150567,0.08000183,-2.242399,-0.1467819,0.8319633,-0.2858227,-0.4523246,37.47203,237.4154,1.034932,0.6818902,0.02648614,-0.7309743,0.0,0.0,0.0,1.460605,-0.3707765,-2.526105,0.2217725,0.06000265,0.8141885,-0.5477151,0.01433493,0.8365421,-0.5028036,0.793521,-0.3428018,-0.6687278,-0.6083741,-0.4274158,moving,-1.4529128181146416,3.6158084733102314,15.236848637368913,4.214865361038234,-0.6899620000000002,-0.45077833,-0.283706,-0.025304953520697504,0.0630456866965979,0.9976897683830478,-2.1336568245315464,7.293910133894165,16.658112346705746,16.700509171749193,17.64128614118498
05/17/2023 13:14:03.014207,2245,True,True,True,True,Eyes,2.041292,0.07554729,-2.162894,-0.6917528,-0.554528,-0.4625762,0.0,0.0,0.0,0.0,0.0,0.0,0.0,3.050605,0.2771423,0.5595784,2.1534,0.08066393,-2.247775,-0.1487464,0.8294854,-0.282717,-0.4581483,37.25151,238.1243,0.8844476,0.6823035,0.02638077,-0.7305923,0.0,0.0,0.0,1.457795,-0.3707771,-2.526114,0.2196901,0.06300128,0.8182089,-0.5359493,0.01228681,0.8441607,-0.5058185,0.7958912,-0.3327234,-0.6759481,-0.6053151,-0.4203424,moving,-1.5247867673609814,3.582704297719242,15.029506836660904,4.403030711726228,-0.695605,-0.45144103,-0.27833900000000034,-0.026557440314886382,0.06246720411345991,0.9976936056086803,-2.173230643206095,7.2858637565373225,16.52890049066191,16.574606244302682,17.44261744020878
05/17/2023 13:14:03.034223,2246,True,True,True,True,Eyes,2.045816,0.07565179,-2.167121,-0.6984558,-0.5517062,-0.4558286,0.0,0.0,0.0,0.0,0.0,0.0,0.0,3.047568,0.3075942,0.5923672,2.155831,0.08157314,-2.253645,-0.1509507,0.8268459,-0.2791077,-0.4643692,36.99548,238.8687,0.6881339,0.6826887,0.02628213,-0.7302361,0.0,0.0,0.0,1.454823,-0.3707778,-2.526124,0.2169012,0.06648956,0.8225211,-0.5231506,0.009592118,0.8521866,-0.5088441,0.7986255,-0.3213644,-0.6836605,-0.6017519,-0.4129204,moving,-1.6273606371301732,3.5150089487591667,14.772763017121948,4.621529663418476,-0.7010080000000001,-0.45235094,-0.2724789999999997,-0.02834559981838569,0.061285367406453004,0.9977176850005376,-2.2336900898334515,7.266498865067984,16.38777451987716,16.437409892277127,17.210906697694554
05/17/2023 13:14:03.043950,2247,True,True,True,True,Eyes,2.05029,0.07575949,-2.171455,-0.7050219,-0.5487595,-0.4492294,0.0,0.0,0.0,0.0,0.0,0.0,0.0,3.045219,0.3282022,0.6249359,2.158417,0.08292209,-2.25964,-0.1518432,0.8245071,-0.2759899,-0.4700652,36.71704,239.5916,0.6486577,0.6830435,0.02619188,-0.7299075,0.0,0.0,0.0,1.451866,-0.3707784,-2.526133,0.2133839,0.07059322,0.8271234,-0.5119646,0.0090749,0.8589587,-0.5098581,0.8015465,-0.3123587,-0.6913299,-0.5978636,-0.4057365,moving,-1.7166590271474778,3.43708466027376,14.465923153871577,4.878250819476756,-0.7065509999999999,-0.45370049,-0.2664930000000001,-0.02990303135704847,0.0599256584433132,0.9977548027045595,-2.2900224365346675,7.242321633792845,16.192320196678978,16.24662814075177,16.92189538567579
05/17/2023 13:14:03.064272,2248,True,True,True,True,Eyes,2.054699,0.07588989,-2.175844,-0.7115132,-0.5457876,-0.4425663,0.0,0.0,0.0,0.0,0.0,0.0,0.0,3.043225,0.338842,0.658946,2.16128,0.08307253,-2.265437,-0.1512652,0.8221528,-0.2741268,-0.4754349,36.48281,240.3602,0.8503589,0.6833699,0.02610887,-0.7296049,0.0,0.0,0.0,1.448972,-0.3707791,-2.526142,0.2100626,0.07491955,0.8314708,-0.5021611,0.01193275,0.8646919,-0.5093851,0.8039467,-0.3069147,-0.6988285,-0.5945817,-0.3976324,moving,-1.8313969643101822,3.4117085019328814,14.178506110094137,5.148723577983322,-0.7123080000000002,-0.45385162999999995,-0.2607050000000002,-0.031901882742781384,0.059480076120669384,0.9977196291573277,-2.3478481274362535,7.240063380044986,16.044338705997653,16.10385723440963,16.658153755804573
05/17/2023 13:14:03.084002,2249,True,True,True,True,Eyes,2.059055,0.07604152,-2.180307,-0.7177314,-0.5428321,-0.4361135,0.0,0.0,0.0,0.0,0.0,0.0,0.0,3.042614,0.3441989,0.6878579,2.164208,0.08374221,-2.271191,-0.1503769,0.8202204,-0.2728295,-0.4797806,36.28886,241.0023,1.074279,0.6836685,0.02603302,-0.7293268,0.0,0.0,0.0,1.446114,-0.3707797,-2.526151,0.2071583,0.07829697,0.8355595,-0.4943948,0.01511217,0.8691062,-0.508481,0.8059017,-0.3032648,-0.7049971,-0.5918565,-0.3907493,moving,-1.8594370399124431,3.4267636485644646,13.924436495593074,5.353328123378786,-0.718094,-0.45452191,-0.2549600000000001,-0.03238964787215365,0.05974129810302372,0.9976882901138528,-2.357840699465016,7.247703534318072,15.837729624518861,15.90101614553133,16.392108127214147
05/17/2023 13:14:03.102439,2250,True,True,True,True,Eyes,2.063346,0.07622402,-2.184815,-0.7238065,-0.5399606,-0.429589,0.0,0.0,0.0,0.0,0.0,0.0,0.0,3.042195,0.3492095,0.7154927,2.167211,0.08439966,-2.277037,-0.1497137,0.8181496,-0.2722703,-0.4838243,36.1844,241.6259,1.312365,0.6839397,0.02596454,-0.7290741,0.0,0.0,0.0,1.443164,-0.3707803,-2.52616,0.2047214,0.08085011,0.8395954,-0.4869999,0.01848557,0.8732065,-0.5084383,0.8069094,-0.3006454,-0.7101561,-0.590386,-0.383566,moving,-1.8721622015783017,3.525822623617836,13.703227337659106,5.500423816224941,-0.7240470000000001,-0.45517996,-0.24912299999999998,-0.032607808781446146,0.06146567937611679,0.9975764176146679,-2.344417233930893,7.286713708008717,15.634204906141752,15.700057616736045,16.146755955100417
05/17/2023 13:14:03.114262,2251,True,True,True,True,Eyes,2.06757,0.07644419,-2.189364,-0.7295542,-0.5372337,-0.4232381,0.0,0.0,0.0,0.0,0.0,0.0,0.0,3.04209,0.3507579,0.7412214,2.170018,0.08535668,-2.282648,-0.1489774,0.8160103,-0.2728719,-0.4873132,36.19461,242.2199,1.619948,0.6841844,0.02590374,-0.7288461,0.0,0.0,0.0,1.440304,-0.370781,-2.526169,0.2033273,0.08302478,0.8433257,-0.4806633,0.02281408,0.8766084,-0.5090823,0.8066933,-0.3001353,-0.7140015,-0.5905297,-0.3761337,moving,-1.8721724880948263,3.7316425931187864,13.555405823990704,5.622607804786184,-0.7297139999999998,-0.45613768000000005,-0.24352099999999988,-0.032600565818130145,0.0650488159785639,0.9973493485700311,-2.3043448706862133,7.366034648307087,15.474846732209153,15.54303451734146,15.955288441642608
05/17/2023 13:14:03.134441,2252,True,True,True,True,Eyes,2.071707,0.07671637,-2.193942,-0.7351354,-0.5346268,-0.4168334,0.0,0.0,0.0,0.0,0.0,0.0,0.0,3.042403,0.3487371,0.7650552,2.172641,0.08652035,-2.288075,-0.1480263,0.8139272,-0.2742551,-0.4903008,36.27079,242.7798,1.988098,0.6844033,0.02585109,-0.728642,0.0,0.0,0.0,1.437467,-0.3707816,-2.526178,0.2020469,0.08507013,0.8467914,-0.4753867,0.02796966,0.8793323,-0.5099003,0.8057448,-0.3012925,-0.7169443,-0.5916022,-0.3687786,moving,-1.839097732148207,3.996614649634372,13.420022073943679,5.736785253527014,-0.735174,-0.45730194999999996,-0.23810299999999973,-0.03201483429255725,0.06966180308501674,0.9970567880231921,-2.237505058400133,7.465983199522351,15.287614607745589,15.358024970266124,15.752722984821295
05/17/2023 13:14:03.144109,2253,True,True,True,True,Eyes,2.075766,0.07702222,-2.198559,-0.7404831,-0.5321293,-0.4105158,0.0,0.0,0.0,0.0,0.0,0.0,0.0,3.042182,0.3490483,0.7875597,2.174744,0.08808516,-2.293401,-0.1475365,0.8118376,-0.2754644,-0.4932264,36.35614,243.313,2.290119,0.684597,0.02580753,-0.7284614,0.0,0.0,0.0,1.434454,-0.3707823,-2.526187,0.201015,0.0864751,0.8505839,-0.4699216,0.03218127,0.8821213,-0.5112839,0.8047047,-0.3017269,-0.7195572,-0.5928025,-0.3616942,moving,-1.7974920285319618,4.260433714089988,13.296522217852269,5.80506295004654,-0.7402900000000001,-0.45886746,-0.23278600000000038,-0.03128041647408941,0.07425373819336153,0.9967486911269355,-2.1669577119474313,7.564928176573046,15.101217766851306,15.172842368739676,15.563300972314817
05/17/2023 13:14:03.164363,2254,True,True,True,True,Eyes,2.07973,0.0773676,-2.203193,-0.7457331,-0.529673,-0.4041393,0.0,0.0,0.0,0.0,0.0,0.0,0.0,3.040953,0.3539116,0.8101783,2.17677,0.08922911,-2.298421,-0.1474132,0.8098125,-0.2756945,-0.496453,36.3623,243.8383,2.48993,0.6847661,0.02577328,-0.7283037,0.0,0.0,0.0,1.431602,-0.3707829,-2.526196,0.199709,0.08836961,0.853923,-0.4636077,0.03498464,0.8853498,-0.5124929,0.8045237,-0.3001543,-0.7227858,-0.5928892,-0.3550541,moving,-1.7592303327747787,4.438486430871342,13.163308933315545,5.908315131860216,-0.7451679999999998,-0.46001201,-0.22777500000000028,-0.03060755438843049,0.07735248453901364,0.9965338368159411,-2.1146520262600434,7.631039157934341,14.921201729571772,14.994751567073665,15.37478029606696
05/17/2023 13:14:03.184165,2255,True,True,True,True,Eyes,2.083615,0.0777485,-2.207866,-0.7508125,-0.5272469,-0.3978583,0.0,0.0,0.0,0.0,0.0,0.0,0.0,3.038293,0.3657101,0.8339744,2.178559,0.09051802,-2.303513,0.1480039,-0.8077142,0.2746526,0.5002586,36.28215,244.376,2.538617,0.6849108,0.02574872,-0.7281685,0.0,0.0,0.0,1.428825,-0.3707835,-2.526205,0.1985381,0.09048426,0.8570917,-0.4556724,0.03570494,0.8894312,-0.5138842,0.8053216,-0.2956011,-0.7268326,-0.5917619,-0.3486147,moving,-1.7571810699304082,4.5237117075963,13.042064014143298,6.026465504779326,-0.7497339999999999,-0.46130152,-0.2226919999999999,-0.03056835166799554,0.0788347994708721,0.9964188782151004,-2.0971124901324423,7.663749506107758,14.799471724324091,14.875346181969272,15.227454289165365
05/17/2023 13:14:03.202736,2256,True,True,True,True,Eyes,2.087415,0.07815441,-2.212564,-0.7558507,-0.5248009,-0.391502,0.0,0.0,0.0,0.0,0.0,0.0,0.0,3.03449,0.3834459,0.8594382,2.180542,0.09173065,-2.308812,0.1491604,-0.805486,0.27262,0.5046008,36.13686,244.9372,2.472148,0.6850318,0.02573406,-0.7280553,0.0,0.0,0.0,1.425858,-0.3707842,-2.526214,0.1971325,0.0933356,0.8603279,-0.4462587,0.03483527,0.8942259,-0.5154218,0.806859,-0.2886503,-0.7315695,-0.5897161,-0.3421131,moving,-1.7859566668553855,4.54182754048924,12.905764971096975,6.191711798409026,-0.7546839999999999,-0.46251485000000003,-0.21740199999999987,-0.031068005493550876,0.0791486302125517,0.9963786201567302,-2.1068481007066526,7.672617423357233,14.704804943574855,14.784072603704606,15.085477543441986
05/17/2023 13:14:03.214273,2257,True,True,True,True,Eyes,2.091112,0.07856939,-2.217233,-0.7606655,-0.5223488,-0.3854084,0.0,0.0,0.0,0.0,0.0,0.0,0.0,3.030012,0.4019518,0.8856223,2.18245,0.09269625,-2.314126,0.1502323,-0.8033026,0.2700221,0.50914,35.93005,245.5048,2.377762,0.6851296,0.02572912,-0.7279636,0.0,0.0,0.0,1.423048,-0.3707848,-2.526223,0.1959113,0.09598058,0.8634804,-0.4364138,0.03359414,0.8991188,-0.5163219,0.8090367,-0.2808403,-0.7368548,-0.5867973,-0.3357294,moving,-1.8458233594203453,4.498189814133395,12.78317494978192,6.342702991214149,-0.7594019999999997,-0.46348105,-0.21209699999999998,-0.03211101053167681,0.07838715126754886,0.9964056623991271,-2.1429386764733547,7.659724448506719,14.662410289943667,14.744823511696138,14.984105362111293
05/17/2023 13:14:03.234192,2258,True,True,True,True,Eyes,2.094732,0.07899098,-2.221928,-0.7654503,-0.5198687,-0.3792391,0.0,0.0,0.0,0.0,0.0,0.0,0.0,3.02566,0.4164675,0.9121261,2.184354,0.09325286,-2.319468,0.1506988,-0.8011767,0.2677152,0.513551,35.71525,246.0813,2.364544,0.6852052,0.02573329,-0.7278925,0.0,0.0,0.0,1.420146,-0.3707855,-2.526232,0.1950044,0.09811237,0.8665832,-0.4271109,0.03349799,0.9035787,-0.5164435,0.8112369,-0.2741913,-0.7422013,-0.5837573,-0.3291883,moving,-1.905731149834953,4.450728577746526,12.681842224054513,6.45937853961738,-0.764208,-0.46403836,-0.20676399999999973,-0.03315497673439388,0.07755910248626806,0.9964362774998993,-2.1797927057665807,7.645360638055591,14.640385006281603,14.725215502936882,14.908881457879204
05/17/2023 13:14:03.243944,2259,True,True,True,True,Eyes,2.098248,0.07941244,-2.226595,-0.7700644,-0.5174905,-0.3731011,0.0,0.0,0.0,0.0,0.0,0.0,0.0,3.02163,0.4256653,0.9390395,2.186227,0.09381478,-2.324833,0.1504911,-0.7990795,0.2660068,0.5177499,35.51772,246.6692,2.460389,0.685259,0.02574585,-0.7278416,0.0,0.0,0.0,1.417277,-0.3707861,-2.526241,0.1945802,0.09950468,0.8698776,-0.4185748,0.03494121,0.9075098,-0.5159587,0.8131857,-0.2692875,-0.7473832,-0.5809546,-0.3223509,moving,-1.9740664622719233,4.417435368625587,12.608752057933076,6.525659554291045,-0.7689500000000002,-0.46460088,-0.20140800000000025,-0.034344934568422136,0.07697699314457006,0.9964411656263162,-2.217772321230855,7.637009442597109,14.648229122869006,14.734422459338496,14.868117693244841
05/17/2023 13:14:03.264097,2260,True,True,True,True,Eyes,2.10169,0.0798367,-2.231291,-0.7746196,-0.5151443,-0.3668662,0.0,0.0,0.0,0.0,0.0,0.0,0.0,3.016948,0.4338001,0.967154,2.187872,0.09419151,-2.330212,0.1502062,-0.7967042,0.2649506,0.5220171,35.37988,247.3032,2.620522,0.685292,0.02576602,-0.72781,0.0,0.0,0.0,1.414312,-0.3707868,-2.526251,0.1944519,0.1003821,0.8729391,-0.4098725,0.03727767,0.9113807,-0.5159572,0.8144786,-0.265354,-0.752192,-0.5789948,-0.3145987,moving,-2.0729244554744244,4.444674674839577,12.557915764508559,6.559814432180688,-0.77356,-0.46497831,-0.19603899999999985,-0.036062825004055055,0.07744601670997751,0.9963441023951388,-2.2580334614253483,7.653987513028523,14.695882698505036,14.782939549891854,14.856297189956305
05/17/2023 13:14:03.284272,2261,True,True,True,True,Eyes,2.105048,0.08026918,-2.235976,-0.7789379,-0.5129684,-0.3607204,0.0,0.0,0.0,0.0,0.0,0.0,0.0,3.012684,0.4409803,0.9939573,2.189639,0.09468601,-2.335636,0.1499793,-0.7943172,0.2644089,0.5259796,35.29744,247.9147,2.801105,0.6853046,0.02579311,-0.7277974,0.0,0.0,0.0,1.411457,-0.3707874,-2.52626,0.1943807,0.1006664,0.8758659,-0.4017036,0.03988517,0.9149009,-0.5164095,0.8151883,-0.262277,-0.7562775,-0.577821,-0.3068669,moving,-2.1604501037882287,4.516683393585598,12.512837867419021,6.5564402334186145,-0.7781820000000002,-0.46547341,-0.19062400000000013,-0.03758112592021784,0.07869374631357348,0.9961902387078653,-2.2843538858294368,7.687476251311352,14.72731260554269,14.814384491149841,14.840354653989063
05/17/2023 13:14:03.302749,2262,True,True,True,True,Eyes,2.108335,0.08070569,-2.240688,-0.7831634,-0.5108302,-0.3545525,0.0,0.0,0.0,0.0,0.0,0.0,0.0,3.009579,0.4478422,1.017135,2.191465,0.09528992,-2.341173,0.1499036,-0.7922206,0.2638706,0.5294224,35.22662,248.441,2.939072,0.6852975,0.02582671,-0.7278031,0.0,0.0,0.0,1.408461,-0.3707881,-2.526269,0.1938409,0.1015311,0.8787664,-0.3944819,0.0418846,0.9179488,-0.5169113,0.8158025,-0.2593628,-0.7597283,-0.576812,-0.3001687,moving,-2.1797810091832117,4.594586016403185,12.439274185489603,6.590629403520253,-0.783004,-0.46607802,-0.18509600000000015,-0.037913124675316434,0.08004713949643072,0.996069741546064,-2.2780946567829816,7.718766073715864,14.66701543132744,14.754692947945205,14.760543282214782
05/17/2023 13:14:03.314322,2263,True,True,True,True,Eyes,2.111524,0.08113328,-2.245374,-0.7871758,-0.5088258,-0.3484977,0.0,0.0,0.0,0.0,0.0,0.0,0.0,3.006891,0.4567992,1.036927,2.193082,0.09581769,-2.346591,0.1502554,-0.7903329,0.2631001,0.5325181,35.16274,248.8924,2.994518,0.6852711,0.02586631,-0.7278266,0.0,0.0,0.0,1.405655,-0.3707887,-2.526278,0.1931742,0.1024841,0.8814569,-0.3876955,0.04270753,0.9207975,-0.5177146,0.8164033,-0.2558459,-0.7626687,-0.5759007,-0.2944054,moving,-2.1528976163373934,4.665833376294856,12.361138295237785,6.631816298412189,-0.7874269999999999,-0.46660639000000004,-0.17968699999999993,-0.03744199474558124,0.08128714421925248,0.99598723835736,-2.251830460498192,7.744461575892853,14.558306152774758,14.646580737242086,14.655266472146314
05/17/2023 13:14:03.334380,2264,True,True,True,True,Eyes,2.11464,0.08156023,-2.250095,-0.7911145,-0.5068437,-0.3424138,0.0,0.0,0.0,0.0,0.0,0.0,0.0,3.003447,0.4686055,1.056858,2.194478,0.09598437,-2.352081,0.1509319,-0.7883269,0.2620795,0.5357935,35.0958,249.3547,3.003698,0.6852263,0.02591104,-0.7278673,0.0,0.0,0.0,1.402816,-0.3707893,-2.526287,0.1922896,0.102789,0.8841878,-0.3802898,0.04287361,0.9238731,-0.5188084,0.8170679,-0.2514719,-0.7656485,-0.5749452,-0.2884794,moving,-2.1405762352656277,4.7308850469328725,12.269405756738331,6.631009884299273,-0.7916620000000001,-0.46677367,-0.17420599999999986,-0.03722433396272301,0.08241856457984315,0.995902318475065,-2.233484537316482,7.768723921031485,14.446946795613481,14.534718965547807,14.54744720254268
05/17/2023 13:14:03.344289,2265,True,True,True,True,Eyes,2.117665,0.08197588,-2.254774,-0.7948377,-0.5049769,-0.3364986,0.0,0.0,0.0,0.0,0.0,0.0,0.0,2.999801,0.4819,1.076545,2.195894,0.09638085,-2.357698,0.1517958,-0.786367,0.2606584,0.5391126,35.00279,249.8009,2.961083,0.6851631,0.02596037,-0.7279252,0.0,0.0,0.0,1.399903,-0.37079,-2.526296,0.1912443,0.101798,0.8872432,-0.3726316,0.04231404,0.9270143,-0.5197828,0.8180305,-0.2462763,-0.768747,-0.5736163,-0.2828299,moving,-2.134957321442118,4.760177860257778,12.163937161279488,6.5452204009458335,-0.7959910000000001,-0.46717085,-0.1685979999999998,-0.037125093533969256,0.0829280232144356,0.9958637542719884,-2.2251908204042006,7.779644645037523,14.324818914231956,14.40988411820416,14.441980725914084
05/17/2023 13:14:03.364187,2266,True,True,True,True,Eyes,2.120621,0.08238173,-2.259494,-0.7985048,-0.5031395,-0.3305159,0.0,0.0,0.0,0.0,0.0,0.0,0.0,2.9958,0.4971285,1.09566,2.19739,0.09646437,-2.363176,0.152882,-0.7844118,0.2590293,0.5424289,34.90563,250.2333,2.877199,0.6850824,0.02601351,-0.7279992,0.0,0.0,0.0,1.396951,-0.3707907,-2.526305,0.1902915,0.1013346,0.8905245,-0.3647959,0.04116509,0.9301769,-0.5208547,0.8190619,-0.240516,-0.7717733,-0.5722263,-0.2773494,moving,-2.1196964759731824,4.781363506612524,12.061831672849527,6.491879455440319,-0.8004389999999999,-0.46725507,-0.16312899999999964,-0.03685870506922179,0.08329707292108357,0.9958428920966902,-2.214031611399868,7.7868089208229385,14.201151319787503,14.284313264803636,14.334472952672382
05/17/2023 13:14:03.384670,2267,True,True,True,True,Eyes,2.123507,0.08278113,-2.2642,-0.8020329,-0.5013933,-0.3245733,0.0,0.0,0.0,0.0,0.0,0.0,0.0,2.990203,0.5165648,1.116902,2.198737,0.0966204,-2.368933,0.154466,-0.7820975,0.2571374,0.5462089,34.81682,250.7203,2.74283,0.6849844,0.02606976,-0.7280895,0.0,0.0,0.0,1.394209,-0.3707913,-2.526314,0.1853784,0.1065328,0.8940012,-0.355592,0.03928658,0.9338151,-0.5225164,0.8200412,-0.2334716,-0.7749391,-0.5709544,-0.2710722,moving,-2.162005604096301,4.804149738661041,11.714726688276237,6.795552030575461,-0.8045279999999999,-0.4674117,-0.157381,-0.0375928106292201,0.0836908095472746,0.9957823406882185,-2.2290956164068687,7.798363906657673,13.930482383514265,14.01889375815427,13.979835911890726
05/17/2023 13:14:03.403238,2268,True,True,True,True,Eyes,2.126341,0.08316024,-2.268956,-0.8055078,-0.4996908,-0.3185377,0.0,0.0,0.0,0.0,0.0,0.0,0.0,2.984149,0.5353295,1.140034,2.200414,0.09682146,-2.374912,0.1558978,-0.7796053,0.2554371,0.5501487,34.73727,251.2481,2.648942,0.6848698,0.0261286,-0.7281951,0.0,0.0,0.0,1.391298,-0.3707919,-2.526323,0.1845244,0.1151655,0.8978703,-0.3460647,0.03797942,0.9374416,-0.5241343,0.8208954,-0.2267464,-0.7781533,-0.5698141,-0.2641766,moving,-2.2333257357533682,4.835254355628321,11.613354027956253,7.309144856422346,-0.809116,-0.46761336,-0.15141099999999996,-0.038830543113428984,0.08422740173341978,0.9956896662643056,-2.255911485937286,7.81502643574309,13.96522654847491,14.065940234788588,13.878488464785086
05/17/2023 13:14:03.414722,2269,True,True,True,True,Eyes,2.129117,0.08352962,-2.27374,-0.8088735,-0.4981124,-0.3124221,0.0,0.0,0.0,0.0,0.0,0.0,0.0,2.978311,0.5509251,1.163361,2.202065,0.09670697,-2.380929,0.1569248,-0.7770625,0.254342,0.5539483,34.68998,251.7936,2.642167,0.6847387,0.02618911,-0.7283161,0.0,0.0,0.0,1.388486,-0.3707925,-2.526332,0.1804088,0.1207096,0.9012299,-0.3370317,0.03790397,0.9407299,-0.5256653,0.8213695,-0.2214228,-0.7810796,-0.5691355,-0.2569027,moving,-2.310553041216595,4.893773722941334,11.319885298811155,7.628722189232574,-0.813579,-0.46749947000000003,-0.14540299999999995,-0.0401690953300215,0.08523979229008008,0.9955503463889366,-2.280111883088614,7.842641474322669,13.795237010377184,13.9021146756372,13.601679484836243
05/17/2023 13:14:03.434211,2270,True,True,True,True,Eyes,2.131849,0.08387973,-2.278578,-0.8121856,-0.4965979,-0.3061782,0.0,0.0,0.0,0.0,0.0,0.0,0.0,2.972009,0.5651618,1.187788,2.203611,0.09683548,-2.387008,0.1578336,-0.7743265,0.2537354,0.5577862,34.68211,252.3751,2.692614,0.6845914,0.02625079,-0.7284523,0.0,0.0,0.0,1.385558,-0.3707932,-2.526341,0.1793537,0.124406,0.9053267,-0.3279264,0.03863075,0.9439131,-0.5274896,0.8214138,-0.2168733,-0.7837213,-0.5690228,-0.2489859,moving,-2.4077922689260682,4.990191557611844,11.205735803093049,7.824329696648951,-0.8180529999999999,-0.46762868,-0.13933300000000015,-0.041852574165894274,0.08690898718095515,0.9953367285847935,-2.306156520298251,7.886173910821,13.793880053365985,13.90541209597174,13.512033853781867
05/17/2023 13:14:03.444581,2271,True,True,True,True,Eyes,2.134528,0.08422365,-2.28346,-0.8154144,-0.4951562,-0.299866,0.0,0.0,0.0,0.0,0.0,0.0,0.0,2.965329,0.577388,1.213942,2.205294,0.09672236,-2.393225,0.158396,-0.771421,0.2535295,0.5617325,34.68805,253.0034,2.819829,0.684428,0.02631287,-0.7286034,0.0,0.0,0.0,1.382645,-0.3707938,-2.52635,0.1766035,0.125737,0.9091483,-0.3187346,0.04045159,0.9469805,-0.5292114,0.8212671,-0.2132035,-0.7863483,-0.5691081,-0.2403588,moving,-2.5373708396602748,5.09975705464122,10.9928931058986,7.874168447618419,-0.822649,-0.46751616,-0.13312499999999972,-0.04409609190109404,0.08880360619385276,0.9950725492585035,-2.3445467513133886,7.936893211118102,13.700086903124086,13.811784859820692,13.337587350818103
05/17/2023 13:14:03.464179,2272,True,True,True,True,Eyes,2.137165,0.08455556,-2.2884,-0.8186041,-0.4937252,-0.2934669,0.0,0.0,0.0,0.0,0.0,0.0,0.0,2.958545,0.5896661,1.239314,2.20676,0.09691522,-2.399461,0.1589849,-0.7686458,0.2529573,0.5656149,34.66084,253.6036,2.909232,0.6842486,0.02637511,-0.7287694,0.0,0.0,0.0,1.379692,-0.3707945,-2.526359,0.1739509,0.1247353,0.9133614,-0.3096071,0.04174675,0.9499477,-0.5305589,0.8214728,-0.2090206,-0.7890821,-0.5687175,-0.2321846,moving,-2.644067609098137,5.173484783887614,10.782923730007127,7.776621727329245,-0.8270680000000001,-0.46770972,-0.12689799999999973,-0.0459437786625424,0.09007648144909486,0.9948745969917103,-2.3793687134290815,7.972301151330734,13.568987168195918,13.677003267043494,13.163746913531703
05/17/2023 13:14:03.484504,2273,True,True,True,True,Eyes,2.139767,0.084871,-2.293378,-0.82182,-0.4922186,-0.286937,0.0,0.0,0.0,0.0,0.0,0.0,0.0,2.951533,0.6049855,1.263755,2.208415,0.09694748,-2.405855,0.1598839,-0.7660185,0.2515532,0.5695382,34.57669,254.1633,2.895387,0.6840533,0.02643705,-0.7289503,0.0,0.0,0.0,1.376813,-0.3707951,-2.526368,0.1707941,0.1227692,0.9174102,-0.3001266,0.04159035,0.9529921,-0.5314863,0.8223163,-0.2032689,-0.7921149,-0.5675087,-0.2246943,moving,-2.7205209523850487,5.1896821965884685,10.54601275805386,7.6221223847241815,-0.831602,-0.46774258,-0.12051300000000031,-0.04727007652711407,0.09035213136323895,0.9947874832235278,-2.4114532777108906,7.983555138836927,13.385132808733436,13.487686308595322,12.962505919140119
05/17/2023 13:14:03.502495,2274,True,True,True,True,Eyes,2.142337,0.08515226,-2.298422,-0.8249846,-0.4907237,-0.2803405,0.0,0.0,0.0,0.0,0.0,0.0,0.0,2.943944,0.6237257,1.288001,2.210333,0.09684147,-2.412435,0.1612051,-0.7633213,0.2497894,0.5735492,34.48966,254.7143,2.811624,0.6838426,0.02649819,-0.7291454,0.0,0.0,0.0,1.373851,-0.3707958,-2.526377,0.1684367,0.1196591,0.9218805,-0.2901084,0.04043041,0.9561393,-0.5326357,0.8232363,-0.1964211,-0.7950699,-0.5662574,-0.2172931,moving,-2.7942678229804803,5.198484212604252,10.354295812998604,7.395582683116843,-0.836482,-0.46763727,-0.11394200000000021,-0.04854980248826696,0.09049939351079965,0.9947124772373308,-2.4437304133468274,7.991781622759184,13.234839499472553,13.330865214925858,12.811905731227347
05/17/2023 13:14:03.514800,2275,True,True,True,True,Eyes,2.144881,0.08540359,-2.30353,-0.8281242,-0.4891617,-0.2737357,0.0,0.0,0.0,0.0,0.0,0.0,0.0,2.936698,0.6424507,1.310758,2.212143,0.09629184,-2.419127,0.1625242,-0.7607408,0.2479495,0.5773912,34.39747,255.2357,2.712574,0.6836165,0.02655748,-0.7293549,0.0,0.0,0.0,1.370965,-0.3707964,-2.526386,0.165809,0.1177771,0.9259183,-0.2804108,0.03905023,0.9590855,-0.5336053,0.8242138,-0.1895705,-0.7978943,-0.5649307,-0.210281,moving,-2.8445846158022663,5.205061291718252,10.152640941671018,7.249111827491929,-0.8411780000000002,-0.46708824000000004,-0.107259,-0.049422835098580475,0.09060969120120324,0.9946594191271005,-2.4656415067946957,7.997614741480145,13.065577851475101,13.156975898155071,12.640463146637734
05/17/2023 13:14:03.534182,2276,True,True,True,True,Eyes,2.147403,0.08561803,-2.308708,-0.8311955,-0.4875976,-0.2671378,0.0,0.0,0.0,0.0,0.0,0.0,0.0,2.930864,0.6604548,1.330896,2.214132,0.09580784,-2.426084,0.16383,-0.7584946,0.2458788,0.5808526,34.28553,255.6837,2.574289,0.6833752,0.02661411,-0.7295785,0.0,0.0,0.0,1.368053,-0.3707971,-2.526396,0.1649457,0.1159106,0.9300304,-0.2715406,0.03711035,0.9617115,-0.5341669,0.8254067,-0.1826733,-0.8005822,-0.5633175,-0.2043083,moving,-2.8375098038670483,5.188895584212656,10.057124480663674,7.104197386044286,-0.8460790000000002,-0.46660493999999997,-0.10031200000000018,-0.04930127230634973,0.09032958797143545,0.9946908730961271,-2.4655283920759175,7.9909209209803524,12.948648860855615,13.03610272757524,12.554007869941083
05/17/2023 13:14:03.544061,2277,True,True,True,True,Eyes,2.149923,0.08578205,-2.31402,-0.8342134,-0.4859715,-0.2606137,0.0,0.0,0.0,0.0,0.0,0.0,0.0,2.925902,0.6782348,1.348656,2.216133,0.09512552,-2.432998,0.1651708,-0.756489,0.2437197,0.5839896,34.17058,256.0746,2.407836,0.683119,0.02666714,-0.729816,0.0,0.0,0.0,1.365169,-0.3707977,-2.526405,0.1644308,0.1154573,0.9339664,-0.2633497,0.03475971,0.9640741,-0.5345592,0.8266387,-0.1758264,-0.8030525,-0.5616586,-0.199114,moving,-2.7885961934314007,5.171795418186008,9.98496590346446,7.047174005609587,-0.850964,-0.46592322,-0.09340700000000002,-0.04845337017147927,0.09003644611315394,0.994759018792913,-2.4463130940923863,7.981124327534834,12.825046177120333,12.910497027203153,12.466313036295944
05/17/2023 13:14:03.564125,2278,True,True,True,True,Eyes,2.152436,0.08591022,-2.319402,-0.8371479,-0.4843726,-0.2540995,0.0,0.0,0.0,0.0,0.0,0.0,0.0,2.921142,0.6962894,1.365976,2.21829,0.09411115,-2.440103,0.1665404,-0.7544726,0.2416729,0.5870519,34.0701,256.4606,2.245003,0.6828473,0.02671524,-0.730068,0.0,0.0,0.0,1.362312,-0.3707983,-2.526414,0.1641414,0.1163744,0.9377652,-0.2552693,0.03244879,0.9663256,-0.5350494,0.827717,-0.1691355,-0.8053324,-0.5602068,-0.193929,moving,-2.737250804368749,5.167693143409052,9.928171589675443,7.074101795005219,-0.8559780000000001,-0.46490945000000006,-0.0863109999999998,-0.04756219647518112,0.0899690891060041,0.9948082119068538,-2.4234460129736486,7.97617753810191,12.722722211076093,12.808095813446933,12.384514445401337
05/17/2023 13:14:03.584250,2279,True,True,True,True,Eyes,2.154944,0.08598781,-2.324859,-0.8400123,-0.4827523,-0.247648,0.0,0.0,0.0,0.0,0.0,0.0,0.0,2.916407,0.7155015,1.382586,2.220654,0.09337004,-2.447222,0.1681584,-0.7524395,0.2397185,0.5899939,33.99855,256.8305,2.060397,0.6825606,0.02675772,-0.7303339,0.0,0.0,0.0,1.359441,-0.370799,-2.526423,0.1642067,0.1179806,0.9414678,-0.2472602,0.02980683,0.9684906,-0.5359229,0.8285157,-0.1623224,-0.8072479,-0.559172,-0.1888847,moving,-2.6780605906230424,5.192995214669528,9.893755298354728,7.142819877672623,-0.8612130000000002,-0.46416904,-0.07920099999999985,-0.04653259323688891,0.09041278132702504,0.9948166795696289,-2.3912375411175972,7.982048541483171,12.635702909509837,12.722121323223146,12.313624722885116
05/17/2023 13:14:03.602727,2280,True,True,True,True,Eyes,2.157448,0.08601751,-2.330373,-0.8427852,-0.4811849,-0.2411933,0.0,0.0,0.0,0.0,0.0,0.0,0.0,2.911216,0.7357721,1.3993,2.223038,0.09222814,-2.454419,0.1698732,-0.7503086,0.2378085,0.5929816,33.93989,257.2115,1.873138,0.6822594,0.02679352,-0.7306134,0.0,0.0,0.0,1.356449,-0.3707997,-2.526432,0.1642051,0.1194259,0.9451239,-0.2390317,0.02711759,0.970633,-0.5369468,0.8291804,-0.1553962,-0.8090438,-0.5583228,-0.1836398,moving,-2.6306146750385793,5.227896711754572,9.85614032863041,7.201729544256389,-0.8665889999999998,-0.46302784,-0.07201299999999966,-0.04570623483436348,0.09102223081785453,0.9947994284709591,-2.362573002659334,7.992388905454156,12.554482811272894,12.641798391538867,12.244267952706988
05/17/2023 13:14:03.614274,2281,True,True,True,True,Eyes,2.159954,0.08599509,-2.335979,-0.8455123,-0.4796229,-0.2346718,0.0,0.0,0.0,0.0,0.0,0.0,0.0,2.905303,0.7579945,1.415582,2.225438,0.09110528,-2.461369,0.1718879,-0.7480977,0.2359018,0.5959487,33.90572,257.588,1.656566,0.6819441,0.02682177,-0.730906,0.0,0.0,0.0,1.353686,-0.3708003,-2.526441,0.1636175,0.1201615,0.9486197,-0.2305995,0.02399279,0.9727529,-0.5383486,0.8296098,-0.1480824,-0.8105582,-0.5578278,-0.1783912,moving,-2.579265280380618,5.285798009767214,9.786065879938393,7.219199438219245,-0.8717520000000001,-0.46190558000000004,-0.06507200000000024,-0.04481048843353824,0.092031236383483,0.9947473553757333,-2.327630787808544,8.01133720187815,12.428408494427629,12.51556853634291,12.139568740066418
05/17/2023 13:14:03.644556,2282,True,True,True,True,Eyes,2.162416,0.08605072,-2.341651,-0.8480956,-0.4782187,-0.2281241,0.0,0.0,0.0,0.0,0.0,0.0,0.0,2.89798,0.7800524,1.434772,2.227911,0.08983286,-2.468539,0.1737496,-0.7455591,0.2341641,0.5992662,33.87694,258.0368,1.488886,0.6816152,0.0268416,-0.7312126,0.0,0.0,0.0,1.350762,-0.3708009,-2.52645,0.1624455,0.1197819,0.9523798,-0.2213821,0.02157209,0.9749485,-0.5397345,0.8299564,-0.1409218,-0.8122048,-0.557411,-0.1720944,moving,-2.5888053712372923,5.341253231803771,9.679671207176817,7.1685159451221745,-0.8771490000000002,-0.46063376,-0.05791100000000027,-0.044972078369242274,0.09299330238264371,0.9946505087964221,-2.3212297634537054,8.03333428190003,12.31824873041637,12.403806132739229,12.03202122930756
05/17/2023 13:14:03.654381,2283,True,True,True,True,Eyes,2.164856,0.08622064,-2.3474,-0.8505771,-0.4769817,-0.2213754,0.0,0.0,0.0,0.0,0.0,0.0,0.0,2.890931,0.8047186,1.450153,2.229301,0.09177988,-2.475842,0.1767906,-0.7428653,0.2332397,0.6020761,34.01529,258.4327,1.257666,0.6812726,0.02685622,-0.7315317,0.0,0.0,0.0,1.347873,-0.3708016,-2.526459,0.1608483,0.1188014,0.9563779,-0.2124988,0.01819298,0.9769919,-0.5435192,0.8286887,-0.1336485,-0.8120536,-0.559414,-0.1662072,moving,-2.5459550986330126,5.550136830548615,9.546937388341178,7.081017072467832,-0.8814279999999999,-0.46258148,-0.05061699999999991,-0.04421283947192617,0.096622164556197,0.9943386722071939,-2.260805767350254,8.111026279712249,12.105949271114785,12.18940700020372,11.85258273110912
05/17/2023 13:14:03.663979,2284,True,True,True,True,Eyes,2.167345,0.0863035,-2.353245,-0.8529655,-0.4758897,-0.214427,0.0,0.0,0.0,0.0,0.0,0.0,0.0,2.873221,0.8487559,1.476129,2.231204,0.0947168,-2.483444,0.1822185,-0.7380524,0.2320903,0.6068025,34.31421,259.1237,0.8804931,0.6809172,0.02686969,-0.7318627,0.0,0.0,0.0,1.345036,-0.3708022,-2.526468,0.1589677,0.1170218,0.9603212,-0.1971744,0.01269242,0.9802863,-0.5506396,0.825861,-0.1214484,-0.8111217,-0.5637308,-0.1558497,moving,-2.7691811303141223,5.901484881156929,9.399277371192326,6.947634581361026,-0.8861680000000001,-0.465519,-0.04302399999999995,-0.048057060284355524,0.10269952301600273,0.993550912643359,-2.295279830437569,8.26106418683274,12.130880817764243,12.213345630830304,11.768082489119594
05/17/2023 13:14:03.684144,2285,True,True,True,True,Eyes,2.169787,0.0865563,-2.359129,-0.8553961,-0.4744765,-0.2077728,0.0,0.0,0.0,0.0,0.0,0.0,0.0,2.864061,0.8602855,1.507219,2.235133,0.09289839,-2.492026,0.1823994,-0.7340192,0.2339895,0.6108971,34.4968,259.9298,1.259655,0.6805475,0.02687938,-0.7322066,0.0,0.0,0.0,1.342173,-0.3708028,-2.526477,0.1571111,0.1152397,0.9641085,-0.1870704,0.01811778,0.9821795,-0.5536563,0.8239588,-0.1206511,-0.8114612,-0.5663601,-0.1441072,moving,-3.0355380850813143,6.192196724128255,9.25556114603066,6.816214121084685,-0.8929599999999998,-0.46370119,-0.03445099999999979,-0.052647251500485215,0.10771436822858203,0.9927869132668209,-2.3614406289663505,8.390561057117395,12.224953225223931,12.306929674811084,11.723194893683177
05/17/2023 13:14:03.702622,2286,True,True,True,True,Eyes,2.17219,0.08683316,-2.365074,-0.8578755,-0.4728588,-0.2011324,0.0,0.0,0.0,0.0,0.0,0.0,0.0,2.866899,0.8549676,1.51852,2.236478,0.09715334,-2.498941,0.1813741,-0.7340606,0.231233,0.6122009,34.16324,260.0141,1.166362,0.6801649,0.02689095,-0.7325621,0.0,0.0,0.0,1.339131,-0.3708035,-2.526486,0.1553359,0.1135485,0.9680308,-0.1846274,0.01684292,0.9826645,-0.5494012,0.8272695,-0.1174033,-0.8149058,-0.5615528,-0.1434831,moving,-2.7213748674132274,5.961813625891143,9.116300883686746,6.690134153784588,-0.8973469999999999,-0.46795684000000004,-0.02754499999999993,-0.04722287247148094,0.10374974155012204,0.9934817824254631,-2.2614980285104647,8.281180250547614,11.784314564573796,11.860059779762128,11.48850450530533
05/17/2023 13:14:03.714313,2287,True,True,True,True,Eyes,2.174563,0.0871366,-2.371037,-0.8604481,-0.4709119,-0.1946052,0.0,0.0,0.0,0.0,0.0,0.0,0.0,2.859814,0.8598871,1.54261,2.237766,0.09778569,-2.506078,0.1805568,-0.7325417,0.2271663,0.6157739,33.72323,260.4189,1.04958,0.6797688,0.02690493,-0.7329295,0.0,0.0,0.0,1.336406,-0.3708041,-2.526495,0.1527698,0.1126756,0.9714463,-0.1764437,0.01523528,0.9841929,-0.5442969,0.8315895,-0.1104532,-0.8201272,-0.5551818,-0.1384361,moving,-2.700251946960318,5.64340005478304,8.93714894133028,6.616029595558222,-0.9013600000000002,-0.46858979,-0.02041700000000013,-0.04688301245619242,0.09822860468326809,0.9940589814428875,-2.3137633953653642,8.157083251104964,11.60633422806386,11.67797532358993,11.355962080655441
05/17/2023 13:14:03.734339,2288,True,True,True,True,Eyes,2.176884,0.08745208,-2.377017,-0.8630198,-0.4688913,-0.1879834,0.0,0.0,0.0,0.0,0.0,0.0,0.0,2.855676,0.8538321,1.566864,2.239497,0.09863333,-2.512747,0.1783127,-0.7314715,0.2239522,0.6188695,33.25278,260.8007,1.119117,0.6793597,0.0269219,-0.7333083,0.0,0.0,0.0,1.333546,-0.3708048,-2.526504,0.150704,0.1126924,0.9749856,-0.1704104,0.01633304,0.9852379,-0.5380557,0.8361,-0.1069246,-0.8255038,-0.5483339,-0.133692,moving,-2.6363171884123715,5.308012849232562,8.786699566358152,6.593198739813145,-0.9059510000000002,-0.46943813,-0.01375700000000002,-0.04579935307045396,0.09241276418950091,0.9946669218167827,-2.3496012260333456,8.023638409291628,11.426572699290054,11.495086539609675,11.22779377200335
05/17/2023 13:14:03.754347,2289,True,True,True,True,Eyes,2.179176,0.08776817,-2.382995,-0.8655587,-0.4668429,-0.1812893,0.0,0.0,0.0,0.0,0.0,0.0,0.0,2.843674,0.8638508,1.594972,2.240612,0.09920169,-2.519221,0.1782639,-0.7287899,0.2212411,0.6230087,32.9971,261.3716,1.081931,0.6789381,0.02694194,-0.7336982,0.0,0.0,0.0,1.330589,-0.3708054,-2.526513,0.149945,0.112825,0.9785143,-0.1601646,0.01583644,0.9869633,-0.5355042,0.8385487,-0.1003567,-0.829206,-0.5445965,-0.1258253,moving,-2.74451977816332,5.182936276791764,8.71208730693598,6.577293179255373,-0.910023,-0.47000709,-0.007292000000000076,-0.047687260540263565,0.09023320837111087,0.9947782969133429,-2.423828262770515,7.982528538691648,11.473465027913218,11.54114712989118,11.224228347242473
05/17/2023 13:14:03.764160,2290,True,True,True,True,Eyes,2.18144,0.08806694,-2.388996,-0.8680689,-0.4647713,-0.1744821,0.0,0.0,0.0,0.0,0.0,0.0,0.0,2.831223,0.87609,1.623255,2.242318,0.0994858,-2.52595,0.1785159,-0.7259014,0.2188287,0.6271471,32.79314,261.9582,1.043266,0.678505,0.02696476,-0.7340982,0.0,0.0,0.0,1.327621,-0.3708061,-2.526522,0.1499263,0.1131433,0.9817615,-0.1496376,0.01530578,0.9886226,-0.5336454,0.8404922,-0.09378475,-0.832365,-0.5416076,-0.1176013,moving,-2.8609890114765664,5.1105758624144695,8.682645358424534,6.574061543450878,-0.9146970000000001,-0.47029190000000004,-0.0005720000000000169,-0.04971499918076233,0.08896799727136886,0.994792990520786,-2.4916006722813404,7.962276671583561,11.56844330105632,11.636033894955812,11.260147228021594
05/17/2023 13:14:03.784084,2291,True,True,True,True,Eyes,2.183668,0.08833745,-2.395,-0.8704897,-0.4627658,-0.1676171,0.0,0.0,0.0,0.0,0.0,0.0,0.0,2.818087,0.8887273,1.651555,2.243932,0.09934349,-2.532584,0.1788071,-0.7228807,0.2166414,0.6312988,32.61377,262.5609,1.021635,0.6780607,0.02698954,-0.734508,0.0,0.0,0.0,1.324733,-0.3708067,-2.526531,0.1495724,0.1137004,0.9846237,-0.1389798,0.01501857,0.9901813,-0.5320433,0.8421891,-0.08745041,-0.8352333,-0.5389731,-0.1090567,moving,-2.988954171830759,5.058857986450338,8.63766074131364,6.587111394190719,-0.9191990000000001,-0.47015019,0.006053000000000086,-0.051940864920013374,0.08806002557328897,0.9947600585646436,-2.560652230854417,7.950733751702893,11.658834437348949,11.726624954215165,11.28103183917741
05/17/2023 13:14:03.794611,2292,True,True,True,True,Eyes,2.185843,0.08860324,-2.401018,-0.8728751,-0.4607239,-0.1606942,0.0,0.0,0.0,0.0,0.0,0.0,0.0,2.805993,0.9004785,1.677486,2.245341,0.09890327,-2.53911,0.1790313,-0.7201464,0.2142994,0.6351479,32.41695,263.1061,0.9751177,0.677606,0.0270152,-0.7349267,0.0,0.0,0.0,1.321759,-0.3708074,-2.526541,0.1494418,0.1137677,0.9877287,-0.1290702,0.01436622,0.9915315,-0.5300811,0.8440471,-0.08123129,-0.8380663,-0.5360765,-0.1013261,moving,-3.0663539591339526,4.990976528775329,8.603509140279725,6.570438270519243,-0.9235819999999999,-0.46971067,0.012569000000000052,-0.0532901867136526,0.08687523567215133,0.9947929068764977,-2.6095447978940762,7.92964690800072,11.708989930933981,11.77626443965529,11.295132878394979
05/17/2023 13:14:03.814338,2293,True,True,True,True,Eyes,2.187966,0.08884475,-2.407044,-0.8751494,-0.4587915,-0.1537004,0.0,0.0,0.0,0.0,0.0,0.0,0.0,2.79399,0.9120915,1.702033,2.246254,0.09902898,-2.545534,0.1793892,-0.717518,0.2118174,0.6388434,32.21981,263.619,0.8944324,0.6771413,0.0270415,-0.7353541,0.0,0.0,0.0,1.319093,-0.370808,-2.526549,0.1491982,0.114034,0.9905432,-0.1193973,0.0132063,0.9927588,-0.5280662,0.845906,-0.07476237,-0.8407678,-0.5331687,-0.09402509,moving,-3.1158522920413745,4.913929811615696,8.565650247000448,6.567134298556957,-0.9271609999999999,-0.46983698,0.018984999999999808,-0.054155883640966074,0.08553344459001815,0.9948623502155471,-2.6473618112866553,7.90319888081942,11.73110142614918,11.79790602799002,11.292329608511618
05/17/2023 13:14:03.834215,2294,True,True,True,True,Eyes,2.190049,0.08906625,-2.413084,-0.8773451,-0.4568998,-0.1466566,0.0,0.0,0.0,0.0,0.0,0.0,0.0,2.780449,0.9243312,1.728412,2.247176,0.09867395,-2.552088,0.1797814,-0.7144377,0.2100339,0.642762,32.08831,264.209,0.8871986,0.6766667,0.02706765,-0.7357901,0.0,0.0,0.0,1.316188,-0.3708086,-2.526558,0.1482707,0.1146366,0.9935306,-0.109071,0.01311846,0.9939473,-0.526889,0.8471288,-0.06899901,-0.8429066,-0.5312257,-0.08548527,moving,-3.2260213351328653,4.902710615883805,8.487959527426103,6.5818566617390095,-0.9309880000000001,-0.46948255,0.02552999999999983,-0.05606970207856876,0.08532961254492079,0.9947738716861055,-2.7003249964781832,7.906097028066013,11.766821323046218,11.833717889645204,11.266380214409864
05/17/2023 13:14:03.844381,2295,True,True,True,True,Eyes,2.192082,0.08926715,-2.419125,-0.8793699,-0.4551926,-0.1396716,0.0,0.0,0.0,0.0,0.0,0.0,0.0,2.771199,0.9294198,1.751305,2.248285,0.09840624,-2.558507,0.1794951,-0.7117485,0.2098846,0.645867,32.04803,264.7465,1.054866,0.6761815,0.02709309,-0.736235,0.0,0.0,0.0,1.313268,-0.3708093,-2.526567,0.1470814,0.1154952,0.9968623,-0.1012748,0.01560434,0.9947363,-0.5266258,0.8474599,-0.06691011,-0.8440433,-0.53063,-0.07760869,moving,-3.2789176893380283,4.98114165348494,8.393113952975876,6.6087510595909045,-0.935017,-0.46921554,0.03194000000000008,-0.05698136380467955,0.08668677082332966,0.9946046490493153,-2.709433702170441,7.939790799390476,11.717665568037818,11.784966484382618,11.182049509089142
05/17/2023 13:14:03.864061,2296,True,True,True,True,Eyes,2.194067,0.08946987,-2.42517,-0.881276,-0.4535926,-0.1326889,0.0,0.0,0.0,0.0,0.0,0.0,0.0,2.763436,0.9326201,1.772212,2.24914,0.09812258,-2.564924,0.1791345,-0.7090855,0.2107207,0.6486179,32.08778,265.2755,1.306054,0.6756868,0.02711726,-0.7366881,0.0,0.0,0.0,1.310375,-0.3708099,-2.526577,0.1457921,0.1169761,0.9999789,-0.09441107,0.01931101,0.995346,-0.527398,0.8470152,-0.06645824,-0.8443565,-0.5312178,-0.06978303,moving,-3.316995483533675,5.137741216113447,8.295004247229741,6.6720550837311166,-0.9387650000000001,-0.46893248000000004,0.03834699999999991,-0.05762846756620965,0.08940155342714927,0.9943270594249927,-2.6964913931350827,8.002638279505305,11.64428984447278,11.712926909684596,11.071740064372701
05/17/2023 13:14:03.883761,2297,True,True,True,True,Eyes,2.195999,0.08968519,-2.431194,-0.8830002,-0.4521827,-0.1258631,0.0,0.0,0.0,0.0,0.0,0.0,0.0,2.758115,0.9340178,1.789757,2.249952,0.0983772,-2.571157,0.1787986,-0.7067184,0.212212,0.6508042,32.18631,265.7418,1.590913,0.6751841,0.02714031,-0.7371481,0.0,0.0,0.0,1.307436,-0.3708106,-2.526586,0.1440644,0.1188631,1.003206,-0.08896974,0.0234965,0.9957572,-0.5289376,0.8459942,-0.06722259,-0.8439843,-0.5326741,-0.0628397,moving,-3.3045352614931507,5.343256161208765,8.172034201274654,6.757087961756147,-0.9425159999999999,-0.4691878,0.044570999999999916,-0.05739340196014586,0.09296879988077814,0.9940135144861504,-2.6507305764271036,8.081024192291647,11.49308442034162,11.563328543026595,10.903441868327006
05/17/2023 13:14:03.894505,2298,True,True,True,True,Eyes,2.197884,0.08990051,-2.437216,-0.88459,-0.4509181,-0.1190526,0.0,0.0,0.0,0.0,0.0,0.0,0.0,2.752447,0.937631,1.806242,2.250614,0.0989092,-2.57732,0.1788803,-0.7042312,0.2139668,0.6529001,32.34026,266.2078,1.86196,0.6746721,0.02716283,-0.737616,0.0,0.0,0.0,1.304384,-0.3708113,-2.526595,0.1419399,0.1212373,1.006564,-0.08344653,0.02745177,0.996134,-0.531344,0.8444402,-0.06778225,-0.8430363,-0.534946,-0.05587927,moving,-3.2921543444288384,5.593919149435281,8.02659939065358,6.868002099308706,-0.9462300000000001,-0.4697205,0.05072499999999991,-0.057154736763148806,0.09731793786458717,0.9936109286887347,-2.5962151207316486,8.176814756266213,11.317844600755588,11.390235883360816,10.703138731900506
05/17/2023 13:14:03.914197,2299,True,True,True,True,Eyes,2.199726,0.09011744,-2.443225,-0.8860456,-0.4497567,-0.1124364,0.0,0.0,0.0,0.0,0.0,0.0,0.0,2.747889,0.9411622,1.820888,2.251367,0.09914082,-2.583375,0.1789965,-0.7018899,0.2159658,0.6547286,32.51748,266.6429,2.142656,0.6741523,0.02718486,-0.7380906,0.0,0.0,0.0,1.301694,-0.3708118,-2.526604,0.1399096,0.1225415,1.009697,-0.07858148,0.03152635,0.9964092,-0.5340698,0.842638,-0.06878021,-0.8417807,-0.5375568,-0.04937848,moving,-3.2608347466828778,5.86155105057777,7.889007703166159,6.919838389752906,-0.9496730000000002,-0.46995262000000004,0.05677100000000035,-0.056585133380087416,0.10196137244755539,0.9931776476180778,-2.529666364749724,8.27790343137202,11.12628497913175,11.199953515471124,10.50681255142257
05/17/2023 13:14:03.934156,2300,True,True,True,True,Eyes,2.20152,0.09034799,-2.449225,-0.8873886,-0.4486884,-0.1059256,0.0,0.0,0.0,0.0,0.0,0.0,0.0,2.745942,0.9448889,1.831451,2.252178,0.09940803,-2.589408,0.1792642,-0.7001144,0.2175014,0.6560466,32.66752,266.9636,2.340024,0.6736245,0.02720652,-0.7385715,0.0,0.0,0.0,1.298817,-0.3708125,-2.526613,0.1384588,0.1233384,1.013097,-0.07493419,0.03437119,0.9965959,-0.5363931,0.8411149,-0.06934036,-0.840635,-0.5397632,-0.04459174,moving,-3.141356332385512,6.0901511240673045,7.782333419024841,6.941253836107781,-0.9533609999999997,-0.47022052999999997,0.06279499999999993,-0.054491190884231766,0.10593552213095923,0.9928788524823859,-2.4300841128692703,8.358170715499638,10.882824996617158,10.95679577301276,10.310243706568908
05/17/2023 13:14:03.944319,2301,True,True,True,True,Eyes,2.203262,0.09057943,-2.455186,-0.8886646,-0.4476188,-0.09956181,0.0,0.0,0.0,0.0,0.0,0.0,0.0,2.743235,0.9538472,1.839838,2.252795,0.09997853,-2.595204,0.1802636,-0.6985884,0.2176586,0.6573462,32.75847,267.2027,2.337145,0.6730886,0.02722834,-0.7390594,0.0,0.0,0.0,1.295849,-0.3708132,-2.526622,0.1372133,0.1245254,1.016704,-0.07080197,0.03429397,0.9969007,-0.5380143,0.8402596,-0.06711636,-0.8399569,-0.5410988,-0.04104139,moving,-2.980299447951649,6.247638730987843,7.686137625366594,6.982780393977356,-0.9569459999999999,-0.47079173,0.0685819999999997,-0.051684616916346904,0.10868045267807408,0.9927321768719777,-2.3251846742079954,8.408306625349294,10.617796836060549,10.69174041509243,10.112304347787843
05/17/2023 13:14:03.964028,2302,True,True,True,True,Eyes,2.204965,0.09081781,-2.461158,-0.889868,-0.4465783,-0.09328962,0.0,0.0,0.0,0.0,0.0,0.0,0.0,2.737608,0.9692029,1.849207,2.25328,0.1002195,-2.601173,0.1819415,-0.6968638,0.2165095,0.6590915,32.79178,267.4471,2.169428,0.6725456,0.02725033,-0.7395529,0.0,0.0,0.0,1.293013,-0.3708138,-2.526631,0.136388,0.1258375,1.019857,-0.06499115,0.03182229,0.9973783,-0.5389761,0.8400419,-0.06192307,-0.8398101,-0.5415875,-0.03744388,moving,-2.85024808199505,6.337499091350947,7.617111822938197,7.034024456769285,-0.9602670000000002,-0.47103330000000004,0.07454200000000011,-0.049422569994229615,0.11024993325540133,0.9926744433332506,-2.247744476746343,8.43441239268512,10.416516084117424,10.49050861322154,9.963758135587414
05/17/2023 13:14:03.984005,2303,True,True,True,True,Eyes,2.206619,0.09104934,-2.467127,-0.8910529,-0.4454619,-0.08711211,0.0,0.0,0.0,0.0,0.0,0.0,0.0,2.731823,0.9858006,1.858752,2.254043,0.1006325,-2.607447,0.1837169,-0.6952973,0.2144983,0.6609088,32.75993,267.6569,1.911604,0.6719962,0.02727266,-0.7400513,0.0,0.0,0.0,1.290136,-0.3708144,-2.52664,0.1368798,0.1267835,1.023135,-0.05889555,0.028052,0.99787,-0.5390033,0.8404772,-0.05543998,-0.8402423,-0.5411204,-0.03438032,moving,-2.7073132847878068,6.363250957699432,7.620051044891628,7.063893896130633,-0.9639069999999998,-0.4714469,0.08080700000000007,-0.04694359656173691,0.1107093328661707,0.9927435907709745,-2.176849265456055,8.434967059704613,10.27734579479155,10.351104024455974,9.892375716215156
05/17/2023 13:14:03.994395,2304,True,True,True,True,Eyes,2.208228,0.09127551,-2.473111,-0.8921942,-0.4443277,-0.08100877,0.0,0.0,0.0,0.0,0.0,0.0,0.0,2.725188,1.000921,1.869758,2.254492,0.1007006,-2.613735,0.1851654,-0.6936866,0.2122166,0.6629304,32.67869,267.8911,1.666343,0.6714394,0.02729517,-0.7405557,0.0,0.0,0.0,1.287025,-0.3708151,-2.52665,0.1381977,0.1279654,1.02647,-0.05247407,0.02447615,0.9983222,-0.5382633,0.8413557,-0.04892008,-0.8411416,-0.5399272,-0.03097474,moving,-2.591076259191433,6.342535231581692,7.667848460325639,7.106145218987178,-0.9674669999999999,-0.4715157,0.08708500000000008,-0.04493125527306058,0.11036061033017312,0.9928754878155577,-2.1273075977431866,8.419363847826551,10.213335399095198,10.287304633070017,9.882794410947401
05/17/2023 13:14:04.014316,2305,True,True,True,True,Eyes,2.20979,0.09149068,-2.479124,-0.893367,-0.4430061,-0.07510646,0.0,0.0,0.0,0.0,0.0,0.0,0.0,2.719462,1.012315,1.881557,2.255032,0.1007925,-2.62015,0.186086,-0.6921828,0.2101421,0.6649024,32.57285,268.1306,1.484856,0.6708757,0.02731764,-0.7410656,0.0,0.0,0.0,1.284295,-0.3708157,-2.526658,0.1396935,0.1295453,1.029418,-0.04655348,0.02183687,0.9986771,-0.537059,0.8424246,-0.04345534,-0.8422591,-0.5383715,-0.02749006,moving,-2.4847797409121553,6.312867895304635,7.7279140291724815,7.172582396170647,-0.970737,-0.47160820000000003,0.09349200000000035,-0.043091598020595145,0.10985540142783502,0.9930130344648564,-2.0840907120241203,8.40096243184388,10.174111099781205,10.248815690826179,9.888597198455663
05/17/2023 13:14:04.034174,2306,True,True,True,True,Eyes,2.211306,0.09169024,-2.48516,-0.894502,-0.4416701,-0.06923578,0.0,0.0,0.0,0.0,0.0,0.0,0.0,2.713518,1.020369,1.895283,2.255427,0.1007449,-2.626657,0.186483,-0.6905692,0.208398,0.6670148,32.45251,268.4162,1.388695,0.6703042,0.02733979,-0.7415818,0.0,0.0,0.0,1.281375,-0.3708164,-2.526668,0.1414674,0.1316911,1.032797,-0.04063089,0.0204504,0.998965,-0.5355679,0.8435887,-0.03905268,-0.8435143,-0.5366004,-0.02332317,moving,-2.4130768634799886,6.273705866299312,7.7995539735026735,7.266526085753661,-0.9740520000000001,-0.47156129999999996,0.09998899999999988,-0.0418519774870274,0.10918239912932663,0.993140228855426,-2.0586673621370277,8.381169593816628,10.184590129891305,10.260775828398483,9.921036138051747
05/17/2023 13:14:04.044119,2307,True,True,True,True,Eyes,2.212773,0.09187655,-2.491213,-0.8956612,-0.4401761,-0.06353068,0.0,0.0,0.0,0.0,0.0,0.0,0.0,2.707813,1.02651,1.909758,2.255842,0.1005564,-2.633289,0.1866071,-0.6888717,0.2071076,0.6691337,32.34875,268.7294,1.361211,0.6697254,0.02736114,-0.7421039,0.0,0.0,0.0,1.278483,-0.370817,-2.526677,0.1430868,0.1344562,1.035984,-0.03487583,0.02006866,0.9991902,-0.534262,0.8445685,-0.03561101,-0.8445992,-0.5350713,-0.01873311,moving,-2.3682789322475153,6.264213107050252,7.863758181160278,7.394853217687694,-0.9773589999999999,-0.4713734,0.10661200000000015,-0.041076191970493336,0.10902137987785725,0.993190423172034,-2.0398677351316543,8.374574587066778,10.215768534610136,10.294315448340251,9.951967657275985
05/17/2023 13:14:04.064386,2308,True,True,True,True,Eyes,2.214192,0.09205092,-2.497293,-0.8967689,-0.4387021,-0.05784275,0.0,0.0,0.0,0.0,0.0,0.0,0.0,2.702956,1.028639,1.925103,2.256123,0.1004112,-2.640059,0.1862119,-0.6871473,0.2064688,0.6712112,32.25742,269.0723,1.440461,0.6691388,0.02738141,-0.7426321,0.0,0.0,0.0,1.275584,-0.3708177,-2.526686,0.1444167,0.1378093,1.039238,-0.02960155,0.02125828,0.9993358,-0.5330784,0.8453915,-0.03377389,-0.845548,-0.533724,-0.0136926,moving,-2.3399568125404717,6.270155286579562,7.911386417840849,7.5536999891179475,-0.980539,-0.47122889999999995,0.11337299999999972,-0.04058476030473174,0.10912655755129261,0.9931988964689775,-2.0256565816468632,8.37500803297544,10.249847456002929,10.331385436160017,9.970926259709916
05/17/2023 13:14:04.083769,2309,True,True,True,True,Eyes,2.215568,0.09221429,-2.503418,-0.8978605,-0.4371761,-0.05218761,0.0,0.0,0.0,0.0,0.0,0.0,0.0,2.698855,1.029607,1.939921,2.256413,0.1002209,-2.64684,0.1857232,-0.6853996,0.2064236,0.6731446,32.20855,269.4223,1.579114,0.6685441,0.02740034,-0.7431669,0.0,0.0,0.0,1.272739,-0.3708183,-2.526695,0.144822,0.1414148,1.042576,-0.02476665,0.02331655,0.9994214,-0.5324951,0.8457924,-0.03292809,-0.8460708,-0.5330024,-0.008531448,moving,-2.313039244471974,6.324143886929103,7.908229037465191,7.724446413365861,-0.9836739999999997,-0.4710392,0.12014499999999995,-0.04011398091043328,0.1100644838875883,0.9931146179726933,-2.002737245721847,8.394049999566715,10.232135373222379,10.316742337428026,9.933560370236009
05/17/2023 13:14:04.094576,2310,True,True,True,True,Eyes,2.216888,0.0923741,-2.509563,-0.8988895,-0.4356955,-0.04655159,0.0,0.0,0.0,0.0,0.0,0.0,0.0,2.69417,1.033047,1.954411,2.256758,0.1001132,-2.653767,0.1856084,-0.6834882,0.2065218,0.6750867,32.20256,269.7824,1.701034,0.6679412,0.02741773,-0.7437083,0.0,0.0,0.0,1.269802,-0.370819,-2.526704,0.1457846,0.1449539,1.046403,-0.01961471,0.02511794,0.999492,-0.5325626,0.8457965,-0.03170684,-0.8461633,-0.532914,-0.003213185,moving,-2.29765779218701,6.4173545478247,7.931380374923042,7.886756630013626,-0.9869559999999999,-0.4709322,0.12706300000000015,-0.03984013977740619,0.11168119287121339,0.9929451278310435,-1.9774977923574308,8.428963847427308,10.245958607300945,10.334039108854547,9.92370168841361
05/17/2023 13:14:04.114340,2311,True,True,True,True,Eyes,2.218161,0.09252927,-2.515724,-0.8999082,-0.4341484,-0.04099143,0.0,0.0,0.0,0.0,0.0,0.0,0.0,2.689017,1.038441,1.967549,2.256683,0.1002469,-2.660405,0.1858296,-0.6816549,0.2061974,0.6769763,32.18911,270.1102,1.74957,0.6673296,0.02743364,-0.7442564,0.0,0.0,0.0,1.266943,-0.3708196,-2.526713,0.1418037,0.1517469,1.051314,-0.01434139,0.02583818,0.9995634,-0.5325248,0.8458999,-0.02950653,-0.846293,-0.5327153,0.001628083,moving,-2.2660342628004146,6.5040885918724225,7.6818273156207155,8.213359906237212,-0.9897400000000003,-0.47106650000000005,0.13369199999999992,-0.03928535639495717,0.11318666449155311,0.9927967257890424,-1.9460332397508664,8.46031698211289,10.001870531781952,10.09363950265402,9.631027290533709
05/17/2023 13:14:04.134173,2312,True,True,True,True,Eyes,2.219378,0.09267946,-2.521928,-0.9008957,-0.4325831,-0.03547969,0.0,0.0,0.0,0.0,0.0,0.0,0.0,2.684752,1.043135,1.980622,2.256773,0.1002587,-2.667547,0.185906,-0.679996,0.2054889,0.6788365,32.13139,270.412,1.769977,0.6667091,0.02744811,-0.7448118,0.0,0.0,0.0,1.263847,-0.3708203,-2.526722,0.139219,0.1598598,1.055793,-0.009240534,0.02615606,0.9996153,-0.5318173,0.8464266,-0.02706375,-0.8468089,-0.5318627,0.006088836,moving,-2.218372936436069,6.5463296696559485,7.511800027527056,8.609874311581896,-0.992926,-0.471079,0.14082499999999998,-0.0384562356733964,0.1139222522985679,0.9927451069915427,-1.9158402577311544,8.473471801657773,9.849625240058462,9.946581442780241,9.428626994050465
05/17/2023 13:14:04.144545,2313,True,True,True,True,Eyes,2.220535,0.09281891,-2.528161,-0.9018761,-0.4309544,-0.02996411,0.0,0.0,0.0,0.0,0.0,0.0,0.0,2.681495,1.045398,1.99348,2.25667,0.1002717,-2.674812,0.1856378,-0.678602,0.2043883,0.6806345,32.01219,270.6808,1.775979,0.6660796,0.02746112,-0.7453744,0.0,0.0,0.0,1.261089,-0.3708209,-2.526731,0.144893,0.1520012,1.061629,-0.004550589,0.02627894,0.9996443,-0.5301758,0.847528,-0.02469356,-0.8478756,-0.5300996,0.01007569,moving,-2.1443331848445797,6.530119440073155,7.7718106430447955,8.148079712305984,-0.9955810000000003,-0.47109260000000003,0.14808100000000035,-0.037174522136252997,0.11364689638355044,0.9928255034823541,-1.8848706503641144,8.462371092086107,9.956433436602758,10.04727345392332,9.661794485181192
05/17/2023 13:14:04.164169,2314,True,True,True,True,Eyes,2.221632,0.0929484,-2.534434,-0.9028452,-0.4292671,-0.02450235,0.0,0.0,0.0,0.0,0.0,0.0,0.0,2.678064,1.047234,2.006144,2.256357,0.1001175,-2.681822,0.1852863,-0.6772936,0.2030356,0.6824362,31.86512,270.9368,1.763172,0.6654407,0.02747251,-0.7459444,0.0,0.0,0.0,1.258296,-0.3708215,-2.52674,0.1453469,0.145716,1.066313,9.998531e-05,0.02613131,0.9996586,-0.5281039,0.8488911,-0.02213736,-0.8491797,-0.5279216,0.01388493,moving,-2.064938166657366,6.488858262983231,7.762031585587556,7.781501621866707,-0.9980609999999999,-0.470939,0.15508199999999972,-0.03580163892716309,0.11293755631545503,0.9929569046462163,-1.8563106199753325,8.441265030041556,9.828099630151993,9.911622539463565,9.640943653920962
05/17/2023 13:14:04.184069,2315,True,True,True,True,Eyes,2.222666,0.09306476,-2.540741,-0.9038076,-0.427515,-0.01904123,0.0,0.0,0.0,0.0,0.0,0.0,0.0,2.674815,1.047774,2.019532,2.256024,0.09998228,-2.689114,0.1847137,-0.6760578,0.2013853,0.684303,31.67475,271.1886,1.741469,0.6647921,0.02748215,-0.7465221,0.0,0.0,0.0,1.255471,-0.3708222,-2.526749,0.146226,0.1384464,1.071608,0.004779576,0.02586289,0.9996541,-0.5253715,0.8506496,-0.01949592,-0.8508595,-0.5250966,0.01765337,moving,-1.9843939875522891,6.4079353564658,7.770290989580386,7.36155112693947,-1.000553,-0.47080447999999997,0.16236499999999987,-0.03441120398321085,0.1115404581672869,0.9931638418281903,-1.834943824915095,8.404798536881913,9.725657271828522,9.80118676695807,9.661723500491393
05/17/2023 13:14:04.194238,2316,True,True,True,True,Eyes,2.22364,0.09315735,-2.547092,-0.904761,-0.4257024,-0.01360292,0.0,0.0,0.0,0.0,0.0,0.0,0.0,2.669676,1.050533,2.034043,2.255528,0.09973988,-2.696435,0.1843659,-0.6746023,0.1993733,0.6864192,31.47322,271.4675,1.677017,0.6641327,0.02748985,-0.7471084,0.0,0.0,0.0,1.252495,-0.3708228,-2.526758,0.1433785,0.1357585,1.076274,0.01032393,0.02495993,0.9996352,-0.5224546,0.852519,-0.01589075,-0.8526047,-0.5221,0.02184179,moving,-1.9352037583298483,6.31850481708972,7.588120781857814,7.189178000626663,-1.003033,-0.47056268,0.16967700000000008,-0.033564355652191624,0.1099933173543636,0.9933654635059155,-1.8296851431831431,8.367108650956283,9.492437208982171,9.56304251220661,9.491184807953248
05/17/2023 13:14:04.214299,2317,True,True,True,True,Eyes,2.224548,0.09322651,-2.553481,-0.9056794,-0.4238854,-0.008125449,0.0,0.0,0.0,0.0,0.0,0.0,0.0,2.664121,1.053844,2.048915,2.255053,0.09923698,-2.703899,0.1840398,-0.6730859,0.1972587,0.6886027,31.26552,271.7544,1.603341,0.6634624,0.0274951,-0.7477035,0.0,0.0,0.0,1.24972,-0.3708234,-2.526767,0.1405236,0.1344806,1.081023,0.01608856,0.02391638,0.9995846,-0.5194148,0.8544368,-0.01208341,-0.8543707,-0.5190046,0.02616921,moving,-1.892568536325204,6.222906525127379,7.4064227154678,7.0912351464297965,-1.0053330000000003,-0.47006038000000006,0.17713199999999985,-0.0328311605960343,0.10833836920856657,0.9935718109377487,-1.8286487442353843,8.32747149385127,9.272382540931162,9.33944499932923,9.317447352816664
05/17/2023 13:14:04.234052,2318,True,True,True,True,Eyes,2.225378,0.09327402,-2.559906,-0.9065897,-0.4220048,-0.002651215,0.0,0.0,0.0,0.0,0.0,0.0,0.0,2.657565,1.057328,2.064525,2.254377,0.09870974,-2.711254,0.1837235,-0.6714065,0.1952407,0.690898,31.06701,272.0685,1.54378,0.6627812,0.02749748,-0.7483073,0.0,0.0,0.0,1.24659,-0.3708241,-2.526777,0.1373002,0.134151,1.085787,0.02218872,0.0230765,0.9994875,-0.5164891,0.8562535,-0.008303358,-0.8560063,-0.5160401,0.03091793,moving,-1.873433743824817,6.141207937667804,7.206928851633068,7.043305850342036,-1.0077869999999998,-0.46953384,0.18447699999999978,-0.03250434981953376,0.10692265539828541,0.9937358689890866,-1.8357375119899348,8.294731613121712,9.060628923898461,9.125062493432134,9.128848854239374
05/17/2023 13:14:04.244237,2319,True,True,True,True,Eyes,2.226132,0.09329192,-2.566362,-0.9074437,-0.4201639,0.002874399,0.0,0.0,0.0,0.0,0.0,0.0,0.0,2.650451,1.06064,2.080351,2.253319,0.09821136,-2.718569,0.1833827,-0.6697047,0.193004,0.6932647,30.84897,272.3854,1.467137,0.6620883,0.02749665,-0.7489204,0.0,0.0,0.0,1.243922,-0.3708247,-2.526785,0.134726,0.1333597,1.089817,0.02849037,0.02198128,0.9993523,-0.5132301,0.8582405,-0.004245853,-0.857778,-0.5127767,0.03573304,moving,-1.856474016416412,6.036858033391611,7.047297583302145,6.976536530917106,-1.0093969999999999,-0.46903606,0.19178400000000018,-0.032216449089741306,0.1051136221840706,0.9939382579123834,-1.8482394472181591,8.253404798900666,8.891417636805741,8.95321977719002,8.986710835179984
05/17/2023 13:14:04.264236,2320,True,True,True,True,Eyes,2.226811,0.09328192,-2.572865,-0.908285,-0.4182677,0.008392406,0.0,0.0,0.0,0.0,0.0,0.0,0.0,2.643029,1.063988,2.096728,2.252219,0.09749036,-2.726159,0.1830041,-0.6679097,0.1907889,0.6957052,30.63009,272.7186,1.398802,0.6613835,0.02749209,-0.7495431,0.0,0.0,0.0,1.240942,-0.3708254,-2.526794,0.1324302,0.1320176,1.093984,0.03499255,0.02100529,0.9991669,-0.5099261,0.8602181,-0.0002256662,-0.8595062,-0.5094935,0.04081231,moving,-1.854231980270168,5.935475979220615,6.902249977711214,6.880951797637665,-1.0112770000000002,-0.46831576,0.1993649999999998,-0.03218351818773113,0.10335483884854944,0.9941237050842359,-1.8669470933395291,8.214186538469697,8.748351285498318,8.80737763489592,8.869967990082397
05/17/2023 13:14:04.284235,2321,True,True,True,True,Eyes,2.227408,0.09324411,-2.579407,-0.9090538,-0.4164447,0.01396306,0.0,0.0,0.0,0.0,0.0,0.0,0.0,2.636022,1.068418,2.111962,2.251092,0.09678802,-2.733811,0.1828196,-0.6661869,0.1884945,0.6980272,30.42241,273.0276,1.300058,0.6606663,0.02748339,-0.7501755,0.0,0.0,0.0,1.238135,-0.370826,-2.526803,0.1290306,0.1321813,1.097777,0.04132963,0.01956446,0.9989541,-0.5067326,0.8620936,0.004080958,-0.8611121,-0.5063712,0.04554397,moving,-1.830089728969575,5.839443069314072,6.703677902271276,6.865825722408317,-1.0129569999999999,-0.46761401999999996,0.20700800000000008,-0.03177011041267658,0.10168980005594942,0.9943087101831309,-1.8745190150889965,8.175594149096266,8.538327397721902,8.595269125198284,8.677612326242624
05/17/2023 13:14:04.294749,2322,True,True,True,True,Eyes,2.227921,0.09317419,-2.585997,-0.909815,-0.4145556,0.01949761,0.0,0.0,0.0,0.0,0.0,0.0,0.0,2.629315,1.072726,2.12665,2.2497,0.09605049,-2.741587,0.1826412,-0.6645206,0.1860891,0.700304,30.20721,273.324,1.186834,0.6599362,0.02747016,-0.7508184,0.0,0.0,0.0,1.234937,-0.3708267,-2.526813,0.1268323,0.1338787,1.101839,0.04756668,0.01790014,0.9987078,-0.5033754,0.8640261,0.008488767,-0.8627577,-0.5031287,0.05010932,moving,-1.7983680629201657,5.739511638410069,6.5663967197553506,6.927751586930002,-1.0147629999999999,-0.46687719,0.2147739999999998,-0.03122511727941424,0.09995715118265969,0.9945015819446474,-1.879356585966963,8.135002470920062,8.392477838702456,8.448739790332475,8.531600295256112
05/17/2023 13:14:04.314362,2323,True,True,True,True,Eyes,2.228342,0.09307308,-2.592631,-0.9104966,-0.4127547,0.02508886,0.0,0.0,0.0,0.0,0.0,0.0,0.0,2.623982,1.075569,2.140106,2.248151,0.09518545,-2.749353,0.1823079,-0.6630579,0.1837527,0.7023909,29.98546,273.5901,1.083005,0.659192,0.02745194,-0.7514726,0.0,0.0,0.0,1.232349,-0.3708273,-2.526821,0.1248662,0.1365137,1.10499,0.05317845,0.01637106,0.9984508,-0.4998939,0.8659975,0.01242553,-0.8644525,-0.4997801,0.05423619,moving,-1.734704884233426,5.627659945156563,6.447194294556254,7.042801955457526,-1.015802,-0.46601275000000003,0.22253200000000017,-0.03012591429105238,0.09801882930667034,0.9947284505176411,-1.871792930756547,8.087723031353335,8.247210513781182,8.303378895437561,8.384354984718193
05/17/2023 13:14:04.334222,2324,True,True,True,True,Eyes,2.228667,0.09293509,-2.5993,-0.9111818,-0.4108644,0.0306294,0.0,0.0,0.0,0.0,0.0,0.0,0.0,2.618831,1.078638,2.152828,2.24637,0.09434837,-2.75705,0.1820308,-0.661694,0.1811563,0.7044206,29.74842,273.8339,0.9452565,0.6584337,0.02742838,-0.7521378,0.0,0.0,0.0,1.229508,-0.3708279,-2.52683,0.1239033,0.1398267,1.108387,0.05868688,0.014323,0.9981738,-0.4961178,0.8680943,0.01671246,-0.8662696,-0.4961925,0.0580516,moving,-1.6571800985867524,5.505197283630223,6.37844438658004,7.190070839374604,-1.0168620000000002,-0.46517627,0.2302200000000001,-0.0287859372739519,0.09589628766260984,0.9949750046160708,-1.8599064089916526,8.035445601000566,8.153631982068285,8.210362949678826,8.281611094375954
05/17/2023 13:14:04.344098,2325,True,True,True,True,Eyes,2.228896,0.09275522,-2.606026,-0.9118096,-0.4090154,0.03619092,0.0,0.0,0.0,0.0,0.0,0.0,0.0,2.613194,1.082379,2.165345,2.244399,0.09330034,-2.7646,0.181808,-0.660368,0.1781681,0.7064816,29.48535,274.0659,0.765173,0.6576605,0.02739896,-0.7528151,0.0,0.0,0.0,1.226614,-0.3708286,-2.526839,0.1228396,0.1440097,1.111734,0.06434055,0.01162479,0.9978604,-0.4918653,0.870404,0.02157486,-0.8682908,-0.492201,0.06172011,moving,-1.5716532513550738,5.353162154422739,6.305245577701328,7.380773475883334,-1.017785,-0.46412894,0.23776100000000033,-0.027307553755330394,0.09325964980840525,0.9952673319291052,-1.850089942922132,7.9712467802293085,8.076044151708313,8.133679538444166,8.176683690658944
05/17/2023 13:14:04.364109,2326,True,True,True,True,Eyes,2.229037,0.09252986,-2.612796,-0.9124571,-0.4070439,0.04168122,0.0,0.0,0.0,0.0,0.0,0.0,0.0,2.608425,1.08628,2.176901,2.242338,0.09211843,-2.772403,0.1816197,-0.6591687,0.1750297,0.7084318,29.21436,274.2724,0.5617527,0.6568717,0.02736308,-0.7535048,0.0,0.0,0.0,1.223642,-0.3708292,-2.526849,0.1222669,0.1489746,1.114964,0.06972241,0.00855719,0.9975298,-0.4874292,0.8727577,0.02658211,-0.8703744,-0.4880785,0.06502181,moving,-1.4686037582151907,5.200715079669785,6.25804745817908,7.61043281952839,-1.0186960000000003,-0.46294763000000005,0.24555400000000027,-0.02552372510300771,0.09061547959214424,0.9955588351692028,-1.8322772358365544,7.905740544854709,8.034573255042629,8.093693755362649,8.095712464461457
05/17/2023 13:14:04.384575,2327,True,True,True,True,Eyes,2.229038,0.09232899,-2.619642,-0.9130351,-0.4051436,0.04717521,0.0,0.0,0.0,0.0,0.0,0.0,0.0,2.604017,1.088736,2.188817,2.240352,0.0907691,-2.780243,0.1811778,-0.6581069,0.1715367,0.7103838,28.89399,274.4637,0.343255,0.6560672,0.02732013,-0.7542069,0.0,0.0,0.0,1.220705,-0.3708299,-2.526858,0.1234671,0.1534136,1.11812,0.07494106,0.005245102,0.9971742,-0.4821824,0.8754996,0.03163256,-0.8728596,-0.4831905,0.06814,moving,-1.3521007404794034,4.9946556485948435,6.301291098230921,7.81258506992484,-1.0196470000000002,-0.461599,0.2533850000000002,-0.023506868498030964,0.08703876017628903,0.995927513553022,-1.8187029504333407,7.818690909233348,8.094828183895537,8.15568101757511,8.11999634431055
05/17/2023 13:14:04.394531,2328,True,True,True,True,Eyes,2.228875,0.09235831,-2.626519,-0.9135966,-0.4032058,0.05259528,0.0,0.0,0.0,0.0,0.0,0.0,0.0,2.601295,1.090287,2.197916,2.237128,0.09115,-2.788054,0.1809605,-0.6573907,0.1675839,0.712044,28.55745,274.583,0.04766461,0.6552455,0.02727159,-0.7549226,0.0,0.0,0.0,1.217753,-0.3708305,-2.526867,0.1252626,0.156679,1.12134,0.0795064,0.0007306752,0.9968342,-0.4765776,0.8783379,0.03736753,-0.8755299,-0.4780398,0.0701817,moving,-1.1788887310379674,4.774342020960715,6.373969220875634,7.95414475726958,-1.0193749999999997,-0.4619805,0.2611869999999996,-0.020502680304301524,0.08321409085751329,0.99632072313416,-1.7817661919716616,7.722430470683104,8.132998255611332,8.194925788780633,8.159026390138699
05/17/2023 13:14:04.414340,2329,True,True,True,True,Eyes,2.228595,0.0923029,-2.633431,-0.9139031,-0.401733,0.05823819,0.0,0.0,0.0,0.0,0.0,0.0,0.0,2.593434,1.101062,2.207592,2.233003,0.09669826,-2.795718,0.1826598,-0.6559939,0.1630139,0.7139565,28.33947,274.7324,359.5523,0.654405,0.02722476,-0.7556531,0.0,0.0,0.0,1.215,-0.3708312,-2.526876,0.1265919,0.1593053,1.124291,0.08619685,-0.006877703,0.9962543,-0.4724171,0.8801237,0.04694998,-0.87715,-0.4746946,0.07261479,moving,-1.0343461105979614,4.641224009419794,6.424280249329705,8.06478198428484,-1.018003,-0.46752946,0.2688419999999998,-0.017992590351048776,0.08090298058300717,0.9965595519979381,-1.741064929550266,7.661653412540218,8.143956559293116,8.206817677045706,8.17529048631394
05/17/2023 13:14:04.434291,2330,True,True,True,True,Eyes,2.22825,0.09238685,-2.640373,-0.9141348,-0.4003946,0.06357443,0.0,0.0,0.0,0.0,0.0,0.0,0.0,2.57413,1.121308,2.227626,2.229698,0.09468515,-2.80451,0.1846009,-0.6513587,0.1642333,0.7174135,28.60835,275.4453,359.6844,0.6535449,0.02717705,-0.7563988,0.0,0.0,0.0,1.212048,-0.3708318,-2.526885,0.1285335,0.1609173,1.127877,0.09751868,-0.004836353,0.9952221,-0.4761291,0.8778998,0.05092068,-0.8739516,-0.4788199,0.08330889,moving,-1.376909737000125,4.991152151037321,6.5014115766781035,8.119747793390935,-1.01765,-0.46551695,0.277625,-0.02393823179506349,0.0869769729056478,0.9959226594835171,-1.8308199936061063,7.818967004150952,8.409879395074404,8.476795232569362,8.337658665597717
05/17/2023 13:14:04.444057,2331,True,True,True,True,Eyes,2.227746,0.09253357,-2.647294,-0.914147,-0.3994467,0.0691194,0.0,0.0,0.0,0.0,0.0,0.0,0.0,2.590638,1.110977,2.22155,2.227814,0.0981208,-2.812148,0.1840855,-0.6520573,0.1669596,0.716281,28.78003,275.3596,359.9419,0.6526657,0.0271326,-0.7571592,0.0,0.0,0.0,1.209193,-0.3708324,-2.526894,0.1300057,0.1616708,1.131148,0.0938915,-0.0008886061,0.9955821,-0.4792485,0.876474,0.04597937,-0.8726428,-0.4814483,0.08186759,moving,-0.9586902318880768,5.232049096011409,6.556381010102966,8.133985560513581,-1.018621,-0.4689532,0.2852540000000001,-0.016661827724288425,0.09117696259563077,0.9956952546813562,-1.5911489796902827,7.884390060898102,7.9892373197546105,8.05590038519644,8.151352209787568
05/17/2023 13:14:04.463854,2332,True,True,True,True,Eyes,2.227165,0.09273062,-2.65422,-0.9140939,-0.3985774,0.07462271,0.0,0.0,0.0,0.0,0.0,0.0,0.0,2.575993,1.127312,2.234858,2.22333,0.0998413,-2.819218,0.1862008,-0.6485883,0.1672264,0.7188171,28.98697,275.8611,359.9263,0.6517677,0.02709301,-0.7579337,0.0,0.0,0.0,1.206331,-0.3708331,-2.526903,0.1316455,0.1618531,1.134624,0.1027371,-0.001124955,0.9947081,-0.4819457,0.8747292,0.05076646,-0.8701572,-0.4846109,0.08932494,moving,-1.1072537788947017,5.491741454813691,6.618188660017754,8.118420810179133,-1.0169989999999998,-0.47067440000000005,0.2923149999999999,-0.019235358384404322,0.09568457700514843,0.9952259107192114,-1.609057089988359,7.994210763622402,8.0911478604911,8.159773606715609,8.228183321162653
05/17/2023 13:14:04.484043,2333,True,True,True,True,Eyes,2.226503,0.09293513,-2.661091,-0.91387,-0.3979904,0.0802822,0.0,0.0,0.0,0.0,0.0,0.0,0.0,2.572318,1.130022,2.244244,2.220849,0.1012495,-2.826302,0.1865264,-0.6467665,0.1678648,0.720224,29.06623,276.1607,0.03424144,0.6508516,0.02705928,-0.7587218,0.0,0.0,0.0,1.203414,-0.3708338,-2.526912,0.1327417,0.1617108,1.138111,0.1070292,0.0005223801,0.9942557,-0.4830784,0.8740587,0.05154298,-0.8690109,-0.4858202,0.09380213,moving,-1.0477240694476129,5.610088681216778,6.652541837250692,8.086855385283677,-1.0174349999999999,-0.4720833,0.29939000000000027,-0.018197661855782588,0.0977419490918353,0.9950453876681767,-1.5585744591098045,8.035917871634753,8.020157377326703,8.088786580213046,8.211274289819679
05/17/2023 13:14:04.494591,2334,True,True,True,True,Eyes,2.225763,0.09314533,-2.667954,-0.9135621,-0.3975,0.08601165,0.0,0.0,0.0,0.0,0.0,0.0,0.0,2.559317,1.144317,2.257471,2.218015,0.1016997,-2.832985,0.1881518,-0.6435638,0.1684975,0.7225187,29.25939,276.6381,0.0860178,0.6499184,0.02703107,-0.7595224,0.0,0.0,0.0,1.200421,-0.3708344,-2.526921,0.1336299,0.161962,1.141644,0.1148685,0.001309765,0.99338,-0.4856606,0.872415,0.05500863,-0.8665676,-0.4887642,0.1008491,moving,-1.1529937445952498,5.834066451137013,6.67611579864906,8.074517495958652,-1.0175939999999999,-0.4725341,0.30606399999999967,-0.020017996572865404,0.1016274372267223,0.9946210878058388,-1.563482080587082,8.12913661996992,8.073411600218869,8.143376273043112,8.239778908455037
05/17/2023 13:14:04.513930,2335,True,True,True,True,Eyes,2.224938,0.09339389,-2.674784,-0.9131879,-0.397038,0.09191696,0.0,0.0,0.0,0.0,0.0,0.0,0.0,2.54494,1.158799,2.272128,2.215334,0.1020641,-2.839715,0.1896704,-0.6403959,0.1681352,0.7250165,29.3652,277.1077,0.05740925,0.6489686,0.02700803,-0.760335,0.0,0.0,0.0,1.197571,-0.370835,-2.52693,0.1343707,0.1620828,1.145023,0.1232474,0.0008732512,0.9923756,-0.4867298,0.8715114,0.05968215,-0.8648146,-0.4903744,0.1078366,moving,-1.2489571252794822,5.96741589933044,6.693159475754921,8.056928258692983,-1.017763,-0.4728991,0.31278499999999987,-0.021678631545687554,0.10393843189546519,0.9943474649213272,-1.5817473653705831,8.186818371639589,8.1415272009903,8.212385646348757,8.275926212258478
05/17/2023 13:14:04.534306,2336,True,True,True,True,Eyes,2.223999,0.09365182,-2.681602,-0.9128536,-0.396385,0.09786351,0.0,0.0,0.0,0.0,0.0,0.0,0.0,2.528361,1.17337,2.288412,2.212305,0.1032787,-2.846273,0.1911155,-0.637596,0.164967,0.727827,29.24616,277.5003,359.7653,0.6480032,0.02699081,-0.7611586,0.0,0.0,0.0,1.194633,-0.3708357,-2.52694,0.1351442,0.1630283,1.148392,0.1325144,-0.003574114,0.9911746,-0.4838439,0.8725215,0.06783345,-0.8650637,-0.4885627,0.1138923,moving,-1.2989554770268927,5.882493158835309,6.711768768308333,8.079847362007733,-1.0176720000000001,-0.4741144,0.31933299999999987,-0.022549797632040736,0.10246253936846082,0.9944812539713361,-1.621328458213248,8.157367807879645,8.235270193812385,8.306627981858892,8.333457794108629
05/17/2023 13:14:04.543801,2337,True,True,True,True,Eyes,2.222956,0.09393453,-2.688391,-0.9125614,-0.3955206,0.1038997,0.0,0.0,0.0,0.0,0.0,0.0,0.0,2.511338,1.180246,2.308175,2.208589,0.1037447,-2.852865,0.1912543,-0.6351559,0.1600391,0.7310174,28.87629,277.8764,359.4131,0.6470224,0.02697914,-0.7619929,0.0,0.0,0.0,1.191761,-0.3708363,-2.526948,0.1358141,0.1648295,1.15173,0.1419289,-0.008969917,0.9898363,-0.4769353,0.8756186,0.07632091,-0.8674036,-0.48292,0.1199976,moving,-1.3314886954658807,5.558564000620756,6.725364161762059,8.144563951160844,-1.0168279999999998,-0.47458100000000003,0.325917,-0.02312756266933441,0.09683722253248332,0.9950314917788179,-1.6993987486128543,8.034662478248345,8.390249525716765,8.461694493847869,8.42547971511279
05/17/2023 13:14:04.564280,2338,True,True,True,True,Eyes,2.221832,0.09416402,-2.695187,-0.9123029,-0.3944681,0.109993,0.0,0.0,0.0,0.0,0.0,0.0,0.0,2.492946,1.184123,2.330705,2.204882,0.1046307,-2.859486,0.1909368,-0.6326851,0.1543413,0.7344601,28.40949,278.2693,359.03,0.6460264,0.02697322,-0.7628378,0.0,0.0,0.0,1.188959,-0.370837,-2.526957,0.1365304,0.166162,1.154778,0.1517767,-0.01489062,0.9883027,-0.4683208,0.8794438,0.08517196,-0.8704249,-0.4757698,0.1265055,moving,-1.374247145873621,5.148173893978985,6.74282745966385,8.188137035304555,-1.015923,-0.47546770000000005,0.3325290000000001,-0.023886147111453426,0.0897061335167003,0.9956818693240701,-1.7990176130323308,7.879306545719746,8.59667959086056,8.667656895175265,8.547426134061716
05/17/2023 13:14:04.584261,2339,True,True,True,True,Eyes,2.220636,0.09435563,-2.701954,-0.9119512,-0.3935364,0.1160771,0.0,0.0,0.0,0.0,0.0,0.0,0.0,2.479506,1.180034,2.352664,2.201784,0.1035361,-2.86651,0.1894375,-0.6302812,0.1514102,0.737519,28.05308,278.715,358.9961,0.6450152,0.02697098,-0.7636929,0.0,0.0,0.0,1.186087,-0.3708376,-2.526966,0.1380982,0.1668562,1.158081,0.1596414,-0.01546197,0.987054,-0.4621334,0.8823768,0.08856553,-0.872323,-0.4702893,0.1337184,moving,-1.433422290656824,4.847414960586257,6.800263481799555,8.19874847552169,-1.015697,-0.4743737,0.33954400000000007,-0.02492590876654921,0.08447619543649705,0.9961135748134077,-1.8848558854283024,7.7672771606363415,8.818673706397925,8.889601663060054,8.69583037544807
05/17/2023 13:14:04.594556,2340,True,True,True,True,Eyes,2.219378,0.09454108,-2.708705,-0.9114807,-0.3927661,0.1222202,0.0,0.0,0.0,0.0,0.0,0.0,0.0,2.469608,1.175859,2.370172,2.198706,0.1028178,-2.873055,0.1882967,-0.6276737,0.1519959,0.7399104,27.99881,279.1982,359.2569,0.64399,0.026971,-0.7645577,0.0,0.0,0.0,1.183143,-0.3708383,-2.526976,0.1402889,0.1662284,1.161442,0.1658459,-0.01145109,0.9860852,-0.4613045,0.8828833,0.08783765,-0.8716038,-0.4694531,0.1411401,moving,-1.503730269550581,4.845428614222477,6.887308710224411,8.144997572604803,-1.015563,-0.4736561,0.346079,-0.02614831257839989,0.08443903560321896,0.9960855224755758,-1.917648684968979,7.77112052530969,8.945082027864345,9.016467738045955,8.812891624073501
05/17/2023 13:14:04.614448,2341,True,True,True,True,Eyes,2.218056,0.09474868,-2.715423,-0.9107954,-0.392378,0.1284175,0.0,0.0,0.0,0.0,0.0,0.0,0.0,2.459241,1.179025,2.384511,2.195857,0.102844,-2.879494,0.1884298,-0.6244946,0.1548318,0.7419758,28.22946,279.7365,359.6369,0.6429511,0.02697291,-0.7654315,0.0,0.0,0.0,1.180345,-0.3708389,-2.526984,0.1423701,0.1650278,1.164505,0.1720675,-0.005583935,0.9850695,-0.4651095,0.8810427,0.08623754,-0.8683699,-0.4730038,0.1490016,moving,-1.6124440849240143,5.107648424556806,6.970278789704812,8.065959701048655,-1.0155120000000002,-0.4736829,0.3525100000000001,-0.028027095313278794,0.08899227618936809,0.9956378189674928,-1.9166973028219012,7.879303017615076,9.005745265072537,9.078256305662213,8.888936088566044
05/17/2023 13:14:04.634305,2342,True,True,True,True,Eyes,2.216676,0.09499286,-2.722111,-0.9099539,-0.3922289,0.1346866,0.0,0.0,0.0,0.0,0.0,0.0,0.0,2.446326,1.185715,2.399197,2.192889,0.1036104,-2.885668,0.1891729,-0.620615,0.1591847,0.7441176,28.62785,280.3768,0.1368976,0.6418999,0.02697719,-0.7663131,0.0,0.0,0.0,1.177421,-0.3708395,-2.526994,0.1447324,0.1630021,1.167828,0.1789946,0.002097193,0.9838478,-0.4717112,0.8777477,0.08394887,-0.8633941,-0.4791185,0.1581013,moving,-1.7955902406681832,5.5267894643871935,7.0648130707149654,7.945847037535485,-1.015468,-0.4744499,0.3586739999999997,-0.031188313216796937,0.09626430531388196,0.9948671082014457,-1.919497341682943,8.052840093861372,9.11059051244368,9.184693047814694,8.984947473437083
05/17/2023 13:14:04.644118,2343,True,True,True,True,Eyes,2.215253,0.09528181,-2.728709,-0.9090058,-0.3922715,0.1408243,0.0,0.0,0.0,0.0,0.0,0.0,0.0,2.436376,1.189019,2.412345,2.190002,0.1047218,-2.891716,0.1895593,-0.6170657,0.164068,0.7459081,29.03011,280.9838,0.7089218,0.6408368,0.02698468,-0.7672021,0.0,0.0,0.0,1.174484,-0.3708402,-2.527003,0.1464643,0.1609257,1.171094,0.1846232,0.01081825,0.9827498,-0.4787003,0.874298,0.08030613,-0.8583474,-0.4852691,0.1665944,moving,-1.9400611630241817,5.943461929560903,7.128752081273907,7.824287941772691,-1.0155179999999997,-0.47556200000000004,0.36471300000000006,-0.03367221103394186,0.10348832212916474,0.994060514759215,-1.9049520545874932,8.222890549455256,9.18649816105609,9.261796809915932,9.04249381825228
05/17/2023 13:14:04.664150,2344,True,True,True,True,Eyes,2.213772,0.09561886,-2.735257,-0.907997,-0.39237,0.1469263,0.0,0.0,0.0,0.0,0.0,0.0,0.0,2.429894,1.188602,2.423376,2.18717,0.1060742,-2.897404,0.1895019,-0.6143327,0.1678807,0.7473289,29.30836,281.4678,1.188696,0.6397636,0.0269964,-0.7680969,0.0,0.0,0.0,1.171629,-0.3708408,-2.527012,0.1481406,0.1589576,1.174248,0.1888227,0.01808973,0.9818445,-0.4837586,0.8718103,0.07697129,-0.8545898,-0.4895097,0.1733686,moving,-1.9767106564378163,6.231858520206545,7.190326171485839,7.709249886949888,-1.015541,-0.47691500000000003,0.37039199999999983,-0.034289678886924246,0.10848829297557645,0.9935062228037462,-1.8656880051024183,8.336437214103144,9.20982055585206,9.2853244130206,9.077706577649947
05/17/2023 13:14:04.684238,2345,True,True,True,True,Eyes,2.212236,0.09600266,-2.741712,-0.9070134,-0.3923727,0.1528735,0.0,0.0,0.0,0.0,0.0,0.0,0.0,2.421848,1.192032,2.433602,2.184253,0.1075593,-2.902788,0.189894,-0.6120571,0.1689029,0.7488647,29.41726,281.8352,1.349791,0.6386812,0.02701332,-0.7689966,0.0,0.0,0.0,1.168784,-0.3708414,-2.527021,0.1492155,0.1571124,1.177278,0.1937159,0.02051897,0.9808432,-0.4854227,0.8708242,0.07765336,-0.8525486,-0.4911662,0.1786529,moving,-1.9494244358739505,6.345960970613304,7.223505130752188,7.601433405262289,-1.015469,-0.4784007,0.3757670000000002,-0.033809111652982005,0.11046840891500131,0.9933043969942565,-1.8308934294693584,8.378622089082212,9.184031696661062,9.25844737893171,9.087692530978353
05/17/2023 13:14:04.694255,2346,True,True,True,True,Eyes,2.210641,0.09640036,-2.748137,-0.906019,-0.3923044,0.1588295,0.0,0.0,0.0,0.0,0.0,0.0,0.0,2.406712,1.204712,2.445736,2.181069,0.1090617,-2.907964,0.1913308,-0.6095359,0.166566,0.7510754,29.37107,282.1701,1.115222,0.6375912,0.0270363,-0.7698997,0.0,0.0,0.0,1.165828,-0.3708421,-2.52703,0.1501217,0.154759,1.18019,0.2014436,0.01696134,0.9793533,-0.4834533,0.8712965,0.08435187,-0.8518765,-0.4904637,0.1837172,moving,-1.938064719932136,6.295939791619098,7.249167222822119,7.470603851320235,-1.0152409999999998,-0.4799038,0.38093400000000033,-0.0336154188091593,0.10960189629817131,0.9934069702980445,-1.8353976482350371,8.35859993534681,9.189729232944421,9.26202280407027,9.127861520733772
05/17/2023 13:14:04.715727,2347,True,True,True,True,Eyes,2.208986,0.09681852,-2.754527,-0.9050161,-0.3921649,0.1647807,0.0,0.0,0.0,0.0,0.0,0.0,0.0,2.388661,1.219282,2.460283,2.177986,0.1098278,-2.913702,0.1927884,-0.6068529,0.1628137,0.7536935,29.22331,282.5156,0.7507379,0.6364936,0.02706516,-0.7708064,0.0,0.0,0.0,1.163001,-0.3708428,-2.527039,0.151002,0.1525074,1.182929,0.2104427,0.01143486,0.9775392,-0.4794116,0.8726487,0.09299881,-0.8519849,-0.4882146,0.1891245,moving,-1.951528536449566,6.144646800871341,7.274518228943473,7.34625247477972,-1.0149850000000002,-0.48067059999999995,0.386663,-0.033858594326122204,0.10697749501714458,0.9936848294574223,-1.8710629801445084,8.301176227530245,9.233943090905502,9.303966633258534,9.195299615868443
05/17/2023 13:14:04.734137,2348,True,True,True,True,Eyes,2.207282,0.09722523,-2.76084,-0.904078,-0.3918435,0.1705921,0.0,0.0,0.0,0.0,0.0,0.0,0.0,2.373457,1.228083,2.474433,2.174788,0.110776,-2.919304,0.1935672,-0.604399,0.1600141,0.7560616,29.08601,282.8577,0.5230382,0.6353888,0.02709991,-0.7717161,0.0,0.0,0.0,1.159997,-0.3708434,-2.527048,0.1523036,0.1505953,1.185767,0.2181948,0.007977408,0.9758726,-0.4759445,0.8738545,0.09927271,-0.8519787,-0.486122,0.1944674,moving,-1.9543145527563437,6.019812902800649,7.3191739310201935,7.237954523342156,-1.014791,-0.4816194,0.3922559999999997,-0.03391477487519018,0.10481203420779148,0.9939136022255908,-1.8966546571357146,8.253249542117345,9.28492849496992,9.353152285001649,9.27158673266995
05/17/2023 13:14:04.744285,2349,True,True,True,True,Eyes,2.20552,0.09763108,-2.767133,-0.903183,-0.3913797,0.1763018,0.0,0.0,0.0,0.0,0.0,0.0,0.0,2.358585,1.233265,2.490031,2.171424,0.1109132,-2.92519,0.1937246,-0.6019419,0.1573146,0.758544,28.90022,283.2242,0.3559089,0.634278,0.0271397,-0.772628,0.0,0.0,0.0,1.157121,-0.370844,-2.527057,0.1539249,0.1483894,1.188289,0.2258363,0.005438189,0.9741501,-0.471882,0.8754458,0.1045088,-0.8522473,-0.4832858,0.2002736,moving,-1.979133547615154,5.857192942032825,7.3807053286516275,7.118050438422051,-1.014303,-0.4817572,0.39813300000000007,-0.034355441731141356,0.10198909590933185,0.9941920607625999,-1.9397593427143454,8.19220493371489,9.378022594551242,9.444381685207134,9.382156978538518
05/17/2023 13:14:04.764090,2350,True,True,True,True,Eyes,2.203705,0.0980424,-2.773406,-0.9022778,-0.3908386,0.1820439,0.0,0.0,0.0,0.0,0.0,0.0,0.0,2.344954,1.232505,2.507234,2.168226,0.1112746,-2.930958,0.1931117,-0.5993795,0.1560306,0.7609904,28.74782,283.6501,0.3908773,0.6331607,0.027184,-0.7735423,0.0,0.0,0.0,1.154172,-0.3708447,-2.527066,0.156137,0.1460548,1.190662,0.2327974,0.005981256,0.9725068,-0.46897,0.8767247,0.1068692,-0.8519814,-0.4809554,0.2069042,moving,-2.0358231197561847,5.7392168341016205,7.470830953567304,6.993357775991067,-1.0140540000000002,-0.48211930000000003,0.4038919999999999,-0.035346492900660276,0.09993831732700255,0.9943656165211472,-1.9888606470940013,8.150454671207637,9.524058735149955,9.589021909035427,9.530196136729918
05/17/2023 13:14:04.784251,2351,True,True,True,True,Eyes,2.201833,0.09845636,-2.779649,-0.9013488,-0.3902457,0.1878262,0.0,0.0,0.0,0.0,0.0,0.0,0.0,2.333428,1.228236,2.524133,2.165051,0.1117761,-2.936794,0.192084,-0.5969662,0.1554403,0.763265,28.60753,284.0728,0.5187771,0.6320374,0.02723254,-0.7744587,0.0,0.0,0.0,1.151357,-0.3708453,-2.527075,0.1586285,0.1432669,1.192753,0.2389394,0.007948882,0.9710019,-0.4666195,0.8778841,0.1076368,-0.8515716,-0.4788071,0.2134702,moving,-2.078315667525553,5.639990847171455,7.575516510902099,6.849239132577275,-1.013694,-0.4826214,0.40971899999999994,-0.036090167790312544,0.0982134949611313,0.9945107622508451,-2.0277673174406172,8.114999801876605,9.665925533267796,9.729273207439604,9.686341433154926
05/17/2023 13:14:04.793998,2352,True,True,True,True,Eyes,2.199912,0.09887367,-2.78586,-0.9004657,-0.3896,0.1933219,0.0,0.0,0.0,0.0,0.0,0.0,0.0,2.320822,1.225426,2.540737,2.161745,0.1122151,-2.942362,0.191263,-0.59438,0.1550751,0.7655605,28.50228,284.5154,0.6567453,0.6309083,0.02728497,-0.7753769,0.0,0.0,0.0,1.148362,-0.370846,-2.527085,0.1610923,0.1402321,1.194792,0.2453285,0.01007289,0.9693878,-0.4648044,0.8787404,0.1084998,-0.8507473,-0.4771938,0.2202619,moving,-2.1553080676963927,5.579492274407576,7.678810711119272,6.694148583593676,-1.0133829999999997,-0.4830611,0.4152770000000001,-0.0374304227295601,0.09715854119477128,0.9945648170045481,-2.0750345239275694,8.096731518049983,9.835252944977215,9.897087998167102,9.854173519746547
05/17/2023 13:14:04.814332,2353,True,True,True,True,Eyes,2.197934,0.09929347,-2.792044,-0.8996015,-0.3889373,0.1986077,0.0,0.0,0.0,0.0,0.0,0.0,0.0,2.308134,1.225911,2.555955,2.158437,0.1126945,-2.948169,0.1909281,-0.591729,0.1547677,0.7677567,28.44622,284.9485,0.7619428,0.6297739,0.02734102,-0.7762967,0.0,0.0,0.0,1.145642,-0.3708466,-2.527093,0.1642782,0.137026,1.19645,0.2518077,0.01169248,0.9677066,-0.4636032,0.8791869,0.1100116,-0.8495087,-0.4763336,0.2268067,moving,-2.2387833298644457,5.568289813579278,7.818093597024452,6.533455869925251,-1.0127950000000001,-0.48354110000000006,0.42107600000000023,-0.038880145372540476,0.09695871618028933,0.994528753875578,-2.11569087978413,8.09788626598629,10.042431748326093,10.10308462989956,10.056217802722994
05/17/2023 13:14:04.834277,2354,True,True,True,True,Eyes,2.195893,0.09969988,-2.798204,-0.8987101,-0.388261,0.2038958,0.0,0.0,0.0,0.0,0.0,0.0,0.0,2.296756,1.22781,2.568857,2.155049,0.1131634,-2.953743,0.1908551,-0.5893593,0.1541614,0.7697169,28.39333,285.3223,0.8048401,0.6286337,0.02740043,-0.7772182,0.0,0.0,0.0,1.14266,-0.3708473,-2.527102,0.1677421,0.1331501,1.198428,0.2577799,0.0123569,0.9661246,-0.4622857,0.8796172,0.1120959,-0.8484346,-0.4755217,0.23246,moving,-2.2731965181660927,5.559031483809035,7.967837004283066,6.33978717555083,-1.012389,-0.4840107,0.4266409999999996,-0.03947810174869687,0.09679573194761804,0.9945209957460397,-2.1333552178744255,8.096574105920464,10.21198451783643,10.270752020086679,10.252823251558205
05/17/2023 13:14:04.843894,2355,True,True,True,True,Eyes,2.193789,0.1001096,-2.804338,-0.8978311,-0.387595,0.2089724,0.0,0.0,0.0,0.0,0.0,0.0,0.0,2.286048,1.230685,2.580395,2.151384,0.1132403,-2.959352,0.1909086,-0.5871375,0.1532492,0.7715816,28.3307,285.6634,0.8012708,0.6274874,0.02746252,-0.7781418,0.0,0.0,0.0,1.139758,-0.3708479,-2.527112,0.1725309,0.1269423,1.199947,0.2635684,0.01230937,0.9645622,-0.4606678,0.8801371,0.1146464,-0.8475359,-0.4745599,0.2376469,moving,-2.294202140635826,5.537636838575479,8.182031854197325,6.038854945239426,-1.0116260000000001,-0.4840882,0.4322400000000002,-0.03984415779698014,0.09642296619752352,0.994542652073349,-2.1472029783097377,8.089705870253784,10.432726305768755,10.488217117553658,10.530863295177154
05/17/2023 13:14:04.864137,2356,True,True,True,True,Eyes,2.191624,0.1005132,-2.810463,-0.8969337,-0.3868954,0.2140604,0.0,0.0,0.0,0.0,0.0,0.0,0.0,2.273873,1.234211,2.592807,2.147718,0.1137363,-2.964928,0.191064,-0.5848532,0.1517129,0.773579,28.23349,286.0026,0.7306686,0.6263357,0.0275271,-0.7790669,0.0,0.0,0.0,1.136944,-0.3708485,-2.52712,0.1763309,0.118909,1.202855,0.2698599,0.01123506,0.962834,-0.4582126,0.8809555,0.1181467,-0.8468865,-0.4730658,0.2428826,moving,-2.3195822884484594,5.48106449522167,8.33979586480438,5.64566794883002,-1.0107739999999998,-0.48458480000000004,0.437808,-0.04028853948174177,0.09543922903630281,0.9946196030304217,-2.1699167982212204,8.06956738162494,10.610164941334046,10.66064899107853,10.785608407487459
05/17/2023 13:14:04.883871,2357,True,True,True,True,Eyes,2.189389,0.1009009,-2.816621,-0.8960119,-0.3862508,0.2190273,0.0,0.0,0.0,0.0,0.0,0.0,0.0,2.261797,1.23902,2.604773,2.144008,0.1139985,-2.970854,0.1913691,-0.5825948,0.1498945,0.7755597,28.13117,286.3278,0.6187258,0.6251776,0.0275938,-0.7799942,0.0,0.0,0.0,1.134091,-0.3708492,-2.527129,0.1714641,0.1270823,1.203523,0.2762299,0.009522974,0.9610444,-0.4554854,0.881819,0.1221808,-0.8463037,-0.4714918,0.2479224,moving,-2.342366673896257,5.414267986725056,8.108278153181208,6.027635366850465,-1.009917,-0.4848477,0.44372500000000015,-0.040688581221864806,0.09427808826691014,0.9947140518854797,-2.1934250331598037,8.045318477205736,10.413953221717644,10.468629176961178,10.497434623434502
05/17/2023 13:14:04.894083,2358,True,True,True,True,Eyes,2.187097,0.1012635,-2.822774,-0.8950651,-0.385608,0.2239753,0.0,0.0,0.0,0.0,0.0,0.0,0.0,2.25154,1.244889,2.61456,2.140356,0.1140163,-2.97674,0.1918574,-0.5805602,0.1482451,0.7772799,28.05923,286.6117,0.4990603,0.6240126,0.02766194,-0.7809242,0.0,0.0,0.0,1.131047,-0.3708498,-2.527139,0.1811892,0.1276882,1.206204,0.2819466,0.007686386,0.9593993,-0.4532253,0.8824282,0.1261234,-0.8456317,-0.4703842,0.2522813,moving,-2.3280613865618953,5.377654066361608,8.54277866332495,6.042799537735386,-1.0093090000000002,-0.4848661,0.4496009999999999,-0.04044265948515885,0.0936433508235907,0.9947840529745122,-2.193960942170717,8.03027021171179,10.83414804199153,10.891169904482846,10.919139940312858
05/17/2023 13:14:04.914364,2359,True,True,True,True,Eyes,2.184725,0.1016144,-2.828976,-0.894073,-0.3850425,0.2288576,0.0,0.0,0.0,0.0,0.0,0.0,0.0,2.241881,1.251865,2.623391,2.136656,0.1137892,-2.982806,0.192494,-0.5785399,0.1467855,0.7789041,28.01556,286.889,0.3850375,0.6228405,0.02773067,-0.7818569,0.0,0.0,0.0,1.128312,-0.3708505,-2.527148,0.1785554,0.1308388,1.207029,0.2874914,0.005932673,0.9577647,-0.4513945,0.8828002,0.1300263,-0.8447435,-0.4697112,0.2564754,moving,-2.31004287654472,5.364816408428105,8.414719521518936,6.186558060251875,-1.008344,-0.4846397,0.4556580000000001,-0.040130656232216455,0.09342163670331052,0.9948175638975503,-2.1881556748810045,8.024141588373592,10.69777171734784,10.75619764774068,10.760932843079049
05/17/2023 13:14:04.934159,2360,True,True,True,True,Eyes,2.182288,0.1019537,-2.835172,-0.8930464,-0.3845029,0.2337213,0.0,0.0,0.0,0.0,0.0,0.0,0.0,2.231909,1.261313,2.63102,2.13281,0.1138725,-2.988771,0.1935412,-0.5764747,0.145334,0.7804466,28.01222,287.1574,0.2406208,0.6216602,0.02779959,-0.7827932,0.0,0.0,0.0,1.125384,-0.3708511,-2.527157,0.1799333,0.1319707,1.209387,0.29311,0.003707603,0.9560716,-0.4499939,0.8828397,0.1345344,-0.8435591,-0.4696597,0.2604375,moving,-2.287184799270166,5.38967010134392,8.462423258783888,6.227588164922482,-1.0074260000000002,-0.4847236,0.46161399999999997,-0.039732145401940866,0.09385465178521246,0.9947927722370599,-2.1727805466992116,8.032221461429806,10.72288453007891,10.782215917104049,10.787226766830532
05/17/2023 13:14:04.954342,2361,True,True,True,True,Eyes,2.179781,0.1022783,-2.841395,-0.8919865,-0.3840238,0.2385078,0.0,0.0,0.0,0.0,0.0,0.0,0.0,2.221759,1.270651,2.638724,2.128764,0.1139662,-2.99483,0.194578,-0.5743653,0.1438903,0.78201,28.00931,287.4322,0.09926496,0.6204714,0.02786838,-0.7837334,0.0,0.0,0.0,1.122537,-0.3708518,-2.527166,0.1773401,0.1365921,1.211113,0.2988003,0.001529597,0.9543144,-0.4485649,0.88287,0.1390327,-0.8423229,-0.469615,0.264488,moving,-2.2739977936432516,5.411305746621362,8.33046955553329,6.434758223063633,-1.006227,-0.484818,0.4676640000000001,-0.039501778306335056,0.09423116124000346,0.9947664366933213,-2.162489578665262,8.039695106534026,10.591876558096537,10.653740316493883,10.614990051426542
05/17/2023 13:14:04.964055,2362,True,True,True,True,Eyes,2.177217,0.1025823,-2.847623,-0.8908998,-0.3835114,0.2433446,0.0,0.0,0.0,0.0,0.0,0.0,0.0,2.210051,1.278209,2.6486,2.124801,0.1139425,-3.00091,0.1952913,-0.5720596,0.1423889,0.7837952,27.97242,287.748,359.9851,0.6192737,0.02793663,-0.7846776,0.0,0.0,0.0,1.1196,-0.3708524,-2.527175,0.1746972,0.1398274,1.213216,0.3049466,-0.0002289634,0.9523696,-0.4466439,0.8831734,0.1432268,-0.8411403,-0.4690465,0.2692185,moving,-2.2931631212722072,5.401593146505069,8.193990174243952,6.57453134302193,-1.0052010000000002,-0.48479490000000003,0.473735,-0.03983516386197761,0.09406127845794424,0.9947691579125814,-2.1732144003989746,8.037208338707224,10.489251510036192,10.552543212728562,10.469878446582088
05/17/2023 13:14:04.984290,2363,True,True,True,True,Eyes,2.174574,0.1028583,-2.853919,-0.8897788,-0.3830118,0.2481847,0.0,0.0,0.0,0.0,0.0,0.0,0.0,2.196226,1.283087,2.661784,2.120791,0.1137333,-3.007345,0.1955191,-0.5694472,0.1407672,0.7859306,27.88172,288.1268,359.9087,0.6180664,0.02800386,-0.7856265,0.0,0.0,0.0,1.116726,-0.370853,-2.527184,0.1727879,0.1380443,1.215731,0.311829,-0.001409158,0.9501372,-0.443942,0.8839138,0.1470099,-0.8400466,-0.4676478,0.2750043,moving,-2.3663241766113825,5.3376606658468395,8.089086896773027,6.478097491202415,-1.004065,-0.48458629999999997,0.48016099999999984,-0.041109675135038326,0.09294642009881278,0.9948220719223495,-2.2193843294978377,8.017365517764786,10.45624267954171,10.51742444071154,10.422759955043173
05/17/2023 13:14:04.993869,2364,True,True,True,True,Eyes,2.171878,0.1031045,-2.860226,-0.8886316,-0.3824685,0.2530843,0.0,0.0,0.0,0.0,0.0,0.0,0.0,2.18283,1.284868,2.67604,2.116775,0.1133027,-3.013843,0.1952816,-0.5668239,0.1394801,0.7881123,27.77035,288.5269,359.901,0.6168487,0.02806934,-0.7865806,0.0,0.0,0.0,1.113789,-0.3708537,-2.527193,0.1712355,0.1314372,1.217906,0.318512,-0.001528622,0.9479176,-0.4412324,0.8848209,0.1496863,-0.8389661,-0.4659288,0.2811516,moving,-2.449081227820139,5.2581568720802885,8.003228113050504,6.1595580697952395,-1.0029860000000002,-0.48415640000000004,0.48665,-0.0425520219354244,0.09156037612417775,0.9948899234943059,-2.273009233422369,7.992150764009937,10.435212693077833,10.491105503067521,10.438364334699806
05/17/2023 13:14:05.014163,2365,True,True,True,True,Eyes,2.169125,0.1033113,-2.866571,-0.8874343,-0.3819709,0.2579895,0.0,0.0,0.0,0.0,0.0,0.0,0.0,2.169894,1.28592,2.690277,2.112749,0.1128177,-3.020461,0.1949446,-0.5641922,0.1384726,0.7902588,27.66906,288.9336,359.9279,0.6156207,0.02813242,-0.7875398,0.0,0.0,0.0,1.110931,-0.3708543,-2.527202,0.1694409,0.1224591,1.22046,0.3250249,-0.001114045,0.9457047,-0.4388309,0.8856438,0.1518631,-0.8377268,-0.4643638,0.2873675,moving,-2.5339593713340784,5.1872033694200255,7.904056862353884,5.729793893688785,-1.001818,-0.48367200000000005,0.4932590000000001,-0.04403080671378673,0.09032247108263713,0.994938755226275,-2.3259468751013586,7.9703702214671335,10.40274742746468,10.45210923076102,10.472495344899844
05/17/2023 13:14:05.033966,2366,True,True,True,True,Eyes,2.166319,0.1034748,-2.872936,-0.8861837,-0.3814746,0.2629745,0.0,0.0,0.0,0.0,0.0,0.0,0.0,2.155862,1.288075,2.704904,2.108816,0.1120702,-3.027164,0.1947045,-0.5613109,0.1378857,0.7924694,27.60596,289.379,-0.002537749,0.6143819,0.02819223,-0.7885045,0.0,0.0,0.0,1.107999,-0.370855,-2.527211,0.1676279,0.1169331,1.222605,0.3318351,-3.926526e-05,0.9433374,-0.4371198,0.8861554,0.1538013,-0.8359495,-0.4633882,0.2940403,moving,-2.645984914468301,5.155760957609457,7.806984942933656,5.463298267289271,-1.000817,-0.4829252,0.4999530000000001,-0.04597835243629084,0.08976857791365547,0.9949007999633454,-2.3837035983889185,7.9655963100104845,10.411771095634839,10.45749291353329,10.493408809383615
05/17/2023 13:14:05.044428,2367,True,True,True,True,Eyes,2.163463,0.1035969,-2.879356,-0.8849026,-0.3810263,0.2678927,0.0,0.0,0.0,0.0,0.0,0.0,0.0,2.142005,1.290447,2.719178,2.104694,0.1111829,-3.034018,0.1944906,-0.5583216,0.137792,0.794647,27.57874,289.8448,0.117349,0.6131325,0.0282479,-0.7894744,0.0,0.0,0.0,1.105115,-0.3708556,-2.52722,0.1650787,0.1166574,1.224356,0.3385808,0.001815447,0.9409356,-0.4361685,0.8863736,0.1552382,-0.8337386,-0.4629671,0.300901,moving,-2.7758458654627427,5.159402161343672,7.678825562485486,5.442746666211681,-0.9995789999999998,-0.48203850000000004,0.5067980000000003,-0.048232945365580204,0.08982224989273797,0.9947892731112995,-2.4428494788175197,7.975512313859253,10.413070396530117,10.458510351612984,10.433753278070162
05/17/2023 13:14:05.064301,2368,True,True,True,True,Eyes,2.160577,0.1036649,-2.885811,-0.8836018,-0.3805635,0.272799,0.0,0.0,0.0,0.0,0.0,0.0,0.0,2.132281,1.291887,2.731054,2.100878,0.1103062,-3.041116,0.1942204,-0.5558591,0.1378549,0.7964267,27.55632,290.2325,0.2368136,0.6118718,0.02829867,-0.7904502,0.0,0.0,0.0,1.102178,-0.3708563,-2.52723,0.1614638,0.1217089,1.226268,0.3440334,0.003664262,0.9389504,-0.4355009,0.886549,0.1561088,-0.8318535,-0.4626203,0.3065982,moving,-2.8338135506716173,5.170324885911983,7.501035900090844,5.668126943318035,-0.9986999999999997,-0.48116250000000005,0.5138860000000003,-0.04923854551604162,0.09000746439602507,0.9947231951075397,-2.467440804543812,7.983521722724307,10.299062824339432,10.346831401848727,10.233844868637869
05/17/2023 13:14:05.084149,2369,True,True,True,True,Eyes,2.157655,0.1036761,-2.892314,-0.8823058,-0.3801146,0.2775777,0.0,0.0,0.0,0.0,0.0,0.0,0.0,2.125933,1.292508,2.740978,2.097223,0.1090612,-3.048424,0.1938504,-0.553886,0.1377505,0.797908,27.51274,290.5457,0.3283295,0.6106001,0.02834353,-0.7914314,0.0,0.0,0.0,1.099413,-0.3708569,-2.527238,0.1559194,0.1294322,1.228095,0.3484703,0.005082331,0.937306,-0.4345664,0.8868937,0.1567535,-0.830494,-0.4619457,0.3112647,moving,-2.8323458226180573,5.158976305453027,7.235582649905395,6.0163445245150875,-0.9978100000000001,-0.4799181,0.5211859999999997,-0.04921394240864341,0.08981054677186404,0.9947422113016154,-2.4689740930645803,7.979051917961488,10.053516746696868,10.104368559732274,9.901042464802035
05/17/2023 13:14:05.094147,2370,True,True,True,True,Eyes,2.154691,0.1036848,-2.898821,-0.8810152,-0.3796903,0.2822189,0.0,0.0,0.0,0.0,0.0,0.0,0.0,2.125103,1.293756,2.746259,2.093628,0.1077029,-3.05564,0.1936967,-0.5527073,0.1375584,0.7987954,27.4844,290.7285,0.3647079,0.6093171,0.02838147,-0.7924183,0.0,0.0,0.0,1.096429,-0.3708576,-2.527247,0.151138,0.136965,1.230168,0.3511848,0.005646921,0.9362891,-0.4338772,0.8871185,0.157389,-0.8297107,-0.4615071,0.3139926,moving,-2.72238785152361,5.160204306638502,7.004237896457224,6.353058210694581,-0.9971989999999997,-0.4785605,0.5283929999999999,-0.04730468783617536,0.08984016351672716,0.9948321595074967,-2.418053671810429,7.972317134177205,9.746016559932942,9.799497378830484,9.560417242920197
05/17/2023 13:14:05.114276,2371,True,True,True,True,Eyes,2.151658,0.1038657,-2.905309,-0.8796601,-0.3794107,0.286785,0.0,0.0,0.0,0.0,0.0,0.0,0.0,2.125955,1.29862,2.747625,2.089636,0.107656,-3.062249,0.1943277,-0.5519153,0.1368642,0.799309,27.49883,290.8184,0.2770274,0.6080238,0.02841311,-0.79341,0.0,0.0,0.0,1.093653,-0.3708582,-2.527256,0.1483193,0.1416944,1.232144,0.3533154,0.004288731,0.9354945,-0.4332983,0.88701,0.1595807,-0.8291085,-0.4617305,0.3152525,moving,-2.540211044269364,5.190512424039219,6.863951825831437,6.560097269658207,-0.9959830000000001,-0.4785142,0.534993,-0.04413913761300936,0.09037950094089141,0.9949287860806697,-2.3281840299568817,7.97205530077818,9.448667182400085,9.503370030506638,9.299945541395036
05/17/2023 13:14:05.134180,2372,True,True,True,True,Eyes,2.148592,0.103975,-2.911863,-0.8781416,-0.3794129,0.2913986,0.0,0.0,0.0,0.0,0.0,0.0,0.0,2.11393,1.321563,2.74926,2.08488,0.1120299,-3.068287,0.1979011,-0.5497487,0.1342621,0.8003657,27.67188,290.9892,359.827,0.6067198,0.02844388,-0.7944064,0.0,0.0,0.0,1.090731,-0.3708588,-2.527265,0.1466798,0.1433626,1.234351,0.3595002,-0.002674254,0.9331412,-0.4325093,0.8856176,0.1691657,-0.8268587,-0.4644074,0.3172231,moving,-2.4614869344032964,5.345971450440639,6.776765471330954,6.624885105480208,-0.9941490000000002,-0.4828887,0.5410220000000003,-0.04276136729982705,0.09308425796455075,0.9947395381730678,-2.261628026351386,8.026806556332719,9.271044595572548,9.326356611726862,9.146471493057135
05/17/2023 13:14:05.144150,2373,True,True,True,True,Eyes,2.148592,0.103975,-2.911863,-0.8781416,-0.3794129,0.2913986,0.0,0.0,0.0,0.0,0.0,0.0,0.0,2.079542,1.365492,2.759617,2.081171,0.1104366,-3.075887,0.2031014,-0.5440955,0.1327982,0.8031654,28.0835,291.6445,359.5002,0.6054048,0.02847188,-0.7954081,0.0,0.0,0.0,1.087857,-0.3708595,-2.527274,0.1444688,0.1424753,1.236605,0.3726496,-0.007695211,0.9279402,-0.4343308,0.882229,0.1817381,-0.8200542,-0.4707577,0.32542,moving,-3.106293785156442,5.72641020925015,6.663485551418048,6.572347275614399,-0.9933139999999998,-0.4812961,0.548613,-0.05391886853957811,0.09963325762089958,0.9935622436516944,-2.4847505982830036,8.215691383665561,9.747559574224045,9.806334575446977,9.29466537903133
05/17/2023 13:14:05.164370,2374,True,True,True,True,Eyes,2.148592,0.103975,-2.911863,-0.8781416,-0.3794129,0.2913986,0.0,0.0,0.0,0.0,0.0,0.0,0.0,2.083894,1.361624,2.764411,2.077974,0.1126829,-3.083493,0.2027348,-0.5436642,0.1323414,0.8036252,28.0177,291.7169,359.4981,0.6042196,0.02849702,-0.7963079,0.0,0.0,0.0,1.084818,-0.3708602,-2.527284,0.1421933,0.1405424,1.239123,0.37383,-0.007733457,0.9274649,-0.4331452,0.8827687,0.181947,-0.8201441,-0.4697442,0.3266557,moving,-3.1728420336291574,5.658426571750641,6.5462386362707665,6.470883530828694,-0.9931560000000001,-0.4835431,0.556209,-0.05507936971840666,0.09844804287196099,0.993616731091538,-2.52866142195768,8.19385381383712,9.696293864496836,9.752979820463935,9.23701454274945
05/17/2023 13:14:05.184362,2375,True,True,True,True,Eyes,2.145159,0.1043114,-2.918993,-0.8769286,-0.3784631,0.2962463,0.0,0.0,0.0,0.0,0.0,0.0,0.0,2.068682,1.359619,2.780216,2.073038,0.1159823,-3.089768,0.2024817,-0.5413553,0.1285662,0.8058576,27.74537,292.0234,359.222,0.6031517,0.02851958,-0.7971162,0.0,0.0,0.0,1.082051,-0.3708608,-2.527292,0.1402818,0.1381179,1.241357,0.3808104,-0.01201706,0.9245752,-0.4264412,0.8849437,0.1871429,-0.8204459,-0.4655428,0.3318712,moving,-3.1954944273183012,5.429795738584924,6.4474605117414825,6.348824361347308,-0.9909869999999998,-0.4868431,0.5624759999999998,-0.05549363628513215,0.09448020954716788,0.9939788248041486,-2.5836210737714813,8.10722747077836,9.633234930534536,9.686650275827759,9.200674763268625
05/17/2023 13:14:05.194199,2376,True,True,True,True,Eyes,2.14169,0.1047165,-2.926067,-0.8758013,-0.3772735,0.3010594,0.0,0.0,0.0,0.0,0.0,0.0,0.0,2.066457,1.330842,2.800457,2.068932,0.1160331,-3.096773,0.1981567,-0.5405528,0.1260238,0.8078705,27.15601,292.2614,359.317,0.6020358,0.02854625,-0.7979583,0.0,0.0,0.0,1.079274,-0.3708614,-2.527301,0.1383364,0.135181,1.243303,0.3838415,-0.01060663,0.9233381,-0.4178501,0.8897039,0.183925,-0.8234484,-0.4564149,0.3370732,moving,-3.117717723945532,4.921471611835251,6.348914534359774,6.205240998708849,-0.9896580000000001,-0.4868945,0.5694720000000002,-0.0541876643507197,0.08566425095255524,0.9948493887786493,-2.646753083824735,7.906227673896691,9.505090667272913,9.55328164311408,9.155074634650443
05/17/2023 13:14:05.214760,2377,True,True,True,True,Eyes,2.138172,0.1051336,-2.933084,-0.8746668,-0.3759562,0.3059655,0.0,0.0,0.0,0.0,0.0,0.0,0.0,2.064593,1.307345,2.816149,2.064587,0.1180196,-3.10257,0.1949368,-0.5397133,0.1244353,0.8094597,26.73763,292.4759,359.4246,0.6008764,0.02857854,-0.7988306,0.0,0.0,0.0,1.076288,-0.370862,-2.527311,0.1354659,0.1325224,1.245713,0.3864509,-0.008969115,0.9222664,-0.4118707,0.893031,0.1812681,-0.8252383,-0.4499057,0.3414185,moving,-3.0168990487979697,4.593232594163636,6.206280469148029,6.072444601849608,-0.988299,-0.4888816,0.575259,-0.05246192773761371,0.07997091139805894,0.9954156729724255,-2.664198665238117,7.773119808814235,9.297037309010575,9.341044298360915,9.032037213893894
05/17/2023 13:14:05.234537,2378,True,True,True,True,Eyes,2.134638,0.1055265,-2.940059,-0.8734052,-0.3748074,0.3109384,1.29663,1.002155,-0.3804599,-2.536887,0.4541579,-0.638497,-0.6213391,0.1137114,0.08755627,1.293765,2.05989,0.1186844,-3.108268,0.1934532,-0.536971,0.1224021,0.8119457,26.46171,292.9083,359.4246,0.5996778,0.02861623,-0.7997295,0.0,0.0,0.0,1.073441,-0.3708627,-2.52732,0.1329352,0.12974,1.248085,0.3933597,-0.008989806,0.9193407,-0.4065252,0.8951872,0.1826942,-0.8246245,-0.4455997,0.348476,moving,-3.1238108966664107,4.385002308708099,6.079728303244838,5.934652992219501,-0.9864490000000001,-0.4895471,0.5809479999999998,-0.05433473394732241,0.07634508922596439,0.9955998609453061,-2.7540224057114995,7.699878996772624,9.291838342622022,9.333089040891572,9.008394664707868
05/17/2023 13:14:05.244779,2379,True,True,True,True,Eyes,2.131086,0.105895,-2.946986,-0.8720943,-0.3736635,0.3159544,1.296039,1.000817,-0.3783875,-2.537497,0.5582201,-0.5005421,-0.6617008,0.1100426,0.08656161,1.293485,2.055908,0.1184486,-3.11425,0.1925771,-0.5339469,0.1215592,0.8142715,26.32309,293.3765,359.5086,0.5984442,0.02865814,-0.8006514,0.0,0.0,0.0,1.070602,-0.3708633,-2.527328,0.1297739,0.1276983,1.250224,0.4002481,-0.007687455,0.9163746,-0.4036163,0.8962749,0.1838077,-0.8227364,-0.4434324,0.3556295,moving,-3.256707251470889,4.317428142372349,5.926108742985551,5.831985295837957,-0.985306,-0.4893119,0.5869220000000004,-0.05664897246666345,0.07516115684208328,0.9955610260675793,-2.828434351545582,7.682548527443579,9.267402935082778,9.30687879791925,8.947994695359032
05/17/2023 13:14:05.264639,2380,True,True,True,True,Eyes,2.127499,0.106264,-2.953859,-0.8706352,-0.3727126,0.3210603,1.293463,1.001364,-0.375826,-2.538579,0.5944249,-0.3295971,-0.7335018,0.1078952,0.08685708,1.29098,2.051873,0.1182196,-3.120099,0.1923612,-0.5312221,0.1208754,0.8162044,26.25937,293.7791,359.5493,0.5971798,0.02870317,-0.8015933,0.0,0.0,0.0,1.067589,-0.370864,-2.527338,0.1269023,0.1268787,1.252468,0.4063846,-0.007055056,0.913675,-0.401691,0.8967726,0.1855888,-0.820668,-0.4424354,0.3616006,moving,-3.3251465600108547,4.31265209928106,5.785566454352139,5.784497810393472,-0.9842840000000002,-0.4890836,0.5927610000000003,-0.05783850538006263,0.07507303950874931,0.9954992696874307,-2.8609090599996625,7.685194283936784,9.19037760562032,9.228836407012707,8.852919626023116
05/17/2023 13:14:05.284326,2381,True,True,True,True,Eyes,2.123893,0.1066068,-2.960631,-0.8690469,-0.3720238,0.3261223,1.297087,0.9966643,-0.3759404,-2.537622,0.6624969,-0.3372935,-0.6688281,0.1069325,0.08614042,1.294434,2.047444,0.1185938,-3.125595,0.1927033,-0.5288495,0.1188949,0.8179533,26.16768,294.0921,359.4049,0.5958872,0.02875108,-0.802553,0.0,0.0,0.0,1.064622,-0.3708647,-2.527347,0.1248796,0.1261268,1.254442,0.4123643,-0.009321135,0.9109713,-0.398323,0.897459,0.1894895,-0.8193256,-0.4409995,0.3663673,moving,-3.3231582517353715,4.2556157700683235,5.685059606844496,5.741460073180741,-0.9828220000000001,-0.4894585,0.5982480000000003,-0.05780825258601524,0.07408213839466676,0.9955752203762227,-2.8710986880766467,7.663082905878256,9.0926623278239,9.129935502550328,8.76929182311162
05/17/2023 13:14:05.294063,2382,True,True,True,True,Eyes,2.120253,0.1069266,-2.967354,-0.867414,-0.3713773,0.3311674,1.298156,0.9942143,-0.375179,-2.537447,0.6978452,-0.2864445,-0.6564766,0.105495,0.0864237,1.294949,2.042813,0.1183554,-3.131043,0.1935714,-0.5261278,0.1165354,0.8198409,26.10519,294.4334,359.1957,0.5945709,0.02880088,-0.8035269,0.0,0.0,0.0,1.061725,-0.3708653,-2.527356,0.1235278,0.1254182,1.255925,0.419218,-0.01260569,0.907798,-0.3947676,0.8978992,0.1947705,-0.8175663,-0.4400205,0.3714393,moving,-3.3525171514560532,4.220466558374711,5.617318230913891,5.7027201256487885,-0.9810880000000002,-0.4892207,0.6036869999999999,-0.05832103937666683,0.07346917513087063,0.995590744154276,-2.891474879878907,7.651461423752775,9.054986101764364,9.091480760828375,8.72909805473687
05/17/2023 13:14:05.314338,2383,True,True,True,True,Eyes,2.116596,0.1072307,-2.973987,-0.8656605,-0.3710251,0.3361135,1.2996,0.9915833,-0.3749536,-2.537174,0.7209435,-0.2713751,-0.6376488,0.1048253,0.08795217,1.295877,2.038272,0.1181356,-3.136614,0.1944297,-0.5236937,0.1154437,0.8213496,26.12326,294.7494,359.1063,0.593233,0.02885179,-0.8045133,0.0,0.0,0.0,1.058915,-0.3708659,-2.527365,0.1220315,0.1236869,1.257618,0.4248354,-0.01400395,0.9051623,-0.3932824,0.8977397,0.1984751,-0.8153797,-0.4403036,0.3758841,moving,-3.3532014904889205,4.2553451023242115,5.542278228347706,5.616983568147338,-0.979357,-0.48900150000000003,0.6092489999999997,-0.058330309124347446,0.07407518327147643,0.9955453044604574,-2.884998779212525,7.664948008782159,8.96358873720133,8.999089883973983,8.672551880055721
05/17/2023 13:14:05.334305,2384,True,True,True,True,Eyes,2.112916,0.1075236,-2.980556,-0.86385,-0.3707646,0.3410231,1.300901,0.9891324,-0.3748045,-2.536918,0.7398563,-0.2613474,-0.6199276,0.1040903,0.0901072,1.296625,2.033768,0.1181056,-3.141869,0.1949822,-0.5214428,0.1157034,0.8226131,26.19676,295.067,359.1708,0.5918767,0.02890331,-0.8055097,0.0,0.0,0.0,1.056067,-0.3708666,-2.527374,0.1210645,0.122163,1.259287,0.4294203,-0.01298574,0.9030115,-0.3937024,0.8971893,0.2001243,-0.8127711,-0.4414552,0.3801588,moving,-3.345673718698055,4.348868382641744,5.4913873747852175,5.540905739835397,-0.9777009999999997,-0.48897219999999997,0.6144949999999998,-0.05819238388452308,0.07570071035020355,0.9954310698170321,-2.8633183339514763,7.7004971657476835,8.88211365816344,8.917096042484964,8.6293071915694
05/17/2023 13:14:05.344681,2385,True,True,True,True,Eyes,2.10923,0.1078187,-2.987,-0.861968,-0.3707106,0.3458103,1.302643,0.9863938,-0.3750847,-2.536532,0.7545636,-0.2799524,-0.5935153,0.103117,0.09313171,1.297907,2.029489,0.1181319,-3.146907,0.1952663,-0.5193305,0.1173646,0.8236459,26.33142,295.3932,359.3938,0.5905045,0.0289551,-0.8065146,0.0,0.0,0.0,1.053171,-0.3708672,-2.527383,0.1208579,0.1215393,1.260804,0.4330428,-0.009481716,0.9013236,-0.3961493,0.8961932,0.1997585,-0.8096541,-0.4435627,0.3843338,moving,-3.339142501038802,4.499506564342312,5.475517381642621,5.506199296580261,-0.9763179999999998,-0.4889991,0.6195240000000002,-0.058067137048236184,0.07831813696388334,0.9952358627883029,-2.830975846491629,7.758122969300179,8.836676052012395,8.87195914691304,8.606334293809212
05/17/2023 13:14:05.364326,2386,True,True,True,True,Eyes,2.105519,0.1081365,-2.993363,-0.8600235,-0.3707589,0.3505671,1.301531,0.9861716,-0.374418,-2.537089,0.7396125,-0.2354659,-0.630499,0.1018808,0.09573691,1.296191,2.024986,0.1185148,-3.15153,0.1955798,-0.5171476,0.1192989,0.8246666,26.48518,295.7332,359.6464,0.5891188,0.02900727,-0.8075253,0.0,0.0,0.0,1.050173,-0.3708679,-2.527393,0.1209489,0.1217929,1.262251,0.4366523,-0.005523652,0.8996135,-0.3990508,0.8950326,0.1991859,-0.8062837,-0.4459665,0.3886138,moving,-3.342298424427757,4.664278876742391,5.473371621060042,5.51133129310585,-0.9748130000000002,-0.48938269999999995,0.6241370000000002,-0.05810860636972964,0.08117972860531311,0.9950040781892331,-2.8003461231350273,7.821830895956921,8.82015069083811,8.856271006861636,8.590274368457814
05/17/2023 13:14:05.384315,2387,True,True,True,True,Eyes,2.101778,0.1084674,-2.99966,-0.8579804,-0.3709629,0.3553255,1.306393,0.9809185,-0.3761557,-2.535466,0.7776734,-0.3513451,-0.521326,0.1003101,0.09864186,1.300694,2.020619,0.1193807,-3.156,0.1962745,-0.5149027,0.1208378,0.8256815,26.65132,296.0648,359.8348,0.5877225,0.02906042,-0.8085403,0.0,0.0,0.0,1.047397,-0.3708685,-2.527401,0.1211603,0.1225505,1.263431,0.440547,-0.002577396,0.8977259,-0.4016717,0.8937491,0.199681,-0.8028563,-0.4485599,0.3927032,moving,-3.3391189183370296,4.828423745550719,5.47779032826924,5.540253943799811,-0.973222,-0.4902492,0.6285990000000004,-0.05803963363732789,0.0840302924972668,0.9947715123488852,-2.7669184790396577,7.884881709894289,8.808394956466184,8.84559726044717,8.571610273388432
05/17/2023 13:14:05.394148,2388,True,True,True,True,Eyes,2.098016,0.1088021,-3.005875,-0.85588,-0.3712638,0.3600455,1.308591,0.9780191,-0.3770305,-2.534722,0.7809859,-0.4097756,-0.4713226,0.09861863,0.1016859,1.302463,2.016257,0.1200324,-3.160395,0.1970709,-0.5125493,0.1224117,0.8267235,26.82907,296.41,0.02466055,0.5863162,0.02911487,-0.8095586,0.0,0.0,0.0,1.044356,-0.3708692,-2.527411,0.1213018,0.1233675,1.264735,0.4446172,0.0003840899,0.8957207,-0.4044183,0.8923569,0.2003623,-0.7992255,-0.4513303,0.3969126,moving,-3.3481367991444158,4.997992185881705,5.478528729129848,5.571242830615531,-0.9719009999999999,-0.4909016,0.632984,-0.05818145463760688,0.08697325886566747,0.994510289659804,-2.738056722954203,7.950822267151265,8.806874567713953,8.845260914733547,8.55421970644798
05/17/2023 13:14:05.414036,2389,True,True,True,True,Eyes,2.094225,0.1091396,-3.01202,-0.8537396,-0.3716414,0.3647074,1.310924,0.9750371,-0.3780541,-2.533916,0.773222,-0.4778613,-0.4168648,0.09730226,0.1047798,1.304258,2.011956,0.1204671,-3.16464,0.1980058,-0.5103275,0.1236741,0.8276861,27.00072,296.7271,0.1691968,0.5849022,0.02917063,-0.8105788,0.0,0.0,0.0,1.041626,-0.3708698,-2.527419,0.1207384,0.1234367,1.265974,0.4485411,0.002631124,0.8937582,-0.4068222,0.8909969,0.2015446,-0.7958055,-0.4540018,0.4007192,moving,-3.335891189041639,5.1546796825123895,5.447931905256632,5.5689269417501945,-0.9703300000000001,-0.4913369,0.6372209999999998,-0.05795486096671365,0.08969381330594525,0.9942818395011785,-2.7019024669679546,8.010404802139334,8.754586376087985,8.793585670459672,8.507679732892138
05/17/2023 13:14:05.434269,2390,True,True,True,True,Eyes,2.090409,0.1094739,-3.018078,-0.8515753,-0.3720339,0.3693376,1.313258,0.9720709,-0.3791026,-2.533043,0.7564633,-0.5474479,-0.3578604,0.09590459,0.106893,1.306072,2.007629,0.1208786,-3.16872,0.1989541,-0.5080637,0.1241382,0.8287812,27.12408,297.0373,0.2320153,0.5834811,0.02922768,-0.8116003,0.0,0.0,0.0,1.03858,-0.3708704,-2.527429,0.1192038,0.1226434,1.26771,0.452922,0.003604041,0.8915427,-0.4079295,0.8900139,0.2036387,-0.7927516,-0.4559191,0.4045771,moving,-3.325073686604554,5.257484484635344,5.371773759980567,5.525829090000073,-0.969049,-0.491749,0.6412909999999998,-0.05775771743406172,0.0914787304910813,0.9941306076354388,-2.6768984439707255,8.04931528294436,8.66221998509801,8.700986400196388,8.434992994225816
05/17/2023 13:14:05.444804,2391,True,True,True,True,Eyes,2.086554,0.1098095,-3.024074,-0.8494398,-0.3723635,0.3738949,1.316053,0.9686458,-0.3802408,-2.532008,0.7270166,-0.6231959,-0.288225,0.09473914,0.1075812,1.308277,2.003179,0.1211444,-3.172704,0.1996311,-0.5059211,0.1238066,0.8299779,27.17125,297.3251,0.2265825,0.582055,0.02928585,-0.8126217,0.0,0.0,0.0,1.035806,-0.3708711,-2.527438,0.1175108,0.12136,1.269241,0.4574316,0.003518223,0.8892379,-0.4075086,0.8896387,0.2061061,-0.7903754,-0.4566515,0.4083826,moving,-3.303978140435845,5.284362781697682,5.289565824429744,5.461800281756793,-0.9673729999999998,-0.4920155,0.6452659999999999,-0.05738920111072232,0.0919470376310631,0.9941087305063994,-2.6619414639100363,8.058290950011987,8.55748836576306,8.595375613811477,8.36470154559366
05/17/2023 13:14:05.464557,2392,True,True,True,True,Eyes,2.082669,0.1101205,-3.029982,-0.8473115,-0.3726603,0.3784013,1.314571,0.9688176,-0.3797679,-2.532547,0.738286,-0.5915437,-0.3240522,0.09500128,0.1063617,1.30631,1.998678,0.1215238,-3.176656,0.2001498,-0.5041523,0.1226347,0.8311025,27.15139,297.549,0.1308434,0.5806237,0.02934511,-0.8136427,0.0,0.0,0.0,1.032927,-0.3708717,-2.527447,0.1158157,0.1203531,1.270879,0.4615824,0.002032011,0.887095,-0.4056559,0.8898016,0.2090369,-0.7889138,-0.4563431,0.411541,moving,-3.2342716277409886,5.242273740222309,5.207004278784895,5.409815394037121,-0.965751,-0.49239550000000004,0.6492089999999999,-0.05618347714853461,0.0912230175529772,0.9942443356811538,-2.6380082145691235,8.037500947537588,8.406376331243205,8.442938418338569,8.273388204898625
05/17/2023 13:14:05.484349,2393,True,True,True,True,Eyes,2.078749,0.1104186,-3.035812,-0.8452889,-0.3728201,0.3827426,1.322121,0.961175,-0.3824947,-2.52978,0.6182424,-0.7736622,-0.1386473,0.09452647,0.1063849,1.312907,1.994028,0.1212546,-3.180495,0.2008243,-0.5023208,0.1209285,0.8322979,27.11521,297.768,359.9704,0.5791887,0.02940474,-0.8146626,0.0,0.0,0.0,1.030012,-0.3708723,-2.527456,0.1134268,0.1204601,1.27255,0.4661002,-0.0004593846,0.8847318,-0.4030536,0.8900918,0.2128015,-0.7875903,-0.4557811,0.4146868,moving,-3.176959216811778,5.188837877430443,5.0935112924872765,5.407528626698331,-0.964016,-0.4921269,0.6530390000000001,-0.05519357551421655,0.09030070874323737,0.994383980414209,-2.621997039976973,8.013150498261453,8.237825702565763,8.273361353706285,8.14360695060201
05/17/2023 13:14:05.494058,2394,True,True,True,True,Eyes,2.074792,0.1106915,-3.041562,-0.843264,-0.3729642,0.3870447,1.32589,0.9567168,-0.3838181,-2.528383,0.5054099,-0.861709,-0.04492674,0.09489882,0.1057706,1.315905,1.989331,0.1213171,-3.184391,0.2016915,-0.5006057,0.1188263,0.8334236,27.07518,297.9568,359.7509,0.5777509,0.02946439,-0.8156809,0.0,0.0,0.0,1.027116,-0.370873,-2.527465,0.110912,0.1213604,1.274017,0.4705485,-0.003870589,0.8823658,-0.4000011,0.8904017,0.2172187,-0.7865008,-0.4551591,0.4174289,moving,-3.0985795510212606,5.130330183950038,4.975450081695812,5.4414661857756865,-0.962215,-0.4921901,0.6569260000000003,-0.05383814084013655,0.08929186303670465,0.9945493882970529,-2.5972632292568383,7.985464418320113,8.045337785061397,8.080022284723318,7.988611512463766
05/17/2023 13:14:05.514663,2395,True,True,True,True,Eyes,2.07079,0.1109395,-3.047237,-0.8412956,-0.3730527,0.3912204,0.0,0.0,0.0,0.0,0.0,0.0,0.0,1.862583,1.386871,2.953778,1.984438,0.1210007,-3.188228,0.2025836,-0.4986658,0.1169531,0.8346342,27.05255,298.1807,359.5614,0.5763109,0.02952342,-0.8166968,0.0,0.0,0.0,1.024179,-0.3708737,-2.527474,0.1101007,0.1224979,1.275741,0.4753088,-0.006817007,0.8797926,-0.3972691,0.8905637,0.2215254,-0.7850215,-0.4548074,0.4205846,moving,-3.058145222034542,5.093671736715088,4.932594528658888,5.484781483914335,-0.960259,-0.4918744,0.6607539999999998,-0.053139276968841576,0.08865884238996127,0.9946435702512287,-2.5857645347207394,7.968686164215692,7.9658021828482015,8.000305531519803,7.918049347328266
05/17/2023 13:14:05.534196,2396,True,True,True,True,Eyes,2.066746,0.1111659,-3.052832,-0.8393039,-0.3731591,0.3953749,0.0,0.0,0.0,0.0,0.0,0.0,0.0,1.852233,1.392882,2.958127,1.979386,0.1207383,-3.191998,0.2033011,-0.4967683,0.1156773,0.8357684,27.04916,298.4132,359.4449,0.5748688,0.02958129,-0.8177104,0.0,0.0,0.0,1.02129,-0.3708743,-2.527483,0.1109117,0.1235717,1.27741,0.4796801,-0.008628227,0.8774011,-0.3953458,0.8905749,0.2248956,-0.7833318,-0.4547548,0.4237799,moving,-3.0198327430804586,5.079003554007506,4.962287230800458,5.525379505923659,-0.9580960000000001,-0.4916126,0.6645149999999997,-0.052475347249714865,0.08840731342765241,0.9947012349854385,-2.5709619060109032,7.960521757160089,7.959844645135701,7.994591344645312,7.917055029556505
05/17/2023 13:14:05.544116,2397,True,True,True,True,Eyes,2.062651,0.1113803,-3.05834,-0.8373445,-0.3732322,0.3994396,0.0,0.0,0.0,0.0,0.0,0.0,0.0,1.841674,1.398658,2.962573,1.974284,0.1204519,-3.195707,0.2039699,-0.4947091,0.1150551,0.8369119,27.08084,298.6812,359.4061,0.5734253,0.02963758,-0.8187214,0.0,0.0,0.0,1.018333,-0.3708749,-2.527492,0.1141687,0.1251153,1.278885,0.4840506,-0.009229612,0.8749912,-0.3943934,0.8903172,0.2275721,-0.7811202,-0.4552472,0.4273185,moving,-3.013653987247954,5.104442681822006,5.101389174615946,5.587553925444975,-0.955951,-0.4913268,0.668215,-0.05236601088480042,0.0888494600848974,0.9946676104065546,-2.563160536025406,7.969920623124335,8.093404644467954,8.129410925314883,8.026268955691934
05/17/2023 13:14:05.564269,2398,True,True,True,True,Eyes,2.058505,0.1115781,-3.063768,-0.8353561,-0.3733331,0.4034882,0.0,0.0,0.0,0.0,0.0,0.0,0.0,1.831683,1.402864,2.967048,1.968858,0.1204267,-3.199306,0.204466,-0.4926021,0.1149823,0.838043,27.12824,298.9705,359.4386,0.5719805,0.0296922,-0.8197294,0.0,0.0,0.0,1.015504,-0.3708756,-2.527501,0.1186939,0.1262928,1.280106,0.4882446,-0.008720607,0.8726633,-0.394161,0.8899454,0.2294216,-0.7786233,-0.4559836,0.4310738,moving,-3.021174341325923,5.146991646082169,5.297428660466353,5.634457958363734,-0.953354,-0.4913023,0.671805,-0.05249308281632037,0.08958749946974544,0.9945947421423746,-2.5583416806676897,7.986811404711618,8.295298302120319,8.332873412397241,8.200408184303146
05/17/2023 13:14:05.584284,2399,True,True,True,True,Eyes,2.054316,0.1117616,-3.069093,-0.8333579,-0.3734286,0.4075117,0.0,0.0,0.0,0.0,0.0,0.0,0.0,1.823323,1.405425,2.971178,1.963431,0.1202259,-3.202827,0.2047262,-0.4906213,0.1153959,0.839084,27.18057,299.2568,359.5342,0.5705347,0.02974491,-0.8207344,0.0,0.0,0.0,1.012728,-0.3708762,-2.52751,0.1204739,0.1275264,1.28233,0.4919492,-0.007232426,0.870594,-0.3945397,0.8895419,0.2303337,-0.7760958,-0.4567963,0.4347559,moving,-3.021342900653111,5.198174757715616,5.367139704642156,5.679332434486352,-0.9507029999999999,-0.4911021,0.6753170000000002,-0.05249177424698798,0.09047595277589017,0.99451435888727,-2.5484530365246716,8.006547741518771,8.363708260947709,8.402270712685748,8.250608433885283
05/17/2023 13:14:05.593978,2400,True,True,True,True,Eyes,2.050066,0.1119392,-3.074338,-0.8313486,-0.3735313,0.4115018,0.0,0.0,0.0,0.0,0.0,0.0,0.0,1.815971,1.406832,2.974944,1.95789,0.1200836,-3.206161,0.2048605,-0.4887835,0.1158384,0.8400621,27.22145,299.5267,359.6365,0.5690885,0.02979561,-0.8217359,0.0,0.0,0.0,1.009822,-0.3708768,-2.527519,0.1133191,0.1403503,1.283596,0.4953442,-0.005641903,0.8686785,-0.3948878,0.8892273,0.2309512,-0.7737556,-0.4574308,0.4382457,moving,-3.0066624074457122,5.238208112103833,5.045136461502423,6.240017091354427,-0.9480679999999999,-0.4909604,0.678642,-0.05223361906928403,0.09117203660400214,0.9944642612911206,-2.5338913096723914,8.021013715771614,8.071815000953062,8.113882317171084,7.785474355003971
05/17/2023 13:14:05.613849,2401,True,True,True,True,Eyes,2.045731,0.1120984,-3.079532,-0.8293563,-0.3735719,0.4154662,0.0,0.0,0.0,0.0,0.0,0.0,0.0,1.80858,1.408783,2.978355,1.952154,0.1201214,-3.209501,0.2051169,-0.4870419,0.1157251,0.8410262,27.24159,299.769,359.6684,0.5676416,0.0298444,-0.8227342,0.0,0.0,0.0,1.006931,-0.3708775,-2.527528,0.1189903,0.1382013,1.287169,0.4987959,-0.005145339,0.8667043,-0.3944567,0.8890696,0.2322914,-0.7717556,-0.4577433,0.4414346,moving,-2.9743432612114926,5.258272254209105,5.281606585281974,6.1282803050193655,-0.9452229999999999,-0.4909989,0.6819729999999997,-0.0516709911882659,0.09152296672753309,0.9944614901507012,-2.515088048129215,8.02662756157637,8.259294476609924,8.301663801690006,8.024473161095397
05/17/2023 13:14:05.634236,2402,True,True,True,True,Eyes,2.041327,0.1122349,-3.084641,-0.8273778,-0.3735958,0.419371,0.0,0.0,0.0,0.0,0.0,0.0,0.0,1.802178,1.410088,2.981266,1.946213,0.1197603,-3.212795,0.2052651,-0.4854707,0.1153948,0.8419434,27.23781,299.986,359.6785,0.5661936,0.02989104,-0.8237298,0.0,0.0,0.0,1.00406,-0.3708781,-2.527537,0.1185971,0.1302298,1.290282,0.5020045,-0.004988624,0.8648506,-0.3936122,0.8891006,0.2336016,-0.7701045,-0.4576848,0.4443689,moving,-2.923598947505495,5.254831180885867,5.2516221842363215,5.763417756612197,-0.942153,-0.4906384,0.6852579999999997,-0.050790478387248206,0.09146737248358672,0.9945119046183525,-2.492369263176153,8.021974992445347,8.152401852796007,8.191025629180205,8.066627816202494
05/17/2023 13:14:05.644776,2403,True,True,True,True,Eyes,2.036829,0.11234,-3.089688,-0.8254268,-0.3735718,0.4232194,0.0,0.0,0.0,0.0,0.0,0.0,0.0,1.797279,1.410665,2.983297,1.9401,0.1193485,-3.215901,0.2053514,-0.4841467,0.1148944,0.8427527,27.21768,300.1659,359.6659,0.5647441,0.02993521,-0.8247226,0.0,0.0,0.0,1.00119,-0.3708788,-2.527546,0.1209093,0.1176438,1.293335,0.5048025,-0.005185202,0.8632192,-0.3924955,0.8892602,0.2348693,-0.7688444,-0.4573722,0.4468656,moving,-2.8439538233152666,5.2376271369647585,5.34085603122325,5.19741186278961,-0.9389099999999999,-0.49022730000000003,0.688355,-0.049409320663381384,0.09117507689547004,0.9946083534912264,-2.459009568847635,8.010123832944902,8.151220985510326,8.18490865087863,8.291516870043987
05/17/2023 13:14:05.664329,2404,True,True,True,True,Eyes,2.032255,0.1124282,-3.09465,-0.8234849,-0.3735147,0.4270357,0.0,0.0,0.0,0.0,0.0,0.0,0.0,1.791214,1.410113,2.986222,1.933751,0.118725,-3.218835,0.2052438,-0.4826507,0.1144871,0.843692,27.18336,300.378,359.6819,0.5632916,0.02997639,-0.8257138,0.0,0.0,0.0,0.9982608,-0.3708794,-2.527555,0.122619,0.1068183,1.296252,0.5078821,-0.004938424,0.8614125,-0.3913058,0.8895354,0.2358105,-0.7674214,-0.4568396,0.4498467,moving,-2.79345054794737,5.208845014463481,5.403816224874093,4.710843599777293,-0.9354902,-0.48960440000000005,0.6912799999999999,-0.04853481521530212,0.09067933051924403,0.9946968037785122,-2.4413362715364633,7.995720962786383,8.182736426366825,8.212380163742559,8.505106523844738
05/17/2023 13:14:05.684222,2405,True,True,True,True,Eyes,2.027567,0.1124924,-3.09956,-0.8215621,-0.3734144,0.4308102,0.0,0.0,0.0,0.0,0.0,0.0,0.0,1.784961,1.408546,2.989697,1.927293,0.1183991,-3.221786,0.205031,-0.4811375,0.1139935,0.8446742,27.13328,300.5938,359.696,0.561837,0.03001449,-0.826703,0.0,0.0,0.0,0.995341,-0.3708801,-2.527565,0.1195155,0.1006053,1.298364,0.5110244,-0.004721466,0.8595532,-0.3898709,0.8899356,0.2366756,-0.7660644,-0.4560618,0.452938,moving,-2.749266492340991,5.166687591858819,5.259303536371047,4.430779080146647,-0.9319519999999999,-0.48927919999999997,0.6942209999999998,-0.04777090064863476,0.08995073532817548,0.994799895945385,-2.429180027024346,7.9765776724475135,8.01556853656152,8.04231031746445,8.466727063143345
05/17/2023 13:14:05.696985,2406,True,True,True,True,Eyes,2.022795,0.1125217,-3.104379,-0.8196436,-0.3732904,0.4345559,0.0,0.0,0.0,0.0,0.0,0.0,0.0,1.778268,1.407531,2.992741,1.920485,0.1178513,-3.224551,0.2048862,-0.4795642,0.1134745,0.8456733,27.08876,300.8155,359.7048,0.5603786,0.03004925,-0.827691,0.0,0.0,0.0,0.9924455,-0.3708807,-2.527574,0.1157278,0.09849265,1.300573,0.5142834,-0.004587502,0.857608,-0.3884369,0.8902904,0.237697,-0.7646106,-0.4553702,0.4560796,moving,-2.71266547529738,5.131103832058918,5.084910192149673,4.330754266140791,-0.9280395,-0.488732,0.696977,-0.04713802863827915,0.08933558983184957,0.9948855927308538,-2.4192389021217804,7.960464872368238,7.813297158127431,7.8385423209438425,8.335889437487465
05/17/2023 13:14:05.714428,2407,True,True,True,True,Eyes,2.017934,0.1125045,-3.109107,-0.8177122,-0.373144,0.4383039,0.0,0.0,0.0,0.0,0.0,0.0,0.0,1.771516,1.407056,2.9954,1.913657,0.1170369,-3.227184,0.204791,-0.4779994,0.1129274,0.8466551,27.04776,301.0336,359.7067,0.5589164,0.03008016,-0.8286778,0.0,0.0,0.0,0.9896185,-0.3708813,-2.527582,0.1131344,0.09805034,1.302408,0.5175279,-0.004558765,0.8556542,-0.387001,0.8906161,0.2388161,-0.7631482,-0.4547331,0.4591545,moving,-2.672994290016813,5.100177267402708,4.964568064418635,4.3053276754450245,-0.9240385,-0.4879182,0.6996019999999996,-0.046451389037447666,0.0888014181870749,0.9949656135286817,-2.4069758444385796,7.945945635328334,7.654359037760797,7.67881140488063,8.221542357127086
05/17/2023 13:14:05.734226,2408,True,True,True,True,Eyes,2.012979,0.1124543,-3.113735,-0.8157713,-0.3730004,0.442027,0.0,0.0,0.0,0.0,0.0,0.0,0.0,1.763023,1.407886,2.998243,1.906705,0.1158959,-3.22969,0.2048235,-0.4762214,0.1122885,0.8477334,27.01475,301.2764,359.6976,0.5574501,0.03010644,-0.829664,0.0,0.0,0.0,0.9867286,-0.370882,-2.527591,0.1119254,0.09653839,1.304019,0.5212088,-0.004701276,0.8534163,-0.3854641,0.8908772,0.2403231,-0.7614189,-0.4542198,0.4625209,moving,-2.6584647696110717,5.075977889675412,4.905737185024469,4.233964741692815,-0.9199764000000001,-0.4867779,0.702099,-0.04620080528408954,0.08838220532818045,0.9950145990915306,-2.404991050916113,7.935667069600415,7.5872487502987775,7.610922240562421,8.194470542031098
05/17/2023 13:14:05.743970,2409,True,True,True,True,Eyes,2.007935,0.1123518,-3.118249,-0.813824,-0.3729189,0.4456703,0.0,0.0,0.0,0.0,0.0,0.0,0.0,1.754181,1.410952,2.999787,1.899443,0.1150574,-3.231956,0.2052405,-0.4744423,0.1114207,0.848744,27.00824,301.5035,359.6389,0.555979,0.03012778,-0.8306498,0.0,0.0,0.0,0.9837474,-0.3708827,-2.527601,0.1099914,0.09633107,1.305274,0.5249798,-0.005614311,0.8510961,-0.3838847,0.8909235,0.2426678,-0.759624,-0.4541185,0.4655617,moving,-2.6376366865948633,5.072443931160543,4.816758386588622,4.22085760419572,-0.9156955999999999,-0.4859401,0.7043549999999996,-0.045839341415339796,0.08832230771265043,0.995036657613286,-2.3960791994649644,7.932939792675215,7.4796271384294375,7.502879792411421,8.11200223229839
05/17/2023 13:14:05.764119,2410,True,True,True,True,Eyes,2.002804,0.112187,-3.122668,-0.811855,-0.3728994,0.4492633,0.0,0.0,0.0,0.0,0.0,0.0,0.0,1.744438,1.417732,2.9998,1.89204,0.1137244,-3.23405,0.2061235,-0.4725155,0.1106808,0.8497012,27.05744,301.7397,359.5688,0.5545037,0.03014336,-0.8316349,0.0,0.0,0.0,0.9807701,-0.3708833,-2.52761,0.1088315,0.09775713,1.306497,0.5289578,-0.006701923,0.8486217,-0.3828843,0.8905258,0.24569,-0.7573661,-0.4548835,0.4684845,moving,-2.628848604384609,5.120037328493115,4.76175805895578,4.279116756935207,-0.9112699,-0.48460770000000003,0.7064399999999997,-0.04568334120359191,0.08914945312498623,0.9949700616683107,-2.382761289019946,7.950705569755359,7.414676073511437,7.438293773432227,8.032728124617787
05/17/2023 13:14:05.784110,2411,True,True,True,True,Eyes,1.997587,0.1119782,-3.126972,-0.8098916,-0.3729185,0.4527774,0.0,0.0,0.0,0.0,0.0,0.0,0.0,1.738416,1.424259,2.997873,1.884771,0.1120742,-3.236189,0.2069667,-0.4709126,0.1107786,0.8503731,27.15065,301.9457,359.5802,0.5530238,0.03015218,-0.8326193,0.0,0.0,0.0,0.9780339,-0.3708839,-2.527619,0.1076712,0.09985524,1.30745,0.5319389,-0.006520208,0.8467578,-0.3833326,0.8897859,0.2476637,-0.7550479,-0.4563318,0.4708123,moving,-2.5892294004095326,5.213593359379773,4.7078020599094925,4.3674316517692,-0.9067371,-0.4829581,0.7085699999999999,-0.044988681392382435,0.09077684442269979,0.9948545463568037,-2.3462830360817155,7.984163669160659,7.32170109312961,7.345927971897903,7.927223159916074
05/17/2023 13:14:05.794469,2412,True,True,True,True,Eyes,1.992278,0.1117321,-3.131159,-0.8079233,-0.3729754,0.4562337,0.0,0.0,0.0,0.0,0.0,0.0,0.0,1.734028,1.429378,2.995095,1.877459,0.1108312,-3.237812,0.2077141,-0.4695572,0.1109943,0.8509121,27.24067,302.1213,359.6021,0.5515399,0.03015384,-0.833603,0.0,0.0,0.0,0.9750731,-0.3708846,-2.527628,0.1062007,0.1031592,1.308632,0.5343927,-0.006174416,0.8452138,-0.3839601,0.8890703,0.2492564,-0.7529935,-0.4577292,0.4727419,moving,-2.522884080239105,5.302665477316612,4.639613134100937,4.507293997113618,-0.9023859,-0.4817158,0.7101839999999999,-0.04383038551559737,0.09232809116844704,0.994763448057117,-2.2983594126397735,8.014141760049043,7.181535804923117,7.206523581932497,7.77389505278615
05/17/2023 13:14:05.814448,2413,True,True,True,True,Eyes,1.986857,0.1114431,-3.135262,-0.8060178,-0.3730316,0.4595463,0.0,0.0,0.0,0.0,0.0,0.0,0.0,1.727877,1.435069,2.992634,1.86991,0.1097007,-3.239173,0.2085699,-0.4681298,0.1104768,0.8515563,27.30022,302.2903,359.5408,0.5500517,0.03014816,-0.8345859,0.0,0.0,0.0,0.9722823,-0.3708852,-2.527637,0.1043001,0.1063242,1.309488,0.5372987,-0.007121092,0.843362,-0.3834299,0.888587,0.251783,-0.7511935,-0.4586529,0.4747062,moving,-2.4667632550355783,5.357629030849135,4.553967787965845,4.641961800648515,-0.8976276999999999,-0.4805859,0.7115360000000002,-0.04285216035757711,0.093286290702349,0.9947167590217705,-2.261790008004051,8.031645108974784,7.03154993483832,7.057113004802096,7.612128957398852
05/17/2023 13:14:05.834358,2414,True,True,True,True,Eyes,1.981354,0.1111055,-3.139246,-0.8041114,-0.3730607,0.4628505,0.0,0.0,0.0,0.0,0.0,0.0,0.0,1.719255,1.441308,2.991203,1.862451,0.108368,-3.240375,0.2094569,-0.4665424,0.109256,0.8523669,27.32346,302.4678,359.4074,0.5485587,0.03013483,-0.8355685,0.0,0.0,0.0,0.9692541,-0.3708859,-2.527646,0.1021777,0.1095985,1.310765,0.5408027,-0.009188582,0.8410994,-0.3816935,0.8883818,0.2551231,-0.7495617,-0.4590134,0.476932,moving,-2.425495351320855,5.374812506431843,4.457348024150435,4.779619908462396,-0.8931969000000001,-0.4792539,0.712729,-0.04213449647566536,0.09358746679457997,0.9947190985953851,-2.239423048808775,8.035562169412701,6.882498916223134,6.90853002888072,7.4463348575165105
05/17/2023 13:14:05.844032,2415,True,True,True,True,Eyes,1.975727,0.1107149,-3.143167,-0.8022399,-0.3729994,0.4661358,0.0,0.0,0.0,0.0,0.0,0.0,0.0,1.709006,1.444153,2.99221,1.85493,0.106862,-3.241514,0.209816,-0.4647877,0.1078129,0.8534201,27.28022,302.6806,359.2896,0.5470607,0.0301134,-0.8365508,0.0,0.0,0.0,0.9663095,-0.3708865,-2.527656,0.09974438,0.11332,1.311854,0.5446976,-0.01102038,0.83856,-0.3790592,0.8887072,0.2579022,-0.7480766,-0.4583426,0.4798994,moving,-2.4166835065231815,5.330956355395121,4.348012277929898,4.937043670492542,-0.8886204999999999,-0.4777485,0.7138580000000001,-0.041984515323424676,0.09282663301339222,0.9947967180637782,-2.2439011707905157,8.018082954838817,6.749672580600607,6.7761549760557,7.276408866130741
05/17/2023 13:14:05.864144,2416,True,True,True,True,Eyes,1.970011,0.1102841,-3.146962,-0.8003699,-0.3728407,0.4694656,0.0,0.0,0.0,0.0,0.0,0.0,0.0,1.695682,1.444226,2.996052,1.84737,0.1051322,-3.242472,0.209705,-0.4626296,0.1063904,0.8547975,27.19043,302.9649,359.2175,0.5455565,0.03008336,-0.8375337,0.0,0.0,0.0,0.9634405,-0.3708872,-2.527664,0.09770727,0.1171432,1.312738,0.5493098,-0.01214708,0.8355304,-0.3759159,0.8894098,0.260072,-0.7462881,-0.4569493,0.4839953,moving,-2.46731336075638,5.246600563088186,4.256683876018492,5.099326870971454,-0.8839294999999999,-0.4760194,0.7148079999999997,-0.042869406550820166,0.09135847670330091,0.994894947570995,-2.2836629370493,7.988892282011374,6.6985037775730865,6.725609889113835,7.150225499932455
05/17/2023 13:14:05.884011,2417,True,True,True,True,Eyes,1.964114,0.1100258,-3.150628,-0.7985597,-0.3725396,0.4727755,0.0,0.0,0.0,0.0,0.0,0.0,0.0,1.684451,1.437731,3.001498,1.839516,0.1037135,-3.243279,0.208731,-0.4606586,0.1053897,0.8562233,27.03521,303.2554,359.2388,0.5440466,0.03004459,-0.8385166,0.0,0.0,0.0,0.9607198,-0.3708878,-2.527673,0.09558052,0.1199283,1.313498,0.5533735,-0.01183313,0.8328493,-0.3727817,0.8906488,0.2603433,-0.7448569,-0.454538,0.4884502,moving,-2.517060989448866,5.109276528019174,4.161959064150796,5.216898624296068,-0.8787961999999999,-0.4746013,0.7156059999999997,-0.04374271080184,0.08897032028572646,0.995073303225678,-2.333332007154959,7.939230523964867,6.6527209213967495,6.679887079284609,7.04271943732949
05/17/2023 13:14:05.894076,2418,True,True,True,True,Eyes,1.958121,0.1098421,-3.154139,-0.7966405,-0.37228,0.4762053,0.0,0.0,0.0,0.0,0.0,0.0,0.0,1.672549,1.426262,3.007338,1.830197,0.1075117,-3.242614,0.2078688,-0.4588881,0.1032015,0.857649,26.82538,303.4911,359.1168,0.5425292,0.03000277,-0.8395006,0.0,0.0,0.0,0.9577355,-0.3708884,-2.527683,0.09362751,0.1212389,1.314396,0.5575423,-0.01375562,0.8300347,-0.3677984,0.89228,0.261841,-0.7442251,-0.4512728,0.4924245,moving,-2.5180404408526798,4.910365435277839,4.074430777418901,5.270007555184484,-0.8724615000000001,-0.4784001,0.714931,-0.04377301433125369,0.08551512565729757,0.995374833361037,-2.372515264589679,7.862637052417467,6.575905431903935,6.602273791516839,6.948729450661657
05/17/2023 13:14:05.914283,2419,True,True,True,True,Eyes,1.952005,0.1095759,-3.157597,-0.7946673,-0.3720211,0.4796917,0.0,0.0,0.0,0.0,0.0,0.0,0.0,1.643497,1.43732,3.012927,1.821872,0.1091148,-3.242465,0.2096645,-0.4549605,0.1001935,0.8596587,26.84947,303.9376,358.811,0.541005,0.02996033,-0.8404853,0.0,0.0,0.0,0.954884,-0.3708891,-2.527691,0.09289521,0.1209292,1.315249,0.5659445,-0.01851367,0.8242355,-0.3630426,0.8920041,0.2693116,-0.7402074,-0.451648,0.4981035,moving,-2.731006476910258,4.929914689664075,4.040055849300484,5.253230955809722,-0.866988,-0.48000390000000004,0.7147740000000002,-0.04747113766535749,0.08584022607863266,0.9951773159889223,-2.4668679428819407,7.884131566965534,6.751796656164256,6.778777060309978,7.0186676273385205
05/17/2023 13:14:05.934111,2420,True,True,True,True,Eyes,1.945775,0.1094708,-3.160868,-0.7926108,-0.3718268,0.4832318,0.0,0.0,0.0,0.0,0.0,0.0,0.0,1.629951,1.429915,3.019944,1.813649,0.1068246,-3.243568,0.208336,-0.4520176,0.1019248,0.861329,26.81013,304.4246,359.1807,0.5394726,0.02991521,-0.8414713,0.0,0.0,0.0,0.9519012,-0.3708898,-2.527701,0.09203863,0.1208948,1.315784,0.5705829,-0.01276155,0.8211408,-0.3639246,0.8924149,0.266748,-0.7362024,-0.4510352,0.5045524,moving,-2.917053506456528,4.912718260840965,4.001302143002916,5.249621522640711,-0.8617478000000001,-0.4777144,0.7158669999999998,-0.050703723829268466,0.08552793331410145,0.9950447864387733,-2.5559683314068193,7.88970017335847,6.899148727748934,6.926553883441514,7.0687913646210685
05/17/2023 13:14:05.944311,2421,True,True,True,True,Eyes,1.939444,0.1093195,-3.16405,-0.7905136,-0.3718171,0.4866625,0.0,0.0,0.0,0.0,0.0,0.0,0.0,1.611786,1.431588,3.022382,1.804644,0.1105971,-3.242394,0.2092419,-0.4490429,0.1015984,0.862703,26.88949,304.8116,359.1893,0.5379326,0.02987215,-0.8424582,0.0,0.0,0.0,0.9491345,-0.3708903,-2.527709,0.09187567,0.1204608,1.316266,0.5760766,-0.0126186,0.8172984,-0.3632156,0.8917913,0.269783,-0.7322638,-0.4522712,0.5091568,moving,-3.0471054566283526,4.988677893262827,3.9927826361704715,5.228975785195179,-0.8555094999999999,-0.4814874,0.7146849999999998,-0.05295616157857497,0.08683687176911441,0.9948141028332069,-2.601120458055358,7.927499253779967,7.015915114529406,7.043988034913021,7.124716620788777
05/17/2023 13:14:05.964086,2422,True,True,True,True,Eyes,1.933054,0.109226,-3.167087,-0.788375,-0.3720233,0.4899628,0.0,0.0,0.0,0.0,0.0,0.0,0.0,1.601659,1.437078,3.020622,1.79647,0.1093508,-3.242745,0.2099928,-0.4465539,0.1036302,0.8635703,27.08038,305.1802,359.449,0.5363849,0.02982982,-0.8434459,0.0,0.0,0.0,0.9461575,-0.370891,-2.527719,0.09096009,0.1207355,1.316589,0.5797008,-0.008562193,0.8147844,-0.3665301,0.8903277,0.270134,-0.7277381,-0.4552399,0.5129854,moving,-3.1439844914455826,5.176888213548123,3.952152901522424,5.239555086755865,-0.8503125,-0.48024180000000005,0.7150260000000004,-0.054622296321538144,0.09009615045644744,0.9944340652699005,-2.609125315428211,8.006383676055876,7.067154043800267,7.096414097054682,7.120794357569863
05/17/2023 13:14:05.984266,2423,True,True,True,True,Eyes,1.926607,0.1091221,-3.170007,-0.7862914,-0.3724694,0.4929628,0.0,0.0,0.0,0.0,0.0,0.0,0.0,1.603754,1.445778,3.010252,1.788596,0.11071,-3.242311,0.211746,-0.445599,0.1066418,0.8632687,27.42753,305.3243,359.7039,0.5348305,0.0297898,-0.8444338,0.0,0.0,0.0,0.9433637,-0.3708917,-2.527728,0.09011489,0.1211452,1.316625,0.5801381,-0.004586607,0.8145052,-0.3728286,0.8875824,0.2705484,-0.7241814,-0.4606263,0.5132104,moving,-3.0480705598084037,5.512309854712792,3.9154375828313217,5.257092425870623,-0.8452323,-0.4816017,0.7145829999999997,-0.0529285686721333,0.09592495922454643,0.9939803371547389,-2.499604080366917,8.129363279818874,6.937709901371468,6.968183521449084,7.028705385702962
05/17/2023 13:14:05.994127,2424,True,True,True,True,Eyes,1.920115,0.1090334,-3.172795,-0.7842346,-0.3730226,0.4958127,0.0,0.0,0.0,0.0,0.0,0.0,0.0,1.601468,1.458469,3.000562,1.781057,0.1103998,-3.242044,0.2138283,-0.4443858,0.1080672,0.8632035,27.72328,305.4648,359.775,0.5332695,0.02975166,-0.8454218,0.0,0.0,0.0,0.9404098,-0.3708923,-2.527737,0.08855551,0.1223125,1.316699,0.5816855,-0.003476467,0.8134063,-0.3766125,0.8851979,0.2731075,-0.7209751,-0.4652016,0.5135975,moving,-2.97193046163531,5.779364682936857,3.8476731813774436,5.3071628845647005,-0.8406471999999999,-0.4812921,0.7143069999999998,-0.0515838838062716,0.10056391749681733,0.9935924732295249,-2.4125092393823455,8.227291455080318,6.804463150004756,6.835932151958408,6.907751791251005
05/17/2023 13:14:06.014726,2425,True,True,True,True,Eyes,1.913567,0.1089609,-3.175452,-0.7823502,-0.3734755,0.4984418,0.0,0.0,0.0,0.0,0.0,0.0,0.0,1.603906,1.467065,2.990175,1.773484,0.1107014,-3.241672,0.2155177,-0.4440529,0.108453,0.8629063,27.92146,305.4709,359.7255,0.5317039,0.02971573,-0.8464086,0.0,0.0,0.0,0.9375549,-0.3708929,-2.527746,0.08680272,0.1233222,1.316522,0.5821101,-0.004233019,0.813099,-0.3785719,0.8835802,0.2756254,-0.7196049,-0.4682608,0.5127385,moving,-2.797886045768717,5.951456168208117,3.7722433818720416,5.351435914047526,-0.8359291000000001,-0.48159430000000003,0.7139259999999998,-0.04855044374379264,0.1035635447477986,0.9934371943606106,-2.298779993574833,8.282204137088984,6.566119136684587,6.597471106519074,6.741418782601475
05/17/2023 13:14:06.034075,2426,True,True,True,True,Eyes,1.906951,0.1089073,-3.177961,-0.7805769,-0.3736888,0.5010552,0.0,0.0,0.0,0.0,0.0,0.0,0.0,1.599064,1.464535,2.98863,1.765868,0.1109754,-3.240859,0.2155549,-0.4433865,0.1061239,0.8635291,27.7998,305.5167,359.4905,0.5301337,0.02968232,-0.8473942,0.0,0.0,0.0,0.934639,-0.3708936,-2.527755,0.08515191,0.1245198,1.316275,0.5842924,-0.007866151,0.8115052,-0.3744303,0.8845477,0.2781681,-0.7200031,-0.4663836,0.5138891,moving,-2.681073926709161,5.809040218648458,3.7013968278699356,5.404106301676745,-0.831229,-0.481869,0.713104,-0.04653680355751588,0.10110360932356251,0.9937868562234496,-2.2726706294131827,8.219661586393421,6.36519536948247,6.395303308692365,6.604304168151644
05/17/2023 13:14:06.043842,2427,True,True,True,True,Eyes,1.900262,0.1088761,-3.180347,-0.7789113,-0.3736813,0.5036462,0.0,0.0,0.0,0.0,0.0,0.0,0.0,1.592796,1.451727,2.992289,1.75762,0.1113024,-3.239858,0.214141,-0.4427961,0.1024283,0.8646293,27.45261,305.5666,359.1918,0.5285591,0.02965179,-0.8483783,0.0,0.0,0.0,0.9317309,-0.3708943,-2.527764,0.08377659,0.1253034,1.315889,0.5868801,-0.0125166,0.8095771,-0.3667666,0.8873042,0.2795954,-0.7218408,-0.4610148,0.5161505,moving,-2.5741795085291836,5.4525769771961015,3.642841792237951,5.439496561434216,-0.8258890999999999,-0.48219670000000003,0.712094,-0.04470998055000608,0.09492682244891856,0.9944797323378644,-2.292811607116449,8.075278201407954,6.189042621831449,6.217035061141989,6.494561273164655
05/17/2023 13:14:06.064195,2428,True,True,True,True,Eyes,1.893521,0.1087905,-3.182618,-0.7772889,-0.3735113,0.5062719,0.0,0.0,0.0,0.0,0.0,0.0,0.0,1.582019,1.439321,2.998236,1.74955,0.1117104,-3.238896,0.2127186,-0.4416384,0.09844439,0.8660341,27.09047,305.6915,358.8816,0.5269812,0.02962459,-0.8493603,0.0,0.0,0.0,0.9288023,-0.3708949,-2.527773,0.08293933,0.1254797,1.315475,0.5905285,-0.01737701,0.8068297,-0.3584017,0.8901191,0.2814894,-0.7230658,-0.4553967,0.5194127,moving,-2.5344171375502995,5.089313721319184,3.607663978231523,5.448807822376812,-0.8207477,-0.4826053,0.7111230000000002,-0.04404550840874788,0.08862243192815146,0.9950909605501725,-2.3452188627105874,7.932674866932665,6.126389384325904,6.152592660134337,6.450303063656284
05/17/2023 13:14:06.084179,2429,True,True,True,True,Eyes,1.886734,0.1086793,-3.184793,-0.7756553,-0.3735135,0.5087697,0.0,0.0,0.0,0.0,0.0,0.0,0.0,1.574903,1.427308,3.002556,1.741587,0.1102773,-3.238454,0.2110711,-0.4403985,0.0969279,0.8672389,26.83816,305.8829,358.8575,0.5253997,0.02959898,-0.8503402,0.0,0.0,0.0,0.9260425,-0.3708955,-2.527782,0.08275187,0.1253294,1.314602,0.5933083,-0.01779149,0.8047787,-0.35403,0.892108,0.2807243,-0.7229441,-0.4514719,0.5229963,moving,-2.537180123243762,4.8355979160861935,3.601915459003946,5.445912843330265,-0.8155445,-0.48117279999999996,0.7106719999999997,-0.044110422191455334,0.08421490319989151,0.9954708471228848,-2.395895709310882,7.835077306957232,6.1442163998222865,6.169358060478436,6.45614789522514
05/17/2023 13:14:06.094771,2430,True,True,True,True,Eyes,1.879917,0.1085621,-3.186852,-0.7739585,-0.3736778,0.5112271,0.0,0.0,0.0,0.0,0.0,0.0,0.0,1.572529,1.425498,2.999686,1.734017,0.1095623,-3.23793,0.2110022,-0.4393003,0.09794937,0.8676977,26.88689,306.0588,359.0103,0.5238152,0.02957419,-0.8513182,0.0,0.0,0.0,0.9231021,-0.3708962,-2.527791,0.08314836,0.1248278,1.31363,0.5948423,-0.01540578,0.8036948,-0.3553675,0.891768,0.2801138,-0.7210247,-0.4522305,0.5249865,moving,-2.516949793961675,4.881148651511635,3.621798390810371,5.428236800431146,-0.8109148999999999,-0.4804585,0.7101389999999999,-0.04375597493332184,0.08500760892706952,0.9954190709402936,-2.3777016382263034,7.851305799541258,6.137837749072787,6.16307834760603,6.470337237954412
05/17/2023 13:14:06.114220,2431,True,True,True,True,Eyes,1.873073,0.1084526,-3.188819,-0.7721096,-0.3742847,0.5135736,0.0,0.0,0.0,0.0,0.0,0.0,0.0,1.56854,1.433809,2.99265,1.726442,0.1093546,-3.237208,0.2124487,-0.4377988,0.09985018,0.8678871,27.14162,306.266,359.1821,0.5222285,0.02955008,-0.8522933,0.0,0.0,0.0,0.9201594,-0.3708968,-2.5278,0.08289903,0.1240413,1.31239,0.5967243,-0.01270226,0.8023458,-0.3593369,0.889791,0.2813344,-0.7174937,-0.4561915,0.5263956,moving,-2.527187027511222,5.1051586325218175,3.6143695362643005,5.39930418687735,-0.8062826000000001,-0.4802514,0.7094079999999998,-0.04391885841030174,0.08889811973713807,0.9950720435558156,-2.33880108593748,7.9383073309372385,6.122612414875871,6.14859647669298,6.471999491856619
05/17/2023 13:14:06.134077,2432,True,True,True,True,Eyes,1.866224,0.1083647,-3.19069,-0.7701389,-0.3752321,0.5158362,0.0,0.0,0.0,0.0,0.0,0.0,0.0,1.562935,1.452346,2.981898,1.719191,0.1095231,-3.236692,0.2153718,-0.4357746,0.1030407,0.8678123,27.62027,306.5317,359.4266,0.52064,0.02952682,-0.8532655,0.0,0.0,0.0,0.917409,-0.3708974,-2.527809,0.08274513,0.1225294,1.311114,0.5989663,-0.008867105,0.8007251,-0.366547,0.8859953,0.2839995,-0.7119569,-0.4636095,0.5274311,moving,-2.5864557817296316,5.533795874396812,3.6111790571455082,5.339036714164884,-0.8017819999999999,-0.4804205,0.7088830000000002,-0.044916951145749284,0.09633554410758313,0.9943349384565174,-2.2826550481333507,8.107383621641834,6.173040972089367,6.200694213274279,6.5116069491858495
05/17/2023 13:14:06.144500,2433,True,True,True,True,Eyes,1.85938,0.1082981,-3.19247,-0.7680842,-0.3765333,0.5179473,0.0,0.0,0.0,0.0,0.0,0.0,0.0,1.56179,1.472903,2.967878,1.712155,0.1100713,-3.236254,0.2186926,-0.4341309,0.1071983,0.867302,28.19157,306.7549,359.7441,0.5190501,0.02950497,-0.8542343,0.0,0.0,0.0,0.9142853,-0.3708981,-2.527819,0.08229339,0.1213274,1.309678,0.6000778,-0.003935909,0.7999321,-0.3758289,0.8813642,0.2862688,-0.7061582,-0.4724211,0.5274078,moving,-2.599651830013552,6.037794984884593,3.5954434791143512,5.292723602407479,-0.7978697000000001,-0.4809694,0.7084350000000001,-0.04510582537643848,0.10507742221715181,0.9934406221476593,-2.190598993051059,8.302483180419628,6.210214625147727,6.2397385565554675,6.522034974387816
05/17/2023 13:14:06.164348,2434,True,True,True,True,Eyes,1.852541,0.1082698,-3.194151,-0.7659823,-0.3780121,0.5199789,0.0,0.0,0.0,0.0,0.0,0.0,0.0,1.563124,1.491309,2.953669,1.705369,0.1106272,-3.235892,0.2217526,-0.4328947,0.1110016,0.8666641,28.71637,306.923,0.02685709,0.5174606,0.02948503,-0.8551987,0.0,0.0,0.0,0.9114239,-0.3708988,-2.527828,0.08194762,0.1203194,1.307845,0.6005616,0.0004111042,0.7995783,-0.3843932,0.8770089,0.288266,-0.7011188,-0.480474,0.526856,moving,-2.561773368949547,6.483789665499227,3.5853809444764027,5.25631328805089,-0.7939451,-0.48152599999999995,0.7080640000000002,-0.04441116626329622,0.11281069316841696,0.992623535849773,-2.086296495178522,8.471880536344102,6.23759362288689,6.268508946333645,6.519800434659532
05/17/2023 13:14:06.184396,2435,True,True,True,True,Eyes,1.845721,0.1082846,-3.195726,-0.7639124,-0.3794265,0.5219898,0.0,0.0,0.0,0.0,0.0,0.0,0.0,1.560849,1.50591,2.942848,1.6986,0.1115778,-3.235224,0.2243209,-0.4316715,0.1126604,0.8663992,29.07587,307.0581,0.1017337,0.5158714,0.02946788,-0.8561589,0.0,0.0,0.0,0.9087369,-0.3708993,-2.527836,0.08111262,0.1196778,1.305606,0.6019348,0.001551843,0.7985438,-0.3888836,0.8739756,0.2914383,-0.6974555,-0.4859674,0.5266798,moving,-2.5153485194731804,6.759565360485042,3.555012315631707,5.237356390213509,-0.7898631000000002,-0.4824771,0.7073879999999999,-0.04358252746722319,0.11759134617734045,0.9921052432498377,-2.0111997451015755,8.575117531133944,6.22682641860979,6.258306545508172,6.4902516236961985
05/17/2023 13:14:06.194672,2436,True,True,True,True,Eyes,1.838898,0.1083327,-3.197225,-0.7618521,-0.3807533,0.5240309,0.0,0.0,0.0,0.0,0.0,0.0,0.0,1.551768,1.514676,2.938744,1.691872,0.112644,-3.234706,0.2259747,-0.4301204,0.1116254,0.8668747,29.19662,307.2065,359.9434,0.5142842,0.02945448,-0.8571137,0.0,0.0,0.0,0.9058478,-0.3709,-2.527845,0.08037627,0.1193403,1.303248,0.6050725,-0.0008622842,0.7961699,-0.387923,0.8729505,0.2957588,-0.6952719,-0.4878081,0.5278638,moving,-2.5066947903199948,6.791667679017956,3.52917897189472,5.232065570922353,-0.7860242000000001,-0.483544,0.706861,-0.043429795924696146,0.11814798835746072,0.9920458596068709,-2.0009601708506666,8.586922060645385,6.202710083697396,6.2341102660258,6.468191478671718
05/17/2023 13:14:06.214072,2437,True,True,True,True,Eyes,1.832086,0.1083884,-3.198643,-0.7598996,-0.3818344,0.5260751,0.0,0.0,0.0,0.0,0.0,0.0,0.0,1.538449,1.51766,2.939968,1.68499,0.1134608,-3.234419,0.2266901,-0.4282821,0.1091589,0.8679116,29.1433,307.3907,359.6921,0.5126993,0.02944538,-0.8580629,0.0,0.0,0.0,0.9030212,-0.3709006,-2.527854,0.07939219,0.120614,1.300339,0.6093177,-0.004694042,0.7929125,-0.3836552,0.8733919,0.2999922,-0.6939315,-0.4869955,0.5303721,moving,-2.5445069263191855,6.660129241957739,3.493856424606596,5.29935336245654,-0.7819688,-0.48436140000000005,0.7065649999999999,-0.044096411803164426,0.11586676510787315,0.9922854030736582,-2.044001423202323,8.538707591300321,6.158387467698737,6.189793449868573,6.415706146829585
05/17/2023 13:14:06.234490,2438,True,True,True,True,Eyes,1.825277,0.1084552,-3.199998,-0.7579685,-0.3827525,0.5281895,0.0,0.0,0.0,0.0,0.0,0.0,0.0,1.526822,1.513489,2.944091,1.678203,0.1136653,-3.234226,0.2262754,-0.4266424,0.1068659,0.869112,28.97999,307.5837,359.5205,0.5111173,0.02944043,-0.8590064,0.0,0.0,0.0,0.9000003,-0.3709013,-2.527864,0.07909185,0.1231767,1.297435,0.613112,-0.007320576,0.7899622,-0.3788341,0.8747583,0.3021303,-0.6932377,-0.4845043,0.5335515,moving,-2.576332478498261,6.4319014149844564,3.4884431898203214,5.423327624810851,-0.7782026999999999,-0.48456659999999996,0.7063619999999999,-0.04466796590457295,0.1119104117774728,0.9927138075580971,-2.1031106506091035,8.452837886510958,6.116645254139802,6.148066769095326,6.359513092695643
05/17/2023 13:14:06.244301,2439,True,True,True,True,Eyes,1.818477,0.1085069,-3.201279,-0.756072,-0.3834949,0.5303647,0.0,0.0,0.0,0.0,0.0,0.0,0.0,1.516126,1.506431,2.949181,1.67105,0.1135816,-3.234243,0.2254021,-0.4249701,0.1050278,0.8703813,28.7925,307.8046,359.4279,0.5095386,0.02943954,-0.8599439,0.0,0.0,0.0,0.8971504,-0.3709019,-2.527872,0.07915568,0.1250618,1.294288,0.6167392,-0.008749953,0.787119,-0.3744067,0.8763261,0.3031043,-0.6924251,-0.4816389,0.5371886,moving,-2.6222017689256676,6.193076946524608,3.4997192694055994,5.51912477808351,-0.7738995999999999,-0.4844835,0.7063710000000003,-0.04548363481450629,0.10776758144865102,0.9931350914497327,-2.170756220944401,8.36380498228464,6.127593198185622,6.158906455281606,6.344012748318989
05/17/2023 13:14:06.264366,2440,True,True,True,True,Eyes,1.81166,0.1085398,-3.202518,-0.7541412,-0.384162,0.5326262,0.0,0.0,0.0,0.0,0.0,0.0,0.0,1.501965,1.501663,2.954864,1.664157,0.1132568,-3.234171,0.2247629,-0.4227218,0.1037029,0.8717991,28.6574,308.1104,359.3987,0.5079631,0.02944193,-0.8608754,0.0,0.0,0.0,0.8941911,-0.3709026,-2.527882,0.07904661,0.126153,1.291038,0.6211039,-0.009208191,0.7836741,-0.3708406,0.8774546,0.3042213,-0.6904398,-0.4795712,0.5415757,moving,-2.735147534650144,6.011931731111922,3.5036849406315858,5.580905207852205,-0.7699659000000001,-0.4841594,0.706289,-0.04745734462922713,0.10461756218862565,0.9933795985575362,-2.258087102396506,8.301397933765173,6.222177062273907,6.253704063863537,6.371742128144035
05/17/2023 13:14:06.284021,2441,True,True,True,True,Eyes,1.804851,0.1085778,-3.203707,-0.7523859,-0.3847228,0.5346999,0.0,0.0,0.0,0.0,0.0,0.0,0.0,1.488011,1.498345,2.959934,1.657325,0.1132142,-3.234327,0.2243475,-0.420316,0.103079,0.8731422,28.58266,308.4465,359.4396,0.5063906,0.02944679,-0.8618011,0.0,0.0,0.0,0.8912796,-0.3709033,-2.527891,0.0784623,0.126685,1.287751,0.6254182,-0.008588429,0.7802426,-0.3685991,0.8780858,0.3051231,-0.6877404,-0.4784262,0.5460052,moving,-2.8844630152794557,5.89968914639619,3.486705000291441,5.61850454174867,-0.7660454,-0.4841175,0.7064360000000001,-0.05005625015940046,0.10265829431517261,0.9934564936860288,-2.3487646734288625,8.267929170473764,6.345432586188858,6.377369886130518,6.408756289343857
05/17/2023 13:14:06.294279,2442,True,True,True,True,Eyes,1.798038,0.1085946,-3.204866,-0.7505698,-0.3853031,0.5368301,0.0,0.0,0.0,0.0,0.0,0.0,0.0,1.475377,1.497605,2.963176,1.650489,0.1133842,-3.234656,0.2243412,-0.417933,0.1030454,0.874291,28.58168,308.7802,359.5214,0.5048209,0.02945406,-0.8627212,0.0,0.0,0.0,0.8882685,-0.3709039,-2.5279,0.07713479,0.1258707,1.28458,0.6294273,-0.007335778,0.7770248,-0.3677026,0.8781053,0.3061468,-0.6845554,-0.4784112,0.5500061,moving,-3.023610240837388,5.86236842293767,3.436296474961064,5.596312427498365,-0.7622205000000001,-0.4842881,0.7067560000000004,-0.052472363492919616,0.1019984926125723,0.993399727391693,-2.420166814045559,8.262667735062614,6.4332812096617396,6.465383250011335,6.4348747370604125
05/17/2023 13:14:06.314304,2443,True,True,True,True,Eyes,1.791217,0.1086249,-3.205999,-0.748877,-0.3858852,0.5387725,0.0,0.0,0.0,0.0,0.0,0.0,0.0,1.465523,1.499201,2.963866,1.643539,0.1129084,-3.235103,0.224623,-0.4157572,0.1036767,0.875181,28.64493,309.0912,359.6536,0.5032541,0.02946292,-0.8636358,0.0,0.0,0.0,0.8855332,-0.3709045,-2.527909,0.07447517,0.124016,1.281177,0.6327941,-0.005305461,0.7743019,-0.3682491,0.8775913,0.3069628,-0.6811492,-0.4793802,0.5533809,moving,-3.1502601020538763,5.8923834870331415,3.3268754170783006,5.528919359632205,-0.7580058000000001,-0.48381290000000005,0.7071939999999999,-0.054665226718258075,0.10250680053771316,0.9932290895335543,-2.4726971566374676,8.282537376754242,6.455310830006999,6.4873253891808895,6.420082103993315
05/17/2023 13:14:06.334246,2444,True,True,True,True,Eyes,1.784389,0.1086432,-3.207112,-0.7471275,-0.3865248,0.5407393,0.0,0.0,0.0,0.0,0.0,0.0,0.0,1.457179,1.502155,2.9631,1.636651,0.1132729,-3.235482,0.2252486,-0.4138283,0.1041596,0.8758767,28.7369,309.3546,359.7408,0.5016894,0.0294736,-0.8645453,0.0,0.0,0.0,0.8826727,-0.3709052,-2.527918,0.07191277,0.1202143,1.277861,0.6357939,-0.003966572,0.7718487,-0.3688903,0.8768278,0.3083716,-0.6780015,-0.4807883,0.5560185,moving,-3.234322646972763,5.946768656536422,3.2209738240018875,5.374262329169665,-0.7539783000000001,-0.4841781,0.7075640000000001,-0.05611694273877271,0.10344118146201695,0.9930512189968731,-2.5008530276799656,8.309007218964599,6.44923311128904,6.480633921388612,6.430554415352144
05/17/2023 13:14:06.344642,2445,True,True,True,True,Eyes,1.777575,0.1086606,-3.208192,-0.7455354,-0.3871768,0.5424677,0.0,0.0,0.0,0.0,0.0,0.0,0.0,1.44935,1.507587,2.961064,1.629653,0.1130234,-3.236168,0.2261599,-0.411914,0.1046692,0.8764834,28.86059,309.6088,359.8145,0.5001263,0.0294856,-0.8654501,0.0,0.0,0.0,0.8797554,-0.3709058,-2.527927,0.0698846,0.1098227,1.275168,0.6387425,-0.002835247,0.7694154,-0.3697985,0.8757921,0.3102214,-0.6747274,-0.4826802,0.5583572,moving,-3.3275852786579576,6.0312936980744905,3.136912997217707,4.922401178956908,-0.7498976,-0.4839292,0.7082410000000001,-0.05772445543240928,0.1048964382890561,0.9928064953121489,-2.5273805465692822,8.347695655403582,6.5293248302791405,6.558916113029223,6.619430761067228
05/17/2023 13:14:06.364418,2446,True,True,True,True,Eyes,1.77075,0.1086711,-3.209259,-0.7439235,-0.3878236,0.5442156,0.0,0.0,0.0,0.0,0.0,0.0,0.0,1.443177,1.51099,2.959331,1.622779,0.1130481,-3.236866,0.2268293,-0.4102743,0.1050229,0.8770369,28.95037,309.8278,359.8752,0.4985651,0.02949878,-0.86635,0.0,0.0,0.0,0.876896,-0.3709064,-2.527936,0.06302369,0.1073165,1.272188,0.6412904,-0.001906654,0.767296,-0.3703423,0.8750373,0.3116991,-0.6720069,-0.4840518,0.5604469,moving,-3.3875065147196235,6.082521808894299,2.8360916704184165,4.821818592082717,-0.745883,-0.4839545,0.7089300000000001,-0.05875720253421207,0.10577767029351531,0.992652312479148,-2.545024060199192,8.371366282034039,6.32141184657834,6.350003698497551,6.446370708355132
05/17/2023 13:14:06.384328,2447,True,True,True,True,Eyes,1.763947,0.1086818,-3.210278,-0.7424597,-0.3884455,0.5457689,0.0,0.0,0.0,0.0,0.0,0.0,0.0,1.437356,1.512649,2.9583,1.615697,0.1129,-3.237655,0.2272421,-0.4087943,0.1047658,0.8776516,28.98195,310.0174,359.8759,0.4970051,0.02951284,-0.8672454,0.0,0.0,0.0,0.8741086,-0.3709071,-2.527945,0.05763781,0.106478,1.268235,0.6438228,-0.001894692,0.7651722,-0.3696863,0.8747703,0.3132234,-0.6699434,-0.4845341,0.5624967,moving,-3.440084645372583,6.073995509128435,2.602145827217985,4.7991625094020876,-0.7415883999999999,-0.4838071,0.7097100000000003,-0.05966907717319553,0.10562423069196325,0.9926142896017465,-2.5709183569346643,8.371526997094254,6.1473618275260415,6.175252890456658,6.28668283646368
05/17/2023 13:14:06.394310,2448,True,True,True,True,Eyes,1.757124,0.1086864,-3.211293,-0.7409728,-0.3890185,0.5473791,0.0,0.0,0.0,0.0,0.0,0.0,0.0,1.430133,1.513116,2.95852,1.608576,0.1129324,-3.238421,0.2274931,-0.4072239,0.1040358,0.8784031,28.97272,310.213,359.8356,0.4954467,0.02952771,-0.8681361,0.0,0.0,0.0,0.8711188,-0.3709077,-2.527954,0.05220461,0.1024128,1.265119,0.6466905,-0.002510525,0.7627483,-0.3680519,0.8748469,0.3149296,-0.6680787,-0.484393,0.5648311,moving,-3.498747311308206,6.025110278749242,2.3629459678769704,4.628065761602308,-0.7374572,-0.4838401,0.7104670000000004,-0.060690848554628585,0.10477081747133356,0.9926427653023053,-2.6074757683696297,8.35653277714746,5.999482693644515,6.0258759929270855,6.21341762013152
05/17/2023 13:14:06.414445,2449,True,True,True,True,Eyes,1.750285,0.1086798,-3.212301,-0.7395774,-0.3895308,0.5488998,0.0,0.0,0.0,0.0,0.0,0.0,0.0,1.420691,1.513735,2.959841,1.601281,0.112782,-3.239382,0.2277185,-0.4054239,0.1027751,0.8793253,28.93468,310.4288,359.7447,0.4938892,0.02954316,-0.8690225,0.0,0.0,0.0,0.8683693,-0.3709083,-2.527963,0.0484848,0.1056761,1.260721,0.6501376,-0.003899594,0.7598065,-0.3653904,0.8751632,0.3171423,-0.6661914,-0.4838122,0.5675516,moving,-3.5882491076070266,5.947198771262801,2.202395349362287,4.791443496312567,-0.7329116999999999,-0.4836903,0.7114189999999998,-0.062250289560980554,0.10341096224204956,0.9926887928838463,-2.6638993794219106,8.332373805324199,5.878316553694051,5.904856770710424,6.018223312628909
05/17/2023 13:14:06.434158,2450,True,True,True,True,Eyes,1.743412,0.1086562,-3.213315,-0.7381505,-0.3899816,0.5504982,1.253121,0.8184204,-0.3800377,-2.523475,0.7303196,-0.6077254,0.3119343,0.03817421,0.07884353,1.16199,1.593783,0.1124903,-3.240498,0.2279483,-0.4034562,0.1013085,0.8803405,28.8875,310.6627,359.636,0.492332,0.02955882,-0.8699052,0.0,0.0,0.0,0.8652275,-0.370909,-2.527972,0.04835975,0.1100448,1.257139,0.6539193,-0.005562321,0.7565439,-0.3623064,0.8755522,0.3195972,-0.6641714,-0.4830914,0.5705253,moving,-3.6913145833532703,5.862099186800615,2.202973610979495,5.002686161925391,-0.7285554999999999,-0.4833993,0.712526,-0.06404574701121313,0.10192484248110537,0.9927283344233846,-2.7279743539483845,8.306333780141657,5.929203287611077,5.95661179406345,5.935346276180725
05/17/2023 13:14:06.444601,2451,True,True,True,True,Eyes,1.736508,0.108611,-3.214334,-0.7367545,-0.3903695,0.5520911,1.241939,0.8215044,-0.3762041,-2.52867,0.9353858,-0.3519497,-0.03442431,0.03763855,0.07625943,1.150735,1.58609,0.112045,-3.241723,0.2281075,-0.4014124,0.09963267,0.8814241,28.82307,310.9037,359.5099,0.4907734,0.02957421,-0.8707849,0.0,0.0,0.0,0.8624658,-0.3709097,-2.527981,0.04816562,0.1149147,1.252928,0.6578828,-0.00749309,0.7530831,-0.3587676,0.8760806,0.3221313,-0.6621752,-0.4821065,0.5736701,moving,-3.803584986854838,5.761814968138094,2.2015059971422795,5.240331494741863,-0.7236242,-0.4829547,0.7137419999999999,-0.06600265831728558,0.10017432544668087,0.992778362030551,-2.799248760226228,8.275045207470267,5.999420331494244,6.027691327457708,5.849532926787025
05/17/2023 13:14:06.464503,2452,True,True,True,True,Eyes,1.729559,0.1085317,-3.215371,-0.7353206,-0.390678,0.5537817,1.234555,0.8217649,-0.3737818,-2.531697,0.9528483,-0.1905784,-0.2361358,0.03683436,0.07369873,1.143225,1.578151,0.1114571,-3.243157,0.227981,-0.3992299,0.09798279,0.8826322,28.72996,311.1721,359.4075,0.4892132,0.02958877,-0.8716619,0.0,0.0,0.0,0.8595583,-0.3709103,-2.52799,0.05032736,0.1171529,1.249117,0.6620297,-0.009068135,0.7494228,-0.3549992,0.8768481,0.3242115,-0.6600699,-0.4806821,0.5772803,moving,-3.9321447575702084,5.6380806502611716,2.3072190530242245,5.35801580715205,-0.7185927000000001,-0.4823674,0.7151670000000001,-0.06824481272348293,0.09801528540210377,0.9928421350280872,-2.8825973693667812,8.235787091490593,6.216634744028728,6.245646249772815,5.934286988601317
05/17/2023 13:14:06.484395,2453,True,True,True,True,Eyes,1.722567,0.108414,-3.216421,-0.7338647,-0.3910095,0.5554765,1.228265,0.8211865,-0.3718492,-2.534148,0.9146076,-0.06181456,-0.3995895,0.03596449,0.07126504,1.136685,1.57008,0.1105445,-3.244698,0.2275132,-0.3970908,0.0968879,0.8838379,28.62769,311.4562,359.3851,0.4876498,0.02960164,-0.8725371,0.0,0.0,0.0,0.8567038,-0.3709109,-2.527999,0.05106235,0.1124621,1.245676,0.6658632,-0.009420411,0.7460143,-0.3519531,0.877701,0.325223,-0.6578412,-0.4791161,0.5811133,moving,-4.065822395945824,5.508284501787591,2.347336000140093,5.158790799026276,-0.7133761999999999,-0.4814554,0.7166990000000002,-0.07057667588376626,0.09575031222895744,0.9929001861102884,-2.9694852367045375,8.194528316910052,6.394494550071673,6.422674401023074,6.1224415343920775
05/17/2023 13:14:06.493921,2454,True,True,True,True,Eyes,1.715518,0.1082555,-3.217495,-0.7323568,-0.3913016,0.5572582,1.22262,0.8201243,-0.3701574,-2.53618,0.8434352,0.05093773,-0.5348104,0.03505254,0.06964332,1.13066,1.561746,0.1095049,-3.246385,0.2271095,-0.3948465,0.09632706,0.8850077,28.55853,311.765,359.4229,0.4860826,0.02961194,-0.8734108,0.0,0.0,0.0,0.8536676,-0.3709116,-2.528009,0.0518207,0.102699,1.242239,0.6696346,-0.008846464,0.7426379,-0.3498472,0.8782847,0.3259186,-0.6551308,-0.4780562,0.585035,moving,-4.211310432446137,5.417484646307596,2.388740756669419,4.726037631732193,-0.7080784000000001,-0.4804165,0.7183760000000001,-0.0731088118160621,0.09415947557744828,0.9928691862122947,-3.0542233687992493,8.169072395741805,6.6094136165117625,6.636171688022462,6.440523803023915
05/17/2023 13:14:06.513921,2455,True,True,True,True,Eyes,1.537779,0.1033131,-3.245171,-0.6912633,-0.4000723,0.6017452,0.0,0.0,0.0,0.0,0.0,0.0,0.0,1.357771,1.505577,2.977305,1.553312,0.1083624,-3.248096,0.226688,-0.3927236,0.09629309,0.8860635,28.51266,312.0692,359.517,0.4845091,0.02961881,-0.8742844,0.0,0.0,0.0,0.8509111,-0.3709122,-2.528018,0.05127245,0.09258685,1.238799,0.6729916,-0.007407859,0.7396131,-0.348695,0.8786804,0.3260868,-0.6522992,-0.477353,0.5887615,moving,-0.9887304443623224,4.91847279725531,2.3700529733928386,4.274294057406803,-0.7024009,-0.4792746,0.720078,-0.017192223974028586,0.08572548311778541,0.9961704923637669,-1.666054304875102,7.765511161755409,3.40993181384366,3.419998873722015,5.336549337482388
05/17/2023 13:14:06.534298,2456,True,True,True,True,Eyes,1.537438,0.1032559,-3.245248,-0.6911411,-0.400112,0.6018591,0.0,0.0,0.0,0.0,0.0,0.0,0.0,1.351176,1.505864,2.977716,1.544761,0.107237,-3.24997,0.2267242,-0.3907266,0.09659207,0.8869039,28.53187,312.3513,359.6192,0.4786015,0.02953073,-0.8775352,-0.5332156,-0.01482725,-0.0830276,0.8480098,-0.3709129,-2.528027,0.05013144,0.08651394,1.234801,0.6760054,-0.005838554,0.7368735,-0.3485101,0.8785322,0.326683,-0.6492745,-0.4776473,0.5918577,moving,-1.2299098422259842,4.933261928594262,2.324863179752459,4.007768538293831,-0.6967512,-0.4781499,0.721943,-0.021384850550567158,0.08597565201155288,0.9960677107175688,-1.774337839357713,7.787020649796605,3.663324310561356,3.6732750037637443,5.57549957558711
05/17/2023 13:14:06.544340,2457,True,True,True,True,Eyes,1.536754,0.1031627,-3.245401,-0.6908225,-0.4002856,0.6021094,0.0,0.0,0.0,0.0,0.0,0.0,0.0,1.345233,1.508587,2.976696,1.536208,0.1058182,-3.251934,0.2270893,-0.3887776,0.09700624,0.8876217,28.59183,312.6207,359.7152,0.4735445,0.02945486,-0.8802769,-0.5012227,-0.01393762,-0.07804594,0.8449725,-0.3709136,-2.528036,0.04909921,0.0863156,1.230994,0.6788836,-0.004364836,0.734233,-0.3487842,0.8780404,0.3277112,-0.6461167,-0.4785666,0.5945648,moving,-1.4467338713497184,4.981054574654954,2.284078658777868,4.010936146520236,-0.6912355,-0.47673180000000004,0.7238979999999997,-0.025152298581093913,0.08679886779560472,0.9959082970170792,-1.8649691942209485,7.819652691857255,3.844136284887428,3.854878973400278,5.632132793995365
05/17/2023 13:14:06.564104,2458,True,True,True,True,Eyes,1.535746,0.103028,-3.245624,-0.6903711,-0.4004869,0.6024931,0.0,0.0,0.0,0.0,0.0,0.0,0.0,1.337538,1.51208,2.975849,1.527441,0.1048837,-3.253766,0.2276443,-0.3867083,0.09680159,0.8884054,28.64288,312.8868,359.7346,0.469023,0.02938458,-0.8826967,-0.4711494,-0.01310136,-0.07336318,0.8420717,-0.3709142,-2.528045,0.04736924,0.0899598,1.226925,0.6821722,-0.004065744,0.7311803,-0.348062,0.8776151,0.3296128,-0.6430349,-0.4793488,0.5972695,moving,-1.656269917478908,5.0166016220352665,2.2109829241244223,4.1934999891191,-0.6853693000000001,-0.4757979,0.7257210000000001,-0.02879271169677139,0.08740813309319723,0.9957563689762364,-1.9546258600301871,7.847087697044194,3.941857120290144,3.95387668484973,5.540848281818172
05/17/2023 13:14:06.584355,2459,True,True,True,True,Eyes,1.534421,0.1028632,-3.245908,-0.6897194,-0.4007236,0.6030819,0.0,0.0,0.0,0.0,0.0,0.0,0.0,1.32597,1.517243,2.975928,1.518616,0.1037624,-3.255674,0.2283781,-0.3841581,0.09622565,0.8893856,28.69612,313.2055,359.7189,0.4649182,0.02931713,-0.8848678,-0.4428804,-0.01231528,-0.0689614,0.8393801,-0.3709148,-2.528054,0.04470801,0.09807932,1.222881,0.6863263,-0.004303209,0.727281,-0.34663,0.8771682,0.3323006,-0.6393777,-0.480164,0.6005319,moving,-1.900671271797545,5.050168146617585,2.093776848471351,4.585505857927973,-0.6792359,-0.4746772,0.7276199999999999,-0.03303827542715171,0.0879799224710496,0.995574225278918,-2.0607381239652947,7.876044949390801,4.007398366317245,4.021383695701019,5.299777558411794
05/17/2023 13:14:06.594393,2460,True,True,True,True,Eyes,1.532793,0.1026825,-3.246254,-0.6889683,-0.4009055,0.6038191,0.0,0.0,0.0,0.0,0.0,0.0,0.0,1.313929,1.519633,2.977464,1.509684,0.102892,-3.257492,0.2287409,-0.3816302,0.09524585,0.8904855,28.69052,313.5207,359.6761,0.4611828,0.02925159,-0.8868226,-0.4163076,-0.01157636,-0.06482371,0.8363044,-0.3709155,-2.528063,0.04281867,0.1079782,1.219223,0.6905733,-0.004958801,0.7232454,-0.3442189,0.8772116,0.3346836,-0.636099,-0.4800783,0.604072,moving,-2.133541691414766,5.02701610245964,2.011380350277848,5.06108880114571,-0.6733796000000001,-0.4738075,0.7294290000000001,-0.03708571973341229,0.08756518203059685,0.9954682476843516,-2.172579799853377,7.88238773963978,4.1290278683571575,4.145062084035053,5.046310557053923
05/17/2023 13:14:06.614616,2461,True,True,True,True,Eyes,1.530852,0.1024884,-3.246671,-0.6879696,-0.4010568,0.6048563,0.0,0.0,0.0,0.0,0.0,0.0,0.0,1.299535,1.520222,2.980999,1.500754,0.1023164,-3.259369,0.2288597,-0.3789569,0.09340616,0.8917905,28.61904,313.8407,359.5523,0.4577739,0.02918747,-0.8885891,-0.3913291,-0.01088178,-0.06093429,0.8335662,-0.3709161,-2.528072,0.04218787,0.1168378,1.215526,0.695334,-0.00685843,0.718654,-0.3400533,0.8777971,0.3373961,-0.6331463,-0.4789836,0.6080299,moving,-2.354813641474333,4.936296505640307,1.987795414390976,5.4904703707364,-0.6671877999999999,-0.47323250000000006,0.7312970000000001,-0.0409355402207458,0.08597595229018457,0.9954558192982357,-2.2922322655643708,7.861930587266361,4.36011641862625,4.377826182574969,4.893103360830249
05/17/2023 13:14:06.634235,2462,True,True,True,True,Eyes,1.528616,0.1023106,-3.247131,-0.6868827,-0.401133,0.6060401,0.0,0.0,0.0,0.0,0.0,0.0,0.0,1.282316,1.520359,2.985767,1.491681,0.1017783,-3.261159,0.228921,-0.376098,0.09057502,0.8932759,28.49678,314.1629,359.3235,0.4546524,0.02912442,-0.8901924,-0.3678493,-0.01022887,-0.05727823,0.8306699,-0.3709168,-2.528081,0.04149926,0.121924,1.212258,0.700693,-0.01037649,0.7133875,-0.3340104,0.8787827,0.340849,-0.6304494,-0.4771094,0.612291,moving,-2.576142860458539,4.793754046547808,1.9606422740351308,5.743264047583335,-0.6610111000000001,-0.4726951,0.7330780000000003,-0.04479012028468349,0.08348534966834303,0.9955019696474425,-2.422002034850924,7.821505350383638,4.616596397695235,4.635082372367209,4.850428646096798
05/17/2023 13:14:06.644078,2463,True,True,True,True,Eyes,1.526092,0.1023002,-3.247606,-0.6852381,-0.4013711,0.6077417,0.0,0.0,0.0,0.0,0.0,0.0,0.0,1.264936,1.519973,2.990403,1.482347,0.1019687,-3.26269,0.2290251,-0.3731754,0.08787879,0.894743,28.38707,314.4951,359.1093,0.4517831,0.02906288,-0.891654,-0.3457784,-0.00961514,-0.05384154,0.8277394,-0.3709174,-2.52809,0.04014075,0.1220797,1.209689,0.706035,-0.01367521,0.7080449,-0.3281909,0.8796497,0.3442488,-0.627539,-0.4754256,0.6165752,moving,-2.7606120383023653,4.653568789202203,1.9005314479459774,5.762679472037982,-0.6546076000000001,-0.4728861,0.7345999999999999,-0.048004723946394046,0.08103729375832677,0.9955543636712499,-2.5343234565412676,7.779572273295971,4.773029723577697,4.791282198553515,4.871939510669325
05/17/2023 13:14:06.664372,2464,True,True,True,True,Eyes,1.523291,0.1022556,-3.248126,-0.6833284,-0.4017093,0.6096654,0.0,0.0,0.0,0.0,0.0,0.0,0.0,1.243732,1.522793,2.994307,1.472873,0.1059771,-3.263595,0.2301323,-0.3697864,0.0849702,0.8961459,28.37926,314.859,358.8337,0.4491346,0.02900751,-0.8929929,-0.3250317,-0.009038231,-0.05061104,0.8248901,-0.370918,-2.528099,0.03824931,0.1188199,1.207353,0.7120762,-0.01790823,0.7018739,-0.322491,0.8796384,0.3496226,-0.6236563,-0.4753059,0.6205943,moving,-2.9604213044539587,4.603937672918847,1.8145408221153285,5.620582395766668,-0.6479829000000001,-0.4768951,0.7354959999999999,-0.05147991018348497,0.08016099449813388,0.9954516551389027,-2.636082726929416,7.773543135957734,4.864067052180415,4.881990352578076,4.944015566734767
05/17/2023 13:14:06.686880,2465,True,True,True,True,Eyes,1.520209,0.1023496,-3.248706,-0.6810554,-0.4021141,0.6119378,0.0,0.0,0.0,0.0,0.0,0.0,0.0,1.210068,1.536606,2.998168,1.463366,0.1051346,-3.265262,0.2320099,-0.3641808,0.08376421,0.8980686,28.53741,315.5459,358.791,0.446679,0.02895685,-0.8942253,-0.3055298,-0.008495937,-0.04757438,0.8219599,-0.3709187,-2.528108,0.03638077,0.1138202,1.205114,0.7207118,-0.01853513,0.692987,-0.3194391,0.8783099,0.355711,-0.6152504,-0.4777323,0.6270875,moving,-3.4126739685952563,4.714615575489171,1.7291573191419967,5.395447302760716,-0.6414061,-0.4760533,0.7371539999999999,-0.05932648462657919,0.08204796974845255,0.9948610843925998,-2.8229817618727373,7.845843292136953,5.167660723447716,5.186710020081447,5.16975925142098
05/17/2023 13:14:06.694098,2466,True,True,True,True,Eyes,1.516866,0.1025417,-3.249291,-0.6786443,-0.4025069,0.6143534,0.0,0.0,0.0,0.0,0.0,0.0,0.0,1.200605,1.524916,3.005173,1.454231,0.1085205,-3.266698,0.2308399,-0.3617881,0.08367889,0.8993443,28.40866,315.8998,358.924,0.4443904,0.02891437,-0.8953662,-0.287198,-0.00798618,-0.04471992,0.8190592,-0.3709193,-2.528117,0.03458846,0.10844,1.202617,0.7242144,-0.01651796,0.689377,-0.3175425,0.8794215,0.354661,-0.6121113,-0.4757572,0.6316447,moving,-3.5264066655338997,4.563394560039465,1.6474294073260354,5.152427617964719,-0.6351718000000001,-0.4794398,0.7385809999999999,-0.061314303090008626,0.07941238469568129,0.9949543808412484,-2.9048485349689823,7.795020215868381,5.189537458221933,5.20725836233958,5.263699279252281
05/17/2023 13:14:06.714230,2467,True,True,True,True,Eyes,1.516866,0.1025417,-3.249291,-0.6786443,-0.4025069,0.6143534,0.0,0.0,0.0,0.0,0.0,0.0,0.0,1.175402,1.526562,3.010608,1.444606,0.1110589,-3.267491,0.2315235,-0.3575875,0.08175262,0.9010242,28.4039,316.4059,358.8107,0.4422461,0.02888208,-0.8964283,-0.2699661,-0.007507009,-0.04203672,0.8162271,-0.37092,-2.528126,0.03111494,0.1043977,1.200019,0.7308953,-0.01825767,0.6822454,-0.312902,0.8794267,0.3587492,-0.6065347,-0.475684,0.6370561,moving,-3.9994101052829367,4.528998147537701,1.4852726405579375,4.972025823509926,-0.6283789000000001,-0.48197890000000004,0.7393650000000003,-0.06952947462769138,0.07877253816876581,0.9944649465667995,-3.129560676704849,7.812770938393435,5.484548889711331,5.5025465326703005,5.4190884246202495
05/17/2023 13:14:06.733962,2468,True,True,True,True,Eyes,1.516866,0.1025417,-3.249291,-0.6786443,-0.4025069,0.6143534,0.0,0.0,0.0,0.0,0.0,0.0,0.0,1.162678,1.516558,3.017761,1.435296,0.1118392,-3.268955,0.2302449,-0.3548089,0.08121362,0.9024978,28.24363,316.8015,358.9076,0.4403141,0.02885287,-0.8973798,-0.2537681,-0.007056589,-0.03951452,0.8132938,-0.3709206,-2.528135,0.02728629,0.1014725,1.197681,0.7350299,-0.01679568,0.6778267,-0.3099762,0.8807833,0.3579604,-0.6030304,-0.4732217,0.6421958,moving,-4.3504354678297075,4.357188464571231,1.3051211874931505,4.842770662599247,-0.6220022,-0.48275979999999996,0.7408200000000003,-0.0756385000496414,0.07575636403368613,0.9942533787623236,-3.3248082676021085,7.769568433528159,5.65921286212137,5.676364254750429,5.477443924959262
05/17/2023 13:14:06.754035,2469,True,True,True,True,Eyes,1.512513,0.1028272,-3.250042,-0.6756896,-0.4030175,0.6172686,0.0,0.0,0.0,0.0,0.0,0.0,0.0,1.156177,1.511589,3.019737,1.426191,0.1135776,-3.270097,0.2299398,-0.3529254,0.08078913,0.9033518,28.19398,317.0536,358.9376,0.4385736,0.02882648,-0.8982325,-0.238542,-0.006633193,-0.03714364,0.8103889,-0.3709213,-2.528145,0.0237478,0.09993196,1.195378,0.7378335,-0.01634123,0.6747849,-0.3082652,0.8812016,0.358408,-0.6004783,-0.4724582,0.6451426,moving,-4.338383966492814,4.278152289101733,1.138108407390259,4.778736758984259,-0.6158021,-0.4844989,0.741952,-0.07543717620484108,0.0743859185408593,0.9943721803074755,-3.3346434094864,7.738318939479708,5.4833570662965725,5.499323006760653,5.36326724100894
05/17/2023 13:14:06.764496,2470,True,True,True,True,Eyes,1.50799,0.103089,-3.250817,-0.672789,-0.4034787,0.6201289,0.0,0.0,0.0,0.0,0.0,0.0,0.0,1.150196,1.507574,3.021104,1.417182,0.1135326,-3.271316,0.2295484,-0.3511806,0.08007912,0.9041941,28.12243,317.2815,358.9337,0.4368986,0.02881156,-0.8990489,-0.2242295,-0.006235202,-0.03491503,0.8075087,-0.3709219,-2.528153,0.02092433,0.1002695,1.192613,0.7405192,-0.01641173,0.6718348,-0.30604,0.8817897,0.3588682,-0.5983067,-0.471357,0.6479595,moving,-4.310740963046531,4.1786511746521855,1.005148196575669,4.805867209564173,-0.6096733,-0.4844545,0.743163,-0.07496697255315332,0.07266153835458095,0.9945351710020419,-3.3412771072752903,7.698160466754924,5.337860643341938,5.35276353969046,5.2208019697692984
05/17/2023 13:14:06.784363,2471,True,True,True,True,Eyes,1.503302,0.103339,-3.251593,-0.6699522,-0.4038964,0.622922,0.0,0.0,0.0,0.0,0.0,0.0,0.0,1.149452,1.504756,3.020253,1.408572,0.1132223,-3.2727,0.2293244,-0.3501292,0.07968278,0.9046937,28.08203,317.4192,358.9343,0.4352786,0.02880636,-0.8998345,-0.2107757,-0.00586109,-0.03282012,0.8074657,-0.3709219,-2.528154,0.02068013,0.09944311,1.188272,0.7421205,-0.01640929,0.6700656,-0.3047633,0.882122,0.3591381,-0.5969728,-0.4707352,0.6496398,moving,-4.2062621246333745,4.117285938165892,0.9970482881470103,4.783774111297292,-0.6011063,-0.4841442,0.7445460000000002,-0.07315891803649283,0.07160596966227495,0.9947464139780824,-3.305070208414316,7.667662257368431,5.231586298780097,5.245821740840306,5.179288985710754
05/17/2023 13:14:06.794033,2472,True,True,True,True,Eyes,1.498432,0.103596,-3.252366,-0.6668884,-0.4045663,0.6257684,0.0,0.0,0.0,0.0,0.0,0.0,0.0,1.147382,1.503844,3.018344,1.399943,0.1131738,-3.273497,0.2294785,-0.3491296,0.07841378,0.9051516,28.0459,317.5189,358.813,0.4337041,0.02880964,-0.9005944,-0.1981292,-0.005509424,-0.03085092,0.8074657,-0.3709219,-2.528154,0.02096373,0.0998494,1.183668,0.7439196,-0.01828271,0.668019,-0.3021882,0.8823819,0.3606724,-0.5960419,-0.4701787,0.6508964,static,-4.063649854739624,4.037966343035882,1.0146491142321807,4.821822429216136,-0.5924773,-0.4840957,0.7453430000000001,-0.07068959449416806,0.07024132705844277,0.9950222393454979,-3.254783088178259,7.62774492967252,5.124873238830472,5.138438554862938,5.108938481675686
05/17/2023 13:14:06.815969,2473,True,True,True,True,Eyes,1.493399,0.1038565,-3.253129,-0.6635528,-0.4054694,0.6287228,0.0,0.0,0.0,0.0,0.0,0.0,0.0,1.13551,1.50313,3.01953,1.391211,0.1135823,-3.273832,0.2297044,-0.3471208,0.07551898,0.9061126,27.95024,317.7125,358.5331,0.4321664,0.02882083,-0.901333,-0.1862414,-0.005178859,-0.02899986,0.8074657,-0.3709219,-2.528154,0.02186239,0.0993579,1.179358,0.7476081,-0.02261295,0.6637551,-0.2963277,0.8830655,0.3638476,-0.5943669,-0.4687045,0.6534861,static,-3.9995666917682775,3.870176001072305,1.062000870652615,4.815651362166297,-0.5837453,-0.48450420000000005,0.7456780000000003,-0.06959064545862803,0.06733232865184008,0.9953007643657329,-3.2579181859961817,7.558879951276595,5.1363815645479525,5.149115443198684,5.11732388540236
05/17/2023 13:14:06.834345,2474,True,True,True,True,Eyes,1.488215,0.1040924,-3.253879,-0.6601628,-0.4063328,0.6317268,0.0,0.0,0.0,0.0,0.0,0.0,0.0,1.116855,1.505098,3.021932,1.382493,0.1139265,-3.274216,0.2302711,-0.3442222,0.07223342,0.9073415,27.87848,318.0074,358.2206,0.4306583,0.02883928,-0.9020539,-0.175067,-0.004868127,-0.02725987,0.8074657,-0.3709219,-2.528154,0.02345008,0.09779146,1.17499,0.7525869,-0.02744807,0.6579207,-0.2896096,0.8835151,0.3681404,-0.5913875,-0.4675978,0.6569727,static,-4.025354991988079,3.7217962850144635,1.1433393200840312,4.7576186745623215,-0.5750273,-0.4848484,0.7460620000000002,-0.07005059722064128,0.06475246804898344,0.9954396256973683,-3.2986967898187403,7.503386883459353,5.25917267882552,5.271463640615879,5.22215739504946
05/17/2023 13:14:06.844562,2475,True,True,True,True,Eyes,1.482902,0.1043104,-3.254622,-0.6567134,-0.4072289,0.6347378,0.0,0.0,0.0,0.0,0.0,0.0,0.0,1.097559,1.507661,3.024241,1.373661,0.1135582,-3.274733,0.2307718,-0.3408853,0.07041332,0.9086164,27.86382,318.3984,358.0958,0.4291731,0.02886365,-0.9027606,-0.1645629,-0.00457604,-0.02562428,0.8074657,-0.3709219,-2.528154,0.02489984,0.09523609,1.170762,0.7576783,-0.02937603,0.6519668,-0.2852908,0.8835727,0.3713602,-0.5869691,-0.4673717,0.6610832,static,-4.124903763284015,3.636020969916407,1.2183865672736107,4.650507912327693,-0.5661953000000001,-0.4844801,0.7465790000000001,-0.07178692963290484,0.06325433023950919,0.9954122100534236,-3.3612824393758234,7.476855911338793,5.4265460674211505,5.438743909484398,5.381599318230545
05/17/2023 13:14:06.864233,2476,True,True,True,True,Eyes,1.477499,0.1045294,-3.255327,-0.6530237,-0.408492,0.637726,0.0,0.0,0.0,0.0,0.0,0.0,0.0,1.08511,1.512,3.023409,1.365246,0.1133711,-3.275341,0.2315298,-0.3380722,0.07080356,0.9094438,27.96942,318.7676,358.1986,0.4277055,0.02889291,-0.9034559,-0.1546892,-0.004301477,-0.02408682,0.8074657,-0.3709219,-2.528154,0.02619332,0.09229323,1.166513,0.761388,-0.02776389,0.6477017,-0.2853314,0.8827616,0.3732533,-0.5821291,-0.4690003,0.6642022,static,-4.183756896415716,3.6654184450271905,1.2863247433899754,4.523755711081028,-0.5577803,-0.48429300000000003,0.7471870000000003,-0.07280701734833739,0.06376032920166638,0.9953059210848811,-3.3826844924901014,7.492043285674285,5.52453998288524,5.537015081109685,5.532664671766958
05/17/2023 13:14:06.884473,2477,True,True,True,True,Eyes,1.472042,0.1047477,-3.255982,-0.6490725,-0.410132,0.6407,0.0,0.0,0.0,0.0,0.0,0.0,0.0,1.072921,1.521532,3.019628,1.356974,0.1137447,-3.275676,0.2331326,-0.3351194,0.07215411,0.9100208,28.20786,319.1597,358.3788,0.4262518,0.02892665,-0.9041416,-0.1454078,-0.004043389,-0.02264161,0.8074657,-0.3709219,-2.528154,0.02742022,0.0892984,1.162192,0.7649776,-0.02493101,0.6435741,-0.287578,0.8808859,0.3759506,-0.5762882,-0.4726715,0.6666884,static,-4.250987759076733,3.809134866107752,1.3515593493281886,4.393756090834038,-0.5495083,-0.48466660000000006,0.747522,-0.07396282211819827,0.06625101780905915,0.9950578682990379,-3.3856878726232043,7.551836836779683,5.61966828571214,5.632966898384617,5.693415955276655
05/17/2023 13:14:06.894194,2478,True,True,True,True,Eyes,1.466488,0.104998,-3.256611,-0.6449908,-0.411943,0.6436535,0.0,0.0,0.0,0.0,0.0,0.0,0.0,1.061375,1.534997,3.013757,1.348993,0.1141136,-3.276074,0.2352931,-0.3320749,0.07439353,0.9104005,28.54379,319.575,358.6423,0.4248098,0.02896447,-0.9048188,-0.1366833,-0.003800785,-0.02128311,0.8074657,-0.3709219,-2.528154,0.02875227,0.08609012,1.15778,0.7683837,-0.02081405,0.6396509,-0.2917257,0.8782055,0.3790134,-0.5696338,-0.4778304,0.6687267,static,-4.329937711420076,4.045200473785654,1.4225890810666157,4.252569248770975,-0.5415273000000002,-0.4850355,0.7479200000000001,-0.07531273355775464,0.07034308123901004,0.9946757453973385,-3.3761105980936064,7.647988748055132,5.741605986887174,5.756263224272857,5.878468523934742
05/17/2023 13:14:06.914685,2479,True,True,True,True,Eyes,1.460903,0.1052504,-3.257187,-0.6406793,-0.413991,0.6466386,0.0,0.0,0.0,0.0,0.0,0.0,0.0,1.047941,1.549575,3.007535,1.341035,0.1152013,-3.276123,0.2377082,-0.3286885,0.0770194,0.9107837,28.9229,320.0428,358.9547,0.4233761,0.0290069,-0.9054892,-0.1284823,-0.003572738,-0.02000613,0.8074657,-0.3709219,-2.528154,0.02999759,0.08243152,1.153334,0.7720639,-0.0159679,0.6353445,-0.2965599,0.8751256,0.3823708,-0.5621119,-0.4836323,0.6709175,static,-4.439958583746027,4.3118851236039575,1.4898961529661878,4.08811378474599,-0.5335693,-0.48612320000000003,0.7479690000000003,-0.07719655337115888,0.07496121381282761,0.9941938951284961,-3.3748922683561724,7.757977610914814,5.9177742756295695,5.934075396437308,6.093772795801841
05/17/2023 13:14:06.934359,2480,True,True,True,True,Eyes,1.455233,0.1055265,-3.257733,-0.636331,-0.4160181,0.6496245,0.0,0.0,0.0,0.0,0.0,0.0,0.0,1.036583,1.558971,3.003509,1.3333,0.1156445,-3.276416,0.2392268,-0.3255296,0.07989083,0.9112731,29.21023,320.5104,359.334,0.4219491,0.02905361,-0.9061536,-0.1207734,-0.003358374,-0.01880576,0.8074657,-0.3709219,-2.528154,0.03129166,0.07885769,1.148751,0.7752959,-0.01014606,0.6315168,-0.3013555,0.872776,0.3839883,-0.5550686,-0.4880156,0.673602,static,-4.537809343395854,4.494504028456005,1.5603353631446772,3.926991754655797,-0.5258343,-0.4865664,0.7482620000000004,-0.07887516933908184,0.07811933448242458,0.9938190324856,-3.3844337645902955,7.834770875558837,6.106970225717649,6.124495003085739,6.302497868652287
05/17/2023 13:14:06.944627,2481,True,True,True,True,Eyes,1.449528,0.1058261,-3.258209,-0.6318507,-0.4179934,0.6527222,0.0,0.0,0.0,0.0,0.0,0.0,0.0,1.028469,1.558719,3.002871,1.325583,0.1165088,-3.276254,0.2394093,-0.323023,0.08210109,0.9119204,29.31991,320.9046,359.676,0.4205271,0.02910487,-0.9068128,-0.113527,-0.003156872,-0.01767741,0.8074657,-0.3709219,-2.528154,0.0325433,0.0760164,1.144014,0.7778311,-0.004930102,0.628454,-0.3044087,0.8718852,0.3836032,-0.549831,-0.4896854,0.6766787,static,-4.556971695307735,4.504175083916392,1.6294302666205054,3.8015494422030143,-0.5181173,-0.4874307,0.7481000000000004,-0.0792065060300271,0.07828501349323366,0.9937795761494443,-3.3913828444255665,7.839754114512238,6.2086252279510585,6.226174750755292,6.443264799114823
05/17/2023 13:14:06.964002,2482,True,True,True,True,Eyes,1.443738,0.1061134,-3.258653,-0.6273552,-0.419825,0.6558753,0.0,0.0,0.0,0.0,0.0,0.0,0.0,1.01373,1.555488,3.005803,1.317861,0.1174292,-3.275896,0.2391692,-0.3200597,0.08223564,0.9130155,29.29925,321.3132,359.8074,0.4191086,0.02916095,-0.9074674,-0.1067154,-0.002967459,-0.01661677,0.8074657,-0.3709219,-2.528154,0.03408122,0.07369882,1.139177,0.7815982,-0.002932049,0.6237754,-0.3032617,0.8720708,0.3840898,-0.5451026,-0.489371,0.6807197,static,-4.6013415430709745,4.375637052500298,1.713629916630065,3.7015801184617634,-0.5103953,-0.48835110000000004,0.7477420000000001,-0.0799899358679258,0.07605058579808163,0.9938902883627266,-3.4368624094847244,7.793125836951104,6.33395385895247,6.350843824812897,6.577865730452073
05/17/2023 13:14:06.984160,2483,True,True,True,True,Eyes,1.437933,0.1063828,-3.259035,-0.6227648,-0.4216146,0.6590942,0.0,0.0,0.0,0.0,0.0,0.0,0.0,0.9950308,1.550917,3.010675,1.310017,0.1174076,-3.275618,0.2386077,-0.316787,0.08114381,0.9144005,29.19455,321.736,359.8176,0.4176916,0.02922109,-0.9081185,-0.1003124,-0.002789412,-0.01561976,0.8074657,-0.3709219,-2.528154,0.03626364,0.0726822,1.134311,0.7861234,-0.002779765,0.6180633,-0.2995715,0.8729641,0.3849553,-0.5406173,-0.4877765,0.6854247,static,-4.6603201325637125,4.155769143661696,1.8311081257215676,3.6662767157077756,-0.5025513,-0.4883295,0.7474640000000004,-0.08103605479425002,0.07222993982367917,0.9940905517820251,-3.5068590491331153,7.712257887104924,6.493927345074188,6.509857423130624,6.698048760581422
05/17/2023 13:14:06.994423,2484,True,True,True,True,Eyes,1.432045,0.1066219,-3.259393,-0.6181434,-0.4233397,0.6623309,0.0,0.0,0.0,0.0,0.0,0.0,0.0,0.9766287,1.54915,3.014201,1.302348,0.1173043,-3.275547,0.2384763,-0.3136436,0.07962317,0.9156511,29.12186,322.1193,359.7521,0.4162762,0.02928443,-0.9087663,0.0,0.0,0.0,0.8074657,-0.3709219,-2.528154,0.03877336,0.0727675,1.129339,0.7905757,-0.003779019,0.6123527,-0.2954071,0.8735784,0.3867756,-0.5363998,-0.4866687,0.6895136,static,-4.686502328024149,3.967304656556849,1.9663516671113428,3.686683191273043,-0.4948823000000001,-0.48822620000000005,0.7473930000000002,-0.08150923429809964,0.06895699612158551,0.9942842466138565,-3.5556244807356956,7.641342505042609,6.643526921760323,6.658769757798231,6.7920211178540955
05/17/2023 13:14:07.014616,2485,True,True,True,True,Eyes,1.426121,0.1068265,-3.259707,-0.6134141,-0.4251683,0.6655487,0.0,0.0,0.0,0.0,0.0,0.0,0.0,0.9562643,1.552038,3.015585,1.294408,0.11682,-3.275344,0.2390128,-0.310175,0.0781546,0.9168186,29.12692,322.5323,359.6744,0.41486,0.02934986,-0.9094115,0.0,0.0,0.0,0.8074657,-0.3709219,-2.528154,0.04134139,0.07219297,1.124432,0.7953666,-0.004964408,0.6061083,-0.2915787,0.8735295,0.3897795,-0.5313886,-0.4867459,0.6933287,static,-4.736232528808107,3.847828880404774,2.1056148543754385,3.673572930127751,-0.48694230000000005,-0.4877419,0.7471900000000002,-0.08238388122251711,0.066878695653448,0.9943541369440757,-3.601810118951435,7.5985580850404855,6.82911655958079,6.844066097794678,6.926774739548024
05/17/2023 13:14:07.033951,2486,True,True,True,True,Eyes,1.420121,0.107014,-3.260005,-0.6086555,-0.4270288,0.6687189,0.0,0.0,0.0,0.0,0.0,0.0,0.0,0.9389769,1.559566,3.013703,1.286584,0.1162859,-3.275288,0.2402517,-0.306987,0.07733645,0.9176369,29.23614,322.9101,359.634,0.4134423,0.02941626,-0.9100548,0.0,0.0,0.0,0.8074657,-0.3709219,-2.528154,0.04307315,0.07188328,1.119519,0.7995561,-0.005574784,0.6005656,-0.2894418,0.8725963,0.3934451,-0.5262447,-0.4884102,0.6960762,static,-4.752313521288595,3.834775276537207,2.203350756178854,3.673865693968232,-0.4791183,-0.4872078,0.7471340000000004,-0.08266422692606595,0.06665060153351418,0.9943462192962957,-3.6117638812299786,7.594581552595415,6.942410966139063,6.957525237798229,7.0133851377417695
05/17/2023 13:14:07.044708,2487,True,True,True,True,Eyes,1.414104,0.1071829,-3.260241,-0.6038278,-0.4290074,0.6718219,0.0,0.0,0.0,0.0,0.0,0.0,0.0,0.9234244,1.569292,3.009999,1.278724,0.1160859,-3.27519,0.2418855,-0.3039577,0.07686648,0.9182553,29.40328,323.2677,359.6133,0.4120218,0.02948307,-0.9106967,0.0,0.0,0.0,0.8074657,-0.3709219,-2.528154,0.04490715,0.07017916,1.114721,0.8034025,-0.005879842,0.5954072,-0.288212,0.8711659,0.397497,-0.5210357,-0.4909536,0.6982022,static,-4.748066909015277,3.8745285058270897,2.3069446030715706,3.6023990238206904,-0.4712583,-0.48700780000000005,0.747036,-0.08258668931042501,0.06734091999044362,0.9943061228167078,-3.6020658349660097,7.609623539173866,7.044904324357003,7.060257919556128,7.139625527524855
05/17/2023 13:14:07.064521,2488,True,True,True,True,Eyes,1.408008,0.1073316,-3.260459,-0.5989857,-0.4309948,0.6748776,0.0,0.0,0.0,0.0,0.0,0.0,0.0,0.9077679,1.578611,3.00622,1.270767,0.1159157,-3.274924,0.2434819,-0.3009209,0.07635012,0.9188764,29.56497,323.6258,359.5899,0.4105981,0.0295498,-0.9113372,0.0,0.0,0.0,0.8074657,-0.3709219,-2.528154,0.0466696,0.06705713,1.110227,0.8072345,-0.006224939,0.590198,-0.2868503,0.8697745,0.4015088,-0.5158386,-0.4934103,0.7003263,static,-4.7448512811243715,3.907892961473222,2.407073311285305,3.4564360524425286,-0.4633013,-0.48683760000000004,0.7467700000000002,-0.08252764264056978,0.0679202504606442,0.9942716878151785,-3.5940870021644575,7.622270961542701,7.1508099335305575,7.166159272317763,7.30534773967688
05/17/2023 13:14:07.084410,2489,True,True,True,True,Eyes,1.401898,0.1074583,-3.26062,-0.5940719,-0.4330111,0.6779233,0.0,0.0,0.0,0.0,0.0,0.0,0.0,0.8930888,1.586856,3.0026,1.262727,0.1155988,-3.274673,0.2449118,-0.2980216,0.0757756,0.9194887,29.70621,323.9673,359.5627,0.40917,0.02961594,-0.9119771,0.0,0.0,0.0,0.8074657,-0.3709219,-2.528154,0.04839748,0.06297843,1.105705,0.8108823,-0.006628411,0.5851717,-0.2853277,0.8685525,0.4052217,-0.5109383,-0.4955528,0.7024026,static,-4.723200692278182,3.9193652219533597,2.506276527678151,3.2599144599559136,-0.4552613,-0.48652070000000003,0.7465190000000002,-0.08215079253646329,0.06812145470774711,0.9942890678619778,-3.5818740459355562,7.625272963442021,7.244455893084112,7.25949145473473,7.491457286199487
05/17/2023 13:14:07.114232,2490,True,True,True,True,Eyes,1.395708,0.1075675,-3.260763,-0.5891516,-0.4349976,0.6809387,0.0,0.0,0.0,0.0,0.0,0.0,0.0,0.8782221,1.593798,2.999666,1.254731,0.1152762,-3.27442,0.2461517,-0.2951491,0.07497066,0.9201499,29.81809,324.3025,359.5156,0.4077388,0.02968092,-0.9126158,0.0,0.0,0.0,0.8074657,-0.3709219,-2.528154,0.05006129,0.05837512,1.101236,0.8145328,-0.007334429,0.580071,-0.2832714,0.8675775,0.4087379,-0.5062545,-0.497248,0.7045927,static,-4.697128726298522,3.9019104167544314,2.6028274260662747,3.0343364534471617,-0.4472653000000001,-0.4861981,0.7462660000000003,-0.08170001683757283,0.06782106894199544,0.9943467417366615,-3.573255865297723,7.616837027670835,7.336861129104812,7.351329431351674,7.690469188198198
05/17/2023 13:14:07.124393,2491,True,True,True,True,Eyes,1.389475,0.1076565,-3.260872,-0.5841765,-0.4369484,0.6839692,0.0,0.0,0.0,0.0,0.0,0.0,0.0,0.8614419,1.599615,2.997699,1.246578,0.114987,-3.274121,0.2472415,-0.2920898,0.07369979,0.9209363,29.89693,324.6522,359.4258,0.4063013,0.02974447,-0.9132546,0.0,0.0,0.0,0.8074657,-0.3709219,-2.528154,0.05090654,0.05221611,1.098069,0.8185038,-0.008687805,0.5744355,-0.2801791,0.8668799,0.4123335,-0.5015488,-0.4984413,0.7071104,static,-4.68292084625057,3.849655954502051,2.6543350040782743,2.7225162834776913,-0.4391123,-0.48590890000000003,0.7459670000000003,-0.08145843063126246,0.06691550924951697,0.9944278720271369,-3.5768821849701498,7.595767491636707,7.409828186455227,7.423325888790129,7.910540120302523
05/17/2023 13:14:07.133897,2492,True,True,True,True,Eyes,1.383159,0.1077215,-3.260964,-0.579212,-0.4388374,0.6869755,0.0,0.0,0.0,0.0,0.0,0.0,0.0,0.8439306,1.604059,2.996682,1.238288,0.1146455,-3.273961,0.2481303,-0.2890013,0.07196345,0.9218085,29.93732,324.996,359.2894,0.404858,0.02980618,-0.9138933,0.0,0.0,0.0,0.8074657,-0.3709219,-2.528154,0.04691547,0.05359286,1.093202,0.8225991,-0.01074687,0.5685203,-0.276093,0.8665052,0.4158622,-0.497095,-0.4990523,0.7098193,static,-4.666596380916877,3.7592940889003486,2.4573775018937107,2.806606930021223,-0.4308223000000001,-0.48556740000000004,0.7458070000000001,-0.08118355602695365,0.06534857911834138,0.9945546418478182,-3.5869531821604137,7.559873123734237,7.174461731089317,7.187392900465407,7.689439051484393
05/17/2023 13:14:07.144434,2493,True,True,True,True,Eyes,1.376798,0.107752,-3.261021,-0.5742106,-0.440662,0.6899994,0.0,0.0,0.0,0.0,0.0,0.0,0.0,0.8278557,1.607053,2.995773,1.229934,0.1141491,-3.273661,0.2487871,-0.2860601,0.07047527,0.9226635,29.96122,325.3318,359.1874,0.403407,0.02986561,-0.9145329,0.0,0.0,0.0,0.8074657,-0.3709219,-2.528154,0.04865864,0.04567644,1.090488,0.8264058,-0.01228618,0.562941,-0.272386,0.8662765,0.4187731,-0.4928076,-0.4994137,0.7125493,static,-4.637523014133874,3.659861780869318,2.5548989327755867,2.3985026279089037,-0.42246830000000013,-0.48507100000000003,0.7455070000000004,-0.08068788117940207,0.06362507460400488,0.9947066397230562,-3.592914205740986,7.519647403942225,7.290533377035407,7.302188738668831,8.001358022436591
05/17/2023 13:14:07.164088,2494,True,True,True,True,Eyes,1.370351,0.1077528,-3.261064,-0.5692323,-0.4423757,0.6930211,0.0,0.0,0.0,0.0,0.0,0.0,0.0,0.8125987,1.606691,2.996374,1.221467,0.1133901,-3.273407,0.2488925,-0.2832142,0.06898981,0.9236248,29.92357,325.6662,359.1049,0.4019481,0.02992204,-0.9151732,0.0,0.0,0.0,0.8074657,-0.3709219,-2.528154,0.04752612,0.04073232,1.086718,0.8300602,-0.01353836,0.5575094,-0.2684212,0.8665859,0.4206888,-0.4888252,-0.4988444,0.7156845,static,-4.605337063993671,3.507569976755605,2.5041565724994013,2.1465532312469593,-0.4140013000000001,-0.484312,0.7452530000000004,-0.08014232820865685,0.06098361996603441,0.9949161380157245,-3.6077333521673314,7.458846302529437,7.228228480281847,7.238595606116592,8.097879730302157
05/17/2023 13:14:07.184278,2495,True,True,True,True,Eyes,1.363814,0.1077151,-3.261094,-0.5641953,-0.4440262,0.6960779,0.0,0.0,0.0,0.0,0.0,0.0,0.0,0.7979897,1.604559,2.997613,1.212923,0.1126736,-3.273103,0.2487261,-0.2803984,0.06772323,0.9246218,29.86342,326.0083,359.0586,0.4004802,0.02997497,-0.9158147,0.0,0.0,0.0,0.8074657,-0.3709219,-2.528154,0.04876894,0.03458193,1.082793,0.8335806,-0.01424801,0.552214,-0.2647215,0.8670978,0.4219761,-0.4848359,-0.4979341,0.7190242,static,-4.572829714253038,3.339581594618593,2.578856030508789,1.8292742577747272,-0.4054573,-0.4835955,0.7449490000000001,-0.07959170192207099,0.058068891090428204,0.9951347700535922,-3.625460786086452,7.391974881087745,7.300321928643132,7.309421129169801,8.332897778401794
05/17/2023 13:14:07.194404,2496,True,True,True,True,Eyes,1.357194,0.107635,-3.261101,-0.5591602,-0.4455684,0.6991485,0.0,0.0,0.0,0.0,0.0,0.0,0.0,0.783458,1.601532,2.999115,1.204264,0.1117045,-3.272717,0.2483753,-0.2775041,0.06678005,0.9256574,29.79408,326.3737,359.0612,0.3990018,0.03002369,-0.9164582,0.0,0.0,0.0,0.8074657,-0.3709219,-2.528154,0.05205354,0.02970842,1.079097,0.8370638,-0.0142194,0.5469205,-0.2614812,0.8677003,0.4227574,-0.4805744,-0.4968844,0.7226024,static,-4.557491759109761,3.1720645885392007,2.761696195061412,1.5770011661135026,-0.39679830000000005,-0.4826264,0.7445630000000003,-0.07933840566385975,0.05516026308108507,0.9953204087922606,-3.6510100698419903,7.326410621406625,7.482890740623004,7.490977214625925,8.612694742329214
05/17/2023 13:14:07.214133,2497,True,True,True,True,Eyes,1.350476,0.1075039,-3.2611,-0.553967,-0.4471031,0.7022959,0.0,0.0,0.0,0.0,0.0,0.0,0.0,0.768481,1.598375,3.00058,1.195597,0.1105894,-3.27218,0.2479738,-0.2744834,0.06611655,0.9267129,29.72889,326.7645,359.1035,0.3975117,0.03006747,-0.9171041,0.0,0.0,0.0,0.8074657,-0.3709219,-2.528154,0.05572617,0.02610788,1.074688,0.840575,-0.01358722,0.5415248,-0.2586714,0.8682752,0.4233051,-0.4759441,-0.4958967,0.7263358,static,-4.552595169057147,3.0115703518387535,2.968319477497808,1.3916384723059838,-0.38813130000000007,-0.48151130000000003,0.7440260000000003,-0.07926526674826107,0.05237231658203431,0.9954769250055864,-3.680004469812394,7.26423730260468,7.686143562401875,7.693395636199364,8.87060473304971
05/17/2023 13:14:07.234142,2498,True,True,True,True,Eyes,1.343679,0.1073277,-3.261066,-0.5487566,-0.4485528,0.7054549,0.0,0.0,0.0,0.0,0.0,0.0,0.0,0.7531717,1.595844,3.001775,1.186901,0.1092129,-3.271694,0.2476222,-0.2713744,0.06556079,0.9277613,29.67316,327.1685,359.1594,0.3960084,0.03010539,-0.917753,0.0,0.0,0.0,0.8074657,-0.3709219,-2.528154,0.06074613,0.02351561,1.070434,0.8441154,-0.01274716,0.53601,-0.2560462,0.86877,0.4238856,-0.4710728,-0.4950516,0.7300783,static,-4.557765194347945,2.866422070639567,3.2479982985607387,1.258488167223283,-0.37943530000000003,-0.48013480000000003,0.7435400000000003,-0.07936534596080824,0.0498498931270496,0.9955983961322721,-3.7106505737926416,7.2086380035474065,7.963055411710772,7.969654644022005,9.155712817875678
05/17/2023 13:14:07.249982,2499,True,True,True,True,Eyes,1.336782,0.107103,-3.261015,-0.5433606,-0.4500958,0.7086416,0.0,0.0,0.0,0.0,0.0,0.0,0.0,0.7360457,1.594339,3.002435,1.178144,0.1079423,-3.270875,0.2474641,-0.2680348,0.06490348,0.9288199,29.63626,327.5954,359.203,0.3944914,0.03013681,-0.9184051,0.0,0.0,0.0,0.8074657,-0.3709219,-2.528154,0.06599808,0.02070719,1.065894,0.8478898,-0.01209069,0.5300347,-0.2532253,0.8690981,0.4249064,-0.4657896,-0.494492,0.7338377,static,-4.574392072433541,2.732501578720235,3.5431197446425355,1.1129487253234827,-0.3706783000000001,-0.4788642,0.7427210000000004,-0.07966330446895711,0.04752155705698949,0.9956883787594019,-3.744391049551403,7.158116771784227,8.27148615211075,8.277496574769167,9.46846715606297
05/17/2023 13:14:07.264325,2500,True,True,True,True,Eyes,1.329808,0.1068252,-3.260932,-0.5379363,-0.4515968,0.711818,0.0,0.0,0.0,0.0,0.0,0.0,0.0,0.718057,1.595317,3.001916,1.169274,0.1065504,-3.270105,0.2476784,-0.2645527,0.06419974,0.9298095,29.64047,328.032,359.2313,0.3929594,0.03016102,-0.9190608,0.0,0.0,0.0,0.8074657,-0.3709219,-2.528154,0.06949055,0.0164443,1.061339,0.8517805,-0.01166095,0.5237691,-0.2504351,0.8690676,0.4266191,-0.4601656,-0.4945559,0.7373345,static,-4.599719931041667,2.640729513252415,3.7460607489399957,0.887665113095123,-0.36180829999999997,-0.4774723,0.7419510000000002,-0.08010943823329228,0.04592503333074005,0.9957275565994179,-3.773934831096896,7.124409352909466,8.522385547716642,8.527912402777952,9.769714030442845
05/17/2023 13:14:07.284573,2501,True,True,True,True,Eyes,1.322737,0.1064963,-3.260827,-0.5322828,-0.4531879,0.7150494,0.0,0.0,0.0,0.0,0.0,0.0,0.0,0.7002066,1.59775,3.000382,1.160375,0.1049976,-3.269234,0.2481042,-0.2610588,0.06360682,0.9307238,29.6726,328.4689,359.2654,0.3914122,0.03017729,-0.9197202,0.0,0.0,0.0,0.8074657,-0.3709219,-2.528154,0.07139999,0.01281804,1.05692,0.8556049,-0.01113879,0.5175095,-0.2479403,0.8687969,0.4286227,-0.454385,-0.4950432,0.7405852,static,-4.6122167908365705,2.5721586682566593,3.864731389403467,0.694833658380451,-0.3529093,-0.47591950000000005,0.7410800000000002,-0.08033096283708202,0.04473252454506249,0.9957639449086833,-3.7930468859934177,7.09880226809763,8.67716573397668,8.682338374146772,9.982603972380327
05/17/2023 13:14:07.293867,2502,True,True,True,True,Eyes,1.315597,0.1061319,-3.260682,-0.5266152,-0.4547296,0.7182599,0.0,0.0,0.0,0.0,0.0,0.0,0.0,0.6837065,1.601019,2.997924,1.151454,0.1034527,-3.268289,0.2486659,-0.2577009,0.06324051,0.9315343,29.72752,328.8916,359.3177,0.3898484,0.03018498,-0.9203839,0.0,0.0,0.0,0.8074657,-0.3709219,-2.528154,0.07198271,0.01070651,1.052322,0.8591818,-0.01034138,0.5115659,-0.2459842,0.8683318,0.4306873,-0.4486629,-0.4958759,0.7435111,static,-4.611343158207247,2.5316377822653884,3.9131471628839325,0.5829172735980325,-0.3439883,-0.47437460000000004,0.7401350000000004,-0.08031829332497797,0.04402833071116616,0.9957963344918281,-3.8005344108103483,7.08312879113936,8.739421278278583,8.744395168064967,10.087300590005613
05/17/2023 13:14:07.314591,2503,True,True,True,True,Eyes,1.308392,0.1057205,-3.260495,-0.5208123,-0.4563145,0.7214788,0.0,0.0,0.0,0.0,0.0,0.0,0.0,0.6666697,1.602585,2.996283,1.142596,0.1022346,-3.267179,0.2490222,-0.254315,0.06270369,0.9324056,29.75368,329.3166,359.3579,0.3882684,0.03018398,-0.9210516,0.0,0.0,0.0,0.8074657,-0.3709219,-2.528154,0.07271361,0.01052701,1.048117,0.8627843,-0.009729584,0.5054787,-0.2435907,0.8681124,0.4324863,-0.4430203,-0.4962723,0.7466238,static,-4.605248614921821,2.458785245088586,3.968562972100205,0.5754443099053622,-0.3351303,-0.47315650000000004,0.7390250000000003,-0.08021679174244614,0.04276247819913562,0.9958597644105306,-3.8119111322673844,7.054652883189586,8.773522788641243,8.778224091915742,10.125014618500778
05/17/2023 13:14:07.334560,2504,True,True,True,True,Eyes,1.301126,0.1052669,-3.26026,-0.5150109,-0.4577909,0.7247008,0.0,0.0,0.0,0.0,0.0,0.0,0.0,0.6489777,1.602806,2.995312,1.133749,0.1007087,-3.265964,0.2491501,-0.2509098,0.06184299,0.9333509,29.74382,329.7382,359.3674,0.3866721,0.03017384,-0.9217232,0.0,0.0,0.0,0.8074657,-0.3709219,-2.528154,0.0728074,0.01212186,1.044128,0.8664395,-0.009585954,0.4991902,-0.2404708,0.8681994,0.4340548,-0.4375574,-0.4961229,0.7499371,static,-4.59667536770022,2.354557962517915,3.9887975858490026,0.6651485421216353,-0.32628329999999994,-0.4716306,0.7378100000000001,-0.08007385784828308,0.04095130187470669,0.995947364536058,-3.8282546473105703,7.013923081936958,8.745747379700195,8.750111429338995,10.070414280125338
05/17/2023 13:14:07.344235,2505,True,True,True,True,Eyes,1.293792,0.1047601,-3.259982,-0.5090533,-0.4592463,0.7279818,0.0,0.0,0.0,0.0,0.0,0.0,0.0,0.6295823,1.599978,2.996058,1.124927,0.09923641,-3.264561,0.2488402,-0.2473802,0.06048486,0.9344641,29.66908,330.1685,359.3357,0.3850597,0.03015433,-0.9223986,0.0,0.0,0.0,0.8074657,-0.3709219,-2.528154,0.07240275,0.01548833,1.040391,0.8702892,-0.01007441,0.492438,-0.2361581,0.8688403,0.4351389,-0.4322338,-0.4949899,0.7537631,static,-4.586771453950754,2.183525977128056,3.980901891266629,0.8529008728278126,-0.31746130000000006,-0.47015831,0.7364070000000003,-0.07991108790126206,0.03797864655486652,0.9960781936535491,-3.8569929976564676,6.947360412142219,8.666481372978206,8.670385788333899,9.928496027402497
05/17/2023 13:14:07.364355,2506,True,True,True,True,Eyes,1.286385,0.1042615,-3.259625,-0.503109,-0.460533,0.7312939,0.0,0.0,0.0,0.0,0.0,0.0,0.0,0.6086026,1.594959,2.998186,1.116192,0.09738006,-3.263134,0.2481545,-0.2437275,0.05867466,0.935721,29.53847,330.6074,359.2652,0.383431,0.03012488,-0.9230779,0.0,0.0,0.0,0.8074657,-0.3709219,-2.528154,0.07103103,0.01881781,1.036856,0.8743084,-0.01115792,0.4852426,-0.2307703,0.8699533,0.4358054,-0.4270011,-0.4930079,0.7580326,static,-4.58428889054621,1.9640115901310784,3.918991144974963,1.0397420064797191,-0.3087263000000001,-0.46830196,0.7349800000000002,-0.07987894456265004,0.034162244650538576,0.9962190388680615,-3.8985924171082065,6.862599761970783,8.549965894817463,8.55336457926096,9.747834897598308
05/17/2023 13:14:07.384456,2507,True,True,True,True,Eyes,1.278891,0.1038866,-3.259201,-0.4969735,-0.4618693,0.7346388,0.0,0.0,0.0,0.0,0.0,0.0,0.0,0.586979,1.585305,3.001726,1.106955,0.09706078,-3.260878,0.2470384,-0.2400147,0.05662427,0.9371012,29.3525,331.0534,359.1809,0.381786,0.03008677,-0.9237607,0.0,0.0,0.0,0.8074657,-0.3709219,-2.528154,0.0697999,0.02112341,1.033357,0.8783733,-0.01246036,0.4778129,-0.2247111,0.8715314,0.4358186,-0.4218595,-0.4901813,0.7627299,static,-4.576356603165523,1.685012043442614,3.864273447037665,1.1710509624076797,-0.29948929999999996,-0.46798268000000004,0.7327240000000002,-0.07975331289885967,0.029311105114211145,0.9963836332702483,-3.9492628797184466,6.754557082141667,8.453464598670635,8.456263455995897,9.603483249250985
05/17/2023 13:14:07.394633,2508,True,True,True,True,Eyes,1.271325,0.1034913,-3.258712,-0.4906879,-0.4632521,0.7379857,0.0,0.0,0.0,0.0,0.0,0.0,0.0,0.5607582,1.57924,3.004092,1.098017,0.09970524,-3.258441,0.246936,-0.2357913,0.05398323,0.9383554,29.26732,331.5297,359.0056,0.3801249,0.03004445,-0.9244468,0.0,0.0,0.0,0.8074657,-0.3709219,-2.528154,0.06954166,0.01970959,1.029788,0.8829765,-0.01513979,0.4691729,-0.2177616,0.8722169,0.4379699,-0.4158513,-0.4888849,0.7668502,static,-4.590666569406081,1.4953555398006908,3.863322712778034,1.0964766159788766,-0.29055130000000007,-0.47062714000000005,0.7302870000000001,-0.08000946711790563,0.02601225429963755,0.9964546475194289,-3.992788328346719,6.682404056462586,8.461117179542171,8.463394069707089,9.639557358137932
05/17/2023 13:14:07.414348,2509,True,True,True,True,Eyes,1.263662,0.1032741,-3.258163,-0.484126,-0.4648691,0.7412953,0.0,0.0,0.0,0.0,0.0,0.0,0.0,0.5332646,1.586292,2.999673,1.088604,0.09882654,-3.256364,0.2481759,-0.2305682,0.05443991,0.9392995,29.42785,332.2065,359.1992,0.3784475,0.02999781,-0.9251363,0.0,0.0,0.0,0.8074657,-0.3709219,-2.528154,0.06893161,0.01610681,1.026206,0.8877492,-0.01217219,0.4601665,-0.2167137,0.8708901,0.4411188,-0.4061238,-0.4913272,0.770494,static,-4.763051819392919,1.5563307668872126,3.842860343934792,0.899211722131483,-0.28113829999999995,-0.46974844000000004,0.7282100000000002,-0.08300479949499792,0.027066031440428934,0.9961815191097254,-4.060370270252225,6.717203408297803,8.628700401217063,8.630963422578763,9.813769989220418
05/17/2023 13:14:07.434311,2510,True,True,True,True,Eyes,1.255949,0.1031224,-3.257548,-0.4773954,-0.466679,0.7445162,0.0,0.0,0.0,0.0,0.0,0.0,0.0,0.5149703,1.59303,2.993423,1.079899,0.1028875,-3.253729,0.250215,-0.2270359,0.05388264,0.939651,29.6497,332.6178,359.1855,0.376753,0.02995242,-0.9258291,0.0,0.0,0.0,0.8074657,-0.3709219,-2.528154,0.06827042,0.01199597,1.022213,0.8911027,-0.01235383,0.4536335,-0.2148773,0.8689783,0.4457629,-0.3997045,-0.494696,0.7716944,static,-4.700081821093172,1.6631131717483223,3.82093218889864,0.6723519490873459,-0.2724333,-0.47380940000000005,0.7255750000000001,-0.08190564763963157,0.028925211358542174,0.9962202698586273,-4.010553850834701,6.7542280684884535,8.57609265920181,8.578419875408608,9.915714332426065
05/17/2023 13:14:07.444808,2511,True,True,True,True,Eyes,1.248187,0.1030664,-3.256882,-0.4706962,-0.468702,0.7475048,0.0,0.0,0.0,0.0,0.0,0.0,0.0,0.484594,1.612048,2.982682,1.070872,0.1043584,-3.251502,0.2537411,-0.2215089,0.05388885,0.9400241,30.06084,333.2839,359.2653,0.3750414,0.02991006,-0.9265251,0.0,0.0,0.0,0.8074657,-0.3709219,-2.528154,0.06827158,0.008761197,1.018397,0.8960596,-0.01109823,0.4437951,-0.2137255,0.8654228,0.4531719,-0.3890999,-0.5009193,0.7730985,static,-4.869094709481193,1.939510079149816,3.8352717929658104,0.4928993587284476,-0.2634063000000001,-0.47528030000000004,0.7233480000000001,-0.08483120277158385,0.033722373094549285,0.9958244685237847,-4.034634677725929,6.8718269900383895,8.82064073668553,8.823756500797124,10.130456336361418
05/17/2023 13:14:07.464370,2512,True,True,True,True,Eyes,1.240406,0.1030637,-3.256144,-0.4640082,-0.4706949,0.7504283,0.0,0.0,0.0,0.0,0.0,0.0,0.0,0.4695542,1.618706,2.976178,1.062338,0.1066181,-3.249368,0.2553735,-0.2180514,0.0548904,0.9403325,30.27892,333.743,359.46,0.3733142,0.02987323,-0.9272236,0.0,0.0,0.0,0.8074657,-0.3709219,-2.528154,0.0680021,0.007164448,1.01421,0.8988813,-0.008138661,0.4381167,-0.2145995,0.8635429,0.4563341,-0.3820466,-0.5042099,0.7744759,static,-4.849331561714842,2.0449921926888166,3.8359022045119673,0.4047345275049157,-0.25487230000000005,-0.47754,0.7212140000000002,-0.08448233257121762,0.03555669611233189,0.9957903337746561,-4.004986146371127,6.911182859915834,8.835345529457365,8.838762966739228,10.188886103659566
05/17/2023 13:14:07.484197,2513,True,True,True,True,Eyes,1.232608,0.1030714,-3.255353,-0.4574813,-0.4727547,0.753136,0.0,0.0,0.0,0.0,0.0,0.0,0.0,0.4525815,1.620681,2.972126,1.054001,0.107906,-3.246907,0.2562529,-0.214681,0.0544852,0.9408922,30.37162,334.1589,359.5022,0.3715719,0.02984294,-0.9279242,0.0,0.0,0.0,0.8074657,-0.3709219,-2.528154,0.06833681,0.007497489,1.010153,0.9018869,-0.007495868,0.4319073,-0.2125546,0.8627316,0.4588188,-0.3760594,-0.5056065,0.7764931,static,-4.808113744783181,2.008938860754838,3.870160425961538,0.42524903531161756,-0.2465353,-0.47882790000000003,0.7187530000000004,-0.08376780056894181,0.03493220423152507,0.9958728219070694,-3.9930085027114433,6.894586449432761,8.818314335375401,8.821593736158299,10.1824236888177
05/17/2023 13:14:07.494249,2514,True,True,True,True,Eyes,1.224803,0.1031127,-3.254509,-0.4510074,-0.474736,0.7557896,0.0,0.0,0.0,0.0,0.0,0.0,0.0,0.4362438,1.619763,2.969919,1.04583,0.1081872,-3.244826,0.2565721,-0.2115908,0.05325664,0.9415752,30.3779,334.5204,359.4497,0.3698157,0.02981889,-0.9286263,0.0,0.0,0.0,0.8074657,-0.3709219,-2.528154,0.06904435,0.008502603,1.006223,0.9047862,-0.008286295,0.4257855,-0.2088668,0.862669,0.4606266,-0.3711289,-0.5057011,0.7788002,static,-4.7248868443214995,1.8858865760067138,3.925331345729488,0.4841388761034178,-0.23836430000000008,-0.4791091,0.7166720000000004,-0.08232707831265768,0.032797270826539826,0.9960654874162403,-3.978608600242209,6.841707997295581,8.760186049287787,8.76305719196635,10.143517723169962
05/17/2023 13:14:07.514331,2515,True,True,True,True,Eyes,1.216943,0.1031333,-3.253633,-0.444521,-0.4767943,0.7583324,0.0,0.0,0.0,0.0,0.0,0.0,0.0,0.4144652,1.619225,2.968195,1.0378,0.1090467,-3.242674,0.2571787,-0.2081254,0.05025783,0.9423467,30.3727,334.869,359.1811,0.368047,0.02980145,-0.9293292,0.0,0.0,0.0,0.8074657,-0.3709219,-2.528154,0.06977972,0.009294301,1.002182,0.908316,-0.01233021,0.4181029,-0.2017714,0.8626666,0.4637831,-0.366402,-0.5056227,0.7810859,static,-4.638121274002483,1.7293094459213276,3.982950440516739,0.5313495497301693,-0.2303343000000001,-0.4799686,0.7145200000000003,-0.08082550743730946,0.03007882468423667,0.9962741864047099,-3.9691056026902882,6.775677548467459,8.701495803884916,8.703906331054219,10.11072833529414
05/17/2023 13:14:07.534362,2516,True,True,True,True,Eyes,1.20906,0.1032052,-3.252698,-0.4381422,-0.4786748,0.760856,0.0,0.0,0.0,0.0,0.0,0.0,0.0,0.3904872,1.616908,2.967593,1.029317,0.1085772,-3.24071,0.257311,-0.204242,0.04728681,0.9433135,30.31581,335.2805,358.945,0.3662652,0.0297894,-0.9300333,0.0,0.0,0.0,0.8074657,-0.3709219,-2.528154,0.07090321,0.009835899,0.9980647,0.9120983,-0.01589486,0.4096633,-0.19432,0.8631099,0.466134,-0.3609936,-0.5047659,0.7841525,static,-4.6089204662677945,1.532153402619193,4.063505303071658,0.5646299856347585,-0.22185130000000008,-0.4794991,0.7125560000000002,-0.08032557052733622,0.026651535846967805,0.9964123155944712,-3.9940365765543318,6.6977820528338645,8.724299216951561,8.726228869741856,10.12618069270519
05/17/2023 13:14:07.544520,2517,True,True,True,True,Eyes,1.201094,0.1032793,-3.251733,-0.4316487,-0.4806114,0.7633427,0.0,0.0,0.0,0.0,0.0,0.0,0.0,0.3733594,1.607081,2.969716,1.02084,0.1098696,-3.238385,0.2565459,-0.2014036,0.04420382,0.9442812,30.15285,335.5654,358.6841,0.3644713,0.02978374,-0.930738,0.0,0.0,0.0,0.8074657,-0.3709219,-2.528154,0.07214129,0.009910166,0.9940047,0.9149653,-0.01985683,0.4030437,-0.1868202,0.8644605,0.4666972,-0.3576825,-0.5023084,0.7872417,static,-4.459673231640372,1.2311568307285774,4.15104372918672,0.5712164880065328,-0.21337430000000002,-0.48079150000000004,0.7102310000000003,-0.07773956898109707,0.021421063397692813,0.9967435443094106,-3.983856068467801,6.571998440758464,8.634694422282928,8.635969420709378,10.108708065937646
05/17/2023 13:14:07.564490,2518,True,True,True,True,Eyes,1.193115,0.1033401,-3.25073,-0.4252488,-0.4824329,0.7657819,0.0,0.0,0.0,0.0,0.0,0.0,0.0,0.3575761,1.598693,2.97081,1.012211,0.1099588,-3.23616,0.2557595,-0.1985046,0.04206205,0.9452057,30.01255,335.8884,358.5425,0.3626642,0.02978393,-0.9314436,0.0,0.0,0.0,0.8074657,-0.3709219,-2.528154,0.07331696,0.009392828,0.9899148,0.9176534,-0.02202428,0.3967708,-0.1810534,0.8656358,0.4667917,-0.3537398,-0.5001897,0.790366,static,-4.3458427630962895,0.9678144876916587,4.23581558032711,0.5436359292077219,-0.20474530000000002,-0.48088070000000005,0.7080060000000001,-0.07576580817460732,0.016842195715242814,0.9969833729940526,-3.982667685830967,6.463047929052038,8.59130902907857,8.592135204518488,10.128321954796917
05/17/2023 13:14:07.584031,2519,True,True,True,True,Eyes,1.185156,0.1033842,-3.249688,-0.4189513,-0.484464,0.7679677,0.0,0.0,0.0,0.0,0.0,0.0,0.0,0.3497469,1.594572,2.969052,1.003855,0.1096937,-3.23427,0.2554196,-0.1963536,0.04184387,0.9457564,29.97102,336.1677,358.6005,0.3608443,0.02978904,-0.9321499,0.0,0.0,0.0,0.8074657,-0.3709219,-2.528154,0.07483071,0.008353472,0.9858719,0.9193887,-0.0211569,0.3927808,-0.1794533,0.8660198,0.4666971,-0.3500297,-0.4995619,0.7924122,static,-4.203180521152416,0.806343560465786,4.340602884241666,0.4854659477169865,-0.1963893,-0.48061560000000003,0.7061160000000002,-0.0732863374483465,0.014035042284445465,0.9972121527751562,-3.948353976236255,6.391467299906705,8.549226137183993,8.549806858675268,10.177802209069046
05/17/2023 13:14:07.593916,2520,True,True,True,True,Eyes,1.177192,0.1034362,-3.248619,-0.4126909,-0.4865805,0.7700166,0.0,0.0,0.0,0.0,0.0,0.0,0.0,0.3439114,1.598643,2.962869,0.9956936,0.1094076,-3.232515,0.2563053,-0.1942961,0.04257621,0.945909,30.09451,336.4458,358.7383,0.3590133,0.02979812,-0.9328564,0.0,0.0,0.0,0.8074657,-0.3709219,-2.528154,0.07650602,0.007067174,0.9816574,0.9208726,-0.01905181,0.3893978,-0.1801447,0.8649897,0.4683383,-0.3457478,-0.5014278,0.7931132,static,-4.067387548658733,0.8090839749141484,4.45637068327347,0.41247817008340937,-0.1882279,-0.4803295,0.704361,-0.07092265593092764,0.014085150937402174,0.9973823296997967,-3.8852313128994815,6.383621826560083,8.532444437611536,8.532980168783789,10.258502835640208
05/17/2023 13:14:07.615105,2521,True,True,True,True,Eyes,1.169292,0.1035146,-3.247503,-0.4063243,-0.4890985,0.7718053,0.0,0.0,0.0,0.0,0.0,0.0,0.0,0.3392323,1.611235,2.951965,0.9875607,0.1096828,-3.230781,0.2585865,-0.1922184,0.04411022,0.9456424,30.39898,336.7318,358.9381,0.3571717,0.02981101,-0.9335626,0.0,0.0,0.0,0.8074657,-0.3709219,-2.528154,0.0783962,0.004948318,0.9773365,0.9222128,-0.01598522,0.3863524,-0.1828352,0.8623746,0.4721032,-0.3407271,-0.5060183,0.7923701,static,-3.9404807825953823,0.9692517036341645,4.586111947823468,0.29008976386563706,-0.180095,-0.4806047,0.7026270000000001,-0.06871038110109007,0.01687585034015457,0.9974940048867811,-3.7955503133765127,6.437029251114667,8.552929091628613,8.55359833817685,10.39409098097209
05/17/2023 13:14:07.634371,2522,True,True,True,True,Eyes,1.161396,0.1036218,-3.24637,-0.3999607,-0.4917664,0.7734321,0.0,0.0,0.0,0.0,0.0,0.0,0.0,0.3335304,1.629014,2.938314,0.9797314,0.110522,-3.229014,0.2617594,-0.1899214,0.0460394,0.9451414,30.8163,337.048,359.1727,0.3553223,0.02982812,-0.9342675,0.0,0.0,0.0,0.8074657,-0.3709219,-2.528154,0.08028066,0.002359629,0.9730156,0.9236205,-0.01239994,0.3831076,-0.1864549,0.8587248,0.4773117,-0.3349026,-0.5122871,0.7908238,static,-3.8429408006199632,1.231898776208795,4.716623213017461,0.13894588934533592,-0.17226570000000008,-0.48144390000000004,0.70086,-0.06700627003231077,0.021450714915997093,0.9975219263904979,-3.6994502143368395,6.531855916640787,8.628035387089062,8.629060326388961,10.56880270190119
05/17/2023 13:14:07.644212,2523,True,True,True,True,Eyes,1.153541,0.1037719,-3.245203,-0.3934965,-0.4946124,0.7749317,0.0,0.0,0.0,0.0,0.0,0.0,0.0,0.3288127,1.64827,2.923741,0.9718416,0.111368,-3.227429,0.2651548,-0.1876641,0.0482529,0.9445353,31.26565,337.3682,359.4391,0.3534659,0.02984987,-0.9349707,0.0,0.0,0.0,0.8074657,-0.3709219,-2.528154,0.08193362,-0.0002502799,0.9685236,0.9249077,-0.008366943,0.3800997,-0.1906732,0.8547292,0.4827854,-0.3289218,-0.5190067,0.7889503,static,-3.742989006744706,1.5157447141880331,4.835504032976007,-0.0148060219159959,-0.16437590000000002,-0.48228990000000005,0.6992750000000001,-0.06525828288468441,0.02639526689819413,0.9975192769120881,-3.5981106478190004,6.634694240906178,8.7124124113344,8.713961693071946,10.739725803268593
05/17/2023 13:14:07.664537,2524,True,True,True,True,Eyes,1.145697,0.1039632,-3.244017,-0.3871356,-0.4974093,0.776344,0.0,0.0,0.0,0.0,0.0,0.0,0.0,0.3249974,1.658834,2.913751,0.9643185,0.112604,-3.225633,0.2672941,-0.1858373,0.0494656,0.9442306,31.54444,337.6188,359.6011,0.3516037,0.02987706,-0.9356717,0.0,0.0,0.0,0.8074657,-0.3709219,-2.528154,0.08319825,-0.002735674,0.9639217,0.9260353,-0.005932547,0.3773902,-0.1927603,0.852214,0.4863895,-0.3245027,-0.5231597,0.7880367,static,-3.588531796383404,1.626637167289874,4.933101628574111,-0.162608802656519,-0.15685280000000001,-0.4835259,0.6974790000000004,-0.06256563134943799,0.028330747483168772,0.9976386627285156,-3.5053260717162473,6.66730562738176,8.70565195096045,8.70744723614921,10.856094747867335
05/17/2023 13:14:07.684417,2525,True,True,True,True,Eyes,1.137908,0.104185,-3.242789,-0.3807286,-0.5001364,0.7777592,0.0,0.0,0.0,0.0,0.0,0.0,0.0,0.3173602,1.66269,2.908071,0.956679,0.1138013,-3.223965,0.2684795,-0.1838557,0.0488628,0.9443137,31.66994,337.842,359.5665,0.3497359,0.02991036,-0.9363706,0.0,0.0,0.0,0.8074657,-0.3709219,-2.528154,0.08437845,-0.004798025,0.9592754,0.9276191,-0.006439351,0.3734722,-0.1910066,0.8510624,0.4890904,-0.3209975,-0.5250252,0.7882316,static,-3.4112027493463897,1.5768399605481775,5.0268340753085266,-0.2865749398660114,-0.1492133,-0.4847232,0.6958110000000004,-0.059479102559118174,0.0274688574522452,0.9978515705637738,-3.433288882921983,6.636490056105551,8.639618528465379,8.641341362619464,10.931720331531798
05/17/2023 13:14:07.694290,2526,True,True,True,True,Eyes,1.130118,0.1044172,-3.241548,-0.3744402,-0.5026812,0.7791702,0.0,0.0,0.0,0.0,0.0,0.0,0.0,0.304269,1.659421,2.906804,0.9490883,0.1148031,-3.222083,0.2685978,-0.1814285,0.04679798,0.9448539,31.63812,338.0889,359.3924,0.3478644,0.02995005,-0.9370661,0.0,0.0,0.0,0.8074657,-0.3709219,-2.528154,0.08516324,-0.006727755,0.9544896,0.9297873,-0.009028085,0.3679864,-0.1858971,0.8513303,0.4905905,-0.3177071,-0.5245525,0.7898778,static,-3.2621004844246344,1.3724666679961992,5.098648888968559,-0.4038447182999921,-0.14162260000000004,-0.485725,0.6939290000000002,-0.056887369470882326,0.02391298469205355,0.9980942085471294,-3.404360783745694,6.547953267916828,8.545950978370648,8.547362881367572,10.98310833668868
05/17/2023 13:14:07.714311,2527,True,True,True,True,Eyes,1.122389,0.1046507,-3.240273,-0.3680817,-0.5051262,0.7806172,0.0,0.0,0.0,0.0,0.0,0.0,0.0,0.2914965,1.652167,2.907973,0.941216,0.1152797,-3.220521,0.2679744,-0.1790033,0.04465418,0.945597,31.51879,338.3434,359.2279,0.3459892,0.02999584,-0.9377586,0.0,0.0,0.0,0.8074657,-0.3709219,-2.528154,0.0859971,-0.007815808,0.9496946,0.9319276,-0.01148689,0.3624623,-0.1803863,0.8523915,0.4908051,-0.3145975,-0.5227781,0.7922951,static,-3.1120417955323436,1.0881388527883227,5.17415737466513,-0.4715228476648173,-0.1337503000000001,-0.4862016,0.6923670000000004,-0.054278907266057747,0.01896246695411563,0.9983456584821644,-3.3905605366702156,6.428540378934892,8.43068444727525,8.431704531590377,10.998421042668902
05/17/2023 13:14:07.734239,2528,True,True,True,True,Eyes,1.114663,0.1048726,-3.238987,-0.361798,-0.5074105,0.7820722,0.0,0.0,0.0,0.0,0.0,0.0,0.0,0.2813577,1.644366,2.90909,0.9335551,0.1155955,-3.218853,0.2671773,-0.1768237,0.04323993,0.9462981,31.39603,338.593,359.1508,0.344112,0.03004717,-0.9384475,0.0,0.0,0.0,0.8074657,-0.3709219,-2.528154,0.0868665,-0.008333117,0.9447904,0.9337274,-0.01265082,0.3577613,-0.1763223,0.8534932,0.4903671,-0.3115504,-0.5209504,0.7946993,static,-2.95844158944208,0.8160912475886876,5.253154601272314,-0.5053396541157206,-0.12608940000000002,-0.48651740000000004,0.6906990000000004,-0.051606387586186214,0.014224019860948234,0.9985662683800157,-3.3727367573612463,6.313627962874307,8.316522294372728,8.317240625792575,10.995650098675739
05/17/2023 13:14:07.744607,2529,True,True,True,True,Eyes,1.106983,0.1050763,-3.23767,-0.3550546,-0.5097472,0.7836416,0.0,0.0,0.0,0.0,0.0,0.0,0.0,0.2696983,1.638178,2.909494,0.9258307,0.1155228,-3.217299,0.2665171,-0.1742374,0.04245764,0.9469991,31.30397,338.9155,359.1644,0.3422324,0.03010316,-0.9391328,0.0,0.0,0.0,0.8074657,-0.3709219,-2.528154,0.08798489,-0.008531928,0.9398646,0.9356773,-0.01245981,0.3526368,-0.1732892,0.854332,0.4899875,-0.3073741,-0.5195783,0.7972199,static,-2.8388430440979033,0.5741522451135328,5.348125104229754,-0.5201068729924306,-0.11836500000000005,-0.4864447,0.6891450000000003,-0.049524410924388945,0.010008383807030619,0.998722833981342,-3.364722138324549,6.212547899761596,8.25925660668557,8.259773028315587,11.011010278860596
05/17/2023 13:14:07.764214,2530,True,True,True,True,Eyes,1.099304,0.1052636,-3.236351,-0.3482724,-0.5120236,0.7851995,0.0,0.0,0.0,0.0,0.0,0.0,0.0,0.2523375,1.635557,2.908127,0.9182428,0.1153382,-3.215501,0.2664228,-0.1707854,0.04177987,0.9476845,31.2813,339.3466,359.2079,0.3403521,0.03016283,-0.9398139,0.0,0.0,0.0,0.8074657,-0.3709219,-2.528154,0.08901957,-0.009500176,0.9350578,0.9381736,-0.01181399,0.3459635,-0.1701905,0.8545467,0.4906987,-0.301439,-0.5192403,0.7997025,static,-2.8110145439951,0.4027546304349835,5.438294491400883,-0.5821044018703848,-0.11077710000000007,-0.48626010000000003,0.6873470000000004,-0.04904057284273644,0.007020879005610353,0.9987721541133466,-3.3852699685078242,6.144669316759014,8.307413120616644,8.307890639324718,11.095259097461726
05/17/2023 13:14:07.784479,2531,True,True,True,True,Eyes,1.091621,0.1054319,-3.235026,-0.3409859,-0.5144045,0.7868396,0.0,0.0,0.0,0.0,0.0,0.0,0.0,0.2312124,1.637403,2.904829,0.9105059,0.1151299,-3.214078,0.2670042,-0.1666422,0.04138269,0.9482757,31.34427,339.8684,359.2953,0.3384704,0.03022535,-0.9404912,0.0,0.0,0.0,0.8074657,-0.3709219,-2.528154,0.09012419,-0.01075763,0.9300658,0.9410357,-0.01050388,0.3381441,-0.1674727,0.8539926,0.4925948,-0.2939467,-0.5201792,0.8018784,static,-2.8322618028385365,0.309858275683689,5.5347310421553635,-0.662683556358455,-0.10304020000000003,-0.48605180000000003,0.6859240000000004,-0.049411441922388444,0.0054014147231678244,0.9987638679254265,-3.413151860124859,6.110261117591573,8.422787527882603,8.423325167845,11.222182853139882
05/17/2023 13:14:07.794217,2532,True,True,True,True,Eyes,1.083938,0.1055891,-3.233701,-0.3336343,-0.5167494,0.788453,0.0,0.0,0.0,0.0,0.0,0.0,0.0,0.209052,1.641382,2.900125,0.9028291,0.1148717,-3.212517,0.2678978,-0.1622357,0.04143303,0.9487854,31.45299,340.4363,359.4423,0.3365869,0.03028989,-0.9411648,0.0,0.0,0.0,0.8074657,-0.3709219,-2.528154,0.0910888,-0.01308203,0.9250177,0.9439258,-0.008303056,0.3300533,-0.1655472,0.8530282,0.4949111,-0.285654,-0.5217987,0.8038207,static,-2.8891843860361766,0.2664586605065097,5.623926985857174,-0.8102495124813092,-0.0953634000000001,-0.48579360000000005,0.6843630000000003,-0.05040386718935069,0.004644652748535538,0.9987180778973884,-3.4478390861607116,6.097266913366015,8.580182184531719,8.580930352825307,11.402224468881737
05/17/2023 13:14:07.814308,2533,True,True,True,True,Eyes,1.076252,0.105723,-3.232376,-0.325951,-0.51918,0.7900684,0.0,0.0,0.0,0.0,0.0,0.0,0.0,0.1858066,1.645518,2.895421,0.8950488,0.1147605,-3.211142,0.2688285,-0.1576303,0.04146513,0.9492971,31.56519,341.0296,359.5948,0.3347012,0.03035593,-0.9418349,0.0,0.0,0.0,0.8074657,-0.3709219,-2.528154,0.09194735,-0.01584765,0.9198419,0.9468666,-0.006025591,0.32157,-0.1634765,0.8520238,0.4973237,-0.2769819,-0.5234684,0.805768,static,-2.948710004469526,0.22095730544497733,5.708321131814791,-0.9870322674189342,-0.08758310000000002,-0.4856824,0.6829880000000004,-0.05144160148730825,0.0038513170469836044,0.9986685798967465,-3.48413533999131,6.083633362593589,8.739842957539933,8.740905382324193,11.597222444943023
05/17/2023 13:14:07.834108,2534,True,True,True,True,Eyes,1.068562,0.1058433,-3.231056,-0.3182147,-0.5215454,0.7916627,0.0,0.0,0.0,0.0,0.0,0.0,0.0,0.1623667,1.64903,2.890816,0.8872871,0.1143504,-3.209693,0.26961,-0.1529624,0.04160307,0.9498329,31.66125,341.6373,359.7679,0.3328128,0.03042265,-0.9425017,0.0,0.0,0.0,0.8074657,-0.3709219,-2.528154,0.0928728,-0.02122813,0.9146096,0.9497434,-0.003448427,0.3130105,-0.1615123,0.8511593,0.4994413,-0.2681441,-0.5248961,0.8078259,static,-3.016597914326788,0.16445946275721243,5.798148807544934,-1.3295989023752357,-0.07982140000000004,-0.48527230000000005,0.6815390000000003,-0.052625029893779485,0.0028663778855428923,0.9986102444072142,-3.5264271289922533,6.066310082993409,8.938607152812413,8.940468118010966,11.901562339294157
05/17/2023 13:14:07.844786,2535,True,True,True,True,Eyes,1.060884,0.1059406,-3.229734,-0.3101954,-0.5239612,0.7932487,0.0,0.0,0.0,0.0,0.0,0.0,0.0,0.1388384,1.651166,2.887053,0.87941,0.114139,-3.208475,0.2701947,-0.1482827,0.04156846,0.95041,31.73015,342.2431,359.9248,0.3309214,0.03048957,-0.9431652,0.0,0.0,0.0,0.8074657,-0.3709219,-2.528154,0.09320602,-0.02737415,0.9109297,0.9525686,-0.001116256,0.304322,-0.1591446,0.8505338,0.5012636,-0.2593956,-0.5259192,0.8100141,static,-3.066481930911287,0.07723006748650224,5.842153685606577,-1.7212649857790818,-0.07194430000000007,-0.4850609,0.6803210000000002,-0.05349461136880529,0.0013459885349768608,0.9985672437085317,-3.5664046730393464,6.035963070329823,9.085332683475897,9.08836470463809,12.194078788597734
05/17/2023 13:14:07.864169,2536,True,True,True,True,Eyes,1.053196,0.1060156,-3.228421,-0.3021734,-0.5263038,0.7947928,0.0,0.0,0.0,0.0,0.0,0.0,0.0,0.1161041,1.653273,2.882952,0.8714964,0.1137,-3.207144,0.2707826,-0.1437669,0.04131141,0.9509476,31.7948,342.8196,0.04791562,0.329027,0.03055601,-0.9438256,0.0,0.0,0.0,0.8074657,-0.3709219,-2.528154,0.09123507,-0.02694559,0.9060588,0.9552489,0.0007107957,0.2958024,-0.1564291,0.8499403,0.5031217,-0.2510568,-0.5268785,0.8120157,static,-3.0910780929535036,-0.010365158144931585,5.749984115183891,-1.7034365516275325,-0.0640307,-0.48462190000000005,0.6789900000000002,-0.0539233239687075,-0.00018064293641906204,0.9985450871113108,-3.594797893472826,6.003817385048807,8.998834036541307,9.001714931699647,12.113080286769637
05/17/2023 13:14:07.884119,2537,True,True,True,True,Eyes,1.045558,0.1060663,-3.227099,-0.294012,-0.5286906,0.7962683,0.0,0.0,0.0,0.0,0.0,0.0,0.0,0.09383643,1.654863,2.879146,0.8634506,0.1132431,-3.206007,0.2713275,-0.1393988,0.04058722,0.9514737,31.84597,343.3606,0.1072352,0.3271292,0.03062134,-0.9444829,0.0,0.0,0.0,0.8074657,-0.3709219,-2.528154,0.09223251,-0.02975592,0.9032066,0.9578413,0.001589859,0.2872935,-0.1528808,0.8494681,0.5050063,-0.2432438,-0.5276375,0.8138987,static,-3.077970610950852,-0.11685553616926118,5.830647052473227,-1.886912948479965,-0.055984900000000004,-0.484165,0.6778530000000003,-0.05369477523078145,-0.0020365702430802934,0.9985553243320124,-3.6094921787423946,5.961918185834395,9.079229252303142,9.082762350515813,12.27682283327892
05/17/2023 13:14:07.894221,2538,True,True,True,True,Eyes,1.037899,0.1060987,-3.22579,-0.2858896,-0.531009,0.797682,0.0,0.0,0.0,0.0,0.0,0.0,0.0,0.07147509,1.65688,2.874817,0.8553176,0.1127464,-3.204786,0.2720158,-0.1351243,0.03934503,0.9519458,31.90562,343.8691,0.09427147,0.3252293,0.03068495,-0.9451368,0.0,0.0,0.0,0.8074657,-0.3709219,-2.528154,0.09026557,-0.02722067,0.8997881,0.9603868,0.001396759,0.278667,-0.1484206,0.8489187,0.5072557,-0.2358571,-0.5285215,0.8154976,static,-3.0391928205474112,-0.21360723377584293,5.7286717820960495,-1.7328012844516483,-0.04785190000000006,-0.48366830000000005,0.6766320000000001,-0.05301868268306739,-0.0037228973355014627,0.9985865780768046,-3.6104583190987105,5.922089386562603,8.895596025007695,8.898505506763309,12.075458675852568
05/17/2023 13:14:07.914983,2539,True,True,True,True,Eyes,1.030185,0.1061074,-3.224494,-0.277626,-0.5333321,0.7990499,0.0,0.0,0.0,0.0,0.0,0.0,0.0,0.04878742,1.658079,2.87094,0.8470526,0.1123592,-3.203713,0.2726493,-0.1309051,0.03753543,0.9524271,31.95036,344.3504,0.007909793,0.3233261,0.03074648,-0.9457876,0.0,0.0,0.0,0.8074657,-0.3709219,-2.528154,0.09076235,-0.02856612,0.8967165,0.9629099,0.000117134,0.2698231,-0.1428819,0.8485069,0.50953,-0.2288871,-0.5291843,0.8170524,static,-2.968677108221435,-0.32865481416219716,5.7795851641483,-1.8246176888754047,-0.03958690000000009,-0.4832811,0.6755590000000002,-0.05178916208542683,-0.005728379766800795,0.9986416453423905,-3.600358527285784,5.873129092896031,8.87200839505657,8.875246346366273,12.134193387726542
05/17/2023 13:14:07.934409,2540,True,True,True,True,Eyes,1.022439,0.1060849,-3.223212,-0.2693857,-0.5355505,0.8003856,0.0,0.0,0.0,0.0,0.0,0.0,0.0,0.02408123,1.656845,2.868098,0.8386559,0.1118081,-3.202477,0.2729149,-0.1264321,0.0354065,0.9530366,31.94796,344.8568,359.8972,0.3214176,0.03080544,-0.946436,0.0,0.0,0.0,0.8074657,-0.3709219,-2.528154,0.09167652,-0.03092036,0.8929172,0.9655226,-0.001523033,0.2603148,-0.1364978,0.8485277,0.5112427,-0.2216629,-0.5291488,0.8190648,static,-2.919449676127044,-0.48579055122845843,5.86206298688493,-1.983272926844633,-0.031190200000000057,-0.48273,0.6743230000000002,-0.050930139989975726,-0.008467540145194796,0.9986663725722376,-3.6082662016430707,5.80934408973917,8.904407809061333,8.908278066827545,12.264257617411536
05/17/2023 13:14:07.948040,2541,True,True,True,True,Eyes,1.014601,0.1060414,-3.221952,-0.2609621,-0.5377212,0.8017198,0.0,0.0,0.0,0.0,0.0,0.0,0.0,-0.001887739,1.65434,2.866021,0.8300785,0.1110484,-3.201494,0.2729425,-0.1217399,0.03317768,0.9537197,31.91762,345.3901,359.7859,0.3195032,0.03086114,-0.9470822,0.0,0.0,0.0,0.8074657,-0.3709219,-2.528154,0.09345007,-0.03340778,0.8888946,0.9681572,-0.003171606,0.2503227,-0.1297404,0.8488032,0.5125432,-0.2141003,-0.5286993,0.8213636,static,-2.880999813938459,-0.6681427477586318,6.001497098585966,-2.1523635234569736,-0.0226128000000001,-0.4819703,0.67334,-0.05025833600841162,-0.011646289596290105,0.9986683172496236,-3.626051551719436,5.73654749858469,9.000971723990153,9.00564615738485,12.446871499605345
05/17/2023 13:14:07.964164,2542,True,True,True,True,Eyes,1.006726,0.1059653,-3.220708,-0.2525125,-0.5397761,0.8030437,0.0,0.0,0.0,0.0,0.0,0.0,0.0,-0.02945286,1.649997,2.864622,0.8214213,0.1104872,-3.200387,0.2727089,-0.1167701,0.03098876,0.9544812,31.85882,345.9631,359.6943,0.3175802,0.0309133,-0.947727,0.0,0.0,0.0,0.8074657,-0.3709219,-2.528154,0.0954445,-0.03619573,0.8851795,0.9708089,-0.004532082,0.2398115,-0.1228448,0.8493391,0.5133539,-0.2060078,-0.5278281,0.8239892,static,-2.8729650415984107,-0.8713075911549331,6.1541424061642,-2.3415678391494996,-0.013955600000000068,-0.48140910000000003,0.6722330000000003,-0.0501159084511356,-0.015187491536415354,0.9986279190559907,-3.6619083029776935,5.657723781904952,9.14035401222897,9.146055656417373,12.662682099899573
05/17/2023 13:14:07.984580,2543,True,True,True,True,Eyes,0.9987726,0.1058625,-3.219486,-0.2438433,-0.5417777,0.8043739,0.0,0.0,0.0,0.0,0.0,0.0,0.0,-0.05939043,1.64559,2.863101,0.8125861,0.1096253,-3.199458,0.272407,-0.1113487,0.02894211,0.9552791,31.79589,346.6,359.6381,0.3156478,0.03096128,-0.9483708,0.0,0.0,0.0,0.8074657,-0.3709219,-2.528154,0.09717934,-0.03860372,0.8808742,0.9735276,-0.005368745,0.2285063,-0.1159599,0.8499135,0.5140041,-0.1969701,-0.5268949,0.8267918,static,-2.905221329322351,-1.0749745622916766,6.295496740117481,-2.509343406928384,-0.005120400000000025,-0.4805472,0.6713040000000001,-0.0506750552268819,-0.018736640893628975,0.9985394229769626,-3.716433592211228,5.581347738628901,9.305098729209274,9.31185411052928,12.8723747689462
05/17/2023 13:14:07.994241,2544,True,True,True,True,Eyes,0.9907778,0.1057283,-3.218284,-0.2351069,-0.5436838,0.8056877,0.0,0.0,0.0,0.0,0.0,0.0,0.0,-0.09044546,1.640977,2.861313,0.8036865,0.108871,-3.198489,0.2721189,-0.1057502,0.02680999,0.9560593,31.73519,347.2559,359.5763,0.313704,0.03100472,-0.9490141,0.0,0.0,0.0,0.8074657,-0.3709219,-2.528154,0.1005715,-0.04429972,0.8769495,0.9761962,-0.006289357,0.2167979,-0.1088171,0.850465,0.5146534,-0.1876159,-0.525994,0.8295363,static,-2.9481500542951475,-1.270919598940077,6.542289439236837,-2.8918783542157733,0.0037791999999999826,-0.4797929,0.6703350000000001,-0.051419603737943353,-0.022150571569015676,0.9984314574731401,-3.7743743614547887,5.508647232520495,9.61857232203415,9.627873548541057,13.30422422052153
05/17/2023 13:14:08.014100,2545,True,True,True,True,Eyes,0.9827261,0.1055725,-3.217095,-0.2262402,-0.5455119,0.8069896,0.0,0.0,0.0,0.0,0.0,0.0,0.0,-0.124674,1.636992,2.85891,0.794602,0.107982,-3.197749,0.2719272,-0.09960847,0.02466517,0.956831,31.68781,347.9803,359.5306,0.3117484,0.0310431,-0.949657,0.0,0.0,0.0,0.8074657,-0.3709219,-2.528154,0.1036215,-0.04870626,0.8725422,0.9789396,-0.006971722,0.2040312,-0.1013733,0.8508944,0.5154631,-0.1772027,-0.5252905,0.8322674,static,-3.040293498603126,-1.4497787482178932,6.772620596860917,-3.1949973047809186,0.012863699999999922,-0.47890390000000005,0.6695950000000002,-0.05302130512384938,-0.025265125033055058,0.9982737551923508,-3.851671994694618,5.445757555547885,9.95513866890834,9.966898758145827,13.694460107184865
05/17/2023 13:14:08.034582,2546,True,True,True,True,Eyes,0.9746248,0.1053926,-3.215935,-0.2172938,-0.5472445,0.8082741,0.0,0.0,0.0,0.0,0.0,0.0,0.0,-0.1604857,1.632414,2.856043,0.7853801,0.1073105,-3.196744,0.2716915,-0.09314518,0.02269302,0.9575975,31.63927,348.7523,359.5187,0.3097797,0.03107629,-0.9503,0.0,0.0,0.0,0.8074657,-0.3709219,-2.528154,0.1069593,-0.05143771,0.8683741,0.981618,-0.007151948,0.1907222,-0.09407506,0.8513375,0.5161147,-0.1660602,-0.5245696,0.8350154,static,-3.1673183000724947,-1.6233522219959309,7.021863050637508,-3.3899260684422154,0.022085599999999928,-0.4782324,0.66859,-0.055229878836801305,-0.028285813293653483,0.9980730094935387,-3.9440177547924344,5.387191473517828,10.327386154507778,10.341189474746342,14.045936571986916
05/17/2023 13:14:08.044447,2547,True,True,True,True,Eyes,0.966476,0.1051864,-3.214791,-0.2082774,-0.5488927,0.8095291,0.0,0.0,0.0,0.0,0.0,0.0,0.0,-0.19546,1.627424,2.853528,0.7759811,0.1065436,-3.196222,0.2713583,-0.08676476,0.02066544,0.9583369,31.5802,349.5112,359.4969,0.3077973,0.03110406,-0.9509431,0.0,0.0,0.0,0.8074657,-0.3709219,-2.528154,0.1100938,-0.05169269,0.8645679,0.9840897,-0.007479768,0.1775152,-0.08669759,0.8518752,0.5165194,-0.1550843,-0.5236915,0.8376731,static,-3.278104452215034,-1.801964135719356,7.256969559624544,-3.4216528318560435,0.031484599999999974,-0.47746550000000004,0.6680680000000003,-0.057154322718501044,-0.031393621905698166,0.9978716646488622,-4.029859954873371,5.325619157173237,10.644110356048435,10.658854343095726,14.279610909944202
05/17/2023 13:14:08.064198,2548,True,True,True,True,Eyes,0.9582649,0.1049508,-3.213671,-0.1992422,-0.5504237,0.8107628,0.0,0.0,0.0,0.0,0.0,0.0,0.0,-0.2294719,1.621131,2.851063,0.7662885,0.1057169,-3.195452,0.2708689,-0.08052908,0.0184252,0.959065,31.50206,350.2437,359.4433,0.3058,0.03112615,-0.9515866,0.0,0.0,0.0,0.8074657,-0.3709219,-2.528154,0.1130585,-0.04982084,0.8612992,0.9863512,-0.008283711,0.1644469,-0.07896758,0.8525811,0.5165942,-0.1444836,-0.5225293,0.8402902,static,-3.363542536198793,-1.9926698163879737,7.478179144525689,-3.3105180891372306,0.041177199999999914,-0.47663880000000003,0.6672980000000002,-0.05863582207420093,-0.03471181220086639,0.997675775044069,-4.106373732660991,5.25772443100178,10.90692004566315,10.921522470437878,14.408908537715558
05/17/2023 13:14:08.084385,2549,True,True,True,True,Eyes,0.9499887,0.1046652,-3.212571,-0.1902235,-0.5518299,0.8119721,0.0,0.0,0.0,0.0,0.0,0.0,0.0,-0.2603642,1.613403,2.849444,0.7564877,0.104768,-3.19483,0.2701327,-0.07477655,0.01604095,0.9597809,31.39502,350.9089,359.3551,0.3037873,0.03114222,-0.9522306,0.0,0.0,0.0,0.8074657,-0.3709219,-2.528154,0.1153667,-0.04677907,0.8585869,0.9883023,-0.009607588,0.1522046,-0.07119077,0.853542,0.5161375,-0.1348718,-0.5209355,0.8428736,static,-3.3912696875284416,-2.2033265338589043,7.652888248455483,-3.118607922041824,0.05097799999999997,-0.4756899,0.6666760000000003,-0.05911068500710254,-0.038378598422292354,0.9975133682140812,-4.1601725118300825,5.178357735887039,11.068196501067778,11.082019876110616,14.435651826469407
05/17/2023 13:14:08.094297,2550,True,True,True,True,Eyes,0.9417243,0.1043327,-3.2115,-0.1807788,-0.5530002,0.8133326,0.0,0.0,0.0,0.0,0.0,0.0,0.0,-0.2886125,1.604951,2.848101,0.7465688,0.103278,-3.194184,0.2692257,-0.06944153,0.0134985,0.9604756,31.26816,351.5145,359.2317,0.3017581,0.03115136,-0.9528753,0.0,0.0,0.0,0.8074657,-0.3709219,-2.528154,0.1177969,-0.04328552,0.8560716,0.9899913,-0.01146095,0.140662,-0.06332083,0.8546706,0.5152947,-0.1261255,-0.5190442,0.8453908,static,-3.3409842538458143,-2.415823191559376,7.834794798723473,-2.8945795104177914,0.06089689999999992,-0.4741999,0.6660300000000001,-0.058226519213719075,-0.04208006458873503,0.9974161892493535,-4.178372372548422,5.09316801884126,11.173157645541934,11.186029011436244,14.426375015093322
05/17/2023 13:14:08.114295,2551,True,True,True,True,Eyes,0.9334738,0.1040468,-3.210384,-0.170931,-0.554015,0.8147699,0.0,0.0,0.0,0.0,0.0,0.0,0.0,-0.3148289,1.597521,2.846577,0.7368635,0.1018413,-3.193877,0.2685307,-0.06452765,0.01057692,0.9610492,31.16521,352.05,359.0407,0.2997136,0.0311528,-0.9535201,0.0,0.0,0.0,0.8074657,-0.3709219,-2.528154,0.1208393,-0.04258576,0.8535,0.9914486,-0.01432543,0.1297089,-0.05498519,0.8555588,0.5147774,-0.118348,-0.5175075,0.8474549,static,-3.204901187137051,-2.5928991975279354,8.058428844310752,-2.856429419279376,0.07060219999999995,-0.47276320000000005,0.6657230000000003,-0.05584985397523341,-0.04516857308708866,0.9974169693504474,-4.150129713958275,5.016004683399674,11.253245287226205,11.266412542379689,14.526669293809507
05/17/2023 13:14:08.134541,2552,True,True,True,True,Eyes,0.9252032,0.1038876,-3.209291,-0.1609819,-0.5552153,0.8159784,0.0,0.0,0.0,0.0,0.0,0.0,0.0,-0.345094,1.592,2.841226,0.7271482,0.1027208,-3.19168,0.2687599,-0.05907592,0.007315283,0.9613661,31.17258,352.6367,358.8154,0.2976554,0.03114873,-0.9541647,0.0,0.0,0.0,0.8074657,-0.3709219,-2.528154,0.1245743,-0.04371443,0.8508494,0.992913,-0.01768915,0.1175193,-0.0458198,0.8554292,0.5158889,-0.1096551,-0.5176176,0.8485562,static,-3.106120075925191,-2.675851990685022,8.32958970687635,-2.9411221720121077,0.08031749999999993,-0.4736427,0.6635260000000001,-0.05412656201721336,-0.0466170140031843,0.9974452967646313,-4.120752496711736,4.977560419388307,11.424574900497227,11.438786059087045,14.75522127823892
05/17/2023 13:14:08.144979,2553,True,True,True,True,Eyes,0.9168699,0.1036494,-3.208237,-0.1502154,-0.5563346,0.8172682,0.0,0.0,0.0,0.0,0.0,0.0,0.0,-0.3978749,1.596356,2.828865,0.7182785,0.105698,-3.190931,0.2714533,-0.05076272,0.001584555,0.9611107,31.46343,353.4893,358.3531,0.2955837,0.03114343,-0.9548088,0.0,0.0,0.0,0.8074657,-0.3709219,-2.528154,0.1280629,-0.04674995,0.8479022,0.9948413,-0.02451356,0.09843746,-0.03060528,0.8526211,0.5216326,-0.09671693,-0.5219544,0.8474724,static,-3.1761118463111924,-2.4930590080724824,8.588752422753634,-3.155865730626876,0.08918719999999991,-0.47661990000000004,0.6627770000000002,-0.055352947476296085,-0.04343167326800301,0.9975218820900059,-4.117419463637738,5.0525945400341365,11.76760654057332,11.783520018270497,15.126983308695186
05/17/2023 13:14:08.164276,2554,True,True,True,True,Eyes,0.9085295,0.1036503,-3.207146,-0.139431,-0.5573981,0.8184536,0.0,0.0,0.0,0.0,0.0,0.0,0.0,-0.4442739,1.60388,2.81461,0.7076189,0.1034999,-3.190674,0.2727274,-0.04143082,0.002880566,0.9611946,31.63641,354.7384,358.8518,0.2934971,0.03113462,-0.9554526,0.0,0.0,0.0,0.8074657,-0.3709219,-2.528154,0.1318966,-0.05048966,0.8448128,0.9965504,-0.01706107,0.08121736,-0.02813621,0.8512229,0.5240496,-0.07807493,-0.524527,0.8478065,static,-3.613301396050718,-2.3910518458712446,8.873681077838064,-3.4201749716572096,0.0998467999999999,-0.4744218,0.6625200000000002,-0.06296755888502141,-0.041636824748717494,0.9971466303159615,-4.299064039253673,5.120565681309616,12.510433540394985,12.52931864513123,15.699218605430794
05/17/2023 13:14:08.184411,2555,True,True,True,True,Eyes,0.9001437,0.1036424,-3.206056,-0.1279683,-0.5582055,0.8197747,0.0,0.0,0.0,0.0,0.0,0.0,0.0,-0.4830375,1.590111,2.811698,0.6990081,0.1092507,-3.188554,0.2723614,-0.0346479,-0.0001520239,0.9615711,31.58608,355.5081,358.7108,0.2913963,0.03112982,-0.9560955,0.0,0.0,0.0,0.8074657,-0.3709219,-2.528154,0.1355274,-0.05431044,0.8416334,0.997599,-0.01916586,0.06655002,-0.01858114,0.8516385,0.5238002,-0.06671564,-0.5237792,0.8492376,static,-3.5813689613934425,-2.504542904921629,9.147754408134746,-3.6921663683728725,0.10845759999999993,-0.48017260000000006,0.6604000000000001,-0.06240654192390604,-0.04361341979247513,0.9970973462678228,-4.306444783917321,5.074734487189607,12.762065167599955,12.784405783907541,16.058456541980508
05/17/2023 13:14:08.194057,2556,True,True,True,True,Eyes,0.8917438,0.1037454,-3.204955,-0.116424,-0.5588064,0.8210852,0.0,0.0,0.0,0.0,0.0,0.0,0.0,-0.534849,1.576809,2.805923,0.688924,0.1089566,-3.187336,0.271021,-0.02517441,-0.001784407,0.9622426,31.432,356.68,358.853,0.2892813,0.03112838,-0.9567376,0.0,0.0,0.0,0.8074657,-0.3709219,-2.528154,0.1383274,-0.05740166,0.8385284,0.9987261,-0.01707965,0.04748055,-0.01021152,0.8530888,0.5216658,-0.049415,-0.5214861,0.8518277,static,-3.8888683476005537,-2.7110654412968027,9.367403779611498,-3.9160866836475567,0.11854169999999997,-0.47987850000000004,0.6591820000000004,-0.06774589687298202,-0.04719069971709289,0.9965859608850042,-4.4883898483462525,5.015300868331645,13.284842427455485,13.310928852083002,16.484923435193856
05/17/2023 13:14:08.214397,2557,True,True,True,True,Eyes,0.8833702,0.1038621,-3.203832,-0.1045293,-0.5591428,0.8224555,0.0,0.0,0.0,0.0,0.0,0.0,0.0,-0.5691624,1.557867,2.805997,0.680066,0.1116462,-3.185837,0.268681,-0.01822301,-0.001647651,0.9630555,31.16131,357.5898,359.1318,0.2871522,0.03113329,-0.9573786,0.0,0.0,0.0,0.8074657,-0.3709219,-2.528154,0.1396137,-0.05939811,0.835552,0.9993304,-0.01296591,0.03421415,-0.006618793,0.8556156,0.5175694,-0.03598493,-0.5174493,0.8549569,static,-3.9659496175671083,-2.9902632720455373,9.486008065278723,-4.066228627110952,0.1273997,-0.48256810000000006,0.657683,-0.0690698984818722,-0.05204167065397247,0.9962535362395598,-4.578282965775645,4.912754638485023,13.465886237276015,13.49492004223723,16.686114667292948
05/17/2023 13:14:08.234244,2558,True,True,True,True,Eyes,0.8750086,0.1039756,-3.202724,-0.0925298,-0.5594273,0.8236986,0.0,0.0,0.0,0.0,0.0,0.0,0.0,-0.6081794,1.545064,2.800683,0.6715375,0.1122308,-3.183924,0.2672499,-0.01066358,-0.001931553,0.9635664,30.99645,358.5573,359.3702,0.2850109,0.03114432,-0.9580179,0.0,0.0,0.0,0.8074657,-0.3709219,-2.528154,0.1400822,-0.0599454,0.8331503,0.9997652,-0.009422039,0.01951772,-0.001977324,0.8571476,0.5150672,-0.02158255,-0.5149848,0.8569275,static,-4.086851625626897,-3.1648308440245416,9.544189926054761,-4.115355819611857,0.13592819999999994,-0.48315270000000005,0.6557700000000004,-0.07116040407349784,-0.05506867522678793,0.9959436175889441,-4.668000207042732,4.853404078811581,13.633615326943339,13.664142545834597,16.80550512465728
05/17/2023 13:14:08.244151,2559,True,True,True,True,Eyes,0.8666915,0.1040796,-3.201613,-0.08019394,-0.5596654,0.8248294,0.0,0.0,0.0,0.0,0.0,0.0,0.0,-0.6472465,1.539605,2.791916,0.663345,0.1122193,-3.182999,0.2668837,-0.003090334,-0.00206675,0.9637217,30.95671,359.5283,359.6236,0.2828583,0.03116076,-0.9586552,0.0,0.0,0.0,0.8074657,-0.3709219,-2.528154,0.1398939,-0.05990949,0.8308329,0.9999724,-0.005633062,0.004853279,0.002334023,0.8575377,0.5144159,-0.007059606,-0.5143903,0.8575271,static,-4.194933262671016,-3.208261547962078,9.557692268995178,-4.124331366121303,0.1441207,-0.48314120000000005,0.6548450000000003,-0.07303596626499056,-0.0558160033115116,0.995766181631166,-4.726273474789153,4.843751506171788,13.752109469510263,13.783101716448991,16.865888288907907
05/17/2023 13:14:08.268789,2560,True,True,True,True,Eyes,0.85841,0.1041653,-3.200506,-0.0678324,-0.5599047,0.8257757,0.0,0.0,0.0,0.0,0.0,0.0,0.0,-0.6883148,1.539846,2.778595,0.6554095,0.1118079,-3.181734,0.2675571,0.004728317,-0.0024669,0.9635273,31.03893,0.5210387,359.8513,0.2806958,0.03118176,-0.9592899,0.0,0.0,0.0,0.8074657,-0.3709219,-2.528154,0.1396257,-0.0598287,0.8288287,0.9999431,-0.002223663,-0.0104318,0.007284041,0.8568143,0.5155737,0.00779165,-0.5156204,0.8567817,static,-4.3190155747247125,-3.1319041840302146,9.562348255548116,-4.128714006682433,0.15205619999999997,-0.48272980000000004,0.6535800000000003,-0.07519782760644755,-0.054480132067104226,0.9956792737702045,-4.768596658217209,4.881312541261163,13.886151686433402,13.917107875235526,16.92798158422984
05/17/2023 13:14:08.284694,2561,True,True,True,True,Eyes,0.8502036,0.1042782,-3.199373,-0.05529679,-0.5600433,0.8266159,0.0,0.0,0.0,0.0,0.0,0.0,0.0,-0.7259159,1.537317,2.767274,0.6478769,0.1114366,-3.180556,0.2678741,0.01178483,-0.003567347,0.9633753,31.07841,1.391301,359.9626,0.2785253,0.03120629,-0.9599215,0.0,0.0,0.0,0.8074657,-0.3709219,-2.528154,0.1391924,-0.05976325,0.826686,0.9996968,-0.0005596873,-0.02461763,0.01318709,0.8564615,0.5160425,0.02079523,-0.5162107,0.8562093,static,-4.325653228136647,-3.093705966822357,9.557472980467615,-4.134865548094155,0.15958879999999998,-0.4823585,0.6524020000000004,-0.07531589495013102,-0.05381583676351315,0.9957065083011698,-4.764218126744439,4.896468739682069,13.891226176103808,13.92211214570938,16.931504221065513
05/17/2023 13:14:08.294357,2562,True,True,True,True,Eyes,0.8420278,0.1043692,-3.198233,-0.04268694,-0.5601856,0.8272665,0.0,0.0,0.0,0.0,0.0,0.0,0.0,-0.7722354,1.525648,2.757153,0.6405643,0.1122089,-3.17851,0.2675157,0.01966844,-0.007143519,0.9633264,31.04363,2.27914,359.7833,0.276349,0.03123483,-0.9605494,0.0,0.0,0.0,0.8074657,-0.3709219,-2.528154,0.1390462,-0.06009099,0.8248345,0.9991243,-0.00323985,-0.04171625,0.02428631,0.8567687,0.5151287,0.03407224,-0.5156907,0.8560971,moving,-4.327575267222738,-3.1525012612159076,9.568654869027181,-4.166761133489413,0.16690139999999998,-0.4831308,0.6503560000000004,-0.07534509745666158,-0.054837448799083754,0.9956484890836865,-4.7765525978886565,4.873935813672705,13.9016703410252,13.933195437089251,16.95639049324131
05/17/2023 13:14:08.314255,2563,True,True,True,True,Eyes,0.8339446,0.1044407,-3.197099,-0.0300889,-0.5602371,0.8277857,0.0,0.0,0.0,0.0,0.0,0.0,0.0,-0.8209484,1.51591,2.744895,0.6330183,0.1117876,-3.176976,0.2672297,0.02815994,-0.01014778,0.9631679,31.02057,3.265884,359.6993,0.2741681,0.0312663,-0.9611731,0.0,0.0,0.0,0.8096406,-0.3691109,-2.527958,0.1414738,-0.05897135,0.8214213,0.9982081,-0.004497677,-0.05966908,0.03459837,0.8569706,0.5142027,0.04882192,-0.5153457,0.8555906,moving,-4.417705202821772,-3.190909331121426,9.772207888966106,-4.106324586827134,0.1766223,-0.4808985,0.6490179999999999,-0.07690841693553459,-0.05549822771259838,0.9954924195438859,-4.825573649268164,4.865042115041784,14.187833523527434,14.21940992597343,17.134195234600767
05/17/2023 13:14:08.334241,2564,True,True,True,True,Eyes,0.8259102,0.1044994,-3.195957,-0.01750562,-0.5603005,0.8281044,0.0,0.0,0.0,0.0,0.0,0.0,0.0,-0.8586496,1.512621,2.731867,0.6256683,0.1113526,-3.175616,0.2674957,0.03532209,-0.01117603,0.9628466,31.0579,4.153136,359.8245,0.2719848,0.03129978,-0.9617921,0.0,0.0,0.0,0.811718,-0.3673809,-2.527772,0.144537,-0.05785263,0.818194,0.997255,-0.002624602,-0.07399859,0.04041862,0.8566423,0.514325,0.06204042,-0.5159041,0.8543969,moving,-4.438081930986465,-3.1490726134970277,10.018154330812324,-4.044522433547051,0.1860497000000001,-0.47873350000000003,0.6478440000000001,-0.07726555778642188,-0.054769795666185395,0.9955050463929511,-4.826819180907466,4.88250117599223,14.452668665807995,14.483942737983115,17.32238404749571
05/17/2023 13:14:08.344118,2565,True,True,True,True,Eyes,0.8179511,0.1045679,-3.194797,-0.005015492,-0.5602517,0.8283073,0.0,0.0,0.0,0.0,0.0,0.0,0.0,-0.8906932,1.513042,2.718003,0.6187165,0.1110654,-3.174118,0.2681668,0.04173966,-0.01128103,0.9624019,31.13861,4.979304,0.04502524,0.2698003,0.03133468,-0.962406,0.0,0.0,0.0,0.8138874,-0.3655745,-2.527577,0.1482588,-0.05638811,0.8148372,0.9962611,0.000672615,-0.08639105,0.04410015,0.8559186,0.5152267,0.07429026,-0.5171102,0.8526887,moving,-4.418450800690949,-3.0462828169734073,10.312100848187052,-3.9586535653677375,0.19517090000000004,-0.4766399,0.646541,-0.07693188824216785,-0.05298512630823271,0.9956275240810578,-4.797755744294568,4.920828116966086,14.728311121693716,14.75877949773585,17.525779902539636
05/17/2023 13:14:08.364468,2566,True,True,True,True,Eyes,0.8100585,0.1046516,-3.19362,0.007457632,-0.5602845,0.8282667,0.0,0.0,0.0,0.0,0.0,0.0,0.0,-0.9212409,1.515785,2.702647,0.6122192,0.1113049,-3.172284,0.2693582,0.04785307,-0.01144769,0.9617824,31.28018,5.767307,0.2519988,0.2676167,0.03137114,-0.9630142,0.0,0.0,0.0,0.8160183,-0.3638,-2.527386,0.1525497,-0.05498105,0.8116742,0.9951581,0.003758869,-0.09821554,0.04779961,0.8546301,0.5170324,0.08588142,-0.5192236,0.8503124,moving,-4.366111097343717,-2.8880633046035813,10.644256203193795,-3.8751721150660035,0.2037991,-0.4751049,0.644898,-0.07603315313714554,-0.05023902316819784,0.9958388743764303,-4.742823196353583,4.978372795325061,15.013263392478205,15.042789312515758,17.752393357750016
05/17/2023 13:14:08.384300,2567,True,True,True,True,Eyes,0.6136204,0.1073534,-3.163484,0.3188474,-0.5313954,0.7848281,0.801014,0.8690217,-0.3183017,-2.534826,-0.4423662,-0.2776529,-0.8527726,0.1881794,-0.02282694,0.7888865,0.6058412,0.1117307,-3.1705,0.2710227,0.05427351,-0.01157533,0.960972,31.47637,6.600778,0.4817996,0.2654351,0.03140945,-0.9636166,0.0,0.0,0.0,0.8180819,-0.3620816,-2.527201,0.1566416,-0.05406985,0.8084142,0.9938409,0.00717157,-0.110585,0.05166583,0.8528254,0.5196339,0.09803628,-0.5221469,0.8472022,moving,13.083858893897066,-1.6996424822863605,10.965971916141596,-3.8264629947003863,0.21224070000000006,-0.4738123,0.6432990000000003,0.2262824061661825,-0.028890676193255083,0.9736331360765561,3.5315424762256793,4.2924821060277285,2.9816429886073905,3.001468097876647,11.008542621333923
05/17/2023 13:14:08.394315,2568,True,True,True,True,Eyes,0.6133848,0.1073769,-3.16342,0.3192521,-0.5314502,0.7846266,0.8045489,0.8702388,-0.3202008,-2.53215,-0.5039943,-0.5231139,-0.6872711,0.1857529,-0.02103388,0.7939872,0.5997216,0.1123398,-3.168617,0.2727253,0.06035598,-0.01091621,0.9601348,31.66985,7.422348,0.8051238,0.2568282,0.03164096,-0.9659386,-0.5893142,0.008105367,0.09040833,0.8203697,-0.3601765,-2.526995,0.160937,-0.0530082,0.8052231,0.992476,0.01195914,-0.121854,0.05388327,0.8510035,0.5223883,0.1099455,-0.5250238,0.8439561,moving,12.412747328410559,-1.4776012407302228,11.302569093984674,-3.766372579821495,0.2206481,-0.4725163,0.6416219999999999,0.21488445288140315,-0.02518377190839971,0.976314790118605,3.265452618685532,4.422046991177039,2.508866106165257,2.543810125547626,11.473685384750478
05/17/2023 13:14:08.414366,2569,True,True,True,True,Eyes,0.6129392,0.1074083,-3.163295,0.3199245,-0.5313414,0.7844263,0.0,0.0,0.0,0.0,0.0,0.0,0.0,-1.009109,1.531548,2.651485,0.5937629,0.1128944,-3.166862,0.2740696,0.06590539,-0.010587,0.9593906,31.82152,8.163473,1.066226,0.2495514,0.03183359,-0.9678378,-0.5539554,0.007619045,0.08498383,0.8223563,-0.3585221,-2.526817,0.1645632,-0.05268297,0.8023784,0.9910888,0.01581118,-0.1322612,0.05643947,0.8495476,0.5244841,0.1206549,-0.527275,0.8410847,moving,11.827893957035437,-1.2835145229699003,11.590308731005498,-3.7565634580577836,0.22859340000000006,-0.4714165,0.6400450000000002,0.2049233110609019,-0.021924315416400886,0.9785324471693613,3.0336771951709878,4.535184121118147,2.4354982801880527,2.484435101782095,11.915075373526074
05/17/2023 13:14:08.434025,2570,True,True,True,True,Eyes,0.6122966,0.1074529,-3.163102,0.320959,-0.5312723,0.7840504,0.0,0.0,0.0,0.0,0.0,0.0,0.0,-1.037681,1.531896,2.636851,0.5880972,0.1130687,-3.165095,0.2749627,0.07154457,-0.01122698,0.9587237,31.92663,8.87965,1.20288,0.2433742,0.03199514,-0.9694042,-0.520718,0.007161902,0.0798848,0.8245779,-0.3566722,-2.526618,0.1679259,-0.05186051,0.7996264,0.9895107,0.01781703,-0.1433569,0.06087131,0.8485389,0.52562,0.1310089,-0.5288329,0.8385537,moving,11.289330914895446,-1.1192512860405066,11.860078058729899,-3.7107737496818314,0.2364807,-0.4697409,0.638477,0.19572761700648805,-0.019155568633124176,0.9804711776996575,2.8174304853600756,4.633793225199961,2.5975316044831236,2.653627890596718,12.304522466737952
05/17/2023 13:14:08.444537,2571,True,True,True,True,Eyes,0.6114457,0.1074886,-3.162851,0.3222888,-0.5309812,0.7837021,0.0,0.0,0.0,0.0,0.0,0.0,0.0,-1.070698,1.526256,2.62328,0.5826693,0.1134399,-3.163081,0.2752762,0.07759244,-0.01318017,0.9581382,31.9751,9.597661,1.17952,0.2380612,0.03213331,-0.9707181,-0.489475,0.006732188,0.07509171,0.8266808,-0.354921,-2.526429,0.1710652,-0.0510627,0.7971364,0.9876114,0.01746185,-0.1559449,0.06797554,0.8480986,0.5254598,0.1414322,-0.5295506,0.8364049,moving,10.768170072899863,-0.9689375128068172,12.111953999650481,-3.6652262993807803,0.24401150000000005,-0.46836089999999997,0.6366520000000002,0.18680981362260102,-0.016612656509072732,0.9822556694065404,2.6064884862656355,4.725885631619426,2.9546385690709522,3.012594971515057,12.679299431148499
05/17/2023 13:14:08.464328,2572,True,True,True,True,Eyes,0.6104065,0.1075168,-3.162539,0.3239242,-0.5307198,0.7832047,0.0,0.0,0.0,0.0,0.0,0.0,0.0,-1.104695,1.517496,2.610873,0.5769402,0.1132569,-3.161347,0.2751771,0.08368424,-0.01590924,0.9576124,31.98443,10.29037,1.052915,0.2332496,0.03225841,-0.9718813,-0.4601065,0.006328257,0.07058621,0.8287535,-0.353195,-2.526243,0.1736556,-0.0497382,0.7950732,0.9854877,0.01558621,-0.1690299,0.07652575,0.8480489,0.5243633,0.1515184,-0.5296887,0.834549,moving,10.287379622752171,-0.8504504517722972,12.320746908323809,-3.5796453596664293,0.2518133,-0.4664519,0.6351040000000001,0.17856644759282275,-0.014604062773131088,0.9838194655038942,2.407956543794903,4.803066061303932,3.3476645258060844,3.403393506973331,12.982036187685045
05/17/2023 13:14:08.484647,2573,True,True,True,True,Eyes,0.6091899,0.1075331,-3.162164,0.3258067,-0.5301831,0.7827872,0.0,0.0,0.0,0.0,0.0,0.0,0.0,-1.137912,1.506699,2.59918,0.5713346,0.1131325,-3.159351,0.2748272,0.08960844,-0.01885183,0.9571233,31.96936,10.95194,0.8893011,0.2288851,0.03237176,-0.9729146,-0.4325001,0.005948561,0.06635104,0.8308716,-0.3514313,-2.526052,0.1758521,-0.04866958,0.793126,0.9832299,0.01316662,-0.1818946,0.08534072,0.8482292,0.5227085,0.1611706,-0.5294656,0.8328807,moving,9.845458053651361,-0.7410387547701747,12.501397705566676,-3.5115091879907876,0.259537,-0.46456379999999997,0.6332990000000001,0.17097737143331226,-0.012742763065606177,0.9851925122642524,2.2255727135487025,4.8742010078715765,3.784758544453357,3.83790592067675,13.26320906702338
05/17/2023 13:14:08.494511,2574,True,True,True,True,Eyes,0.6078039,0.1075503,-3.161727,0.3279323,-0.5296434,0.7822648,0.0,0.0,0.0,0.0,0.0,0.0,0.0,-1.16804,1.49462,2.589032,0.5656173,0.1128551,-3.157314,0.2740841,0.09516459,-0.02136211,0.9567472,31.90579,11.57852,0.7620102,0.2249193,0.03247438,-0.9738356,-0.40655,0.005591648,0.06236998,0.8330101,-0.3496505,-2.525861,0.1785333,-0.04730999,0.7916044,0.9809748,0.01128992,-0.1938069,0.09304247,0.8488431,0.5203925,0.1703869,-0.5285242,0.8316433,moving,9.445949069171593,-0.6963023612264374,12.709473806194973,-3.4201961527646207,0.2673928,-0.46250559999999996,0.631453,0.16410530611119897,-0.011987716148471828,0.9863699534320699,2.050143965566769,4.917630698373036,4.201976202689498,4.250904738610803,13.532947544820344
05/17/2023 13:14:08.514127,2575,True,True,True,True,Eyes,0.606263,0.107556,-3.161227,0.3303339,-0.5288361,0.7818004,0.0,0.0,0.0,0.0,0.0,0.0,0.0,-1.194335,1.483204,2.579859,0.5601252,0.112902,-3.155236,0.2733123,0.1001878,-0.02333588,0.9564092,31.83484,12.15511,0.6830431,0.2213081,0.03256758,-0.9746596,-0.3821571,0.005256149,0.05862778,0.8351493,-0.3478691,-2.525669,0.181822,-0.04615071,0.7898747,0.9788357,0.01012782,-0.204397,0.0994024,0.8495116,0.5181207,0.1788851,-0.5274726,0.8305256,moving,9.102387941065205,-0.658586099110586,12.963154506052227,-3.343869688534386,0.2750241,-0.4607711,0.6295669999999998,0.1581890284736149,-0.011349516790339909,0.9873436034794474,1.8991354832993945,4.95468739243879,4.6572614658870926,4.702793470369548,13.83034947360357
05/17/2023 13:14:08.534094,2576,True,True,True,True,Eyes,0.6045731,0.1075559,-3.160659,0.3329732,-0.5280493,0.7812124,0.0,0.0,0.0,0.0,0.0,0.0,0.0,-1.221727,1.472623,2.569149,0.5545924,0.1126148,-3.153015,0.2726734,0.1054566,-0.02523857,0.9559766,31.78019,12.76762,0.6238391,0.2180125,0.0326521,-0.9753993,-0.3592276,0.00494078,0.05511011,0.8373087,-0.3460709,-2.525475,0.1860859,-0.04508448,0.7881392,0.9764839,0.009255465,-0.2153919,0.1057654,0.8500245,0.5160155,0.1878644,-0.5266619,0.8290563,moving,8.742688131592423,-0.6098502294732756,13.284692807662951,-3.273962723324091,0.28271630000000003,-0.45868570000000003,0.6275399999999998,0.1519888451507178,-0.01052003742024693,0.9883262360298432,1.7428341660733482,4.997048829712812,5.222988700955295,5.265672023335536,14.199441292280007
05/17/2023 13:14:08.544958,2577,True,True,True,True,Eyes,0.6027167,0.1075505,-3.160019,0.3359073,-0.527029,0.7806451,0.0,0.0,0.0,0.0,0.0,0.0,0.0,-1.24852,1.462501,2.558011,0.5492839,0.1124812,-3.150677,0.2721245,0.1106449,-0.02702278,0.9554977,31.73616,13.37492,0.5778959,0.2149974,0.03272879,-0.9760657,-0.337674,0.004644333,0.0518035,0.8395398,-0.3442131,-2.525275,0.1912593,-0.04365885,0.7860316,0.974055,0.008577948,-0.2261489,0.1118588,0.850436,0.5140488,0.1967347,-0.5260085,0.8274119,moving,8.403045039334934,-0.5409959142037297,13.675603129509048,-3.179134523439693,0.2902558999999999,-0.4566943,0.6254019999999998,0.14612923291287166,-0.009340664620578087,0.989221437526018,1.599694743785082,5.045848875657094,5.855793910597671,5.895731009450987,14.61088345226996
05/17/2023 13:14:08.564405,2578,True,True,True,True,Eyes,0.6007242,0.1075426,-3.159312,0.3390948,-0.5260623,0.7799188,0.0,0.0,0.0,0.0,0.0,0.0,0.0,-1.277512,1.45318,2.54486,0.5438178,0.1123295,-3.148289,0.2717971,0.1162653,-0.02883779,0.9548703,31.71992,14.03991,0.547515,0.21223,0.03279844,-0.9766688,-0.3174135,0.004365673,0.04869529,0.8415413,-0.3425463,-2.525095,0.1968957,-0.04168147,0.7843484,0.9713016,0.00812843,-0.2377126,0.1182738,0.8505895,0.5123562,0.2063605,-0.5257674,0.8252175,moving,8.030193030624966,-0.4490679805147612,14.091822751682813,-3.041923758579633,0.29772350000000003,-0.45487580000000005,0.6231940000000002,0.13969072530655557,-0.007760788650170269,0.9901648513680064,1.4457417024845127,5.105718119094363,6.556268281983086,6.592894353852199,15.04351800842208
05/17/2023 13:14:08.584454,2579,True,True,True,True,Eyes,0.5986015,0.1075308,-3.158536,0.3425624,-0.5248815,0.7791985,0.0,0.0,0.0,0.0,0.0,0.0,0.0,-1.306256,1.445433,2.530439,0.538519,0.1122625,-3.145807,0.2716995,0.1219271,-0.03033729,0.9541451,31.72746,14.72443,0.5633405,0.2096825,0.03286181,-0.9772168,-0.2983687,0.004103732,0.04577357,0.8436756,-0.3407691,-2.524903,0.2019056,-0.04073077,0.782578,0.9684269,0.008362704,-0.2491575,0.1241474,0.850518,0.5110836,0.216187,-0.5258793,0.8226264,moving,7.6554820190742205,-0.32706197734375925,14.46686102499164,-2.9793801970149127,0.3051566,-0.4530316,0.6209039999999999,0.13321402637107568,-0.005657400842224269,0.9910710904531401,1.296788596730344,5.177300911200933,7.273861890518939,7.309560581912714,15.49136063962019
05/17/2023 13:14:08.594740,2580,True,True,True,True,Eyes,0.5963504,0.107519,-3.157691,0.3462833,-0.5237302,0.7783281,0.0,0.0,0.0,0.0,0.0,0.0,0.0,-1.336279,1.437382,2.514895,0.5330706,0.1121054,-3.143195,0.271558,0.127908,-0.03171406,0.9533572,31.72861,15.4553,0.6062305,0.2073294,0.03291953,-0.9777167,-0.2804666,0.003857508,0.04302716,0.8458499,-0.3389585,-2.524708,0.2033947,-0.0355044,0.7843575,0.9652675,0.008999232,-0.2611085,0.1299385,0.850501,0.5096706,0.2266597,-0.5258964,0.8197916,moving,7.256741523717382,-0.21639309784371022,14.537381545393838,-2.5917577172261406,0.3127793000000001,-0.45106389999999996,0.618487,0.12631480772145426,-0.003746512111822975,0.991983170471066,1.1345523795147732,5.246089724254456,7.631129083751054,7.658333774408816,15.526354439006681
05/17/2023 13:14:08.614342,2581,True,True,True,True,Eyes,0.593994,0.1075044,-3.156781,0.3501815,-0.5223672,0.7774994,0.0,0.0,0.0,0.0,0.0,0.0,0.0,-1.364937,1.428041,2.500293,0.5276942,0.1120776,-3.140509,0.2711155,0.13374,-0.03282329,0.9526451,31.69068,16.17357,0.672031,0.2051483,0.03297229,-0.9781749,-0.2636386,0.003626058,0.04044553,0.8479179,-0.3372364,-2.524522,0.2014375,-0.0300158,0.7849919,0.9620726,0.009980083,-0.2726112,0.1350558,0.8508381,0.5077741,0.2370156,-0.5253332,0.81722,moving,6.876632233717608,-0.13629966920408979,14.392182417248888,-2.1897566650605236,0.3202237,-0.449314,0.6159870000000001,0.11973159785275983,-0.0023617626990836693,0.9928034337828553,0.9749499409657365,5.301873841777977,7.771694072453543,7.791032036579543,15.36706396725219
05/17/2023 13:14:08.634250,2582,True,True,True,True,Eyes,0.5915128,0.1074877,-3.155797,0.3543103,-0.5209981,0.776547,0.0,0.0,0.0,0.0,0.0,0.0,0.0,-1.392515,1.41687,2.48729,0.5213628,0.111247,-3.138317,0.2702181,0.1395036,-0.03413562,0.9520272,31.60324,16.87075,0.6994287,0.2031188,0.0330206,-0.9785968,-0.2478202,0.003408494,0.0380188,0.8500624,-0.3354506,-2.52433,0.2034189,-0.03361073,0.7869317,0.958747,0.0103967,-0.2840705,0.1403889,0.8516338,0.5049858,0.2471743,-0.524034,0.8150419,moving,6.527687507960256,-0.10456629047640874,14.493484127022553,-2.4456801574824443,0.3286996,-0.4466976,0.6139869999999998,0.11368314846704337,-0.001813193556099435,0.9935154282558717,0.820295094034921,5.336977721753542,8.279009985893719,8.302694135914695,15.73295464930371
05/17/2023 13:14:08.644842,2583,True,True,True,True,Eyes,0.5888344,0.1074331,-3.154755,0.3589036,-0.5193647,0.7755311,0.0,0.0,0.0,0.0,0.0,0.0,0.0,-1.421549,1.401541,2.474705,0.5158526,0.1111716,-3.135414,0.2689112,0.1453712,-0.03579045,0.9514583,31.47467,17.56461,0.6770319,0.2012231,0.03306497,-0.9789869,-0.232951,0.003203985,0.03573767,0.852182,-0.3336856,-2.52414,0.2020991,-0.03331369,0.787693,0.9551725,0.01007766,-0.2958782,0.1462902,0.8528116,0.5013099,0.2573804,-0.5221215,0.813108,moving,6.206853297735538,-0.09421961996922366,14.39003051500042,-2.421751903058121,0.3363294,-0.4448572,0.6112739999999999,0.10811812197520007,-0.001634802196526397,0.9941366967819836,0.6744324092205938,5.361996730698944,8.48514746594649,8.507749167552134,15.770363793926446
05/17/2023 13:14:08.664630,2584,True,True,True,True,Eyes,0.5860438,0.1073642,-3.153635,0.3636715,-0.517696,0.7744249,0.0,0.0,0.0,0.0,0.0,0.0,0.0,-1.449893,1.384867,2.462802,0.5102187,0.1108259,-3.132545,0.2673019,0.1511821,-0.03740972,0.9509438,31.31143,18.24851,0.6487461,0.1994417,0.03310471,-0.9793501,-0.218974,0.003011746,0.03359341,0.8543324,-0.3318949,-2.523947,0.2025466,-0.03807965,0.7891272,0.951489,0.009673446,-0.3075307,0.1519716,0.8543004,0.4970668,0.267532,-0.5196895,0.8113873,moving,5.90401582992614,-0.1186135959494797,14.395447865603971,-2.7626878006590436,0.34411369999999997,-0.4427208,0.6085979999999998,0.10286203837751798,-0.0020592152614066217,0.994693518005214,0.5301000257724464,5.372447424119228,8.865287039206674,8.893567698991575,16.07570514300847
05/17/2023 13:14:08.684496,2585,True,True,True,True,Eyes,0.5831,0.1072754,-3.152411,0.368793,-0.5158185,0.7732548,0.0,0.0,0.0,0.0,0.0,0.0,0.0,-1.475213,1.367774,2.452163,0.5046992,0.1103941,-3.129417,0.2654774,0.1565458,-0.03875714,0.9505331,31.11949,18.88038,0.6317273,0.1977607,0.03313996,-0.9796898,-0.2058355,0.002831041,0.0315778,0.8564459,-0.330135,-2.523757,0.2019179,-0.03950754,0.7895369,0.9479826,0.00943883,-0.3181822,0.1567986,0.8560393,0.4925555,0.2770256,-0.5168245,0.8100304,moving,5.664610433923099,-0.16488644551794435,14.345473060078831,-2.8646271675804744,0.35174669999999997,-0.4405291,0.6056600000000003,0.09870471502499545,-0.002863754370810656,0.9951126396830801,0.41074421434945885,5.370308150089825,9.061670601498314,9.090983219682572,16.186130720163355
05/17/2023 13:14:08.704164,2586,True,True,True,True,Eyes,0.580058,0.1071733,-3.151095,0.3740698,-0.5138893,0.7720037,0.0,0.0,0.0,0.0,0.0,0.0,0.0,-1.500688,1.350366,2.440885,0.4992079,0.1097626,-3.126054,0.2635848,0.1619938,-0.04005325,0.9500931,30.91974,19.52371,0.6204348,0.1961652,0.03317069,-0.9800094,-0.1934854,0.002661178,0.02968314,0.8586562,-0.3282944,-2.523558,0.2009877,-0.03807431,0.7907057,0.9443075,0.009289566,-0.3289332,0.1615068,0.8578376,0.4878834,0.2867035,-0.5138369,0.8085621,moving,5.4240456184275745,-0.21703180233595668,14.261846071669197,-2.7567950667612284,0.3594483,-0.438057,0.6024959999999999,0.09452545226321643,-0.0037709501649043076,0.9955153738388514,0.2897105187540272,5.365981693285453,9.169321786885615,9.195494238519316,16.161685376302515
05/17/2023 13:14:08.714131,2587,True,True,True,True,Eyes,0.576902,0.1070431,-3.149682,0.3795869,-0.5118099,0.7706909,0.0,0.0,0.0,0.0,0.0,0.0,0.0,-1.525235,1.331371,2.430296,0.49377,0.1093169,-3.122414,0.2614096,0.1673394,-0.04125189,0.9497162,30.68622,20.15278,0.6085036,0.1946445,0.03319705,-0.9803117,-0.1818763,0.002501508,0.02790215,0.8606983,-0.3265939,-2.523375,0.1993841,-0.03470093,0.7917187,0.9405916,0.009133101,-0.3394172,0.1658434,0.8599265,0.4827238,0.2962826,-0.5103361,0.8073251,moving,5.208328799194924,-0.2955031845468306,14.13526417147656,-2.509660489090745,0.36692830000000004,-0.4359108,0.5990389999999999,0.0907761509121007,-0.005136187213891585,0.99585810321497,0.17500346038783166,5.349880685476077,9.176766187786118,9.197427233208114,16.020651253812336
05/17/2023 13:14:08.734368,2588,True,True,True,True,Eyes,0.5736591,0.1068835,-3.148175,0.3852325,-0.5097063,0.7692823,0.0,0.0,0.0,0.0,0.0,0.0,0.0,-1.549431,1.313037,2.419166,0.4883838,0.1084486,-3.118795,0.2592939,0.1726415,-0.04247335,0.9492932,30.46137,20.77559,0.5909644,0.1931885,0.03321873,-0.980599,-0.1709637,0.002351417,0.02622802,0.8628278,-0.3248206,-2.523184,0.1989469,-0.03157082,0.7925191,0.9367819,0.008890452,-0.3498009,0.1701691,0.8619254,0.4776266,0.3057486,-0.5069572,0.8059232,moving,5.0056145717898675,-0.3649053388644878,14.091829666034505,-2.2812305866457754,0.37444400000000005,-0.4332692,0.5956109999999999,0.08725159949669722,-0.006344467600096909,0.9961660275904658,0.06805544789909312,5.3364224822466415,9.269823493957421,9.286097522326754,15.95916293541881
05/17/2023 13:14:08.744328,2589,True,True,True,True,Eyes,0.5702738,0.1066897,-3.146547,0.3910704,-0.5075555,0.7677574,0.0,0.0,0.0,0.0,0.0,0.0,0.0,-1.573885,1.294483,2.40719,0.4830177,0.1075634,-3.114882,0.2572771,0.1779774,-0.04397781,0.9487879,30.2555,21.39435,0.5391304,0.1917882,0.03323539,-0.9808732,-0.1607059,0.002210332,0.02465434,0.8650761,-0.3229484,-2.522982,0.1983788,-0.02969509,0.7932521,0.93278,0.008127769,-0.3603545,0.1750302,0.8637488,0.4725487,0.3150966,-0.5038569,0.8042651,moving,4.818212337579225,-0.4110403053769592,14.04071477859625,-2.1438446145798915,0.3820584,-0.4305118,0.5919000000000003,0.08399244624671112,-0.007148595482554726,0.996440783562822,-0.027304464685556695,5.3309274001929845,9.370062828863002,9.383877772464709,15.930517320607608
05/17/2023 13:14:08.764621,2590,True,True,True,True,Eyes,0.5668071,0.1064557,-3.144824,0.3970245,-0.5054366,0.7660975,0.0,0.0,0.0,0.0,0.0,0.0,0.0,-1.599974,1.276102,2.393596,0.4776982,0.1065165,-3.110967,0.2554479,0.1835669,-0.04583416,0.9481291,30.08091,22.03712,0.4549026,0.1904347,0.03324662,-0.9811364,-0.1510635,0.002077712,0.02317508,0.8672138,-0.3211682,-2.52279,0.1966885,-0.02654347,0.7942712,0.9284049,0.006870152,-0.3715067,0.1806969,0.8652912,0.4675679,0.3246737,-0.5012224,0.8020991,moving,4.618391595705726,-0.4257253672801646,13.908581327436256,-1.9140351894398935,0.3895156,-0.42768470000000003,0.588177,0.08051667143396588,-0.007406116914960681,0.996725742007046,-0.1222643558670633,5.338366757512735,9.398087950054455,9.408649816965688,15.794364963139026
05/17/2023 13:14:08.784170,2591,True,True,True,True,Eyes,0.5632274,0.1061942,-3.142981,0.403139,-0.5033077,0.7643038,0.0,0.0,0.0,0.0,0.0,0.0,0.0,-1.625778,1.259627,2.378386,0.4722361,0.1053141,-3.106837,0.2540138,0.1891611,-0.04780233,0.9473172,29.95688,22.68256,0.3657804,0.1891209,0.03325181,-0.9813904,-0.1419997,0.001953049,0.02178457,0.8692175,-0.3194998,-2.52261,0.1956899,-0.02338532,0.7953143,0.923866,0.005531126,-0.3826761,0.186667,0.8663838,0.4631787,0.3341063,-0.4993481,0.7993901,moving,4.426695392338202,-0.3905322803609533,13.82323213324122,-1.6842324987657369,0.3969814,-0.42481389999999997,0.5842270000000003,0.0771817865679674,-0.006795689385274084,0.9969938732623611,-0.20376728898244711,5.364495901671099,9.477161345522699,9.485175959266169,15.69844848557296
05/17/2023 13:14:08.794362,2592,True,True,True,True,Eyes,0.5595769,0.1059049,-3.141031,0.4093634,-0.5012267,0.7623604,0.0,0.0,0.0,0.0,0.0,0.0,0.0,-1.651595,1.242372,2.362949,0.4670289,0.1043689,-3.102543,0.2525729,0.1947345,-0.0499359,0.9464629,29.83805,23.32035,0.2539291,0.1878401,0.03325084,-0.9816364,-0.1334797,0.001835866,0.0204775,0.8713567,-0.3177184,-2.522418,0.1951063,-0.02008945,0.796194,0.9191697,0.003844387,-0.3938429,0.1928943,0.8674266,0.4586534,0.3433931,-0.4975503,0.7965708,moving,4.24944494504784,-0.3536049480435811,13.7689326409348,-1.4453720102920755,0.40432779999999996,-0.4220873,0.5801249999999998,0.07409742506604367,-0.006154565853163846,0.9972320043291585,-0.2782742618976539,5.390346442893465,9.576107142028889,9.581889234924077,15.62213393049122
05/17/2023 13:14:08.814865,2593,True,True,True,True,Eyes,0.5558271,0.1055908,-3.138962,0.4157326,-0.4991364,0.7602823,0.0,0.0,0.0,0.0,0.0,0.0,0.0,-1.677809,1.225934,2.345843,0.4616347,0.10341,-3.097924,0.2513174,0.2005049,-0.05199713,0.9454807,29.74118,23.98931,0.1620778,0.1865871,0.03324357,-0.9818755,-0.125471,0.001725715,0.01924885,0.8735507,-0.3158914,-2.522221,0.1946141,-0.01649985,0.7970102,0.9141882,0.002456171,-0.4052825,0.1991053,0.8682718,0.4543802,0.3530114,-0.4960829,0.7932748,moving,4.054403761617069,-0.2960635130780969,13.721980321115463,-1.1859782301449908,0.411916,-0.4193014,0.5757029999999999,0.07070271176243673,-0.005154328465553165,0.997484072879621,-0.3569672943796225,5.425307614148115,9.704611187999076,9.70844914172264,15.553966261851192
05/17/2023 13:14:08.834064,2594,True,True,True,True,Eyes,0.5520219,0.1052494,-3.136783,0.4221905,-0.4970668,0.7580764,0.0,0.0,0.0,0.0,0.0,0.0,0.0,-1.702762,1.209911,2.329027,0.45636,0.1024648,-3.093361,0.2499529,0.2061631,-0.05361329,0.9445348,29.62259,24.65669,0.1175111,0.1853566,0.03322998,-0.9821091,-0.1179427,0.001622172,0.01809392,0.8756581,-0.3141365,-2.522032,0.1933902,-0.01228404,0.7982005,0.9092448,0.001782894,-0.4162581,0.2043414,0.8692983,0.4500723,0.3626548,-0.4942847,0.7900406,moving,3.8665970572036565,-0.266415022674489,13.619336860289009,-0.8816933719017521,0.4192981,-0.41660129999999995,0.571329,0.06743291387654124,-0.004639218852354604,0.9977130499116512,-0.4377571376324707,5.449044977841741,9.77012449492602,9.772128791297888,15.416878403857023
05/17/2023 13:14:08.844510,2595,True,True,True,True,Eyes,0.5481414,0.1048838,-3.134477,0.4288158,-0.4949397,0.7557458,0.0,0.0,0.0,0.0,0.0,0.0,0.0,-1.726087,1.194457,2.312212,0.4511755,0.1014551,-3.088459,0.2485922,0.2116233,-0.05499274,0.9436066,29.4999,25.30605,0.09432201,0.1841448,0.03320996,-0.9823377,-0.1108661,0.001524841,0.01700828,0.8777993,-0.3123534,-2.52184,0.1920941,-0.008562535,0.7993996,0.9043827,0.001432812,-0.4267198,0.2089989,0.8703554,0.4458709,0.3720368,-0.492422,0.786835,moving,3.7046545042335666,-0.2403652963954324,13.511874723590527,-0.6136835153043556,0.42662379999999994,-0.4138085,0.5666189999999998,0.06461280929314084,-0.004186387393709579,0.997901633538701,-0.5073265475902764,5.469699961642348,9.81343215755583,9.814322947790812,15.28219744701218
05/17/2023 13:14:08.864321,2596,True,True,True,True,Eyes,0.5442169,0.1045015,-3.132052,0.4355355,-0.4927877,0.7533054,0.0,0.0,0.0,0.0,0.0,0.0,0.0,-1.750849,1.176771,2.294851,0.4461828,0.1004684,-3.083412,0.2469491,0.217357,-0.05651961,0.9426439,29.34979,25.98261,0.0523586,0.1829486,0.03318352,-0.9825621,-0.1042142,0.001433351,0.01598779,0.8799068,-0.3105985,-2.521651,0.1915617,-0.005224407,0.8004994,0.8991229,0.0007965288,-0.4376955,0.213908,0.8716434,0.4410003,0.3818657,-0.4901401,0.7835441,moving,3.5253196649264527,-0.2389574932617707,13.457953064726901,-0.3739318501090462,0.433724,-0.4110669,0.5617610000000002,0.06148908545314674,-0.004162691000072577,0.998099032698897,-0.5897105836843386,5.481998388415059,9.93328246954754,9.933550439386602,15.219355207674061
05/17/2023 13:14:08.884496,2597,True,True,True,True,Eyes,0.5402446,0.1040935,-3.129509,0.4423717,-0.4904974,0.7508127,0.0,0.0,0.0,0.0,0.0,0.0,0.0,-1.775121,1.155497,2.278757,0.4411496,0.0996651,-3.078053,0.2447244,0.2230697,-0.05813458,0.9417911,29.13667,26.64521,359.979,0.181765,0.03315087,-0.9827828,0.0,0.0,0.0,0.881993,-0.3088613,-2.521464,0.1910265,-0.0018287,0.8013529,0.8937206,-0.0003200923,-0.4486239,0.2186824,0.8734607,0.4350223,0.3917161,-0.4868945,0.7806998,moving,3.36415800281928,-0.2910514677442087,13.407936823603812,-0.13074964864759697,0.44084340000000005,-0.4085264,0.5565890000000002,0.05868115156744089,-0.0050710312866731055,0.998263962056804,-0.6741361497977183,5.472486644648147,10.04503700354824,10.04505797265728,15.155891137993583
05/17/2023 13:14:08.894488,2598,True,True,True,True,Eyes,0.5362356,0.1036537,-3.126851,0.4492864,-0.4881156,0.7482546,0.0,0.0,0.0,0.0,0.0,0.0,0.0,-1.798722,1.130952,2.264408,0.4362742,0.09859438,-3.072774,0.2418251,0.2286795,-0.05975265,0.941093,28.84804,27.28422,359.878,0.1805921,0.03311196,-0.9830003,0.0,0.0,0.0,0.8842028,-0.3070211,-2.521265,0.1903681,0.001152724,0.8021195,0.8882706,-0.001864747,-0.4593167,0.2230664,0.8759005,0.4278313,0.4015179,-0.4824882,0.7784526,moving,3.228247476051626,-0.41279773506995737,13.351070855267215,0.08233956994710556,0.44792859999999995,-0.40561548,0.5515089999999998,0.05631228555903642,-0.007193185233734134,0.9983873192257554,-0.7604857228494291,5.434476558500794,10.134711482738837,10.134925461867653,15.092428545520157
05/17/2023 13:14:08.914032,2599,True,True,True,True,Eyes,0.5321912,0.1032487,-3.124015,0.456284,-0.4856006,0.7456521,0.0,0.0,0.0,0.0,0.0,0.0,0.0,-1.821846,1.102633,2.251378,0.4313305,0.09735711,-3.067263,0.2383107,0.2342347,-0.06164502,0.9405009,28.49889,27.89893,359.7188,0.179428,0.0330665,-0.983215,0.0,0.0,0.0,0.8862495,-0.3053168,-2.521081,0.1900726,0.004430979,0.802913,0.882668,-0.00431312,-0.4699773,0.2275956,0.8788158,0.4193842,0.4112146,-0.4771417,0.7766842,moving,3.118718284675851,-0.5847540547009591,13.318381914332733,0.31619094293789546,0.454919,-0.40267390999999997,0.546182,0.054402205051225644,-0.010190593238386503,0.998467143929025,-0.8444525984357545,5.3753868220451135,10.238424594126943,10.239376936460337,15.039326593276762
05/17/2023 13:14:08.934259,2600,True,True,True,True,Eyes,0.5281308,0.1029792,-3.121034,0.4632965,-0.4831299,0.7429278,0.0,0.0,0.0,0.0,0.0,0.0,0.0,-1.843358,1.070126,2.239563,0.4270422,0.09773729,-3.060533,0.2345884,0.239417,-0.06412531,0.9399658,28.14572,28.44577,359.4657,0.1782709,0.03301639,-0.983427,0.0,0.0,0.0,0.8884222,-0.3035075,-2.520886,0.190151,0.007385045,0.8034667,0.8771349,-0.008222311,-0.4801737,0.2328801,0.8817124,0.4103048,0.4200015,-0.4717156,0.7752956,moving,3.073460676545336,-0.7609898547782662,13.314824788395317,0.5266179603554267,0.46138000000000007,-0.40124479,0.539647,0.053611567324188064,-0.013262286718813826,0.9984737226382736,-0.8996290182207152,5.31043465686622,10.319865862218892,10.321989767340506,14.997853153242847
05/17/2023 13:14:08.954150,2601,True,True,True,True,Eyes,0.5239964,0.1026766,-3.117898,0.4703027,-0.4807862,0.7400406,0.0,0.0,0.0,0.0,0.0,0.0,0.0,-1.867889,1.036603,2.225264,0.4225557,0.1007238,-3.053957,0.2318783,0.24496,-0.06823017,0.9389206,27.96018,29.00995,359.0579,0.1771215,0.03296655,-0.9836364,0.0,0.0,0.0,0.8905877,-0.3017043,-2.520692,0.1907256,0.009633631,0.803918,0.8706784,-0.01452363,-0.4916381,0.2417272,0.8831543,0.4020032,0.4283537,-0.4688579,0.7724541,moving,3.017318690311114,-0.7702696801916011,13.346392343216344,0.6865625337971539,0.468032,-0.40242809999999996,0.5332650000000001,0.05263306664311984,-0.013424704148731037,0.9985237238044725,-0.9273126762733153,5.310538593473913,10.428312122706918,10.431304934036602,15.003993121295014
05/17/2023 13:14:08.964647,2602,True,True,True,True,Eyes,0.5198525,0.1025216,-3.114624,0.47713,-0.4786912,0.7370222,0.0,0.0,0.0,0.0,0.0,0.0,0.0,-1.887366,1.031075,2.201101,0.4170688,0.09961972,-3.047333,0.232377,0.2502721,-0.06934499,0.9373133,28.05575,29.67764,359.1117,0.1759755,0.03291598,-0.9838438,0.0,0.0,0.0,0.892666,-0.2999736,-2.520505,0.1915842,0.01117966,0.804427,0.8651102,-0.01368096,-0.5013951,0.2463109,0.8823844,0.4009099,0.4369384,-0.4703304,0.7667296,moving,2.853477281046696,-0.5385632468166291,13.396134972093234,0.7962265061001008,0.47559719999999994,-0.39959332000000003,0.5268280000000001,0.049779795577791,-0.009387910173835362,0.998716107933121,-0.9577119839277077,5.41057539922253,10.623786782011452,10.62681960301737,15.07730540064543
05/17/2023 13:14:08.984324,2603,True,True,True,True,Eyes,0.5156702,0.1023869,-3.111219,0.4839344,-0.4767891,0.7338117,0.0,0.0,0.0,0.0,0.0,0.0,0.0,-1.896889,1.02565,2.185533,0.4126828,0.1030488,-3.040686,0.2338682,0.2531403,-0.07178769,0.9359872,28.30337,30.00525,358.9599,0.1748335,0.03286959,-0.984049,0.0,0.0,0.0,0.8947791,-0.298214,-2.520316,0.192106,0.01324821,0.8048204,0.861533,-0.01598179,-0.50745,0.2527877,0.8803045,0.4014506,0.4402945,-0.47414,0.7624513,moving,2.990644719502892,-0.16051544077418428,13.424972854840453,0.9430650236749606,0.48209630000000003,-0.4012628,0.5203700000000002,0.05217269365420635,-0.0027977037698184715,0.9986341388764659,-0.8208762447395135,5.547278279656493,10.489444348129693,10.49252560051253,14.971405955171992
05/17/2023 13:14:08.994289,2604,True,True,True,True,Eyes,0.5114871,0.1023124,-3.107712,0.4905756,-0.4749814,0.7305671,0.0,0.0,0.0,0.0,0.0,0.0,0.0,-1.910235,1.027428,2.16296,0.4076722,0.1034297,-3.034157,0.2358517,0.2571442,-0.07298974,0.9343038,28.57129,30.52576,359.0153,0.1736942,0.03282772,-0.9842521,0.0,0.0,0.0,0.8969685,-0.2963908,-2.520119,0.1925567,0.01530948,0.8052027,0.8570988,-0.01509343,-0.514931,0.2576849,0.878093,0.4031763,0.4460719,-0.4782519,0.7565018,moving,2.949144992239111,0.22280435889347017,13.449168878703036,1.0892448747701142,0.48929629999999996,-0.3998205,0.5140379999999998,0.0514491778099439,0.0038835098359991382,0.9986680818559109,-0.7653643685380562,5.697725026454624,10.532571355283434,10.5357116885318,14.942926244393783
05/17/2023 13:14:09.014564,2605,True,True,True,True,Eyes,0.5073537,0.1022765,-3.104117,0.4971688,-0.4731711,0.7272774,0.0,0.0,0.0,0.0,0.0,0.0,0.0,-1.911703,1.031604,2.150476,0.403445,0.1047994,-3.028137,0.2370362,0.2590189,-0.07196612,0.9335652,28.67617,30.82024,359.244,0.1725574,0.03279194,-0.9844531,0.0,0.0,0.0,0.8990191,-0.2946833,-2.519935,0.1923313,0.01775149,0.8058227,0.8554601,-0.01157641,-0.5177392,0.2571638,0.8772694,0.4052963,0.449505,-0.4798587,0.7534461,moving,3.1096655117794096,0.4313960839041438,13.424034895559016,1.2619661643686555,0.49557409999999996,-0.39948269999999997,0.5082020000000003,0.05424573056573467,0.007518125479020282,0.9984993743734054,-0.6507611944899574,5.767590940693772,10.343933142260834,10.347756396611437,14.778380817988573
05/17/2023 13:14:09.034208,2606,True,True,True,True,Eyes,0.5032368,0.1022729,-3.100419,0.5037014,-0.4714382,0.7238997,0.0,0.0,0.0,0.0,0.0,0.0,0.0,-1.920549,1.02464,2.13665,0.399931,0.1057005,-3.022011,0.2371708,0.2619206,-0.07294927,0.9326447,28.72499,31.17541,359.2269,0.1714253,0.03276296,-0.9846519,0.0,0.0,0.0,0.9011738,-0.292889,-2.519742,0.1918277,0.0204055,0.8064796,0.8521519,-0.01183168,-0.5231606,0.2603113,0.8768569,0.4041782,0.4539549,-0.4806059,0.7502952,moving,3.215712308847391,0.5922298977543173,13.37963861244408,1.4493852452238243,0.5012428,-0.39858950000000004,0.5022690000000001,0.056092315516708624,0.01031990340929928,0.998372177183883,-0.5705651732282073,5.822622492304055,10.195215684323395,10.200005548755364,14.619623445254508
05/17/2023 13:14:09.044414,2607,True,True,True,True,Eyes,0.4991486,0.1023347,-3.096615,0.5103266,-0.469641,0.7204194,0.0,0.0,0.0,0.0,0.0,0.0,0.0,-1.936496,1.005932,2.121624,0.3961792,0.1064866,-3.015775,0.236059,0.2660539,-0.0756496,0.931541,28.68873,31.62324,358.9985,0.1702973,0.03274121,-0.9848483,0.0,0.0,0.0,0.9033697,-0.2910604,-2.519545,0.190969,0.0230794,0.8072186,0.8469849,-0.01533258,-0.5313957,0.2665502,0.8771065,0.3995435,0.4599646,-0.480051,0.746983,moving,3.2455913583892158,0.6853054703494932,13.310123932156406,1.637712593355991,0.5071905000000001,-0.397547,0.49623000000000017,0.056611929629748814,0.011941370138163793,0.9983248532154948,-0.5386698604778446,5.8565339226721145,10.103455726702954,10.109495301763305,14.47713863025417
05/17/2023 13:14:09.064350,2608,True,True,True,True,Eyes,0.4950745,0.1024307,-3.092699,0.516934,-0.4678646,0.7168556,0.0,0.0,0.0,0.0,0.0,0.0,0.0,-1.952914,0.9805489,2.108406,0.3924553,0.1081156,-3.009156,0.2339884,0.270354,-0.07860625,0.9305801,28.5544,32.07113,358.7097,0.1691741,0.03272816,-0.9850424,0.0,0.0,0.0,0.9054348,-0.2893407,-2.519359,0.1900753,0.02487776,0.8080248,0.8414595,-0.01977941,-0.539958,0.2728182,0.878141,0.3929868,0.4663862,-0.4779929,0.7443163,moving,3.2771180320146462,0.6825347779325012,13.237282564677253,1.7634861216570756,0.5129794999999999,-0.3974563,0.4897969999999998,0.05716127601020762,0.011892720417295333,0.9982941186175948,-0.5246782428722552,5.853399477079553,10.011510737789298,10.018649276484833,14.356843543181483
05/17/2023 13:14:09.084387,2609,True,True,True,True,Eyes,0.491025,0.1025381,-3.088715,0.5236652,-0.4659856,0.7131845,0.0,0.0,0.0,0.0,0.0,0.0,0.0,-1.970886,0.9553037,2.093044,0.3886822,0.109035,-3.002476,0.2318511,0.2750908,-0.08141983,0.9294843,28.41142,32.58088,358.4496,0.1680557,0.03272416,-0.985234,0.0,0.0,0.0,0.9075492,-0.28758,-2.519169,0.1902269,0.02722248,0.8090857,0.8353918,-0.02379673,-0.5491397,0.278917,0.8792318,0.3862081,0.4736306,-0.4757995,0.7411404,moving,3.2630726626945394,0.6764865576155246,13.2307090242111,1.9270456084348306,0.518867,-0.396615,0.48330699999999993,0.05691662421207952,0.011787503837961177,0.9983093231960831,-0.5323296725524238,5.851989285304493,10.037034842464763,10.04577884362448,14.311757999463564
05/17/2023 13:14:09.094738,2610,True,True,True,True,Eyes,0.487003,0.102653,-3.084644,0.5304151,-0.4641145,0.7094065,0.0,0.0,0.0,0.0,0.0,0.0,0.0,-1.984321,0.9369402,2.079139,0.3846334,0.1094041,-2.996381,0.2299139,0.2792465,-0.08242381,0.9286374,28.23222,33.06898,358.3949,0.1669433,0.03272877,-0.9854229,0.0,0.0,0.0,0.9097573,-0.2857412,-2.518971,0.189855,0.02816129,0.8098544,0.8304554,-0.02467838,-0.5565383,0.281489,0.8806919,0.3809801,0.4807368,-0.4730464,0.738322,moving,3.2751619253562354,0.6217648018395442,13.193653716741828,1.9915594545149016,0.5251239,-0.3951453,0.4774099999999999,0.057127882115229234,0.010833908004053538,0.9983080993275062,-0.5374129247655053,5.830107768350256,10.003039325399824,10.012632860855401,14.257511854147753
05/17/2023 13:14:09.114702,2611,True,True,True,True,Eyes,0.4830155,0.1027594,-3.080513,0.5373889,-0.4622674,0.7053525,0.0,0.0,0.0,0.0,0.0,0.0,0.0,-2.001405,0.9219919,2.059762,0.3812316,0.1096824,-2.990141,0.2286752,0.2841673,-0.08311159,0.9273884,28.12369,33.67819,358.4283,0.1658365,0.03274145,-0.9856094,0.0,0.0,0.0,0.9119015,-0.2839558,-2.518779,0.1896259,0.02886489,0.8106288,0.8246829,-0.02418945,-0.565078,0.2841174,0.8816003,0.3769062,0.4890558,-0.4713765,0.7339132,moving,3.197711598294558,0.6311468679878356,13.166138105528585,2.039327890522007,0.5306699,-0.3936382,0.47136200000000006,0.055778256857972885,0.010998219908341322,0.9983826688314225,-0.5712840930563179,5.8388005673170795,10.057367014321203,10.067397917155724,14.253166710730833
05/17/2023 13:14:09.134410,2612,True,True,True,True,Eyes,0.4790656,0.1029024,-3.076314,0.5444291,-0.4605171,0.7010855,0.0,0.0,0.0,0.0,0.0,0.0,0.0,-2.021357,0.9118077,2.035323,0.3776516,0.1095653,-2.984156,0.2282201,0.2898166,-0.08338192,0.9257264,28.09076,34.40846,358.5649,0.1647358,0.03276123,-0.9857933,0.0,0.0,0.0,0.9139286,-0.2822678,-2.518597,0.1898839,0.02889541,0.8110873,0.8181075,-0.02209373,-0.5746407,0.2866616,0.8819261,0.3742077,0.498523,-0.4708696,0.7278438,moving,3.021339601572115,0.7043925225769545,13.176233991312406,2.040329274674302,0.536277,-0.39183310000000005,0.46555899999999983,0.052703914384786776,0.01227657264552412,0.9985346793186857,-0.6383142992288153,5.878590119858059,10.232659054878244,10.242392643927651,14.337851679640368
05/17/2023 13:14:09.144461,2613,True,True,True,True,Eyes,0.4751523,0.1030775,-3.072052,0.5517226,-0.4588687,0.6964493,0.0,0.0,0.0,0.0,0.0,0.0,0.0,-2.043921,0.9032278,2.007168,0.3745615,0.1105788,-2.978193,0.2285004,0.2959648,-0.08382726,0.9236697,28.14714,35.21394,358.7262,0.1636424,0.03278863,-0.9859745,0.0,0.0,0.0,0.9161158,-0.2804464,-2.5184,0.1901869,0.02906168,0.8113586,0.8107557,-0.01960122,-0.5850565,0.2901135,0.8815211,0.3724979,0.5084382,-0.4717376,0.7203848,moving,2.800015126817348,0.8596667072379952,13.192266000779298,2.0513741548729896,0.5415543,-0.39102519999999996,0.4597929999999999,0.048844546646426346,0.014985542876887331,0.9986939383157033,-0.7100912564782864,5.952939126925485,10.451055917373212,10.460355867183088,14.439451047029788
05/17/2023 13:14:09.164172,2614,True,True,True,True,Eyes,0.4712685,0.1032691,-3.067731,0.5590841,-0.4573241,0.6915777,0.0,0.0,0.0,0.0,0.0,0.0,0.0,-2.069086,0.8963703,1.974918,0.3715139,0.1115039,-2.972278,0.2293144,0.3027173,-0.08439936,0.9212242,28.26812,36.10834,358.9157,0.1625554,0.03282404,-0.9861531,0.0,0.0,0.0,0.9181904,-0.2787189,-2.518214,0.1905866,0.02836651,0.8115624,0.802478,-0.01666661,-0.5964489,0.2943363,0.8805833,0.3714015,0.519033,-0.4735982,0.7115543,moving,2.5098775495898846,1.072512742304135,13.215815553858024,2.001842265428936,0.5466765,-0.3902228,0.45406400000000025,0.043783962833239765,0.01869983627005445,0.9988660366500606,-0.8023748761536302,6.053986438711764,10.738008371770192,10.746197556056014,14.592105239928209
05/17/2023 13:14:09.184250,2615,True,True,True,True,Eyes,0.4674162,0.1034941,-3.063348,0.5666074,-0.4557866,0.6864508,0.0,0.0,0.0,0.0,0.0,0.0,0.0,-2.091872,0.8922251,1.943156,0.3682938,0.1120814,-2.966419,0.2301996,0.3091862,-0.08428825,0.918862,28.37009,36.9884,359.1828,0.1614764,0.03286724,-0.9863289,0.0,0.0,0.0,0.9203805,-0.276895,-2.518018,0.1911082,0.02832225,0.8116156,0.7945988,-0.01254945,-0.6070052,0.2972476,0.8798073,0.3709218,0.5293928,-0.4751649,0.7028241,moving,2.2509113157653022,1.2637600811864707,13.249872546739287,1.9985904385444768,0.5520867,-0.3889764,0.44840100000000005,0.03926617162922602,0.022037977657760832,0.9989857689683576,-0.8844968295986122,6.144666536687967,11.015744353325323,11.02348056716043,14.72991326106014
05/17/2023 13:14:09.194225,2616,True,True,True,True,Eyes,0.4636024,0.1037346,-3.058912,0.5741557,-0.4542548,0.6811738,0.0,0.0,0.0,0.0,0.0,0.0,0.0,-2.11279,0.8822337,1.915526,0.3653973,0.1130683,-2.960601,0.2300625,0.3152286,-0.08445512,0.9168258,28.36585,37.78706,359.3608,0.1604052,0.03291863,-0.986502,0.0,0.0,0.0,0.9225156,-0.2751171,-2.517826,0.1916925,0.02852377,0.8114922,0.7869966,-0.009816734,-0.6168792,0.2999058,0.8798772,0.3686092,0.5391594,-0.4750999,0.6954044,moving,2.0703097660389926,1.3526775149972086,13.290896982987022,2.01310508691032,0.5571183,-0.3881854,0.44277500000000014,0.03611580422739569,0.02359108194733467,0.9990690899580134,-0.9504249045875981,6.190773042037026,11.232272736372188,11.240006319877253,14.841433847469201
05/17/2023 13:14:09.214305,2617,True,True,True,True,Eyes,0.4598341,0.1039985,-3.054409,0.5817113,-0.4526731,0.6757951,0.0,0.0,0.0,0.0,0.0,0.0,0.0,-2.132801,0.8692204,1.889638,0.3624665,0.1136589,-2.954796,0.2292765,0.3211386,-0.08473458,0.9149439,28.29253,38.55355,359.4927,0.1593417,0.032978,-0.9866723,0.0,0.0,0.0,0.9245821,-0.2733964,-2.51764,0.1918543,0.02943555,0.8114189,0.7793801,-0.007795654,-0.6265029,0.3023139,0.8805047,0.3651272,0.5487923,-0.4739734,0.6886045,moving,1.9212129951084558,1.3777103075262511,13.302875586420045,2.0775872285476202,0.5621155999999999,-0.3870553,0.4371559999999999,0.033515528370450576,0.024029756208761577,0.9991492728165833,-1.0142715142449192,6.210194037796866,11.39484657344382,11.403160572711409,14.901648906813382
05/17/2023 13:14:09.234257,2618,True,True,True,True,Eyes,0.4561082,0.1042708,-3.049852,0.5892479,-0.4511145,0.6702854,0.0,0.0,0.0,0.0,0.0,0.0,0.0,-2.153383,0.8500949,1.864934,0.3599268,0.1144487,-2.948737,0.2278389,0.3270594,-0.08595304,0.9130903,28.1836,39.28455,359.4844,0.1582868,0.0330454,-0.9868398,0.0,0.0,0.0,0.9267506,-0.2715906,-2.517446,0.1922799,0.03129208,0.8112159,0.7712886,-0.007932059,-0.6364363,0.3059995,0.881403,0.3598516,0.5581025,-0.4722985,0.6822432,moving,1.8035936139305846,1.3701179186464103,13.334550408965734,2.2090489635494754,0.5668238,-0.38603930000000003,0.43129099999999987,0.031464457376800814,0.023898949686050053,0.9992190577364439,-1.0699624648728803,6.214978297524983,11.551783525892114,11.561434595545201,14.951169217201304
05/17/2023 13:14:09.244837,2619,True,True,True,True,Eyes,0.4524108,0.1045446,-3.045222,0.5967515,-0.4495285,0.6646892,0.0,0.0,0.0,0.0,0.0,0.0,0.0,-2.173511,0.8280888,1.841371,0.3571879,0.1149242,-2.942744,0.2261587,0.3328365,-0.08798853,0.9112245,28.08197,39.97147,359.3631,0.1572414,0.03312035,-0.9870045,0.0,0.0,0.0,0.9288737,-0.2698226,-2.517255,0.1925637,0.03294793,0.8109969,0.7629558,-0.009806894,-0.6463763,0.3109023,0.8822205,0.353591,0.5667788,-0.4707342,0.6761442,moving,1.7233015241866243,1.3744986514042252,13.357004074406854,2.326445097660008,0.5716858,-0.38474680000000006,0.4254889999999998,0.03006410514419816,0.023976382721493078,0.9992603466137395,-1.1061173006727065,6.221929934575786,11.661692959776023,11.67258484927566,14.978540717470578
05/17/2023 13:14:09.264628,2620,True,True,True,True,Eyes,0.4487537,0.1048157,-3.040529,0.604226,-0.4479834,0.6589552,0.0,0.0,0.0,0.0,0.0,0.0,0.0,-2.193318,0.8059924,1.817163,0.3544711,0.1152127,-2.936567,0.2246169,0.3385921,-0.09033673,0.9092535,28.01106,40.65209,359.2101,0.1562054,0.03320227,-0.9871662,0.0,0.0,0.0,0.9311026,-0.2679665,-2.517055,0.1928538,0.03495336,0.81075,0.7543895,-0.012171,-0.6563144,0.316385,0.882773,0.3472928,0.5751498,-0.469642,0.6698054,moving,1.650399663467971,1.4073795410049201,13.380330933159865,2.468628567634309,0.5766315,-0.3831792,0.4195120000000001,0.02879224591741769,0.024550755988525658,0.9992839477916289,-1.1333163388238432,6.2393807019683125,11.765423592015642,11.777840934917467,14.995483613213164
05/17/2023 13:14:09.288279,2621,True,True,True,True,Eyes,0.4451214,0.1050837,-3.035769,0.6115796,-0.4464176,0.6532087,0.0,0.0,0.0,0.0,0.0,0.0,0.0,-2.211951,0.7868455,1.792125,0.3517481,0.1154204,-2.930276,0.2233487,0.344278,-0.0921174,0.90725,27.94956,41.34529,359.1335,0.1551781,0.03329055,-0.9873252,0.0,0.0,0.0,0.9331411,-0.2662691,-2.516872,0.1928849,0.03634822,0.8106165,0.745974,-0.01335894,-0.665841,0.3209351,0.8832595,0.3418381,0.5835438,-0.4686941,0.663176,moving,1.5621819037793285,1.44835116446237,13.384535693617407,2.5674353911011814,0.5813929999999999,-0.3816895,0.4134039999999999,0.0272531349336545,0.025266414690652383,0.9993091420609431,-1.1659992869821951,6.260953528209416,11.861717791436769,11.875200993600512,15.01200001501466
05/17/2023 13:14:09.294035,2622,True,True,True,True,Eyes,0.4415301,0.1053524,-3.030941,0.6189095,-0.4448773,0.6473292,0.0,0.0,0.0,0.0,0.0,0.0,0.0,-2.22838,0.7724621,1.766974,0.3488595,0.1155826,-2.923955,0.222439,0.3497184,-0.09292567,0.9053081,27.88817,42.03891,359.1786,0.1541602,0.03338452,-0.9874814,0.0,0.0,0.0,0.9353146,-0.2644591,-2.516677,0.1933321,0.03764996,0.8101996,0.7381238,-0.01267069,-0.6745464,0.3238347,0.8837714,0.3377561,0.5918652,-0.4677473,0.6564358,moving,1.4797581297579694,1.4842713802013565,13.421099991337277,2.660619719162966,0.5864551,-0.3800417,0.4072779999999998,0.02581512004842007,0.025893891141218928,0.9993312565894414,-1.1969953049679023,6.280199798161364,11.98457487792097,11.999143338992333,15.059550791445995
05/17/2023 13:14:09.314596,2623,True,True,True,True,Eyes,0.4379768,0.1056229,-3.02605,0.6261085,-0.4433236,0.6414456,0.0,0.0,0.0,0.0,0.0,0.0,0.0,-2.243914,0.7616249,1.740504,0.3462185,0.1158549,-2.917411,0.2219753,0.3550996,-0.09316693,0.9033002,27.85191,42.7495,359.3086,0.1531524,0.03348371,-0.9876348,0.0,0.0,0.0,0.9374133,-0.2627115,-2.516489,0.1932473,0.03852838,0.8098027,0.7304483,-0.01066871,-0.6828847,0.3259621,0.8840938,0.3348536,0.6001616,-0.4671878,0.6492624,moving,1.3778160467396727,1.5440848499701305,13.42176333484843,2.723935309885738,0.5911948,-0.37856639999999997,0.400922,0.024036384370199726,0.026938319148657658,0.9993481400575188,-1.2323351333888797,6.309933686290909,12.086377766265816,12.101599620980085,15.086483562194855
05/17/2023 13:14:09.334164,2624,True,True,True,True,Eyes,0.4344635,0.1058976,-3.021101,0.6332859,-0.4418038,0.63542,0.0,0.0,0.0,0.0,0.0,0.0,0.0,-2.258403,0.7531213,1.713866,0.3435607,0.1161396,-2.910908,0.221787,0.3603396,-0.09311114,0.9012749,27.83231,43.45571,359.4817,0.1521542,0.03358784,-0.9877856,0.0,0.0,0.0,0.9395214,-0.260956,-2.516299,0.1935042,0.03837246,0.8093662,0.7229716,-0.008000191,-0.6908315,0.3276747,0.8842817,0.3326788,0.6082281,-0.4668853,0.641932,moving,1.284842356947703,1.6177070506354385,13.445943827574796,2.7143892778880834,0.5959607,-0.37709560000000003,0.394609,0.022413919996485565,0.028223473944987892,0.9993504174923415,-1.2608524672519192,6.344401372632302,12.195480287640233,12.21045047844101,15.1481630921217
05/17/2023 13:14:09.344241,2625,True,True,True,True,Eyes,0.4309732,0.1061713,-3.016074,0.6403938,-0.4402836,0.6293219,0.0,0.0,0.0,0.0,0.0,0.0,0.0,-2.273503,0.7436423,1.686416,0.3409761,0.1165015,-2.904476,0.221555,0.3657538,-0.0932304,0.8991362,27.81479,44.18179,359.6382,0.1511657,0.03369666,-0.9879336,0.0,0.0,0.0,0.9417184,-0.2591265,-2.516102,0.1939493,0.03758165,0.8088842,0.7150646,-0.005584465,-0.6990361,0.3297228,0.884443,0.3302175,0.6164135,-0.4666149,0.6342751,moving,1.1730356586210968,1.6942476051020139,13.483482329361403,2.660111993758146,0.6007423,-0.37562799999999996,0.3883739999999998,0.020462957570912266,0.02955969798133326,0.9993534974921104,-1.297481962382449,6.3812283076011695,12.334069092867834,12.348278878062931,15.242165594657326
05/17/2023 13:14:09.364233,2626,True,True,True,True,Eyes,0.427523,0.10645,-3.010986,0.647535,-0.4387893,0.6230267,0.0,0.0,0.0,0.0,0.0,0.0,0.0,-2.290959,0.7298701,1.656753,0.338409,0.1167234,-2.897911,0.2208823,0.3717926,-0.09388535,0.8967536,27.77273,44.97137,359.732,0.1501869,0.03380979,-0.9880791,0.0,0.0,0.0,0.9438273,-0.2573704,-2.515913,0.1947725,0.03612949,0.8082265,0.7059116,-0.004139242,-0.7082879,0.3326288,0.8847932,0.3263422,0.6253374,-0.4659657,0.6259626,moving,1.0110227740851698,1.7463969082241575,13.549220465785627,2.559542507142248,0.6054183,-0.37409380000000003,0.3819980000000003,0.017636566308854518,0.030470914992175246,0.9993799926958481,-1.3620016999184517,6.411946329985411,12.551483257137248,12.564537680360647,15.40082990261373
05/17/2023 13:14:09.384279,2627,True,True,True,True,Eyes,0.4241054,0.1067268,-3.005827,0.6546376,-0.4372424,0.6166593,0.0,0.0,0.0,0.0,0.0,0.0,0.0,-2.310036,0.7136464,1.624889,0.335881,0.1171067,-2.891244,0.2199694,0.3783504,-0.09471124,0.8941445,27.71262,45.82394,359.811,0.1492181,0.03392709,-0.9882219,0.0,0.0,0.0,0.9458911,-0.2556518,-2.515728,0.1964049,0.0327782,0.8070016,0.6957616,-0.002919988,-0.718267,0.335822,0.8852865,0.3217008,0.6349326,-0.4650369,0.6169289,moving,0.7923799141457426,1.7844593708888414,13.678493674036838,2.325919503719262,0.6100101,-0.3727585,0.37551599999999974,0.013822492284291832,0.031136681621964674,0.9994195524066125,-1.4553660353897953,6.44094771860769,12.886802015273982,12.897484518629955,15.683340425876581
05/17/2023 13:14:09.394400,2628,True,True,True,True,Eyes,0.4207199,0.1070014,-3.000602,0.6618185,-0.4356658,0.610075,0.0,0.0,0.0,0.0,0.0,0.0,0.0,-2.329672,0.6971632,1.591028,0.3333545,0.1173085,-2.884422,0.2188508,0.3852889,-0.0951673,0.8914035,27.61334,46.73437,359.9338,0.1482599,0.03404813,-0.9883619,0.0,0.0,0.0,0.9480605,-0.2538453,-2.515533,0.1979853,0.0303379,0.8072526,0.6849914,-0.001023364,-0.7285504,0.3383065,0.886095,0.3168349,0.6452408,-0.4635025,0.6073136,moving,0.5339987202201426,1.785081996912298,13.780254596649785,2.1522581311127436,0.614706,-0.3711538,0.3688889999999998,0.009315378067943192,0.031149165411355484,0.9994712977782392,-1.5743366309194977,6.458125248528643,13.2421531662709,13.251343820812032,15.946910779163188
05/17/2023 13:14:09.414671,2629,True,True,True,True,Eyes,0.4173437,0.1072657,-2.99529,0.6689135,-0.43397,0.6035104,0.0,0.0,0.0,0.0,0.0,0.0,0.0,-2.349158,0.6801559,1.556244,0.3306912,0.1175022,-2.877479,0.2174634,0.3924463,-0.0952931,0.8886027,27.46922,47.67774,0.08588558,0.1473111,0.03417273,-0.9884995,0.0,0.0,0.0,0.9501815,-0.2520791,-2.515342,0.1992752,0.03425829,0.806245,0.6738102,0.001329997,-0.7389032,0.3400408,0.8872578,0.3116823,0.6560122,-0.4612719,0.5973912,moving,0.24120219171098456,1.7488482243342516,13.883240028919872,2.4331008528610396,0.6194903,-0.3695813,0.36213700000000015,0.004207799193738926,0.03051815065090646,0.9995253729631901,-1.7163464283016776,6.46335483212812,13.64693977180591,13.659187311530827,16.11179830973961
05/17/2023 13:14:09.433983,2630,True,True,True,True,Eyes,0.4139911,0.107509,-2.989908,0.6760584,-0.4322282,0.5967612,0.0,0.0,0.0,0.0,0.0,0.0,0.0,-2.366835,0.663534,1.522633,0.3278353,0.1174716,-2.870422,0.2159338,0.3993423,-0.09526744,0.8859021,27.30203,48.58673,0.2364907,0.1463724,0.03430018,-0.9886345,0.0,0.0,0.0,0.9523059,-0.25031,-2.515152,0.2038679,0.03632298,0.8058294,0.6628997,0.003667726,-0.7486993,0.3412583,0.8885934,0.3065037,0.6664135,-0.458681,0.5877966,moving,-0.012669324165319101,1.6930439126624406,14.197441601956163,2.580875911162872,0.6244706,-0.3677816,0.35527,-0.00022102490112957396,0.029544891533253542,0.999563483448411,-1.844225853884315,6.458490552807624,14.223453197043414,14.23781929195052,16.50366595859445
05/17/2023 13:14:09.444746,2631,True,True,True,True,Eyes,0.4106679,0.1077389,-2.984467,0.6830465,-0.4302553,0.590193,0.0,0.0,0.0,0.0,0.0,0.0,0.0,-2.382917,0.6484398,1.489541,0.3250043,0.1171629,-2.863241,0.2144758,0.405988,-0.09503324,0.8832568,27.13181,49.46908,0.4037779,0.1454427,0.03442977,-0.9887671,0.0,0.0,0.0,0.9545092,-0.2484753,-2.514954,0.2066512,0.04123658,0.8050057,0.6522849,0.006271721,-0.7579479,0.3420267,0.8899376,0.3017097,0.6764185,-0.4560391,0.5783477,moving,-0.257544697880057,1.649602027134875,14.397386921398462,2.9324247854326413,0.6295048999999999,-0.3656382,0.348287,-0.004493124807554427,0.02878671760213644,0.9995754390282398,-1.9655516183385813,6.457800866156693,14.691702450134889,14.710970566041386,16.738399988223282
05/17/2023 13:14:09.464384,2632,True,True,True,True,Eyes,0.4073649,0.1079426,-2.978955,0.6900753,-0.4282926,0.5834051,0.0,0.0,0.0,0.0,0.0,0.0,0.0,-2.397772,0.6336716,1.457317,0.3221829,0.1170284,-2.856067,0.213279,0.4123347,-0.09518488,0.8805862,27.00815,50.31009,0.5304109,0.1445225,0.03456087,-0.9888976,0.0,0.0,0.0,0.956562,-0.2467659,-2.51477,0.211449,0.04189007,0.804125,0.6418399,0.008247709,-0.7667944,0.3435217,0.8909038,0.2971251,0.6855906,-0.4541172,0.5689843,moving,-0.4566293348443695,1.6522635712737102,14.732710898209824,2.9820694599410946,0.6343791000000001,-0.3637943,0.34129699999999996,-0.007966287602419575,0.028832527546477915,0.999552502476972,-2.0567945098980234,6.471877120007014,15.226995822731682,15.247440454614448,17.148359961032348
05/17/2023 13:14:09.484217,2633,True,True,True,True,Eyes,0.4040725,0.10813,-2.97337,0.6969963,-0.4262154,0.5766599,0.0,0.0,0.0,0.0,0.0,0.0,0.0,-2.41369,0.6186801,1.422018,0.3193194,0.1166006,-2.848725,0.2121867,0.4191495,-0.09546801,0.877597,26.90159,51.21771,0.6624826,0.1436118,0.03469254,-0.9890256,0.0,0.0,0.0,0.9586425,-0.2450334,-2.514583,0.2147904,0.04298705,0.8029158,0.630399,0.01031105,-0.7762028,0.3454408,0.8917253,0.292398,0.6951746,-0.4524595,0.5585809,moving,-0.7230466005606384,1.6801758444426746,14.976678659146193,3.064614364235207,0.6393230999999999,-0.361634,0.33414199999999994,-0.012613784611558543,0.02931806590442418,0.9994905668030375,-2.1741552345948607,6.500098501275987,15.738633256070884,15.760648566774213,17.49153093661489
05/17/2023 13:14:09.494108,2634,True,True,True,True,Eyes,0.4007885,0.1082979,-2.967712,0.7039375,-0.4241162,0.5697345,0.0,0.0,0.0,0.0,0.0,0.0,0.0,-2.42784,0.6043723,1.388073,0.3162467,0.1163571,-2.84128,0.2111329,0.4256662,-0.09567586,0.8746871,26.79518,52.08887,0.7941227,0.1427088,0.03482452,-0.9891517,0.0,0.0,0.0,0.960838,-0.2432052,-2.514386,0.2171828,0.04411997,0.8021225,0.6193089,0.01237143,-0.78505,0.3471172,0.892538,0.2878985,0.7042486,-0.4508024,0.5484624,moving,-0.9494091970936085,1.709881745696773,15.150160869811828,3.1483263013088734,0.6445913,-0.3595623,0.3268939999999998,-0.016562181856044578,0.029834543329532837,0.9994176052358819,-2.272704897535359,6.526385432170864,16.14014040428972,16.163702517640182,17.74732472905701
05/17/2023 13:14:09.514103,2635,True,True,True,True,Eyes,0.3975224,0.1084343,-2.961988,0.7107737,-0.4218644,0.5628775,0.0,0.0,0.0,0.0,0.0,0.0,0.0,-2.440614,0.589708,1.355504,0.3131278,0.1160294,-2.833766,0.2097309,0.431991,-0.0956037,0.8719271,26.63722,52.93148,0.9285001,0.141814,0.03495608,-0.9892756,0.0,0.0,0.0,0.9629368,-0.2414574,-2.514197,0.2196947,0.04317556,0.8015638,0.6084875,0.01448479,-0.7934313,0.3479226,0.8937458,0.2831402,0.7132272,-0.4483399,0.5387936,moving,-1.159011882763718,1.6981500579816546,15.327372896122302,3.083209462426958,0.6498090000000001,-0.3574868,0.319569,-0.020218313116936393,0.029627911778634358,0.9993564485525885,-2.3715983570686596,6.535604213011149,16.52159253603614,16.544463503883314,18.032543163268496
05/17/2023 13:14:09.534296,2636,True,True,True,True,Eyes,0.3942591,0.1085405,-2.956186,0.7176253,-0.4195534,0.5558677,0.0,0.0,0.0,0.0,0.0,0.0,0.0,-2.452514,0.574641,1.323065,0.3100103,0.1153587,-2.825973,0.2080386,0.4382933,-0.09534945,0.8692109,26.43875,53.76802,1.062671,0.1409262,0.03508651,-0.9893979,0.0,0.0,0.0,0.9651104,-0.2396475,-2.514002,0.2216003,0.04285552,0.8009449,0.597615,0.01660635,-0.8016112,0.3481214,0.8952568,0.2780768,0.7222658,-0.4452409,0.5292379,moving,-1.3582193890483052,1.6500362078948976,15.465360829017916,3.0627590034025176,0.6551001000000001,-0.3550062,0.3119709999999998,-0.023693357482703237,0.028786501018493754,0.9993047526782054,-2.47278482626254,6.530120362822327,16.859941199641653,16.88279115107025,18.270185120760402
05/17/2023 13:14:09.545974,2637,True,True,True,True,Eyes,0.391014,0.1086196,-2.950329,0.7242873,-0.4171049,0.5490277,0.0,0.0,0.0,0.0,0.0,0.0,0.0,-2.463223,0.5589189,1.292167,0.3067835,0.1146999,-2.818205,0.2060786,0.4443827,-0.095051,0.8666148,26.20981,54.56942,1.175797,0.1400453,0.03521495,-0.9895184,0.0,0.0,0.0,0.9672604,-0.2378571,-2.513809,0.2238462,0.04202311,0.8006541,0.5869787,0.0184103,-0.809393,0.3479007,0.8969939,0.2727034,0.7310413,-0.4416594,0.5201113,moving,-1.5429994688240787,1.5799133963227612,15.619884586118612,3.0044679177489195,0.6604769,-0.352557,0.30439599999999967,-0.02691693693003555,0.027561206639617697,0.9992576566168819,-2.5716070424202564,6.515208796583867,17.19962726729837,17.22190305012549,18.52716031100078
05/17/2023 13:14:09.564192,2638,True,True,True,True,Eyes,0.3877597,0.1086567,-2.944394,0.7309467,-0.4146392,0.5420251,0.0,0.0,0.0,0.0,0.0,0.0,0.0,-2.473272,0.5422125,1.261352,0.3034584,0.1140791,-2.810156,0.2041427,0.450415,-0.09513656,0.8639451,26.00426,55.35754,1.244003,0.1391712,0.0353408,-0.9896373,0.0,0.0,0.0,0.9693384,-0.2361267,-2.513623,0.2240968,0.04182854,0.8003463,0.5761507,0.01951233,-0.8171105,0.3482834,0.8985496,0.2670342,0.7394249,-0.438438,0.5109041,moving,-1.7111175255656839,1.5330701687725838,15.6422355701972,2.9917303668931705,0.66588,-0.3502058,0.29653300000000016,-0.029849515907898194,0.026742007389451955,0.9991965897101465,-2.658216495550093,6.508176630791521,17.392355837972787,17.414550044138508,18.635233836407824
05/17/2023 13:14:09.584404,2639,True,True,True,True,Eyes,0.3844922,0.1086508,-2.938363,0.737565,-0.4120998,0.5349501,0.0,0.0,0.0,0.0,0.0,0.0,0.0,-2.4825,0.528114,1.230218,0.2999672,0.1130717,-2.80221,0.2025595,0.4563374,-0.09509961,0.8612097,25.82903,56.14397,1.341302,0.1383033,0.03546299,-0.9897545,0.0,0.0,0.0,0.9714879,-0.2343367,-2.51343,0.2229214,0.04308341,0.8005894,0.5654246,0.02106951,-0.8245309,0.3486723,0.8998514,0.2620974,0.7474777,-0.4356874,0.5014517,moving,-1.876184980744903,1.5221316944971552,15.559680750118421,3.0803789790698697,0.6715207,-0.3474084,0.28878000000000004,-0.032728213087705904,0.02654885455475467,0.9991116085127656,-2.736428534250546,6.51478170204663,17.481855756988722,17.505357705130514,18.615658382371613
05/17/2023 13:14:09.594273,2640,True,True,True,True,Eyes,0.3812056,0.1086017,-2.93226,0.7441522,-0.4095543,0.5277336,0.0,0.0,0.0,0.0,0.0,0.0,0.0,-2.490666,0.5157191,1.199085,0.2965288,0.1119969,-2.79405,0.2011908,0.4621138,-0.09490115,0.8584678,25.66712,56.92045,1.462673,0.1374394,0.03558077,-0.9898707,0.0,0.0,0.0,0.9736005,-0.2325775,-2.51324,0.2203766,0.04448387,0.8013992,0.5548893,0.02300695,-0.831606,0.3488853,0.901032,0.2577214,0.755233,-0.4331419,0.4919463,moving,-2.0275190572621904,1.5257963491956703,15.375707538880661,3.1770997374005954,0.6770716999999999,-0.3445744,0.2808099999999998,-0.03536696923707017,0.026610364188036528,0.9990200398325624,-2.8054671393601636,6.526114364380688,17.456594452041774,17.481392931817275,18.487049836370108
05/17/2023 13:14:09.614060,2641,True,True,True,True,Eyes,0.3778786,0.1085018,-2.926036,0.7506999,-0.4069592,0.5204169,0.0,0.0,0.0,0.0,0.0,0.0,0.0,-2.498236,0.5008156,1.169787,0.2927687,0.1108835,-2.786107,0.1994931,0.4677294,-0.09519523,0.855786,25.49917,57.65782,1.503623,0.1365788,0.03569317,-0.9899858,0.0,0.0,0.0,0.9756777,-0.2308478,-2.513054,0.2166299,0.04691495,0.8024814,0.5443341,0.02368418,-0.8385342,0.3495511,0.9022807,0.2523957,0.762571,-0.4304981,0.4828633,moving,-2.143781855985746,1.5234442020042234,15.106908018584209,3.3458376390386517,0.682909,-0.34173129999999996,0.273053,-0.037394116168202596,0.026567388452434282,0.9989473129635399,-2.859512444658236,6.53282921562575,17.31953107260042,17.346683227289777,18.24689506659294
05/17/2023 13:14:09.634106,2642,True,True,True,True,Eyes,0.374534,0.1083401,-2.919748,0.7572011,-0.4043816,0.5129543,0.0,0.0,0.0,0.0,0.0,0.0,0.0,-2.505687,0.4825475,1.140849,0.2890904,0.1095416,-2.778,0.1973328,0.4733901,-0.09597049,0.8530834,25.3119,58.3819,1.463565,0.1357214,0.03579902,-0.9900998,0.0,0.0,0.0,0.9777802,-0.229097,-2.512865,0.2132687,0.04923047,0.8035427,0.533383,0.02308914,-0.8455586,0.3505724,0.9036988,0.2458197,0.7698062,-0.4275456,0.4739232,moving,-2.2468549774832165,1.4972510989089405,14.864203446422419,3.505945368559937,0.6886897999999999,-0.3386386,0.2651349999999999,-0.03919160413686629,0.026108914090350627,0.9988906050806875,-2.91212071897012,6.529491462427424,17.199084696815245,17.22855690576668,18.031625878296722
05/17/2023 13:14:09.644612,2643,True,True,True,True,Eyes,0.3711735,0.1081163,-2.913402,0.7635349,-0.401811,0.5055317,0.0,0.0,0.0,0.0,0.0,0.0,0.0,-2.513292,0.4624891,1.111663,0.2853025,0.1078814,-2.770071,0.1951033,0.4791185,-0.09733015,0.8502394,25.15284,59.10631,1.3577,0.1348651,0.03589712,-0.9902133,0.0,0.0,0.0,0.9799575,-0.2272839,-2.51267,0.2106785,0.04995373,0.8045406,0.5219446,0.02144738,-0.8527097,0.3524631,0.9049231,0.2385037,0.7767521,-0.4250344,0.4647603,moving,-2.3601438508355193,1.4957661056320841,14.674092938771217,3.552920020832321,0.694655,-0.3351653,0.2574010000000002,-0.04116662297060408,0.026080949452425506,0.998811802179348,-2.9646264451738924,6.536345554443541,17.128067372127024,17.158004115724395,17.889249548825806
05/17/2023 13:14:09.664409,2644,True,True,True,True,Eyes,0.3678593,0.1080039,-2.906959,0.7697863,-0.3993446,0.4979487,0.0,0.0,0.0,0.0,0.0,0.0,0.0,-2.520525,0.4432634,1.081598,0.2814233,0.1061418,-2.762049,0.193009,0.4849236,-0.09863253,0.8472712,25.00645,59.84926,1.267848,0.1340091,0.03598622,-0.9903263,0.0,0.0,0.0,0.9820991,-0.2255005,-2.512477,0.2084593,0.05019465,0.8053848,0.5102415,0.0200522,-0.8597973,0.3543262,0.9060383,0.2314033,0.7836496,-0.4227203,0.4551934,moving,-2.4863051279153434,1.500493969190386,14.511510453404789,3.566278654342755,0.7006758,-0.3316423,0.24957200000000013,-0.04336574499129131,0.026160932567200645,0.9987166679379619,-3.0218554959163,6.546437818950087,17.093020971058994,17.12288529722662,17.784832587325788
05/17/2023 13:14:09.684393,2645,True,True,True,True,Eyes,0.3645321,0.108206,-2.900474,0.7759838,-0.3970953,0.4900657,0.0,0.0,0.0,0.0,0.0,0.0,0.0,-2.527472,0.4169853,1.052416,0.2792122,0.1087098,-2.753143,0.1912431,0.4905106,-0.1011951,0.8441475,24.97036,60.55402,1.059756,0.1331547,0.03607116,-0.9904385,0.0,0.0,0.0,0.9842081,-0.2237443,-2.512288,0.2064115,0.05000226,0.8059055,0.4983178,0.01676635,-0.8668324,0.3584608,0.9063712,0.2236002,0.7894208,-0.4221493,0.4456508,moving,-2.5673323116960822,1.5959322853583173,14.36598801652132,3.5503551065420846,0.7049959,-0.3324541,0.24085500000000026,-0.04477606658425559,0.027822737421258292,0.9986094955510135,-3.0406184859148464,6.588530019275859,17.016475187095256,17.045735710199917,17.669761083020276
05/17/2023 13:14:09.694101,2646,True,True,True,True,Eyes,0.3611801,0.1081562,-2.89386,0.7821972,-0.3949803,0.4818279,0.0,0.0,0.0,0.0,0.0,0.0,0.0,-2.541113,0.3593819,1.020254,0.2755571,0.116433,-2.745513,0.1872487,0.4981493,-0.1085028,0.8396501,24.99556,61.4207,0.2747883,0.1323008,0.03616316,-0.9905495,0.0,0.0,0.0,0.9863963,-0.2219222,-2.512091,0.2049982,0.0507243,0.8063701,0.4801489,0.004346724,-0.8771762,0.3687644,0.9063302,0.2063455,0.7959082,-0.4225479,0.4335706,moving,-2.7980442377259003,1.7146976556823308,14.263768313235392,3.5994191926225434,0.7108392,-0.33835519999999997,0.23342200000000002,-0.0487938698045291,0.02988701124128057,0.9983616314356747,-3.1238312305683724,6.6494243896775105,17.135712611977237,17.165594157964545,17.65307762396538
05/17/2023 13:14:09.714237,2647,True,True,True,True,Eyes,0.3578483,0.1084541,-2.887197,0.7881624,-0.3925065,0.474066,0.0,0.0,0.0,0.0,0.0,0.0,0.0,-2.555004,0.3553565,0.9550433,0.2713648,0.1103136,-2.735072,0.1885815,0.5083619,-0.1089438,0.8331486,25.15058,62.9246,0.6458016,0.1314481,0.03625303,-0.9906598,0.0,0.0,0.0,0.9884822,-0.2201851,-2.511904,0.2036615,0.05199353,0.8066093,0.4593988,0.01020258,-0.8881716,0.3732681,0.9051365,0.2034671,0.8059924,-0.4249986,0.4120104,moving,-3.6128841945377292,2.0316181695366615,14.170486878652719,3.6881475916542503,0.7171174,-0.3304987,0.22316800000000026,-0.06297548942006981,0.03538062685931345,0.9973876842268278,-3.4376928774919526,6.824976258932516,17.828779591275953,17.86035767987663,17.885404340203266
05/17/2023 13:14:09.734119,2648,True,True,True,True,Eyes,0.3545518,0.1088686,-2.880451,0.7940528,-0.3900844,0.4661697,0.0,0.0,0.0,0.0,0.0,0.0,0.0,-2.547747,0.3385068,0.9573134,0.2683445,0.1189407,-2.726884,0.1851302,0.5093718,-0.1067917,0.8335842,24.67286,63.00068,0.6658704,0.1305956,0.03635309,-0.9907688,0.0,0.0,0.0,0.9906093,-0.2184139,-2.511713,0.2023374,0.05325125,0.8068503,0.4582718,0.01056042,-0.8887494,0.36664,0.9086446,0.1998499,0.8096679,-0.4174367,0.4125344,moving,-3.127602057426001,1.7129313878214532,14.077995721695787,3.775983486833954,0.7222648,-0.3373546,0.21517100000000022,-0.054535537044772375,0.02984735332074631,0.9980655731004225,-3.2760733819738572,6.670347089962193,17.29626303511973,17.328842399311057,17.593778875558677
05/17/2023 13:14:09.744574,2649,True,True,True,True,Eyes,0.3512488,0.1092622,-2.873672,0.7998205,-0.3874311,0.4584585,0.0,0.0,0.0,0.0,0.0,0.0,0.0,-2.552032,0.3084854,0.9301423,0.2659019,0.1221554,-2.718009,0.18244,0.5148469,-0.1092741,0.8304864,24.55375,63.6795,0.4003797,0.1297446,0.03646652,-0.9908764,0.0,0.0,0.0,0.9927933,-0.2165952,-2.511517,0.2013035,0.05426221,0.8072361,0.4459838,0.006356,-0.8950185,0.3693585,0.9095497,0.1905089,0.8152747,-0.4155466,0.4032968,moving,-3.216571197938304,1.74326892244947,14.002468129901134,3.845622877863127,0.7268914,-0.3387506,0.2064919999999999,-0.05608438272441074,0.030373204776112633,0.9979638751657098,-3.311173314522888,6.687870935487932,17.313267868793105,17.3469077223442,17.545385549686536
05/17/2023 13:14:09.764415,2650,True,True,True,True,Eyes,0.3479663,0.1097189,-2.866861,0.8054392,-0.3847007,0.4508581,0.0,0.0,0.0,0.0,0.0,0.0,0.0,-2.551745,0.3062885,0.9064291,0.26219,0.1219452,-2.709836,0.1804924,0.5192286,-0.1058529,0.828625,24.14483,64.30501,0.754046,0.1288957,0.03659124,-0.9909827,0.0,0.0,0.0,0.9949589,-0.2147919,-2.511323,0.2000875,0.05512203,0.807481,0.4383936,0.01200885,-0.898703,0.3628583,0.9124354,0.1891972,0.8222804,-0.4090447,0.3956482,moving,-3.252010114292072,1.5236594638053151,13.917125612183613,3.9051909826791107,0.7327689,-0.3367371,0.19851300000000016,-0.056707820354366334,0.026546951806632746,0.9980377960143463,-3.3702698346031266,6.605559500373989,17.29896341780734,17.33351995324473,17.49702921826847
05/17/2023 13:14:09.784362,2651,True,True,True,True,Eyes,0.3447046,0.110179,-2.86001,0.8109155,-0.3818412,0.443411,0.0,0.0,0.0,0.0,0.0,0.0,0.0,-2.548331,0.3004499,0.8946029,0.2593898,0.1238716,-2.702212,0.1791014,0.5215727,-0.1043578,0.8276437,23.91148,64.6244,0.8829165,0.1280472,0.03672872,-0.9910875,0.0,0.0,0.0,0.997106,-0.213004,-2.51113,0.1989485,0.05609225,0.8078073,0.4341427,0.01408667,-0.9007341,0.359571,0.9140642,0.1876039,0.8259715,-0.4053247,0.3917691,moving,-3.0231007695093455,1.4770045905576192,13.8355808101743,3.9721091819462355,0.7377162,-0.3368756,0.19108199999999975,-0.0527211093369272,0.025739890726409836,0.9982774703129218,-3.2738466272049997,6.572573715994557,17.006755689996087,17.042320602756337,17.305921617405723
05/17/2023 13:14:09.794290,2652,True,True,True,True,Eyes,0.3414767,0.1106216,-2.853124,0.8163254,-0.3788842,0.4359582,0.0,0.0,0.0,0.0,0.0,0.0,0.0,-2.547176,0.2746171,0.8819392,0.2566477,0.1243732,-2.694439,0.1743893,0.5249195,-0.1048309,0.8264735,23.47269,64.96903,0.6122164,0.1272005,0.03687783,-0.9911909,0.0,0.0,0.0,0.9991612,-0.2112925,-2.510946,0.1973834,0.05705419,0.8082745,0.42694,0.009800829,-0.904227,0.3563607,0.9171977,0.1782008,0.8311014,-0.3983119,0.3880957,moving,-2.831990393747029,1.20950600279072,13.723236730090168,4.037676722645597,0.7425135,-0.3356657,0.1834929999999999,-0.049396450632234246,0.021082525757950887,0.9985566912372291,-3.2378480574981987,6.456955538542666,16.758308813453773,16.795061617704153,17.132755387292782
05/17/2023 13:14:09.814738,2653,True,True,True,True,Eyes,0.3382813,0.1110659,-2.846225,0.8215556,-0.3761134,0.4284683,0.0,0.0,0.0,0.0,0.0,0.0,0.0,-2.548221,0.2420953,0.8637494,0.2542365,0.1243754,-2.686633,0.1693375,0.5292169,-0.1067074,0.8245411,23.09109,65.42883,0.2032561,0.1263562,0.03703699,-0.991293,0.0,0.0,0.0,1.001293,-0.2095176,-2.510754,0.1950691,0.05818413,0.8088887,0.417086,0.003263232,-0.9088613,0.3552019,0.9198766,0.1663087,0.836583,-0.3921943,0.3825085,moving,-2.75085874510214,0.9808225127054582,13.558392770744796,4.114253628800924,0.7470565,-0.333893,0.17587900000000012,-0.04798608292461998,0.017098026388256735,0.9987016426315662,-3.2449823147311396,6.363505580717947,16.56944390752255,16.607530688409724,16.953245960770932
05/17/2023 13:14:09.834439,2654,True,True,True,True,Eyes,0.3350922,0.1114684,-2.839305,0.8266902,-0.3734401,0.4208633,0.0,0.0,0.0,0.0,0.0,0.0,0.0,-2.549231,0.2155578,0.8424846,0.2516269,0.1248807,-2.678789,0.1660846,0.5336025,-0.1088805,0.8220885,22.90911,65.95138,359.8897,0.1255142,0.03720548,-0.9913936,0.0,0.0,0.0,1.003441,-0.2077284,-2.510561,0.1919793,0.05907528,0.8097703,0.4068269,-0.00177252,-0.9135036,0.3562652,0.9211218,0.1568746,0.8411701,-0.3892704,0.3753686,moving,-2.721705776519166,0.9499189447997056,13.337367111688971,4.172514808434294,0.7518141,-0.3326091,0.16822800000000004,-0.047478355469193045,0.01655975856487643,0.9987350462005198,-3.2375627856250864,6.34968470354854,16.34062042562005,16.379223001384908,16.717307494123187
05/17/2023 13:14:09.844599,2655,True,True,True,True,Eyes,0.331933,0.1118659,-2.83239,0.8316587,-0.3709775,0.4131821,0.0,0.0,0.0,0.0,0.0,0.0,0.0,-2.550629,0.2018004,0.816442,0.2486127,0.1242814,-2.671284,0.1649767,0.5382096,-0.1101327,0.819136,22.88145,66.57768,359.8232,0.1246749,0.03738093,-0.991493,0.0,0.0,0.0,1.005595,-0.2059353,-2.510368,0.1882919,0.05951199,0.8107493,0.3964024,-0.002843258,-0.9180723,0.3580115,0.9213069,0.1517278,0.8453951,-0.3888257,0.3662262,moving,-2.78643676578066,1.0699152205565081,13.074832568383956,4.198192325224616,0.7569823,-0.3302167,0.16091599999999984,-0.04860487115820844,0.018650388325097148,0.9986439185552409,-3.244032704240856,6.400172954219078,16.12871540128968,16.166817328543722,16.46675689006633
05/17/2023 13:14:09.864414,2656,True,True,True,True,Eyes,0.3288053,0.1122672,-2.825466,0.8365265,-0.3685683,0.405439,0.0,0.0,0.0,0.0,0.0,0.0,0.0,-2.550701,0.1930429,0.7923335,0.245937,0.1245871,-2.663667,0.1646858,0.5422689,-0.1107878,0.8164247,22.89605,67.15532,359.8575,0.1238389,0.03756252,-0.9915909,0.0,0.0,0.0,1.007692,-0.204189,-2.51018,0.1843434,0.05926535,0.8119289,0.3873411,-0.002291813,-0.9219338,0.3595077,0.9212094,0.1487535,0.8489531,-0.3890605,0.3576461,moving,-2.8047954786357336,1.2345583855092859,12.791791584895376,4.174802657415911,0.7617550000000001,-0.3287761,0.1534869999999997,-0.048922033895679395,0.021519642428956792,0.9985707282297935,-3.2204353258935314,6.46482769267701,15.834652899753939,15.871312624001385,16.175154568186205
05/17/2023 13:14:09.884199,2657,True,True,True,True,Eyes,0.3256958,0.1126634,-2.818509,0.8412641,-0.3663293,0.3975895,0.0,0.0,0.0,0.0,0.0,0.0,0.0,-2.550864,0.1821221,0.7691102,0.2435906,0.12507,-2.656431,0.1637374,0.546316,-0.1112492,0.8138505,22.83446,67.71749,359.8647,0.1230062,0.03774998,-0.9916874,0.0,0.0,0.0,1.009768,-0.2024599,-2.509994,0.1810272,0.05889873,0.8130542,0.3783248,-0.002175697,-0.9256704,0.3599851,0.9216274,0.1449611,0.8528079,-0.3880699,0.3494577,moving,-2.807548005958135,1.3113799713347458,12.552207863508821,4.143345012698631,0.7661774,-0.3275299,0.14643700000000015,-0.048968547782115845,0.02285844254778542,0.9985386449356627,-3.2067453682435847,6.4946141408569185,15.583278621178597,15.618646752043908,15.933394913626845
05/17/2023 13:14:09.893995,2658,True,True,True,True,Eyes,0.3226135,0.1130565,-2.811561,0.8458834,-0.3641764,0.3896881,0.0,0.0,0.0,0.0,0.0,0.0,0.0,-2.550565,0.176627,0.7448857,0.2411011,0.125332,-2.649075,0.1634134,0.5503438,-0.1109218,0.8112423,22.78201,68.30438,359.9937,0.1221759,0.03794286,-0.9917827,0.0,0.0,0.0,1.012012,-0.2005911,-2.509792,0.1782363,0.05883265,0.8140295,0.369636,-0.0001017971,-0.9291767,0.3598361,0.9219847,0.1430455,0.8566722,-0.387226,0.3408354,moving,-2.831427300639737,1.3974157601278165,12.35032767626187,4.133771200561998,0.7709108999999998,-0.3259231,0.13928299999999982,-0.04938296177151169,0.024357333733804568,0.9984828668405801,-3.200998877429606,6.529336535829578,15.391801893203779,15.426384063515028,15.734754235611222
05/17/2023 13:14:09.915128,2659,True,True,True,True,Eyes,0.3195799,0.1134576,-2.804661,0.8503502,-0.3622723,0.3816586,0.0,0.0,0.0,0.0,0.0,0.0,0.0,-2.549916,0.17797,0.7214539,0.2386897,0.125632,-2.64225,0.1643451,0.5539472,-0.1101935,0.808697,22.82349,68.86962,0.2393712,0.1213502,0.03814023,-0.9918765,0.0,0.0,0.0,1.014066,-0.1988811,-2.509608,0.1758089,0.05917381,0.8149387,0.3619999,0.003850673,-0.9321703,0.3603033,0.9216961,0.143728,0.8597313,-0.3878935,0.3322665,moving,-2.8291246709845432,1.568225338147462,12.173998173230489,4.15303605822741,0.7753762999999999,-0.3245131,0.13264200000000015,-0.04933903519892546,0.0273339468517573,0.9984079746759009,-3.166677652059899,6.5950133212353546,15.18982889359428,15.22415651316181,15.533820770489683
05/17/2023 13:14:09.934315,2660,True,True,True,True,Eyes,0.3165672,0.1138783,-2.797783,0.8546826,-0.3605431,0.3735323,0.0,0.0,0.0,0.0,0.0,0.0,0.0,-2.54966,0.1778237,0.6964582,0.2365467,0.1262487,-2.635441,0.1658845,0.5576857,-0.1104356,0.8057749,22.9861,69.4643,0.438803,0.1205277,0.03834243,-0.991969,0.0,0.0,0.0,1.016236,-0.1970742,-2.509413,0.1727257,0.0602458,0.8159372,0.3535812,0.007050399,-0.9353773,0.3629953,0.9205726,0.1441543,0.8620991,-0.3905078,0.3229379,moving,-2.8522985972669623,1.8467212159156505,11.952484476714462,4.222846580369981,0.7796892999999999,-0.32332289999999997,0.12602800000000025,-0.04973566218942527,0.03218590396403043,0.9982436998730609,-3.1231303672863593,6.703861023978883,14.9594316920501,14.994251352276647,15.278402913722818
05/17/2023 13:14:09.944614,2661,True,True,True,True,Eyes,0.3136026,0.1143277,-2.790972,0.85891,-0.3589362,0.3652924,0.0,0.0,0.0,0.0,0.0,0.0,0.0,-2.549946,0.1725341,0.6712269,0.2340564,0.1270624,-2.628994,0.1669185,0.5616953,-0.1114958,0.8026241,23.15369,70.07945,0.5319425,0.1197098,0.03854937,-0.9920599,0.0,0.0,0.0,1.018352,-0.1953117,-2.509223,0.1702835,0.06113528,0.8170784,0.3441342,0.008536192,-0.9388818,0.3664931,0.9194138,0.1426922,0.864439,-0.3931989,0.3132732,moving,-2.8937684548472844,2.1172794893196665,11.772242817849138,4.279000431747706,0.7842955999999999,-0.3223741,0.11977100000000007,-0.05044994310588152,0.03689804450029656,0.9980448180421897,-3.089561560425638,6.810849027285949,14.78914856039311,14.824470448680133,15.07592407412681
05/17/2023 13:14:09.964095,2662,True,True,True,True,Eyes,0.3106661,0.1148053,-2.784166,0.8630446,-0.3573153,0.3570434,0.0,0.0,0.0,0.0,0.0,0.0,0.0,-2.549562,0.160938,0.6474485,0.2318,0.1282298,-2.622057,0.1667677,0.5657254,-0.1129025,0.7996227,23.23143,70.66229,0.5069605,0.1188961,0.03876189,-0.9921496,0.0,0.0,0.0,1.020457,-0.1935589,-2.509034,0.1682642,0.06134716,0.8182508,0.3344157,0.00813058,-0.9423906,0.3692482,0.9188831,0.1389588,0.8670767,-0.394446,0.3042868,moving,-2.9121356482765846,2.293164498468827,11.620252117127432,4.2876458233722365,0.7886569999999999,-0.32178870000000004,0.11302299999999965,-0.05076389908672052,0.039961001306142496,0.9979109878195216,-3.0637790877417865,6.879836778203073,14.633449013254557,14.668614451251107,14.911077304201724
05/17/2023 13:14:09.984194,2663,True,True,True,True,Eyes,0.30777,0.1153038,-2.777334,0.8671685,-0.3555032,0.3487639,0.0,0.0,0.0,0.0,0.0,0.0,0.0,-2.548339,0.1457295,0.6274338,0.2296045,0.1294708,-2.615236,0.1649851,0.5694937,-0.1136088,0.7972139,23.1074,71.16689,0.4220383,0.1180875,0.03898034,-0.9922375,0.0,0.0,0.0,1.022589,-0.1917839,-2.508842,0.1665312,0.06127898,0.8192611,0.32554,0.006774909,-0.9455041,0.3690569,0.919746,0.1336579,0.870529,-0.3924558,0.2969138,moving,-2.8606729350000024,2.2767530474704185,11.489969563190986,4.277636373900414,0.7929845,-0.3212547,0.10639399999999988,-0.04986812110792721,0.03967695293693181,0.997967384461289,-3.0432547633282687,6.870138505819021,14.454859522827135,14.489460797313019,14.762644635326476
05/17/2023 13:14:09.994245,2664,True,True,True,True,Eyes,0.3049183,0.1157971,-2.770506,0.8712211,-0.3535666,0.3405357,0.0,0.0,0.0,0.0,0.0,0.0,0.0,-2.546,0.1295242,0.6101847,0.2278342,0.1304401,-2.608121,0.162147,0.5729213,-0.1135895,0.7953407,22.83509,71.59812,0.3176992,0.1172842,0.03920516,-0.9923239,0.0,0.0,0.0,1.024703,-0.190023,-2.508653,0.165244,0.06084614,0.8204144,0.3177172,0.005110255,-0.9481716,0.3664797,0.9216115,0.1277686,0.8744988,-0.3880799,0.290939,moving,-2.7468946533736585,2.119623454908367,11.387882213930508,4.241583370785655,0.7968687999999999,-0.3204631,0.09946800000000033,-0.047891279860883096,0.03694353304960016,0.9981691787339259,-3.0214087702349115,6.802124389876642,14.259572820749241,14.29316728276371,14.635027740896097
05/17/2023 13:14:10.015096,2665,True,True,True,True,Eyes,0.302119,0.1162756,-2.763687,0.8751959,-0.351503,0.332382,0.0,0.0,0.0,0.0,0.0,0.0,0.0,-2.543706,0.1130288,0.5931673,0.2260754,0.1307794,-2.601317,0.1589552,0.5763425,-0.1134788,0.793527,22.52433,72.02081,0.194042,0.1164868,0.03943567,-0.9924088,0.0,0.0,0.0,1.026949,-0.1881528,-2.508451,0.1644166,0.06097487,0.8216189,0.3099039,0.003128304,-0.9507627,0.3633221,0.9237117,0.1214652,0.8786106,-0.3830757,0.2851252,moving,-2.631693866258787,1.9311817249716678,11.316156207685278,4.244315767139779,0.8008735999999999,-0.3189322,0.0928659999999999,-0.04588955040627962,0.03366359695164242,0.9983791502798909,-3.005004197715201,6.721949745557931,14.105031090122733,14.138356014129029,14.533901936101765
05/17/2023 13:14:10.033871,2666,True,True,True,True,Eyes,0.2993615,0.1167366,-2.75688,0.8790507,-0.3494712,0.3242526,0.0,0.0,0.0,0.0,0.0,0.0,0.0,-2.540859,0.1009525,0.5762147,0.2244779,0.1309073,-2.594351,0.1568091,0.5794685,-0.1134087,0.7916853,22.31636,72.43044,0.1340187,0.1156965,0.03967075,-0.9924918,0.0,0.0,0.0,1.028939,-0.186496,-2.508273,0.1635061,0.06164616,0.8228034,0.3027095,0.00216383,-0.9530804,0.3612998,0.9250988,0.1168534,0.8819464,-0.3797203,0.2792545,moving,-2.505812650334342,1.8467527800927077,11.239304038894133,4.284715023575134,0.8044611,-0.3174033,0.0860780000000001,-0.04369807517949442,0.032195552711054426,0.9985258764889005,-2.96342356402568,6.6811601080685366,13.92596732311391,13.959652313046805,14.403486397596
05/17/2023 13:14:10.044038,2667,True,True,True,True,Eyes,0.2966527,0.117199,-2.750083,0.882777,-0.3475431,0.3160989,0.0,0.0,0.0,0.0,0.0,0.0,0.0,-2.538377,0.09169161,0.558066,0.2227656,0.1309417,-2.587746,0.1557842,0.5825905,-0.1138265,0.7895335,22.24836,72.86828,0.1100085,0.1149126,0.03990979,-0.9925733,0.0,0.0,0.0,1.031056,-0.1847327,-2.508082,0.1629425,0.06260286,0.823946,0.2952638,0.001777031,-0.9554141,0.3612564,0.9255496,0.1133651,0.8844846,-0.3786221,0.2726393,moving,-2.4067847790848123,1.8970826764922724,11.186402187637922,4.344946502058252,0.8082904,-0.3156744,0.07966400000000018,-0.04197098908597935,0.03307511814106526,0.9985711919051738,-2.9079799096178407,6.694065035850725,13.777399512572169,13.811834390145117,14.288805569019793
05/17/2023 13:14:10.064223,2668,True,True,True,True,Eyes,0.2939927,0.1176687,-2.74328,0.8863795,-0.3456849,0.3079502,0.0,0.0,0.0,0.0,0.0,0.0,0.0,-2.535803,0.07832959,0.5396438,0.2212472,0.1314802,-2.580971,0.1547353,0.5857973,-0.1152376,0.7871588,22.24788,73.31103,359.9917,0.1141372,0.04015212,-0.992653,0.0,0.0,0.0,1.033179,-0.1829647,-2.507892,0.1627783,0.06389803,0.8254567,0.2871237,-0.000133455,-0.9578936,0.3627076,0.9255546,0.1085908,0.8865682,-0.3786143,0.265797,moving,-2.318905348275439,2.0066496665444706,11.15547419931312,4.426399302047642,0.8119318000000001,-0.3144449,0.0730789999999999,-0.040436713355221254,0.03498684512631875,0.9985693699835954,-2.8461401406056526,6.730529958056529,13.654338792888433,13.689926679533043,14.189933833664588
05/17/2023 13:14:10.084411,2669,True,True,True,True,Eyes,0.2913781,0.1181421,-2.736463,0.8898962,-0.343811,0.2997979,0.0,0.0,0.0,0.0,0.0,0.0,0.0,-2.532952,0.06060621,0.5211142,0.2198139,0.1321469,-2.573966,0.1529976,0.5891661,-0.1170767,0.7847089,22.21433,73.75702,359.7859,0.1133711,0.04039771,-0.9927309,0.0,0.0,0.0,1.035341,-0.1811649,-2.507698,0.1627686,0.0653493,0.826861,0.2783528,-0.003460196,-0.9604726,0.3640241,0.9257696,0.102162,0.8888229,-0.3780723,0.2589501,moving,-2.2396181207235983,2.080848785605649,11.136355233952468,4.518863990347533,0.8155271000000001,-0.31331180000000003,0.066268,-0.03905302769060637,0.0362819807549252,0.9985782444258166,-2.7951474534567575,6.753927817282293,13.559372996249161,13.596344410302232,14.10965192482659
05/17/2023 13:14:10.093988,2670,True,True,True,True,Eyes,0.2888161,0.1186174,-2.72963,0.8933042,-0.34191,0.2917278,0.0,0.0,0.0,0.0,0.0,0.0,0.0,-2.529507,0.0411925,0.5042202,0.2183865,0.1327404,-2.566911,0.1505483,0.5923951,-0.1187276,0.7825005,22.10317,74.1655,359.5399,0.1126131,0.04064704,-0.992807,0.0,0.0,0.0,1.037503,-0.1793641,-2.507504,0.1625531,0.06781113,0.8283933,0.2699437,-0.007440704,-0.9628473,0.3641769,0.9264779,0.09494092,0.8913504,-0.3762755,0.2528067,moving,-2.1335005602942845,2.078617183701487,11.101917844697951,4.6797192197118,0.8191165,-0.3121045,0.05940700000000021,-0.03720354176965385,0.03624564544013616,0.9986501393365452,-2.7466707872713974,6.746111497884315,13.449144497763253,13.488588960930798,14.001906446795083
05/17/2023 13:14:10.114346,2671,True,True,True,True,Eyes,0.2862978,0.1190837,-2.72276,0.8966452,-0.3399335,0.283677,0.0,0.0,0.0,0.0,0.0,0.0,0.0,-2.525041,0.02348544,0.4902022,0.2171272,0.1332654,-2.559644,0.1478292,0.5951445,-0.1197848,0.7807696,21.92667,74.5005,359.3151,0.1118647,0.04089972,-0.9928812,0.0,0.0,0.0,1.0396,-0.1776178,-2.507315,0.1621437,0.07049131,0.8300495,0.2629094,-0.01108924,-0.9647568,0.3630082,0.9275962,0.08826262,0.893926,-0.3734197,0.2478993,moving,-1.9595886726807095,2.0187808900969055,11.053096476591934,4.854152412541694,0.8224728000000001,-0.3108832,0.05232899999999985,-0.03417340904554045,0.0352065087171253,0.998795634397972,-2.678163422559176,6.711651000615463,13.275838065834478,13.318006850290763,13.856327053831091
05/17/2023 13:14:10.134068,2672,True,True,True,True,Eyes,0.2838286,0.1195292,-2.715873,0.8998746,-0.337948,0.2757116,0.0,0.0,0.0,0.0,0.0,0.0,0.0,-2.520337,0.006458446,0.4766445,0.2158168,0.1335073,-2.552436,0.145123,0.5977982,-0.1208058,0.7790908,21.75035,74.82365,359.0914,0.111126,0.04115541,-0.9929536,0.0,0.0,0.0,1.041744,-0.1758332,-2.507123,0.1619544,0.07044602,0.8317165,0.2560865,-0.01472879,-0.9665416,0.361746,0.9286905,0.08169306,0.8964148,-0.370563,0.2431532,moving,-1.7811341815740056,1.9608786169075965,11.018923173354935,4.841371911753476,0.8259272,-0.3093405,0.04531300000000016,-0.031063466597217093,0.03420059548582893,0.9989321363912057,-2.6071857116671464,6.67763806916557,13.078359913754477,13.120164248633571,13.749280590173969
05/17/2023 13:14:10.144720,2673,True,True,True,True,Eyes,0.2813963,0.1199628,-2.708939,0.9030279,-0.3359674,0.267706,0.0,0.0,0.0,0.0,0.0,0.0,0.0,-2.515299,-0.009837642,0.4629568,0.214561,0.133459,-2.545055,0.1425772,0.6004049,-0.121901,0.7773841,21.59567,75.14536,358.871,0.1103983,0.04141293,-0.993024,0.0,0.0,0.0,1.043944,-0.174001,-2.506926,0.1583941,0.06935596,0.8377321,0.2493084,-0.01831968,-0.9682509,0.3607357,0.9296238,0.07529458,0.8987297,-0.3680542,0.2383716,moving,-1.600772211218928,1.925565654185052,10.706800022722401,4.732732404598167,0.829383,-0.30745999999999996,0.03812900000000008,-0.027919348847120162,0.0335880359090059,0.9990457138093826,-2.530930241525884,6.652205715756059,12.584827432857027,12.62364921321519,13.376168372940077
05/17/2023 13:14:10.164295,2674,True,True,True,True,Eyes,0.2790088,0.1203736,-2.70198,0.9060752,-0.3339891,0.2597672,0.0,0.0,0.0,0.0,0.0,0.0,0.0,-2.510145,-0.0275778,0.44875,0.2131594,0.1335069,-2.537657,0.1400202,0.6031306,-0.1233829,0.7755027,21.46939,75.48419,358.6167,0.1096809,0.04167215,-0.9930927,0.0,0.0,0.0,1.045991,-0.1722959,-2.506742,0.1501824,0.07980095,0.8385264,0.2420202,-0.02246649,-0.970011,0.3602684,0.930342,0.06834015,0.9009066,-0.366004,0.2332556,moving,-1.4439504083087917,1.918012926052656,10.154171718750794,5.436356654338485,0.8328315999999999,-0.30580280000000004,0.030914999999999804,-0.025184912084975475,0.033458772358122724,0.9991227231552935,-2.4601193422663705,6.639014906735518,12.071777643834494,12.120032156085948,12.67149264467751
05/17/2023 13:14:10.184023,2675,True,True,True,True,Eyes,0.2766642,0.1207607,-2.694985,0.9090412,-0.3319415,0.2519107,0.0,0.0,0.0,0.0,0.0,0.0,0.0,-2.504637,-0.04458845,0.434077,0.2118778,0.1333777,-2.530008,0.1374185,0.6058858,-0.1246566,0.7736145,21.32595,75.83002,358.3789,0.1089745,0.04193213,-0.9931594,0.0,0.0,0.0,1.048149,-0.170499,-2.506548,0.1584828,0.06694387,0.8431015,0.2347263,-0.02635238,-0.9717042,0.3593921,0.9311538,0.06156261,0.9031837,-0.3636732,0.2280371,moving,-1.2991060532768919,1.89858045678349,10.645996426186773,4.539869571847129,0.8362712,-0.3038767,0.023460000000000036,-0.02265929644162107,0.03312191095465736,0.9991944549454137,-2.3971422453577462,6.622030957959165,12.198141515852871,12.233637293717788,13.208287642346228
05/17/2023 13:14:10.194461,2676,True,True,True,True,Eyes,0.2743734,0.1211093,-2.687957,0.9119226,-0.3298289,0.244152,0.0,0.0,0.0,0.0,0.0,0.0,0.0,-2.49846,-0.05901629,0.4215753,0.2106279,0.1332544,-2.522179,0.1347383,0.6082615,-0.1252508,0.7721244,21.1272,76.12235,358.1873,0.1082806,0.04219168,-0.9932243,0.0,0.0,0.0,1.050282,-0.1687226,-2.506356,0.1585394,0.06547139,0.8457176,0.2286605,-0.02950621,-0.9730592,0.3573305,0.9323157,0.05569893,0.9055548,-0.3604398,0.2237273,moving,-1.1076764904689775,1.831376383901166,10.617518408735675,4.426734529675663,0.8396541,-0.301977,0.015823000000000143,-0.019321528222207895,0.03195214153930269,0.9993026918647723,-2.3219953652441867,6.583582686557014,11.975313985385398,12.008999930434376,13.118041419314737
05/17/2023 13:14:10.214355,2677,True,True,True,True,Eyes,0.2721397,0.1214149,-2.680904,0.9147414,-0.3276247,0.2364533,0.0,0.0,0.0,0.0,0.0,0.0,0.0,-2.492306,-0.07187201,0.408181,0.2096501,0.1326624,-2.514322,0.1319801,0.6107007,-0.1254144,0.7706473,20.89163,76.42719,358.031,0.1075975,0.04245041,-0.9932876,0.0,0.0,0.0,1.052349,-0.1670019,-2.506171,0.159896,0.06160294,0.848504,0.222632,-0.03209988,-0.974374,0.3545011,0.933705,0.05023891,0.9081652,-0.3566014,0.219252,moving,-0.9301854619229778,1.7337611157463646,10.671930022650448,4.152492493264916,0.8426989,-0.2996643,0.008150999999999797,-0.016226655380639776,0.03025123778442862,0.9994105734244598,-2.2591946124467484,6.534328055056879,11.821712687781222,11.851554547567641,13.148654873097644
05/17/2023 13:14:10.233950,2678,True,True,True,True,Eyes,0.2699617,0.1216627,-2.673808,0.917474,-0.3253739,0.2288522,0.0,0.0,0.0,0.0,0.0,0.0,0.0,-2.485773,-0.08306077,0.3953906,0.2087419,0.1319205,-2.506257,0.1292844,0.6129879,-0.1252728,0.7693102,20.64036,76.71386,357.9027,0.1069272,0.04270649,-0.993349,0.0,0.0,0.0,1.054521,-0.1651934,-2.505976,0.1643722,0.05849645,0.8507995,0.2171053,-0.03424779,-0.9755473,0.3512467,0.9351846,0.04533816,0.910764,-0.3525009,0.2150629,moving,-0.7408350583123342,1.6247409869368346,10.93467410497029,3.93316333145876,0.8457791,-0.2971139,0.00028100000000019776,-0.01292445368649009,0.02835091188315164,0.9995144967504721,-2.193148438418322,6.479900728909749,11.874028955157526,11.90152628626197,13.372568792205843
05/17/2023 13:14:10.254114,2679,True,True,True,True,Eyes,0.2678394,0.121845,-2.666677,0.9201287,-0.3231508,0.2212162,0.0,0.0,0.0,0.0,0.0,0.0,0.0,-2.479084,-0.09407431,0.382021,0.2079239,0.1307705,-2.498062,0.1267735,0.6153031,-0.1253963,0.7678583,20.42627,77.00912,357.7639,0.1062704,0.04295825,-0.9934086,0.0,0.0,0.0,1.056713,-0.1633679,-2.505779,0.1681686,0.0548154,0.8527638,0.2113558,-0.03656485,-0.976725,0.3485814,0.9364085,0.04037479,0.9131374,-0.3490016,0.2106612,moving,-0.5603907829618678,1.5512695188672472,11.155823315112674,3.6778954642693273,0.8487891000000001,-0.2941384,-0.007716999999999974,-0.009776923489922373,0.02707015735555414,0.9995856589580442,-2.124285227146272,6.439757202117504,11.8831229994034,11.907653450767617,13.564260508895012
05/17/2023 13:14:10.264905,2680,True,True,True,True,Eyes,0.26578,0.1219836,-2.659508,0.9226791,-0.3209412,0.2136821,0.0,0.0,0.0,0.0,0.0,0.0,0.0,-2.47224,-0.1034249,0.3693467,0.2071247,0.1293748,-2.489869,0.1246278,0.6174335,-0.12557,0.7664698,20.24952,77.28565,357.6425,0.1056277,0.04320385,-0.9934665,0.0,0.0,0.0,1.058823,-0.1616103,-2.50559,0.170106,0.05282828,0.8545161,0.2060163,-0.03859257,-0.9777873,0.34639,0.9374002,0.0359846,0.9151892,-0.3461092,0.2064878,moving,-0.37043399528206644,1.515437427629873,11.258525145271703,3.537663123461473,0.8516983,-0.2909851,-0.015721000000000096,-0.006462986668752058,0.02644573682949282,0.9996293653657464,-2.043708443672809,6.413495817583089,11.78059154872659,11.803477769604628,13.609549299643335
05/17/2023 13:14:10.284243,2681,True,True,True,True,Eyes,0.2637847,0.1220665,-2.652267,0.9251741,-0.3188109,0.2059428,0.0,0.0,0.0,0.0,0.0,0.0,0.0,-2.465222,-0.1160169,0.3567652,0.2066019,0.1284724,-2.481707,0.122384,0.6195785,-0.1264513,0.7649541,20.11645,77.55916,357.4482,0.1049999,0.04344237,-0.9935227,0.0,0.0,0.0,1.060949,-0.1598402,-2.505399,0.1713665,0.05327119,0.8566961,0.200265,-0.04180598,-0.9788495,0.3451118,0.9380645,0.03054319,0.9169471,-0.3439293,0.2022893,moving,-0.1707258744208673,1.5192985665975334,11.311686775418925,3.5581923892066567,0.8543470999999999,-0.2883126,-0.023692000000000046,-0.0029786766224233485,0.026513536534971835,0.9996439876313206,-1.9509080870929296,6.40189244760645,11.638767728266636,11.662027623062574,13.564035259069067
05/17/2023 13:14:10.294118,2682,True,True,True,True,Eyes,0.2618432,0.1220879,-2.644984,0.9275697,-0.3167109,0.1982642,0.0,0.0,0.0,0.0,0.0,0.0,0.0,-2.458326,-0.1282037,0.3403711,0.206262,0.1271955,-2.473243,0.1205281,0.6222269,-0.1275578,0.7629127,20.03808,77.91971,357.2765,0.1043872,0.04367293,-0.9935771,0.0,0.0,0.0,1.063108,-0.1580423,-2.505205,0.1711985,0.0566906,0.8591675,0.1931256,-0.0446392,-0.9801581,0.3446225,0.938404,0.02516515,0.9186609,-0.3426445,0.1966136,moving,-0.06047965692471573,1.5728522402790115,11.269208810875178,3.775085196068626,0.856846,-0.2852378,-0.031962000000000046,-0.0010551712630148535,0.027447987757410683,0.9996226938801535,-1.8896659944057563,6.415304383481329,11.51562761256154,11.54173603791751,13.421130485120825
05/17/2023 13:14:10.314671,2683,True,True,True,True,Eyes,0.259975,0.1220532,-2.637671,0.929917,-0.3146517,0.1903913,0.0,0.0,0.0,0.0,0.0,0.0,0.0,-2.451651,-0.133606,0.3244588,0.2056408,0.1257342,-2.464876,0.1194918,0.6246783,-0.127684,0.7610492,19.96225,78.27545,357.2522,0.1037896,0.0438943,-0.99363,0.0,0.0,0.0,1.065229,-0.1562761,-2.505015,0.1717219,0.05940811,0.861555,0.1869478,-0.04505974,-0.9813361,0.3436354,0.938837,0.02235544,0.9203073,-0.341401,0.1909977,moving,0.06800096138595978,1.6275329167710417,11.272257552483238,3.944559017881924,0.8595881999999999,-0.2820103,-0.04013900000000037,0.0011863616988217474,0.028401970550883587,0.9995959618427468,-1.8197999391839061,6.427955337447841,11.412826671679888,11.441327532781147,13.325510370907049
05/17/2023 13:14:10.334376,2684,True,True,True,True,Eyes,0.2581794,0.1219646,-2.630322,0.9321678,-0.3126582,0.182505,0.0,0.0,0.0,0.0,0.0,0.0,0.0,-2.445388,-0.1371931,0.3053905,0.2055269,0.1243668,-2.456481,0.1189394,0.6274922,-0.1275892,0.7588331,19.91544,78.70087,357.295,0.1032101,0.04410471,-0.993681,0.0,0.0,0.0,1.067337,-0.1545209,-2.504826,0.1719149,0.06083466,0.863978,0.1799487,-0.04437083,-0.9826747,0.342905,0.9391488,0.02038771,0.9219731,-0.3406328,0.1842136,moving,0.1302529006801905,1.7038487561650448,11.253763096703885,4.0276789292877275,0.8618101,-0.27888769999999996,-0.04834499999999986,0.0022723349380113222,0.02973331163704729,0.9995553006623015,-1.7762469100560396,6.453285661102865,11.334106351400827,11.363655475002686,13.25385712891499
05/17/2023 13:14:10.344719,2685,True,True,True,True,Eyes,0.2564495,0.1218216,-2.622914,0.934387,-0.3106614,0.1743859,0.0,0.0,0.0,0.0,0.0,0.0,0.0,-2.439193,-0.1433077,0.284328,0.2055195,0.1229829,-2.448199,0.1182545,0.6306567,-0.1279928,0.7562446,19.89501,79.17654,357.2917,0.1026474,0.0443041,-0.9937304,0.0,0.0,0.0,1.069474,-0.1527413,-2.504634,0.1720136,0.0623607,0.8665519,0.1717799,-0.04443173,-0.9841329,0.3427438,0.9392674,0.01741963,0.92359,-0.3402978,0.1765759,moving,0.15439250975748234,1.805056426704347,11.22746442513232,4.11614815155684,0.8639545000000001,-0.2757242,-0.05643500000000001,0.002693317272837059,0.0314988526671528,0.9995001659131881,-1.745413517156703,6.490707329023634,11.281058790708887,11.311678328335926,13.188407538168542
05/17/2023 13:14:10.364668,2686,True,True,True,True,Eyes,0.2547921,0.1216265,-2.61546,0.9365109,-0.3087324,0.1662273,0.0,0.0,0.0,0.0,0.0,0.0,0.0,-2.432478,-0.1515136,0.2625501,0.2054632,0.1215138,-2.439643,0.117348,0.6339822,-0.1287749,0.7534673,19.88405,79.67217,357.2412,0.102103,0.04449141,-0.993778,0.0,0.0,0.0,1.071576,-0.1509907,-2.504445,0.1719825,0.06493614,0.8691466,0.1629673,-0.04526236,-0.9855926,0.3428485,0.9392929,0.01355371,0.9251467,-0.3401178,0.1685922,moving,0.15833948694007507,1.9108415956857883,11.192821464969851,4.272774196943871,0.8661128,-0.27250450000000004,-0.06480200000000025,0.0027620049674736413,0.033344166048037915,0.9994400501345645,-1.7229958893121191,6.531216784693131,11.251681104154278,11.28443698800918,13.111784808001193
05/17/2023 13:14:10.384322,2687,True,True,True,True,Eyes,0.253204,0.1213938,-2.607927,0.9386203,-0.3066869,0.1579088,0.0,0.0,0.0,0.0,0.0,0.0,0.0,-2.42542,-0.1621638,0.239671,0.2055972,0.1200754,-2.43099,0.1159971,0.6375285,-0.1297508,0.750511,19.8497,80.19336,357.1446,0.1015785,0.0446657,-0.9938239,0.0,0.0,0.0,1.07369,-0.1492309,-2.504255,0.1713481,0.06919084,0.8716418,0.1534444,-0.04685597,-0.9870456,0.3426617,0.9394188,0.008674473,0.9268427,-0.3395538,0.1602044,moving,0.14520440746594643,1.9995540513552688,11.121441965931549,4.538616422088175,0.8680928,-0.2693063,-0.07326500000000014,0.0025327493026824355,0.034891608200548443,0.9993879487863004,-1.711776027358437,6.566266419276366,11.22939896266001,11.266083110928248,12.992415040107021
05/17/2023 13:14:10.393994,2688,True,True,True,True,Eyes,0.2517021,0.1211001,-2.60034,0.9406623,-0.3045652,0.1496478,0.0,0.0,0.0,0.0,0.0,0.0,0.0,-2.417901,-0.1681865,0.2195184,0.2057616,0.1188808,-2.422034,0.1146704,0.6405964,-0.1295119,0.7481402,19.72517,80.6474,357.1459,0.1010751,0.04482689,-0.9938681,0.0,0.0,0.0,1.075873,-0.1474125,-2.504059,0.1700557,0.07399141,0.8747616,0.1457261,-0.04687119,-0.9882141,0.340701,0.9401547,0.005649425,0.9288093,-0.3375088,0.1529741,moving,0.19894994293260918,2.0052893611529434,11.00121618829285,4.834835401123889,0.8701114000000001,-0.2662933,-0.08202499999999979,0.003470198129207014,0.03499154617885565,0.99938157735578,-1.685887115337434,6.564953567469663,11.125396448787686,11.166704385268039,12.804526508485433
05/17/2023 13:14:10.414340,2689,True,True,True,True,Eyes,0.2502969,0.1208143,-2.592709,0.9427813,-0.3019507,0.1413828,0.0,0.0,0.0,0.0,0.0,0.0,0.0,-2.410747,-0.1658516,0.2001946,0.2063481,0.1170726,-2.41309,0.1139317,0.6433048,-0.1276747,0.7462425,19.53051,81.06627,357.3261,0.1005927,0.04497447,-0.9939104,0.0,0.0,0.0,1.077949,-0.145684,-2.503873,0.169363,0.0771669,0.8776823,0.1397162,-0.04396693,-0.989215,0.3371381,0.9414375,0.005773832,0.9310303,-0.3343087,0.146357,moving,0.29466788694465756,1.9711684638714198,10.921905603308371,5.024594566875249,0.8716009,-0.2627566,-0.09078300000000006,0.00513985873151096,0.03439613755748898,0.9993950112790071,-1.6484132497658264,6.545529262416539,11.012754844066352,11.057196409877532,12.661996620440787
05/17/2023 13:14:10.434278,2690,True,True,True,True,Eyes,0.2490078,0.1205454,-2.585038,0.9448351,-0.2992301,0.1332213,0.0,0.0,0.0,0.0,0.0,0.0,0.0,-2.40338,-0.163031,0.186976,0.2072722,0.1168786,-2.404403,0.1125614,0.6451387,-0.1249068,0.7453351,19.20544,81.33624,357.5141,0.1001331,0.0451101,-0.9939507,0.0,0.0,0.0,1.080081,-0.1439087,-2.503682,0.1695367,0.07734469,0.880776,0.1363886,-0.04095942,-0.9898084,0.3314303,0.9434565,0.006627479,0.9335696,-0.3289564,0.1422519,moving,0.5307005812943685,1.817763282264474,10.895356760051849,5.018512899711135,0.8728088,-0.2607873,-0.09927900000000012,0.00925767908679126,0.031719271962170184,0.9994539093304036,-1.5694931189720664,6.470936381027606,10.802951580082228,10.847621666404141,12.549183896799105
05/17/2023 13:14:10.444566,2691,True,True,True,True,Eyes,0.2478222,0.120183,-2.577322,0.9469203,-0.2962016,0.1249263,0.0,0.0,0.0,0.0,0.0,0.0,0.0,-2.395655,-0.1687888,0.1708989,0.2087841,0.1169705,-2.395743,0.1102707,0.6475279,-0.1234701,0.7438437,18.90191,81.6679,357.5236,0.0996983,0.04523571,-0.9939887,0.0,0.0,0.0,1.082208,-0.1421376,-2.503491,0.1708487,0.07526835,0.8833719,0.1309256,-0.0408781,-0.9905493,0.3264915,0.945191,0.004147728,0.9360887,-0.3239489,0.1370961,moving,0.7072939277330531,1.7027810821837308,10.946153461635639,4.870165777387554,0.8734239,-0.2591081,-0.10774799999999995,0.01233884425431453,0.029712499987298482,0.999482337559455,-1.5104877970317936,6.415047611490243,10.674961768958823,10.71758230023914,12.552074383482445
05/17/2023 13:14:10.464362,2692,True,True,True,True,Eyes,0.2467372,0.1198346,-2.569569,0.948943,-0.292986,0.1169031,0.0,0.0,0.0,0.0,0.0,0.0,0.0,-2.387862,-0.1684857,0.1518972,0.2100884,0.1142992,-2.386659,0.1086768,0.6501631,-0.12167,0.7420742,18.63288,82.05637,357.6254,0.09928951,0.04534883,-0.9940236,0.0,0.0,0.0,1.084302,-0.1403937,-2.503303,0.1719314,0.07323231,0.8858733,0.1249691,-0.03926104,-0.9913837,0.3218917,0.9467715,0.003081818,0.9384928,-0.3195032,0.1309549,moving,0.8137068239451954,1.6290817151599384,10.983488256842495,4.725713374501366,0.8742136,-0.2546929,-0.11664399999999997,0.014195646614865942,0.028426143556438382,0.9994950656277921,-1.475791153745176,6.379669210348234,10.59029278033368,10.630784638329303,12.568580402655893
05/17/2023 13:14:10.484491,2693,True,True,True,True,Eyes,0.2458064,0.1195825,-2.561785,0.9509599,-0.2895371,0.1088278,0.0,0.0,0.0,0.0,0.0,0.0,0.0,-2.380084,-0.1637981,0.1450245,0.2114029,0.1142096,-2.378009,0.1069699,0.650964,-0.1183456,0.7421576,18.23134,82.15713,357.804,0.09890859,0.04545121,-0.9940563,0.0,0.0,0.0,1.086437,-0.138616,-2.503111,0.1733816,0.07275164,0.8880242,0.1244806,-0.03639507,-0.9915544,0.3149292,0.9491035,0.004699559,0.9409168,-0.3128543,0.1296068,moving,1.2039755212306018,1.4440843830448513,11.047689056011983,4.683513837190545,0.8750341000000001,-0.2528256,-0.12510200000000005,0.021005119566384067,0.025195797992791785,0.9994618104023627,-1.3319328959722743,6.2827905538831015,10.322203010309382,10.363040062801302,12.48249677310615
05/17/2023 13:14:10.494588,2694,True,True,True,True,Eyes,0.244994,0.1192561,-2.553964,0.952885,-0.2860387,0.1009551,0.0,0.0,0.0,0.0,0.0,0.0,0.0,-2.371907,-0.172403,0.1359971,0.214184,0.1161939,-2.369554,0.1040842,0.6522049,-0.1169636,0.7416973,17.87651,82.29555,357.7277,0.09855869,0.04554767,-0.9940861,0.0,0.0,0.0,1.088701,-0.136731,-2.502908,0.1741477,0.07469787,0.8903834,0.1218966,-0.03773463,-0.9918252,0.3092716,0.950972,0.00182954,0.9431289,-0.3069664,0.1275905,moving,1.5371038465625788,1.3109493017724712,11.066623491960213,4.795545375338515,0.8745169999999999,-0.2529249,-0.1333540000000002,0.026817287655628907,0.022870155947257303,0.9993786481551641,-1.2043129298992792,6.209644620061292,10.102924434275986,10.14663266645301,12.352147883799132
05/17/2023 13:14:10.514722,2695,True,True,True,True,Eyes,0.2442903,0.118981,-2.546094,0.954741,-0.2824959,0.09308958,0.0,0.0,0.0,0.0,0.0,0.0,0.0,-2.363953,-0.171271,0.1251762,0.2162134,0.1140396,-2.360831,0.1026503,0.6534545,-0.1153417,0.7410509,17.63063,82.46816,357.7874,0.09824137,0.04563601,-0.9941132,0.0,0.0,0.0,1.090713,-0.1350548,-2.502727,0.1747311,0.07716584,0.8925519,0.119387,-0.03679353,-0.9921657,0.3051028,0.9523184,0.001397082,0.9448063,-0.3028793,0.1249203,moving,1.8352370038451888,1.2840823702271236,11.076470442627436,4.94123698081428,0.8744996,-0.2490944,-0.14189600000000002,0.03201741686638576,0.02239809979262873,0.9992363037066205,-1.0721303189803664,6.179747037985508,9.891692197021502,9.938570084061693,12.211568598122518
05/17/2023 13:14:10.534259,2696,True,True,True,True,Eyes,0.2437401,0.1187893,-2.538232,0.956477,-0.2790327,0.0853966,0.0,0.0,0.0,0.0,0.0,0.0,0.0,-2.356461,-0.1680701,0.1241243,0.2181755,0.1148833,-2.35282,0.1017994,0.6532235,-0.1132587,0.7416932,17.39601,82.42028,357.8974,0.09795776,0.0457191,-0.9941372,0.0,0.0,0.0,1.092847,-0.1332783,-2.502536,0.1753225,0.07938,0.8948185,0.1209433,-0.03501082,-0.992042,0.3010019,0.9536187,0.003041446,0.9459233,-0.2989743,0.1258721,moving,2.33497288894944,1.2656842752688082,11.085577016317027,5.069479820693366,0.8746714999999999,-0.24816159999999998,-0.14971600000000018,0.04073176319771937,0.02207023126925066,0.9989263770911132,-0.8453768909409212,6.139897634473108,9.491491460755988,9.541589655046709,11.978875382654696
05/17/2023 13:14:10.554205,2697,True,True,True,True,Eyes,0.2433032,0.1185753,-2.530325,0.9581062,-0.2757237,0.07751864,0.0,0.0,0.0,0.0,0.0,0.0,0.0,-2.348668,-0.1815666,0.113816,0.2213211,0.1166907,-2.345114,0.09969936,0.6546007,-0.1140873,0.7406363,17.28022,82.59191,357.6911,0.09771041,0.04580071,-0.9941577,0.0,0.0,0.0,1.095048,-0.1314457,-2.502338,0.1764415,0.08062778,0.8971433,0.1169641,-0.03846789,-0.9923909,0.299521,0.9540883,-0.001681359,0.9468932,-0.2970452,0.123116,moving,2.622464587961318,1.3639216130452476,11.126378983112808,5.135471634762046,0.8737269000000001,-0.24813639999999998,-0.1572239999999998,0.04574173009731625,0.023777762649280484,0.9986703664866992,-0.6937388843626855,6.158911142141107,9.251252168822655,9.302749572377873,11.864342157333365
05/17/2023 13:14:10.564284,2698,True,True,True,True,Eyes,0.2429581,0.1183408,-2.522452,0.9595878,-0.2726026,0.06985037,0.0,0.0,0.0,0.0,0.0,0.0,0.0,-2.341759,-0.1768716,0.1006925,0.2236842,0.1158613,-2.337049,0.1005352,0.6560299,-0.1131151,0.7394068,17.2827,82.83868,357.8773,0.09750032,0.04588022,-0.9941747,0.0,0.0,0.0,1.097175,-0.129674,-2.502147,0.178818,0.08063789,0.899138,0.1136596,-0.03536792,-0.9928901,0.2991843,0.9541953,0.0002590909,0.9474019,-0.2970866,0.1190349,moving,2.8299525898697238,1.5488110375372914,11.248058800352156,5.12477862434165,0.8734908,-0.2455353,-0.16509799999999997,0.04935391672939604,0.026995621784266732,0.9984164586647624,-0.562102974933067,6.216563662420877,9.095003809181797,9.146149810321187,11.860519201442317
05/17/2023 13:14:10.584289,2699,True,True,True,True,Eyes,0.242722,0.1181446,-2.514619,0.9609291,-0.2697577,0.06201625,0.0,0.0,0.0,0.0,0.0,0.0,0.0,-2.336765,-0.1555966,0.09057689,0.2255518,0.115128,-2.329969,0.1051823,0.6566016,-0.1110274,0.7385691,17.5279,83.03564,358.445,0.0973273,0.045957,-0.9941881,0.0,0.0,0.0,1.099254,-0.1279428,-2.501961,0.1813007,0.08089715,0.9010834,0.1130947,-0.02587712,-0.9932473,0.3021284,0.9532192,0.009567197,0.9465349,-0.3011702,0.1156223,moving,3.1006459565124986,1.9386042407036537,11.376193925204118,5.130126946529692,0.8737022,-0.24307079999999998,-0.17199199999999992,0.054059201716402605,0.03377910450378188,0.9979662028389888,-0.361436044477228,6.3490400803192735,8.819758345805338,8.869639866641663,11.800750252966397
05/17/2023 13:14:10.594763,2700,True,True,True,True,Eyes,0.2425873,0.118004,-2.506863,0.9620976,-0.267242,0.05431199,0.0,0.0,0.0,0.0,0.0,0.0,0.0,-2.33227,-0.135586,0.08080506,0.2279888,0.1158291,-2.323575,0.1106039,0.6570167,-0.1095619,0.737626,17.88675,83.22966,359.019,0.09719186,0.04603277,-0.994198,0.0,0.0,0.0,1.101431,-0.1261298,-2.501765,0.1839442,0.08186539,0.9029186,0.1126506,-0.01629434,-0.9935011,0.3069686,0.9515259,0.0192005,0.9450291,-0.3071366,0.1121918,moving,3.3725693006813824,2.4164081958675054,11.51482656358624,5.180701052124069,0.8734422000000001,-0.24195889999999998,-0.17818999999999985,0.05877632002447314,0.04208888489732078,0.9973834471856852,-0.1430648134120407,6.515354037683762,8.549967900783251,8.598701549099024,11.734041501109251
05/17/2023 13:14:10.614213,2701,True,True,True,True,Eyes,0.2425247,0.1179148,-2.499167,0.9631417,-0.2649817,0.04628897,0.0,0.0,0.0,0.0,0.0,0.0,0.0,-2.327724,-0.1232874,0.06763673,0.2303149,0.1170603,-2.317612,0.115703,0.658106,-0.1096788,0.7358533,18.33917,83.52642,359.4492,0.09709406,0.04610971,-0.9942042,0.0,0.0,0.0,1.103523,-0.1243876,-2.501577,0.1862819,0.08330562,0.9049411,0.1097343,-0.009125385,-0.9939191,0.3137047,0.9491667,0.0259203,0.9431584,-0.3146414,0.1070188,moving,3.565170274375998,2.9767225061337905,11.631841985691596,5.259619292870974,0.8732081,-0.2414479,-0.18396500000000016,0.062100231232295966,0.0518300076952093,0.9967231892259009,0.05481187957872624,6.718666176857521,8.33630561761547,8.383484373280258,11.668609338199415
05/17/2023 13:14:10.634602,2702,True,True,True,True,Eyes,0.2425555,0.1179,-2.491575,0.964047,-0.2629492,0.03835616,0.0,0.0,0.0,0.0,0.0,0.0,0.0,-2.323322,-0.1139164,0.05511284,0.2320604,0.1181987,-2.312145,0.1200193,0.6592714,-0.1099535,0.7340755,18.73459,83.82215,359.8077,0.09703286,0.04618968,-0.9942066,0.0,0.0,0.0,1.105655,-0.1226126,-2.501386,0.188727,0.08461225,0.9068688,0.1065428,-0.003177701,-0.994303,0.3196788,0.9470112,0.03122809,0.9415169,-0.3211848,0.1019131,moving,3.757275168260195,3.4683410984296486,11.755935835047168,5.33035263198324,0.8735946000000001,-0.2408113,-0.189241,0.06541032373854089,0.06036745440544384,0.9960308002248783,0.2390835450200557,6.895536423625629,8.16688453191939,8.2125306339454,11.622722872542509
05/17/2023 13:14:10.644116,2703,True,True,True,True,Eyes,0.2426746,0.1179476,-2.484036,0.9648793,-0.260967,0.03006778,0.0,0.0,0.0,0.0,0.0,0.0,0.0,-2.318507,-0.1193624,0.04086781,0.2343588,0.1200032,-2.306961,0.1213651,0.6611204,-0.1114337,0.7319652,18.96631,84.15062,359.839,0.09700807,0.04627518,-0.9942052,0.0,0.0,0.0,1.107851,-0.1207837,-2.501189,0.1922306,0.08493076,0.9087465,0.1010047,-0.002657353,-0.9948825,0.323605,0.9457061,0.03032782,0.9407859,-0.3250122,0.09638071,moving,3.9213922590204477,3.8134773262013244,11.943921518500293,5.339310592689588,0.8734921999999999,-0.2407869,-0.1942280000000003,0.06823706871425111,0.06635357954013103,0.9954601021573475,0.3819322730218935,7.017788999801152,8.122441164732637,8.166342074413274,11.683188138333557
05/17/2023 13:14:10.664341,2704,True,True,True,True,Eyes,0.2428558,0.1180286,-2.476574,0.9656286,-0.2590043,0.02186487,0.0,0.0,0.0,0.0,0.0,0.0,0.0,-2.312367,-0.1427349,0.02339554,0.2366708,0.1215131,-2.301561,0.1188204,0.6640688,-0.1144464,0.7292439,18.98367,84.55136,359.4481,0.09701949,0.04636811,-0.9941999,0.0,0.0,0.0,1.109894,-0.1190829,-2.501005,0.1955286,0.08475064,0.9102625,0.09182958,-0.009108788,-0.9957331,0.3247285,0.9455675,0.02129757,0.9413388,-0.3252987,0.08978895,moving,3.981076575305116,3.9733850411172003,12.123180469093127,5.319229609034385,0.8732232,-0.240596,-0.19944400000000018,0.06926091770591469,0.06912667356390924,0.9952006437784744,0.4405787905638925,7.0755028298453855,8.209665276241823,8.252584650776392,11.81387648510479
05/17/2023 13:14:10.684544,2705,True,True,True,True,Eyes,0.2431272,0.1181486,-2.46914,0.9663448,-0.2568999,0.01342187,0.0,0.0,0.0,0.0,0.0,0.0,0.0,-2.30557,-0.1643054,0.009375811,0.2383486,0.1223858,-2.295855,0.1150297,0.6666138,-0.1162207,0.7272463,18.79956,84.86131,359.0508,0.0970659,0.04646903,-0.9941908,0.0,0.0,0.0,1.112072,-0.117269,-2.50081,0.1993378,0.08450061,0.9117315,0.08423787,-0.01568135,-0.9963223,0.3224028,0.9465218,0.01236127,0.942847,-0.3222584,0.08478867,moving,4.142007623299864,3.941364310087614,12.332881985508434,5.2951298243582405,0.8737233999999999,-0.2396548,-0.204955,0.07205878028478202,0.06855685788550353,0.9950414399019185,0.5085193130491912,7.052613007456977,8.258826524880158,8.301993970433493,11.954258644881428
05/17/2023 13:14:10.694120,2706,True,True,True,True,Eyes,0.2434703,0.1182905,-2.461761,0.9669744,-0.2548231,0.005060172,0.0,0.0,0.0,0.0,0.0,0.0,0.0,-2.298375,-0.1879148,-0.006746769,0.2408283,0.1233512,-2.290124,0.1110902,0.6693926,-0.1183313,0.7249624,18.63224,85.20892,358.6185,0.09714746,0.04657871,-0.9941778,0.0,0.0,0.0,1.114183,-0.115511,-2.50062,0.2030467,0.08518177,0.912953,0.07582273,-0.02284546,-0.9968596,0.3202974,0.9473134,0.002652333,0.9442778,-0.3194926,0.07914523,moving,4.259254426753644,3.929201762079129,12.538869904967864,5.330468032790559,0.8733546999999999,-0.2388622,-0.21049600000000002,0.0740959496477821,0.06833540146801245,0.9949070162792293,0.5601918709686027,7.040239882492244,8.35270874763678,8.397355514000703,12.100084595582327
05/17/2023 13:14:10.715099,2707,True,True,True,True,Eyes,0.2438883,0.1184456,-2.454409,0.9675645,-0.2526016,-0.00338738,0.0,0.0,0.0,0.0,0.0,0.0,0.0,-2.290801,-0.2068415,-0.02199435,0.242889,0.1240041,-2.284002,0.1077207,0.6719583,-0.1198032,0.7228525,18.46576,85.54137,358.2823,0.09726354,0.04669717,-0.9941609,0.0,0.0,0.0,1.116273,-0.1137704,-2.500433,0.2070126,0.08661558,0.9140165,0.06823874,-0.02843251,-0.9972638,0.3179677,0.9480869,-0.005273198,0.9456427,-0.3167378,0.07373688,moving,4.402594875476322,3.921211455331497,12.76143588179331,5.413393968552753,0.873384,-0.2377745,-0.21643100000000004,0.07658554032327047,0.06818379731865667,0.994728972696923,0.6247038035146906,7.027764175336541,8.443731994992321,8.490985315123897,12.243629229295879
05/17/2023 13:14:10.734321,2708,True,True,True,True,Eyes,0.2443919,0.1186284,-2.447111,0.9680871,-0.2503411,-0.01169133,0.0,0.0,0.0,0.0,0.0,0.0,0.0,-2.283743,-0.2179402,-0.03646779,0.245126,0.1243936,-2.277883,0.1054849,0.6741719,-0.1201675,0.7210583,18.30942,85.84841,358.1248,0.09741385,0.04682411,-0.9941401,0.0,0.0,0.0,1.118509,-0.1119085,-2.500232,0.2108056,0.08865147,0.9150975,0.06210415,-0.03106569,-0.997586,0.3155254,0.9488654,-0.009905668,0.9468827,-0.3141486,0.06873047,moving,4.574029310253999,3.913378139531853,12.972575494659386,5.53334911275801,0.873383,-0.2363021,-0.2223489999999999,0.07956233929567719,0.06803188595991155,0.9945056477422969,0.7021952518429782,7.013507334485387,8.502579441732173,8.55335512916923,12.359332492681245
05/17/2023 13:14:10.744617,2709,True,True,True,True,Eyes,0.2449917,0.1188598,-2.43983,0.9685672,-0.2479482,-0.01998293,0.0,0.0,0.0,0.0,0.0,0.0,0.0,-2.277153,-0.2246379,-0.04998159,0.2476747,0.1252107,-2.271864,0.1036904,0.6761126,-0.1195865,0.7195966,18.11579,86.12438,358.0769,0.09759843,0.04695979,-0.9941155,0.0,0.0,0.0,1.120599,-0.1101684,-2.500044,0.2134468,0.09168351,0.9160278,0.05714168,-0.0318953,-0.9978564,0.3123209,0.9498947,-0.01247737,0.9482566,-0.3109384,0.06424013,moving,4.783034398157011,3.868236932716939,13.116639565018168,5.715592605194523,0.8729242999999999,-0.2353791,-0.22818000000000005,0.08319413076996052,0.06722832836535662,0.9942631124411161,0.7897390236416482,6.982409674185188,8.479828164700548,8.535906399309338,12.391824015990336
05/17/2023 13:14:10.764139,2710,True,True,True,True,Eyes,0.2456913,0.1191038,-2.432602,0.968979,-0.2455287,-0.02820172,0.0,0.0,0.0,0.0,0.0,0.0,0.0,-2.270699,-0.2306397,-0.06432891,0.2505802,0.1265226,-2.265967,0.101965,0.6781361,-0.1186918,0.7180858,17.90367,86.41692,358.0627,0.09781797,0.04710539,-0.9940869,0.0,0.0,0.0,1.122734,-0.1083907,-2.499853,0.2163215,0.09455856,0.9172576,0.05208756,-0.03216945,-0.9981244,0.3087541,0.9510308,-0.01453912,0.9497147,-0.3074176,0.05946934,moving,4.97429497725032,3.80319291997219,13.269884118273184,5.885735710010644,0.8721538,-0.23491330000000002,-0.23388600000000004,0.08651928166138695,0.06608078020099667,0.9940561987958598,0.8652286218147798,6.944804938430748,8.491290732671585,8.55299851917429,12.449783356203515
05/17/2023 13:14:10.784203,2711,True,True,True,True,Eyes,0.2464828,0.1193736,-2.425404,0.9693319,-0.243043,-0.03641269,0.0,0.0,0.0,0.0,0.0,0.0,0.0,-2.264071,-0.234717,-0.08239102,0.2536648,0.1270412,-2.259958,0.1007842,0.6806353,-0.1177899,0.7160334,17.73853,86.80067,358.1054,0.09807309,0.04726045,-0.9940542,0.0,0.0,0.0,1.124792,-0.1066771,-2.499668,0.2181108,0.09735548,0.918283,0.04572229,-0.03148841,-0.9984578,0.3058775,0.9519362,-0.01601422,0.9509724,-0.3046735,0.05315632,moving,5.078534066601911,3.782918163393259,13.361316272329677,6.051836685732294,0.8711272,-0.2337183,-0.23970999999999965,0.08832976284011407,0.06571853962053112,0.9939210445233566,0.9093261229807976,6.930158167123759,8.52106667736369,8.587925961984865,12.482928634905964
05/17/2023 13:14:10.794265,2712,True,True,True,True,Eyes,0.2473702,0.1196465,-2.418267,0.9696025,-0.2405695,-0.04469027,0.0,0.0,0.0,0.0,0.0,0.0,0.0,-2.257575,-0.2388743,-0.1009552,0.256637,0.1278701,-2.254259,0.09985678,0.6832336,-0.1170378,0.7138085,17.60695,87.20724,358.1582,0.09836415,0.04742512,-0.9940172,0.0,0.0,0.0,1.12701,-0.1048301,-2.499469,0.2188721,0.1009645,0.9195502,0.03898804,-0.03063414,-0.9987699,0.3035361,0.9526616,-0.01737104,0.9520219,-0.3024855,0.04644097,moving,5.163804707908375,3.7941396282589883,13.388463024537247,6.265846060368954,0.8703730000000001,-0.23270019999999997,-0.24521000000000015,0.08980775814090969,0.06590444669435569,0.9937761735183571,0.9508136969145085,6.928893051186185,8.51510789869648,8.588034531359678,12.45531019721894
05/17/2023 13:14:10.814444,2713,True,True,True,True,Eyes,0.248355,0.1199319,-2.411175,0.9698077,-0.2380218,-0.05309079,0.0,0.0,0.0,0.0,0.0,0.0,0.0,-2.250369,-0.243773,-0.1266785,0.2598066,0.1282037,-2.248487,0.09901786,0.6869318,-0.1164085,0.7104712,17.49533,87.7983,358.2352,0.09869156,0.04759859,-0.9939761,0.0,0.0,0.0,1.129053,-0.1031281,-2.499285,0.2194657,0.1048386,0.920806,0.02914755,-0.02937269,-0.9991435,0.3014467,0.953289,-0.01923069,0.9530375,-0.300628,0.03664033,moving,5.077315567078259,3.8258147652862804,13.40581547762756,6.495454933878971,0.8692464000000001,-0.2313318,-0.2507980000000001,0.08830425666715669,0.06646280331175519,0.9938737536869346,0.9171172909401668,6.94676982019231,8.666396095541408,8.745907007839914,12.496850304167726
05/17/2023 13:14:10.834166,2714,True,True,True,True,Eyes,0.2494406,0.1202274,-2.40413,0.9699348,-0.2354259,-0.06165314,0.0,0.0,0.0,0.0,0.0,0.0,0.0,-2.242848,-0.2466446,-0.1561432,0.263095,0.1287502,-2.242719,0.09812671,0.691192,-0.1149521,0.7066901,17.31341,88.48447,358.39,0.09905584,0.04778051,-0.9939306,0.0,0.0,0.0,1.131183,-0.1013545,-2.499094,0.2196228,0.1085569,0.9221497,0.01807931,-0.02682227,-0.9994767,0.2981198,0.9543144,-0.02021766,0.9543573,-0.2975983,0.02524957,moving,4.913782927986419,3.782799015361191,13.396222506500457,6.71404702404734,0.868088,-0.2301047,-0.2563749999999998,0.08547134457232985,0.06573291838801429,0.9941699115397237,0.8333666102038042,6.940912126743935,8.887994299317764,8.974630693881947,12.56490413994222
05/17/2023 13:14:10.844411,2715,True,True,True,True,Eyes,0.2506208,0.1205211,-2.397097,0.9699731,-0.2328269,-0.07031253,0.0,0.0,0.0,0.0,0.0,0.0,0.0,-2.234383,-0.2501465,-0.1882967,0.266572,0.129262,-2.236678,0.09710441,0.6958621,-0.1134866,0.7024725,17.11967,89.23898,358.543,0.09945761,0.04797047,-0.9938808,0.0,0.0,0.0,1.13334,-0.0995584,-2.498901,0.2213714,0.1102261,0.9235101,0.005793405,-0.02429983,-0.999688,0.2945849,0.9553831,-0.02151569,0.9556078,-0.2943684,0.01269326,moving,4.688574194340328,3.728582078268648,13.47983331448713,6.806373235307531,0.866768,-0.22882039999999998,-0.2622230000000001,0.08156789492264332,0.06481341866634932,0.9945581588026366,0.7190073904237901,6.934780678355831,9.22370162763976,9.31445303407082,12.761471965869658
05/17/2023 13:14:10.865027,2716,True,True,True,True,Eyes,0.251892,0.1207937,-2.390097,0.9699251,-0.2302184,-0.07902322,0.0,0.0,0.0,0.0,0.0,0.0,0.0,-2.22541,-0.2527304,-0.2189045,0.2699653,0.1294604,-2.230381,0.09623468,0.7002681,-0.112075,0.6984288,16.94127,89.95645,358.6958,0.09989709,0.0481676,-0.9938276,0.0,0.0,0.0,1.135463,-0.09779066,-2.49871,0.2239565,0.1104654,0.9243339,-0.00587234,-0.02177263,-0.9997458,0.2913329,0.9563562,-0.02253892,0.9566038,-0.2913912,0.0007270155,moving,4.501299183779205,3.6912091043695394,13.619708934029534,6.814988813350489,0.8654976999999999,-0.22725106,-0.26832900000000004,0.07831988619206948,0.06418143850394703,0.994860100208147,0.6254122455495694,6.932654011323386,9.54615842270585,9.638640777812055,12.994829415081037
05/17/2023 13:14:10.884505,2717,True,True,True,True,Eyes,0.2532563,0.1210376,-2.383101,0.969772,-0.2277507,-0.08759017,0.0,0.0,0.0,0.0,0.0,0.0,0.0,-2.216641,-0.253967,-0.2452312,0.2733983,0.1292126,-2.224116,0.09573136,0.7039412,-0.1108994,0.6949847,16.80988,90.56235,358.8407,0.100374,0.04837014,-0.9937701,0.0,0.0,0.0,1.137637,-0.0959801,-2.498515,0.2287629,0.1069046,0.9251943,-0.0156635,-0.01936825,-0.9996897,0.2889252,0.9570736,-0.02306958,0.9572235,-0.2891969,-0.009395137,moving,4.412862698183239,3.694027440977245,13.888355267902483,6.591197956056821,0.8642387,-0.22519270000000002,-0.27439899999999984,0.07678394914119302,0.06423808114654297,0.9949763038886963,0.5851993049297386,6.9395374087015105,9.821156401645933,9.908509294149702,13.307715767532988
05/17/2023 13:14:10.894766,2718,True,True,True,True,Eyes,0.2547146,0.1212522,-2.376143,0.9695009,-0.2254131,-0.09621303,0.0,0.0,0.0,0.0,0.0,0.0,0.0,-2.207517,-0.2573059,-0.2698171,0.2769153,0.1287382,-2.217855,0.09549618,0.7073378,-0.1106681,0.6915971,16.7771,91.13065,358.924,0.1008906,0.04857715,-0.993708,0.0,0.0,0.0,1.139752,-0.09421924,-2.498325,0.2321333,0.103913,0.9258196,-0.02514817,-0.01797931,-0.9995221,0.2881715,0.9572662,-0.02446963,0.9572486,-0.2886491,-0.01889235,moving,4.358923665373801,3.792714327315395,14.075750847204151,6.404014963697544,0.8628367000000001,-0.22295744,-0.2804699999999998,0.07583870509468865,0.06595652380867004,0.9949362972928659,0.5795542158863478,6.981105863832383,9.979792599969267,10.061591399730311,13.508529061974604
05/17/2023 13:14:10.915020,2719,True,True,True,True,Eyes,0.2562659,0.1214487,-2.369194,0.9691285,-0.2232458,-0.1046483,0.0,0.0,0.0,0.0,0.0,0.0,0.0,-2.197855,-0.262769,-0.2952082,0.2806037,0.1282615,-2.21169,0.09560163,0.7108517,-0.1112559,0.6878753,16.83981,91.73027,358.9737,0.1014457,0.0487865,-0.9936415,0.0,0.0,0.0,1.141829,-0.09249005,-2.498139,0.2350765,0.1037937,0.9259024,-0.03537588,-0.01714321,-0.9992271,0.2889775,0.9569649,-0.02664891,0.9566821,-0.2896969,-0.02889949,moving,4.26036384412151,3.9793844922243613,14.245770652887114,6.396156351744956,0.8612253,-0.22075155000000002,-0.2864490000000002,0.07411075562332597,0.06920669527808984,0.9948457330925258,0.5704747605547729,7.05950691085171,10.192882267259206,10.273710885435364,13.691375084596471
05/17/2023 13:14:10.934467,2720,True,True,True,True,Eyes,0.2578999,0.1216321,-2.362277,0.9686444,-0.2211898,-0.1131504,0.0,0.0,0.0,0.0,0.0,0.0,0.0,-2.187444,-0.2704524,-0.3210739,0.2843012,0.1280168,-2.205432,0.09551946,0.7144942,-0.1122327,0.6839431,16.92017,92.35137,358.9803,0.1020411,0.04899771,-0.9935704,0.0,0.0,0.0,1.14399,-0.09069003,-2.497945,0.2424685,0.09866437,0.9260464,-0.04619591,-0.01702541,-0.9987873,0.2900178,0.9565597,-0.0297195,0.9559057,-0.291039,-0.03925154,moving,4.141659940584283,4.1802766077475075,14.672487036494148,6.0815594163289495,0.8596888,-0.21870683,-0.292513,0.07203152378759398,0.07270552103637482,0.9947488532726373,0.5548798776533559,7.144709406056764,10.629115975986243,10.701083853617668,14.157581707057567
05/17/2023 13:14:10.944224,2721,True,True,True,True,Eyes,0.2596177,0.1217771,-2.355444,0.9681125,-0.2191759,-0.1213271,0.0,0.0,0.0,0.0,0.0,0.0,0.0,-2.176724,-0.2788837,-0.3461241,0.2878906,0.127887,-2.199198,0.09495926,0.718071,-0.1130657,0.680127,16.95061,92.95348,358.9563,0.1026745,0.0492094,-0.9934949,0.0,0.0,0.0,1.146134,-0.08890513,-2.497752,0.248491,0.09294752,0.9255503,-0.05681995,-0.01742313,-0.9982324,0.2901731,0.9563978,-0.03320973,0.9552859,-0.2915472,-0.04928675,moving,4.021030012041238,4.3308097806383055,15.028328987395764,5.734648481357601,0.8582434,-0.21679213,-0.2985540000000002,0.06992338042871288,0.07533010722247958,0.994704101130955,0.528591406293061,7.210630493778716,11.033846229018817,11.09645861662531,14.574666816837796
05/17/2023 13:14:10.964277,2722,True,True,True,True,Eyes,0.2614174,0.1218992,-2.348634,0.9675022,-0.2171285,-0.1295946,0.0,0.0,0.0,0.0,0.0,0.0,0.0,-2.165572,-0.2835115,-0.3734509,0.2917546,0.1271668,-2.192773,0.09443515,0.7219015,-0.1129362,0.676155,16.90366,93.60252,359.0191,0.1033478,0.04942048,-0.9934148,0.0,0.0,0.0,1.148235,-0.08715486,-2.497564,0.2543351,0.0925703,0.9244373,-0.0677928,-0.01637904,-0.997565,0.2890706,0.9566548,-0.03535207,0.9549044,-0.2907633,-0.06011964,moving,3.8671669135588607,4.399734889067661,15.38286843154545,5.718360054932407,0.8564803999999999,-0.21432166,-0.30479100000000026,0.06724571397556639,0.07654076945026522,0.99479624920389,0.47109460120734425,7.247279447094468,11.527410271415771,11.590951375077477,14.989949742240151
05/17/2023 13:14:10.984069,2723,True,True,True,True,Eyes,0.2633129,0.1219915,-2.341844,0.9668082,-0.2150507,-0.1379671,0.0,0.0,0.0,0.0,0.0,0.0,0.0,-2.154757,-0.2832922,-0.4006889,0.2955059,0.1267235,-2.186413,0.09417295,0.7256736,-0.1115955,0.6723659,16.77423,94.24917,359.1988,0.1040613,0.04963019,-0.99333,0.0,0.0,0.0,1.150375,-0.08537323,-2.497371,0.2631555,0.08918581,0.9234658,-0.07811132,-0.0133884,-0.9968549,0.2867437,0.9573558,-0.03532648,0.9548178,-0.2886012,-0.07094129,moving,3.731621807716292,4.380571552079547,15.905701128986957,5.516361991013956,0.8548690999999999,-0.21209672999999998,-0.31095799999999985,0.064893722161453,0.07621992864215682,0.9949769580959937,0.40488832468044,7.2487794972227295,12.166375417646796,12.226946766947371,15.597322462845073
05/17/2023 13:14:10.994313,2724,True,True,True,True,Eyes,0.265291,0.122044,-2.335082,0.9661267,-0.2128116,-0.145981,0.0,0.0,0.0,0.0,0.0,0.0,0.0,-2.143147,-0.2844453,-0.4290967,0.2996834,0.1260855,-2.180001,0.09362908,0.7295994,-0.110437,0.6683728,16.63704,94.91932,359.342,0.1048142,0.04983702,-0.9932406,0.0,0.0,0.0,1.152506,-0.08359892,-2.49718,0.2675287,0.08807095,0.9225056,-0.08902293,-0.01100279,-0.9959689,0.2842496,0.9580745,-0.03599131,0.9546084,-0.2863078,-0.0821631,moving,3.5491941088523657,4.366205119316447,16.172277951244723,5.4534588725324245,0.8528226000000001,-0.20968441999999998,-0.3171790000000003,0.06172654076985429,0.07598574826489923,0.9951964781557763,0.31800719549729806,7.2552014894772645,12.60935361219297,12.669821088553274,15.956320931037432
05/17/2023 13:14:11.015008,2725,True,True,True,True,Eyes,0.2673525,0.1220583,-2.328357,0.9654368,-0.210511,-0.1536774,0.0,0.0,0.0,0.0,0.0,0.0,0.0,-2.130721,-0.2869763,-0.4579834,0.3036482,0.1251787,-2.173523,0.09275946,0.7336689,-0.109513,0.6641783,16.49371,95.61087,359.4405,0.1056055,0.05003939,-0.9931468,0.0,0.0,0.0,1.15469,-0.08177977,-2.496984,0.2716056,0.08991277,0.9217156,-0.1005261,-0.009362845,-0.9948904,0.2815817,0.9588051,-0.0374749,0.954257,-0.2839102,-0.09374849,moving,3.3237774470229597,4.35272246539548,16.41887333799314,5.571538744643611,0.8510418,-0.20695847,-0.323461,0.05781165776435093,0.07576934329768192,0.995447968519086,0.2114838863989208,7.264782119762691,13.08620450409384,13.151693788872382,16.29559897527649
05/17/2023 13:14:11.034600,2726,True,True,True,True,Eyes,0.2695022,0.1220468,-2.321639,0.9646499,-0.2082203,-0.1615395,0.0,0.0,0.0,0.0,0.0,0.0,0.0,-2.117757,-0.2912349,-0.4861414,0.3077796,0.1242901,-2.166996,0.09163937,0.7376443,-0.1089318,0.660013,16.36003,96.28452,359.4866,0.1064371,0.05023656,-0.9930482,0.0,0.0,0.0,1.156928,-0.07991631,-2.496783,0.2760688,0.09387931,0.9210343,-0.1119704,-0.008598302,-0.9936745,0.2789873,0.9594722,-0.03973952,0.9537446,-0.2816722,-0.1050336,moving,3.121434400645145,4.351492212889735,16.68546100996754,5.819952417588444,0.8491484,-0.20420641,-0.32978700000000005,0.05429586236856504,0.07576295672835907,0.9956465571073806,0.11798133663048249,7.277572124640089,13.568708272816608,13.643283814067264,16.63147732274021
05/17/2023 13:14:11.044632,2727,True,True,True,True,Eyes,0.2717329,0.122002,-2.314945,0.9638583,-0.2059088,-0.1690524,0.0,0.0,0.0,0.0,0.0,0.0,0.0,-2.103462,-0.2996405,-0.5152396,0.3120412,0.1236346,-2.160359,0.08976541,0.7418562,-0.1089023,0.6555395,16.21659,96.98775,359.4276,0.1073088,0.05042779,-0.9929447,0.0,0.0,0.0,1.158919,-0.07825862,-2.496604,0.2799376,0.09776458,0.9199549,-0.1244206,-0.009593409,-0.9921833,0.2759655,0.9601649,-0.04389009,0.9530807,-0.2792691,-0.1168169,moving,2.861734772914679,4.347130290588271,16.924738552251597,6.066115475771578,0.8468778,-0.20189321999999998,-0.3362449999999999,0.04978265476431204,0.07570497850443815,0.9958867475051316,-0.002567532521821292,7.292915103103711,14.083485052184344,14.167673957447075,16.97170376282916
05/17/2023 13:14:11.064295,2728,True,True,True,True,Eyes,0.2740444,0.1219401,-2.308242,0.9629726,-0.2036012,-0.1767211,0.0,0.0,0.0,0.0,0.0,0.0,0.0,-2.088408,-0.3091627,-0.5437191,0.3163087,0.1228026,-2.153492,0.08763793,0.7460034,-0.1091233,0.651069,16.07702,97.67935,359.324,0.1082201,0.05061222,-0.9928365,0.0,0.0,0.0,1.160982,-0.07654022,-2.496419,0.281613,0.1035609,0.9195459,-0.1368579,-0.01133716,-0.990526,0.2728499,0.9608234,-0.04869596,0.9522726,-0.2769293,-0.1284028,moving,2.6191054631068202,4.347566092714442,17.027325147760333,6.425677155029848,0.8446733,-0.19934282,-0.342927,0.04556488098691924,0.07572781579284459,0.9960869257817325,-0.11431422263779556,7.3089880554667275,14.459844129467145,14.557312254278077,17.164382845054863
05/17/2023 13:14:11.084287,2729,True,True,True,True,Eyes,0.276444,0.1218523,-2.301544,0.962088,-0.2012156,-0.1841164,0.0,0.0,0.0,0.0,0.0,0.0,0.0,-2.072788,-0.3201196,-0.5711151,0.3205666,0.1223005,-2.14648,0.08498958,0.7500433,-0.1093958,0.6467182,15.90432,98.34492,359.1656,0.1091718,0.05078994,-0.9927233,0.0,0.0,0.0,1.163071,-0.07480086,-2.496232,0.2828434,0.109103,0.91979,-0.1490648,-0.01400477,-0.9887283,0.2689882,0.9616187,-0.05417452,0.9515383,-0.2740317,-0.1395764,moving,2.3821050887313144,4.320575932373975,17.093116814017872,6.764662033999697,0.8425043999999999,-0.19710136,-0.34975200000000006,0.041445683551379064,0.07527209206144314,0.9963012865835179,-0.22880681265815506,7.314122416603416,14.801870497041628,14.912659818210786,17.330636019501657
05/17/2023 13:14:11.104444,2730,True,True,True,True,Eyes,0.2789362,0.1217349,-2.294823,0.9611276,-0.198758,-0.1916476,0.0,0.0,0.0,0.0,0.0,0.0,0.0,-2.056529,-0.3311104,-0.598066,0.3251945,0.1215882,-2.139181,0.08173344,0.7539855,-0.1094109,0.6425378,15.66558,98.98346,358.9675,0.110164,0.05096048,-0.992605,0.0,0.0,0.0,1.165266,-0.07297321,-2.496035,0.2826452,0.113013,0.9202809,-0.1609297,-0.01734961,-0.9868134,0.2638529,0.9626978,-0.05995481,0.9510432,-0.2700221,-0.1503489,moving,2.1776655646076883,4.232025872603628,17.07325459269961,7.001025126666869,0.8400714999999999,-0.19456141,-0.3568539999999998,0.037894822714175935,0.07374262946723419,0.996556980629928,-0.34027850598072384,7.29339796428849,15.030134732678237,15.15077322656554,17.415987392479774
05/17/2023 13:14:11.124652,2731,True,True,True,True,Eyes,0.2789362,0.1217349,-2.294823,0.9611276,-0.198758,-0.1916476,0.0,0.0,0.0,0.0,0.0,0.0,0.0,-2.040084,-0.3403386,-0.6246787,0.3299165,0.1207139,-2.131801,0.07828434,0.7578435,-0.1089507,0.6384941,15.37309,99.60653,358.7833,0.1111974,0.05112337,-0.9924815,0.0,0.0,0.0,1.167393,-0.07120194,-2.495844,0.2806767,0.1158692,0.9213704,-0.1723941,-0.02047426,-0.9848154,0.2577833,0.9640026,-0.06516704,0.9506989,-0.2651034,-0.1609104,moving,1.5574073816890683,3.93781421663703,16.942287917177925,7.167743862994068,0.8374765,-0.19191584,-0.3640430000000001,0.02711442027837574,0.06864847465713292,0.9972722816622033,-0.6834536268147988,7.220672305919406,15.591046805744572,15.720273363134625,17.625821013379817
05/17/2023 13:14:11.143914,2732,True,True,True,True,Eyes,0.2789362,0.1217349,-2.294823,0.9611276,-0.198758,-0.1916476,0.0,0.0,0.0,0.0,0.0,0.0,0.0,-2.023705,-0.3452029,-0.6513938,0.3347136,0.1193467,-2.124284,0.07563022,0.76162,-0.1079936,0.6344703,15.09798,100.236,358.7041,0.1121274,0.05126991,-0.9923693,0.0,0.0,0.0,1.169512,-0.06943715,-2.495654,0.2805113,0.1161754,0.9228208,-0.1834554,-0.02183448,-0.9827856,0.2522404,0.9652349,-0.06852994,0.9501154,-0.2604704,-0.17157,moving,0.9395676870855342,3.6538896752727097,16.907781398581566,7.175310605226187,0.8347984000000002,-0.18878385,-0.3713700000000002,0.01636448910372651,0.06372064802183093,0.9978334987078615,-1.0235109305425474,7.151752625681064,16.220143541387426,16.35188840782386,17.931307804254143
05/17/2023 13:14:11.144227,2733,True,True,True,True,Eyes,0.2818991,0.1214856,-2.287523,0.9600443,-0.1960668,-0.1996817,0.0,0.0,0.0,0.0,0.0,0.0,0.0,-2.007602,-0.3486916,-0.6772908,0.3392607,0.1179731,-2.117016,0.07363184,0.7652754,-0.1071487,0.6304371,14.88246,100.8628,358.6717,0.1129644,0.05140179,-0.9922676,0.0,0.0,0.0,1.171735,-0.06758609,-2.495454,0.2796307,0.1167449,0.923787,-0.1942547,-0.02240371,-0.9806952,0.2477983,0.966195,-0.07115598,0.949137,-0.256837,-0.1821363,moving,0.7880378766771927,3.5932579692149273,16.84108519259713,7.202653300587907,0.8324742999999999,-0.18555918999999998,-0.37843800000000005,0.01372638953735733,0.0626671770611825,0.997940098647745,-1.1051594897701893,7.138319160615536,16.3210201058999,16.453816055411018,17.94635999530165
05/17/2023 13:14:11.164333,2734,True,True,True,True,Eyes,0.2849937,0.1214443,-2.280231,0.9588461,-0.1934605,-0.207815,0.0,0.0,0.0,0.0,0.0,0.0,0.0,-1.990111,-0.3563715,-0.7039211,0.3443721,0.1172428,-2.109671,0.07148911,0.7690552,-0.1071782,0.6260639,14.73599,101.5183,358.5636,0.1138824,0.05152543,-0.9921564,0.0,0.0,0.0,1.173815,-0.06585445,-2.495267,0.2796112,0.1171159,0.9248803,-0.2058663,-0.0242426,-0.9782797,0.2441589,0.9668043,-0.07533837,0.9476313,-0.2543654,-0.1931134,moving,0.608372919227699,3.5966663248150894,16.821195648635815,7.216849956923567,0.8294429000000001,-0.18309725,-0.38559600000000005,0.010596999480810498,0.06272892453668644,0.997974282433638,-1.1873061363295707,7.15141021370355,16.478750559425116,16.612084468404277,18.008620682858922
05/17/2023 13:14:11.184280,2735,True,True,True,True,Eyes,0.288172,0.1215046,-2.272943,0.9575462,-0.1910991,-0.2158389,0.0,0.0,0.0,0.0,0.0,0.0,0.0,-1.971541,-0.3757792,-0.7281108,0.3506557,0.1221843,-2.102484,0.06854311,0.7726077,-0.1084683,0.6217827,14.64591,102.1263,358.2839,0.1148786,0.05165051,-0.992035,0.0,0.0,0.0,1.175918,-0.0641029,-2.495079,0.2803329,0.1169822,0.9256387,-0.2173762,-0.02897352,-0.9756578,0.2408013,0.9670729,-0.08236904,0.9459187,-0.2528447,-0.2032418,moving,0.4578071212941904,3.6437216343956105,16.849119091505063,7.202853670838304,0.8252623,-0.1862872,-0.392595,0.007974005784213367,0.0635500620634909,0.9979468055722909,-1.2475416355363267,7.179414691908791,16.640371279145494,16.77326828491129,18.09667590623691
05/17/2023 13:14:11.194240,2736,True,True,True,True,Eyes,0.2914268,0.1214717,-2.265599,0.9561604,-0.1886851,-0.2239534,0.0,0.0,0.0,0.0,0.0,0.0,0.0,-1.946831,-0.4036145,-0.7597852,0.3559937,0.1247188,-2.094765,0.06494794,0.7775854,-0.1121671,0.6152733,14.7357,103.0099,357.8061,0.1159512,0.05178151,-0.9919034,0.0,0.0,0.0,1.178062,-0.06231769,-2.494886,0.281689,0.1152298,0.9262285,-0.2344412,-0.03702176,-0.9714252,0.2390321,0.9664006,-0.09451763,0.9422851,-0.2543606,-0.2177147,moving,0.02160138961860149,3.8632329063674136,16.91581393332127,7.091590137464111,0.8220683,-0.18703649,-0.40012099999999995,0.000376158660035375,0.0673750478401157,0.9977276002471488,-1.4058524454956711,7.292605855044006,17.07124112336603,17.199904298669075,18.322769065165488
05/17/2023 13:14:11.214257,2737,True,True,True,True,Eyes,0.294791,0.1216308,-2.258283,0.9547189,-0.1861942,-0.2320417,0.0,0.0,0.0,0.0,0.0,0.0,0.0,-1.929633,-0.3939896,-0.7861016,0.3611138,0.1224187,-2.085972,0.065676,0.7810901,-0.109724,0.6111838,14.57748,103.6766,358.1333,0.1170966,0.0519139,-0.991762,0.0,0.0,0.0,1.180212,-0.06052746,-2.494693,0.2827366,0.1124626,0.9267849,-0.2442823,-0.03152535,-0.9691916,0.2367208,0.9672946,-0.09112854,0.9403666,-0.251689,-0.2288303,moving,-0.14115319453505665,3.8441628642347108,16.96550698933986,6.9188450777965365,0.8190982,-0.18294616,-0.4087209999999999,-0.002458042452099185,0.06704276447433348,0.9977469791628952,-1.4845818192391431,7.295925513824142,17.25791730482342,17.380779423287233,18.453941765912422
05/17/2023 13:14:11.234139,2738,True,True,True,True,Eyes,0.2982711,0.1218873,-2.251017,0.9533024,-0.1835919,-0.2398095,0.0,0.0,0.0,0.0,0.0,0.0,0.0,-1.91478,-0.3991717,-0.8053666,0.3671264,0.1271447,-2.079275,0.06396949,0.7837034,-0.1082252,0.6082798,14.327,104.1322,358.1431,0.1183128,0.05205588,-0.9916102,0.0,0.0,0.0,1.18234,-0.05875556,-2.494502,0.2824937,0.11095,0.9272839,-0.2518076,-0.0313962,-0.9672681,0.2319287,0.9683904,-0.09181026,0.9395757,-0.2474557,-0.2365663,moving,-0.13345980118834483,3.745604583168648,16.943168429139146,6.823033066686558,0.8152135999999999,-0.18590025999999998,-0.41522700000000023,-0.002324335372845099,0.06532640389286039,0.9978612660591257,-1.5002270087857865,7.257438146773948,17.232157947274693,17.351708785822368,18.448510591732763
05/17/2023 13:14:11.244663,2739,True,True,True,True,Eyes,0.3018579,0.1222079,-2.243781,0.951876,-0.1809765,-0.2473445,0.0,0.0,0.0,0.0,0.0,0.0,0.0,-1.896139,-0.4062676,-0.8305378,0.3737223,0.1297432,-2.072121,0.06072827,0.7871795,-0.1068427,0.6043552,13.98169,104.7268,358.0196,0.1195994,0.05221086,-0.9914477,0.0,0.0,0.0,1.184478,-0.05697491,-2.49431,0.2815928,0.1097085,0.9280896,-0.262134,-0.03353384,-0.9644488,0.22475,0.9697934,-0.09480594,0.9384953,-0.2416117,-0.246679,moving,-0.281228521380256,3.547427538945549,16.878386142003215,6.741589393924431,0.8107556999999999,-0.18671811,-0.4221889999999999,-0.004898938699458233,0.061873989965929646,0.9980718032154876,-1.6069247454932294,7.190749996799329,17.337267788142746,17.454370379695945,18.49076698935362
05/17/2023 13:14:11.264931,2740,True,True,True,True,Eyes,0.3055296,0.1225466,-2.236582,0.9503706,-0.1783786,-0.2549054,0.0,0.0,0.0,0.0,0.0,0.0,0.0,-1.879729,-0.4017252,-0.8553718,0.380035,0.1315711,-2.065112,0.06045282,0.7904442,-0.1041617,0.600578,13.72613,105.3352,358.2571,0.1209538,0.05238022,-0.9912745,0.0,0.0,0.0,1.186725,-0.05510331,-2.494108,0.2778127,0.1093956,0.9294961,-0.2713033,-0.02954524,-0.9620405,0.2206836,0.9709916,-0.09205471,0.9368531,-0.2372812,-0.2569131,moving,-0.42125770318175926,3.439464174244871,16.64063096773939,6.712458356868505,0.80669,-0.18667441,-0.42899600000000015,-0.007339024935623939,0.05999231012003579,0.9981718422550978,-1.6924888733782408,7.158321646001261,17.25790711570271,17.37298293150591,18.338540759323717
05/17/2023 13:14:11.284305,2741,True,True,True,True,Eyes,0.3092725,0.1228652,-2.229459,0.9488417,-0.1760229,-0.2621364,0.0,0.0,0.0,0.0,0.0,0.0,0.0,-1.864948,-0.3978605,-0.8765364,0.3857856,0.1323234,-2.058713,0.06119349,0.7931816,-0.1025924,0.5971542,13.64071,105.8713,358.4992,0.1223742,0.05256344,-0.9910905,0.0,0.0,0.0,1.18868,-0.05347545,-2.493933,0.2727044,0.1071137,0.931226,-0.2793244,-0.02545183,-0.9598594,0.219602,0.9714603,-0.08966487,0.9347475,-0.2358326,-0.2657633,moving,-0.5132114530770022,3.4900495092287023,16.322378363616924,6.561575442829405,0.8028944,-0.18579885000000002,-0.43522000000000016,-0.008940499743383068,0.0608727645239758,0.9981055551352309,-1.7250218219647047,7.183844372350091,17.005695529715755,17.11348462577829,18.05812482178531
05/17/2023 13:14:11.294185,2742,True,True,True,True,Eyes,0.3131005,0.1231604,-2.222384,0.9472104,-0.1737577,-0.2694452,0.0,0.0,0.0,0.0,0.0,0.0,0.0,-1.848324,-0.4016668,-0.89748,0.3916073,0.1322162,-2.052382,0.06088998,0.7959911,-0.1027776,0.5934033,13.64378,106.415,358.5234,0.1238578,0.0527582,-0.9908959,0.0,0.0,0.0,1.190906,-0.05162214,-2.493733,0.2667253,0.1050119,0.9332844,-0.2883302,-0.02504136,-0.9572037,0.2189129,0.9714584,-0.0913555,0.9321712,-0.2358848,-0.2746189,moving,-0.6225762966060379,3.6221983347084254,15.949517274472527,6.419841893608502,0.7992987,-0.18383834,-0.44135100000000005,-0.010844088622889048,0.06317346945036863,0.9979436429378324,-1.7496978296770638,7.2419419217940355,16.705923676301516,16.806578914557196,17.718297428345075
05/17/2023 13:14:11.314579,2743,True,True,True,True,Eyes,0.3170409,0.1234875,-2.215347,0.9455307,-0.1716556,-0.2765973,0.0,0.0,0.0,0.0,0.0,0.0,0.0,-1.829962,-0.4125098,-0.9188558,0.3975423,0.1319554,-2.046403,0.05863949,0.7989675,-0.1039201,0.5894176,13.60246,106.9633,358.3018,0.125403,0.05296231,-0.9906906,0.0,0.0,0.0,1.192987,-0.04988888,-2.493546,0.2615833,0.1033163,0.9350358,-0.2982967,-0.02880265,-0.9540386,0.2162068,0.9715241,-0.09693133,0.9296632,-0.2351839,-0.2835751,moving,-0.7590572819757986,3.69694603421959,15.62936279455404,6.305290218782345,0.7954447,-0.18184428,-0.4471429999999996,-0.013220098550748405,0.06447348323465517,0.9978318570656276,-1.7980491833300973,7.279695379914543,16.499442416241486,16.59469107847292,17.45463129558859
05/17/2023 13:14:11.334722,2744,True,True,True,True,Eyes,0.3210835,0.1238391,-2.208356,0.9437423,-0.1695329,-0.2839173,0.0,0.0,0.0,0.0,0.0,0.0,0.0,-1.808707,-0.4282742,-0.9431411,0.4041288,0.1330606,-2.040424,0.05483777,0.8024335,-0.1052141,0.5848277,13.47352,107.5855,357.9341,0.1270093,0.05317628,-0.9904746,0.0,0.0,0.0,1.195105,-0.04812541,-2.493356,0.2581538,0.10279,0.9360946,-0.309939,-0.03505694,-0.95011,0.2110716,0.9718456,-0.1047134,0.9270312,-0.232996,-0.2938132,moving,-0.9649737093928604,3.6795610031836525,15.417656813570362,6.266388118151128,0.7909762,-0.18118601,-0.4529320000000001,-0.016806464949025324,0.06416725466340972,0.9977976109391467,-1.8963444048329259,7.286493793695902,16.492363012666406,16.58560391950372,17.344026458125263
05/17/2023 13:14:11.344286,2745,True,True,True,True,Eyes,0.3252158,0.1241644,-2.201444,0.9419001,-0.1675211,-0.2911372,0.0,0.0,0.0,0.0,0.0,0.0,0.0,-1.787291,-0.4376307,-0.9693437,0.410694,0.1339834,-2.034437,0.05180797,0.80612,-0.1052323,0.580011,13.28284,108.2649,357.7302,0.1286758,0.05340018,-0.9902475,0.0,0.0,0.0,1.197295,-0.0463016,-2.49316,0.2551743,0.1044042,0.9367585,-0.3218067,-0.03854493,-0.9460206,0.2055987,0.9724842,-0.1095614,0.9242132,-0.2297582,-0.3050271,moving,-1.218911703359162,3.592119937202632,15.237737221303098,6.3595200731095565,0.786601,-0.180285,-0.458723,-0.021230643796184445,0.0626391350999102,0.9978103953492339,-2.030414755385797,7.26944148982527,16.592141124918605,16.687713963925834,17.29210888453524
05/17/2023 13:14:11.364495,2746,True,True,True,True,Eyes,0.3294427,0.1245012,-2.1946,0.9399486,-0.1655751,-0.2984655,0.0,0.0,0.0,0.0,0.0,0.0,0.0,-1.768567,-0.4361308,-0.9946184,0.4173345,0.1337326,-2.028609,0.0519725,0.8094797,-0.1041973,0.5754861,13.20937,108.9355,357.8934,0.1304013,0.05363177,-0.9900092,0.0,0.0,0.0,1.199439,-0.04451673,-2.492967,0.2515168,0.1076757,0.9372151,-0.332229,-0.03578683,-0.9425194,0.2040696,0.9728835,-0.1088723,0.9208578,-0.2285101,-0.315917,moving,-1.4379035560741447,3.6260397318226283,15.022286801722165,6.553919161610837,0.7821045,-0.17824933,-0.46435800000000027,-0.02504331540815763,0.06322426423841436,0.9976851526594441,-2.124746604050949,7.2968692269489015,16.618047760451713,16.718562873951445,17.163121202691688
05/17/2023 13:14:11.384332,2747,True,True,True,True,Eyes,0.3337661,0.1248575,-2.187815,0.9378784,-0.1637963,-0.3058674,0.0,0.0,0.0,0.0,0.0,0.0,0.0,-1.750913,-0.4339336,-1.018545,0.4239101,0.1343296,-2.023285,0.05329757,0.8126397,-0.1032918,0.5710577,13.22349,109.5932,358.1547,0.132185,0.05387079,-0.9897597,0.0,0.0,0.0,1.201465,-0.04282897,-2.492785,0.2475442,0.1111098,0.9377245,-0.3421049,-0.0313477,-0.9391387,0.2045946,0.9729804,-0.1070061,0.9171178,-0.22875,-0.3264478,moving,-1.634702303553553,3.742378228603737,14.787816928972473,6.757398904927618,0.7775548999999999,-0.17715857,-0.46950000000000003,-0.028466285346775866,0.06524393743667364,0.9974632257328215,-2.1928008064391165,7.354605213178479,16.591474288706035,16.696990376153057,16.99111632738677
05/17/2023 13:14:11.394340,2748,True,True,True,True,Eyes,0.3381811,0.1252248,-2.181104,0.9357055,-0.1621357,-0.3133164,0.0,0.0,0.0,0.0,0.0,0.0,0.0,-1.73367,-0.4348172,-1.040032,0.4305081,0.1351654,-2.018101,0.05435067,0.8154649,-0.1030639,0.5669577,13.28053,110.1881,358.3382,0.1340259,0.0541173,-0.9894987,0.0,0.0,0.0,1.203682,-0.0409835,-2.492586,0.2437771,0.113974,0.9385361,-0.3512103,-0.02822363,-0.9358713,0.2055079,0.9728476,-0.106461,0.913465,-0.2297191,-0.3358739,moving,-1.7707613564780273,3.8962340847413963,14.560360809731888,6.923984475682955,0.7731739,-0.1761489,-0.47448500000000005,-0.030829343846304647,0.06791741384972945,0.9972144758815282,-2.225553806233612,7.422818238985204,16.50009231698542,16.60941972609277,16.793325001853994
05/17/2023 13:14:11.414769,2749,True,True,True,True,Eyes,0.3426854,0.1256005,-2.174478,0.9334459,-0.160724,-0.3206968,0.0,0.0,0.0,0.0,0.0,0.0,0.0,-1.716278,-0.4379592,-1.060463,0.4371916,0.1358,-2.013063,0.05510273,0.8181483,-0.1033641,0.5629502,13.36623,110.757,358.4561,0.1359233,0.05437096,-0.9892259,0.0,0.0,0.0,1.20574,-0.03926954,-2.492402,0.2396632,0.1155765,0.9391757,-0.3601014,-0.02621325,-0.9325447,0.2065421,0.9725592,-0.1070941,0.9097621,-0.2311745,-0.3448059,moving,-1.8877104930370836,4.063688237010845,14.315483855699641,7.015639040170429,0.7685484,-0.17506954,-0.47933899999999996,-0.03285807426571402,0.07082702292669846,0.9969472251387934,-2.24685090448342,7.495019160297239,16.35921818285688,16.469897408521046,16.569270895484234
05/17/2023 13:14:11.434692,2750,True,True,True,True,Eyes,0.3472776,0.1259847,-2.167933,0.9310998,-0.1594289,-0.3280786,0.0,0.0,0.0,0.0,0.0,0.0,0.0,-1.699018,-0.4421125,-1.080014,0.4440044,0.1364305,-2.008183,0.05595474,0.8206964,-0.1039752,0.5590312,13.48702,111.3071,358.5618,0.1378753,0.05463126,-0.9889414,0.0,0.0,0.0,1.207967,-0.03741528,-2.492202,0.2357511,0.1153056,0.9402975,-0.3687066,-0.02440711,-0.9292256,0.2080945,0.9721165,-0.1081033,0.9059539,-0.2332251,-0.3533468,moving,-1.9855833818006434,4.2600795867599475,14.075046622131648,6.9910906345441255,0.7639625999999999,-0.17384578,-0.484019,-0.03455241758990829,0.07423957060635614,0.9966416588162903,-2.2537208405998754,7.577121591793766,16.18262894522521,16.291171150851294,16.33928025143135
05/17/2023 13:14:11.444224,2751,True,True,True,True,Eyes,0.3519508,0.1263817,-2.161496,0.9287139,-0.1582585,-0.3353278,0.0,0.0,0.0,0.0,0.0,0.0,0.0,-1.682789,-0.445524,-1.098075,0.4507712,0.1370275,-2.003514,0.05681592,0.8229988,-0.1044273,0.5554636,13.59194,111.8091,358.674,0.1398813,0.05489783,-0.9886449,0.0,0.0,0.0,1.210062,-0.03567012,-2.492013,0.2314904,0.1150307,0.9410034,-0.3764642,-0.02249227,-0.9261581,0.20953,0.9717338,-0.1087687,0.9024255,-0.2350055,-0.3611102,moving,-2.040615577109746,4.43512361460235,13.820544125669723,6.969406981116839,0.7592908,-0.17269762,-0.488499,-0.035501439356000475,0.07728148241703467,0.9963770444000493,-2.245001581677144,7.648188728668,15.955928783352109,16.062346631139153,16.079878840826506
05/17/2023 13:14:11.464374,2752,True,True,True,True,Eyes,0.3567001,0.1267748,-2.155146,0.9262508,-0.157147,-0.3425846,0.0,0.0,0.0,0.0,0.0,0.0,0.0,-1.666395,-0.4493632,-1.11644,0.4576732,0.1378971,-1.999189,0.05737243,0.8253394,-0.1047662,0.5518579,13.6658,112.3153,358.7658,0.1419402,0.05517048,-0.9883362,0.0,0.0,0.0,1.212088,-0.03398309,-2.491832,0.2268501,0.1151236,0.9419139,-0.3843224,-0.02092864,-0.9229618,0.2103356,0.9714649,-0.1096125,0.898919,-0.2362582,-0.3689537,moving,-2.098303418870668,4.5750828309186105,13.541206327365394,6.968304089073899,0.7544148,-0.17188019,-0.49264299999999994,-0.036497607101493135,0.07971228375230309,0.9961494911717104,-2.244338037930111,7.705908732724668,15.716772420525217,15.821560387430157,15.80276784361043
05/17/2023 13:14:11.484226,2753,True,True,True,True,Eyes,0.3615266,0.1271637,-2.148909,0.9237569,-0.1560593,-0.3497409,0.0,0.0,0.0,0.0,0.0,0.0,0.0,-1.649663,-0.4535823,-1.13446,0.464329,0.1382653,-1.994845,0.05720063,0.8276727,-0.1050652,0.5483132,13.68872,112.8076,358.7892,0.1440506,0.0554483,-0.9880153,0.0,0.0,0.0,1.214244,-0.03218756,-2.491638,0.2224372,0.1156574,0.9427098,-0.3921615,-0.0205305,-0.9196672,0.2099041,0.9713787,-0.1111915,0.895628,-0.2366469,-0.3766279,moving,-2.1511938491789047,4.660575481085852,13.276400276721365,6.99444299739016,0.7499150000000001,-0.17045286,-0.49679300000000004,-0.03741265578983799,0.08119583100614336,0.9959957543889846,-2.2520689814987485,7.742323566844485,15.49914642350864,15.603127830572078,15.546468500905743
05/17/2023 13:14:11.494274,2754,True,True,True,True,Eyes,0.3664381,0.1275364,-2.142758,0.9211807,-0.1549989,-0.3569333,0.0,0.0,0.0,0.0,0.0,0.0,0.0,-1.631918,-0.4592252,-1.153566,0.471283,0.1384815,-1.990847,0.05604801,0.8301542,-0.1053672,0.5446106,13.65002,113.3142,358.7198,0.1462112,0.05573038,-0.987682,0.0,0.0,0.0,1.21647,-0.03033416,-2.491438,0.2174391,0.1162869,0.9436684,-0.4005163,-0.02171117,-0.9160327,0.2078251,0.9715127,-0.1138933,0.8924102,-0.2359907,-0.3845945,moving,-2.220702523579475,4.67905916920966,12.975561520859731,7.025060215951831,0.7451869999999999,-0.16881566,-0.500591,-0.03861991926303249,0.08151338589449837,0.9959236875678383,-2.280507460206487,7.754003412732983,15.273320500705724,15.376285696475309,15.273473702441901
05/17/2023 13:14:11.515032,2755,True,True,True,True,Eyes,0.3714505,0.1278905,-2.136667,0.9185585,-0.1539068,-0.364092,0.0,0.0,0.0,0.0,0.0,0.0,0.0,-1.613322,-0.4651269,-1.172896,0.4782997,0.1383999,-1.986683,0.05472204,0.8326903,-0.1057651,0.540783,13.61076,113.8337,358.6287,0.1484211,0.05601536,-0.9873362,0.0,0.0,0.0,1.218514,-0.02863232,-2.491255,0.2128054,0.117112,0.9444516,-0.4091186,-0.02325888,-0.9121848,0.2055249,0.9716385,-0.1169536,0.889034,-0.2353246,-0.3927351,moving,-2.3059410750776097,4.697363745911884,12.697923861392825,7.068595212598341,0.7402143000000001,-0.16703221999999998,-0.5045720000000002,-0.04010047345987888,0.08182678202440107,0.9958395127952673,-2.3162309555975438,7.766645366978292,15.087609822127183,15.19008563835145,15.030373211819624
05/17/2023 13:14:11.534326,2756,True,True,True,True,Eyes,0.3765495,0.1282228,-2.130664,0.9158699,-0.1528259,-0.37125,0.0,0.0,0.0,0.0,0.0,0.0,0.0,-1.595705,-0.4694606,-1.191244,0.4854383,0.1382963,-1.982663,0.05379856,0.8350254,-0.1059456,0.5372279,13.57622,114.3199,358.586,0.1506803,0.05630197,-0.9869776,0.0,0.0,0.0,1.220625,-0.02687447,-2.491065,0.2086234,0.1173234,0.9454145,-0.4169839,-0.02398752,-0.9085974,0.2036802,0.9717625,-0.1191304,0.8857984,-0.2347387,-0.4003236,moving,-2.353190953907129,4.722517620374604,12.443958963426187,7.074086295807245,0.7351867000000001,-0.16517077000000002,-0.5084019999999998,-0.04092022593614536,0.0822612286626153,0.9957703637410946,-2.3331112024649423,7.779436689982329,14.881849018833046,14.982840882533372,14.793894749734859
05/17/2023 13:14:11.554100,2757,True,True,True,True,Eyes,0.3817488,0.1285382,-2.124719,0.9131746,-0.151691,-0.3782881,0.0,0.0,0.0,0.0,0.0,0.0,0.0,-1.578559,-0.4719902,-1.209323,0.4926767,0.138101,-1.978708,0.05318192,0.8372805,-0.1058046,0.5337965,13.5299,114.7949,358.5914,0.1529887,0.05658894,-0.986606,0.0,0.0,0.0,1.222818,-0.02504806,-2.490868,0.2051398,0.1167595,0.9461497,-0.4244662,-0.02389985,-0.9051284,0.2020126,0.9719542,-0.1203995,0.8826209,-0.2339528,-0.4077336,moving,-2.3916207750422687,4.741092969952353,12.233260620252388,7.035011750243662,0.7301412999999999,-0.16314906,-0.51216,-0.04158699840198227,0.0825817746678264,0.995716158463041,-2.3472071154800505,7.7891145590341715,14.705078143881408,14.803689377888505,14.599955836883902
05/17/2023 13:14:11.564330,2758,True,True,True,True,Eyes,0.3870234,0.1288159,-2.118861,0.9104152,-0.1505866,-0.3853153,0.0,0.0,0.0,0.0,0.0,0.0,0.0,-1.562012,-0.473322,-1.226893,0.4999308,0.1379779,-1.974896,0.05299667,0.8394374,-0.1054995,0.530477,13.49424,115.2588,358.6473,0.1553467,0.05687533,-0.986221,0.0,0.0,0.0,1.225007,-0.02322526,-2.490672,0.2020602,0.1153683,0.9468664,-0.4315709,-0.02295536,-0.9017867,0.200905,0.9721224,-0.1208935,0.8794222,-0.2333476,-0.4149279,moving,-2.414318744025662,4.771014253946928,12.04616546918797,6.946803442340545,0.7250762,-0.16120315999999998,-0.515776,-0.04197963935344401,0.08310039147362068,0.9956566053220235,-2.3518427063866887,7.802133734625539,14.52808442209462,14.623257580748938,14.423391741640213
05/17/2023 13:14:11.584273,2759,True,True,True,True,Eyes,0.3923699,0.1290653,-2.113107,0.9076731,-0.1494859,-0.3921524,0.0,0.0,0.0,0.0,0.0,0.0,0.0,-1.545781,-0.4727664,-1.244218,0.5070687,0.1373454,-1.971051,0.05352047,0.8415509,-0.1050818,0.5271485,13.49083,115.7295,358.7798,0.1577526,0.05715921,-0.9858226,0.0,0.0,0.0,1.227022,-0.02154768,-2.490491,0.1992811,0.1141762,0.9473246,-0.4385002,-0.02070701,-0.8984926,0.2008678,0.9721867,-0.1204369,0.8759965,-0.2332898,-0.4221447,moving,-2.4487140104460376,4.835781426316892,11.879642842996928,6.872419038054357,0.7199533,-0.15889308000000002,-0.5194399999999999,-0.04257330464898412,0.08422370919448272,0.9955369787853023,-2.3550845957791817,7.8293488390963475,14.379922634495923,14.472377236693,14.26685599213673
05/17/2023 13:14:11.594513,2760,True,True,True,True,Eyes,0.3977901,0.129294,-2.10745,0.904848,-0.1484417,-0.3990177,0.0,0.0,0.0,0.0,0.0,0.0,0.0,-1.529397,-0.4734763,-1.261581,0.5142469,0.1369292,-1.967643,0.05410394,0.8436798,-0.104936,0.5237036,13.51698,116.2111,358.9028,0.1602052,0.05743929,-0.9854107,0.0,0.0,0.0,1.229182,-0.01974835,-2.490297,0.1962886,0.1140164,0.9480177,-0.4456148,-0.01861786,-0.8950315,0.2012035,0.9721224,-0.1203958,0.8723216,-0.2337335,-0.4294462,moving,-2.4918175393427773,4.926390976901314,11.69788892705875,6.85792257174656,0.7149351,-0.15667755,-0.522654,-0.04331640350686983,0.0857952359507053,0.9953707012925248,-2.357308248358401,7.867094100705069,14.229290600838427,14.320565069316322,14.091380160038078
05/17/2023 13:14:11.614281,2761,True,True,True,True,Eyes,0.4032879,0.1295044,-2.101902,0.9020625,-0.1473175,-0.4056856,0.0,0.0,0.0,0.0,0.0,0.0,0.0,-1.511491,-0.4760337,-1.279764,0.5215045,0.1366615,-1.964272,0.05425484,0.8459895,-0.1050595,0.5199234,13.54301,116.7303,358.9717,0.1627037,0.05771476,-0.9849851,0.0,0.0,0.0,1.231734,-0.0176238,-2.490068,0.192727,0.1149262,0.948657,-0.4534716,-0.01744776,-0.8910997,0.2010439,0.9720379,-0.1213417,0.8682997,-0.2341752,-0.4372838,moving,-2.5881330395042603,5.018140410582993,11.4837921711996,6.907505328518961,0.7102295000000001,-0.1542853,-0.5257959999999999,-0.04498335303283807,0.08738259988843201,0.9951586732509148,-2.383836152864976,7.908766845032698,14.106557114919843,14.198196326603252,13.903727556265242
05/17/2023 13:14:11.634386,2762,True,True,True,True,Eyes,0.4088635,0.1296819,-2.096446,0.8991952,-0.1462046,-0.4123981,0.0,0.0,0.0,0.0,0.0,0.0,0.0,-1.492727,-0.4796446,-1.298623,0.5289595,0.1364296,-1.961199,0.05365813,0.8483976,-0.1051888,0.5160209,13.52451,117.2592,358.968,0.1652473,0.05798493,-0.9845456,0.0,0.0,0.0,1.233404,-0.01623284,-2.489918,0.1901247,0.11062,0.9487491,-0.4616864,-0.01751238,-0.8868703,0.1996061,0.9721123,-0.1231064,0.8642934,-0.2338613,-0.4453155,moving,-2.6953376100077495,5.0614014999441,11.331699403347342,6.65040962468513,0.7044444999999999,-0.15266244,-0.5287189999999999,-0.04684220555582136,0.08812642965712342,0.9950072993814489,-2.4248246086698915,7.932466637059743,14.031554064246135,14.116752962155521,13.816136329530975
05/17/2023 13:14:11.644652,2763,True,True,True,True,Eyes,0.4145308,0.1298286,-2.091069,0.8963536,-0.1449917,-0.41896,0.0,0.0,0.0,0.0,0.0,0.0,0.0,-1.473356,-0.4832009,-1.317333,0.536468,0.1358155,-1.957903,0.05250426,0.8507964,-0.105258,0.5121614,13.46714,117.7774,358.9113,0.1678349,0.05824853,-0.9840923,0.0,0.0,0.0,1.235492,-0.01449437,-2.489731,0.182643,0.1130238,0.9501381,-0.4698677,-0.01847731,-0.8825433,0.1971591,0.9723281,-0.125325,0.8604373,-0.2328876,-0.4532226,moving,-2.8045597751914615,5.0690311317450885,10.881115266294845,6.783749267077387,0.6990240000000001,-0.15030987,-0.531828,-0.04873834565754748,0.08825090455660219,0.994905122315368,-2.473681134348989,7.942566800192477,13.706981715557099,13.792677753967816,13.404978365432168
05/17/2023 13:14:11.664533,2764,True,True,True,True,Eyes,0.4202807,0.1299498,-2.085788,0.8934562,-0.1437405,-0.4255287,0.0,0.0,0.0,0.0,0.0,0.0,0.0,-1.454853,-0.4850335,-1.33555,0.5441464,0.1351767,-1.954784,0.05148244,0.8530551,-0.1049536,0.5085582,13.38105,118.2658,358.8859,0.1704664,0.05850451,-0.9836247,0.0,0.0,0.0,1.237614,-0.01272704,-2.48954,0.181282,0.1135368,0.9505951,-0.4774363,-0.01891532,-0.8784628,0.1945848,0.9726686,-0.1266988,0.8568497,-0.231426,-0.4607067,moving,-2.8793568482593255,5.052316443719908,10.79687613630048,6.811005741856857,0.6934676,-0.14790374,-0.5347559999999998,-0.05003842592526736,0.08795500529899522,0.9948668554918065,-2.511410917095036,7.941028330922949,13.702895547759262,13.788848272982882,13.356176674010205
05/17/2023 13:14:11.684202,2765,True,True,True,True,Eyes,0.426105,0.1300401,-2.080621,0.8906366,-0.1422957,-0.4318779,0.0,0.0,0.0,0.0,0.0,0.0,0.0,-1.43751,-0.4841526,-1.353261,0.5519355,0.1346649,-1.951764,0.05086461,0.8551699,-0.1040584,0.5052419,13.26016,118.7258,358.9313,0.1731414,0.05875216,-0.9831426,0.0,0.0,0.0,1.239803,-0.01090408,-2.489344,0.1812338,0.1063621,0.9511154,-0.4842871,-0.01815357,-0.874721,0.1921451,0.9731693,-0.1265774,0.8535495,-0.2293731,-0.4678052,moving,-2.932724678171027,5.0159567375599154,10.788306675669512,6.380807980337743,0.6878675,-0.14556898000000001,-0.53758,-0.05096793140781314,0.08731954559037503,0.9948757243657915,-2.5430888975177686,7.930514189979009,13.711996407958765,13.78874614778252,13.421166017339853
05/17/2023 13:14:11.694699,2766,True,True,True,True,Eyes,0.4320078,0.1300956,-2.075556,0.8877691,-0.1407677,-0.4382356,0.0,0.0,0.0,0.0,0.0,0.0,0.0,-1.420487,-0.4805673,-1.371585,0.5597371,0.1340048,-1.949027,0.05036519,0.8573261,-0.102532,0.501939,13.08328,119.1928,359.0252,0.1758594,0.05899053,-0.9826458,0.0,0.0,0.0,1.241893,-0.009163738,-2.489156,0.1792894,0.09994775,0.9512095,-0.4910415,-0.01657081,-0.8709788,0.1892884,0.9739011,-0.1252461,0.8503227,-0.2263672,-0.4750892,moving,-2.98629533389254,4.930870558574335,10.674204573814377,5.99830819576932,0.6821558999999999,-0.143168538,-0.5401289999999999,-0.051904805816941846,0.0858378703638419,0.9949561359828711,-2.5843483443581827,7.901234813286601,13.633824830970692,13.702141469046403,13.39441507478538
05/17/2023 13:14:11.718409,2767,True,True,True,True,Eyes,0.4379882,0.1301378,-2.070618,0.8849301,-0.1391063,-0.4444637,0.0,0.0,0.0,0.0,0.0,0.0,0.0,-1.403849,-0.4757395,-1.38965,0.5675789,0.1331858,-1.946371,0.05000216,0.8594155,-0.1007821,0.4987463,12.89143,119.6472,359.1428,0.178619,0.05921855,-0.9821342,0.0,0.0,0.0,1.244048,-0.007369451,-2.488963,0.1774567,0.09478083,0.951314,-0.497504,-0.01458417,-0.8673392,0.1864747,0.9746855,-0.1233507,0.847182,-0.2231042,-0.4821903,moving,-3.033212501663512,4.840049283043115,10.56642788734766,5.689687281916616,0.6764691,-0.140555251,-0.542592,-0.05272665380935093,0.08425698962469107,0.9950479811953006,-2.623657830672481,7.869309053093822,13.564348784941588,13.626155123128228,13.368960779137193
05/17/2023 13:14:11.735882,2768,True,True,True,True,Eyes,0.4440593,0.1301537,-2.065796,0.8820223,-0.1373673,-0.4507403,0.0,0.0,0.0,0.0,0.0,0.0,0.0,-1.386613,-0.4729886,-1.408092,0.5755674,0.132847,-1.944276,0.04897863,0.8615648,-0.09926652,0.4954327,12.68438,120.1078,359.1799,0.1814195,0.05943621,-0.9816075,0.0,0.0,0.0,1.24621,-0.005569455,-2.488769,0.1759652,0.09355432,0.9510919,-0.5042952,-0.01396325,-0.8634185,0.1827563,0.9754945,-0.1225178,0.8439708,-0.2195803,-0.4893853,moving,-3.0890135452044283,4.734400207316422,10.481986935707836,5.617836972850822,0.6706426000000001,-0.138416455,-0.5444930000000001,-0.0537040091166458,0.08241775985723233,0.995149799334545,-2.669949288541783,7.832251218653363,13.539841619581955,13.599724797642738,13.337055780746459
05/17/2023 13:14:11.744349,2769,True,True,True,True,Eyes,0.4502081,0.1301399,-2.061097,0.879224,-0.1354984,-0.4567334,0.0,0.0,0.0,0.0,0.0,0.0,0.0,-1.367503,-0.4716734,-1.427559,0.5838761,0.1322002,-1.942184,0.0473266,0.863885,-0.09803481,0.4917846,12.47013,120.6029,359.14,0.1842606,0.05964291,-0.9810656,0.0,0.0,0.0,1.248417,-0.003731498,-2.48857,0.1738814,0.09534739,0.9505468,-0.5118162,-0.01465454,-0.8589699,0.1781935,0.9762987,-0.1228326,0.8404114,-0.2159306,-0.4970742,moving,-3.203151977512715,4.623742166357126,10.366374384634483,5.728061494530139,0.6645409000000001,-0.135931698,-0.5463860000000003,-0.05569515162151273,0.08048683971088703,0.9951984605963429,-2.7441046803984976,7.797087167771699,13.55315635462049,13.614388229795132,13.272736287261973
05/17/2023 13:14:11.764249,2770,True,True,True,True,Eyes,0.4564444,0.1300921,-2.056516,0.8763906,-0.133531,-0.462719,0.0,0.0,0.0,0.0,0.0,0.0,0.0,-1.350361,-0.4682097,-1.445297,0.5922016,0.1314453,-1.939999,0.04589123,0.8658756,-0.09641372,0.4887309,12.22912,121.0234,359.1342,0.1871415,0.05983791,-0.9805083,0.0,0.0,0.0,1.250516,-0.001983639,-2.488382,0.1710833,0.09713525,0.9498125,-0.5180722,-0.01476855,-0.8552093,0.1737129,0.9771968,-0.1221077,0.8375112,-0.2118215,-0.5036931,moving,-3.2396978186610763,4.4954729013507135,10.210812819944975,5.8392138299499186,0.6583144,-0.133428939,-0.5483830000000001,-0.05633995693973909,0.07825582582463309,0.9953400020429666,-2.7859257075006054,7.750049584638538,13.455400117348576,13.517465595386112,13.136457118728197
05/17/2023 13:14:11.784310,2771,True,True,True,True,Eyes,0.4627956,0.1300097,-2.052022,0.8736706,-0.1313403,-0.4684544,0.0,0.0,0.0,0.0,0.0,0.0,0.0,-1.334409,-0.4630128,-1.462658,0.6005859,0.1305379,-1.938209,0.04487423,0.8677375,-0.09451435,0.4858858,11.98378,121.4212,359.1818,0.1900614,0.06002034,-0.9799353,0.0,0.0,0.0,1.252596,-0.0002517319,-2.488195,0.1671324,0.09641583,0.9491775,-0.5238026,-0.01396826,-0.8517252,0.1697245,0.9781066,-0.1204198,0.8347601,-0.2076348,-0.509964,moving,-3.26577713790407,4.378960261509514,9.986346940353565,5.800113249322891,0.6520101,-0.1307896319,-0.5499860000000001,-0.056801949316355294,0.07622962262965885,0.9954710943947149,-2.820633314121732,7.706856739248608,13.268236108384501,13.328108207855557,12.948143263607113
05/17/2023 13:14:11.794605,2772,True,True,True,True,Eyes,0.4692317,0.1298939,-2.047656,0.8709095,-0.129082,-0.4741882,0.0,0.0,0.0,0.0,0.0,0.0,0.0,-1.319258,-0.4567919,-1.479743,0.6090398,0.1295188,-1.936759,0.04443273,0.8695098,-0.09252862,0.4831323,11.76177,121.8104,359.2896,0.1930219,0.06018947,-0.9793461,0.0,0.0,0.0,1.254824,0.001603985,-2.487995,0.1625311,0.09450766,0.948919,-0.5292176,-0.01213774,-0.8483992,0.1666765,0.9789284,-0.1179753,0.831954,-0.2038428,-0.5160431,moving,-3.2787133581197043,4.293322036119337,9.719323733557246,5.687621493441659,0.6457841999999999,-0.127914815,-0.5512360000000003,-0.057033147382304916,0.07474064598190334,0.9955707031001697,-2.843271223978981,7.67470091534495,13.016252623172644,13.072606442989827,12.718776540849602
05/17/2023 13:14:11.815084,2773,True,True,True,True,Eyes,0.4757692,0.1297533,-2.043396,0.8682438,-0.1267123,-0.479684,0.0,0.0,0.0,0.0,0.0,0.0,0.0,-1.303434,-0.4518022,-1.496915,0.6175606,0.1285605,-1.935435,0.04364457,0.8713166,-0.09077759,0.480273,11.54366,122.2067,359.3486,0.1960223,0.06034457,-0.9787404,0.0,0.0,0.0,1.256838,0.003281091,-2.487815,0.1585715,0.09439786,0.9479439,-0.5348662,-0.01113958,-0.8448635,0.1632525,0.9797091,-0.1162694,0.8290157,-0.2001147,-0.5221948,moving,-3.317627460610469,4.214859734341185,9.496477780106309,5.686862323528808,0.6392773999999999,-0.125279409,-0.5523799999999999,-0.057715179092779845,0.07337433839204306,0.9956330687726018,-2.8764854456916105,7.647013516161361,12.843295893282258,12.898375275310462,12.527266728417915
05/17/2023 13:14:11.834544,2774,True,True,True,True,Eyes,0.482395,0.1295893,-2.039274,0.8655373,-0.1242474,-0.4851883,0.0,0.0,0.0,0.0,0.0,0.0,0.0,-1.28697,-0.4477531,-1.514182,0.6262063,0.1277534,-1.934184,0.04231931,0.8731474,-0.08913496,0.4773652,11.30662,122.6028,359.3457,0.1990624,0.06048542,-0.9781179,0.0,0.0,0.0,1.258958,0.005046487,-2.487624,0.1544574,0.09474345,0.9469934,-0.5406629,-0.01119787,-0.8411647,0.1590018,0.9805281,-0.1152524,0.8260762,-0.1960595,-0.5283548,moving,-3.359475032083484,4.119442870812723,9.263539731487118,5.713235481526133,0.6327517,-0.12270691299999999,-0.5534399999999999,-0.058449429161667954,0.07171309822961458,0.9957112113097475,-2.9143531270792993,7.612984352169294,12.669109547612178,12.723233732321592,12.325182361581222
05/17/2023 13:14:11.844489,2775,True,True,True,True,Eyes,0.4890831,0.1293777,-2.03532,0.8629225,-0.1217074,-0.490461,0.0,0.0,0.0,0.0,0.0,0.0,0.0,-1.270625,-0.4437796,-1.53157,0.6349924,0.126985,-1.933338,0.04039216,0.8749479,-0.08740588,0.4745468,11.02791,122.9825,359.2835,0.2021415,0.06061181,-0.9774783,0.0,0.0,0.0,1.261154,0.006874803,-2.487427,0.1511182,0.09586184,0.9458706,-0.5463473,-0.01227431,-0.8374687,0.1536385,0.9814574,-0.1146152,0.8233466,-0.1912871,-0.5343308,moving,-3.4030136371621493,3.983183142525201,9.077217930233536,5.787037694376767,0.6261616000000001,-0.12011019699999999,-0.5540889999999998,-0.05921599748638112,0.0693417782319136,0.995833875792212,-2.9609531225200363,7.563325745633872,12.555952107836047,12.609919556446636,12.168515173857196
05/17/2023 13:14:11.864419,2776,True,True,True,True,Eyes,0.4958562,0.1291147,-2.031508,0.8602829,-0.1190617,-0.4957194,0.0,0.0,0.0,0.0,0.0,0.0,0.0,-1.255469,-0.4380881,-1.548087,0.6438558,0.1256218,-1.93245,0.03851822,0.8765501,-0.08546113,0.4720939,10.73054,123.3157,359.2322,0.2052572,0.06072232,-0.976822,0.0,0.0,0.0,1.263239,0.008611087,-2.48724,0.1480647,0.09769633,0.9444083,-0.5512877,-0.01316506,-0.8342116,0.1482177,0.9824255,-0.1134535,0.8210444,-0.1861904,-0.5396478,moving,-3.399242268276971,3.835845669517028,8.910321522425534,5.906076264909127,0.6193832,-0.117010713,-0.5547899999999999,-0.05916081177307131,0.06678096515615171,0.996012239392079,-2.987904279288861,7.506296629008888,12.427994535275346,12.482436278045714,12.005352241490531
05/17/2023 13:14:11.884483,2777,True,True,True,True,Eyes,0.502701,0.1288046,-2.027857,0.8576969,-0.1163744,-0.5008124,0.0,0.0,0.0,0.0,0.0,0.0,0.0,-1.240953,-0.4308721,-1.564801,0.6527087,0.1240787,-1.932044,0.0370803,0.8781315,-0.08328001,0.4696538,10.43334,123.6516,359.2366,0.2084086,0.06081556,-0.9761487,0.0,0.0,0.0,1.265359,0.0103768,-2.48705,0.1452125,0.1001475,0.9427144,-0.5561008,-0.01310279,-0.8310115,0.1433483,0.983379,-0.1114318,0.8186594,-0.1810914,-0.5449796,moving,-3.4044054148186755,3.6940619685111646,8.756820179537193,6.063966569300699,0.6126502999999999,-0.1137019,-0.5550059999999999,-0.059260181505412346,0.06431565761870757,0.9961685401134435,-3.017892064309122,7.451993543278742,12.3343740507828,12.389990144211563,11.856241702406162
05/17/2023 13:14:11.894883,2778,True,True,True,True,Eyes,0.5096534,0.128548,-2.024367,0.8550915,-0.1135712,-0.5058855,0.0,0.0,0.0,0.0,0.0,0.0,0.0,-1.226283,-0.4237566,-1.581358,0.6617225,0.122616,-1.931611,0.03556491,0.8796807,-0.08112399,0.4672429,10.13461,123.9816,359.2295,0.211594,0.06089038,-0.9754585,0.0,0.0,0.0,1.267559,0.01220873,-2.486852,0.1429636,0.102423,0.9409615,-0.5608382,-0.01323768,-0.8278194,0.1383807,0.9843081,-0.1094915,0.8162788,-0.1759613,-0.5502057,moving,-3.405196801953822,3.556824068398875,8.639079959961942,6.212148298663851,0.6058365000000001,-0.11040727,-0.5552409999999999,-0.05928290574246642,0.06192931569549884,0.9963183863083913,-3.044979683930234,7.399155767950855,12.276681671017815,12.333505158123396,11.744200121514147
05/17/2023 13:14:11.914483,2779,True,True,True,True,Eyes,0.5166742,0.1285425,-2.021039,0.8525106,-0.110631,-0.5108684,0.0,0.0,0.0,0.0,0.0,0.0,0.0,-1.212209,-0.4186442,-1.598037,0.6713014,0.1235924,-1.931972,0.03385927,0.881163,-0.07883933,0.4649619,9.812658,124.2935,359.2067,0.2148134,0.06095057,-0.9747508,0.0,0.0,0.0,1.269635,0.01393753,-2.486666,0.1404617,0.1037956,0.9390308,-0.5653278,-0.0136435,-0.8247534,0.1329856,0.9852758,-0.107454,0.8140756,-0.1704271,-0.5551895,moving,-3.394023299506833,3.4035535415333826,8.507317370035848,6.307573281880794,0.5983336,-0.10965487,-0.554694,-0.05909818665549332,0.059264521789276325,0.9964914370846549,-3.0696743640871462,7.339354902001078,12.193505587820566,12.250520004670742,11.622878770922899
05/17/2023 13:14:11.934281,2780,True,True,True,True,Eyes,0.5238289,0.1285393,-2.017862,0.8498044,-0.1076449,-0.5159894,0.0,0.0,0.0,0.0,0.0,0.0,0.0,-1.195964,-0.4186293,-1.61475,0.6801937,0.1295624,-1.932239,0.02902441,0.8828644,-0.07617074,0.4624997,9.284943,124.6127,358.8847,0.2180646,0.06100895,-0.974025,0.0,0.0,0.0,1.27178,0.01572322,-2.486473,0.1379993,0.1051173,0.9373355,-0.5705032,-0.01920865,-0.8210707,0.1217071,0.9867112,-0.1076493,0.8122275,-0.1613445,-0.5605842,moving,-3.3920013277410224,3.0295546466889327,8.375210408619862,6.3986886994899335,0.5915862999999999,-0.11383918,-0.5542340000000001,-0.059084613056173574,0.05275873635907841,0.9968578273282132,-3.141567180521526,7.195088179807956,12.183546663386041,12.240030078153103,11.544280755854828
05/17/2023 13:14:11.944739,2781,True,True,True,True,Eyes,0.5310885,0.1286103,-2.014771,0.8470866,-0.1047738,-0.5210246,0.0,0.0,0.0,0.0,0.0,0.0,0.0,-1.172358,-0.419971,-1.636507,0.6906502,0.129594,-1.932656,0.02543615,0.8852859,-0.07545733,0.4581791,9.02766,125.162,358.6012,0.2213489,0.0610652,-0.9732804,0.0,0.0,0.0,1.273874,0.01746728,-2.486285,0.1350139,0.1056588,0.9353414,-0.57885,-0.0241094,-0.8150777,0.1141825,0.9873184,-0.110294,0.8074003,-0.1569112,-0.5687564,moving,-3.624417168204652,2.914441185536867,8.213750622550382,6.4449714620175484,0.5832238,-0.11212671999999999,-0.5536290000000001,-0.06313439052049574,0.05074322579117674,0.9967141338623989,-3.271105989571447,7.165960469896798,12.297283463554121,12.353414939813876,11.507465253064256
05/17/2023 13:14:11.964671,2782,True,True,True,True,Eyes,0.5384443,0.1287258,-2.011825,0.8442984,-0.1018826,-0.526099,0.0,0.0,0.0,0.0,0.0,0.0,0.0,-1.157238,-0.4129133,-1.65272,0.6998158,0.1313424,-1.932404,0.02439253,0.8868357,-0.07276312,0.4556679,8.701553,125.509,358.664,0.2246667,0.06112268,-0.9725163,0.0,0.0,0.0,1.276046,0.01927634,-2.48609,0.1319497,0.1066193,0.9333916,-0.5835438,-0.02304729,-0.8117548,0.1095759,0.9882211,-0.1068281,0.8046553,-0.1512876,-0.574145,moving,-3.6319277489554542,2.758759467175364,8.046349222247503,6.516528145685124,0.5762302,-0.11206606,-0.5536859999999999,-0.06327353266876234,0.048034390206561486,0.996839589727163,-3.3048819539539798,7.10645515457857,12.21230656109667,12.267965538642432,11.366550184263936
05/17/2023 13:14:11.984347,2783,True,True,True,True,Eyes,0.5458642,0.1288549,-2.009028,0.8415501,-0.0992501,-0.5309829,0.0,0.0,0.0,0.0,0.0,0.0,0.0,-1.139881,-0.4078619,-1.670773,0.7095371,0.1324881,-1.932917,0.02456349,0.8886669,-0.07084026,0.4523819,8.518628,125.9545,358.8159,0.2280173,0.06118282,-0.9717324,0.0,0.0,0.0,1.278137,0.02101754,-2.485903,0.1295131,0.1074412,0.9311604,-0.5894944,-0.02043618,-0.8075138,0.1077512,0.9887566,-0.1036826,0.8005535,-0.1481309,-0.5806645,moving,-3.747459283592312,2.7340079226451253,7.918346411139698,6.581921300121035,0.5685999,-0.11147056,-0.552986,-0.06528480181702057,0.04759757518810647,0.9967308356524117,-3.3629518017187188,7.104489641083475,12.228202908809893,12.284032720072014,11.293394841163517
05/17/2023 13:14:11.994231,2784,True,True,True,True,Eyes,0.5533482,0.1289854,-2.006379,0.8387712,-0.09669695,-0.5358289,0.0,0.0,0.0,0.0,0.0,0.0,0.0,-1.12808,-0.3979663,-1.685652,0.7187134,0.1329321,-1.933428,0.02660719,0.8899157,-0.06818037,0.4502152,8.355085,126.2702,359.1872,0.2313983,0.06124545,-0.9709288,0.0,0.0,0.0,1.280351,0.02286073,-2.485704,0.1273096,0.1081539,0.9288976,-0.5931969,-0.01403536,-0.8049352,0.108748,0.989287,-0.09739164,0.7976789,-0.1453075,-0.5853157,moving,-3.724883820416392,2.742059893530176,7.804023603174807,6.6411899296959245,0.5616376000000001,-0.11007137,-0.5522760000000002,-0.06489163201587467,0.047738876576816115,0.9967497739761232,-3.3509785529372524,7.106112881090825,12.114515983051648,12.17041171943933,11.16468658107331
05/17/2023 13:14:12.014883,2785,True,True,True,True,Eyes,0.5608877,0.1291105,-2.003869,0.8360275,-0.09459263,-0.5404721,0.0,0.0,0.0,0.0,0.0,0.0,0.0,-1.115397,-0.3939823,-1.699865,0.7277812,0.1330719,-1.934296,0.02854591,0.8911451,-0.0670234,0.4478321,8.338593,126.599,359.4699,0.234808,0.06130983,-0.9701058,0.0,0.0,0.0,1.282494,0.02464538,-2.485512,0.1253367,0.1087778,0.926518,-0.5972634,-0.009153369,-0.8019933,0.1109076,0.989386,-0.0938876,0.7943403,-0.1450227,-0.5899088,moving,-3.731946195010834,2.8649785475151797,7.704041619053447,6.6961540188199855,0.5547128,-0.10842652,-0.5512159999999999,-0.06500768633618126,0.04987674494787875,0.9966374206879844,-3.3302990843471334,7.1539470453835285,12.004299841911537,12.060668421582374,11.043833085206106
05/17/2023 13:14:12.034426,2786,True,True,True,True,Eyes,0.5684795,0.1292769,-2.001497,0.8332357,-0.09258524,-0.5451111,0.0,0.0,0.0,0.0,0.0,0.0,0.0,-1.10216,-0.3955429,-1.712759,0.7367697,0.133115,-1.934994,0.02936825,0.8922523,-0.06713251,0.4455521,8.393364,126.8974,359.5706,0.2382436,0.061375,-0.9692637,0.0,0.0,0.0,1.28468,0.02646592,-2.485315,0.1233755,0.1103379,0.9241458,-0.6012421,-0.007414271,-0.7990328,0.1122298,0.9892614,-0.09362811,0.7911466,-0.1459684,-0.5939535,moving,-3.7164559032161484,3.0422250491524014,7.604149660917023,6.808569281866701,0.5479103000000001,-0.10664908000000001,-0.5503209999999998,-0.06472794570303969,0.05296060010328198,0.9964965316775178,-3.288646071612958,7.221240048621587,11.8728579864133,11.930693995656044,10.900609892678364
05/17/2023 13:14:12.044818,2787,True,True,True,True,Eyes,0.5760923,0.1294389,-1.999276,0.830452,-0.09087384,-0.5496286,0.0,0.0,0.0,0.0,0.0,0.0,0.0,-1.086505,-0.4015326,-1.726276,0.7456686,0.1342828,-1.935897,0.02817087,0.8935488,-0.06782925,0.4429179,8.405168,127.2248,359.4358,0.2417029,0.06144232,-0.9684026,0.0,0.0,0.0,1.286656,0.02811135,-2.485138,0.1210033,0.1119314,0.9214599,-0.6060603,-0.009741482,-0.7953591,0.1104297,0.9892112,-0.09626269,0.7877159,-0.1461722,-0.5984459,moving,-3.747789111775922,3.1436070274729517,7.481101044316213,6.925890175649201,0.5409874,-0.10617145,-0.5492410000000001,-0.06526669038032962,0.05472185047586331,0.9963663760111544,-3.2833470052884577,7.262365283962105,11.789760159602068,11.848782213821,10.769705535025178
05/17/2023 13:14:12.064776,2788,True,True,True,True,Eyes,0.5837508,0.1296021,-1.997178,0.8276045,-0.08911263,-0.5541928,0.0,0.0,0.0,0.0,0.0,0.0,0.0,-1.068989,-0.4037539,-1.741123,0.754512,0.1344164,-1.936468,0.02642092,0.8950703,-0.06781201,0.4399464,8.316467,127.5977,359.2837,0.2451823,0.06151082,-0.9675232,0.0,0.0,0.0,1.288793,0.02989076,-2.484946,0.1178914,0.1136529,0.9189215,-0.6114982,-0.01237014,-0.7911491,0.1069645,0.9894069,-0.09814545,0.7839825,-0.1446406,-0.6036975,moving,-3.820287973292694,3.145321458027833,7.3107252604116795,7.050579712283801,0.5342810000000001,-0.10452563999999999,-0.5484779999999998,-0.06652728338688607,0.05474708952943947,0.9962814891238436,-3.316429003638043,7.267778496822858,11.736590431534806,11.796206917536512,10.629373596967763
05/17/2023 13:14:12.084350,2789,True,True,True,True,Eyes,0.5914434,0.1297643,-1.995191,0.8247274,-0.08753127,-0.5587155,0.0,0.0,0.0,0.0,0.0,0.0,0.0,-1.051301,-0.4013763,-1.757147,0.7633346,0.1345843,-1.937295,0.0251803,0.8967268,-0.06671931,0.4368013,8.14366,128.0039,359.2402,0.2486798,0.06157997,-0.9666258,0.0,0.0,0.0,1.290858,0.03161071,-2.484761,0.114408,0.1146377,0.9161672,-0.6171409,-0.01312646,-0.7867429,0.1034459,0.9898289,-0.09766041,0.7800229,-0.1416555,-0.609506,moving,-3.9195447083356467,3.0588999045006084,7.1180642644831345,7.132208363106337,0.5275234000000001,-0.10297358999999999,-0.5474660000000002,-0.06825867829069321,0.05323805758498091,0.9962461942418696,-3.3790058842768995,7.24097932928973,11.706171298065865,11.765230708991586,10.497633677694868
05/17/2023 13:14:12.094160,2790,True,True,True,True,Eyes,0.5991659,0.1299284,-1.993314,0.82175,-0.08599095,-0.5633228,0.0,0.0,0.0,0.0,0.0,0.0,0.0,-1.03237,-0.3988348,-1.773294,0.7719637,0.1347404,-1.937872,0.0245301,0.89851,-0.0656611,0.4333201,8.004631,128.4553,359.258,0.2521932,0.0616492,-0.9657106,0.0,0.0,0.0,1.293064,0.03344721,-2.484563,0.1111918,0.1156378,0.9135379,-0.6232636,-0.01282348,-0.7819064,0.1009856,0.9901738,-0.09673556,0.7754638,-0.1392531,-0.6158444,moving,-4.053930761953463,3.007303135801625,6.939654077562048,7.214267665182977,0.5211003,-0.10129319,-0.546691,-0.07059854989826769,0.052332341284293135,0.9961311428670969,-3.450993348566039,7.229903989253616,11.712290978977942,11.771043206746722,10.390659191251183
05/17/2023 13:14:12.114634,2791,True,True,True,True,Eyes,0.6068675,0.1301275,-1.991573,0.8187119,-0.08469873,-0.5679232,0.0,0.0,0.0,0.0,0.0,0.0,0.0,-1.012228,-0.3992472,-1.789265,0.7804869,0.1349422,-1.938583,0.02448279,0.9003752,-0.06535871,0.4294804,7.974044,128.949,359.3026,0.2557202,0.06171815,-0.9647782,0.0,0.0,0.0,1.295145,0.03518042,-2.484376,0.1085637,0.1159683,0.9106213,-0.6298945,-0.01205316,-0.7765872,0.100228,0.9902577,-0.09666497,0.7701867,-0.1387245,-0.6225498,moving,-4.2290126357991635,3.051126890933174,6.79867761101203,7.257593342490454,0.5146581,-0.09976178000000002,-0.5457930000000002,-0.07363921850564475,0.05308252567275176,0.9958711373112198,-3.5231579268191444,7.2582701638875164,11.74407240413547,11.80272477810491,10.321835560021373
05/17/2023 13:14:12.134457,2792,True,True,True,True,Eyes,0.6145926,0.1303487,-1.989913,0.8155838,-0.08353022,-0.5725783,0.0,0.0,0.0,0.0,0.0,0.0,0.0,-0.9915,-0.4038109,-1.803968,0.7887043,0.1360945,-1.939036,0.02442072,0.902196,-0.06585222,0.4255696,8.025202,129.4445,359.3065,0.259256,0.06178808,-0.9638296,0.0,0.0,0.0,1.297288,0.03696465,-2.484184,0.1065274,0.1155292,0.9076734,-0.6365884,-0.01198484,-0.7711106,0.1001139,0.9901342,-0.09803779,0.764678,-0.1396087,-0.6291082,moving,-4.403808111876976,3.1667510601278845,6.6937909892530545,7.253637567117572,0.5085837,-0.09912985,-0.545148,-0.07666873939627622,0.055079502461682965,0.9955341756637678,-3.5812095791644305,7.314288484533485,11.767657442678516,11.826214404043942,10.275179570925417
05/17/2023 13:14:12.144787,2793,True,True,True,True,Eyes,0.6223103,0.1305828,-1.988348,0.8124768,-0.08255291,-0.5771192,0.0,0.0,0.0,0.0,0.0,0.0,0.0,-0.9715142,-0.4098055,-1.817445,0.7970804,0.1368617,-1.939283,0.02443694,0.9038255,-0.0668018,0.4219475,8.127511,129.8992,359.2939,0.2627989,0.06185956,-0.962865,0.0,0.0,0.0,1.299529,0.03883106,-2.483982,0.104243,0.1143452,0.9047576,-0.6427262,-0.01220026,-0.7659987,0.1005472,0.9898807,-0.1001321,0.759469,-0.1413766,-0.6349956,moving,-4.545612838464257,3.321838601735207,6.57243847581054,7.2029754040092175,0.5024485999999999,-0.09803064,-0.544699,-0.07912038917214514,0.05776289707861705,0.9951901909859652,-3.616371014738752,7.383352829734389,11.71810292463669,11.77600475139227,10.190406019900218
05/17/2023 13:14:12.164679,2794,True,True,True,True,Eyes,0.6300393,0.130835,-1.986864,0.809337,-0.08163296,-0.5816439,0.0,0.0,0.0,0.0,0.0,0.0,0.0,-0.9555124,-0.4129784,-1.828981,0.8051968,0.1374834,-1.939455,0.02507883,0.9050575,-0.06716541,0.4192025,8.19852,130.2497,359.3681,0.2663464,0.06193272,-0.961885,0.0,0.0,0.0,1.301576,0.04053557,-2.483799,0.1023165,0.1128591,0.9016422,-0.6472804,-0.01091625,-0.7621737,0.1017074,0.9897197,-0.1005509,0.7554359,-0.1426033,-0.6395159,moving,-4.577483761456017,3.4511745661516167,6.474112280110996,7.134640730196652,0.4963792,-0.09694783000000001,-0.5443439999999999,-0.07966338509292309,0.06000662095626927,0.995014018319098,-3.605876610755308,7.435286406401791,11.592342538489321,11.649278863845792,10.084471422073095
05/17/2023 13:14:12.184401,2795,True,True,True,True,Eyes,0.6377909,0.1311009,-1.985441,0.8061715,-0.08074328,-0.5861468,0.0,0.0,0.0,0.0,0.0,0.0,0.0,-0.9401391,-0.4155071,-1.840418,0.8132614,0.1381667,-1.939887,0.02527057,0.9062271,-0.06733311,0.4166297,8.226987,130.5767,359.4035,0.2698962,0.06200789,-0.9608902,0.0,0.0,0.0,1.303649,0.04226179,-2.483613,0.09977001,0.1107745,0.8983138,-0.6515623,-0.0103042,-0.7585254,0.1019077,0.9896553,-0.1009812,0.7517192,-0.1430951,-0.643772,moving,-4.5875833552876415,3.533583445817626,6.337505606197083,7.029871624760013,0.49038760000000003,-0.09590491000000001,-0.5437260000000002,-0.07983182061406435,0.0614368655537454,0.9949132765201315,-3.5944850745945938,7.46770774282368,11.415906684992057,11.470902311787318,9.941636653469779
05/17/2023 13:14:12.194326,2796,True,True,True,True,Eyes,0.6455449,0.1313792,-1.984084,0.8029641,-0.07982889,-0.5906572,0.0,0.0,0.0,0.0,0.0,0.0,0.0,-0.9233843,-0.4161877,-1.852815,0.821186,0.1387648,-1.940405,0.02483729,0.907568,-0.06704555,0.4137734,8.178113,130.9391,359.398,0.2734476,0.06208525,-0.9598807,0.0,0.0,0.0,1.305825,0.04407387,-2.483417,0.09668896,0.1090901,0.8947964,-0.6563497,-0.01040027,-0.7543853,0.1005664,0.9897761,-0.1011428,0.7477245,-0.1422508,-0.6485932,moving,-4.632503982881862,3.536242997080765,6.167277173345681,6.95097554320439,0.48463900000000004,-0.09469092999999999,-0.5430120000000003,-0.08061160593557931,0.06147917297766287,0.9948477299354668,-3.6146718111711973,7.471677365598655,11.273909612930096,11.326767914280024,9.795797891113082
05/17/2023 13:14:12.214491,2797,True,True,True,True,Eyes,0.6533157,0.1316635,-1.982776,0.7997456,-0.078887,-0.5951335,0.0,0.0,0.0,0.0,0.0,0.0,0.0,-0.9065556,-0.4150513,-1.865086,0.8290663,0.1393234,-1.940592,0.02452817,0.908911,-0.06635161,0.410946,8.09269,131.301,359.4244,0.2769989,0.06216486,-0.9588567,0.0,0.0,0.0,1.307994,0.04588021,-2.483222,0.09500092,0.1070603,0.8912267,-0.6610436,-0.009946012,-0.7502816,0.09912171,0.9899917,-0.1004559,0.7437718,-0.1407749,-0.6534417,moving,-4.675703396331854,3.5065209312697334,6.084506889803859,6.84994088332994,0.47892770000000007,-0.09344318999999998,-0.54263,-0.08136427498729198,0.060959353314904735,0.9948185152628748,-3.640370537202187,7.463054715660829,11.216675562628332,11.267678659674987,9.744185422172919
05/17/2023 13:14:12.234673,2798,True,True,True,True,Eyes,0.6610894,0.1319521,-1.981527,0.796486,-0.07790312,-0.5996175,0.0,0.0,0.0,0.0,0.0,0.0,0.0,-0.8895668,-0.4128094,-1.877554,0.8369154,0.1397379,-1.940875,0.02418778,0.9102783,-0.06543125,0.4080774,7.982017,131.6688,359.4581,0.2805492,0.06224653,-0.9578186,0.0,0.0,0.0,1.310134,0.04766175,-2.48303,0.09353298,0.1049732,0.8873497,-0.6657755,-0.009366815,-0.7460932,0.09743725,0.9902674,-0.09938033,0.7397627,-0.1388623,-0.6583831,moving,-4.722463966234635,3.45453465607517,6.0171640982084105,6.7467168914619435,0.47321859999999993,-0.09207615,-0.5421549999999999,-0.08218066674739327,0.0600526595733509,0.9948065172178484,-3.6720459240955328,7.446085180258628,11.18372959506323,11.232901443241143,9.714417474027435
05/17/2023 13:14:12.244749,2799,True,True,True,True,Eyes,0.6688912,0.1322379,-1.980307,0.7932124,-0.07687467,-0.6040732,0.0,0.0,0.0,0.0,0.0,0.0,0.0,-0.8723384,-0.4108616,-1.889728,0.8448232,0.1401093,-1.941004,0.02356631,0.9116157,-0.06460133,0.4052507,7.86756,132.0284,359.4567,0.2840971,0.06233,-0.9567668,0.0,0.0,0.0,1.312263,0.0494352,-2.482839,0.0921078,0.1032387,0.883175,-0.6704331,-0.009392638,-0.7419107,0.09532631,0.9905426,-0.09868264,0.735821,-0.1368837,-0.6631971,moving,-4.763927501950677,3.3986006100415005,5.953948524876763,6.667328902201226,0.46743979999999996,-0.0906741,-0.5418349999999998,-0.08290539534764346,0.059077911411300234,0.994804781434598,-3.7020485340173126,7.4272469919716935,11.15759896095353,11.205242129218261,9.685853328671225
05/17/2023 13:14:12.264320,2800,True,True,True,True,Eyes,0.6767048,0.1325228,-1.979133,0.7899074,-0.07578877,-0.6085248,0.0,0.0,0.0,0.0,0.0,0.0,0.0,-0.8550127,-0.4086655,-1.901728,0.8527558,0.1403131,-1.941067,0.02256937,0.9129236,-0.06376509,0.4024863,7.735086,132.3774,359.4148,0.2876428,0.06241473,-0.9557013,0.0,0.0,0.0,1.314478,0.05127947,-2.48264,0.09041664,0.1016838,0.8789683,-0.674991,-0.01012094,-0.7377568,0.09253737,0.9908493,-0.0982576,0.7320004,-0.1345931,-0.6678778,moving,-4.796081691347747,3.3247490628924656,5.873174748666194,6.5989513735173375,0.4617222000000001,-0.08903363,-0.5415729999999999,-0.08346995288734621,0.05779287363050431,0.9948330619608627,-3.7312492061343887,7.400893385632006,11.114314487485565,11.160350969108462,9.637845739289553
05/17/2023 13:14:12.284426,2801,True,True,True,True,Eyes,0.6845419,0.1327994,-1.977994,0.7866228,-0.07466573,-0.6129026,0.0,0.0,0.0,0.0,0.0,0.0,0.0,-0.8376639,-0.4064228,-1.913502,0.8609076,0.1405616,-1.940987,0.02131201,0.9141783,-0.0629264,0.39983,7.59063,132.7106,359.3437,0.2911854,0.06250033,-0.9546223,0.0,0.0,0.0,1.316519,0.05297919,-2.482457,0.08879861,0.09963264,0.8745942,-0.6793637,-0.01135378,-0.7337139,0.08928568,0.9911721,-0.09800956,0.7283496,-0.1320943,-0.6723526,moving,-4.818124159869343,3.238757108773856,5.797443311811981,6.499044007847349,0.4556114,-0.08758241,-0.5414700000000001,-0.08385984437469168,0.05629786964806932,0.9948859603882116,-3.758153202495901,7.369198178329586,11.060857383390593,11.104942296567275,9.59513382004965
05/17/2023 13:14:12.294224,2802,True,True,True,True,Eyes,0.69239,0.1330605,-1.976896,0.7833241,-0.07351814,-0.6172506,0.0,0.0,0.0,0.0,0.0,0.0,0.0,-0.8222454,-0.4029922,-1.924517,0.8691141,0.1406259,-1.940906,0.02079929,0.915254,-0.06187086,0.3975547,7.457618,133.0012,359.3574,0.2947245,0.06258608,-0.95353,0.0,0.0,0.0,1.318654,0.05475689,-2.482265,0.08707944,0.09706338,0.8700157,-0.6830357,-0.01112083,-0.7303008,0.08726737,0.9914787,-0.09671738,0.7251533,-0.1297928,-0.6762449,moving,-4.793756363890439,3.1734511545698454,5.715670527153908,6.365884338434131,0.4495399,-0.08586901,-0.5413589999999999,-0.08344198880018416,0.055165796555755826,0.9949844396500221,-3.759638038336113,7.342432762040195,10.941791669434096,10.983609753247968,9.525498371995875
05/17/2023 13:14:12.315177,2803,True,True,True,True,Eyes,0.7002963,0.1333072,-1.975803,0.7799838,-0.07238886,-0.6215988,0.0,0.0,0.0,0.0,0.0,0.0,0.0,-0.8068696,-0.3998349,-1.935223,0.8772742,0.1404925,-1.940784,0.02082603,0.9163176,-0.06093224,0.3952413,7.361498,133.2982,359.4223,0.2982599,0.06267099,-0.9524245,0.0,0.0,0.0,1.320766,0.05651544,-2.482076,0.0862416,0.0947952,0.8652445,-0.6867015,-0.009999363,-0.726871,0.08633239,0.9917071,-0.09520396,0.7217951,-0.1281292,-0.6801435,moving,-4.772210620962602,3.1481411468684426,5.692047889899934,6.252323942192275,0.4434918000000001,-0.08397705999999999,-0.5412920000000001,-0.08306983250569383,0.054727973462257974,0.9950397958494774,-3.754635621855776,7.331266242213323,10.874610429503788,10.914973981139099,9.508098961309347
05/17/2023 13:14:12.334746,2804,True,True,True,True,Eyes,0.708212,0.1335426,-1.974747,0.7766072,-0.07127326,-0.6259405,0.0,0.0,0.0,0.0,0.0,0.0,0.0,-0.7905448,-0.3983468,-1.94603,0.8855287,0.1403379,-1.940829,0.02096322,0.9174389,-0.06038715,0.3927085,7.311743,133.6203,359.4822,0.301793,0.06275432,-0.9513054,0.0,0.0,0.0,1.322903,0.05829494,-2.481884,0.08508974,0.09265053,0.8602252,-0.6906812,-0.008964164,-0.7231039,0.08589403,0.9918278,-0.09433815,0.7180403,-0.1272679,-0.6842669,moving,-4.775713793925743,3.167573958637931,5.6490733558732185,6.1473428800767,0.4373743,-0.08204295999999998,-0.5410550000000001,-0.08312913522305304,0.055065186448162134,0.9950163327009334,-3.7524663456997613,7.3389850305547935,10.803129930187543,10.842288040067277,9.476758927768977
05/17/2023 13:14:12.350997,2805,True,True,True,True,Eyes,0.7161924,0.1337615,-1.973678,0.7731981,-0.07016987,-0.6302705,0.0,0.0,0.0,0.0,0.0,0.0,0.0,-0.7731293,-0.3975288,-1.95673,0.8937207,0.1402938,-1.940652,0.02091517,0.9186233,-0.05998382,0.3899949,7.268465,133.9627,359.5171,0.305323,0.06283546,-0.9501731,0.0,0.0,0.0,1.325038,0.06007274,-2.481692,0.08418313,0.09045738,0.8551131,-0.6949335,-0.008360445,-0.7190259,0.08521309,0.991929,-0.09389145,0.7140077,-0.1265187,-0.6886122,moving,-4.8002636358174104,3.1904253452225975,5.622467740693913,6.038525722625769,0.4313172999999999,-0.08022106,-0.5410399999999997,-0.08355363413820999,0.055460047305707534,0.9949587876112373,-3.7593321379997846,7.34940095737646,10.766769099803513,10.80486025391711,9.47293844828202
05/17/2023 13:14:12.364329,2806,True,True,True,True,Eyes,0.7241887,0.133962,-1.972641,0.7697392,-0.06905489,-0.6346126,0.0,0.0,0.0,0.0,0.0,0.0,0.0,-0.7543476,-0.396731,-1.96777,0.9020756,0.140044,-1.940412,0.02066972,0.9198978,-0.05963701,0.3870458,7.222344,134.3326,359.5301,0.3088523,0.06291372,-0.9490265,0.0,0.0,0.0,1.327205,0.06187724,-2.481498,0.0832651,0.0854681,0.8495641,-0.699537,-0.008136456,-0.7145504,0.08419255,0.9920323,-0.09371965,0.7096197,-0.1257201,-0.6932783,moving,-4.851179854714738,3.2089331441227835,5.597636079604679,5.744758504240179,0.4251294,-0.07816676,-0.5410860000000002,-0.08443628873145043,0.05577727744888592,0.9948666113575031,-3.779196375585724,7.359871310061662,10.716784088298642,10.752123729119836,9.51491336104752
05/17/2023 13:14:12.384338,2807,True,True,True,True,Eyes,0.7322497,0.1341445,-1.971593,0.7662737,-0.06788404,-0.6389182,0.0,0.0,0.0,0.0,0.0,0.0,0.0,-0.7351168,-0.3948537,-1.978945,0.9105042,0.1397924,-1.940094,0.02024478,0.9211985,-0.05904798,0.3840533,7.14264,134.7078,359.5348,0.3123798,0.06298833,-0.9478663,0.0,0.0,0.0,1.329259,0.06358736,-2.481313,0.08180246,0.07300501,0.8456354,-0.7041867,-0.008056224,-0.7099696,0.08265406,0.9922071,-0.09323967,0.7051879,-0.12434,-0.6980331,moving,-4.908944292995467,3.1962989918706017,5.525309955834479,4.9341989785123195,0.4187548,-0.07620504000000002,-0.5412190000000001,-0.08544031614539932,0.05555312621040461,0.9947933931399406,-3.808280998444565,7.358788889997711,10.550027817756153,10.577994048627323,9.643368516274608
05/17/2023 13:14:12.394232,2808,True,True,True,True,Eyes,0.740336,0.1343006,-1.970573,0.7627547,-0.06666107,-0.643243,0.0,0.0,0.0,0.0,0.0,0.0,0.0,-0.7155671,-0.3912299,-1.990446,0.918968,0.1394582,-1.939851,0.01964653,0.9225349,-0.05808011,0.3810119,7.015219,135.0899,359.5376,0.3159076,0.06305867,-0.9466918,0.0,0.0,0.0,1.331474,0.0654322,-2.481115,0.07764238,0.07031444,0.8394084,-0.708888,-0.008009208,-0.7052757,0.08050764,0.9924815,-0.09219074,0.7007114,-0.122133,-0.7029133,moving,-4.970280864965909,3.138744470412053,5.284625028522339,4.788297500617472,0.41250600000000004,-0.07402600000000001,-0.541264,-0.08651001144722142,0.054548755399160084,0.9947564721470472,-3.8477589315695027,7.34062892280236,10.360947281953871,10.386728074026003,9.482343195814792
05/17/2023 13:14:12.414449,2809,True,True,True,True,Eyes,0.7484939,0.1344371,-1.969541,0.759303,-0.06529035,-0.6474536,0.0,0.0,0.0,0.0,0.0,0.0,0.0,-0.6953858,-0.3869176,-2.002018,0.9277042,0.1389565,-1.939433,0.01897348,0.923885,-0.05700431,0.3779245,6.87317,135.4772,359.5367,0.3194353,0.06312373,-0.9455029,0.0,0.0,0.0,1.333501,0.0671205,-2.480933,0.07696742,0.06456949,0.8345494,-0.7136259,-0.008028014,-0.7004807,0.07814528,0.992781,-0.09098976,0.6961545,-0.1196719,-0.707847,moving,-5.044596657543116,3.074577273511742,5.269273022140836,4.424188159053855,0.40579680000000007,-0.07183600000000001,-0.5414999999999999,-0.08780552025537675,0.05342858700200393,0.9947037832785872,-3.8945068004361625,7.3207713414703175,10.378916029932192,10.40179586955434,9.610674001823556
05/17/2023 13:14:12.434225,2810,True,True,True,True,Eyes,0.7566842,0.1345474,-1.968526,0.7558038,-0.06391603,-0.6516712,0.0,0.0,0.0,0.0,0.0,0.0,0.0,-0.6753008,-0.3840079,-2.013096,0.9366915,0.138549,-1.938933,0.01846708,0.9251641,-0.05624015,0.3749231,6.77151,135.8521,359.5383,0.322965,0.06318295,-0.944299,0.0,0.0,0.0,1.33571,0.06895988,-2.480734,0.07454264,0.06145609,0.8287937,-0.718183,-0.008001301,-0.695808,0.07634162,0.992992,-0.09021525,0.6916537,-0.1179102,-0.7125392,moving,-5.105007086269411,3.051436506862014,5.139418508242509,4.240792577970216,0.39901849999999994,-0.06958912,-0.541801,-0.0888561749887401,0.05302187832767115,0.9946322217180665,-3.9268568404323405,7.315813264360571,10.291998413235865,10.313235361678354,9.573562603321601
05/17/2023 13:14:12.444843,2811,True,True,True,True,Eyes,0.7649337,0.1346308,-1.967506,0.7523407,-0.06243924,-0.6558084,0.0,0.0,0.0,0.0,0.0,0.0,0.0,-0.6554832,-0.3811884,-2.023666,0.9456968,0.1380184,-1.938245,0.01831221,0.926392,-0.05551772,0.3719954,6.689369,136.219,359.5745,0.3264964,0.06323553,-0.9430804,0.0,0.0,0.0,1.337831,0.07072588,-2.480544,0.07400757,0.05907257,0.8231318,-0.7225685,-0.007376104,-0.6912603,0.07523322,0.9931649,-0.08923822,0.6871937,-0.1164865,-0.7170747,moving,-5.1607094285256725,3.0568782491749724,5.137634819864027,4.104830169635957,0.3921342,-0.06729252000000001,-0.5422990000000001,-0.08982266739176992,0.0531117174814933,0.9945405366135767,-3.9514712876474682,7.321561876615625,10.331076098143333,10.351526336050114,9.641535806513975
05/17/2023 13:14:12.464611,2812,True,True,True,True,Eyes,0.7732177,0.1346947,-1.966504,0.7488484,-0.06095163,-0.6599326,0.0,0.0,0.0,0.0,0.0,0.0,0.0,-0.6373415,-0.3780458,-2.033673,0.9547263,0.137408,-1.937669,0.01881874,0.9274791,-0.0546953,0.3693738,6.624376,136.5513,359.6829,0.3300307,0.06328072,-0.9418464,0.0,0.0,0.0,1.339966,0.07250413,-2.480352,0.07285246,0.05923904,0.8171908,-0.726418,-0.00549804,-0.6872315,0.07531399,0.9933086,-0.08755519,0.6831143,-0.1153598,-0.7211432,moving,-5.177710370672162,3.087135356036838,5.0944438587547465,4.146180164457499,0.38523969999999996,-0.06490387,-0.5426829999999998,-0.09011524930518555,0.053635495635119525,0.9944860679645623,-3.9534156408334455,7.334337018509666,10.305830897115944,10.326602946728215,9.593128043048738
05/17/2023 13:14:12.484675,2813,True,True,True,True,Eyes,0.7815621,0.1347365,-1.965496,0.7453136,-0.05930267,-0.6640714,0.0,0.0,0.0,0.0,0.0,0.0,0.0,-0.6189424,-0.3741748,-2.043716,0.9638716,0.1369896,-1.937023,0.0191031,0.9285686,-0.05367181,0.3667627,6.527987,136.8815,359.7755,0.3335676,0.06331816,-0.940597,0.0,0.0,0.0,1.342014,0.07420955,-2.480168,0.07215047,0.06069728,0.8112439,-0.7302406,-0.00389257,-0.6831793,0.07484671,0.9935088,-0.08566332,0.679078,-0.1136885,-0.7252091,moving,-5.191125970825265,3.0939757460310235,5.082403854537365,4.278898439230367,0.3781424,-0.06278004999999999,-0.543145,-0.09034752685841063,0.053753086517151716,0.9944586081846231,-3.958267140119897,7.337852641872415,10.319980072476035,10.341637049397658,9.544157000358837
05/17/2023 13:14:12.494730,2814,True,True,True,True,Eyes,0.7899472,0.1347465,-1.964508,0.7417213,-0.0576208,-0.6682285,0.0,0.0,0.0,0.0,0.0,0.0,0.0,-0.6003588,-0.3686822,-2.05395,0.9730268,0.1364422,-1.936406,0.01908839,0.929673,-0.05232457,0.3641511,6.38401,137.2112,359.8492,0.337108,0.06334745,-0.939332,0.0,0.0,0.0,1.344183,0.07601544,-2.479974,0.0705677,0.06082931,0.8055767,-0.7340595,-0.002616174,-0.6790804,0.07360002,0.9937955,-0.08338737,0.6750852,-0.1111916,-0.7293125,moving,-5.201775417812298,3.053474935947727,5.006272791081344,4.318224711413983,0.37115619999999994,-0.06042676000000001,-0.5435679999999998,-0.0905357749882596,0.0530492064951645,0.9944792742013724,-3.971061918902315,7.3229422705823,10.26457264741376,10.286099369033852,9.466829781159678
05/17/2023 13:14:12.515173,2815,True,True,True,True,Eyes,0.7983711,0.134732,-1.963537,0.7379766,-0.05582797,-0.6725131,0.0,0.0,0.0,0.0,0.0,0.0,0.0,-0.5788812,-0.3641826,-2.064766,0.9824201,0.1356649,-1.93583,0.01816473,0.9309542,-0.05134469,0.3610513,6.241299,137.5943,359.8124,0.3406519,0.06336774,-0.9380512,0.0,0.0,0.0,1.34645,0.07790297,-2.47977,0.06856376,0.06072424,0.8002337,-0.738624,-0.003255071,-0.6741098,0.07089719,0.9940675,-0.08248232,0.6703791,-0.1087159,-0.7340114,moving,-5.260453250968313,3.01025577756177,4.897123625807755,4.3394667433648575,0.3640298999999999,-0.05776193,-0.5439399999999999,-0.09155785183572229,0.05229413522711722,0.9944257525032059,-4.006523028006745,7.310132673321035,10.222941602767596,10.244177360785347,9.386148294342282
05/17/2023 13:14:12.534134,2816,True,True,True,True,Eyes,0.8068432,0.134686,-1.962572,0.7341621,-0.05401582,-0.6768222,0.0,0.0,0.0,0.0,0.0,0.0,0.0,-0.5565917,-0.3604281,-2.075369,0.9917816,0.1350259,-1.935199,0.01672209,0.9322569,-0.05058024,0.3578538,6.100669,137.9852,359.7106,0.3441989,0.06337859,-0.9367548,0.0,0.0,0.0,1.348434,0.0795555,-2.479592,0.066282,0.05901797,0.7947198,-0.7433224,-0.005022088,-0.6689148,0.06737922,0.994324,-0.08233943,0.6655316,-0.1062757,-0.7387648,moving,-5.3266898279294015,2.96408031146302,4.767604637233811,4.247138260226651,0.35665239999999987,-0.0554704,-0.5443929999999999,-0.09271128031074338,0.05148717531521388,0.994360939287503,-4.046043727346982,7.296679250439178,10.155343012155209,10.175510721792307,9.326312119238992
05/17/2023 13:14:12.554282,2817,True,True,True,True,Eyes,0.8153808,0.1346018,-1.961609,0.7301425,-0.05213196,-0.6813033,0.0,0.0,0.0,0.0,0.0,0.0,0.0,-0.5330174,-0.3568947,-2.085916,1.001442,0.1341933,-1.93433,0.01497189,0.9335963,-0.04997208,0.354509,5.965111,138.3916,359.5693,0.3477493,0.06337935,-0.9354426,0.0,0.0,0.0,1.350703,0.08144473,-2.479388,0.06339139,0.05805627,0.7897028,-0.7481985,-0.007475704,-0.6634328,0.0633865,0.9945573,-0.08269217,0.6604401,-0.1039228,-0.7436524,moving,-5.395147121462018,2.923165559214799,4.589432715570841,4.204627258840219,0.34926100000000004,-0.05274856999999998,-0.545058,-0.09390272742653971,0.05077139803030451,0.9942859453268394,-4.085563626711307,7.285398810288814,10.047146532309002,10.06647796449632,9.20579789539308
05/17/2023 13:14:12.564435,2818,True,True,True,True,Eyes,0.8239734,0.134472,-1.960642,0.7260959,-0.05023757,-0.6857557,0.0,0.0,0.0,0.0,0.0,0.0,0.0,-0.5096588,-0.3534166,-2.096281,1.011374,0.1331493,-1.933505,0.01336927,0.9348788,-0.04943581,0.3512534,5.844272,138.7869,359.4395,0.3513038,0.06336905,-0.9341141,0.0,0.0,0.0,1.352767,0.08316348,-2.479203,0.05998704,0.05834327,0.7845088,-0.7528846,-0.009731699,-0.6580807,0.05972629,0.9947548,-0.08304096,0.6554369,-0.101825,-0.7483543,moving,-5.452211123732479,2.8985104546647684,4.372582068444374,4.253210040571931,0.34139300000000006,-0.04998582,-0.545698,-0.09489502290882346,0.050338780250712326,0.9942137050698957,-4.116666118417211,7.2796377603850315,9.898764733601807,9.917750361705101,9.012580070178895
05/17/2023 13:14:12.584697,2819,True,True,True,True,Eyes,0.8326179,0.1342987,-1.959676,0.7218778,-0.04829249,-0.6903334,0.0,0.0,0.0,0.0,0.0,0.0,0.0,-0.4886227,-0.348933,-2.105714,1.021313,0.1318992,-1.932372,0.01217837,0.9359542,-0.04869794,0.3485254,5.718844,139.1198,359.3581,0.3548634,0.06334657,-0.9327692,0.0,0.0,0.0,1.354781,0.08484077,-2.479023,0.05664572,0.05886327,0.779732,-0.7567636,-0.01114814,-0.6535937,0.05674172,0.9949604,-0.08266914,0.6512214,-0.09964701,-0.7523172,moving,-5.432506255464419,2.8777838716490445,4.15510587401178,4.317165281141584,0.3334680000000001,-0.04705843,-0.5466510000000002,-0.09455479370681158,0.04998074777436963,0.9942641709916821,-4.111619708250622,7.270358305442739,9.676441881369595,9.69505673976547,8.778388285511905
05/17/2023 13:14:12.594386,2820,True,True,True,True,Eyes,0.8413239,0.1340809,-1.958706,0.7176521,-0.04634537,-0.694858,0.0,0.0,0.0,0.0,0.0,0.0,0.0,-0.4678872,-0.3448879,-2.114912,1.031275,0.1306488,-1.931352,0.01078925,0.9369796,-0.04810836,0.345888,5.601955,139.4397,359.248,0.3584279,0.06331096,-0.9314077,0.0,0.0,0.0,1.356967,0.08666088,-2.478826,0.054048,0.06062785,0.7749212,-0.7604904,-0.0130616,-0.6492182,0.05349883,0.9951383,-0.08268936,0.647142,-0.09761684,-0.7560944,moving,-5.403216343283009,2.8632442654712307,3.9897159768219064,4.473562195152662,0.3256920000000001,-0.043987920000000014,-0.5474740000000002,-0.09404768963706711,0.049730840769697915,0.9943248692802146,-4.100950681845218,7.262834903441842,9.511093193344005,9.529968594110109,8.557974598167181
05/17/2023 13:14:12.614605,2821,True,True,True,True,Eyes,0.8500801,0.1338465,-1.957749,0.7132079,-0.04433823,-0.6995489,0.0,0.0,0.0,0.0,0.0,0.0,0.0,-0.4476578,-0.3405563,-2.12387,1.041479,0.1292906,-1.930234,0.00932745,0.9379277,-0.04751067,0.3434348,5.481818,139.7365,359.1287,0.3619982,0.06326132,-0.9300293,0.0,0.0,0.0,1.359111,0.08844654,-2.478634,0.05294526,0.06201934,0.7702532,-0.763931,-0.01513668,-0.6451202,0.05013057,0.9953115,-0.08271639,0.6433476,-0.09552988,-0.7595906,moving,-5.335719127612322,2.8488985211303834,3.932182012120258,4.603417379439084,0.3176319999999999,-0.04084406,-0.5484,-0.09287738538600299,0.049487339505334044,0.9944470047547516,-4.072633577945733,7.252881622292664,9.413268372640857,9.432514402852366,8.431887890924738
05/17/2023 13:14:12.634612,2822,True,True,True,True,Eyes,0.8588916,0.1337972,-1.956809,0.7087373,-0.04223566,-0.704207,0.0,0.0,0.0,0.0,0.0,0.0,0.0,-0.427316,-0.3377704,-2.132685,1.051649,0.1286371,-1.929383,0.008083801,0.9388806,-0.04709528,0.3409104,5.390624,140.0419,359.0256,0.3655738,0.06319816,-0.928634,0.0,0.0,0.0,1.361183,0.09017128,-2.478448,0.05200189,0.062723,0.7654612,-0.7674295,-0.01693109,-0.6409097,0.04728999,0.9954334,-0.08292198,0.6393869,-0.09394539,-0.7631243,moving,-5.277072032349502,2.870537122799413,3.8864384174182742,4.684433521891327,0.309534,-0.03846582,-0.5490650000000001,-0.09185768978516429,0.04986763717284292,0.9945226462107619,-4.041388785632273,7.257376376315103,9.321758423854757,9.341313821387326,8.334895265902183
05/17/2023 13:14:12.644790,2823,True,True,True,True,Eyes,0.8677526,0.1338322,-1.955876,0.7040983,-0.04016717,-0.7089657,0.0,0.0,0.0,0.0,0.0,0.0,0.0,-0.4052414,-0.333941,-2.142359,1.06182,0.1330229,-1.928803,0.006053082,0.9400145,-0.04541494,0.3380442,5.133337,140.3914,358.8882,0.3691543,0.06313127,-0.9272212,0.0,0.0,0.0,1.363326,0.09195609,-2.478255,0.05040035,0.06259058,0.7608761,-0.7713794,-0.01932454,-0.6360825,0.04208447,0.9958017,-0.08128899,0.6349829,-0.08947381,-0.7673275,moving,-5.249447002291435,2.7204385913217903,3.789729903683556,4.70263115407855,0.30150600000000005,-0.041066809999999995,-0.5494519999999998,-0.0913897666776105,0.04726415447823296,0.9946930137651807,-4.057883057339233,7.197719513376054,9.235316000296866,9.25396166478767,8.234712812643485
05/17/2023 13:14:12.664406,2824,True,True,True,True,Eyes,0.8766599,0.1338443,-1.954963,0.6992262,-0.03787967,-0.7138963,0.0,0.0,0.0,0.0,0.0,0.0,0.0,-0.3718026,-0.3349643,-2.152637,1.07193,0.1350485,-1.927956,0.002839851,0.9418505,-0.04565575,0.332904,5.042381,141.0039,358.5591,0.3727395,0.06306479,-0.9257903,0.0,0.0,0.0,1.36551,0.09377445,-2.478059,0.04909289,0.06207192,0.7566073,-0.7783337,-0.02504853,-0.6273507,0.03574739,0.995815,-0.08411098,0.6268321,-0.08789258,-0.7741809,moving,-5.481594483312149,2.724742305927848,3.712464705913508,4.690031615571041,0.29357999999999995,-0.04127404999999999,-0.550103,-0.09541897916792363,0.04732089791629958,0.9943118355699009,-4.1640453558003845,7.2145959956187555,9.38312511250955,9.401759752598583,8.271205236317492
05/17/2023 13:14:12.684211,2825,True,True,True,True,Eyes,0.8855695,0.1340011,-1.9541,0.6941251,-0.03546244,-0.7189803,0.0,0.0,0.0,0.0,0.0,0.0,0.0,-0.3483831,-0.3213438,-2.163028,1.082738,0.1344934,-1.926892,0.003931901,0.9431648,-0.04238308,0.3295885,4.734596,141.4273,358.8201,0.376329,0.06299742,-0.9243416,0.0,0.0,0.0,1.367605,0.09551916,-2.477871,0.04774377,0.06128738,0.752274,-0.782712,-0.02052109,-0.6220457,0.0353548,0.9963764,-0.07735663,0.6213791,-0.08254026,-0.7791503,moving,-5.476046835544041,2.5808846183378793,3.631459484099708,4.657571645769997,0.284867,-0.03897424000000001,-0.5509789999999999,-0.0953336840316027,0.04482460714900246,0.9944355957887641,-4.189500217431046,7.158791501965009,9.32368020409159,9.341268670381753,8.211182096506704
05/17/2023 13:14:12.694412,2826,True,True,True,True,Eyes,0.8945422,0.1341911,-1.95326,0.6889603,-0.03295577,-0.7240496,0.0,0.0,0.0,0.0,0.0,0.0,0.0,-0.3238034,-0.3161595,-2.172512,1.092504,0.1381125,-1.926649,0.003765873,0.9445271,-0.04031932,0.3259276,4.509258,141.8806,358.8983,0.3799197,0.06293575,-0.9228758,0.0,0.0,0.0,1.369731,0.09728944,-2.47768,0.0466527,0.06058317,0.7480212,-0.7875141,-0.01916842,-0.6159986,0.0333963,0.9967203,-0.07371058,0.6153912,-0.07862017,-0.7842911,moving,-5.509553225492881,2.5065038628401575,3.56880938119758,4.630349910533002,0.2772270000000001,-0.040823059999999994,-0.5510309999999998,-0.09592071612368985,0.04353114438180035,0.9944367534939929,-4.2194271864427435,7.132322586161193,9.30649776191132,9.323485917448266,8.18025036921976
05/17/2023 13:14:12.714790,2827,True,True,True,True,Eyes,0.9035219,0.13443,-1.952465,0.6835905,-0.03050542,-0.7292279,0.0,0.0,0.0,0.0,0.0,0.0,0.0,-0.2977133,-0.3070589,-2.182591,1.103047,0.1390572,-1.926285,0.003254607,0.9459276,-0.03803871,0.3221235,4.247242,142.3497,358.9457,0.3835118,0.06288051,-0.9213926,0.0,0.0,0.0,1.371845,0.0990498,-2.477491,0.04578772,0.05985711,0.7437924,-0.792452,-0.01834908,-0.6096587,0.03066357,0.9970849,-0.06986696,0.6091635,-0.0740605,-0.7895793,moving,-5.546637824216003,2.389274247021926,3.5226720276897616,4.600994546391126,0.26879799999999987,-0.0400074,-0.5512060000000001,-0.0965727074861164,0.041493759630421914,0.9944605887407354,-4.259346903219798,7.089574853308222,9.318815016379139,9.335099778391056,8.170241770291156
05/17/2023 13:14:12.734332,2828,True,True,True,True,Eyes,0.9125341,0.1346795,-1.951698,0.6781657,-0.02809363,-0.7343718,0.0,0.0,0.0,0.0,0.0,0.0,0.0,-0.2729969,-0.3015674,-2.191456,1.11288,0.1404694,-1.926062,0.00382072,0.947249,-0.03628182,0.3184155,4.081132,142.8076,359.0885,0.3871031,0.06283309,-0.9198928,0.0,0.0,0.0,1.374046,0.1008833,-2.477293,0.0453378,0.05905097,0.7395724,-0.797194,-0.01586704,-0.6035147,0.03034373,0.997338,-0.06630269,0.6029603,-0.07116899,-0.7945905,moving,-5.570026829918703,2.375327381610923,3.5079971640200323,4.56508228760816,0.261166,-0.0395861,-0.551231,-0.0969796341159243,0.04125004878668858,0.9944311405925219,-4.272842975438394,7.085733129608752,9.322356257224307,9.338390984686086,8.178945772108147
05/17/2023 13:14:12.744684,2829,True,True,True,True,Eyes,0.9215596,0.1349083,-1.950963,0.6726975,-0.02575818,-0.7394691,0.0,0.0,0.0,0.0,0.0,0.0,0.0,-0.2477819,-0.2989197,-2.199748,1.122733,0.1409631,-1.925938,0.004150131,0.9485363,-0.03543568,0.3146525,4.004553,143.2672,359.1714,0.3906924,0.06279297,-0.9183768,0.0,0.0,0.0,1.376156,0.10264,-2.477104,0.04568034,0.05844565,0.7352142,-0.8019536,-0.01442675,-0.5972128,0.03017295,0.9974542,-0.06461234,0.5966245,-0.06983574,-0.7994765,moving,-5.599124785152322,2.440754038268179,3.55533196930527,4.5451540344792125,0.25342299999999995,-0.03832310000000001,-0.5511660000000003,-0.09748002256109262,0.042383492369509876,0.9943345739609103,-4.27351483904925,7.112855137598303,9.3768559515759,9.39321977882383,8.239170547066115
05/17/2023 13:14:12.764306,2830,True,True,True,True,Eyes,0.9305849,0.1351231,-1.950273,0.6669298,-0.02366382,-0.7447446,0.0,0.0,0.0,0.0,0.0,0.0,0.0,-0.2237504,-0.2977155,-2.207241,1.132131,0.1406923,-1.925901,0.004682379,0.949731,-0.03505237,0.3110635,3.984907,143.7041,359.2583,0.3942784,0.06275828,-0.9168454,0.0,0.0,0.0,1.378388,0.1044987,-2.476903,0.0459334,0.0586076,0.7309511,-0.8064351,-0.01291303,-0.5911816,0.03070103,0.9974988,-0.06366761,0.5905251,-0.06949368,-0.8040216,moving,-5.586381655690594,2.550379924476102,3.595772526314747,4.584164157875385,0.24625699999999995,-0.03619359999999999,-0.551002,-0.09725082831310788,0.0442869018003253,0.9942740067282936,-4.246295068998803,7.154268143062805,9.387585999869527,9.404692112458635,8.252481969937474
05/17/2023 13:14:12.784196,2831,True,True,True,True,Eyes,0.9395829,0.135346,-1.949636,0.6609873,-0.02174957,-0.7500819,0.0,0.0,0.0,0.0,0.0,0.0,0.0,-0.1961166,-0.2995647,-2.214554,1.1415,0.1405963,-1.926047,0.004483595,0.9511086,-0.03549183,0.3067781,4.029156,144.2192,359.2391,0.3978587,0.06272759,-0.9152995,0.0,0.0,0.0,1.380422,0.1061926,-2.476721,0.04599792,0.05919721,0.7263921,-0.8117345,-0.01324746,-0.5838768,0.030305,0.9974405,-0.06476223,0.5832404,-0.0702641,-0.8092554,moving,-5.647667371192612,2.7020745749300312,3.623349495649488,4.659014606838284,0.23892200000000008,-0.03440370000000001,-0.5506739999999999,-0.09830249500750421,0.046914289797630467,0.994050189956306,-4.2450047255171075,7.216746676866573,9.457012241371102,9.475303057620678,8.273632303396216
05/17/2023 13:14:12.794326,2832,True,True,True,True,Eyes,0.9485862,0.1355828,-1.949036,0.6549298,-0.01988079,-0.7554281,0.0,0.0,0.0,0.0,0.0,0.0,0.0,-0.1674689,-0.3007836,-2.221602,1.150654,0.14107,-1.926168,0.003855188,0.9525351,-0.03576439,0.3022963,4.040666,144.7564,359.1798,0.4014303,0.06270069,-0.9137406,0.0,0.0,0.0,1.382622,0.1080247,-2.476523,0.04582119,0.05996591,0.7221698,-0.8172043,-0.01427847,-0.5761713,0.02896728,0.9974121,-0.06580284,0.5756198,-0.07046448,-0.8146759,moving,-5.727113899679669,2.814124845286044,3.6305121182789146,4.746708516748029,0.23196799999999995,-0.0330453,-0.5503549999999997,-0.09967147591031522,0.04885151823019078,0.9938204209338521,-4.259804500579242,7.265137286179111,9.535725729302474,9.555105668655733,8.2824863303556
05/17/2023 13:14:12.814477,2833,True,True,True,True,Eyes,0.9575471,0.1357981,-1.948503,0.6487723,-0.01811994,-0.7607668,0.0,0.0,0.0,0.0,0.0,0.0,0.0,-0.1368108,-0.2997318,-2.22886,1.159868,0.1416722,-1.926397,0.00290434,0.9540796,-0.03557666,0.297419,3.99179,145.3407,359.1028,0.4049918,0.06267761,-0.9121692,0.0,0.0,0.0,1.384671,0.1097311,-2.476339,0.04559994,0.06078646,0.7178171,-0.8230669,-0.01562041,-0.5677295,0.02670429,0.9974517,-0.06615829,0.5673161,-0.06961353,-0.8205525,moving,-5.84949634118325,2.8568723191160807,3.634878674183569,4.840394655015904,0.22480300000000009,-0.0319411,-0.5499419999999999,-0.10179035664733749,0.049582287177246206,0.9935694608566701,-4.307888679418804,7.289634087673212,9.669307668557423,9.689568116749468,8.311818515339176
05/17/2023 13:14:12.834746,2834,True,True,True,True,Eyes,0.966499,0.1360049,-1.948017,0.642531,-0.01640953,-0.766084,0.0,0.0,0.0,0.0,0.0,0.0,0.0,-0.1079003,-0.2971302,-2.235838,1.168992,0.1414278,-1.926747,0.003204477,0.9555371,-0.03492523,0.2927778,3.934793,145.9015,359.1772,0.4085398,0.06265678,-0.9105871,0.0,0.0,0.0,1.386817,0.1115178,-2.476147,0.04539549,0.06129628,0.7135881,-0.8285418,-0.01432667,-0.5597439,0.02657466,0.9975399,-0.06486832,0.5592962,-0.06862111,-0.8261228,moving,-5.93783157156053,2.9045139827452293,3.640012770278774,4.909580579533577,0.21782499999999994,-0.029909999999999992,-0.5494000000000001,-0.10331783016419677,0.05040044964976353,0.9933706631147734,-4.339326986572113,7.313785158786266,9.764458643895987,9.785468527058864,8.333670416698801
05/17/2023 13:14:12.844651,2835,True,True,True,True,Eyes,0.9754035,0.1362165,-1.947595,0.6360953,-0.01475654,-0.7714694,0.0,0.0,0.0,0.0,0.0,0.0,0.0,-0.07990873,-0.2963364,-2.242242,1.177814,0.1413845,-1.927333,0.004292437,0.9569402,-0.03443205,0.2882037,3.920544,146.4555,359.332,0.4120725,0.06263739,-0.9089953,0.0,0.0,0.0,1.388994,0.1133303,-2.475951,0.04511246,0.06133275,0.7093757,-0.8338405,-0.01163168,-0.551883,0.0280621,0.997592,-0.06342463,0.5512918,-0.06837302,-0.8315063,moving,-6.004770691127451,3.0005626578357547,3.6388017095611325,4.941514598094687,0.21118000000000015,-0.0280542,-0.5486179999999998,-0.1044694186004747,0.05205933276433942,0.9931646327475785,-4.351477724306178,7.355189073004324,9.815191882490904,9.83696005286783,8.34687905160445
05/17/2023 13:14:12.864813,2836,True,True,True,True,Eyes,0.9842865,0.1364552,-1.947218,0.6295823,-0.0132028,-0.7768216,0.0,0.0,0.0,0.0,0.0,0.0,0.0,-0.05269194,-0.2977624,-2.247978,1.186413,0.1417517,-1.927997,0.005534753,0.9582669,-0.03429736,0.2837567,3.949264,146.9929,359.4913,0.4155867,0.06261929,-0.9073952,0.0,0.0,0.0,1.391069,0.1150587,-2.475765,0.04521307,0.06128527,0.705075,-0.8389031,-0.008856666,-0.5442088,0.03007175,0.9975861,-0.062591,0.5434495,-0.06887309,-0.8366117,moving,-6.052774179593854,3.134938849576383,3.6690792513421657,4.967676062475099,0.20465600000000017,-0.02669300000000001,-0.547768,-0.10528840913332532,0.05438373895130929,0.992953545976618,-4.3474376366372685,7.410122618737998,9.870274687904619,9.893096574083676,8.380339384264815
05/17/2023 13:14:12.884397,2837,True,True,True,True,Eyes,0.993127,0.1367179,-1.946892,0.6228306,-0.01168894,-0.7822695,0.0,0.0,0.0,0.0,0.0,0.0,0.0,-0.02490127,-0.3011759,-2.253099,1.194873,0.1426434,-1.928655,0.006737922,0.9595931,-0.03449355,0.2791884,4.011796,147.5431,359.6365,0.4190809,0.06260344,-0.9057878,0.0,0.0,0.0,1.393164,0.1168027,-2.475577,0.04574415,0.06166736,0.7006642,-0.8440173,-0.006329072,-0.5362793,0.03219172,0.9975296,-0.06243725,0.5353495,-0.06996185,-0.8417284,moving,-6.100047491121435,3.299624550566384,3.7353591220089624,5.029796616586961,0.198291,-0.025840700000000008,-0.5469219999999999,-0.10609072173600376,0.05723266129433926,0.992708083722317,-4.3371591552030555,7.476689179276706,9.961984358054037,9.986426719485156,8.435213959898615
05/17/2023 13:14:12.894238,2838,True,True,True,True,Eyes,1.001937,0.136999,-1.946606,0.616042,-0.01025662,-0.7876465,0.0,0.0,0.0,0.0,0.0,0.0,0.0,0.001250982,-0.305222,-2.257716,1.203254,0.1435046,-1.929257,0.008316451,0.9607994,-0.03471739,0.2749364,4.087848,148.0563,359.8214,0.4225527,0.06259051,-0.9041743,0.0,0.0,0.0,1.395383,0.1186511,-2.475378,0.04651189,0.06252922,0.696442,-0.8486816,-0.003109271,-0.528895,0.03507103,0.9974511,-0.06213991,0.5277401,-0.07128589,-0.8464093,moving,-6.108013760512298,3.4778204766893692,3.8208256852190643,5.130477382844773,0.192129,-0.024853500000000014,-0.5461210000000001,-0.10620939814070018,0.060319031717801806,0.9925125344998377,-4.306132758051451,7.545885718333347,10.038981871670257,10.065442245056808,8.478304722395487
05/17/2023 13:14:12.914376,2839,True,True,True,True,Eyes,1.010709,0.1372905,-1.946365,0.6089842,-0.008606637,-0.7931356,0.0,0.0,0.0,0.0,0.0,0.0,0.0,0.0263797,-0.3083181,-2.262131,1.211413,0.1442267,-1.92994,0.009972808,0.9619439,-0.03470895,0.2708501,4.139117,148.55,0.02210037,0.426001,0.06258091,-0.9025553,0.0,0.0,0.0,1.397501,0.1204143,-2.475188,0.04785362,0.06352969,0.6920536,-0.8530818,0.0003847213,-0.5217775,0.03798841,0.9973917,-0.06137387,0.5203928,-0.07217842,-0.8508712,moving,-6.078333931148535,3.645552692119837,3.9555507063274558,5.244983572965582,0.18608800000000003,-0.02381240000000001,-0.5452480000000002,-0.10567618566489978,0.06322793993223327,0.9923883722780581,-4.25979218546451,7.608581880670977,10.13183870190281,10.160561995321897,8.548593790203427
05/17/2023 13:14:12.934397,2840,True,True,True,True,Eyes,1.019439,0.1375929,-1.946167,0.6019298,-0.006985336,-0.7985185,0.0,0.0,0.0,0.0,0.0,0.0,0.0,0.05011702,-0.3100056,-2.266497,1.219473,0.1447477,-1.930688,0.01147367,0.9629978,-0.03444598,0.2670527,4.155923,149.0089,0.2125802,0.4294241,0.06257463,-0.9009323,0.0,0.0,0.0,1.399655,0.1222083,-2.474994,0.04936144,0.06401603,0.6877532,-0.8571024,0.003700459,-0.5151328,0.04049603,0.9973637,-0.06021465,0.5135519,-0.07247096,-0.8549927,moving,-6.016990138231876,3.775807411167444,4.105194862149417,5.317765836449868,0.18018200000000006,-0.0225394,-0.5443060000000002,-0.10459833052356007,0.06549135385128581,0.9923558563901017,-4.2061547981378435,7.654759059213154,10.208400071485027,10.238958197357947,8.633659160448637
05/17/2023 13:14:12.944983,2841,True,True,True,True,Eyes,1.028139,0.1378949,-1.946017,0.5946042,-0.005123012,-0.8040022,0.0,0.0,0.0,0.0,0.0,0.0,0.0,0.07267076,-0.3096268,-2.270882,1.227234,0.1452974,-1.931538,0.01238055,0.9639845,-0.0338656,0.2635027,4.118324,149.4361,0.3459285,0.4328203,0.06257167,-0.8993058,0.0,0.0,0.0,1.401678,0.1238931,-2.474813,0.05099833,0.0639739,0.6834385,-0.8608261,0.006021964,-0.5088637,0.04171668,0.9973997,-0.05876721,0.5071866,-0.07181644,-0.858839,moving,-5.911098961174117,3.8589471685521546,4.267514537737918,5.347642548514963,0.17444400000000004,-0.021404299999999987,-0.5432750000000002,-0.10275419440410263,0.06694418726086382,0.9924515045274399,-4.141159030787813,7.679858560951223,10.255121227811342,10.286903649522383,8.72611154585405
05/17/2023 13:14:12.964502,2842,True,True,True,True,Eyes,1.036798,0.1381976,-1.945917,0.5872673,-0.003306847,-0.8093864,0.0,0.0,0.0,0.0,0.0,0.0,0.0,0.09666365,-0.3081928,-2.275398,1.235156,0.1455595,-1.932607,0.01237932,0.9650182,-0.03337854,0.2597544,4.062981,149.8828,0.3763553,0.4361888,0.06257151,-0.8976768,0.0,0.0,0.0,1.403852,0.125703,-2.474617,0.05195466,0.06441602,0.6790783,-0.8647486,0.006552082,-0.502162,0.04123298,0.9974653,-0.05799064,0.5005092,-0.07085298,-0.8628269,moving,-5.834283858547367,3.91088436524488,4.375040319651576,5.418750048716806,0.16869600000000018,-0.0198565,-0.5420099999999999,-0.10141731578470176,0.06785315709843939,0.992527399381061,-4.095640607935821,7.694839027168959,10.28715283433883,10.320075537269568,8.771146812978577
05/17/2023 13:14:12.984269,2843,True,True,True,True,Eyes,1.045446,0.1384905,-1.94585,0.5796906,-0.001383475,-0.8148354,0.0,0.0,0.0,0.0,0.0,0.0,0.0,0.1209339,-0.3068928,-2.279555,1.24287,0.1458776,-1.933694,0.01144645,0.9660348,-0.03321322,0.2560132,4.015775,150.3243,0.2934627,0.4395282,0.06257374,-0.8960463,0.0,0.0,0.0,1.405944,0.1274454,-2.47443,0.05288103,0.06476843,0.6748085,-0.8686526,0.005109294,-0.4953957,0.03912139,0.9975317,-0.05830937,0.493875,-0.07003114,-0.8667083,moving,-5.746552764535266,3.9655503378665458,4.480797841337573,5.4824810861582405,0.16307400000000016,-0.01843220000000001,-0.5407359999999999,-0.0998908594045416,0.06881076606744653,0.9926161037910016,-4.044559493049829,7.710155554742024,10.30521522784555,10.339234948029778,8.811597540569649
05/17/2023 13:14:12.995506,2844,True,True,True,True,Eyes,1.054051,0.1387714,-1.945829,0.5720771,0.0004318476,-0.8201998,0.0,0.0,0.0,0.0,0.0,0.0,0.0,0.1458831,-0.3066055,-2.283301,1.250723,0.1459227,-1.934722,0.009996101,0.9670357,-0.03352885,0.2522262,4.007655,150.768,0.1389649,0.4428388,0.06257755,-0.8944145,0.0,0.0,0.0,1.408119,0.1292566,-2.474234,0.05395189,0.06551392,0.6706007,-0.872564,0.002419461,-0.4884938,0.03624688,0.9975518,-0.05980463,0.4871532,-0.06988973,-0.8705155,moving,-5.667436535731873,4.046252456608414,4.599714666400668,5.579769181419807,0.15739599999999987,-0.01666609999999999,-0.539512,-0.09851044777504978,0.07021853479116635,0.992655607855887,-3.9923793627895514,7.736070792574026,10.34538833868476,10.38104365431183,8.85853918232078
05/17/2023 13:14:13.014778,2845,True,True,True,True,Eyes,1.062664,0.1390353,-1.945826,0.5641659,0.002325529,-0.8256581,0.0,0.0,0.0,0.0,0.0,0.0,0.0,0.1724973,-0.3074794,-2.286432,1.258354,0.1459278,-1.9358,0.008457737,0.9681034,-0.0341755,0.2480648,4.035067,151.2546,359.9667,0.4461193,0.06258208,-0.8927824,0.0,0.0,0.0,1.410256,0.1310362,-2.474043,0.05542541,0.06660846,0.6661708,-0.8767845,-0.0005795498,-0.4808829,0.03333141,0.997521,-0.06197473,0.4797267,-0.07036699,-0.8745917,moving,-5.616214047779383,4.165692050711594,4.7560548077264055,5.70985909114152,0.15190199999999998,-0.014891600000000005,-0.538243,-0.09760845068092294,0.0722941321553501,0.9925955962601909,-3.945512951999784,7.778743445083724,10.4484521398099,10.486582525286561,8.944135729465039
05/17/2023 13:14:13.034273,2846,True,True,True,True,Eyes,1.071228,0.1392881,-1.945867,0.5561572,0.004144791,-0.8310667,0.0,0.0,0.0,0.0,0.0,0.0,0.0,0.2008997,-0.307255,-2.289191,1.266025,0.1457357,-1.936776,0.007233449,0.9692543,-0.03453466,0.2435184,4.040908,151.7878,359.8393,0.4493711,0.06258638,-0.8911498,0.0,0.0,0.0,1.412492,0.132898,-2.473842,0.05786052,0.06795287,0.6620021,-0.8812929,-0.002797545,-0.472562,0.03084175,0.9975101,-0.06342278,0.4715628,-0.0704687,-0.8790123,moving,-5.605947327322225,4.263849118374846,4.995090475349517,5.8607429332257235,0.14646700000000012,-0.012837700000000007,-0.5370659999999998,-0.09741839573086056,0.0739958888531941,0.9924888588086093,-3.921667796057786,7.815898856364601,10.679363930913865,10.720637683905949,9.128593142127412
05/17/2023 13:14:13.045148,2847,True,True,True,True,Eyes,1.079783,0.139521,-1.945943,0.5478954,0.006027567,-0.8365251,0.0,0.0,0.0,0.0,0.0,0.0,0.0,0.2323703,-0.3062527,-2.291426,1.273525,0.1457208,-1.937864,0.005994556,0.9705558,-0.03470512,0.2382882,4.026817,152.4016,359.7184,0.452593,0.06258985,-0.8895175,0.0,0.0,0.0,1.414428,0.1345103,-2.473668,0.06064704,0.06918478,0.6576199,-0.8863659,-0.004903537,-0.4629601,0.02817574,0.9975193,-0.06450964,0.4621279,-0.07022336,-0.8840289,moving,-5.6625043548958045,4.34613135111614,5.2690291121543105,6.0056997761352005,0.140903,-0.011210500000000012,-0.535804,-0.09838756232626644,0.07541389882643022,0.9922865388981155,-3.931713860209751,7.851316793762652,11.01198728854293,11.056789375698397,9.384027569187056
05/17/2023 13:14:13.064391,2848,True,True,True,True,Eyes,1.088296,0.1397358,-1.946055,0.5395119,0.007805576,-0.8419418,0.0,0.0,0.0,0.0,0.0,0.0,0.0,0.2670773,-0.3058345,-2.293002,1.281367,0.1454393,-1.938987,0.004779343,0.9719651,-0.03508939,0.2324431,4.038869,153.0867,359.5967,0.4557852,0.06259155,-0.887886,0.0,0.0,0.0,1.416512,0.1362451,-2.473481,0.06385526,0.07065791,0.6532571,-0.8918947,-0.007021864,-0.4521886,0.02560329,0.9974918,-0.06598949,0.4515177,-0.07043319,-0.8894778,moving,-5.786781852628837,4.447834443399428,5.58287179853048,6.173254540479288,0.13514500000000007,-0.009194199999999986,-0.534494,-0.1005261945844885,0.07715856623640258,0.9919380281571253,-3.9691917071732914,7.898658528821224,11.45048847147777,11.499830375215431,9.70664391744047
05/17/2023 13:14:13.084244,2849,True,True,True,True,Eyes,1.096809,0.1399303,-1.946196,0.5308437,0.00961445,-0.8474151,0.0,0.0,0.0,0.0,0.0,0.0,0.0,0.3010449,-0.3065584,-2.293743,1.288962,0.1452251,-1.939935,0.004052537,0.9733097,-0.03556804,0.2266868,4.075719,153.7619,359.5269,0.458947,0.06259074,-0.8862559,0.0,0.0,0.0,1.418647,0.1380236,-2.473289,0.06679064,0.07180081,0.6488401,-0.8971934,-0.008236864,-0.4415611,0.02401435,0.997437,-0.06740012,0.4409845,-0.07107475,-0.8946961,moving,-5.882406237786959,4.581177818141282,5.87724203205196,6.314673278476205,0.12968500000000005,-0.0072015,-0.5333539999999999,-0.10216307457456988,0.0794535477016562,0.991589463002504,-3.9873019263666443,7.956315717800605,11.83279502281927,11.88672932060486,10.00021086808493
05/17/2023 13:14:13.094773,2850,True,True,True,True,Eyes,1.105289,0.140101,-1.946375,0.5220506,0.01137796,-0.8528386,0.0,0.0,0.0,0.0,0.0,0.0,0.0,0.3362973,-0.3062254,-2.294249,1.296863,0.144876,-1.941031,0.003141413,0.9746702,-0.03592017,0.2207216,4.094827,154.4603,359.4409,0.4620793,0.06258665,-0.884627,0.0,0.0,0.0,1.420833,0.1398439,-2.473093,0.06914598,0.06614602,0.6450053,-0.9025445,-0.009733032,-0.4304872,0.0219804,0.9973997,-0.06863389,0.4300358,-0.07140739,-0.8999837,moving,-5.998062942802419,4.6921366073537785,6.118864421866781,5.855277840256642,0.12396999999999991,-0.0050321000000000116,-0.532062,-0.10414844183926178,0.08135686868998404,0.9912285945045657,-4.0190040563824905,8.006659358762471,12.121017656194748,12.17262610484476,10.363629659556956
05/17/2023 13:14:13.114916,2851,True,True,True,True,Eyes,1.113799,0.1402571,-1.946581,0.5130523,0.0132564,-0.858255,0.0,0.0,0.0,0.0,0.0,0.0,0.0,0.3713664,-0.3029188,-2.294565,1.304681,0.1444666,-1.94207,0.002013977,0.9760038,-0.03570628,0.2147972,4.046388,155.1535,359.3447,0.4651814,0.06257844,-0.8830003,0.0,0.0,0.0,1.42293,0.1415901,-2.472905,0.068515,0.06489781,0.6413326,-0.9077163,-0.01140792,-0.4194295,0.01927051,0.997442,-0.06883371,0.4191419,-0.07056411,-0.9051746,moving,-6.098560114307734,4.740946562299761,6.097908075947901,5.778212702944688,0.11824900000000005,-0.002876500000000004,-0.530835,-0.10587967768428452,0.08218615450321225,0.9909767754910787,-4.055820498903339,8.032057921499703,12.189056391998125,12.240496614208347,10.400866417801637
05/17/2023 13:14:13.134270,2852,True,True,True,True,Eyes,1.122291,0.1403733,-1.946833,0.503938,0.01512161,-0.8636074,0.0,0.0,0.0,0.0,0.0,0.0,0.0,0.4067881,-0.2972221,-2.295022,1.312816,0.1441621,-1.943367,0.0005662969,0.9773169,-0.03506386,0.208859,3.943547,155.8472,359.2224,0.4682553,0.06256574,-0.881375,0.0,0.0,0.0,1.425032,0.1433402,-2.472716,0.07142803,0.06313968,0.6372435,-0.9127551,-0.0135399,-0.4082826,0.01575371,0.9975404,-0.06830045,0.4082032,-0.06877355,-0.9102969,moving,-6.196844158701384,4.731521690592075,6.395535263365317,5.65854011060265,0.1122160000000001,-0.0008218999999999865,-0.5293490000000001,-0.10758099958080106,0.08200807311296383,0.9908082139048136,-4.102956317560908,8.034868483803642,12.574597241681678,12.626455665004642,10.764072742789269
05/17/2023 13:14:13.144677,2853,True,True,True,True,Eyes,1.130849,0.1404517,-1.94711,0.4945931,0.01704167,-0.8689576,0.0,0.0,0.0,0.0,0.0,0.0,0.0,0.4419624,-0.2913386,-2.294968,1.320968,0.1433028,-1.944632,-0.0005155849,0.9785861,-0.03438407,0.2029454,3.846649,156.5386,359.1406,0.471301,0.06254708,-0.8797514,0.0,0.0,0.0,1.427307,0.1452346,-2.472512,0.07245213,0.05851578,0.633591,-0.9176258,-0.01496526,-0.3971635,0.01294709,0.9976349,-0.06750479,0.3972344,-0.06708626,-0.9152618,moving,-6.2782480688704885,4.7354710901973975,6.523526724383512,5.276626902185111,0.10633900000000018,0.0019317999999999835,-0.5278800000000001,-0.10898810478152327,0.08206372244068538,0.9906498887887025,-4.139707597206903,8.041726773623004,12.764534981356094,12.813207540270374,11.015913193928576
05/17/2023 13:14:13.164162,2854,True,True,True,True,Eyes,1.139389,0.1404793,-1.947435,0.4851356,0.01890398,-0.8742346,0.0,0.0,0.0,0.0,0.0,0.0,0.0,0.4782824,-0.2868449,-2.294298,1.329377,0.1423367,-1.946107,-0.001371066,0.9798527,-0.03397674,0.1968058,3.78684,157.2558,359.0778,0.4743212,0.06252123,-0.8781285,0.0,0.0,0.0,1.429366,0.1469489,-2.472327,0.07416269,0.0560251,0.6293412,-0.9225314,-0.01606052,-0.3855881,0.01068675,0.9976874,-0.06712407,0.3857745,-0.06604474,-0.9202263,moving,-6.38119639014945,4.774775679230278,6.720841198900377,5.087164543945519,0.09998899999999988,0.004612199999999983,-0.5262199999999999,-0.11076181951637515,0.08272696169708775,0.9903979583127942,-4.179504689501413,8.063622774774181,13.057562202840332,13.105761167809852,11.299417864946207
05/17/2023 13:14:13.184391,2855,True,True,True,True,Eyes,1.147931,0.1404595,-1.947819,0.4755923,0.02080138,-0.8794199,0.0,0.0,0.0,0.0,0.0,0.0,0.0,0.5138743,-0.2841263,-2.29287,1.337617,0.1411401,-1.947538,-0.001566942,0.9810588,-0.03376539,0.1907379,3.764401,157.9655,359.0838,0.4773156,0.06248654,-0.876507,0.0,0.0,0.0,1.431556,0.1487728,-2.472131,0.07538182,0.05415697,0.6254593,-0.9272332,-0.01595521,-0.3741444,0.009806158,0.9977149,-0.06684943,0.3743561,-0.06565393,-0.9249579,moving,-6.470234097787025,4.861201262677821,6.872274764397842,4.948756516487277,0.093939,0.00763270000000002,-0.5245930000000001,-0.11228680465422741,0.08420629335440444,0.9901015439869082,-4.203714804420827,8.102766699600469,13.294343688767897,13.342796133492836,11.516306923825956
05/17/2023 13:14:13.194517,2856,True,True,True,True,Eyes,1.156459,0.1404027,-1.94826,0.4658819,0.02262628,-0.8845575,0.5960652,1.434155,0.1538894,-2.475514,-0.8169397,-0.4834799,-0.3144148,0.10801,0.04993442,0.5202631,1.345839,0.139931,-1.949359,-0.00190087,0.9822691,-0.03373479,0.1844068,3.759709,158.7041,359.0711,0.4802841,0.06244164,-0.8748872,0.0,0.0,0.0,1.433622,0.1504938,-2.471945,0.07662553,0.05416568,0.6213387,-0.9319812,-0.01617618,-0.362146,0.008707519,0.9977167,-0.06697436,0.3624025,-0.06557222,-0.9297123,moving,-6.583075908223248,4.958816275185938,7.030406235603938,4.982208254401186,0.08778299999999994,0.010562800000000011,-0.5225859999999998,-0.11422022129099516,0.0858739497336571,0.9897369700611751,-4.236717796422315,8.147783303459137,13.562778873805081,13.6135022409736,11.703373417279385
05/17/2023 13:14:13.214374,2857,True,True,True,True,Eyes,1.164964,0.1402988,-1.948772,0.455847,0.02445953,-0.889722,0.5877934,1.432908,0.154676,-2.471744,-0.9001007,-0.4310815,-0.06314461,0.1076555,0.05126828,0.5131435,1.354129,0.138978,-1.951089,-0.003037116,0.9835253,-0.03375567,0.177565,3.745259,159.4985,358.9686,0.4832262,0.06238582,-0.8732696,0.0,0.0,0.0,1.435773,0.1522843,-2.471752,0.07767996,0.05563815,0.6173782,-0.9369227,-0.01796181,-0.3490743,0.00601349,0.9977027,-0.06747768,0.3494844,-0.06532054,-0.9346623,moving,-6.742116253269338,5.036098905157319,7.171402489956379,5.149587184504532,0.08164400000000005,0.013306300000000021,-0.5206629999999999,-0.11695374815097456,0.08718094688740041,0.9893034401001928,-4.294973503308557,8.187992516256521,13.859546055784227,13.913981579966336,11.862111337318552
05/17/2023 13:14:13.234098,2858,True,True,True,True,Eyes,1.173464,0.1401537,-1.94934,0.4456255,0.02626983,-0.8948339,0.5814814,1.432587,0.1554291,-2.46967,-0.9215582,-0.3808977,0.07514879,0.1071097,0.0527546,0.5077813,1.362681,0.1377285,-1.953049,-0.004597242,0.9847789,-0.03353114,0.1704848,3.696652,160.3186,358.8236,0.4861409,0.06231797,-0.8716552,0.0,0.0,0.0,1.437859,0.1540214,-2.471565,0.07777303,0.05770083,0.6133685,-0.941828,-0.02048763,-0.3354715,0.002378568,0.9977091,-0.06760904,0.336088,-0.06447401,-0.9396214,moving,-6.9217990475520095,5.072017464008657,7.226346827704401,5.374115633107522,0.07517799999999997,0.0162929,-0.518516,-0.12004945626875851,0.08776845470474877,0.9888805414285415,-4.370798009632701,8.213613736514171,14.093095223294675,14.151370782058814,11.939703424182047
05/17/2023 13:14:13.244969,2859,True,True,True,True,Eyes,1.181932,0.1399607,-1.949996,0.4349204,0.02811796,-0.9000298,0.5760332,1.43246,0.1561575,-2.468443,-0.9300107,-0.332339,0.1569422,0.1066133,0.05383984,0.5035944,1.371165,0.1365722,-1.954895,-0.006035331,0.9860234,-0.03293762,0.1632074,3.611136,161.1621,358.6994,0.4890279,0.06223739,-0.8700445,0.0,0.0,0.0,1.439982,0.1557892,-2.471374,0.07748243,0.05893822,0.6096717,-0.946654,-0.02265328,-0.3214549,-0.001150633,0.9977573,-0.06692455,0.3222501,-0.0629845,-0.9445571,moving,-7.094938214513245,5.07505661120973,7.242822734934919,5.521742646843665,0.06881700000000013,0.019216999999999984,-0.5164789999999999,-0.12303693926692102,0.08778855231594115,0.9885115561068876,-4.450008711805352,8.226134718602278,14.283924123149497,14.344717405998317,12.001501727686792
05/17/2023 13:14:13.264628,2860,True,True,True,True,Eyes,1.190399,0.1397155,-1.950713,0.4240619,0.02997811,-0.9051369,0.5708115,1.432458,0.1568274,-2.467376,-0.9301638,-0.2876949,0.2280943,0.1061594,0.05462672,0.49917,1.379853,0.1352467,-1.957286,-0.006931943,0.9872434,-0.03195735,0.155825,3.493713,162.0196,358.6425,0.4918854,0.06214313,-0.8684389,0.0,0.0,0.0,1.442245,0.1576735,-2.471171,0.07661918,0.05954256,0.6060985,-0.9513413,-0.02364653,-0.3072313,-0.003727518,0.9978613,-0.0652597,0.3081174,-0.06093901,-0.9493949,moving,-7.269365472450775,5.0545975811511985,7.2047577515665155,5.6106815695271255,0.062392,0.022426799999999997,-0.5138849999999999,-0.12605001646106861,0.08740224876802422,0.9881660943954965,-4.534388661561854,8.22968425497524,14.422665860362702,14.484801431368147,12.027748483205372
05/17/2023 13:14:13.284333,2861,True,True,True,True,Eyes,1.198804,0.1394295,-1.95152,0.4129136,0.03186902,-0.9102124,0.5659186,1.43248,0.1574648,-2.466626,-0.9287385,-0.2451904,0.2780764,0.1061628,0.05550303,0.4953951,1.388437,0.1337328,-1.959413,-0.007064499,0.9883847,-0.03088263,0.1486333,3.379419,162.8567,358.6714,0.4947144,0.06203417,-0.8668382,0.0,0.0,0.0,1.444285,0.159373,-2.470988,0.0762859,0.06052092,0.6023487,-0.9557163,-0.02314526,-0.2933775,-0.00478451,0.9979927,-0.06314789,0.2942502,-0.0589478,-0.9539087,moving,-7.401528626375178,5.050593772601748,7.2179346597466,5.737531722619119,0.05584800000000012,0.025640199999999974,-0.5115750000000001,-0.12833012854891634,0.08730745137019344,0.9878809015546058,-4.596084293279827,8.236804888803999,14.571375212125897,14.635593275348857,12.075487989380779
05/17/2023 13:14:13.294155,2862,True,True,True,True,Eyes,1.207215,0.1391036,-1.95239,0.4016256,0.0337074,-0.9151834,0.5611182,1.432575,0.1580175,-2.465916,-0.922341,-0.2083367,0.3253966,0.1063009,0.05634802,0.4914104,1.397082,0.1325383,-1.961882,-0.0073017,0.989446,-0.03016351,0.14154,3.303405,163.6801,358.6806,0.497512,0.06191016,-0.8652445,0.0,0.0,0.0,1.446411,0.1611426,-2.470797,0.07573205,0.06171696,0.598618,-0.9598266,-0.02298796,-0.279652,-0.005910587,0.9980736,-0.06175729,0.2805329,-0.05762336,-0.9581135,moving,-7.518023253076538,5.0797992948887245,7.2102696031976405,5.886344321173138,0.049328999999999956,0.0286043,-0.5089150000000002,-0.13033291693238036,0.08778786950425897,0.9875761174499313,-4.6440915667604745,8.25569684112259,14.683526325973435,14.750360176605897,12.088825836763533
05/17/2023 13:14:13.315061,2863,True,True,True,True,Eyes,1.215598,0.1387244,-1.953338,0.3899145,0.03554719,-0.9201647,0.5566016,1.432625,0.1585101,-2.465503,-0.9190417,-0.1755082,0.3529298,0.1067102,0.05773182,0.4878663,1.405775,0.131248,-1.964235,-0.008021932,0.9904411,-0.02986239,0.1344262,3.267468,164.5025,358.6272,0.5002788,0.06177078,-0.8636576,0.0,0.0,0.0,1.446411,0.1611426,-2.470797,0.07711184,0.06113705,0.5940726,-0.9637306,-0.02391908,-0.2658034,-0.007861923,0.9980878,-0.0613106,0.2667616,-0.05699717,-0.9620758,static,-7.617778448797513,5.141412732205143,7.395758510050702,5.875724182982838,0.040635999999999894,0.029894599999999993,-0.5065620000000002,-0.13203990371991037,0.08882957447494871,0.987256180369347,-4.678072937192881,8.285981056382987,14.96274352104802,15.031483803052996,12.312056855465732
05/17/2023 13:14:13.334026,2864,True,True,True,True,Eyes,1.22399,0.1383096,-1.954347,0.3781186,0.03730156,-0.9250053,0.5520874,1.432745,0.1589033,-2.465031,-0.9110167,-0.1492871,0.3843983,0.1075783,0.05971899,0.4840202,1.414562,0.1296365,-1.966806,-0.008845354,0.9913186,-0.02992849,0.1277248,3.272094,165.2753,358.5547,0.5030142,0.06161519,-0.8620785,0.0,0.0,0.0,1.446411,0.1611426,-2.470797,0.07832062,0.06040087,0.5897024,-0.9672166,-0.02518235,-0.2527024,-0.00989191,0.9980521,-0.06159687,0.2537613,-0.05707779,-0.9655816,static,-7.669459951903276,5.237008387410765,7.5653945852293045,5.8481843035935315,0.031848999999999794,0.03150610000000001,-0.5039910000000001,-0.13291070203168448,0.09046601834605895,0.9869906442730543,-4.683279418489853,8.326210205233064,15.176535097752174,15.247108865883757,12.496824685438375
05/17/2023 13:14:13.344985,2865,True,True,True,True,Eyes,1.232363,0.1378818,-1.955437,0.3659008,0.03908134,-0.9298329,0.5477802,1.432796,0.1592898,-2.464781,-0.9076699,-0.1235296,0.4010934,0.1088317,0.06148366,0.4806058,1.423307,0.1283648,-1.969241,-0.01035188,0.9921159,-0.03000513,0.1212372,3.269184,166.0204,358.4034,0.5057189,0.06144341,-0.860507,0.0,0.0,0.0,1.446411,0.1611426,-2.470797,0.08000001,0.05977213,0.5854304,-0.9703889,-0.02781601,-0.2399416,-0.01326506,0.9979851,-0.0620472,0.241184,-0.05702706,-0.9688026,static,-7.678383655469243,5.3170143259749505,7.781364173184615,5.829667641628239,0.02310399999999979,0.032777799999999996,-0.5015560000000001,-0.13304759382202613,0.0918424327313497,0.9868451113662174,-4.671813795395803,8.357628397512219,15.39583327458714,15.468245419168198,12.707172270038138
05/17/2023 13:14:13.369357,2866,True,True,True,True,Eyes,1.240749,0.1375902,-1.956602,0.3536313,0.04089564,-0.9344904,0.5433931,1.43291,0.1598126,-2.464397,-0.9000499,-0.08866861,0.4266711,0.1103567,0.06248313,0.4768035,1.432324,0.1276727,-1.972065,-0.01231354,0.9928614,-0.02969133,0.1148611,3.217706,166.7515,358.2051,0.5083919,0.06125649,-0.8589439,0.0,0.0,0.0,1.446411,0.1611426,-2.470797,0.08174118,0.05899347,0.5812695,-0.9733105,-0.03127204,-0.2273512,-0.01763052,0.9979336,-0.06178744,0.2288136,-0.05613005,-0.9718506,static,-7.676806960291447,5.344498105536805,8.004743990406762,5.795147866646463,0.01408699999999996,0.0334699,-0.4987320000000002,-0.13301457737718558,0.09231620197831111,0.986805299165103,-4.665735452352161,8.368116922320162,15.614652874002362,15.688024905211368,12.929084231716912
05/17/2023 13:14:13.384231,2867,True,True,True,True,Eyes,1.249204,0.1373455,-1.957839,0.3407072,0.04269757,-0.9391993,0.5392275,1.432922,0.1603692,-2.464281,-0.8992438,-0.05156185,0.4343984,0.1123029,0.05886883,0.4735655,1.441148,0.1306204,-1.975008,-0.01516284,0.9935501,-0.02815075,0.1087922,3.017397,167.4474,357.9194,0.511034,0.06106167,-0.8573886,0.0,0.0,0.0,1.446411,0.1611426,-2.470797,0.08377981,0.05806428,0.5771451,-0.9758688,-0.03625524,-0.2153274,-0.02400491,0.9979553,-0.05923757,0.2170348,-0.05263917,-0.9747437,static,-7.604607214141573,5.21309073529911,8.259504344288235,5.74497051097393,0.005262999999999796,0.0305222,-0.49578900000000004,-0.1317982231214459,0.09006749265487389,0.9871762147079562,-4.658045029228807,8.31274139133126,15.801002704888779,15.873025282978608,13.170289636574497
05/17/2023 13:14:13.394328,2868,True,True,True,True,Eyes,1.257687,0.1371663,-1.959148,0.3278418,0.04454003,-0.9436821,0.534934,1.433061,0.1609923,-2.463955,-0.8898846,-0.01002374,0.4560756,0.1136153,0.05903216,0.4699018,1.450531,0.1314174,-1.978135,-0.01824662,0.9942483,-0.02814206,0.1017129,2.994986,168.2547,357.5891,0.513647,0.06086161,-0.85584,0.0,0.0,0.0,1.446411,0.1611426,-2.470797,0.08583194,0.05663811,0.5731618,-0.9786433,-0.04200815,-0.2012287,-0.03055852,0.9977502,-0.05967223,0.2032827,-0.05224857,-0.9777253,static,-7.664103788826419,5.252442742993641,8.51685025335949,5.6434735582957956,-0.0041200000000001236,0.029725200000000007,-0.49266200000000016,-0.13281520017751247,0.09073306652364277,0.9869790267280628,-4.677805315521827,8.331807288822102,16.11318718097524,16.18567820061453,13.465737032487164
05/17/2023 13:14:13.414366,2869,True,True,True,True,Eyes,1.26618,0.1371765,-1.96053,0.3145359,0.04634891,-0.9481133,0.5308321,1.433146,0.16178,-2.463819,-0.8842233,0.04248583,0.4651281,0.1172242,0.05704045,0.4664124,1.459825,0.1327859,-1.981136,-0.01748918,0.9948206,-0.02674579,0.09649274,2.856769,168.8627,357.7071,0.5162323,0.0606595,-0.8542976,0.0,0.0,0.0,1.446411,0.1611426,-2.470797,0.08767825,0.05546426,0.5689957,-0.9807668,-0.03995874,-0.1910504,-0.02963565,0.9979576,-0.05658968,0.1929215,-0.04983937,-0.9799478,static,-7.454239672471528,5.241384356080619,8.759977548361027,5.56745822972905,-0.013414000000000037,0.028356699999999985,-0.4896610000000001,-0.1292009201524292,0.09058620010560493,0.9874720988798021,-4.583229024213512,8.31378838027057,16.14598042672823,16.21749562217974,13.622903175687986
05/17/2023 13:14:13.434808,2870,True,True,True,True,Eyes,1.274703,0.1372122,-1.961984,0.3011467,0.04812931,-0.9523624,0.5267154,1.433321,0.1625627,-2.463608,-0.8725533,0.09466098,0.4792599,0.1183828,0.05340843,0.4633734,1.468361,0.1372979,-1.984321,-0.01887565,0.9954437,-0.02664744,0.08958548,2.847057,169.6546,357.5696,0.5187892,0.06046352,-0.8527612,0.0,0.0,0.0,1.446411,0.1611426,-2.470797,0.08935109,0.0545083,0.5649663,-0.9832363,-0.04235374,-0.1773486,-0.03280484,0.9978673,-0.05643401,0.1793606,-0.04967007,-0.9825287,static,-7.457216027241595,5.317251142747509,8.98706099503513,5.5108753347080395,-0.021950000000000136,0.023844699999999996,-0.48647600000000013,-0.12923667572806413,0.09189322630466319,0.9873466579382368,-4.569828149797626,8.343221534100913,16.37281830273378,16.445416902988217,13.849600293095085
05/17/2023 13:14:13.444927,2871,True,True,True,True,Eyes,1.488273,0.1394789,-1.999862,-0.0610672,0.08898151,-0.9941595,0.0,0.0,0.0,0.0,0.0,0.0,0.0,1.138844,-0.19952,-2.194542,1.477753,0.1379387,-1.987462,-0.01828494,0.996106,-0.02610849,0.08219987,2.809055,170.5078,357.6635,0.5213189,0.06027396,-0.8512306,0.0,0.0,0.0,1.446411,0.1611426,-2.470797,0.09115613,0.05433556,0.5609277,-0.9858177,-0.0407197,-0.1628048,-0.03213524,0.997968,-0.05501968,0.1647144,-0.0490076,-0.985123,static,12.754849190306217,8.57251081770848,9.230421518970601,5.532826045220865,-0.0313420000000002,0.0232039,-0.48333500000000007,0.2184317505996313,0.14546145600045626,0.9649500290824274,5.380082591213984,8.272800192705127,4.545622777294157,4.654167371997839,4.725734671718259
05/17/2023 13:14:13.464346,2872,True,True,True,True,Eyes,1.488603,0.1395403,-2.000003,-0.06159495,0.08901591,-0.9941238,0.0,0.0,0.0,0.0,0.0,0.0,0.0,1.173931,-0.2050033,-2.184206,1.4864,0.1392964,-1.990505,-0.01516429,0.9966815,-0.02535046,0.07585041,2.764577,171.2488,358.0451,0.5306555,0.05977749,-0.8454769,0.6407114,0.006799981,-0.1136338,1.446411,0.1611426,-2.470797,0.09237733,0.05460166,0.557049,-0.9880334,-0.03407362,-0.1504286,-0.02638225,0.9982548,-0.05283311,0.1519662,-0.04823224,-0.9872081,static,12.094400151201347,8.405959070433536,9.415863655938217,5.598220009093841,-0.03998900000000005,0.02184620000000001,-0.48029200000000016,0.20736940476752785,0.14300822428442908,0.9677533144239014,5.043240730001107,8.251907575391652,3.7885862834604294,3.8804582710073303,5.114869397350671
05/17/2023 13:14:13.484624,2873,True,True,True,True,Eyes,1.489272,0.1395926,-2.000265,-0.06316389,0.08885834,-0.9940395,0.0,0.0,0.0,0.0,0.0,0.0,0.0,1.211043,-0.2082574,-2.172617,1.494776,0.1408304,-1.994009,-0.0137227,0.9972039,-0.02504897,0.06905592,2.754844,172.0347,358.2314,0.5384848,0.05935118,-0.8405423,0.6022688,0.006391983,-0.1068157,1.446411,0.1611426,-2.470797,0.09334233,0.05480112,0.5533885,-0.990086,-0.03082822,-0.1370382,-0.0239091,0.9983684,-0.05185312,0.1384131,-0.04806258,-0.9892077,static,11.421180085184655,8.312513846574939,9.574196822309126,5.65546452703853,-0.04836500000000021,0.020312200000000002,-0.4767880000000002,0.19601969155730062,0.14176760958292361,0.9702980132632768,4.714747753123652,8.260026410285375,3.1594493952903906,3.23593236329056,5.51343702781395
05/17/2023 13:14:13.494800,2874,True,True,True,True,Eyes,1.490236,0.1396314,-2.000643,-0.06521101,0.08863088,-0.9939276,0.0,0.0,0.0,0.0,0.0,0.0,0.0,1.248695,-0.2106791,-2.159747,1.503133,0.1406384,-1.997233,-0.01283609,0.9976635,-0.02530677,0.06214925,2.802868,172.8304,358.3501,0.5450773,0.0589845,-0.8363082,0.5661326,0.006008463,-0.1004068,1.446411,0.1611426,-2.470797,0.09341156,0.05463413,0.5499402,-0.9919456,-0.0287578,-0.1233584,-0.02246661,0.9983896,-0.0520908,0.1246578,-0.04889978,-0.9909942,static,10.756187484583732,8.291539206862767,9.640119176146229,5.67346666817114,-0.05672200000000016,0.0205042,-0.4735640000000001,0.18474622663996426,0.14172768131860722,0.9725132795221364,4.404158356337716,8.295535107567474,2.783940506507105,2.846034484497644,5.855811524242235
05/17/2023 13:14:13.515624,2875,True,True,True,True,Eyes,1.491514,0.1396848,-2.001141,-0.06811246,0.0881848,-0.9937727,0.0,0.0,0.0,0.0,0.0,0.0,0.0,1.285976,-0.2128823,-2.146135,1.511271,0.1403703,-2.000325,-0.01298843,0.9980392,-0.02621554,0.05533446,2.917092,173.6111,358.3459,0.5506545,0.05866795,-0.8326688,0.5321646,0.005647955,-0.09438238,1.446411,0.1611426,-2.470797,0.09316613,0.05498348,0.5464475,-0.9935392,-0.02882717,-0.1097709,-0.02302468,0.9982881,-0.05376569,0.1111329,-0.05089086,-0.992502,static,10.138458570697438,8.352006338536388,9.675563372111636,5.745755639452099,-0.06486000000000014,0.020772299999999994,-0.470472,0.1742175890825407,0.14303297133750784,0.9742637457014464,4.1312117919762965,8.359332114234373,2.5997530338244865,2.647038849611228,6.129487452771608
05/17/2023 13:14:13.534567,2876,True,True,True,True,Eyes,1.493065,0.1398005,-2.001752,-0.0714949,0.08780428,-0.9935688,0.0,0.0,0.0,0.0,0.0,0.0,0.0,1.324496,-0.2072532,-2.132185,1.519413,0.140726,-2.003755,-0.0152118,0.9983634,-0.02651862,0.04833036,2.950894,174.4083,358.11,0.5553991,0.05839422,-0.829531,0.5002348,0.005309078,-0.08871944,1.446411,0.1611426,-2.470797,0.0930153,0.05543789,0.5432612,-0.9948657,-0.03293712,-0.09569573,-0.02781051,0.9981307,-0.05442083,0.09730932,-0.05148005,-0.993922,static,9.498910807423366,8.375203714185371,9.715776148397628,5.826662857942662,-0.07300200000000001,0.020416600000000007,-0.4670420000000002,0.16331609391188592,0.14369929386186667,0.9760524776151811,3.840951449258778,8.410196138864888,2.527491730792535,2.557751174773302,6.417804099475509
05/17/2023 13:14:13.546501,2877,True,True,True,True,Eyes,1.494937,0.139931,-2.002466,-0.07584474,0.0873535,-0.993286,0.0,0.0,0.0,0.0,0.0,0.0,0.0,1.363833,-0.192916,-2.117738,1.527625,0.1423021,-2.007033,-0.01850592,0.9986627,-0.02522692,0.04116007,2.800757,175.225,357.76,0.5596206,0.05815091,-0.826706,0.4702207,0.004990533,-0.08339627,1.446411,0.1611426,-2.470797,0.09292543,0.05587133,0.5399303,-0.995927,-0.03903903,-0.08127635,-0.03488566,0.9980422,-0.05190978,0.08314373,-0.04886296,-0.9953392,static,8.882430524770752,8.225586438255506,9.765299152608447,5.907870494497517,-0.08121400000000012,0.01884050000000001,-0.4637640000000003,0.15285626359399268,0.14138962361514185,0.9780818336713802,3.5276729255463364,8.392947570964443,2.466319736685836,2.4801742297608858,6.714431399941064
05/17/2023 13:14:13.564264,2878,True,True,True,True,Eyes,1.497059,0.1400241,-2.003285,-0.08060666,0.08699077,-0.9929427,0.0,0.0,0.0,0.0,0.0,0.0,0.0,1.404645,-0.1772076,-2.101463,1.535969,0.1426418,-2.01023,-0.02112792,0.9989373,-0.02350811,0.0335487,2.610647,176.0957,357.4877,0.5634427,0.05793219,-0.8241212,0.4420075,0.004691101,-0.07839249,1.446411,0.1611426,-2.470797,0.09292281,0.05575884,0.536818,-0.9968566,-0.04378827,-0.06603273,-0.0406336,0.9980019,-0.04838389,0.06801943,-0.04554863,-0.996644,static,8.249635195612699,8.02186793460553,9.820544409037291,5.930000191461106,-0.08955800000000003,0.018500799999999984,-0.46056700000000017,0.14211078447064918,0.13813470906399727,0.9801649658469638,3.1963399990795587,8.355918607749556,2.6126692713686883,2.6160402159810947,7.054442871509481
05/17/2023 13:14:13.584532,2879,True,True,True,True,Eyes,1.499408,0.1401172,-2.004188,-0.08576056,0.0866384,-0.9925417,0.0,0.0,0.0,0.0,0.0,0.0,0.0,1.443524,-0.168806,-2.084903,1.544242,0.1418142,-2.013524,-0.02171151,0.9991698,-0.02240819,0.02620011,2.501267,176.9401,357.4435,0.5669123,0.05773378,-0.8217524,0.415487,0.004409635,-0.07368894,1.446411,0.1611426,-2.470797,0.09317091,0.05506707,0.5334837,-0.9976846,-0.04456116,-0.05138368,-0.04221277,0.998053,-0.04591686,0.05332974,-0.04364148,-0.997623,static,7.697328769928573,7.867044536486378,9.906576380047206,5.893293833482783,-0.097831,0.019328399999999996,-0.45727300000000026,0.13270169809034124,0.13566429074833014,0.9818276690869208,2.911626452677295,8.332456901999105,2.962416711169137,2.962510226213924,7.4080254428036545
05/17/2023 13:14:13.594749,2880,True,True,True,True,Eyes,1.502042,0.140246,-2.005175,-0.0917165,0.08604785,-0.9920604,0.0,0.0,0.0,0.0,0.0,0.0,0.0,1.482102,-0.1677489,-2.066487,1.55217,0.1419142,-2.016374,-0.02164163,0.999338,-0.02240687,0.0187914,2.520149,177.7898,357.4702,0.5700701,0.05755342,-0.8195775,0.3905578,0.004145057,-0.0692676,1.446411,0.1611426,-2.470797,0.09359759,0.05494038,0.5302119,-0.998357,-0.04409672,-0.03658808,-0.04241249,0.9980592,-0.04559743,0.03852776,-0.04397072,-0.9982896,static,7.193191994741764,7.819769000882249,10.011205896311965,5.915856900413838,-0.10575900000000016,0.019228400000000007,-0.45442300000000024,0.12406896979463337,0.13500617085064417,0.9830463929420509,2.670056668993449,8.34728505596522,3.4006096147692664,3.400894534641282,7.733324954595354
05/17/2023 13:14:13.614510,2881,True,True,True,True,Eyes,1.504956,0.1404246,-2.006232,-0.09835458,0.08525261,-0.991493,0.0,0.0,0.0,0.0,0.0,0.0,0.0,1.522586,-0.1697312,-2.045813,1.560257,0.1428059,-2.019314,-0.02178458,0.999435,-0.02314036,0.01093662,2.623808,178.6882,357.4726,0.5729547,0.05739031,-0.817575,0.3671243,0.003896354,-0.06511155,1.446411,0.1611426,-2.470797,0.09404515,0.05523248,0.5267396,-0.9988117,-0.0440507,-0.02085268,-0.04303839,0.9979799,-0.04673108,0.02286909,-0.04577808,-0.9986899,static,6.674681270344848,7.848571690192885,10.123038498420607,5.986004561216689,-0.11384600000000011,0.018336699999999984,-0.4514830000000001,0.11515754515732388,0.13564694572397734,0.9840419939600564,2.436675605717568,8.392374992029708,3.9167332552415037,3.919224908367082,8.054240694728056
05/17/2023 13:14:13.634395,2882,True,True,True,True,Eyes,1.50807,0.140609,-2.007368,-0.1052954,0.08442948,-0.9908504,0.0,0.0,0.0,0.0,0.0,0.0,0.0,1.563531,-0.1737454,-2.023158,1.568171,0.1440736,-2.021896,-0.02159116,0.9994736,-0.02404744,0.002842904,2.748203,179.6145,357.5157,0.5755999,0.05724435,-0.8157249,0.3450968,0.003662572,-0.06120485,1.446411,0.1611426,-2.470797,0.09457828,0.05600322,0.5234066,-0.9990515,-0.04329631,-0.00464439,-0.04302285,0.9979111,-0.04819233,0.006721238,-0.0479468,-0.9988272,static,6.150781813174407,7.892233310506858,10.242680308761932,6.107272025029995,-0.12176000000000009,0.017069,-0.4489010000000002,0.10614193594439046,0.1365346078695095,0.984932568160017,2.2037041128178574,8.443544607394124,4.457786791956367,4.464271507070628,8.371577381716172
05/17/2023 13:14:13.644556,2883,True,True,True,True,Eyes,1.511357,0.1408289,-2.008567,-0.1126146,0.0835062,-0.9901236,0.0,0.0,0.0,0.0,0.0,0.0,0.0,1.601306,-0.1826247,-2.00193,1.576215,0.1444497,-2.024831,-0.01994841,0.9994724,-0.02521664,-0.004607587,2.89986,180.4707,357.7251,0.578034,0.05711374,-0.814011,0.324391,0.003442818,-0.05753256,1.446411,0.1611426,-2.470797,0.09476233,0.05696188,0.5198439,-0.9991616,-0.03964339,0.01021637,-0.04010814,0.9979324,-0.05022284,-0.008204247,-0.05059049,-0.9986857,static,5.741794732394067,7.947034138912872,10.3310108724859,6.25323612336528,-0.12980400000000003,0.01669290000000001,-0.4459660000000003,0.099094248571398,0.1375771180303811,0.9855216605144121,2.0258665046353013,8.491474311163014,4.8809495583878615,4.891815255909849,8.601461105891056
05/17/2023 13:14:13.664858,2884,True,True,True,True,Eyes,1.514813,0.14109,-2.009838,-0.1202359,0.08259871,-0.9893032,0.0,0.0,0.0,0.0,0.0,0.0,0.0,1.637743,-0.1889527,-1.980263,1.583553,0.1455465,-2.027443,-0.01895498,0.9994094,-0.02605984,-0.0119314,3.011776,181.3117,357.8614,0.580282,0.05699806,-0.8124182,0.3049276,0.003236249,-0.05408061,1.446411,0.1611426,-2.470797,0.09455766,0.05773738,0.5165546,-0.9989967,-0.03726572,0.02483664,-0.03850944,0.9979232,-0.05163658,-0.02286078,-0.05254121,-0.9983571,static,5.3570102886946405,7.974709959284869,10.373402301531332,6.377707239629326,-0.1371420000000001,0.015596100000000002,-0.44335400000000025,0.09246620386920519,0.13814162188705978,0.9860866764727861,1.8539025005140521,8.527363851713416,5.249048991817502,5.2644664034485915,8.786518104995306
05/17/2023 13:14:13.684489,2885,True,True,True,True,Eyes,1.518427,0.141379,-2.011174,-0.1282678,0.08167683,-0.9883705,0.0,0.0,0.0,0.0,0.0,0.0,0.0,1.675646,-0.1857023,-1.95792,1.591191,0.1467894,-2.030341,-0.01987609,0.9992734,-0.02603054,-0.01950322,3.02654,182.1776,357.7785,0.5823656,0.05689715,-0.8109331,0.2866319,0.003042074,-0.05083577,1.446411,0.1611426,-2.470797,0.09435147,0.05856412,0.5131178,-0.9984494,-0.03870794,0.04001286,-0.04073865,0.9978547,-0.05124795,-0.03794331,-0.05279854,-0.9978844,static,4.943704069339366,7.925320308785927,10.419089882988297,6.511213705124246,-0.14478000000000013,0.01435320000000001,-0.4404560000000002,0.0853598079196439,0.1373790158630113,0.9868336676149493,1.6537862464374289,8.535423068233769,5.633621273812135,5.6550461797254625,8.995997520377166
05/17/2023 13:14:13.694247,2886,True,True,True,True,Eyes,1.522214,0.1416702,-2.012564,-0.1365574,0.0808277,-0.9873292,0.0,0.0,0.0,0.0,0.0,0.0,0.0,1.71429,-0.1751262,-1.934548,1.59885,0.1477338,-2.033172,-0.02196214,0.9990678,-0.02523628,-0.02728065,2.959142,183.0652,357.5606,0.584304,0.05681035,-0.8095435,0.269434,0.002859549,-0.04778563,1.446411,0.1611426,-2.470797,0.09405096,0.05895527,0.5099994,-0.9975469,-0.04250641,0.05561892,-0.04526026,0.9977615,-0.04922724,-0.05340195,-0.05162381,-0.9972378,static,4.507905415245696,7.8073920800165695,10.448742970991288,6.59404960535869,-0.1524390000000002,0.013408799999999998,-0.43762500000000015,0.07787251789629074,0.1354308807958167,0.9877217914160095,1.4299571074845785,8.518542871772713,6.035860323133182,6.063476793438412,9.221831314021168
05/17/2023 13:14:13.715042,2887,True,True,True,True,Eyes,1.526092,0.1419543,-2.014004,-0.1451398,0.07997406,-0.9861737,0.0,0.0,0.0,0.0,0.0,0.0,0.0,1.751099,-0.1632215,-1.91195,1.606951,0.1480371,-2.035763,-0.02383694,0.9988261,-0.0241183,-0.03459195,2.856181,183.9013,357.3631,0.5861161,0.056736,-0.8082377,0.253268,0.002687976,-0.04491849,1.446411,0.1611426,-2.470797,0.09383526,0.05910406,0.5064542,-0.9964707,-0.04594931,0.07025251,-0.04928651,0.9977002,-0.04653085,-0.06795289,-0.04982911,-0.9964437,static,4.1468137146383,7.653018196555496,10.496666488217805,6.656404663788307,-0.16054000000000013,0.013105499999999992,-0.4350339999999999,0.07167159982033842,0.132831060985912,0.9885439137464579,1.233464873181184,8.48271976642927,6.394265984066022,6.427586543939336,9.441521647221466
05/17/2023 13:14:13.734127,2888,True,True,True,True,Eyes,1.530129,0.1422239,-2.015511,-0.1539705,0.07916881,-0.9848987,0.0,0.0,0.0,0.0,0.0,0.0,0.0,1.786902,-0.1542479,-1.888992,1.614777,0.1482857,-2.038531,-0.02495021,0.9985451,-0.02312553,-0.04183967,2.766833,184.7323,357.2517,0.5878152,0.05667243,-0.8070073,0.2380719,0.002526698,-0.04222338,1.446411,0.1611426,-2.470797,0.0939872,0.05937024,0.5032564,-0.9952539,-0.04789268,0.08471156,-0.05176293,0.9976854,-0.04409595,-0.08240362,-0.04827157,-0.9954295,static,3.817820042699425,7.508346196342491,10.578584685842161,6.728208236886225,-0.16836600000000002,0.012856900000000004,-0.43226600000000026,0.06601582868070599,0.13038556942827395,0.9892631491454738,1.0536562529736622,8.448531525639723,6.7665464504278905,6.805626627706924,9.67903785864558
05/17/2023 13:14:13.744408,2889,True,True,True,True,Eyes,1.534264,0.1424707,-2.017054,-0.1630915,0.07827886,-0.9835007,0.0,0.0,0.0,0.0,0.0,0.0,0.0,1.824075,-0.1504975,-1.863736,1.62279,0.1482034,-2.041567,-0.02515097,0.9981962,-0.02278489,-0.04952469,2.750036,185.6146,357.2482,0.5894156,0.05661765,-0.8058431,0.2237876,0.002375096,-0.03968998,1.446411,0.1611426,-2.470797,0.09431427,0.05968686,0.4997883,-0.9938297,-0.04795436,0.1000168,-0.05246802,0.9976966,-0.04299639,-0.09772459,-0.04797876,-0.9940565,static,3.466761815392977,7.421925181050195,10.686527576594223,6.810253374905007,-0.17637900000000006,0.012939199999999984,-0.42923,0.05996470098182799,0.12894261866548604,0.989837400749985,0.8750203291959213,8.43823882666843,7.200660471118319,7.245630410464415,9.945652874341771
05/17/2023 13:14:13.764347,2890,True,True,True,True,Eyes,1.538548,0.1427028,-2.018643,-0.1724339,0.07738489,-0.9819767,0.0,0.0,0.0,0.0,0.0,0.0,0.0,1.860254,-0.1529029,-1.837303,1.630699,0.1480629,-2.044139,-0.02441615,0.997799,-0.02320398,-0.0571182,2.814069,186.4876,357.356,0.5909285,0.05656971,-0.8047377,0.2103603,0.00223259,-0.03730858,1.446411,0.1611426,-2.470797,0.09476884,0.06057557,0.4964868,-0.9922827,-0.04607409,0.1151181,-0.05137556,0.9977309,-0.0435166,-0.1128519,-0.04909503,-0.9923981,static,3.150115302291803,7.411355909916335,10.806560361097823,6.956186763600917,-0.184288,0.0130797,-0.4266580000000002,0.054494469653000074,0.12880047545365114,0.9901721571083303,0.7270150819550034,8.454922596448961,7.618407288321161,7.6699628349994375,10.19036025520948
05/17/2023 13:14:13.784511,2891,True,True,True,True,Eyes,1.542921,0.1429036,-2.020257,-0.1820474,0.0764065,-0.9803166,0.0,0.0,0.0,0.0,0.0,0.0,0.0,1.896877,-0.1576204,-1.809333,1.63874,0.1479702,-2.046781,-0.02344167,0.9973275,-0.02398923,-0.06490575,2.917228,187.3833,357.4953,0.5923661,0.05652707,-0.8036832,0.1977387,0.002098635,-0.03507007,1.446411,0.1611426,-2.470797,0.09576139,0.06217399,0.4929278,-0.9904755,-0.04364397,0.1305893,-0.04987212,0.99775,-0.04480723,-0.1283399,-0.05089323,-0.9904236,static,2.830074371430402,7.4345839336059205,10.99394404169007,7.188870792645499,-0.1923290000000002,0.0131724,-0.42401599999999995,0.04895995294445882,0.12923896233610538,0.9904039877476934,0.5840262787750552,8.484853905201128,8.106946818192124,8.167566525019941,10.49027931271055
05/17/2023 13:14:13.794611,2892,True,True,True,True,Eyes,1.547439,0.1430829,-2.021895,-0.1918088,0.07545503,-0.9785274,0.0,0.0,0.0,0.0,0.0,0.0,0.0,1.932513,-0.1635418,-1.781004,1.646831,0.1475861,-2.049266,-0.02217712,0.9968081,-0.02487664,-0.07254592,3.027324,188.2635,357.6697,0.5937374,0.05648781,-0.8026734,0.1858744,0.001972717,-0.03296586,1.446411,0.1611426,-2.470797,0.09701261,0.06352545,0.4896124,-0.9884907,-0.04060327,0.1457321,-0.04782206,0.9977787,-0.04637676,-0.1435253,-0.0528122,-0.9882367,static,2.5395896516445977,7.467658461319535,11.207515721330248,7.392623361739184,-0.20042000000000004,0.013556499999999999,-0.4215310000000003,0.04393459853829633,0.12984103647557435,0.9905609552969106,0.45657768764286555,8.516642436361778,8.598930160677366,8.668250839454588,10.80953687649482
05/17/2023 13:14:13.814371,2893,True,True,True,True,Eyes,1.552026,0.1432367,-2.023548,-0.2018647,0.0744973,-0.976576,0.0,0.0,0.0,0.0,0.0,0.0,0.0,1.966037,-0.1682796,-1.753679,1.654972,0.1472704,-2.051435,-0.02094179,0.9962738,-0.02542929,-0.07970771,3.09591,189.0901,357.8378,0.5950516,0.05645056,-0.8017023,0.1747219,0.001854354,-0.03098791,1.446411,0.1611426,-2.470797,0.09863012,0.06396778,0.4860373,-0.9864162,-0.0376737,0.1598865,-0.04578134,0.9978296,-0.04733063,-0.1577563,-0.05400752,-0.986,static,2.322117730707855,7.464049583920269,11.471099159758687,7.497654157643731,-0.20856100000000022,0.013872200000000001,-0.419362,0.040174737582497386,0.1297991985972695,0.990726020195828,0.35563884487354525,8.529507489171275,9.073189804665486,9.14904314431253,11.163251287576168
05/17/2023 13:14:13.834278,2894,True,True,True,True,Eyes,1.55675,0.1433707,-2.025226,-0.2120556,0.07352556,-0.9744878,0.0,0.0,0.0,0.0,0.0,0.0,0.0,1.998997,-0.1701819,-1.726325,1.662937,0.1467132,-2.053841,-0.0201985,0.995686,-0.02574833,-0.08682404,3.140345,189.9109,357.9481,0.5963158,0.05641398,-0.8007648,0.1642386,0.001743092,-0.02912864,1.446411,0.1611426,-2.470797,0.1005151,0.05970284,0.4828033,-0.9841071,-0.03575157,0.1739391,-0.04469386,0.9978581,-0.04776707,-0.1718588,-0.05478193,-0.9835972,static,2.11269648786761,7.439580874319738,11.760449884269207,7.049336742584332,-0.21652600000000022,0.014429400000000009,-0.4169560000000003,0.03655523935075711,0.12939409194941806,0.9909192405328037,0.25434887210788526,8.533805697911875,9.586884751952825,9.655642706735398,11.601465794518857
05/17/2023 13:14:13.844711,2895,True,True,True,True,Eyes,1.561597,0.1434648,-2.02692,-0.2226389,0.07250571,-0.972201,0.0,0.0,0.0,0.0,0.0,0.0,0.0,2.03222,-0.1726712,-1.697563,1.671076,0.1463885,-2.056095,-0.01984107,0.9950163,-0.02654186,-0.09404504,3.241868,190.7426,358.0202,0.5975379,0.05637704,-0.7998559,0.1543843,0.001638507,-0.02738092,1.446411,0.1611426,-2.470797,0.1019213,0.0591825,0.479297,-0.9815241,-0.03449212,0.1882059,-0.04447664,0.9978037,-0.04908727,-0.1860995,-0.05655109,-0.9809024,static,1.9102078839084564,7.472043839507312,12.00498405236977,7.039121860741876,-0.22466500000000011,0.014754099999999992,-0.4147020000000001,0.0330504991196468,0.12997137579285395,0.9909667240423712,0.16733994978652245,8.559590160353524,10.032281985445936,10.104054994458048,11.934891777873307
05/17/2023 13:14:13.864393,2896,True,True,True,True,Eyes,1.566578,0.1435325,-2.028632,-0.233325,0.07145245,-0.9697701,0.0,0.0,0.0,0.0,0.0,0.0,0.0,2.064218,-0.1746579,-1.669406,1.679422,0.1458199,-2.058323,-0.0196391,0.9943197,-0.02741505,-0.1009505,3.352789,191.5381,358.0758,0.5987247,0.05633803,-0.7989708,0.1451212,0.001540196,-0.02573806,1.446411,0.1611426,-2.470797,0.1055729,0.05640612,0.475841,-0.9788466,-0.03351996,0.2018309,-0.04459021,0.9977254,-0.0505535,-0.1996773,-0.05848381,-0.9781148,static,1.7493170431029974,7.514616596097628,12.509352173922888,6.760286307078308,-0.23301100000000008,0.015322699999999995,-0.412474,0.0302646641818638,0.1307192095404502,0.9909574125304734,0.10147264162200909,8.58654395670351,10.716883454654411,10.786443816263551,12.541558575029885
05/17/2023 13:14:13.884226,2897,True,True,True,True,Eyes,1.571666,0.1435675,-2.030343,-0.2444195,0.07042756,-0.9671086,0.0,0.0,0.0,0.0,0.0,0.0,0.0,2.096626,-0.1744069,-1.639831,1.687773,0.1452737,-2.060489,-0.01996383,0.9935435,-0.02823977,-0.1080528,3.464448,192.3553,358.0729,0.5998825,0.05629595,-0.7981048,0.136414,0.001447785,-0.02419378,1.446411,0.1611426,-2.470797,0.1068479,0.05196776,0.4728554,-0.9758524,-0.03356709,0.2158379,-0.04577263,0.9976079,-0.05180059,-0.2135828,-0.06042919,-0.9750545,static,1.5847119489530532,7.56165890967916,12.732898478283714,6.271751271097983,-0.24136200000000008,0.01586889999999999,-0.4103080000000001,0.027414604084978048,0.13154359994123332,0.9909312277747273,0.03476368610860847,8.615463739832364,11.161609179013693,11.222563192462747,12.912614581731654
05/17/2023 13:14:13.894282,2898,True,True,True,True,Eyes,1.576895,0.1435681,-2.032055,-0.2556098,0.06934313,-0.96429,0.0,0.0,0.0,0.0,0.0,0.0,0.0,2.128667,-0.1728633,-1.609529,1.696253,0.144597,-2.062403,-0.02044829,0.9927175,-0.02894213,-0.1151365,3.564457,193.1707,358.0516,0.6010162,0.05624972,-0.7972547,0.1282291,0.001360918,-0.02274215,1.446411,0.1611426,-2.470797,0.1086424,0.05075689,0.4698441,-0.9726511,-0.03393415,0.2297796,-0.04726333,0.9974884,-0.05275403,-0.2274123,-0.0621714,-0.9718121,static,1.4273961744272217,7.594451661282139,13.019719925316668,6.165707119581709,-0.24984200000000012,0.016545599999999994,-0.4083939999999999,0.02469181678962229,0.1321201120971364,0.9909261495173617,-0.03136017445338446,8.63841409779058,11.618560480150323,11.68003771016491,13.283259071880543
05/17/2023 13:14:13.914065,2899,True,True,True,True,Eyes,1.582223,0.1435364,-2.03375,-0.2671437,0.06826846,-0.9612354,0.0,0.0,0.0,0.0,0.0,0.0,0.0,2.161416,-0.1698225,-1.577336,1.705009,0.1437937,-2.064173,-0.02142667,0.9917934,-0.0298392,-0.1224605,3.694498,194.0126,357.9789,0.6021313,0.05619826,-0.7964164,0.1205354,0.001279262,-0.02137762,1.446411,0.1611426,-2.470797,0.1110165,0.04823846,0.4670173,-0.9690891,-0.03519341,0.2441897,-0.0498099,0.997301,-0.05394079,-0.2416323,-0.06443647,-0.9682264,static,1.2580479352872862,7.658708108138208,13.371818638973537,5.897197957114898,-0.2585980000000001,0.0173489,-0.4066240000000003,0.02175955339048831,0.1332404039102934,0.9908447657911352,-0.09690339518017721,8.674278903697935,12.182218893851534,12.24117472604837,13.752041732672726
05/17/2023 13:14:13.934170,2900,True,True,True,True,Eyes,1.587692,0.1434677,-2.035435,-0.2787975,0.06713194,-0.9580007,0.0,0.0,0.0,0.0,0.0,0.0,0.0,2.19442,-0.1666272,-1.543308,1.713759,0.14307,-2.065817,-0.0223821,0.9907818,-0.03070362,-0.1300309,3.82228,194.8839,357.9112,0.6032324,0.05614077,-0.7955869,0.1133033,0.001202507,-0.02009497,1.446411,0.1611426,-2.470797,0.1125979,0.04615847,0.4639719,-0.9651824,-0.0363667,0.259039,-0.05233638,0.9971127,-0.05502045,-0.2562901,-0.0666619,-0.9642988,static,1.069112266397137,7.7159422570063105,13.640974348283539,5.681404053086628,-0.26734800000000014,0.018072599999999994,-0.4049800000000001,0.0184895693283742,0.13423897027187687,0.9907765233700792,-0.17284213740675036,8.708721418192503,12.677969165578022,12.735425470284916,14.141646874724328
05/17/2023 13:14:13.944367,2901,True,True,True,True,Eyes,1.593233,0.1433572,-2.037077,-0.2906043,0.06610966,-0.9545568,0.0,0.0,0.0,0.0,0.0,0.0,0.0,2.228419,-0.1650018,-1.506273,1.72275,0.1421396,-2.067333,-0.0230339,0.9896458,-0.03179879,-0.1380564,3.973727,195.8097,357.8853,0.6043236,0.05607631,-0.7947628,0.1065051,0.001130356,-0.01888927,1.446411,0.1611426,-2.470797,0.1140938,0.0464139,0.4612255,-0.9608198,-0.03681076,0.2747187,-0.05437085,0.9969166,-0.05657911,-0.2717889,-0.06929902,-0.9598587,static,0.8414778705520115,7.800751382066769,13.894384485117104,5.746425525555417,-0.2763390000000001,0.019002999999999992,-0.40346400000000004,0.0145501569445102,0.13571419915830163,0.9906411963116395,-0.26124833514371004,8.756327765074799,13.151628910692782,13.213577328387958,14.472092178863045
05/17/2023 13:14:13.964248,2902,True,True,True,True,Eyes,1.598927,0.143224,-2.038687,-0.3025641,0.06506602,-0.9509055,0.0,0.0,0.0,0.0,0.0,0.0,0.0,2.263048,-0.162736,-1.466321,1.731774,0.1411549,-2.068573,-0.02356154,0.9883873,-0.03266142,-0.146523,4.098359,196.7887,357.8739,0.6054084,0.05600397,-0.7939419,0.1001148,0.001062535,-0.01775591,1.446411,0.1611426,-2.470797,0.1154869,0.04752546,0.4586792,-0.955952,-0.03700455,0.291182,-0.05614715,0.9967562,-0.05765964,-0.2881038,-0.07146887,-0.9549287,static,0.5750648462269877,7.855701361314057,14.13226695020916,5.9155200598088,-0.28536300000000003,0.019987699999999997,-0.4022239999999999,0.009942426081499506,0.13667192255802202,0.990566416372778,-0.37334234381014775,8.79496883894223,13.626241561349426,13.695328852237513,14.7886417991103
05/17/2023 13:14:13.986512,2903,True,True,True,True,Eyes,1.604751,0.1430582,-2.040255,-0.3147749,0.06419795,-0.9469928,0.0,0.0,0.0,0.0,0.0,0.0,0.0,2.2982,-0.1598397,-1.423951,1.741293,0.1404919,-2.069557,-0.02403585,0.9870186,-0.03325861,-0.1552762,4.1931,197.8027,357.867,0.606491,0.05592359,-0.7931209,0.0,0.0,0.0,1.446411,0.1611426,-2.470797,0.1166488,0.04782557,0.4560486,-0.9506233,-0.03711911,0.3081198,-0.05777619,0.9966323,-0.05818932,-0.3049222,-0.07311811,-0.9495664,static,0.2928158212145279,7.890185658056524,14.347587383033524,5.986694967206629,-0.2948820000000001,0.020650699999999994,-0.40124000000000004,0.005062197242316796,0.1372731166657222,0.9905202891945281,-0.49672046849150986,8.826760804434072,14.108748057321597,14.183084307197367,15.11355185092618
05/17/2023 13:14:13.994246,2904,True,True,True,True,Eyes,1.610732,0.1428596,-2.041774,-0.3270864,0.06331456,-0.942871,0.0,0.0,0.0,0.0,0.0,0.0,0.0,2.332365,-0.1581871,-1.380934,1.750931,0.1395826,-2.07043,-0.02422266,0.9855865,-0.03397053,-0.1639468,4.295721,198.8098,357.8961,0.6075758,0.05583461,-0.7922964,0.0,0.0,0.0,1.446411,0.1611426,-2.470797,0.1178407,0.04571076,0.4539298,-0.9450697,-0.03660834,0.3248132,-0.05888578,0.9965186,-0.05901935,-0.3215218,-0.07490426,-0.943935,static,0.03150246383661313,7.93227645676811,14.55280892882366,5.7503039665325,-0.3045200000000001,0.021559999999999996,-0.40036700000000014,0.0005445609216854497,0.1380024857460802,0.99043171728053,-0.6089678925255255,8.860111825148152,14.611768642458983,14.684323116787494,15.47741520079852
05/17/2023 13:14:14.014123,2905,True,True,True,True,Eyes,1.616838,0.1426282,-2.043227,-0.339541,0.06262928,-0.9385039,0.0,0.0,0.0,0.0,0.0,0.0,0.0,2.365222,-0.1578507,-1.337593,1.76082,0.1386096,-2.070903,-0.02408428,0.9841188,-0.03470981,-0.172411,4.39442,199.7958,357.9633,0.6086662,0.05573661,-0.7914659,0.0,0.0,0.0,1.446411,0.1611426,-2.470797,0.1188788,0.04438691,0.4520868,-0.9393893,-0.03543489,0.3410176,-0.05937229,0.9964304,-0.06001237,-0.3376738,-0.07662194,-0.9381397,static,-0.19119650536047286,7.983482613308515,14.732727596859489,5.607457819088888,-0.31440900000000016,0.022532999999999997,-0.3998940000000002,-0.0033046611132553916,0.13888686565544864,0.9903027847445752,-0.7016424207588072,8.894444506566227,15.039375689852744,15.111882888362004,15.780496168511554
05/17/2023 13:14:14.034138,2906,True,True,True,True,Eyes,1.623098,0.1423733,-2.044631,-0.3520825,0.06192111,-0.9339185,0.0,0.0,0.0,0.0,0.0,0.0,0.0,2.39735,-0.1555315,-1.293381,1.770719,0.1376289,-2.071214,-0.02426036,0.9825721,-0.03528193,-0.180883,4.479974,200.7832,357.9932,0.6097651,0.05562927,-0.7906271,0.0,0.0,0.0,1.446411,0.1611426,-2.470797,0.1202404,0.04441711,0.4501252,-0.9333854,-0.0349113,0.3571731,-0.0604389,0.9963332,-0.0605575,-0.3537493,-0.07811064,-0.932073,static,-0.41102985470205683,8.020814362599504,14.956015379321665,5.635544866839119,-0.32430800000000004,0.0235137,-0.39958300000000024,-0.007103588852143683,0.13952932024850004,0.9901924980166954,-0.7956977548915205,8.923242327782066,15.474794377817437,15.551063944050137,16.09115972381217
05/17/2023 13:14:14.044434,2907,True,True,True,True,Eyes,1.62951,0.1421097,-2.045974,-0.3646654,0.06140241,-0.9291118,0.0,0.0,0.0,0.0,0.0,0.0,0.0,2.429016,-0.1505496,-1.248398,1.780809,0.1368154,-2.071541,-0.02489728,0.9809431,-0.03562886,-0.1893708,4.55002,201.7723,357.9677,0.6108765,0.05551249,-0.7897768,0.0,0.0,0.0,1.446411,0.1611426,-2.470797,0.1213642,0.04439711,0.4487255,-0.9270375,-0.03535149,0.3732981,-0.06233975,0.9962214,-0.06047012,-0.3697498,-0.07932939,-0.9257386,static,-0.6335215429478257,8.053370969035388,15.13436374624747,5.650481075153187,-0.3343980000000002,0.024327199999999993,-0.3992560000000003,-0.010947781521381844,0.14008706781745908,0.9900785859315789,-0.8919081700713662,8.950374133972634,15.870319594500252,15.94992433635165,16.36247798273338
05/17/2023 13:14:14.064410,2908,True,True,True,True,Eyes,1.63609,0.141823,-2.047262,-0.3772669,0.06085819,-0.9241028,0.0,0.0,0.0,0.0,0.0,0.0,0.0,2.458976,-0.142261,-1.205181,1.791251,0.1363453,-2.071736,-0.02608456,0.9793414,-0.03560016,-0.1973388,4.58997,202.6999,357.8704,0.6120025,0.05538693,-0.7889135,0.0,0.0,0.0,1.446411,0.1611426,-2.470797,0.1223185,0.04429775,0.4474487,-0.9207539,-0.0370408,0.3883813,-0.06514197,0.9961044,-0.05943443,-0.3846669,-0.08002441,-0.9195799,static,-0.7979224188079477,8.055592678375609,15.289323542201263,5.653900725728025,-0.34484000000000004,0.024797299999999994,-0.3990610000000001,-0.013788536489921899,0.1401205471707185,0.9900384470390888,-0.9672504314748906,8.96200726808432,16.183598680212924,16.26553432400606,16.589748830443018
05/17/2023 13:14:14.084816,2909,True,True,True,True,Eyes,1.642835,0.1415075,-2.048497,-0.3898757,0.0602641,-0.9188935,0.0,0.0,0.0,0.0,0.0,0.0,0.0,2.487695,-0.13055,-1.162812,1.801967,0.1355264,-2.071798,-0.02774557,0.9777331,-0.03529129,-0.2049944,4.610771,203.5905,357.7124,0.6131462,0.0552525,-0.7880343,0.0,0.0,0.0,1.446411,0.1611426,-2.470797,0.1229911,0.04390541,0.4467373,-0.9144151,-0.0397865,0.4028179,-0.06872457,0.9959694,-0.05763556,-0.3989012,-0.0803863,-0.9134637,static,-0.9279643772503018,8.035934125012092,15.392745429763462,5.61301225963729,-0.3555560000000002,0.025616200000000006,-0.3989990000000003,-0.016036338907383846,0.139776168722189,0.9900533046424035,-1.0310166515855987,8.962955722411337,16.41695913547295,16.499579357379588,16.7619235802023
05/17/2023 13:14:14.094317,2910,True,True,True,True,Eyes,1.64979,0.1411544,-2.0497,-0.4022765,0.05985404,-0.9135596,0.0,0.0,0.0,0.0,0.0,0.0,0.0,2.51556,-0.1172668,-1.120358,1.81276,0.1345456,-2.071906,-0.02978388,0.9760677,-0.03510013,-0.2125389,4.656434,204.4678,357.5146,0.6143103,0.05510893,-0.7871373,0.0,0.0,0.0,1.446411,0.1611426,-2.470797,0.1244775,0.04426235,0.4455999,-0.9078803,-0.04322188,0.4169956,-0.07306245,0.9957618,-0.05585974,-0.412814,-0.08118067,-0.9071904,static,-1.0600689281531084,8.050529501841318,15.607606655073853,5.67269864204393,-0.36634900000000004,0.02659700000000001,-0.39889100000000033,-0.0183183745431216,0.14002287329346816,0.989978819681245,-1.089063653359227,8.977240392169863,16.75019200731456,16.83643337959394,17.020540401727445
05/17/2023 13:14:14.114586,2911,True,True,True,True,Eyes,1.656945,0.1408043,-2.050885,-0.4145109,0.05965168,-0.9080871,0.0,0.0,0.0,0.0,0.0,0.0,0.0,2.54244,-0.1060939,-1.077759,1.823806,0.1331815,-2.07191,-0.03153611,0.974368,-0.03533742,-0.2199176,4.745733,205.328,357.3594,0.615497,0.05495561,-0.7862204,0.0,0.0,0.0,1.446411,0.1611426,-2.470797,0.1254118,0.04373833,0.444942,-0.9012837,-0.04591292,0.4307902,-0.07699821,0.9955135,-0.0549926,-0.4263327,-0.082734,-0.9007752,static,-1.1773925667798797,8.121224740576867,15.741074555066527,5.614206327097207,-0.37739500000000015,0.02796109999999999,-0.3988870000000002,-0.020341947125172927,0.14123872240195523,0.9897664465991273,-1.129374185746534,9.01217627075258,17.016203403241203,17.103206456057414,17.20924868942239
05/17/2023 13:14:14.134469,2912,True,True,True,True,Eyes,1.66423,0.1407559,-2.052024,-0.4267309,0.05943125,-0.9024237,0.0,0.0,0.0,0.0,0.0,0.0,0.0,2.568241,-0.1009256,-1.035223,1.834735,0.1327843,-2.072159,-0.03246799,0.9726502,-0.03603303,-0.2271545,4.867143,206.1763,357.3084,0.6167084,0.05479348,-0.785282,0.0,0.0,0.0,1.446411,0.1611426,-2.470797,0.1263768,0.04279311,0.4442598,-0.8946936,-0.04678985,0.4442236,-0.07953011,0.9952949,-0.05534457,-0.4395439,-0.08484556,-0.8942051,static,-1.2659089650337116,8.22541924835016,15.879249479664024,5.502013453115842,-0.3883240000000001,0.028358300000000003,-0.39863800000000005,-0.02186532118182208,0.14303382012520835,0.989476175985591,-1.1498840700894561,9.058133928353833,17.273537803030376,17.360109366570992,17.396476145752807
05/17/2023 13:14:14.144898,2913,True,True,True,True,Eyes,1.671688,0.1406479,-2.053164,-0.4392238,0.05872661,-0.8964561,0.0,0.0,0.0,0.0,0.0,0.0,0.0,2.593243,-0.09045266,-0.9929843,1.845277,0.1399816,-2.072309,-0.0349269,0.9709131,-0.0348859,-0.234288,4.824749,207.0082,357.0389,0.6179448,0.05463475,-0.7843204,0.0,0.0,0.0,1.446411,0.1611426,-2.470797,0.1271552,0.04182131,0.4438642,-0.8877786,-0.05147528,0.4573834,-0.08416867,0.9951261,-0.05137645,-0.4525096,-0.08410826,-0.8877843,static,-1.3378947894441244,8.134874351887149,15.98558898764037,5.38257266033892,-0.39886600000000016,0.021160999999999985,-0.39848799999999995,-0.02311373236049835,0.14146599482200375,0.9896731925848702,-1.2006942662471562,9.02795799843697,17.456199770488144,17.540759811827108,17.56864156234269
05/17/2023 13:14:14.164447,2914,True,True,True,True,Eyes,1.679353,0.1405369,-2.054223,-0.4513127,0.0582517,-0.8904625,0.0,0.0,0.0,0.0,0.0,0.0,0.0,2.626835,-0.07120875,-0.9285247,1.857017,0.1385572,-2.073591,-0.04043409,0.967819,-0.03867918,-0.2453478,5.434611,208.2882,356.5858,0.6192071,0.05447663,-0.7833351,0.0,0.0,0.0,1.446411,0.1611426,-2.470797,0.1288089,0.04123035,0.4437437,-0.8763392,-0.05928605,0.4780323,-0.09724544,0.993738,-0.05502805,-0.4717765,-0.09470969,-0.8766168,static,-1.948961577597527,8.676811367660164,16.186834576154503,5.3083839453120145,-0.410606,0.022585400000000005,-0.39720600000000017,-0.033620442646390414,0.15077545174778134,0.9879961065849113,-1.3768187137182197,9.276870344669485,18.35199132732949,18.445959054223064,18.006410002794617
05/17/2023 13:14:14.184359,2915,True,True,True,True,Eyes,1.687096,0.1406371,-2.055265,-0.4634376,0.05787855,-0.8842374,0.0,0.0,0.0,0.0,0.0,0.0,0.0,2.645595,-0.09385949,-0.8942256,1.869117,0.13826,-2.072415,-0.03648937,0.9666471,-0.04106304,-0.2501515,5.603441,208.8768,357.1202,0.6204979,0.0543189,-0.782324,0.0,0.0,0.0,1.446411,0.1611426,-2.470797,0.1303333,0.04060348,0.4435441,-0.8721857,-0.05000073,0.4866132,-0.09108865,0.9939647,-0.06113121,-0.4806197,-0.09764269,-0.8714763,static,-1.6801993212523407,8.850813892088466,16.375171480143923,5.230465138975354,-0.422706,0.022882600000000003,-0.39838200000000024,-0.028971960925374546,0.15379762713786466,0.987677594445436,-1.219060454657857,9.326310507914929,18.32301900175843,18.41475875134074,18.064687837376614
05/17/2023 13:14:14.194524,2916,True,True,True,True,Eyes,1.69497,0.1407711,-2.056314,-0.4756266,0.05751663,-0.8777648,0.0,0.0,0.0,0.0,0.0,0.0,0.0,2.670835,-0.07788453,-0.841048,1.878562,0.1433724,-2.072978,-0.04008317,0.9641528,-0.04091039,-0.259093,5.719492,209.9216,356.7683,0.6218152,0.05416939,-0.7812878,0.0,0.0,0.0,1.446411,0.1611426,-2.470797,0.1317401,0.04061899,0.4432944,-0.8625283,-0.05609339,0.5028901,-0.09849177,0.9934393,-0.05811718,-0.4963308,-0.09965825,-0.8623943,static,-1.9957258470723194,8.921995126387433,16.551118416134372,5.235382995656267,-0.4321510000000002,0.017770199999999986,-0.39781900000000014,-0.034404075724148886,0.15499781772182342,0.987315504561838,-1.350631087815103,9.374426411942338,18.81300397237616,18.9096943689235,18.37401196538351
05/17/2023 13:14:14.214170,2917,True,True,True,True,Eyes,1.702965,0.1410042,-2.057334,-0.4876775,0.05720734,-0.8711475,0.0,0.0,0.0,0.0,0.0,0.0,0.0,2.695792,-0.06358901,-0.7893884,1.889707,0.1443163,-2.074284,-0.04178583,0.9617748,-0.03979765,-0.267693,5.67723,210.9384,356.5969,0.6231585,0.05402835,-0.7802265,0.0,0.0,0.0,1.446411,0.1611426,-2.470797,0.1331478,0.04108467,0.44357,-0.853189,-0.05907,0.5182467,-0.1016842,0.9933402,-0.0541812,-0.5115948,-0.09892429,-0.8535134,static,-2.248470594974567,8.843195605563764,16.708344927531687,5.291793992760172,-0.44329600000000013,0.01682629999999999,-0.3965130000000001,-0.038767474476132074,0.1536152570803295,0.9873699540837074,-1.4824687781040526,9.360626223633034,19.186010274438964,19.28660955610804,18.640308446915114
05/17/2023 13:14:14.234140,2918,True,True,True,True,Eyes,1.711063,0.1411974,-2.058358,-0.4997165,0.05682936,-0.8643228,0.0,0.0,0.0,0.0,0.0,0.0,0.0,2.717783,-0.0568874,-0.7402186,1.900513,0.146873,-2.074605,-0.04310431,0.9595079,-0.04004746,-0.2754683,5.77369,211.8605,356.5049,0.6245266,0.05389859,-0.7791409,0.0,0.0,0.0,1.446411,0.1611426,-2.470797,0.1345506,0.04173372,0.443969,-0.8445185,-0.06065425,0.5320804,-0.1047815,0.9930764,-0.05310397,-0.5251755,-0.1005994,-0.8450269,static,-2.3967988526320774,8.90682659652489,16.860117302681374,5.370104963677548,-0.454102,0.014269599999999993,-0.3961920000000001,-0.041316411859145974,0.15469589604977255,0.9870978639357615,-1.5384453570809378,9.394872071202636,19.473780837195616,19.578999456586708,18.833636351353288
05/17/2023 13:14:14.244821,2919,True,True,True,True,Eyes,1.719265,0.1414247,-2.059378,-0.5115529,0.05650805,-0.8573917,0.0,0.0,0.0,0.0,0.0,0.0,0.0,2.739141,-0.05455036,-0.6909032,1.911234,0.1461294,-2.075824,-0.04325875,0.9571806,-0.04102745,-0.283286,5.914862,212.7957,356.5667,0.6259188,0.05377731,-0.7780313,0.0,0.0,0.0,1.446411,0.1611426,-2.470797,0.1361324,0.04266017,0.4446217,-0.8357557,-0.05956785,0.5458613,-0.1060579,0.9928908,-0.05403216,-0.5387622,-0.1030506,-0.8361318,static,-2.5446643460658653,9.023415462986602,17.023319894290047,5.480588091327663,-0.4648230000000002,0.015013200000000004,-0.39497300000000024,-0.043849779062985234,0.1566872448859322,0.9866743944221343,-1.583896724621528,9.449496840911703,19.774835282872097,19.886116589625868,19.025791625202455
05/17/2023 13:14:14.264462,2920,True,True,True,True,Eyes,1.727533,0.141664,-2.060395,-0.52335,0.05611616,-0.8502681,0.0,0.0,0.0,0.0,0.0,0.0,0.0,2.757156,-0.05313225,-0.6478746,1.921381,0.1470935,-2.076327,-0.04362885,0.9551601,-0.04198338,-0.2898329,6.055505,213.5797,356.5981,0.6273344,0.05366477,-0.776898,0.0,0.0,0.0,1.446411,0.1611426,-2.470797,0.138156,0.04323904,0.4456433,-0.8281868,-0.05900874,0.557337,-0.1076814,0.9926678,-0.05491154,-0.5500104,-0.1054919,-0.8284685,static,-2.540626756524288,9.143144232106051,17.224207647026844,5.541840163088799,-0.4749700000000001,0.014049100000000009,-0.3944700000000001,-0.043765650260790906,0.15874930519878633,0.986348474803357,-1.5587222451796485,9.495374033871508,19.975428636088992,20.09024813180063,19.194501436686764
05/17/2023 13:14:14.284500,2921,True,True,True,True,Eyes,1.735908,0.1419131,-2.061445,-0.5349213,0.05577116,-0.8430592,0.0,0.0,0.0,0.0,0.0,0.0,0.0,2.775651,-0.04539835,-0.6009185,1.931333,0.14764,-2.077393,-0.04479142,0.95284,-0.04234479,-0.2971478,6.160556,214.4538,356.5291,0.6287709,0.05356051,-0.7757431,0.0,0.0,0.0,1.446411,0.1611426,-2.470797,0.1400445,0.04399266,0.4465377,-0.819394,-0.06019277,0.5700619,-0.1105234,0.9924013,-0.05407626,-0.5624751,-0.1073149,-0.8198203,static,-2.650175293279173,9.219965572375425,17.41262536803105,5.626592958957807,-0.4849220000000001,0.013502600000000003,-0.3934040000000003,-0.04564167698960672,0.1600581885921244,0.986051848419879,-1.5942562448098963,9.532161151407458,20.262230548142615,20.382058215850765,19.40399473176659
05/17/2023 13:14:14.294403,2922,True,True,True,True,Eyes,1.744317,0.1421554,-2.062504,-0.5464574,0.05534197,-0.8356563,0.0,0.0,0.0,0.0,0.0,0.0,0.0,2.792565,-0.04179634,-0.5556669,1.941117,0.1479552,-2.078245,-0.04499941,0.9506361,-0.04255817,-0.3040641,6.216177,215.2872,356.5586,0.6302273,0.05346385,-0.7745671,0.0,0.0,0.0,1.446411,0.1611426,-2.470797,0.1419567,0.04507073,0.4477584,-0.8110405,-0.05967529,0.5819387,-0.1114369,0.9923277,-0.05354925,-0.5742784,-0.1082801,-0.8114679,static,-2.694719609958581,9.249551584620791,17.59062516527472,5.747951616169591,-0.4947060000000001,0.013187399999999988,-0.39255200000000023,-0.046404415955641154,0.16056167697493856,0.985934304837164,-1.6090264343969831,9.54648320425518,20.460852038901013,20.58534466529872,19.571802772725363
05/17/2023 13:14:14.314504,2923,True,True,True,True,Eyes,1.752775,0.142382,-2.063578,-0.5577094,0.05483941,-0.8282226,0.0,0.0,0.0,0.0,0.0,0.0,0.0,2.809253,-0.0368185,-0.5074763,1.950451,0.1480575,-2.079569,-0.04575185,0.9481568,-0.04340596,-0.3114828,6.362192,216.1806,356.5551,0.6317008,0.0533737,-0.7733721,0.0,0.0,0.0,1.446411,0.1611426,-2.470797,0.1443193,0.04652993,0.4490776,-0.8017705,-0.05971941,0.5946409,-0.1138003,0.9920454,-0.05380949,-0.5866973,-0.1108131,-0.8021888,static,-2.8240674712333176,9.359536828146632,17.815758369200402,5.915435173920442,-0.50404,0.013085099999999988,-0.39122800000000035,-0.048614966913786334,0.16243687973144222,0.9855205000320149,-1.6472285951922796,9.5973491456212,20.792511247945345,20.92520601877265,19.808189015433108
05/17/2023 13:14:14.334404,2924,True,True,True,True,Eyes,1.761246,0.1425809,-2.064656,-0.5689034,0.05423622,-0.820614,0.0,0.0,0.0,0.0,0.0,0.0,0.0,2.825027,-0.03206722,-0.4579978,1.959731,0.1478674,-2.080662,-0.04658607,0.9455581,-0.04467209,-0.3189892,6.557543,217.0871,356.5606,0.6331894,0.05328877,-0.7721596,0.0,0.0,0.0,1.446411,0.1611426,-2.470797,0.1464417,0.04813297,0.450664,-0.7921514,-0.05959984,0.6074077,-0.1165995,0.9916683,-0.05475922,-0.5990834,-0.114201,-0.7925008,static,-2.965336129340857,9.512897337326736,18.001390291603624,6.096339836716005,-0.51332,0.013275199999999987,-0.39013500000000034,-0.051022248095157874,0.16505435326775678,0.984963843881656,-1.6824792350404822,9.665712774879722,21.10119884130834,21.243269097898065,20.004877972975592
05/17/2023 13:14:14.344405,2925,True,True,True,True,Eyes,1.76973,0.142783,-2.065756,-0.5797436,0.05359228,-0.8130347,0.0,0.0,0.0,0.0,0.0,0.0,0.0,2.839365,-0.03102664,-0.410742,1.968662,0.1474359,-2.081897,-0.04680054,0.9430549,-0.04623129,-0.3260674,6.760393,217.9481,356.6446,0.6346912,0.05320744,-0.7709313,0.0,0.0,0.0,1.446411,0.1611426,-2.470797,0.1486076,0.04985691,0.4526707,-0.7829797,-0.05812192,0.6193262,-0.11842,0.9913447,-0.05667704,-0.6106717,-0.1177175,-0.7830858,static,-3.0656409049077435,9.67712287030186,18.174529377537443,6.285193753733328,-0.522251,0.013706699999999988,-0.3889,-0.05272115224418683,0.1678620345177823,0.9843998248142088,-1.6967333677092278,9.735578347088,21.35770023346603,21.50930070362802,20.16859531382113
05/17/2023 13:14:14.364423,2926,True,True,True,True,Eyes,1.778209,0.1430051,-2.06688,-0.5905222,0.05292432,-0.8052841,0.0,0.0,0.0,0.0,0.0,0.0,0.0,2.852697,-0.02560934,-0.3639858,1.977214,0.1476762,-2.083228,-0.04762863,0.9405123,-0.04708895,-0.3330927,6.909704,218.8013,356.6379,0.6362033,0.05312945,-0.7696893,0.0,0.0,0.0,1.446411,0.1611426,-2.470797,0.1507006,0.05211645,0.4550714,-0.7735615,-0.05822064,0.6310411,-0.1209606,0.9910282,-0.05684598,-0.62207,-0.120305,-0.7736638,static,-3.166876782880619,9.782503815867644,18.322709448255917,6.53325986199742,-0.5308030000000001,0.01346639999999999,-0.38756900000000005,-0.054443423153998305,0.16965657681035623,0.9839982183283558,-1.7228748319915286,9.782827037868163,21.571401673215213,21.73384233533535,20.30726805769304
05/17/2023 13:14:14.385486,2927,True,True,True,True,Eyes,1.786683,0.1432341,-2.068042,-0.6008608,0.05227837,-0.7976424,0.0,0.0,0.0,0.0,0.0,0.0,0.0,2.865341,-0.02010063,-0.3186295,1.985678,0.1483834,-2.084988,-0.04824276,0.938027,-0.04730114,-0.3399127,6.980767,219.6324,356.6299,0.6377228,0.05305518,-0.768436,0.0,0.0,0.0,1.446411,0.1611426,-2.470797,0.1524774,0.05429465,0.4578356,-0.7642639,-0.05834951,0.6422583,-0.1226625,0.9908705,-0.05594283,-0.6331306,-0.1215361,-0.764444,static,-3.2651620880871293,9.81079582300166,18.419802455798965,6.763110839986353,-0.5392670000000002,0.012759199999999998,-0.38580900000000007,-0.05612668542787114,0.17012657862813907,0.9838225803728136,-1.7626670304499743,9.800173263938007,21.72618060609598,21.89808372952515,20.409699231746377
05/17/2023 13:14:14.395055,2928,True,True,True,True,Eyes,1.795142,0.1434745,-2.06922,-0.6110806,0.05160415,-0.7898845,0.0,0.0,0.0,0.0,0.0,0.0,0.0,2.876905,-0.01941118,-0.2755024,1.993925,0.1487651,-2.086861,-0.04811683,0.9356613,-0.04797631,-0.3462963,7.071307,220.4171,356.718,0.6392477,0.05298442,-0.7671728,0.0,0.0,0.0,1.446411,0.1611426,-2.470797,0.1539736,0.05679688,0.4610573,-0.7555276,-0.05681407,0.6526491,-0.1232701,0.990766,-0.05645378,-0.6434152,-0.1231045,-0.7555546,static,-3.3026405638864835,9.864796762398075,18.467135041081118,7.022789701925256,-0.5475140000000001,0.012377499999999986,-0.3839360000000003,-0.056761024800416504,0.1710475960855622,0.9836264114341323,-1.7694264105814188,9.823441318703171,21.772566850314032,21.95450145237691,20.429441227441217
05/17/2023 13:14:14.414525,2929,True,True,True,True,Eyes,1.803524,0.1437118,-2.070379,-0.6208386,0.05098242,-0.7822789,0.0,0.0,0.0,0.0,0.0,0.0,0.0,2.887395,-0.02311194,-0.2347937,2.002164,0.1493073,-2.08848,-0.04744589,0.9334481,-0.04915165,-0.3521475,7.190973,221.1425,356.8823,0.6407755,0.05291723,-0.7659018,0.0,0.0,0.0,1.446411,0.1611426,-2.470797,0.1549341,0.05913739,0.4648809,-0.7474822,-0.0539593,0.6620869,-0.1231938,0.990666,-0.05834511,-0.6527587,-0.1251769,-0.7471527,static,-3.295453054091047,9.957029923244015,18.432042578929543,7.249644610775376,-0.5557530000000002,0.011835299999999993,-0.382317,-0.05662174486236893,0.17263215935565757,0.9833575989176929,-1.7481540083238818,9.85851558594714,21.704981560030525,21.895524695998947,20.348133626091816
05/17/2023 13:14:14.434252,2930,True,True,True,True,Eyes,1.811871,0.1439634,-2.071546,-0.6304564,0.05035137,-0.7745898,0.0,0.0,0.0,0.0,0.0,0.0,0.0,2.896983,-0.03105623,-0.195971,2.009943,0.1496276,-2.090363,-0.0461689,0.9313188,-0.05078862,-0.3576793,7.332549,221.8353,357.1298,0.6423038,0.05285326,-0.7646251,0.0,0.0,0.0,1.446411,0.1611426,-2.470797,0.1559257,0.06096619,0.4694099,-0.7398682,-0.04966385,0.6709166,-0.122328,0.9905779,-0.06157345,-0.6615372,-0.1276281,-0.7389724,static,-3.2447652529167055,10.076651714628385,18.375138579766098,7.400058632212125,-0.5635319999999999,0.011514999999999997,-0.38043400000000016,-0.05573119659040204,0.17469358274219732,0.9830442904066805,-1.7014985655115789,9.901293505002466,21.58875436311986,21.784957935770525,20.231844576113318
05/17/2023 13:14:14.444851,2931,True,True,True,True,Eyes,1.820113,0.1442163,-2.072685,-0.6396518,0.04975115,-0.7670531,0.0,0.0,0.0,0.0,0.0,0.0,0.0,2.905523,-0.03759994,-0.1586349,2.017546,0.1502428,-2.091787,-0.04503758,0.929278,-0.05201094,-0.3629173,7.432326,222.4924,357.3438,0.6438302,0.05279274,-0.7633445,0.0,0.0,0.0,1.446411,0.1611426,-2.470797,0.1569595,0.06304629,0.4742153,-0.7325255,-0.04595352,0.6791871,-0.1214562,0.9905329,-0.06397542,-0.6698173,-0.1293551,-0.7311721,static,-3.1853003405396567,10.154685085007513,18.313915891087976,7.572987256666262,-0.571135,0.010899799999999987,-0.37901000000000007,-0.054697560773674714,0.1760423593059792,0.9828618035942627,-1.6588956832958504,9.927468439215671,21.451588463054314,21.65367087242122,20.111110954515162
05/17/2023 13:14:14.464467,2932,True,True,True,True,Eyes,1.82832,0.1444658,-2.073849,-0.6487835,0.04915848,-0.7593835,0.0,0.0,0.0,0.0,0.0,0.0,0.0,2.913803,-0.03573956,-0.1190252,2.024694,0.1506727,-2.093705,-0.04506165,0.9269827,-0.05242199,-0.3686794,7.493583,223.2074,357.405,0.6453528,0.05273551,-0.7620616,0.0,0.0,0.0,1.446411,0.1611426,-2.470797,0.1581835,0.06511842,0.4795977,-0.72409,-0.04488893,0.6882433,-0.1221966,0.9904428,-0.06396196,-0.6787945,-0.1304152,-0.7226551,static,-3.207282995511277,10.18387391307762,18.25386771282907,7.7321749916447535,-0.5782830000000003,0.010469900000000004,-0.3770920000000002,-0.05506966552345666,0.17653941496286799,0.9827517758844874,-1.6633441983135955,9.940158445334927,21.392504360885667,21.60073649965326,20.039224566961988
05/17/2023 13:14:14.484246,2933,True,True,True,True,Eyes,1.836442,0.1446892,-2.075009,-0.6575807,0.04864935,-0.7518117,0.0,0.0,0.0,0.0,0.0,0.0,0.0,2.921744,-0.02975191,-0.07815576,2.03214,0.1508416,-2.095527,-0.04553777,0.9245855,-0.05227585,-0.3746135,7.514964,223.9415,357.3961,0.6468695,0.05268114,-0.7607784,0.0,0.0,0.0,1.446411,0.1611426,-2.470797,0.1591631,0.0672261,0.4853279,-0.7151821,-0.04504065,0.6974853,-0.1233736,0.990387,-0.06254885,-0.6879632,-0.1307851,-0.713864,static,-3.2776662041251003,10.172635326077824,18.156884209070686,7.886249732262532,-0.5857290000000002,0.010301000000000005,-0.37527,-0.056278954346003995,0.1763347424669422,0.9827200549605368,-1.697973261483524,9.940441051608934,21.34186734561488,21.55614785854462,19.960838337918084
05/17/2023 13:14:14.494112,2934,True,True,True,True,Eyes,1.844511,0.1448986,-2.076194,-0.6663381,0.04814917,-0.7440935,0.0,0.0,0.0,0.0,0.0,0.0,0.0,2.928974,-0.02614161,-0.03791666,2.039177,0.1505456,-2.097642,-0.04554336,0.9221929,-0.05223073,-0.3804707,7.526774,224.671,357.4415,0.6483785,0.05262849,-0.7594965,0.0,0.0,0.0,1.446411,0.1611426,-2.470797,0.1600986,0.06922471,0.4913208,-0.7063358,-0.044255,0.7064922,-0.123744,0.9903955,-0.06167782,-0.6969773,-0.1309895,-0.7050282,static,-3.3293680882113565,10.155746517621848,18.048380399708087,8.019905696069241,-0.5927660000000001,0.010596999999999995,-0.3731550000000001,-0.057168809609616233,0.17603614623636785,0.9827222116405104,-1.7250920240041272,9.937321527257932,21.264994984601824,21.48417897960619,19.86621995149053
05/17/2023 13:14:14.514202,2935,True,True,True,True,Eyes,1.852479,0.1450864,-2.07737,-0.6748398,0.0476816,-0.7364222,0.0,0.0,0.0,0.0,0.0,0.0,0.0,2.935422,-0.02040793,0.0043962,2.04608,0.1504209,-2.09954,-0.04590921,0.9196232,-0.05208895,-0.3866163,7.544891,225.4361,357.4468,0.649878,0.05257692,-0.7582173,0.0,0.0,0.0,1.446411,0.1611426,-2.470797,0.1616073,0.07088229,0.4976325,-0.6968403,-0.04416146,0.7158655,-0.1247152,0.9903582,-0.06030593,-0.7063,-0.1313029,-0.6956292,static,-3.4376956008710486,10.142815533716622,17.991324455399816,8.106623933802368,-0.599669,0.0107217,-0.37125699999999995,-0.05902929255474482,0.17579528577214432,0.9826553350062356,-1.7775397377973055,9.939439256972136,21.301908938147566,21.525542427628167,19.853644589795525
05/17/2023 13:14:14.534582,2936,True,True,True,True,Eyes,1.860401,0.1452649,-2.078588,-0.6833429,0.04723302,-0.7285681,0.0,0.0,0.0,0.0,0.0,0.0,0.0,2.941398,-0.0119829,0.05032063,2.052796,0.1502293,-2.101893,-0.04661964,0.9167354,-0.05171262,-0.3933813,7.555825,226.2784,357.4103,0.6513664,0.0525257,-0.7569427,0.0,0.0,0.0,1.446411,0.1611426,-2.470797,0.1633831,0.07294495,0.5042434,-0.6861557,-0.04479019,0.7260748,-0.1261613,0.9903048,-0.05813497,-0.7164314,-0.1314922,-0.6851541,static,-3.62408783749744,10.118366378178509,17.95317147895148,8.231429288860932,-0.606385,0.010913299999999987,-0.3689040000000001,-0.062230820230615935,0.17534178896871394,0.9825388213963944,-1.8682114828377596,9.942235388650385,21.428752375698448,21.659608749659444,19.89507677866526
05/17/2023 13:14:14.544502,2937,True,True,True,True,Eyes,1.868229,0.1454111,-2.079813,-0.6915407,0.04684274,-0.7208171,0.0,0.0,0.0,0.0,0.0,0.0,0.0,2.946779,-0.004486173,0.09632039,2.059684,0.1501827,-2.10427,-0.04715544,0.9138258,-0.0512666,-0.4000883,7.552243,227.1169,357.3889,0.652842,0.05247444,-0.7556739,0.0,0.0,0.0,1.446411,0.1611426,-2.470797,0.165116,0.07553269,0.5109453,-0.6754115,-0.04516137,0.736057,-0.127206,0.9902962,-0.05596479,-0.7263869,-0.1314301,-0.6746022,static,-3.8203305037416837,10.082956254036485,17.908647502540372,8.409092324321152,-0.613273,0.010959899999999995,-0.36652700000000005,-0.06560336763162578,0.17469671732194791,0.9824343890621567,-1.9655577524009413,9.941453031495346,21.553069561473887,21.793354621367754,19.93319251531044
05/17/2023 13:14:14.564508,2938,True,True,True,True,Eyes,1.876,0.1455389,-2.081098,-0.699721,0.04648348,-0.7129023,0.0,0.0,0.0,0.0,0.0,0.0,0.0,2.95157,0.001139142,0.1415293,2.066337,0.1496811,-2.107046,-0.04734894,0.9109165,-0.050983,-0.4066818,7.550178,227.9462,357.4102,0.6543038,0.05242211,-0.7544123,0.0,0.0,0.0,1.446411,0.1611426,-2.470797,0.1670199,0.0788303,0.5178904,-0.664736,-0.04479413,0.7457343,-0.1277296,0.9903176,-0.0543706,-0.7360782,-0.1313944,-0.6640213,static,-3.9940366749073637,10.054248240446606,17.874536019030494,8.65480073521775,-0.619926,0.011461499999999986,-0.36375100000000016,-0.06858805156692044,0.1741693900346252,0.982324072725707,-2.0512115779276643,9.941776250675757,21.660689744027852,21.913304748255925,19.967266294489892
05/17/2023 13:14:14.584490,2939,True,True,True,True,Eyes,1.883673,0.1456487,-2.082406,-0.7077011,0.04612506,-0.7050046,0.0,0.0,0.0,0.0,0.0,0.0,0.0,2.955663,0.002595678,0.1858695,2.072793,0.1493569,-2.10991,-0.04694443,0.9080501,-0.05097473,-0.4130894,7.548173,228.7588,357.5058,0.6557499,0.05236816,-0.7531595,0.0,0.0,0.0,1.446411,0.1611426,-2.470797,0.1690202,0.08117081,0.5247435,-0.6543067,-0.04314156,0.7549977,-0.12737,0.9903956,-0.05379071,-0.7454256,-0.1313597,-0.6535174,static,-4.14684709487607,10.031345466687618,17.85378124174188,8.793199298925146,-0.626382,0.01178570000000001,-0.36088699999999996,-0.07121313142462404,0.17374466977411807,0.9822124687460224,-2.126103841265129,9.942966959348801,21.775013046803487,22.035440842849994,20.012940153888486
05/17/2023 13:14:14.594157,2940,True,True,True,True,Eyes,1.89128,0.145734,-2.083784,-0.7156867,0.04573492,-0.6969224,0.0,0.0,0.0,0.0,0.0,0.0,0.0,2.958878,0.002479501,0.2316077,2.078908,0.1491203,-2.112936,-0.04643351,0.905019,-0.05141122,-0.4196921,7.587018,229.6011,357.6357,0.6571786,0.05231222,-0.7519171,0.0,0.0,0.0,1.446411,0.1611426,-2.470797,0.1707541,0.07510293,0.5324826,-0.6434054,-0.04089267,0.7644331,-0.1272002,0.9904016,-0.05408071,-0.7548842,-0.1320318,-0.6424311,static,-4.318068626520432,10.049666471961885,17.779770614259952,8.028211300388802,-0.6324970000000003,0.012022299999999986,-0.3578610000000002,-0.0741443569801215,0.17402147076643437,0.9819465917891602,-2.201455004550961,9.961251659212717,21.959210421502984,22.19010545540631,20.07451175642057
05/17/2023 13:14:14.614345,2941,True,True,True,True,Eyes,1.89128,0.145734,-2.083784,-0.7156867,0.04573492,-0.6969224,0.0,0.0,0.0,0.0,0.0,0.0,0.0,2.961374,0.003608987,0.2784681,2.084971,0.1486193,-2.116153,-0.0462243,0.9018239,-0.05222912,-0.4264378,7.679205,230.4646,357.7546,0.6585887,0.05225363,-0.7506865,0.0,0.0,0.0,1.446411,0.1611426,-2.470797,0.1686146,0.08423112,0.539773,-0.6320283,-0.0388274,0.7739722,-0.1279173,0.9902709,-0.05477936,-0.7643151,-0.1336265,-0.6308459,static,-5.176992084532409,10.120001311235962,17.34779063293174,8.86942543052229,-0.63856,0.012523299999999987,-0.35464399999999996,-0.08883997837897317,0.17501561705483015,0.9805493149834927,-2.5836503803425988,10.044662495852178,22.283745665582973,22.559471990771293,19.966059276315885
05/17/2023 13:14:14.634292,2942,True,True,True,True,Eyes,1.89128,0.145734,-2.083784,-0.7156867,0.04573492,-0.6969224,0.0,0.0,0.0,0.0,0.0,0.0,0.0,2.963527,0.004996277,0.3226528,2.090999,0.1480016,-2.119538,-0.04613598,0.8987585,-0.0532518,-0.4327457,7.796285,231.2757,357.869,0.6598559,0.05220072,-0.7495764,0.0,0.0,0.0,1.446411,0.1611426,-2.470797,0.1736765,0.08560184,0.5481073,-0.6212054,-0.03684123,0.7827814,-0.1290192,0.9900715,-0.05579074,-0.772954,-0.1356513,-0.619791,static,-5.985196500180124,10.2205067893666,17.581631817964332,8.87658499069055,-0.6445880000000002,0.013140999999999986,-0.3512590000000002,-0.10263450846049538,0.17649995971896154,0.9789350790416766,-2.936593772662042,10.136375924704419,23.312545438496926,23.605116453384678,20.556863928752815
05/17/2023 13:14:14.644593,2943,True,True,True,True,Eyes,1.89128,0.145734,-2.083784,-0.7156867,0.04573492,-0.6969224,0.0,0.0,0.0,0.0,0.0,0.0,0.0,2.965605,0.01073071,0.3638666,2.096935,0.1472199,-2.123327,-0.04688442,0.89579,-0.05448472,-0.438627,7.975131,232.0317,357.9052,0.6609951,0.05215298,-0.7485754,0.0,0.0,0.0,1.446411,0.1611426,-2.470797,0.1716865,0.08333716,0.5557961,-0.6108167,-0.03620025,0.7909443,-0.1317941,0.9896665,-0.0564842,-0.7807264,-0.1387433,-0.6092758,static,-6.755222520090289,10.37915222843422,17.166020754584004,8.527513654674134,-0.6505240000000003,0.01392270000000001,-0.34746999999999995,-0.1157291683436169,0.17895070741027028,0.9770278250888843,-3.2606191921415144,10.247993021680967,23.703707599584433,23.992799861916623,20.498967504863725
05/17/2023 13:14:14.664400,2944,True,True,True,True,Eyes,1.899504,0.14567,-2.085652,-0.7241495,0.04430036,-0.6882186,0.0,0.0,0.0,0.0,0.0,0.0,0.0,2.968105,0.01700993,0.3990037,2.10297,0.1460863,-2.127279,-0.04780208,0.8932197,-0.05596743,-0.4435552,8.186061,232.668,357.9304,0.6620186,0.05210991,-0.7476733,0.0,0.0,0.0,1.446411,0.1611426,-2.470797,0.1717298,0.08327412,0.5635531,-0.6019477,-0.03574623,0.7977353,-0.1350448,0.9891652,-0.0575767,-0.7870338,-0.1423881,-0.6002532,static,-6.697723945543569,10.512058142998049,16.94739005098511,8.405555793599639,-0.6565590000000001,0.015056299999999995,-0.343518,-0.11469976798761738,0.1812383558152002,0.9767274354892103,-3.208237885874099,10.295443999894905,23.454626740281828,23.738760878716004,20.244036528355537
05/17/2023 13:14:14.684211,2945,True,True,True,True,Eyes,1.907607,0.1455355,-2.087607,-0.7315482,0.04151457,-0.6805245,0.0,0.0,0.0,0.0,0.0,0.0,0.0,2.970788,0.02236643,0.430223,2.108779,0.1451873,-2.131464,-0.04861052,0.8909099,-0.05739638,-0.4479089,8.384542,233.2329,357.9611,0.6630669,0.05205631,-0.7467476,0.0,0.0,0.0,1.446411,0.1611426,-2.470797,0.1718259,0.0827917,0.5718409,-0.5940295,-0.03519849,0.803673,-0.1380319,0.9886853,-0.05872384,-0.7925128,-0.1458162,-0.5921668,static,-6.64701337425314,10.55476103900215,16.724393621359443,8.238097716369412,-0.6623680000000003,0.015955300000000006,-0.33933300000000033,-0.11381929493466486,0.18198481220545656,0.9766916195877258,-3.1765495354798174,10.308576911852416,23.210259994188807,23.485944603208967,20.008358819020497
05/17/2023 13:14:14.694736,2946,True,True,True,True,Eyes,1.915602,0.1453521,-2.089662,-0.7387999,0.03871189,-0.672812,0.0,0.0,0.0,0.0,0.0,0.0,0.0,2.973603,0.02483092,0.4585125,2.114335,0.1437904,-2.135901,-0.04887841,0.8888091,-0.05891192,-0.4518393,8.562797,233.7484,358.0499,0.6641334,0.05199076,-0.7458038,0.0,0.0,0.0,1.446411,0.1611426,-2.470797,0.171984,0.08554599,0.5791316,-0.5869046,-0.03364971,0.8089568,-0.1401246,0.9882806,-0.06055255,-0.7974387,-0.1488933,-0.5847416,static,-6.539415818902151,10.584056519183818,16.539775292289875,8.402640882833989,-0.6679240000000002,0.017352199999999984,-0.3348960000000001,-0.11197358438546451,0.182522699486731,0.9768046225235267,-3.121251788149402,10.312813690987122,22.90281958106603,23.182054191236727,19.7536008366772
05/17/2023 13:14:14.714399,2947,True,True,True,True,Eyes,1.923509,0.1451078,-2.091853,-0.7458738,0.03581753,-0.6651236,0.0,0.0,0.0,0.0,0.0,0.0,0.0,2.976325,0.02692825,0.4855824,2.119714,0.1424493,-2.140454,-0.04914428,0.8867675,-0.06057427,-0.4555866,8.754995,234.2428,358.1466,0.6652113,0.05191284,-0.744848,0.0,0.0,0.0,1.446411,0.1611426,-2.470797,0.1726828,0.08675265,0.586563,-0.5800517,-0.03196545,0.8139525,-0.1423528,0.9878312,-0.06265163,-0.802045,-0.1522096,-0.5775434,static,-6.417414972635492,10.623013020064262,16.40430770014791,8.413054337359773,-0.6733030000000002,0.018693299999999996,-0.33034300000000005,-0.10987870981164388,0.18322992163772187,0.9769101745838576,-3.0574341579350963,10.319829524170553,22.651282572569627,22.928474505136553,19.554927454830853
05/17/2023 13:14:14.734264,2948,True,True,True,True,Eyes,1.931303,0.1447968,-2.094151,-0.7528088,0.032826,-0.6574202,0.0,0.0,0.0,0.0,0.0,0.0,0.0,2.978995,0.02954023,0.5124247,2.125018,0.1408131,-2.145305,-0.04960772,0.8846744,-0.06276715,-0.4592938,9.011112,234.736,358.2526,0.666295,0.05182163,-0.743885,0.0,0.0,0.0,1.446411,0.1611426,-2.470797,0.1722646,0.08826908,0.5938286,-0.5731768,-0.03011624,0.8188782,-0.1454305,0.9871987,-0.06548794,-0.8064232,-0.156626,-0.5702192,static,-6.300110125372433,10.720904798279436,16.176992155698187,8.454769124450937,-0.678607,0.0203295,-0.3254920000000001,-0.10784324468345519,0.18494019741523826,0.9768146768746041,-2.9843051538926106,10.349866061011731,22.31429041280349,22.591049064749257,19.254784002566574
05/17/2023 13:14:14.743961,2949,True,True,True,True,Eyes,1.938996,0.1444328,-2.096581,-0.7595823,0.0297291,-0.6497313,0.0,0.0,0.0,0.0,0.0,0.0,0.0,2.981395,0.03390224,0.5388951,2.130106,0.1389404,-2.15026,-0.05044102,0.8825297,-0.06534243,-0.4629552,9.325157,235.2259,358.3432,0.6673786,0.05171626,-0.7429203,0.0,0.0,0.0,1.446411,0.1611426,-2.470797,0.1719988,0.08923577,0.6012151,-0.5662563,-0.02853015,0.8237352,-0.1495326,0.9863722,-0.0686294,-0.8105515,-0.1620371,-0.5628057,static,-6.191337964031777,10.868642519073507,15.965046985332583,8.44252922061431,-0.6836950000000002,0.022202200000000005,-0.3205370000000003,-0.10593636647240756,0.1874969506024785,0.9765358323344749,-2.905403031732757,10.399671898438207,22.013316690043,22.28881826749413,18.971670756892262
05/17/2023 13:14:14.764193,2950,True,True,True,True,Eyes,1.946571,0.1440082,-2.099119,-0.7662113,0.02652516,-0.6420409,0.0,0.0,0.0,0.0,0.0,0.0,0.0,2.983641,0.03890848,0.5655169,2.135053,0.1372271,-2.155493,-0.05145987,0.8803105,-0.06814779,-0.4666491,9.672128,235.723,358.4306,0.6684577,0.05159631,-0.7419578,0.0,0.0,0.0,1.446411,0.1611426,-2.470797,0.1707031,0.09139274,0.6081074,-0.5591812,-0.02699912,0.8286058,-0.1542035,0.9854155,-0.07195502,-0.8145783,-0.1680098,-0.5551893,static,-6.0968185036848395,11.042248410547975,15.680073125545485,8.547040759191054,-0.6886420000000002,0.023915500000000006,-0.31530400000000025,-0.10426409835963951,0.1904888345101971,0.9761367011611255,-2.828033166740158,10.460381285844917,21.640740233580292,21.919376593658676,18.606742608459964
05/17/2023 13:14:14.784283,2951,True,True,True,True,Eyes,2.132606,0.1318505,-2.164771,-0.900701,-0.05566981,-0.430858,0.0,0.0,0.0,0.0,0.0,0.0,0.0,2.985924,0.04240955,0.590286,2.139816,0.1353891,-2.160748,-0.05223493,0.8782179,-0.07105983,-0.4700592,10.01576,236.1879,358.5486,0.6695286,0.05146118,-0.7410011,0.0,0.0,0.0,1.446411,0.1611426,-2.470797,0.168865,0.09438101,0.6151876,-0.5526322,-0.02494266,0.8330523,-0.1585519,0.984444,-0.07570501,-0.818205,-0.173919,-0.5479901,static,8.120113424035504,6.997480167769974,15.349268021466898,8.722210961934985,-0.6934050000000003,0.025753499999999985,-0.31004900000000024,0.14021744022557237,0.12062214558785117,0.982745848508559,2.9371734496562727,7.9696237491932544,7.316969287455965,7.432050356792837,12.43488959228642
05/17/2023 13:14:14.794643,2952,True,True,True,True,Eyes,2.132787,0.1317661,-2.164988,-0.9008242,-0.05590745,-0.4305696,0.0,0.0,0.0,0.0,0.0,0.0,0.0,2.987858,0.04713473,0.6157329,2.144399,0.1334924,-2.166189,-0.05319165,0.8760137,-0.07401779,-0.4735947,10.37348,236.6714,358.6553,0.6731641,0.05052751,-0.7377645,0.5581048,-0.03647299,-0.196955,1.446411,0.1611426,-2.470797,0.1672593,0.0974748,0.6218529,-0.5457574,-0.02308438,0.8376252,-0.1633021,0.9833841,-0.07929864,-0.8218766,-0.1800638,-0.5404587,static,7.662255478237786,7.318842371371637,15.054515304563424,8.908564422380644,-0.697988,0.027650199999999986,-0.304608,0.13226609575735016,0.12627157725945098,0.9831384599357408,2.7887151382239024,8.123486260935739,7.445299590778953,7.561264546315797,12.290899130663806
05/17/2023 13:14:14.814529,2953,True,True,True,True,Eyes,2.133139,0.1316165,-2.165422,-0.9010661,-0.05620296,-0.4300244,0.0,0.0,0.0,0.0,0.0,0.0,0.0,2.989882,0.05300586,0.6397004,2.148908,0.1314265,-2.171713,-0.05428717,0.8738884,-0.07689041,-0.4769278,10.72932,237.1294,358.7438,0.6762428,0.04973763,-0.7349975,0.5246184,-0.03428461,-0.1851377,1.446411,0.1611426,-2.470797,0.1652531,0.09958375,0.6284255,-0.5391858,-0.02153951,0.8419114,-0.1682242,0.9822815,-0.08260514,-0.8252149,-0.1861694,-0.5332558,moving,7.244968541583458,7.639460621199771,14.733156887008409,9.004529679947678,-0.7024970000000001,0.029716099999999995,-0.2990840000000001,0.12501007560731997,0.131896174247069,0.9833492533647292,2.6588117615432383,8.274402524699,7.498624948165121,7.611594986053118,12.096400120353
05/17/2023 13:14:14.834443,2954,True,True,True,True,Eyes,2.133648,0.1313837,-2.166056,-0.9014207,-0.05672438,-0.4292121,0.0,0.0,0.0,0.0,0.0,0.0,0.0,2.991857,0.06223223,0.6624038,2.153242,0.1297319,-2.177285,-0.05587479,0.8718156,-0.07929594,-0.4801333,11.06471,237.5653,358.7576,0.6788579,0.04906468,-0.7326282,0.4931414,-0.03222753,-0.1740294,1.446411,0.1587591,-2.4708,0.1637454,0.09801225,0.635097,-0.5327004,-0.02127978,0.8460366,-0.1735703,0.9811803,-0.08460818,-0.828314,-0.1919176,-0.5263687,moving,6.857051868025102,7.937157225882688,14.45755519867307,8.773041628266053,-0.7068310000000002,0.029027199999999975,-0.2935150000000002,0.1182649519494326,0.137117792144275,0.9834694060717709,2.5379823021183645,8.414559793430467,7.548193389361592,7.646329420927316,11.924962358942212
05/17/2023 13:14:14.844265,2955,True,True,True,True,Eyes,2.134298,0.1310852,-2.166895,-0.9019017,-0.05718195,-0.4281394,0.0,0.0,0.0,0.0,0.0,0.0,0.0,2.993447,0.07809742,0.6848636,2.157509,0.1275636,-2.182828,-0.05832827,0.8696769,-0.08116864,-0.4833959,11.39503,237.9995,358.6567,0.6811123,0.04847744,-0.730572,0.4635529,-0.03029388,-0.1635876,1.446412,0.1564202,-2.470804,0.162647,0.09675155,0.6414256,-0.5258527,-0.02298034,0.8502653,-0.1799267,0.9800189,-0.08478971,-0.8313276,-0.1975723,-0.5194804,moving,6.47098016211022,8.246593080361171,14.228654629326956,8.577734212291341,-0.7110970000000001,0.02885660000000001,-0.28797599999999957,0.1115492003666983,0.14253857776111856,0.9834832624139772,2.420289074011605,8.559120269605724,7.678137499920303,7.764738732794713,11.80838022621309
05/17/2023 13:14:14.864667,2956,True,True,True,True,Eyes,2.135081,0.1307343,-2.167923,-0.9025286,-0.05778886,-0.4267349,0.0,0.0,0.0,0.0,0.0,0.0,0.0,2.994251,0.09723088,0.7088847,2.161448,0.1257178,-2.188571,-0.06117538,0.8673518,-0.08246808,-0.4869882,11.69144,238.4709,358.4903,0.6831329,0.04793722,-0.7287186,0.4357397,-0.02847625,-0.1537724,1.446412,0.1541147,-2.470807,0.1620222,0.09553473,0.6478269,-0.5182003,-0.02579918,0.8548704,-0.1864431,0.9789132,-0.08347429,-0.8346902,-0.2026411,-0.5120832,moving,6.057697481642907,8.518600874169362,14.041693510492836,8.388918509622398,-0.715036,0.028396900000000003,-0.28223600000000015,0.10437843958116128,0.14732135115113212,0.9835657893001746,2.2827659298689174,8.691040223472543,7.906981863706456,7.985049161048786,11.762808141610474
05/17/2023 13:14:14.884494,2957,True,True,True,True,Eyes,2.13599,0.1303244,-2.16914,-0.9033548,-0.0581448,-0.4249346,0.0,0.0,0.0,0.0,0.0,0.0,0.0,2.993529,0.1217248,0.7370243,2.165416,0.1241773,-2.194262,-0.06452953,0.8646836,-0.08253755,-0.4912697,11.89627,239.02,358.2139,0.6849435,0.04743741,-0.72705,0.4095953,-0.02676767,-0.144546,1.446413,0.1518281,-2.47081,0.1615805,0.09454092,0.653656,-0.5089803,-0.03049886,0.8602379,-0.1926917,0.978047,-0.07933494,-0.8389334,-0.2061405,-0.5036836,moving,5.573961578489961,8.72042592001577,13.884883483659078,8.229850998344315,-0.7190030000000001,0.02765079999999999,-0.276548,0.0960181809918409,0.15091270126074413,0.9838729553374477,2.099103890803442,8.800531081225762,8.25158122900921,8.325388079098344,11.79958797451716
05/17/2023 13:14:14.894561,2958,True,True,True,True,Eyes,2.137018,0.1298483,-2.170541,-0.9043568,-0.05848979,-0.42275,0.0,0.0,0.0,0.0,0.0,0.0,0.0,2.991563,0.1417562,0.7699242,2.169382,0.1223548,-2.200258,-0.06680997,0.8617234,-0.08194727,-0.4962398,11.97819,239.6648,358.0192,0.6865648,0.04697176,-0.7255493,0.3850196,-0.02516161,-0.1358733,1.446413,0.1493867,-2.470814,0.1609786,0.09276801,0.6597989,-0.4985652,-0.03381244,0.8661928,-0.1964744,0.9776421,-0.07492422,-0.8442931,-0.2075393,-0.4940616,moving,5.031118582296471,8.786324953580479,13.711226171656453,8.00334847501024,-0.7229690000000002,0.02703190000000001,-0.270556,0.08667542152955399,0.1521750960407573,0.9845455556692866,1.8617310836858456,8.861512498148873,8.644807836809363,8.715349673355567,11.88052942130312
05/17/2023 13:14:14.915532,2959,True,True,True,True,Eyes,2.138127,0.1294305,-2.172158,-0.905568,-0.05843497,-0.420157,0.0,0.0,0.0,0.0,0.0,0.0,0.0,2.988453,0.1565602,0.8059697,2.17324,0.1203023,-2.206242,0.06802882,-0.858596,0.08100624,0.5016204,11.96725,240.3715,357.9174,0.6880156,0.04653449,-0.7242019,0.3619184,-0.02365192,-0.1277209,1.446414,0.1471561,-2.470817,0.15934,0.09130165,0.665514,-0.4874982,-0.03554978,0.8723999,-0.1980873,0.9776201,-0.07085397,-0.8503569,-0.2073525,-0.48363,moving,4.467899046579795,8.770485029723742,13.464522292405036,7.811625441875314,-0.7268259999999998,0.02685380000000001,-0.2645749999999998,0.07699508663039178,0.15202411150270276,0.9853732182013542,1.5990502724993534,8.89232854976573,8.978213461154072,9.047576555991773,11.914585408757144
05/17/2023 13:14:14.934341,2960,True,True,True,True,Eyes,2.139327,0.1292355,-2.173956,-0.9069743,-0.05829471,-0.4171322,0.0,0.0,0.0,0.0,0.0,0.0,0.0,2.985117,0.1637318,0.842057,2.176075,0.1212048,-2.212871,0.06832356,-0.8555294,0.07941223,0.5070453,11.83918,241.0869,357.8701,0.689311,0.0461245,-0.7229952,0.3402033,-0.0222328,-0.1200576,1.446414,0.1447972,-2.47082,0.157412,0.089751,0.6716567,-0.4764739,-0.03637443,0.878436,-0.1974368,0.9780511,-0.06659271,-0.8567331,-0.2051653,-0.4731975,moving,3.934770759029571,8.637297124255445,13.190001077913019,7.611135313659686,-0.7296609999999999,0.023592399999999986,-0.257949,0.06784609784819512,0.14983290216058787,0.9863807250692922,1.327389068753389,8.875947695543172,9.243283757633378,9.31194374537908,11.929849707403026
05/17/2023 13:14:14.944456,2961,True,True,True,True,Eyes,2.140621,0.1289622,-2.176004,-0.9085875,-0.05834761,-0.4135993,0.0,0.0,0.0,0.0,0.0,0.0,0.0,2.979212,0.1879296,0.882966,2.179465,0.1263788,-2.219146,0.07144494,-0.8519511,0.07542845,0.5132111,11.64548,241.8646,357.4068,0.6904656,0.04574606,-0.7219168,0.3197911,-0.02089883,-0.1128542,1.446415,0.1424228,-2.470824,0.1553991,0.0883231,0.6773094,-0.4630201,-0.04431376,0.8852394,-0.1991566,0.9784124,-0.05519001,-0.8636834,-0.2018553,-0.4618499,moving,3.311842719197939,8.449047175273156,12.922064700750095,7.429610955507175,-0.73305,0.016043999999999975,-0.25167800000000007,0.057145451487892185,0.14668972811192593,0.987530551805941,1.0036161513602884,8.844233279399246,9.594312364662622,9.664140765783525,12.002106987679529
05/17/2023 13:14:14.964257,2962,True,True,True,True,Eyes,2.142011,0.1287791,-2.178161,-0.9102011,-0.05837912,-0.4100316,0.0,0.0,0.0,0.0,0.0,0.0,0.0,2.972082,0.2001847,0.9320424,2.182953,0.1242633,-2.227403,0.07273928,-0.8472873,0.07725486,0.5204278,11.92465,242.8566,357.4899,0.6914915,0.04539311,-0.7209564,0.3006036,-0.0196449,-0.1060829,1.446415,0.1400479,-2.470827,0.152537,0.08690511,0.6831837,-0.447728,-0.04285099,0.8931424,-0.2036733,0.9774814,-0.05520302,-0.8706646,-0.2066252,-0.4463733,moving,2.5399058449012277,8.690629402968412,12.586208874534071,7.249435985009987,-0.7365379999999999,0.01578460000000001,-0.24342400000000008,0.04380738595783634,0.1509541022415317,0.9875696679443625,0.694859376958723,8.987938368090088,10.0795033328196,10.149149867411396,12.017761164603856
05/17/2023 13:14:14.984610,2963,True,True,True,True,Eyes,2.143453,0.1286073,-2.180452,-0.9118686,-0.0585371,-0.406287,0.0,0.0,0.0,0.0,0.0,0.0,0.0,2.970819,0.188763,0.9611917,2.18697,0.1262555,-2.233049,0.07161,-0.8447312,0.08117517,0.5241295,12.25179,243.4107,357.8953,0.692402,0.04506577,-0.7201025,0.2825674,-0.01846621,-0.09971794,1.446416,0.1377785,-2.47083,0.148753,0.0856198,0.6888461,-0.4403203,-0.03588977,0.897123,-0.206075,0.9765652,-0.06207658,-0.8738712,-0.2122083,-0.4373975,moving,2.270117394188938,8.979929004008806,12.185632618170247,7.085214115336099,-0.7405540000000002,0.011523000000000005,-0.23778100000000002,0.039125901779661076,0.15596894947869092,0.9869867844706999,0.6268419589650742,9.117115922940549,10.030289072292268,10.09491885387709,11.736024303786822
05/17/2023 13:14:14.994856,2964,True,True,True,True,Eyes,2.144966,0.1284724,-2.182871,-0.9136637,-0.05880594,-0.4021948,0.0,0.0,0.0,0.0,0.0,0.0,0.0,2.963248,0.1920069,1.004431,2.189865,0.1263949,-2.239442,0.07220007,-0.8405504,0.08455177,0.5302011,12.63276,244.2795,358.1374,0.6932064,0.04476211,-0.7193471,0.2656134,-0.01735824,-0.09373487,1.446416,0.1353893,-2.470834,0.1450641,0.08387613,0.694698,-0.4273479,-0.0317167,0.9035308,-0.2110345,0.9752763,-0.06557894,-0.8791122,-0.2187012,-0.4234756,moving,1.679487592728117,9.317528358087914,11.794794127865659,6.8844280223772865,-0.7434490000000002,0.008994399999999986,-0.23139200000000004,0.0289220304121538,0.16183800231695405,0.9863934963222889,0.42034875970663155,9.285939565678895,10.34033456868487,10.403816777674981,11.625199573592068
05/17/2023 13:14:15.016071,2965,True,True,True,True,Eyes,2.146526,0.1283399,-2.185396,-0.9154916,-0.05918426,-0.3979602,0.0,0.0,0.0,0.0,0.0,0.0,0.0,2.955765,0.1870627,1.046059,2.193014,0.1271272,-2.245062,0.07134569,-0.8367572,0.08710773,0.5358727,12.84066,245.1001,358.4695,0.693916,0.04448036,-0.7186801,0.2496766,-0.01631674,-0.08811077,1.446417,0.133048,-2.470837,0.1415373,0.0824896,0.7000598,-0.4155008,-0.02604072,0.9092202,-0.2127553,0.9746441,-0.06931163,-0.8843611,-0.2222404,-0.4105056,moving,1.1673793049449461,9.480309661407187,11.429920591774392,6.7203006750103365,-0.7465969999999997,0.005920800000000004,-0.22577500000000006,0.020095063829540682,0.16467538628933076,0.9861430791961652,0.2160068886728732,9.382243372461694,10.563491970678806,10.627201102306776,11.525528164258791
05/17/2023 13:14:15.034359,2966,True,True,True,True,Eyes,2.148162,0.1282553,-2.188057,-0.9174282,-0.0596398,-0.3934063,0.0,0.0,0.0,0.0,0.0,0.0,0.0,2.945396,0.1960225,1.092022,2.195966,0.1270775,-2.251197,0.07238291,-0.8322582,0.08906694,0.542378,13.10706,246.0228,358.5958,0.6945389,0.04421841,-0.7180943,0.234696,-0.01533774,-0.08282413,1.446417,0.1307069,-2.47084,0.1381454,0.08072524,0.70524,-0.4011734,-0.02386665,0.915691,-0.2170984,0.9736556,-0.06973559,-0.8899033,-0.2267712,-0.3957862,moving,0.5366774004487026,9.703247988213162,11.083008096146834,6.529936883152849,-0.7495489999999998,0.003629399999999977,-0.21964300000000003,0.009232661758986904,0.1685380668761576,0.9856518669131928,-0.031282860097134435,9.50950502094599,10.947645214877546,11.013400678833206,11.506749747335194
05/17/2023 13:14:15.044074,2967,True,True,True,True,Eyes,2.149853,0.1282333,-2.190831,-0.9193865,-0.06015401,-0.3887287,0.0,0.0,0.0,0.0,0.0,0.0,0.0,2.93754,0.2009951,1.131056,2.199351,0.128144,-2.257268,0.07285223,-0.8285464,0.09014901,0.5477927,13.25004,246.7912,358.7074,0.6950828,0.0439758,-0.7175828,0.2206142,-0.01441747,-0.07785468,1.446418,0.1283177,-2.470844,0.1342024,0.07920593,0.7101343,-0.3892319,-0.02195698,0.9208782,-0.2194888,0.9731314,-0.06956942,-0.8946081,-0.2292011,-0.3835931,moving,0.06996481779268038,9.805321309267322,10.701646134066449,6.364269217747293,-0.7529330000000001,0.00017369999999999886,-0.2135760000000002,0.0012032782205484427,0.17030089798369782,0.9853913942046026,-0.2265221694320001,9.5794369727114,11.108182467924735,11.17468062663802,11.391319772622886
05/17/2023 13:14:15.064489,2968,True,True,True,True,Eyes,2.151609,0.1282185,-2.193738,-0.9214321,-0.06065101,-0.3837765,0.0,0.0,0.0,0.0,0.0,0.0,0.0,2.929156,0.2129087,1.168393,2.202448,0.1296269,-2.263371,0.07428643,-0.8248866,0.09009814,0.5531057,13.34524,247.5278,358.6521,0.6955542,0.04375272,-0.7171395,0.2073774,-0.01355242,-0.07318339,1.446419,0.1259712,-2.470847,0.1299389,0.07868405,0.7148392,-0.3771113,-0.02288817,0.9258851,-0.2222234,0.9727277,-0.066465,-0.8991129,-0.230818,-0.3719128,moving,-0.37582418102385723,9.862138550125938,10.302374241604378,6.281395783023693,-0.7560290000000001,-0.003655699999999984,-0.20747600000000022,-0.006462397686423815,0.17127452444394908,0.9852021805544899,-0.42092970862874335,9.630556239030685,11.19403342294884,11.262576983851217,11.234149873006244
05/17/2023 13:14:15.084156,2969,True,True,True,True,Eyes,2.153423,0.1282065,-2.196778,-0.9234778,-0.06114135,-0.3787489,0.0,0.0,0.0,0.0,0.0,0.0,0.0,2.921295,0.2239132,1.20375,2.205698,0.1297939,-2.269618,0.07524029,-0.8214735,0.08931262,0.5581608,13.33995,248.2246,358.5917,0.6959596,0.04354724,-0.7167585,0.1949347,-0.01273928,-0.06879239,1.446419,0.1237732,-2.47085,0.1263085,0.07877533,0.7192576,-0.3655909,-0.02391421,0.9304685,-0.2233174,0.9727243,-0.06274351,-0.9035889,-0.2307283,-0.3609596,moving,-0.7755171434172243,9.818879040567406,9.96012858496246,6.250300032668985,-0.759279,-0.00602069999999999,-0.20123200000000008,-0.013336688742762559,0.1705190368738786,0.985264244667823,-0.6135777486810161,9.640085544560256,11.242139062576411,11.313215517300563,11.103779151566377
05/17/2023 13:14:15.094712,2970,True,True,True,True,Eyes,2.155293,0.1282158,-2.199948,-0.9255699,-0.0616142,-0.3735292,0.0,0.0,0.0,0.0,0.0,0.0,0.0,2.913989,0.2320328,1.237091,2.208808,0.1298053,-2.275935,0.07575106,-0.8182673,0.08853787,0.5629045,13.30747,248.883,358.5696,0.6963063,0.0433566,-0.7164333,0.1832386,-0.01197492,-0.06466484,1.44642,0.121335,-2.470853,0.1234083,0.07974645,0.7232056,-0.3548008,-0.02429249,0.9346264,-0.223646,0.9728456,-0.05961407,-0.9077991,-0.2301765,-0.3505993,moving,-1.1174706031304122,9.750478577614494,9.683719081388892,6.292470904989999,-0.7623879999999998,-0.008470300000000014,-0.19491799999999992,-0.01922069209022631,0.16932645079767641,0.9853725847293118,-0.784508198278203,9.63614088380028,11.26686304183536,11.341230782630962,10.989263456026682
05/17/2023 13:14:15.116628,2971,True,True,True,True,Eyes,2.15721,0.1282541,-2.203254,-0.9275898,-0.06224295,-0.3683788,0.0,0.0,0.0,0.0,0.0,0.0,0.0,2.907915,0.2393476,1.267173,2.211955,0.1303272,-2.282378,0.07632879,-0.8153374,0.08804508,0.5671394,13.30596,249.4751,358.5515,0.6965971,0.04318048,-0.7161601,0.1722443,-0.01125643,-0.06078495,1.44642,0.1190419,-2.470857,0.1220909,0.08169439,0.7268116,-0.3450537,-0.02459976,0.9382607,-0.2243351,0.9728439,-0.05699474,-0.9113791,-0.230151,-0.3412021,moving,-1.397271101507276,9.705418613789751,9.53560466532801,6.413188342265352,-0.7655350000000001,-0.011285299999999998,-0.18847900000000006,-0.024035763375632013,0.16853389258341606,0.9854027457379113,-0.9222465562714057,9.637117046706223,11.338772168209028,11.417817334928593,10.94350805109706
05/17/2023 13:14:15.134334,2972,True,True,True,True,Eyes,2.15918,0.1283051,-2.20669,-0.9296218,-0.06300943,-0.3630884,0.0,0.0,0.0,0.0,0.0,0.0,0.0,2.902225,0.2464104,1.295488,2.214888,0.1310303,-2.288892,0.07712597,-0.8124413,0.08859827,0.5710875,13.41798,250.0417,358.5787,0.6968371,0.04301822,-0.7159357,0.1619097,-0.01058104,-0.05713785,1.446421,0.1167146,-2.47086,0.1216994,0.08320671,0.7300584,-0.3358209,-0.0241259,0.9416167,-0.2265154,0.9724038,-0.05587041,-0.9142838,-0.2320532,-0.3320185,moving,-1.6387372744111794,9.767838623748645,9.464078478596043,6.502096637166527,-0.7684670000000002,-0.014315699999999987,-0.1819679999999999,-0.02818322507126564,0.1695889549920409,0.9851118503439164,-1.0213876220869103,9.677001637773747,11.4894450880681,11.573140816915288,10.955593142840424
05/17/2023 13:14:15.144243,2973,True,True,True,True,Eyes,2.161194,0.1284007,-2.210219,-0.9315435,-0.06402409,-0.3579492,0.0,0.0,0.0,0.0,0.0,0.0,0.0,2.897589,0.2507095,1.321973,2.218059,0.1314013,-2.295525,0.07774135,-0.809635,0.09072655,0.5746444,13.66579,250.5783,358.7255,0.6970301,0.04286869,-0.7157564,0.1521951,-0.009946179,-0.05370958,1.446421,0.1143331,-2.470863,0.1220228,0.08476201,0.7328734,-0.3274804,-0.02161323,0.9446108,-0.2301552,0.97145,-0.05756353,-0.9163979,-0.236258,-0.3231052,moving,-1.842989282634618,9.956182825601214,9.452983501925118,6.597351108315042,-0.7716379999999998,-0.017068200000000006,-0.175338,-0.0316768428164082,0.17280822675084076,0.9844459866694732,-1.0788562511053856,9.76297624173805,11.69562398070475,11.784767781104632,10.99731017425957
05/17/2023 13:14:15.164109,2974,True,True,True,True,Eyes,2.163244,0.1285346,-2.213856,-0.933462,-0.06507764,-0.3527229,0.0,0.0,0.0,0.0,0.0,0.0,0.0,2.8949,0.25164,1.343843,2.221192,0.1325728,-2.301827,0.07805878,-0.8073302,0.09308001,0.5774609,13.91277,251.0167,358.9057,0.69718,0.04273192,-0.7156184,0.1430634,-0.009349408,-0.05048701,1.446422,0.112068,-2.470866,0.1225755,0.08653425,0.7354619,-0.3208919,-0.01853829,0.9469346,-0.2335385,0.9704859,-0.06014081,-0.9178717,-0.2404443,-0.3157504,moving,-1.9362017917679621,10.145756528666611,9.462209772869299,6.710553009475658,-0.7747699999999997,-0.02050479999999999,-0.16903900000000016,-0.03325892311768308,0.17605542980848016,0.9838181633434011,-1.0849056740382528,9.842145742956454,11.81114593202857,11.90480614773371,11.002205110739647
05/17/2023 13:14:15.184254,2975,True,True,True,True,Eyes,2.165326,0.1286978,-2.217597,-0.9353315,-0.06621938,-0.3475195,0.0,0.0,0.0,0.0,0.0,0.0,0.0,2.8915,0.2488982,1.367098,2.22405,0.1336075,-2.308123,0.07762557,-0.8050042,0.09476774,0.5804839,14.04581,251.4815,359.1167,0.6972902,0.04260775,-0.7155184,0.1344796,-0.008788443,-0.04745779,1.446422,0.1097436,-2.47087,0.123293,0.08933724,0.7377446,-0.3140254,-0.01495553,0.9492968,-0.2350001,0.9699867,-0.06245608,-0.9198712,-0.2426977,-0.308115,moving,-2.0491790134245202,10.217520394994038,9.487677237681751,6.904618055316426,-0.777628,-0.023863899999999993,-0.16274699999999998,-0.035190941124029096,0.1772758007456359,0.9835317545422124,-1.1230047942239691,9.877208537078928,11.903509890619933,12.003098519587818,11.019204479202298
05/17/2023 13:14:15.194784,2976,True,True,True,True,Eyes,2.167434,0.1288894,-2.22143,-0.9372092,-0.06733585,-0.3422057,0.0,0.0,0.0,0.0,0.0,0.0,0.0,2.887856,0.2463907,1.389846,2.226782,0.1344325,-2.314187,0.07705984,-0.8027887,0.09564935,0.5834753,14.09306,251.9317,359.2848,0.6973634,0.04249572,-0.7154539,0.1264108,-0.008261137,-0.04461032,1.446423,0.1072823,-2.470873,0.1239429,0.09300966,0.7397326,-0.3072368,-0.01210745,0.9515562,-0.2353436,0.969826,-0.0636474,-0.9220733,-0.2434975,-0.3008157,moving,-2.146757399509046,10.204559117253291,9.511611496832293,7.166429948752329,-0.780359,-0.027150200000000013,-0.1566860000000001,-0.036867481574337335,0.17704260673316446,0.9835124028581665,-1.1705039704386104,9.878609957963631,11.94142622012942,12.04772983460683,11.021048555308777
05/17/2023 13:14:15.216649,2977,True,True,True,True,Eyes,2.169576,0.1290976,-2.225383,-0.9390848,-0.06860628,-0.3367682,0.0,0.0,0.0,0.0,0.0,0.0,0.0,2.882819,0.2501357,1.414024,2.229469,0.1353018,-2.32031,0.0773185,-0.8003433,0.09576682,0.5867719,14.12448,252.4108,359.3279,0.6974024,0.04239543,-0.715422,0.1188262,-0.007765469,-0.0419337,1.446423,0.1050532,-2.470876,0.1246094,0.09717788,0.7414458,-0.2994414,-0.01137612,0.954047,-0.2361492,0.9697012,-0.06255603,-0.9244287,-0.2440293,-0.293055,moving,-2.288833383470406,10.16245816748121,9.540130831748453,7.466931587875766,-0.7830459999999999,-0.0302486,-0.15056599999999998,-0.03931147327252593,0.17630343370432197,0.9835505127399038,-1.244186822420817,9.87169827515152,12.017549214626102,12.1321992213402,11.049181421546946
05/17/2023 13:14:15.234363,2978,True,True,True,True,Eyes,2.171753,0.1293083,-2.229441,-0.9409555,-0.06987172,-0.3312409,0.0,0.0,0.0,0.0,0.0,0.0,0.0,2.875951,0.2634437,1.440179,2.232188,0.1359202,-2.326687,0.07887757,-0.7975186,0.09522454,0.5904869,14.18414,252.9347,359.2107,0.6974092,0.04230608,-0.7154208,0.1116966,-0.007299541,-0.03941768,1.446424,0.1027036,-2.47088,0.1256504,0.1012401,0.7429705,-0.2902072,-0.01335496,0.9568707,-0.2382703,0.9694213,-0.05873433,-0.9268264,-0.245039,-0.2845151,moving,-2.5006082269259178,10.14176707979745,9.598976332468581,7.759558978153805,-0.7857639999999999,-0.033216599999999985,-0.14419300000000002,-0.04294954185643979,0.17592185886218784,0.9834666646600753,-1.3458260300012919,9.877606613714459,12.207211844812516,12.331863685164315,11.14786188199469
05/17/2023 13:14:15.244539,2979,True,True,True,True,Eyes,2.173959,0.1295333,-2.233629,-0.9428156,-0.07124759,-0.3256111,0.0,0.0,0.0,0.0,0.0,0.0,0.0,2.871406,0.2781436,1.461714,2.235143,0.1362081,-2.333351,0.0806348,-0.7951528,0.09441142,0.5935627,14.23305,253.3617,359.045,0.6973859,0.04222653,-0.7154484,0.1049948,-0.006861568,-0.03705262,1.446424,0.1004197,-2.470883,0.1264688,0.1056194,0.7442786,-0.2823627,-0.01615576,0.9591715,-0.2403121,0.969169,-0.0544194,-0.9287202,-0.2458666,-0.2775396,moving,-2.616823164303196,10.102863203375126,9.643663688346585,8.076824621257375,-0.788719,-0.0357884,-0.1375320000000002,-0.04494981885103366,0.175238626996841,0.9834993647791028,-1.4069665995755096,9.870231779494816,12.292922831082809,12.4267602455438,11.195210538241719
05/17/2023 13:14:15.264467,2980,True,True,True,True,Eyes,2.176179,0.1297637,-2.237926,-0.9446418,-0.07254192,-0.3199838,0.0,0.0,0.0,0.0,0.0,0.0,0.0,2.869056,0.2899306,1.479199,2.237893,0.1368,-2.340234,0.0820324,-0.7932528,0.0934108,0.5960663,14.24037,253.7052,358.8894,0.6973341,0.0421561,-0.7155032,0.09869511,-0.006449874,-0.03482946,1.446425,0.09799167,-2.470886,0.1276114,0.1100456,0.7454603,-0.2759513,-0.0187868,0.9609879,-0.2415029,0.9690903,-0.05040326,-0.9303371,-0.2459902,-0.2719587,moving,-2.6460924131320733,10.028753903027008,9.714004266100215,8.39741244432213,-0.7914680000000001,-0.03880833,-0.130652,-0.04546267748766036,0.1739623332926161,0.9837023656970679,-1.434887748089773,9.843589722947858,12.325145930270521,12.46728779145081,11.242296111795072
05/17/2023 13:14:15.284450,2981,True,True,True,True,Eyes,2.178415,0.1299849,-2.242342,-0.9464092,-0.07391754,-0.3143976,0.0,0.0,0.0,0.0,0.0,0.0,0.0,2.867965,0.2938447,1.495384,2.240421,0.1371753,-2.34722,0.08226117,-0.7916148,0.09276439,0.5983093,14.19971,254.023,358.8631,0.6972552,0.04209393,-0.7155838,0.0,0.0,0.0,1.446425,0.09568916,-2.47089,0.1288457,0.1141216,0.746544,-0.2705182,-0.01923472,0.9625227,-0.2412419,0.9692557,-0.04843206,-0.9319991,-0.2453025,-0.2668415,moving,-2.6281962946074184,9.908259448046362,9.792186684792636,8.691324350167534,-0.7939959999999999,-0.041486140000000005,-0.12366999999999972,-0.04517205819907266,0.17189546238944883,0.9840789920621356,-1.4501017407342758,9.795979631674252,12.330664618671982,12.479857546759895,11.296429185087518
05/17/2023 13:14:15.294799,2982,True,True,True,True,Eyes,2.180649,0.130204,-2.24685,-0.948164,-0.07521262,-0.3087526,0.0,0.0,0.0,0.0,0.0,0.0,0.0,2.866458,0.2924452,1.512774,2.242874,0.1371647,-2.353995,0.08169476,-0.7899123,0.0927835,0.6006294,14.16518,254.3676,358.9595,0.6971504,0.04203877,-0.7156892,0.0,0.0,0.0,1.446426,0.0932363,-2.470893,0.1297825,0.1187264,0.7475695,-0.2651404,-0.01760637,0.964049,-0.2405204,0.9694344,-0.04844509,-0.9337293,-0.2447182,-0.2612708,moving,-2.6133740768658824,9.803436243587058,9.848726468186396,9.024149910499979,-0.796448,-0.043928400000000006,-0.11689799999999995,-0.0449317146749077,0.1700966430735491,0.984402534607417,-1.4636810474102786,9.754610533361426,12.328892139349161,12.486442134728716,11.335966501383076
05/17/2023 13:14:15.317037,2983,True,True,True,True,Eyes,2.182881,0.1304197,-2.251457,-0.9498858,-0.07667319,-0.303048,0.0,0.0,0.0,0.0,0.0,0.0,0.0,2.862585,0.2904762,1.53409,2.245026,0.1373115,-2.360763,0.08102564,-0.7877653,0.09296435,0.6035051,14.13852,254.7981,359.0871,0.6970208,0.04198976,-0.7158182,0.0,0.0,0.0,1.446427,0.0909236,-2.470896,0.13007,0.1228172,0.7484462,-0.258433,-0.01544944,0.9659057,-0.2398673,0.9695849,-0.04866941,-0.9357757,-0.2442669,-0.2542786,moving,-2.6775709393037412,9.696734203875172,9.85878071954588,9.31896800716948,-0.7985990000000003,-0.04638790000000001,-0.11013300000000026,-0.04604942409532603,0.1682545067350737,0.9846673412448703,-1.5140472985802638,9.717697269050293,12.376263255294335,12.542042106998172,11.37981555888122
05/17/2023 13:14:15.334483,2984,True,True,True,True,Eyes,2.185122,0.1306248,-2.256156,-0.951611,-0.07814664,-0.2972027,0.0,0.0,0.0,0.0,0.0,0.0,0.0,2.855895,0.2927743,1.55966,2.247148,0.137464,-2.367661,0.08098763,-0.7850184,0.09348793,0.6069985,14.18764,255.3239,359.1927,0.6968674,0.04194608,-0.71597,0.0,0.0,0.0,1.446427,0.08875855,-2.470899,0.129058,0.125849,0.7498227,-0.2499878,-0.0136595,0.9681528,-0.2406476,0.969402,-0.04846074,-0.9378673,-0.2450982,-0.2456258,moving,-2.83611946363612,9.662830751705933,9.76594899897669,9.52762753545106,-0.8007210000000002,-0.04870545,-0.10323800000000016,-0.04877910340688413,0.16765006924745482,0.9846389647498844,-1.5937263852774186,9.715024611344566,12.430454655997941,12.602793715921326,11.361220995107972
05/17/2023 13:14:15.344289,2985,True,True,True,True,Eyes,2.187381,0.1308216,-2.260969,-0.9533043,-0.07980576,-0.2912766,0.0,0.0,0.0,0.0,0.0,0.0,0.0,2.848304,0.2982883,1.586396,2.249537,0.1374227,-2.374691,0.08142193,-0.7820495,0.09429021,0.6106378,14.2952,255.8762,359.2788,0.6966914,0.04190677,-0.7161433,0.0,0.0,0.0,1.446427,0.08636143,-2.470903,0.1272267,0.1271312,0.7515702,-0.2409839,-0.01219762,0.9704525,-0.2425063,0.9689596,-0.04804057,-0.9397434,-0.2469178,-0.2364616,moving,-3.0216568310984337,9.67584949293045,9.608012758424062,9.600935006829602,-0.8031100000000002,-0.051061270000000006,-0.09621199999999996,-0.05196557984286049,0.16784680511200156,0.984442549852716,-1.6767083883526406,9.732204330813177,12.454867389767884,12.629891769953419,11.285484615023336
05/17/2023 13:14:15.364336,2986,True,True,True,True,Eyes,2.18964,0.1310108,-2.265876,-0.9549759,-0.08141104,-0.2852952,0.0,0.0,0.0,0.0,0.0,0.0,0.0,2.842296,0.3044779,1.610316,2.252092,0.1374471,-2.381944,0.08196757,-0.7793878,0.0947913,0.6138817,14.38257,256.3662,359.3264,0.6964936,0.041871,-0.7163375,0.0,0.0,0.0,1.446428,0.08400168,-2.470906,0.1247173,0.1272365,0.753576,-0.2328613,-0.01138776,0.9724433,-0.2441503,0.9685919,-0.04712157,-0.941364,-0.2483951,-0.2283279,moving,-3.1475476448971214,9.671172905448108,9.397306406937249,9.583638366268836,-0.8056640000000002,-0.053445419999999993,-0.08896199999999999,-0.0541294095845421,0.1677471397867222,0.9843429190425124,-1.7356440058396314,9.73865451596373,12.371656397704852,12.545159444079399,11.134029589506897
05/17/2023 13:14:15.384044,2987,True,True,True,True,Eyes,2.1919,0.1311812,-2.270884,-0.9566307,-0.08311269,-0.2791951,0.0,0.0,0.0,0.0,0.0,0.0,0.0,2.837727,0.3099403,1.631098,2.254329,0.137454,-2.389213,0.08236653,-0.7770998,0.09463602,0.6167462,14.39952,256.7903,359.3326,0.6962749,0.04183808,-0.7165517,0.0,0.0,0.0,1.446429,0.08165721,-2.470909,0.1224253,0.1225629,0.7553289,-0.2256801,-0.01128122,0.9741363,-0.2447468,0.9685196,-0.04548478,-0.9429569,-0.2486817,-0.2213366,moving,-3.205833495172521,9.589534197799326,9.206557218811978,9.216727444098481,-0.8078999999999998,-0.05579679,-0.08169599999999999,-0.05514410726035246,0.1663351522377537,0.9845261113094148,-1.7784054688215016,9.711012842269318,12.256455825067377,12.417988086329187,10.996077632662688
05/17/2023 13:14:15.394671,2988,True,True,True,True,Eyes,2.194157,0.1313258,-2.275986,-0.9582675,-0.08474176,-0.2730243,0.0,0.0,0.0,0.0,0.0,0.0,0.0,2.832685,0.316984,1.652167,2.256533,0.1372072,-2.396554,0.08288385,-0.7747822,0.09392249,0.6196947,14.37483,257.2181,359.2886,0.6960358,0.04180704,-0.7167853,0.0,0.0,0.0,1.446429,0.07929666,-2.470913,0.1186226,0.1138182,0.7588931,-0.2182175,-0.01202734,0.975826,-0.2448404,0.9686177,-0.04281357,-0.9446874,-0.2482643,-0.2143142,moving,-3.2715921410600615,9.46761969246729,8.884016377429766,8.529601553582532,-0.8101040000000002,-0.057910539999999996,-0.07435899999999984,-0.05629415951570288,0.1642293459161888,0.9848145639555697,-1.8324537292812029,9.668339276065085,12.050760788160085,12.1917470644555,10.77680171241146
05/17/2023 13:14:15.419913,2989,True,True,True,True,Eyes,2.196406,0.1314407,-2.281164,-0.9598783,-0.08654848,-0.2667267,0.0,0.0,0.0,0.0,0.0,0.0,0.0,2.826945,0.3235362,1.674298,2.258681,0.1366669,-2.404006,0.0832942,-0.7723206,0.09343272,0.6227788,14.3632,257.672,359.2735,0.695777,0.04177679,-0.7170378,0.0,0.0,0.0,1.44643,0.07703271,-2.470916,0.1142937,0.1172857,0.7597215,-0.2104176,-0.01228383,0.9775346,-0.2450355,0.9686648,-0.04057232,-0.9464049,-0.2480677,-0.2068342,moving,-3.3520230381192917,9.349717121370839,8.555507729499778,8.776032030395848,-0.8122510000000001,-0.059634190000000004,-0.06691000000000003,-0.057696304108459884,0.1621894628170281,0.9850714884400209,-1.892483453353157,9.628173661003837,11.778292428774437,11.92134235585078,10.482684060658697
05/17/2023 13:14:15.434673,2990,True,True,True,True,Eyes,2.19865,0.1315309,-2.286443,-0.9614612,-0.08831332,-0.2603713,0.0,0.0,0.0,0.0,0.0,0.0,0.0,2.820566,0.329517,1.697444,2.260762,0.1361273,-2.411621,0.08364675,-0.7697062,0.09329251,0.625981,14.37919,258.1517,359.2921,0.6954994,0.04174627,-0.7173083,0.0,0.0,0.0,1.44643,0.07474437,-2.470919,0.1145247,0.1170688,0.7621107,-0.2023024,-0.01196817,0.9792502,-0.2455655,0.9685995,-0.03889308,-0.9480357,-0.2483382,-0.1988889,moving,-3.450612568862371,9.263341626288895,8.546065400857495,8.733015660154901,-0.8143320000000001,-0.06138293,-0.05929800000000007,-0.059406023445591094,0.16068810337120837,0.9852158917069385,-1.9547438408901827,9.60134850675411,11.865936065111399,12.008394061635299,10.5366501633136
05/17/2023 13:14:15.444326,2991,True,True,True,True,Eyes,2.200883,0.1315948,-2.291817,-0.9630059,-0.09023105,-0.2539249,0.0,0.0,0.0,0.0,0.0,0.0,0.0,2.815152,0.33555,1.719,2.262851,0.1356935,-2.419448,0.08408499,-0.7672231,0.09341864,0.6289448,14.42518,258.6014,359.3188,0.6952031,0.04171465,-0.7175966,0.0,0.0,0.0,1.446431,0.07236278,-2.470923,0.1102684,0.1193743,0.763406,-0.1947166,-0.01151358,0.980792,-0.2465342,0.9684054,-0.03757625,-0.9493716,-0.2491155,-0.1914031,moving,-3.5133332692633945,9.199234603250204,8.219109589900052,8.887407570566245,-0.8164199999999999,-0.06333072,-0.05147499999999994,-0.06049554299731197,0.1595751862104142,0.98533035570934,-1.9961356379315371,9.580754026326925,11.594184082633628,11.736586025835956,10.238748183857828
05/17/2023 13:14:15.464235,2992,True,True,True,True,Eyes,2.203119,0.1316277,-2.297301,-0.964505,-0.09209012,-0.2474865,0.0,0.0,0.0,0.0,0.0,0.0,0.0,2.810359,0.3422136,1.739299,2.264788,0.1351807,-2.42752,0.0846163,-0.764841,0.09344293,0.6317648,14.46883,259.0286,359.3273,0.6948887,0.04168113,-0.7179022,0.0,0.0,0.0,1.446431,0.06999315,-2.470926,0.1063331,0.1188091,0.7656648,-0.1874265,-0.01136812,0.9822127,-0.2475039,0.968217,-0.03602277,-0.9505855,-0.2498532,-0.1842832,moving,-3.557352341796465,9.135448042551072,7.906484834599652,8.82030975569467,-0.8183569999999998,-0.06518754999999998,-0.043406000000000056,-0.061263576813779475,0.1584707113931148,0.9854612426145468,-2.0288451692972385,9.559057106088481,11.330851819599431,11.468167898438027,9.962757145190666
05/17/2023 13:14:15.484357,2993,True,True,True,True,Eyes,2.205353,0.131626,-2.302921,-0.9659693,-0.09408476,-0.2409385,0.0,0.0,0.0,0.0,0.0,0.0,0.0,2.807834,0.3473795,1.756622,2.267068,0.1344691,-2.435701,0.0849373,-0.7628594,0.09345839,0.6341111,14.49589,259.3854,359.3452,0.6945572,0.0416449,-0.7182255,0.0,0.0,0.0,1.446432,0.06764774,-2.470929,0.1009042,0.1201817,0.7674569,-0.1813777,-0.01106441,0.9833514,-0.2481164,0.9681024,-0.03487184,-0.951599,-0.2503106,-0.1783375,moving,-3.522632666179261,9.049107971199122,7.490208958163159,8.900084285430992,-0.8206360000000001,-0.06682136000000001,-0.03522800000000004,-0.06068092230432931,0.1569911153216468,0.9857340446425491,-2.0296544128774725,9.523506828726156,10.880944214555097,11.013849858326964,9.540254413314653
05/17/2023 13:14:15.494571,2994,True,True,True,True,Eyes,2.20759,0.1315908,-2.308648,-0.9673784,-0.09604724,-0.2344224,0.0,0.0,0.0,0.0,0.0,0.0,0.0,2.806255,0.354932,1.77176,2.269128,0.133663,-2.444049,0.0856225,-0.7610439,0.09330026,0.6362201,14.53437,259.7025,359.313,0.6942078,0.04160503,-0.7185661,0.0,0.0,0.0,1.446432,0.0652843,-2.470933,0.0976807,0.1189509,0.7699348,-0.1757854,-0.01160596,0.98436,-0.2490439,0.9679277,-0.03306167,-0.9524056,-0.2509607,-0.173038,moving,-3.4585222745955098,8.973670279637146,7.230418737477286,8.782462439479021,-0.8226959999999999,-0.0683787,-0.026883999999999908,-0.0595902041220715,0.15570336913319266,0.9860047520844919,-2.014794124321323,9.490231542830369,10.564539907677247,10.690651074546851,9.272264985623805
05/17/2023 13:14:15.518274,2995,True,True,True,True,Eyes,2.209825,0.1315102,-2.314509,-0.9687868,-0.09815676,-0.2276345,0.0,0.0,0.0,0.0,0.0,0.0,0.0,2.804463,0.3647566,1.786962,2.271406,0.1328385,-2.45242,0.08663467,-0.7591823,0.09314029,0.6383272,14.59728,260.019,359.2519,0.6938407,0.04156071,-0.7189237,0.0,0.0,0.0,1.446433,0.0629326,-2.470936,0.09444703,0.1169246,0.7723334,-0.1700656,-0.01263506,0.9853517,-0.250451,0.9676387,-0.03081837,-0.9530749,-0.2520235,-0.1677266,moving,-3.383136656444456,8.912862868414951,6.971964415564051,8.608714222769288,-0.8249729999999997,-0.06990589999999999,-0.018515999999999977,-0.05830243704410304,0.15466864005042574,0.9862446535205438,-1.9918881150705454,9.46185545023,10.241055763767157,10.359566815758264,9.00436017410218
05/17/2023 13:14:15.534581,2996,True,True,True,True,Eyes,2.212066,0.1313949,-2.320478,-0.9701441,-0.1002697,-0.2208314,0.0,0.0,0.0,0.0,0.0,0.0,0.0,2.800858,0.3763662,1.804395,2.273454,0.1317048,-2.460968,0.08786229,-0.7569542,0.09329399,0.6407784,14.70481,260.3945,359.203,0.693455,0.04151083,-0.719299,0.0,0.0,0.0,1.446433,0.06053405,-2.470939,0.09191282,0.1148177,0.7747116,-0.1633666,-0.0134539,0.9864737,-0.252577,0.967153,-0.02863802,-0.9536857,-0.253839,-0.1613987,moving,-3.3657717475727345,8.896177591960614,6.7660205302730265,8.430269833363129,-0.827021,-0.07117075,-0.009971000000000174,-0.058006141735795935,0.15438409661311336,0.9863067134328648,-1.9871333078039166,9.454286851430236,10.02974442298774,10.142498942614504,8.812849310315716
05/17/2023 13:14:15.544450,2997,True,True,True,True,Eyes,2.214314,0.1312349,-2.326551,-0.9714934,-0.1024676,-0.2137776,0.0,0.0,0.0,0.0,0.0,0.0,0.0,2.796362,0.3884817,1.823338,2.275801,0.1307815,-2.469564,0.08916453,-0.7545585,0.0935316,0.643384,14.82599,260.7964,359.158,0.6930533,0.04145503,-0.7196897,0.0,0.0,0.0,1.446434,0.05825889,-2.470942,0.08997026,0.1125235,0.7769206,-0.1562133,-0.01420622,0.9876211,-0.2549132,0.9666031,-0.02641605,-0.9542623,-0.2558842,-0.1546176,moving,-3.3604230318183017,8.888233575614777,6.605638357861292,8.24099821774113,-0.829367,-0.07252260999999999,-0.0013779999999998793,-0.057915305910114234,0.15424814403223192,0.9863332220700213,-1.9862148558280124,9.450874711061822,9.879337246235599,9.987056284578763,8.676620469668661
05/17/2023 13:14:15.564993,2998,True,True,True,True,Eyes,2.216581,0.1310281,-2.332729,-0.972788,-0.1046408,-0.206721,0.0,0.0,0.0,0.0,0.0,0.0,0.0,2.790435,0.4009201,1.844354,2.278166,0.1296034,-2.47832,0.09041592,-0.7519194,0.09365065,0.6462755,14.93379,261.2422,359.1151,0.692634,0.04139224,-0.7200971,0.0,0.0,0.0,1.446434,0.05590896,-2.470946,0.08905055,0.1100832,0.7791469,-0.1483063,-0.01492274,0.988829,-0.2570192,0.9661091,-0.02396829,-0.954959,-0.2577026,-0.1471154,moving,-3.398826948061383,8.867513483086999,6.520178485489788,8.041910498888337,-0.8317320000000001,-0.07369444,0.007373999999999992,-0.05857975588924491,0.15388545585079305,0.9863505667292893,-2.00795040682186,9.44540694367404,9.849451405669233,9.953305434795787,8.642845866634834
05/17/2023 13:14:15.584219,2999,True,True,True,True,Eyes,2.218874,0.1307673,-2.339043,-0.974098,-0.1068844,-0.1992707,0.0,0.0,0.0,0.0,0.0,0.0,0.0,2.786013,0.4113899,1.863658,2.280838,0.1282892,-2.487096,0.09137713,-0.7495547,0.09379481,0.6488611,15.02205,261.6436,359.0944,0.6921974,0.04132152,-0.7205213,0.0,0.0,0.0,1.446435,0.05356715,-2.470949,0.08850332,0.1089125,0.7810061,-0.1412593,-0.01526473,0.9898551,-0.2587039,0.9657055,-0.02202654,-0.9555723,-0.2591908,-0.1403641,moving,-3.365774541350759,8.825854270048952,6.4651567462984625,7.938787467725831,-0.8344030000000002,-0.07472204999999998,0.016147000000000133,-0.058017250057351366,0.1531733076149692,0.9864947729085658,-2.0008278980721856,9.427185365995918,9.769951931722963,9.870871161871385,8.595825981387385
05/17/2023 13:14:15.594279,3000,True,True,True,True,Eyes,2.221196,0.1304391,-2.345449,-0.9753447,-0.1091549,-0.1918022,0.0,0.0,0.0,0.0,0.0,0.0,0.0,2.780466,0.4252477,1.883625,2.283615,0.1267478,-2.495778,0.09278239,-0.74702,0.09394041,0.651558,15.14466,262.0626,359.0381,0.6917455,0.04124222,-0.72096,0.0,0.0,0.0,1.446435,0.05117851,-2.470953,0.08871509,0.109759,0.7827487,-0.1337272,-0.01620534,0.9908857,-0.2610358,0.9651332,-0.01944452,-0.9560217,-0.2612569,-0.1332948,moving,-3.3562475902247875,8.814565311715647,6.466190150574318,7.982114724911406,-0.8371800000000003,-0.07556928999999998,0.024824999999999875,-0.05785497240370335,0.1529803914379106,0.9865343186836484,-1.9986349581958005,9.422210235180927,9.756230503217994,9.85764967684211,8.586450908306848
05/17/2023 13:14:15.617827,3001,True,True,True,True,Eyes,2.223546,0.1300675,-2.351999,-0.9765958,-0.1114439,-0.1839591,0.0,0.0,0.0,0.0,0.0,0.0,0.0,2.773968,0.4412265,1.904489,2.28661,0.1248316,-2.504493,0.09443587,-0.7443078,0.09429716,0.6543669,15.30538,262.5043,358.9801,0.6912783,0.04115293,-0.7214131,0.0,0.0,0.0,1.446436,0.0489547,-2.470956,0.09000902,0.1099566,0.7846344,-0.1257719,-0.01716882,0.9919106,-0.2639886,0.9643798,-0.01678081,-0.9562906,-0.2639636,-0.1258243,moving,-3.3491852245085205,8.840197154009747,6.544057001357579,7.977329581350636,-0.840174,-0.0758769,0.03353699999999993,-0.05772935984090444,0.15342282116845904,0.9864729133913053,-1.9903887937255198,9.43162544773983,9.828588246003827,9.930799675132242,8.657467383490873
05/17/2023 13:14:15.634028,3002,True,True,True,True,Eyes,2.225878,0.1298256,-2.358627,-0.9777793,-0.1137521,-0.1760914,0.0,0.0,0.0,0.0,0.0,0.0,0.0,2.765476,0.4573032,1.927365,2.289409,0.1234025,-2.512984,0.09613463,-0.7413165,0.09470788,0.6574485,15.47538,262.992,358.9297,0.6907954,0.04105312,-0.7218814,0.0,0.0,0.0,1.446437,0.04660918,-2.470959,0.09091192,0.1085221,0.7865903,-0.1170394,-0.01800126,0.9929642,-0.2670635,0.9635772,-0.01400988,-0.9565454,-0.2668242,-0.1175839,moving,-3.3864718482549487,8.873310846931028,6.5928348457163,7.855235139846878,-0.842972,-0.07679332,0.04202499999999976,-0.05836613378088018,0.1539872117702362,0.9863475117602116,-2.001126894715802,9.44683126040287,9.929700883003138,10.031103640063455,8.740100491812418
05/17/2023 13:14:15.644637,3003,True,True,True,True,Eyes,2.228235,0.1297539,-2.365324,-0.9789129,-0.1161965,-0.1680114,0.0,0.0,0.0,0.0,0.0,0.0,0.0,2.756781,0.4729567,1.949544,2.291294,0.1263086,-2.52156,0.0983403,-0.7383885,0.09429569,0.6604696,15.61401,263.455,358.7704,0.6902971,0.04094789,-0.7223641,0.0,0.0,0.0,1.446437,0.04425872,-2.470962,0.09166197,0.1061745,0.7886523,-0.1082184,-0.02066784,0.9939123,-0.2697856,0.962875,-0.009352122,-0.9568201,-0.2691552,-0.1097766,moving,-3.4028966407327466,8.861719907356985,6.629519345745835,7.667501227974007,-0.8448570000000002,-0.08204987999999999,0.05059799999999992,-0.058650748116488516,0.15378508857088863,0.9863620832165235,-2.0109543108021493,9.44344095624091,10.004431385387162,10.103243478207295,8.82109669643953
05/17/2023 13:14:15.664623,3004,True,True,True,True,Eyes,2.23061,0.1296209,-2.372234,-0.9800473,-0.1186138,-0.1594933,0.0,0.0,0.0,0.0,0.0,0.0,0.0,2.7358,0.5128098,1.983403,2.294188,0.1304043,-2.530051,0.1038299,-0.733582,0.09222203,0.6652608,15.86983,264.1616,358.2346,0.6897842,0.04084297,-0.7228599,0.0,0.0,0.0,1.446438,0.04193303,-2.470966,0.09180139,0.1037968,0.7907916,-0.09329475,-0.02963207,0.9951974,-0.2750389,0.9614289,0.002843084,-0.9568959,-0.2734527,-0.09784634,moving,-3.7015902626882946,8.9385609147147,6.621711125754682,7.4777151086296225,-0.8477500000000002,-0.08847126999999999,0.05908499999999961,-0.06377916863535898,0.15505892894345877,0.9858443095822533,-2.1336643352439246,9.49263461931743,10.326160834352711,10.4261508729629,8.98423620001205
05/17/2023 13:14:15.684517,3005,True,True,True,True,Eyes,2.233008,0.1296424,-2.379275,-0.981117,-0.120957,-0.1509266,0.0,0.0,0.0,0.0,0.0,0.0,0.0,2.720321,0.5268605,2.016716,2.296843,0.1287164,-2.540239,0.1050261,-0.729195,0.09338582,0.6697189,16.07341,264.8945,358.3252,0.6892558,0.0407363,-0.72337,0.0,0.0,0.0,1.446438,0.03960652,-2.470969,0.09125717,0.1023265,0.7929046,-0.08089247,-0.02808451,0.9963271,-0.2782535,0.9604973,0.004482945,-0.9570954,-0.2768688,-0.0855116,moving,-3.924962680200114,9.003909265023593,6.565412575457394,7.353532871619718,-0.8504050000000001,-0.08910988,0.06926999999999994,-0.06761037255774982,0.1561437469574983,0.9854176626863527,-2.2238955090995773,9.532461659577564,10.518477968745993,10.61940277249225,9.055366766081315
05/17/2023 13:14:15.694579,3006,True,True,True,True,Eyes,2.235399,0.1296901,-2.386408,-0.9821088,-0.1231846,-0.1424354,0.0,0.0,0.0,0.0,0.0,0.0,0.0,2.718864,0.5383013,2.029638,2.299711,0.1323554,-2.548575,0.1068115,-0.7276145,0.09261646,0.6712606,16.15131,265.1229,358.1448,0.6887122,0.04063276,-0.7238936,0.0,0.0,0.0,1.446439,0.03719829,-2.470972,0.09229787,0.1010671,0.7950236,-0.07600116,-0.03109564,0.9966227,-0.2797748,0.960027,0.008618568,-0.9570527,-0.2781749,-0.08166301,moving,-3.6844755100052495,8.951301257955219,6.622080591611212,7.244845715024549,-0.8532719999999998,-0.09515711000000002,0.07760299999999987,-0.06348244076744453,0.15528107646830613,0.985828459161538,-2.1232950949881833,9.496422659557217,10.350565332895641,10.446869827645328,9.030570006201986
05/17/2023 13:14:15.720115,3007,True,True,True,True,Eyes,2.237783,0.1297779,-2.39365,-0.9830371,-0.1252795,-0.1339518,0.0,0.0,0.0,0.0,0.0,0.0,0.0,2.71384,0.5488007,2.047905,2.301949,0.1330242,-2.557999,0.1078592,-0.7254285,0.09093131,0.673685,16.09641,265.4775,357.9738,0.6881535,0.04053281,-0.7244305,0.0,0.0,0.0,1.446439,0.03491404,-2.470976,0.09467575,0.09899147,0.7969377,-0.06902993,-0.0339701,0.9970361,-0.2790063,0.9601958,0.01339787,-0.9578049,-0.2772545,-0.07576018,moving,-3.5640406740976784,8.770334276255412,6.774953087741948,7.080716482604818,-0.85551,-0.09811016,0.0870230000000003,-0.06144003961368921,0.1521860866905708,0.9864403146516152,-2.1030225923909693,9.418785577433995,10.384133574441044,10.476144343029043,9.180687298303262
05/17/2023 13:14:15.736083,3008,True,True,True,True,Eyes,2.24016,0.1298583,-2.400931,-0.9838759,-0.1273483,-0.1255808,0.0,0.0,0.0,0.0,0.0,0.0,0.0,2.714217,0.5447252,2.061556,2.304109,0.133981,-2.566483,0.1070894,-0.7240932,0.09102883,0.6752295,16.04824,265.7298,358.0826,0.6875796,0.04043718,-0.7249808,0.0,0.0,0.0,1.44644,0.0326161,-2.470979,0.0976764,0.09619074,0.7986622,-0.06519422,-0.03215471,0.9973546,-0.2780161,0.9604912,0.01279316,-0.9583617,-0.2764466,-0.07155802,moving,-3.3054902820897496,8.618438506409788,6.9726483630938105,6.867614815457633,-0.857669,-0.10136489999999998,0.09550400000000003,-0.05701073576795068,0.1496097965339035,0.9871000953452599,-2.013429799850213,9.343298307874798,10.340109476570328,10.426193821640526,9.320869568080346
05/17/2023 13:14:15.751898,3009,True,True,True,True,Eyes,2.242542,0.1299186,-2.4083,-0.9846444,-0.1294831,-0.1170878,0.0,0.0,0.0,0.0,0.0,0.0,0.0,2.710779,0.552618,2.076746,2.306352,0.1338974,-2.57476,0.1078739,-0.7221566,0.09125444,0.6771452,16.13447,266.0427,358.0779,0.6869914,0.04034521,-0.7255434,0.0,0.0,0.0,1.44644,0.0301675,-2.470982,0.1002694,0.09349919,0.8004028,-0.05967513,-0.03221877,0.9976979,-0.2793888,0.9600717,0.01429268,-0.9583219,-0.2778926,-0.06629398,moving,-3.1239919923649677,8.588041595334667,7.140454997042896,6.662819320167985,-0.859912,-0.1037299,0.10377800000000015,-0.053887676630097525,0.14911200041775519,0.9873508749095403,-1.9356933330266883,9.31968604630659,10.36148193641492,10.443435871740782,9.457029624035624
05/17/2023 13:14:15.764239,3010,True,True,True,True,Eyes,2.244915,0.129971,-2.415706,-0.9853306,-0.1316893,-0.1085431,0.0,0.0,0.0,0.0,0.0,0.0,0.0,2.702624,0.5688834,2.095933,2.308812,0.1334298,-2.583084,0.1097055,-0.7194791,0.09131179,0.6796889,16.29154,266.4537,357.9859,0.6863887,0.04025577,-0.7261187,0.0,0.0,0.0,1.446441,0.02781666,-2.470986,0.101608,0.09075434,0.8020697,-0.05197582,-0.03373444,0.9980786,-0.2819889,0.9592537,0.0177374,-0.9580089,-0.2805251,-0.05937075,moving,-3.0540736498643635,8.615999370097681,7.2198999872412895,6.455571692760123,-0.862371,-0.10561314,0.11209800000000003,-0.05267881362994281,0.14960343259509534,0.9873417965116065,-1.8980229864941185,9.32587726480424,10.419794635794796,10.498665726888733,9.559036218776422
05/17/2023 13:14:15.784182,3011,True,True,True,True,Eyes,2.247285,0.1299984,-2.423219,-0.9859495,-0.1339554,-0.09979749,0.0,0.0,0.0,0.0,0.0,0.0,0.0,2.6885,0.591038,2.120588,2.311008,0.1333201,-2.59147,0.1123061,-0.7158873,0.09114092,0.6830711,16.49426,266.9981,357.8312,0.6857734,0.04016851,-0.7267047,0.0,0.0,0.0,1.446441,0.02551362,-2.470989,0.1016593,0.08917051,0.803775,-0.04160243,-0.03628558,0.9984751,-0.2853085,0.9581614,0.0229329,-0.9575325,-0.2839194,-0.05021442,moving,-3.1177124586115035,8.67783703746612,7.2083425687708385,6.330486864709734,-0.8645670000000001,-0.10780648,0.12048100000000028,-0.05376669862447053,0.15066020147859202,0.9871224091059656,-1.9153141014672088,9.353880369589326,10.511330805585029,10.589497875823366,9.611556550409892
05/17/2023 13:14:15.794372,3012,True,True,True,True,Eyes,2.24964,0.1300263,-2.430761,-0.9864875,-0.136193,-0.09107134,0.0,0.0,0.0,0.0,0.0,0.0,0.0,2.677759,0.6065455,2.142618,2.313322,0.1326753,-2.600006,0.1139385,-0.7128103,0.0912834,0.6859934,16.64599,267.4779,357.7752,0.6851449,0.0400823,-0.7273021,0.0,0.0,0.0,1.446442,0.02313276,-2.470992,0.1014714,0.08863951,0.8056946,-0.03286248,-0.03719345,0.9987677,-0.2876727,0.9573708,0.02618662,-0.9571649,-0.2864576,-0.0421611,moving,-3.100974607828086,8.69820310211054,7.178195199393604,6.2782192187016665,-0.8668799999999999,-0.10954254,0.12901400000000018,-0.053475414862186765,0.15101344284794263,0.987084307422205,-1.9036337065014988,9.360631967887322,10.482993491961466,10.560191945303679,9.590666537435972
05/17/2023 13:14:15.818985,3013,True,True,True,True,Eyes,2.251973,0.1300363,-2.438369,-0.9869588,-0.1383718,-0.08225313,0.0,0.0,0.0,0.0,0.0,0.0,0.0,2.668042,0.6137525,2.164859,2.315331,0.1327306,-2.608329,0.1145116,-0.7099086,0.09181976,0.6888295,16.74575,267.9553,357.8401,0.6845039,0.03999706,-0.7279101,0.0,0.0,0.0,1.446442,0.02090434,-2.470995,0.1023344,0.08801343,0.8076911,-0.02480212,-0.03608927,0.9990408,-0.2890818,0.9569125,0.02739071,-0.9569831,-0.2881252,-0.03416625,moving,-3.055901681524194,8.676701176395394,7.2208961631389466,6.21893595678637,-0.868889,-0.11182626000000001,0.13733400000000007,-0.05270184776102843,0.15064919608261207,0.9871815133447919,-1.887045745632194,9.349390762190882,10.490633880307593,10.566607015252945,9.630906141284417
05/17/2023 13:14:15.834168,3014,True,True,True,True,Eyes,2.254276,0.1300654,-2.445988,-0.9873474,-0.1404797,-0.0735564,0.0,0.0,0.0,0.0,0.0,0.0,0.0,2.661883,0.6119568,2.18477,2.317183,0.1322743,-2.616581,0.1138401,-0.7074919,0.09328184,0.6912267,16.8203,268.3831,358.0768,0.6838514,0.03991227,-0.7285277,0.0,0.0,0.0,1.446443,0.01852586,-2.470999,0.1039948,0.08626341,0.8094795,-0.01849248,-0.03212416,0.9993129,-0.2900397,0.9566779,0.02538639,-0.956836,-0.2893709,-0.0270087,moving,-2.941488854359693,8.644445475611844,7.320757109811155,6.082854431188492,-0.8707400000000001,-0.11374844,0.1455820000000001,-0.05073467841560775,0.1501087304719871,0.9873668719488025,-1.8405919336927172,9.329459779363882,10.503928643889088,10.577118743212198,9.719607120851663
05/17/2023 13:14:15.844805,3015,True,True,True,True,Eyes,2.256543,0.1301221,-2.453629,-0.9876649,-0.1425293,-0.06483383,0.0,0.0,0.0,0.0,0.0,0.0,0.0,2.658674,0.6064201,2.201418,2.318805,0.1327928,-2.624507,0.1128612,-0.7055613,0.09502544,0.6931205,16.89061,268.736,358.3511,0.6831874,0.03982836,-0.7291551,0.0,0.0,0.0,1.446443,0.01623896,-2.471002,0.105583,0.08435805,0.8112689,-0.01369304,-0.02753285,0.9995273,-0.2909891,0.956465,0.02236031,-0.9566285,-0.2905454,-0.02110862,moving,-2.7451798484456322,8.614974386345956,7.415110200236645,5.93644382609074,-0.8723619999999999,-0.11655383999999999,0.153505,-0.047354939598563295,0.14962570096656488,0.9876080400993348,-1.755848706600197,9.30523343509976,10.438050163330841,10.507426889375592,9.770119277708801
05/17/2023 13:14:15.864385,3016,True,True,True,True,Eyes,2.258775,0.1302102,-2.461272,-0.9878934,-0.1445741,-0.05625742,0.0,0.0,0.0,0.0,0.0,0.0,0.0,2.655654,0.6042337,2.21645,2.32023,0.1335092,-2.632291,0.1124126,-0.7036936,0.09668832,0.6948599,16.9957,269.0628,358.5716,0.6825126,0.03974618,-0.7297912,0.0,0.0,0.0,1.446444,0.01383618,-2.471005,0.1069241,0.08276321,0.8130325,-0.009066665,-0.02383838,0.9996749,-0.2925777,0.9560296,0.02014407,-0.9561989,-0.2922999,-0.01564255,moving,-2.541071773049988,8.61702929439853,7.492126560795573,5.812442108327769,-0.873786,-0.11967301999999999,0.16128600000000004,-0.04383603306680334,0.14968518263903363,0.9877614518509578,-1.6613720517524493,9.292645539078908,10.351890088950316,10.41781061886583,9.792770433811391
05/17/2023 13:14:15.884243,3017,True,True,True,True,Eyes,2.260966,0.1303209,-2.468957,-0.9880425,-0.1466259,-0.04767527,0.0,0.0,0.0,0.0,0.0,0.0,0.0,2.653203,0.6040647,2.230121,2.321614,0.1343925,-2.640051,0.1123113,-0.7018894,0.09858463,0.6964327,17.14707,269.3689,358.78,0.6818287,0.03966664,-0.7304346,0.0,0.0,0.0,1.446445,0.01155476,-2.471009,0.1080735,0.08161717,0.8147497,-0.004735314,-0.02034506,0.9997818,-0.2949753,0.9553345,0.0180435,-0.9554932,-0.2948255,-0.01052513,moving,-2.3190494302096885,8.66353831838295,7.555961075828199,5.720493911261377,-0.8751689999999999,-0.12283774,0.16904200000000014,-0.040003045759429035,0.15051116859397404,0.9877986698639953,-1.5499823669379362,9.296015337189337,10.241359207520507,10.304239073150827,9.782768496193983
05/17/2023 13:14:15.894814,3018,True,True,True,True,Eyes,2.263122,0.1304428,-2.476627,-0.9881032,-0.1486779,-0.03933036,0.0,0.0,0.0,0.0,0.0,0.0,0.0,2.653122,0.6043468,2.240577,2.322896,0.1350436,-2.647714,0.112334,-0.7004079,0.1009513,0.6975807,17.34581,269.617,359.0086,0.6811337,0.03958996,-0.7310869,0.0,0.0,0.0,1.446445,0.009070445,-2.471012,0.109852,0.080587,0.8164855,-0.001524607,-0.01651583,0.9998625,-0.2982025,0.9543799,0.01530986,-0.9545015,-0.2981381,-0.006380086,moving,-2.0504531260579117,8.757502296527658,7.662702542292611,5.636828382210788,-0.8764510000000001,-0.125973155,0.17670200000000014,-0.03536291069885589,0.15215756676945258,0.9877233764764727,-1.4078856412848793,9.314620592816988,10.142285185242734,10.202156571877717,9.78783559018291
05/17/2023 13:14:15.919894,3019,True,True,True,True,Eyes,2.265227,0.1305856,-2.484257,-0.9880997,-0.1506585,-0.03100262,0.0,0.0,0.0,0.0,0.0,0.0,0.0,2.655583,0.6052591,2.247455,2.324195,0.135473,-2.655048,0.1124479,-0.6994386,0.1027232,0.6982757,17.50185,269.7766,359.1683,0.6804302,0.03951639,-0.7317458,0.0,0.0,0.0,1.446446,0.006876464,-2.471015,0.1121155,0.07988337,0.8179769,0.0004672085,-0.01384263,0.999904,-0.3007591,0.9536068,0.0133422,-0.9537,-0.3007365,-0.003717759,moving,-1.7034306383567808,8.810295719367709,7.804579242707941,5.577800308777753,-0.8777490000000001,-0.128596536,0.1840329999999999,-0.029375658581291764,0.1530973263652775,0.9877744897252227,-1.2376577900994983,9.312218220526372,9.986245844040148,10.042473723038041,9.783042864930277
05/17/2023 13:14:15.934287,3020,True,True,True,True,Eyes,2.267275,0.1307514,-2.49186,-0.988035,-0.1525238,-0.02287395,0.0,0.0,0.0,0.0,0.0,0.0,0.0,2.657066,0.6088147,2.254102,2.325095,0.1361279,-2.662148,0.1128678,-0.6985658,0.1027688,0.6990745,17.54097,269.9119,359.1584,0.6797176,0.03944622,-0.7324116,0.0,0.0,0.0,1.446446,0.004536545,-2.471019,0.1155509,0.07905329,0.8197249,0.002888696,-0.01400513,0.9998977,-0.3013774,0.9533989,0.01422454,-0.9535006,-0.3013876,-0.001466663,moving,-1.367612194508092,8.747035908342463,8.023719698564362,5.5085015027558955,-0.8786490000000002,-0.131591355,0.1911290000000001,-0.023589634401183224,0.15202992865739318,0.9880942861494995,-1.095191849074281,9.265824937691924,9.881489419162536,9.934043477960412,9.862658222222692
05/17/2023 13:14:15.944738,3021,True,True,True,True,Eyes,2.269258,0.1309206,-2.49943,-0.9879209,-0.1542645,-0.0146579,0.0,0.0,0.0,0.0,0.0,0.0,0.0,2.655459,0.6155557,2.263153,2.325767,0.136819,-2.669143,0.1135863,-0.6974457,0.1011318,0.7003143,17.46722,270.0802,358.9913,0.6789973,0.03937992,-0.733083,0.0,0.0,0.0,1.446447,0.002199439,-2.471022,0.1195901,0.07852828,0.8211855,0.006683793,-0.01679247,0.9998367,-0.3000886,0.953741,0.01802434,-0.9538879,-0.3001601,0.001335378,moving,-1.0817544925380633,8.574611848232813,8.28579556462736,5.462467055264938,-0.8793199999999999,-0.134619561,0.198121,-0.01866811096221227,0.14907122879026696,0.9886502743789292,-0.997009953636826,9.180636272185344,9.821285267504905,9.870989782483669,9.99976302797074
05/17/2023 13:14:15.964553,3022,True,True,True,True,Eyes,2.271177,0.1310729,-2.506983,-0.9877532,-0.1558866,-0.006553078,0.0,0.0,0.0,0.0,0.0,0.0,0.0,2.650221,0.6256762,2.275319,2.326217,0.1370334,-2.67622,0.1145938,-0.6958768,0.09857056,0.7020739,17.34307,270.315,358.7346,0.6782699,0.03931733,-0.7337595,0.0,0.0,0.0,1.446447,-0.0001060206,-2.471025,0.123645,0.07854287,0.8228732,0.01207865,-0.02107867,0.999705,-0.297894,0.9543043,0.02372066,-0.9545227,-0.2980925,0.005247475,moving,-0.8800525894354683,8.357186697716877,8.54533912043709,5.45233789491933,-0.8797700000000002,-0.1371394206,0.2051949999999998,-0.015196152713442712,0.14532698526452373,0.9892669524944764,-0.9463793266757752,9.0836214254081,9.814667385171065,9.862867506544367,10.16262461955875
05/17/2023 13:14:15.984284,3023,True,True,True,True,Eyes,2.273023,0.1312139,-2.514534,-0.9875218,-0.1574724,0.001745701,0.0,0.0,0.0,0.0,0.0,0.0,0.0,2.642911,0.637247,2.289468,2.326646,0.1367374,-2.683421,0.1156963,-0.6939822,0.09602147,0.7041185,17.22964,270.6003,358.4785,0.6775355,0.03925762,-0.7344409,0.0,0.0,0.0,1.446448,-0.002466685,-2.471028,0.1269855,0.07940647,0.8243858,0.01833694,-0.02536139,0.9995102,-0.2958034,0.9547884,0.02965345,-0.9550729,-0.2962022,0.01000592,moving,-0.7159864310384862,8.15329439446196,8.756815603560339,5.501869339111524,-0.8801980000000003,-0.139204085,0.21239300000000005,-0.012369706839514827,0.14181119699650777,0.9898163892703049,-0.9104604829242877,8.99428908083663,9.789090884159917,9.836871108784525,10.278775344597662
05/17/2023 13:14:16.000909,3024,True,True,True,True,Eyes,2.274798,0.1313311,-2.522079,-0.9872295,-0.1589936,0.009960365,0.0,0.0,0.0,0.0,0.0,0.0,0.0,2.633981,0.6493673,2.305063,2.326777,0.1365873,-2.69078,0.1169003,-0.6917788,0.09387054,0.7063745,17.1591,270.9327,358.2534,0.6767932,0.03920019,-0.735128,0.0,0.0,0.0,1.446448,-0.004841011,-2.471032,0.1300335,0.08035861,0.8263507,0.02526097,-0.02912281,0.9992567,-0.2943538,0.9550453,0.03527551,-0.9553628,-0.2950261,0.01555299,moving,-0.5991406640981872,7.996199451017558,8.94266046014458,5.554273234112282,-0.8803289999999999,-0.141428311,0.21974800000000005,-0.010355130776022237,0.13909997378628358,0.9902243321295485,-0.8871938922190521,8.926087236336432,9.801354934446872,9.84931329298697,10.392072279111472
05/17/2023 13:14:16.019739,3025,True,True,True,True,Eyes,2.276494,0.131421,-2.529621,-0.9868535,-0.160572,0.0183501,0.0,0.0,0.0,0.0,0.0,0.0,0.0,2.625288,0.6604086,2.320608,2.326891,0.1361122,-2.698249,0.1179502,-0.6895284,0.09238137,0.7085931,17.13095,271.2758,358.0967,0.6760437,0.03914424,-0.7358204,0.0,0.0,0.0,1.446449,-0.00723394,-2.471035,0.1325938,0.08139278,0.828447,0.0320325,-0.03173849,0.9989829,-0.2935816,0.9551069,0.03975827,-0.9553972,-0.2945565,0.0212766,moving,-0.4733741058655652,7.879651114723347,9.093128014001733,5.611154733051627,-0.8804419999999997,-0.14334613999999998,0.22721400000000003,-0.008183841142455628,0.1370881567308265,0.990525005158658,-0.8519203689351071,8.872926730707173,9.78366859889594,9.831787154077492,10.466286060663759
05/17/2023 13:14:16.034414,3026,True,True,True,True,Eyes,2.278109,0.1315042,-2.537157,-0.9864104,-0.1621239,0.02665024,0.0,0.0,0.0,0.0,0.0,0.0,0.0,2.615984,0.6696447,2.336925,2.326728,0.1355645,-2.705729,0.1187729,-0.6871063,0.09163616,0.7109015,17.1455,271.6525,358.0251,0.6752866,0.03908888,-0.7365183,0.0,0.0,0.0,1.446449,-0.009526982,-2.471038,0.1358641,0.082416,0.8307853,0.03897561,-0.03293064,0.9986975,-0.2935078,0.9549916,0.0429441,-0.9551619,-0.2947992,0.02755602,moving,-0.37542658602211576,7.807163744727925,9.287761471249352,5.665350053027619,-0.880279,-0.145091482,0.23469099999999976,-0.006491650362696555,0.13583657449870187,0.9907099247385456,-0.820889547600923,8.83857034508199,9.848841797606207,9.897705255267446,10.595006014288446
05/17/2023 13:14:16.044234,3027,True,True,True,True,Eyes,2.279639,0.1315849,-2.544689,-0.9858965,-0.1636766,0.03490007,0.0,0.0,0.0,0.0,0.0,0.0,0.0,2.607706,0.6785006,2.351906,2.32643,0.1354872,-2.713175,0.1196531,-0.6848069,0.09123445,0.7130211,17.1927,272.0063,357.9739,0.6745219,0.03903395,-0.7372216,0.0,0.0,0.0,1.44645,-0.01196971,-2.471042,0.1387103,0.08416824,0.8332916,0.04543174,-0.03377434,0.9983964,-0.2939827,0.9547188,0.04567441,-0.9547305,-0.2955863,0.03344544,moving,-0.2555249685265669,7.7682599919032915,9.45083954705309,5.767709979125227,-0.8799800000000002,-0.14745691,0.24213299999999993,-0.004418810350964364,0.1351653865806496,0.9908131737978665,-0.7732003720149987,8.815717486949334,9.860293445894461,9.910384072422733,10.66870854576363
05/17/2023 13:14:16.064416,3028,True,True,True,True,Eyes,2.281082,0.1316336,-2.552228,-0.98524,-0.1656048,0.04332626,0.0,0.0,0.0,0.0,0.0,0.0,0.0,2.596689,0.6908538,2.368638,2.325942,0.1355141,-2.720689,0.1209935,-0.6821116,0.09070078,0.7154423,17.26934,272.4109,357.8827,0.6737489,0.0389794,-0.7379311,0.0,0.0,0.0,1.44645,-0.01426049,-2.471045,0.1412334,0.08709375,0.8359439,0.05299416,-0.0352798,0.9979715,-0.2948445,0.9542679,0.04939162,-0.9540746,-0.2968639,0.04016858,moving,-0.18105127177909824,7.7355983261433074,9.589609614301171,5.947965581103641,-0.8794919999999999,-0.14977458999999999,0.24964399999999998,-0.003131179622054614,0.1346012035960787,0.9908948904365635,-0.7452341635706781,8.798248167440885,9.879913139859264,9.932846771289535,10.720685926515795
05/17/2023 13:14:16.084778,3029,True,True,True,True,Eyes,2.282435,0.1316663,-2.559784,-0.9844527,-0.1678181,0.05186419,0.0,0.0,0.0,0.0,0.0,0.0,0.0,2.586143,0.7020503,2.385111,2.325327,0.1348422,-2.728449,0.1221114,-0.6793889,0.0907872,0.7178281,17.37771,272.8252,357.8633,0.6729676,0.03892437,-0.7386466,0.0,0.0,0.0,1.446451,-0.01650496,-2.471048,0.1428184,0.08972427,0.8387278,0.06037668,-0.03558301,0.9975413,-0.2962614,0.953693,0.05195029,-0.9531967,-0.2986696,0.04703896,moving,-0.10002450144548815,7.7183197051176045,9.66362552639983,6.106087140425413,-0.8788760000000002,-0.15134715999999998,0.25740099999999977,-0.0017299399700341778,0.1343028288747936,0.9909387896803636,-0.7112521690593789,8.786277696321648,9.840666275132824,9.895865586642628,10.715479859140808
05/17/2023 13:14:16.094795,3030,True,True,True,True,Eyes,2.283695,0.1316716,-2.567347,-0.9835936,-0.1700142,0.06032298,0.0,0.0,0.0,0.0,0.0,0.0,0.0,2.577053,0.7122775,2.399979,2.32458,0.1345176,-2.736178,0.1231825,-0.6768628,0.09111045,0.7199874,17.50074,273.2077,357.8633,0.6721769,0.03886845,-0.7393692,0.0,0.0,0.0,1.446451,-0.01884753,-2.471052,0.1446287,0.0876867,0.8418869,0.06711134,-0.03555853,0.9971118,-0.297952,0.95305,0.05404111,-0.9522189,-0.3007182,0.0533657,moving,0.01063014060737389,7.717658109983558,9.74775723789526,5.946199753255906,-0.8781290000000002,-0.15336513,0.2651260000000004,0.00018385039256640923,0.13429159406647626,0.9909418721806026,-0.6603785822621135,8.778769018721212,9.844909891391689,9.896954522395173,10.786692722725613
05/17/2023 13:14:16.119909,3031,True,True,True,True,Eyes,2.28487,0.1316486,-2.574903,-0.9826252,-0.1723773,0.06880329,0.0,0.0,0.0,0.0,0.0,0.0,0.0,2.56772,0.7218792,2.415031,2.323631,0.133884,-2.743991,0.1241195,-0.6743007,0.09140956,0.7221891,17.61086,273.5987,357.8741,0.6713769,0.03881108,-0.7400988,0.0,0.0,0.0,1.446452,-0.02127426,-2.471055,0.1422969,0.08750008,0.8468999,0.07392555,-0.03535776,0.9966368,-0.2994177,0.9524773,0.05600044,-0.951254,-0.3025506,0.05982567,moving,0.11711234481679947,7.694047915295307,9.537801457965069,5.898760887762033,-0.8771789999999997,-0.15515826,0.27293600000000007,0.002025592924048858,0.13388297061298957,0.9909951347500658,-0.6158966691646366,8.762689771959462,9.54099532623465,9.59022621619634,10.549866080221948
05/17/2023 13:14:16.134592,3032,True,True,True,True,Eyes,2.285948,0.1316004,-2.582467,-0.9815857,-0.1747222,0.07721138,0.0,0.0,0.0,0.0,0.0,0.0,0.0,2.559029,0.7298701,2.429709,2.322733,0.1332397,-2.751723,0.1248415,-0.6718353,0.09185605,0.7243028,17.71427,273.9792,357.9135,0.6705669,0.03875161,-0.7408359,0.0,0.0,0.0,1.446452,-0.02355057,-2.471058,0.1419929,0.09068219,0.8501469,0.08039952,-0.03468272,0.9961593,-0.3008091,0.9519541,0.05742184,-0.9502894,-0.3042704,0.06610379,moving,0.2344541751645353,7.664780509159135,9.482107920737633,6.088518425197187,-0.8762809999999999,-0.15679026999999998,0.28066499999999994,0.0040554259792564,0.1333759052496704,0.9910571891862708,-0.5675109565778977,8.74371843396787,9.330086691170953,9.381028832454797,10.394466155886628
05/17/2023 13:14:16.144881,3033,True,True,True,True,Eyes,2.286931,0.1315279,-2.590037,-0.9804537,-0.1771251,0.08565732,0.0,0.0,0.0,0.0,0.0,0.0,0.0,2.548477,0.7419428,2.444708,2.321496,0.1325989,-2.759509,0.1260978,-0.6691625,0.09174884,0.7265695,17.81999,274.3761,357.8669,0.6697471,0.03868966,-0.7415804,0.0,0.0,0.0,1.446453,-0.02590498,-2.471061,0.1470217,0.08745392,0.8543071,0.08760752,-0.03543605,0.9955247,-0.3020837,0.951363,0.06044791,-0.9492474,-0.3060274,0.07264186,moving,0.32693025951608,7.6342357261407034,9.764649618174369,5.84490846918001,-0.8750429999999998,-0.15850387999999999,0.2884479999999998,0.005655404059449198,0.13284651501112754,0.9911204544441634,-0.5308349753753356,8.725884828135605,9.558108891378724,9.605843988182189,10.690978804435092
05/17/2023 13:14:16.164454,3034,True,True,True,True,Eyes,2.287812,0.1314353,-2.59763,-0.9792624,-0.1794549,0.09402694,0.0,0.0,0.0,0.0,0.0,0.0,0.0,2.537687,0.7541953,2.460342,2.320141,0.1317042,-2.76795,0.1273025,-0.6664472,0.09105132,0.728939,17.87571,274.7786,357.7756,0.668917,0.03862488,-0.7423326,0.0,0.0,0.0,1.446454,-0.02832872,-2.471065,0.1512121,0.08492292,0.8575472,0.09511572,-0.03693902,0.9947807,-0.3024223,0.9510075,0.06422964,-0.9484165,-0.3069532,0.07928455,moving,0.4058479634879659,7.558045566674901,10.000219759365233,5.655562604614782,-0.8736870000000001,-0.16003292,0.29688500000000007,0.007021787869278373,0.13152729992899737,0.9912876668767949,-0.5092962906822753,8.691348892242797,9.735896032256008,9.781176390314931,10.939192200082987
05/17/2023 13:14:16.184305,3035,True,True,True,True,Eyes,2.288595,0.131291,-2.605243,-0.9780043,-0.1817316,0.1023769,0.0,0.0,0.0,0.0,0.0,0.0,0.0,2.527078,0.7649661,2.475657,2.318618,0.1311222,-2.776147,0.128342,-0.6638501,0.08997995,0.7312559,17.88865,275.1644,357.6632,0.6680753,0.03855699,-0.7430937,0.0,0.0,0.0,1.446454,-0.03058224,-2.471068,0.1563687,0.08160106,0.8606091,0.1024133,-0.03880296,0.9939848,-0.3019964,0.9508639,0.06823524,-0.9477921,-0.307168,0.0856628,moving,0.49993995721243273,7.443145223717865,10.298035612480051,5.4164663016748404,-0.8721639999999999,-0.16170444,0.3050790000000001,0.008651970443568746,0.1295374537399131,0.9915366893850593,-0.48830116125925027,8.640899853625552,9.963245214979326,10.005503781560808,11.257976404641566
05/17/2023 13:14:16.195122,3036,True,True,True,True,Eyes,2.289273,0.1311069,-2.612886,-0.9767067,-0.1838763,0.1106047,0.0,0.0,0.0,0.0,0.0,0.0,0.0,2.518283,0.7720889,2.490126,2.31702,0.1300573,-2.784439,0.1288293,-0.6615291,0.08879324,0.7334155,17.84539,275.52,357.5793,0.6672223,0.03848494,-0.7438635,0.0,0.0,0.0,1.446455,-0.03313667,-2.471072,0.1601458,0.08136296,0.863602,0.1089903,-0.04020406,0.9932294,-0.3006933,0.9510375,0.07149225,-0.9474729,-0.3064494,0.09156474,moving,0.623655910983485,7.280707656342322,10.505556513093635,5.382148664801782,-0.8705649999999998,-0.16319397,0.31336699999999995,0.010796882740280955,0.12672322070791256,0.9918792889485983,-0.46290830824680285,8.57018867413517,10.02096374521838,10.062628173312595,11.422382397647752
05/17/2023 13:14:16.214423,3037,True,True,True,True,Eyes,2.289855,0.130858,-2.620507,-0.9753486,-0.185979,0.1187726,0.0,0.0,0.0,0.0,0.0,0.0,0.0,2.511711,0.7765452,2.503012,2.315214,0.1288999,-2.792838,0.1289758,-0.6595101,0.08766044,0.7353417,17.77672,275.8358,357.5202,0.6663568,0.03840807,-0.744643,0.0,0.0,0.0,1.446455,-0.03521825,-2.471075,0.1623051,0.08338557,0.8668056,0.1147243,-0.04120091,0.9925427,-0.2990424,0.9513618,0.07405667,-0.9473184,-0.3053084,0.09682348,moving,0.7883365883485881,7.0967218600436475,10.605545859298944,5.494870816835167,-0.8687590000000001,-0.16411815000000002,0.32176300000000024,0.013653249962762404,0.1235331859759716,0.9922465173543318,-0.42283004377181466,8.488487747983651,9.90439820613379,9.947035972301585,11.427458920945226
05/17/2023 13:14:16.234347,3038,True,True,True,True,Eyes,2.290325,0.1305745,-2.628158,-0.9739504,-0.1879917,0.126806,0.0,0.0,0.0,0.0,0.0,0.0,0.0,2.505369,0.7827171,2.514609,2.313328,0.1271693,-2.800914,0.129307,-0.6575785,0.08651526,0.7371469,17.72313,276.1315,357.4421,0.6654794,0.03832517,-0.7454314,0.0,0.0,0.0,1.446456,-0.0375253,-2.471078,0.1623754,0.08572769,0.8702983,0.1202115,-0.04251011,0.9918377,-0.2976079,0.9515896,0.07685541,-0.9470897,-0.3044176,0.1017407,moving,0.9629245403988795,6.934053019887372,10.568415917803362,5.6257034712272675,-0.8668719999999999,-0.16469460000000002,0.32983600000000024,0.016682528324763468,0.12071005096136594,0.9925476308019923,-0.3740345441728723,8.414352643535375,9.65076020645122,9.694186048496851,11.29220024260191
05/17/2023 13:14:16.244263,3039,True,True,True,True,Eyes,2.290691,0.1302427,-2.635778,-0.9724807,-0.1900258,0.1348018,0.0,0.0,0.0,0.0,0.0,0.0,0.0,2.499258,0.7908715,2.525443,2.311156,0.126042,-2.809325,0.1300046,-0.6556381,0.08529121,0.7388932,17.69557,276.417,357.327,0.6645892,0.03823591,-0.7462297,0.0,0.0,0.0,1.446456,-0.03984616,-2.471081,0.1636702,0.08758281,0.8737183,0.1257283,-0.04442977,0.9910694,-0.2965141,0.9516484,0.08027869,-0.9467164,-0.3039593,0.1064751,moving,1.14095931314354,6.797536817241094,10.610026990125329,5.724291249825364,-0.8647,-0.16588815999999998,0.338244,0.019772265159137048,0.11833814395353055,0.9927765020574771,-0.31855793110440844,8.350070467807244,9.485507718694445,9.529695625739512,11.239603413026437
05/17/2023 13:14:16.264412,3040,True,True,True,True,Eyes,2.290944,0.1298554,-2.643441,-0.9709672,-0.191999,0.1426852,0.0,0.0,0.0,0.0,0.0,0.0,0.0,2.490669,0.8024947,2.537374,2.30871,0.1246717,-2.817802,0.1311223,-0.6533545,0.08393414,0.7408712,17.69602,276.7436,357.174,0.6636864,0.0381397,-0.7470376,0.0,0.0,0.0,1.446457,-0.04215399,-2.471085,0.1649738,0.08758581,0.8771979,0.132166,-0.04696998,0.9901143,-0.2957075,0.951524,0.08461204,-0.9460918,-0.303967,0.1118697,moving,1.2671668361263426,6.691967900530798,10.651150410992258,5.701928503688308,-0.8622529999999999,-0.16682569,0.34671699999999994,0.021963837622158366,0.11650339454379499,0.9929473977369396,-0.2809432563960743,8.301112377355333,9.392756042194604,9.436065161954613,11.236833573639988
05/17/2023 13:14:16.284261,3041,True,True,True,True,Eyes,2.291087,0.1294211,-2.651118,-0.9693616,-0.193989,0.1506863,0.0,0.0,0.0,0.0,0.0,0.0,0.0,2.483333,0.8131436,2.548538,2.306263,0.1229498,-2.826522,0.1320797,-0.6511862,0.08287288,0.7427273,17.70581,277.0562,357.0569,0.6627698,0.03803569,-0.7478563,0.0,0.0,0.0,1.446457,-0.04450659,-2.471088,0.1671742,0.08711625,0.8803676,0.1381775,-0.04891306,0.9891989,-0.2951208,0.9513741,0.08826704,-0.9454157,-0.3041297,0.1170232,moving,1.419200855378133,6.595437044597872,10.751959180172815,5.651271855806021,-0.8598059999999998,-0.16745639,0.35543400000000025,0.024603383112565047,0.11482327101816839,0.9930812125175639,-0.2296648715157681,8.25394443886622,9.33831044246674,9.38039582601666,11.285830558148497
05/17/2023 13:14:16.294965,3042,True,True,True,True,Eyes,2.291108,0.1289481,-2.658833,-0.9677178,-0.1959046,0.158568,0.0,0.0,0.0,0.0,0.0,0.0,0.0,2.477169,0.821949,2.558893,2.303648,0.1214545,-2.835199,0.1328395,-0.6491672,0.08199162,0.7444549,17.71236,277.3503,356.9677,0.6618392,0.03792348,-0.7486857,0.0,0.0,0.0,1.446458,-0.0469929,-2.471091,0.1702379,0.08531518,0.8835097,0.1437188,-0.05039195,0.9883347,-0.2945482,0.9512621,0.09133349,-0.9447679,-0.3042386,0.1218714,moving,1.5866638999895006,6.500294009091225,10.906299816016546,5.515605193577514,-0.8571899999999999,-0.1684474,0.3641079999999999,0.02751110249223554,0.11316547188405479,0.9931952872295158,-0.1710047782286488,8.20629993395531,9.331905500949407,9.371511386681394,11.399408548674025
05/17/2023 13:14:16.320130,3043,True,True,True,True,Eyes,2.29102,0.1284149,-2.666524,-0.9659942,-0.1977814,0.1665468,0.0,0.0,0.0,0.0,0.0,0.0,0.0,2.470589,0.8296294,2.569693,2.300732,0.1200507,-2.843878,0.1334571,-0.6470841,0.08112649,0.7462507,17.70861,277.6579,356.8929,0.6608937,0.03780288,-0.7495264,0.0,0.0,0.0,1.446458,-0.04929597,-2.471095,0.1734238,0.08412603,0.8864116,0.1494015,-0.05163448,0.9874275,-0.2937973,0.9512154,0.09419354,-0.9441199,-0.3041762,0.126943,moving,1.7497498454117382,6.396756363386191,11.06991891233736,5.421490879645408,-0.854274,-0.16934667,0.3727830000000001,0.0303442278782442,0.11136137435326668,0.9933166591507788,-0.11599674868367504,8.155707189002555,9.333098534771375,9.371056194466735,11.515235473138631
05/17/2023 13:14:16.334316,3044,True,True,True,True,Eyes,2.290806,0.1278317,-2.674251,-0.964238,-0.1995633,0.1744119,0.0,0.0,0.0,0.0,0.0,0.0,0.0,2.463628,0.8370685,2.580622,2.297714,0.1181927,-2.852419,0.1339799,-0.6449767,0.08021782,0.7480773,17.69392,277.9708,356.8224,0.659934,0.03767322,-0.7503781,0.0,0.0,0.0,1.446459,-0.05163411,-2.471098,0.1768452,0.08347995,0.8892714,0.1551404,-0.05280963,0.9864799,-0.2928461,0.951229,0.09697745,-0.9434897,-0.3039319,0.1321089,moving,1.902563492970967,6.287448434258157,11.247404382302259,5.36289881646346,-0.8512550000000001,-0.16982681,0.3813209999999998,0.03300041398785697,0.10945691258502158,0.9934435561100011,-0.06684696298623072,8.103564030516585,9.353396394135086,9.390465549837364,11.641457353780208
05/17/2023 13:14:16.344759,3045,True,True,True,True,Eyes,2.290472,0.1272013,-2.681971,-0.9624001,-0.2012814,0.1824061,0.0,0.0,0.0,0.0,0.0,0.0,0.0,2.455894,0.8453745,2.59188,2.294465,0.1164001,-2.861083,0.1346061,-0.6428319,0.07863201,0.7499769,17.63772,278.2834,356.6846,0.6589594,0.03753412,-0.7512411,0.0,0.0,0.0,1.446459,-0.0540072,-2.471101,0.1810472,0.08363344,0.8917971,0.1611683,-0.05511381,0.9853868,-0.2910026,0.9513963,0.1008086,-0.9430496,-0.3029973,0.1372967,moving,2.059175150806979,6.143497539611324,11.475877446407436,5.357574024109881,-0.8480060000000003,-0.1704073,0.38998199999999983,0.03572556057889109,0.10695060814908217,0.9936223586056452,-0.02269226774416566,8.037820966304547,9.412047601365542,9.449442200266907,11.806812827446207
05/17/2023 13:14:16.364393,3046,True,True,True,True,Eyes,2.290004,0.1265202,-2.689726,-0.9605321,-0.2028673,0.1903232,0.0,0.0,0.0,0.0,0.0,0.0,0.0,2.445979,0.853862,2.604771,2.291021,0.1147142,-2.869633,0.1352316,-0.6404771,0.07642226,0.7521043,17.53631,278.6253,356.4964,0.6579692,0.03738528,-0.752116,0.0,0.0,0.0,1.44646,-0.05632174,-2.471105,0.1861709,0.08354439,0.894092,0.1678974,-0.05827052,0.9840807,-0.2881806,0.9517441,0.1055232,-0.9427419,-0.30131,0.1430029,moving,2.1806018100923805,5.963038005966771,11.7622535580114,5.338245133674104,-0.8445610000000001,-0.17103594,0.39852799999999977,0.037843908157230655,0.10381244780991958,0.9938766479262101,-0.0018638087352380595,7.960314431206535,9.563919496159253,9.60200064318199,12.052788259139545
05/17/2023 13:14:16.384594,3047,True,True,True,True,Eyes,2.28938,0.1258634,-2.697481,-0.9585673,-0.204374,0.1984441,0.0,0.0,0.0,0.0,0.0,0.0,0.0,2.435764,0.858859,2.618889,2.287337,0.1128034,-2.878286,0.1353502,-0.6380202,0.07452808,0.7543583,17.41591,278.9975,356.3784,0.6569625,0.03722636,-0.7530034,0.0,0.0,0.0,1.44646,-0.05859176,-2.471108,0.1912098,0.08187249,0.8961844,0.1747518,-0.0602705,0.9827662,-0.285154,0.9522519,0.1091042,-0.9424168,-0.2993058,0.1492213,moving,2.2943141959277518,5.765347424330332,12.044030179332784,5.2198663530593645,-0.8408769999999999,-0.17139516,0.40717800000000004,0.039830460322329175,0.10037486094555642,0.9941521428085199,0.012053807722600673,7.87667297171377,9.727842497074077,9.764963459029351,12.321813049057011
05/17/2023 13:14:16.394466,3048,True,True,True,True,Eyes,2.288584,0.1255143,-2.705235,-0.9565781,-0.2057258,0.206483,0.0,0.0,0.0,0.0,0.0,0.0,0.0,2.425571,0.862343,2.632357,2.282827,0.1127534,-2.886575,0.1355518,-0.6355719,0.07272463,0.7565615,17.31051,279.3647,356.2606,0.6559384,0.03705921,-0.7539037,0.0,0.0,0.0,1.446461,-0.06101602,-2.471111,0.195444,0.07875565,0.8984059,0.181519,-0.06226451,0.9814143,-0.2823471,0.9526737,0.1126631,-0.9419825,-0.29755,0.1553482,moving,2.408119147217411,5.5921046416842906,12.273199750750303,5.0098300373541,-0.8363660000000002,-0.17376942,0.41546400000000006,0.041817618433890646,0.09736051665631462,0.9943702590379415,0.030774545423732924,7.802447299356731,9.847960168285322,9.882249694732915,12.556897948141904
05/17/2023 13:14:16.419798,3049,True,True,True,True,Eyes,2.287603,0.1251035,-2.713024,-0.9543262,-0.2074457,0.2150066,0.0,0.0,0.0,0.0,0.0,0.0,0.0,2.411744,0.8652812,2.648616,2.277895,0.1197614,-2.894346,0.1365255,-0.6329744,0.0681576,0.7589853,17.06915,279.7207,355.8384,0.6548963,0.03689354,-0.7548174,0.0,0.0,0.0,1.446462,-0.063316,-2.471114,0.198642,0.07574494,0.9005457,0.1893958,-0.06937305,0.9794471,-0.2762955,0.9534307,0.1209576,-0.9422261,-0.2935257,0.1614082,moving,2.54598909993288,5.2779691168566005,12.4390895857024,4.80783427023236,-0.8314330000000001,-0.1830774,0.42323200000000005,0.04423330105970574,0.09189768055097405,0.9947855466808928,0.03315268406336491,7.672345921639887,9.872451051387584,9.904264939688533,12.732348463991181
05/17/2023 13:14:16.436751,3050,True,True,True,True,Eyes,2.286572,0.1247873,-2.720851,-0.9520816,-0.2090689,0.2232281,0.0,0.0,0.0,0.0,0.0,0.0,0.0,2.374691,0.8995161,2.675806,2.272211,0.1179826,-2.90368,0.1405432,-0.6262759,0.06958003,0.7636654,17.56626,280.6415,355.8034,0.6538352,0.03672768,-0.7557447,0.0,0.0,0.0,1.446462,-0.0656852,-2.471118,0.2011935,0.07338611,0.9027222,0.2058742,-0.06976593,0.9760885,-0.2823094,0.9508125,0.1275034,-0.9369726,-0.3018086,0.1760521,moving,2.1000812736311167,5.654185988186173,12.564401172713909,4.64759623189016,-0.8257490000000001,-0.1836678,0.4325619999999999,0.036467072554467905,0.09845853169842222,0.994472741099764,-0.099116376789119,7.8465653270452815,10.482040326826262,10.512621646754921,13.061319994484814
05/17/2023 13:14:16.444710,3051,True,True,True,True,Eyes,2.285369,0.1244765,-2.728675,-0.9496247,-0.2109375,0.2317722,0.0,0.0,0.0,0.0,0.0,0.0,0.0,2.387074,0.8810526,2.678627,2.269991,0.1199339,-2.912419,0.1382904,-0.6261396,0.07387028,0.7637854,17.68326,280.7463,356.3691,0.6527551,0.03656424,-0.7566859,0.0,0.0,0.0,1.446463,-0.06799428,-2.471121,0.2032161,0.07148786,0.9047928,0.2049848,-0.0603361,0.9769036,-0.2860202,0.9508379,0.1187422,-0.9360414,-0.3037546,0.17765,moving,2.562282668593489,5.662206293451314,12.658545769182382,4.517566120611283,-0.823528,-0.18792818,0.44129799999999975,0.04448767490911243,0.09856568431117904,0.9941356572956381,0.11548100266902717,7.819357708160608,10.134225672969952,10.160941379694702,12.970362424564714
05/17/2023 13:14:16.464238,3052,True,True,True,True,Eyes,2.284064,0.1241639,-2.736511,-0.9471201,-0.2127421,0.240217,0.0,0.0,0.0,0.0,0.0,0.0,0.0,2.364355,0.9009497,2.695899,2.264654,0.1197844,-2.920059,0.1407339,-0.6215439,0.0759602,0.7668815,18.07596,281.3909,356.4756,0.6516554,0.03640331,-0.7576408,0.0,0.0,0.0,1.446463,-0.07043535,-2.471124,0.2052472,0.07023265,0.9068311,0.2158265,-0.05843961,0.9746813,-0.2914495,0.9488481,0.1214272,-0.9319207,-0.3102776,0.1877544,moving,2.428976255434665,5.937216234445773,12.75314173485017,4.42862791829324,-0.8181910000000001,-0.19021975,0.4489350000000001,0.0421540004145563,0.10334667053544733,0.9937516782193161,0.10758776574058837,7.934081456460385,10.408029749821484,10.433802353599896,13.122432689631585
05/17/2023 13:14:16.484185,3053,True,True,True,True,Eyes,2.282619,0.1239099,-2.744361,-0.9444653,-0.2145899,0.2488702,0.0,0.0,0.0,0.0,0.0,0.0,0.0,2.353525,0.9057765,2.709414,2.260878,0.1194317,-2.928242,0.141087,-0.6188707,0.0756799,0.7690033,18.0993,281.7883,356.4876,0.6505363,0.03624462,-0.7586095,0.0,0.0,0.0,1.446464,-0.07265447,-2.471128,0.2068442,0.06959177,0.9086423,0.2225433,-0.05823302,0.9731821,-0.2910254,0.948734,0.1233206,-0.9304723,-0.3106649,0.1941872,moving,2.5643316693482294,5.858188484680135,12.824326064958052,4.379661528066817,-0.814414,-0.19208617,0.4571139999999998,0.044507894936120285,0.10196547691314584,0.9937917253330149,0.1545869182854176,7.8947523083824205,10.341198838015963,10.365979305370873,13.148313703231635
05/17/2023 13:14:16.494337,3054,True,True,True,True,Eyes,2.281027,0.123737,-2.752228,-0.9417407,-0.216389,0.2574882,0.0,0.0,0.0,0.0,0.0,0.0,0.0,2.332672,0.9182647,2.72806,2.256008,0.1205926,-2.936455,0.1425903,-0.614939,0.07422162,0.7720165,18.14649,282.3371,356.3335,0.6493974,0.03608972,-0.7595921,0.0,0.0,0.0,1.446464,-0.07497735,-2.471131,0.2087856,0.06881547,0.9104362,0.2326825,-0.06076806,0.9706525,-0.2899693,0.9483183,0.1288806,-0.9283193,-0.3114477,0.2030362,moving,2.532185285903438,5.805577636162879,12.91601669407509,4.322491792749574,-0.809544,-0.19556995,0.46532399999999985,0.04395441403238565,0.10105538163930611,0.9939093207257561,0.129525816375879,7.876584071766921,10.464712341147948,10.48920866091742,13.271244135093585
05/17/2023 13:14:16.519669,3055,True,True,True,True,Eyes,2.279315,0.1235543,-2.760127,-0.9388738,-0.2182422,0.2662451,0.0,0.0,0.0,0.0,0.0,0.0,0.0,2.315934,0.9237114,2.745281,2.250875,0.1223718,-2.944817,0.1432703,-0.6114327,0.07356281,0.7747337,18.17679,282.8467,356.3057,0.6482382,0.0359406,-0.7605886,0.0,0.0,0.0,1.446465,-0.07729302,-2.471134,0.209949,0.06856009,0.9122863,0.2414772,-0.06121707,0.9684737,-0.2891834,0.9481243,0.1320352,-0.9263163,-0.31195,0.2112474,moving,2.562999557335559,5.729878031276347,12.960110150793502,4.297810351496193,-0.8044100000000003,-0.19966482000000002,0.47368299999999985,0.044494883705011534,0.09973975507682957,0.9940182644411425,0.12898841580469256,7.84539049768518,10.470999710974457,10.495271627359928,13.312513281560943
05/17/2023 13:14:16.534858,3056,True,True,True,True,Eyes,2.277499,0.1233803,-2.768027,-0.9359728,-0.2200623,0.2748227,0.0,0.0,0.0,0.0,0.0,0.0,0.0,2.306078,0.9220181,2.759516,2.246265,0.1219608,-2.953382,0.1427831,-0.6083313,0.07692306,0.7769356,18.38835,283.3489,356.7263,0.647059,0.03579654,-0.7615988,0.0,0.0,0.0,1.446465,-0.07963558,-2.471138,0.2112481,0.0691943,0.9138898,0.248032,-0.05419033,0.967235,-0.2932474,0.9473916,0.1282772,-0.9233018,-0.315456,0.2190922,moving,2.6266618810731988,5.816639576755867,13.015475616325642,4.32983448780669,-0.7998000000000003,-0.20159638,0.4822440000000001,0.04559238088781231,0.10123983615372312,0.9938168065780373,0.1752254924004264,7.874654002413871,10.47027016474681,10.49466722665826,13.320576888262062
05/17/2023 13:14:16.544254,3057,True,True,True,True,Eyes,2.275561,0.1232325,-2.775922,-0.9329579,-0.22194,0.2834294,0.0,0.0,0.0,0.0,0.0,0.0,0.0,2.307179,0.9120803,2.766926,2.241938,0.1220132,-2.961364,0.141388,-0.606593,0.08186024,0.7780445,18.62205,283.6795,357.3298,0.6458597,0.0356573,-0.7626227,0.0,0.0,0.0,1.446466,-0.08205263,-2.471141,0.2130414,0.06955664,0.9154277,0.2506875,-0.04414816,0.9670609,-0.2989118,0.9466166,0.1207006,-0.9207646,-0.319324,0.2241086,moving,2.8819345838401946,5.918812308655698,13.100872860472572,4.345137067566,-0.7954720000000002,-0.20406583,0.4902230000000003,0.05001068172579792,0.10299009561300126,0.993424382364212,0.31277956913016647,7.897296199747796,10.315985658089932,10.339398109466577,13.272270511424153
05/17/2023 13:14:16.564471,3058,True,True,True,True,Eyes,2.273514,0.1231122,-2.783807,-0.9298862,-0.2238349,0.2919069,0.0,0.0,0.0,0.0,0.0,0.0,0.0,2.302187,0.9120475,2.775116,2.237174,0.1224896,-2.968705,0.141351,-0.6043844,0.08463858,0.7794716,18.82426,284.031,357.6437,0.6446405,0.03552321,-0.7636598,0.0,0.0,0.0,1.446466,-0.08437634,-2.471144,0.2148014,0.07002994,0.916764,0.2551119,-0.03891389,0.9661283,-0.3028073,0.9457124,0.1180497,-0.9182733,-0.3226666,0.2294791,moving,3.083917957275292,5.9984821677016695,13.186750196188713,4.368237460892687,-0.790708,-0.20686594,0.49756100000000014,0.05350481874260893,0.10435242982829115,0.9931001210534174,0.42139003936068153,7.9147593486100165,10.210718678532558,10.233519289653344,13.248857967145343
05/17/2023 13:14:16.584394,3059,True,True,True,True,Eyes,2.271364,0.1230145,-2.791719,-0.9266886,-0.2257922,0.3004433,0.0,0.0,0.0,0.0,0.0,0.0,0.0,2.294079,0.916604,2.784802,2.232485,0.1230535,-2.976399,0.1418913,-0.6017961,0.08673503,0.7811435,19.03033,284.4199,357.8616,0.643402,0.03539461,-0.7647095,0.0,0.0,0.0,1.446467,-0.08667686,-2.471148,0.2166741,0.07034957,0.9181679,0.260637,-0.03527422,0.9647922,-0.3062842,0.9446878,0.1172813,-0.9155644,-0.3260686,0.2354167,moving,3.245730625445,6.080835656115629,13.278036871183419,4.381413877894887,-0.7860180000000001,-0.20973036,0.5052509999999999,0.0563008395591561,0.10576345805441249,0.9927962338118517,0.512007773125644,7.935890029517165,10.152989755811136,10.175224960096608,13.251633848130174
05/17/2023 13:14:16.595037,3060,True,True,True,True,Eyes,2.269134,0.1229492,-2.79959,-0.9234186,-0.2278421,0.3088463,0.0,0.0,0.0,0.0,0.0,0.0,0.0,2.288692,0.9185458,2.793125,2.228212,0.1234798,-2.983824,0.1420992,-0.5993553,0.09074593,0.7825256,19.33985,284.8082,358.2805,0.6421439,0.03527162,-0.7657719,0.0,0.0,0.0,1.446467,-0.08904713,-2.471151,0.2182626,0.0708966,0.919395,0.265077,-0.02831384,0.9638115,-0.3123579,0.9431459,0.1136145,-0.9122317,-0.3311707,0.2411623,moving,3.4224264733804617,6.247865526335697,13.354690075961479,4.409479201485003,-0.7817450000000001,-0.21252693,0.5126729999999999,0.0593437701355789,0.10863803987058776,0.9923084518541759,0.6259735106621269,7.988678224258578,10.07944666109977,10.100966515663425,13.222363292707906
05/17/2023 13:14:16.619778,3061,True,True,True,True,Eyes,2.266819,0.122931,-2.807441,-0.9199862,-0.2299594,0.3174019,0.0,0.0,0.0,0.0,0.0,0.0,0.0,2.282771,0.9226442,2.800738,2.224011,0.1242512,-2.990783,0.1426564,-0.5967683,0.09559552,0.7838228,19.73873,285.2158,358.7578,0.6408677,0.03515466,-0.7668456,0.0,0.0,0.0,1.446468,-0.09135389,-2.471154,0.2203867,0.07115144,0.9206055,0.2694584,-0.02040574,0.9627958,-0.3201256,0.9410213,0.109538,-0.9082465,-0.3377315,0.2470337,moving,3.5999295083280436,6.494179375508815,13.462855396391127,4.419470668043557,-0.7775429999999999,-0.21560509,0.5196290000000001,0.062387964886646996,0.11288194525151132,0.991647774280741,0.7557494077491618,8.071968491794426,10.058344746917884,10.078775882727879,13.22162179761187
05/17/2023 13:14:16.634265,3062,True,True,True,True,Eyes,2.264429,0.1229832,-2.815228,-0.9164851,-0.2320247,0.3259135,0.0,0.0,0.0,0.0,0.0,0.0,0.0,2.271729,0.9276415,2.811753,2.219969,0.1253702,-2.997206,0.1432853,-0.5937582,0.09899966,0.7855695,20.04054,285.6763,359.1088,0.6395743,0.03504454,-0.7679297,0.0,0.0,0.0,1.446468,-0.09368012,-2.471157,0.222558,0.07044087,0.9217954,0.2753005,-0.01461139,0.9612471,-0.3256958,0.9393368,0.1075574,-0.9045063,-0.3426848,0.2538411,moving,3.715331914345928,6.652120198157087,13.573703630010087,4.369880645781275,-0.7735009999999998,-0.21905032,0.526049,0.06436491211391099,0.1156005398508996,0.9912081934130182,0.8396942508580638,8.125271838069406,10.099925419393923,10.119096316303922,13.276217754897175
05/17/2023 13:14:16.644307,3063,True,True,True,True,Eyes,2.26195,0.1230829,-2.822985,-0.9128653,-0.2339324,0.3345929,0.0,0.0,0.0,0.0,0.0,0.0,0.0,2.253418,0.9317976,2.828544,2.215742,0.127127,-3.00352,0.1437378,-0.5902033,0.09947819,0.7881013,20.11982,286.2021,359.2146,0.6382651,0.03494257,-0.7690229,0.0,0.0,0.0,1.446469,-0.09610409,-2.471161,0.2253677,0.06907796,0.922816,0.2835283,-0.01287127,0.9588774,-0.3264668,0.9388871,0.1091351,-0.9016824,-0.3439846,0.261999,moving,3.7529734791266636,6.611910032024972,13.723991038125169,4.280926911202898,-0.7692730000000001,-0.22323109,0.532359,0.06502140597132267,0.11489997103387525,0.9912467129157035,0.8492141298373488,8.107307872123162,10.221424291641696,10.239857102099322,13.431346607703725
05/17/2023 13:14:16.664398,3064,True,True,True,True,Eyes,2.259395,0.1232134,-2.830684,-0.9092213,-0.2355979,0.3432349,0.0,0.0,0.0,0.0,0.0,0.0,0.0,2.231837,0.9316913,2.849092,2.211383,0.1283136,-3.009947,0.1434661,-0.5864762,0.09812462,0.7910973,20.00406,286.7575,359.2057,0.6369406,0.03484933,-0.7701244,0.0,0.0,0.0,1.446469,-0.09834594,-2.471164,0.2289721,0.06742074,0.9235039,0.2928344,-0.01302673,0.9560746,-0.3235312,0.9395781,0.1118958,-0.8997643,-0.3420869,0.2709262,moving,3.748741034232761,6.398374699647957,13.925018173801954,4.175491698261091,-0.7649140000000001,-0.22665954,0.538783,0.06497567168921647,0.11120524753242486,0.9916710616156434,0.8056838975194927,8.02529165645738,10.398045887483612,10.416228936576482,13.672523233513557
05/17/2023 13:14:16.684184,3065,True,True,True,True,Eyes,2.256746,0.1233602,-2.838346,-0.9054974,-0.237016,0.3519914,0.0,0.0,0.0,0.0,0.0,0.0,0.0,2.212433,0.9232267,2.870298,2.207017,0.1291463,-3.016324,0.1420413,-0.5831189,0.0964611,0.7940353,19.75922,287.2826,359.241,0.6356019,0.03476487,-0.7712335,0.0,0.0,0.0,1.44647,-0.1006962,-2.471167,0.2325353,0.06649219,0.9239074,0.3013351,-0.01246695,0.9534369,-0.318841,0.9410391,0.113075,-0.898631,-0.3380682,0.2795931,moving,3.7880906817745994,6.067387705384487,14.127168910108228,4.116391740465247,-0.7605470000000001,-0.2298425,0.5451570000000001,0.06569801649594387,0.10546973354566053,0.9922499570526706,0.7593712199687239,7.895154217043382,10.50307484659086,10.521545697602306,13.891618370042202
05/17/2023 13:14:16.694653,3066,True,True,True,True,Eyes,2.254012,0.1235108,-2.845935,-0.9017448,-0.2381892,0.3607244,0.0,0.0,0.0,0.0,0.0,0.0,0.0,2.193717,0.9099344,2.891728,2.202349,0.1296151,-3.02247,0.1399451,-0.5798346,0.0951571,0.7969645,19.47608,287.8135,359.3548,0.6342494,0.03468884,-0.7723495,0.0,0.0,0.0,1.44647,-0.1030204,-2.471171,0.2365955,0.06555104,0.9242423,0.309474,-0.01061627,0.9508488,-0.3139636,0.942721,0.1127117,-0.8975816,-0.3334132,0.2884145,moving,3.8294097596144216,5.707320167236299,14.358723984111087,4.056857567924032,-0.755879,-0.2326355,0.5512990000000002,0.06645645479787904,0.09922702727117927,0.992843093723103,0.7083037419795168,7.753680423180816,10.63894615831939,10.657883693769437,14.142152311792723
05/17/2023 13:14:16.719761,3067,True,True,True,True,Eyes,2.251183,0.1236677,-2.853472,-0.8978894,-0.2393134,0.369491,0.0,0.0,0.0,0.0,0.0,0.0,0.0,2.173643,0.8974167,2.913354,2.19759,0.129826,-3.02844,0.13792,-0.5763253,0.09431375,0.7999577,19.23061,288.3756,359.5097,0.6328842,0.03462058,-0.7734718,0.0,0.0,0.0,1.446471,-0.1053839,-2.471174,0.2400488,0.06539591,0.9244634,0.3179081,-0.008079525,0.9480872,-0.3098675,0.944166,0.1119495,-0.8960562,-0.3293711,0.2976545,moving,3.8469505734279363,5.385084827550729,14.55612053500147,4.046323985881877,-0.7511189999999999,-0.2352099,0.5572659999999998,0.06679672541256415,0.09363953854905395,0.9933628296988961,0.6536431557383731,7.6283453818652855,10.772474332164677,10.792525277109839,14.356523066613484
05/17/2023 13:14:16.734373,3068,True,True,True,True,Eyes,2.248262,0.123828,-2.860942,-0.8939644,-0.2403191,0.3782516,0.0,0.0,0.0,0.0,0.0,0.0,0.0,2.151837,0.8900442,2.9342,2.19267,0.1301097,-3.034366,0.1366028,-0.5725504,0.0936666,0.8029647,19.06449,288.9577,359.6361,0.6315075,0.0345596,-0.774599,0.0,0.0,0.0,1.446472,-0.1077455,-2.471177,0.2439871,0.06562998,0.924605,0.3268252,-0.00600207,0.9450657,-0.3068459,0.9451324,0.1121168,-0.8938852,-0.3266321,0.3070514,moving,3.8425195582749367,5.151209250714606,14.782385039006828,4.0601387201626595,-0.7461980000000001,-0.2378552,0.5631889999999999,0.06674490489607543,0.08958427509678843,0.9937402409686981,0.6060607627711603,7.538503324591616,10.97264443401958,10.994138967611248,14.596821239788236
05/17/2023 13:14:16.754416,3069,True,True,True,True,Eyes,2.245237,0.1239747,-2.868372,-0.8899115,-0.241466,0.3869777,0.0,0.0,0.0,0.0,0.0,0.0,0.0,2.128256,0.8876623,2.954394,2.18752,0.1303432,-3.040333,0.1359506,-0.568477,0.09331656,0.8060046,18.98074,289.5672,359.749,0.6301188,0.03450532,-0.7757314,0.0,0.0,0.0,1.446472,-0.1100105,-2.47118,0.2482442,0.06554294,0.9246165,0.3362519,-0.00414243,0.9417631,-0.3049968,0.9456189,0.113057,-0.8910173,-0.3252503,0.3167027,moving,3.8105798656548733,4.992580364448758,15.0285547494773,4.054721779128125,-0.7410480000000002,-0.2403537,0.569153,0.06620711190194756,0.08683579460558052,0.9940202263507323,0.5604511779228192,7.479463603750696,11.23450515514502,11.257110607084325,14.867914363573211
05/17/2023 13:14:16.764206,3070,True,True,True,True,Eyes,2.242116,0.1241135,-2.875733,-0.8858015,-0.24254,0.3956387,0.0,0.0,0.0,0.0,0.0,0.0,0.0,2.107816,0.8859795,2.971715,2.182265,0.130185,-3.046262,0.1353921,-0.5647326,0.09365617,0.808687,18.9511,290.1297,359.9125,0.6287186,0.03445677,-0.7768689,0.0,0.0,0.0,1.446473,-0.1124178,-2.471184,0.2523839,0.06495664,0.9245452,0.3446113,-0.001443574,0.9387443,-0.3043977,0.945795,0.1131982,-0.8880231,-0.324761,0.3254922,moving,3.826664076444411,4.888506216481018,15.268685038514585,4.018879412825678,-0.7357920000000002,-0.2426028,0.575078,0.06649655277293315,0.08502843246166669,0.9941570821969578,0.5475993987866912,7.438300454781643,11.452144080623501,11.47502045636909,15.11300111408631
05/17/2023 13:14:16.784496,3071,True,True,True,True,Eyes,2.238896,0.1242328,-2.88302,-0.8816199,-0.2435969,0.4042362,0.0,0.0,0.0,0.0,0.0,0.0,0.0,2.089097,0.885825,2.986905,2.176851,0.1301473,-3.052048,0.1350932,-0.5612019,0.09417872,0.8111305,18.95728,290.6548,0.06987187,0.6273073,0.03441327,-0.7780108,0.0,0.0,0.0,1.446473,-0.1147076,-2.471187,0.2563151,0.06471187,0.9242867,0.3523657,0.001153349,0.9358617,-0.3044116,0.9457604,0.1134499,-0.8849701,-0.324863,0.3336046,moving,3.876942702889371,4.820967679830195,15.4992926936356,4.004900907397644,-0.7303780000000002,-0.2448549,0.5808610000000001,0.06737567313380893,0.08385153777197826,0.9941978884704494,0.5576225331492108,7.408976106827563,11.627749324446588,11.650964950787008,15.324530503351259
05/17/2023 13:14:16.794580,3072,True,True,True,True,Eyes,2.235581,0.1243389,-2.890228,-0.8772017,-0.245242,0.4127635,0.0,0.0,0.0,0.0,0.0,0.0,0.0,2.069416,0.8907134,3.000764,2.171248,0.1298186,-3.057657,0.1354419,-0.5575175,0.0949027,0.8135253,19.03773,291.1879,0.2054119,0.6258854,0.03437387,-0.7791568,0.0,0.0,0.0,1.446474,-0.117228,-2.471191,0.2604015,0.06379919,0.9240171,0.3603355,0.003388998,0.9328167,-0.305434,0.9452979,0.1145511,-0.8814015,-0.3261907,0.3416595,moving,3.919369565812804,4.794197585174467,15.738610772387045,3.949745168694851,-0.7247739999999998,-0.2470466,0.5864659999999997,0.06811454060678646,0.08338282709900405,0.9941870455211352,0.5719650692913931,7.395878075747131,11.826572991471139,11.849369712473349,15.553230336373804
05/17/2023 13:14:16.820201,3073,True,True,True,True,Eyes,2.232162,0.1244293,-2.897372,-0.8725939,-0.2473406,0.4211919,0.0,0.0,0.0,0.0,0.0,0.0,0.0,2.048069,0.8973209,3.014855,2.165601,0.1296724,-3.063083,0.1360381,-0.5536798,0.0952607,0.8160011,19.11725,291.7332,0.292442,0.6244537,0.03433791,-0.7803064,0.0,0.0,0.0,1.446474,-0.1194555,-2.471194,0.2639443,0.06255692,0.9237252,0.3687282,0.004822584,0.9295248,-0.3061088,0.9448381,0.1165267,-0.8776885,-0.3275024,0.3498647,moving,3.9450646459530003,4.743000505229859,15.946704191139728,3.8742940138446222,-0.7191270000000001,-0.2491279,0.5918889999999997,0.06856548979622096,0.08249187365562949,0.9942303393786414,0.5738392679907562,7.374463024042479,12.010910154069546,12.033037968059634,15.766298203615632
05/17/2023 13:14:16.834468,3074,True,True,True,True,Eyes,2.22864,0.1245006,-2.904442,-0.8678919,-0.249425,0.429594,0.0,0.0,0.0,0.0,0.0,0.0,0.0,2.023356,0.9080407,3.029613,2.159826,0.1294439,-3.068462,0.1371531,-0.5494412,0.09523161,0.8186785,19.22126,292.3199,0.3163173,0.6230121,0.0343047,-0.7814592,0.0,0.0,0.0,1.446475,-0.1217808,-2.471197,0.2672691,0.060807,0.9234014,0.3780906,0.005212984,0.925754,-0.3066433,0.9442399,0.1199203,-0.8735088,-0.329217,0.3586068,moving,3.927123294343381,4.722226466461844,16.142546498682783,3.76755068940865,-0.7133509999999998,-0.25122469999999997,0.5972649999999997,0.06825618953044105,0.08213313424221352,0.9942813617869671,0.5615247207357825,7.367633090666086,12.231670889376622,12.25267194943232,15.991523784202123
05/17/2023 13:14:16.844334,3075,True,True,True,True,Eyes,2.225005,0.1245485,-2.911454,-0.8630297,-0.2518703,0.4378827,0.0,0.0,0.0,0.0,0.0,0.0,0.0,1.996646,0.9208894,3.044594,2.153838,0.1290664,-3.073842,0.1385412,-0.5450215,0.09452292,0.8214763,19.30827,292.9184,0.259891,0.6215613,0.03427356,-0.782615,0.0,0.0,0.0,1.446475,-0.1241812,-2.4712,0.2705939,0.05721755,0.9228565,0.388034,0.004280775,0.9216352,-0.3063126,0.9437435,0.1245826,-0.8692539,-0.3306507,0.3675158,moving,3.8893052552072445,4.668733595404025,16.341844546181374,3.547824715504665,-0.707363,-0.2532476,0.6026419999999999,0.06760503923768424,0.08120841896421403,0.9944017907377649,0.533677719477736,7.349496726545958,12.484411456951257,12.502886527130114,16.25886984081083
05/17/2023 13:14:16.864177,3076,True,True,True,True,Eyes,2.22126,0.1245705,-2.918409,-0.8580686,-0.2543191,0.446139,0.0,0.0,0.0,0.0,0.0,0.0,0.0,1.968739,0.9375954,3.05875,2.147615,0.1286008,-3.079315,0.1404674,-0.5405191,0.09308267,0.8242838,19.40211,293.5074,0.097342,0.6201009,0.03424374,-0.7837741,0.0,0.0,0.0,1.446476,-0.1264615,-2.471204,0.2740597,0.04614314,0.9239559,0.3983496,0.001602447,0.9172323,-0.3053036,0.9432091,0.1309441,-0.864932,-0.3321959,0.3762162,moving,3.85390108737946,4.628569989810609,16.521176255471786,2.8590244361709334,-0.701139,-0.25506229999999996,0.6081109999999996,0.06699434131928611,0.08051465077095099,0.9944994135212932,0.5095387725281086,7.3363390475054295,12.779077373486787,12.790275667497335,16.625849783216385
05/17/2023 13:14:16.884517,3077,True,True,True,True,Eyes,2.217386,0.1245545,-2.925338,-0.852966,-0.2569858,0.4543206,0.0,0.0,0.0,0.0,0.0,0.0,0.0,1.941213,0.9540335,3.072443,2.141246,0.1280106,-3.084975,0.1423429,-0.5359807,0.09208964,0.8270326,19.52152,294.1046,359.9839,0.6186306,0.03421449,-0.7849364,0.0,0.0,0.0,1.446476,-0.1287161,-2.471207,0.2693459,0.0536902,0.924284,0.4084885,-0.0002638022,0.9127635,-0.3049083,0.942516,0.1367278,-0.8603303,-0.3341609,0.3849265,moving,3.81535989898204,4.597646740808563,16.246667916626716,3.32448560564906,-0.6947700000000001,-0.2567267,0.6137679999999999,0.06632821106755321,0.07998146152426062,0.9945870702814419,0.48575320000807665,7.3269481185082626,12.480511218466361,12.49633379458301,16.261185038962235
05/17/2023 13:14:16.894779,3078,True,True,True,True,Eyes,2.213406,0.1245009,-2.932212,-0.8477726,-0.2596127,0.4624748,0.0,0.0,0.0,0.0,0.0,0.0,0.0,1.914008,0.968234,3.086102,2.13464,0.127137,-3.090644,0.1438631,-0.5313572,0.09196947,0.8297618,19.66265,294.7285,359.9842,0.6171497,0.0341848,-0.7861025,0.0,0.0,0.0,1.446477,-0.1311177,-2.47121,0.2773574,0.04922239,0.9254823,0.4184025,-0.0002598664,0.9082617,-0.3055108,0.9416901,0.1410069,-0.8553376,-0.3364815,0.393926,moving,3.7621391878016417,4.5835245505977,16.682925531632932,3.0444455772654333,-0.6881630000000001,-0.2582547,0.619434,0.06540560256064232,0.07974118814092782,0.9946675454716727,0.4584731006704672,7.324994375037525,12.99868752158149,13.012128335867683,16.779629158437082
05/17/2023 13:14:16.914409,3079,True,True,True,True,Eyes,2.209296,0.1244113,-2.939062,-0.8424926,-0.2623672,0.4704994,0.0,0.0,0.0,0.0,0.0,0.0,0.0,1.88866,0.9789141,3.099457,2.128115,0.1262058,-3.096311,0.1449011,-0.526934,0.09225506,0.8323661,19.78223,295.3371,0.05317975,0.6156583,0.0341538,-0.7872725,0.0,0.0,0.0,1.446477,-0.1333757,-2.471214,0.2756921,0.05274879,0.9252985,0.4276592,0.0008733859,0.9039397,-0.3062865,0.9409854,0.1439968,-0.8504682,-0.3384461,0.4026886,moving,3.725523750211667,4.535512505741525,16.591391964850025,3.262747574983272,-0.6816380000000002,-0.2595815,0.6250970000000002,0.06477422810205097,0.07891091461755563,0.9947750404081139,0.4322476190228075,7.308891414351228,12.912727553238508,12.928669517216752,16.65800786283087
05/17/2023 13:14:16.934467,3080,True,True,True,True,Eyes,2.205071,0.1242825,-2.945864,-0.8371084,-0.2651059,0.4785063,0.0,0.0,0.0,0.0,0.0,0.0,0.0,1.862953,0.9902691,3.112345,2.121254,0.1253196,-3.102014,0.1460347,-0.5224064,0.09276525,0.8349612,19.92495,295.9594,0.1421132,0.6141552,0.0341207,-0.7884469,0.0,0.0,0.0,1.446478,-0.1358176,-2.471217,0.2783939,0.05120789,0.9258218,0.4369724,0.002331857,0.8994719,-0.3074896,0.940137,0.1469443,-0.8452842,-0.3407889,0.4115309,moving,3.68031622690254,4.510468842303319,16.73599200168555,3.165846262084551,-0.674776,-0.2611372,0.6307969999999998,0.06399148970243379,0.07848006300891086,0.9948597185839019,0.40653429940563157,7.302203395143978,13.10957804970024,13.124735419028076,16.84519632366333
05/17/2023 13:14:16.944230,3081,True,True,True,True,Eyes,2.200719,0.1241048,-2.952643,-0.8316624,-0.267914,0.4863742,0.0,0.0,0.0,0.0,0.0,0.0,0.0,1.836367,1.003475,3.124856,2.114278,0.1242823,-3.107782,0.1473954,-0.5177518,0.09322773,0.8375658,20.08686,296.5927,0.2159773,0.6126403,0.03408476,-0.7896262,0.0,0.0,0.0,1.446478,-0.1381124,-2.47122,0.2789385,0.04936365,0.9265342,0.4464834,0.003540228,0.894785,-0.3087972,0.9391664,0.150369,-0.8398196,-0.3434443,0.4204154,moving,3.619045955625238,4.501793210252801,16.75472644740386,3.0497063870999557,-0.6678000000000002,-0.2623947,0.6365619999999996,0.0629283109784613,0.07833473754559193,0.9949391026421978,0.37660458462843804,7.302876352597779,13.201638663456647,13.215697413457516,16.92135723006092
05/17/2023 13:14:16.964401,3082,True,True,True,True,Eyes,2.196246,0.1238826,-2.959383,-0.8261358,-0.2707038,0.4941853,0.0,0.0,0.0,0.0,0.0,0.0,0.0,1.811909,1.016949,3.135796,2.107055,0.1230051,-3.113776,0.1487982,-0.51335,0.09357644,0.8399848,20.24598,297.1866,0.2708089,0.6111132,0.03404501,-0.7908105,0.0,0.0,0.0,1.446479,-0.1404697,-2.471224,0.2805099,0.04594234,0.9271634,0.4554305,0.004434479,0.8902604,-0.3099766,0.9382051,0.1539015,-0.8345644,-0.3460513,0.4286618,moving,3.594657999036061,4.4917823881986365,16.832998831689714,2.8367717516719413,-0.6605759999999998,-0.2634748,0.6425520000000002,0.06250565133463537,0.07816297483540598,0.9949792013043706,0.3634145040140928,7.300617011314706,13.329299346507849,13.341391539435515,17.063795662995197
05/17/2023 13:14:16.984411,3083,True,True,True,True,Eyes,2.191634,0.1236102,-2.966111,-0.8205742,-0.2735795,0.501809,0.0,0.0,0.0,0.0,0.0,0.0,0.0,1.788473,1.030729,3.145639,2.099661,0.121743,-3.119725,0.1502826,-0.509119,0.0936286,0.8422866,20.39549,297.7501,0.2873501,0.6095734,0.03400072,-0.7919998,0.0,0.0,0.0,1.44648,-0.142764,-2.471227,0.2823308,0.04558635,0.9275886,0.4640632,0.004700818,0.8857897,-0.3107477,0.9372976,0.1578259,-0.8295067,-0.3484983,0.4364261,moving,3.5892105729600026,4.468811785988264,16.928713011616757,2.813537935453706,-0.6531810000000002,-0.264507,0.648498,0.06241300403714045,0.07776452116790342,0.9950162456872134,0.3564308844532693,7.292121541511673,13.429799697799846,13.441810028087476,17.166777391774893
05/17/2023 13:14:16.994881,3084,True,True,True,True,Eyes,2.186898,0.1232973,-2.972802,-0.8148919,-0.2764617,0.5094311,0.0,0.0,0.0,0.0,0.0,0.0,0.0,1.763635,1.046621,3.15524,2.092046,0.1203333,-3.125736,0.1520521,-0.5047461,0.09324043,0.8446407,20.54753,298.3206,0.2456078,0.6080199,0.03395108,-0.7931952,0.0,0.0,0.0,1.44648,-0.145129,-2.47123,0.2863713,0.04404985,0.9275774,0.4730753,0.004013945,0.8810129,-0.3110047,0.9363728,0.1627333,-0.8243032,-0.3509842,0.4442232,moving,3.576887730506366,4.451527526227268,17.157044987923406,2.718884444065975,-0.6455659999999999,-0.26546230000000004,0.654506,0.062200449843837546,0.07746537957175267,0.9950528352337569,0.3473855208100125,7.286268214033612,13.67879204350199,13.690241896560414,17.419117253824282
05/17/2023 13:14:17.019028,3085,True,True,True,True,Eyes,2.182028,0.1229357,-2.97948,-0.809109,-0.2793983,0.5169905,0.0,0.0,0.0,0.0,0.0,0.0,0.0,1.733144,1.064236,3.166946,2.084321,0.1190711,-3.131671,0.154019,-0.4996463,0.09278312,0.8473625,20.71608,298.986,0.2040912,0.6064526,0.03389561,-0.7943966,0.0,0.0,0.0,1.446481,-0.147491,-2.471234,0.2894122,0.04283002,0.9273453,0.4834897,0.00333173,0.8753438,-0.3111519,0.9353389,0.1683024,-0.8181823,-0.3537374,0.4532633,moving,3.4742193357451465,4.449253327117519,17.332452236407672,2.644362074764203,-0.6378400000000002,-0.2665621,0.6604369999999999,0.06041746123826508,0.07743438105253654,0.9951651159594941,0.29962126161278446,7.292121955896713,13.964023490275803,13.975272861802262,17.65556577764069
05/17/2023 13:14:17.034094,3086,True,True,True,True,Eyes,2.177035,0.1225222,-2.986138,-0.8031604,-0.2823739,0.5245935,0.0,0.0,0.0,0.0,0.0,0.0,0.0,1.700294,1.081973,3.179644,2.076445,0.1176185,-3.137888,0.1559199,-0.494122,0.09282845,0.8502443,20.90853,299.7164,0.2310397,0.6048704,0.03383366,-0.7956046,0.0,0.0,0.0,1.446481,-0.1498474,-2.471237,0.2921412,0.04218079,0.9275455,0.4944528,0.003766835,0.8691964,-0.3119406,0.9341438,0.1734028,-0.8113012,-0.3568771,0.463065,moving,3.3228206638845332,4.4653759900394885,17.48242491837678,2.6037723297133923,-0.6299640000000002,-0.2674659,0.6666509999999999,0.05778630684338132,0.07772654047427367,0.9952986061574307,0.2329786972007315,7.308260002528248,14.270019567039773,14.281455137064095,17.879474242854894
05/17/2023 13:14:17.044647,3087,True,True,True,True,Eyes,2.171918,0.1220708,-2.99278,-0.7971119,-0.2853875,0.5321339,0.0,0.0,0.0,0.0,0.0,0.0,0.0,1.665717,1.102146,3.191979,2.068491,0.1160084,-3.144194,0.1580887,-0.4882773,0.09335411,0.8531579,21.15638,300.4898,0.3016156,0.6032731,0.03376457,-0.7968193,0.0,0.0,0.0,1.446482,-0.1521895,-2.47124,0.2946212,0.04242036,0.928029,0.5057408,0.004909358,0.8626716,-0.3136738,0.932586,0.1785839,-0.8036387,-0.3609146,0.4731866,moving,3.135324147315263,4.532974282914444,17.613072473132114,2.6171778352366046,-0.6220089999999998,-0.2681979,0.6729540000000003,0.05452384632022417,0.07891525041116486,0.9953890833448302,0.15972138029093141,7.34660237934994,14.59178841197091,14.603954006180233,18.082779678147993
05/17/2023 13:14:17.064824,3088,True,True,True,True,Eyes,2.166678,0.1215945,-2.999414,-0.7909333,-0.2884287,0.5396605,0.0,0.0,0.0,0.0,0.0,0.0,0.0,1.63085,1.124962,3.203159,2.060287,0.1147267,-3.150793,0.1606843,-0.4823858,0.09358066,0.8559948,21.43059,301.2545,0.3191772,0.6016598,0.03368808,-0.7980415,0.0,0.0,0.0,1.446482,-0.1545251,-2.471243,0.2963877,0.04348174,0.9286832,0.5170933,0.005185544,0.8559132,-0.3152327,0.9308465,0.1848058,-0.7957655,-0.3653737,0.4829691,moving,2.957119350654798,4.627909702216519,17.700396694930983,2.680679584090899,-0.6138050000000002,-0.2692518,0.6795500000000003,0.05142081118941183,0.08057772467487367,0.995421109759921,0.09606982279875176,7.3948710223200536,14.858007702826269,14.871312382677695,18.224596718093657
05/17/2023 13:14:17.084282,3089,True,True,True,True,Eyes,2.161316,0.1211025,-3.006027,-0.7847382,-0.2912899,0.5471162,0.0,0.0,0.0,0.0,0.0,0.0,0.0,1.600165,1.144334,3.21291,2.052076,0.1136851,-3.157353,0.162916,-0.477101,0.09347861,0.8585421,21.65014,301.9368,0.311666,0.6000303,0.03360436,-0.7992709,0.0,0.0,0.0,1.446483,-0.1567707,-2.471247,0.2967579,0.04346684,0.9298187,0.5272727,0.005055795,0.8496811,-0.3159655,0.9294402,0.1905431,-0.7887644,-0.368938,0.4916659,moving,2.8542852783237587,4.6784324112354465,17.700833297431725,2.6764945482747593,-0.605593,-0.2704558,0.6861060000000001,0.04963056986125741,0.08146282746367801,0.9954399022344644,0.05850977318944972,7.4210828476884165,14.967331206266493,14.980912632107374,18.269173420408634
05/17/2023 13:14:17.094317,3090,True,True,True,True,Eyes,2.155827,0.1205968,-3.01263,-0.7784463,-0.2940844,0.5545589,0.0,0.0,0.0,0.0,0.0,0.0,0.0,1.569443,1.159908,3.223421,2.043611,0.1128537,-3.163842,0.1647004,-0.4718914,0.09288499,0.8611416,21.79729,302.6098,0.2797114,0.5983842,0.03351377,-0.8005077,0.0,0.0,0.0,1.446483,-0.1591651,-2.47125,0.2959598,0.04043072,0.9315612,0.5373818,0.004532807,0.843327,-0.3154156,0.9284923,0.1959975,-0.7821342,-0.371324,0.5003846,moving,2.761432611804795,4.661274341243683,17.625209287274917,2.4851365242413026,-0.5971279999999999,-0.2720188,0.6925919999999999,0.04801845400249921,0.0811711231661632,0.9955427297285706,0.01237155706876436,7.4205570973648785,15.009998147939397,15.022231287556371,18.29126647184893
05/17/2023 13:14:17.114267,3091,True,True,True,True,Eyes,2.15019,0.1201317,-3.0192,-0.7721551,-0.2966741,0.561926,0.0,0.0,0.0,0.0,0.0,0.0,0.0,1.539231,1.170265,3.235153,2.035076,0.1120254,-3.170313,0.1658053,-0.4668199,0.09191249,0.8637938,21.85485,303.2713,0.2459718,0.5967211,0.03341672,-0.8017522,0.0,0.0,0.0,1.446484,-0.1615088,-2.471253,0.2948179,0.03543547,0.9333196,0.5472625,0.003984467,0.8369515,-0.3135893,0.9281214,0.20063,-0.7759932,-0.3722564,0.5091755,moving,2.6766381470335543,4.566470796064202,17.530335192425323,2.1743121608473746,-0.588592,-0.2735342,0.6990600000000002,0.04655123649260989,0.07952928362472426,0.9957449095877753,-0.045171577539899754,7.38957958176447,15.034791562040137,15.04509019090024,18.33296082177597
05/17/2023 13:14:17.134602,3092,True,True,True,True,Eyes,2.144418,0.1199025,-3.025738,-0.7657245,-0.2993076,0.5692811,0.0,0.0,0.0,0.0,0.0,0.0,0.0,1.50874,1.178254,3.246755,2.025795,0.1125189,-3.176395,0.166824,-0.4617557,0.09062216,0.8664521,21.8872,303.9268,0.1837358,0.5950403,0.03331505,-0.8030046,0.0,0.0,0.0,1.446484,-0.1638451,-2.471257,0.2941643,0.0284062,0.9348863,0.5571386,0.002975656,0.8304142,-0.3111033,0.9279148,0.2053994,-0.7699424,-0.3727806,0.5179029,moving,2.600394400646482,4.444696213212316,17.466311858958548,1.7403771788725853,-0.5793109999999999,-0.276364,0.7051379999999998,0.045233699384692794,0.07741747921530406,0.995972121340323,-0.10402533512882739,7.347647266189211,15.101350198059539,15.109892233793055,18.44337894600786
05/17/2023 13:14:17.144773,3093,True,True,True,True,Eyes,2.138509,0.1195417,-3.032268,-0.7589869,-0.3020659,0.5767972,0.0,0.0,0.0,0.0,0.0,0.0,0.0,1.469553,1.194378,3.259162,2.016803,0.1179346,-3.182273,0.1696631,-0.455869,0.08761784,0.8693222,22.01617,304.627,359.8546,0.5933411,0.03321563,-0.8042651,0.0,0.0,0.0,1.446485,-0.1662855,-2.47126,0.2933378,0.02048993,0.9360842,0.5690132,-0.002352016,0.8223252,-0.3070245,0.9270751,0.2150993,-0.762863,-0.3748683,0.5267957,moving,2.4805588694090477,4.423635776348484,17.39926394237821,1.253946032829377,-0.5703179999999999,-0.2842201,0.7110129999999999,0.04315170357330894,0.07705848080865653,0.9960922915354999,-0.16336023095056929,7.347386394752588,15.24331761606733,15.25171118676216,18.58966872480269
05/17/2023 13:14:17.164388,3094,True,True,True,True,Eyes,2.132544,0.1192535,-3.038804,-0.7521793,-0.3048798,0.5841872,0.0,0.0,0.0,0.0,0.0,0.0,0.0,1.406773,1.237652,3.271499,2.007214,0.1145185,-3.189275,0.1744058,-0.445822,0.09009495,0.8733317,22.64131,305.9359,0.1153262,0.5916231,0.03311479,-0.8055338,0.0,0.0,0.0,1.446485,-0.1685548,-2.471263,0.2918813,0.01339744,0.937156,0.5862513,0.001857684,0.8101271,-0.3128734,0.922931,0.2242956,-0.7472749,-0.3849608,0.5416507,moving,1.8251032443216502,4.8775968107722205,17.29942654233039,0.8190359788029443,-0.5607289999999998,-0.28307329999999997,0.7180119999999999,0.03173345550323675,0.08498451691188594,0.9958768478719886,-0.3770747850230711,7.565303780302882,15.984972866461343,15.997706009240552,18.920117029909818
05/17/2023 13:14:17.184256,3095,True,True,True,True,Eyes,2.126471,0.1191447,-3.045235,-0.7452837,-0.3076197,0.5915424,0.0,0.0,0.0,0.0,0.0,0.0,0.0,1.399252,1.249283,3.272446,1.999878,0.1161091,-3.196018,0.1755633,-0.4424601,0.09641782,0.874134,23.09481,306.4738,0.8225182,0.5898871,0.03301463,-0.8068101,0.0,0.0,0.0,1.446486,-0.1708459,-2.471267,0.2901009,0.007653452,0.938205,0.5898654,0.01320469,0.8073936,-0.3239237,0.9197623,0.2216097,-0.7396839,-0.3922538,0.5468133,moving,1.9521840750009862,5.141810871175227,17.182049942903337,0.4673826847173889,-0.5533920000000001,-0.286955,0.7247509999999999,0.033928525530577736,0.08956952699639155,0.9954025513833606,-0.2670537356441651,7.6587978603747215,15.914847294159337,15.931073197517126,18.872934891356316
05/17/2023 13:14:17.194855,3096,True,True,True,True,Eyes,2.120287,0.1190688,-3.051625,-0.7381555,-0.3104055,0.5989782,0.0,0.0,0.0,0.0,0.0,0.0,0.0,1.354001,1.271294,3.282156,1.990512,0.1203279,-3.200849,0.1787471,-0.43525,0.09693252,0.8770468,23.44814,307.3996,0.9011929,0.5881339,0.03292003,-0.8080928,0.0,0.0,0.0,1.446486,-0.1731702,-2.47127,0.2880062,0.003341131,0.9392148,0.602323,0.01442929,0.7981221,-0.3256281,0.9173071,0.2291594,-0.7288164,-0.3979189,0.5572137,moving,1.6673370538701213,5.332041672820378,17.047934055013837,0.20382121064189507,-0.5440260000000001,-0.2934981,0.7295789999999998,0.02897061665862366,0.09288840978648163,0.9952549660180039,-0.3613024780003651,7.750782753296096,16.193154342385625,16.21300124037179,18.97467114836876
05/17/2023 13:14:17.214232,3097,True,True,True,True,Eyes,2.114077,0.1190351,-3.057926,-0.7310076,-0.3131137,0.6062902,0.0,0.0,0.0,0.0,0.0,0.0,0.0,1.312726,1.288344,3.292335,1.98163,0.1211149,-3.206403,0.1806215,-0.428216,0.09916323,0.8798714,23.7517,308.3583,1.240272,0.5863634,0.03283139,-0.8093821,0.0,0.0,0.0,1.446487,-0.1754878,-2.471273,0.2866514,-4.702061e-05,0.9398128,0.6135955,0.01981181,0.7893718,-0.3291917,0.9150851,0.2329208,-0.7177279,-0.4027739,0.568014,moving,1.372439897815125,5.472082036510172,16.96217976239718,-0.0028666160972511765,-0.5351429999999999,-0.2966027,0.7351299999999998,0.023842216557218854,0.09533362131533081,0.9951598647242733,-0.469956523875781,7.824083735314206,16.50013126787042,16.523167123588223,19.10865058832398
05/17/2023 13:14:17.234662,3098,True,True,True,True,Eyes,2.107791,0.1190517,-3.064168,-0.7237131,-0.3158275,0.6135897,0.0,0.0,0.0,0.0,0.0,0.0,0.0,1.281673,1.305056,3.298539,1.973718,0.1221297,-3.211812,0.1823908,-0.4222876,0.1029613,0.8819329,24.12142,309.1978,1.730864,0.5845782,0.0327493,-0.8106757,0.0,0.0,0.0,1.446488,-0.177866,-2.471277,0.2858119,-0.003087088,0.9401603,0.6221442,0.02756727,0.7824171,-0.3356528,0.9122651,0.2347544,-0.7073002,-0.4086716,0.5768135,moving,1.2162862961031653,5.673686736846708,16.909448588083908,-0.1881343827225536,-0.5272300000000001,-0.2999957,0.7405349999999999,0.02112266500052995,0.09884069889366363,0.994879052990582,-0.5026737898406766,7.912015779040054,16.72548413679675,16.75220252863111,19.20402141081198
05/17/2023 13:14:17.244647,3099,True,True,True,True,Eyes,2.101455,0.1191034,-3.070304,-0.7165294,-0.3183168,0.6206932,0.0,0.0,0.0,0.0,0.0,0.0,0.0,1.24521,1.31942,3.306748,1.965569,0.1233836,-3.216724,0.1842191,-0.4163834,0.1030018,0.8843523,24.30573,309.9642,1.808913,0.5827788,0.03267452,-0.8119733,0.0,0.0,0.0,1.446488,-0.1801425,-2.47128,0.2847757,-0.004469097,0.9402525,0.632031,0.0287683,0.774409,-0.3355913,0.9109079,0.2400526,-0.6985093,-0.4116056,0.5853764,moving,1.073619123203187,5.711533293836652,16.850065734668075,-0.27232947327816476,-0.5190809999999999,-0.3035261,0.745444,0.01864410540623862,0.09950274891142447,0.9948626111406095,-0.5610618134551579,7.9359535510564285,16.84513124122326,16.873140824993577,19.248981082244203
05/17/2023 13:14:17.264786,3100,True,True,True,True,Eyes,2.095035,0.1191955,-3.076373,-0.7093197,-0.3206526,0.6277321,0.0,0.0,0.0,0.0,0.0,0.0,0.0,1.208081,1.328782,3.316325,1.957097,0.1242088,-3.221409,0.1856939,-0.4110262,0.09969853,0.8869247,24.2897,310.5987,1.521401,0.5809664,0.03260734,-0.8132738,0.0,0.0,0.0,1.446489,-0.1824861,-2.471283,0.2834309,-0.005852267,0.9404387,0.6422352,0.02420004,0.7661255,-0.3295003,0.9111559,0.2474356,-0.6920718,-0.4113505,0.5931504,moving,1.0138882492577694,5.560388200298312,16.771839181574105,-0.3565419750694646,-0.5106080000000002,-0.3066949,0.7501259999999998,0.01761153111514535,0.09687979745058557,0.9951403191927124,-0.6180235393104532,7.881619770180295,16.80461525228712,16.832203666943524,19.242521518556426
05/17/2023 13:14:17.284429,3101,True,True,True,True,Eyes,2.088565,0.1192829,-3.082323,-0.702234,-0.3227884,0.6345669,0.0,0.0,0.0,0.0,0.0,0.0,0.0,1.171779,1.329623,3.328485,1.948651,0.12523,-3.225965,0.186242,-0.4061304,0.09466369,0.8896127,24.09546,311.154,1.076539,0.5791423,0.03254818,-0.8145761,0.0,0.0,0.0,1.446489,-0.1848039,-2.471286,0.2814936,-0.006372124,0.9407126,0.6521937,0.01715099,0.7578583,-0.3197051,0.9127054,0.2544748,-0.6873369,-0.4082581,0.6007441,moving,1.0002083502960584,5.243707437851556,16.65899369716875,-0.38809964696536176,-0.502162,-0.3100339,0.7546789999999999,0.017383011160721273,0.09137844813984913,0.995664553273194,-0.6859926452468805,7.760471989916308,16.61565232608852,16.640757482158946,19.163709738460796
05/17/2023 13:14:17.294363,3102,True,True,True,True,Eyes,2.082027,0.119333,-3.088201,-0.6950266,-0.3248164,0.6414299,0.0,0.0,0.0,0.0,0.0,0.0,0.0,1.129781,1.332392,3.34085,1.939982,0.1251404,-3.230133,0.1868144,-0.4003346,0.09054154,0.892544,23.95218,311.8447,0.7553716,0.5773072,0.03249616,-0.8158799,0.0,0.0,0.0,1.44649,-0.1872607,-2.47129,0.2795038,-0.006794348,0.9409066,0.6630688,0.01204804,0.7484615,-0.3112012,0.9138052,0.2609864,-0.6808036,-0.405974,0.6096651,moving,0.8812313902250133,4.9846469486147855,16.544471414075982,-0.41372937425209416,-0.49349200000000004,-0.3124011,0.7588429999999997,0.01532163033418743,0.08687859807450292,0.9961010701083709,-0.7912749977012845,7.6684327969196096,16.544244516065717,16.567424512218448,19.12719135196193
05/17/2023 13:14:17.314427,3103,True,True,True,True,Eyes,2.075466,0.1193627,-3.093963,-0.6877913,-0.3269849,0.6480926,0.0,0.0,0.0,0.0,0.0,0.0,0.0,1.091018,1.335199,3.351895,1.931721,0.1242908,-3.234391,0.1869624,-0.39442,0.08947289,0.89525,23.91218,312.6151,0.797118,0.5754619,0.03244966,-0.8171842,0.0,0.0,0.0,1.44649,-0.1897224,-2.471293,0.2778938,-0.00657244,0.9409187,0.672855,0.01271781,0.7396652,-0.3076846,0.9140794,0.2641763,-0.6727529,-0.405336,0.6189559,moving,0.7146808755015212,4.815642861100494,16.454139368506308,-0.4002119935458691,-0.48523099999999997,-0.3140132,0.7630979999999998,0.01242918710452956,0.08394341803021639,0.9963930114346373,-0.900949014493299,7.614218711492758,16.55952128282208,16.58118498533077,19.11622850636584
05/17/2023 13:14:17.337142,3104,True,True,True,True,Eyes,2.06885,0.1193804,-3.099631,-0.6803629,-0.3291535,0.6548009,0.0,0.0,0.0,0.0,0.0,0.0,0.0,1.053175,1.342133,3.360328,1.923693,0.1238357,-3.238267,0.1874633,-0.3882311,0.09078251,0.8977153,24.02069,313.459,1.093766,0.5736086,0.03240764,-0.8184878,0.0,0.0,0.0,1.446491,-0.1917764,-2.471296,0.276429,-0.005660757,0.9408007,0.6820703,0.01743551,0.7310787,-0.3085518,0.9132321,0.2660882,-0.6630051,-0.4070665,0.6282683,moving,0.5126882896661011,4.793899915120251,16.37400767181247,-0.3447420595611622,-0.4772020000000001,-0.3156121,0.7669709999999998,0.008916679265209781,0.08356842403762203,0.996462107776417,-0.9982842473797746,7.619080424778936,16.652006381239705,16.67294496741382,19.110703678507317
05/17/2023 13:14:17.344769,3105,True,True,True,True,Eyes,2.06222,0.1194027,-3.105167,-0.6728405,-0.3315471,0.6613337,0.0,0.0,0.0,0.0,0.0,0.0,0.0,1.016049,1.353126,3.366117,1.915653,0.1235939,-3.241765,0.1883856,-0.381876,0.09355186,0.8999609,24.23812,314.3452,1.540025,0.5717477,0.03236942,-0.8197903,0.0,0.0,0.0,1.446491,-0.1941506,-2.471299,0.2746878,-0.004984654,0.9406826,0.6908375,0.02450614,0.7225947,-0.3122659,0.9115178,0.267629,-0.6520994,-0.4105298,0.6373631,moving,0.28336255670647686,4.86953390985617,16.2782803646351,-0.3036060871618528,-0.4691620000000001,-0.3177445,0.7704659999999999,0.0049277393265286795,0.08488609361140773,0.9963785170360082,-1.0892565824310099,7.663261670706715,16.7895151526202,16.810674380022352,19.107650862392063
05/17/2023 13:14:17.364510,3106,True,True,True,True,Eyes,2.055558,0.1194273,-3.110608,-0.6650521,-0.3340968,0.667896,0.0,0.0,0.0,0.0,0.0,0.0,0.0,0.9776354,1.372216,3.368345,1.907805,0.1237538,-3.244913,0.1903628,-0.3751924,0.09718607,0.9019688,24.60307,315.2746,2.046735,0.5698811,0.03233482,-0.8210903,0.0,0.0,0.0,1.446492,-0.1964975,-2.471303,0.273185,-0.004887857,0.9406005,0.699571,0.03247226,0.7138249,-0.3181629,0.9086338,0.2704756,-0.6398224,-0.4163294,0.6459854,moving,0.03799908994791678,5.087262948621797,16.19524167784571,-0.2977364525721415,-0.46131299999999986,-0.3202513,0.7736100000000001,0.0006605966841220501,0.08867285344602302,0.9960606020591373,-1.1599523170685537,7.763255764203065,17.00806321690845,17.03099253111918,19.135891777495466
05/17/2023 13:14:17.384301,3107,True,True,True,True,Eyes,2.048899,0.1194534,-3.115925,-0.6572537,-0.3369384,0.6741589,0.0,0.0,0.0,0.0,0.0,0.0,0.0,0.9363281,1.399162,3.367816,1.900258,0.1238882,-3.24811,0.1933841,-0.3680908,0.1008309,0.9038501,25.07538,316.2447,2.525192,0.56801,0.0323036,-0.822387,0.0,0.0,0.0,1.446492,-0.1988184,-2.471306,0.2716965,-0.00457307,0.9403838,0.7086846,0.03990617,0.7043959,-0.3246377,0.9048715,0.2753506,-0.6263995,-0.4238103,0.6542236,moving,-0.2507371670920039,5.400350521617226,16.11510913951793,-0.2786261790105084,-0.4537659999999999,-0.3227066,0.7768040000000003,-0.004356751676413917,0.09411351701792153,0.9955520069975288,-1.2320710925603504,7.902842964950846,17.297589214825557,17.3231550734227,19.17970540331105
05/17/2023 13:14:17.394438,3108,True,True,True,True,Eyes,2.042203,0.1194864,-3.121141,-0.6492766,-0.3399476,0.6803495,0.0,0.0,0.0,0.0,0.0,0.0,0.0,0.8997135,1.428896,3.364073,1.892727,0.1239792,-3.251219,0.1968858,-0.3616159,0.1041372,0.9053317,25.58243,317.1198,2.933727,0.5661362,0.03227554,-0.8236793,0.0,0.0,0.0,1.446493,-0.2012256,-2.471309,0.2701993,-0.003790073,0.9401959,0.7167788,0.04616331,0.6957709,-0.3309515,0.9007829,0.2811787,-0.6137583,-0.4318092,0.6609398,moving,-0.44417794209669736,5.737023630295323,16.033919141342974,-0.2309667705282883,-0.446234,-0.3252048,0.7799099999999997,-0.007713462096972601,0.09995974020168119,0.9949615414903537,-1.2556741698826408,8.045272842323683,17.49732421827958,17.5255411589938,19.1683640146184
05/17/2023 13:14:17.414638,3109,True,True,True,True,Eyes,2.035522,0.1195255,-3.12622,-0.6415139,-0.3430941,0.6861096,0.0,0.0,0.0,0.0,0.0,0.0,0.0,0.8643374,1.458665,3.359001,1.885046,0.124233,-3.25405,0.2007362,-0.3556613,0.1055236,0.9066834,26.04454,317.88,3.098561,0.5642599,0.03225057,-0.8249668,0.0,0.0,0.0,1.446493,-0.2035357,-2.471313,0.2696714,-0.002727509,0.9396804,0.7247397,0.04856476,0.6873091,-0.3341411,0.8971395,0.2889471,-0.6025795,-0.4390697,0.66642,moving,-0.5774878613723169,6.0160788106913365,16.01252842832505,-0.16630581569265857,-0.43855299999999997,-0.3277687,0.782737,-0.010023390375646257,0.10480228646730816,0.9944425780087965,-1.262781336962275,8.161555801669902,17.674149963435433,17.70453388714239,19.1778415522856
05/17/2023 13:14:17.434814,3110,True,True,True,True,Eyes,2.028791,0.1195653,-3.131208,-0.6336821,-0.3463091,0.6917493,0.0,0.0,0.0,0.0,0.0,0.0,0.0,0.8302863,1.484205,3.354877,1.877307,0.1244128,-3.256943,0.2043528,-0.3503331,0.1046428,0.9080511,26.38784,318.5091,2.998461,0.5623835,0.03222863,-0.826248,0.0,0.0,0.0,1.446494,-0.205915,-2.471316,0.2697034,-0.001807272,0.9389771,0.7326332,0.04685884,0.6790088,-0.333225,0.8945796,0.2978058,-0.5934727,-0.4444452,0.6710133,moving,-0.6212811627510382,6.163779254303545,16.02571027547461,-0.11027844040545036,-0.4308130000000001,-0.3303278,0.7856270000000003,-0.01078051312291195,0.10736462588391736,0.994161308993326,-1.2542062218900039,8.221348347008826,17.758666713889905,17.7900568830146,19.183626327695524
05/17/2023 13:14:17.444741,3111,True,True,True,True,Eyes,2.022049,0.1195663,-3.136076,-0.626051,-0.3494563,0.6970943,0.0,0.0,0.0,0.0,0.0,0.0,0.0,0.7969873,1.505676,3.351555,1.86919,0.1246579,-3.259717,0.2076667,-0.3453762,0.1023818,0.9094548,26.64412,319.06,2.743182,0.5605068,0.0322095,-0.8275229,0.0,0.0,0.0,1.446494,-0.2082998,-2.471319,0.2698353,-0.0004580319,0.9381827,0.7404665,0.04277709,0.6707307,-0.3296696,0.892785,0.3070063,-0.5856854,-0.4484473,0.6751797,moving,-0.6314726844162459,6.224211187932878,16.046022477186565,-0.027972475582124585,-0.42269599999999996,-0.3329577,0.7883980000000004,-0.010956095819597167,0.1084129333471429,0.9940455840406112,-1.2471363905171655,8.245306088208999,17.77959519067965,17.81091366066348,19.170302079459415
05/17/2023 13:14:17.464244,3112,True,True,True,True,Eyes,2.015258,0.1195498,-3.140852,-0.618374,-0.3526052,0.7023412,0.0,0.0,0.0,0.0,0.0,0.0,0.0,0.7645967,1.522616,3.349641,1.86115,0.1237357,-3.262495,0.2102113,-0.3405626,0.1001116,0.9109369,26.81857,319.603,2.518175,0.5586308,0.03219195,-0.8287913,0.0,0.0,0.0,1.446495,-0.2105909,-2.471323,0.2685512,0.001253411,0.9377837,0.7479897,0.0392105,0.6625511,-0.3255708,0.8915778,0.3147899,-0.5783728,-0.4511669,0.6796567,moving,-0.6354818452339228,6.202695157798051,15.98001578447346,0.07657961802012006,-0.414655,-0.33432660000000003,0.791172,-0.011026102860142217,0.10803955135527048,0.9940854453009306,-1.2531738585420227,8.237276908913657,17.67872581513352,17.708869334023568,19.06776876159697
05/17/2023 13:14:17.484275,3113,True,True,True,True,Eyes,2.008435,0.1195054,-3.145511,-0.6108341,-0.3556361,0.7073928,0.0,0.0,0.0,0.0,0.0,0.0,0.0,0.7357605,1.537435,3.347385,1.853142,0.1231921,-3.265076,0.2124104,-0.3360411,0.09876223,0.9122523,26.99548,320.1341,2.407844,0.5567551,0.0321754,-0.830053,0.0,0.0,0.0,1.446495,-0.2128885,-2.471326,0.2666485,0.003349483,0.9376909,0.7546448,0.03743487,0.6550648,-0.3229494,0.8902557,0.3211675,-0.5711523,-0.4539202,0.6839163,moving,-0.6275029113294197,6.191930501506185,15.874011274534332,0.20466277663768193,-0.406647,-0.3360806,0.7937500000000002,-0.010887889177567334,0.10785294072426473,0.994107189333346,-1.2515923317255042,8.232605313767738,17.52526156680201,17.55412615983817,18.913861590331102
05/17/2023 13:14:17.494704,3114,True,True,True,True,Eyes,2.001558,0.1194309,-3.150075,-0.6031899,-0.3587006,0.7123874,0.0,0.0,0.0,0.0,0.0,0.0,0.0,0.7053152,1.553489,3.34415,1.844864,0.1225035,-3.267354,0.2147439,-0.3312307,0.09772833,0.9135757,27.20083,320.7083,2.339414,0.5548811,0.03215911,-0.8313075,0.0,0.0,0.0,1.446496,-0.2153265,-2.471329,0.2642661,0.006268084,0.9378335,0.7614708,0.03630496,0.6471818,-0.320824,0.8886685,0.3276283,-0.5632355,-0.4571109,0.6883426,moving,-0.6507007137746075,6.209088704040872,15.736965824769984,0.38293514939848616,-0.39836800000000006,-0.33783,0.7960250000000002,-0.011290014180422192,0.10815016014130949,0.9940704512369056,-1.258943520797379,8.240738533730282,17.36485665223286,17.392517926418996,18.724476187855302
05/17/2023 13:14:17.523202,3115,True,True,True,True,Eyes,1.99465,0.1193179,-3.154533,-0.5956305,-0.3615957,0.7172676,0.0,0.0,0.0,0.0,0.0,0.0,0.0,0.6722643,1.570939,3.340463,1.836604,0.1217381,-3.269641,0.2171877,-0.3259771,0.09712245,0.9149512,27.43563,321.3498,2.332951,0.5530078,0.03214232,-0.8325555,0.0,0.0,0.0,1.446496,-0.2176294,-2.471333,0.262449,0.009682387,0.9380255,0.7686124,0.03612814,0.6386939,-0.3193211,0.8867934,0.334113,-0.5543187,-0.4607518,0.6931368,moving,-0.7354150108757037,6.268848361279186,15.631023066520568,0.5913913956066343,-0.3901079999999999,-0.3393675,0.798308,-0.012758325486382116,0.10918498970718081,0.993939543408917,-1.286353278286716,8.269322355795804,17.296094809372708,17.323216010265252,18.578165846532762
05/17/2023 13:14:17.544350,3116,True,True,True,True,Eyes,1.987681,0.119171,-3.15889,-0.5879577,-0.3645123,0.7221056,0.0,0.0,0.0,0.0,0.0,0.0,0.0,0.640132,1.585102,3.337691,1.828283,0.1206153,-3.2719,0.2190838,-0.3207791,0.09679953,0.9163694,27.62133,322.0004,2.383828,0.5511359,0.03212412,-0.8337967,0.0,0.0,0.0,1.446497,-0.2199394,-2.471336,0.261904,0.01197381,0.9380372,0.7754614,0.03685327,0.6303186,-0.3179633,0.8852643,0.3394209,-0.5454898,-0.4636259,0.6982062,moving,-0.8194115633934674,6.278884408904045,15.599960780092601,0.7313265614677302,-0.3817860000000002,-0.3405547,0.800564,-0.014215172738707094,0.10935694048796443,0.993900880280856,-1.3231143589603145,8.278696313068117,17.304406653712014,17.33121998662204,18.529793909523207
05/17/2023 13:14:17.554428,3117,True,True,True,True,Eyes,1.980655,0.1189834,-3.163156,-0.5802844,-0.3672846,0.726892,0.0,0.0,0.0,0.0,0.0,0.0,0.0,0.6056514,1.599988,3.334241,1.819726,0.1197821,-3.273864,0.2212171,-0.3153528,0.09604874,0.9178182,27.81723,322.666,2.383869,0.5492647,0.03210384,-0.8350313,0.0,0.0,0.0,1.446498,-0.2222825,-2.471339,0.2616099,0.01289625,0.9379846,0.7826546,0.03678775,0.6213682,-0.3158334,0.8836753,0.3454957,-0.5363777,-0.4666526,0.7032313,moving,-0.9227052120544462,6.307534480574825,15.584126157480782,0.7877039166579624,-0.3732279999999999,-0.3420646,0.8025250000000002,-0.016006089914368915,0.10985093997153639,0.9938191576023995,-1.3651452572496339,8.29650884273153,17.378115602115585,17.40528687832013,18.538067669205013
05/17/2023 13:14:17.564099,3118,True,True,True,True,Eyes,1.973567,0.1187565,-3.16733,-0.5724939,-0.3700991,0.7316265,0.0,0.0,0.0,0.0,0.0,0.0,0.0,0.5714692,1.615507,3.330149,1.811128,0.1186399,-3.275983,0.2233039,-0.3097996,0.09590089,0.9192185,28.03107,323.365,2.464026,0.5473944,0.03208068,-0.8362595,0.0,0.0,0.0,1.446498,-0.2246809,-2.471343,0.2615561,0.01230189,0.9379721,0.7896545,0.03794886,0.612377,-0.3146667,0.8818767,0.3511101,-0.5267169,-0.4699503,0.7083192,moving,-1.0427037928036724,6.353503056683278,15.581274541225392,0.7514146387928258,-0.36463,-0.3433208,0.80464,-0.018085877187728305,0.11064432501056906,0.9936954660506285,-1.4115034677802993,8.322090745555089,17.514399898457906,17.54252120683142,18.60294710998363
05/17/2023 13:14:17.584422,3119,True,True,True,True,Eyes,1.966432,0.11848,-3.17141,-0.5647532,-0.3727797,0.736267,0.0,0.0,0.0,0.0,0.0,0.0,0.0,0.5401977,1.63264,3.324167,1.802411,0.1174885,-3.277945,0.2255801,-0.3044895,0.09626693,0.9203981,28.2859,324.0425,2.592697,0.5455246,0.03205393,-0.8374815,0.0,0.0,0.0,1.446499,-0.2269347,-2.471346,0.2617244,0.01005401,0.9377142,0.7960377,0.03983426,0.6039348,-0.3145813,0.8796926,0.3566225,-0.5170711,-0.4738715,0.7127996,moving,-1.13927243720758,6.4490960860914015,15.594892245627225,0.614291932277808,-0.355912,-0.3444232,0.8065989999999998,-0.019756976637729684,0.11229851442301564,0.9934780734690878,-1.4373996283569979,8.365261354597889,17.692308176702912,17.72222353841628,18.71300332566448
05/17/2023 13:14:17.594195,3120,True,True,True,True,Eyes,1.959231,0.1181652,-3.175397,-0.5569457,-0.375505,0.7408153,0.0,0.0,0.0,0.0,0.0,0.0,0.0,0.5111161,1.649719,3.317564,1.793783,0.1160424,-3.279928,0.2279117,-0.2995504,0.09621652,0.9214489,28.53278,324.6592,2.660177,0.5436548,0.03202271,-0.8386976,0.0,0.0,0.0,1.446499,-0.2293422,-2.471349,0.2609173,0.006064773,0.9397582,0.8020239,0.04077514,0.5958985,-0.3138593,0.8775972,0.3623746,-0.508183,-0.4776614,0.7166516,moving,-1.1848662685143585,6.530789638098466,15.516942512662363,0.3697558293873409,-0.3472839999999999,-0.3453846,0.8085789999999999,-0.020544214405458616,0.11371310897972887,0.9933011077151814,-1.4425072156076575,8.399733755476376,17.769989266297742,17.801931191729548,18.76442060334385
05/17/2023 13:14:17.614407,3121,True,True,True,True,Eyes,1.951979,0.1178056,-3.179282,-0.5492354,-0.3780754,0.7452513,0.0,0.0,0.0,0.0,0.0,0.0,0.0,0.4814864,1.665926,3.310753,1.784881,0.1148458,-3.281651,0.2303804,-0.2947569,0.0951284,0.9224932,28.75911,325.2259,2.595468,0.5417847,0.03198653,-0.8399082,0.0,0.0,0.0,1.4465,-0.2315977,-2.471352,0.252246,0.01701821,0.9411125,0.8081379,0.0396982,0.5876539,-0.311323,0.875751,0.3689692,-0.4999911,-0.4811282,0.7200865,moving,-1.2065273268166823,6.597264409627288,15.004297922855821,1.0359710944899918,-0.33838100000000004,-0.3464435,0.8102990000000001,-0.020916950026949488,0.11486458765190091,0.9931609338647681,-1.4395472118917045,8.426772184452005,17.10920060329919,17.1382274057853,18.028421549512966
05/17/2023 13:14:17.634194,3122,True,True,True,True,Eyes,1.944649,0.1173949,-3.183081,-0.5415155,-0.3806402,0.7495826,0.0,0.0,0.0,0.0,0.0,0.0,0.0,0.4525043,1.679908,3.304555,1.775812,0.1134253,-3.283377,0.2326356,-0.2901661,0.09344259,0.9235544,28.94246,325.7517,2.462062,0.5399144,0.03194476,-0.8411133,0.0,0.0,0.0,1.4465,-0.2340308,-2.471356,0.2540454,0.01779853,0.9429226,0.8141442,0.03759269,0.5794446,-0.3076046,0.8742983,0.3754755,-0.4924923,-0.483931,0.7233686,moving,-1.202108276803058,6.618305780320169,15.078777920829957,1.0813820353593486,-0.32931200000000005,-0.34745610000000005,0.8120210000000001,-0.02083946425673988,0.115229498307987,0.9931203110742585,-1.433413245002857,8.434591567008193,17.167416077976764,17.196650253400755,18.075457048532375
05/17/2023 13:14:17.644477,3123,True,True,True,True,Eyes,1.937274,0.1169264,-3.186773,-0.5339837,-0.383024,0.75376,0.0,0.0,0.0,0.0,0.0,0.0,0.0,0.4265342,1.690613,3.299199,1.766532,0.1118236,-3.285069,0.234473,-0.2860062,0.0915371,0.9245776,29.07391,326.2201,2.304583,0.5380432,0.03189667,-0.8423133,0.0,0.0,0.0,1.446501,-0.2363462,-2.471359,0.2494047,0.01713495,0.9448934,0.8196428,0.0351448,0.5717959,-0.3033878,0.8732867,0.3812167,-0.485944,-0.4859374,0.7264457,moving,-1.1617260638734135,6.59690632555371,14.78600438316688,1.03890314035092,-0.32003099999999995,-0.3481698,0.8137099999999999,-0.020140372906348902,0.11486021718006065,0.9931775319298318,-1.41896735240113,8.423697341050733,16.860064322404902,16.88850217805535,17.80832092975774
05/17/2023 13:14:17.664170,3124,True,True,True,True,Eyes,1.929814,0.1164038,-3.190369,-0.5264862,-0.3853425,0.7578413,0.0,0.0,0.0,0.0,0.0,0.0,0.0,0.4038219,1.697134,3.295235,1.757157,0.1099383,-3.286674,0.2356618,-0.2822405,0.08979733,0.9256026,29.14013,326.6507,2.178831,0.536171,0.03184141,-0.8435085,0.0,0.0,0.0,1.446501,-0.2386507,-2.471362,0.2447407,0.01815,0.9464942,0.8245534,0.03320663,0.5648088,-0.2992599,0.8727999,0.3855695,-0.4801616,-0.4869473,0.7296075,moving,-1.0886397236332903,6.514232805971363,14.497767628600768,1.0985708734257118,-0.31065600000000004,-0.348589,0.815312,-0.018876583678038072,0.11342980825820731,0.9933666746320479,-1.4013788670263936,8.387045066288128,16.47363817112983,16.50046933627647,17.49013194202476
05/17/2023 13:14:17.684280,3125,True,True,True,True,Eyes,1.92228,0.115828,-3.193859,-0.5190102,-0.3874555,0.7619099,0.0,0.0,0.0,0.0,0.0,0.0,0.0,0.384004,1.701525,3.291452,1.747581,0.1081331,-3.287944,0.2365277,-0.2787759,0.08841128,0.9265647,29.18364,327.0562,2.097957,0.5342973,0.03177835,-0.844699,0.0,0.0,0.0,1.446502,-0.2409634,-2.471366,0.2413241,0.01954734,0.9483851,0.8289349,0.03196108,0.5584313,-0.295714,0.8724762,0.3890226,-0.4747844,-0.4876103,0.7326773,moving,-0.9880034173276921,6.421937269955056,14.27638547079518,1.1807666802572974,-0.3010790000000001,-0.3490965,0.8165779999999998,-0.017134893053525446,0.11183299721684754,0.9935792993394345,-1.3729657736945609,8.344878621021438,16.11392143136003,16.13912752530823,17.211237441660373
05/17/2023 13:14:17.704194,3126,True,True,True,True,Eyes,1.914663,0.1152079,-3.19725,-0.5115398,-0.3895115,0.7659034,0.0,0.0,0.0,0.0,0.0,0.0,0.0,0.3634315,1.705166,3.287813,1.737977,0.1062415,-3.289002,0.2372234,-0.2751447,0.08733097,0.9275741,29.21853,327.495,2.066435,0.5324216,0.03170693,-0.8458852,0.0,0.0,0.0,1.446502,-0.2433998,-2.471369,0.2385922,0.01901278,0.9498564,0.8333374,0.03147035,0.5518681,-0.2925535,0.8721967,0.3920273,-0.4690004,-0.4881419,0.7360408,moving,-0.9146412196456083,6.326323178257017,14.100270270348258,1.1467065962753331,-0.29147500000000015,-0.3496413,0.8176329999999998,-0.015865642206278174,0.11017709237634993,0.9937854312982889,-1.3577699195601765,8.303221139490038,15.8592474279116,15.883198512538002,17.034280346409354
05/17/2023 13:14:17.719426,3127,True,True,True,True,Eyes,1.906944,0.1145181,-3.200555,-0.5040258,-0.3914364,0.7698932,0.0,0.0,0.0,0.0,0.0,0.0,0.0,0.3419508,1.709149,3.28387,1.728252,0.1045661,-3.290005,0.2379829,-0.2713452,0.08636336,0.9285888,29.2647,327.9578,2.052299,0.5305434,0.03162687,-0.8470675,0.0,0.0,0.0,1.446503,-0.2456254,-2.471372,0.2377507,0.01684999,0.9503835,0.8378263,0.03124109,0.5450424,-0.2895432,0.8718111,0.3951079,-0.4628304,-0.4888451,0.7394719,moving,-0.8583015263312599,6.250854516230032,14.045028012371791,1.0157290950171327,-0.2817489999999998,-0.3501915,0.8186329999999997,-0.014890588998406229,0.10886962859121022,0.9939445035043619,-1.346497294890171,8.27044330804123,15.77276604221335,15.796068166319378,17.01557902619653
05/17/2023 13:14:17.734629,3128,True,True,True,True,Eyes,1.899146,0.1137836,-3.203757,-0.4965295,-0.3933461,0.7737812,0.0,0.0,0.0,0.0,0.0,0.0,0.0,0.3211129,1.715003,3.27866,1.718483,0.1021827,-3.290947,0.2388875,-0.2675463,0.08567326,0.9295225,29.33701,328.4261,2.067064,0.5286617,0.03153726,-0.8482465,0.0,0.0,0.0,1.446503,-0.2479893,-2.471376,0.2379734,0.0119238,0.9508291,0.8421581,0.03144347,0.5383132,-0.2870973,0.8711857,0.3982595,-0.4564481,-0.4899457,0.7427034,moving,-0.8062025610361475,6.202974392247387,14.051335519944402,0.7184757031036411,-0.2719799999999999,-0.350172,0.8195710000000003,-0.013988063964947117,0.10804039578391708,0.9940481131083482,-1.3318072677577795,8.248575721566002,15.813939163488252,15.837492342508225,17.127273230578197
05/17/2023 13:14:17.754713,3129,True,True,True,True,Eyes,1.891239,0.1130049,-3.206862,-0.4890251,-0.3952065,0.7776029,0.0,0.0,0.0,0.0,0.0,0.0,0.0,0.3032503,1.722133,3.272148,1.708684,0.1003881,-3.291653,0.2400435,-0.2640787,0.08524889,0.9302548,29.44765,328.8543,2.094477,0.5267762,0.03143794,-0.8494223,0.0,0.0,0.0,1.446504,-0.2503674,-2.471379,0.2361643,0.008454442,0.9509938,0.8459901,0.03182565,0.5322479,-0.2853872,0.8702235,0.4015784,-0.4503942,-0.4916281,0.7452831,moving,-0.7152673928189321,6.195451279642168,13.946380199897261,0.5093525150940591,-0.2621800000000001,-0.3507555,0.820274,-0.012410548888555029,0.10791211800206457,0.9940829689846132,-1.2913587565358013,8.239715371058418,15.701804633867388,15.725636053692584,17.086462430511215
05/17/2023 13:14:17.764326,3130,True,True,True,True,Eyes,1.883258,0.1121915,-3.209855,-0.4814734,-0.3970715,0.7813563,0.0,0.0,0.0,0.0,0.0,0.0,0.0,0.2807738,1.730294,3.265021,1.698854,0.0985468,-3.292005,0.2413961,-0.2600506,0.08461316,0.9310974,29.57312,329.3474,2.109611,0.5248857,0.03132877,-0.8505958,0.0,0.0,0.0,1.446504,-0.2527294,-2.471382,0.2330958,0.006236047,0.9515191,0.8504285,0.03201578,0.5251155,-0.2831166,0.8691371,0.4055191,-0.4434144,-0.4935339,0.7482032,moving,-0.6840715242748383,6.203842439516124,13.764802179913984,0.37549856697735207,-0.2523500000000001,-0.3512762,0.8206229999999999,-0.01186910887549042,0.10805841846530514,0.9940737301743664,-1.2753461848363403,8.240904239346914,15.556008314207206,15.580100885942924,16.972644732764696
05/17/2023 13:14:17.784718,3131,True,True,True,True,Eyes,1.875174,0.1113338,-3.212749,-0.4738443,-0.3989306,0.7850643,0.0,0.0,0.0,0.0,0.0,0.0,0.0,0.2548887,1.738336,3.257945,1.688966,0.09691784,-3.292261,0.242795,-0.2555955,0.08379824,0.9320405,29.69788,329.8907,2.11726,0.52299,0.03120987,-0.851767,0.0,0.0,0.0,1.446505,-0.2549861,-2.471385,0.22857,0.005343273,0.9523915,0.8552975,0.03209205,0.5171424,-0.2803214,0.8680568,0.4097527,-0.4357592,-0.4954265,0.7514429,moving,-0.6968437369233966,6.2129604452893625,13.495508022250457,0.32144740857283177,-0.24246100000000004,-0.35190394,0.8208759999999997,-0.012090495297807258,0.1082163218824519,0.9940538451185769,-1.279457641435929,8.24525544962508,15.34265189144312,15.366612324059133,16.76562984902613
05/17/2023 13:14:17.794751,3132,True,True,True,True,Eyes,1.86701,0.1104456,-3.215522,-0.4661899,-0.4007414,0.7887163,0.0,0.0,0.0,0.0,0.0,0.0,0.0,0.2283906,1.742073,3.252848,1.679014,0.09499732,-3.292399,0.2435925,-0.2511396,0.08264165,0.9331462,29.74391,330.4324,2.104362,0.5210887,0.03108112,-0.8529362,0.0,0.0,0.0,1.446506,-0.2573435,-2.471389,0.2232304,0.005442575,0.9533265,0.8601985,0.03188202,0.5089616,-0.2765849,0.8676661,0.4131058,-0.4284381,-0.4961241,0.7551832,moving,-0.7126257337213862,6.146024867459851,13.178902624531975,0.3271000956586872,-0.23250799999999994,-0.35234082,0.8210100000000002,-0.01236586967490047,0.10705459319788832,0.9941762890775852,-1.29976544812659,8.22049392444295,15.03812761412279,15.061024056419223,16.490527441368027
05/17/2023 13:14:17.814725,3133,True,True,True,True,Eyes,1.858723,0.109653,-3.218146,-0.458454,-0.4025918,0.7923003,0.0,0.0,0.0,0.0,0.0,0.0,0.0,0.2001894,1.744112,3.248172,1.668841,0.09339312,-3.292244,0.244384,-0.2466427,0.08064009,0.9343131,29.76481,330.9532,1.989427,0.5191818,0.03094278,-0.8541033,0.0,0.0,0.0,1.446506,-0.2597247,-2.471392,0.2169942,0.007545248,0.954486,0.8653291,0.03013513,0.5002972,-0.2712372,0.8675473,0.4168838,-0.4214687,-0.4964409,0.7588877,moving,-0.7179225217225849,6.049505183162812,12.808008353522727,0.45291587423594787,-0.22233499999999995,-0.35311781999999997,0.8208520000000004,-0.01246001896792892,0.1053795378265032,0.9943540083180241,-1.3210010563883143,8.18364374646993,14.617024452222617,14.638053761846514,16.105684100338305
05/17/2023 13:14:17.834344,3134,True,True,True,True,Eyes,1.85035,0.1090405,-3.220639,-0.450564,-0.4046668,0.7957618,0.0,0.0,0.0,0.0,0.0,0.0,0.0,0.1714364,1.746808,3.241607,1.657808,0.09491442,-3.291111,0.2459617,-0.2422019,0.07787775,0.9352946,29.85572,331.4309,1.753109,0.5172681,0.03079845,-0.8552689,0.0,0.0,0.0,1.446507,-0.2619975,-2.471395,0.2101488,0.01199685,0.9559171,0.8705466,0.02653252,0.4913702,-0.264822,0.8668758,0.422369,-0.4147504,-0.4978175,0.7616822,moving,-0.6890627966773891,6.006202643191542,12.398673251352204,0.7190297023445973,-0.21130099999999996,-0.35691192,0.8197160000000001,-0.011960117472043036,0.10462864101133343,0.9944394313017042,-1.3161310059026554,8.165063694044964,14.096238299779419,14.115347412278501,15.605745032531233
05/17/2023 13:14:17.844466,3135,True,True,True,True,Eyes,1.841856,0.1083871,-3.223058,-0.4423937,-0.4069216,0.7991887,0.0,0.0,0.0,0.0,0.0,0.0,0.0,0.1296413,1.766046,3.227083,1.647217,0.09871097,-3.290399,0.2503862,-0.2360459,0.07474522,0.9359499,30.26397,332.08,1.44034,0.5153481,0.03065372,-0.8564324,0.0,0.0,0.0,1.446507,-0.2643925,-2.471399,0.2048065,0.01710749,0.9569882,0.877391,0.02171031,0.4792846,-0.2581208,0.8634398,0.4334113,-0.4044239,-0.5039845,0.7631782,moving,-0.8039837595008479,6.2707432058971255,12.079735813031983,1.0241323601222607,-0.20070999999999994,-0.36310347,0.819,-0.013947765642383952,0.10921612551929691,0.9939201428254074,-1.3175886975813116,8.274547468416547,13.891032288409557,13.911044367360345,15.233411413247586
05/17/2023 13:14:17.864918,3136,True,True,True,True,Eyes,1.833305,0.1079537,-3.225333,-0.4342307,-0.4093145,0.8024371,0.0,0.0,0.0,0.0,0.0,0.0,0.0,0.1031866,1.79428,3.207079,1.636429,0.09712308,-3.290609,0.2540792,-0.2302419,0.07805207,0.9361306,30.77342,332.8995,1.943213,0.5134202,0.03050756,-0.8575947,0.0,0.0,0.0,1.446508,-0.2666701,-2.471402,0.201111,0.02198298,0.9574603,0.881793,0.02913448,0.4707358,-0.2631332,0.8587033,0.4397609,-0.3914102,-0.5116444,0.7648649,moving,-0.9859085798922981,6.642737727122807,11.862320222490686,1.31526155776489,-0.189921,-0.36379318000000005,0.819207,-0.01709102376405522,0.11566119065444339,0.9931416545852074,-1.3290061378030764,8.429834844586665,13.886493826845856,13.908953436310734,14.987603017071779
05/17/2023 13:14:17.884626,3137,True,True,True,True,Eyes,1.824649,0.1075665,-3.227514,-0.4257442,-0.4117965,0.8057081,0.0,0.0,0.0,0.0,0.0,0.0,0.0,0.08428609,1.808751,3.193297,1.626436,0.1020206,-3.289396,0.257459,-0.2266002,0.07762279,0.9361314,31.14526,333.3201,1.918327,0.5114847,0.03036611,-0.8587554,0.0,0.0,0.0,1.446508,-0.2690074,-2.471405,0.1993348,0.02554491,0.9576271,0.8852541,0.02864978,0.4642244,-0.2620108,0.8553792,0.4468521,-0.3842857,-0.5172095,0.7647345,moving,-0.846047843127534,6.854745405100863,11.75849191023136,1.5280149502831695,-0.1799280000000001,-0.371028,0.8179910000000001,-0.014660259834160666,0.11933985520437393,0.9927452338807241,-1.2232602210069654,8.502371525459044,13.660908773667664,13.683876633917999,14.736605376904471
05/17/2023 13:14:17.894889,3138,True,True,True,True,Eyes,1.815951,0.1072234,-3.229607,-0.4171752,-0.4142591,0.8089216,0.0,0.0,0.0,0.0,0.0,0.0,0.0,0.03897274,1.822881,3.180322,1.615764,0.1027244,-3.289014,0.2604071,-0.219484,0.07604229,0.9371407,31.42998,334.1703,1.894873,0.5095411,0.03023021,-0.8599149,0.0,0.0,0.0,1.446509,-0.2713832,-2.471409,0.1988202,0.02778134,0.9574117,0.8920886,0.02821426,0.4509788,-0.256835,0.8528115,0.4546959,-0.371771,-0.5214562,0.7680299,moving,-1.099086015011245,6.989977807760315,11.731544034911689,1.6620927108836212,-0.16925499999999993,-0.3741076,0.8176049999999999,-0.01903897691728995,0.12167366100502827,0.9923874958653933,-1.3135570251314372,8.571075615199069,13.867743421367368,13.892855253097045,14.761731146408994
05/17/2023 13:14:17.914755,3139,True,True,True,True,Eyes,1.807177,0.1068957,-3.231624,-0.4083991,-0.4166561,0.8121625,0.0,0.0,0.0,0.0,0.0,0.0,0.0,0.009680867,1.829099,3.171978,1.605928,0.1034501,-3.288987,0.2617791,-0.2142448,0.07601159,0.9379728,31.57764,334.846,2.046572,0.5075899,0.03010059,-0.8610727,0.0,0.0,0.0,1.446509,-0.2736881,-2.471412,0.1984025,0.02968559,0.9567863,0.8966428,0.03042401,0.4417081,-0.2547632,0.8513879,0.4585132,-0.3621151,-0.5236535,0.7711417,moving,-1.1618300479520234,6.991439540497843,11.715019519330786,1.7771090219167252,-0.15941899999999998,-0.3771382,0.8175750000000002,-0.020125663908330094,0.12169639738861715,0.9923633414577296,-1.342192079344532,8.575751986600173,13.866963461494507,13.892533877426317,14.721152159183092
05/17/2023 13:14:17.934334,3140,True,True,True,True,Eyes,1.798356,0.1065762,-3.233564,-0.3994555,-0.4190261,0.8153847,0.0,0.0,0.0,0.0,0.0,0.0,0.0,-0.03082943,1.83314,3.164323,1.596121,0.1034993,-3.288766,0.2630598,-0.2078279,0.07455306,0.9391746,31.67542,335.6309,2.066938,0.5056304,0.02997705,-0.862229,0.0,0.0,0.0,1.44651,-0.276051,-2.471415,0.1980905,0.03079149,0.9562715,0.9024988,0.0306944,0.4295972,-0.249379,0.8504827,0.4631298,-0.3511495,-0.5251066,0.7752142,moving,-1.3324388303428796,6.944190868607315,11.703228333303208,1.844259794480899,-0.14961099999999994,-0.3795503,0.8173509999999999,-0.02308285969244822,0.12087026583784719,0.9923997875756811,-1.430028493718281,8.56872684170327,13.971510331585284,13.997782515891618,14.754690506875638
05/17/2023 13:14:17.944784,3141,True,True,True,True,Eyes,1.78947,0.1063144,-3.235429,-0.3904088,-0.4213101,0.8185833,0.0,0.0,0.0,0.0,0.0,0.0,0.0,-0.07501745,1.83662,3.156574,1.586014,0.1033879,-3.288864,0.2643104,-0.2008969,0.07279806,0.9404684,31.76261,336.4735,2.071304,0.5036632,0.02985929,-0.8633837,0.0,0.0,0.0,1.44651,-0.2784004,-2.471419,0.1972259,0.03230163,0.9555005,0.9086818,0.03073026,0.416357,-0.2431269,0.8496808,0.4679015,-0.3393918,-0.5264012,0.7795609,moving,-1.551586242935799,6.892065136061334,11.662693492358544,1.9362025607657851,-0.13950400000000007,-0.38178829999999997,0.8174449999999998,-0.026881459669075708,0.11995597786824275,0.9924151354237165,-1.5411867604616447,8.563003979800861,14.085785082013782,14.113035208197626,14.7735219490188
05/17/2023 13:14:17.964328,3142,True,True,True,True,Eyes,1.780518,0.1060869,-3.23722,-0.3812385,-0.4235158,0.8217613,0.0,0.0,0.0,0.0,0.0,0.0,0.0,-0.1151048,1.836349,3.150339,1.575738,0.1045129,-3.288798,0.2652695,-0.1945889,0.07071624,0.9416829,31.81112,337.2251,2.019584,0.5016878,0.02974832,-0.8645368,0.0,0.0,0.0,1.446511,-0.2806972,-2.471422,0.1954475,0.03438327,0.9549336,0.9142688,0.02994754,0.4039997,-0.2364215,0.8492626,0.4720783,-0.3289643,-0.5271207,0.7835345,moving,-1.6878069527380861,6.802257663719603,11.56705139978675,2.062096873703277,-0.12922699999999998,-0.3852101,0.8173759999999999,-0.02924637907154151,0.11839243227588123,0.9925361163205015,-1.6214602042744328,8.537323011787626,14.049356043937944,14.076945487594445,14.692358281426003
05/17/2023 13:14:17.984251,3143,True,True,True,True,Eyes,1.771477,0.1058909,-3.238962,-0.3720325,-0.4256196,0.8248878,0.0,0.0,0.0,0.0,0.0,0.0,0.0,-0.1553308,1.833951,3.144709,1.565071,0.1051058,-3.2888,0.2657667,-0.1880917,0.06899427,0.9429897,31.81544,338.0187,2.032983,0.499704,0.02964444,-0.8656886,0.0,0.0,0.0,1.446511,-0.2830262,-2.471425,0.1936297,0.03575778,0.9542876,0.9197226,0.03014473,0.3914099,-0.2300988,0.8492157,0.475276,-0.3180644,-0.527185,0.7879791,moving,-1.853666319220702,6.676921103854704,11.469883768770652,2.1459063571147956,-0.11856,-0.38813200000000003,0.8173750000000002,-0.03212777488099941,0.1162106596214493,0.9927048887865886,-1.7223127532648999,8.499892501397035,14.045140238838139,14.072920151212005,14.642649657686194
05/17/2023 13:14:17.994404,3144,True,True,True,True,Eyes,1.762389,0.1056948,-3.240653,-0.3628069,-0.4275959,0.8279691,0.0,0.0,0.0,0.0,0.0,0.0,0.0,-0.1848086,1.830368,3.140322,1.55452,0.105665,-3.289123,0.2656038,-0.1826015,0.06907244,0.9441082,31.78565,338.7487,2.25355,0.4977103,0.02954783,-0.8668395,0.0,0.0,0.0,1.446512,-0.2856507,-2.471429,0.1915947,0.03684038,0.9536773,0.9237714,0.03342444,0.3814829,-0.227423,0.8493673,0.4762919,-0.3080993,-0.5267428,0.7922227,moving,-1.9372998163384432,6.531182040490548,11.359560498091087,2.2122255331970497,-0.10800799999999988,-0.3913157,0.8176939999999999,-0.03358666877423491,0.11367975060022781,0.9929495359399437,-1.7892389046801567,8.449209013176699,13.953358880351885,13.980696675536016,14.553037094155172
05/17/2023 13:14:18.014196,3145,True,True,True,True,Eyes,1.753275,0.1055062,-3.242302,-0.3536364,-0.4296466,0.83087,0.0,0.0,0.0,0.0,0.0,0.0,0.0,-0.2052991,1.829267,3.13509,1.544187,0.1054468,-3.289608,0.2653876,-0.1780349,0.07039727,0.944943,31.77728,339.4001,2.598862,0.4957075,0.02945782,-0.8679895,0.0,0.0,0.0,1.446512,-0.2877807,-2.471432,0.1893451,0.03880563,0.9529259,0.9266956,0.03854628,0.3738308,-0.2275393,0.8492272,0.4764859,-0.2991005,-0.5266185,0.795746,moving,-1.941613841355385,6.405233102295552,11.23822105148098,2.331945220587204,-0.09767499999999996,-0.3932275,0.8181759999999998,-0.03366981235285155,0.11149643654653674,0.9931942154332497,-1.815751983935316,8.400952771256378,13.768035544317542,13.79491652637663,14.39580024380219
05/17/2023 13:14:18.034227,3146,True,True,True,True,Eyes,1.744126,0.1053336,-3.243919,-0.3444086,-0.4317506,0.8336511,0.0,0.0,0.0,0.0,0.0,0.0,0.0,-0.2227982,1.833135,3.127436,1.534163,0.1054292,-3.290305,0.2659503,-0.1738785,0.07173254,0.9454582,31.85931,339.9898,2.912375,0.4936952,0.02937393,-0.8691385,0.0,0.0,0.0,1.446513,-0.2900698,-2.471435,0.1875364,0.04105237,0.9520347,0.9292414,0.04315417,0.3669443,-0.2281263,0.8482499,0.4779442,-0.2906352,-0.5278351,0.7980735,moving,-1.8893838273968677,6.363428131186864,11.143724906370561,2.4691025674237377,-0.08765,-0.395499,0.81887,-0.03276707913982721,0.11077507260790573,0.9933052011838494,-1.7998186054305718,8.381417876929628,13.57560896844723,13.602488554039804,14.229925894427804
05/17/2023 13:14:18.045077,3147,True,True,True,True,Eyes,1.734987,0.105175,-3.245507,-0.3351656,-0.4340719,0.8362091,0.0,0.0,0.0,0.0,0.0,0.0,0.0,-0.2434894,1.84763,3.113284,1.524099,0.1056622,-3.291128,0.2681489,-0.1691245,0.07334825,0.9455755,32.13528,340.6552,3.250299,0.4916734,0.02929602,-0.8702864,0.0,0.0,0.0,1.446514,-0.2922827,-2.471438,0.1866102,0.04362479,0.9509227,0.9320339,0.04801156,0.3591765,-0.2294137,0.8454325,0.4823001,-0.2805034,-0.53192,0.7989862,moving,-1.896392966807143,6.504321041173818,11.10270273097664,2.6266751640602926,-0.07758500000000002,-0.3979449,0.81969,-0.032879485784093776,0.1132169012151541,0.9930261453806701,-1.7756146667766601,8.436175589596985,13.53655286572708,13.565125377542088,14.128034335730726
05/17/2023 13:14:18.064403,3148,True,True,True,True,Eyes,1.725827,0.1050445,-3.247086,-0.3258784,-0.4364976,0.8386138,0.0,0.0,0.0,0.0,0.0,0.0,0.0,-0.2616439,1.870781,3.094311,1.514148,0.1058267,-3.292294,0.2713366,-0.1642914,0.0763227,0.9452829,32.55153,341.3762,3.750526,0.4896435,0.02922388,-0.8714326,0.0,0.0,0.0,1.446514,-0.294652,-2.471442,0.1864197,0.04566565,0.9496224,0.9343663,0.05513653,0.352022,-0.2334496,0.8411025,0.4879015,-0.2691854,-0.5380581,0.7987695,moving,-1.9244303629752166,6.786118693305093,11.106460016892608,2.753131119836184,-0.06763399999999997,-0.4004787,0.8208519999999999,-0.03334632834974574,0.11809767833079673,0.9924419140187636,-1.7336661105077527,8.546614565516188,13.609474039203786,13.640714528934563,14.086635134158819
05/17/2023 13:14:18.084497,3149,True,True,True,True,Eyes,1.716644,0.1049608,-3.248645,-0.3165161,-0.4389991,0.8408908,0.0,0.0,0.0,0.0,0.0,0.0,0.0,-0.2715491,1.894885,3.075384,1.504385,0.1063898,-3.293603,0.274454,-0.1603105,0.0803391,0.9447333,32.9789,342.0304,4.361982,0.4876047,0.02915766,-0.8725772,0.0,0.0,0.0,1.446515,-0.2969486,-2.471445,0.1869476,0.04736492,0.9480956,0.9356924,0.06380236,0.3470001,-0.2397938,0.8364412,0.4928133,-0.2588025,-0.5443301,0.7979511,moving,-1.8698816920623844,7.07499842321704,11.154611563711889,2.8600023890341837,-0.05787000000000009,-0.4033384,0.8221579999999999,-0.03238160999997544,0.12310385827704787,0.9918653438324045,-1.6522733597426882,8.654369142046548,13.656031819527916,13.689544044192514,14.056706140167519
05/17/2023 13:14:18.094777,3150,True,True,True,True,Eyes,1.707445,0.1049124,-3.250178,-0.307171,-0.4414257,0.8430832,0.0,0.0,0.0,0.0,0.0,0.0,0.0,-0.2818733,1.910314,3.061301,1.494823,0.1074543,-3.294583,0.2764998,-0.1565591,0.08350544,0.9444913,33.26078,342.6355,4.882054,0.4855571,0.02909805,-0.8737203,0.0,0.0,0.0,1.446515,-0.2993716,-2.471448,0.1884744,0.04816377,0.9463768,0.9370322,0.07116324,0.3419158,-0.2443175,0.8331493,0.4961564,-0.2495589,-0.5484506,0.7980741,moving,-1.7894076619726982,7.217430117223905,11.263298048543387,2.9134293367091844,-0.04830800000000002,-0.4068259,0.8231349999999997,-0.030978798084137144,0.12557473943114647,0.9916003493695391,-1.5874474632549815,8.703985125823174,13.70951433332142,13.744000475989896,14.095112505966295
05/17/2023 13:14:18.114294,3151,True,True,True,True,Eyes,1.698258,0.1048874,-3.251683,-0.2978254,-0.443747,0.8452152,0.0,0.0,0.0,0.0,0.0,0.0,0.0,-0.2977386,1.915505,3.052847,1.485148,0.1082466,-3.295497,0.2773508,-0.1525585,0.08484825,0.9447768,33.36412,343.214,5.20036,0.4835012,0.02904538,-0.8748614,0.0,0.0,0.0,1.446516,-0.3017267,-2.471452,0.1906342,0.0479863,0.9444096,0.9390534,0.07570088,0.335333,-0.2449498,0.8317546,0.4981807,-0.241202,-0.549958,0.7996049,moving,-1.723321977617532,7.180124861674625,11.41211508831899,2.9087485205218213,-0.038632,-0.4099733,0.8240449999999999,-0.029837490317929816,0.1249334314198581,0.9917164237272604,-1.5642516138395273,8.6852760855014,13.778360863835786,13.812471276384214,14.204026312910619
05/17/2023 13:14:18.134437,3152,True,True,True,True,Eyes,1.689046,0.1048716,-3.25318,-0.2885013,-0.4459345,0.8472954,0.0,0.0,0.0,0.0,0.0,0.0,0.0,-0.3199105,1.913315,3.048426,1.475573,0.108727,-3.296495,0.2775425,-0.1483207,0.08398774,0.9454721,33.3486,343.7433,5.253471,0.4814378,0.02899957,-0.876,0.0,0.0,0.0,1.446516,-0.3040171,-2.471455,0.1932172,0.04707035,0.9421321,0.9418941,0.07648548,0.3270865,-0.2411467,0.8318324,0.4999031,-0.2338458,-0.5497316,0.8019422,moving,-1.6574044214533665,7.02163914015666,11.589802108076187,2.860205871831769,-0.02905700000000011,-0.4127441,0.82504,-0.02870638864435257,0.12219381984308492,0.992091067844205,-1.5647294233992555,8.619876734113884,13.852707162813035,13.885460297834264,14.360205717690928
05/17/2023 13:14:18.144255,3153,True,True,True,True,Eyes,1.679804,0.1048545,-3.254672,-0.279195,-0.4479944,0.849324,0.0,0.0,0.0,0.0,0.0,0.0,0.0,-0.3471515,1.907884,3.045431,1.465654,0.1089259,-3.297753,0.2774289,-0.1435814,0.08215015,0.9463979,33.27833,344.3027,5.203857,0.4793664,0.02896019,-0.8771366,0.0,0.0,0.0,1.446517,-0.3064548,-2.471458,0.1953046,0.04581499,0.9398953,0.9452715,0.07582624,0.3173519,-0.2351607,0.8325692,0.5015258,-0.2261886,-0.5487067,0.8048353,moving,-1.636119676646418,6.81563664159665,11.73866941052328,2.7906613354200753,-0.01913699999999996,-0.41538070000000005,0.826295,-0.028350187576911517,0.11862725909079044,0.9925340939722526,-1.5950316062831087,8.539090851926497,13.936095441654327,13.967297853973218,14.520055947269139
05/17/2023 13:14:18.164451,3154,True,True,True,True,Eyes,1.670547,0.1048411,-3.256163,-0.2698632,-0.4499441,0.8513073,0.0,0.0,0.0,0.0,0.0,0.0,0.0,-0.373634,1.903034,3.042008,1.455626,0.1088715,-3.299128,0.2773176,-0.1388477,0.08053492,0.9472753,33.21323,344.8689,5.182191,0.4772868,0.02892658,-0.878271,0.0,0.0,0.0,1.446517,-0.3088077,-2.471462,0.1971821,0.04460368,0.9377612,0.9484709,0.07556767,0.3077215,-0.2295873,0.8332182,0.503028,-0.2183865,-0.5477564,0.8076326,moving,-1.614865328358613,6.62278414746913,11.874539329820651,2.723164508200997,-0.009109000000000034,-0.41767920000000003,0.8276660000000002,-0.02799308058644956,0.11528696531519533,0.9929376928790816,-1.6227872407459083,8.463374798304422,14.012023099230825,14.041761690153916,14.66723691521792
05/17/2023 13:14:18.184313,3155,True,True,True,True,Eyes,1.661262,0.1048201,-3.257654,-0.2604327,-0.4518006,0.853259,0.0,0.0,0.0,0.0,0.0,0.0,0.0,-0.3990892,1.898609,3.038342,1.445336,0.1088884,-3.300706,0.2771578,-0.1340723,0.07937762,0.9481073,33.15018,345.4575,5.221809,0.4751987,0.02889823,-0.8794035,0.0,0.0,0.0,1.446518,-0.3110989,-2.471465,0.1991056,0.04440203,0.9352556,0.9514476,0.07619862,0.2982301,-0.2248354,0.8337654,0.504266,-0.2102296,-0.5468354,0.8104163,moving,-1.600092533544196,6.440500673798906,12.018220992593452,2.718123379276821,0.0011820000000000164,-0.4199873,0.8292410000000001,-0.02774716066392599,0.1121281742544828,0.9933062277485715,-1.6514723306059844,8.39215678710055,14.089083110438422,14.11788071981617,14.80051251353895
05/17/2023 13:14:18.194610,3156,True,True,True,True,Eyes,1.651931,0.1047925,-3.259158,-0.2510285,-0.4534976,0.8551751,0.0,0.0,0.0,0.0,0.0,0.0,0.0,-0.4223311,1.893345,3.035317,1.435241,0.1086107,-3.302205,0.2766491,-0.1294619,0.07884856,0.9489404,33.05629,346.0484,5.340856,0.4731017,0.02887442,-0.8805341,0.0,0.0,0.0,1.446518,-0.3134818,-2.471468,0.2015799,0.04402781,0.9328177,0.954045,0.07801411,0.2893301,-0.2212762,0.8344964,0.5046312,-0.2020766,-0.5454627,0.8134097,moving,-1.5819857017989418,6.240007880349789,12.19398960835109,2.702282528300243,0.011276999999999981,-0.4220925,0.8307369999999996,-0.027443907353662034,0.10865256530924053,0.9937008023942139,-1.6821664165895462,8.313702592338736,14.195238023570298,14.22297424635218,14.967823527941198
05/17/2023 13:14:18.219117,3157,True,True,True,True,Eyes,1.6426,0.1047567,-3.260662,-0.241559,-0.4551566,0.8570191,0.0,0.0,0.0,0.0,0.0,0.0,0.0,-0.4410383,1.888966,3.032379,1.424729,0.1083924,-3.304002,0.2760224,-0.1251642,0.07923903,0.9496666,32.9628,346.6321,5.567801,0.470995,0.0288545,-0.8816634,0.0,0.0,0.0,1.446519,-0.3157816,-2.471472,0.2030167,0.04407412,0.9303001,0.9561102,0.08140512,0.281472,-0.2195975,0.8350656,0.5044228,-0.1939849,-0.5440943,0.8162912,moving,-1.543264092646072,6.044328316491205,12.31049277278967,2.7124304072713716,0.021790000000000198,-0.424174,0.8325300000000002,-0.026782169685209994,0.10526009865223182,0.9940840235050784,-1.702421608951239,8.235751998161806,14.222091834352115,14.248793737157943,15.0621662076342
05/17/2023 13:14:18.234269,3158,True,True,True,True,Eyes,1.633227,0.1047172,-3.262175,-0.2320859,-0.4566911,0.8588185,0.0,0.0,0.0,0.0,0.0,0.0,0.0,-0.4591667,1.885912,3.028547,1.414374,0.1081399,-3.305669,0.2755176,-0.1208704,0.07994471,0.9503102,32.88675,347.2257,5.832858,0.4688792,0.02883785,-0.882791,0.0,0.0,0.0,1.446519,-0.3181491,-2.471475,0.2037785,0.04398066,0.9280575,0.9579983,0.08534067,0.2737812,-0.2185484,0.8353978,0.5043285,-0.1856765,-0.5429803,0.8189608,moving,-1.508325848351042,5.875366020981883,12.384206079116927,2.7132180094574787,0.03214500000000009,-0.42628900000000003,0.8341940000000001,-0.02618403200278227,0.10232975577561121,0.9944057820081554,-1.719218246152032,8.168345891882044,14.22211907212287,14.247863818920527,15.121673118811758
05/17/2023 13:14:18.264177,3159,True,True,True,True,Eyes,1.623853,0.1046674,-3.263699,-0.2224924,-0.4582807,0.860509,0.0,0.0,0.0,0.0,0.0,0.0,0.0,-0.4787572,1.884873,3.023151,1.403875,0.1079793,-3.307396,0.27531,-0.1162817,0.08078244,0.9508718,32.84417,347.8618,6.122141,0.4667533,0.02882403,-0.8839173,0.0,0.0,0.0,1.44652,-0.320648,-2.471478,0.2045746,0.04279017,0.9257666,0.9599056,0.08960043,0.2656184,-0.2176545,0.8353572,0.504782,-0.1766576,-0.5423561,0.821366,moving,-1.5012098144817199,5.739275416026188,12.460888268677014,2.646404002824566,0.042645000000000044,-0.4286273,0.8359179999999999,-0.026066819052121618,0.09996783235404966,0.994649064027201,-1.742437814417169,8.11543191618562,14.275909910065105,14.300560704473954,15.219879701884174
05/17/2023 13:14:18.274345,3160,True,True,True,True,Eyes,1.614438,0.1046123,-3.265242,-0.2129049,-0.4597715,0.8621379,0.0,0.0,0.0,0.0,0.0,0.0,0.0,-0.4984115,1.885753,3.01666,1.39335,0.1075851,-3.309338,0.2753665,-0.1116482,0.0816038,0.9513406,32.83057,348.5025,6.407739,0.4646177,0.02881245,-0.8850421,0.0,0.0,0.0,1.44652,-0.3228101,-2.471481,0.2057024,0.04138818,0.923188,0.961751,0.09377762,0.2573728,-0.2167543,0.8350282,0.5057129,-0.1674891,-0.5421565,0.8234159,moving,-1.4963469977736115,5.638589635941432,12.561302987962861,2.5669540971115232,0.05316999999999994,-0.4303952,0.8378570000000001,-0.025986949782192903,0.09822000179704882,0.9948254102910095,-1.7598019248599406,8.076310191309792,14.365599924711688,14.389317843625513,15.344283968199917
05/17/2023 13:14:18.284434,3161,True,True,True,True,Eyes,1.605004,0.1045507,-3.266799,-0.2032468,-0.4613279,0.8636361,0.0,0.0,0.0,0.0,0.0,0.0,0.0,-0.5187716,1.885823,3.010421,1.382838,0.1072811,-3.311244,0.2754366,-0.1070391,0.08196054,0.9518192,32.81155,349.1217,6.631466,0.4624713,0.02880273,-0.8861659,0.0,0.0,0.0,1.446521,-0.3251513,-2.471485,0.2076593,0.03799304,0.9210415,0.9636502,0.09705827,0.2489136,-0.2149882,0.8348343,0.5067857,-0.1586138,-0.5418777,0.8253547,moving,-1.4774446177280378,5.52461970485132,12.705543070952114,2.3621166037433694,0.06368299999999993,-0.4324324,0.8397589999999999,-0.025663728674622424,0.09624175126939477,0.9950270873674621,-1.7732816660034105,8.03114860122664,14.509318105099377,14.531296075772806,15.549092885180292
05/17/2023 13:14:18.304433,3162,True,True,True,True,Eyes,1.595514,0.1044779,-3.268374,-0.1936305,-0.4627645,0.8650759,0.0,0.0,0.0,0.0,0.0,0.0,0.0,-0.542661,1.88272,3.005486,1.372171,0.1070984,-3.313267,0.2753713,-0.1022604,0.08104289,0.9524419,32.76028,349.714,6.696215,0.4603145,0.02879448,-0.8872884,0.0,0.0,0.0,1.446522,-0.3275693,-2.471488,0.2071486,0.03866133,0.9209793,0.9659498,0.09805817,0.2394279,-0.2106964,0.8352054,0.5079754,-0.1501603,-0.5411252,0.8274269,moving,-1.4556783400275441,5.380015329762858,12.676135254367548,2.403779595764384,0.07435100000000006,-0.4346677,0.8417790000000003,-0.02529180935982983,0.09373106723950284,0.9952762818256848,-1.7914065081613444,7.973993169627967,14.420466855836901,14.441818950916792,15.502807613750862
05/17/2023 13:14:18.321924,3163,True,True,True,True,Eyes,1.585995,0.1043895,-3.269968,-0.1839762,-0.4642654,0.8663777,0.0,0.0,0.0,0.0,0.0,0.0,0.0,-0.5662594,1.876946,3.001926,1.361235,0.1067481,-3.315234,0.2750257,-0.09765023,0.07957228,0.9531492,32.67149,350.262,6.683884,0.4581461,0.02878724,-0.8884102,0.0,0.0,0.0,1.446522,-0.3298784,-2.471491,0.2056895,0.04351929,0.919319,0.9682654,0.09797587,0.2299193,-0.2054012,0.8360583,0.5087405,-0.1423817,-0.5398216,0.8296506,moving,-1.40549268108192,5.188031657584171,12.61171426986957,2.7102796389998427,0.08528700000000011,-0.43662650000000003,0.8437429999999999,-0.024427590232511925,0.09039756493321924,0.9956060947736646,-1.8056580839835754,7.896715423599655,14.212244821753156,14.23451248801312,15.32187135233247
05/17/2023 13:14:18.334017,3164,True,True,True,True,Eyes,1.576424,0.1042608,-3.271592,-0.1743865,-0.4656326,0.8676264,0.0,0.0,0.0,0.0,0.0,0.0,0.0,-0.5897366,1.86995,2.999005,1.350029,0.1062108,-3.317329,0.2745318,-0.09308127,0.07784804,0.9538909,32.56385,350.7939,6.637053,0.4559656,0.02878046,-0.8895316,0.0,0.0,0.0,1.446523,-0.3322085,-2.471495,0.2079803,0.04118958,0.9192029,0.9705511,0.09740954,0.2203223,-0.1996246,0.8371439,0.5092544,-0.1348352,-0.5382392,0.8319364,moving,-1.3488441437422591,4.9839549694893845,12.749165045612086,2.5657136390609074,0.09649400000000008,-0.4384193,0.845834,-0.023450643597545312,0.08685287225557736,0.9959450714963086,-1.8192855632483975,7.814353531868997,14.283628541328929,14.303906957027932,15.485088758776422
05/17/2023 13:14:18.354068,3165,True,True,True,True,Eyes,1.566786,0.1040979,-3.273246,-0.1646308,-0.467078,0.8687547,0.0,0.0,0.0,0.0,0.0,0.0,0.0,-0.6108885,1.863797,2.99625,1.339142,0.1051023,-3.319652,0.2739565,-0.08876471,0.07650243,0.9545764,32.45292,351.3062,6.629512,0.4537722,0.02877296,-0.8906528,0.0,0.0,0.0,1.446523,-0.3345564,-2.471498,0.2053674,0.04227024,0.9188186,0.9725364,0.09741949,0.2113821,-0.1946902,0.8381904,0.5094435,-0.1275487,-0.5366064,0.8341373,moving,-1.2634235771409612,4.769827639675364,12.599234446991545,2.6340345042995095,0.10738099999999995,-0.43965869999999996,0.8481540000000001,-0.021972789198086443,0.08313299119678791,0.9962961354307568,-1.8216086285739785,7.726232173666489,14.00676728498721,14.02622186517681,15.293501630234738
05/17/2023 13:14:18.364071,3166,True,True,True,True,Eyes,1.557095,0.1039094,-3.274927,-0.1548243,-0.4684403,0.8698236,0.0,0.0,0.0,0.0,0.0,0.0,0.0,-0.6368329,1.859183,2.991222,1.328159,0.104163,-3.321847,0.2736907,-0.08372214,0.07511262,0.9552183,32.37416,351.9117,6.64081,0.4515648,0.02876385,-0.8917742,0.0,0.0,0.0,1.446524,-0.3369032,-2.471501,0.2047639,0.04052708,0.9187131,0.9746974,0.09766997,0.2010611,-0.1893259,0.8389031,0.5102915,-0.1188306,-0.5354459,0.836168,moving,-1.2515566939797942,4.601152593227173,12.564783842530584,2.5258442640615772,0.11836499999999983,-0.4410662,0.850346,-0.02177168999515529,0.08019996059351267,0.9965409843489097,-1.8489832750628445,7.660449158751522,13.953398735731746,13.971333883417287,15.301008134916847
05/17/2023 13:14:18.384355,3167,True,True,True,True,Eyes,1.547319,0.1036733,-3.276651,-0.1447644,-0.4701642,0.8706256,0.0,0.0,0.0,0.0,0.0,0.0,0.0,-0.6686788,1.856083,2.98377,1.317083,0.1033518,-3.324105,0.2737461,-0.07780604,0.07358137,0.9558218,32.3273,352.626,6.664194,0.4493428,0.02875257,-0.8928963,0.0,0.0,0.0,1.446524,-0.3391481,-2.471504,0.2024958,0.03934032,0.9185205,0.9770641,0.09806315,0.1890226,-0.1832595,0.8392978,0.5118546,-0.1084522,-0.5347549,0.8380187,moving,-1.3208634557876895,4.449247591258713,12.432482279815856,2.452484768810929,0.12944099999999992,-0.4424999,0.8526009999999999,-0.022981944891768025,0.07755551131004529,0.9967231384485812,-1.9105066424521016,7.606450244375889,13.88063539880138,13.897538655897089,15.240888797823338
05/17/2023 13:14:18.404307,3168,True,True,True,True,Eyes,1.537481,0.10341,-3.27841,-0.1346361,-0.4718211,0.8713541,0.0,0.0,0.0,0.0,0.0,0.0,0.0,-0.7029315,1.855676,2.973972,1.305823,0.1020597,-3.326644,0.274109,-0.07139463,0.07226534,0.9563183,32.31609,353.4136,6.732612,0.4471045,0.02873799,-0.8940196,0.0,0.0,0.0,1.446525,-0.3415611,-2.471508,0.1998874,0.03829119,0.9187419,0.9793611,0.0990775,0.1761691,-0.1773571,0.8392839,0.5139521,-0.09693484,-0.5345895,0.8395341,moving,-1.4423308639352004,4.3440327909856755,12.274354825588382,2.3865838581253747,0.1407020000000001,-0.44362080000000004,0.8551359999999999,-0.02509849925669551,0.07572119744200925,0.9968131033489878,-1.9869801674505672,7.57386437968365,13.839426384677262,13.855651288551433,15.175426023443796
05/17/2023 13:14:18.424267,3169,True,True,True,True,Eyes,1.527567,0.1031116,-3.28022,-0.1242918,-0.473725,0.8718579,0.0,0.0,0.0,0.0,0.0,0.0,0.0,-0.7375088,1.854168,2.964285,1.29438,0.1011428,-3.329143,0.2745051,-0.06502399,0.07049851,0.9567909,32.30704,354.1787,6.740693,0.4448495,0.02871967,-0.8951444,0.0,0.0,0.0,1.446525,-0.3438315,-2.471511,0.1986213,0.03560993,0.9192106,0.9816037,0.09920582,0.1631331,-0.1706035,0.8393538,0.5161199,-0.08572432,-0.5344563,0.8408376,moving,-1.5383134957978812,4.22027966313554,12.192909657700984,2.2185111305206084,0.15214499999999997,-0.44497430000000004,0.8576320000000002,-0.026772670954641364,0.07356481088857916,0.9969310245215224,-2.055317139131772,7.532463496028812,13.861520611215258,13.876367195680238,15.206908186639163
05/17/2023 13:14:18.444190,3170,True,True,True,True,Eyes,1.517586,0.102774,-3.282066,-0.1138875,-0.475574,0.8722723,0.0,0.0,0.0,0.0,0.0,0.0,0.0,-0.7767121,1.851982,2.953741,1.282659,0.1000663,-3.332038,0.2750899,-0.05817504,0.06772534,0.9572641,32.31321,354.9688,6.635319,0.4425759,0.02869697,-0.8962714,0.0,0.0,0.0,1.446526,-0.3461773,-2.471514,0.197261,0.03247651,0.9196187,0.9840579,0.09765533,0.1486389,-0.1616688,0.8394776,0.5187875,-0.07411665,-0.5345472,0.8418825,moving,-1.6580933493074217,4.1134818276028415,12.106661322087456,2.0225708491254597,0.16386699999999998,-0.4462436,0.8605239999999998,-0.028860671739969382,0.07170226046632103,0.9970084277227943,-2.13132109185625,7.4991569269816765,13.909129329192327,13.922657069812656,15.254938160737945
05/17/2023 13:14:18.454460,3171,True,True,True,True,Eyes,1.507499,0.1024035,-3.283957,-0.1033041,-0.4775476,0.8725117,0.0,0.0,0.0,0.0,0.0,0.0,0.0,-0.8125032,1.850937,2.942595,1.270967,0.0987923,-3.334649,0.2756807,-0.05164197,0.06555644,0.9576198,32.32801,355.7405,6.597334,0.4402835,0.02866921,-0.8974006,0.0,0.0,0.0,1.446526,-0.3485362,-2.471518,0.1969597,0.02819499,0.9202449,0.986071,0.09708289,0.135052,-0.1540297,0.839405,0.5212236,-0.06276146,-0.5347654,0.8426666,moving,-1.7458874143211713,4.0060625865586275,12.080729414332321,1.7549119016954438,0.17555900000000002,-0.4473285,0.8631310000000001,-0.03039239846066761,0.06982975852240028,0.9970958935428287,-2.192703306454166,7.463514122588222,13.996679583621862,14.00867632334918,15.372671236684935
05/17/2023 13:14:18.464163,3172,True,True,True,True,Eyes,1.497343,0.1019908,-3.285891,-0.09266417,-0.4794787,0.8726475,0.0,0.0,0.0,0.0,0.0,0.0,0.0,-0.8488873,1.8503,2.930743,1.259116,0.09776425,-3.337445,0.2764511,-0.04502546,0.06318098,0.9578913,32.36491,356.5162,6.536088,0.4379707,0.02863597,-0.8985327,0.0,0.0,0.0,1.446527,-0.3508295,-2.471521,0.197737,0.02454585,0.9204829,0.9879618,0.09614634,0.1211919,-0.1459357,0.8391659,0.5239307,-0.05132609,-0.5353097,0.843095,moving,-1.8318158598655785,3.9222311095786746,12.123954606192363,1.5275030083430672,0.187411,-0.44859375,0.8659240000000001,-0.03189098024048713,0.06836760492759825,0.9971504236510627,-2.2486326375050902,7.436839430930302,14.148745709301343,14.159740533644769,15.539997459234375
05/17/2023 13:14:18.484030,3173,True,True,True,True,Eyes,1.487084,0.1015316,-3.287878,-0.08191087,-0.4814248,0.8726516,0.0,0.0,0.0,0.0,0.0,0.0,0.0,-0.8847899,1.850274,2.918192,1.247164,0.09634757,-3.340286,0.2772282,-0.03838285,0.0609896,0.958098,32.40533,357.3026,6.500779,0.4356368,0.02859659,-0.8996677,0.0,0.0,0.0,1.446527,-0.3532188,-2.471524,0.1992202,0.02227551,0.9210079,0.9896141,0.0955864,0.1073651,-0.1381496,0.8388495,0.5265417,-0.03973298,-0.5359054,0.8433425,moving,-1.9175070829674026,3.84155760682542,12.205422650055153,1.3854864169519203,0.19936299999999996,-0.44956637,0.8687619999999998,-0.033385468374616166,0.06696025897946345,0.9971969604248538,-2.3038377108279926,7.411366229775684,14.324474725600396,14.334902508689034,15.710819957548107
05/17/2023 13:14:18.494569,3174,True,True,True,True,Eyes,1.476758,0.101062,-3.2899,-0.07111591,-0.4833617,0.8725274,0.0,0.0,0.0,0.0,0.0,0.0,0.0,-0.9183466,1.851989,2.905104,1.235076,0.09488165,-3.343417,0.2781836,-0.03195695,0.05907393,0.958177,32.47107,358.0727,6.494628,0.4332804,0.02855035,-0.9008064,0.0,0.0,0.0,1.446528,-0.355523,-2.471528,0.19994,0.02318826,0.9219218,0.9909781,0.09542675,0.09410762,-0.1309863,0.8382483,0.5293225,-0.02837403,-0.5368738,0.8431853,moving,-1.980754682456572,3.7857480979761613,12.236417302671434,1.4408048178155997,0.21145199999999997,-0.45040464999999996,0.8718889999999999,-0.03448847530667443,0.06598642591703566,0.9972243509353822,-2.3438566781821866,7.394004040086262,14.398774569455929,14.409258767954679,15.748808537054513
05/17/2023 13:14:18.514345,3175,True,True,True,True,Eyes,1.466338,0.1007675,-3.291914,-0.06030319,-0.4853898,0.8722157,0.0,0.0,0.0,0.0,0.0,0.0,0.0,-0.9516805,1.854907,2.890542,1.223013,0.09417405,-3.346188,0.2794607,-0.02551922,0.05725435,0.9581088,32.57681,358.8509,6.503801,0.4309008,0.0284976,-0.9019489,0.0,0.0,0.0,1.446528,-0.3578558,-2.471531,0.2001796,0.02623272,0.9232908,0.9921414,0.09544855,0.08090106,-0.123975,0.8372474,0.5325853,-0.0168997,-0.5384296,0.842501,moving,-2.0443315699240436,3.7645002403468055,12.233021224827782,1.6274611386919107,0.22351500000000013,-0.45202985,0.874657,-0.03559587393401413,0.06561405267726017,0.9972099527405682,-2.3772976015301133,7.389983034656666,14.425231350693103,14.436403255236733,15.705670148366837
05/17/2023 13:14:18.534572,3176,True,True,True,True,Eyes,1.455297,0.1005448,-3.294066,-0.04863,-0.4880193,0.871477,0.0,0.0,0.0,0.0,0.0,0.0,0.0,-0.9868684,1.86338,2.869904,1.210155,0.09814662,-3.347885,0.2827359,-0.01886645,0.05465496,0.9574537,32.92053,359.6436,6.42891,0.4284979,0.02844385,-0.9030947,0.0,0.0,0.0,1.446529,-0.3602195,-2.471534,0.2013517,0.02870858,0.9249334,0.9933138,0.09399074,0.06703334,-0.1153276,0.8341465,0.5393507,-0.005221652,-0.5434752,0.8394089,moving,-2.053947456378573,3.9338272183000353,12.281288784959596,1.7778064388473145,0.23637399999999986,-0.45836612000000004,0.8763510000000001,-0.03575613214779137,0.0685604342861196,0.9970059385308686,-2.34875849273394,7.455869736409014,14.48388797039785,14.496462454557912,15.693268816873852
05/17/2023 13:14:18.544434,3177,True,True,True,True,Eyes,1.444156,0.1004239,-3.296363,-0.03718277,-0.4906782,0.8705472,0.0,0.0,0.0,0.0,0.0,0.0,0.0,-1.074686,1.90836,2.803152,1.183876,0.0997459,-3.353049,0.2923015,-0.001579171,0.05227385,0.9548953,33.9452,1.902692,6.847598,0.4260575,0.02839128,-0.9042503,0.0,0.0,0.0,1.44653,-0.3627172,-2.471538,0.2027014,0.0284349,0.9267691,0.9945299,0.09890893,0.03357534,-0.1007553,0.8236546,0.5580695,0.02754357,-0.5583997,0.8291147,moving,-3.2383272420929528,4.908135359743599,12.337356172760227,1.757383605993627,0.26265400000000017,-0.4624631,0.8815110000000002,-0.05628290800126937,0.08542277370440021,0.9947538719540227,-2.7049406747630975,7.908994336968933,15.870119234044662,15.891165799068707,16.25155404982738
05/17/2023 13:14:18.564214,3178,True,True,True,True,Eyes,1.432954,0.1005176,-3.298582,-0.02593282,-0.4932999,0.8694727,0.0,0.0,0.0,0.0,0.0,0.0,0.0,-1.058586,1.960364,2.774297,1.170013,0.1020527,-3.358722,0.2990164,0.0004351077,0.05854612,0.9524502,34.71854,2.49916,7.816323,0.4235789,0.02834248,-0.9054155,0.0,0.0,0.0,1.44653,-0.3649544,-2.471541,0.2042138,0.02635154,0.928395,0.9931444,0.1117847,0.03418367,-0.1112643,0.8143231,0.5696475,0.03584134,-0.5695456,0.821178,moving,-2.9472476157010368,5.543378126527222,12.40547005584559,1.6258454172640118,0.2765170000000001,-0.4670071,0.887181,-0.05117666945423448,0.09647275216528975,0.9940191321758748,-2.447083658067962,8.134727363042314,15.820389734303236,15.844652171327942,16.216161568286314
05/17/2023 13:14:18.584293,3179,True,True,True,True,Eyes,1.4217,0.1006794,-3.300845,-0.01517315,-0.4955809,0.8684292,0.0,0.0,0.0,0.0,0.0,0.0,0.0,-1.070991,1.960082,2.764902,1.157284,0.1073179,-3.358989,0.3005515,0.003922217,0.05730494,0.9520346,34.87732,2.928601,7.80931,0.4210641,0.02830308,-0.9065889,0.0,0.0,0.0,1.44653,-0.3671982,-2.471544,0.2060738,0.02350906,0.9299856,0.9934015,0.1114702,0.026978,-0.1067549,0.8127699,0.5727202,0.04191434,-0.5718212,0.8193069,moving,-2.6999454725171828,5.5261130371412115,12.494183700767282,1.4480687790295173,0.2892460000000001,-0.4745161,0.8874449999999996,-0.04688705387670096,0.09619348900749392,0.9942576855069825,-2.336460173516988,8.111862311526693,15.70903577897828,15.73187866421464,16.258971122724734
05/17/2023 13:14:18.604188,3180,True,True,True,True,Eyes,1.410467,0.1008815,-3.30309,-0.004950762,-0.4973179,0.8675543,0.0,0.0,0.0,0.0,0.0,0.0,0.0,-1.053281,1.946635,2.780129,1.144803,0.109079,-3.362356,0.2981668,0.003103297,0.05782676,0.9527555,34.59704,2.812958,7.822743,0.4185144,0.02827399,-0.9077696,0.0,0.0,0.0,1.446531,-0.3695587,-2.471548,0.2078405,0.02048898,0.9318326,0.9932929,0.1120401,0.02857067,-0.1083389,0.8155053,0.568519,0.0403974,-0.5678012,0.8221739,moving,-2.062563108581642,5.062871228533358,12.57371714546545,1.2596070908378403,0.301728,-0.4786377,0.8908080000000003,-0.03585050550261343,0.08819209784818821,0.9954581670193998,-2.1328830062742696,7.891552990215859,15.105054719373815,15.122351595439435,16.132786319648186
05/17/2023 13:14:18.621974,3181,True,True,True,True,Eyes,1.39927,0.1010242,-3.305334,0.005099582,-0.498598,0.8668183,0.0,0.0,0.0,0.0,0.0,0.0,0.0,-1.041966,1.938455,2.787969,1.134066,0.1101897,-3.364198,0.2966732,0.003147177,0.05860697,0.9531738,34.41573,2.833018,7.914486,0.4159332,0.0282553,-0.9089558,0.0,0.0,0.0,1.446532,-0.3719485,-2.471551,0.2097027,0.01775479,0.9337369,0.9931107,0.1135926,0.02877463,-0.1098579,0.8171004,0.5659313,0.04077385,-0.5651935,0.8239501,moving,-1.5312137522967217,4.73940376438131,12.65771433027948,1.0893346480537358,0.3124659999999999,-0.4821382,0.8926470000000002,-0.026630238230184535,0.08259459707322711,0.9962273332435624,-1.950961317647629,7.7320615807157145,14.637032056795734,14.65089364805055,16.048028704119748
05/17/2023 13:14:18.634460,3182,True,True,True,True,Eyes,1.388116,0.1011461,-3.307587,0.01512535,-0.4998378,0.8659869,0.0,0.0,0.0,0.0,0.0,0.0,0.0,-1.054265,1.929236,2.788216,1.123966,0.1089002,-3.366365,0.2953781,0.006264407,0.05769426,0.9536163,34.23801,3.191868,7.907741,0.413324,0.02824428,-0.9101456,0.0,0.0,0.0,1.446532,-0.3742114,-2.471554,0.2116044,0.01505244,0.9358831,0.9932643,0.1137371,0.02213556,-0.1063356,0.8188463,0.5640775,0.04603092,-0.5626318,0.8254251,moving,-1.3022177182198222,4.450911055493018,12.74042948717856,0.9214472706587143,0.3225659999999999,-0.48311160000000003,0.8948110000000002,-0.022657526918288567,0.07758501875604798,0.9967282050948714,-1.9015886291832294,7.605869043307713,14.467572292344153,14.479401063018452,16.09565745642379
05/17/2023 13:14:18.644726,3183,True,True,True,True,Eyes,1.376985,0.1012909,-3.309808,0.02522206,-0.5010487,0.8650514,0.0,0.0,0.0,0.0,0.0,0.0,0.0,-1.08202,1.927094,2.777855,1.113765,0.1085303,-3.368781,0.2958292,0.01160598,0.05587256,0.9535348,34.25451,3.828657,7.887087,0.4106895,0.02823955,-0.9113376,0.0,0.0,0.0,1.446533,-0.3766309,-2.471558,0.2132477,0.01173952,0.9380558,0.9934872,0.1134196,0.01092406,-0.0996861,0.8187267,0.5654638,0.05519088,-0.5628699,0.8247008,moving,-1.2827627840803917,4.383855223991211,12.807355847350507,0.7170040818643323,0.3327680000000002,-0.48516119999999996,0.8972229999999999,-0.022321099430874618,0.07641902704751116,0.9968258511643858,-1.9056786127171126,7.57875129892091,14.547831254969898,14.559438187866775,16.234437406141335
05/17/2023 13:14:18.664240,3184,True,True,True,True,Eyes,1.365822,0.1014405,-3.311986,0.03552597,-0.5019084,0.8641909,0.0,0.0,0.0,0.0,0.0,0.0,0.0,-1.122181,1.919423,2.764598,1.103095,0.1092315,-3.370123,0.2961394,0.01855937,0.05284389,0.9535011,34.24807,4.627675,7.770763,0.4080323,0.0282411,-0.9125304,0.0,0.0,0.0,1.446533,-0.3789586,-2.471561,0.2154828,0.008144468,0.94045,0.9937261,0.1117658,-0.00409444,-0.08978111,0.8190179,0.5667,0.06669109,-0.562777,0.823914,moving,-1.3982169816490875,4.329829361120136,12.905267431641015,0.4961794645199199,0.34343800000000013,-0.48819009999999996,0.8985620000000001,-0.024331468211193516,0.07547552210201555,0.9968507778980394,-1.9694130871571953,7.5654987846618145,14.796395073243133,14.808326640472776,16.46910429217225
05/17/2023 13:14:18.684340,3185,True,True,True,True,Eyes,1.354662,0.1015872,-3.314128,0.04598379,-0.5024561,0.8633791,0.0,0.0,0.0,0.0,0.0,0.0,0.0,-1.162299,1.901134,2.757714,1.092144,0.109588,-3.371267,0.2945247,0.02557886,0.05014991,0.9539843,34.01281,5.42339,7.678297,0.4053534,0.02824846,-0.9137232,0.0,0.0,0.0,1.446534,-0.3813038,-2.471564,0.2174018,0.004754156,0.9428859,0.9936615,0.1107517,-0.01926289,-0.08061724,0.8214804,0.5645095,0.07834444,-0.5593783,0.8252018,moving,-1.527331726885552,4.068308777041073,12.983812909901442,0.28889048571291526,0.35439,-0.49089180000000004,0.8997030000000001,-0.026586696597447772,0.07092065823245178,0.9971276345015694,-2.079847127158293,7.473176062911714,14.984014646960516,14.995243288809215,16.68915255388533
05/17/2023 13:14:18.694477,3186,True,True,True,True,Eyes,1.343535,0.1016884,-3.316242,0.05643532,-0.5028772,0.8625135,0.0,0.0,0.0,0.0,0.0,0.0,0.0,-1.187628,1.89089,2.751241,1.081296,0.1096501,-3.37254,0.2932203,0.03110189,0.04996282,0.9542317,33.81357,6.125472,7.857915,0.4026547,0.02826097,-0.9149153,0.0,0.0,0.0,1.446534,-0.3835629,-2.471567,0.2189178,0.002013147,0.9455763,0.9930728,0.1135916,-0.03005659,-0.07711281,0.823051,0.5627083,0.08865704,-0.5564924,0.826109,moving,-1.5508122229436556,3.8487192616647636,13.035334556542262,0.12198344265297259,0.36523799999999995,-0.493213,0.900973,-0.02700248383101431,0.06709784207906036,0.9973809235998459,-2.1334279456118788,7.390088407239595,15.044125058819368,15.05470815849357,16.820127990684444
05/17/2023 13:14:18.714518,3187,True,True,True,True,Eyes,1.332455,0.1018048,-3.318315,0.0668425,-0.5031546,0.8616074,0.0,0.0,0.0,0.0,0.0,0.0,0.0,-1.204371,1.892783,2.740246,1.070853,0.1086167,-3.373953,0.292964,0.03598817,0.05193392,0.9540334,33.72842,6.843248,8.308486,0.3999389,0.02827684,-0.9161053,0.0,0.0,0.0,1.446535,-0.3859634,-2.471571,0.2204849,1.484156e-05,0.9485036,0.9920154,0.1201799,-0.03823829,-0.07800692,0.8229498,0.5627331,0.09909739,-0.555257,0.8257538,moving,-1.5566386738473132,3.760946308015373,13.086315087723124,0.000896526643990367,0.37568199999999985,-0.4945801,0.9023820000000002,-0.027106665493545366,0.06556965834432088,0.9974796397083001,-2.1532045269910864,7.35664382320013,15.107435395412116,15.118004802945421,16.921878630283697
05/17/2023 13:14:18.734478,3188,True,True,True,True,Eyes,1.321416,0.1019261,-3.320338,0.07719393,-0.5034959,0.8605422,0.0,0.0,0.0,0.0,0.0,0.0,0.0,-1.216172,1.899565,2.727635,1.060684,0.1090452,-3.374978,0.2939505,0.03993039,0.05329271,0.953498,33.80075,7.431411,8.658835,0.3972082,0.02829615,-0.9172919,0.0,0.0,0.0,1.446535,-0.3882715,-2.471574,0.2222892,-0.001865804,0.9514509,0.9911309,0.1251041,-0.04481626,-0.07815386,0.821506,0.5648184,0.1074779,-0.5563065,0.8239973,moving,-1.4383777274629683,3.8079930329007388,13.150239918187086,-0.112357408632928,0.38585099999999994,-0.4973167,0.9034040000000001,-0.025046404551597776,0.0663922600600182,0.9974791464234507,-2.0895353515398756,7.367022681047718,15.094986697929716,15.106187884287861,16.97621503155791
05/17/2023 13:14:18.750133,3189,True,True,True,True,Eyes,1.310417,0.1020591,-3.32232,0.08747758,-0.5038173,0.8593695,0.0,0.0,0.0,0.0,0.0,0.0,0.0,-1.22996,1.91286,2.709118,1.05055,0.109287,-3.37573,0.2961301,0.04424381,0.05451281,0.9525638,34.0103,8.084475,9.026832,0.394465,0.02831869,-0.9184743,0.0,0.0,0.0,1.446536,-0.3910224,-2.471578,0.2245121,-0.00414443,0.9548152,0.9901417,0.1300577,-0.05200433,-0.07765003,0.8186706,0.5689893,0.1165759,-0.5593419,0.8206989,moving,-1.3556663425542181,3.9989643845034277,13.231973666403869,-0.24869404700643452,0.39598599999999995,-0.5003094,0.9041519999999998,-0.023601065917537658,0.06971902239519148,0.9972875131655923,-2.0142266197023577,7.435198535662696,15.180551735349367,15.19348028536357,17.073043910974494
05/17/2023 13:14:18.766081,3190,True,True,True,True,Eyes,1.299477,0.1022085,-3.324258,0.09754293,-0.5041788,0.8580729,0.0,0.0,0.0,0.0,0.0,0.0,0.0,-1.233212,1.930608,2.692428,1.040558,0.1096937,-3.376749,0.298577,0.04726092,0.05685127,0.9515179,34.25167,8.620066,9.499161,0.3917107,0.02834447,-0.9196514,0.0,0.0,0.0,1.446536,-0.3929021,-2.471581,0.2276126,-0.006056607,0.9575146,0.9890687,0.1364121,-0.05599025,-0.07996795,0.8152394,0.5735764,0.1238882,-0.5628291,0.8172363,moving,-1.1688029369083752,4.206922766119496,13.371709771158047,-0.36241054843752735,0.40597799999999995,-0.5025957999999999,0.9051679999999998,-0.02034310733525119,0.07334351568328148,0.997099229749977,-1.8876049318331187,7.503093521195663,15.226801104454115,15.241565429868475,17.167202435875762
05/17/2023 13:14:18.784191,3191,True,True,True,True,Eyes,1.288615,0.102381,-3.326127,0.1074101,-0.5045043,0.8567021,0.0,0.0,0.0,0.0,0.0,0.0,0.0,-1.229446,1.946844,2.679851,1.031002,0.1101394,-3.377609,0.3007226,0.04908573,0.05917808,0.9506075,34.4668,8.995906,9.920102,0.388948,0.02837361,-0.9208224,0.0,0.0,0.0,1.446537,-0.3954955,-2.471584,0.2311313,-0.00856638,0.9606312,0.9881771,0.1420326,-0.05773016,-0.08298788,0.8121278,0.5775478,0.1289149,-0.5659286,0.8143131,moving,-0.8604431826024593,4.36783495685331,13.528427590645618,-0.5109186649827114,0.415535,-0.5056349,0.9060250000000001,-0.014973397513135825,0.0761507469142439,0.9969838853041844,-1.7141445216720532,7.544893122879229,15.176850938127885,15.193480148794444,17.24042076518609
05/17/2023 13:14:18.794549,3192,True,True,True,True,Eyes,1.277835,0.1025642,-3.327932,0.1170606,-0.5048262,0.8552469,0.0,0.0,0.0,0.0,0.0,0.0,0.0,-1.227505,1.955658,2.671013,1.021679,0.1108053,-3.377806,0.3021023,0.05074025,0.06037459,0.9500077,34.60198,9.290622,10.17233,0.3861796,0.02840643,-0.9219859,0.0,0.0,0.0,1.446537,-0.3976903,-2.471587,0.2347298,-0.01030344,0.9635064,0.9875607,0.1453701,-0.05992865,-0.08405516,0.8101782,0.5801259,0.1328859,-0.5678722,0.8123192,moving,-0.5192856593745403,4.434260705507799,13.691706885945033,-0.6126800248430327,0.42485799999999996,-0.5084956,0.9062190000000001,-0.009035993717498088,0.07731205525675097,0.9969659638964232,-1.5439654461725962,7.548128930900522,15.06282965385322,15.080580885987207,17.283648753194413
05/17/2023 13:14:18.819332,3193,True,True,True,True,Eyes,1.267124,0.1027329,-3.329669,0.1266271,-0.5050864,0.8537291,0.0,0.0,0.0,0.0,0.0,0.0,0.0,-1.235372,1.956653,2.663536,1.012838,0.1113477,-3.37799,0.3028394,0.0532287,0.05974519,0.9496766,34.66928,9.609018,10.2052,0.3834079,0.02844287,-0.9231408,0.0,0.0,0.0,1.446538,-0.3998784,-2.47159,0.2371071,-0.01137513,0.9667775,0.9871944,0.1457167,-0.06491371,-0.08123772,0.8094377,0.5815592,0.1372865,-0.5688386,0.81091,moving,-0.23060063993157012,4.437513319430255,13.780087675553737,-0.6741125720188059,0.4337000000000002,-0.5112261,0.9064000000000001,-0.004012664994640043,0.07737119272889242,0.9969943165141563,-1.4102727715964845,7.530458369877204,14.89581252188378,14.914023814108951,17.26447319946225
05/17/2023 13:14:18.835267,3194,True,True,True,True,Eyes,1.256481,0.102882,-3.331349,0.1360295,-0.5053675,0.8521149,0.0,0.0,0.0,0.0,0.0,0.0,0.0,-1.251074,1.952886,2.655577,1.003709,0.1111534,-3.378054,0.3032317,0.05655029,0.05773632,0.9494836,34.70123,9.974554,10.08305,0.3806345,0.02848217,-0.9242865,0.0,0.0,0.0,1.446538,-0.402215,-2.471594,0.2380524,-0.01168334,0.9707347,0.9869372,0.1439351,-0.07237218,-0.07534371,0.8094341,0.5823571,0.1424021,-0.5692971,0.8097052,moving,-0.009019140755787218,4.411806237141511,13.77868337035132,-0.6895537505719859,0.44282900000000014,-0.5133684,0.90646,-0.00015694728306438893,0.07692448125381829,0.9970369788929052,-1.3131481424229339,7.506025944094,14.683116947110092,14.701177308604692,17.173552484608052
05/17/2023 13:14:18.844841,3195,True,True,True,True,Eyes,1.245886,0.1029954,-3.332955,0.1453657,-0.5056026,0.8504322,0.0,0.0,0.0,0.0,0.0,0.0,0.0,-1.269394,1.948493,2.646991,0.9946598,0.1108515,-3.3783,0.3037014,0.06011866,0.05519953,0.9492651,34.74669,10.35296,9.903082,0.3778615,0.0285235,-0.9254224,0.0,0.0,0.0,1.446539,-0.4046104,-2.471597,0.2382456,-0.01074368,0.9750618,0.9866775,0.1413142,-0.08060874,-0.06828173,0.8094369,0.5832233,0.1476655,-0.5699493,0.8083025,moving,0.1969902338892766,4.405405275207571,13.73056589572167,-0.6312857410265241,0.45187920000000004,-0.5154619,0.9067029999999998,0.003427963802756992,0.07681264222038992,0.9970397031810617,-1.2194416701850967,7.4900546335215,14.42308391339016,14.44042681459088,17.013491578742247
05/17/2023 13:14:18.864241,3196,True,True,True,True,Eyes,1.235352,0.103084,-3.334494,0.1545763,-0.5058163,0.8486789,0.0,0.0,0.0,0.0,0.0,0.0,0.0,-1.291367,1.942804,2.63683,0.9854162,0.1101468,-3.378138,0.3040296,0.0642781,0.05253115,0.949039,34.77245,10.80195,9.727735,0.37509,0.02856568,-0.9265479,0.0,0.0,0.0,1.44654,-0.4070385,-2.471601,0.2388391,-0.009907961,0.9796111,0.9862176,0.1387931,-0.09006278,-0.06062334,0.8096129,0.5838251,0.1539469,-0.5703186,0.8068687,moving,0.3337382522046476,4.392864282498094,13.701968411648823,-0.5794799514583997,0.4611238,-0.5171853000000001,0.9065369999999997,0.005807686993115686,0.07659355483319338,0.9970454028289757,-1.1588543953859776,7.476257304245658,14.246301221835587,14.26302158649538,16.903814872241828
05/17/2023 13:14:18.884331,3197,True,True,True,True,Eyes,1.22486,0.1031378,-3.335947,0.1637444,-0.5058959,0.8469104,0.0,0.0,0.0,0.0,0.0,0.0,0.0,-1.309762,1.937137,2.628332,0.9762853,0.1096424,-3.37801,0.3040472,0.06810839,0.05070194,0.9488657,34.75674,11.23583,9.643934,0.3723212,0.02860794,-0.9276627,0.0,0.0,0.0,1.44654,-0.4092604,-2.471604,0.239424,-0.007680357,0.9844971,0.9855811,0.137635,-0.09841986,-0.05480232,0.8099692,0.5839063,0.160083,-0.5700934,0.8058331,moving,0.48277262991136705,4.346340261848742,13.668654946429571,-0.44697248407320045,0.4702546999999999,-0.5189028,0.906406,0.008401643011528334,0.07578254531661241,0.9970890301354098,-1.0992212989493877,7.4485579663860495,14.014850633513829,14.03008694004728,16.74603146697621
05/17/2023 13:14:18.894909,3198,True,True,True,True,Eyes,1.214438,0.1031605,-3.337318,0.1728351,-0.5059369,0.8450774,0.0,0.0,0.0,0.0,0.0,0.0,0.0,-1.328442,1.930004,2.620049,0.9671304,0.1089026,-3.377444,0.3036604,0.07213588,0.04933013,0.9487641,34.6866,11.70653,9.620127,0.3695562,0.02864933,-0.9287663,0.0,0.0,0.0,1.446541,-0.4127076,-2.471609,0.2400259,-0.006562233,0.9897685,0.984726,0.1374149,-0.1069207,-0.04979569,0.8107139,0.583321,0.1668391,-0.5690871,0.8051736,moving,0.5926886980931704,4.2540493797491195,13.631479272021856,-0.37986937957729133,0.47941060000000013,-0.5216102,0.9058350000000002,0.010315688617914279,0.07417502117646216,0.9971918488265885,-1.066530115638529,7.40578500147166,13.82365468517122,13.837747746609951,16.632735616876122
05/17/2023 13:14:18.914608,3199,True,True,True,True,Eyes,1.204083,0.1031326,-3.338607,0.1819329,-0.5059288,0.8431705,0.0,0.0,0.0,0.0,0.0,0.0,0.0,-1.349769,1.922919,2.610238,0.9583351,0.1081763,-3.376793,0.3033997,0.07649206,0.04774831,0.9485872,34.63158,12.21492,9.584535,0.3667966,0.02868909,-0.9298584,0.0,0.0,0.0,1.446541,-0.4146255,-2.471611,0.2408361,-0.003695011,0.9946475,0.9837381,0.1370022,-0.1161452,-0.04417155,0.8113374,0.5829068,0.1740924,-0.5682974,0.8041952,moving,0.6739386589719464,4.1851480546391455,13.611185043,-0.2128468242988934,0.4882059000000001,-0.5228018,0.9051820000000004,0.011730817090110854,0.07297465467054742,0.9972648146546698,-1.0424971820090012,7.373905199266327,13.651920143607903,13.664358856390304,16.501188109303396
05/17/2023 13:14:18.934304,3200,True,True,True,True,Eyes,1.193789,0.1030757,-3.339806,0.1910069,-0.5059763,0.8411328,0.0,0.0,0.0,0.0,0.0,0.0,0.0,-1.373711,1.921445,2.594473,0.9493941,0.1069295,-3.376024,0.3039555,0.08153534,0.04658782,0.9480468,34.66178,12.84936,9.651567,0.3640431,0.02872596,-0.9309387,0.0,0.0,0.0,1.446542,-0.4170808,-2.471615,0.2414956,-0.0008416176,0.9998146,0.9823632,0.1379011,-0.1262774,-0.03876865,0.8108813,0.5839251,0.1829199,-0.5687309,0.8019261,moving,0.6691712935835261,4.21341859173522,13.579154669988519,-0.048230066908781635,0.4971479,-0.5240102999999999,0.9044090000000002,0.011647416535129351,0.07346678237607487,0.9972296670378913,-1.0391897164165134,7.385112800049052,13.583710321524705,13.595194741848147,16.399712765085017
05/17/2023 13:14:18.944897,3201,True,True,True,True,Eyes,1.183537,0.1029849,-3.340921,0.2000626,-0.506012,0.8390036,0.0,0.0,0.0,0.0,0.0,0.0,0.0,-1.395986,1.923662,2.576253,0.9404709,0.1061871,-3.374992,0.305207,0.08641682,0.04555506,0.9472621,34.77454,13.48376,9.746537,0.361297,0.02875947,-0.9320069,0.0,0.0,0.0,1.446542,-0.4185313,-2.471617,0.242608,0.003396869,1.004727,0.9809138,0.1390552,-0.1359113,-0.03355512,0.8095468,0.5860956,0.1915262,-0.5703487,0.7987615,moving,0.6809347891560823,4.3235167971016795,13.575159585911555,0.19370984925445578,0.5060711,-0.5247184,0.903375,0.011850461030509227,0.07538272563238521,0.99708436961238,-1.0123295049463574,7.42677204862689,13.528763141298047,13.539436418690068,16.282261106980474
05/17/2023 13:14:18.964253,3202,True,True,True,True,Eyes,1.173345,0.1028677,-3.341944,0.2090631,-0.5061312,0.836734,0.0,0.0,0.0,0.0,0.0,0.0,0.0,-1.416872,1.926896,2.557818,0.9314067,0.1053288,-3.374059,0.3066323,0.09110934,0.0444663,0.9464136,34.91072,14.0963,9.832741,0.358559,0.02878902,-0.9330629,0.0,0.0,0.0,1.446543,-0.4209619,-2.47162,0.2433576,0.00677377,1.010411,0.9794437,0.1400411,-0.1451846,-0.02829288,0.8079987,0.5885045,0.1997238,-0.5722993,0.7953514,moving,0.7129462700878669,4.448283117680025,13.541779311387911,0.384103714488961,0.5151362999999999,-0.5262907,0.9024389999999998,0.01240546293680335,0.07755324665918892,0.9969110073486966,-0.9732805242362708,7.4727568832223845,13.446879247650152,13.457210387850605,16.153512490425875
05/17/2023 13:14:18.984614,3203,True,True,True,True,Eyes,1.163229,0.1027167,-3.342879,0.2179393,-0.5062585,0.8343889,0.0,0.0,0.0,0.0,0.0,0.0,0.0,-1.438086,1.929398,2.539217,0.9226394,0.1045534,-3.372847,0.3081444,0.09569675,0.0429575,0.9455391,35.06484,14.68138,9.863648,0.3558297,0.02881427,-0.9341062,0.0,0.0,0.0,1.446543,-0.4232195,-2.471623,0.2445431,0.01045483,1.017658,0.9779935,0.1402128,-0.1544958,-0.02225916,0.8064034,0.5909467,0.2074442,-0.5745032,0.7917784,moving,0.761618964396392,4.587799369620548,13.511978509973444,0.5886030098346259,0.5239035999999999,-0.5277729,0.901224,0.013249785262474695,0.07997964759027801,0.9967084543194078,-0.9236800410167316,7.523333957181052,13.352713672268413,13.362830540930046,16.014953359684192
05/17/2023 13:14:18.994700,3204,True,True,True,True,Eyes,1.153167,0.1025318,-3.343727,0.2267044,-0.5064449,0.8319367,0.0,0.0,0.0,0.0,0.0,0.0,0.0,-1.457523,1.932516,2.520622,0.9137228,0.103521,-3.371487,0.309704,0.1000791,0.04154341,0.9446386,35.22588,15.24587,9.902175,0.3531106,0.02883475,-0.9351369,0.0,0.0,0.0,1.446544,-0.4256157,-2.471627,0.2388617,0.03271323,1.031397,0.9765167,0.1404768,-0.1633448,-0.01649723,0.8047152,0.5934318,0.2148094,-0.5768013,0.7881352,moving,0.8247049055629765,4.727809345762627,13.039282333196299,1.8166640693553322,0.5328212000000001,-0.5291367,0.8998600000000003,0.014344355719384486,0.0824137512289061,0.9964949611461342,-0.8673401349149126,7.573156478977174,12.547040778239714,12.556698155008663,15.050958551953078
05/17/2023 13:14:19.016494,3205,True,True,True,True,Eyes,1.143162,0.1022971,-3.34448,0.235406,-0.5067968,0.8293015,0.0,0.0,0.0,0.0,0.0,0.0,0.0,-1.475721,1.931353,2.505814,0.904857,0.1025794,-3.370118,0.3107182,0.1040242,0.0395698,0.9439636,35.33675,15.71703,9.835503,0.350402,0.02884999,-0.9361547,0.0,0.0,0.0,1.446544,-0.427988,-2.47163,0.2457091,0.04293704,1.040254,0.9752264,0.1393493,-0.1718,-0.01006048,0.8037769,0.5948458,0.2209803,-0.578381,0.7852663,moving,0.9474973470834485,4.795413684306955,13.28974807139453,2.363572291767487,0.541687,-0.5305674,0.898488,0.016478325997939733,0.0835867251020915,0.9963642322903324,-0.797579361696594,7.5911609148057915,12.567557649940825,12.579547110298755,15.025993378770046
05/17/2023 13:14:19.034435,3206,True,True,True,True,Eyes,1.133204,0.1020216,-3.345129,0.2439525,-0.5071625,0.8266035,0.0,0.0,0.0,0.0,0.0,0.0,0.0,-1.495088,1.927033,2.492164,0.8959777,0.1011344,-3.368474,0.3113452,0.1080004,0.03710208,0.9434106,35.41107,16.16328,9.695313,0.3477045,0.02885913,-0.9371597,0.0,0.0,0.0,1.446545,-0.4303122,-2.471633,0.2513619,0.04035646,1.046569,0.9739187,0.1372558,-0.1806744,-0.002754167,0.8033752,0.5954668,0.2268806,-0.5794385,0.7828002,moving,1.0714433491674105,4.825185047129878,13.505326956314745,2.208272748488153,0.5505673,-0.5314466,0.8968409999999998,0.018632877029480535,0.0841012512443042,0.9962829745145189,-0.7346537024430706,7.594509408352507,12.69511999181599,12.706285512881786,15.224604905148224
05/17/2023 13:14:19.044497,3207,True,True,True,True,Eyes,1.123266,0.1016883,-3.345672,0.2523753,-0.5075732,0.823818,0.0,0.0,0.0,0.0,0.0,0.0,0.0,-1.512281,1.919491,2.481805,0.8870996,0.09989901,-3.366582,0.3115099,0.1115151,0.03440665,0.9430494,35.44103,16.5274,9.493159,0.3450185,0.02886169,-0.9381517,0.0,0.0,0.0,1.446545,-0.4326495,-2.471637,0.2644714,0.03191775,1.05211,0.9727611,0.1343704,-0.1888925,0.004581787,0.8035556,0.595212,0.2317645,-0.5798646,0.781052,moving,1.246927744363384,4.798930118418762,14.110226002041301,1.7376430784949954,0.5594454,-0.53254851,0.8949450000000003,0.021685026237799804,0.08363956115813631,0.9962600694490723,-0.6588826077382741,7.572887638307892,13.212878656443339,13.222553475285512,15.88007078700505
05/17/2023 13:14:19.064136,3208,True,True,True,True,Eyes,1.113375,0.1013028,-3.346104,0.260637,-0.5079578,0.8210038,0.0,0.0,0.0,0.0,0.0,0.0,0.0,-1.528967,1.909517,2.473361,0.8781294,0.09824727,-3.364631,0.3112125,0.1149234,0.0316296,0.9428357,35.42062,16.86297,9.262966,0.3423436,0.02885672,-0.9391314,0.0,0.0,0.0,1.446546,-0.4349402,-2.47164,0.2740877,0.02537215,1.056268,0.9715843,0.1311743,-0.1970208,0.01188819,0.8042927,0.5941145,0.2363949,-0.5795745,0.7798787,moving,1.428518465524854,4.723500862179454,14.546675341386496,1.3760121643329115,0.5684166000000002,-0.53318747,0.8929910000000003,0.02484515104057551,0.08232187075255479,0.9962960604307589,-0.5898722010982103,7.531914453527353,13.529466671307349,13.538527261187843,16.340446888014085
05/17/2023 13:14:19.084474,3209,True,True,True,True,Eyes,1.103547,0.1008733,-3.346429,0.2687381,-0.5083292,0.8181573,0.0,0.0,0.0,0.0,0.0,0.0,0.0,-1.545508,1.898229,2.465528,0.8693393,0.09661834,-3.362382,0.3107216,0.1182846,0.0288335,0.9426715,35.37994,17.18717,9.022937,0.3396803,0.02884354,-0.9400983,0.0,0.0,0.0,1.446546,-0.4373495,-2.471643,0.2780835,0.02309608,1.060712,0.9703548,0.1278682,-0.2050887,0.01914612,0.8052416,0.5926378,0.2409254,-0.5789956,0.7789217,moving,1.6084416066904585,4.62996028070023,14.690443646941322,1.2473685924242008,0.5772067000000001,-0.53396784,0.8907390000000004,0.02797739382860745,0.0806885415588732,0.9963466937784262,-0.5251570306810647,7.4840707203385834,13.503677052659508,13.512242741703608,16.44417700625953
05/17/2023 13:14:19.094477,3210,True,True,True,True,Eyes,1.093761,0.100385,-3.346635,0.2767421,-0.5086325,0.8152955,0.0,0.0,0.0,0.0,0.0,0.0,0.0,-1.563279,1.885309,2.457729,0.8605239,0.09506422,-3.35993,0.3099525,0.1219037,0.02615193,0.9425418,35.3037,17.54449,8.801101,0.3370292,0.02882176,-0.9410527,0.0,0.0,0.0,1.446547,-0.4397895,-2.471647,0.2782248,0.025199,1.066867,0.9689111,0.1248673,-0.213587,0.02627016,0.8064911,0.5906624,0.2460105,-0.5779102,0.7781379,moving,1.7526736048767741,4.511745236302277,14.616432395994115,1.3530533292043048,0.5860231,-0.53485372,0.8882829999999999,0.03049046590942861,0.07862687974268612,0.996437708820509,-0.4816970446170852,7.4290574287119995,13.23809691760011,13.245890864717817,16.27486830738378
05/17/2023 13:14:19.114673,3211,True,True,True,True,Eyes,1.084007,0.0998505,-3.346708,0.2847109,-0.5088614,0.8124037,0.0,0.0,0.0,0.0,0.0,0.0,0.0,-1.582186,1.871854,2.449068,0.8517275,0.09316106,-3.357225,0.3089542,0.1258566,0.02381949,0.9424119,35.19273,17.95588,8.632648,0.3343907,0.02879061,-0.9419944,0.0,0.0,0.0,1.446548,-0.442084,-2.47165,0.2760007,0.02679175,1.073437,0.9671855,0.1226634,-0.2224993,0.03287234,0.8079599,0.5883199,0.2519358,-0.5763285,0.7774148,moving,1.8500701371188528,4.370875709906443,14.419473561322356,1.429739769445653,0.5948205,-0.5352450599999999,0.8855750000000002,0.032190407124419354,0.07617270471000842,0.996574879027555,-0.46423550220542187,7.368383592472824,12.901862140181189,12.9089187409577,16.02473980894909
05/17/2023 13:14:19.134439,3212,True,True,True,True,Eyes,1.074272,0.09924158,-3.346657,0.2925868,-0.5090427,0.8094865,0.0,0.0,0.0,0.0,0.0,0.0,0.0,-1.604191,1.855613,2.439662,0.8427842,0.09152444,-3.354105,0.3078351,0.1301982,0.02091539,0.9422572,35.07676,18.39377,8.401603,0.331765,0.02874978,-0.9429236,0.0,0.0,0.0,1.446548,-0.4442846,-2.471653,0.2734862,0.02427411,1.079953,0.965222,0.1195745,-0.2324834,0.04074378,0.8096002,0.585566,0.2582373,-0.5746734,0.776572,moving,1.9164278788736,4.235079977084164,14.21077352744994,1.2876207637585995,0.6037638,-0.53580904,0.8824520000000002,0.033350525630160166,0.07380771564554908,0.9967146347832752,-0.460092246553641,7.311699804192612,12.636332019671022,12.642723232788327,15.859502856149875
05/17/2023 13:14:19.144889,3213,True,True,True,True,Eyes,1.064554,0.09857719,-3.346478,0.3003232,-0.5091653,0.806571,0.0,0.0,0.0,0.0,0.0,0.0,0.0,-1.624206,1.840716,2.430166,0.83349,0.08913179,-3.35102,0.3068083,0.1343177,0.01804225,0.9420733,34.97542,18.806,8.167779,0.3291515,0.02869816,-0.9438407,0.0,0.0,0.0,1.446549,-0.4466924,-2.471657,0.2724488,0.02087075,1.08621,0.9632665,0.1164138,-0.2420031,0.04842528,0.8110864,0.5829185,0.2641451,-0.573225,0.7756549,moving,2.000866516920433,4.115938558132229,14.080732083719298,1.1007620657892683,0.6130590000000001,-0.53582419,0.8793630000000001,0.034824672401683784,0.07173137773992974,0.9968159092144232,-0.44437231500398333,7.26024911483571,12.444514799599421,12.450479564736069,15.777133405697667
05/17/2023 13:14:19.164742,3214,True,True,True,True,Eyes,1.054852,0.09786077,-3.34616,0.3078782,-0.5092871,0.8036402,0.0,0.0,0.0,0.0,0.0,0.0,0.0,-1.640408,1.826096,2.422307,0.8239334,0.08711343,-3.347639,0.3059168,0.1378044,0.01499509,0.9419129,34.90107,19.13025,7.888547,0.3265496,0.0286353,-0.9447459,0.0,0.0,0.0,1.446549,-0.4491044,-2.47166,0.271167,0.01946688,1.091981,0.9615701,0.1125615,-0.2504251,0.05606524,0.8123801,0.5804268,0.2687741,-0.5721613,0.7748496,moving,2.1525849765652247,4.01571264799048,13.945923254655064,1.0213107458755015,0.6226156,-0.53621783,0.8759790000000001,0.037468769317978656,0.06998086212700322,0.9968443597570522,-0.39395887444207167,7.211677837605481,12.162029897671879,12.167549896871137,15.618990498965447
05/17/2023 13:14:19.184284,3215,True,True,True,True,Eyes,1.045181,0.09709546,-3.345704,0.3152714,-0.5094057,0.8006933,0.0,0.0,0.0,0.0,0.0,0.0,0.0,-1.653214,1.813034,2.415078,0.8145944,0.08516697,-3.343948,0.3053224,0.1406851,0.01184159,0.9417249,34.87078,19.37667,7.57906,0.3239595,0.0285609,-0.9456396,0.0,0.0,0.0,1.44655,-0.4513548,-2.471663,0.2718521,0.01967978,1.097555,0.960135,0.1082117,-0.2577423,0.06360558,0.813276,0.5783914,0.2722043,-0.5717276,0.7739718,moving,2.3672772234290087,3.9529985569303294,13.911544315699802,1.0272355548347738,0.6319556,-0.53652177,0.8722850000000002,0.04120692720154706,0.06887956444042687,0.996773584254942,-0.307215582704087,7.173435014056389,11.90415237191405,11.909248164435803,15.490284078769976
05/17/2023 13:14:19.194904,3216,True,True,True,True,Eyes,1.035519,0.09628621,-3.345093,0.3224914,-0.5095447,0.7977239,0.0,0.0,0.0,0.0,0.0,0.0,0.0,-1.667796,1.800077,2.405971,0.8051724,0.08319311,-3.339954,0.3049532,0.1438306,0.008364242,0.9414067,34.87332,19.65167,7.245462,0.3213811,0.02847477,-0.9465215,0.0,0.0,0.0,1.44655,-0.4537401,-2.471667,0.2718545,0.02271938,1.103053,0.9584855,0.1034715,-0.2657048,0.07197488,0.8138673,0.5765759,0.2759075,-0.5717638,0.7726327,moving,2.551965441808457,3.9293057557459554,13.844995929972239,1.1799438083418796,0.6413776,-0.5369332099999999,0.868287,0.04442101585449837,0.06845793501792494,0.9966645421037088,-0.22670341004869154,7.152197318503682,11.618261863828817,11.622888140407712,15.286612911485182
05/17/2023 13:14:19.219239,3217,True,True,True,True,Eyes,1.025855,0.09543773,-3.34434,0.3296617,-0.5096133,0.7947436,0.0,0.0,0.0,0.0,0.0,0.0,0.0,-1.681161,1.785991,2.397834,0.7956972,0.0813577,-3.335553,0.3044518,0.1467772,0.004802176,0.941139,34.86559,19.89403,6.888777,0.3188141,0.02837689,-0.9473921,0.0,0.0,0.0,1.446551,-0.4561971,-2.47167,0.2736846,0.02532887,1.108461,0.9568668,0.09841216,-0.2733513,0.0803341,0.8145721,0.5744726,0.2791995,-0.5716532,0.7715312,moving,2.7602675159127052,3.899307325284128,13.869224867777175,1.3090084763348735,0.6508537999999999,-0.5375548,0.863883,0.04804590069882678,0.06792469225034511,0.9965328741860323,-0.13653507839185686,7.126981566299961,11.402671860258442,11.406953211634187,15.166084614865852
05/17/2023 13:14:19.234663,3218,True,True,True,True,Eyes,1.016214,0.09455974,-3.343424,0.3366731,-0.509679,0.7917567,0.0,0.0,0.0,0.0,0.0,0.0,0.0,-1.69218,1.772961,2.390716,0.7860358,0.07958213,-3.331396,0.3038084,0.1495598,0.001883561,0.9409192,34.8308,20.13727,6.60522,0.3162577,0.02826734,-0.9482518,0.0,0.0,0.0,1.446551,-0.4585274,-2.471673,0.2775671,0.02690566,1.113111,0.9552566,0.09441957,-0.2803028,0.08733045,0.8153939,0.5722817,0.2825918,-0.5711548,0.7706647,moving,2.96177476872372,3.842247458307018,14.001810364114885,1.3846603234769896,0.6605152,-0.53810953,0.8597229999999998,0.05155387874877693,0.06692051445631655,0.9964255986426473,-0.05476796537585926,7.091782116775012,11.306252923020423,11.310266153932277,15.170979978124222
05/17/2023 13:14:19.244488,3219,True,True,True,True,Eyes,1.006582,0.09370989,-3.342313,0.3437524,-0.509645,0.7887307,0.0,0.0,0.0,0.0,0.0,0.0,0.0,-1.702967,1.760163,2.382674,0.7769362,0.07801268,-3.326513,0.303216,0.1523377,-0.0008092518,0.9406661,34.79882,20.39056,6.35268,0.3137121,0.02814652,-0.9491006,0.0,0.0,0.0,1.446552,-0.460609,-2.471676,0.2822181,0.02700907,1.117016,0.9535851,0.09085994,-0.2870885,0.0939049,0.8161188,0.5702034,0.286107,-0.5706965,0.7697066,moving,3.1629534310102043,3.7949810275078897,14.179249768450871,1.385122719023457,0.6696158000000001,-0.53862168,0.8548369999999998,0.0550552941947334,0.0660861057662559,0.9962938305836447,0.02875466553530348,7.060378466676434,11.27299973536335,11.276799282654636,15.246148348317538
05/17/2023 13:14:19.264544,3220,True,True,True,True,Eyes,0.9969665,0.09316356,-3.340935,0.35071,-0.5097865,0.78557,0.0,0.0,0.0,0.0,0.0,0.0,0.0,-1.71665,1.744724,2.373475,0.768093,0.07790178,-3.320888,0.302524,0.1556071,-0.003533674,0.9403474,34.75406,20.70702,6.113798,0.3111774,0.02801644,-0.9499384,0.0,0.0,0.0,1.446552,-0.4631137,-2.47168,0.2856193,0.02684867,1.121255,0.9515479,0.08750398,-0.2947874,0.1007955,0.8169335,0.5678556,0.2905114,-0.5700551,0.7685313,moving,3.305200415424504,3.7318152643132723,14.291122194818639,1.3716965083252708,0.678459,-0.54101548,0.849208,0.05753279667666461,0.06497861406924471,0.9962267621392491,0.08201888171949712,7.026710555393843,11.232984264410561,11.236575896834976,15.293063814516302
05/17/2023 13:14:19.284266,3221,True,True,True,True,Eyes,0.9873534,0.09260637,-3.339419,0.3579658,-0.5102838,0.7819661,0.0,0.0,0.0,0.0,0.0,0.0,0.0,-1.736442,1.727449,2.357905,0.7588627,0.08469804,-3.313001,0.3037364,0.1595504,-0.008164131,0.9392662,34.97256,21.08278,5.714106,0.3086541,0.02788684,-0.9507651,0.0,0.0,0.0,1.446553,-0.4654266,-2.471683,0.2884727,0.02776283,1.125201,0.948954,0.08158599,-0.3046802,0.1122592,0.8153551,0.5679737,0.2947612,-0.573184,0.7645757,moving,3.437021278357912,3.921001987744849,14.379465398026227,1.4134099641438362,0.6876903,-0.55012464,0.8413179999999998,0.059811541857868966,0.068258569500986,0.9958731843018738,0.17961541952439575,7.09097938055574,11.222224545466677,11.226090195116512,15.292826223106514
05/17/2023 13:14:19.294950,3222,True,True,True,True,Eyes,0.9777392,0.09211227,-3.337869,0.3649376,-0.5111626,0.7781602,0.0,0.0,0.0,0.0,0.0,0.0,0.0,-1.764409,1.751143,2.308995,0.7491471,0.08392577,-3.307995,0.3103246,0.1661506,-0.01017313,0.935943,35.75163,22.05226,5.946579,0.3061415,0.0277574,-0.9515809,0.0,0.0,0.0,1.446553,-0.4678808,-2.471687,0.2910091,0.02945489,1.129395,0.944581,0.08407827,-0.3173288,0.1221641,0.8071902,0.5775117,0.3047009,-0.5842727,0.7521852,moving,3.152003354641516,4.674551005520821,14.448998985191265,1.4939488899692626,0.6974059,-0.55180657,0.8363079999999998,0.05480274325332557,0.08137335155329717,0.9951758585222279,0.1949767906822073,7.400070789792368,11.730202116195034,11.736197855102441,15.429174463240958
05/17/2023 13:14:19.314945,3223,True,True,True,True,Eyes,0.9682108,0.09175858,-3.336126,0.3719872,-0.5121526,0.774161,0.0,0.0,0.0,0.0,0.0,0.0,0.0,-1.75621,1.784843,2.28268,0.7395045,0.08502733,-3.305522,0.3169401,0.1667655,-0.01017261,0.9336139,36.52634,22.30125,6.194855,0.3036378,0.02762992,-0.9523864,0.0,0.0,0.0,1.446554,-0.470185,-2.47169,0.2925988,0.03140718,1.133349,0.9441715,0.08671476,-0.3178373,0.1247039,0.798891,0.5884064,0.3049409,-0.5951922,0.7434766,moving,3.4980354761187153,5.332021951889036,14.476059361615453,1.587364909975976,0.7070494999999999,-0.55521233,0.8338319999999997,0.06075127909605424,0.09275543051717997,0.9938338537046151,0.48249050427696716,7.630767976259622,11.59170371597937,11.599114827955018,15.24279141058619
05/17/2023 13:14:19.334499,3224,True,True,True,True,Eyes,0.9587133,0.09136805,-3.33429,0.3789888,-0.5132196,0.7700475,0.0,0.0,0.0,0.0,0.0,0.0,0.0,-1.790161,1.771921,2.254539,0.7320337,0.08810671,-3.299044,0.319512,0.1724948,-0.01650482,0.9316036,36.94235,22.88777,5.706918,0.3011456,0.02750831,-0.953181,0.0,0.0,0.0,1.446554,-0.472423,-2.471693,0.2941762,0.03197742,1.137454,0.9399464,0.07947639,-0.3319404,0.1409802,0.7952793,0.5896232,0.3108465,-0.6010112,0.7363153,moving,3.4471346733329233,5.709972916527591,14.500500194976576,1.610340945050399,0.7145202999999999,-0.56052971,0.8273509999999997,0.05983029497160597,0.09931471354569998,0.9932557294487638,0.5326238660138216,7.7797619114171255,11.780366908253482,11.789142108593763,15.26968644738468
05/17/2023 13:14:19.344775,3225,True,True,True,True,Eyes,0.9492937,0.09101648,-3.33238,0.386071,-0.5140757,0.7659473,0.0,0.0,0.0,0.0,0.0,0.0,0.0,-1.818679,1.754264,2.236451,0.7232468,0.08687496,-3.294862,0.3196133,0.1777793,-0.0215403,0.9304719,37.04494,23.4062,5.287683,0.2986639,0.02739095,-0.9539648,0.0,0.0,0.0,1.446555,-0.4748498,-2.471696,0.2950423,0.03121209,1.141477,0.9358611,0.07355596,-0.3446063,0.1537265,0.7947667,0.5871236,0.3170681,-0.6024413,0.7324837,moving,3.431092260302342,5.777371952421928,14.492296874208895,1.5662825740991095,0.7233082000000001,-0.5617247599999999,0.8231660000000001,0.05954515405249905,0.10048475678066288,0.9931551223411051,0.5383535610627557,7.806788222307021,11.826504886604456,11.835688457497135,15.285824960786732
05/17/2023 13:14:19.364820,3226,True,True,True,True,Eyes,0.9399,0.09073686,-3.330312,0.393299,-0.514964,0.7616614,0.0,0.0,0.0,0.0,0.0,0.0,0.0,-1.843893,1.736552,2.220695,0.7146961,0.08736331,-3.290686,0.3191732,0.1829951,-0.02489918,0.9295275,37.04725,23.97417,5.069393,0.296194,0.02727854,-0.9547378,0.0,0.0,0.0,1.446555,-0.4772376,-2.4717,0.2949558,0.03105158,1.145557,0.9317856,0.07052532,-0.3560922,0.1631032,0.7950169,0.5842478,0.3243036,-0.6024734,0.7292825,moving,3.3953868572507724,5.734315528112294,14.438786496253762,1.5526848001259976,0.7318589000000001,-0.56460091,0.8189860000000002,0.05893066331567631,0.0997420495369584,0.9932667383046213,0.5135124827928772,7.792535436362785,11.79952838790357,11.80858633080059,15.259390299501277
05/17/2023 13:14:19.384529,3227,True,True,True,True,Eyes,0.9305196,0.09050888,-3.328155,0.4006823,-0.5156295,0.7573506,0.0,0.0,0.0,0.0,0.0,0.0,0.0,-1.878309,1.720765,2.192335,0.7058641,0.08881987,-3.284703,0.3195682,0.1903945,-0.02759262,0.927828,37.1221,24.89666,5.071554,0.2937356,0.02717275,-0.9555,0.0,0.0,0.0,1.446556,-0.4794201,-2.471703,0.2933398,0.03332138,1.149615,0.9259771,0.07048566,-0.3709422,0.1728905,0.7942296,0.5825016,0.3356713,-0.6035156,0.7232522,moving,3.096662935378626,5.799633815815003,14.314348014232179,1.6602428342841342,0.7406919,-0.56823997,0.8129999999999997,0.05374494402882776,0.1009038918199425,0.9934434577422246,0.3885447976439713,7.8372903834964145,11.947704734433971,11.957048809230173,15.234300497639133
05/17/2023 13:14:19.394998,3228,True,True,True,True,Eyes,0.9211392,0.09034698,-3.325888,0.4080356,-0.5162662,0.7529781,0.0,0.0,0.0,0.0,0.0,0.0,0.0,-1.89607,1.722777,2.165373,0.6963341,0.08975467,-3.280083,0.3213059,0.1958169,-0.02741336,0.9261029,37.29081,25.70565,5.413692,0.2912879,0.02707443,-0.9562519,0.0,0.0,0.0,1.446557,-0.4818734,-2.471706,0.2918867,0.03636742,1.153838,0.9218085,0.07505906,-0.3803093,0.1766095,0.792022,0.5843888,0.3450771,-0.6058607,0.7168365,moving,2.939956659526489,5.931262173819564,14.196303816922855,1.8052881675126875,0.7502229000000001,-0.57162807,0.8083769999999997,0.051015549204067645,0.10320069468041412,0.993351342459604,0.34194705675982195,7.898290709209579,11.978990441594469,11.988703550782516,15.13498864257915
05/17/2023 13:14:19.414864,3229,True,True,True,True,Eyes,0.9117718,0.09022795,-3.323521,0.4153207,-0.51657,0.7487751,0.0,0.0,0.0,0.0,0.0,0.0,0.0,-1.905017,1.723373,2.1465,0.6869065,0.09115759,-3.275121,0.3222893,0.1997952,-0.02662497,0.9249339,37.36077,26.32141,5.742648,0.2888495,0.0269848,-0.9569938,0.0,0.0,0.0,1.446557,-0.4841391,-2.471709,0.2910037,0.04017234,1.157925,0.918746,0.07953104,-0.3867565,0.1780364,0.7908413,0.5855536,0.3524328,-0.6068318,0.712423,moving,2.9333351047679432,5.9695464744751385,14.107123147336365,1.9869877007442975,0.7596505000000001,-0.5752966899999999,0.8034119999999998,0.05089721399597147,0.10386505135711777,0.993288238047009,0.3463497704494749,7.913479027731173,11.85273488667387,11.862306420189352,14.982729503628157
05/17/2023 13:14:19.434334,3230,True,True,True,True,Eyes,0.9024248,0.09014039,-3.321071,0.4224254,-0.5167519,0.7446638,0.0,0.0,0.0,0.0,0.0,0.0,0.0,-1.908501,1.717635,2.138011,0.6779788,0.0920148,-3.270416,0.3217432,0.2025622,-0.02591432,0.9245422,37.25971,26.72147,5.944566,0.2864201,0.02690429,-0.9577261,0.0,0.0,0.0,1.446558,-0.4866006,-2.471713,0.2902799,0.04415143,1.161802,0.916594,0.08242828,-0.3912302,0.1782638,0.7916195,0.5844318,0.3578792,-0.6054289,0.7108997,moving,3.0690188470849065,5.830258422565167,14.028324736684468,2.1763380208113907,0.7685792,-0.5786154,0.7987030000000002,0.05326271299742194,0.10143749281367984,0.9934150382418412,0.38176641537542544,7.850904841626361,11.543613013690612,11.552381567632022,14.779352577862914
05/17/2023 13:14:19.444769,3231,True,True,True,True,Eyes,0.8931321,0.09008035,-3.318555,0.4294122,-0.5167184,0.7406803,0.0,0.0,0.0,0.0,0.0,0.0,0.0,-1.904706,1.714664,2.134166,0.6690957,0.09265082,-3.26594,0.3211884,0.2040859,-0.02475425,0.9244317,37.15244,26.96617,6.146055,0.2839993,0.02683296,-0.9584486,0.0,0.0,0.0,1.446558,-0.4888934,-2.471716,0.2901294,0.04843742,1.165304,0.9154724,0.08533281,-0.3932285,0.1768673,0.7924504,0.5837297,0.3614254,-0.6039376,0.7103739,moving,3.327860375929382,5.681450424538134,13.980856414210317,2.380205562981816,0.7774623,-0.58154422,0.7942240000000003,0.057765266418153355,0.09883228969413246,0.9934260927341022,0.4720946458522839,7.776588473267765,11.144785966084001,11.152781815653945,14.546738226443683
05/17/2023 13:14:19.464670,3232,True,True,True,True,Eyes,0.8838962,0.09007321,-3.315978,0.4362565,-0.5167808,0.736626,0.0,0.0,0.0,0.0,0.0,0.0,0.0,-1.899507,1.721408,2.124548,0.6610109,0.09318113,-3.261818,0.3220083,0.2055782,-0.0226561,0.9238696,37.17867,27.28646,6.524465,0.2815869,0.0267707,-0.959162,0.0,0.0,0.0,1.446559,-0.4912176,-2.47172,0.2911917,0.0516783,1.168628,0.9144486,0.09053321,-0.3944458,0.1742584,0.7915947,0.5856721,0.365264,-0.6043026,0.7080965,moving,3.5482712849865656,5.6556079076275125,13.991691792547803,2.5320467009752847,0.7855481,-0.58439873,0.790098,0.06158932055653507,0.09836167501553386,0.9932430364208011,0.5686533604635202,7.75218058810345,10.892796067864118,10.900535147847252,14.402352535219915
05/17/2023 13:14:19.484299,3233,True,True,True,True,Eyes,0.8747094,0.0901196,-3.313325,0.4431046,-0.516791,0.7325199,0.0,0.0,0.0,0.0,0.0,0.0,0.0,-1.899982,1.732259,2.106495,0.6531154,0.09444736,-3.257683,0.3245144,0.2077864,-0.02177021,0.9225191,37.42976,27.70926,6.848538,0.2791834,0.02671817,-0.9598657,0.0,0.0,0.0,1.446559,-0.4934801,-2.471723,0.2925873,0.05477095,1.171436,0.9127017,0.09469244,-0.3975033,0.1750262,0.7884331,0.5896942,0.3692443,-0.6077884,0.7030306,moving,3.706450989371351,5.870149626534193,14.023735450996064,2.676937142688927,0.7934435999999999,-0.58792746,0.7859600000000002,0.06430708919281716,0.10206260503351336,0.9926972605238165,0.6833361952931893,7.8244929971764785,10.792098250553781,10.800137250473625,14.299076319001408
05/17/2023 13:14:19.499619,3234,True,True,True,True,Eyes,0.8655902,0.09024145,-3.310613,0.449844,-0.5168028,0.7283922,0.0,0.0,0.0,0.0,0.0,0.0,0.0,-1.908052,1.736,2.087179,0.6455427,0.09580436,-3.253424,0.3264487,0.2109935,-0.02198994,0.9211022,37.63759,28.21053,7.053958,0.2767893,0.02667601,-0.96056,0.0,0.0,0.0,1.44656,-0.495951,-2.471726,0.295125,0.05639368,1.174104,0.9099964,0.09724715,-0.4030504,0.1782671,0.7858954,0.5921058,0.3743361,-0.6106647,0.697826,moving,3.777755039335672,6.058945849403285,14.10966039572489,2.749874420786307,0.8010173,-0.59175536,0.781698,0.0655200309715829,0.10532476520258321,0.9922770655523503,0.7529635731084467,7.892578367551286,10.840476111796917,10.84888114107042,14.312538345638213
05/17/2023 13:14:19.514255,3235,True,True,True,True,Eyes,0.8565073,0.09041664,-3.307819,0.4566348,-0.5165802,0.7243132,0.0,0.0,0.0,0.0,0.0,0.0,0.0,-1.91757,1.728272,2.076057,0.6380205,0.09773839,-3.249214,0.3265983,0.2140942,-0.02298132,0.9203092,37.66063,28.60833,7.077933,0.2744049,0.0266454,-0.9612446,0.0,0.0,0.0,1.44656,-0.4982786,-2.47173,0.2981096,0.05746192,1.17646,0.907271,0.09754576,-0.4090771,0.1821454,0.7856108,0.5913027,0.3790544,-0.6109833,0.6949944,moving,3.8980730058224444,6.077488827691324,14.219197303402929,2.7962796291790175,0.8085395000000001,-0.59601699,0.7774839999999998,0.06760140566753789,0.10563120150948216,0.9921049110435631,0.8120306331172946,7.891837419171553,10.821785564638002,10.830140376306671,14.342831914094635
05/17/2023 13:14:19.534234,3236,True,True,True,True,Eyes,0.8474917,0.09062689,-3.304971,0.4634104,-0.5162351,0.7202445,0.0,0.0,0.0,0.0,0.0,0.0,0.0,-1.933122,1.708148,2.069467,0.630785,0.0992541,-3.244947,0.3247843,0.2179844,-0.024665,0.9199944,37.47049,29.02393,6.962826,0.2720297,0.02662682,-0.96192,0.0,0.0,0.0,1.446561,-0.5004718,-2.471733,0.3010987,0.0580821,1.178526,0.9037489,0.09621254,-0.4171105,0.1869792,0.7878135,0.5868464,0.3850673,-0.6083527,0.6939958,moving,3.9612399832562493,5.904287413444284,14.33177687009588,2.821464091610487,0.815776,-0.5997259,0.7732139999999998,0.0687168819561827,0.10262381366600382,0.992343871892846,0.8074196116241366,7.820947144234543,10.810841076985257,10.819049632705443,14.418844268811993
05/17/2023 13:14:19.544905,3237,True,True,True,True,Eyes,0.8385039,0.09084011,-3.302072,0.470219,-0.5157112,0.7161955,0.0,0.0,0.0,0.0,0.0,0.0,0.0,-1.9518,1.685249,2.0619,0.6233408,0.1002812,-3.240742,0.3224893,0.2225157,-0.02638644,0.9196692,37.22234,29.51231,6.850716,0.2696644,0.02662012,-0.9625859,0.0,0.0,0.0,1.446561,-0.5028659,-2.471736,0.3034497,0.05779237,1.180858,0.8995811,0.09498425,-0.4263003,0.1920514,0.7906089,0.5814241,0.3922629,-0.6049097,0.6929749,moving,3.958877110042456,5.694721491176357,14.411693281950763,2.8018770667469037,0.8232202,-0.6031470999999999,0.7690060000000001,0.06870135027174004,0.0989936256382174,0.9927136196006029,0.765524013856623,7.740338130760966,10.837666477997853,10.845732561134836,14.512282155962232
05/17/2023 13:14:19.564561,3238,True,True,True,True,Eyes,0.8295749,0.09105604,-3.299134,0.4769868,-0.5151247,0.7121307,0.0,0.0,0.0,0.0,0.0,0.0,0.0,-1.967756,1.667443,2.05294,0.615626,0.1005802,-3.236955,0.3206609,0.2268134,-0.02750296,0.9192256,37.01296,30.00807,6.825439,0.2673086,0.02662426,-0.9632427,0.0,0.0,0.0,1.446562,-0.5051982,-2.471739,0.3048982,0.05705243,1.183102,0.8955985,0.09489752,-0.4346236,0.1960232,0.7928403,0.5770434,0.3993471,-0.6019955,0.6914645,moving,3.9631622753547253,5.523110723528801,14.451293134689283,2.7608212461766786,0.8309359999999999,-0.6057784,0.7652160000000001,0.06879573829083677,0.09601921365014099,0.9929992219583296,0.7340831966346713,7.673920730002601,10.837972268659174,10.845788679446787,14.570531734382062
05/17/2023 13:14:19.584503,3239,True,True,True,True,Eyes,0.820686,0.0912848,-3.296144,0.4837078,-0.5145071,0.7080318,0.0,0.0,0.0,0.0,0.0,0.0,0.0,-1.981637,1.653963,2.042049,0.6080658,0.1008425,-3.233037,0.319519,0.2308315,-0.02839467,0.9185958,36.87896,30.49616,6.845569,0.264962,0.02663826,-0.9638904,0.0,0.0,0.0,1.446562,-0.5074937,-2.471743,0.3060184,0.05631602,1.185375,0.8918211,0.09534365,-0.4422269,0.1996765,0.7942026,0.573909,0.4059364,-0.6001265,0.6892488,moving,3.9867050921264147,5.424532336402655,14.475513389249757,2.7200218490957995,0.8384961999999999,-0.6083362000000001,0.7612939999999999,0.06921512379788114,0.09430784920229898,0.9931339878178426,0.7257393330236619,7.6343866422587645,10.824322853948015,10.83187317456017,14.60161867456988
05/17/2023 13:14:19.594901,3240,True,True,True,True,Eyes,0.8118547,0.0915184,-3.293111,0.4903971,-0.5138757,0.7038767,0.0,0.0,0.0,0.0,0.0,0.0,0.0,-1.995703,1.641023,2.030274,0.6005813,0.1013962,-3.229059,0.3186349,0.234846,-0.0294752,0.9178511,36.78135,30.98464,6.851851,0.2626248,0.02666156,-0.9645293,0.0,0.0,0.0,1.446563,-0.5099427,-2.471746,0.3080251,0.05633235,1.187358,0.8879572,0.09555254,-0.4498908,0.2037679,0.795206,0.5710744,0.4123235,-0.598763,0.6866384,moving,4.013228641876941,5.3640295679103795,14.543115549679488,2.7162721933498952,0.8459817000000001,-0.6113389,0.7573129999999999,0.06968180013394329,0.09325604396423717,0.9932007433223273,0.72618338956143,7.6093309941362195,10.85016628429934,10.857676427562708,14.657750125624913
05/17/2023 13:14:19.614228,3241,True,True,True,True,Eyes,0.8030782,0.09176144,-3.290031,0.4969555,-0.5132588,0.6997147,0.0,0.0,0.0,0.0,0.0,0.0,0.0,-2.011065,1.629028,2.015971,0.5930858,0.1017371,-3.224927,0.3180422,0.2391407,-0.03067182,0.9169079,36.71969,31.51767,6.868974,0.260297,0.02669342,-0.9651592,0.0,0.0,0.0,1.446563,-0.5123008,-2.471749,0.3118869,0.05634558,1.188991,0.8837419,0.09586719,-0.4580499,0.2083601,0.7958168,0.5685611,0.4190302,-0.5979006,0.6833218,moving,4.000968732540261,5.344350753835064,14.698239413232283,2.7131832566356255,0.8534772,-0.6140379,0.7531780000000001,0.06947149631500071,0.09291628293145895,0.9932473517305423,0.7167007669969951,7.602550711988397,11.008405068928113,11.016108315295012,14.811797224835132
05/17/2023 13:14:19.634198,3242,True,True,True,True,Eyes,0.7943536,0.09200799,-3.286901,0.5034762,-0.5125849,0.6955346,0.0,0.0,0.0,0.0,0.0,0.0,0.0,-2.02614,1.615931,2.002482,0.585659,0.102196,-3.22071,0.3172594,0.2433857,-0.03188103,0.9160205,36.63756,32.03724,6.87299,0.2579785,0.0267333,-0.9657804,0.0,0.0,0.0,1.446564,-0.5145155,-2.471752,0.3170817,0.05695981,1.189935,0.879494,0.09602544,-0.4661218,0.2128402,0.7966601,0.5657133,0.4256635,-0.596751,0.6802198,moving,3.9954158829697874,5.307453536739379,14.920884023915313,2.7405425429144796,0.8609049999999999,-0.6167115,0.748958,0.06937937291937707,0.09227722354363982,0.9933133242335979,0.7069567765158746,7.58869502169401,11.214869737336697,11.222962449773894,15.017999542277936
05/17/2023 13:14:19.644304,3243,True,True,True,True,Eyes,0.7856753,0.09224397,-3.283713,0.5098499,-0.5118809,0.6913978,0.0,0.0,0.0,0.0,0.0,0.0,0.0,-2.039554,1.601566,1.991176,0.5781375,0.102509,-3.216337,0.3160531,0.2474081,-0.03287991,0.9153244,36.50206,32.51971,6.873175,0.2556694,0.02678056,-0.9663929,0.0,0.0,0.0,1.446565,-0.5169682,-2.471756,0.3219813,0.05829442,1.190913,0.8754163,0.09619664,-0.4737009,0.2165798,0.7980587,0.5623128,0.4321337,-0.5948517,0.6777993,moving,4.006055252930105,5.216199192606599,15.129070110765062,2.802354541503663,0.8684275000000001,-0.6194772,0.7445809999999997,0.06957398299058051,0.0906938337440214,0.9934455111234328,0.6940916494403453,7.5528293776949775,11.373309210548436,11.38192011601186,15.196565873518772
05/17/2023 13:14:19.664790,3244,True,True,True,True,Eyes,0.77705,0.09247185,-3.280475,0.5161711,-0.5110961,0.6872759,0.0,0.0,0.0,0.0,0.0,0.0,0.0,-2.050683,1.587994,1.981207,0.5706993,0.1024846,-3.211854,0.3146517,0.2511428,-0.03341961,0.9147703,36.33136,32.97299,6.90858,0.2533699,0.02683419,-0.9669969,0.0,0.0,0.0,1.446565,-0.5192313,-2.471759,0.3275693,0.05929011,1.191495,0.8716208,0.09690247,-0.480507,0.2191875,0.7997549,0.5588818,0.4384448,-0.5924542,0.6758433,moving,4.037786332713029,5.089468348221654,15.372146004458228,2.848751627729549,0.8758657000000001,-0.6217159,0.7400950000000002,0.07013809957658562,0.08849274075406174,0.9936043842761814,0.6840400565365456,7.501908946573234,11.544626570096097,11.553723234956637,15.407541314930194
05/17/2023 13:14:19.684487,3245,True,True,True,True,Eyes,0.7684491,0.09266577,-3.277186,0.5223581,-0.5103361,0.6831539,0.0,0.0,0.0,0.0,0.0,0.0,0.0,-2.059751,1.576243,1.971644,0.5632707,0.1025703,-3.207288,0.3133983,0.2546013,-0.03363927,0.9142364,36.16903,33.40466,6.977985,0.2510798,0.02689338,-0.9675925,0.0,0.0,0.0,1.446566,-0.5214984,-2.471762,0.3332641,0.05951935,1.19246,0.8680931,0.09807473,-0.4866166,0.2210917,0.8012998,0.5559111,0.4444466,-0.5901694,0.6739193,moving,4.085006511266858,4.965035595937267,15.614409005142486,2.8574374087688676,0.8832953,-0.6240687,0.7355260000000001,0.07097048025274239,0.08632957461662091,0.9937356621170634,0.6815751081837753,7.4508588175967665,11.711108879716921,11.720456133800472,15.623349462686853
05/17/2023 13:14:19.695127,3246,True,True,True,True,Eyes,0.7599063,0.09284344,-3.273853,0.528496,-0.5095686,0.6789932,0.0,0.0,0.0,0.0,0.0,0.0,0.0,-2.069104,1.56739,1.960133,0.5559482,0.1020232,-3.203207,0.3126278,0.2580718,-0.03396908,0.9135145,36.06574,33.8502,7.056154,0.2487983,0.02695661,-0.9681798,0.0,0.0,0.0,1.446566,-0.5238823,-2.471766,0.3384728,0.05904341,1.19299,0.8644901,0.09929839,-0.4927442,0.2234234,0.8022199,0.5536472,0.4502655,-0.588713,0.6713255,moving,4.127267123453739,4.901036481377624,15.839596649856421,2.833368373922161,0.8906178,-0.6259055,0.7314409999999998,0.07171032509486788,0.08521499248113698,0.9937786373732473,0.6885918110121398,7.423424117896058,11.884084539805086,11.893439970741541,15.831031531756564
05/17/2023 13:14:19.714325,3247,True,True,True,True,Eyes,0.751412,0.09301176,-3.270481,0.5345204,-0.5088722,0.6747867,0.0,0.0,0.0,0.0,0.0,0.0,0.0,-2.080137,1.55813,1.946648,0.548786,0.1017264,-3.198853,0.3121705,0.2617454,-0.03480459,0.9125938,36.01448,34.31597,7.094018,0.2465263,0.02702303,-0.9687591,0.0,0.0,0.0,1.446567,-0.52628,-2.471769,0.3424221,0.056988,1.194096,0.8605559,0.09989353,-0.4994645,0.2269434,0.8026764,0.5515499,0.4560046,-0.5879897,0.6680778,moving,4.15080304720538,4.890208051519336,16.000912533935143,2.732356765701183,0.8977809999999999,-0.6280064,0.7270840000000001,0.0721197240098077,0.0850246637229033,0.9937653729193054,0.6973313737655498,7.41770814298605,12.036173151624306,12.044974762081894,16.004752852028766
05/17/2023 13:14:19.734450,3248,True,True,True,True,Eyes,0.7429636,0.09317432,-3.267061,0.5405078,-0.5081688,0.6705339,0.0,0.0,0.0,0.0,0.0,0.0,0.0,-2.093921,1.546761,1.93156,0.5413227,0.1016657,-3.194453,0.3117909,0.2658338,-0.03632825,0.9114819,35.99383,34.81712,7.06721,0.2442631,0.02709209,-0.9693302,0.0,0.0,0.0,1.446567,-0.5285657,-2.471772,0.3462604,0.05496937,1.197405,0.8560253,0.09954403,-0.507259,0.2319942,0.8029333,0.549069,0.4619516,-0.5876981,0.6642377,moving,4.142289638666365,4.919765471298705,16.1285830454792,2.628436665860257,0.9052442999999999,-0.6302314,0.7226810000000001,0.07196888214635314,0.08553823869530255,0.993732163073632,0.6991628117356647,7.429657254304446,12.194994373914312,12.203336319582315,16.159168539512013
05/17/2023 13:14:19.754642,3249,True,True,True,True,Eyes,0.7345547,0.09334063,-3.263578,0.5464826,-0.5074248,0.6662409,0.0,0.0,0.0,0.0,0.0,0.0,0.0,-2.107879,1.532057,1.91835,0.5339319,0.1016822,-3.189828,0.3108757,0.2699082,-0.0380207,0.9105276,35.91934,35.29167,6.991652,0.2420091,0.0271634,-0.9698935,0.0,0.0,0.0,1.446568,-0.5308973,-2.471776,0.3417204,0.0718472,1.200721,0.851408,0.09857797,-0.515157,0.2370535,0.8038215,0.5455974,0.4678783,-0.5866458,0.6610118,moving,4.146260237682694,4.898330708470977,15.886141346077757,3.4243082763994273,0.9126361000000001,-0.6325795000000001,0.7180519999999997,0.07204005929437457,0.08516603908186485,0.993759061460362,0.6968191610224119,7.42113629974839,11.817193495533397,11.832056058416113,15.706372677663104
05/17/2023 13:14:19.764382,3250,True,True,True,True,Eyes,0.7261866,0.0934958,-3.260034,0.5524783,-0.5065632,0.6619377,0.0,0.0,0.0,0.0,0.0,0.0,0.0,-2.12354,1.513619,1.905496,0.5265971,0.1019493,-3.184915,0.3092837,0.2744115,-0.03953185,0.9096588,35.7593,35.80936,6.923647,0.2397638,0.02723689,-0.9704488,0.0,0.0,0.0,1.446568,-0.533339,-2.471779,0.3489734,0.08474588,1.203528,0.8462712,0.09782101,-0.5236948,0.241663,0.8055616,0.5409893,0.4747886,-0.5843813,0.6580839,moving,4.105366170237479,4.804741716322714,16.16997561727745,4.027808285153975,0.9199709,-0.6352883,0.713136,0.07134057142036643,0.0835468941532711,0.9939469329864534,0.6597468858769471,7.387749068222753,12.065298490477636,12.089599938214405,15.869984164015115
05/17/2023 13:14:19.784235,3251,True,True,True,True,Eyes,0.7178569,0.09363413,-3.25643,0.5585042,-0.5055773,0.6576204,0.0,0.0,0.0,0.0,0.0,0.0,0.0,-2.138618,1.493104,1.894288,0.5191513,0.1018037,-3.179857,0.3069514,0.2790047,-0.04053532,0.9090073,35.49706,36.33188,6.884343,0.2375271,0.02731209,-0.9709966,0.0,0.0,0.0,1.446569,-0.5356859,-2.471782,0.3474464,0.09241843,1.206142,0.8410266,0.09758797,-0.5321192,0.2449755,0.8082755,0.535423,0.4823498,-0.5806611,0.6558745,moving,4.052713812432496,4.616106293346418,16.06980019051556,4.381622948106354,0.9274177,-0.6374896000000001,0.708075,0.0704461234751429,0.08027917754321823,0.9942799080386764,0.5987476682601738,7.318502999682414,11.987851151181447,12.019373837996074,15.74734042890196
05/17/2023 13:14:19.794642,3252,True,True,True,True,Eyes,0.7095713,0.0937373,-3.252759,0.5645847,-0.504498,0.6532425,0.0,0.0,0.0,0.0,0.0,0.0,0.0,-2.154592,1.471652,1.88249,0.5117839,0.1015133,-3.174834,0.3044418,0.2838061,-0.04152572,0.9083199,35.21397,36.87748,6.844573,0.2352988,0.02738837,-0.9715369,0.0,0.0,0.0,1.446569,-0.5380605,-2.471786,0.3473247,0.09776306,1.208719,0.8354595,0.09736763,-0.5408579,0.2482422,0.8111816,0.5294906,0.4902891,-0.5766315,0.6535385,moving,3.982959047739679,4.415269340738316,16.03197391248275,4.624105328687877,0.9347851,-0.6395738000000001,0.7030480000000003,0.06925462262898197,0.0767998964601847,0.9946383525847787,0.5274898181199701,7.245675733167336,12.013036994652552,12.050824522855784,15.724555905270936
05/17/2023 13:14:19.814298,3253,True,True,True,True,Eyes,0.7013085,0.09379254,-3.24903,0.5706281,-0.5034044,0.6488201,0.0,0.0,0.0,0.0,0.0,0.0,0.0,-2.173496,1.449406,1.866972,0.5044908,0.1007414,-3.169509,0.3021018,0.2891764,-0.04294968,0.9073406,34.96378,37.49328,6.782232,0.233079,0.02746463,-0.9720696,0.0,0.0,0.0,1.44657,-0.5402566,-2.471789,0.3460834,0.09884137,1.212681,0.8290647,0.09678142,-0.5507133,0.2526614,0.8137797,0.5233784,0.4988126,-0.5730585,0.6502231,moving,3.855385367948989,4.2587574851638355,15.928057890078625,4.659677454392232,0.9420791999999999,-0.640998,0.6977200000000003,0.0670535794214075,0.07409378037545328,0.9949944069236927,0.43821329666596975,7.193720951249825,12.039754034835473,12.079327739916243,15.695752991559262
05/17/2023 13:14:19.834487,3254,True,True,True,True,Eyes,0.693061,0.0937879,-3.245238,0.5767047,-0.5023372,0.6442584,0.0,0.0,0.0,0.0,0.0,0.0,0.0,-2.193424,1.429126,1.848427,0.496827,0.09964493,-3.1644,0.3003858,0.294748,-0.04485747,0.9060242,34.80302,38.14333,6.699419,0.2308675,0.02753947,-0.9725952,0.0,0.0,0.0,1.44657,-0.5402566,-2.471789,0.3399915,0.101954,1.216233,0.8222229,0.09579229,-0.5610467,0.2583601,0.8155124,0.5178702,0.5071485,-0.5707568,0.645784,static,3.713842981994107,4.193803312596997,15.618053821640967,4.791769611251259,0.9497429999999999,-0.6399015299999999,0.6926110000000003,0.06460069083317727,0.07297757430383392,0.9952391088924787,0.3603264263661874,7.177966962971157,11.876774650193244,11.919219748334706,15.443192126949452
05/17/2023 13:14:19.844282,3255,True,True,True,True,Eyes,0.6848387,0.09373553,-3.24139,0.5826538,-0.5013759,0.6396379,0.0,0.0,0.0,0.0,0.0,0.0,0.0,-2.212607,1.412682,1.826654,0.4888858,0.09819686,-3.159005,0.2995046,0.3003022,-0.04694122,0.904385,34.74521,38.81631,6.637532,0.2286631,0.02761131,-0.9731137,0.0,0.0,0.0,1.44657,-0.5402566,-2.471789,0.3368839,0.1058739,1.220003,0.8152303,0.0949779,-0.5712957,0.2647896,0.8161871,0.5135418,0.5150594,-0.5699279,0.6402313,static,3.5616898875400462,4.2257552424057225,15.436621163142693,4.959797600571255,0.9576841999999999,-0.63845346,0.6872160000000003,0.06195494828532605,0.07354493647020194,0.9953655678062292,0.29641839961784644,7.200254851961619,11.851582698604778,11.897596857511482,15.30507721038849
05/17/2023 13:14:19.864169,3256,True,True,True,True,Eyes,0.6766263,0.09363011,-3.237462,0.5886165,-0.5005099,0.6348388,0.0,0.0,0.0,0.0,0.0,0.0,0.0,-2.228993,1.402891,1.802345,0.4808787,0.09698042,-3.153461,0.299868,0.3054378,-0.04891234,0.9024382,34.82724,39.48195,6.638782,0.2264652,0.02767906,-0.9736257,0.0,0.0,0.0,1.44657,-0.5402566,-2.471789,0.3370269,0.1062931,1.223204,0.8086307,0.0949013,-0.5806118,0.2714627,0.8153736,0.5113453,0.5219429,-0.5711039,0.6335739,static,3.442940980783442,4.384187534923005,15.404370402203828,4.966371859896613,0.9656912999999999,-0.6372370199999999,0.6816720000000003,0.05987939931140279,0.07630668369746735,0.9952846796856166,0.2725350303188012,7.269096848828205,11.930160007998294,11.975589020664755,15.306044038107327
05/17/2023 13:14:19.884894,3257,True,True,True,True,Eyes,0.6684496,0.09349289,-3.233483,0.5944446,-0.4997116,0.6300191,0.0,0.0,0.0,0.0,0.0,0.0,0.0,-2.244489,1.396043,1.775666,0.4728535,0.09561182,-3.147527,0.3005768,0.3106881,-0.05035017,0.9003285,34.9263,40.19731,6.731722,0.2242732,0.02774158,-0.9741312,0.0,0.0,0.0,1.44657,-0.5402566,-2.471789,0.3399219,0.1032365,1.225602,0.8018755,0.09610789,-0.5897108,0.2774347,0.8142369,0.5099494,0.5291745,-0.5725222,0.626253,static,3.2846037855769237,4.556571380955827,15.501405800738494,4.8148464953125085,0.9737164999999999,-0.63586842,0.6757380000000004,0.05711526120286331,0.0793136916787597,0.9952121971009726,0.2331214507770829,7.34591070615965,12.177731802050664,12.219531804138478,15.476653159863337
05/17/2023 13:14:19.894903,3258,True,True,True,True,Eyes,0.6602885,0.09332147,-3.22943,0.6002667,-0.4990014,0.625042,0.0,0.0,0.0,0.0,0.0,0.0,0.0,-2.256844,1.389739,1.752328,0.4648378,0.09464624,-3.141709,0.3011393,0.3153529,-0.05148934,0.8984524,35.00117,40.83742,6.82954,0.2220877,0.02779843,-0.9746301,0.0,0.0,0.0,1.44657,-0.5402566,-2.471789,0.3454655,0.09953165,1.22738,0.7958028,0.09740879,-0.59767,0.2824517,0.813328,0.5086439,0.5356482,-0.5735931,0.6197355,static,3.1932465246987576,4.688843143334063,15.72009553849339,4.636129054164274,0.9817321999999999,-0.63490284,0.6699200000000003,0.055517971186321236,0.08161836296763639,0.995116178039875,0.2167693507147952,7.402875188646631,12.48871805717676,12.526959926079613,15.74826997029625
05/17/2023 13:14:19.914528,3259,True,True,True,True,Eyes,0.6521593,0.09309392,-3.225319,0.606006,-0.4983966,0.6199658,0.0,0.0,0.0,0.0,0.0,0.0,0.0,-2.272256,1.379129,1.72787,0.4570118,0.09366462,-3.135769,0.301464,0.3204363,-0.0534799,0.8964263,35.08242,41.50104,6.829991,0.2199075,0.02784923,-0.9751229,0.0,0.0,0.0,1.44657,-0.5402566,-2.471789,0.3493825,0.09816217,1.229141,0.788921,0.09731837,-0.6067395,0.2890815,0.8125188,0.5062066,0.5422505,-0.5747542,0.6128802,static,3.073658428296398,4.8288505985378585,15.867764656862901,4.566088328278005,0.9895581999999998,-0.63392122,0.66398,0.05342996014275114,0.0840593639935015,0.9950272854456566,0.18891151611152202,7.464671510538556,12.759779259129855,12.796804218183395,15.944535749708521
05/17/2023 13:14:19.934571,3260,True,True,True,True,Eyes,0.6440223,0.09283353,-3.221131,0.611755,-0.4979524,0.6146538,0.0,0.0,0.0,0.0,0.0,0.0,0.0,-2.291797,1.367213,1.698375,0.4492318,0.09206565,-3.129823,0.3021081,0.3262919,-0.056239,0.8939248,35.22751,42.26376,6.791775,0.2177324,0.02789289,-0.9756096,0.0,0.0,0.0,1.44657,-0.5402566,-2.471789,0.3516904,0.1018906,1.231251,0.7807416,0.09660397,-0.6173413,0.2976977,0.8111357,0.5034233,0.5493803,-0.5768245,0.6045286,static,2.880933631375928,5.034297893327528,15.94128285985793,4.730659721589869,0.9973382,-0.63232225,0.6580340000000002,0.05006719324629938,0.08764200918588239,0.9948930700992441,0.14008625554188603,7.556481778457259,13.023314927841682,13.06387837164931,16.051887254317702
05/17/2023 13:14:19.944224,3261,True,True,True,True,Eyes,0.6358474,0.09252691,-3.216854,0.6173933,-0.4975761,0.6092975,0.0,0.0,0.0,0.0,0.0,0.0,0.0,-2.31249,1.352184,1.668508,0.4408748,0.09104759,-3.123663,0.3027565,0.3323483,-0.05977928,0.8912405,35.40785,43.03323,6.67123,0.2155616,0.02792918,-0.9760906,0.0,0.0,0.0,1.44657,-0.5402566,-2.471789,0.3520381,0.1057302,1.233719,0.7719421,0.0946858,-0.6286016,0.3077966,0.8095299,0.4999226,0.5562074,-0.5793927,0.5957662,static,2.674983864009834,5.274634260247878,15.925941942227453,4.898302119128762,1.0056952,-0.6313041899999999,0.6518740000000003,0.046473116813172566,0.0918304248053819,0.994689563721306,0.09195897740582559,7.662604760748357,13.212236147598707,13.256300987497232,16.073468375703065
05/17/2023 13:14:19.964120,3262,True,True,True,True,Eyes,0.627667,0.09218954,-3.212496,0.6230289,-0.497254,0.6037992,0.0,0.0,0.0,0.0,0.0,0.0,0.0,-2.330976,1.336772,1.641231,0.4322031,0.08970702,-3.117563,0.3030328,0.3380887,-0.06307137,0.8887571,35.54151,43.75502,6.548253,0.2133933,0.02795749,-0.9765661,0.0,0.0,0.0,1.44657,-0.5402566,-2.471789,0.3533131,0.1057512,1.236594,0.7634361,0.09279366,-0.6391827,0.3170142,0.8083863,0.4959977,0.562732,-0.5812925,0.5877344,static,2.508099894457594,5.457591748293464,15.945418543160427,4.887935045754042,1.0143669,-0.62996362,0.6457740000000003,0.04356262733875155,0.09501868433166433,0.9945218810056793,0.05066495057631215,7.744053822334293,13.405359400163272,13.449388135730377,16.149322160230128
05/17/2023 13:14:19.984259,3263,True,True,True,True,Eyes,0.6194447,0.09179875,-3.208035,0.6285515,-0.4968008,0.5984246,0.0,0.0,0.0,0.0,0.0,0.0,0.0,-2.347298,1.318863,1.617935,0.4238538,0.08864021,-3.111175,0.3024893,0.343494,-0.06586517,0.8866646,35.5675,44.41508,6.423645,0.2112269,0.0279777,-0.9770364,0.0,0.0,0.0,1.44657,-0.5402566,-2.471789,0.3532431,0.102445,1.239749,0.7553474,0.0910059,-0.6489748,0.3246071,0.808324,0.4911646,0.5692808,-0.5816617,0.5810242,static,2.3723303570793495,5.535530145425619,15.90390304269188,4.7238276555114185,1.0227161999999999,-0.62889681,0.639386,0.04120044106645465,0.0963810917746998,0.9944914447707913,0.0032628043129916406,7.782990295364189,13.514987543827193,13.555896144414357,16.192246170541775
05/17/2023 13:14:19.994887,3264,True,True,True,True,Eyes,0.6112553,0.09136021,-3.20352,0.6341068,-0.4963439,0.5929176,0.0,0.0,0.0,0.0,0.0,0.0,0.0,-2.362379,1.299839,1.597489,0.4156151,0.08707818,-3.105169,0.3012644,0.3487152,-0.06821851,0.8848637,35.50216,45.03743,6.303452,0.2090604,0.02798907,-0.9775019,0.0,0.0,0.0,1.44657,-0.5402566,-2.471789,0.3519153,0.09877533,1.243255,0.7474878,0.08938278,-0.6582345,0.3308391,0.809172,0.4855781,0.5760272,-0.5807335,0.5752749,static,2.2652981302904918,5.517053431926067,15.804676213921315,4.54254900612286,1.0309548999999998,-0.62733478,0.6333800000000003,0.039343792958588863,0.09606757606783906,0.9945969374813557,-0.04966775262361267,7.782885865544774,13.536774346761597,13.57440303539764,16.182089036093203
05/17/2023 13:14:20.014390,3265,True,True,True,True,Eyes,0.6031076,0.09123813,-3.198831,0.6395279,-0.4960162,0.5873431,0.0,0.0,0.0,0.0,0.0,0.0,0.0,-2.37863,1.282407,1.573872,0.4081604,0.08548601,-3.099293,0.3002499,0.3542891,-0.07014705,0.8828414,35.44004,45.735,6.263917,0.2068945,0.02799101,-0.9779626,0.0,0.0,0.0,1.44657,-0.5402566,-2.471789,0.350819,0.09633738,1.246701,0.7391173,0.08889306,-0.6676853,0.3366079,0.8098587,0.4804414,0.5834386,-0.5798508,0.5686585,static,2.09758596428976,5.49820087239025,15.716488552508846,4.4186841354372035,1.0384096,-0.62574261,0.6275040000000001,0.0364334303492127,0.09575087967619933,0.9947383057129563,-0.13063980340500292,7.786614321958266,13.625726224316294,13.661620112298625,16.20106264632319
05/17/2023 13:14:20.034571,3266,True,True,True,True,Eyes,0.594939,0.09094676,-3.194103,0.6452273,-0.4961806,0.5809359,0.0,0.0,0.0,0.0,0.0,0.0,0.0,-2.398963,1.25905,1.544215,0.4017314,0.09308483,-3.091081,0.3021429,0.3599522,-0.07547232,0.8794588,35.85794,46.4614,6.003347,0.20473,0.02799428,-0.9784178,0.0,0.0,0.0,1.44657,-0.5402566,-2.471789,0.3500264,0.09515429,1.249809,0.7294767,0.08476445,-0.6787332,0.3502637,0.8060272,0.4771117,0.5875195,-0.5857775,0.558288,static,1.9773032048538097,5.92904839925053,15.645642162209285,4.353818513668235,1.0448385999999998,-0.63334143,0.6192920000000002,0.03431924460954866,0.103235976954449,0.9940646351732619,-0.10218566614036328,7.960542058154429,13.7240894414099,13.758809506842988,16.155572909609074
05/17/2023 13:14:20.044530,3267,True,True,True,True,Eyes,0.5866199,0.09086986,-3.189345,0.6505035,-0.4965256,0.5747238,0.0,0.0,0.0,0.0,0.0,0.0,0.0,-2.441751,1.257318,1.46213,0.3929509,0.08882575,-3.085209,0.307904,0.3723049,-0.07988384,0.8718962,36.6127,48.37664,6.435411,0.2025655,0.02799356,-0.9788683,0.0,0.0,0.0,1.44657,-0.5402566,-2.471789,0.3492014,0.09459636,1.252989,0.7100153,0.08996747,-0.6984155,0.3685691,0.7976274,0.4774383,0.6000292,-0.5964029,0.5331684,static,0.9117125518086141,6.783783118784129,15.572872198680775,4.317443966111935,1.0536191,-0.62908235,0.6134200000000001,0.015800343430417974,0.11810816630902407,0.9928749827912127,-0.4268993690580756,8.359797714414556,14.826629012128693,14.867159480111741,16.502524474947485
05/17/2023 13:14:20.064588,3268,True,True,True,True,Eyes,0.5784313,0.09106623,-3.184384,0.6558799,-0.4967979,0.5683427,0.0,0.0,0.0,0.0,0.0,0.0,0.0,-2.43266,1.28765,1.437737,0.3816717,0.09406541,-3.080332,0.3159313,0.3729981,-0.08072251,0.8686448,37.52322,48.82797,6.911926,0.2003961,0.02799588,-0.9793147,0.0,0.0,0.0,1.44657,-0.5402566,-2.471789,0.3477388,0.09512752,1.256119,0.7087126,0.09544519,-0.6990112,0.3759219,0.7873425,0.4886455,0.5970001,-0.6090829,0.5221196,static,1.1641197488012995,7.651918667980165,15.473997513431108,4.330816862415938,1.0648982999999999,-0.63432201,0.6085430000000001,0.02013548753217853,0.1331275332214032,0.990894365385098,-0.14151836331547862,8.677819587971943,14.649460863965054,14.690211667691129,16.20928032927175
05/17/2023 13:14:20.084972,3269,True,True,True,True,Eyes,0.5701977,0.09126596,-3.179372,0.6611275,-0.4969475,0.5620975,0.0,0.0,0.0,0.0,0.0,0.0,0.0,-2.465396,1.22152,1.4175,0.3765256,0.1007808,-3.07045,0.3107717,0.3812715,-0.08772572,0.8662316,37.25009,49.58092,6.129599,0.1982259,0.02800953,-0.9797558,0.0,0.0,0.0,1.44657,-0.5402566,-2.471789,0.3463858,0.09509438,1.259273,0.6938725,0.0849952,-0.7150642,0.3889584,0.7914503,0.471506,0.6060135,-0.6052952,0.5161059,static,0.8415164047251383,7.405326622341143,15.379877365614917,4.31851164013842,1.0700444,-0.6410374,0.5986610000000003,0.014564230855172056,0.12887411771193158,0.9915539992770533,-0.3382273759666714,8.603933820496097,14.820468670500528,14.862448188756627,16.291828010730754
05/17/2023 13:14:20.094974,3270,True,True,True,True,Eyes,0.5619916,0.09151831,-3.174317,0.6660831,-0.4967166,0.5564224,0.0,0.0,0.0,0.0,0.0,0.0,0.0,-2.464956,1.206252,1.415385,0.3671775,0.1010367,-3.064203,0.3087742,0.383573,-0.08872975,0.8658276,37.06776,49.79673,5.986996,0.1960532,0.02803356,-0.9801922,0.0,0.0,0.0,1.44657,-0.5402566,-2.471789,0.3457146,0.09378928,1.262284,0.6899976,0.08322559,-0.7190111,0.3905242,0.7935711,0.4666218,0.6094212,-0.6027591,0.5150605,static,1.050148086610434,7.215472834108095,15.316585557582103,4.249339816752821,1.0793925,-0.6412933,0.5924140000000002,0.018182424489310844,0.12558038557052678,0.9919167960280633,-0.27903403405063365,8.517090342792757,14.532648771240293,14.571519590962009,16.16901496688753
05/17/2023 13:14:20.119629,3271,True,True,True,True,Eyes,0.5538596,0.091762,-3.169201,0.67094,-0.4961223,0.5510918,0.0,0.0,0.0,0.0,0.0,0.0,0.0,-2.463467,1.195339,1.413594,0.3600724,0.1025481,-3.05869,0.3079717,0.38499,-0.09003261,0.8653499,37.03693,49.92792,5.846509,0.1938786,0.02806862,-0.9806237,0.0,0.0,0.0,1.44657,-0.5402566,-2.471789,0.3455376,0.09155312,1.264983,0.6873537,0.08131257,-0.7217571,0.3929514,0.7940953,0.4636831,0.6108472,-0.6023297,0.5138723,static,1.3328665055646212,7.194837273120629,15.27797581333782,4.13956312806895,1.0864976,-0.6428047,0.5869010000000001,0.02307775289724512,0.12521048071008872,0.991861757013593,-0.15274294348270123,8.490604724980026,14.240530140536825,14.275880838223747,16.032424780118046
05/17/2023 13:14:20.134576,3272,True,True,True,True,Eyes,0.5457955,0.09203068,-3.164034,0.6758187,-0.4955234,0.5456424,0.0,0.0,0.0,0.0,0.0,0.0,0.0,-2.47993,1.158141,1.401032,0.3540611,0.102552,-3.052599,0.3043287,0.3901163,-0.09393868,0.8639264,36.80756,50.39706,5.384685,0.1917034,0.02811342,-0.98105,0.0,0.0,0.0,1.44657,-0.5402566,-2.471789,0.3458346,0.08906525,1.267623,0.6779696,0.07513496,-0.73124,0.3997594,0.7971191,0.4525411,0.616887,-0.5991291,0.5103866,static,1.2676786852747808,7.0149772372337535,15.260134880512236,4.019089499964682,1.0925089,-0.6428086,0.58081,0.02195783208587898,0.12209934637774178,0.9922749554025975,-0.21781121038175977,8.42556230644903,14.275788135747964,14.309583282190934,16.092974174679668
05/17/2023 13:14:20.144416,3273,True,True,True,True,Eyes,0.5378065,0.09229515,-3.158819,0.680743,-0.4946265,0.5403088,0.0,0.0,0.0,0.0,0.0,0.0,0.0,-2.499959,1.115122,1.384732,0.3475464,0.1033859,-3.046194,0.3007421,0.3960456,-0.0991514,0.8618997,36.65219,50.9525,4.81186,0.1895293,0.02816784,-0.9814708,0.0,0.0,0.0,1.44657,-0.5402566,-2.471789,0.3457539,0.08868384,1.270155,0.6666337,0.06729805,-0.7423412,0.4091323,0.7994464,0.4398821,0.6230652,-0.596956,0.5054041,static,1.1212712060536112,6.93720894050725,15.227739667766308,3.9939824885362167,1.0990236,-0.6436425,0.574405,0.019425419863338733,0.12075873839935639,0.99249180655158,-0.30043563265893614,8.405188845819959,14.37611003405887,14.41024060898627,16.14258249745923
05/17/2023 13:14:20.164625,3274,True,True,True,True,Eyes,0.5298832,0.09253994,-3.153563,0.6857855,-0.4936882,0.5347619,0.0,0.0,0.0,0.0,0.0,0.0,0.0,-2.521231,1.078586,1.35883,0.3411004,0.1034639,-3.039624,0.297714,0.403138,-0.1026457,0.8592498,36.46858,51.76564,4.539142,0.1873573,0.02823086,-0.9818859,0.0,0.0,0.0,1.44657,-0.5402566,-2.471789,0.3453205,0.08945364,1.272608,0.6538872,0.06364313,-0.7539105,0.4164361,0.8016605,0.4288605,0.6316743,-0.594382,0.4976923,static,0.7989220481962953,6.84392766376802,15.1815737897787,4.020798024839512,1.1054696,-0.6437204999999999,0.5678350000000001,0.01384403369498749,0.11915380738781556,0.9927793276640784,-0.46717493326877957,8.390370337486575,14.620990020254732,14.657105173868404,16.24735359350968
05/17/2023 13:14:20.184266,3275,True,True,True,True,Eyes,0.5220117,0.09276972,-3.148246,0.6908015,-0.4925692,0.5293097,0.0,0.0,0.0,0.0,0.0,0.0,0.0,-2.537446,1.056652,1.3298,0.3346279,0.1031771,-3.033297,0.2960409,0.4097601,-0.103829,0.8565489,36.31591,52.64371,4.608618,0.1851891,0.02830107,-0.982295,0.0,0.0,0.0,1.44657,-0.5402566,-2.471789,0.344437,0.09138393,1.275458,0.6426325,0.06474219,-0.7634343,0.4204807,0.8031587,0.422057,0.6404837,-0.592237,0.488913,static,0.45861985995064913,6.791699697087909,15.112227099969473,4.098121307638351,1.1119420999999998,-0.6434337,0.5615080000000003,0.007948174952770615,0.11825637636875197,0.9929512292494693,-0.6341951907617029,8.39255009542602,14.86017672093267,14.89911305027389,16.321517502101795
05/17/2023 13:14:20.194723,3276,True,True,True,True,Eyes,0.514203,0.09295912,-3.142896,0.6959224,-0.4915277,0.5235384,0.0,0.0,0.0,0.0,0.0,0.0,0.0,-2.551342,1.041331,1.299579,0.3284346,0.1030654,-3.027231,0.2954075,0.4159124,-0.1045897,0.853705,36.25514,53.51392,4.776665,0.1830252,0.02837737,-0.9826984,0.0,0.0,0.0,1.44657,-0.5402566,-2.471789,0.3438436,0.09209985,1.278226,0.6321557,0.06714986,-0.7719263,0.4243048,0.8035908,0.4173814,0.6483399,-0.591382,0.4795025,static,0.1611308685724587,6.823530813518244,15.056192664877718,4.121203217254624,1.1181354,-0.643322,0.5554420000000002,0.0027923407127716238,0.1188112917096543,0.9929128877999507,-0.7651142735696084,8.42431858122535,15.097139040602386,15.138211266635183,16.396053033465172
05/17/2023 13:14:20.214500,3277,True,True,True,True,Eyes,0.5064425,0.09312499,-3.137482,0.700957,-0.4904663,0.5177858,0.0,0.0,0.0,0.0,0.0,0.0,0.0,-2.567138,1.030089,1.260691,0.322052,0.1023437,-3.020999,0.2959091,0.4228698,-0.1053621,0.8500105,36.31049,54.56148,5.065126,0.1808659,0.02845795,-0.9830958,0.0,0.0,0.0,1.44657,-0.5402566,-2.471789,0.3422649,0.09078026,1.281382,0.6201599,0.07114425,-0.7812428,0.4293798,0.8026733,0.4139427,0.6565323,-0.5921605,0.4672379,static,-0.27158049914525245,6.986045049937381,14.954918704289136,4.052382417313468,1.124518,-0.6426003,0.5492100000000004,-0.00470476666552766,0.121626251866945,0.9925648401962219,-0.9329128963425137,8.515314783576407,15.463274305011549,15.506535861830713,16.502756081208585
05/17/2023 13:14:20.234356,3278,True,True,True,True,Eyes,0.4987532,0.09331386,-3.132055,0.7060103,-0.4895079,0.5117924,0.0,0.0,0.0,0.0,0.0,0.0,0.0,-2.579471,1.028303,1.220861,0.3161556,0.1020533,-3.015163,0.2977091,0.4291543,-0.105173,0.8462474,36.45149,55.6039,5.530552,0.178712,0.02854172,-0.9834871,0.0,0.0,0.0,1.44657,-0.5402566,-2.471789,0.3405495,0.08734915,1.284563,0.6095304,0.07752138,-0.7889634,0.433531,0.800616,0.4136001,0.6637195,-0.594142,0.4543918,static,-0.6583030279028271,7.230140589175821,14.848074333098605,3.890074056695759,1.1304143999999998,-0.6423099,0.543374,-0.011397958705631928,0.12584694451445583,0.9919841841783469,-1.063629114011058,8.6347366385415,15.817369711599289,15.862023304205902,16.604039556816545
05/17/2023 13:14:20.244857,3279,True,True,True,True,Eyes,0.491145,0.09351993,-3.126591,0.7108523,-0.4885729,0.5059502,0.0,0.0,0.0,0.0,0.0,0.0,0.0,-2.587159,1.030583,1.186318,0.3100793,0.1028412,-3.009339,0.2998103,0.4343862,-0.1044136,0.8429236,36.59438,56.525,6.03718,0.1765638,0.02862914,-0.9838725,0.0,0.0,0.0,1.44657,-0.5402566,-2.471789,0.338241,0.08371672,1.287847,0.6008129,0.08444154,-0.7949173,0.4364923,0.7984232,0.4147227,0.6697002,-0.596146,0.4428448,static,-0.9451513226724827,7.471907126424856,14.715843911826031,3.7192892486088187,1.1364907,-0.6430977999999999,0.5375500000000004,-0.01635522714588422,0.13002266944733062,0.9913761586222136,-1.1487652755353144,8.74671390416011,16.0585957668218,16.104313480303645,16.64213998664099
05/17/2023 13:14:20.264291,3280,True,True,True,True,Eyes,0.4836425,0.09374256,-3.121123,0.7156643,-0.4877734,0.4999017,0.0,0.0,0.0,0.0,0.0,0.0,0.0,-2.594129,1.033085,1.153178,0.304888,0.1035594,-3.003815,0.3020111,0.4392057,-0.1038319,0.8397063,36.75599,57.39008,6.515541,0.1744227,0.02872043,-0.9842516,0.0,0.0,0.0,1.44657,-0.5402566,-2.471789,0.3347644,0.08156717,1.290924,0.5926346,0.09091335,-0.8003244,0.4396667,0.7960165,0.415994,0.6748908,-0.5984084,0.4317753,static,-1.17389269332735,7.721719555319034,14.537798719417118,3.615433655317644,1.1416819999999999,-0.6438159999999999,0.5320260000000001,-0.02030116807743193,0.1343341441507738,0.9907281110349658,-1.205552379795143,8.857982884652824,16.191947874508486,16.23942212462803,16.59329461725642
05/17/2023 13:14:20.284238,3281,True,True,True,True,Eyes,0.4836425,0.09374256,-3.121123,0.7156643,-0.4877734,0.4999017,0.0,0.0,0.0,0.0,0.0,0.0,0.0,-2.602039,1.029471,1.122238,0.2998363,0.1042245,-2.998178,0.3037392,0.443926,-0.1044769,0.8365147,36.93614,58.18771,6.817435,0.1722901,0.02881576,-0.9846244,0.0,0.0,0.0,1.44657,-0.5402566,-2.471789,0.3310156,0.08221057,1.294166,0.5840286,0.09488246,-0.8061687,0.4444683,0.7936542,0.4154045,0.6792338,-0.6009246,0.4213445,static,-1.8121768218292964,7.9724094171862285,14.34724934402407,3.6347718498433172,1.1467337,-0.6444810999999999,0.526389,-0.03131784130090898,0.13862819018001546,0.9898491841733289,-1.4509331339108034,8.996436638980017,16.677320039665908,16.731471951842458,16.683225674826698
05/17/2023 13:14:20.294807,3282,True,True,True,True,Eyes,0.4836425,0.09374256,-3.121123,0.7156643,-0.4877734,0.4999017,0.0,0.0,0.0,0.0,0.0,0.0,0.0,-2.610801,1.016843,1.097554,0.2949671,0.1049651,-2.992801,0.3042559,0.4483134,-0.1064159,0.8337381,37.06746,58.83865,6.863662,0.1703703,0.02890144,-0.9849558,0.0,0.0,0.0,1.44657,-0.5402566,-2.471789,0.3274902,0.08540159,1.297114,0.5753816,0.09535795,-0.8123072,0.4502499,0.792208,0.411924,0.6827964,-0.6027548,0.4128869,static,-2.362569219471705,8.15488226015311,14.169686772603843,3.7668999179992935,1.1516028999999999,-0.6452217,0.5210120000000003,-0.04080678851954539,0.14173133379783137,0.9890637111609892,-1.6690864137477233,9.102838927788799,17.043262356001055,17.104674133773248,16.71343714395345
05/17/2023 13:14:20.314726,3283,True,True,True,True,Eyes,0.4758889,0.09403811,-3.11524,0.7203856,-0.4870098,0.4938279,0.0,0.0,0.0,0.0,0.0,0.0,0.0,-2.621189,0.9923216,1.078699,0.290014,0.1056346,-2.987249,0.3029319,0.452787,-0.1095318,0.8313959,37.078,59.37402,6.636154,0.1686423,0.02897844,-0.9852509,0.0,0.0,0.0,1.44657,-0.5402566,-2.471789,0.3246261,0.09113243,1.299854,0.5659735,0.09219869,-0.8192519,0.4564558,0.7924701,0.4045235,0.6865292,-0.6029018,0.4064324,static,-2.417639017499623,8.208334374565917,14.02224531565093,4.0104300489167315,1.156556,-0.6458912,0.51546,-0.0417518495259937,0.14264840757341357,0.9888923943886607,-1.6840607693491634,9.127048630950071,16.902512380818802,16.967386292964306,16.51871170974661
05/17/2023 13:14:20.334994,3284,True,True,True,True,Eyes,0.4682422,0.09431709,-3.109364,0.7250459,-0.4862672,0.4877015,0.0,0.0,0.0,0.0,0.0,0.0,0.0,-2.63221,0.9620022,1.062289,0.2853631,0.1061271,-2.981567,0.3007454,0.4572727,-0.1132598,0.8292322,37.03887,59.85118,6.272207,0.1668749,0.02906371,-0.9855494,0.0,0.0,0.0,1.44657,-0.5402566,-2.471789,0.3211972,0.09698746,1.302498,0.5561478,0.08720799,-0.8264952,0.4628826,0.793449,0.3951943,0.6902458,-0.6023567,0.4009078,static,-2.4468444647522687,8.201065215753212,13.852800285126689,4.25853675014355,1.1612068999999998,-0.6463837,0.5097780000000003,-0.04225670674116805,0.14251992773440783,0.9888895494133154,-1.698937450345592,9.126161689439888,16.701873891467333,16.76967351126429,16.29571474782779
05/17/2023 13:14:20.344787,3285,True,True,True,True,Eyes,0.4609652,0.09462769,-3.10394,0.7287846,-0.4853621,0.483008,0.0,0.0,0.0,0.0,0.0,0.0,0.0,-2.641359,0.9338958,1.047058,0.2802033,0.105981,-2.975823,0.2985584,0.4615003,-0.1166754,0.8272046,36.98666,60.29996,5.9312,0.1650744,0.02915593,-0.9858499,0.0,0.0,0.0,1.44657,-0.5402566,-2.471789,0.3190288,0.1016584,1.305212,0.5468085,0.08254086,-0.8331792,0.4685984,0.7944995,0.3862463,0.6938415,-0.6016292,0.3957606,static,-2.5471571982869468,8.197474473101018,13.735314662474128,4.453576908205251,1.1663667,-0.6462376,0.5040340000000003,-0.043988440964760844,0.1424472949723605,0.9888244912997033,-1.7458723056930334,9.131353633121538,16.636272177145273,16.707353437121892,16.172468736451997
05/17/2023 13:14:20.364156,3286,True,True,True,True,Eyes,0.453795,0.09492664,-3.098479,0.7325176,-0.4844646,0.4782385,0.0,0.0,0.0,0.0,0.0,0.0,0.0,-2.648999,0.9085592,1.032022,0.2752199,0.1058023,-2.969984,0.2965578,0.4655105,-0.119593,0.8252581,36.92844,60.741,5.650767,0.1632526,0.02925497,-0.9861502,0.0,0.0,0.0,1.44657,-0.5402566,-2.471789,0.3161281,0.1071011,1.307877,0.5379949,0.07871141,-0.8392652,0.4734918,0.7955019,0.3781299,0.6974003,-0.6008171,0.3907067,static,-2.6295243049669366,8.188581707987804,13.588384611907575,4.681464117907586,1.1713501,-0.6460589,0.4981950000000004,-0.045410978134215685,0.14228475078509498,0.9887835650960665,-1.7855681536308663,9.133325864367835,16.518051418779002,16.592782871679116,16.0055458090814
05/17/2023 13:14:20.384301,3287,True,True,True,True,Eyes,0.4467431,0.0951959,-3.093019,0.7361875,-0.4835489,0.4735066,0.0,0.0,0.0,0.0,0.0,0.0,0.0,-2.655186,0.8850103,1.016734,0.2706565,0.1058401,-2.963536,0.2946944,0.4693778,-0.1220588,0.8233721,36.86056,61.18124,5.425215,0.1614144,0.02935986,-0.9864496,0.0,0.0,0.0,1.44657,-0.5402566,-2.471789,0.3113463,0.115276,1.310457,0.5295724,0.07564642,-0.8448851,0.4776455,0.7965137,0.3707029,0.7010049,-0.5998695,0.3856796,static,-2.708331051289609,8.173382848981495,13.364885309235406,5.02715522065024,1.1759134999999998,-0.6460967,0.49174700000000016,-0.04677278560930215,0.14201351983993363,0.9887590913867941,-1.8248508948823918,9.132634420150705,16.298026796459446,16.378248760521497,15.734771857520462
05/17/2023 13:14:20.394996,3288,True,True,True,True,Eyes,0.4397865,0.09544928,-3.087536,0.7398224,-0.4826457,0.4687386,0.0,0.0,0.0,0.0,0.0,0.0,0.0,-2.65801,0.8714063,1.001573,0.2660903,0.1053844,-2.957297,0.2937023,0.4726355,-0.1231494,0.8216987,36.80398,61.60962,5.392328,0.1595641,0.02946908,-0.9867473,0.0,0.0,0.0,1.44657,-0.5402566,-2.471789,0.3067938,0.1243765,1.313513,0.5228997,0.07524478,-0.8490666,0.4800117,0.7971464,0.36626,0.7043895,-0.5990792,0.3807093,static,-2.747822699120696,8.17659711654681,13.14673955051521,5.40920717179817,1.1804796999999998,-0.645641,0.4855080000000003,-0.04745393227316069,0.14206440910865795,0.9887192515454686,-1.84242731796308,9.13646193903565,16.04702989212571,16.13367770267668,15.445632117559379
05/17/2023 13:14:20.414687,3289,True,True,True,True,Eyes,0.432979,0.09569261,-3.082073,0.7433602,-0.4817553,0.4640338,0.0,0.0,0.0,0.0,0.0,0.0,0.0,-2.659307,0.8616259,0.9872833,0.2614483,0.1052472,-2.951205,0.2931422,0.4755392,-0.123797,0.8201246,36.76733,62.01789,5.425562,0.1577051,0.02958177,-0.9870428,0.0,0.0,0.0,1.44657,-0.5402566,-2.471789,0.3031797,0.1326175,1.316554,0.5170736,0.07574333,-0.8525831,0.4818591,0.7974839,0.3630856,0.7074226,-0.5985669,0.3758602,static,-2.7648733701765296,8.201192573830191,12.968151008354148,5.752045691999516,1.1851216999999998,-0.6455038,0.47941600000000006,-0.04774523433438488,0.14248684451988267,0.9886444332021959,-1.8454970239663404,9.14705841669855,15.829583438318064,15.922511628013387,15.197706387028965
05/17/2023 13:14:20.434651,3290,True,True,True,True,Eyes,0.4262993,0.09592215,-3.076574,0.7468904,-0.480919,0.4592076,0.0,0.0,0.0,0.0,0.0,0.0,0.0,-2.662785,0.847872,0.9694465,0.2574945,0.1051123,-2.944789,0.2925044,0.4790089,-0.1250771,0.8181367,36.75847,62.49626,5.412057,0.1558425,0.02969722,-0.9873351,0.0,0.0,0.0,1.44657,-0.5402566,-2.471789,0.3003273,0.1376721,1.319516,0.5098125,0.07556415,-0.8569606,0.4848846,0.7975938,0.3587911,0.7106183,-0.5984432,0.3699834,static,-2.8430981174498595,8.2510167898075,12.822320500639847,5.956421250426732,1.1890755,-0.6453689,0.4730000000000003,-0.049088876445034846,0.14333716897180637,0.9884557209462811,-1.8718502703681592,9.171387845119547,15.73496071591945,15.832577464498247,15.041764020637233
05/17/2023 13:14:20.444237,3291,True,True,True,True,Eyes,0.4197233,0.09613446,-3.071044,0.7503315,-0.480091,0.4544395,0.0,0.0,0.0,0.0,0.0,0.0,0.0,-2.667692,0.8318325,0.948953,0.2539465,0.1050186,-2.938285,0.2918998,0.4828713,-0.1267728,0.8158178,36.77713,63.02996,5.376652,0.1539795,0.02981482,-0.9876239,0.0,0.0,0.0,1.44657,-0.5402566,-2.471789,0.2976407,0.1410138,1.32254,0.501528,0.07505299,-0.8618798,0.4887471,0.7974463,0.3538441,0.71386,-0.5987039,0.3632597,static,-2.977204764430459,8.329613433960521,12.683236922412648,6.086080827481963,1.1926234999999998,-0.6452751999999999,0.46649600000000024,-0.05139220151831586,0.14467618343688793,0.9881435274810724,-1.9183577917387113,9.21046899084338,15.71867404133513,15.820330982104826,14.932125421107536
05/17/2023 13:14:20.464423,3292,True,True,True,True,Eyes,0.4132544,0.09632904,-3.065457,0.753756,-0.479292,0.4495899,0.0,0.0,0.0,0.0,0.0,0.0,0.0,-2.671939,0.814712,0.9300593,0.2497738,0.1048161,-2.931664,0.2910379,0.4866555,-0.1286211,0.8135846,36.78087,63.53574,5.299976,0.1521188,0.02993383,-0.9879085,0.0,0.0,0.0,1.44657,-0.5402566,-2.471789,0.2929068,0.1442527,1.325521,0.493246,0.07398222,-0.8667381,0.4925587,0.7975072,0.3483796,0.7170037,-0.5987562,0.3569266,static,-3.0910986309291175,8.387430058983806,12.460683666414072,6.210895257284926,1.1967961999999999,-0.6450726999999999,0.45987500000000026,-0.05334858357545136,0.14565827179674015,0.9878955427927034,-1.9595952034958377,9.240216793056844,15.598550097489571,15.703351119011616,14.735034158530539
05/17/2023 13:14:20.484282,3293,True,True,True,True,Eyes,0.4068787,0.09648531,-3.059827,0.7570826,-0.4784403,0.4448828,0.0,0.0,0.0,0.0,0.0,0.0,0.0,-2.674952,0.7976045,0.9127437,0.2459389,0.1045968,-2.924588,0.2900183,0.490175,-0.130339,0.81156,36.76343,63.99597,5.21125,0.1502633,0.03005363,-0.9881887,0.0,0.0,0.0,1.44657,-0.5402566,-2.471789,0.2881664,0.15095,1.330603,0.4854805,0.07276358,-0.8712142,0.4958753,0.7978023,0.3429567,0.7200114,-0.5985124,0.3512358,static,-3.1786251263344525,8.424954510763971,12.219738065427887,6.472237971679972,1.2006310999999998,-0.6448534,0.4527990000000002,-0.05485245625852403,0.14629329172197272,0.9877192771543171,-1.9926307679928945,9.260415811173923,15.411262311547018,15.521684537041509,14.483278755925246
05/17/2023 13:14:20.495040,3294,True,True,True,True,Eyes,0.4006117,0.09661037,-3.05413,0.7603852,-0.4775792,0.4401506,0.0,0.0,0.0,0.0,0.0,0.0,0.0,-2.675941,0.7832836,0.8983517,0.2416825,0.1038223,-2.91754,0.2890131,0.4931774,-0.131752,0.8098697,36.73252,64.38369,5.130328,0.1484141,0.03017301,-0.9884645,0.0,0.0,0.0,1.44657,-0.5402566,-2.471789,0.2630663,0.1794284,1.334445,0.478835,0.07166562,-0.874975,0.4984734,0.7982256,0.3381718,0.7226628,-0.5980802,0.3464949,static,-3.201730215882259,8.446541594533544,11.152027050624165,7.658014335948884,1.2048875,-0.6440789,0.445751,-0.0552477139196092,0.14666223423925534,0.9876426350085572,-1.999076835965376,9.270249785205417,14.24372370582712,14.375399921508862,13.249559863622261
05/17/2023 13:14:20.520650,3295,True,True,True,True,Eyes,0.3944633,0.09670328,-3.048418,0.7635821,-0.4766208,0.4356317,0.0,0.0,0.0,0.0,0.0,0.0,0.0,-2.676155,0.7694808,0.8845109,0.2380717,0.1031972,-2.910144,0.2878415,0.4960683,-0.1327356,0.8083593,36.65894,64.75536,5.076381,0.1465742,0.03029104,-0.9887354,0.0,0.0,0.0,1.44657,-0.5402566,-2.471789,0.2687851,0.1982518,1.339831,0.472595,0.07098188,-0.8784165,0.5001742,0.7990571,0.3336668,0.7255893,-0.5970505,0.3421271,static,-3.223940676672066,8.43340935931466,11.343600608195818,8.416855588691101,1.2084983,-0.6434538,0.43835500000000005,-0.055632474322779124,0.14643272087317882,0.9876550382275906,-2.011871074702219,9.266644752326087,14.413702500483028,14.56755069027227,13.38247979618586
05/17/2023 13:14:20.534571,3296,True,True,True,True,Eyes,0.388433,0.09677218,-3.042637,0.7667783,-0.475602,0.4311074,0.0,0.0,0.0,0.0,0.0,0.0,0.0,-2.675224,0.7575713,0.8726184,0.2342759,0.1024333,-2.902899,0.2864816,0.4987211,-0.1331758,0.8071368,36.53365,65.09168,5.052706,0.1447457,0.03040686,-0.9890012,0.0,0.0,0.0,1.44657,-0.5402566,-2.471789,0.2599077,0.1911259,1.345451,0.4670829,0.07076664,-0.8813772,0.5007311,0.8003849,0.3296245,0.7287675,-0.5952949,0.3384112,static,-3.214354883918299,8.372764527511992,10.933448523411828,8.084967688335368,1.2122940999999998,-0.6426898999999999,0.4311100000000003,-0.05547586589734249,0.1453885097135842,0.9878180113947375,-2.01926155113496,9.242644670164609,14.010451765584659,14.150730308825123,13.004342131362245
05/17/2023 13:14:20.544179,3297,True,True,True,True,Eyes,0.3825184,0.09680475,-3.036821,0.7699229,-0.4744731,0.4267249,0.0,0.0,0.0,0.0,0.0,0.0,0.0,-2.67465,0.7439086,0.8602045,0.2311244,0.1019106,-2.895394,0.2848241,0.5015336,-0.1335347,0.8059204,36.37271,65.43919,5.020379,0.1429307,0.03051999,-0.9892617,0.0,0.0,0.0,1.44657,-0.5402566,-2.471789,0.2654538,0.1890504,1.349479,0.461265,0.07046109,-0.8844602,0.5009344,0.8020874,0.3251468,0.7323245,-0.5930354,0.3346785,static,-3.2274690479261166,8.284241064256229,11.12847483181105,7.974746396125646,1.2154455999999998,-0.6421671999999999,0.42360500000000023,-0.0557145465934501,0.1438602406396579,0.988028468875779,-2.0425432892740067,9.209388578832755,14.220700493563315,14.359279634708846,13.22875881045802
05/17/2023 13:14:20.564732,3298,True,True,True,True,Eyes,0.3767234,0.09679976,-3.030925,0.7730819,-0.473273,0.4223235,0.0,0.0,0.0,0.0,0.0,0.0,0.0,-2.673903,0.7304142,0.8480473,0.2276981,0.1010089,-2.887975,0.2829662,0.5043913,-0.1337453,0.8047556,36.18237,65.78655,4.988583,0.1411312,0.03062955,-0.9895166,0.0,0.0,0.0,1.44657,-0.5402566,-2.471789,0.2709398,0.1886287,1.352457,0.4554031,0.07018681,-0.8875144,0.5007161,0.8040847,0.3205174,0.7361328,-0.5903573,0.3310389,static,-3.2414616602947253,8.170990407677511,11.32819680325326,7.939888470159798,1.2188719,-0.6412654999999999,0.41618600000000017,-0.055971797932180545,0.1419049791623295,0.9882966305791183,-2.071044777520485,9.16666054224876,14.432824411370229,14.571491201999878,13.455283150376044
05/17/2023 13:14:20.584252,3299,True,True,True,True,Eyes,0.3710383,0.09674653,-3.02496,0.7761753,-0.4720107,0.4180405,0.0,0.0,0.0,0.0,0.0,0.0,0.0,-2.673805,0.7131609,0.8350947,0.2248355,0.1000957,-2.880043,0.2807689,0.5074608,-0.1344282,0.8034807,35.98823,66.13955,4.887452,0.1393483,0.03073481,-0.989766,0.0,0.0,0.0,1.44657,-0.5402566,-2.471789,0.2676787,0.187186,1.355518,0.4488251,0.06893752,-0.8909565,0.5009795,0.8061957,0.3147507,0.7399834,-0.587619,0.3273046,static,-3.278569609464733,8.054689554776667,11.170667431645949,7.8623556153404035,1.2217345,-0.6403523,0.40825400000000034,-0.05662823386994176,0.13989342195567697,0.988545967827057,-2.1107944088813673,9.124272272897848,14.315837580271069,14.450517063913804,13.34127663576482
05/17/2023 13:14:20.594903,3300,True,True,True,True,Eyes,0.3654734,0.09665643,-3.0189,0.7792611,-0.4706795,0.413779,0.0,0.0,0.0,0.0,0.0,0.0,0.0,-2.672755,0.6959592,0.8243406,0.2216875,0.09887088,-2.872037,0.2784389,0.5102276,-0.135239,0.8024027,35.79208,66.43559,4.745228,0.1375841,0.03083464,-0.9900097,0.0,0.0,0.0,1.44657,-0.5402566,-2.471789,0.2629254,0.1877588,1.359296,0.4427564,0.06710214,-0.8941275,0.5011666,0.8083645,0.3088349,0.7435044,-0.5848455,0.3242792,static,-3.272036804354109,7.936140335560384,10.947393297764979,7.86446876221233,1.2248824999999999,-0.63912748,0.4002480000000004,-0.05653188940607734,0.13784850684383118,0.988838737699715,-2.1308671511815334,9.078156745074452,14.087828227719456,14.219610727564824,13.134456018055053
05/17/2023 13:14:20.619490,3301,True,True,True,True,Eyes,0.3600204,0.09651071,-3.012758,0.7822862,-0.4693231,0.4095902,0.0,0.0,0.0,0.0,0.0,0.0,0.0,-2.67087,0.6789427,0.8145227,0.2190593,0.09789879,-2.863632,0.2761227,0.5127602,-0.1359943,0.8014604,35.59611,66.6975,4.59776,0.1358398,0.03092851,-0.9902476,0.0,0.0,0.0,1.44657,-0.5402566,-2.471789,0.2537867,0.1878343,1.36352,0.4371652,0.06518126,-0.8970161,0.5011575,0.8105237,0.3031378,0.7468117,-0.5820676,0.3216667,static,-3.2409924963277774,7.8180133551912485,10.543592814301702,7.843522654913376,1.2275106999999998,-0.63815539,0.39184300000000016,-0.05601199201046325,0.13581350006620369,0.9891498131177487,-2.1395599499491995,9.030597147900895,13.658088385688341,13.78460891394436,12.738583512040373
05/17/2023 13:14:20.634425,3302,True,True,True,True,Eyes,0.3546996,0.09631446,-3.006527,0.7852957,-0.4679026,0.4054354,0.0,0.0,0.0,0.0,0.0,0.0,0.0,-2.668033,0.6648617,0.8054571,0.2162881,0.09641418,-2.855367,0.2739414,0.5150563,-0.1363642,0.8006735,35.39047,66.93792,4.490297,0.1341174,0.03101523,-0.9904796,0.0,0.0,0.0,1.44657,-0.5402566,-2.471789,0.2442382,0.1877591,1.367774,0.4322436,0.06382412,-0.8994955,0.5005569,0.8127219,0.2982048,0.7500723,-0.5791456,0.3193462,static,-3.187918332400255,7.695984128408222,10.124381108723579,7.816338435422567,1.2302818999999998,-0.63667078,0.3835780000000004,-0.05511158627830559,0.13371320336445464,0.9894865008691706,-2.1388586945484933,8.980089561140936,13.192042464666624,13.31284348174209,12.318334593408608
05/17/2023 13:14:20.644893,3303,True,True,True,True,Eyes,0.3495109,0.09606077,-3.000215,0.7882247,-0.4665371,0.4013042,0.0,0.0,0.0,0.0,0.0,0.0,0.0,-2.664918,0.6520296,0.7956315,0.2141818,0.09499447,-2.846939,0.2720055,0.5172659,-0.1365976,0.7998688,35.20138,67.18121,4.413256,0.1324182,0.03109394,-0.9907057,0.0,0.0,0.0,1.44657,-0.5402566,-2.471789,0.2348761,0.1892936,1.371717,0.4275542,0.06287801,-0.9018005,0.4999187,0.8147082,0.2938229,0.7531792,-0.576452,0.316898,static,-3.135650182933369,7.588835891528294,9.716403872941545,7.8570537779045955,1.2323882,-0.63525107,0.3751500000000001,-0.05422242040505926,0.13186897528956198,0.9897831109822182,-2.135631328719545,8.935369745446545,12.737946582329473,12.854852558069384,11.900987511432383
05/17/2023 13:14:20.664747,3304,True,True,True,True,Eyes,0.3444591,0.09575975,-2.993807,0.7911277,-0.4651442,0.3971874,0.0,0.0,0.0,0.0,0.0,0.0,0.0,-2.66256,0.6363758,0.7854207,0.212177,0.09337364,-2.838547,0.2697809,0.519654,-0.1372781,0.7989573,35.01292,67.4296,4.273163,0.1307437,0.03116362,-0.9909259,0.0,0.0,0.0,1.44657,-0.5402566,-2.471789,0.2225973,0.1943885,1.375416,0.422229,0.06102669,-0.9044326,0.4997442,0.816746,0.2884126,0.7562925,-0.573761,0.3143561,static,-3.097609390970583,7.481010983836854,9.193039019739928,8.044374291240063,1.2343929999999999,-0.63363024,0.36675800000000036,-0.053578515254754155,0.13001058859159764,0.9900639296413403,-2.1390933297563537,8.891321791191611,12.188336363676038,12.303553006015338,11.363738102146417
05/17/2023 13:14:20.684438,3305,True,True,True,True,Eyes,0.339534,0.09541582,-2.987298,0.7939845,-0.4637419,0.3931057,0.0,0.0,0.0,0.0,0.0,0.0,0.0,-2.660414,0.6177174,0.7751873,0.2104704,0.09196304,-2.829759,0.2675487,0.5220325,-0.1387165,0.7979081,34.87499,67.66279,4.052085,0.1290959,0.03122366,-0.9911401,0.0,0.0,0.0,1.44657,-0.5402566,-2.471789,0.2105266,0.2005658,1.378806,0.4164796,0.05797225,-0.9072949,0.5007043,0.8183509,0.2821296,0.7588412,-0.5717877,0.3117995,static,-3.0561049847062924,7.419625194817111,8.681306407721657,8.276389289314437,1.2360996,-0.63221964,0.35797000000000034,-0.05286866231951104,0.12895466324999708,0.9902401864189188,-2.1319163090528788,8.864943803553905,11.65416501042743,11.768639297247462,10.829228132180084
05/17/2023 13:14:20.695350,3306,True,True,True,True,Eyes,0.334755,0.09503972,-2.980704,0.7967361,-0.4624497,0.3890398,0.0,0.0,0.0,0.0,0.0,0.0,0.0,-2.657823,0.5963738,0.7672772,0.2086478,0.0906397,-2.820754,0.2650965,0.5241571,-0.1408171,0.7969653,34.7618,67.83322,3.730505,0.1274755,0.03127369,-0.9913482,0.0,0.0,0.0,1.44657,-0.5402566,-2.471789,0.2012063,0.2055392,1.382539,0.4108598,0.05345165,-0.9101302,0.5023571,0.8197888,0.2749248,0.7608098,-0.5701659,0.3099664,static,-2.9736226133147095,7.3691460942581894,8.280345557508808,8.45610807400182,1.2379221999999999,-0.6308963,0.3489650000000002,-0.05144887293430633,0.12809170167234943,0.9904269955397074,-2.1037281773796597,8.840082892720199,11.193284455071048,11.306338308016306,10.391170482337893
05/17/2023 13:14:20.714601,3307,True,True,True,True,Eyes,0.3301193,0.0946161,-2.974023,0.7993989,-0.461253,0.3849767,0.0,0.0,0.0,0.0,0.0,0.0,0.0,-2.654178,0.5758536,0.7609105,0.2071718,0.08954105,-2.811461,0.2627872,0.5259182,-0.1429365,0.7961923,34.66687,67.95476,3.401485,0.1258849,0.03131366,-0.9915501,0.0,0.0,0.0,1.44657,-0.5402566,-2.471789,0.1922746,0.2107911,1.385491,0.4059584,0.04879918,-0.9125878,0.504019,0.8210242,0.2681124,0.7623402,-0.568804,0.3087059,static,-2.8497132719238074,7.330040417518051,7.9008859704187975,8.650743700991836,1.2393982,-0.62979765,0.3396720000000002,-0.04931106964477916,0.1274294342996486,0.9906210923242346,-2.05423109919746,8.816889498790733,10.719856358110718,10.831419169824231,9.956503417158617
05/17/2023 13:14:20.734421,3308,True,True,True,True,Eyes,0.3256275,0.0941581,-2.967229,0.8019953,-0.4600095,0.3810444,0.0,0.0,0.0,0.0,0.0,0.0,0.0,-2.649608,0.555576,0.7567729,0.2058167,0.08803806,-2.802085,0.2601849,0.5273697,-0.1449241,0.7957273,34.5364,68.01638,3.046983,0.124325,0.03134305,-0.9917461,0.0,0.0,0.0,1.44657,-0.5402566,-2.471789,0.1842167,0.2168559,1.387976,0.4017563,0.04378717,-0.9146992,0.5050675,0.8226017,0.2612153,0.763871,-0.5669296,0.3083699,static,-2.68536540694441,7.257469357852663,7.560296581010837,8.880040601310201,1.2407533,-0.62829466,0.33029600000000015,-0.04647677601060085,0.12619177891447286,0.9909165354911387,-1.9926116421231312,8.77814814010733,10.26309452434409,10.373346953203022,9.553451606266218
05/17/2023 13:14:20.744337,3309,True,True,True,True,Eyes,0.3212637,0.09363763,-2.960325,0.8045343,-0.4588856,0.3770259,0.0,0.0,0.0,0.0,0.0,0.0,0.0,-2.644867,0.5305384,0.7557595,0.2048302,0.08684163,-2.792573,0.2568513,0.5286056,-0.1474734,0.795522,34.37259,67.99904,2.562998,0.1227974,0.03136184,-0.9919358,0.0,0.0,0.0,1.44657,-0.5402566,-2.471789,0.1778623,0.2219766,1.39034,0.3976553,0.03690939,-0.9167922,0.5061827,0.824558,0.2527511,0.7652772,-0.5645722,0.3092069,static,-2.4642923297788975,7.138624397133961,7.290092244687306,9.071077283894354,1.2417398,-0.62709823,0.3207840000000002,-0.04266406984272325,0.1241572485644426,0.9913449035567907,-1.9138570876905305,8.717854948948355,9.83600280373707,9.943962619908262,9.210724690863533
05/17/2023 13:14:20.764362,3310,True,True,True,True,Eyes,0.3170407,0.09306739,-2.953313,0.8070153,-0.4577262,0.3731126,0.0,0.0,0.0,0.0,0.0,0.0,0.0,-2.640184,0.505751,0.7526611,0.2035522,0.08493403,-2.782842,0.2537591,0.5300297,-0.1503497,0.7950282,34.25457,68.0209,2.075559,0.1213029,0.03136904,-0.9921194,0.0,0.0,0.0,1.44657,-0.5402566,-2.471789,0.1727381,0.2245827,1.392918,0.392927,0.0299353,-0.9190822,0.5080642,0.8260027,0.2441117,0.7664719,-0.5628708,0.3093497,static,-2.282563777190057,7.071618125360865,7.069254144798855,9.159079882913863,1.2430177999999998,-0.62519063,0.31105300000000025,-0.03952522336047076,0.12301370029073574,0.9916175508422467,-1.8431430354563176,8.680118834610889,9.477078622982738,9.581961961690268,8.925257821733322
05/17/2023 13:14:20.784778,3311,True,True,True,True,Eyes,0.3129787,0.09247565,-2.946186,0.8094889,-0.4566647,0.3690329,0.0,0.0,0.0,0.0,0.0,0.0,0.0,-2.635179,0.4830741,0.7490784,0.2027649,0.08324634,-2.773193,0.2507747,0.5314108,-0.1526785,0.7946093,34.11155,68.05412,1.653412,0.1198423,0.03136418,-0.9922971,0.0,0.0,0.0,1.44657,-0.5402566,-2.471789,0.1681035,0.2260913,1.395246,0.3885836,0.02388914,-0.9211038,0.5091684,0.8276026,0.2362657,0.7679521,-0.5608059,0.3094293,static,-2.0942324682527307,6.9786176133233235,6.870055950438835,9.204431983489249,1.2438050999999999,-0.62350294,0.3014040000000002,-0.036272747676050265,0.12141898117320385,0.9919384696232934,-1.774447250380562,8.631932059087484,9.13543074024881,9.236488318832265,8.663439949143575
05/17/2023 13:14:20.794811,3312,True,True,True,True,Eyes,0.3091204,0.09210079,-2.938912,0.8118467,-0.4557079,0.3650138,0.0,0.0,0.0,0.0,0.0,0.0,0.0,-2.63035,0.4596515,0.7437249,0.2026096,0.08223489,-2.763211,0.24789,0.5329887,-0.1549866,0.7940106,33.97747,68.12648,1.252275,0.1184178,0.0313478,-0.9924686,0.0,0.0,0.0,1.44657,-0.5402566,-2.471789,0.1644875,0.2278033,1.397546,0.3838045,0.01812304,-0.9232365,0.5103672,0.8290594,0.2284424,0.7695581,-0.5588668,0.3089473,static,-1.9431133397545275,6.891152506208286,6.712680514881894,9.257926770447787,1.2439604,-0.62249149,0.2914220000000003,-0.03366255084327813,0.11991552763224972,0.9922131462126182,-1.7218252770392288,8.588317912587614,8.875341946342624,8.973538191361758,8.461043905835481
05/17/2023 13:14:20.814408,3313,True,True,True,True,Eyes,0.3053717,0.09167507,-2.931527,0.8141241,-0.4552511,0.3604835,0.0,0.0,0.0,0.0,0.0,0.0,0.0,-2.625705,0.4276899,0.7398485,0.2037312,0.08719769,-2.752365,0.2458476,0.5343783,-0.1591499,0.7928874,34.05243,68.17691,0.7175148,0.1170321,0.03132842,-0.9926336,0.0,0.0,0.0,1.44657,-0.5402566,-2.471789,0.1612102,0.2290659,1.399711,0.3782224,0.01037533,-0.9256567,0.5151271,0.8284606,0.2197664,0.7691503,-0.5599513,0.3079977,static,-1.7600936771662585,6.97858240498805,6.570030912291683,9.294196895401521,1.2428388,-0.62745429,0.2805760000000004,-0.030487265402003305,0.12144183386071632,0.9921302211207581,-1.6204444414443402,8.610014799025052,8.550005392320577,8.645984394162683,8.219001865260728
05/17/2023 13:14:20.834582,3314,True,True,True,True,Eyes,0.3016703,0.09139805,-2.924088,0.8160402,-0.4552529,0.3561224,0.0,0.0,0.0,0.0,0.0,0.0,0.0,-2.623234,0.4266845,0.7091686,0.2026759,0.08560088,-2.741884,0.2498197,0.5373934,-0.1620514,0.7890108,34.63814,68.79497,0.8901764,0.1156858,0.03130472,-0.9927921,0.0,0.0,0.0,1.44657,-0.5402566,-2.471789,0.1583863,0.2293367,1.401551,0.3698954,0.01278231,-0.9289855,0.5242236,0.8226589,0.2200502,0.767051,-0.5683916,0.297597,static,-2.0119300766855717,7.568652130736109,6.447520509442059,9.292989723808589,1.2438941,-0.62585748,0.2700950000000004,-0.03480209386979716,0.1316342622195735,0.9906872412766792,-1.6216217603963292,8.853928335957253,8.53347150632428,8.633402825886101,8.081078633028795
05/17/2023 13:14:20.844568,3315,True,True,True,True,Eyes,0.2981508,0.0911881,-2.916559,0.8179396,-0.4555666,0.3513313,0.0,0.0,0.0,0.0,0.0,0.0,0.0,-2.610189,0.4507258,0.7085803,0.2000948,0.08891104,-2.7332,0.256764,0.5348539,-0.1630917,0.7882923,35.39926,68.70692,1.232601,0.1143755,0.03128219,-0.9929447,0.0,0.0,0.0,1.44657,-0.5402566,-2.471789,0.1564628,0.2297957,1.403145,0.3746649,0.01753464,-0.9269945,0.5317902,0.8149467,0.2303498,0.7594903,-0.5792706,0.2960071,static,-1.576197373363049,8.319471998468012,6.362690101924481,9.300870680590519,1.2464752,-0.6291676399999999,0.2614110000000003,-0.027217118433617682,0.1446388669396534,0.9891100167716399,-1.2745868512301286,9.114720836350497,7.900325471718581,7.99931732828177,7.639545210527728
05/17/2023 13:14:20.864262,3316,True,True,True,True,Eyes,0.2947403,0.09104061,-2.909002,0.819801,-0.4558538,0.3465885,0.0,0.0,0.0,0.0,0.0,0.0,0.0,-2.610352,0.4328462,0.6834888,0.2013037,0.09040478,-2.723922,0.2585476,0.5379707,-0.1672977,0.7846988,35.85716,69.22462,1.104684,0.1131038,0.03126305,-0.9930909,0.0,0.0,0.0,1.44657,-0.5402566,-2.471789,0.1551604,0.2303516,1.404952,0.365198,0.01562535,-0.9307988,0.5407386,0.8103293,0.2257614,0.7577811,-0.5857665,0.2874813,static,-1.7589532047366123,8.75576325322267,6.302105364435912,9.31119513330268,1.2452663,-0.6306613799999999,0.25213300000000016,-0.030337323515720382,0.1521527335449948,0.9878912629355412,-1.2738675071185255,9.294841789453756,7.977490590908574,8.080171398493906,7.575990521534715
05/17/2023 13:14:20.884828,3317,True,True,True,True,Eyes,0.2914627,0.09091256,-2.901407,0.8218738,-0.4559414,0.3415274,0.0,0.0,0.0,0.0,0.0,0.0,0.0,-2.608088,0.4033346,0.6770712,0.2006081,0.09185544,-2.715612,0.255657,0.540215,-0.1707006,0.78337,35.80145,69.38085,0.6199806,0.1118698,0.03124913,-0.9932311,0.0,0.0,0.0,1.44657,-0.5402566,-2.471789,0.1520959,0.2315302,1.406197,0.3580582,0.008776008,-0.9336581,0.543663,0.8110015,0.216118,0.7590948,-0.5849782,0.2856145,static,-1.657432542942204,8.680538135788437,6.173179664423223,9.349856567176234,1.2459619,-0.63211204,0.24382300000000035,-0.028592580063091455,0.15086334548253755,0.988141074779463,-1.2417228622190457,9.259196083539187,7.759080066124847,7.85916501320184,7.415456749445661
05/17/2023 13:14:20.894610,3318,True,True,True,True,Eyes,0.2882889,0.0907962,-2.89375,0.8240841,-0.4558977,0.3362181,0.0,0.0,0.0,0.0,0.0,0.0,0.0,-2.611497,0.3499819,0.6585002,0.2007164,0.09233198,-2.706883,0.2495788,0.545597,-0.1759215,0.7804396,35.558,69.86309,359.8413,0.1106738,0.03124061,-0.9933654,0.0,0.0,0.0,1.44657,-0.5402566,-2.471789,0.1476406,0.2333857,1.407154,0.3427511,-0.002253344,-0.9394235,0.546931,0.8135242,0.1975978,0.7637984,-0.5815267,0.2800688,static,-1.8750591026518661,8.41523800956568,5.989639874607785,9.417154203991451,1.2458536,-0.63258858,0.23509400000000014,-0.032368200875911524,0.14626943492516156,0.9887150648616825,-1.393689296889601,9.171218962869478,7.828577437625848,7.928261225739324,7.387424029897701
05/17/2023 13:14:20.919476,3319,True,True,True,True,Eyes,0.2851969,0.09071397,-2.886019,0.8264691,-0.4557776,0.3304777,0.0,0.0,0.0,0.0,0.0,0.0,0.0,-2.614994,0.2958392,0.6324508,0.2002589,0.0926102,-2.697597,0.2432773,0.5521989,-0.1805921,0.7767105,35.2649,70.55696,359.1677,0.1095162,0.03123743,-0.9934938,0.0,0.0,0.0,1.44657,-0.5402566,-2.471789,0.1440001,0.2352532,1.40849,0.3249259,-0.01186058,-0.9456652,0.5492103,0.8164054,0.1784666,0.7699294,-0.5773575,0.2717852,static,-2.2329404344358412,8.099362427479408,5.837478866125182,9.482303385541336,1.2463111,-0.6328668,0.22580800000000023,-0.0385742371974962,0.1407853490902694,0.989288339070072,-1.6201493084468457,9.07294481267095,8.087752072406449,8.188051867224166,7.468854827304718
05/17/2023 13:14:20.934687,3320,True,True,True,True,Eyes,0.2821696,0.09065673,-2.878223,0.8288956,-0.4557223,0.3244215,0.0,0.0,0.0,0.0,0.0,0.0,0.0,-2.616336,0.258318,0.6012586,0.199369,0.09340113,-2.687933,0.2401611,0.5583758,-0.1840585,0.7724388,35.20945,71.36503,358.8676,0.1083951,0.03124033,-0.9936167,0.0,0.0,0.0,1.44657,-0.5402566,-2.471789,0.1414761,0.2361881,1.40946,0.308678,-0.01614751,-0.9510295,0.552548,0.8168903,0.1654719,0.7742148,-0.5765671,0.2610784,static,-2.6228113740244563,8.02212844572431,5.731928013137264,9.512866430278313,1.247201,-0.6336577299999999,0.21614400000000034,-0.04531383007819001,0.1394121976554224,0.9891971168717739,-1.8148857112096837,9.06873695073877,8.384066733965737,8.486693700492761,7.559870923804685
05/17/2023 13:14:20.944971,3321,True,True,True,True,Eyes,0.2791872,0.09058269,-2.870347,0.8313811,-0.4557024,0.3180263,0.0,0.0,0.0,0.0,0.0,0.0,0.0,-2.616228,0.2400784,0.5651791,0.1980835,0.09391951,-2.678368,0.2399122,0.564187,-0.1853621,0.7679689,35.28528,72.29318,359.0177,0.1073091,0.03124963,-0.9937342,0.0,0.0,0.0,1.44657,-0.5402566,-2.471789,0.1407633,0.2372243,1.410388,0.2946679,-0.01399395,-0.9554973,0.5554153,0.8161661,0.1593325,0.7776149,-0.5776479,0.2482704,static,-3.040449769062098,8.088292972724966,5.699511788022091,9.547663002256908,1.2484864999999998,-0.63417611,0.20657900000000007,-0.05251478923448427,0.1405047929745984,0.9886862689233036,-1.9944981115161593,9.12161318888247,8.753542582561408,8.860964332532072,7.7057969592813045
05/17/2023 13:14:20.964504,3322,True,True,True,True,Eyes,0.276256,0.09053133,-2.862422,0.8338571,-0.4557333,0.3114315,0.0,0.0,0.0,0.0,0.0,0.0,0.0,-2.614455,0.2362414,0.5270925,0.1964068,0.09334386,-2.668655,0.2413536,0.5695562,-0.1848591,0.7636631,35.39437,73.2665,359.4791,0.1062549,0.03126426,-0.9938471,0.0,0.0,0.0,1.44657,-0.5402566,-2.471789,0.1403983,0.2365678,1.411021,0.2828658,-0.007411249,-0.9591309,0.5572689,0.8151511,0.1580504,0.7806652,-0.5792009,0.2347084,static,-3.4437545260222557,8.202114180673622,5.682296263784607,9.517531642044224,1.2501631999999998,-0.63360046,0.19686600000000043,-0.05945641391762185,0.1424130726210061,0.9880200072530168,-2.1582242475681745,9.191916066750203,9.108444535935956,9.220364749607965,7.8472789801190155
05/17/2023 13:14:20.984985,3323,True,True,True,True,Eyes,0.2733822,0.09050331,-2.854447,0.8362983,-0.455873,0.304606,0.0,0.0,0.0,0.0,0.0,0.0,0.0,-2.610916,0.2399482,0.4948769,0.1948157,0.0937268,-2.65944,0.243559,0.5737545,-0.183416,0.7601601,35.50397,74.10395,0.04470255,0.1052319,0.03128454,-0.9939552,0.0,0.0,0.0,1.44657,-0.5402566,-2.471789,0.1407907,0.2347381,1.411963,0.2743287,0.0006351363,-0.9616359,0.5583372,0.8140751,0.1598163,0.7829454,-0.5807592,0.2229695,static,-3.6961657471440765,8.325547753834641,5.694296866840637,9.439063054805068,1.2517543,-0.6339834,0.18765100000000023,-0.06378892033757516,0.14450250556658414,0.9874461268722643,-2.2505295394325664,9.256031946963724,9.34145334400077,9.456252134442051,7.946934441169979
05/17/2023 13:14:20.994669,3324,True,True,True,True,Eyes,0.2705574,0.09050255,-2.846455,0.8386458,-0.4561465,0.2976637,0.0,0.0,0.0,0.0,0.0,0.0,0.0,-2.606905,0.2496828,0.4593077,0.193433,0.0941267,-2.650091,0.2471999,0.5779088,-0.1816334,0.756256,35.72023,75.02206,0.775977,0.1042388,0.03131082,-0.9940591,0.0,0.0,0.0,1.44657,-0.5402566,-2.471789,0.1407332,0.2315179,1.4127,0.2660616,0.01099522,-0.9638934,0.5604405,0.811803,0.1639577,0.7842943,-0.5838278,0.2098275,static,-3.989381716832241,8.561273424223085,5.6890365436383155,9.307086000832824,1.253137,-0.6343833,0.1783020000000004,-0.0688000724311576,0.14851426392699119,0.9865141403250494,-2.3397769323374558,9.366098561332976,9.588671417339437,9.707111641679989,8.029030347078464
05/17/2023 13:14:21.014605,3325,True,True,True,True,Eyes,0.267796,0.0905795,-2.838454,0.8408314,-0.4565726,0.2907645,0.0,0.0,0.0,0.0,0.0,0.0,0.0,-2.60127,0.271863,0.4274733,0.1918493,0.09460657,-2.641495,0.2528107,0.5807273,-0.1789995,0.7528623,36.05512,75.84634,1.708545,0.1032734,0.03134348,-0.9941588,0.0,0.0,0.0,1.44657,-0.5402566,-2.471789,0.1406987,0.2280716,1.413601,0.2614299,0.02410426,-0.9649214,0.5631521,0.8080918,0.1727636,0.7839094,-0.5885631,0.197685,static,-4.164897744078507,8.928217952812393,5.684049606595422,9.16516914581179,1.2547207,-0.63486317,0.16970600000000013,-0.07175175254346877,0.154796915382569,0.9853372913636999,-2.349223792700058,9.5190196242935,9.72943582268406,9.851797287003565,8.041062844484559
05/17/2023 13:14:21.035643,3326,True,True,True,True,Eyes,0.265104,0.09071879,-2.830449,0.8429075,-0.4571381,0.283781,0.0,0.0,0.0,0.0,0.0,0.0,0.0,-2.595278,0.28656,0.4016547,0.1906678,0.09641843,-2.633109,0.2577611,0.5829469,-0.1777133,0.7497666,36.42117,76.52808,2.424151,0.1023349,0.0313847,-0.9942546,0.0,0.0,0.0,1.44657,-0.5402566,-2.471789,0.1404642,0.2243126,1.41397,0.2571818,0.03403516,-0.9657634,0.5670091,0.8039544,0.1793266,0.7825332,-0.5937161,0.1874641,static,-4.232869127911331,9.307745847938785,5.673166750253842,9.014299378226161,1.2559022,-0.6366750299999999,0.16132000000000035,-0.07284371096723852,0.1613075529973152,0.9842121819543789,-2.3066514634281017,9.66974030962363,9.785274494726961,9.910381306997348,8.006691047989879
05/17/2023 13:14:21.044764,3327,True,True,True,True,Eyes,0.2624804,0.09093291,-2.82242,0.8449463,-0.4575538,0.2769661,0.0,0.0,0.0,0.0,0.0,0.0,0.0,-2.590571,0.2850397,0.3786011,0.1897521,0.09801607,-2.624887,0.2602845,0.5856919,-0.1783136,0.7466066,36.69349,77.14233,2.761578,0.1014229,0.03143583,-0.9943464,0.0,0.0,0.0,1.44657,-0.5402566,-2.471789,0.1415646,0.2208329,1.414289,0.2503388,0.03863278,-0.9673873,0.5711533,0.8009124,0.1797866,0.7817382,-0.597534,0.1784342,static,-4.308622518615353,9.57771553423576,5.716036143532605,8.874736707290012,1.2568179,-0.63827267,0.1530980000000004,-0.07408734706523373,0.1659279720983921,0.983350864853177,-2.288999069057292,9.778748856594785,9.921703585025718,10.049276616936769,8.055918738473894
05/17/2023 13:14:21.064528,3328,True,True,True,True,Eyes,0.2599208,0.09117568,-2.814367,0.8469855,-0.4578457,0.270172,0.0,0.0,0.0,0.0,0.0,0.0,0.0,-2.585981,0.2690106,0.3620694,0.1889009,0.1000108,-2.616309,0.2594855,0.5887488,-0.1795491,0.7441804,36.7001,77.60621,2.738704,0.1005364,0.03149864,-0.9944344,0.0,0.0,0.0,1.44657,-0.5402566,-2.471789,0.1435393,0.2167185,1.414212,0.2422743,0.03830973,-0.9694512,0.5727772,0.8008589,0.1747895,0.7830897,-0.5976265,0.1720846,static,-4.318262556070998,9.563823195477068,5.795544135636941,8.712416317936468,1.2576691,-0.6402673999999999,0.14452000000000043,-0.0742558431562268,0.16568746165747653,0.9833787503344782,-2.296147414741517,9.774026865105268,10.023709698256253,10.149580260698455,8.161034805729367
05/17/2023 13:14:21.084275,3329,True,True,True,True,Eyes,0.25742,0.0914272,-2.806276,0.8490386,-0.4578172,0.2636984,0.0,0.0,0.0,0.0,0.0,0.0,0.0,-2.581247,0.2466325,0.3484526,0.187988,0.1009615,-2.607594,0.2566291,0.5920382,-0.1807725,0.7422626,36.51411,77.98805,2.532089,0.09967505,0.0315731,-0.9945187,0.0,0.0,0.0,1.44657,-0.5402566,-2.471789,0.1461191,0.2127747,1.41402,0.2336241,0.03550708,-0.9716785,0.5722297,0.8029256,0.1669238,0.7861126,-0.5950207,0.1672646,static,-4.3084304019330535,9.364646258498247,5.899773385740938,8.557381979465303,1.2585819999999999,-0.6412181,0.1358050000000004,-0.07412977270668536,0.162269476286879,0.9839580138056692,-2.3303992032803023,9.696622211087648,10.117937359090106,10.240073251050708,8.308646649751301
05/17/2023 13:14:21.095092,3330,True,True,True,True,Eyes,0.2549948,0.09168265,-2.798164,0.8511153,-0.4576177,0.2572718,0.0,0.0,0.0,0.0,0.0,0.0,0.0,-2.575292,0.2272076,0.3388779,0.1869993,0.1014067,-2.598719,0.2532163,0.5947993,-0.1811168,0.7411425,36.21344,78.25813,2.326998,0.09883824,0.03165847,-0.9945995,0.0,0.0,0.0,1.44657,-0.5402566,-2.471789,0.1486589,0.2087772,1.413285,0.2268211,0.0327591,-0.9733854,0.5696924,0.8061565,0.1598824,0.7899386,-0.5907949,0.1641906,static,-4.2020902282562265,9.062315925343304,6.004677814936163,8.403230695071551,1.2595706999999998,-0.6416632999999999,0.1269300000000002,-0.0723647584829043,0.15709564870200377,0.9849285716290435,-2.340254922906897,9.573137257821763,10.11193932551838,10.228025578199137,8.426540438678906
05/17/2023 13:14:21.114515,3331,True,True,True,True,Eyes,0.2526252,0.09191415,-2.790027,0.8531925,-0.4572327,0.2509995,0.0,0.0,0.0,0.0,0.0,0.0,0.0,-2.569728,0.2082059,0.3265994,0.18647,0.1017544,-2.590056,0.2500276,0.5978222,-0.1813947,0.7397236,35.92926,78.59002,2.164314,0.09802606,0.03175389,-0.9946769,0.0,0.0,0.0,1.44657,-0.5402566,-2.471789,0.1508207,0.2051432,1.412407,0.219409,0.03058033,-0.9751536,0.5673078,0.8091644,0.153019,0.793739,-0.586786,0.1601895,static,-4.151453978263258,8.791881775054849,6.095104191921638,8.264061472015914,1.2601,-0.642011,0.11826700000000034,-0.07154691992646484,0.15245409991622555,0.9857173624693641,-2.3695746305537844,9.46559620837133,10.148819704421246,10.260143693305809,8.549530588888057
05/17/2023 13:14:21.134376,3332,True,True,True,True,Eyes,0.2503181,0.09213751,-2.781878,0.8552462,-0.4568053,0.24471,0.0,0.0,0.0,0.0,0.0,0.0,0.0,-2.563688,0.1959276,0.3112607,0.1855186,0.1013624,-2.581293,0.2479934,0.6008543,-0.1811174,0.7380178,35.71102,78.99887,2.165416,0.09723695,0.03185774,-0.994751,0.0,0.0,0.0,1.44657,-0.5402566,-2.471789,0.1533743,0.2025368,1.411114,0.2123414,0.03068006,-0.976714,0.5653514,0.8113915,0.1483967,0.7970503,-0.5836973,0.1549469,static,-4.142105870185407,8.601583720959514,6.203140652109677,8.167864015173343,1.2610514,-0.6416189999999999,0.10950400000000027,-0.07142217264103867,0.14918072660061144,0.9862272115941021,-2.402320634131088,9.391645087687085,10.24553251500788,10.354334280398996,8.692042571365572
05/17/2023 13:14:21.144276,3333,True,True,True,True,Eyes,0.2480747,0.0923456,-2.773702,0.8572096,-0.4564385,0.2384441,0.0,0.0,0.0,0.0,0.0,0.0,0.0,-2.557863,0.1851024,0.294606,0.1848002,0.1013694,-2.572798,0.2469462,0.6037692,-0.1813086,0.73594,35.62038,79.44102,2.208974,0.09647081,0.03196896,-0.9948221,0.0,0.0,0.0,1.44657,-0.5402566,-2.471789,0.1572869,0.2006161,1.409706,0.2051802,0.03133242,-0.9782225,0.5650614,0.8122896,0.144538,0.7991287,-0.5824122,0.1489609,static,-4.155835834372204,8.537801221412131,6.366403121465763,8.099411435454032,1.2617698,-0.641626,0.10100900000000035,-0.07167048643330248,0.1480800972726975,0.9863749883311834,-2.421068662744336,9.3679642005173,10.422547702400484,10.531367349408454,8.878563311484479
05/17/2023 13:14:21.164225,3334,True,True,True,True,Eyes,0.2458908,0.09255166,-2.765509,0.8591341,-0.4560978,0.2320848,0.0,0.0,0.0,0.0,0.0,0.0,0.0,-2.552365,0.1716583,0.2736282,0.1842375,0.1012025,-2.564122,0.2462333,0.6072421,-0.1822399,0.7330859,35.61584,79.99377,2.245455,0.09572821,0.03208627,-0.99489,0.0,0.0,0.0,1.44657,-0.5402566,-2.471789,0.1624295,0.1986715,1.407933,0.1960915,0.03185145,-0.9800681,0.5662413,0.8123156,0.1396929,0.8005741,-0.5823477,0.1412526,static,-4.263339507036799,8.557692087054027,6.580968449447756,8.031899781288667,1.2623324999999999,-0.6414591,0.092333,-0.07351749369170973,0.14840251213792904,0.9861905656875507,-2.466745611091455,9.382677027552514,10.745844167876598,10.857047140170126,9.14799042906709
05/17/2023 13:14:21.184548,3335,True,True,True,True,Eyes,0.2437749,0.09275617,-2.757276,0.8609971,-0.4557772,0.2257235,0.0,0.0,0.0,0.0,0.0,0.0,0.0,-2.54655,0.1591912,0.252655,0.1836027,0.101348,-2.555408,0.2457719,0.6106631,-0.1831044,0.7301779,35.62971,80.55551,2.310654,0.09500828,0.03220917,-0.9949551,0.0,0.0,0.0,1.44657,-0.5402566,-2.471789,0.1688472,0.1961063,1.405828,0.1871269,0.03277008,-0.9817889,0.5675651,0.812138,0.1352842,0.8017814,-0.5825445,0.1333738,static,-4.37506868565805,8.596831091257956,6.848713156972899,7.941243190438188,1.2629673,-0.6416046,0.08361900000000011,-0.07543298224854689,0.14905476498737896,0.9859475152989368,-2.510622176998775,9.405084823201966,11.129008617835462,11.24291218264527,9.47311935001049
05/17/2023 13:14:21.194911,3336,True,True,True,True,Eyes,0.2417187,0.09295641,-2.749014,0.8628505,-0.4554049,0.2193067,0.0,0.0,0.0,0.0,0.0,0.0,0.0,-2.5403,0.1449536,0.232281,0.183258,0.1015199,-2.54641,0.2447439,0.6141491,-0.1838706,0.7274016,35.58444,81.09836,2.334227,0.09431003,0.03233732,-0.9950173,0.0,0.0,0.0,1.44657,-0.5402566,-2.471789,0.1765456,0.192547,1.403506,0.1780252,0.03312292,-0.9834683,0.5681139,0.8125841,0.1302063,0.8034635,-0.5819021,0.1258428,static,-4.474988206034682,8.577225353909649,7.16952225303717,7.811644140819675,1.263312,-0.6417765,0.07462100000000005,-0.07715648199656244,0.14869771719978936,0.9858680962200959,-2.56049422172207,9.404079025753099,11.554104337795456,11.669650312895845,9.85946598258948
05/17/2023 13:14:21.215104,3337,True,True,True,True,Eyes,0.2397129,0.09313255,-2.740682,0.8646501,-0.4550213,0.2129222,0.0,0.0,0.0,0.0,0.0,0.0,0.0,-2.533726,0.128339,0.2139935,0.18275,0.1016151,-2.537381,0.2429217,0.6175985,-0.1846802,0.7248825,35.47134,81.58922,2.273926,0.09363495,0.03246989,-0.9950767,0.0,0.0,0.0,1.44657,-0.5402566,-2.471789,0.1838161,0.1910552,1.400864,0.1689306,0.03231331,-0.9850982,0.5677989,0.8137646,0.1240629,0.805647,-0.5802957,0.1191223,static,-4.545357713097719,8.48421038199014,7.475428475328449,7.766301998801164,1.26382,-0.6418716999999999,0.0655920000000001,-0.07838638305101375,0.14708289186039064,0.9860133062036758,-2.6110404037369825,9.372845207837383,11.924983326105146,12.04220465838836,10.2136103083511
05/17/2023 13:14:21.234489,3338,True,True,True,True,Eyes,0.237771,0.09328347,-2.73232,0.8664505,-0.45457,0.2064692,0.0,0.0,0.0,0.0,0.0,0.0,0.0,-2.526756,0.1116095,0.1966105,0.182165,0.1012514,-2.528275,0.2408789,0.6209463,-0.1855273,0.7224838,35.34281,82.05093,2.182543,0.09298013,0.0326062,-0.9951337,0.0,0.0,0.0,1.44657,-0.5402566,-2.471789,0.1908026,0.1885049,1.39811,0.1600107,0.0310648,-0.9866263,0.5672266,0.8151139,0.1176572,0.8078679,-0.5784672,0.1128062,static,-4.590653889123488,8.377672090648858,7.771250585296538,7.678790193180138,1.264405,-0.641508,0.056486000000000036,-0.07918765511191445,0.14523996408677814,0.9862223646363117,-2.6526631553347375,9.334756059425589,12.264116045116793,12.381644403765412,10.554629345566406
05/17/2023 13:14:21.254454,3339,True,True,True,True,Eyes,0.2358889,0.09340114,-2.723896,0.8681992,-0.4541113,0.2000322,0.0,0.0,0.0,0.0,0.0,0.0,0.0,-2.519745,0.09211516,0.1775649,0.181874,0.1008032,-2.519105,0.2384223,0.6246529,-0.1865839,0.7198265,35.19393,82.55229,2.050948,0.09234776,0.03274466,-0.9951879,0.0,0.0,0.0,1.44657,-0.5402566,-2.471789,0.197105,0.1853672,1.395223,0.1499906,0.02924636,-0.9882548,0.5664783,0.8166826,0.1101451,0.8103119,-0.5763456,0.1059273,static,-4.679413274645741,8.247659429251788,8.041039119965067,7.567909564524802,1.2646959999999998,-0.6410598,0.04731600000000036,-0.08074216092741582,0.14298381159681878,0.9864259413535242,-2.7188896741238855,9.290469332071847,12.621356841145056,12.738601532435034,10.896939010870726
05/17/2023 13:14:21.264270,3340,True,True,True,True,Eyes,0.2340685,0.09349511,-2.715436,0.8699533,-0.4535916,0.1934836,0.0,0.0,0.0,0.0,0.0,0.0,0.0,-2.512354,0.07262173,0.1573837,0.1815978,0.1001533,-2.509773,0.2359207,0.6285195,-0.1875886,0.7170183,35.03839,83.08271,1.928444,0.09173655,0.03288426,-0.9952399,0.0,0.0,0.0,1.44657,-0.5402566,-2.471789,0.2038424,0.1820598,1.39369,0.1395478,0.0275526,-0.9898319,0.5655704,0.8183038,0.1025128,0.8128078,-0.5741251,0.09860946,static,-4.786545503865363,8.115042035406653,8.321132978931304,7.442489602294386,1.2649721999999999,-0.6404099,0.03798400000000024,-0.08261401632896248,0.14067859760663143,0.9866024750231674,-2.794091708250002,9.246383164671405,13.00814221703792,13.124921408665882,11.260650595365707
05/17/2023 13:14:21.284300,3341,True,True,True,True,Eyes,0.2323068,0.09354996,-2.706925,0.8716606,-0.4530745,0.1868993,0.0,0.0,0.0,0.0,0.0,0.0,0.0,-2.504694,0.05411986,0.1354139,0.1813801,0.09967253,-2.500384,0.2336809,0.6325735,-0.188429,0.7139599,34.89455,83.66602,1.857022,0.09114606,0.03302425,-0.9952895,0.0,0.0,0.0,1.44657,-0.5402566,-2.471789,0.2011958,0.1966459,1.390242,0.1286907,0.02657917,-0.9913285,0.564702,0.8197756,0.09528722,0.8151997,-0.5720679,0.09048821,static,-4.932169506338177,7.997129205673938,8.234673243000579,8.050921170854929,1.2651899,-0.63992913,0.028595000000000148,-0.08514629877466662,0.13861825473798506,0.9866788432623204,-2.884171926403917,9.210487178454585,13.039157040475159,13.166952630025392,11.179146265577273
05/17/2023 13:14:21.304224,3342,True,True,True,True,Eyes,0.2306073,0.0935767,-2.69837,0.873376,-0.4525,0.1801614,0.0,0.0,0.0,0.0,0.0,0.0,0.0,-2.496598,0.03776206,0.1107159,0.1811659,0.09878594,-2.490805,0.2317116,0.6369066,-0.1888771,0.7106231,34.74418,84.32047,1.863213,0.09057771,0.03316298,-0.9953368,0.0,0.0,0.0,1.44657,-0.5402566,-2.471789,0.2136511,0.2103412,1.388524,0.1173507,0.02671648,-0.9927311,0.5635982,0.8212703,0.08872505,0.8176711,-0.5699133,0.08131933,static,-5.122557189577398,7.881837170791589,8.747453099528565,8.613985282669573,1.2654041,-0.6390425399999999,0.019016000000000144,-0.0884495691038627,0.13659308592380487,0.986670674556163,-2.994374088566507,9.178535590524902,13.744101541724193,13.889320583730214,11.75539122127325
05/17/2023 13:14:21.314938,3343,True,True,True,True,Eyes,0.2289661,0.09356818,-2.689717,0.8750505,-0.4519344,0.173326,0.0,0.0,0.0,0.0,0.0,0.0,0.0,-2.4881,0.02066706,0.08554816,0.1810886,0.09811929,-2.481122,0.2297234,0.6413208,-0.1894303,0.7071429,34.60152,84.99091,1.861935,0.09003009,0.03329997,-0.9953818,0.0,0.0,0.0,1.44657,-0.5402566,-2.471789,0.2102293,0.2192421,1.385543,0.1056479,0.02674419,-0.9940439,0.5625612,0.8226867,0.0819234,0.8199777,-0.5678656,0.07186989,static,-5.323464114223416,7.77257412249866,8.627716245295929,8.991675418390557,1.2654813999999999,-0.63837589,0.009333000000000258,-0.0919332077787341,0.13466858935904558,0.986616763529369,-3.1082507699379516,9.14959705786743,13.851538249120976,14.004343661645969,11.737029480531804
05/17/2023 13:14:21.334948,3344,True,True,True,True,Eyes,0.2273776,0.09351942,-2.681012,0.8767296,-0.4512975,0.1663604,0.0,0.0,0.0,0.0,0.0,0.0,0.0,-2.478993,0.005042762,0.060534,0.1810203,0.09727739,-2.471207,0.227769,0.6456673,-0.1897156,0.7037352,34.44149,85.65576,1.883578,0.08950382,0.0334342,-0.9954248,0.0,0.0,0.0,1.44657,-0.5402566,-2.471789,0.2129321,0.2174339,1.385214,0.09424349,0.02710697,-0.9951802,0.5611451,0.8242586,0.07559186,0.8223349,-0.5655645,0.06247006,static,-5.509624886319616,7.652606041337561,8.738980104690672,8.920797714959122,1.2655497,-0.63753399,-0.0005819999999996384,-0.09516562191557837,0.1325620360420478,0.9865955699861915,-3.2174152003874417,9.115566298857123,14.152329266949193,14.30493111870471,11.957981581043166
05/17/2023 13:14:21.344586,3345,True,True,True,True,Eyes,0.2258444,0.09344833,-2.67226,0.8783972,-0.4505987,0.1593087,0.0,0.0,0.0,0.0,0.0,0.0,0.0,-2.469371,-0.008726314,0.03602958,0.1808036,0.09623307,-2.461141,0.2259643,0.6498793,-0.1897916,0.7004116,34.27872,86.30898,1.930405,0.08900056,0.03356409,-0.9954656,0.0,0.0,0.0,1.44657,-0.5402566,-2.471789,0.20759,0.2132238,1.385291,0.08327238,0.02783461,-0.996138,0.5595634,0.8258386,0.06985286,0.8245936,-0.5632192,0.05319431,moving,-5.677898699210636,7.536499540649945,8.52252779407559,8.75028775570712,1.2657664,-0.63648967,-0.010647999999999769,-0.09808951540104055,0.13052526321521193,0.9865808096330521,-3.3175833346020753,9.081851203355678,14.105954780712757,14.252206650979947,11.84475267193255
05/17/2023 13:14:21.364379,3346,True,True,True,True,Eyes,0.2243666,0.09333618,-2.66339,0.8799836,-0.4499673,0.1521781,0.0,0.0,0.0,0.0,0.0,0.0,0.0,-2.459543,-0.02412745,0.01462221,0.1807005,0.09561105,-2.451195,0.2239203,0.6537218,-0.1902463,0.6973621,34.12799,86.88271,1.898384,0.08851786,0.03368991,-0.9955044,0.0,0.0,0.0,1.444369,-0.5384206,-2.471977,0.1983668,0.2083668,1.383527,0.07290832,0.02742208,-0.9969616,0.5581043,0.827332,0.06357078,0.8265615,-0.5610434,0.04501496,moving,-5.781325673077058,7.421656674447433,8.159324599483364,8.564692768336144,1.2636685,-0.6340316500000001,-0.020782000000000078,-0.0998965908943073,0.12852427872754543,0.9866620811418261,-3.387616517823338,9.044372212001504,13.849755436964235,13.987432270927046,11.556900169821631
05/17/2023 13:14:21.384607,3347,True,True,True,True,Eyes,0.2229337,0.09318589,-2.654419,0.8814524,-0.4494421,0.1450633,0.0,0.0,0.0,0.0,0.0,0.0,0.0,-2.449356,-0.04322277,-0.007852316,0.1806976,0.0945703,-2.441245,0.2216707,0.6577753,-0.1915481,0.6939045,34.03005,87.4835,1.783078,0.08805519,0.03381094,-0.9955413,0.0,0.0,0.0,1.442334,-0.5367234,-2.47215,0.1886354,0.2077615,1.381968,0.06128214,0.02578679,-0.9977874,0.5574511,0.8283429,0.05564535,0.8279451,-0.5596277,0.03638773,moving,-5.920691880009599,7.343475484841197,7.772704760931675,8.549671852792647,1.2616364,-0.6312937,-0.030905000000000182,-0.10231456897762409,0.12714643250220742,0.9865928285782055,-3.4670759084986247,9.023378053747006,13.613116452620726,13.74641848788989,11.249758533485137
05/17/2023 13:14:21.404137,3348,True,True,True,True,Eyes,0.2215424,0.0930034,-2.645383,0.8828695,-0.4489368,0.1378302,0.0,0.0,0.0,0.0,0.0,0.0,0.0,-2.438353,-0.06701726,-0.02899361,0.1804522,0.09357917,-2.430962,0.2190606,0.6618018,-0.1939215,0.6902359,33.99234,88.0604,1.537502,0.08761453,0.03392582,-0.9955763,0.0,0.0,0.0,1.440099,-0.5348588,-2.472341,0.1779223,0.209474,1.380173,0.04882582,0.02224617,-0.9985597,0.5576524,0.8288138,0.04573171,0.8286375,-0.5590821,0.02806185,moving,-6.047848047714541,7.310669952315685,7.345660546399459,8.630130429069098,1.2596468,-0.62843797,-0.041379000000000055,-0.10451186137792229,0.12655245763297424,0.9864389057386705,-3.5320719932099904,9.019070666681223,13.327601057193393,13.458344935775717,10.88468372125309
05/17/2023 13:14:21.414698,3349,True,True,True,True,Eyes,0.2201856,0.09277186,-2.636227,0.8841888,-0.4484766,0.1306867,0.0,0.0,0.0,0.0,0.0,0.0,0.0,-2.426513,-0.09109951,-0.05056381,0.1801643,0.09265026,-2.420285,0.216454,0.6659024,-0.1963692,0.6864116,33.96445,88.65668,1.291553,0.08719342,0.03403451,-0.9956087,0.0,0.0,0.0,1.438042,-0.5331422,-2.472516,0.1677363,0.2122435,1.378198,0.03602646,0.01869426,-0.999176,0.5578545,0.8291737,0.03562767,0.8291564,-0.5586784,0.01944352,moving,-6.198302475846437,7.282933823907612,6.939167566531018,8.754813924536784,1.2578777,-0.62579246,-0.05223100000000036,-0.1071088661862577,0.12603989813968258,0.9862260102081688,-3.606819491039074,9.018244223493088,13.090423510898432,13.219665281125435,10.549276683301281
05/17/2023 13:14:21.434641,3350,True,True,True,True,Eyes,0.2188661,0.09249634,-2.627005,0.8854597,-0.4479953,0.1235364,0.0,0.0,0.0,0.0,0.0,0.0,0.0,-2.414224,-0.1110607,-0.06891727,0.1796975,0.09129692,-2.409343,0.2139404,0.66944,-0.1982382,0.683214,33.90043,89.1606,1.074326,0.08679228,0.03413581,-0.9956396,0.0,0.0,0.0,1.435899,-0.5313548,-2.472699,0.1604908,0.2139239,1.37636,0.02510362,0.01556219,-0.9995637,0.5573186,0.8298624,0.02691687,0.8299192,-0.5577512,0.01215944,moving,-6.262409789439145,7.225386262946678,6.650953281240573,8.834638775827685,1.2562015,-0.62265172,-0.06335600000000019,-0.10822614412850284,0.12503404412182811,0.9862319710944061,-3.6475731458908918,9.000268568302793,12.886265831654583,13.013248612295415,10.29985824166918
05/17/2023 13:14:21.444893,3351,True,True,True,True,Eyes,0.217576,0.09216084,-2.617691,0.8866184,-0.4475733,0.1165587,0.0,0.0,0.0,0.0,0.0,0.0,0.0,-2.401848,-0.1299888,-0.08423877,0.1793364,0.08998163,-2.39846,0.2113374,0.6725196,-0.2000265,0.680473,33.82529,89.57873,0.8298576,0.08641057,0.03422889,-0.9956691,0.0,0.0,0.0,1.433758,-0.5295693,-2.472881,0.1523339,0.2178653,1.374095,0.01541375,0.01203179,-0.9998088,0.5564823,0.8306518,0.0185753,0.8307166,-0.5566623,0.006107954,moving,-6.263108180281009,7.152265032198071,6.326050396423393,9.009356720080902,1.2544216000000001,-0.61955093,-0.07442100000000007,-0.108255391581348,0.12377491486132658,0.9863876100609639,-3.6621331540878943,8.972134404437147,12.600439347872877,12.725395994098319,9.988252907264922
05/17/2023 13:14:21.464251,3352,True,True,True,True,Eyes,0.2163071,0.09174778,-2.608306,0.8877207,-0.4471554,0.1095632,0.0,0.0,0.0,0.0,0.0,0.0,0.0,-2.388907,-0.1500192,-0.09950709,0.178808,0.08825268,-2.387368,0.208639,0.6756171,-0.202199,0.6775892,33.77694,89.99844,0.544871,0.0860476,0.03431244,-0.9956973,0.0,0.0,0.0,1.43169,-0.5278436,-2.473058,0.1465993,0.2243218,1.371571,0.005314458,0.007904468,-0.9999547,0.5559358,0.8311706,0.00952495,0.8312083,-0.5559613,2.280885e-05,moving,-6.269362569417251,7.101351881733079,6.100852675956303,9.288544757368262,1.2528819999999998,-0.6160962799999999,-0.08569000000000004,-0.10837498939566015,0.12289675596184053,0.9864843317556727,-3.674929666503577,8.952923148503675,12.436199279018075,12.562087322260645,9.781541916870124
05/17/2023 13:14:21.484285,3353,True,True,True,True,Eyes,0.2150329,0.09122112,-2.598845,0.8887289,-0.4467739,0.1027323,0.0,0.0,0.0,0.0,0.0,0.0,0.0,-2.375853,-0.1659248,-0.1152515,0.1781078,0.08599345,-2.376209,0.2065357,0.6785901,-0.203958,0.6747294,33.74649,90.43293,0.3495806,0.0857024,0.03438453,-0.9957243,0.0,0.0,0.0,1.429556,-0.5260633,-2.473239,0.143037,0.2306827,1.369018,-0.004166593,0.005073227,-0.9999785,0.5555391,0.8314882,0.001903707,0.83148,-0.5555192,-0.006282908,moving,-6.287856493439652,7.074605299224337,5.964705222673897,9.564623891428349,1.2514482,-0.61205675,-0.09703000000000017,-0.10869968397362423,0.12243185821952947,0.9865063201402497,-3.6886618718848863,8.943827699176566,12.374884272893297,12.503018083514599,9.673307819697696
05/17/2023 13:14:21.504297,3354,True,True,True,True,Eyes,0.2138117,0.09068111,-2.589366,0.889609,-0.4465288,0.09595708,0.0,0.0,0.0,0.0,0.0,0.0,0.0,-2.363747,-0.1706069,-0.1286328,0.1767272,0.08275489,-2.365349,0.2059744,0.6807552,-0.204603,0.6725212,33.75296,90.8067,0.3608719,0.08537312,0.03444205,-0.9957504,0.0,0.0,0.0,1.427404,-0.5242685,-2.473423,0.1392675,0.2357249,1.366382,-0.01057993,0.00523669,-0.9999303,0.5556359,0.8314244,-0.001524726,0.8313584,-0.5556133,-0.01170603,moving,-6.23019431338211,7.100865129798075,5.8197336546957805,9.788181164047813,1.2506768,-0.60702339,-0.10807399999999978,-0.10770056954690976,0.12289742396317337,0.9865580134057266,-3.656971199910438,8.950167976893372,12.21650234728595,12.345947979146903,9.513684932935387
05/17/2023 13:14:21.515236,3355,True,True,True,True,Eyes,0.2126763,0.09056464,-2.579915,0.8902252,-0.4466912,0.08925259,0.0,0.0,0.0,0.0,0.0,0.0,0.0,-2.35275,-0.1751503,-0.1404216,0.1768283,0.08191461,-2.355388,0.2070338,0.6822982,-0.2059868,0.6702058,33.95899,91.15972,0.4428203,0.08506009,0.0344859,-0.9957755,0.0,0.0,0.0,1.425142,-0.522381,-2.473616,0.1373319,0.2345837,1.3646,-0.01592267,0.00641034,-0.9998527,0.5586246,0.8294129,-0.003578454,0.8292678,-0.5585992,-0.0167875,moving,-6.1503709651792065,7.308473310392897,5.7468370470684915,9.754181637643192,1.2483137,-0.60429561,-0.11822799999999978,-0.10627763153571151,0.12649083126473581,0.986258127639668,-3.579754097827448,9.02494476162203,12.015722491270484,12.145988955563572,9.355056857411421
05/17/2023 13:14:21.539296,3356,True,True,True,True,Eyes,0.2115604,0.09019454,-2.570377,0.8904223,-0.4477363,0.08173197,0.0,0.0,0.0,0.0,0.0,0.0,0.0,-2.340029,-0.2207041,-0.1464164,0.1778896,0.09211449,-2.346434,0.2062816,0.6845469,-0.2142267,0.6655452,34.60225,91.55338,359.8095,0.08476473,0.03453368,-0.995799,0.0,0.0,0.0,1.423138,-0.5207098,-2.473787,0.1364689,0.2299697,1.363256,-0.02899509,-0.002736258,-0.9995759,0.567574,0.8231097,-0.01871703,0.8228118,-0.5678759,-0.0223131,moving,-6.1583512035179595,7.821397128729402,5.716556147116524,9.575163909594275,1.2452484,-0.61282429,-0.12735300000000027,-0.1062900004701896,0.1353146419654085,0.9850848517081567,-3.483556184222216,9.223141873259951,11.868751360453349,12.003712863435965,9.20684454214994
05/17/2023 13:14:21.554689,3357,True,True,True,True,Eyes,0.2104216,0.09025569,-2.560796,0.8904397,-0.4489571,0.07452891,0.0,0.0,0.0,0.0,0.0,0.0,0.0,-2.32064,-0.2481178,-0.2054043,0.1775427,0.0858039,-2.334575,0.2125944,0.6919904,-0.2235964,0.6526544,35.94118,93.40556,0.1673151,0.08448622,0.03457535,-0.9958212,0.0,0.0,0.0,1.420936,-0.5188723,-2.473974,0.1381388,0.2228665,1.361673,-0.05769185,0.002364252,-0.9983317,0.5860888,0.8096166,-0.03195175,0.8081903,-0.5869544,-0.04809399,moving,-7.377694944543198,9.049202432698715,5.79271573248713,9.29524620552381,1.2433933,-0.6046762,-0.13939900000000005,-0.12683716575620646,0.15601228630171202,0.9795776617033145,-3.806493016061755,9.776252873681939,13.006339059258012,13.172708716880537,9.611252572533408
05/17/2023 13:14:21.564292,3358,True,True,True,True,Eyes,0.2093455,0.0903444,-2.551169,0.8903769,-0.450249,0.06711868,0.0,0.0,0.0,0.0,0.0,0.0,0.0,-2.309708,-0.262161,-0.1969922,0.175898,0.09630293,-2.324235,0.2164278,0.691112,-0.2286355,0.6505761,36.70041,93.50046,0.1187745,0.08422198,0.03462832,-0.9958417,0.0,0.0,0.0,1.418781,-0.5170751,-2.474158,0.1384377,0.2160997,1.35982,-0.05981968,0.001662073,-0.9982078,0.5966412,0.8017696,-0.03441999,0.8002755,-0.5976309,-0.04895321,moving,-7.050957523118695,9.739706214630656,5.813020746741107,9.02981295566589,1.242883,-0.61337803,-0.14992300000000025,-0.12100885279279405,0.16792926865259192,0.978343866713095,-3.521440395918474,10.020945292758682,12.71154717641422,12.883550961072372,9.386932839509008
05/17/2023 13:14:21.584345,3359,True,True,True,True,Eyes,0.2083182,0.0905308,-2.541553,0.8904441,-0.451137,0.05987266,0.0,0.0,0.0,0.0,0.0,0.0,0.0,-2.293821,-0.2859425,-0.2212839,0.1764384,0.09708141,-2.313393,0.2152162,0.6954647,-0.2316039,0.6452678,36.86194,94.29922,0.03275802,0.08397307,0.03469273,-0.9958605,0.0,0.0,0.0,1.416762,-0.5153909,-2.47433,0.1380497,0.21153,1.357934,-0.07462313,0.0004574621,-0.9972117,0.5982436,0.8000832,-0.04440062,0.7978321,-0.5998889,-0.05997838,moving,-7.365931082243824,9.814756196502683,5.804835813078709,8.854000994873237,1.2403236,-0.61247231,-0.1609370000000001,-0.12635967425387123,0.1690969318812761,0.9774658478740217,-3.652002838773045,10.070515911959385,13.03071774248929,13.2057620442132,9.534763019113292
05/17/2023 13:14:21.594595,3360,True,True,True,True,Eyes,0.2073444,0.09071399,-2.531935,0.890781,-0.4513622,0.05273869,0.0,0.0,0.0,0.0,0.0,0.0,0.0,-2.28301,-0.2927656,-0.2274811,0.1765664,0.09954716,-2.30402,0.2112887,0.6976646,-0.2290614,0.6450987,36.31471,94.46696,359.949,0.08373971,0.03477134,-0.9958774,0.0,0.0,0.0,1.414503,-0.5135065,-2.474523,0.1369099,0.2096051,1.355442,-0.07840991,-0.0007171588,-0.996921,0.5903516,0.8057759,-0.047012,0.8033287,-0.5922201,-0.06275741,moving,-7.104876098374287,9.259235544149671,5.767745233534317,8.790570719459497,1.2379366,-0.61305366,-0.17050300000000007,-0.12209853619970468,0.15969778882687785,0.9795859118395137,-3.639849164990722,9.8393128233993,12.722272789789384,12.881150052406436,9.465869868518993
05/17/2023 13:14:21.614384,3361,True,True,True,True,Eyes,0.2064302,0.09089462,-2.522331,0.8913574,-0.4510089,0.04552958,0.0,0.0,0.0,0.0,0.0,0.0,0.0,-2.271217,-0.3038755,-0.2403204,0.1767777,0.09956371,-2.295073,0.207509,0.7006634,-0.2278814,0.6434913,35.90171,94.814,359.8238,0.08352238,0.03486277,-0.9958926,0.0,0.0,0.0,1.412407,-0.5117578,-2.474701,0.1336717,0.2100149,1.352828,-0.08571827,-0.002491462,-0.9963165,0.5840672,0.8100202,-0.05227584,0.8071668,-0.5863966,-0.06797837,moving,-7.012114232791549,8.860618436230203,5.6430265191932305,8.824238670512797,1.2356293,-0.61132151,-0.17962800000000012,-0.1206436314502673,0.15290622364258102,0.9808490128612064,-3.6747122198260644,9.679610328168803,12.505959353911882,12.655193042379858,9.356918076019586
05/17/2023 13:14:21.634533,3362,True,True,True,True,Eyes,0.2055847,0.09107605,-2.512781,0.8919595,-0.4505062,0.03811288,0.0,0.0,0.0,0.0,0.0,0.0,0.0,-2.258204,-0.3217768,-0.259084,0.1771796,0.09959669,-2.286665,0.2029433,0.7047701,-0.2274049,0.6406251,35.48975,95.33983,359.6266,0.08332171,0.03496576,-0.9959059,0.0,0.0,0.0,1.410347,-0.5100386,-2.474877,0.1304573,0.2106212,1.350481,-0.09682745,-0.005305842,-0.9952872,0.5774192,0.8142021,-0.06051522,0.8106861,-0.5805574,-0.07577344,moving,-7.078441015947748,8.454357851598196,5.51768714972818,8.864446237841522,1.2331674000000001,-0.60963529,-0.18821200000000005,-0.1219090146083468,0.1459249294278755,0.981755715353507,-3.7843899909283865,9.527390825475516,12.461192897515772,12.60280196030494,9.325670734965858
05/17/2023 13:14:21.644269,3363,True,True,True,True,Eyes,0.2048093,0.09126788,-2.503237,0.8926714,-0.4496783,0.0304518,0.0,0.0,0.0,0.0,0.0,0.0,0.0,-2.242255,-0.3526585,-0.2831516,0.178047,0.09978245,-2.278287,0.197275,0.7099888,-0.2290727,0.6360222,35.18516,96.04037,359.2103,0.08313854,0.03507927,-0.9959173,0.0,0.0,0.0,1.408155,-0.5082106,-2.475064,0.1277003,0.2097134,1.347942,-0.1131168,-0.01126452,-0.9935179,0.5715167,0.8172165,-0.07433556,0.8127566,-0.5762207,-0.08600304,moving,-7.3209763293402,8.138101218483177,5.411891546681814,8.843206251091265,1.230108,-0.6079930499999999,-0.19677699999999998,-0.12616504360612918,0.14042840147270086,0.982019531284269,-3.9577594614568223,9.421408583362275,12.61560938994712,12.752376149378696,9.38747452467153
05/17/2023 13:14:21.664595,3364,True,True,True,True,Eyes,0.2041067,0.09146072,-2.493714,0.8933648,-0.4487644,0.02257853,0.0,0.0,0.0,0.0,0.0,0.0,0.0,-2.224547,-0.3809626,-0.3119874,0.178954,0.1001742,-2.269145,0.1925343,0.7156991,-0.2304442,0.630556,34.93626,96.9072,358.95,0.08297384,0.0352028,-0.9959267,0.0,0.0,0.0,1.406006,-0.5064174,-2.475247,0.1257894,0.2074765,1.345752,-0.1306595,-0.01502259,-0.9913135,0.5662091,0.8196521,-0.08705004,0.8138399,-0.5726647,-0.09858941,moving,-7.678209747923733,7.888333562248987,5.340004332483941,8.764366983706909,1.227052,-0.6065916,-0.206102,-0.1323672576784663,0.13603521846372005,0.9818214048571008,-4.171048356009132,9.348569071981478,12.914023374369474,13.047656203274054,9.528977664116738
05/17/2023 13:14:21.684852,3365,True,True,True,True,Eyes,0.2034771,0.09163881,-2.48425,0.8940612,-0.4477043,0.01467874,0.0,0.0,0.0,0.0,0.0,0.0,0.0,-2.20872,-0.3956373,-0.3392935,0.1800513,0.1003587,-2.26,0.1900442,0.7205216,-0.2301746,0.6259007,34.72157,97.72877,359.0051,0.08282857,0.0353355,-0.9959342,0.0,0.0,0.0,1.403873,-0.5046384,-2.475429,0.1245261,0.2053338,1.343427,-0.1442632,-0.01427092,-0.9894365,0.5619947,0.8218057,-0.09379384,0.8144631,-0.5695891,-0.1105361,moving,-7.952181143224526,7.72534280848631,5.29577760532132,8.690022398692713,1.2238217,-0.6049971000000001,-0.21542900000000031,-0.13711463777526733,0.13315488742929993,0.9815647645740782,-4.3290633832338905,9.303714170994237,13.15149366170773,13.283034958733385,9.644386017075583
05/17/2023 13:14:21.694543,3366,True,True,True,True,Eyes,0.2029034,0.09179728,-2.474854,0.8946337,-0.4467511,0.00664115,0.0,0.0,0.0,0.0,0.0,0.0,0.0,-2.195563,-0.3984413,-0.3650455,0.1812615,0.1001306,-2.251583,0.1899483,0.7244579,-0.2288161,0.6218712,34.5957,98.51164,359.3479,0.08270355,0.03547595,-0.9959397,0.0,0.0,0.0,1.401813,-0.50292,-2.475605,0.1223334,0.2028101,1.341092,-0.1543919,-0.009369133,-0.9879654,0.5598073,0.8231257,-0.09528841,0.8141124,-0.567782,-0.121839,moving,-8.149047959277858,7.688330134899411,5.212053286775777,8.599540722608474,1.2205515,-0.6030506,-0.22402199999999972,-0.14049970749607477,0.13245730450881263,0.981180412603105,-4.427009380144915,9.302355127386063,13.261718733588332,13.392136918447672,9.664650908562974
05/17/2023 13:14:21.714357,3367,True,True,True,True,Eyes,0.2023952,0.09197522,-2.465548,0.8950327,-0.4459986,-0.001335716,0.0,0.0,0.0,0.0,0.0,0.0,0.0,-2.183661,-0.3958381,-0.3903308,0.1820917,0.0997981,-2.243726,0.1923156,0.7278333,-0.2279377,0.6175095,34.70244,99.34203,359.8913,0.0825988,0.03562263,-0.9959433,0.0,0.0,0.0,1.39968,-0.5011405,-2.475786,0.1197727,0.2003543,1.338636,-0.1633935,-0.001560018,-0.9865597,0.5614547,0.8221182,-0.09428786,0.8112159,-0.5693147,-0.1334528,moving,-8.370946448278053,7.898548851027883,5.112850003365013,8.51230037439004,1.2175883,-0.6009386,-0.2320599999999997,-0.1442291010466386,0.13598265032425375,0.9801564949693251,-4.488352152860721,9.397916650857004,13.363487690511434,13.497757505666321,9.641960331481194
05/17/2023 13:14:21.734405,3368,True,True,True,True,Eyes,0.2019423,0.09218893,-2.456329,0.8952228,-0.4455199,-0.009384036,0.0,0.0,0.0,0.0,0.0,0.0,0.0,-2.171879,-0.3941346,-0.4146969,0.1832936,0.1004277,-2.236222,0.196232,0.730804,-0.2281722,0.6126631,35.02589,100.2106,0.5057902,0.08251468,0.03577571,-0.9959449,0.0,0.0,0.0,1.397639,-0.4994376,-2.47596,0.1163853,0.1980151,1.336435,-0.172274,0.007228802,-0.9850226,0.5663996,0.8188609,-0.09305017,0.8059239,-0.5739465,-0.1451629,moving,-8.611974507990931,8.320261309677452,4.977125723046358,8.428006460298937,1.2143454,-0.5998652999999999,-0.239738,-0.14820069150120846,0.1431081622807597,0.9785481653933477,-4.517330139329411,9.576239031136748,13.446740487167899,13.589527368774093,9.563635823228237
05/17/2023 13:14:21.745666,3369,True,True,True,True,Eyes,0.201553,0.09244885,-2.447203,0.8952602,-0.4452133,-0.01715813,0.0,0.0,0.0,0.0,0.0,0.0,0.0,-2.160769,-0.3939114,-0.4343097,0.1842487,0.1015177,-2.229004,0.2002875,0.7331038,-0.2291233,0.6082322,35.42136,100.9728,1.050666,0.08245114,0.03593602,-0.9959445,0.0,0.0,0.0,1.39516,-0.4973698,-2.476172,0.1120094,0.1958981,1.333595,-0.1798772,0.01494266,-0.9835756,0.5723833,0.8147749,-0.09229974,0.8000134,-0.5795849,-0.1551124,moving,-8.775824081100334,8.80181963733172,4.8010366567446425,8.356684011654217,1.2109113,-0.5988875,-0.24716799999999983,-0.15081322874437064,0.15126706049130728,0.9769205474715145,-4.499082243204966,9.772565953472782,13.431688481333628,13.584155962741438,9.407280862521743
05/17/2023 13:14:21.764233,3370,True,True,True,True,Eyes,0.2012388,0.09275764,-2.438191,0.8951637,-0.4450419,-0.02489705,0.0,0.0,0.0,0.0,0.0,0.0,0.0,-2.150333,-0.3990255,-0.4468818,0.1854216,0.1028946,-2.222136,0.202852,0.7346891,-0.2308529,0.604806,35.77348,101.5057,1.329447,0.08240847,0.03610474,-0.995942,0.0,0.0,0.0,1.393346,-0.4958569,-2.476326,0.1074202,0.1937058,1.331668,-0.1861218,0.01882391,-0.9823464,0.5773085,0.8111161,-0.09383789,0.7950307,-0.5845823,-0.1618336,moving,-8.768801260162098,9.204805373857731,4.611829976692187,8.276256712498085,1.2079244,-0.5987515,-0.2541899999999999,-0.15052939205334276,0.15814129040205785,0.9758752174586797,-4.4173762485956045,9.927410906767726,13.253989485644983,13.412810850570937,9.17893649787545
05/17/2023 13:14:21.785869,3371,True,True,True,True,Eyes,0.2009968,0.09310163,-2.42927,0.895098,-0.4446979,-0.03229926,0.0,0.0,0.0,0.0,0.0,0.0,0.0,-2.138748,-0.4143049,-0.4581549,0.1869759,0.1044076,-2.215838,0.202591,0.7367315,-0.2332552,0.6014779,35.97279,101.9545,1.26841,0.08238736,0.03628301,-0.9959373,0.0,0.0,0.0,1.391149,-0.4940236,-2.476514,0.1032997,0.1912716,1.329218,-0.1943625,0.01791467,-0.9807662,0.579106,0.8090979,-0.09998483,0.7917447,-0.5874009,-0.1676327,moving,-8.758381992748976,9.418232902910916,4.443789127204915,8.188528862727956,1.2041731,-0.5984312,-0.2606759999999997,-0.1502620692554742,0.1617819617164118,0.9753193330756906,-4.371015406804423,10.008980013713366,13.098298060341518,13.259317263984103,9.000823371554164
05/17/2023 13:14:21.794878,3372,True,True,True,True,Eyes,0.2008449,0.09346296,-2.420441,0.8950354,-0.444226,-0.03968432,0.0,0.0,0.0,0.0,0.0,0.0,0.0,-2.125933,-0.4352493,-0.4681208,0.1884014,0.1055825,-2.209418,0.1994366,0.7392206,-0.2353322,0.5986625,35.92426,102.2952,0.9259315,0.08238839,0.03647137,-0.9959304,0.0,0.0,0.0,1.388886,-0.4921358,-2.476707,0.099728,0.1890135,1.326729,-0.2036567,0.01308616,-0.9789549,0.5766244,0.8096876,-0.1091344,0.7912195,-0.5867153,-0.172444,moving,-8.697069617506846,9.35589851327096,4.298743718088177,8.10812694889063,1.2004846,-0.5977183,-0.26728900000000033,-0.14924389623162082,0.16074585161665988,0.9756469557215162,-4.354893301888184,9.980937982739375,12.899193512215694,13.055577280630128,8.85397395760858
05/17/2023 13:14:21.814313,3373,True,True,True,True,Eyes,0.2007919,0.09380045,-2.411668,0.8950842,-0.4434381,-0.04676461,0.0,0.0,0.0,0.0,0.0,0.0,0.0,-2.111157,-0.4614787,-0.4793944,0.190452,0.1063608,-2.202767,0.1940362,0.7422861,-0.2372287,0.5958893,35.69224,102.6079,0.3764941,0.08241288,0.03666956,-0.9959212,0.0,0.0,0.0,1.386915,-0.4904918,-2.476875,0.09747307,0.1866595,1.324684,-0.2145321,0.005336752,-0.9767025,0.5707847,0.8121451,-0.1209348,0.7925786,-0.5834312,-0.1772773,moving,-8.65989904695736,9.101199944990004,4.208361266820708,8.020667819260128,1.1964629999999998,-0.5968526,-0.274108,-0.1487155389570044,0.15641980187041,0.9764305077296855,-4.387355526256484,9.880343927623592,12.765394348071043,12.913546111656935,8.794585971767352
05/17/2023 13:14:21.834652,3374,True,True,True,True,Eyes,0.2008283,0.0941148,-2.402978,0.8951453,-0.4425126,-0.053829,0.0,0.0,0.0,0.0,0.0,0.0,0.0,-2.09641,-0.4833627,-0.4915838,0.1926165,0.1060689,-2.195876,0.1884506,0.7453386,-0.2381366,0.5935048,35.35757,102.9009,359.877,0.0824625,0.03687573,-0.9959095,0.0,0.0,0.0,1.384816,-0.488741,-2.477054,0.09447876,0.1860629,1.322078,-0.2244771,-0.001751376,-0.9744779,0.5635894,0.8155547,-0.1312921,0.7949701,-0.5786774,-0.1820864,moving,-8.593028722992381,8.76252499094033,4.087540563111098,8.010919818533988,1.1921995,-0.5948099,-0.2811779999999997,-0.14770937526784833,0.15066840563855188,0.9774871060592916,-4.422480497886079,9.745439597308224,12.564366735654467,12.702824400693684,8.684988043836015
05/17/2023 13:14:21.844559,3375,True,True,True,True,Eyes,0.2009711,0.09438048,-2.394313,0.895229,-0.4414537,-0.06069443,0.0,0.0,0.0,0.0,0.0,0.0,0.0,-2.081973,-0.5029536,-0.5038674,0.1948268,0.105812,-2.189132,0.1836679,0.7481935,-0.2390445,0.5910418,35.08661,103.2143,359.4586,0.08253836,0.03708817,-0.9958953,0.0,0.0,0.0,1.382633,-0.4869201,-2.47724,0.091995,0.1871571,1.319421,-0.2338714,-0.00773235,-0.9722368,0.5574089,0.8182477,-0.1405923,0.7966175,-0.5748139,-0.1870546,moving,-8.542586972026912,8.506930372506302,3.988422724249515,8.073425597780389,1.1878062,-0.5927321,-0.28810800000000025,-0.14694569093914944,0.14632321557040526,0.9782620436351743,-4.449000310994536,9.643630255073548,12.406518907617265,12.538505907718191,8.582286999480502
05/17/2023 13:14:21.864428,3376,True,True,True,True,Eyes,0.201213,0.09462564,-2.385725,0.8952625,-0.4403837,-0.0675808,0.0,0.0,0.0,0.0,0.0,0.0,0.0,-2.067384,-0.5189395,-0.5177445,0.1972221,0.1048599,-2.182096,0.1801762,0.7509375,-0.2399795,0.588251,34.91754,103.595,359.18,0.08264235,0.03730438,-0.9958785,0.0,0.0,0.0,1.380465,-0.4851108,-2.477425,0.08953504,0.188493,1.316908,-0.2429945,-0.01173432,-0.9699565,0.5529384,0.8198928,-0.1484416,0.7970023,-0.5723968,-0.1927411,moving,-8.532598672472465,8.37012058548739,3.8894876093185182,8.145591405139191,1.1832429,-0.5899707000000001,-0.2953290000000002,-0.14682593174129238,0.14398949644285194,0.978626119793977,-4.471036046773477,9.590250831523907,12.295434706716911,12.424115298285331,8.484420820675746
05/17/2023 13:14:21.884384,3377,True,True,True,True,Eyes,0.2015696,0.0948559,-2.377199,0.8952588,-0.43931,-0.07428682,0.0,0.0,0.0,0.0,0.0,0.0,0.0,-2.053258,-0.5326881,-0.5322006,0.1998746,0.1046064,-2.175309,0.1778186,0.7535611,-0.2408677,0.5852427,34.83054,104.0264,359.0271,0.08277576,0.03752315,-0.9958591,0.0,0.0,0.0,1.378356,-0.483352,-2.477605,0.08937941,0.189318,1.314471,-0.2517433,-0.01393782,-0.9676938,0.5499264,0.8207265,-0.1548831,0.7963708,-0.5711512,-0.1989476,moving,-8.563280096510457,8.329196369506091,3.88992403894861,8.195722746349066,1.1784814,-0.5879584,-0.3022960000000001,-0.14736533106909439,0.14327885966203047,0.9786494542357836,-4.493146314548478,9.57649043491949,12.325308453825501,12.453919401035703,8.496021890360328
05/17/2023 13:14:21.894110,3378,True,True,True,True,Eyes,0.2020346,0.09509978,-2.368752,0.8952042,-0.4382297,-0.08101902,0.0,0.0,0.0,0.0,0.0,0.0,0.0,-2.039161,-0.5431731,-0.54846,0.2029351,0.104472,-2.168393,0.1762419,0.7562531,-0.241231,0.582089,34.75303,104.5175,359.0049,0.08294048,0.03774366,-0.995837,0.0,0.0,0.0,1.376098,-0.4814678,-2.477797,0.09089288,0.1898273,1.311789,-0.2602223,-0.01426879,-0.9654431,0.5474027,0.8214929,-0.1596864,0.7953832,-0.5700403,-0.20596,moving,-8.628146636199284,8.312666590377846,3.963646710563899,8.23404079788542,1.1731629000000001,-0.5859398,-0.3094039999999998,-0.14847983179763974,0.14297239877053686,0.9785256992029557,-4.526262957695472,9.574372254050836,12.462002862578336,12.592038822320816,8.595059894357366
05/17/2023 13:14:21.914269,3379,True,True,True,True,Eyes,0.2026096,0.09531892,-2.360391,0.8950919,-0.4371848,-0.08763528,0.0,0.0,0.0,0.0,0.0,0.0,0.0,-2.026195,-0.5508063,-0.5638338,0.2060296,0.1050298,-2.161778,0.1752494,0.7587236,-0.2411217,0.579212,34.67374,104.9923,359.0671,0.08313794,0.03796634,-0.9958118,0.0,0.0,0.0,1.374099,-0.4798005,-2.477968,0.0924577,0.1914929,1.309349,-0.2676024,-0.01338939,-0.9634364,0.5452529,0.8222959,-0.1628764,0.7944106,-0.5689026,-0.2127478,moving,-8.672707644304557,8.305290534695498,4.039150322684625,8.320545751861415,1.1680694,-0.5848303,-0.3161900000000002,-0.1492439328462868,0.14282981682101997,0.9784303209900925,-4.5482380657479125,9.574450713990046,12.579895692085596,12.711867120708787,8.678451301230927
05/17/2023 13:14:21.934379,3380,True,True,True,True,Eyes,0.2033094,0.09553006,-2.352108,0.8949226,-0.4361373,-0.09432771,0.0,0.0,0.0,0.0,0.0,0.0,0.0,-2.012576,-0.5567636,-0.5823625,0.2093594,0.1046726,-2.155181,0.1745771,0.7615104,-0.2407532,0.5759016,34.59352,105.5549,359.2054,0.08336951,0.03818993,-0.9957837,0.0,0.0,0.0,1.372022,-0.4780677,-2.478145,0.09409653,0.1940617,1.306703,-0.2757206,-0.01141575,-0.9611701,0.5431849,0.8231214,-0.1655937,0.7930501,-0.5677507,-0.2207507,moving,-8.781558556827582,8.302099005456466,4.118796652492196,8.447394168781809,1.1626626,-0.5827403,-0.32296400000000025,-0.1511045840779921,0.14273450033894705,0.9781585701712696,-4.599030563479175,9.58035620965038,12.766030438359797,12.901173404427585,8.791138399182454
05/17/2023 13:14:21.944870,3381,True,True,True,True,Eyes,0.204118,0.0957214,-2.343934,0.8947642,-0.4350582,-0.1006049,0.0,0.0,0.0,0.0,0.0,0.0,0.0,-1.99895,-0.5622264,-0.6011293,0.2130915,0.104675,-2.148696,0.174127,0.7642741,-0.2402556,0.572575,34.51651,106.127,359.3764,0.08363711,0.038414,-0.9957523,0.0,0.0,0.0,1.369927,-0.4763204,-2.478323,0.09741494,0.1983284,1.303929,-0.2836754,-0.008967208,-0.9588784,0.54129,0.8239142,-0.1678408,0.7915385,-0.5666438,-0.2288702,moving,-8.91920206748142,8.306780114100647,4.272560414333283,8.648437007117277,1.1568355,-0.5809953999999999,-0.3296269999999999,-0.15345339272920555,0.1427621345880099,0.9777888248904572,-4.661561054868946,9.591183146551973,13.055710477114898,13.196186070572049,8.983723988963552
05/17/2023 13:14:21.964832,3382,True,True,True,True,Eyes,0.2050531,0.09590201,-2.335826,0.8945769,-0.4339329,-0.1069318,0.0,0.0,0.0,0.0,0.0,0.0,0.0,-1.985313,-0.5675173,-0.6186252,0.2169126,0.1044047,-2.142029,0.1733533,0.7668762,-0.2396925,0.5695587,34.40915,106.6436,359.503,0.08394174,0.03863763,-0.9957176,0.0,0.0,0.0,1.367667,-0.4744348,-2.478516,0.1005821,0.204229,1.300367,-0.2911033,-0.007156814,-0.956665,0.538919,0.8249922,-0.1701592,0.790459,-0.5650988,-0.236301,moving,-9.009862412001302,8.282252094919235,4.422965173309705,8.925671515233194,1.1507543999999998,-0.5788395,-0.336487,-0.1550106096296061,0.14230852278380507,0.977609327294195,-4.708123867122539,9.587673403721919,13.30250035765296,13.448228340087384,9.15505508255764
05/17/2023 13:14:21.984465,3383,True,True,True,True,Eyes,0.2061058,0.09605143,-2.327803,0.8943874,-0.4327773,-0.1130261,0.0,0.0,0.0,0.0,0.0,0.0,0.0,-1.971751,-0.5730063,-0.6354847,0.2209202,0.1043028,-2.135485,0.1722453,0.7694273,-0.2389798,0.5667468,34.26311,107.1262,359.5964,0.08428524,0.03886043,-0.9956796,0.0,0.0,0.0,1.3656,-0.4727104,-2.478692,0.09930982,0.2116761,1.300964,-0.2982593,-0.00582164,-0.9544672,0.5359424,0.8264405,-0.1725162,0.7898147,-0.5629941,-0.2433736,moving,-9.087465625630937,8.217570131816613,4.365239826272068,9.241447419579037,1.1446798,-0.5770132,-0.34320700000000004,-0.15636021363522767,0.14117438697885332,0.977558790052215,-4.756487193362605,9.567832937614563,13.343584726722682,13.491612530607918,9.127564369924572
05/17/2023 13:14:21.994205,3384,True,True,True,True,Eyes,0.2072887,0.09618533,-2.319843,0.8941774,-0.4315692,-0.1191415,0.0,0.0,0.0,0.0,0.0,0.0,0.0,-1.957545,-0.5779324,-0.651687,0.2243643,0.1033037,-2.128302,0.1709274,0.7719414,-0.2383583,0.5639821,34.11094,107.5906,359.6562,0.08466886,0.0390811,-0.9956379,0.0,0.0,0.0,1.363375,-0.4708545,-2.478882,0.07433718,0.2489342,1.292052,-0.3054164,-0.004967762,-0.9522061,0.5327513,0.8279383,-0.1751973,0.7892383,-0.5607971,-0.2502193,moving,-9.152930961539019,8.146436702461514,3.2928368211106225,10.905310679106313,1.1390107,-0.5741582000000001,-0.3505799999999999,-0.1575050461095206,0.13993484760118585,0.9775532174559707,-4.8005122111424985,9.544710492279552,12.59937844382788,12.747883013216258,8.206919728269892
05/17/2023 13:14:22.015037,3385,True,True,True,True,Eyes,0.20858,0.09626502,-2.311926,0.8939592,-0.4303423,-0.1250709,0.0,0.0,0.0,0.0,0.0,0.0,0.0,-1.943956,-0.5842141,-0.6664072,0.2286661,0.1030164,-2.121667,0.1692569,0.7742276,-0.237756,0.5616012,33.93584,107.9835,359.6574,0.08509278,0.03929839,-0.9955937,0.0,0.0,0.0,1.361302,-0.4691253,-2.479059,0.08269525,0.2592469,1.294146,-0.3119124,-0.004961338,-0.9500979,0.5291348,0.8296484,-0.1780447,0.7891306,-0.5582641,-0.2561525,moving,-9.172258495008842,8.048782363134764,3.6561993770479115,11.32771295580341,1.1326359,-0.5721417,-0.35739199999999993,-0.15787231799189017,0.1382603288599638,0.9777324220542865,-4.828435743115283,9.50834278630342,13.083407900471586,13.240872977514483,8.677507760640328
05/17/2023 13:14:22.034223,3386,True,True,True,True,Eyes,0.2100078,0.0963073,-2.304066,0.8937365,-0.4290538,-0.13095,0.0,0.0,0.0,0.0,0.0,0.0,0.0,-1.930972,-0.5886214,-0.6802741,0.2335106,0.1021959,-2.11493,0.1676145,0.7762515,-0.2368727,0.5596699,33.73573,108.3148,359.6611,0.0855609,0.03951186,-0.9955454,0.0,0.0,0.0,1.359174,-0.4673496,-2.47924,0.07686698,0.2633357,1.292167,-0.31735,-0.004918999,-0.9482956,0.525363,0.8315935,-0.180128,0.7894824,-0.5553631,-0.261322,moving,-9.13842178330237,7.934728972219023,3.4043351704500786,11.51879083613255,1.1256634,-0.5695455,-0.3643099999999997,-0.15733744766458563,0.1363255397140583,0.978090114463261,-4.835048274268986,9.462170046544026,12.89315621358967,13.04477870434239,8.492180439750342
05/17/2023 13:14:22.044500,3387,True,True,True,True,Eyes,0.21158,0.09630418,-2.296255,0.8934461,-0.4278592,-0.1367131,0.0,0.0,0.0,0.0,0.0,0.0,0.0,-1.9185,-0.5942092,-0.6919017,0.2382414,0.1013218,-2.108418,0.1658299,0.7779756,-0.2364342,0.5579906,33.56915,108.5803,359.5989,0.08607363,0.03971956,-0.9954933,0.0,0.0,0.0,1.357003,-0.4655386,-2.479425,0.08271191,0.2497862,1.293941,-0.3222942,-0.005832949,-0.9466217,0.5218792,0.8331987,-0.182817,0.7897903,-0.552943,-0.265491,moving,-9.060532194099904,7.842133419485293,3.6575117640067036,10.92614679893972,1.1187616,-0.5668604,-0.3710070000000001,-0.15604110522636672,0.13477272847617702,0.9785128437993443,-4.8171779087762605,9.421379086974065,12.939114152506047,13.086626022202436,8.607246418974457
05/17/2023 13:14:22.064503,3388,True,True,True,True,Eyes,0.2133007,0.09626506,-2.288502,0.8931462,-0.4266143,-0.1424434,0.0,0.0,0.0,0.0,0.0,0.0,0.0,-1.905233,-0.6006559,-0.7043512,0.243269,0.1002186,-2.101806,0.1640044,0.7797987,-0.2361984,0.5560818,33.42014,108.8715,359.5256,0.08663313,0.03992011,-0.995437,0.0,0.0,0.0,1.354985,-0.4638557,-2.479597,0.08425465,0.2414174,1.293941,-0.3277514,-0.006910361,-0.9447389,0.5184721,0.8346257,-0.1859746,0.7897885,-0.5507741,-0.2699669,moving,-9.010283224254536,7.766516668838519,3.7255411863838748,10.568463382224854,1.1117160000000001,-0.5640743,-0.3777910000000002,-0.1552098924779859,0.1334989127547265,0.9788196704770333,-4.808741427142075,9.388943447359958,12.897600011032884,13.040403705532652,8.615407535588494
05/17/2023 13:14:22.084460,3389,True,True,True,True,Eyes,0.2151651,0.09619541,-2.280798,0.8927866,-0.4254342,-0.1481145,0.0,0.0,0.0,0.0,0.0,0.0,0.0,-1.891975,-0.6078545,-0.7166017,0.2485857,0.0993015,-2.095451,0.1620551,0.7815879,-0.2360547,0.5541993,33.27215,109.1511,359.4297,0.08724182,0.04011271,-0.9953764,0.0,0.0,0.0,1.352884,-0.4621028,-2.479776,0.08134049,0.2332235,1.293859,-0.3332029,-0.008322167,-0.9428186,0.5149633,0.8360327,-0.1893734,0.7898032,-0.5486166,-0.2742829,moving,-8.954955717291693,7.6849365523245385,3.5972556431702634,10.21807978716408,1.1042983,-0.5614043,-0.384325,-0.15429330213220233,0.13212429714179366,0.9791510730226349,-4.799125352264741,9.353876694537696,12.670387061138532,12.805265506264348,8.440738167115903
05/17/2023 13:14:22.094884,3390,True,True,True,True,Eyes,0.2171821,0.09608675,-2.273153,0.8924398,-0.4241696,-0.1537248,0.0,0.0,0.0,0.0,0.0,0.0,0.0,-1.879199,-0.6137347,-0.7277474,0.253908,0.09849481,-2.0889,0.1601384,0.7832001,-0.2356729,0.5526406,33.1037,109.3889,359.3404,0.08790147,0.04029676,-0.9953112,0.0,0.0,0.0,1.3507,-0.4602806,-2.479962,0.07403021,0.2274895,1.293146,-0.337888,-0.009643983,-0.941137,0.5113257,0.837628,-0.19216,0.7901758,-0.546156,-0.2780932,moving,-8.864446408167346,7.592222263024498,3.276500815563393,9.977351293435804,1.096792,-0.55877541,-0.3910619999999998,-0.15277806875804584,0.13057079052313453,0.9795969021449409,-4.775461485691828,9.312212719095768,12.24805726143294,12.373012566918613,8.079387738183529
05/17/2023 13:14:22.114168,3391,True,True,True,True,Eyes,0.2193532,0.09593311,-2.265562,0.8920304,-0.4229683,-0.1593102,0.0,0.0,0.0,0.0,0.0,0.0,0.0,-1.866701,-0.6190995,-0.739233,0.2596063,0.09742857,-2.082651,0.1580571,0.7847977,-0.2350979,0.5512164,32.90556,109.6105,359.2429,0.08861355,0.04047121,-0.9952411,0.0,0.0,0.0,1.348558,-0.458494,-2.480145,0.06473956,0.2226946,1.292603,-0.3423569,-0.01109387,-0.9395044,0.5072653,0.8394938,-0.1947612,0.7908689,-0.5432559,-0.281779,moving,-8.759609589918888,7.46581609459512,2.8672428073934317,9.775175694020106,1.0889517,-0.55592257,-0.397494,-0.1510277111030756,0.128444250232279,0.9801494081079294,-4.751754308170519,9.256625137108195,11.740154536000368,11.853979856079711,7.636623057808043
05/17/2023 13:14:22.134640,3392,True,True,True,True,Eyes,0.2216785,0.09574285,-2.258031,0.891641,-0.4216786,-0.1648137,0.0,0.0,0.0,0.0,0.0,0.0,0.0,-1.854425,-0.6240996,-0.7502878,0.2654449,0.09619824,-2.076441,0.1559352,0.7862966,-0.2344989,0.5499384,32.70276,109.8082,359.1354,0.08938073,0.04063512,-0.995166,0.0,0.0,0.0,1.34642,-0.45671,-2.480327,0.05768576,0.218356,1.291618,-0.3465042,-0.0126974,-0.9379627,0.5031425,0.841389,-0.1972619,0.7916962,-0.5402808,-0.2851562,moving,-8.639536573309226,7.3404401566611615,2.557223312783637,9.595478936539996,1.0809750999999999,-0.55290824,-0.40388599999999997,-0.14901393860203793,0.12633819396697463,0.9807311441644553,-4.720823928780049,9.200435818643104,11.31686959383091,11.421586222831559,7.288760574708876
05/17/2023 13:14:22.144359,3393,True,True,True,True,Eyes,0.2241424,0.09550747,-2.250553,0.8911664,-0.4204819,-0.1703453,0.0,0.0,0.0,0.0,0.0,0.0,0.0,-1.842143,-0.6299856,-0.7607555,0.271483,0.09511012,-2.070356,0.1536033,0.7877216,-0.2340394,0.5487499,32.49971,109.9813,358.9901,0.09020435,0.04078776,-0.9950857,0.0,0.0,0.0,1.344164,-0.4548286,-2.48052,0.0518378,0.2160153,1.289723,-0.3505593,-0.01486487,-0.9364226,0.4988514,0.8432632,-0.2001361,0.7926257,-0.5372953,-0.2881984,moving,-8.498467710949297,7.205637780927837,2.301648757557108,9.508197123159992,1.072681,-0.54993872,-0.410164,-0.1466410281235097,0.12407492546820813,0.9813775642888924,-4.682051752521268,9.139237343178626,10.94586207164379,11.042839094082819,6.993440078653198
05/17/2023 13:14:22.164591,3394,True,True,True,True,Eyes,0.2267677,0.09524117,-2.243145,0.8907226,-0.419173,-0.1758047,0.0,0.0,0.0,0.0,0.0,0.0,0.0,-1.829687,-0.6358843,-0.7712821,0.2772096,0.09380288,-2.0643,0.1510848,0.7892006,-0.2335911,0.5475134,32.28578,110.1578,358.8263,0.09108548,0.04092816,-0.9949997,0.0,0.0,0.0,1.342007,-0.4530287,-2.480704,0.04513282,0.2190948,1.287299,-0.3548048,-0.01731607,-0.93478,0.494261,0.8452172,-0.2032585,0.7936116,-0.5341424,-0.2913285,moving,-8.367221035165125,7.064151478528612,2.00797276935505,9.659031283105875,1.0647974,-0.54683158,-0.416404,-0.14443556620106213,0.12169102969232437,0.9820029058666018,-4.649108260855184,9.076106842285146,10.604618650008263,10.694767303759196,6.682554058628416
05/17/2023 13:14:22.184525,3395,True,True,True,True,Eyes,0.2295566,0.0949493,-2.235814,0.8901926,-0.4179374,-0.1813433,0.0,0.0,0.0,0.0,0.0,0.0,0.0,-1.816564,-0.6441295,-0.7822611,0.2837233,0.0927759,-2.058551,0.1479481,0.7907555,-0.2333018,0.5462487,32.04615,110.3213,358.5871,0.09202612,0.04105604,-0.994908,0.0,0.0,0.0,1.340037,-0.4513853,-2.480871,0.03771959,0.2260854,1.284472,-0.3594477,-0.02090007,-0.9329314,0.4888632,0.8473632,-0.2073364,0.7948651,-0.5306024,-0.2943655,moving,-8.225665294951165,6.883565032011562,1.682054885112437,9.982622269960064,1.0563137,-0.5441612,-0.42232000000000003,-0.14206186662545395,0.11863649679481997,0.9827226137357148,-4.619026713838755,8.99723188158205,10.298355205323587,10.381092183894744,6.377665994245002
05/17/2023 13:14:22.194641,3396,True,True,True,True,Eyes,0.2325117,0.09461903,-2.228555,0.8897135,-0.4165401,-0.186827,0.0,0.0,0.0,0.0,0.0,0.0,0.0,-1.802663,-0.6541613,-0.793546,0.2905294,0.09188807,-2.052897,0.1440347,0.7924278,-0.233049,0.5449774,31.75853,110.4715,358.2654,0.09302846,0.04117141,-0.9948102,0.0,0.0,0.0,1.337817,-0.4495338,-2.481061,0.03218175,0.2345653,1.281348,-0.3645073,-0.02573865,-0.9308448,0.4822872,0.8498842,-0.2123577,0.7965761,-0.5263405,-0.2973756,moving,-8.083024047088077,6.655348457084657,1.438712120903657,10.373780567009723,1.0472876,-0.54142187,-0.42816399999999977,-0.13967893127066627,0.11476055995296507,0.983524226929681,-4.59771934136841,8.89992974791525,10.146291311946683,10.22204465892043,6.213754182107104
05/17/2023 13:14:22.214194,3397,True,True,True,True,Eyes,0.2356283,0.09424526,-2.22137,0.8891536,-0.4151742,-0.1924481,0.0,0.0,0.0,0.0,0.0,0.0,0.0,-1.787856,-0.6654959,-0.8056183,0.2974886,0.09061735,-2.047346,0.1394608,0.7942456,-0.2328956,0.5435847,31.43763,110.6256,357.8731,0.09409384,0.04127355,-0.9947059,0.0,0.0,0.0,1.335735,-0.4477964,-2.481238,0.03006414,0.2417249,1.27839,-0.3701327,-0.03166467,-0.9284391,0.4747291,0.8526207,-0.218335,0.7985198,-0.52157,-0.3005506,moving,-7.9392173284090415,6.3840339678729325,1.347187388455346,10.70738239377088,1.0382463999999998,-0.53841375,-0.4338919999999997,-0.13728217605759813,0.11013923727028807,0.98438964058071,-4.584266777989972,8.785941854247714,10.173181691645329,10.243468854695434,6.234908361440816
05/17/2023 13:14:22.234809,3398,True,True,True,True,Eyes,0.2389155,0.09385549,-2.214257,0.8886701,-0.413594,-0.1980032,0.0,0.0,0.0,0.0,0.0,0.0,0.0,-1.772855,-0.6762899,-0.818122,0.3045408,0.08921107,-2.041814,0.1346206,0.7961033,-0.232537,0.5422395,31.08037,110.7769,357.4678,0.09522384,0.04136169,-0.9945948,0.0,0.0,0.0,1.33362,-0.4460322,-2.481419,0.02774715,0.2452227,1.275698,-0.3757076,-0.03783771,-0.9259656,0.4665252,0.8556077,-0.2242537,0.8007486,-0.51624,-0.3038062,moving,-7.795503582817132,6.089693173337136,1.2460190075844413,10.88102958506743,1.0290792,-0.53524327,-0.4396049999999998,-0.13488637445686402,0.10511568505930015,0.9852695922541435,-4.57534073159738,8.663086024830255,10.168474850892538,10.232596706756038,6.229566826783753
05/17/2023 13:14:22.244856,3399,True,True,True,True,Eyes,0.2423694,0.09342352,-2.207204,0.888055,-0.4120778,-0.2038383,0.0,0.0,0.0,0.0,0.0,0.0,0.0,-1.758188,-0.6863806,-0.8305513,0.3119301,0.08840731,-2.036429,0.1295407,0.7979193,-0.2317713,0.541134,30.66833,110.9049,357.0602,0.09641922,0.04143622,-0.9944767,0.0,0.0,0.0,1.331572,-0.4443236,-2.481593,0.02643681,0.2436313,1.274072,-0.3807862,-0.04411261,-0.9236103,0.4575649,0.8590025,-0.2296718,0.8035149,-0.5100674,-0.3069119,moving,-7.6063909661080364,5.742303363269942,1.1887085678202727,10.82555841127538,1.0196418999999999,-0.53273091,-0.4451640000000001,-0.13171427328720275,0.09918269564553718,0.9863133335414456,-4.555819316204485,8.516809796293026,10.1009956637961,10.158408226428918,6.191116278791807
05/17/2023 13:14:22.264399,3400,True,True,True,True,Eyes,0.2459772,0.09295171,-2.200217,0.8875042,-0.4103607,-0.2096198,0.0,0.0,0.0,0.0,0.0,0.0,0.0,-1.742554,-0.6957183,-0.84522,0.3192448,0.08694291,-2.031118,0.1246149,0.8000045,-0.2309842,0.5395463,30.26817,111.1108,356.6899,0.09768341,0.04149655,-0.9943508,0.0,0.0,0.0,1.329306,-0.4424337,-2.481786,0.02526987,0.2380831,1.272279,-0.3867219,-0.04986833,-0.920847,0.4486383,0.8622348,-0.2351058,0.8057107,-0.5040478,-0.3110722,moving,-7.486798245347679,5.418040682823068,1.1378530607023019,10.599241049508388,1.0100612,-0.52937661,-0.45066799999999985,-0.12972543516877721,0.09362391549911318,0.9871200249164518,-4.563837384383623,8.384003669551854,10.009720570682935,10.061284579549957,6.116906945600924
05/17/2023 13:14:22.284573,3401,True,True,True,True,Eyes,0.2497709,0.09246697,-2.19326,0.8867807,-0.4087813,-0.2156795,0.0,0.0,0.0,0.0,0.0,0.0,0.0,-1.728215,-0.701502,-0.8593853,0.3265535,0.08547574,-2.025693,0.120363,0.8018823,-0.2296952,0.5382729,29.86469,111.2994,356.4138,0.09901629,0.04154203,-0.9942171,0.0,0.0,0.0,1.327182,-0.4406619,-2.481967,0.02506262,0.2311019,1.27042,-0.3915502,-0.05424355,-0.9185566,0.4403113,0.8655057,-0.2388008,0.8079695,-0.4979533,-0.3150048,moving,-7.320975986031688,5.099196786796648,1.1301743553215948,10.30993000824829,1.0006285000000001,-0.52613764,-0.45627400000000007,-0.1269315424674206,0.08816141464829094,0.9879857065446258,-4.549492411717958,8.250255400048388,9.882061286633158,9.928428012394285,6.041595325431598
05/17/2023 13:14:22.296060,3402,True,True,True,True,Eyes,0.2538238,0.0922869,-2.186438,0.886092,-0.4071177,-0.2215767,0.0,0.0,0.0,0.0,0.0,0.0,0.0,-1.713811,-0.7078322,-0.873841,0.33424,0.08459528,-2.020619,0.1160646,0.8037713,-0.2283878,0.536954,29.45802,111.4944,356.1352,0.1004206,0.04157341,-0.9940749,0.0,0.0,0.0,1.325044,-0.438878,-2.48215,0.02476853,0.2254976,1.268256,-0.3964186,-0.05868873,-0.9161921,0.4318462,0.8687361,-0.2425004,0.8101611,-0.4917858,-0.3190386,moving,-7.168688832709393,4.781571666254154,1.1188213212061275,10.081905925931055,0.9908040000000001,-0.5234732799999999,-0.4615309999999999,-0.12436346765510359,0.0827102101372307,0.9887835137946188,-4.541148656810428,8.117864092721284,9.795698935329243,9.837498046533861,5.991053369370592
05/17/2023 13:14:22.314670,3403,True,True,True,True,Eyes,0.2580751,0.0921963,-2.179706,0.8849293,-0.4061487,-0.227911,0.0,0.0,0.0,0.0,0.0,0.0,0.0,-1.698858,-0.7308869,-0.8803915,0.3445174,0.09171914,-2.017002,0.1110675,0.804785,-0.2294531,0.5360379,29.23504,111.5149,355.582,0.1019007,0.04160551,-0.993923,0.0,0.0,0.0,1.322963,-0.4371419,-2.482327,0.02402177,0.2226484,1.265325,-0.4006549,-0.06722025,-0.91376,0.4247619,0.8700307,-0.250248,0.8118209,-0.4883935,-0.3200294,moving,-6.855878539422607,4.595810705294866,1.087610471721641,9.979685929965264,0.9784455999999999,-0.52886104,-0.465325,-0.11899394940080077,0.07955674773617386,0.9897025918561708,-4.433140851953441,8.025768749408874,9.558179251989634,9.596099734005954,5.856320305988532
05/17/2023 13:14:22.334300,3404,True,True,True,True,Eyes,0.2623994,0.09213367,-2.172957,0.8837105,-0.4053347,-0.2340074,0.0,0.0,0.0,0.0,0.0,0.0,0.0,-1.67093,-0.7642779,-0.8993853,0.3534394,0.09385215,-2.012783,0.108105,0.8078183,-0.2348798,0.5296927,29.60418,112.1998,355.1064,0.1034589,0.04164213,-0.9937605,0.0,0.0,0.0,1.320835,-0.4353669,-2.482509,0.02260727,0.2208553,1.262223,-0.4154778,-0.0741698,-0.9065744,0.4234868,0.8662895,-0.2649555,0.8050076,-0.4940053,-0.3285141,moving,-7.204343643242614,4.920660151667309,1.0260965585156723,9.924760119036861,0.9673955999999999,-0.52921905,-0.46972599999999964,-0.12495347011645536,0.08510392232902284,0.9885058840488364,-4.530499300995043,8.173804204609835,9.59073903310942,9.632297877357558,5.8259423409606965
05/17/2023 13:14:22.345916,3405,True,True,True,True,Eyes,0.2669144,0.09212676,-2.166415,0.8821117,-0.4051195,-0.2403271,0.0,0.0,0.0,0.0,0.0,0.0,0.0,-1.66844,-0.7482467,-0.9039196,0.3595297,0.09446421,-2.005604,0.1144392,0.8075077,-0.2329333,0.5296955,29.82989,112.3821,355.9052,0.1050921,0.04168412,-0.9935874,0.0,0.0,0.0,1.318633,-0.4335304,-2.482696,0.02078959,0.2189613,1.258825,-0.4126531,-0.06194634,-0.9087797,0.4315885,0.8652915,-0.254955,0.8021529,-0.4974267,-0.3303299,moving,-6.950557437787113,5.28480431127798,0.9461581137326762,9.867362614797331,0.9591033,-0.52799461,-0.47709199999999985,-0.12050587321247697,0.09143528652180977,0.988492740717666,-4.342619500798781,8.297504133481,9.087700978718505,9.130057891753406,5.5168491285633205
05/17/2023 13:14:22.364404,3406,True,True,True,True,Eyes,0.2715003,0.09213626,-2.159925,0.8805143,-0.4048719,-0.2465229,0.0,0.0,0.0,0.0,0.0,0.0,0.0,-1.65261,-0.7619407,-0.9207948,0.3689278,0.09591921,-2.003554,0.1161354,0.8093628,-0.2353119,0.5254263,30.19513,112.9565,356.0668,0.1068013,0.04173309,-0.9934031,0.0,0.0,0.0,1.3165,-0.4317507,-2.482878,0.0193823,0.2163944,1.255859,-0.4208796,-0.05928663,-0.9051771,0.4352695,0.8622818,-0.2588641,0.7958648,-0.5029465,-0.3371112,moving,-7.125128151352695,5.665366109971205,0.8842042194783593,9.776513654690346,0.9475722,-0.52766991,-0.4793240000000001,-0.12344007260993672,0.09796326203108968,0.9875049244964769,-4.348979107420637,8.455611142540157,8.956482220266548,9.002829508598527,5.397313329753826
05/17/2023 13:14:22.384697,3407,True,True,True,True,Eyes,0.276241,0.09220906,-2.153566,0.8786179,-0.4048913,-0.2531669,0.0,0.0,0.0,0.0,0.0,0.0,0.0,-1.639547,-0.7687924,-0.9295626,0.3752362,0.09631917,-1.99829,0.1146382,0.8104898,-0.2356577,0.5238605,30.13937,113.1559,355.9501,0.1085835,0.04178901,-0.9932076,0.0,0.0,0.0,1.314411,-0.4300083,-2.483056,0.01656201,0.2144343,1.252306,-0.4248566,-0.06107726,-0.9031978,0.4327296,0.8626471,-0.2618874,0.7951363,-0.5021051,-0.3400713,moving,-6.9191015543811165,5.620183240689426,0.7577045500805148,9.716612081230007,0.9391748,-0.52632747,-0.48476600000000003,-0.11989704538350265,0.09722700978688624,0.9880138993697996,-4.262816279999618,8.424692674126959,8.658537317133002,8.7013838675875,5.184079972349771
05/17/2023 13:14:22.394269,3408,True,True,True,True,Eyes,0.281126,0.0922455,-2.147288,0.8766589,-0.4048186,-0.2599828,0.0,0.0,0.0,0.0,0.0,0.0,0.0,-1.614542,-0.7907116,-0.9514886,0.3837081,0.09795616,-1.995113,0.1102084,0.8139027,-0.2373866,0.5187138,30.0498,113.79,355.569,0.1104385,0.04185385,-0.9930005,0.0,0.0,0.0,1.312202,-0.4281653,-2.483245,0.01377922,0.2120739,1.248487,-0.4375801,-0.06687362,-0.8966892,0.4256692,0.8630034,-0.272086,0.7920411,-0.5007524,-0.3491671,moving,-7.1211855141897065,5.467029013697339,0.6323326534275159,9.640512123330154,0.9284939000000001,-0.52612146,-0.48813200000000023,-0.12341308806575163,0.0945446079058193,0.9878413379490756,-4.385781931023499,8.378916225494144,8.764652155487664,8.805396370519656,5.174272721080387
05/17/2023 13:14:22.414509,3409,True,True,True,True,Eyes,0.2860864,0.09234965,-2.141126,0.8744973,-0.4049208,-0.2670086,0.0,0.0,0.0,0.0,0.0,0.0,0.0,-1.588821,-0.8055663,-0.9760885,0.3921241,0.09710663,-1.990689,0.1060881,0.8175135,-0.2380126,0.5135828,29.87615,114.4697,355.3018,0.112366,0.04192486,-0.9927812,0.0,0.0,0.0,1.310095,-0.4264074,-2.483424,0.01217043,0.2093125,1.244749,-0.4499562,-0.07102155,-0.8902223,0.4179352,0.8641906,-0.2801869,0.7892211,-0.4981269,-0.3591656,moving,-7.328175235726679,5.227165118523213,0.5601868766670886,9.545350140111177,0.9179709,-0.52351403,-0.4927349999999999,-0.12703048366928887,0.09036668180250619,0.9877738068468109,-4.527892761624905,8.300044615195544,8.95446763750184,8.992940492237015,5.238257368246332
05/17/2023 13:14:22.434914,3410,True,True,True,True,Eyes,0.2911975,0.09244367,-2.135061,0.8722239,-0.4049883,-0.2742443,0.0,0.0,0.0,0.0,0.0,0.0,0.0,-1.568559,-0.8152988,-0.9950967,0.399423,0.09894799,-1.986448,0.1036923,0.820338,-0.237756,0.509672,29.72112,115.0285,355.2292,0.1143631,0.04200438,-0.9925498,0.0,0.0,0.0,1.308029,-0.4246842,-2.4836,0.01110429,0.2055071,1.241153,-0.4589647,-0.07222959,-0.8855134,0.4124807,0.86544,-0.2843824,0.7868996,-0.4957787,-0.3674131,moving,-7.395162808644992,5.048503199114274,0.5125975417883332,9.40159746912282,0.9086060000000001,-0.52363219,-0.49715200000000004,-0.1282207688153127,0.08727265540469617,0.987898228064821,-4.593557265648819,8.235581913342713,8.99042794061602,9.026743791836932,5.237595745552985
05/17/2023 13:14:22.444987,3411,True,True,True,True,Eyes,0.2964041,0.09251226,-2.129105,0.8697039,-0.4052887,-0.281702,0.0,0.0,0.0,0.0,0.0,0.0,0.0,-1.54462,-0.8226601,-1.022187,0.4082759,0.0988865,-1.982679,0.1027931,0.824044,-0.2373582,0.5040301,29.65714,115.8742,355.389,0.1164303,0.04209089,-0.9923058,0.0,0.0,0.0,1.305774,-0.4228027,-2.483793,0.01083347,0.2028195,1.237479,-0.4707747,-0.06985918,-0.8794836,0.4086835,0.8661893,-0.2875654,0.7818884,-0.4948088,-0.3792298,moving,-7.692585444901874,4.942399092104494,0.5015812405215848,9.307870149268542,0.8974981,-0.5216892,-0.5011139999999998,-0.1333690912711415,0.08538452732142668,0.987381379617069,-4.751304403846927,8.214187657423043,9.24794703699797,9.284487342844551,5.365533429751619
05/17/2023 13:14:22.464462,3412,True,True,True,True,Eyes,0.3017043,0.09255493,-2.12322,0.8670748,-0.4056388,-0.2892031,0.0,0.0,0.0,0.0,0.0,0.0,0.0,-1.524668,-0.8242396,-1.046073,0.4162073,0.09842314,-1.978721,0.1034438,0.8271714,-0.2363923,0.499205,29.6271,116.6447,355.7192,0.1185657,0.04218232,-0.992049,0.0,0.0,0.0,1.303549,-0.4209466,-2.483982,0.01156539,0.198561,1.23354,-0.4801876,-0.06488489,-0.8747628,0.4071479,0.8668362,-0.2877945,0.7769495,-0.4943532,-0.3898262,moving,-7.905991064969999,4.901480789366206,0.5371764350828292,9.144370803627657,0.8873417000000001,-0.51936974,-0.5052610000000002,-0.13705457926363557,0.08463639233939496,0.9869410829957022,-4.857633888829511,8.212407599356455,9.412044370655556,9.449295905360772,5.474717695471304
05/17/2023 13:14:22.484522,3413,True,True,True,True,Eyes,0.3070497,0.09257844,-2.117455,0.8641539,-0.4064189,-0.296752,0.0,0.0,0.0,0.0,0.0,0.0,0.0,-1.507104,-0.8256483,-1.065091,0.4237975,0.09772901,-1.974416,0.1051582,0.829533,-0.2361408,0.4950297,29.72819,117.306,356.0825,0.1207672,0.04227683,-0.9917794,0.0,0.0,0.0,1.30167,-0.4193791,-2.484143,0.01370797,0.1939383,1.22944,-0.487775,-0.05932897,-0.8709512,0.4082579,0.8663585,-0.2876603,0.7716226,-0.4958862,-0.3983665,moving,-8.016652592374777,4.985273995703483,0.6388081423096841,8.964268877642056,0.8778725000000001,-0.51710811,-0.509727,-0.13894354397672043,0.0860568014591521,0.9865540802085959,-4.892323326483405,8.251954540427096,9.486953829396269,9.52624799174144,5.576809754696244
05/17/2023 13:14:22.494501,3414,True,True,True,True,Eyes,0.3124685,0.09262563,-2.111766,0.8610091,-0.4075328,-0.3042701,0.0,0.0,0.0,0.0,0.0,0.0,0.0,-1.488861,-0.8334698,-1.080763,0.4307452,0.09741956,-1.970886,0.1074263,0.831561,-0.2378189,0.4903143,30.0574,117.9797,356.3866,0.1230308,0.042373,-0.991497,0.0,0.0,0.0,1.299458,-0.4175337,-2.484331,0.0168502,0.1902402,1.224837,-0.496103,-0.05454903,-0.8665485,0.4118751,0.8638034,-0.2901766,0.7643565,-0.5008672,-0.4060682,moving,-8.154391840600418,5.267887242355165,0.7881738099703377,8.82856888141929,0.8687128,-0.51495326,-0.5134450000000002,-0.14125389685037876,0.09089192636624586,0.9857920376320126,-4.900779214931386,8.369899085320489,9.581093834182019,9.625379688590801,5.70741311816411
05/17/2023 13:14:22.514229,3415,True,True,True,True,Eyes,0.3179118,0.09263866,-2.106175,0.8575619,-0.4091826,-0.3117006,0.0,0.0,0.0,0.0,0.0,0.0,0.0,-1.468982,-0.8488204,-1.091803,0.4380443,0.09809693,-1.96696,0.1102251,0.8330637,-0.2416126,0.4852616,30.63275,118.6302,356.6126,0.1253544,0.0424716,-0.9912017,0.0,0.0,0.0,1.297302,-0.4157357,-2.484515,0.01966462,0.1870323,1.219956,-0.5047434,-0.05084151,-0.8617712,0.4181397,0.8589475,-0.2955813,0.7552441,-0.5095333,-0.4122892,moving,-8.28761109978414,5.755522885284341,0.9234777032430125,8.716189572339463,0.8592576999999999,-0.51383263,-0.517555,-0.14343058489645938,0.09924707440849832,0.9846713980066361,-4.86722996987778,8.56656022477267,9.62300442335937,9.67521080747547,5.792640528911948
05/17/2023 13:14:22.535076,3416,True,True,True,True,Eyes,0.3234094,0.09270142,-2.100659,0.8539015,-0.4111701,-0.3190477,0.0,0.0,0.0,0.0,0.0,0.0,0.0,-1.450691,-0.8608146,-1.10207,0.4448113,0.09745463,-1.962832,0.1149502,0.8343062,-0.2455224,0.4800402,31.33515,119.343,357.0529,0.1277336,0.04257061,-0.9908937,0.0,0.0,0.0,1.295161,-0.4139495,-2.484697,0.02253783,0.1835662,1.21493,-0.5126961,-0.04391379,-0.8574466,0.4275286,0.8530105,-0.2993201,0.7445552,-0.5200431,-0.4185607,moving,-8.456528860071414,6.374388111697468,1.062756242451892,8.59194583319176,0.8503497,-0.5114041300000001,-0.5218650000000002,-0.14616930569058761,0.10983224748115436,0.9831436666117115,-4.824581785933122,8.816135624357667,9.710755468187987,9.774167540577617,5.89160505490069
05/17/2023 13:14:22.554752,3417,True,True,True,True,Eyes,0.3289758,0.09281931,-2.095209,0.8500627,-0.4133014,-0.3264588,0.0,0.0,0.0,0.0,0.0,0.0,0.0,-1.435238,-0.8724929,-1.109401,0.4517333,0.09875727,-1.959109,0.1197555,0.8351237,-0.2489629,0.4756517,31.98879,119.9587,357.512,0.1301655,0.04267213,-0.9905728,0.0,0.0,0.0,1.292947,-0.4121022,-2.484886,0.02652267,0.1796895,1.21001,-0.5188281,-0.03681799,-0.8540853,0.4368605,0.8473522,-0.3019058,0.7348266,-0.5297533,-0.4235458,moving,-8.5145502194329,6.9510577033270815,1.255686934810919,8.446834366616057,0.8412137000000001,-0.51085947,-0.5257769999999999,-0.1469959041613993,0.119706817335085,0.9818668297248703,-4.739036060751697,9.042179834516645,9.808928372697082,9.884072130281439,6.024212813279175
05/17/2023 13:14:22.574312,3418,True,True,True,True,Eyes,0.3345972,0.09300282,-2.089836,0.8461887,-0.4153535,-0.3338354,0.0,0.0,0.0,0.0,0.0,0.0,0.0,-1.417648,-0.8841013,-1.119872,0.4586699,0.100228,-1.955774,0.1219759,0.8365737,-0.2512447,0.4713201,32.36757,120.5618,357.7779,0.1326493,0.04277841,-0.9902386,0.0,0.0,0.0,1.290904,-0.4103985,-2.48506,0.0306274,0.1751979,1.204892,-0.5259588,-0.03274977,-0.8498794,0.4409169,0.8439959,-0.3053901,0.7272962,-0.5353487,-0.4294671,moving,-8.562954156990441,7.23120062308641,1.4560997607179256,8.273139827870024,0.8322341,-0.5106265,-0.5292859999999999,-0.14773768034776907,0.12449220712898292,0.9811601237477572,-4.706796962215121,9.153316179939024,9.990932745186706,10.073086851229492,6.22543222822965
05/17/2023 13:14:22.584408,3419,True,True,True,True,Eyes,0.3402233,0.09320641,-2.084584,0.8424338,-0.4171129,-0.3410606,0.0,0.0,0.0,0.0,0.0,0.0,0.0,-1.399136,-0.8927096,-1.13315,0.4656882,0.1019832,-1.952248,0.1213831,0.8385713,-0.2516322,0.4677027,32.38226,121.0732,357.8419,0.1351827,0.04289188,-0.989891,0.0,0.0,0.0,1.288821,-0.4086606,-2.485238,0.03524283,0.1707614,1.19954,-0.533041,-0.03180122,-0.8454918,0.4389549,0.8438948,-0.3084805,0.7233163,-0.5355654,-0.4358712,moving,-8.542959634053853,7.14381598096285,1.6828823607311179,8.101946473696701,0.8231328,-0.5106438,-0.5329899999999999,-0.14742291285295162,0.12300150607366206,0.981395601106288,-4.714596651243938,9.118328612092496,10.188576290163523,10.27063087368124,6.4777133588876366
05/17/2023 13:14:22.594414,3420,True,True,True,True,Eyes,0.3459111,0.09343122,-2.079399,0.8387348,-0.4186134,-0.3482625,0.0,0.0,0.0,0.0,0.0,0.0,0.0,-1.380065,-0.89862,-1.148506,0.4722971,0.1027216,-1.94873,0.1189263,0.8409174,-0.2509472,0.4644781,32.17649,121.5256,357.7585,0.1377607,0.04301255,-0.9895303,0.0,0.0,0.0,1.286665,-0.4068621,-2.485422,0.0402571,0.1662,1.193988,-0.5402333,-0.03310451,-0.8408638,0.4331333,0.8457641,-0.3115743,0.721487,-0.532529,-0.4425711,moving,-8.478520745949764,6.836023584097597,1.9310817913887073,7.924502643709405,0.8143678999999999,-0.5095837,-0.5366919999999997,-0.14641302284957391,0.11774555063875701,0.9821910325092955,-4.7448288812161294,8.995485393772164,10.38860721123731,10.466356178182403,6.761271134892547
05/17/2023 13:14:22.614268,3421,True,True,True,True,Eyes,0.3516334,0.09364247,-2.074323,0.8351414,-0.4197835,-0.3554162,0.0,0.0,0.0,0.0,0.0,0.0,0.0,-1.36044,-0.9037997,-1.164666,0.4795243,0.1034311,-1.945111,0.1156591,0.8433373,-0.2498143,0.4615172,31.87802,121.936,357.6035,0.1403827,0.04314059,-0.9891562,0.0,0.0,0.0,1.28456,-0.4051056,-2.485601,0.04505038,0.1618408,1.18867,-0.54725,-0.03550794,-0.8362159,0.4256664,0.8484316,-0.3145981,0.7206427,-0.5281128,-0.4491897,moving,-8.385008170403877,6.449829781379178,2.1704609602525897,7.7533086021806685,0.8050356999999999,-0.5085367000000001,-0.5404899999999999,-0.14492064044504804,0.1111472952814555,0.9831807091340146,-4.7769268660496875,8.840521463315065,10.563586924677976,10.635646929290179,7.031943501939497
05/17/2023 13:14:22.635080,3422,True,True,True,True,Eyes,0.3574274,0.09384624,-2.069307,0.8315595,-0.4207706,-0.3625754,0.0,0.0,0.0,0.0,0.0,0.0,0.0,-1.340277,-0.907812,-1.18207,0.4868653,0.103354,-1.941658,0.112822,0.8458493,-0.2486561,0.4582362,31.60427,122.4018,357.5084,0.1430458,0.04327441,-0.9887687,0.0,0.0,0.0,1.282367,-0.4032765,-2.485788,0.04999062,0.1564455,1.182757,-0.5545817,-0.03702553,-0.8313053,0.4187473,0.8508827,-0.3172528,0.7190898,-0.5240494,-0.4563796,moving,-8.336249473726546,6.103557604776708,2.4202332111773948,7.534880968067375,0.7955017,-0.5066305,-0.5441299999999998,-0.1441774968511313,0.10521490378148743,0.9839424241152347,-4.821879088181304,8.70387653054431,10.783889993953832,10.851295144863585,7.335853132500221
05/17/2023 13:14:22.654161,3423,True,True,True,True,Eyes,0.3632908,0.09403164,-2.064353,0.8279898,-0.4215924,-0.3697198,0.0,0.0,0.0,0.0,0.0,0.0,0.0,-1.319991,-0.9116009,-1.199093,0.4944635,0.1033532,-1.938051,0.1106514,0.8482674,-0.2476635,0.4548203,31.38745,122.8931,357.4782,0.1457503,0.04341296,-0.9883676,0.0,0.0,0.0,1.280239,-0.4015012,-2.48597,0.05506682,0.1499668,1.176855,-0.5617895,-0.03756088,-0.8264271,0.4130086,0.8528382,-0.3195167,0.7168099,-0.5208226,-0.4636025,moving,-8.308704883535729,5.831555476237826,2.679001882559753,7.262069881185741,0.7857755,-0.5048544,-0.547919,-0.1437741985761144,0.10054859392167455,0.9844891828953785,-4.862147409501903,8.597244923275136,11.016607006257797,11.08043642824884,7.658434894818943
05/17/2023 13:14:22.664334,3424,True,True,True,True,Eyes,0.3692218,0.09419063,-2.059447,0.8243961,-0.4223275,-0.3768427,0.0,0.0,0.0,0.0,0.0,0.0,0.0,-1.300464,-0.9143316,-1.215546,0.5022058,0.1030975,-1.934404,0.1094621,0.8505138,-0.24678,0.4513803,31.23823,123.4032,357.5476,0.1484951,0.04355476,-0.9879527,0.0,0.0,0.0,1.27819,-0.3997918,-2.486144,0.05993688,0.1432393,1.170773,-0.568548,-0.03658513,-0.8218365,0.4089814,0.8542354,-0.3209614,0.7137842,-0.5185977,-0.4707111,moving,-8.293258171093374,5.645099894435682,2.9306576525171852,6.975239693118455,0.7759841999999999,-0.5028893,-0.5517399999999999,-0.14355468351270984,0.09734740814012015,0.9848428313516409,-4.8913342701015745,8.524374860244182,11.241147487417734,11.302458064489128,7.973918572667944
05/17/2023 13:14:22.684391,3425,True,True,True,True,Eyes,0.3752248,0.09434094,-2.054592,0.820772,-0.4230281,-0.3839017,0.0,0.0,0.0,0.0,0.0,0.0,0.0,-1.28233,-0.9159825,-1.230601,0.5098394,0.1025926,-1.930624,0.109278,0.852489,-0.2460508,0.4480847,31.16088,123.9069,357.7104,0.1512802,0.04369812,-0.9875237,0.0,0.0,0.0,1.276046,-0.3980036,-2.486327,0.06503737,0.1360509,1.164497,-0.5745571,-0.03418671,-0.8177505,0.4068198,0.8550346,-0.3215797,0.7101988,-0.5174428,-0.4773584,moving,-8.270236689314213,5.546491483985994,3.196658785487433,6.663789325341216,0.7662066,-0.5005962,-0.5557030000000003,-0.14318253594034014,0.0956575249360376,0.9850626193097091,-4.899924271079605,8.484863376815442,11.46145597832307,11.521199863569917,8.298853408323417
05/17/2023 13:14:22.704526,3426,True,True,True,True,Eyes,0.3813038,0.09446771,-2.049797,0.8171028,-0.4236943,-0.3909298,0.0,0.0,0.0,0.0,0.0,0.0,0.0,-1.264537,-0.9185964,-1.244691,0.5175487,0.1025486,-1.927111,0.109568,0.8543319,-0.2456086,0.4447339,31.13925,124.4173,357.9079,0.1541053,0.04384233,-0.9870804,0.0,0.0,0.0,1.273885,-0.396201,-2.486511,0.07077882,0.1272484,1.158264,-0.5804131,-0.03124602,-0.8137224,0.4056757,0.8553426,-0.3222052,0.7060791,-0.5171196,-0.4837763,moving,-8.253894755776043,5.510050089092941,3.496863593343463,6.26944700309456,0.7563363,-0.4987496,-0.5594000000000001,-0.14291013256082086,0.09503476374070682,0.9851624443920743,-4.8994878647693465,8.469748092727787,11.71678696873378,11.775270929044348,8.679864209375298
05/17/2023 13:14:22.714308,3427,True,True,True,True,Eyes,0.3874505,0.09456782,-2.045079,0.8133898,-0.4243757,-0.3978721,0.0,0.0,0.0,0.0,0.0,0.0,0.0,-1.245858,-0.922438,-1.2587,0.5255409,0.1020917,-1.923737,0.1095726,0.8561553,-0.2454946,0.4412758,31.13568,124.9237,358.0558,0.1569702,0.04398603,-0.9866225,0.0,0.0,0.0,1.271742,-0.3944134,-2.486694,0.07516858,0.1193932,1.151781,-0.5865391,-0.0290392,-0.8094002,0.404284,0.8554525,-0.3236595,0.7018021,-0.5170665,-0.4900163,moving,-8.24268214970134,5.483587531073475,3.733993987605909,5.918122713058306,0.7462011,-0.49650510000000003,-0.5629569999999999,-0.1427235109896553,0.09458231887960264,0.9852330149863446,-4.899472572354553,8.45881476016067,11.927501013674743,11.984556400732046,8.999547817538653
05/17/2023 13:14:22.744675,3428,True,True,True,True,Eyes,0.3936806,0.09463479,-2.04041,0.8096482,-0.424995,-0.4047828,0.0,0.0,0.0,0.0,0.0,0.0,0.0,-1.225855,-0.927248,-1.273043,0.5337872,0.1015446,-1.920392,0.1088813,0.8580688,-0.245461,0.4377348,31.10226,125.4219,358.1235,0.1598748,0.04412782,-0.9861497,0.0,0.0,0.0,1.269597,-0.392624,-2.486877,0.08030838,0.1115659,1.145297,-0.5930662,-0.02803828,-0.8046655,0.401749,0.8557875,-0.3259225,0.6977611,-0.5165671,-0.4962743,moving,-8.231399209361015,5.420373530811046,4.0110225357697455,5.5637538168334935,0.7358098000000001,-0.49416859999999996,-0.5664849999999997,-0.1425441714947232,0.09349771049808933,0.9853625780739691,-4.906581074067109,8.433713302242687,12.188119694332602,12.243261333977575,9.368047907118404
05/17/2023 13:14:22.754289,3429,True,True,True,True,Eyes,0.4000024,0.09466562,-2.035788,0.8058435,-0.4256353,-0.4116441,0.0,0.0,0.0,0.0,0.0,0.0,0.0,-1.204848,-0.9328647,-1.28703,0.5421106,0.1008114,-1.916845,0.107505,0.8599852,-0.245578,0.4342346,31.04771,125.8914,358.1023,0.1628192,0.04426615,-0.9856616,0.0,0.0,0.0,1.26744,-0.3908239,-2.487061,0.08531424,0.1030972,1.138659,-0.5997662,-0.02837142,-0.7996724,0.3981823,0.8562683,-0.329022,0.6940689,-0.5157516,-0.5022638,moving,-8.202051464742347,5.324465943918897,4.284890887256938,5.173604632484128,0.7253293999999999,-0.4916353,-0.5702160000000003,-0.14206124995172725,0.09185461885027514,0.9855868051172221,-4.911729301758708,8.39482797667793,12.435548931993466,12.487853636131442,9.744439580303697
05/17/2023 13:14:22.764311,3430,True,True,True,True,Eyes,0.4064182,0.09466165,-2.031206,0.8019903,-0.4262146,-0.4185124,0.0,0.0,0.0,0.0,0.0,0.0,0.0,-1.182264,-0.9380691,-1.302465,0.5507889,0.09997705,-1.913314,0.1060769,0.8621191,-0.2455145,0.4303733,30.97277,126.4165,358.1003,0.1658043,0.04439946,-0.9851578,0.0,0.0,0.0,1.26529,-0.389031,-2.487244,0.09309253,0.0905191,1.132789,-0.6070533,-0.02842392,-0.7941529,0.3942275,0.8569407,-0.33202,0.6899793,-0.5146307,-0.5090032,moving,-8.218691970983443,5.209953810122909,4.698006536767249,4.568693411328361,0.7145011,-0.48900805,-0.57393,-0.14237323388734607,0.08988055601090292,0.9857237459981573,-4.941696878536435,8.351787360154601,12.884229669022085,12.93260666838635,10.355466274420635
05/17/2023 13:14:22.784408,3431,True,True,True,True,Eyes,0.4129058,0.09461248,-2.026672,0.7980329,-0.4268475,-0.4253761,0.0,0.0,0.0,0.0,0.0,0.0,0.0,-1.159716,-0.9424265,-1.317828,0.5595661,0.09912189,-1.90967,0.105134,0.8642277,-0.2453614,0.4264447,30.91487,126.964,358.16,0.1688305,0.04452644,-0.984638,0.0,0.0,0.0,1.263261,-0.3873381,-2.487417,0.08797038,0.0942044,1.126048,-0.6141836,-0.02754671,-0.7886824,0.3909856,0.8574892,-0.3344286,0.6854991,-0.513764,-0.5158854,moving,-8.247742051922879,5.116161175622228,4.467051845540825,4.782189534768937,0.7036949,-0.48645999,-0.5777470000000002,-0.1428937964462117,0.08826013407571992,0.9857949258643983,-4.973349732752368,8.31754524260131,12.67127511922209,12.719179254648251,10.080670708853829
05/17/2023 13:14:22.804495,3432,True,True,True,True,Eyes,0.4194848,0.09451201,-2.022165,0.7939895,-0.4274477,-0.4322835,0.0,0.0,0.0,0.0,0.0,0.0,0.0,-1.136187,-0.9458008,-1.333954,0.5682212,0.09798941,-1.90589,0.1045537,0.866484,-0.2450729,0.4221532,30.86246,127.5749,358.2824,0.1718979,0.04464537,-0.9841018,0.0,0.0,0.0,1.261065,-0.3855059,-2.487604,0.09574297,0.09666644,1.121138,-0.6217106,-0.02572844,-0.7828245,0.3881048,0.8580156,-0.3364282,0.6803313,-0.5129789,-0.523452,moving,-8.324461841451322,5.033842467237094,4.881103676358053,4.927952661568507,0.6928438000000001,-0.48349531,-0.5817140000000001,-0.14423188109955504,0.086826677319193,0.9857272337203549,-5.024740088681948,8.290849899719834,13.156373409765537,13.205990053612055,10.461109813578465
05/17/2023 13:14:22.814356,3433,True,True,True,True,Eyes,0.4261567,0.09437269,-2.017694,0.789784,-0.4281403,-0.4392459,0.0,0.0,0.0,0.0,0.0,0.0,0.0,-1.111505,-0.9497269,-1.350036,0.5771177,0.09663609,-1.902004,0.1041769,0.8687571,-0.2450154,0.4175831,30.84536,128.2209,358.4235,0.1750068,0.04475444,-0.9835488,0.0,0.0,0.0,1.258973,-0.3837605,-2.487783,0.09214911,0.09913951,1.112847,-0.6295432,-0.02361968,-0.7766064,0.3856374,0.8582293,-0.3387127,0.6745067,-0.5127227,-0.5311838,moving,-8.424778496959824,4.981612955938442,4.733568373474746,5.090834329711456,0.6818552999999999,-0.48039659,-0.5857789999999998,-0.1459692165972638,0.08590594876140752,0.9855521293063516,-5.081147654946055,8.277297368993393,13.108841707434452,13.158800160773174,10.319021146370913
05/17/2023 13:14:22.834528,3434,True,True,True,True,Eyes,0.4329261,0.09418689,-2.013235,0.7854923,-0.4288032,-0.4462394,0.0,0.0,0.0,0.0,0.0,0.0,0.0,-1.084619,-0.9556547,-1.366078,0.5864387,0.0955686,-1.898104,0.1035291,0.8711154,-0.2453327,0.4126156,30.85463,128.9028,358.5259,0.178158,0.04485258,-0.9829785,0.0,0.0,0.0,1.256899,-0.3820304,-2.48796,0.09690431,0.09711277,1.107746,-0.6380605,-0.02208458,-0.7696697,0.3828278,0.8581871,-0.3419908,0.6680734,-0.5128616,-0.5391207,moving,-8.557806375227635,4.949526904031597,4.999440140291341,5.010140226328803,0.6704603,-0.477599,-0.5898560000000002,-0.14826449222519522,0.08532456879673707,0.9852600154815713,-5.14871000389704,8.27365216647234,13.506935043370108,13.557382013404776,10.659993505272416
05/17/2023 13:14:22.844890,3435,True,True,True,True,Eyes,0.4397983,0.09396996,-2.008785,0.7811279,-0.4294235,-0.4532489,0.0,0.0,0.0,0.0,0.0,0.0,0.0,-1.057909,-0.9610527,-1.381259,0.5956814,0.09425753,-1.893924,0.1025596,0.8733666,-0.2456155,0.4079035,30.84342,129.5395,358.5831,0.1813526,0.04493851,-0.9823901,0.0,0.0,0.0,1.25476,-0.380246,-2.488142,0.0929181,0.09223603,1.101519,-0.6461925,-0.02123049,-0.7628791,0.3795192,0.8583091,-0.3453559,0.6621181,-0.5126936,-0.5465754,moving,-8.650381152691443,4.897374433156766,4.821742595045062,4.7865134017481985,0.6590786000000001,-0.47450353,-0.5942179999999999,-0.14986796748819398,0.08440708014735643,0.9850964120347945,-5.2015342192495355,8.259621825288235,13.42473649581746,13.472579873306035,10.60794797393164
05/17/2023 13:14:22.864304,3436,True,True,True,True,Eyes,0.4467876,0.09371442,-2.00433,0.7766093,-0.4300597,-0.4603548,0.0,0.0,0.0,0.0,0.0,0.0,0.0,-1.030802,-0.9669001,-1.395862,0.6051486,0.09328916,-1.889702,0.1011241,0.8755706,-0.2459097,0.4033341,30.81023,130.1421,358.5799,0.1845916,0.04501181,-0.9817833,0.0,0.0,0.0,1.252568,-0.3784176,-2.488329,0.08962038,0.0880983,1.094687,-0.6541911,-0.02128489,-0.7560296,0.37545,0.8586047,-0.349049,0.6565601,-0.5121962,-0.5537001,moving,-8.706767373175415,4.817040958748639,4.680281557131872,4.601137582062292,0.6474193999999999,-0.47170676,-0.5986269999999998,-0.15085507729259684,0.08301320252778532,0.9850641837742073,-5.243165959887841,8.232358645231253,13.343485042527139,13.388789838163346,10.566956848243805
05/17/2023 13:14:22.884476,3437,True,True,True,True,Eyes,0.453841,0.09342906,-1.999912,0.7719342,-0.4306956,-0.4675671,0.0,0.0,0.0,0.0,0.0,0.0,0.0,-1.002942,-0.9717085,-1.411082,0.6147513,0.09208862,-1.885435,0.09958553,0.8778682,-0.2459713,0.398658,30.74792,130.7625,358.5818,0.1878767,0.04507175,-0.9811572,0.0,0.0,0.0,1.25043,-0.3766341,-2.488511,0.08835238,0.08221394,1.089905,-0.6623089,-0.02127092,-0.7489287,0.3709628,0.8591617,-0.3524597,0.650948,-0.5112619,-0.5611396,moving,-8.767518601132906,4.707728578481684,4.6345079124546755,4.313777676688973,0.6356786999999999,-0.46872272000000004,-0.603076,-0.15192323969446325,0.08112026918138272,0.9850578323936564,-5.292452349060953,8.19421351999691,13.365606000495674,13.407815332257817,10.658439021157808
05/17/2023 13:14:22.904432,3438,True,True,True,True,Eyes,0.4609996,0.09310919,-1.995491,0.7671707,-0.431255,-0.474835,0.0,0.0,0.0,0.0,0.0,0.0,0.0,-0.9738097,-0.9767237,-1.426214,0.6243966,0.09113611,-1.881011,0.09767155,0.8802412,-0.2460245,0.393837,30.66751,131.3917,358.5452,0.1912066,0.04511802,-0.9805115,0.0,0.0,0.0,1.248245,-0.3748113,-2.488697,0.08269036,0.07848267,1.083049,-0.6707054,-0.02183803,-0.7414023,0.3657361,0.8598644,-0.3561885,0.6452839,-0.5100551,-0.5687288,moving,-8.833439392391156,4.578965270324624,4.366039508729317,4.1446689155290475,0.6238484000000001,-0.46594741,-0.6076860000000002,-0.15308394155235572,0.07889200141384055,0.9850590815480071,-5.34790893835669,8.148911145763222,13.16747462206031,13.206621694624,10.506890609073428
05/17/2023 13:14:22.929787,3439,True,True,True,True,Eyes,0.4682809,0.09275457,-1.991058,0.762179,-0.4318426,-0.4822812,0.0,0.0,0.0,0.0,0.0,0.0,0.0,-0.9421498,-0.9816827,-1.442334,0.634233,0.08998412,-1.876519,0.09541024,0.8828403,-0.2460506,0.3885217,30.5696,132.0798,358.4874,0.1945827,0.04515017,-0.9798458,0.0,0.0,0.0,1.246248,-0.3731456,-2.488868,0.07827973,0.07599401,1.07689,-0.679896,-0.02272798,-0.7329567,0.359656,0.860712,-0.3603089,0.6390537,-0.5085846,-0.5770204,moving,-8.936961666460725,4.4236861805298755,4.157549492298805,4.036558901967136,0.612015,-0.46312972,-0.612349,-0.15489602230952532,0.07620029195796206,0.984987691733967,-5.425859756917788,8.095854821346158,13.063740332118874,13.100232441322758,10.407671026654203
05/17/2023 13:14:22.934437,3440,True,True,True,True,Eyes,0.4756739,0.09237994,-1.986614,0.7570601,-0.4323854,-0.4897987,0.0,0.0,0.0,0.0,0.0,0.0,0.0,-0.908349,-0.9877372,-1.458354,0.644465,0.08881611,-1.871976,0.09307537,0.8854963,-0.2463877,0.382788,30.50456,132.8121,358.4176,0.1980068,0.0451678,-0.9791588,0.0,0.0,0.0,1.243998,-0.3712684,-2.489059,0.07598114,0.07657576,1.070471,-0.6896209,-0.02379272,-0.7237799,0.3534643,0.8612602,-0.3650945,0.6320494,-0.507607,-0.5855331,moving,-9.07475614800574,4.298526256576737,4.0599976984069555,4.091663293693983,0.599533,-0.46008451,-0.617083,-0.15729032711062435,0.07402008803139656,0.9847744286038898,-5.513742378022803,8.056652655822711,13.10095940024144,13.136382717143473,10.362318258615263
05/17/2023 13:14:22.954273,3441,True,True,True,True,Eyes,0.4831863,0.09198006,-1.982159,0.7518163,-0.4328681,-0.4973906,0.0,0.0,0.0,0.0,0.0,0.0,0.0,-0.8727326,-0.9942542,-1.474088,0.6547102,0.08796684,-1.867286,0.09058065,0.8882375,-0.2468287,0.3767025,30.4462,133.5832,358.3351,0.20148,0.04517125,-0.9784499,0.0,0.0,0.0,1.241907,-0.369524,-2.489238,0.07222825,0.08116305,1.064379,-0.6997807,-0.02504774,-0.7139183,0.3468763,0.8617414,-0.3702412,0.6244867,-0.5067291,-0.5943416,moving,-9.24077916741353,4.1783863709007205,3.8821125688119347,4.360587941193731,0.5871968000000001,-0.45749084,-0.6219519999999998,-0.1601678561506129,0.07192131089180627,0.9844661156217518,-5.613658464784141,8.02123560211115,13.088808664392621,13.12415654177105,10.176935138825561
05/17/2023 13:14:22.964864,3442,True,True,True,True,Eyes,0.4908206,0.09155232,-1.977678,0.7462878,-0.4333706,-0.5052172,0.0,0.0,0.0,0.0,0.0,0.0,0.0,-0.8357841,-1.000173,-1.490167,0.6652615,0.08696802,-1.862617,0.08765741,0.8910452,-0.2471541,0.3704991,30.35824,134.3594,358.2117,0.2050036,0.04516056,-0.9777182,0.0,0.0,0.0,1.239801,-0.3677675,-2.489417,0.06924221,0.08952159,1.058299,-0.7100932,-0.02692731,-0.7035927,0.3393541,0.8624621,-0.3754969,0.6169331,-0.5054049,-0.6032904,moving,-9.392016393996208,4.021641518664265,3.743403176448305,4.835143521525976,0.5745395,-0.45473552,-0.6268,-0.16279732177910894,0.06919765301286153,0.9842300002479606,-5.713887244770079,7.970742235161887,13.124484072125664,13.160586339532017,9.963549638769518
05/17/2023 13:14:22.984517,3443,True,True,True,True,Eyes,0.4985687,0.09109578,-1.973171,0.7404909,-0.4338427,-0.5132775,0.0,0.0,0.0,0.0,0.0,0.0,0.0,-0.7971787,-1.005842,-1.506008,0.6757079,0.08589326,-1.857771,0.08426938,0.8939178,-0.2475178,0.3640666,30.25707,135.1504,358.0385,0.2085791,0.04513567,-0.9769629,0.0,0.0,0.0,1.237658,-0.3659796,-2.4896,0.06553733,0.1013225,1.051808,-0.7207083,-0.02956613,-0.6926076,0.3308857,0.8632672,-0.3811618,0.6091749,-0.5038804,-0.6123808,moving,-9.538704549626733,3.8451755963122065,3.565445560264821,5.502423861139685,0.5619500999999999,-0.45187286000000004,-0.6318289999999998,-0.16535100262024388,0.06613750708761633,0.9840146997992794,-5.81585936001924,7.9123504275464915,13.170621663376366,13.208528378053495,9.68589841278646
05/17/2023 13:14:22.994151,3444,True,True,True,True,Eyes,0.5064164,0.09061182,-1.968652,0.7345579,-0.434213,-0.5214249,0.0,0.0,0.0,0.0,0.0,0.0,0.0,-0.7565247,-1.010313,-1.522452,0.6863438,0.08476826,-1.852746,0.08074155,0.8969564,-0.2476416,0.3572447,30.12819,135.9942,357.8734,0.2122078,0.04509646,-0.9761829,0.0,0.0,0.0,1.235543,-0.3642154,-2.48978,0.06362179,0.1103274,1.045989,-0.7317142,-0.032094,-0.6808556,0.3217806,0.8643089,-0.3865584,0.6008759,-0.5019363,-0.6220999,moving,-9.721959955628758,3.643166125325831,3.4807006968310774,6.021102985348373,0.5491992000000001,-0.44898366,-0.6370340000000001,-0.1685356207493594,0.06263347300549517,0.9837036935781616,-5.939659698574838,7.84651155865386,13.375716827916913,13.415097167529762,9.595587863118626
05/17/2023 13:14:23.014596,3445,True,True,True,True,Eyes,0.5143656,0.09006419,-1.964118,0.7283314,-0.4345605,-0.5298024,0.0,0.0,0.0,0.0,0.0,0.0,0.0,-0.7164295,-1.012622,-1.539061,0.6967596,0.08362217,-1.847949,0.07744227,0.9000129,-0.2473082,0.3504546,29.96303,136.8483,357.7546,0.2158894,0.04504287,-0.9753777,0.0,0.0,0.0,1.233324,-0.3623645,-2.489969,0.06171554,0.1142701,1.040471,-0.742369,-0.03394251,-0.6691314,0.3127387,0.8656827,-0.3908811,0.592523,-0.4994411,-0.6320408,moving,-9.888349175588061,3.4143971847227172,3.3945220871281285,6.267411677166438,0.5365644,-0.44598667,-0.6420199999999998,-0.1714329126749617,0.05867551182393397,0.9834469890115829,-6.060896737882501,7.769254324147447,13.546890871940922,13.585814685766382,9.573947800811133
05/17/2023 13:14:23.034325,3446,True,True,True,True,Eyes,0.5224144,0.08955087,-1.959621,0.7218546,-0.4349432,-0.5382847,0.0,0.0,0.0,0.0,0.0,0.0,0.0,-0.6735574,-1.014315,-1.556226,0.7070763,0.08153471,-1.843299,0.07424824,0.9032435,-0.2471047,0.342896,29.82221,137.8021,357.6659,0.2196245,0.04497306,-0.9745467,0.0,0.0,0.0,1.23121,-0.3606007,-2.49015,0.06144786,0.1115896,1.035914,-0.7538189,-0.03533392,-0.6561312,0.3035909,0.866853,-0.3954726,0.5827429,-0.4973102,-0.6427231,moving,-10.128718457266837,3.2022933637327102,3.3946664051642648,6.148245725726289,0.5241336999999999,-0.44213541,-0.6468509999999998,-0.17559404694189779,0.05499353265192711,0.9829254860194225,-6.212987296751806,7.703269194921222,13.803825829233439,13.840540938004056,9.73268244862066
05/17/2023 13:14:23.044762,3447,True,True,True,True,Eyes,0.5305308,0.08945713,-1.955173,0.7149176,-0.4356753,-0.546882,0.0,0.0,0.0,0.0,0.0,0.0,0.0,-0.627049,-1.023351,-1.570407,0.7177408,0.08186539,-1.839772,0.07111593,0.9063504,-0.248335,0.3343675,29.84891,138.8458,357.5446,0.2234121,0.04489008,-0.9736892,0.0,0.0,0.0,1.229096,-0.3588372,-2.49033,0.06184384,0.1061736,1.03151,-0.7662823,-0.03715831,-0.6414292,0.2949821,0.8665445,-0.4025992,0.570787,-0.4977146,-0.6530568,moving,-10.434598739807035,3.120011718690973,3.4310423627821094,5.876774109403905,0.5113552,-0.44070259,-0.6505580000000002,-0.1808533864856866,0.05353006377939232,0.9820522636867567,-6.369994001832404,7.6916102188474955,14.102228258982171,14.13703441548682,9.967644853456427
05/17/2023 13:14:23.064471,3448,True,True,True,True,Eyes,0.5387828,0.08909661,-1.950695,0.7070851,-0.4370973,-0.5558566,0.0,0.0,0.0,0.0,0.0,0.0,0.0,-0.5717734,-1.053957,-1.5728,0.7274989,0.09195018,-1.836774,0.06564829,0.9089877,-0.2534713,0.3243208,30.22433,139.9204,357.0104,0.2272495,0.04481563,-0.9728042,0.0,0.0,0.0,1.227137,-0.357203,-2.490497,0.06328601,0.09899473,1.02701,-0.7810126,-0.04506502,-0.6228872,0.283759,0.8628852,-0.4182223,0.5563273,-0.5033867,-0.6611367,moving,-10.754485687898491,3.264513098120782,3.526199452752779,5.505799247643141,0.4996381,-0.44915318,-0.653723,-0.18630866398758406,0.0559486312585299,0.9808969265199676,-6.489297578453361,7.768268564412292,14.421027771033634,14.455494861486367,10.267859961619113
05/17/2023 13:14:23.084465,3449,True,True,True,True,Eyes,0.5470675,0.0891519,-1.946149,0.6990764,-0.4386926,-0.5646601,0.0,0.0,0.0,0.0,0.0,0.0,0.0,-0.4927704,-1.080005,-1.581127,0.7394963,0.08523919,-1.831686,0.06795458,0.9128493,-0.2611643,0.3064012,31.22834,142.217,357.5887,0.2311393,0.04473559,-0.9718911,0.0,0.0,0.0,1.22495,-0.3553789,-2.490683,0.06406391,0.09292312,1.021712,-0.8030012,-0.03597752,-0.5948909,0.2841067,0.8543508,-0.4351645,0.5239016,-0.51845,-0.6758233,moving,-12.132526091255178,4.078064668434662,3.5878922230208423,5.196665372334771,0.4854537,-0.44061809,-0.6589970000000003,-0.20966488710440317,0.06953491230848365,0.9752976827356247,-6.966043287180169,8.17213470189164,15.715285658455198,15.760165592740158,10.965353276781167
05/17/2023 13:14:23.104384,3450,True,True,True,True,Eyes,0.5554641,0.08929206,-1.941658,0.6906471,-0.4404429,-0.5735997,0.0,0.0,0.0,0.0,0.0,0.0,0.0,-0.4665086,-1.100091,-1.573275,0.7478862,0.09524763,-1.826094,0.06978609,0.9133797,-0.2642159,0.3017577,31.65315,142.8252,357.8472,0.2350784,0.04467105,-0.9709488,0.0,0.0,0.0,1.222804,-0.3535886,-2.490866,0.06485078,0.08774748,1.016354,-0.8081447,-0.03197599,-0.5881158,0.2869407,0.8506398,-0.4405419,0.5143614,-0.5247758,-0.6782648,moving,-11.965284047494887,4.467496365208696,3.6509382026313615,4.934426701332599,0.47491780000000006,-0.44883622999999995,-0.6647719999999999,-0.2067160386002755,0.07621111171941275,0.9754282785396426,-6.813129041393872,8.311253310900092,15.57433721352766,15.623201378210897,10.99543820129807
05/17/2023 13:14:23.114327,3451,True,True,True,True,Eyes,0.563959,0.08951415,-1.937139,0.6821941,-0.4418286,-0.5825794,0.0,0.0,0.0,0.0,0.0,0.0,0.0,-0.4032567,-1.116542,-1.581152,0.7592599,0.09748152,-1.823004,0.06548158,0.9166325,-0.2675529,0.2896766,31.8996,144.2499,357.6398,0.239067,0.04462439,-0.9699765,0.0,0.0,0.0,1.220615,-0.351762,-2.491053,0.06566566,0.08392169,1.010699,-0.8235994,-0.03496257,-0.5660936,0.2750527,0.8482552,-0.4525585,0.4960144,-0.5284324,-0.6890059,moving,-12.547530642535465,4.494749000951942,3.7173131486738775,4.746570121305445,0.4613551,-0.44924352,-0.6680489999999999,-0.21661269787649967,0.07650709656659588,0.9732551887612744,-7.0761887646943,8.35992393378216,16.216688185914602,16.266793089883983,11.382267319300778
05/17/2023 13:14:23.134513,3452,True,True,True,True,Eyes,0.5724977,0.08975441,-1.932633,0.6736927,-0.4430216,-0.5914981,0.0,0.0,0.0,0.0,0.0,0.0,0.0,-0.3625832,-1.112133,-1.593774,0.7693158,0.09955368,-1.818423,0.06269252,0.9195944,-0.2654193,0.2827869,31.57495,145.1512,357.6582,0.2431049,0.04459781,-0.9689736,0.0,0.0,0.0,1.218503,-0.35,-2.491233,0.06674364,0.08159642,1.005094,-0.8322025,-0.03481082,-0.553378,0.2654175,0.8512444,-0.452699,0.4868188,-0.5236135,-0.6991685,moving,-12.616969006099032,4.081247010580506,3.7991696834817428,4.641257616945742,0.4491871999999999,-0.44955367999999996,-0.6728099999999999,-0.2179046810759126,0.06946074193599738,0.9734951205313593,-7.188710751556406,8.205117662495757,16.38219476417636,16.42568785027867,11.55139017083926
05/17/2023 13:14:23.154273,3453,True,True,True,True,Eyes,0.5811128,0.08997056,-1.928138,0.665176,-0.4439451,-0.6003779,0.0,0.0,0.0,0.0,0.0,0.0,0.0,-0.3275907,-1.108751,-1.603636,0.7790294,0.1001985,-1.814212,0.06065388,0.9218829,-0.2640215,0.2770301,31.35907,145.8993,357.6877,0.2471896,0.04459007,-0.96794,0.0,0.0,0.0,1.216415,-0.3482582,-2.491411,0.06763878,0.07973906,0.9995706,-0.839151,-0.03445224,-0.5428064,0.2581153,0.8532275,-0.4531879,0.4787507,-0.5203997,-0.707094,moving,-12.55982080374454,3.8173684408675483,3.8711800130168608,4.561015509694182,0.43738560000000004,-0.44845670000000004,-0.6771989999999999,-0.2169990896025284,0.06498997229518692,0.9740059980365445,-7.213752503494408,8.099676170310389,16.408441058225222,16.44782048793664,11.636058102579309
05/17/2023 13:14:23.164357,3454,True,True,True,True,Eyes,0.5897524,0.09016823,-1.923703,0.656609,-0.4446967,-0.6091875,0.0,0.0,0.0,0.0,0.0,0.0,0.0,-0.2917293,-1.102896,-1.6151,0.788496,0.09972165,-1.810624,0.05851562,0.924351,-0.2621976,0.2709312,31.09326,146.6966,357.7314,0.2513195,0.04459795,-0.9668756,0.0,0.0,0.0,1.214239,-0.3464429,-2.491597,0.06870306,0.07852268,0.9935123,-0.8463447,-0.03389712,-0.5315564,0.250253,0.8556566,-0.453018,0.4701858,-0.5164328,-0.7156976,moving,-12.545481746918117,3.5110049659293696,3.9558028233567635,4.519003195186381,0.4257430000000001,-0.44616455,-0.680973,-0.21682601413282757,0.059783361836139366,0.9743779416997188,-7.266798271195226,7.98066781731372,16.496659166826703,16.532043216111465,11.744355975681575
05/17/2023 13:14:23.184410,3455,True,True,True,True,Eyes,0.5984662,0.09040199,-1.919309,0.647997,-0.4452364,-0.6179518,0.0,0.0,0.0,0.0,0.0,0.0,0.0,-0.2562797,-1.098858,-1.62502,0.797839,0.09945199,-1.807601,0.05578597,0.9265662,-0.2609681,0.2650633,30.87602,147.4266,357.665,0.2554911,0.04461875,-0.9657806,0.0,0.0,0.0,1.212143,-0.3446945,-2.491775,0.06997424,0.07686934,0.9874051,-0.8532587,-0.03496738,-0.5203142,0.241725,0.8575671,-0.4540349,0.4620807,-0.5131822,-0.7232741,moving,-12.48259904540112,3.251866964965022,4.053591774300409,4.451489493094046,0.414304,-0.44414649,-0.6841740000000001,-0.2158112910570178,0.05538859254348754,0.9748628526544412,-7.2882738251524515,7.8766773652244115,16.547533367926484,16.579647192735308,11.847777312029507
05/17/2023 13:14:23.194546,3456,True,True,True,True,Eyes,0.6072051,0.09060952,-1.914982,0.6392654,-0.4457042,-0.6266478,0.0,0.0,0.0,0.0,0.0,0.0,0.0,-0.2184208,-1.095854,-1.634198,0.8073806,0.1004668,-1.804785,0.05237672,0.9288306,-0.2598729,0.2588371,30.65515,148.1769,357.5195,0.2597028,0.04465277,-0.9646551,0.0,0.0,0.0,1.209726,-0.3426782,-2.491981,0.07208976,0.07531887,0.9809715,-0.8605201,-0.03723129,-0.5080542,0.2318276,0.8594456,-0.4556416,0.453609,-0.5098698,-0.7309389,moving,-12.439715144555139,2.9739907615783623,4.203004377998662,4.390548713273552,0.4023454000000001,-0.443145,-0.6871959999999999,-0.21513557727051255,0.05066775120063215,0.9752688927472227,-7.322615819544093,7.766776435170192,16.673739156404892,16.702896441542833,12.009947317457677
05/17/2023 13:14:23.214175,3457,True,True,True,True,Eyes,0.6159979,0.09080528,-1.910707,0.6304161,-0.4462394,-0.6351739,0.0,0.0,0.0,0.0,0.0,0.0,0.0,-0.1814952,-1.094352,-1.64136,0.8168542,0.1000281,-1.802041,0.05088468,0.9308578,-0.2594074,0.2522348,30.57146,149.0199,357.595,0.2639509,0.04469713,-0.9634993,0.0,0.0,0.0,1.207928,-0.3411788,-2.492135,0.07329303,0.0731982,0.9750665,-0.8675768,-0.03613038,-0.4959892,0.2255959,0.8602371,-0.457273,0.4431898,-0.5086126,-0.7381709,moving,-12.475934866395903,2.864415082139848,4.2986801440246705,4.293139115351272,0.3910737999999999,-0.4412069,-0.6900940000000002,-0.2157721927697049,0.048795481130486984,0.9752237211744688,-7.360646532834359,7.726921732130423,16.807583619909938,16.835348559234024,12.154454394048763
05/17/2023 13:14:23.234735,3458,True,True,True,True,Eyes,0.6247905,0.09100303,-1.90649,0.6214291,-0.4468613,-0.6435378,0.0,0.0,0.0,0.0,0.0,0.0,0.0,-0.1478451,-1.09778,-1.644277,0.8261809,0.09989657,-1.799464,0.0507299,0.9323101,-0.2601602,0.2460511,30.66811,149.8208,357.7724,0.2682333,0.04474997,-0.9623134,0.0,0.0,0.0,1.20551,-0.3391614,-2.492341,0.07488722,0.07159325,0.9685592,-0.8737708,-0.0334334,-0.4851876,0.2226174,0.8594863,-0.4601357,0.432396,-0.5100643,-0.7435513,moving,-12.479149674031778,2.95779561939352,4.421208392965736,4.227459399703083,0.3793291000000001,-0.43905797,-0.6928770000000002,-0.21580987513214944,0.05038440614362175,0.9751346354254578,-7.343945301081817,7.763120082633535,16.91939335918749,16.947983623657354,12.28493947520219
05/17/2023 13:14:23.244376,3459,True,True,True,True,Eyes,0.6336225,0.09120391,-1.902312,0.6123576,-0.447597,-0.6516711,0.0,0.0,0.0,0.0,0.0,0.0,0.0,-0.1172517,-1.103751,-1.644168,0.8350936,0.1001492,-1.796634,0.05231085,0.9334511,-0.2613526,0.2400576,30.8662,150.6425,358.1427,0.2725456,0.04481034,-0.9610983,0.0,0.0,0.0,1.203486,-0.3374733,-2.492513,0.07547623,0.07027258,0.9626436,-0.879272,-0.02782016,-0.4755072,0.2231386,0.8579168,-0.4628046,0.4208209,-0.513035,-0.7481344,moving,-12.498901614600316,3.184328958565423,4.483113587620782,4.175162045381408,0.36839240000000006,-0.43762249999999997,-0.6958790000000001,-0.21610237321653128,0.054235852073442135,0.9748632539500196,-7.308938876024783,7.851717797034188,16.980051379372544,17.01089622960524,12.351905257909833
05/17/2023 13:14:23.264434,3460,True,True,True,True,Eyes,0.6424227,0.09144324,-1.898217,0.6032857,-0.4483618,-0.659559,0.0,0.0,0.0,0.0,0.0,0.0,0.0,-0.09328943,-1.109794,-1.643152,0.8439381,0.1003902,-1.793874,0.05513133,0.9342179,-0.2623253,0.235336,31.07013,151.3414,358.6313,0.2768859,0.04487742,-0.9598537,0.0,0.0,0.0,1.201423,-0.335752,-2.492689,0.07591593,0.06974007,0.9565558,-0.8831552,-0.02045985,-0.4686348,0.2264785,0.8562919,-0.4641893,0.4107855,-0.5160868,-0.7516049,moving,-12.409760221057383,3.4550746091391353,4.537701259723267,4.169912780775344,0.3574848999999999,-0.4361422,-0.698815,-0.21452907842081287,0.058862753428172356,0.9749422879204188,-7.215132865666184,7.950216096233947,16.92855726296307,16.96253059700032,12.345841532102465
05/17/2023 13:14:23.284456,3461,True,True,True,True,Eyes,0.65122,0.09172497,-1.894209,0.5941515,-0.4491648,-0.6672592,0.0,0.0,0.0,0.0,0.0,0.0,0.0,-0.07458663,-1.115665,-1.642093,0.8520562,0.1015567,-1.791766,0.05798176,0.9347814,-0.2629376,0.231702,31.22816,151.9058,359.099,0.2812485,0.04495222,-0.958581,0.0,0.0,0.0,1.199382,-0.334049,-2.492863,0.07616153,0.06936143,0.9504722,-0.8859048,-0.01344579,-0.4636726,0.2302469,0.8550039,-0.4647093,0.4026903,-0.5184473,-0.7543563,moving,-12.201489542332995,3.6861997260428803,4.581333804736819,4.173804333267872,0.3473257999999999,-0.4356057,-0.7010969999999999,-0.2109324104718395,0.06284541655945544,0.9754782592789745,-7.074133230472844,8.025635927989594,16.75325037761436,16.789905233560393,12.27544371674424
05/17/2023 13:14:23.294548,3462,True,True,True,True,Eyes,0.6599815,0.09203127,-1.890293,0.5849916,-0.4499921,-0.6747532,0.0,0.0,0.0,0.0,0.0,0.0,0.0,-0.05339235,-1.122355,-1.640875,0.8601573,0.1028492,-1.790126,0.06003807,0.9354011,-0.2638327,0.2276235,31.39337,152.4996,359.4771,0.2856294,0.04503578,-0.9572808,0.0,0.0,0.0,1.197217,-0.3322432,-2.493048,0.07740602,0.06913568,0.944418,-0.8891659,-0.007789658,-0.4575185,0.2324284,0.8535755,-0.4662465,0.3941585,-0.5209109,-0.7571597,moving,-12.028489827187084,3.896434124252757,4.685580959522868,4.1868425598152115,0.33705969999999996,-0.43509240000000005,-0.7029219999999998,-0.20793717574014525,0.06646788785678664,0.9758811883996328,-6.953458344804802,8.09531686188837,16.67712537899147,16.71659353225402,12.277760679279044
05/17/2023 13:14:23.314299,3463,True,True,True,True,Eyes,0.668712,0.09236161,-1.88647,0.5757594,-0.4508155,-0.6821045,0.0,0.0,0.0,0.0,0.0,0.0,0.0,-0.02939707,-1.127845,-1.640115,0.8681475,0.1037564,-1.788415,0.06105974,0.9361711,-0.264693,0.2231434,31.52335,153.1144,359.7443,0.2900231,0.04512817,-0.9559544,0.0,0.0,0.0,1.195063,-0.3304462,-2.493232,0.07938898,0.06832369,0.9385244,-0.8929573,-0.003804273,-0.450125,0.2324537,0.8524187,-0.4683456,0.3854766,-0.522846,-0.7602892,moving,-11.880562699228712,4.043734447072009,4.835090919491383,4.163733489980776,0.3269155,-0.4342026,-0.7048169999999998,-0.20538135304774363,0.06901460674571727,0.9762456322692933,-6.856594271182215,8.142387419218156,16.674640401014415,16.71608434027925,12.350108893708281
05/17/2023 13:14:23.334557,3464,True,True,True,True,Eyes,0.6774235,0.09270791,-1.882737,0.5665261,-0.4515637,-0.6893029,0.0,0.0,0.0,0.0,0.0,0.0,0.0,-0.0009923577,-1.131864,-1.640191,0.8759222,0.1046634,-1.786938,0.0601379,0.9371775,-0.2655437,0.2181017,31.59796,153.7392,359.7907,0.2944252,0.04522944,-0.954603,0.0,0.0,0.0,1.193009,-0.328733,-2.493407,0.08129334,0.06724386,0.932723,-0.8976303,-0.00311127,-0.4407384,0.2285508,0.8517399,-0.4714909,0.3768614,-0.5239556,-0.7638365,moving,-11.760531397718694,4.091853920356474,4.981140976659366,4.123555519672793,0.3170868,-0.4333964,-0.706469,-0.2033236631074317,0.06986512832812426,0.9766158082642222,-6.791900227320036,8.153063648451822,16.69972566290456,16.741702389016854,12.443529842873886
05/17/2023 13:14:23.344605,3465,True,True,True,True,Eyes,0.686128,0.09305844,-1.879093,0.5572088,-0.4521709,-0.6964623,0.0,0.0,0.0,0.0,0.0,0.0,0.0,0.03050596,-1.131685,-1.642809,0.8842573,0.1053872,-1.785342,0.05737329,0.9384891,-0.2656494,0.2130191,31.53782,154.3191,359.631,0.298832,0.04533922,-0.9532275,0.0,0.0,0.0,1.190793,-0.3268841,-2.493596,0.08341497,0.06590629,0.927094,-0.9026625,-0.005488374,-0.4303145,0.2208652,0.8522774,-0.4741749,0.3693497,-0.5230613,-0.7681068,moving,-11.610470088379476,3.976667429095715,5.141324502330752,4.066265499362155,0.30653569999999997,-0.4322713,-0.7082540000000002,-0.20079192055672923,0.06793783364024268,0.9772752735667424,-6.745163705331888,8.098835393801858,16.711961847368094,16.752034199569433,12.551901125504633
05/17/2023 13:14:23.364556,3466,True,True,True,True,Eyes,0.6948197,0.09338562,-1.87554,0.5479202,-0.4526258,-0.7035008,0.0,0.0,0.0,0.0,0.0,0.0,0.0,0.06327534,-1.127975,-1.647393,0.8925623,0.1058072,-1.783921,0.05373027,0.940025,-0.2650606,0.2078677,31.37685,154.8887,359.384,0.3032409,0.04545657,-0.9518285,0.0,0.0,0.0,1.188512,-0.3249812,-2.49379,0.08501211,0.06459217,0.9214368,-0.9078082,-0.009179435,-0.4192851,0.2112106,0.8537119,-0.4759896,0.362318,-0.5206647,-0.7730679,moving,-11.460576738081533,3.754047604488467,5.271208095216505,4.009840528422804,0.2959497,-0.4307884,-0.7098690000000001,-0.19828408081136237,0.064173617634266,0.978041515525207,-6.719423933378046,8.003214778215366,16.696951138097255,16.733739980282863,12.638128593429636
05/17/2023 13:14:23.384584,3467,True,True,True,True,Eyes,0.7035153,0.09367731,-1.872081,0.5385574,-0.4529689,-0.7104753,0.0,0.0,0.0,0.0,0.0,0.0,0.0,0.09445691,-1.122286,-1.652835,0.9010161,0.105549,-1.782509,0.05056216,0.9415594,-0.2640157,0.2029904,31.17812,155.444,359.1983,0.3076487,0.0455793,-0.950407,0.0,0.0,0.0,1.186567,-0.3233592,-2.493956,0.08613837,0.0637051,0.9160484,-0.9124771,-0.01197074,-0.4089533,0.2023998,0.8554783,-0.4766458,0.3555565,-0.5177003,-0.7781814,moving,-11.291569568161293,3.515958035879805,5.371872685286421,3.978137162967005,0.28555089999999994,-0.4289082,-0.7114469999999999,-0.19544740484781586,0.06014380719109524,0.9788682668096225,-6.687886566986169,7.900379368017718,16.63622452919622,16.66985054760545,12.681552631198414
05/17/2023 13:14:23.404466,3468,True,True,True,True,Eyes,0.7122135,0.09391946,-1.868709,0.5292035,-0.4532533,-0.7172901,0.0,0.0,0.0,0.0,0.0,0.0,0.0,0.1241999,-1.118183,-1.657087,0.9096965,0.1049678,-1.781328,0.04813374,0.9428723,-0.2633677,0.198274,31.04636,155.995,359.0858,0.3120541,0.04570478,-0.9489638,0.0,0.0,0.0,1.184158,-0.3213494,-2.494161,0.08729279,0.06302315,0.9106236,-0.9167411,-0.01366996,-0.3992478,0.1952058,0.8566412,-0.4775568,0.3485402,-0.5157315,-0.7826498,moving,-11.121496634428416,3.3636527254246396,5.475667848015071,3.959058048654671,0.2744615,-0.4263172,-0.712833,-0.19257015148012818,0.05757492615541196,0.9795926962611907,-6.639154129740294,7.830534200958091,16.576089480017313,16.607840809575887,12.718381939168147
05/17/2023 13:14:23.414303,3469,True,True,True,True,Eyes,0.720928,0.09412522,-1.865428,0.5196273,-0.4535293,-0.7240846,0.0,0.0,0.0,0.0,0.0,0.0,0.0,0.1534004,-1.115847,-1.659627,0.9185325,0.1040139,-1.780024,0.04641826,0.943985,-0.2632238,0.1935223,30.99241,156.5652,359.048,0.3164548,0.04582996,-0.9474992,0.0,0.0,0.0,1.182008,-0.3195558,-2.494344,0.08848715,0.06196034,0.9053723,-0.9207888,-0.0142431,-0.3898012,0.1895156,0.8571172,-0.4789927,0.3409276,-0.5149246,-0.7865246,moving,-10.956457611469519,3.303674912824678,5.582111366841231,3.9150073656956694,0.2634755,-0.4235697,-0.7143199999999998,-0.18975845345355002,0.05658100038256023,0.9801990535394154,-6.574763960133937,7.79660080416355,16.51906828790879,16.549863782468904,12.761519711114914
05/17/2023 13:14:23.434495,3470,True,True,True,True,Eyes,0.7296497,0.0943096,-1.86225,0.5100785,-0.4537725,-0.7306917,0.0,0.0,0.0,0.0,0.0,0.0,0.0,0.1813017,-1.115195,-1.661023,0.9272006,0.1033419,-1.779086,0.04520751,0.9449434,-0.2633728,0.1888735,30.98555,157.1332,359.0609,0.3208501,0.04595276,-0.9460139,0.0,0.0,0.0,1.180238,-0.3180796,-2.494495,0.0893248,0.06090052,0.9008192,-0.9245664,-0.01405123,-0.3807624,0.1849254,0.857182,-0.4806679,0.3331366,-0.5148218,-0.7899234,moving,-10.795576317964661,3.301876504456086,5.662910048230738,3.867636531682356,0.25303739999999986,-0.4214215,-0.7154090000000002,-0.1870054087069799,0.05658065092761249,0.9807280588533873,-6.500961503078071,7.785361522624722,16.437824082367797,16.468207488207295,12.779215164531589
05/17/2023 13:14:23.454645,3471,True,True,True,True,Eyes,0.7383738,0.09446813,-1.859177,0.5003815,-0.4539865,-0.7372345,0.0,0.0,0.0,0.0,0.0,0.0,0.0,0.2075592,-1.115167,-1.662171,0.9361686,0.1030123,-1.778332,0.0444793,0.9458081,-0.2634591,0.1845489,30.98279,157.6753,359.1242,0.325238,0.04607201,-0.9445084,0.0,0.0,0.0,1.178105,-0.3162994,-2.494677,0.09010586,0.05973652,0.8961427,-0.9279269,-0.01310441,-0.3725326,0.1813799,0.8572218,-0.4819462,0.3256587,-0.5147806,-0.7930623,moving,-10.604141262002965,3.318398828745612,5.741710551441794,3.8136721221735392,0.24193639999999994,-0.4193117,-0.7163449999999998,-0.1837242737418494,0.05689929209024801,0.9813296884902694,-6.409508952117659,7.779179925813144,16.32329512317367,16.353353391346936,12.781916427688387
05/17/2023 13:14:23.464710,3472,True,True,True,True,Eyes,0.7470922,0.09459423,-1.856207,0.4907053,-0.4541896,-0.743586,0.0,0.0,0.0,0.0,0.0,0.0,0.0,0.2336041,-1.115431,-1.662888,0.9449059,0.1025723,-1.777803,0.0439162,0.9466351,-0.2636248,0.1801538,30.9932,158.2304,359.2086,0.3296168,0.04618643,-0.9429837,0.0,0.0,0.0,1.175961,-0.3145109,-2.49486,0.09063846,0.05807327,0.8916562,-0.9312322,-0.01184078,-0.3642345,0.1781312,0.8571466,-0.4832897,0.317925,-0.5149363,-0.7960933,moving,-10.430457523783662,3.349848348090195,5.804282004601802,3.7263919372448395,0.23105510000000007,-0.4170832,-0.717057,-0.1807427504319276,0.05747022000367484,0.9818499149927555,-6.323331642408728,7.779914716857023,16.209457523437568,16.239105659766334,12.787105211735412
05/17/2023 13:14:23.484584,3473,True,True,True,True,Eyes,0.7557892,0.0946885,-1.853356,0.4809452,-0.4543697,-0.7498266,0.0,0.0,0.0,0.0,0.0,0.0,0.0,0.2595889,-1.115963,-1.663011,0.9535602,0.1019241,-1.777273,0.04340189,0.9473983,-0.263945,0.1757439,31.02268,158.7865,359.2956,0.3339843,0.04629456,-0.9414403,0.0,0.0,0.0,1.173824,-0.3127283,-2.495042,0.08971715,0.05767873,0.8869554,-0.934461,-0.01053569,-0.3559103,0.1750112,0.8568986,-0.4848669,0.3100874,-0.5153773,-0.7988945,moving,-10.25736689010929,3.401529850614524,5.775926483213717,3.720706919800064,0.2202638,-0.41465240000000003,-0.7177690000000001,-0.1777662781899852,0.058388015910547236,0.9823390604497005,-6.233488147593399,7.788485523458695,16.00666970717111,16.036470010464814,12.679623911734408
05/17/2023 13:14:23.494428,3474,True,True,True,True,Eyes,0.7644977,0.09474895,-1.850621,0.4711587,-0.4545341,-0.7559155,0.0,0.0,0.0,0.0,0.0,0.0,0.0,0.2868025,-1.116393,-1.663074,0.9623859,0.1012829,-1.777064,0.04270131,0.9481868,-0.2642835,0.1710929,31.05041,159.3673,359.3676,0.3383377,0.0463951,-0.9398796,0.0,0.0,0.0,1.17166,-0.3109237,-2.495227,0.08719289,0.05741462,0.8826375,-0.9378079,-0.009456395,-0.3470264,0.1714116,0.8566617,-0.4865685,0.3018855,-0.515792,-0.8017631,moving,-10.110256943899513,3.4464094520512587,5.641759052554151,3.72178533176819,0.2092740999999999,-0.41220660000000003,-0.7181629999999999,-0.1752352489263643,0.05918474353540954,0.9827460432151905,-6.156944008747221,7.796138071806647,15.724678092425103,15.754422865584827,12.482377344841856
05/17/2023 13:14:23.514222,3475,True,True,True,True,Eyes,0.773205,0.09475896,-1.847989,0.4611121,-0.4546471,-0.7620181,0.0,0.0,0.0,0.0,0.0,0.0,0.0,0.3166541,-1.115904,-1.663239,0.9714617,0.1005316,-1.777084,0.04183747,0.9491082,-0.2644539,0.1658539,31.05552,160.0213,359.4445,0.3426758,0.04648676,-0.9383021,0.0,0.0,0.0,1.169549,-0.3091626,-2.495407,0.08308318,0.0547764,0.8832858,-0.9414844,-0.008304822,-0.3369547,0.167138,0.8566276,-0.4881128,0.2926984,-0.5158684,-0.8051134,moving,-10.014482070003492,3.467081096647043,5.373516200279566,3.5486164541307232,0.19808729999999997,-0.4096942,-0.718323,-0.17358840361534517,0.059556941272406246,0.9830157556768772,-6.108774742165176,7.797826348325135,15.360010808121844,15.388214281740241,12.2433161362381
05/17/2023 13:14:23.534918,3476,True,True,True,True,Eyes,0.7819314,0.09473181,-1.845469,0.4510285,-0.4546889,-0.7680047,0.0,0.0,0.0,0.0,0.0,0.0,0.0,0.347217,-1.113528,-1.663621,0.9803585,0.09933232,-1.776842,0.04098546,0.9501331,-0.2642696,0.1604026,31.01957,160.7073,359.539,0.3469972,0.04656758,-0.9367086,0.0,0.0,0.0,1.167364,-0.3073395,-2.495593,0.06549796,0.07506871,0.8763764,-0.9451824,-0.006895761,-0.32647,0.1626623,0.8569636,-0.4890341,0.2831452,-0.5153309,-0.8088653,moving,-9.947294572586182,3.4510508427939417,4.274182640842866,4.895894940620889,0.18700550000000005,-0.40667182,-0.7187509999999999,-0.17243825975013427,0.05929407138526176,0.9832340425811417,-6.080928398514796,7.787244182578776,14.261082638541662,14.294683927919042,10.751196448600378
05/17/2023 13:14:23.554579,3477,True,True,True,True,Eyes,0.7906812,0.09465355,-1.843052,0.4407066,-0.4546347,-0.7740058,0.0,0.0,0.0,0.0,0.0,0.0,0.0,0.3792201,-1.109539,-1.664904,0.9896393,0.098399,-1.776998,0.03978724,0.9512954,-0.2636421,0.1547484,30.92509,161.4122,359.6061,0.3513013,0.04663645,-0.9350994,0.0,0.0,0.0,1.165233,-0.3055618,-2.495775,0.06938976,0.07383195,0.8792233,-0.94894,-0.005897525,-0.315402,0.1572952,0.8578197,-0.4892889,0.2734436,-0.513917,-0.8130918,moving,-9.886049875515837,3.3772894493240755,4.5125244428294735,4.80009749812916,0.17559369999999996,-0.4039608,-0.718777,-0.17139983197676734,0.05803890577778206,0.9834905079235609,-6.067062544802497,7.754802773506466,14.435743225053159,14.468701570792648,10.984441000488562
05/17/2023 13:14:23.568968,3478,True,True,True,True,Eyes,0.7994534,0.09453179,-1.840762,0.430355,-0.4544808,-0.7798985,0.0,0.0,0.0,0.0,0.0,0.0,0.0,0.4119804,-1.104019,-1.666298,0.9988454,0.09706755,-1.777082,0.03857394,0.9525283,-0.2627443,0.1488872,30.79908,162.1449,359.683,0.3555876,0.04669169,-0.9334752,0.0,0.0,0.0,1.163092,-0.3037762,-2.495957,0.06238702,0.07525694,0.876013,-0.9526895,-0.004752996,-0.3039087,0.1517241,0.858955,-0.4890565,0.2633684,-0.5120292,-0.8175963,moving,-9.851095920292037,3.2774592476206177,4.073556124444437,4.9101372910367544,0.16424660000000002,-0.40084375,-0.7188750000000002,-0.17081653847502645,0.056331006903113025,0.9836912227628046,-6.070390593033948,7.714038222512983,13.988842559114474,14.02004180309163,10.524329690796169
05/17/2023 13:14:23.584485,3479,True,True,True,True,Eyes,0.8082643,0.0943536,-1.838584,0.4197311,-0.4542213,-0.7858173,0.0,0.0,0.0,0.0,0.0,0.0,0.0,0.4437508,-1.098359,-1.66822,1.008247,0.09587957,-1.777782,0.03753384,0.9537414,-0.2616386,0.1432266,30.65203,162.8579,359.7767,0.3598554,0.04673212,-0.9318363,0.0,0.0,0.0,1.160862,-0.3019152,-2.496147,0.06316766,0.06898004,0.8746699,-0.956155,-0.003352047,-0.2928428,0.1465424,0.8602728,-0.4883195,0.2535616,-0.509823,-0.822063,moving,-9.784139780485388,3.1692514109842658,4.130664392662101,4.509246108070566,0.15261500000000017,-0.39779476999999996,-0.7183650000000001,-0.1696843040839571,0.0544839433340839,0.9839912354927263,-6.060599632895506,7.667947214188944,13.951411907436299,13.97917597590295,10.669548027747854
05/17/2023 13:14:23.594454,3480,True,True,True,True,Eyes,0.8170998,0.09412406,-1.836533,0.4090878,-0.453853,-0.7916216,0.0,0.0,0.0,0.0,0.0,0.0,0.0,0.4751666,-1.091502,-1.670278,1.017578,0.09431055,-1.778378,0.03649114,0.9549589,-0.2603349,0.1376505,30.48178,163.5596,359.8687,0.3641046,0.04675606,-0.930183,0.0,0.0,0.0,1.158785,-0.3001828,-2.496324,0.06537655,0.06552923,0.8724837,-0.9594415,-0.001975416,-0.2819011,0.1413656,0.8617883,-0.4871722,0.2439014,-0.5072642,-0.8265562,moving,-9.710600783456256,3.045028057588483,4.285252958862856,4.295223303385085,0.14120699999999986,-0.39449335,-0.717946,-0.16844037432237632,0.05236175681651044,0.9843201806453153,-6.050893062442723,7.615252515818673,14.025838185502108,14.051580342758616,10.856265865626336
05/17/2023 13:14:23.614240,3481,True,True,True,True,Eyes,0.8259944,0.09383299,-1.8346,0.3981176,-0.4534115,-0.7974461,0.0,0.0,0.0,0.0,0.0,0.0,0.0,0.5078846,-1.083958,-1.672353,1.027096,0.09282278,-1.779364,0.03491236,0.9561787,-0.2590342,0.1319269,30.30332,164.2602,359.895,0.3683346,0.04676223,-0.9285159,0.0,0.0,0.0,1.156583,-0.2983457,-2.496512,0.06655285,0.06222519,0.8695322,-0.9627528,-0.001582223,-0.2703783,0.135112,0.8633648,-0.4861542,0.2342043,-0.5045777,-0.8309932,moving,-9.623228439240934,2.9075599496187077,4.376810155194252,4.093204878777332,0.1294869999999999,-0.39116848,-0.7171480000000001,-0.1669592615920678,0.050012731426070045,0.9846944834978794,-6.037389499617224,7.556546653119431,14.026604787574252,14.050154253377944,10.974984769746998
05/17/2023 13:14:23.634968,3482,True,True,True,True,Eyes,0.834919,0.0934868,-1.832805,0.387161,-0.4528565,-0.8031361,0.0,0.0,0.0,0.0,0.0,0.0,0.0,0.5403746,-1.076294,-1.674024,1.036721,0.0910238,-1.780363,0.03338955,0.9573275,-0.2578077,0.1262713,30.13539,164.9511,359.922,0.3725459,0.046749,-0.9268349,0.0,0.0,0.0,1.154298,-0.2964393,-2.496707,0.06824353,0.05953974,0.8662895,-0.9658817,-0.001177935,-0.2589821,0.1290369,0.8648407,-0.4851805,0.2245498,-0.502045,-0.8351818,moving,-9.53272716531967,2.7882809528781887,4.504277018071479,3.931733539638681,0.11757700000000004,-0.3874631,-0.7163439999999999,-0.16542026503649138,0.047975302445458765,0.9850557095448884,-6.018901995773392,7.504645521128167,14.0616125656945,14.083499929446155,11.113190207357032
05/17/2023 13:14:23.644353,3483,True,True,True,True,Eyes,0.8438695,0.09308632,-1.831141,0.376019,-0.4522316,-0.8087622,0.0,0.0,0.0,0.0,0.0,0.0,0.0,0.5708264,-1.06898,-1.676118,1.046448,0.08932835,-1.781825,0.03236927,0.9584261,-0.2563877,0.1209837,29.95302,165.6112,0.0006363134,0.3767377,0.04671521,-0.9251406,0.0,0.0,0.0,1.152456,-0.294903,-2.496864,0.06938964,0.05553916,0.8639839,-0.9686305,9.62356e-06,-0.2485061,0.1240846,0.8664352,-0.483625,0.2153098,-0.4992897,-0.8392568,moving,-9.405358869976261,2.670457433929854,4.591773363816772,3.6780629064223667,0.10600799999999988,-0.38423135,-0.715039,-0.16324550061740742,0.045966400569688065,0.9855140796027418,-5.983138510002494,7.450888578992908,14.013709040144992,14.033352399141299,11.227776925760997
05/17/2023 13:14:23.664636,3484,True,True,True,True,Eyes,0.8528445,0.09264793,-1.829626,0.3648656,-0.4515316,-0.8142434,0.0,0.0,0.0,0.0,0.0,0.0,0.0,0.6007522,-1.062526,-1.677236,1.055962,0.08760384,-1.783326,0.03162716,0.9594328,-0.2551535,0.1156946,29.79667,166.2772,0.1088426,0.380909,0.04665987,-0.9234338,0.0,0.0,0.0,1.150372,-0.2931648,-2.497042,0.06956631,0.05480602,0.8608236,-0.9712291,0.001648504,-0.2381419,0.119728,0.8677928,-0.4822872,0.2058628,-0.4969236,-0.843023,moving,-9.286256600347151,2.5871047366410127,4.620241354159791,3.6429311133133364,0.09440999999999988,-0.38076864,-0.713716,-0.16120690590815628,0.04454777547746184,0.9859147201928821,-5.944472829950371,7.41095809099997,13.927715870273467,13.946521239950226,11.21655977100433
05/17/2023 13:14:23.684356,3485,True,True,True,True,Eyes,0.8618516,0.09217377,-1.828261,0.353455,-0.4508175,-0.8196543,0.0,0.0,0.0,0.0,0.0,0.0,0.0,0.6325557,-1.056583,-1.677439,1.065622,0.08623619,-1.785303,0.03059424,0.9604064,-0.2541261,0.1100159,29.66055,166.9801,0.1879151,0.3850581,0.04658291,-0.9217153,0.0,0.0,0.0,1.148241,-0.2913868,-2.497223,0.07021931,0.05645722,0.8576567,-0.9739212,0.002849991,-0.2268695,0.1146816,0.8689678,-0.4813971,0.1957703,-0.4948604,-0.8466329,moving,-9.190513516936972,2.5178623082242413,4.680563225739135,3.7661924825294766,0.082619,-0.37762299,-0.7119199999999999,-0.15956747947871092,0.04336796032877649,0.9862339815426523,-5.913826214485989,7.377996769201728,13.908065311023508,13.927135320132816,11.19313261854686
05/17/2023 13:14:23.694561,3486,True,True,True,True,Eyes,0.8708918,0.09166462,-1.827037,0.3420633,-0.4500475,-0.8248938,0.0,0.0,0.0,0.0,0.0,0.0,0.0,0.6645495,-1.051191,-1.676925,1.075224,0.08488995,-1.787566,0.02942801,0.9612879,-0.2533403,0.1042994,29.55143,167.6801,0.2457452,0.3891842,0.04648436,-0.9199857,0.0,0.0,0.0,1.146049,-0.2895579,-2.49741,0.0706521,0.05937243,0.855065,-0.9765115,0.003731099,-0.2154341,0.1094241,0.8699054,-0.4809273,0.1856129,-0.4932046,-0.8498808,moving,-9.099037105532368,2.4752348426932476,4.7234914083059545,3.9720235448425307,0.07082500000000014,-0.37444784999999997,-0.7098439999999999,-0.1579975961544055,0.04264510004078773,0.986518114275415,-5.879963728336207,7.35557219021797,13.883295467856701,13.903333087240455,11.130213936416721
05/17/2023 13:14:23.714402,3487,True,True,True,True,Eyes,0.8799959,0.09113103,-1.825965,0.3304752,-0.449257,-0.8300327,0.0,0.0,0.0,0.0,0.0,0.0,0.0,0.695884,-1.045411,-1.676421,1.08515,0.08352513,-1.789692,0.02808333,0.9621024,-0.2525639,0.09890305,29.44184,168.3319,0.2683952,0.3932863,0.04636432,-0.9182456,0.0,0.0,0.0,1.143941,-0.2877997,-2.49759,0.07277945,0.06219801,0.8524931,-0.9788592,0.004079396,-0.2044954,0.1039968,0.8708456,-0.4804297,0.176124,-0.4915398,-0.8528594,moving,-8.95857207797653,2.4314310344040475,4.87965068882656,4.1729137860884835,0.05879100000000004,-0.37132483,-0.7078980000000001,-0.15558347331832495,0.04190713653456114,0.986933416027145,-5.823750698437021,7.329482929670075,13.92605825704918,13.94737149136287,11.159154538543113
05/17/2023 13:14:23.734747,3488,True,True,True,True,Eyes,0.8891285,0.09057139,-1.825056,0.3189659,-0.4483698,-0.8350002,0.0,0.0,0.0,0.0,0.0,0.0,0.0,0.7251623,-1.039228,-1.677114,1.095142,0.08238031,-1.79233,0.02645114,0.9628611,-0.251672,0.09412774,29.31626,168.8944,0.233862,0.3973647,0.04622338,-0.9164953,0.0,0.0,0.0,1.141757,-0.2859782,-2.497776,0.07592034,0.06344825,0.8501593,-0.9808806,0.003558912,-0.1945779,0.09831619,0.8719231,-0.4796709,0.1679499,-0.48963,-0.8556023,moving,-8.749694913582378,2.373983849702426,5.103051806181894,4.268129623977934,0.04661499999999985,-0.36835851000000003,-0.705446,-0.15199058831932236,0.0409407384182376,0.9875336824205064,-5.73866209898196,7.29365109565824,13.95961473973417,13.981644391706778,11.25595578247453
05/17/2023 13:14:23.744815,3489,True,True,True,True,Eyes,0.8982538,0.09001546,-1.824314,0.3072544,-0.4474115,-0.8398914,0.0,0.0,0.0,0.0,0.0,0.0,0.0,0.7548077,-1.030734,-1.678891,1.105034,0.08116645,-1.795308,0.02441615,0.96372,-0.250333,0.08933627,29.1347,169.4475,0.1530349,0.4014177,0.046062,-0.9147355,0.0,0.0,0.0,1.13961,-0.2841864,-2.497959,0.07838202,0.0646131,0.8477021,-0.9828457,0.002333019,-0.1844146,0.09178831,0.8734744,-0.4781394,0.159966,-0.4868644,-0.8587047,moving,-8.525637999605351,2.259179776907941,5.28278217075854,4.35874055471974,0.03457599999999994,-0.36535285,-0.7026509999999999,-0.14813923836327741,0.038984967671752316,0.9881977630000741,-5.657745410101988,7.234719610227404,13.944759378701734,13.96712651410583,11.312223445251101
05/17/2023 13:14:23.765027,3490,True,True,True,True,Eyes,0.9074011,0.0895222,-1.823768,0.2955582,-0.4463308,-0.8446504,0.0,0.0,0.0,0.0,0.0,0.0,0.0,0.7867258,-1.019566,-1.680683,1.114532,0.0806585,-1.798461,0.02136353,0.964692,-0.2486643,0.08413771,28.90533,170.0203,359.959,0.4054426,0.04588212,-0.9129679,0.0,0.0,0.0,1.137524,-0.2824469,-2.498137,0.08039057,0.06580567,0.8453569,-0.9849291,-0.0006256481,-0.1729586,0.08306254,0.8754193,-0.476174,0.1517092,-0.4833639,-0.8621739,moving,-8.32737679777996,2.086429261758301,5.432297919512458,4.451136562779195,0.0229919999999999,-0.3631054,-0.6996759999999997,-0.1447350013808636,0.036023665782187866,0.988814545663106,-5.600001644564328,7.155147318127551,13.938884933189653,13.961392801049534,11.358842715548466
05/17/2023 13:14:23.784498,3491,True,True,True,True,Eyes,0.9165853,0.08920702,-1.823412,0.2834559,-0.4453058,-0.8493265,0.0,0.0,0.0,0.0,0.0,0.0,0.0,0.8225341,-1.007133,-1.68197,1.124298,0.08162407,-1.802552,0.01768153,0.9657918,-0.2466411,0.07811414,28.63122,170.6789,359.7141,0.4094367,0.04568829,-0.9111934,0.0,0.0,0.0,1.135401,-0.2806759,-2.498318,0.081815,0.06650451,0.8430664,-0.9871712,-0.004378955,-0.159606,0.07268565,0.8777111,-0.4736454,0.142162,-0.4791701,-0.8661327,moving,-8.18587895110595,1.8545537623475694,5.5428863527147385,4.51038424547253,0.011103000000000085,-0.36229996999999997,-0.6957659999999999,-0.14231192033913326,0.032033028575719526,0.9893033957135472,-5.5799337460707905,7.056510036862216,13.961047212218414,13.983291183497773,11.41051635534199
05/17/2023 13:14:23.800064,3492,True,True,True,True,Eyes,0.9258157,0.08888867,-1.823222,0.2711716,-0.4443828,-0.8538091,0.0,0.0,0.0,0.0,0.0,0.0,0.0,0.8624639,-1.000691,-1.677044,1.133999,0.08553924,-1.806774,0.01351473,0.966525,-0.2461483,0.07111896,28.53786,171.4359,359.4204,0.4133988,0.04549025,-0.9094127,0.0,0.0,0.0,1.133262,-0.2788909,-2.4985,0.08422455,0.06564686,0.8407527,-0.9895191,-0.008886982,-0.1441298,0.06113626,0.8784567,-0.4738947,0.1308232,-0.4777393,-0.8687063,moving,-8.128176915505676,1.7842129419754453,5.720665398595889,4.464656612741525,-0.0007369999999999877,-0.36443014,-0.6917259999999998,-0.1413209161158328,0.03082287958135876,0.9894839248758442,-5.567034707723817,7.0256191018870044,14.083756176500515,14.105857354765783,11.574571376989306
05/17/2023 13:14:23.814461,3493,True,True,True,True,Eyes,0.9258157,0.08888867,-1.823222,0.2711716,-0.4443828,-0.8538091,0.0,0.0,0.0,0.0,0.0,0.0,0.0,0.903229,-1.001969,-1.665933,1.144484,0.08516841,-1.810525,0.01337751,0.9668539,-0.247096,0.06291312,28.65241,172.4669,359.659,0.4173283,0.0452879,-0.9076263,0.0,0.0,0.0,1.131144,-0.2771246,-2.498681,0.08661681,0.06369615,0.8383801,-0.9917259,-0.005222971,-0.1282666,0.05695935,0.8775292,-0.4761283,0.1150445,-0.4794948,-0.869971,moving,-9.04279921957768,1.857392731419688,5.898556641211411,4.34471526143876,-0.01334000000000013,-0.36229301,-0.688156,-0.15709167827751486,0.03200951658600274,0.9870651874567832,-5.974348564627718,7.113777552604142,15.124450312060738,15.14697621068565,12.191537392765358
05/17/2023 13:14:23.834379,3494,True,True,True,True,Eyes,0.9258157,0.08888867,-1.823222,0.2711716,-0.4443828,-0.8538091,0.0,0.0,0.0,0.0,0.0,0.0,0.0,0.9348498,-1.011495,-1.652408,1.153362,0.08950041,-1.813632,0.01304521,0.9666754,-0.2492839,0.05679914,28.91,173.2224,359.7973,0.4208583,0.04510507,-0.906004,0.0,0.0,0.0,1.128993,-0.2753301,-2.498864,0.08949134,0.06175625,0.835694,-0.9932077,-0.003097246,-0.1163166,0.05353919,0.8753747,-0.4804713,0.1033087,-0.4834351,-0.8692631,moving,-9.71508912064176,2.078401662778983,6.112297236418027,4.226370610781292,-0.024369000000000085,-0.36483051,-0.6852320000000003,-0.16864111535177229,0.03574756549118388,0.9850291237316662,-6.2411825456450725,7.243021842245739,15.948851704417,15.972474119472675,12.71647149873493
05/17/2023 13:14:23.844756,3495,True,True,True,True,Eyes,0.9357047,0.08878452,-1.823395,0.257333,-0.444226,-0.8581626,0.0,0.0,0.0,0.0,0.0,0.0,0.0,0.9764129,-1.019382,-1.633403,1.162848,0.08796455,-1.816748,0.01409332,0.9664073,-0.252157,0.04769817,29.2563,174.4034,0.2091634,0.4240297,0.04493994,-0.9045322,0.0,0.0,0.0,1.12679,-0.2734921,-2.499052,0.09270477,0.06092757,0.832576,-0.9950526,0.003184924,-0.09929918,0.05129462,0.8724365,-0.4860283,0.08508426,-0.4887172,-0.8682835,moving,-9.928396907894943,2.4863072548364604,6.353537265852753,4.185420942519639,-0.036058000000000145,-0.36145665000000005,-0.6823039999999998,-0.1722598315919024,0.04273215810955173,0.9841242670958731,-6.260072298111764,7.4142061026507005,16.343842955643655,16.37035026387418,13.020299529673641
05/17/2023 13:14:23.865268,3496,True,True,True,True,Eyes,0.9454974,0.08867474,-1.823665,0.2433122,-0.4442326,-0.8622392,0.0,0.0,0.0,0.0,0.0,0.0,0.0,1.006466,-1.030937,-1.616466,1.170673,0.09035238,-1.819376,0.01515744,0.9659852,-0.2548404,0.04122011,29.57707,175.2571,0.5451453,0.4272649,0.04477653,-0.9030166,0.0,0.0,0.0,1.124654,-0.2717104,-2.499234,0.09590563,0.06151974,0.8294185,-0.9961423,0.008274633,-0.08736149,0.05029283,0.8696533,-0.4910946,0.07191057,-0.4935938,-0.8667145,moving,-9.841965763505852,2.87085111240908,6.595816922883326,4.241982510182612,-0.04601900000000003,-0.36206278000000003,-0.6798579999999999,-0.17072292710891923,0.04934954591534322,0.984082401054684,-6.145356784521243,7.556738374285918,16.464514448698594,16.49486892809143,13.16529961227107
05/17/2023 13:14:23.884315,3497,True,True,True,True,Eyes,0.9552107,0.08857566,-1.824009,0.2287322,-0.4443288,-0.8661718,0.0,0.0,0.0,0.0,0.0,0.0,0.0,1.050438,-1.029706,-1.5976,1.178314,0.09014221,-1.821947,0.01296869,0.9658204,-0.2569187,0.0318705,29.8084,176.3725,0.5728128,0.430549,0.04461427,-0.9014635,0.0,0.0,0.0,1.122631,-0.2700229,-2.499407,0.09882873,0.06233358,0.8263199,-0.9976323,0.008674582,-0.06822615,0.0414271,0.8676491,-0.495448,0.05489856,-0.4971013,-0.8659542,moving,-9.973560837922392,3.090288834391415,6.820238842717117,4.313946314156302,-0.05568300000000015,-0.36016511,-0.6774600000000002,-0.17294941107815948,0.053097191868199584,0.9834984892540253,-6.163282218608442,7.649933149127921,16.80470240451587,16.83832073994412,13.40524626081104
05/17/2023 13:14:23.894778,3498,True,True,True,True,Eyes,0.9648669,0.08860007,-1.824484,0.2140166,-0.4444363,-0.8698697,0.0,0.0,0.0,0.0,0.0,0.0,0.0,1.095087,-1.021602,-1.58102,1.186265,0.09029749,-1.824043,0.009673971,0.9659097,-0.2577004,0.02270542,29.88559,177.43,0.4616619,0.4338704,0.04445346,-0.8998776,0.0,0.0,0.0,1.120526,-0.2682669,-2.499586,0.1024855,0.06277561,0.823164,-0.998782,0.006985975,-0.04884874,0.03039075,0.8669939,-0.4973912,0.0388768,-0.4982698,-0.8661502,moving,-10.056661167962709,3.1347196903918384,7.096915895541049,4.361013154206615,-0.06573899999999999,-0.35856438999999996,-0.6755429999999998,-0.17436866071185322,0.0538461567951832,0.9832070923113215,-6.192932886325722,7.672503656169898,17.162007784064194,17.19735449808944,13.696205678562174
05/17/2023 13:14:23.914253,3499,True,True,True,True,Eyes,0.9745286,0.08866195,-1.82504,0.1988527,-0.4444164,-0.873471,0.0,0.0,0.0,0.0,0.0,0.0,0.0,1.147138,-1.002532,-1.566871,1.194703,0.09325745,-1.827585,0.002596741,0.9663099,-0.2570544,0.01270221,29.79211,178.4672,359.9002,0.4372175,0.04429974,-0.8982638,0.0,0.0,0.0,1.118355,-0.2664557,-2.499771,0.1058139,0.06350535,0.8199238,-0.9996638,-0.0015118,-0.02588354,0.01154883,0.8678326,-0.4967224,0.02321353,-0.4968544,-0.8675234,moving,-10.121118300273801,2.9397751859959675,7.353567141932465,4.428873428888156,-0.07634800000000008,-0.35971315000000004,-0.672186,-0.17550544600058768,0.05049020316426819,0.983182840846918,-6.260601603973266,7.601599986489904,17.502851975521015,17.538017130822976,13.978976516587611
05/17/2023 13:14:23.934251,3500,True,True,True,True,Eyes,0.9841757,0.0887602,-1.825653,0.1837028,-0.4442984,-0.8768422,0.0,0.0,0.0,0.0,0.0,0.0,0.0,1.1976,-0.9809183,-1.552634,1.204034,0.09387893,-1.82992,-0.002783905,0.9667987,-0.2555095,0.002723638,29.60629,179.5592,359.5535,0.4405836,0.04415401,-0.8966247,0.0,0.0,0.0,1.116182,-0.2646425,-2.499957,0.1091093,0.06475574,0.8166953,-0.9999698,-0.006774781,-0.003843791,-0.00399112,0.8694143,-0.4940676,0.006689047,-0.4940373,-0.869415,moving,-10.224548039606331,2.6910728258425274,7.609572673866109,4.533495563045905,-0.08785200000000004,-0.35852143000000003,-0.6700370000000002,-0.1773168039950087,0.04620682442607653,0.9830685179928679,-6.3567010784399445,7.512533516139526,17.89383750596787,17.929037429970155,14.28045761347742
05/17/2023 13:14:23.944533,3501,True,True,True,True,Eyes,1.223912,0.09059636,-1.842305,-0.2069072,-0.4044,-0.8908704,0.7422937,1.070326,-0.2095872,-2.503593,0.9353751,0.3398153,0.09797449,0.1375879,0.06699449,0.7355145,1.213459,0.09483321,-1.831848,-0.004470224,0.967091,-0.2543505,-0.004565347,29.47219,180.4315,359.5838,0.4439629,0.04401709,-0.894963,0.0,0.0,0.0,1.114043,-0.2628588,-2.500139,0.112144,0.06587493,0.8133391,-0.9999185,-0.00632383,0.01110422,-0.01096862,0.8705716,-0.4919195,-0.006556204,-0.4920011,-0.8705701,moving,11.55686493210141,5.178689073243309,7.85049945614142,4.63046061497966,-0.09941600000000017,-0.35769201,-0.668291,0.1995552424875552,0.08844667883736128,0.9758867297009287,4.167071044730598,7.043397713637434,3.7251548022649525,3.746691805291471,4.403397586417499
05/17/2023 13:14:23.964444,3502,True,True,True,True,Eyes,1.224264,0.09062947,-1.842381,-0.2072907,-0.4043403,-0.8908083,0.7425045,1.07035,-0.209595,-2.50381,0.9369692,0.3392857,0.08350938,0.138017,0.06569922,0.7355645,1.222606,0.09457504,-1.833945,-0.004987094,0.9672575,-0.2535249,-0.01064629,29.37699,181.188,359.7206,0.4590342,0.04366489,-0.8873445,0.7192075,0.005508453,-0.04995703,1.111982,-0.2611393,-2.500315,0.1144019,0.06668723,0.8099875,-0.9997239,-0.004249409,0.0231241,-0.0150458,0.8714005,-0.4903415,-0.01806669,-0.4905539,-0.8712238,moving,10.89903748655247,5.116020941325612,8.039228576677779,4.706614052255016,-0.11062400000000006,-0.35571434,-0.6663700000000001,0.1883524575913902,0.08757674219195737,0.9781889417723946,3.8516656527922555,7.062368601076871,2.8727040926045664,2.888965386053825,4.80471255496055
05/17/2023 13:14:23.984678,3503,True,True,True,True,Eyes,1.224894,0.09070431,-1.84253,-0.2079871,-0.4042527,-0.8906857,0.0,0.0,0.0,0.0,0.0,0.0,0.0,1.291173,-0.9595697,-1.519214,1.231511,0.09539692,-1.835808,-0.005030093,0.9673412,-0.2529459,-0.01562038,29.30951,181.8188,359.8798,0.4715006,0.04335843,-0.8807988,0.6760551,0.005177945,-0.04695961,1.10982,-0.2593359,-2.500499,0.1163605,0.06758583,0.8068302,-0.9994614,-0.001829411,0.03276515,-0.01763386,0.8719862,-0.4892129,-0.02767579,-0.4895272,-0.8715487,moving,10.376314336702523,5.067735318456468,8.206573591731498,4.788322681312378,-0.121691,-0.35473282,-0.6646909999999999,0.17943116392533104,0.08689977857412938,0.9799248855419268,3.601332442163181,7.078025867467276,2.1758537542211434,2.1876577250985196,5.143052277234328
05/17/2023 13:14:23.994845,3504,True,True,True,True,Eyes,1.225841,0.09078822,-1.842743,-0.2089998,-0.4042464,-0.8904516,0.0,0.0,0.0,0.0,0.0,0.0,0.0,1.314482,-0.9612562,-1.507767,1.240222,0.09648116,-1.837872,-0.004623158,0.9671153,-0.2535085,-0.02000432,29.37535,182.3906,0.07891774,0.4818452,0.0430948,-0.8751956,0.6354918,0.004867269,-0.04414203,1.107629,-0.2575079,-2.500686,0.1183864,0.06734782,0.8035951,-0.9991572,0.001200278,0.04103699,-0.01908478,0.8714241,-0.4901589,-0.03634895,-0.4905289,-0.8706668,moving,9.931390996679639,5.135546459274827,8.380586835573329,4.790658090982095,-0.13259299999999996,-0.35398906,-0.662814,0.17179693908528976,0.08818139828809385,0.9811778498174742,3.409464621959886,7.133325289677082,1.5777731420350363,1.5886917676781322,5.49546591896651
05/17/2023 13:14:24.014106,3505,True,True,True,True,Eyes,1.227075,0.09091287,-1.843004,-0.2102623,-0.4043417,-0.890111,0.0,0.0,0.0,0.0,0.0,0.0,0.0,1.335351,-0.9690959,-1.493627,1.248865,0.09681069,-1.839618,-0.002829607,0.9665965,-0.2551448,-0.02417491,29.56304,182.9847,0.4522793,0.4904631,0.04286925,-0.8704064,0.5973623,0.004575233,-0.04149351,1.105554,-0.2557772,-2.500863,0.1199801,0.06708249,0.8005314,-0.9988154,0.00686603,0.04817868,-0.01780638,0.8697863,-0.4931074,-0.04529085,-0.493381,-0.8686335,moving,9.499379415836662,5.291767194904752,8.523793057175943,4.790049210652296,-0.14331099999999997,-0.35258789,-0.6612449999999999,0.16435257183884752,0.09097337182375351,0.9821975947996172,3.240763076048699,7.221850188019607,1.0849587236822873,1.0970367719120577,5.815845748901353
05/17/2023 13:14:24.034814,3506,True,True,True,True,Eyes,1.228578,0.09109706,-1.843326,-0.2119048,-0.4043935,-0.8896978,0.0,0.0,0.0,0.0,0.0,0.0,0.0,1.352826,-0.9797364,-1.479599,1.257045,0.09794687,-1.841053,-0.0007931431,0.9659804,-0.2571367,-0.02760542,29.78995,183.4963,0.8361361,0.4976765,0.04267859,-0.8663117,0.5615205,0.004300719,-0.0390039,1.103384,-0.2539666,-2.501048,0.1220098,0.06616342,0.797053,-0.9984748,0.01266441,0.05374047,-0.01572905,0.8677602,-0.4967342,-0.05292469,-0.4968218,-0.8662375,moving,9.169658281083288,5.4841369677193175,8.703059058665144,4.745246929854227,-0.15366100000000005,-0.35191347,-0.6599949999999999,0.15864737674994522,0.09435979088651557,0.9828159350276857,3.1262476691636776,7.317601029988829,0.8600274614672575,0.8738840440341566,6.141484420769344
05/17/2023 13:14:24.051253,3507,True,True,True,True,Eyes,1.230344,0.09133357,-1.843704,-0.214116,-0.40428,-0.8892199,0.0,0.0,0.0,0.0,0.0,0.0,0.0,1.372554,-0.9856145,-1.466577,1.264971,0.09956139,-1.842858,0.0006748568,0.9656287,-0.2579952,-0.03161182,29.8818,184.0607,1.164077,0.5037475,0.04252063,-0.8628035,0.5278293,0.004042676,-0.03666367,1.101264,-0.2521984,-2.501228,0.124165,0.06536579,0.7936595,-0.9980004,0.01761472,0.06070235,-0.01500807,0.8668761,-0.4982977,-0.06139879,-0.4982124,-0.8648784,moving,8.817905079118653,5.5655696408446085,8.89163143881937,4.7082535001444334,-0.16370700000000005,-0.35175979,-0.6583699999999997,0.1525888657811232,0.09584911134902092,0.9836308231777019,2.9799757606865116,7.372042457046877,0.8514444770581244,0.8604804130366722,6.484091645228026
05/17/2023 13:14:24.064309,3508,True,True,True,True,Eyes,1.232353,0.09160776,-1.844126,-0.2166336,-0.4040783,-0.8887016,0.0,0.0,0.0,0.0,0.0,0.0,0.0,1.395811,-0.9839162,-1.454674,1.272757,0.1010347,-1.844542,0.0008410211,0.9655424,-0.2577022,-0.0362893,29.84027,184.6626,1.34284,0.508918,0.04239244,-0.8597703,0.4961595,0.003800115,-0.03446385,1.099229,-0.2505001,-2.501402,0.1263206,0.06435493,0.7901355,-0.9973649,0.02032775,0.06964426,-0.01707958,0.8671778,-0.4977058,-0.07051118,-0.4975837,-0.8645455,moving,8.431530590008487,5.545667356914167,9.083130033351756,4.65634652165208,-0.1735279999999999,-0.35153480000000004,-0.6568600000000002,0.14595577233357906,0.09560419765273152,0.9846606892407637,2.7980145089034743,7.389700263686887,1.0998347926961043,1.1024850940473134,6.85375078586583
05/17/2023 13:14:24.094274,3509,True,True,True,True,Eyes,1.234585,0.09191293,-1.84459,-0.2195756,-0.4036442,-0.8881767,0.0,0.0,0.0,0.0,0.0,0.0,0.0,1.422139,-0.9760976,-1.443262,1.280671,0.1021931,-1.845993,7.442378e-05,0.9656512,-0.2564975,-0.04155603,29.69402,185.3036,1.415699,0.5136109,0.04228552,-0.8569803,0.46639,0.003572108,-0.03239601,1.097118,-0.2487398,-2.501582,0.1288458,0.06387332,0.7864877,-0.9965463,0.02146177,0.08021908,-0.0211743,0.8684181,-0.4953804,-0.08029543,-0.495368,-0.8649644,moving,8.020346162099955,5.452697759926497,9.303795651907407,4.642993686927359,-0.18355299999999986,-0.3509329,-0.655589,0.13890559698968624,0.09410274027685744,0.98582444894069,2.59039036756226,7.380825262061697,1.517582483700077,1.517518790235694,7.250209117375576
05/17/2023 13:14:24.094274,3510,True,True,True,True,Eyes,1.237059,0.09223506,-1.845089,-0.2227891,-0.4030694,-0.8876373,0.0,0.0,0.0,0.0,0.0,0.0,0.0,1.449874,-0.9642233,-1.432869,1.288808,0.1031812,-1.847513,-0.00129999,0.9658983,-0.2546164,-0.04700245,29.47142,185.9427,1.410085,0.5178829,0.04219905,-0.8544098,0.4384066,0.003357782,-0.03045225,1.094911,-0.2468987,-2.50177,0.1319647,0.06287801,0.7825278,-0.995578,0.02142388,0.09146117,-0.02644651,0.8703375,-0.4917449,-0.09013718,-0.4919893,-0.8659224,moving,7.616465942638001,5.300822023162054,9.572238663731715,4.59398501696296,-0.19389699999999999,-0.3500799,-0.6542570000000001,0.13198430406144285,0.09157666771461748,0.9870125419963838,2.3746626895448957,7.348769810900926,2.078795230637385,2.0795830086598635,7.706746341038038
05/17/2023 13:14:24.129332,3511,True,True,True,True,Eyes,1.239746,0.09255671,-1.845616,-0.2264691,-0.4022779,-0.8870651,0.0,0.0,0.0,0.0,0.0,0.0,0.0,1.476716,-0.9517013,-1.423128,1.297166,0.1038729,-1.848863,-0.002404873,0.9662086,-0.2523998,-0.05224492,29.20875,186.5618,1.426293,0.5217845,0.0421316,-0.8520361,0.4121022,0.003156315,-0.02862512,1.092743,-0.2450898,-2.501955,0.1348647,0.06228015,0.7787157,-0.9945294,0.021726,0.1021729,-0.03102043,0.8725771,-0.4874905,-0.09974499,-0.487993,-0.8671296,moving,7.25880044413173,5.114783124189144,9.825514333038894,4.572670648741809,-0.20442300000000002,-0.3489627,-0.6530920000000002,0.12585621843753822,0.08844241094669664,0.9880983786788485,2.1735838568379107,7.300518834991563,2.6200747468036365,2.623338735951683,8.123619620577978
05/17/2023 13:14:24.134616,3512,True,True,True,True,Eyes,1.242651,0.09288917,-1.846187,-0.2304243,-0.4013264,-0.8864772,0.0,0.0,0.0,0.0,0.0,0.0,0.0,1.503533,-0.9395337,-1.412315,1.305444,0.1041143,-1.850121,-0.002892086,0.96652,-0.2499891,-0.05776012,28.91902,187.2331,1.524587,0.5253603,0.04208111,-0.8498383,0.387376,0.002966936,-0.02690761,1.090672,-0.2433618,-2.502131,0.1372911,0.0615418,0.7748995,-0.9933107,0.02328828,0.1130986,-0.03446932,0.8749942,-0.4829047,-0.1102066,-0.483573,-0.8683383,moving,6.87532611565717,4.903549041384184,10.04699275016495,4.540846741195553,-0.21477199999999996,-0.3474761,-0.65201,0.11927741898146299,0.08486840685114301,0.9892271297972773,1.955703354185692,7.244249809719385,3.1859549061379053,3.1923380458547976,8.530964320660969
05/17/2023 13:14:24.144597,3513,True,True,True,True,Eyes,1.245775,0.09320778,-1.846791,-0.2346887,-0.400234,-0.885852,0.0,0.0,0.0,0.0,0.0,0.0,0.0,1.530383,-0.9273766,-1.40124,1.313682,0.1046625,-1.851717,-0.003369422,0.9668182,-0.2474665,-0.06333718,28.616,187.9097,1.620987,0.5286503,0.04204616,-0.8477973,0.3641335,0.00278892,-0.02529315,1.088356,-0.2414303,-2.502329,0.1399432,0.06131825,0.7708431,-0.9919544,0.02483242,0.1241387,-0.0378629,0.877498,-0.4780833,-0.1208035,-0.478937,-0.8694977,moving,6.50368323959492,4.687150815366131,10.289729661238376,4.548129951615302,-0.22532599999999992,-0.3460928,-0.650612,0.11289311484176842,0.0811925994194269,0.9902841576984506,1.7422705904368678,7.18521500931556,3.778401661425794,3.788597934249192,8.945013927802067
05/17/2023 13:14:24.164397,3514,True,True,True,True,Eyes,1.249111,0.0935085,-1.847414,-0.2397609,-0.3989977,-0.8850511,0.0,0.0,0.0,0.0,0.0,0.0,0.0,1.558623,-0.9160241,-1.387357,1.322174,0.1046083,-1.853126,-0.003485246,0.9669681,-0.2452269,-0.06945922,28.34224,188.6665,1.779211,0.5316899,0.04202437,-0.8458954,0.3422855,0.002621585,-0.02377556,1.086298,-0.2397133,-2.502504,0.1433239,0.0610849,0.7670156,-0.9903269,0.02732629,0.136039,-0.04080678,0.8797033,-0.4737689,-0.1326203,-0.4747373,-0.8700787,moving,6.111411912338322,4.504510822833004,10.584181412160413,4.553408856306164,-0.23587599999999997,-0.3443216,-0.649378,0.10613697681527855,0.07809395960149312,0.9912800709242486,1.5259032359139773,7.14054243114075,4.459112035037445,4.473036777874323,9.420491688457606
05/17/2023 13:14:24.184431,3515,True,True,True,True,Eyes,1.252651,0.09378346,-1.848061,-0.2450183,-0.3977194,-0.8841861,0.0,0.0,0.0,0.0,0.0,0.0,0.0,1.583413,-0.9093859,-1.373322,1.33079,0.1044377,-1.85426,-0.002755618,0.9669698,-0.2436471,-0.07481913,28.13893,189.3559,2.023088,0.534511,0.04201343,-0.8441163,0.3217483,0.00246429,-0.02234903,1.084303,-0.238049,-2.502675,0.1477084,0.06027618,0.7628437,-0.9887893,0.03112973,0.1460385,-0.04178813,0.881257,-0.4707864,-0.1433529,-0.4716111,-0.8700765,moving,5.800079157939385,4.381525063991266,10.958495554977459,4.517845787409695,-0.2464869999999999,-0.34248670000000003,-0.648415,0.10076531490102848,0.07600866994746949,0.9920024099316357,1.3584575300036459,7.113554057624788,5.143790601961835,5.16021734666909,9.94476905237151
05/17/2023 13:14:24.194514,3516,True,True,True,True,Eyes,1.256415,0.09405827,-1.848743,-0.2509023,-0.3964119,-0.8831226,0.0,0.0,0.0,0.0,0.0,0.0,0.0,1.60687,-0.9053665,-1.35855,1.339327,0.1040772,-1.855464,-0.00201815,0.9667642,-0.2428751,-0.07984203,28.02963,190.0077,2.2647,0.5371417,0.04201088,-0.8424449,0.3024434,0.002316432,-0.02100809,1.08216,-0.2362617,-2.502857,0.1522233,0.0589422,0.7584611,-0.9872425,0.03488112,0.1553571,-0.04268542,0.8820153,-0.4692835,-0.1533965,-0.469928,-0.8692741,moving,5.563647974810709,4.3505672746730255,11.348503162092348,4.443689088007647,-0.2571669999999999,-0.3403389,-0.6473930000000001,0.09667469608744908,0.07550345416270608,0.9924480423596795,1.243454715279416,7.117122035562384,5.768288539989688,5.785604653788401,10.45271485488376
05/17/2023 13:14:24.214598,3517,True,True,True,True,Eyes,1.260353,0.09431916,-1.84944,-0.2572245,-0.395117,-0.8818833,0.0,0.0,0.0,0.0,0.0,0.0,0.0,1.630244,-0.901674,-1.343441,1.347849,0.1043482,-1.856868,-0.001703586,0.9664734,-0.2423727,-0.084746,27.95527,190.6328,2.451805,0.5396073,0.0420156,-0.8408674,0.2842968,0.002177446,-0.0197476,1.079922,-0.2343945,-2.503048,0.1561494,0.05682772,0.7545111,-0.9856307,0.0377873,0.1646353,-0.04437318,0.8825051,-0.4682048,-0.1629837,-0.4687823,-0.8681474,moving,5.375179342710596,4.356101254183244,11.692548128559546,4.307229736028338,-0.267927,-0.3387427,-0.6461800000000002,0.09340878090940445,0.07562300010339777,0.9927517330191473,1.1576642206463115,7.131609380116136,6.300872878948811,6.317557819419257,10.90691979099263
05/17/2023 13:14:24.234105,3518,True,True,True,True,Eyes,1.264477,0.09457041,-1.850156,-0.2636173,-0.3937814,-0.8805919,0.0,0.0,0.0,0.0,0.0,0.0,0.0,1.653418,-0.8958951,-1.329198,1.356486,0.1042446,-1.858027,-0.00180704,0.9662183,-0.2416981,-0.08944887,27.86498,191.2177,2.576906,0.5419298,0.04202607,-0.839372,0.267239,0.002046799,-0.01856274,1.07771,-0.2325491,-2.503237,0.1591996,0.05273616,0.7508047,-0.9839913,0.03974726,0.1737278,-0.04673123,0.8831575,-0.466743,-0.1719807,-0.4673896,-0.8671619,moving,5.222423898641795,4.3512883923037196,11.97160449587379,4.017829148261437,-0.27877600000000013,-0.33679370000000003,-0.6452099999999998,0.09076213496388563,0.07555817561941036,0.9930020962438723,1.086319750117629,7.13976809528501,6.743630002888469,6.757413247796088,11.324130288244408
05/17/2023 13:14:24.244530,3519,True,True,True,True,Eyes,1.268733,0.09480114,-1.85088,-0.2703206,-0.3924374,-0.8791585,0.0,0.0,0.0,0.0,0.0,0.0,0.0,1.676087,-0.8879523,-1.3166,1.365159,0.1042442,-1.859203,-0.002261373,0.9660788,-0.2405695,-0.0938777,27.72594,191.7525,2.641751,0.5441288,0.04204106,-0.8379473,0.2512047,0.001923991,-0.01744898,1.075592,-0.230782,-2.503417,0.1610132,0.04869026,0.7486567,-0.9823638,0.0407989,0.1824745,-0.04953755,0.8842424,-0.4643936,-0.1802985,-0.4652428,-0.8666266,moving,5.127221057708428,4.298638029363685,12.137684615557367,3.7210954059195287,-0.2895669999999999,-0.3350262,-0.6442139999999998,0.08911810444519487,0.07465678203348965,0.9932191783196038,1.0321872710762228,7.125718149739879,7.023199576157669,7.034213159822693,11.615658711240467
05/17/2023 13:14:24.264829,3520,True,True,True,True,Eyes,1.273162,0.09500936,-1.851616,-0.2771132,-0.3910946,-0.8776407,0.0,0.0,0.0,0.0,0.0,0.0,0.0,1.700695,-0.8768774,-1.30311,1.373827,0.1039246,-1.860422,-0.003392353,0.9659054,-0.2392987,-0.09874921,27.57762,192.3208,2.632268,0.5462202,0.04205906,-0.8365846,0.2361324,0.001808552,-0.01640204,1.073478,-0.2290188,-2.503597,0.1609572,0.05023822,0.7454347,-0.9804745,0.04070774,0.1923884,-0.0538145,0.8854492,-0.4616099,-0.1891412,-0.4629498,-0.8659697,moving,5.000893322668062,4.245267005239841,12.1844696674354,3.8555916938630843,-0.300349,-0.3329434,-0.643175,0.08693390940789804,0.07374585055983424,0.9934807270300497,0.9635685270777343,7.1134307910407575,7.1808032695887585,7.194137609845772,11.68426882542418
05/17/2023 13:14:24.294207,3521,True,True,True,True,Eyes,1.277747,0.09519291,-1.852365,-0.2841799,-0.3897638,-0.8759715,0.0,0.0,0.0,0.0,0.0,0.0,0.0,1.725633,-0.8666977,-1.28775,1.382524,0.1035791,-1.861498,-0.004568845,0.9655733,-0.2384847,-0.1037911,27.48376,192.9134,2.628359,0.5482202,0.04207857,-0.8352745,0.2219644,0.001700039,-0.01541792,1.071401,-0.2272861,-2.503774,0.1626604,0.04989839,0.7445935,-0.9784134,0.04068204,0.2026149,-0.05832826,0.8862084,-0.4596005,-0.1982565,-0.4614973,-0.8647051,moving,4.87230687165255,4.2452994321591815,12.322972563442477,3.833902466752511,-0.31112300000000004,-0.33086519999999997,-0.6422759999999998,0.08470398170430293,0.07376063899212836,0.9936723342156658,0.9043073849105578,7.121872473645498,7.448332292521236,7.4620149231934185,11.882620133019707
05/17/2023 13:14:24.314198,3522,True,True,True,True,Eyes,1.282508,0.0953394,-1.853122,-0.2914011,-0.3884216,-0.8741934,0.0,0.0,0.0,0.0,0.0,0.0,0.0,1.752175,-0.8555253,-1.270476,1.391351,0.1031238,-1.862701,-0.005846685,0.9651598,-0.2376395,-0.1093611,27.38705,193.5692,2.62664,0.5501416,0.04209815,-0.8340093,0.2086466,0.001598036,-0.01449284,1.069205,-0.2254541,-2.503962,0.1604208,0.05576363,0.7419012,-0.976012,0.04069109,0.2138808,-0.06326304,0.8869865,-0.4574415,-0.2083231,-0.4599991,-0.8631352,moving,4.695245878661592,4.24661329718472,12.201186576904893,4.298448644087839,-0.32214600000000004,-0.3285779,-0.6412610000000001,0.0816325836793042,0.07380240400832144,0.9939262384481876,0.8229531077060663,7.133985641220307,7.485653220374355,7.506119681215702,11.726229869045865
05/17/2023 13:14:24.331260,3523,True,True,True,True,Eyes,1.287434,0.09545497,-1.853877,-0.2989678,-0.3870352,-0.8722512,0.0,0.0,0.0,0.0,0.0,0.0,0.0,1.780131,-0.8435947,-1.250767,1.400418,0.1023641,-1.863676,-0.006950935,0.964671,-0.236688,-0.1155016,27.27473,194.3009,2.661011,0.5519971,0.04211595,-0.8327814,0.1961278,0.001502154,-0.01362327,1.06713,-0.2237229,-2.504139,0.1603673,0.05793932,0.7410737,-0.9732223,0.04126496,0.2261325,-0.06808642,0.887861,-0.4550464,-0.2195517,-0.4582578,-0.8612765,moving,4.471227243792065,4.235747189548863,12.210450641588471,4.470458577127412,-0.33328800000000003,-0.326087,-0.6404629999999998,0.07774681261402644,0.07363685347855844,0.9942500662888872,0.7175836624129803,7.144483009075051,7.718837142847583,7.7427816859613445,11.799847374592405
05/17/2023 13:14:24.334402,3524,True,True,True,True,Eyes,1.29252,0.09554041,-1.854644,-0.3066665,-0.3856314,-0.8701977,0.0,0.0,0.0,0.0,0.0,0.0,0.0,1.809236,-0.831145,-1.228673,1.409611,0.1017247,-1.864516,-0.007947619,0.9641042,-0.2356207,-0.1221604,27.14651,195.0998,2.72095,0.5537981,0.04213063,-0.831584,0.1843601,0.001412025,-0.01280588,1.065018,-0.2219609,-2.504319,0.1568768,0.06259033,0.73983,-0.9700276,0.04224234,0.2392958,-0.07289167,0.8888395,-0.4523839,-0.2318053,-0.4562674,-0.8591198,moving,4.194744169888186,4.2120611566537285,11.971920240475601,4.8357629859991755,-0.3445929999999999,-0.3236856,-0.6398030000000001,0.07295019634259887,0.07325243912887294,0.9946417973264281,0.5855362711671024,7.153478933308527,7.771608747529123,7.802145320669589,11.619877241560586
05/17/2023 13:14:24.344561,3525,True,True,True,True,Eyes,1.297729,0.09559266,-1.855403,-0.3146434,-0.3841937,-0.8679832,0.0,0.0,0.0,0.0,0.0,0.0,0.0,1.836627,-0.8187837,-1.208138,1.418647,0.1010682,-1.865591,-0.009034352,0.9635528,-0.2345574,-0.128325,27.02219,195.8336,2.753131,0.5555546,0.04214097,-0.8304111,0.1732985,0.001327303,-0.01203752,1.062841,-0.2201452,-2.504504,0.1543442,0.06555268,0.7392676,-0.9669021,0.042789,0.251534,-0.07760931,0.8898023,-0.4496982,-0.2430576,-0.4543356,-0.857031,moving,3.9937784280983113,4.190320884090283,11.792807645331282,5.067304628849747,-0.35580600000000007,-0.3212134,-0.6389129999999998,0.06946287309464692,0.07289322394494341,0.9949178815006992,0.48867484692699126,7.158274364520856,7.813231187768595,7.848181777955061,11.495893734697276
05/17/2023 13:14:24.364380,3526,True,True,True,True,Eyes,1.303118,0.09561452,-1.856158,-0.3228115,-0.3827749,-0.8656074,0.0,0.0,0.0,0.0,0.0,0.0,0.0,1.866265,-0.8046202,-1.184441,1.427939,0.100264,-1.866601,-0.01053693,0.9628178,-0.2336505,-0.1351976,26.92186,196.6463,2.757025,0.5572737,0.04214584,-0.8292581,0.1629006,0.001247665,-0.01131527,1.060667,-0.2183313,-2.50469,0.1519877,0.06437796,0.7391066,-0.9632213,0.04288769,0.2652653,-0.08346827,0.8905929,-0.4470766,-0.2554174,-0.4527748,-0.8542582,moving,3.731495229290124,4.197520298525644,11.620149982666476,4.97803620531544,-0.36727200000000004,-0.3185953,-0.6380890000000001,0.06490701664054391,0.0730406913397879,0.9952146482726477,0.36918638496521794,7.178242287667835,7.893922261693798,7.927173449516493,11.464078187173154
05/17/2023 13:14:24.384473,3527,True,True,True,True,Eyes,1.308669,0.09560689,-1.856895,-0.3312805,-0.3812774,-0.8630648,0.0,0.0,0.0,0.0,0.0,0.0,0.0,1.897675,-0.7885878,-1.158011,1.43779,0.09954423,-1.867319,-0.01239151,0.9619465,-0.2327529,-0.1425892,26.82875,197.5148,2.732155,0.5589648,0.04214427,-0.8281192,0.1531266,0.001172805,-0.01063635,1.058645,-0.2166444,-2.504862,0.150083,0.06407395,0.7392425,-0.9590298,0.04253614,0.2800946,-0.09021601,0.8913451,-0.4442578,-0.268558,-0.4513254,-0.850989,moving,3.4347487649056565,4.220315079289949,11.476361521457315,4.953739561199344,-0.37914499999999984,-0.31618862999999997,-0.6375430000000002,0.05974990449423723,0.0734603273837308,0.9955067069807488,0.23684999591675338,7.206479615818975,8.042063450742312,8.074988990518715,11.463047460708117
05/17/2023 13:14:24.394154,3528,True,True,True,True,Eyes,1.314408,0.09556361,-1.857629,-0.3398341,-0.3797808,-0.8603948,0.0,0.0,0.0,0.0,0.0,0.0,0.0,1.927659,-0.772251,-1.133017,1.448044,0.09878452,-1.867988,-0.01424356,0.961127,-0.231712,-0.1494714,26.72235,198.3179,2.688029,0.5606348,0.04213547,-0.8269901,0.143939,0.001102437,-0.009998173,1.056295,-0.2146844,-2.505062,0.1516332,0.06343371,0.7393934,-0.9549108,0.04188888,0.2939227,-0.09664837,0.8922133,-0.4411513,-0.2807211,-0.4496674,-0.8479357,moving,3.2024627618831634,4.225243276301041,11.589406091522923,4.9034873748458345,-0.3917490000000001,-0.31346892,-0.6370740000000001,0.05571305673003704,0.07356314636396954,0.995733097895876,0.13074544928085574,7.223605845723595,8.381338854455361,8.414323114297412,11.691186998460658
05/17/2023 13:14:24.414236,3529,True,True,True,True,Eyes,1.320328,0.09548982,-1.858353,-0.3485524,-0.3781242,-0.8576325,0.0,0.0,0.0,0.0,0.0,0.0,0.0,1.955351,-0.7570691,-1.109918,1.45837,0.09787101,-1.868703,-0.01578623,0.9603723,-0.2306321,-0.1557066,26.60912,199.0479,2.660449,0.5622908,0.04211844,-0.8258658,0.1353026,0.001036291,-0.009398283,1.054376,-0.2130839,-2.505226,0.1539677,0.06359378,0.7387984,-0.9510124,0.04150056,0.3063543,-0.1021432,0.8931193,-0.4380692,-0.2917911,-0.4479013,-0.8451286,moving,3.0490111290097337,4.22644780235828,11.772106792487508,4.919739958860086,-0.40399399999999996,-0.31095491,-0.636523,0.053045935646057474,0.07359479579267222,0.9958765616135962,0.06025179581586082,7.234129218834091,8.716308893715725,8.750602948851679,11.938339294464102
05/17/2023 13:14:24.434493,3530,True,True,True,True,Eyes,1.326421,0.09538314,-1.859077,-0.3573367,-0.3764725,-0.8547391,0.0,0.0,0.0,0.0,0.0,0.0,0.0,1.982032,-0.7404888,-1.088234,1.468769,0.09703802,-1.869313,-0.01749566,0.9597099,-0.2292102,-0.1615969,26.46206,199.7254,2.592793,0.5639393,0.04209249,-0.8247423,0.1271845,0.0009741134,-0.008834386,1.052261,-0.2113193,-2.505406,0.1577744,0.06328434,0.7386936,-0.9471607,0.04049782,0.3181926,-0.1076608,0.8943132,-0.4342961,-0.3021519,-0.4456051,-0.8426982,moving,2.944829146777437,4.1916408132142635,12.056405319593194,4.896608930326407,-0.4165080000000001,-0.30835732,-0.6360929999999998,0.05123728113865458,0.07299668576114314,0.9960151677466349,0.005455141485363413,7.227544477841328,9.103532732042513,9.13880738385313,12.27430897125805
05/17/2023 13:14:24.444502,3531,True,True,True,True,Eyes,1.332716,0.09523436,-1.859782,-0.366308,-0.3746255,-0.8517477,0.0,0.0,0.0,0.0,0.0,0.0,0.0,2.009926,-0.7210321,-1.065181,1.47911,0.09612939,-1.870106,-0.01982509,0.9589386,-0.2277167,-0.167895,26.32036,200.4367,2.45813,0.5655855,0.04205695,-0.8236162,0.1195534,0.0009156666,-0.008304323,1.050016,-0.2094459,-2.505598,0.1622777,0.06432945,0.7383463,-0.9428363,0.03844292,0.3310311,-0.1144871,0.8955042,-0.4300756,-0.3129731,-0.4433897,-0.8399126,moving,2.816776945136747,4.17840857628655,12.395687231803855,4.979400457662908,-0.42909399999999986,-0.30557529,-0.635492,0.04901192449639144,0.07277479461644222,0.9961433737646578,-0.0561426420296236,7.2308391147725235,9.573942159560449,9.612341560413247,12.653736334917818
05/17/2023 13:14:24.464714,3532,True,True,True,True,Eyes,1.339205,0.09507006,-1.860463,-0.3753554,-0.3728421,-0.8485853,0.0,0.0,0.0,0.0,0.0,0.0,0.0,2.038054,-0.7021232,-1.039685,1.490103,0.09495515,-1.870337,-0.02202352,0.9580047,-0.2265866,-0.1743577,26.22019,201.1778,2.352072,0.5672351,0.04201075,-0.8224833,0.1123802,0.0008607266,-0.007806064,1.047985,-0.2077517,-2.505771,0.166457,0.06715783,0.7380064,-0.9382289,0.03681698,0.3440514,-0.1212115,0.8963469,-0.4264622,-0.3240905,-0.4418221,-0.8365159,moving,2.671543976892863,4.20183538492336,12.710348799435739,5.199536944786244,-0.442118,-0.30270685,-0.6354340000000003,0.04648533165954957,0.07319093458113846,0.9962339686305123,-0.11852108203781775,7.249387903202261,10.04402184736901,10.088261032886834,12.9916046502154
05/17/2023 13:14:24.484452,3533,True,True,True,True,Eyes,1.345869,0.09489415,-1.86111,-0.3845986,-0.3709024,-0.8452901,0.0,0.0,0.0,0.0,0.0,0.0,0.0,2.06664,-0.6831492,-1.011982,1.501321,0.09441702,-1.870541,-0.02447542,0.9569015,-0.2257348,-0.1810649,26.15973,201.9475,2.228651,0.5688927,0.04195419,-0.8213405,0.1056374,0.000809083,-0.0073377,1.045811,-0.2059387,-2.505956,0.1713302,0.06990248,0.7381199,-0.933233,0.03490417,0.3575724,-0.1285864,0.8968895,-0.4231487,-0.3354726,-0.4408752,-0.8325188,moving,2.5128485317265374,4.275381146883563,13.067913846082698,5.409971319299459,-0.45550999999999986,-0.30035572,-0.6354149999999998,0.04372165122553048,0.0744789617862454,0.996263684006943,-0.17734545934359813,7.288134367892414,10.565624830764282,10.615870131537369,13.377757304760836
05/17/2023 13:14:24.494870,3534,True,True,True,True,Eyes,1.352724,0.09473895,-1.861717,-0.3939086,-0.3690069,-0.8418254,0.0,0.0,0.0,0.0,0.0,0.0,0.0,2.095259,-0.665112,-0.9820745,1.51281,0.09396701,-1.870703,-0.0265317,0.9556944,-0.2248925,-0.1880636,26.09343,202.7661,2.161727,0.5705628,0.04188768,-0.8201846,0.0,0.0,0.0,1.043736,-0.2042078,-2.506133,0.1751791,0.0704987,0.7385777,-0.9278564,0.03387578,0.3713962,-0.1353006,0.8974389,-0.4198776,-0.3475291,-0.4398362,-0.8281111,moving,2.3185488905878953,4.339151744100721,13.343099557040253,5.452476029391703,-0.469074,-0.29817481,-0.6354300000000002,0.04033950111878659,0.07559853073968968,0.996322070560628,-0.2544837660429522,7.325447564961954,11.028083524661604,11.08062310348086,13.725971535787435
05/17/2023 13:14:24.514414,3535,True,True,True,True,Eyes,1.359755,0.09460374,-1.8623,-0.4034399,-0.3669291,-0.8382119,0.0,0.0,0.0,0.0,0.0,0.0,0.0,2.122479,-0.6476234,-0.952198,1.524297,0.09430155,-1.870465,-0.02848211,0.9545193,-0.2239106,-0.1947964,26.01143,203.5529,2.095445,0.572249,0.04181305,-0.8190129,0.0,0.0,0.0,1.041567,-0.2023983,-2.506318,0.1783236,0.0701879,0.7394199,-0.9224862,0.03286053,0.3846288,-0.1416074,0.8981056,-0.4163575,-0.359119,-0.4385504,-0.8238367,moving,2.167497873628393,4.395423901619118,13.558933285357046,5.422435915370909,-0.4827300000000001,-0.29669985,-0.6358529999999998,0.03770987250856578,0.07658488039162203,0.9963496516039032,-0.3131482126334417,7.3570359006075465,11.384750958274562,11.437637623914128,14.00633150363676
05/17/2023 13:14:24.544318,3536,True,True,True,True,Eyes,1.366966,0.09458753,-1.862921,-0.4131357,-0.3650292,-0.8343096,0.0,0.0,0.0,0.0,0.0,0.0,0.0,2.153323,-0.6252848,-0.9161961,1.535862,0.09455463,-1.870663,-0.03131003,0.9529405,-0.2229258,-0.2030476,25.94988,204.5099,1.966531,0.5739549,0.04173182,-0.8178226,0.0,0.0,0.0,1.039417,-0.2006043,-2.506501,0.1809372,0.06935665,0.7406843,-0.915583,0.03085588,0.4009441,-0.1502023,0.8986476,-0.4121552,-0.3730249,-0.4375849,-0.8181519,moving,1.8672591741492364,4.469444396146021,13.727584502720832,5.349498535445199,-0.496445,-0.29515893000000004,-0.6358380000000001,0.03248506858465261,0.0778863015592538,0.9964328258682374,-0.4371195949351776,7.405243859691192,11.840488821173965,11.89293118569407,14.313103472423869
05/17/2023 13:14:24.554165,3537,True,True,True,True,Eyes,1.374406,0.09493549,-1.863513,-0.4230035,-0.3632207,-0.8301438,0.0,0.0,0.0,0.0,0.0,0.0,0.0,2.185,-0.606655,-0.8760903,1.547463,0.09741478,-1.872341,-0.03454835,0.9508965,-0.2231037,-0.2117236,26.03541,205.5293,1.834806,0.575681,0.04164959,-0.8166127,0.0,0.0,0.0,1.037266,-0.19881,-2.506685,0.1836708,0.06796241,0.7420413,-0.9079587,0.02876884,0.4180702,-0.1601765,0.8980623,-0.4096677,-0.3872388,-0.4389265,-0.8107955,moving,1.5271692984651675,4.6846967057081255,13.902484189417308,5.2330317018136965,-0.510197,-0.29622477999999997,-0.634344,0.026562004434649955,0.08164349297618191,0.9963075662536351,-0.5519584428795148,7.510493024250453,12.336628275282148,12.387456959286514,14.632762619736415
05/17/2023 13:14:24.564514,3538,True,True,True,True,Eyes,1.38214,0.09505534,-1.864098,-0.4332063,-0.3617095,-0.8255292,0.0,0.0,0.0,0.0,0.0,0.0,0.0,2.219421,-0.5873913,-0.8248813,1.560292,0.1065247,-1.872279,-0.04005352,0.9479993,-0.225145,-0.221366,26.39823,206.6432,1.518561,0.577431,0.041582,-0.8153797,0.0,0.0,0.0,1.035091,-0.1969958,-2.50687,0.1868736,0.06637111,0.7435404,-0.8987857,0.02373745,0.4377452,-0.1756203,0.895411,-0.4091415,-0.4016739,-0.4446075,-0.8006137,moving,1.1162506266803018,5.162251911148833,14.107912202915472,5.100909526799314,-0.525201,-0.30352049999999997,-0.6345910000000001,0.019402028262132054,0.0899595031484644,0.9957563807956125,-0.6483679471668107,7.721473236856043,12.94267653514143,12.991806394783714,14.987166444200808
05/17/2023 13:14:24.585641,3539,True,True,True,True,Eyes,1.390063,0.09553107,-1.864655,-0.4430164,-0.3597372,-0.8211734,0.0,0.0,0.0,0.0,0.0,0.0,0.0,2.250709,-0.5935514,-0.7624018,1.575203,0.1011872,-1.872898,-0.03720962,0.9442379,-0.2304367,-0.2322268,26.90138,208.1994,2.362288,0.5792101,0.04151741,-0.8141201,0.0,0.0,0.0,1.032967,-0.1952239,-2.507051,0.1893855,0.06470773,0.7452185,-0.8893725,0.03675769,0.4557037,-0.1772966,0.8910288,-0.4178919,-0.4214058,-0.4524562,-0.7859395,moving,0.3784799952728466,5.806722818618098,14.25896371604314,4.9625769976963126,-0.5422359999999999,-0.29641110000000004,-0.6341530000000002,0.006571781205717719,0.10117085327393122,0.9948474288753871,-0.8629268086397901,8.018206550576316,13.856335681056068,13.906128522689157,15.4275223222956
05/17/2023 13:14:24.594226,3540,True,True,True,True,Eyes,1.398142,0.09609205,-1.865266,-0.4529732,-0.3576139,-0.8166564,0.0,0.0,0.0,0.0,0.0,0.0,0.0,2.264365,-0.5911911,-0.7477479,1.586913,0.1101473,-1.872314,-0.0377559,0.9441606,-0.2288461,-0.2340191,26.73124,208.3876,2.298117,0.5810196,0.04147063,-0.8128321,0.0,0.0,0.0,1.030987,-0.1935717,-2.50722,0.1916417,0.0623886,0.746944,-0.8876191,0.03581343,0.4591837,-0.178404,0.892408,-0.4144636,-0.4246225,-0.449806,-0.7857292,moving,0.8214812070739008,5.748343710292738,14.389858328637505,4.774555273249653,-0.5559259999999999,-0.303719,-0.6349059999999997,0.01426498085266617,0.10014911296061753,0.9948702239723954,-0.6701083286132312,7.96666810829909,13.558871692012483,13.603276136030226,15.39455033670004
05/17/2023 13:14:24.614474,3541,True,True,True,True,Eyes,1.406406,0.09666045,-1.865916,-0.4629134,-0.3548656,-0.8122694,0.0,0.0,0.0,0.0,0.0,0.0,0.0,2.29354,-0.5584999,-0.7141354,1.598854,0.112703,-1.874354,-0.04103271,0.9430318,-0.2241138,-0.2424463,26.26921,209.3026,1.999079,0.5828582,0.0414432,-0.811516,0.0,0.0,0.0,1.028637,-0.1916116,-2.50742,0.1935932,0.06137702,0.7488434,-0.8790721,0.03128083,0.4756612,-0.1860615,0.8961787,-0.4027965,-0.4388772,-0.4425893,-0.7819855,moving,0.5450088464834316,5.468062975644335,14.49491730129229,4.68562725480285,-0.570217,-0.3043146,-0.6330660000000001,0.009468774305546213,0.09528662517702711,0.9954048369958846,-0.8521147027785498,7.876775160920536,13.927485244719245,13.971834222992927,15.675293180438251
05/17/2023 13:14:24.634514,3542,True,True,True,True,Eyes,1.414816,0.0972466,-1.866561,-0.472858,-0.3520833,-0.8077393,0.0,0.0,0.0,0.0,0.0,0.0,0.0,2.316295,-0.5409838,-0.6841114,1.610987,0.1133168,-1.875573,-0.04045299,0.9423473,-0.2195119,-0.2493185,25.71432,210.1209,2.11275,0.5847257,0.04143316,-0.8101719,0.0,0.0,0.0,1.026759,-0.1900451,-2.507581,0.1960454,0.0607641,0.7509037,-0.8724078,0.03321519,0.487649,-0.1856983,0.9003562,-0.3935415,-0.4521294,-0.4338843,-0.7793098,moving,0.39904506482677393,5.088226098126465,14.632123767125035,4.626368048784135,-0.584228,-0.30336189999999996,-0.6320080000000001,0.006937150367968797,0.08868748619735306,0.996035401380968,-0.9933531773054609,7.739959420064444,14.196361527510744,14.2405702906716,15.932670239738227
05/17/2023 13:14:24.645022,3543,True,True,True,True,Eyes,1.423443,0.09778787,-1.867223,-0.4827887,-0.3491469,-0.803126,0.0,0.0,0.0,0.0,0.0,0.0,0.0,2.337914,-0.525347,-0.6521881,1.622998,0.1142964,-1.876164,-0.0411782,0.9410754,-0.2175065,-0.2556805,25.49529,210.884,2.140993,0.5866218,0.04143927,-0.8087997,0.0,0.0,0.0,1.024479,-0.1881431,-2.507775,0.1992975,0.06181535,0.7526561,-0.8658639,0.03372072,0.4991423,-0.1887279,0.9019905,-0.388323,-0.4633162,-0.4304368,-0.7746372,moving,0.30954726080822736,5.052131051809052,14.831104184197784,4.695142128080993,-0.598519,-0.30243950000000003,-0.6316110000000001,0.005381603691835657,0.08806082130547432,0.9961004912136171,-1.0416324794441127,7.731915691901335,14.479475529291722,14.525944257462497,16.160623839172786
05/17/2023 13:14:24.664244,3544,True,True,True,True,Eyes,1.432194,0.09833883,-1.867904,-0.4927062,-0.3463418,-0.7983031,0.0,0.0,0.0,0.0,0.0,0.0,0.0,2.360981,-0.5098951,-0.6137671,1.635918,0.1137296,-1.876639,-0.04202117,0.9391949,-0.2168446,-0.2629171,25.43044,211.7805,2.226912,0.5885477,0.04145767,-0.8073984,0.0,0.0,0.0,1.02247,-0.1864669,-2.507946,0.2025242,0.06263018,0.7545921,-0.8582176,0.03509216,0.512085,-0.1929565,0.9024252,-0.3852226,-0.4756367,-0.4294149,-0.767706,moving,0.10908719181250845,5.166357821948879,15.023507155862431,4.744601571600955,-0.613448,-0.3001965,-0.6313070000000001,0.0018961946125743978,0.09004764715258166,0.9959355938531196,-1.1117854345269504,7.789077856316914,14.871542102272223,14.920382072814304,16.42000313111031
05/17/2023 13:14:24.684728,3545,True,True,True,True,Eyes,1.441116,0.09890638,-1.868609,-0.5024638,-0.3433625,-0.7934937,0.0,0.0,0.0,0.0,0.0,0.0,0.0,2.381713,-0.4979753,-0.5779572,1.647763,0.1145173,-1.877853,-0.04307221,0.9372749,-0.2170216,-0.2693739,25.46901,212.5885,2.296648,0.5905022,0.04148728,-0.8059685,0.0,0.0,0.0,1.020305,-0.1846607,-2.508131,0.2063749,0.06399286,0.7565936,-0.8511651,0.03617894,0.52365,-0.1976609,0.9020928,-0.3836127,-0.4862596,-0.4300228,-0.7606787,moving,-0.014721265576992063,5.391858652522423,15.257317198020985,4.834583494519342,-0.6274580000000001,-0.299178,-0.6302780000000001,-0.0002557976910556592,0.09396684323888088,0.9955752586297233,-1.1249412942832813,7.884098838624594,15.23016606070641,15.282202538748901,16.6636711784231
05/17/2023 13:14:24.694518,3546,True,True,True,True,Eyes,1.450121,0.09945454,-1.869309,-0.5121346,-0.3403666,-0.7885866,0.0,0.0,0.0,0.0,0.0,0.0,0.0,2.399224,-0.4940771,-0.5451386,1.659916,0.1154664,-1.878539,-0.04223323,0.9357573,-0.2169094,-0.2748178,25.41439,213.3085,2.549704,0.5924847,0.04152736,-0.8045102,0.0,0.0,0.0,1.018104,-0.1828246,-2.508318,0.2107751,0.06479916,0.7586713,-0.8453829,0.040181,0.5326472,-0.1982612,0.9023334,-0.3827362,-0.496004,-0.4291619,-0.754851,moving,-0.04402317463919808,5.522293051480251,15.526429710066605,4.881863166613203,-0.641812,-0.298291,-0.6297790000000001,-0.000764783269007363,0.09623301762966782,0.9953585876641239,-1.1130489062803564,7.93628733155389,15.529515595365417,15.583618112372816,16.917498503125138
05/17/2023 13:14:24.714246,3547,True,True,True,True,Eyes,1.459182,0.1000147,-1.869999,-0.5215557,-0.3372058,-0.783755,0.0,0.0,0.0,0.0,0.0,0.0,0.0,2.413548,-0.4968675,-0.5145369,1.671006,0.115534,-1.879156,-0.03986086,0.9344301,-0.2168797,-0.2796692,25.31621,213.9911,2.968589,0.5944932,0.04157587,-0.8030246,0.0,0.0,0.0,1.015968,-0.1810428,-2.508501,0.2145882,0.06609315,0.7608277,-0.8403927,0.04681478,0.5399526,-0.1958035,0.9027486,-0.3830221,-0.5053726,-0.4276136,-0.7494969,moving,-0.0382984792114775,5.618591652912352,15.750878713007182,4.964824129446961,-0.655038,-0.2965768,-0.6293449999999998,-0.0006652231412692666,0.09790580985967215,0.995195463039811,-1.0916591180434339,7.973024256668939,15.746050638050354,15.802706362582834,17.10907211381697
05/17/2023 13:14:24.734733,3548,True,True,True,True,Eyes,1.468282,0.1005558,-1.870686,-0.5308895,-0.3340911,-0.7788064,0.0,0.0,0.0,0.0,0.0,0.0,0.0,2.427219,-0.4980809,-0.4846079,1.68155,0.116333,-1.879675,-0.03813194,0.9330715,-0.2169256,-0.284371,25.24574,214.6405,3.309464,0.596525,0.04163232,-0.8015136,0.0,0.0,0.0,1.013877,-0.1792989,-2.508679,0.2180522,0.06825843,0.7632549,-0.8353581,0.05221506,0.5472206,-0.1945344,0.9029784,-0.3831269,-0.5141334,-0.4265014,-0.7441528,moving,-0.008092182008158873,5.738069365951011,15.943964222448072,5.110407262089052,-0.6676730000000002,-0.2956319,-0.6290039999999999,-0.00014052753553006614,0.09998087395811765,0.9949893155632389,-1.0544719675929572,8.017089267207762,15.903912041271333,15.964399871200216,17.24516260247428
05/17/2023 13:14:24.754313,3549,True,True,True,True,Eyes,1.477418,0.1010941,-1.871374,-0.53999,-0.3309287,-0.7738844,0.0,0.0,0.0,0.0,0.0,0.0,0.0,2.4412,-0.4947956,-0.4547534,1.691685,0.116406,-1.880353,-0.03724127,0.93161,-0.2168746,-0.2892773,25.19062,215.2948,3.553445,0.5985771,0.04169497,-0.799979,0.0,0.0,0.0,1.011633,-0.1774265,-2.50887,0.2209903,0.07076216,0.7658879,-0.8298637,0.05608511,0.5551406,-0.1948625,0.9031569,-0.3825391,-0.5228338,-0.4256313,-0.7385683,moving,-0.003274046052529811,5.876476801313111,16.095035868891298,5.27870376784187,-0.6800520000000001,-0.2938325,-0.628517,-5.6842595875850055e-05,0.10238414903912374,0.994744968291624,-1.025300627034934,8.070113801640407,16.04439408224198,16.10940454259946,17.34640861131015
05/17/2023 13:14:24.764453,3550,True,True,True,True,Eyes,1.486558,0.1016318,-1.872064,-0.5489873,-0.3278142,-0.7688633,0.0,0.0,0.0,0.0,0.0,0.0,0.0,2.454912,-0.4870557,-0.427726,1.701539,0.1169093,-1.880921,-0.03742565,0.930272,-0.2165315,-0.2937818,25.14156,215.8661,3.647698,0.6006468,0.04176294,-0.7984226,0.0,0.0,0.0,1.009602,-0.1757323,-2.509043,0.2229366,0.07337034,0.7690837,-0.8245834,0.05759393,0.5628015,-0.196858,0.9034269,-0.3808763,-0.5303861,-0.4248562,-0.733613,moving,0.06269486191467198,6.013240327147722,16.16544675284633,5.449506879983059,-0.6919369999999998,-0.2926416,-0.6281220000000001,0.001088210766716946,0.10475821874884446,0.9944971145115087,-0.9682640638474143,8.1184961986857,16.043469577878543,16.11261660501966,17.340344585198903
05/17/2023 13:14:24.784426,3551,True,True,True,True,Eyes,1.495694,0.1021833,-1.872767,-0.5577883,-0.3246463,-0.7638566,0.0,0.0,0.0,0.0,0.0,0.0,0.0,2.468885,-0.4741997,-0.4018028,1.710837,0.1174284,-1.881742,-0.03837832,0.9290104,-0.215391,-0.2984521,25.03103,216.4246,3.623247,0.6027307,0.04183559,-0.7968468,0.0,0.0,0.0,1.006907,-0.1734841,-2.509273,0.2247212,0.07641517,0.7728418,-0.8189069,0.05726005,0.5710628,-0.1998755,0.9042677,-0.3772927,-0.5379974,-0.4231091,-0.7290662,moving,0.1139365144277781,6.091629150246168,16.212981923565405,5.646798583926538,-0.70393,-0.2909125,-0.6275309999999998,0.00197733744220574,0.10611858646641616,0.9943514714763333,-0.9293821940366056,8.145347176300238,16.031125421176366,16.105189763495726,17.323492506099964
05/17/2023 13:14:24.802118,3552,True,True,True,True,Eyes,1.504829,0.1027285,-1.873498,-0.5665278,-0.3215368,-0.7587228,0.0,0.0,0.0,0.0,0.0,0.0,0.0,2.484127,-0.4531098,-0.3750885,1.719964,0.1182162,-1.882721,-0.0407182,0.927674,-0.2134171,-0.303671,24.87834,217.0053,3.416944,0.6048253,0.0419129,-0.7952541,0.0,0.0,0.0,1.003685,-0.1707965,-2.509548,0.2276177,0.07988496,0.7762676,-0.8122517,0.05407075,0.5807952,-0.2051636,0.9055904,-0.3712331,-0.5460354,-0.4206929,-0.724474,moving,0.12187024009438371,6.125900634555578,16.342227263993458,5.875571098625473,-0.7162790000000001,-0.2890127,-0.626827,0.0021148895616205365,0.10671331091021306,0.9942875568383838,-0.9190521020995555,8.15803487147043,16.141635703730348,16.222288582666472,17.41153084104491
05/17/2023 13:14:24.817140,3553,True,True,True,True,Eyes,1.513971,0.1032735,-1.874264,-0.5750359,-0.3183888,-0.7536327,0.0,0.0,0.0,0.0,0.0,0.0,0.0,2.499061,-0.4334036,-0.3477807,1.729143,0.1185791,-1.884171,-0.04278349,0.9262382,-0.211698,-0.3089278,24.7462,217.604,3.253579,0.6069272,0.04199402,-0.7936467,0.0,0.0,0.0,1.002621,-0.1699092,-2.509638,0.227512,0.08237335,0.7802814,-0.8054662,0.05154338,0.5903957,-0.2100542,0.9067071,-0.3657315,-0.554167,-0.4185995,-0.719495,moving,0.10487059406107464,6.184518514963862,16.25546242568139,6.0263239667627735,-0.7265220000000001,-0.28848830000000003,-0.6254669999999998,0.0018196837765649398,0.1077305488309638,0.9941784439239632,-0.9154734701098757,8.181739791556584,16.066835244762924,16.151366568395424,17.305688570962573
05/17/2023 13:14:24.837110,3554,True,True,True,True,Eyes,1.523109,0.103819,-1.875064,-0.5834138,-0.3152814,-0.7484824,0.0,0.0,0.0,0.0,0.0,0.0,0.0,2.512546,-0.4185168,-0.3226264,1.738493,0.118907,-1.885639,-0.04410444,0.9249417,-0.2103965,-0.3134818,24.63657,218.1384,3.173662,0.6090335,0.04207839,-0.792027,0.0,0.0,0.0,1.0012,-0.1687234,-2.50976,0.2273476,0.08567737,0.7850352,-0.7995678,0.05032288,0.5984637,-0.213499,0.9075762,-0.3615572,-0.5613459,-0.4168609,-0.7149249,moving,0.15410120638884303,6.259745569317773,16.151111032488124,6.228509734747264,-0.737293,-0.2876304,-0.6241209999999999,0.002673534468521588,0.10903556087733048,0.9940342172197956,-0.8781341765423225,8.207504094807563,15.907549726481848,15.997040321686955,17.143850532084002
05/17/2023 13:14:24.848412,3555,True,True,True,True,Eyes,1.532211,0.1043641,-1.875866,-0.5914752,-0.3121368,-0.7434566,0.0,0.0,0.0,0.0,0.0,0.0,0.0,2.524396,-0.4093217,-0.3006999,1.747571,0.1196325,-1.887387,-0.0445741,0.9238814,-0.2093416,-0.3172259,24.52523,218.5922,3.179159,0.6111414,0.04216557,-0.790397,0.0,0.0,0.0,0.9989812,-0.1668724,-2.509949,0.229,0.08958061,0.7898606,-0.7947617,0.05045476,0.6048207,-0.2151795,0.9083785,-0.3585335,-0.5674958,-0.4150938,-0.7110876,moving,0.2695083157283074,6.33205345043982,16.168172730648852,6.470449463121857,-0.7485898,-0.2865049,-0.6225620000000003,0.004675094884685815,0.11028914893989089,0.9938885537759119,-0.8108615454038133,8.227805341367642,15.80324162824044,15.899266764055099,17.06973651320302
05/17/2023 13:14:24.864442,3556,True,True,True,True,Eyes,1.541281,0.1049001,-1.876706,-0.5994037,-0.3089962,-0.7384013,0.0,0.0,0.0,0.0,0.0,0.0,0.0,2.534587,-0.4061821,-0.2799504,1.756546,0.1201071,-1.88881,-0.0439011,0.9229634,-0.2086087,-0.3204586,24.40685,219.0118,3.315306,0.6132481,0.04225522,-0.7887589,0.0,0.0,0.0,0.9968866,-0.1651251,-2.510127,0.2314587,0.09323882,0.7945391,-0.7907581,0.05266268,0.6098595,-0.2147391,0.9091102,-0.3569394,-0.5732268,-0.4132134,-0.7075776,moving,0.42605381264650405,6.394375680195611,16.241470240335804,6.693023944775576,-0.7596594,-0.2852322,-0.6213170000000001,0.007389715300022581,0.11136833554658333,0.99375168577225,-0.7265720023105784,8.241561520014239,15.715918294602044,15.818235918305215,17.038557044836814
05/17/2023 13:14:24.884450,3557,True,True,True,True,Eyes,1.766757,0.1179834,-1.89798,-0.7744558,-0.2204801,-0.5929644,1.055145,0.949594,-0.114655,-2.523643,0.8261687,0.04511794,-0.5616134,0.238689,0.1855147,1.014526,1.764869,0.1204018,-1.890614,-0.04367739,0.9220104,-0.2074207,-0.3239845,24.25445,219.4498,3.386699,0.6153505,0.0423466,-0.7871148,0.0,0.0,0.0,0.9947303,-0.1633262,-2.510311,0.2344857,0.09657122,0.7994193,-0.7862529,0.05386012,0.6155532,-0.2149441,0.910138,-0.3541864,-0.5793148,-0.4107895,-0.7040218,moving,13.633683309375463,10.413496775260937,16.347470167137253,6.888051749692523,-0.7701387000000001,-0.283728,-0.6196970000000002,0.23204172168050524,0.17581739393422327,0.9566843385917503,6.1436259940387705,8.92468165418946,4.422134517950225,4.448977605884939,10.405109191006456
05/17/2023 13:14:24.894915,3558,True,True,True,True,Eyes,1.767078,0.1179815,-1.898055,-0.7746661,-0.2203889,-0.5927235,0.0,0.0,0.0,0.0,0.0,0.0,0.0,2.555239,-0.3915567,-0.2392945,1.773327,0.1205644,-1.892247,-0.04364789,0.9211704,-0.2057491,-0.3274254,24.05685,219.8619,3.410407,0.6239032,0.04276234,-0.7803304,0.6764295,0.03924993,-0.06382084,0.9925871,-0.1615384,-2.510494,0.2368171,0.1003733,0.8043858,-0.7817751,0.05432069,0.6211902,-0.2151492,0.9115244,-0.3504771,-0.5852682,-0.4076428,-0.70092,moving,13.233576366657676,10.259117989250639,16.404816874935186,7.112747936838111,-0.7807399,-0.2821028,-0.618247,0.22544890922401944,0.173514951086524,0.9586789516119621,5.929150085014773,8.891414212915873,4.456931078913538,4.467259883648881,10.6255940264579
05/17/2023 13:14:24.914345,3559,True,True,True,True,Eyes,1.767683,0.1179847,-1.898173,-0.7750328,-0.220184,-0.5923201,0.0,0.0,0.0,0.0,0.0,0.0,0.0,2.565959,-0.3800915,-0.2172177,1.781393,0.1204944,-1.89418,-0.04430019,0.9200425,-0.2043333,-0.3313718,23.91309,220.3311,3.380468,0.6310237,0.04310576,-0.7745646,0.6358438,0.03689493,-0.05999159,0.9904506,-0.1597561,-2.510676,0.2391014,0.1053342,0.810123,-0.7764604,0.05390449,0.6278563,-0.2169367,0.9125708,-0.346631,-0.5916482,-0.4053503,-0.6968812,moving,12.787760439640985,10.181583899814628,16.443548629458704,7.4081786195319514,-0.7909424,-0.2802505,-0.6164960000000002,0.21802155569374299,0.1725160351350774,0.960575220724542,5.708569347609501,8.89075803701605,4.58841505451683,4.588743198034789,10.836873253428736
05/17/2023 13:14:24.934560,3560,True,True,True,True,Eyes,1.768572,0.1179851,-1.898372,-0.7756597,-0.2198518,-0.5916225,0.0,0.0,0.0,0.0,0.0,0.0,0.0,2.576605,-0.3674854,-0.1935785,1.789506,0.1205758,-1.895927,-0.04499843,0.9188529,-0.2026038,-0.3356133,23.73646,220.8314,3.337914,0.6369756,0.04339002,-0.7696614,0.5976931,0.03468123,-0.05639209,0.9882281,-0.157902,-2.510865,0.2410654,0.1106268,0.8164517,-0.7706778,0.05329919,0.6349921,-0.2186869,0.9138536,-0.342122,-0.5985247,-0.4025303,-0.6926309,moving,12.329875608959442,10.080935523512627,16.449754221452125,7.716415273745274,-0.8012779,-0.2784778,-0.614938,0.21039009257111085,0.17112132138660352,0.9625245290320666,5.477925072475849,8.881985072728623,4.752417428409311,4.750195342639553,11.033566414837388
05/17/2023 13:14:24.944618,3561,True,True,True,True,Eyes,1.769737,0.1179785,-1.898651,-0.776535,-0.2194004,-0.5906411,0.0,0.0,0.0,0.0,0.0,0.0,0.0,2.587763,-0.3511988,-0.1663883,1.797273,0.1204789,-1.898115,-0.04604886,0.9174065,-0.2003339,-0.3407506,23.51303,221.4301,3.253204,0.6419727,0.0436254,-0.765485,0.5618315,0.03260036,-0.05300857,0.9861225,-0.1561456,-2.511045,0.2423972,0.1156654,0.8233217,-0.7635368,0.05203672,0.6436639,-0.2210188,0.9154917,-0.3361928,-0.6067634,-0.3989576,-0.6875106,moving,11.786887169126,9.955234998957417,16.40515191170061,7.996934569676278,-0.8111504999999999,-0.2766245,-0.6129300000000002,0.2013219005917149,0.16933903441903964,0.964776572330888,5.203177111158637,8.86913611440847,5.01378481274087,5.016304397046736,11.235878913846063
05/17/2023 13:14:24.964451,3562,True,True,True,True,Eyes,1.771173,0.1179571,-1.89901,-0.77756,-0.2187281,-0.589541,0.0,0.0,0.0,0.0,0.0,0.0,0.0,2.598886,-0.3328238,-0.1394582,1.805116,0.1202735,-1.9004,-0.04743792,0.9159499,-0.1978579,-0.3458866,23.28296,222.0183,3.11852,0.6461895,0.04381998,-0.7619175,0.5281217,0.03064434,-0.04982805,0.9838827,-0.1542771,-2.511236,0.2438972,0.1200665,0.8309778,-0.756224,0.04997132,0.6524016,-0.2237744,0.9172038,-0.3296396,-0.6148577,-0.3952722,-0.6824292,moving,11.25800511779738,9.840794907704634,16.3572949818092,8.221665912269422,-0.8212332999999999,-0.2745506,-0.6108359999999997,0.19246204376562553,0.16771580086130713,0.9668660185680427,4.937123622254974,8.85970206512939,5.33847977331344,5.350171569311842,11.437980766461315
05/17/2023 13:14:24.984442,3563,True,True,True,True,Eyes,1.772834,0.1179226,-1.899426,-0.7786393,-0.2178265,-0.5884492,0.0,0.0,0.0,0.0,0.0,0.0,0.0,2.609954,-0.3145679,-0.1110833,1.813241,0.1198738,-1.902876,-0.04865625,0.9144057,-0.1952598,-0.3512386,23.03375,222.6369,3.001186,0.6497726,0.04398017,-0.7588548,0.4964344,0.02880568,-0.04683837,0.981882,-0.1526081,-2.511406,0.2426862,0.1251826,0.8390284,-0.7485283,0.04818247,0.6613503,-0.2261487,0.9190123,-0.3229135,-0.6233479,-0.3912733,-0.6770104,moving,10.704365228916426,9.716688367638543,16.132338590361098,8.485903152907309,-0.8313590000000001,-0.2724819,-0.60853,0.18316692178676275,0.1659210860716502,0.9689788834372739,4.657776625049834,8.848165638098791,5.5414189752305605,5.565763834133997,11.480279021171262
05/17/2023 13:14:24.994665,3564,True,True,True,True,Eyes,1.774734,0.117874,-1.899932,-0.7799215,-0.216839,-0.5871145,0.0,0.0,0.0,0.0,0.0,0.0,0.0,2.620243,-0.2997411,-0.08492708,1.821287,0.1194448,-1.905617,-0.04938607,0.9130042,-0.1928925,-0.3560574,22.79232,223.2015,2.933596,0.6530122,0.04411974,-0.7560607,0.4666483,0.02707734,-0.04402807,0.9796026,-0.1507066,-2.511601,0.2412005,0.1300135,0.8471135,-0.7415684,0.04718225,0.6692162,-0.227541,0.920707,-0.3170548,-0.6311114,-0.3873919,-0.6720313,moving,10.231840851317106,9.586888614136154,15.893360388241058,8.725569333815415,-0.8416844000000001,-0.2701514,-0.6059840000000003,0.1752275906863201,0.16396635874782184,0.9707782748160095,4.414708425971628,8.829117784018225,5.688887522254218,5.726663458736146,11.479119005936443
05/17/2023 13:14:25.024159,3565,True,True,True,True,Eyes,1.776857,0.1178054,-1.900519,-0.7812986,-0.21573,-0.5856903,0.0,0.0,0.0,0.0,0.0,0.0,0.0,2.629599,-0.2880301,-0.05900002,1.828984,0.1190201,-1.908371,-0.04978232,0.9115494,-0.1911279,-0.3606515,22.6036,223.7567,2.924632,0.655948,0.04423996,-0.753508,0.4386494,0.0254527,-0.04138638,0.9776654,-0.1490905,-2.511766,0.2376567,0.1350814,0.8596569,-0.7349045,0.04710306,0.6765329,-0.2286192,0.9219837,-0.3125369,-0.6384738,-0.3843533,-0.6668012,moving,9.790565233922907,9.503664869246668,15.453742077409968,8.930099579487926,-0.8513185999999999,-0.2681106,-0.6033950000000001,0.1677794892114048,0.16277017919112458,0.9722941810697517,4.195112501227678,8.825971261497774,5.644308197019009,5.692148021812513,11.259111094588865
05/17/2023 13:14:25.034568,3566,True,True,True,True,Eyes,1.779201,0.1177204,-1.901193,-0.7828609,-0.2146023,-0.584016,0.0,0.0,0.0,0.0,0.0,0.0,0.0,2.638619,-0.2758182,-0.03244877,1.836612,0.118434,-1.91109,-0.05036193,0.9099779,-0.1896527,-0.3652887,22.45469,224.3212,2.908841,0.6586151,0.04434175,-0.7511718,0.4123304,0.02392554,-0.0389032,0.9753493,-0.1471584,-2.511964,0.2331403,0.1521294,0.8674144,-0.7280557,0.04689949,0.6839118,-0.2302124,0.9229911,-0.3083662,-0.6457068,-0.3819527,-0.6611921,moving,9.360218891430206,9.460618926387268,15.044197917324444,9.947514560923791,-0.8612626999999999,-0.2655924,-0.6008739999999999,0.1604861837421278,0.1622391205396756,0.9736132069587494,3.9883774363424918,8.837592283811851,5.613165138307988,5.704794906544524,11.111394780536303
05/17/2023 13:14:25.047163,3567,True,True,True,True,Eyes,1.781755,0.1176312,-1.901964,-0.7844886,-0.2133635,-0.5822832,0.0,0.0,0.0,0.0,0.0,0.0,0.0,2.647742,-0.2608309,-0.005993128,1.844332,0.1179606,-1.91393,-0.05152752,0.9083438,-0.1881538,-0.3699386,22.33001,224.8767,2.825721,0.6610447,0.04442606,-0.7490297,0.3875906,0.02249,-0.03656901,0.9731966,-0.1453626,-2.512147,0.2417946,0.1466576,0.8782627,-0.7209806,0.04560131,0.691453,-0.2328201,0.9238862,-0.3036926,-0.6526727,-0.3799407,-0.6554872,moving,8.934809335054908,9.456400653256772,15.39276866844056,9.480124811790539,-0.8711354000000001,-0.2633232,-0.5982170000000002,0.1532499565528312,0.16235628213421097,0.9747589241102446,3.7914783051334906,8.86385335167631,6.377053563378502,6.458002910138783,11.617647292215096
05/17/2023 13:14:25.064146,3568,True,True,True,True,Eyes,1.78451,0.1175107,-1.902843,-0.7862897,-0.2120839,-0.5803179,0.0,0.0,0.0,0.0,0.0,0.0,0.0,2.656895,-0.2427521,0.01905441,1.851882,0.1177292,-1.917043,-0.05315163,0.9068151,-0.1859977,-0.3745216,22.15688,225.4022,2.656339,0.6632639,0.0444942,-0.7470613,0.3643352,0.0211406,-0.03437487,0.9711608,-0.1436643,-2.512321,0.2403124,0.1440095,0.8878268,-0.7138172,0.04292287,0.6990157,-0.2357177,0.9251595,-0.2975181,-0.6594715,-0.3771439,-0.6502772,moving,8.538177649041115,9.413063467193242,15.145608671420089,9.213390012105968,-0.8807212,-0.2613935,-0.595278,0.1465124382434358,0.161785985975493,0.9758889989171982,3.600226128942629,8.87315204686629,6.537075653083195,6.610447352801664,11.550394795206513
05/17/2023 13:14:25.084270,3569,True,True,True,True,Eyes,1.78745,0.1173723,-1.903807,-0.7881118,-0.210743,-0.5783314,0.0,0.0,0.0,0.0,0.0,0.0,0.0,2.666283,-0.2217384,0.04353833,1.859511,0.1168427,-1.920597,-0.05515781,0.9052671,-0.1835806,-0.3791401,21.97513,225.9215,2.431367,0.6652969,0.04454629,-0.7452484,0.3424751,0.01987217,-0.03231237,0.9691187,-0.1419607,-2.512495,0.2408976,0.1400084,0.897328,-0.7064207,0.03934044,0.7066979,-0.2390706,0.9265115,-0.2905539,-0.6661943,-0.374204,-0.6451018,moving,8.140089016539235,9.369010967345762,15.027358203246406,8.868248863310399,-0.8903922999999999,-0.2588034,-0.5918979999999998,0.13974222086474586,0.16119501085289842,0.9769791757034141,3.408163138551968,8.882270576420428,6.840378690634946,6.905449987872186,11.61920352519303
05/17/2023 13:14:25.095172,3570,True,True,True,True,Eyes,1.790587,0.1171942,-1.904894,-0.790077,-0.2093123,-0.5761656,0.0,0.0,0.0,0.0,0.0,0.0,0.0,2.675485,-0.1994729,0.06625819,1.867278,0.1162401,-1.924101,-0.05743552,0.9038479,-0.1809334,-0.3834359,21.78461,226.3907,2.155568,0.6671648,0.04458299,-0.7435746,0.3219266,0.01867984,-0.03037363,0.9669666,-0.1401654,-2.512678,0.2417424,0.1414623,0.9065473,-0.6993561,0.03492678,0.7139195,-0.2425787,0.9279285,-0.2830269,-0.6723515,-0.3711182,-0.64048,moving,7.796631343354278,9.320551631199793,14.931207902614805,8.869200891356183,-0.9003114,-0.2564055,-0.5885770000000001,0.13389865977686494,0.16049937293290792,0.9779116543337402,3.2404222947349117,8.886109564685167,7.079410025113393,7.148839078501289,11.69079783559041
05/17/2023 13:14:25.114491,3571,True,True,True,True,Eyes,1.793877,0.1169812,-1.906073,-0.7920104,-0.2077968,-0.5740557,0.0,0.0,0.0,0.0,0.0,0.0,0.0,2.684467,-0.182494,0.08831048,1.875163,0.1150831,-1.928207,-0.0585715,0.902566,-0.1782204,-0.3875329,21.53737,226.854,1.996334,0.6688866,0.044604,-0.7420247,0.302611,0.01755905,-0.02855122,0.9647955,-0.1383543,-2.512863,0.2413218,0.1470985,0.9158922,-0.6927757,0.03240325,0.7204251,-0.2438618,0.9296138,-0.2763146,-0.6786706,-0.3671081,-0.6361119,moving,7.471527255160765,9.201884245182582,14.760969045057204,9.124172027753428,-0.9103674999999999,-0.25343740000000003,-0.5846559999999998,0.12838784007208104,0.15859020554114184,0.9789615108516441,3.06747004125491,8.861688182106487,7.206168689812799,7.289856020322099,11.696444618821177
05/17/2023 13:14:25.134854,3572,True,True,True,True,Eyes,1.797332,0.116724,-1.907376,-0.7940585,-0.2061795,-0.5718052,0.0,0.0,0.0,0.0,0.0,0.0,0.0,2.692562,-0.169734,0.1077347,1.882584,0.1139821,-1.932146,-0.05912248,0.9014902,-0.1758122,-0.3910373,21.29833,227.2567,1.900665,0.6704784,0.04460933,-0.7405864,0.2844543,0.0165055,-0.02683814,0.962747,-0.1366454,-2.513038,0.2413602,0.1524937,0.9242726,-0.6871889,0.03090155,0.7258214,-0.2440949,0.9311892,-0.2707477,-0.6842436,-0.3632241,-0.63236,moving,7.228210736719865,9.083410840499996,14.635128269799482,9.3687044393213,-0.919837,-0.2506275,-0.580892,0.12426836948988962,0.15664845192152704,0.9798054445880839,2.932252697889602,8.83198016344544,7.314991536452341,7.412409849662298,11.715176891533455
05/17/2023 13:14:25.154558,3573,True,True,True,True,Eyes,1.800918,0.11643,-1.908778,-0.7960775,-0.2045106,-0.5695928,0.0,0.0,0.0,0.0,0.0,0.0,0.0,2.700716,-0.1570442,0.1275582,1.890007,0.1126328,-1.936489,-0.05955388,0.9003854,-0.173242,-0.3946478,21.03724,227.6729,1.811,0.6719547,0.04459857,-0.7392479,0.2673871,0.01551517,-0.02522785,0.9605135,-0.1347821,-2.513228,0.2431424,0.1557753,0.9333991,-0.6814133,0.02949623,0.7313045,-0.243982,0.9328811,-0.2649635,-0.6900356,-0.3589747,-0.628481,moving,6.969084329547529,8.945046558901488,14.600583211428743,9.474791336475581,-0.9294935,-0.2474149,-0.5767389999999999,0.11987942846435573,0.15436577594918646,0.98071405576606,2.7858751996055355,8.795642847093422,7.5425670583269335,7.6498630519455215,11.834211764003108
05/17/2023 13:14:25.164245,3574,True,True,True,True,Eyes,1.804643,0.1160728,-1.910321,-0.7981896,-0.2027878,-0.5672481,0.0,0.0,0.0,0.0,0.0,0.0,0.0,2.708782,-0.142736,0.1452093,1.897234,0.1114204,-1.940888,-0.06046363,0.8993618,-0.1707769,-0.397904,20.81171,228.0377,1.664293,0.6733279,0.04457172,-0.7379989,0.2513438,0.01458426,-0.02371418,0.9584615,-0.1330703,-2.513403,0.2447154,0.1580223,0.9417734,-0.676033,0.02714833,0.736371,-0.244663,0.9343587,-0.2590631,-0.6950679,-0.355298,-0.6250151,moving,6.763681084688356,8.847747741623834,14.565913946962246,9.525060216615417,-0.9387725000000001,-0.2444907,-0.5725149999999999,0.11639216129537394,0.1527639330280245,0.9813847267434981,2.672255761437948,8.77160991501108,7.718275120243252,7.831576458537951,11.917499418547367
05/17/2023 13:14:25.184496,3575,True,True,True,True,Eyes,1.808525,0.115684,-1.912016,-0.8002846,-0.2010548,-0.5649084,0.0,0.0,0.0,0.0,0.0,0.0,0.0,2.71706,-0.1264113,0.1628301,1.904316,0.1095298,-1.94589,-0.06165202,0.8982498,-0.1682954,-0.4012767,20.59878,228.4141,1.488052,0.6746084,0.04452774,-0.7368312,0.2362632,0.01370921,-0.02229133,0.9563132,-0.1312782,-2.513587,0.2460142,0.1603646,0.9502025,-0.6703522,0.02430825,0.741645,-0.2458239,0.9357514,-0.2528636,-0.700142,-0.3518217,-0.6213074,moving,6.542360415826096,8.766393391020674,14.515548514269918,9.57947402322531,-0.9480027999999999,-0.24080800000000002,-0.5676969999999999,0.11262371169221463,0.151436514445812,0.9820299667769472,2.5544044339504763,8.75476519703467,7.895474558880112,8.01453857484213,11.989541791000923
05/17/2023 13:14:25.194719,3576,True,True,True,True,Eyes,1.812529,0.1152667,-1.913862,-0.8024306,-0.1992666,-0.5624926,0.0,0.0,0.0,0.0,0.0,0.0,0.0,2.725507,-0.1107308,0.1766057,1.911626,0.1083687,-1.95084,-0.06294826,0.8974586,-0.1657162,-0.4039106,20.38323,228.6908,1.276485,0.6758062,0.04446682,-0.7357364,0.2220874,0.01288666,-0.02095385,0.954133,-0.1294595,-2.513772,0.2466418,0.1639734,0.9580882,-0.6657878,0.02088211,0.7458491,-0.2468559,0.9371513,-0.2465959,-0.704123,-0.3482978,-0.618789,moving,6.42015489275741,8.683470089509782,14.43626851132576,9.71187525563902,-0.957493,-0.2378282,-0.562932,0.11055253408914123,0.150050191832834,0.9824780139443725,2.481931283837622,8.730818563503455,7.955178526176205,8.081812589482528,11.994525867315172
05/17/2023 13:14:25.214547,3577,True,True,True,True,Eyes,1.816657,0.1148014,-1.91586,-0.8045542,-0.19746,-0.5600912,0.0,0.0,0.0,0.0,0.0,0.0,0.0,2.73409,-0.09319291,0.1894505,1.918588,0.1072566,-1.956358,-0.06454988,0.8966864,-0.1628377,-0.4065352,20.15202,228.9571,1.015412,0.6769291,0.04438935,-0.7347081,0.2087622,0.01211346,-0.01969662,0.9520863,-0.1277521,-2.513947,0.2476271,0.1676065,0.9658409,-0.6611254,0.01663648,0.7500914,-0.2481605,0.9386344,-0.2395451,-0.7080469,-0.3445123,-0.6164265,moving,6.299320101629969,8.59011533104165,14.380035702543333,9.844740859999611,-0.9665016999999999,-0.23500870000000001,-0.5575889999999999,0.10850624336997522,0.14848288154526096,0.9829441966321545,2.408058719791854,8.70276193070651,8.042850267574806,8.177533236909385,12.026319002524447
05/17/2023 13:14:25.235209,3578,True,True,True,True,Eyes,1.8209,0.114314,-1.918015,-0.8066802,-0.1955785,-0.5576881,0.0,0.0,0.0,0.0,0.0,0.0,0.0,2.742779,-0.07508081,0.2002199,1.925637,0.1056283,-1.96197,-0.06619388,0.8960598,-0.1598685,-0.4088243,19.91506,229.1787,0.7367172,0.6779845,0.0442949,-0.73374,0.1962364,0.01138665,-0.01851482,0.9497536,-0.1258062,-2.514146,0.248187,0.1707742,0.97344,-0.6569622,0.01208885,0.7538265,-0.2493435,0.9401209,-0.2323801,-0.7114973,-0.3406267,-0.6146096,moving,6.221305839483778,8.494814056219269,14.303330153916534,9.950355605562036,-0.9758834000000001,-0.2314345,-0.5521760000000002,0.10719387054583523,0.14686874465127236,0.9833305433972147,2.353543766447058,8.671148136340323,8.071215965006957,8.212047139474139,12.018060012142701
05/17/2023 13:14:25.247660,3579,True,True,True,True,Eyes,1.825234,0.1137902,-1.920327,-0.8087738,-0.1936399,-0.5553273,0.0,0.0,0.0,0.0,0.0,0.0,0.0,2.751987,-0.05398074,0.2062907,1.932666,0.1045986,-1.967932,-0.06840328,0.8957963,-0.1561624,-0.4104674,19.62934,229.2954,0.3435962,0.6789781,0.04418414,-0.7328274,0.1844623,0.01070345,-0.01740393,0.9477112,-0.1241023,-2.51432,0.247332,0.1734674,0.9811961,-0.6536753,0.005648359,0.7567544,-0.25075,0.9418686,-0.2236248,-0.7140263,-0.335934,-0.6142599,moving,6.227432404869951,8.362861923099135,14.147918913848033,10.025825673304,-0.9849548,-0.22870089999999998,-0.5463880000000001,0.1073352430245954,0.144601527152384,0.9836510684759051,2.3306739770864873,8.619893934694167,7.948824470429458,8.093179534237407,11.900584941465981
05/17/2023 13:14:25.264663,3580,True,True,True,True,Eyes,1.829648,0.113279,-1.922821,-0.8108435,-0.1915944,-0.5530141,0.0,0.0,0.0,0.0,0.0,0.0,0.0,2.761149,-0.0309394,0.2120528,1.939399,0.1031886,-1.974323,-0.07070051,0.8955531,-0.1518655,-0.4122171,19.2867,229.4179,359.9133,0.6799149,0.04405712,-0.731966,0.1733945,0.01006124,-0.0163597,0.9456035,-0.1223441,-2.514499,0.2465541,0.1766699,0.98858,-0.6501568,-0.001428998,0.7597985,-0.2518352,0.9438766,-0.2137193,-0.7168506,-0.3302952,-0.6140276,moving,6.220847350024927,8.184939249877099,14.004006298484352,10.132408823003956,-0.9937955,-0.2255327,-0.5401759999999998,0.10727005161598668,0.14154729119565207,0.9841024798179796,2.292993860268533,8.551756581868029,7.872854999409892,8.023104196957616,11.817202453857412
05/17/2023 13:14:25.284580,3581,True,True,True,True,Eyes,1.834124,0.1128377,-1.925468,-0.812919,-0.189612,-0.550645,0.0,0.0,0.0,0.0,0.0,0.0,0.0,2.770599,-0.007918775,0.2128401,1.945726,0.1029718,-1.981194,-0.07327683,0.8956585,-0.1472909,-0.4131971,18.92924,229.4346,359.422,0.6807987,0.04391574,-0.7311526,0.1629909,0.009457568,-0.01537812,0.9435563,-0.1206362,-2.514674,0.2470967,0.1797466,0.9958036,-0.6477974,-0.009541721,0.7617529,-0.2529824,0.9458718,-0.2032891,-0.718581,-0.3244002,-0.6151472,moving,6.316292258517907,7.994248711053729,13.935789649748582,10.231945812761381,-1.0021697,-0.223608,-0.53348,0.10896055288442386,0.138245658653959,0.9843859318927985,2.299854760721435,8.472010327324703,7.78513189744098,7.941286345042715,11.768277429368261
05/17/2023 13:14:25.294348,3582,True,True,True,True,Eyes,1.838671,0.1123854,-1.928305,-0.8150184,-0.1876578,-0.5482059,0.0,0.0,0.0,0.0,0.0,0.0,0.0,2.7797,0.01841086,0.2161179,1.952093,0.1042494,-1.988024,-0.076879,0.8954026,-0.1433175,-0.4144924,18.68622,229.4922,358.8588,0.6816327,0.04376396,-0.7303842,0.1532114,0.008890114,-0.01445543,0.9414591,-0.1188868,-2.514853,0.2491276,0.1817605,1.002656,-0.6445714,-0.01886729,0.7643114,-0.2564833,0.9470994,-0.1929222,-0.7202389,-0.3203852,-0.6153123,moving,6.368646012675539,7.926584237209317,13.953582146014035,10.27494063297487,-1.0106339000000002,-0.2231362,-0.526829,0.10987813592761259,0.13706912051427383,0.9844485778753135,2.310809830701528,8.442501414688596,7.781089253875218,7.940153267308945,11.786092680567252
05/17/2023 13:14:25.314311,3583,True,True,True,True,Eyes,1.843277,0.1120939,-1.931337,-0.8172227,-0.1857283,-0.545575,0.0,0.0,0.0,0.0,0.0,0.0,0.0,2.788374,0.04115969,0.2255673,1.958323,0.1035489,-1.995458,-0.07969322,0.8945535,-0.1405907,-0.4167223,18.53909,229.7057,358.4645,0.68242,0.04360213,-0.7296582,0.1440187,0.008356707,-0.0135881,0.9392768,-0.1170663,-2.515039,0.2518609,0.1834088,1.009589,-0.6399834,-0.02540518,0.767969,-0.2597542,0.9477665,-0.1851118,-0.7231525,-0.3179515,-0.6131539,moving,6.302711506487368,7.935665865808864,14.00759168691255,10.296450097299498,-1.0190462,-0.2206152,-0.5195809999999998,0.10874254446404236,0.13724239038517969,0.9845504602335157,2.2821879789101835,8.450323536187229,7.897233269064524,8.058441585217553,11.869847319796488
05/17/2023 13:14:25.335351,3584,True,True,True,True,Eyes,1.847899,0.1119648,-1.934572,-0.8195523,-0.1837461,-0.5427442,0.0,0.0,0.0,0.0,0.0,0.0,0.0,2.796499,0.0570595,0.2359443,1.963962,0.1070899,-2.002676,-0.08178277,0.8938581,-0.1373143,-0.4188962,18.30021,229.9162,358.119,0.6831624,0.0434371,-0.7289731,0.1353776,0.007855305,-0.01277282,0.9371978,-0.1153319,-2.515216,0.2535861,0.1845784,1.016053,-0.6356752,-0.03116353,0.7713276,-0.2612453,0.9489127,-0.1769619,-0.7264078,-0.3139959,-0.6113417,moving,6.26181973091251,7.8505785135040265,14.013570901609324,10.29619384692195,-1.0267642000000001,-0.2224218,-0.51254,0.1080616651773747,0.1357902591963045,0.9848266600578163,2.2467721928238653,8.420212572816409,7.965244075843927,8.128387329073847,11.915404214455748
05/17/2023 13:14:25.344786,3585,True,True,True,True,Eyes,1.852552,0.1119546,-1.937936,-0.8221137,-0.181851,-0.5394991,0.0,0.0,0.0,0.0,0.0,0.0,0.0,2.803681,0.07121608,0.2589021,1.968959,0.1108422,-2.010881,-0.08330602,0.8921653,-0.1342274,-0.4231835,18.06005,230.4174,357.8878,0.683861,0.043275,-0.7283275,0.1272549,0.007383986,-0.01200645,0.9349288,-0.1134391,-2.51541,0.2556253,0.185485,1.022865,-0.6279517,-0.0350398,0.7774632,-0.2622511,0.9500862,-0.1689986,-0.7327354,-0.3100136,-0.6057974,moving,5.9763585235320384,7.742411698327982,14.031448483908521,10.278250546442036,-1.0340302,-0.22428130000000002,-0.5045290000000002,0.10317907721545888,0.13400067153505804,0.9855952003143174,2.09413661068496,8.39723927308464,8.278022696617905,8.444818111324983,12.084602524249682
05/17/2023 13:14:25.364780,3586,True,True,True,True,Eyes,1.857266,0.1119589,-1.941455,-0.8248178,-0.1801114,-0.5359437,0.0,0.0,0.0,0.0,0.0,0.0,0.0,2.810138,0.0831556,0.2862086,1.974859,0.1137307,-2.018093,-0.08465358,0.8900712,-0.1327018,-0.427782,17.97817,230.9851,357.761,0.6845177,0.04311991,-0.7277195,0.1196196,0.006940947,-0.01128606,0.9328279,-0.1116865,-2.515589,0.2562063,0.187603,1.029215,-0.619673,-0.03716055,0.7839803,-0.2642303,0.950448,-0.1638015,-0.7390455,-0.3086546,-0.5987859,moving,5.654922621344585,7.769586940117064,13.978728463311818,10.330333418842574,-1.0420311,-0.22541719999999998,-0.49749599999999994,0.0976409384191751,0.13454369220300452,0.9860853975237117,1.9512734431862588,8.428783231048472,8.538420341392833,8.708798207736411,12.176845542990323
05/17/2023 13:14:25.384613,3587,True,True,True,True,Eyes,1.862045,0.1119697,-1.945089,-0.8276073,-0.1784883,-0.5321729,0.0,0.0,0.0,0.0,0.0,0.0,0.0,2.815695,0.09861875,0.3198235,1.981041,0.1141064,-2.025489,-0.0864905,0.8872081,-0.1325821,-0.4333628,18.07245,231.6973,357.6755,0.6851345,0.04297158,-0.7271476,0.1124425,0.006524491,-0.0106089,0.9307773,-0.1099759,-2.515764,0.2559237,0.1891621,1.036093,-0.6094325,-0.03855788,0.7919,-0.2683824,0.9498828,-0.1602923,-0.7460318,-0.3102193,-0.5892375,moving,5.20336525447189,7.95730234650939,13.87480825943362,10.346677715876218,-1.0502637,-0.2240823,-0.490275,0.08982493035920758,0.13787547983461995,0.9863679565410297,1.7796955642131898,8.530727033196879,8.824199020663523,8.994611633863721,12.230675696461171
05/17/2023 13:14:25.394775,3588,True,True,True,True,Eyes,1.866892,0.112041,-1.94891,-0.8307629,-0.1768538,-0.5277839,0.0,0.0,0.0,0.0,0.0,0.0,0.0,2.821031,0.1138792,0.3473012,1.987383,0.1142912,-2.032006,-0.08824138,0.8849099,-0.1320059,-0.4378612,18.11357,232.2632,357.5535,0.6857148,0.04282932,-0.7266088,0.1056959,0.006133021,-0.009972363,0.9284999,-0.108076,-2.515958,0.2537638,0.1904895,1.043097,-0.6009822,-0.04057085,0.7982322,-0.2717718,0.9495758,-0.1563516,-0.7516387,-0.3109015,-0.5817041,moving,4.9338808345801635,8.09839312500936,13.67325201019266,10.349264411650843,-1.0588830999999999,-0.2223672,-0.48395199999999994,0.08515464791791455,0.1403617858604284,0.9864316310308119,1.6829591719537271,8.602766958237751,8.856743073419011,9.024579219783803,12.116822013279814
05/17/2023 13:14:25.414553,3589,True,True,True,True,Eyes,1.8718,0.1121432,-1.95291,-0.8341762,-0.1752077,-0.5229267,0.0,0.0,0.0,0.0,0.0,0.0,0.0,2.826312,0.1321299,0.3737202,1.993162,0.1157512,-2.03938,-0.09035973,0.882713,-0.1300857,-0.4424147,18.0357,232.8149,357.3224,0.6862599,0.04269455,-0.7261019,0.0,0.0,0.0,0.9265675,-0.106464,-2.516123,0.2513512,0.1915986,1.049992,-0.5922089,-0.04441977,0.8045593,-0.274627,0.9498257,-0.1497037,-0.7575413,-0.3096095,-0.5746942,moving,4.696700379282365,8.130026197572437,13.462352261298511,10.341340079574325,-1.0665945000000001,-0.2222152,-0.4767429999999999,0.08106361682766322,0.14095461739073503,0.9866916895472815,1.5797986502272607,8.63050573477232,8.874219959535537,9.040274442815742,12.005083692975093
05/17/2023 13:14:25.435172,3590,True,True,True,True,Eyes,1.876752,0.1122473,-1.957023,-0.837616,-0.1735483,-0.517958,0.0,0.0,0.0,0.0,0.0,0.0,0.0,2.831241,0.1413576,0.4038732,1.998954,0.1165125,-2.046859,-0.0908974,0.8803311,-0.1290584,-0.447324,17.97184,233.4483,357.3139,0.6867712,0.04256738,-0.7256258,0.0,0.0,0.0,0.9244573,-0.1047036,-2.516302,0.2487698,0.1926915,1.057189,-0.5832778,-0.04457773,0.8110486,-0.2755015,0.9501632,-0.1459071,-0.7641243,-0.3085495,-0.5664904,moving,4.415228854829235,8.154997713417135,13.241518580916894,10.329780665925485,-1.0744966999999999,-0.2212161,-0.46944300000000005,0.07621011620871498,0.1414389512413841,0.9870091726585328,1.4549265661099646,8.658580634379382,8.925732673870046,9.090273440296585,11.904480705555795
05/17/2023 13:14:25.444877,3591,True,True,True,True,Eyes,1.881739,0.1123748,-1.961281,-0.8412097,-0.1718408,-0.5126762,0.0,0.0,0.0,0.0,0.0,0.0,0.0,2.836918,0.1308972,0.4315856,2.004994,0.1166328,-2.053751,-0.08841269,0.8784437,-0.1298543,-0.4512849,17.935,234.0196,357.7032,0.6872503,0.04244711,-0.7251791,0.0,0.0,0.0,0.922244,-0.1028572,-2.516491,0.2474059,0.1935749,1.064041,-0.5770506,-0.03812857,0.8158181,-0.2725337,0.9506421,-0.1483407,-0.7698951,-0.3079379,-0.55896,moving,4.271122262629246,8.183095201039924,13.089568934233734,10.310731184074124,-1.0827499999999999,-0.21949,-0.4627399999999997,0.0737219675366681,0.14194957043548523,0.9871247625912714,1.3939767609796405,8.678855603117071,8.908988677840293,9.071484805489902,11.80889047263994
05/17/2023 13:14:25.464730,3592,True,True,True,True,Eyes,1.886727,0.1125294,-1.965641,-0.8448561,-0.1701555,-0.5072131,0.0,0.0,0.0,0.0,0.0,0.0,0.0,2.840815,0.1204352,0.4620206,2.009991,0.1172134,-2.060193,-0.08598075,0.8762756,-0.1306681,-0.4557129,17.90067,234.6543,358.0975,0.687699,0.04233355,-0.7247603,0.0,0.0,0.0,0.9200271,-0.1010079,-2.51668,0.246092,0.1950617,1.070535,-0.569866,-0.03159136,0.8211299,-0.26978,0.9510663,-0.1506375,-0.7761902,-0.3073677,-0.5505031,moving,4.075313748483856,8.213100096222673,12.9461028409549,10.326551126343851,-1.0899638999999999,-0.2182213,-0.4564870000000001,0.07034240504763573,0.142501355701074,0.9872918324257224,1.309568160449322,8.703254860474857,8.95659665063481,9.119077496097043,11.749214022112001
05/17/2023 13:14:25.484449,3593,True,True,True,True,Eyes,1.891768,0.1127102,-1.970137,-0.848534,-0.1685085,-0.5015923,0.0,0.0,0.0,0.0,0.0,0.0,0.0,2.844011,0.1242191,0.4933524,2.015032,0.1180053,-2.067109,-0.08572917,0.8738031,-0.1302013,-0.4606152,17.84945,235.3084,358.2014,0.6881192,0.04222677,-0.7243676,0.0,0.0,0.0,0.9179617,-0.09928487,-2.516856,0.2443272,0.1973299,1.076865,-0.5609686,-0.02987542,0.8272981,-0.2697662,0.9513963,-0.1485643,-0.7826499,-0.3065169,-0.5417628,moving,3.8276695592281156,8.245766406399309,12.783276114315186,10.383949508473881,-1.0970703000000002,-0.21729017,-0.44974700000000034,0.06606865871609285,0.14310612862850144,0.987499603762938,1.2017859353868188,8.732077758720015,9.043028716351271,9.207318597046358,11.698700570672331
05/17/2023 13:14:25.494224,3594,True,True,True,True,Eyes,1.896824,0.112927,-1.974743,-0.8521517,-0.16697,-0.495942,0.0,0.0,0.0,0.0,0.0,0.0,0.0,2.848345,0.1290673,0.5193112,2.020816,0.118757,-2.074033,-0.08582285,0.871751,-0.1298266,-0.4645748,17.82406,235.8344,358.2541,0.6885104,0.0421273,-0.7240016,0.0,0.0,0.0,0.9157676,-0.09745456,-2.517043,0.2426297,0.2003305,1.083227,-0.5536096,-0.02900404,0.8322712,-0.2702606,0.951559,-0.1466106,-0.7877028,-0.3060951,-0.5346308,moving,3.699144040884087,8.304057733086442,12.625174659526772,10.477817337936768,-1.1050483999999998,-0.21621156,-0.4430100000000001,0.0638437421406422,0.1441316343414336,0.9874968438675824,1.1538970056895814,8.762967648514952,9.020774660318585,9.186906629797962,11.598746504201848
05/17/2023 13:14:25.514457,3595,True,True,True,True,Eyes,1.901905,0.1131648,-1.979438,-0.8556666,-0.1655613,-0.4903305,0.0,0.0,0.0,0.0,0.0,0.0,0.0,2.853924,0.1265697,0.5395343,2.026268,0.1198535,-2.081315,-0.08533932,0.8700779,-0.1310593,-0.4674455,17.9295,236.2466,358.4354,0.6888746,0.04203537,-0.7236605,0.0,0.0,0.0,0.9133241,-0.09541611,-2.517251,0.241255,0.2026141,1.08964,-0.5484242,-0.02597752,0.835797,-0.2710299,0.9510813,-0.1482807,-0.791059,-0.3078466,-0.5286367,moving,3.695497019108802,8.47949077761439,12.484343261472844,10.533612347426667,-1.1129438999999999,-0.21526961,-0.4359359999999999,0.06375219122204923,0.147155411051204,0.9870566431346472,1.1863762237826077,8.830816271692854,8.861365497487926,9.02569851565432,11.425566666921583
05/17/2023 13:14:25.534661,3596,True,True,True,True,Eyes,1.906975,0.1134623,-1.984192,-0.8591014,-0.1642117,-0.4847465,0.0,0.0,0.0,0.0,0.0,0.0,0.0,2.859497,0.1176244,0.5572479,2.031699,0.1205928,-2.087759,-0.08404643,0.868655,-0.1333926,-0.4696606,18.10087,236.5991,358.7512,0.6892134,0.04195084,-0.7233427,0.0,0.0,0.0,0.9115921,-0.09397133,-2.517399,0.2395772,0.2047013,1.095384,-0.54471,-0.0207162,0.8383685,-0.2713132,0.9502853,-0.1527977,-0.7935238,-0.3106909,-0.5232505,moving,3.768289265275983,8.709555151751594,12.337187887726133,10.58512920172344,-1.1201069000000001,-0.21456413000000002,-0.42964,0.06496700379184017,0.15110575811743784,0.9863803553615439,1.2647252362569725,8.914708280882879,8.610931961068225,8.77176160293677,11.197755811811636
05/17/2023 13:14:25.544996,3597,True,True,True,True,Eyes,1.912023,0.1138187,-1.989014,-0.8624934,-0.1628513,-0.4791498,0.0,0.0,0.0,0.0,0.0,0.0,0.0,2.864484,0.1103323,0.5740776,2.036515,0.1223275,-2.093956,-0.08290388,0.86739,-0.1345535,-0.4718654,18.15928,236.9306,358.9846,0.6895271,0.04187514,-0.7230468,0.0,0.0,0.0,0.909417,-0.09215684,-2.517585,0.2389079,0.2069511,1.101474,-0.54094,-0.0168377,0.8408926,-0.2708023,0.9500446,-0.1551818,-0.7962725,-0.3116597,-0.5184768,moving,3.851961805804508,8.832315671016598,12.237801663572755,10.64099653074416,-1.1270980000000002,-0.21448434,-0.42362900000000003,0.06638570332490235,0.15320447219933217,0.9859621036771502,1.3271950191322066,8.956533585856725,8.419552688611397,8.57867335737172,11.039871048269047
05/17/2023 13:14:25.564822,3598,True,True,True,True,Eyes,1.917041,0.1141937,-1.993904,-0.865884,-0.1614679,-0.4734691,0.0,0.0,0.0,0.0,0.0,0.0,0.0,2.867667,0.1135421,0.5960784,2.040937,0.1240737,-2.100215,-0.08292061,0.8656634,-0.1338504,-0.4752211,18.09239,237.3738,359.0147,0.6898171,0.0418095,-0.722773,0.0,0.0,0.0,0.9073157,-0.09040388,-2.517764,0.2391108,0.2079005,1.107309,-0.5345781,-0.01634559,0.8449609,-0.2707797,0.9504165,-0.1529276,-0.8005651,-0.3105501,-0.5124979,moving,3.7982358512046193,8.843628912221911,12.185274229455338,10.6336538228742,-1.1336213000000002,-0.21447758,-0.41754900000000017,0.06545904631447141,0.15340856503428635,0.9859923418926443,1.3046348128291005,8.96441543783165,8.417441301341702,8.57593154934239,11.007936723143898
05/17/2023 13:14:25.584545,3599,True,True,True,True,Eyes,1.922062,0.1145781,-1.998871,-0.8692394,-0.1600415,-0.4677707,0.0,0.0,0.0,0.0,0.0,0.0,0.0,2.870386,0.1209132,0.6193337,2.045264,0.1248726,-2.106801,-0.08325446,0.8638015,-0.1323994,-0.478943,17.96775,237.8512,358.9756,0.690084,0.04175353,-0.7225208,0.0,0.0,0.0,0.9052215,-0.08865684,-2.517942,0.2401872,0.2084769,1.112791,-0.527365,-0.01700717,0.8494689,-0.2706541,0.9510782,-0.1489852,-0.8053775,-0.3084818,-0.5061684,moving,3.6997899311442546,8.803935432235962,12.17999184002872,10.611129032828636,-1.1400424999999998,-0.21352944000000001,-0.4111410000000002,0.06377146994438171,0.1527421651510782,0.9862063042889115,1.2515305033348558,8.955571494350263,8.51153445004738,8.670627031851321,11.053150589348958
05/17/2023 13:14:25.594380,3600,True,True,True,True,Eyes,1.927079,0.1148937,-2.003918,-0.8725881,-0.1586556,-0.4619723,0.0,0.0,0.0,0.0,0.0,0.0,0.0,2.873634,0.1318044,0.6410456,2.050442,0.1242827,-2.113369,-0.08393953,0.8620492,-0.1307899,-0.4824101,17.8473,238.2883,358.8845,0.6903287,0.04170649,-0.7222893,0.0,0.0,0.0,0.9029431,-0.08675621,-2.518137,0.2413554,0.2089351,1.11824,-0.5204693,-0.01853128,0.8536792,-0.2709087,0.9516963,-0.144508,-0.8097655,-0.3064811,-0.5003489,moving,3.6383332794722847,8.769435715818743,12.179603913324618,10.583275368641635,-1.1474989,-0.21103891,-0.4047679999999998,0.06271932630407323,0.15215848668345175,0.9863640700463623,1.2164864373590496,8.946304412495035,8.572657780853838,8.731741998413655,11.084656905068789
05/17/2023 13:14:25.614579,3601,True,True,True,True,Eyes,1.932115,0.1151616,-2.009091,-0.8758831,-0.157361,-0.4561427,0.0,0.0,0.0,0.0,0.0,0.0,0.0,2.876339,0.1473426,0.6641695,2.055442,0.1229393,-2.120425,-0.08533729,0.8599867,-0.1293907,-0.4862082,17.79017,238.7674,358.7389,0.6905519,0.04166494,-0.722078,0.0,0.0,0.0,0.9007898,-0.08495991,-2.51832,0.243094,0.2098948,1.123274,-0.5126382,-0.02095623,0.8583488,-0.2725995,0.9519512,-0.1395652,-0.8141814,-0.305532,-0.4937192,moving,3.525904749283448,8.795584212702623,12.211381107826398,10.584218393319064,-1.1546522000000001,-0.20789921,-0.3978950000000001,0.060779268771514905,0.15262696707931064,0.9864130683226329,1.169758028162045,8.963751684573467,8.707078823057277,8.867734310796527,11.159899309022878
05/17/2023 13:14:25.634759,3602,True,True,True,True,Eyes,1.937146,0.1154304,-2.014352,-0.8791548,-0.1561678,-0.4502205,0.0,0.0,0.0,0.0,0.0,0.0,0.0,2.878895,0.1645229,0.6861315,2.060136,0.1231719,-2.127569,-0.0874271,0.8578913,-0.1283401,-0.4898039,17.80919,239.2185,358.5385,0.690754,0.04162645,-0.7218867,0.0,0.0,0.0,0.898786,-0.08328832,-2.518491,0.2447058,0.2115432,1.127612,-0.5048972,-0.02428291,0.8628378,-0.2757289,0.9517707,-0.1345595,-0.8179561,-0.305848,-0.4872419,moving,3.435565371664544,8.895053619507712,12.244042814710603,10.625346683860508,-1.16135,-0.20646022,-0.3909220000000002,0.05920782851270662,0.1543538355881002,0.9862400160316867,1.1474878368407344,9.008007852572444,8.813982181110358,8.976813964497572,11.213800304628258
05/17/2023 13:14:25.644832,3603,True,True,True,True,Eyes,1.942169,0.1157232,-2.019706,-0.8823574,-0.1549833,-0.4443259,0.0,0.0,0.0,0.0,0.0,0.0,0.0,2.881573,0.1801106,0.7087166,2.065104,0.1234677,-2.135012,-0.08930395,0.855743,-0.1275842,-0.4934077,17.84753,239.6794,358.3782,0.6909354,0.04159067,-0.7217151,0.0,0.0,0.0,0.8966143,-0.08147663,-2.518676,0.2482978,0.2126739,1.132186,-0.4971476,-0.02694041,0.8672479,-0.2787445,0.9514942,-0.1302321,-0.8216727,-0.3064851,-0.4805425,moving,3.3372034948347227,9.010246284888026,12.369611795889252,10.638672600350981,-1.1684896999999999,-0.20494433,-0.383664,0.05749632942867955,0.15635200622284184,0.9860264358914426,1.12458157397058,9.058849450600675,9.012579434991824,9.178026584285481,11.355463261195082
05/17/2023 13:14:25.664648,3604,True,True,True,True,Eyes,1.947186,0.1160048,-2.025153,-0.8855289,-0.1537267,-0.4384137,0.0,0.0,0.0,0.0,0.0,0.0,0.0,2.884925,0.1888012,0.7299283,2.070005,0.1243222,-2.142628,0.09003276,-0.8539214,0.1265119,0.4966962,17.78827,240.1056,358.3098,0.6910964,0.0415581,-0.7215629,0.0,0.0,0.0,0.8945108,-0.07972185,-2.518856,0.252008,0.2133746,1.136249,-0.4903741,-0.02808589,0.8710594,-0.2794377,0.9517776,-0.1266245,-0.8254986,-0.3055003,-0.4745754,moving,3.2895492826558224,9.027163192056392,12.505174434967767,10.63562798110457,-1.1754942000000002,-0.20404404999999998,-0.3762279999999998,0.05667349455334786,0.1566505108223903,0.9860266912462288,1.105911067827921,9.068492861607645,9.187020203609102,9.354940188239171,11.506481555896098
05/17/2023 13:14:25.684524,3605,True,True,True,True,Eyes,1.952195,0.1162729,-2.030706,-0.8886135,-0.1523118,-0.4326282,0.0,0.0,0.0,0.0,0.0,0.0,0.0,2.888975,0.1899622,0.7499368,2.074889,0.1243095,-2.15036,0.08930532,-0.8524227,0.125253,0.499712,17.6253,240.5075,358.3723,0.6912372,0.04152792,-0.7214299,0.0,0.0,0.0,0.8923758,-0.07794081,-2.519037,0.2566626,0.2145114,1.14007,-0.4846252,-0.02707092,0.8743032,-0.2774326,0.9526725,-0.1242831,-0.8295601,-0.3027908,-0.4691994,moving,3.279838005171955,8.942540602423803,12.687407829037943,10.655979367212096,-1.1825132000000003,-0.20225031,-0.3686769999999999,0.05651951250660242,0.15519539953671213,0.9862656482436092,1.084957347063673,9.036517046534051,9.389794282632362,9.562334568064076,11.714927033266612
05/17/2023 13:14:25.694962,3606,True,True,True,True,Eyes,1.957158,0.1165605,-2.036328,-0.8916994,-0.1508401,-0.4267546,0.0,0.0,0.0,0.0,0.0,0.0,0.0,2.893266,0.1829021,0.769604,2.079513,0.1242007,-2.157991,0.08723667,-0.8511261,0.1241912,0.5025445,17.40267,240.9016,358.5783,0.6913578,0.04149933,-0.721316,0.0,0.0,0.0,0.8901644,-0.07609606,-2.519226,0.2632428,0.2144995,1.143713,-0.4796778,-0.02367558,0.8771253,-0.273322,0.9539326,-0.1237241,-0.8337892,-0.2990853,-0.4640514,moving,3.305386584981409,8.793744088073337,12.9617476452787,10.622235307888472,-1.1893486,-0.20029676,-0.3612350000000002,0.056982335607876744,0.15262953970575008,0.9866393877133696,1.0677595355325353,8.9774980804639,9.651285329186937,9.827954470171647,12.007169262655516
05/17/2023 13:14:25.714291,3607,True,True,True,True,Eyes,1.962104,0.1168034,-2.042032,-0.8947965,-0.1493763,-0.4207446,0.0,0.0,0.0,0.0,0.0,0.0,0.0,2.8948,0.1796153,0.7954533,2.083437,0.1249413,-2.165306,0.08594394,-0.8490938,0.123555,0.5063474,17.26878,241.4287,358.7504,0.6914583,0.04147284,-0.7212214,0.0,0.0,0.0,0.8879989,-0.07428955,-2.519411,0.2696721,0.2137578,1.147016,-0.4724521,-0.02082539,0.8811104,-0.2710724,0.9546956,-0.1227846,-0.8386351,-0.2968546,-0.4566931,moving,3.1977088126193887,8.733435685472271,13.23038969681871,10.556538488130276,-1.1954381,-0.19923085000000001,-0.35410499999999967,0.05513679587429848,0.15160667440814626,0.986901932239834,1.0063860028142706,8.96131459387649,10.01696601929009,10.196979432814304,12.327652071008185
05/17/2023 13:14:25.734404,3608,True,True,True,True,Eyes,1.967016,0.1170241,-2.04777,-0.8978125,-0.1478413,-0.4148201,0.0,0.0,0.0,0.0,0.0,0.0,0.0,2.895651,0.1830088,0.8241475,2.088021,0.1241043,-2.173079,0.0855166,-0.846625,0.1231917,0.5106242,17.21319,242.0184,358.8607,0.691539,0.04144659,-0.7211457,0.0,0.0,0.0,0.8858486,-0.07249576,-2.519594,0.2781324,0.2116114,1.149725,-0.4638999,-0.01899167,0.8856842,-0.2706102,0.9550215,-0.1212606,-0.8435445,-0.295928,-0.4481737,moving,3.01021321572769,8.75862876912734,13.599277308139989,10.428797045605297,-1.2021723999999998,-0.19660006000000002,-0.34651500000000013,0.05190323920341183,0.15206699105835977,0.9870064510916834,0.9248720004243527,8.983314509414365,10.537699884476048,10.719969236195077,12.756565747358623
05/17/2023 13:14:25.745170,3609,True,True,True,True,Eyes,1.971919,0.1172069,-2.053556,-0.9007205,-0.1462253,-0.4090486,0.0,0.0,0.0,0.0,0.0,0.0,0.0,2.896577,0.1916576,0.8514733,2.092783,0.1238456,-2.181013,0.08609183,-0.84414,0.1227599,0.514729,17.21038,242.5747,358.862,0.6916008,0.04141979,-0.7210883,0.0,0.0,0.0,0.8836429,-0.07065574,-2.519782,0.2855637,0.2109751,1.152774,-0.4552846,-0.01897095,0.8901438,-0.2717233,0.9550364,-0.1186252,-0.8478693,-0.295881,-0.4399681,moving,2.82764169499964,8.847352404180937,13.913158574625173,10.371218768568202,-1.2091401,-0.19450134,-0.3387690000000001,0.04874606315541424,0.153619671913623,0.9869269640506837,0.8579981994138159,9.029475464178898,11.003921387652362,11.189765555407025,13.123928052125335
05/17/2023 13:14:25.764427,3610,True,True,True,True,Eyes,1.976824,0.1173687,-2.059434,-0.9035986,-0.1445074,-0.4032706,0.0,0.0,0.0,0.0,0.0,0.0,0.0,2.89967,0.1976422,0.873193,2.098029,0.123152,-2.189228,0.08617271,-0.8422851,0.1219307,0.5179413,17.13748,243.0063,358.8692,0.6916445,0.04139114,-0.7210483,0.0,0.0,0.0,0.8816373,-0.06898259,-2.519953,0.2906484,0.2132444,1.155061,-0.4486224,-0.01885811,0.8935226,-0.2714699,0.9554143,-0.116136,-0.8514941,-0.2946656,-0.4337397,moving,2.7710719996434,8.873046680744542,14.124126853499039,10.460022742967254,-1.2163917,-0.19213459,-0.33072500000000016,0.04776823279940601,0.15406952901668466,0.9869046415763173,0.8369275336521209,9.043085989825979,11.270179555735666,11.463435241528735,13.362536268528626
05/17/2023 13:14:25.784382,3611,True,True,True,True,Eyes,1.981686,0.1175148,-2.06534,-0.9064028,-0.1425974,-0.3976181,0.0,0.0,0.0,0.0,0.0,0.0,0.0,2.903585,0.192684,0.8934572,2.103012,0.1227763,-2.197377,0.08444458,-0.8408615,0.1208063,0.5207946,16.92498,243.4005,359.0308,0.6916705,0.04136003,-0.7210253,0.0,0.0,0.0,0.8795817,-0.06726785,-2.520128,0.2956223,0.2094084,1.15879,-0.4432844,-0.01618184,0.896235,-0.2678429,0.9565499,-0.1152062,-0.8554294,-0.2911193,-0.4283578,moving,2.7687465220879983,8.763356820413156,14.311626480041223,10.243537798490815,-1.2234303,-0.19004415000000002,-0.32275100000000023,0.047742324707739425,0.15218007392119628,0.9871991203982355,0.8144969612506214,9.000965424649959,11.449877557041493,11.637397194028447,13.554205670242764
05/17/2023 13:14:25.794259,3612,True,True,True,True,Eyes,1.986536,0.1176227,-2.071337,-0.909243,-0.1405802,-0.391809,0.0,0.0,0.0,0.0,0.0,0.0,0.0,2.906089,0.1863568,0.9169717,2.107516,0.1225447,-2.205512,0.08237445,-0.839182,0.1193354,0.5241633,16.65711,243.8636,359.2134,0.6916794,0.04132619,-0.721019,0.0,0.0,0.0,0.8773479,-0.06540433,-2.520319,0.2955856,0.2049212,1.163117,-0.4369346,-0.01315189,0.8993971,-0.2633567,0.957947,-0.1139328,-0.8600763,-0.2866435,-0.422024,moving,2.70923361156306,8.603185661260081,14.25886206209937,9.991987486798967,-1.2301681,-0.18794903000000002,-0.31480700000000006,0.04673674451817739,0.14942684609173662,0.9876675617539332,0.7558781495802807,8.943138830611076,11.454836120075917,11.632828024863857,13.54365748405269
05/17/2023 13:14:25.814587,3613,True,True,True,True,Eyes,1.991368,0.1176977,-2.077383,-0.9120535,-0.1384979,-0.3859751,0.0,0.0,0.0,0.0,0.0,0.0,0.0,2.905793,0.1835901,0.9483523,2.112111,0.121693,-2.213795,0.0806438,-0.8366901,0.1179314,0.5287142,16.41658,244.4903,359.3881,0.6916713,0.04128851,-0.7210292,0.0,0.0,0.0,0.8752847,-0.06368323,-2.520495,0.294096,0.2042122,1.168226,-0.4279161,-0.01024371,0.9037606,-0.2596517,0.9591776,-0.1120691,-0.8657187,-0.2826191,-0.4131074,moving,2.484218768539567,8.474167028241876,14.130348269409023,9.91542607627316,-1.2368263000000002,-0.18537622999999998,-0.30669999999999975,0.04287187414712479,0.14722799141842724,0.9881730384586898,0.627042968865303,8.908167098097246,11.558483295182256,11.734971665690288,13.540820680032953
05/17/2023 13:14:25.834887,3614,True,True,True,True,Eyes,1.996194,0.1177448,-2.083529,-0.9148948,-0.1363858,-0.3799558,0.0,0.0,0.0,0.0,0.0,0.0,0.0,2.905097,0.1823089,0.9805024,2.116951,0.1209681,-2.222182,0.07928046,-0.8340357,0.1169435,0.5333136,16.23829,245.1288,359.5518,0.6916467,0.04124626,-0.7210553,0.0,0.0,0.0,0.8731151,-0.06187329,-2.52068,0.2898501,0.209563,1.172925,-0.4185825,-0.007510326,0.9081478,-0.2569806,0.9600776,-0.1105074,-0.8710624,-0.2796328,-0.4038016,moving,2.2551608336659412,8.410713550121313,13.880689357228214,10.129978618037581,-1.2438358999999997,-0.18284139,-0.29849799999999993,0.03892725700212074,0.1461571419133663,0.9884951947239432,0.509111061447848,8.898728335652825,11.567123279742118,11.751969444561924,13.428145195002065
05/17/2023 13:14:25.844398,3615,True,True,True,True,Eyes,2.001003,0.1177601,-2.089752,-0.9176885,-0.134311,-0.3739093,0.0,0.0,0.0,0.0,0.0,0.0,0.0,2.903661,0.185946,1.013144,2.121624,0.1203153,-2.230811,0.07868974,-0.8312035,0.1156908,0.5380747,16.08167,245.7803,359.6235,0.6916056,0.04119887,-0.7210976,0.0,0.0,0.0,0.8708862,-0.06001393,-2.52087,0.2878397,0.2143512,1.177768,-0.4085672,-0.006313751,0.9127066,-0.255315,0.9608471,-0.1076433,-0.8762919,-0.2770072,-0.3941827,moving,1.9992943293364211,8.371030820889601,13.7335532597046,10.314808904389821,-1.2507378,-0.18032923,-0.29005899999999984,0.03451594377645972,0.14549606530066803,0.9887564598964622,0.3834512972619075,8.900207875608839,11.7008340646056,11.894162681030602,13.424839607170153
05/17/2023 13:14:25.864534,3616,True,True,True,True,Eyes,2.005808,0.1177502,-2.096082,-0.9204852,-0.132239,-0.3677225,0.0,0.0,0.0,0.0,0.0,0.0,0.0,2.902674,0.1920946,1.043967,2.12635,0.1195646,-2.239783,0.07852625,-0.8284612,0.1143261,0.5426005,15.94093,246.3951,359.6398,0.6915482,0.04114573,-0.7211558,0.0,0.0,0.0,0.8688705,-0.05833242,-2.521041,0.2860229,0.2155182,1.182403,-0.3988367,-0.006045138,0.917002,-0.2541786,0.9615263,-0.1042127,-0.8810917,-0.2746462,-0.3850285,moving,1.7792721964836007,8.349226831140404,13.598604189597292,10.32997863851422,-1.2574795,-0.17789702,-0.2812579999999998,0.030720401464585878,0.1451377833986782,0.9889344135534281,0.27779408479592593,8.906227948460026,11.789806358373037,11.984155643425845,13.39668047971616
05/17/2023 13:14:25.884618,3617,True,True,True,True,Eyes,2.010607,0.1177261,-2.102511,-0.9232138,-0.1302035,-0.3615568,0.0,0.0,0.0,0.0,0.0,0.0,0.0,2.902089,0.1998434,1.072572,2.131032,0.1189315,-2.248782,0.07869301,-0.8258702,0.112909,0.5468067,15.81643,246.9631,359.6128,0.6914742,0.04108652,-0.7212301,0.0,0.0,0.0,0.8667676,-0.05657816,-2.521221,0.2833644,0.2166674,1.18726,-0.3896199,-0.006501652,0.920953,-0.2534592,0.9621179,-0.1004366,-0.8854124,-0.2725561,-0.3765083,moving,1.5968575931317506,8.342756344798952,13.423706644549569,10.3423045300243,-1.2642643999999998,-0.17550966,-0.2724390000000003,0.02757214748031822,0.1450394202246298,0.9890416244087796,0.19245648408293992,8.91569207451056,11.800532888877907,11.994688467403417,13.307937627862371
05/17/2023 13:14:25.894789,3618,True,True,True,True,Eyes,2.015398,0.1176769,-2.109046,-0.9259523,-0.1281472,-0.3552333,0.0,0.0,0.0,0.0,0.0,0.0,0.0,2.901201,0.2080203,1.101283,2.135737,0.1185543,-2.257794,0.07887055,-0.8233027,0.1110205,0.5510231,15.64796,247.526,359.5526,0.6913837,0.04102133,-0.7213206,0.0,0.0,0.0,0.8645685,-0.05474357,-2.521408,0.2830945,0.2172592,1.192183,-0.3803056,-0.007518995,0.9248301,-0.2522184,0.9629078,-0.09588788,-0.8898051,-0.2697259,-0.3680957,moving,1.423247787283723,8.294109217288556,13.357990951804807,10.32804298972728,-1.2711685000000004,-0.17329787,-0.263614,0.024578176087457604,0.14421089051867841,0.9892417280361984,0.10296454603880623,8.908324708616863,11.912226699385544,12.106815476984423,13.330841121822472
05/17/2023 13:14:25.914260,3619,True,True,True,True,Eyes,2.020163,0.1176066,-2.115653,-0.9286312,-0.1261177,-0.3489104,0.0,0.0,0.0,0.0,0.0,0.0,0.0,2.899505,0.2192377,1.130909,2.140327,0.1178837,-2.266991,0.07942053,-0.820578,0.1088229,0.5554296,15.47514,248.1099,359.4379,0.6912765,0.04094985,-0.7214274,0.0,0.0,0.0,0.862538,-0.05304972,-2.521581,0.2804133,0.2171307,1.196971,-0.3703812,-0.009454551,0.9288319,-0.2512283,0.9636999,-0.09037034,-0.8942609,-0.2668204,-0.3593115,moving,1.2193542649316749,8.240107774555339,13.184858045298347,10.28165887391552,-1.277789,-0.17093342,-0.25458999999999987,0.021060545639666195,0.14328996956983436,0.9894566615738788,-0.0015282068888948785,8.900879039778268,11.945993822453525,12.1384188265716,13.258481637888735
05/17/2023 13:14:25.934416,3620,True,True,True,True,Eyes,2.024924,0.1175282,-2.122373,-0.9313273,-0.1240617,-0.3424006,0.0,0.0,0.0,0.0,0.0,0.0,0.0,2.896645,0.2325674,1.162246,2.144772,0.1173278,-2.276322,0.08022483,-0.8176476,0.1062368,0.5601162,15.28372,248.7278,359.2765,0.6911528,0.04087203,-0.7215502,0.0,0.0,0.0,0.8603436,-0.05121911,-2.521769,0.2766609,0.2180426,1.201904,-0.3596677,-0.01218135,0.933001,-0.2502012,0.9645554,-0.08385812,-0.8989096,-0.263599,-0.3499673,moving,0.9851844346613103,8.168712841240486,12.962859692582555,10.28244591114366,-1.2844284000000001,-0.16854691,-0.24544699999999997,0.017019466265175864,0.14206785218627088,0.9897106037401886,-0.12336261883665411,8.888714845031572,11.971042143354893,12.162753474235226,13.16023178627686
05/17/2023 13:14:25.944662,3621,True,True,True,True,Eyes,2.029664,0.1174252,-2.129196,-0.9339689,-0.1220572,-0.3358634,0.0,0.0,0.0,0.0,0.0,0.0,0.0,2.89343,0.2491668,1.193612,2.149386,0.1170469,-2.285864,0.08150907,-0.8146738,0.1031728,0.5648171,15.08073,249.3398,359.0352,0.6910123,0.04078818,-0.7216893,0.0,0.0,0.0,0.8582092,-0.04943861,-2.52195,0.2757194,0.2198281,1.206743,-0.348676,-0.01625908,0.9371024,-0.2493542,0.9654233,-0.07602893,-0.9034644,-0.2601798,-0.3406742,moving,0.7464709171753434,8.082516939382478,12.870147597744634,10.324161577943032,-1.2911767999999997,-0.16648551,-0.2360859999999998,0.012898616599714197,0.1405874423404107,0.9899842859584215,-0.25017331860514846,8.871144405632096,12.134688895910967,12.32917300310799,13.200533316917012
05/17/2023 13:14:25.964477,3622,True,True,True,True,Eyes,2.034395,0.1173205,-2.136149,-0.9366243,-0.1200035,-0.3291413,0.0,0.0,0.0,0.0,0.0,0.0,0.0,2.889036,0.2680551,1.226825,2.153802,0.1163801,-2.295881,0.08303214,-0.8114305,0.09987798,0.5698339,14.87536,249.9956,358.7596,0.6908548,0.04069806,-0.721845,0.0,0.0,0.0,0.8560855,-0.04766696,-2.522131,0.2776748,0.2231932,1.210285,-0.3367901,-0.02092191,0.9413474,-0.2485773,0.9662601,-0.06745902,-0.908175,-0.2567171,-0.3306276,moving,0.46982137018243925,7.9944457314939275,12.921702982562921,10.448736862942905,-1.2977165000000002,-0.16404706,-0.22624999999999984,0.00812015317885223,0.1390725122882693,0.9902488647641111,-0.3948344710583549,8.855338056521958,12.488531306697634,12.691449903247786,13.411528231711772
05/17/2023 13:14:25.984472,3623,True,True,True,True,Eyes,2.039098,0.1172299,-2.143212,-0.9392071,-0.1179233,-0.3224657,0.0,0.0,0.0,0.0,0.0,0.0,0.0,2.885346,0.2839658,1.258513,2.158273,0.1162232,-2.306092,0.08418442,-0.8083932,0.09649313,0.5745457,14.63997,250.6128,358.5058,0.6906797,0.04060221,-0.7220177,0.0,0.0,0.0,0.8539973,-0.04592497,-2.52231,0.2806423,0.2276849,1.213649,-0.3256209,-0.02522883,0.945164,-0.2469876,0.9672042,-0.05927318,-0.912671,-0.2527443,-0.3211731,moving,0.23236924611985574,7.87609430968946,13.020138520705684,10.62538843447519,-1.3042756999999998,-0.16214817,-0.21621800000000002,0.004017340374898648,0.13703015568524443,0.9905587344822011,-0.5273250732071386,8.825292621699303,12.866193368319685,13.079971758556006,13.666532653294567
05/17/2023 13:14:25.994301,3624,True,True,True,True,Eyes,2.043736,0.1172779,-2.150436,-0.941779,-0.1157385,-0.3156848,0.0,0.0,0.0,0.0,0.0,0.0,0.0,2.882022,0.2951491,1.289629,2.162494,0.1164928,-2.31654,0.08461842,-0.8055122,0.09277968,0.5791217,14.32838,251.2138,358.2931,0.6904867,0.04050169,-0.7222076,0.0,0.0,0.0,0.8517916,-0.04408498,-2.522498,0.2833083,0.2292283,1.217416,-0.3149158,-0.02886087,0.9486808,-0.2437838,0.9684634,-0.05146159,-0.9172773,-0.247479,-0.3120202,moving,0.025277351715835686,7.686204519613697,13.100300125301773,10.663422752711325,-1.3107024000000003,-0.16057778,-0.2059580000000003,0.00043720924636964087,0.13374756177363284,0.991015326189244,-0.6597520779462365,8.765687061434525,13.191157877641524,13.409699807873398,13.890300118789956
05/17/2023 13:14:26.014292,3625,True,True,True,True,Eyes,2.048368,0.1175846,-2.15777,-0.9442566,-0.1136352,-0.3089764,0.0,0.0,0.0,0.0,0.0,0.0,0.0,2.880899,0.3023204,1.315756,2.1655,0.1198441,-2.327754,0.08503905,-0.8030635,0.08904776,0.5830333,14.01543,251.7224,358.0657,0.6902738,0.04040159,-0.7224163,0.0,0.0,0.0,0.8496417,-0.0422915,-2.522681,0.2825924,0.2290692,1.221887,-0.305681,-0.03274791,0.9515706,-0.2404191,0.9696777,-0.04386082,-0.9212804,-0.2421832,-0.3042853,moving,-0.09536494724405534,7.491550656454181,13.022148527853874,10.618087367070293,-1.3158583000000001,-0.1621356,-0.19492699999999985,-0.0016502240864191275,0.13037979957665746,0.9914627001064512,-0.7532608023320342,8.698578488915915,13.268473617630876,13.484969097932929,13.908501592460865
05/17/2023 13:14:26.035069,3626,True,True,True,True,Eyes,2.052984,0.1176515,-2.165344,-0.9467312,-0.1116337,-0.3020563,0.0,0.0,0.0,0.0,0.0,0.0,0.0,2.876165,0.3216236,1.34863,2.170158,0.1264426,-2.338588,0.08771309,-0.799803,0.08511855,0.5876874,13.84239,252.3277,357.6236,0.6900409,0.04031052,-0.7226434,0.0,0.0,0.0,0.8475301,-0.04052993,-2.522861,0.2810255,0.2288476,1.226248,-0.2938597,-0.04026016,0.9550003,-0.2403526,0.9701225,-0.03306038,-0.9251362,-0.2392519,-0.2947565,moving,-0.3329953673669263,7.425627940197047,12.907867398679482,10.571174334419345,-1.3226278999999999,-0.16697252999999998,-0.1842729999999997,-0.005763093420351917,0.12923700759461018,0.9915970144272517,-0.8756247070679888,8.688750064419546,13.39465176327223,13.609368424268594,13.91144046321182
05/17/2023 13:14:26.044710,3627,True,True,True,True,Eyes,2.057569,0.1180097,-2.172959,-0.9489387,-0.1097624,-0.295749,0.0,0.0,0.0,0.0,0.0,0.0,0.0,2.873341,0.3152543,1.385263,2.174324,0.1207073,-2.352057,0.0855359,-0.796019,0.08763278,0.5927545,13.94074,253.1132,358.0936,0.6897861,0.04021933,-0.7228911,0.0,0.0,0.0,0.8453014,-0.03867073,-2.523051,0.2805211,0.2306032,1.230807,-0.2826514,-0.03228696,0.9586791,-0.2400658,0.9700082,-0.03811111,-0.9286961,-0.2409183,-0.2819251,moving,-0.6801419398822043,7.620894445833193,12.839329508766983,10.611870139216169,-1.3290226,-0.15937803,-0.1709940000000003,-0.011765602818794851,0.13260866956921766,0.9910985940651121,-0.9976077144052073,8.786759552551592,13.62805166517255,13.846372949232892,13.956785459824308
05/17/2023 13:14:26.064474,3628,True,True,True,True,Eyes,2.062039,0.1185335,-2.18076,-0.9511576,-0.1078828,-0.2892413,0.0,0.0,0.0,0.0,0.0,0.0,0.0,2.887838,0.3074242,1.379914,2.178387,0.1281212,-2.361459,0.08538467,-0.7969412,0.08708098,0.5916176,13.87633,252.94,358.0487,0.6895106,0.04013778,-0.7231579,0.0,0.0,0.0,0.8432754,-0.03698067,-2.523224,0.2790127,0.2344166,1.234653,-0.2853963,-0.0330558,0.9578395,-0.2391304,0.9702527,-0.03776666,-0.928098,-0.239827,-0.2848112,moving,-0.11699574489493168,7.683512238333769,12.73407325535983,10.75046600725045,-1.3351115999999998,-0.16510186999999998,-0.16176499999999994,-0.002023626329857253,0.13370073566410726,0.991019690227517,-0.7258521568621294,8.773975874124766,12.994840816838764,13.211971081938573,13.604267909333515
05/17/2023 13:14:26.084850,3629,True,True,True,True,Eyes,2.066495,0.119069,-2.18874,-0.953239,-0.1059843,-0.2830243,0.0,0.0,0.0,0.0,0.0,0.0,0.0,2.883323,0.3319567,1.407722,2.180052,0.1326699,-2.373857,0.0885488,-0.7937753,0.08233497,0.5960713,13.66672,253.5082,357.4979,0.6892112,0.04007034,-0.7234464,0.0,0.0,0.0,0.8412005,-0.03524971,-2.523401,0.2777458,0.2385774,1.238354,-0.2737164,-0.04242066,0.9608746,-0.2387307,0.9707601,-0.02514814,-0.9317119,-0.2362737,-0.27584,moving,-0.37788866990998843,7.573759534066389,12.641454336799143,10.904818468008184,-1.3388514999999999,-0.16791961,-0.14954399999999968,-0.006537818390390693,0.13179960129793128,0.9912548307001487,-0.8674726460653019,8.74878087732407,13.21501606466907,13.438721886687716,13.679897891461252
05/17/2023 13:14:26.094423,3630,True,True,True,True,Eyes,2.070869,0.1196419,-2.19684,-0.9551998,-0.1041088,-0.2770464,0.0,0.0,0.0,0.0,0.0,0.0,0.0,2.892686,0.3119606,1.421173,2.184259,0.1334475,-2.386606,0.08512916,-0.7930166,0.08180787,0.5976499,13.38568,253.7489,357.8066,0.6888884,0.0400159,-0.7237573,0.0,0.0,0.0,0.8390029,-0.03341646,-2.523588,0.2767886,0.2430997,1.242264,-0.2711356,-0.03723275,0.9618209,-0.2328026,0.972121,-0.02799514,-0.9339639,-0.2315048,-0.2722444,moving,-0.20824656267189112,7.407383217804915,12.56088546233416,11.07233692439107,-1.3452560999999998,-0.16686396,-0.13698200000000016,-0.0036042484019011556,0.1289225468125056,0.9916481201652505,-0.8216786786331145,8.673541174478352,13.05751754971698,13.284676072206453,13.595853928198203
05/17/2023 13:14:26.114577,3631,True,True,True,True,Eyes,2.075159,0.1203077,-2.205003,-0.9570233,-0.1023877,-0.2713362,0.0,0.0,0.0,0.0,0.0,0.0,0.0,2.904464,0.2899989,1.424097,2.186671,0.134854,-2.397571,0.08222114,-0.7929814,0.08392464,0.5978101,13.3799,253.8159,358.2295,0.6885409,0.03997425,-0.7240906,0.0,0.0,0.0,0.8369326,-0.03168938,-2.523764,0.2770564,0.2443399,1.246439,-0.2717255,-0.03005767,0.9619053,-0.2307417,0.9723927,-0.03479609,-0.9343037,-0.2314066,-0.2711594,moving,0.12283839592741158,7.510380099854957,12.531872033586026,11.091071298262861,-1.3497384000000001,-0.16654338000000002,-0.12619299999999978,0.0021255407049227126,0.13070552302232002,0.9914190433982963,-0.6490210991206344,8.691531292176272,12.690645917912315,12.915319015761819,13.397527235152152
05/17/2023 13:14:26.134593,3632,True,True,True,True,Eyes,2.079339,0.1210143,-2.213242,-0.9588032,-0.100728,-0.2656133,0.0,0.0,0.0,0.0,0.0,0.0,0.0,2.913099,0.2809775,1.429616,2.189075,0.1377862,-2.407874,0.08112994,-0.7925925,0.08385319,0.5984847,13.29901,253.9189,358.3374,0.6881678,0.03994702,-0.7244471,0.0,0.0,0.0,0.8348231,-0.02992958,-2.523944,0.2785168,0.2435255,1.250697,-0.2704684,-0.02823626,0.9623148,-0.2289757,0.9727731,-0.03581279,-0.9351028,-0.2300329,-0.2695698,moving,0.3794992204049224,7.531556042597449,12.554305680411426,11.018301974411063,-1.3542519,-0.16771578,-0.11607000000000012,0.006566323596733925,0.13106940032705086,0.991351515429043,-0.5265988477425414,8.682867414193336,12.444138208251495,12.66425321650017,13.28775066968591
05/17/2023 13:14:26.149190,3633,True,True,True,True,Eyes,2.083451,0.1216879,-2.221552,-0.9605452,-0.09938358,-0.2597608,0.0,0.0,0.0,0.0,0.0,0.0,0.0,2.914467,0.287728,1.444961,2.190569,0.1395634,-2.418005,0.08199291,-0.7908312,0.08289599,0.6008257,13.2759,254.2447,358.2293,0.6877701,0.03993418,-0.7248257,0.0,0.0,0.0,0.8326671,-0.02813106,-2.524128,0.2805432,0.2407763,1.255074,-0.2645715,-0.03007301,0.9638971,-0.2292972,0.9728109,-0.03258658,-0.9367096,-0.2296404,-0.2642736,moving,0.38951921761153163,7.587294890467605,12.600040131235556,10.859811541297692,-1.3579018999999999,-0.16769446,-0.10612300000000019,0.006738822153133428,0.13203358101993173,0.9912222617517918,-0.5111270530916716,8.703691583745469,12.426745164625258,12.641447156556476,13.2872705326088
05/17/2023 13:14:26.164651,3634,True,True,True,True,Eyes,2.087475,0.1223246,-2.229918,-0.9622572,-0.09823433,-0.2537933,0.0,0.0,0.0,0.0,0.0,0.0,0.0,2.91416,0.302514,1.462481,2.192952,0.1395096,-2.427796,0.08377799,-0.7887422,0.0820673,0.6034335,13.33056,254.6082,358.0498,0.6873474,0.03993309,-0.7252269,0.0,0.0,0.0,0.8305301,-0.02634837,-2.52431,0.2787669,0.2392733,1.259598,-0.2576984,-0.03311414,0.9656577,-0.2312028,0.9724924,-0.02835099,-0.938156,-0.2305688,-0.2582659,moving,0.35545549007617533,7.709022086214185,12.479219593060465,10.755757899705237,-1.3624219,-0.16585797000000002,-0.09651399999999999,0.0061477611486923656,0.1341396901478885,0.9909433335096238,-0.5031249196846064,8.752836586840571,12.291861650712681,12.50073018435401,13.135941642422504
05/17/2023 13:14:26.184913,3635,True,True,True,True,Eyes,2.09142,0.1229256,-2.238335,-0.9639705,-0.09741023,-0.2475318,0.0,0.0,0.0,0.0,0.0,0.0,0.0,2.910447,0.3270288,1.483457,2.194797,0.1392539,-2.437574,0.08697419,-0.7859965,0.08125612,0.6066652,13.48922,255.0591,357.7526,0.6868996,0.03994135,-0.7256508,0.0,0.0,0.0,0.8283721,-0.02454812,-2.524494,0.2759312,0.2415204,1.264055,-0.2487858,-0.03813228,0.9678077,-0.2353133,0.9716659,-0.02220563,-0.939539,-0.2332624,-0.2507097,moving,0.2298551741589771,7.913768132015993,12.313959823293498,10.817012679265929,-1.3664249,-0.16380202000000002,-0.08691999999999966,0.003973513200386858,0.13768146484350127,0.9904685230846748,-0.5211480299195306,8.839976413549593,12.218533900726731,12.42796902443722,12.986480123558051
05/17/2023 13:14:26.194811,3636,True,True,True,True,Eyes,2.095277,0.1235061,-2.246804,-0.9656736,-0.09658337,-0.2411352,0.0,0.0,0.0,0.0,0.0,0.0,0.0,2.904389,0.3514777,1.50852,2.196803,0.1391098,-2.447315,0.09002314,-0.7828615,0.08006362,0.6104208,13.60703,255.5852,357.4521,0.6864281,0.03995683,-0.7260962,0.0,0.0,0.0,0.8263699,-0.02287787,-2.524665,0.2734624,0.2447533,1.268361,-0.2385646,-0.0432063,0.970165,-0.2386963,0.9709713,-0.01545346,-0.9413347,-0.2352614,-0.2419526,moving,0.035161302871704256,8.07385321391377,12.166897364668241,10.922015525206868,-1.3704331,-0.16198767,-0.07735000000000003,0.0006075975883650941,0.1404493989013609,0.9900876885155043,-0.5797137617244474,8.914433768859416,12.248855696240373,12.46158290204599,12.903738982012035
05/17/2023 13:14:26.214181,3637,True,True,True,True,Eyes,2.099021,0.1241139,-2.255289,-0.967374,-0.09578024,-0.2345496,0.0,0.0,0.0,0.0,0.0,0.0,0.0,2.898981,0.3602154,1.534999,2.198453,0.1392032,-2.457131,0.09064949,-0.7799407,0.07869041,0.6142338,13.53903,256.1305,357.3628,0.6859335,0.03997811,-0.7265625,0.0,0.0,0.0,0.8242385,-0.02109982,-2.524847,0.2742885,0.2469529,1.272702,-0.2289992,-0.04473383,0.9723983,-0.238071,0.9711809,-0.01138775,-0.9438652,-0.2341076,-0.2330495,moving,-0.13095933254912817,8.045250450383511,12.162172366691992,10.981115142374549,-1.3742145000000003,-0.16030302,-0.06771599999999989,-0.0022631735535595388,0.13995477018060182,0.9901552229119328,-0.6618508039315418,8.914300297854664,12.422385548521465,12.638844427579862,12.989507068484818
05/17/2023 13:14:26.234794,3638,True,True,True,True,Eyes,2.102659,0.1247049,-2.263803,-0.9690671,-0.09489936,-0.2278223,0.0,0.0,0.0,0.0,0.0,0.0,0.0,2.893927,0.3546795,1.562037,2.199491,0.1404828,-2.46639,0.08933027,-0.7772382,0.07755525,0.6179855,13.35404,256.6801,357.4666,0.6854162,0.04000553,-0.7270494,0.0,0.0,0.0,0.8220022,-0.0192343,-2.525037,0.2764885,0.2450178,1.277511,-0.2202279,-0.04300575,0.9744999,-0.2347178,0.9720106,-0.01014817,-0.9467878,-0.2309674,-0.224158,moving,-0.2612209917875584,7.904800697008301,12.212032721594145,10.857092090109342,-1.3774888,-0.1597171,-0.058647000000000116,-0.00451583001823791,0.1375261314505731,0.990487810957609,-0.7492386560531012,8.868711839736392,12.604100250778353,12.81788136425708,13.112902491252306
05/17/2023 13:14:26.244879,3639,True,True,True,True,Eyes,2.106208,0.1252527,-2.272343,-0.9707316,-0.09414551,-0.2209454,0.0,0.0,0.0,0.0,0.0,0.0,0.0,2.887175,0.3475959,1.592085,2.200534,0.14062,-2.475724,0.08770481,-0.7741575,0.07724936,0.6221098,13.22234,257.2997,357.664,0.6848758,0.040038,-0.7275569,0.0,0.0,0.0,0.8198656,-0.01745186,-2.525219,0.2769159,0.2414272,1.282531,-0.2105747,-0.03967951,0.9767722,-0.2319099,0.9726808,-0.0104823,-0.9496717,-0.2287304,-0.214024,moving,-0.44336208541296146,7.808854128505214,12.18390405707295,10.660762488341256,-1.3806684000000002,-0.15807186,-0.049494999999999845,-0.007666299450781677,0.13586468787954933,0.9906977846513052,-0.8518729051218541,8.84367515004623,12.737731076052803,12.94531697279266,13.161811706717314
05/17/2023 13:14:26.264568,3640,True,True,True,True,Eyes,2.10966,0.1257971,-2.28089,-0.9723488,-0.09349358,-0.2140018,0.0,0.0,0.0,0.0,0.0,0.0,0.0,2.882075,0.3421613,1.617936,2.201814,0.1401126,-2.484659,0.08649374,-0.7713895,0.07811444,0.6256,13.22256,257.8408,357.8981,0.6843138,0.04007357,-0.7280838,0.0,0.0,0.0,0.8176886,-0.01563584,-2.525405,0.2736898,0.2392981,1.288146,-0.2022869,-0.03570389,0.9786752,-0.2311775,0.9728339,-0.01229232,-0.9516497,-0.2287343,-0.2050455,moving,-0.5440549200401854,7.843517925941163,11.99514486270875,10.523836408483838,-1.3841254000000003,-0.15574844000000002,-0.04074599999999995,-0.009406580388698293,0.13646199986658236,0.9906006499108004,-0.8915340605527444,8.86363479894705,12.621961831305686,12.822466157473407,12.99318140624307
05/17/2023 13:14:26.284614,3641,True,True,True,True,Eyes,2.113006,0.1263237,-2.289417,-0.9739016,-0.09306941,-0.2070112,0.0,0.0,0.0,0.0,0.0,0.0,0.0,2.876818,0.3463348,1.64131,2.2029,0.1405819,-2.493471,0.08692366,-0.7686173,0.0789699,0.6288367,13.33928,258.3397,357.9796,0.6837308,0.04011186,-0.7286294,0.0,0.0,0.0,0.8156129,-0.01390419,-2.525582,0.2701979,0.2384588,1.293775,-0.1940176,-0.03430371,0.9803982,-0.2329403,0.9724161,-0.01207369,-0.9529407,-0.2307168,-0.1966565,moving,-0.6252567009387077,7.982250291437662,11.796360008863473,10.443121671179528,-1.3872871,-0.15448609000000002,-0.032111,-0.010806852832319691,0.13885820065545046,0.9902532456540292,-0.9019473413970971,8.922423392678073,12.467551027789073,12.6630347718416,12.789039557993357
05/17/2023 13:14:26.294397,3642,True,True,True,True,Eyes,2.116255,0.1268352,-2.29794,-0.9753875,-0.09274427,-0.2000443,0.0,0.0,0.0,0.0,0.0,0.0,0.0,2.873186,0.3482523,1.661665,2.203727,0.1407605,-2.502274,0.08706936,-0.7661601,0.08015794,0.6316586,13.46338,258.7839,358.1053,0.6831276,0.04015213,-0.729193,0.0,0.0,0.0,0.8134293,-0.01208261,-2.525768,0.2661119,0.2385379,1.299303,-0.186853,-0.03215323,0.9818617,-0.234683,0.9719872,-0.0128314,-0.9539445,-0.2328238,-0.1891645,moving,-0.6470645428418578,8.125178507409405,11.574748618191187,10.403036338490255,-1.3902977,-0.15284311,-0.023493999999999904,-0.011179816073218496,0.14132744889479182,0.9898997730265581,-0.884168037214216,8.978935579595356,12.241165712516134,12.43227063901912,12.54004255167514
05/17/2023 13:14:26.314250,3643,True,True,True,True,Eyes,2.119416,0.1273178,-2.306442,-0.9767847,-0.09259965,-0.1931757,0.0,0.0,0.0,0.0,0.0,0.0,0.0,2.871156,0.3497587,1.678801,2.204604,0.1409088,-2.510798,0.08722728,-0.7640487,0.0815519,0.6340113,13.60491,259.1619,358.2382,0.6825047,0.04019377,-0.7297739,0.0,0.0,0.0,0.8113386,-0.01033855,-2.525946,0.2628476,0.2391644,1.304504,-0.1808423,-0.02988214,0.9830581,-0.2367014,0.9714814,-0.01401308,-0.9546039,-0.2352254,-0.182758,moving,-0.6074842518388421,8.277199120009328,11.392126508017016,10.389084446023933,-1.3932653999999998,-0.15124735,-0.01514799999999994,-0.010491969828757663,0.14395447590014945,0.9895286372016365,-0.8363235419573503,9.03492769841315,11.99634734062499,12.184035374960313,12.303200035836934
05/17/2023 13:14:26.334789,3644,True,True,True,True,Eyes,2.122478,0.1277793,-2.314926,-0.9781055,-0.09256057,-0.1863924,0.0,0.0,0.0,0.0,0.0,0.0,0.0,2.871124,0.3497532,1.69279,2.205677,0.1407453,-2.519205,0.08717823,-0.7623264,0.08308963,0.6358889,13.74223,259.4722,358.3928,0.6818636,0.04023575,-0.7303706,0.0,0.0,0.0,0.8092582,-0.008603014,-2.526124,0.2604001,0.2401677,1.309496,-0.1760906,-0.02724496,0.9839969,-0.2385881,0.9709921,-0.0158115,-0.9550224,-0.2375541,-0.1774828,moving,-0.5011592407504891,8.420751525428349,11.246849644196509,10.39281291696806,-1.3964188000000002,-0.14934831399999998,-0.0069189999999998975,-0.008652478442639888,0.1464358309558334,0.9891823072901219,-0.7593643100258085,9.083280988462784,11.727669612720344,11.912377549960173,12.077418904150731
05/17/2023 13:14:26.344790,3645,True,True,True,True,Eyes,2.125446,0.1282,-2.323394,-0.9793429,-0.09271941,-0.1796956,0.0,0.0,0.0,0.0,0.0,0.0,0.0,2.87131,0.3539489,1.704454,2.206318,0.1407323,-2.527295,0.08778081,-0.7607346,0.08433853,0.6375457,13.90112,259.7432,358.4642,0.6812048,0.04027747,-0.7309829,0.0,0.0,0.0,0.8070779,-0.006784201,-2.52631,0.2579079,0.2401704,1.314895,-0.1716601,-0.02601644,0.9848126,-0.2410951,0.9703631,-0.01638993,-0.9551994,-0.240247,-0.172845,moving,-0.37316708531720544,8.574286117213406,11.097304392490642,10.351177863215977,-1.3992401,-0.147516501,0.0009850000000000136,-0.006440158339141355,0.1490884842066107,0.9888028426678698,-0.6704746372566284,9.134060940501973,11.427418983728385,11.607284790174463,11.830553532972008
05/17/2023 13:14:26.364411,3646,True,True,True,True,Eyes,2.12832,0.1285964,-2.33184,-0.9805082,-0.09301771,-0.1730647,0.0,0.0,0.0,0.0,0.0,0.0,0.0,2.871021,0.3644963,1.715163,2.206944,0.1402333,-2.535179,0.08921283,-0.7591174,0.08520623,0.6391571,14.0876,259.9994,358.4329,0.6805291,0.04031772,-0.7316098,0.0,0.0,0.0,0.8070779,-0.006784201,-2.52631,0.2541256,0.2382423,1.318713,-0.1670386,-0.02652568,0.9855936,-0.2443663,0.969562,-0.01532102,-0.9551876,-0.2434051,-0.1684363,static,-0.2505105667190807,8.746889015896555,10.907603800537451,10.24074982125463,-1.3998661000000001,-0.147017501,0.008868999999999794,-0.004321371325268497,0.1520683022261548,0.9883605476924389,-0.5803312749816711,9.192539328482674,11.085459069059297,11.257670111464527,11.535657655136086
05/17/2023 13:14:26.384526,3647,True,True,True,True,Eyes,2.131101,0.1289713,-2.340286,-0.9815682,-0.09355304,-0.1666489,0.0,0.0,0.0,0.0,0.0,0.0,0.0,2.869923,0.3816683,1.725753,2.207522,0.1400867,-2.543141,0.09156281,-0.7573996,0.08530602,0.6408474,14.27505,260.2527,358.2638,0.6798369,0.04035599,-0.732251,0.0,0.0,0.0,0.8070779,-0.006784201,-2.52631,0.2493982,0.2359434,1.32267,-0.1618623,-0.02936298,0.9863765,-0.2480355,0.9686782,-0.01186592,-0.9551331,-0.246577,-0.1640755,static,-0.1596544782143874,8.906294888095,10.678128505750365,10.114274162128297,-1.4004441,-0.146870901,0.01683099999999982,-0.002752896052430509,0.15481835470021962,0.9879391970293177,-0.5074149306546463,9.248016362027329,10.741029098826717,10.904895869929705,11.219036703030211
05/17/2023 13:14:26.394173,3648,True,True,True,True,Eyes,2.133791,0.1293201,-2.348726,-0.9825803,-0.09416267,-0.1602166,0.0,0.0,0.0,0.0,0.0,0.0,0.0,2.867098,0.4013067,1.738609,2.207968,0.1400233,-2.551339,0.09413067,-0.7554115,0.08464357,0.6429061,14.41337,260.5503,358.025,0.6791295,0.04039183,-0.7329052,0.0,0.0,0.0,0.8070779,-0.006784201,-2.52631,0.2447215,0.2334416,1.32686,-0.155622,-0.03337903,0.9872524,-0.2510505,0.9679497,-0.006847077,-0.9553822,-0.2489158,-0.159014,static,-0.12297519465188167,9.011340206091292,10.450000830926463,9.978237269448364,-1.4008901000000002,-0.14680750099999998,0.025028999999999968,-0.0021198292690511877,0.15662959825486783,0.9876551465767631,-0.47005454681630443,9.286094998804202,10.461094881061477,10.617095269827006,10.941968304458808
05/17/2023 13:14:26.414508,3649,True,True,True,True,Eyes,2.136401,0.1296244,-2.35717,-0.9835315,-0.09479817,-0.1538804,0.0,0.0,0.0,0.0,0.0,0.0,0.0,2.86271,0.4178469,1.754686,2.208429,0.1397914,-2.559673,0.09616822,-0.7531281,0.08411245,0.6453487,14.52598,260.9121,357.8516,0.6784067,0.04042475,-0.7335727,0.0,0.0,0.0,0.8070779,-0.006784201,-2.52631,0.239227,0.2313009,1.330866,-0.1485535,-0.03629024,0.9882384,-0.2534177,0.9673536,-0.002570812,-0.9558826,-0.250819,-0.1529004,static,-0.14640356669699042,9.0871732517982,10.190258700827034,9.859369164366738,-1.4013511000000003,-0.146575601,0.03336300000000003,-0.00252315170106987,0.15793651570338582,0.9874460859939277,-0.46608688908439944,9.316855833740359,10.216339424205666,10.365465419374205,10.670146299162546
05/17/2023 13:14:26.435093,3650,True,True,True,True,Eyes,2.138931,0.1299002,-2.365607,-0.9844464,-0.09542505,-0.1475105,0.0,0.0,0.0,0.0,0.0,0.0,0.0,2.858748,0.4293328,1.77133,2.209028,0.139064,-2.56812,0.09743205,-0.7508819,0.08404338,0.647781,14.6221,261.2838,357.7827,0.677669,0.04045369,-0.7342526,0.0,0.0,0.0,0.8070779,-0.006784201,-2.52631,0.2349387,0.2278082,1.335014,-0.1417736,-0.03743648,0.9891909,-0.2552033,0.9668874,1.594506e-05,-0.9564368,-0.2524425,-0.146633,static,-0.16104923356883868,9.146939176211438,9.980840030760055,9.683739710904494,-1.4019501,-0.14584820099999998,0.0418099999999999,-0.0027750931102450416,0.15896633417375597,0.987280104989612,-0.4611997259631193,9.3408488850168,10.014684257501457,10.15608549904718,10.447668084288729
05/17/2023 13:14:26.444645,3651,True,True,True,True,Eyes,2.141382,0.1301453,-2.37405,-0.9853228,-0.09594683,-0.1411852,0.0,0.0,0.0,0.0,0.0,0.0,0.0,2.85388,0.436054,1.790167,2.209566,0.1386633,-2.576444,0.09796405,-0.7485414,0.08373148,0.6504444,14.64287,261.6907,357.7648,0.6769172,0.04047824,-0.7349445,0.0,0.0,0.0,0.8070779,-0.006784201,-2.52631,0.2313949,0.2218342,1.339253,-0.1346502,-0.03773493,0.9901744,-0.2555856,0.9667842,0.002087413,-0.9573638,-0.2527933,-0.1398222,static,-0.20330997486225552,9.136132364211493,9.802730937008953,9.405092727961662,-1.4024881000000002,-0.14544750099999998,0.0501339999999999,-0.003503405979142893,0.15877975880357922,0.9873078493695631,-0.48278264016429895,9.339454388674053,9.877824414247133,10.009655059356893,10.285723014829815
05/17/2023 13:14:26.464426,3652,True,True,True,True,Eyes,2.143748,0.1303607,-2.38249,-0.9861735,-0.09640171,-0.1347905,0.0,0.0,0.0,0.0,0.0,0.0,0.0,2.848144,0.4386338,1.811402,2.210065,0.1381598,-2.584961,0.0978457,-0.7460242,0.08353861,0.6533724,14.62568,262.1442,357.8188,0.676152,0.04049792,-0.7356474,0.0,0.0,0.0,0.8070779,-0.006784201,-2.52631,0.2304509,0.2125109,1.342573,-0.1270615,-0.03682685,0.991211,-0.2551542,0.966895,0.003215705,-0.9585154,-0.252503,-0.1322517,static,-0.27567180028640753,9.089914790784846,9.739830051656304,8.994513969038323,-1.4029871000000003,-0.144944001,0.05865099999999979,-0.004750940376005763,0.1579824724604461,0.9874304571179948,-0.5251347590418933,9.326386264606306,9.894980799670343,10.015956203131969,10.270328221894266
05/17/2023 13:14:26.484542,3653,True,True,True,True,Eyes,2.146027,0.1305372,-2.39093,-0.9869999,-0.09672692,-0.1283552,0.0,0.0,0.0,0.0,0.0,0.0,0.0,2.841809,0.4370769,1.83394,2.210322,0.1376366,-2.593412,0.09712031,-0.743428,0.08348744,0.6564391,14.57464,262.6248,357.9397,0.6753732,0.04051241,-0.7363618,0.0,0.0,0.0,0.8070779,-0.006784201,-2.52631,0.2266441,0.2045797,1.348242,-0.1193105,-0.03479504,0.9922472,-0.2540127,0.967195,0.003373354,-0.9598138,-0.2516409,-0.124235,static,-0.36170005608591776,9.016961010994338,9.542398903313716,8.628135963922134,-1.4032441000000002,-0.144420801,0.06710199999999977,-0.006234804032534791,0.15672378950123275,0.9876227711240695,-0.5789919974211553,9.30391023492179,9.80123749574648,9.911728462524163,10.143925504006019
05/17/2023 13:14:26.495016,3654,True,True,True,True,Eyes,2.148217,0.1306721,-2.39938,-0.9877967,-0.09700825,-0.121849,0.0,0.0,0.0,0.0,0.0,0.0,0.0,2.835292,0.4364814,1.856481,2.210463,0.1368609,-2.602123,0.09650382,-0.7407743,0.08344138,0.6595286,14.53176,263.1104,358.0516,0.6745805,0.04052109,-0.7370876,0.0,0.0,0.0,0.8070779,-0.006784201,-2.52631,0.2235178,0.2112022,1.349597,-0.111418,-0.03291113,0.9932284,-0.253039,0.9674491,0.00367159,-0.9610188,-0.2509165,-0.1161191,static,-0.4508510816953502,8.954955075089867,9.403862092162829,8.894237967365731,-1.4033851,-0.143645101,0.07581300000000013,-0.007772848744288463,0.15565321923103634,0.9877812298608262,-0.6321568123797157,9.285858063892405,9.738312474162965,9.854900217971988,10.043656791843242
05/17/2023 13:14:26.514560,3655,True,True,True,True,Eyes,2.150319,0.1307701,-2.407823,-0.988557,-0.0971688,-0.1153825,0.0,0.0,0.0,0.0,0.0,0.0,0.0,2.828544,0.4365943,1.878824,2.210432,0.1359758,-2.610892,0.09599049,-0.7380853,0.08344612,0.6626107,14.50055,263.597,358.1584,0.6737751,0.04052332,-0.7378239,0.0,0.0,0.0,0.8070779,-0.006784201,-2.52631,0.2379255,0.2032552,1.352015,-0.1034662,-0.03111373,0.9941463,-0.2522829,0.9676452,0.00402792,-0.9621062,-0.2503893,-0.107968,static,-0.5452695328848969,8.91176027425203,9.98063148937826,8.549537444183397,-1.4033541,-0.142760001,0.08458200000000016,-0.009401730867514835,0.1549063080543441,0.9878843466875857,-0.6840865745238727,9.275400746786968,10.416845399365437,10.532131679251997,10.689391419374024
05/17/2023 13:14:26.534820,3656,True,True,True,True,Eyes,2.152326,0.1308299,-2.416286,-0.9892805,-0.09727679,-0.1089099,0.0,0.0,0.0,0.0,0.0,0.0,0.0,2.823518,0.4370762,1.898431,2.210398,0.1351859,-2.619769,0.09555031,-0.7357233,0.08313137,0.6653351,14.44611,264.023,358.2261,0.6729569,0.04051873,-0.7385705,0.0,0.0,0.0,0.8070779,-0.006784201,-2.52631,0.2352339,0.1962286,1.354218,-0.09639884,-0.02997671,0.9948914,-0.2512176,0.9679186,0.004822595,-0.9631185,-0.2494693,-0.1008369,static,-0.5840401708690149,8.850174578601475,9.85421438609977,8.244875497771119,-1.4033201000000002,-0.141970101,0.09345899999999974,-0.010071899559714326,0.15384338047751048,0.9880439357606903,-0.7139484716321371,9.25420796161037,10.348971563178877,10.455790031046611,10.616252550222418
05/17/2023 13:14:26.544483,3657,True,True,True,True,Eyes,2.154238,0.130841,-2.424748,-0.9899617,-0.09727629,-0.1025332,0.0,0.0,0.0,0.0,0.0,0.0,0.0,2.819642,0.4396091,1.91557,2.210088,0.1343169,-2.628785,0.09539571,-0.7335873,0.08242929,0.6677985,14.3798,264.4015,358.2329,0.6721252,0.04050688,-0.7393281,0.0,0.0,0.0,0.8070779,-0.006784201,-2.52631,0.2442535,0.1882001,1.356735,-0.08988982,-0.02986984,0.9955038,-0.2500545,0.9682102,0.006472061,-0.9640502,-0.2483484,-0.09450138,static,-0.5901542035104539,8.78370388083766,10.205659011268006,7.897412969673398,-1.4030101,-0.14110110099999998,0.1024750000000001,-0.010179164566068266,0.15269683822679914,0.9882206035949513,-0.729709645114432,9.228991834091099,10.730407986943202,10.832132502309856,11.016142243233581
05/17/2023 13:14:26.564418,3658,True,True,True,True,Eyes,2.156051,0.1307982,-2.433229,-0.990599,-0.09725275,-0.09620585,0.0,0.0,0.0,0.0,0.0,0.0,0.0,2.817027,0.4414029,1.930815,2.209647,0.1331701,-2.637848,0.09515624,-0.731653,0.08193582,0.6700119,14.32423,264.745,358.2584,0.6712804,0.04048713,-0.7400963,0.0,0.0,0.0,0.8070779,-0.006784201,-2.52631,0.2552934,0.1850812,1.356644,-0.08405906,-0.02944675,0.9960258,-0.2490386,0.9684637,0.007614457,-0.9648389,-0.2474088,-0.08874148,static,-0.5617728173554044,8.730453171389934,10.657293944754802,7.768660898689291,-1.4025691,-0.139954301,0.11153799999999991,-0.009691036363241645,0.15177906678464115,0.9883669563770203,-0.7269971681450242,9.206609246474999,11.158035428837028,11.260217732731133,11.474745295393253
05/17/2023 13:14:26.584510,3659,True,True,True,True,Eyes,2.157768,0.1307004,-2.441725,-0.991189,-0.09718351,-0.08999832,0.0,0.0,0.0,0.0,0.0,0.0,0.0,2.815876,0.4441882,1.943367,2.209074,0.1318266,-2.646837,0.0950987,-0.7299752,0.08158092,0.6718907,14.29391,265.0381,358.2725,0.6704222,0.04045871,-0.7408755,0.0,0.0,0.0,0.8070779,-0.006784201,-2.52631,0.2638966,0.1800511,1.357492,-0.07903812,-0.02921242,0.9964435,-0.2484663,0.9686016,0.00868778,-0.9654105,-0.2468959,-0.08381482,static,-0.4925415557642583,8.706242872099748,11.001093435586458,7.555333279696274,-1.4019961000000003,-0.13861080099999998,0.12052700000000005,-0.008497320532866559,0.1513630569136579,0.9884416960474993,-0.6998016345063562,9.192740626315906,11.452057474776215,11.551114154240185,11.814907881997485
05/17/2023 13:14:26.595007,3660,True,True,True,True,Eyes,2.159376,0.130545,-2.450239,-0.991737,-0.09709512,-0.08384645,0.0,0.0,0.0,0.0,0.0,0.0,0.0,2.815275,0.4457917,1.955416,2.20842,0.1303995,-2.655943,0.09489696,-0.7283569,0.08145376,0.6736886,14.27149,265.3232,358.3155,0.6695505,0.04042091,-0.7416654,0.0,0.0,0.0,0.8070779,-0.006784201,-2.52631,0.2660388,0.1783913,1.358159,-0.07427683,-0.02848877,0.9968307,-0.2479866,0.9687197,0.009207186,-0.9659119,-0.2465168,-0.07901835,static,-0.41452178503275305,8.69133903698198,11.082880494024995,7.482843153502068,-1.4013421,-0.137183701,0.1296330000000001,-0.007151632994652435,0.15110752856121065,0.9884914443899097,-0.666743195504802,9.18188248281728,11.46368512405297,11.560740524156321,11.871831850566267
05/17/2023 13:14:26.614250,3661,True,True,True,True,Eyes,2.160874,0.130355,-2.458758,-0.9922463,-0.09695845,-0.07775724,0.0,0.0,0.0,0.0,0.0,0.0,0.0,2.814672,0.4473404,1.966834,2.207371,0.1288519,-2.664928,0.09468662,-0.7267702,0.08130843,0.6754467,14.24665,265.6023,358.3569,0.6686646,0.04037302,-0.7424668,0.0,0.0,0.0,0.8070779,-0.006784201,-2.52631,0.2668513,0.1809413,1.359339,-0.06961208,-0.02779178,0.997187,-0.2474699,0.9688468,0.009726455,-0.9663917,-0.2460966,-0.07432113,static,-0.33450728868415713,8.676735470303166,11.106477256455188,7.58205743882595,-1.4002931000000003,-0.13563610099999998,0.13861800000000013,-0.0057714050700845565,0.1508569132309978,0.9885386850682385,-0.6327068890082821,9.171009299164627,11.394506835940907,11.493234851629728,11.846231992307708
05/17/2023 13:14:26.634269,3662,True,True,True,True,Eyes,2.162266,0.1301271,-2.467293,-0.9927193,-0.0967991,-0.07168219,0.0,0.0,0.0,0.0,0.0,0.0,0.0,2.813355,0.4480181,1.979151,2.206194,0.1278142,-2.673779,0.09438433,-0.7251112,0.08094177,0.6773137,14.19597,265.8956,358.3904,0.6677644,0.04031514,-0.7432798,0.0,0.0,0.0,0.8070779,-0.006784201,-2.52631,0.2649345,0.186619,1.360128,-0.06467559,-0.02723232,0.9975348,-0.2465242,0.9690801,0.01047203,-0.9669762,-0.2452392,-0.06938927,static,-0.27033555418838834,8.637022991688692,11.022421039600703,7.812596287088947,-1.3991161,-0.13459840099999998,0.14746900000000007,-0.004664722361791496,0.15017258688823398,0.9886487977179153,-0.61086194087606,9.151498011771059,11.219822569593369,11.322810202322751,11.710078169346568
05/17/2023 13:14:26.645013,3663,True,True,True,True,Eyes,2.163548,0.1298686,-2.475842,-0.9931566,-0.09663119,-0.0655936,0.0,0.0,0.0,0.0,0.0,0.0,0.0,2.810728,0.4494774,1.993218,2.204965,0.1266647,-2.682764,0.09416424,-0.7232027,0.08067833,0.679413,14.16094,266.2285,358.4296,0.66685,0.04024727,-0.7441039,0.0,0.0,0.0,0.8070779,-0.006784201,-2.52631,0.2612046,0.1912841,1.361633,-0.05906232,-0.02657186,0.9979007,-0.2458275,0.9692482,0.01125923,-0.9675126,-0.2446464,-0.0637781,static,-0.24513761176585455,8.612343525066178,10.859234213599496,7.99666015608406,-1.3978871000000002,-0.13344890099999998,0.1564540000000001,-0.0042302034170567104,0.14974702343880927,0.9887153653684172,-0.6040533914811694,9.140335082607592,11.015510568400423,11.121427050824412,11.520197700315503
05/17/2023 13:14:26.664790,3664,True,True,True,True,Eyes,2.164714,0.1296149,-2.484397,-0.9935603,-0.09643587,-0.05948172,0.0,0.0,0.0,0.0,0.0,0.0,0.0,2.807698,0.4507881,2.007474,2.203563,0.125645,-2.691627,0.09395677,-0.7212425,0.08052847,0.68154,14.13643,266.5688,358.4775,0.6659206,0.04016957,-0.74494,0.0,0.0,0.0,0.8070779,-0.006784201,-2.52631,0.2578857,0.1902538,1.36357,-0.05335085,-0.02576446,0.9982434,-0.2452979,0.9693746,0.01190948,-0.9679786,-0.2442317,-0.05803695,static,-0.22514057444772687,8.599604997764906,10.709593546923646,7.942986222535652,-1.3964851,-0.132429201,0.16531699999999994,-0.0038852578948302408,0.14952739990503447,0.9887499599098022,-0.5973168881447963,9.134114965135286,10.851460004703588,10.954430999420596,11.36947717655067
05/17/2023 13:14:26.684448,3665,True,True,True,True,Eyes,2.165769,0.1293397,-2.492966,-0.993937,-0.09617321,-0.05329113,0.0,0.0,0.0,0.0,0.0,0.0,0.0,2.80238,0.4583178,2.023024,2.201844,0.1255201,-2.700396,0.09459187,-0.719038,0.07906631,0.6839485,14.0693,266.9314,358.3532,0.6649762,0.04008337,-0.7457877,0.0,0.0,0.0,0.8070779,-0.006784201,-2.52631,0.2545893,0.1842871,1.365765,-0.04653406,-0.02787572,0.9985278,-0.2441848,0.9696018,0.01568857,-0.9686117,-0.2430953,-0.05192638,static,-0.24797865290999435,8.546955253880526,10.559192261132129,7.684691277517467,-1.3947661,-0.13230430099999999,0.17408599999999996,-0.0042799659376036026,0.1486185215177715,0.9888853360126366,-0.6180952240049908,9.115321554483089,10.74596139648515,10.841514761796503,11.26847188019625
05/17/2023 13:14:26.694186,3666,True,True,True,True,Eyes,2.166717,0.1290562,-2.50158,-0.9942851,-0.09579537,-0.04711976,0.0,0.0,0.0,0.0,0.0,0.0,0.0,2.795478,0.4708925,2.040375,2.200178,0.1247731,-2.709836,0.09568116,-0.7165839,0.0763984,0.6866702,13.93934,267.3251,358.0984,0.6640165,0.03998897,-0.7466474,0.0,0.0,0.0,0.8070779,-0.006784201,-2.52631,0.249865,0.1803093,1.367868,-0.03865846,-0.03220616,0.9987335,-0.2420481,0.9700168,0.02191111,-0.969494,-0.2408945,-0.04529474,static,-0.3207449353223896,8.436404928438362,10.351943439596655,7.509307493761552,-1.3931001000000003,-0.131557301,0.18352600000000008,-0.0055374530103322606,0.14670931088305028,0.9891640912873265,-0.673160586736991,9.077486960667873,10.622443401968539,10.71287948226416,11.13607227131294
05/17/2023 13:14:26.714168,3667,True,True,True,True,Eyes,2.16754,0.1287539,-2.510238,-0.9946049,-0.09529883,-0.04097743,0.0,0.0,0.0,0.0,0.0,0.0,0.0,2.79275,0.4786229,2.053364,2.198497,0.1243062,-2.719556,0.09613288,-0.7148326,0.07329657,0.6887676,13.72228,267.6134,357.8486,0.6630409,0.03988706,-0.7475194,0.0,0.0,0.0,0.8070779,-0.006784201,-2.52631,0.2466191,0.1800373,1.369441,-0.03271575,-0.03646923,0.9987993,-0.2384064,0.9707721,0.02763689,-0.9706144,-0.237216,-0.04045407,static,-0.28447101172642286,8.249033116675422,10.208825393346048,7.489593724660893,-1.3914191000000002,-0.131090401,0.1932459999999998,-0.004913568268484825,0.14347418385687752,0.989641823735364,-0.6929262756712518,9.002898515470156,10.432463534152603,10.520742256839592,11.006283698088458
05/17/2023 13:14:26.735139,3668,True,True,True,True,Eyes,2.168244,0.1284296,-2.518941,-0.9948939,-0.09469424,-0.03491499,0.0,0.0,0.0,0.0,0.0,0.0,0.0,2.79209,0.4827776,2.064068,2.196265,0.1235595,-2.729537,0.09610699,-0.7133655,0.07044044,0.6905876,13.48791,267.8634,357.6526,0.6620485,0.03977796,-0.7484043,0.0,0.0,0.0,0.8070779,-0.006784201,-2.52631,0.2436738,0.1822386,1.370594,-0.02770447,-0.03982824,0.9988225,-0.2344094,0.9716032,0.03224103,-0.9717431,-0.2332402,-0.0362539,static,-0.20481403343900695,8.052617885229054,10.081110376138971,7.5738071835641705,-1.3891871,-0.130343701,0.20322700000000005,-0.0035394251095864915,0.14008157761793735,0.9901336030834681,-0.6944569807249084,8.921980981927549,10.208859895581321,10.297062719415711,10.859577544863518
05/17/2023 13:14:26.754315,3669,True,True,True,True,Eyes,2.168795,0.1281514,-2.527667,-0.9951444,-0.09409478,-0.02887618,0.0,0.0,0.0,0.0,0.0,0.0,0.0,2.792874,0.4866484,2.07267,2.194058,0.1227099,-2.73934,0.09609077,-0.7121377,0.06787652,0.6921121,13.27859,268.0718,357.4735,0.6610385,0.03966181,-0.7493027,0.0,0.0,0.0,0.8070779,-0.006784201,-2.52631,0.2421125,0.1846668,1.371225,-0.02349472,-0.04290339,0.9988029,-0.230816,0.9723186,0.03633634,-0.9727137,-0.229686,-0.03274714,static,-0.08236622126776491,7.883314050363536,10.013313180798834,7.670039030845002,-1.3869801000000002,-0.129494101,0.21302999999999983,-0.001423975566595903,0.13715594289870955,0.9905484631592503,-0.6709856277837323,8.848706764769453,10.009352404437156,10.097931908230636,10.749116180322615
05/17/2023 13:14:26.764578,3670,True,True,True,True,Eyes,2.169225,0.1280736,-2.536416,-0.9953578,-0.09349662,-0.0228314,0.0,0.0,0.0,0.0,0.0,0.0,0.0,2.792466,0.4911405,2.081761,2.190886,0.1235821,-2.7491,0.09645701,-0.7106788,0.06564711,0.693774,13.12914,268.3091,357.292,0.6600103,0.03954091,-0.7502149,0.0,0.0,0.0,0.8070779,-0.006784201,-2.52631,0.241896,0.1875329,1.37166,-0.0187478,-0.04601138,0.998765,-0.2281884,0.972773,0.04053068,-0.9734365,-0.2271467,-0.02873653,static,0.009209174411448296,7.7732332742980015,10.00143141498867,7.7851917835383135,-1.3838081,-0.130366301,0.22278999999999982,0.0001592534872681406,0.13525271350010193,0.9908111419071803,-0.6502119744613619,8.800280092562275,9.901965830022274,9.992229396437478,10.699902390729164
05/17/2023 13:14:26.784532,3671,True,True,True,True,Eyes,2.169504,0.1279077,-2.545238,-0.9955148,-0.0931346,-0.01661782,0.0,0.0,0.0,0.0,0.0,0.0,0.0,2.787841,0.5023811,2.095195,2.188338,0.1283727,-2.758439,0.0982002,-0.7086173,0.062871,0.6958919,13.04854,268.614,356.9596,0.658963,0.03942178,-0.7511413,0.0,0.0,0.0,0.8070779,-0.006784201,-2.52631,0.2433084,0.1905514,1.372001,-0.01218239,-0.05166987,0.9985899,-0.2266756,0.9728079,0.04757048,-0.9738941,-0.2257764,-0.02356342,static,0.019985221438801035,7.716194662551822,10.056190395566164,7.906986757702059,-1.3812601,-0.135156901,0.23212900000000003,0.0003456495409502325,0.1342662684334146,0.9909451914031946,-0.6563516441812196,8.777591775072322,9.944515076269045,10.038018525623105,10.747860719679302
05/17/2023 13:14:26.794385,3672,True,True,True,True,Eyes,2.169693,0.127991,-2.554036,-0.9956218,-0.09287784,-0.01053228,0.0,0.0,0.0,0.0,0.0,0.0,0.0,2.77867,0.5044619,2.117187,2.184857,0.126074,-2.7692,0.09821095,-0.7051175,0.06575148,0.6991716,13.30046,269.195,357.2579,0.6578953,0.03930173,-0.7520829,0.0,0.0,0.0,0.8070779,-0.006784201,-2.52631,0.2450015,0.1941893,1.371824,-0.003027718,-0.04655736,0.9989111,-0.2304436,0.9720627,0.04460756,-0.9730811,-0.2300576,-0.01367203,static,-0.18411116138088984,7.971613281557836,10.126004448887182,8.057004778236392,-1.3777791000000001,-0.13285820099999998,0.24289000000000005,-0.003182289895113488,0.13868176094142015,0.9903318801964897,-0.7006878647131596,8.889405761468668,10.210775916885796,10.31046922330882,10.858644383635498
05/17/2023 13:14:26.819894,3673,True,True,True,True,Eyes,2.169749,0.1280975,-2.562847,-0.9956619,-0.0929552,-0.004105663,0.0,0.0,0.0,0.0,0.0,0.0,0.0,2.781105,0.4961795,2.125077,2.182872,0.1321192,-2.777464,0.09802146,-0.703925,0.06790636,0.700193,13.46609,269.3969,357.4714,0.6568084,0.03918841,-0.7530382,0.0,0.0,0.0,0.8070779,-0.006784201,-2.52631,0.2464732,0.1994016,1.371425,-0.0002430367,-0.04290438,0.9990791,-0.2330946,0.9715611,0.04166593,-0.972454,-0.2328698,-0.0102369,static,0.007436535611626752,8.140481620405685,10.188461909230732,8.272685246020373,-1.3757941000000002,-0.13890340099999998,0.2511540000000001,0.0001284842374670303,0.14160069469503522,0.9899239220975539,-0.5795186982625995,8.94192889903338,10.078129484726157,10.181883689028357,10.788757733420963
05/17/2023 13:14:26.834877,3674,True,True,True,True,Eyes,2.169749,0.1281732,-2.571672,-0.9956595,-0.09304076,0.002329922,0.0,0.0,0.0,0.0,0.0,0.0,0.0,2.7608,0.5162072,2.155811,2.179495,0.1328668,-2.787141,0.1006826,-0.6989229,0.06929675,0.7046759,13.81356,270.1617,357.4576,0.6557021,0.03908192,-0.7540072,0.0,0.0,0.0,0.8070779,-0.006784201,-2.52631,0.2475941,0.2048896,1.371065,0.01340969,-0.04307522,0.998982,-0.2384022,0.970122,0.045031,-0.9710741,-0.2387633,0.002739855,static,-0.40643805668480487,8.465568662273691,10.236449768169825,8.499287232677094,-1.3724171000000003,-0.139651001,0.26083100000000004,-0.007016337606187972,0.14721141047645808,0.9890800893407372,-0.7069791136759596,9.094343687237618,10.528432310104991,10.642941237948698,10.959595242349538
05/17/2023 13:14:26.844514,3675,True,True,True,True,Eyes,2.169646,0.1282563,-2.58049,-0.995615,-0.09312111,0.008899068,0.0,0.0,0.0,0.0,0.0,0.0,0.0,2.756215,0.5064937,2.174376,2.178092,0.132138,-2.796358,0.09916618,-0.6964935,0.07156716,0.7070651,13.88218,270.5976,357.8198,0.6545775,0.03898073,-0.7549889,0.0,0.0,0.0,0.8070779,-0.006784201,-2.52631,0.2476205,0.2094205,1.370948,0.01954985,-0.03693193,0.9991266,-0.2393425,0.9700884,0.04054178,-0.9707384,-0.239926,0.01012568,static,-0.41330977406144037,8.529685241510274,10.23837337414926,8.685133927629744,-1.3710141,-0.138922201,0.27004800000000007,-0.007133769738660478,0.14831802862584773,0.988913967177003,-0.6976616625488383,9.119503819570738,10.533286748759595,10.652817382452968,10.944658036088347
05/17/2023 13:14:26.864299,3676,True,True,True,True,Eyes,2.169436,0.1283143,-2.589332,-0.9955338,-0.09311587,0.01555178,0.0,0.0,0.0,0.0,0.0,0.0,0.0,2.747122,0.5144293,2.192496,2.175417,0.1324181,-2.805062,0.0999032,-0.693757,0.07023304,0.7097802,13.84334,271.0293,357.7029,0.6534349,0.03888459,-0.7559831,0.0,0.0,0.0,0.8070779,-0.006784201,-2.52631,0.246466,0.2132511,1.37119,0.02753698,-0.03891703,0.9988631,-0.2383171,0.9701733,0.04436929,-0.9707971,-0.2392679,0.01744105,static,-0.47829265648216474,8.488405594157175,10.189880022928728,8.839973644408849,-1.3683391,-0.139202301,0.2787519999999999,-0.008256248242600295,0.14760423706770484,0.9890120290542895,-0.7356512049355015,9.107854996783905,10.550186009332588,10.673964043956992,10.928814804450973
05/17/2023 13:14:26.884578,3677,True,True,True,True,Eyes,2.169116,0.1284311,-2.598212,-0.9954116,-0.09305786,0.02227142,0.0,0.0,0.0,0.0,0.0,0.0,0.0,2.736136,0.5278971,2.212166,2.172507,0.1319211,-2.814534,0.1010596,-0.6908084,0.06683203,0.7128143,13.67474,271.4827,357.384,0.6522738,0.03879229,-0.7569898,0.0,0.0,0.0,0.8070779,-0.006784201,-2.52631,0.2455774,0.216764,1.371564,0.03663447,-0.04434796,0.9983443,-0.2349033,0.9706408,0.05173719,-0.9713282,-0.2364097,0.02514141,static,-0.5851343480215105,8.317552684945335,10.151196321455616,8.980829497477375,-1.3654291,-0.138705301,0.28822400000000004,-0.0101049362809712,0.1446519543404049,0.989431016918014,-0.8181645156418236,9.049014327158886,10.628785676979792,10.75679935549594,10.969572751271844
05/17/2023 13:14:26.894833,3678,True,True,True,True,Eyes,2.168692,0.1285556,-2.607117,-0.9952467,-0.09296311,0.02901747,0.0,0.0,0.0,0.0,0.0,0.0,0.0,2.729282,0.5329384,2.228691,2.169495,0.1334533,-2.824101,0.1014742,-0.6884039,0.06441383,0.7152999,13.5241,271.8629,357.1962,0.6510948,0.03870531,-0.7580086,0.0,0.0,0.0,0.8070779,-0.006784201,-2.52631,0.2439755,0.2179441,1.37245,0.04390182,-0.04756001,0.9979032,-0.2318608,0.9711077,0.05648346,-0.9717579,-0.2338544,0.03160606,static,-0.597092041325242,8.17101126925072,10.079966234481807,9.023186563931517,-1.3624171,-0.140237501,0.29779100000000014,-0.01031525395875682,0.14212058810673836,0.9897956765004203,-0.8522104293921273,8.993323082471168,10.582807207617986,10.711011911012147,10.932217452908388
05/17/2023 13:14:26.914494,3679,True,True,True,True,Eyes,2.168177,0.1286448,-2.616056,-0.9950333,-0.09289122,0.03577809,0.0,0.0,0.0,0.0,0.0,0.0,0.0,2.721846,0.5364053,2.246152,2.166478,0.1337659,-2.833699,0.1016287,-0.6857948,0.06330398,0.7178787,13.45851,272.2814,357.1413,0.6498972,0.03862334,-0.7590398,0.0,0.0,0.0,0.8070779,-0.006784201,-2.52631,0.2417393,0.218021,1.373627,0.05135643,-0.04850366,0.9975019,-0.230282,0.9713284,0.05908705,-0.9717678,-0.2327412,0.03871441,static,-0.631244097734999,8.107612953305733,9.981058478586833,9.018710845588954,-1.3594001000000002,-0.14055010099999998,0.30738900000000013,-0.01090696245619971,0.14102439558149027,0.9899460978290083,-0.8802965038305808,8.971128977281863,10.524179824702552,10.651341011381145,10.86145920621512
05/17/2023 13:14:26.934822,3680,True,True,True,True,Eyes,2.167576,0.1287303,-2.625001,-0.9947731,-0.0928552,0.0424783,0.0,0.0,0.0,0.0,0.0,0.0,0.0,2.717405,0.5332316,2.261724,2.163719,0.1329732,-2.843354,0.1008949,-0.6835141,0.06382076,0.7201081,13.44755,272.6671,357.2885,0.6486814,0.03854491,-0.760083,0.0,0.0,0.0,0.8070779,-0.006784201,-2.52631,0.239029,0.2169851,1.374858,0.05747098,-0.04601042,0.9972863,-0.2298418,0.9714943,0.05806564,-0.9715296,-0.2325552,0.04525757,static,-0.6097106976605634,8.100307525779384,9.862702777194302,8.968652350922055,-1.3566411,-0.139757401,0.3170440000000001,-0.010535101355805987,0.14089872704650308,0.9899679666421728,-0.8717939385046674,8.966901991176469,10.38411146000649,10.508352236372447,10.734496858405205
05/17/2023 13:14:26.944447,3681,True,True,True,True,Eyes,2.166892,0.1288251,-2.633943,-0.9944568,-0.09296116,0.04913283,0.0,0.0,0.0,0.0,0.0,0.0,0.0,2.71494,0.5293412,2.274451,2.160975,0.1329366,-2.852498,0.1003182,-0.6815283,0.06536146,0.7219304,13.52896,273.0016,357.5025,0.6474481,0.03846963,-0.7611378,0.0,0.0,0.0,0.8070779,-0.006784201,-2.52631,0.2363895,0.2164202,1.375919,0.06249424,-0.04236653,0.9971458,-0.2311122,0.9713283,0.05575416,-0.9709179,-0.2339369,0.05091097,static,-0.5335209009895154,8.179840837882713,9.748518602293824,8.93889463982983,-1.3538971000000002,-0.13972080099999998,0.32618800000000014,-0.00921683797101891,0.14227464470445372,0.9897843778776425,-0.8211902345644733,8.992558621999613,10.188504576590395,10.310019351161737,10.56984506598572
05/17/2023 13:14:26.964555,3682,True,True,True,True,Eyes,2.166135,0.1289383,-2.642885,-0.9940828,-0.09320674,0.05578308,0.0,0.0,0.0,0.0,0.0,0.0,0.0,2.710076,0.527438,2.289457,2.158191,0.1332471,-2.861602,0.1001094,-0.6791073,0.06761096,0.7240305,13.69744,273.3978,357.7546,0.6461974,0.0383975,-0.7622034,0.0,0.0,0.0,0.8070779,-0.006784201,-2.52631,0.2337287,0.2162419,1.376789,0.06848402,-0.0380653,0.9969258,-0.2338749,0.9708138,0.05313438,-0.9698519,-0.2367947,0.05758271,static,-0.5165029493622132,8.335793460041174,9.634882263474491,8.926095967548346,-1.3511131,-0.140031301,0.3352919999999999,-0.008919326932523342,0.14496856632054236,0.9893959884887304,-0.7829794277737678,9.051545106437658,10.048593820801397,10.168533758107358,10.418616976567769
05/17/2023 13:14:26.984664,3683,True,True,True,True,Eyes,2.165314,0.1290758,-2.651817,-0.993654,-0.09357505,0.06241427,0.0,0.0,0.0,0.0,0.0,0.0,0.0,2.704376,0.5246701,2.305669,2.155595,0.1337659,-2.870636,0.09990746,-0.6764591,0.07105231,0.7262046,13.95941,273.8312,358.1122,0.6449307,0.03832882,-0.7632789,0.0,0.0,0.0,0.8070779,-0.006784201,-2.52631,0.2325163,0.2155741,1.377557,0.07470921,-0.03196958,0.9966928,-0.2383637,0.9699401,0.04897856,-0.9682983,-0.2412345,0.06484311,static,-0.5235745381575752,8.577778059582048,9.580588757838097,8.894090254886358,-1.3485171,-0.14055010099999998,0.34432600000000013,-0.009035766661633693,0.1491457657580077,0.9887739874589285,-0.7391197777924632,9.145266299152148,9.990171649169495,10.109113181533004,10.322764826614005
05/17/2023 13:14:26.994468,3684,True,True,True,True,Eyes,2.164427,0.1292763,-2.660729,-0.9931814,-0.09398691,0.06897141,0.0,0.0,0.0,0.0,0.0,0.0,0.0,2.701922,0.51678,2.319098,2.153149,0.1344438,-2.879503,0.09910116,-0.674305,0.07498093,0.7279214,14.20522,274.1991,358.5525,0.6436487,0.03826399,-0.7643636,0.0,0.0,0.0,0.8070779,-0.006784201,-2.52631,0.2323457,0.2148768,1.377931,0.07938132,-0.02448834,0.9965435,-0.2428093,0.9691136,0.04315568,-0.9668207,-0.2453957,0.07098354,static,-0.45255082236668714,8.803768309753439,9.571139096018895,8.863410864717943,-1.3460711,-0.141228001,0.3531930000000001,-0.0078053683489540115,0.15304616029031695,0.9881881587025945,-0.662379218191335,9.22770412730117,9.906319706319747,10.023867358176057,10.240000325607403
05/17/2023 13:14:27.014925,3685,True,True,True,True,Eyes,2.163465,0.1295158,-2.669635,-0.9926691,-0.09436557,0.07551897,0.0,0.0,0.0,0.0,0.0,0.0,0.0,2.699713,0.5102525,2.331381,2.150627,0.1361129,-2.887978,0.09847014,-0.6724081,0.0772413,0.7295237,14.33246,274.5193,358.8334,0.642352,0.0382045,-0.7654567,0.0,0.0,0.0,0.8070779,-0.006784201,-2.52631,0.2331146,0.2146026,1.377981,0.08380234,-0.01972552,0.9962872,-0.2451229,0.9686748,0.03979725,-0.9658633,-0.2475479,0.07634205,static,-0.3530809005415681,8.91243150917761,9.60188206663234,8.85196357101909,-1.3435491000000002,-0.142897101,0.3616679999999999,-0.006087984815572434,0.15492186363417926,0.9879079260412351,-0.5953732005148975,9.263060952996803,9.838610625890759,9.955146611142856,10.20553849832683
05/17/2023 13:14:27.034433,3686,True,True,True,True,Eyes,2.162444,0.12979,-2.678525,-0.9921305,-0.09463987,0.08197761,0.0,0.0,0.0,0.0,0.0,0.0,0.0,2.695689,0.5062611,2.344998,2.147808,0.137255,-2.896574,0.09793941,-0.6703671,0.07791717,0.7313992,14.34333,274.8571,358.9749,0.6410415,0.03815103,-0.7665572,0.0,0.0,0.0,0.8070779,-0.006784201,-2.52631,0.2349591,0.2151373,1.377623,0.08907364,-0.0173336,0.9958743,-0.2452878,0.9686736,0.03879938,-0.9653497,-0.2477318,0.08203156,static,-0.29537073667805985,8.908971122868872,9.678892246887917,8.875937664786008,-1.3407301,-0.14403920099999998,0.37026400000000015,-0.005092976694998641,0.1548630634536787,0.9879227984672206,-0.5694475095993852,9.257944310794777,9.857001476022138,9.974317684668328,10.255456929946764
05/17/2023 13:14:27.044219,3687,True,True,True,True,Eyes,2.161342,0.1300827,-2.687412,-0.9915668,-0.09473602,0.08843233,0.0,0.0,0.0,0.0,0.0,0.0,0.0,2.694344,0.4963949,2.356965,2.145317,0.1383152,-2.90511,0.09655486,-0.6688268,0.0780481,0.7329778,14.23777,275.1316,359.1285,0.6397178,0.03810401,-0.7676644,0.0,0.0,0.0,0.8070779,-0.006784201,-2.52631,0.237218,0.215815,1.377147,0.09315855,-0.0147419,0.9955422,-0.243572,0.9691713,0.03714381,-0.9653985,-0.2459464,0.08669588,static,-0.1703502137794339,8.800116211844136,9.7734720154666,8.906478417405761,-1.3382391,-0.145099401,0.3788,-0.0029381679833290764,0.1529871733911781,0.9882237607361951,-0.5330197875908584,9.207797653072515,9.82677490911087,9.944391054540219,10.310895526978895
05/17/2023 13:14:27.068626,3688,True,True,True,True,Eyes,2.160168,0.1303773,-2.69627,-0.9909889,-0.09463301,0.09479281,0.0,0.0,0.0,0.0,0.0,0.0,0.0,2.692448,0.483689,2.369183,2.142308,0.1389698,-2.913324,0.09465551,-0.6673331,0.07739781,0.7346539,14.02695,275.4066,359.2551,0.6383817,0.03806338,-0.7687779,0.0,0.0,0.0,0.8070779,-0.006784201,-2.52631,0.2394754,0.216468,1.376309,0.09735201,-0.01261231,0.9951703,-0.2400547,0.9700999,0.03577784,-0.9658657,-0.2423783,0.09141354,static,-0.054839807262466976,8.596773171876928,9.87054724392032,8.938344429469584,-1.3352301,-0.145754001,0.38701399999999975,-0.0009463814982121899,0.14947959694671764,0.9887643995367517,-0.5193740782716771,9.121859946606104,9.813109042118448,9.931262711246763,10.391541898408041
05/17/2023 13:14:27.084313,3689,True,True,True,True,Eyes,2.158904,0.1306984,-2.705121,-0.9903786,-0.09440245,0.1011858,0.0,0.0,0.0,0.0,0.0,0.0,0.0,2.691142,0.4705284,2.380702,2.139354,0.1392535,-2.921499,0.09260007,-0.6659965,0.0761686,0.7362555,13.75736,275.6572,359.3403,0.637033,0.03802861,-0.7698975,0.0,0.0,0.0,0.8070779,-0.006784201,-2.52631,0.2412602,0.2160239,1.375689,0.101294,-0.01118354,0.9947937,-0.2355018,0.9712471,0.03489858,-0.9665809,-0.2378107,0.09574774,static,0.08080488543907652,8.341863638365984,9.947040796132002,8.924257483443112,-1.3322761,-0.146037701,0.3951889999999998,0.0013953899576685802,0.14507903802580685,0.9894191657927264,-0.5064891569223464,9.014729346283518,9.766245379082555,9.883410020647245,10.453921447828575
05/17/2023 13:14:27.094979,3690,True,True,True,True,Eyes,2.15756,0.1310023,-2.713946,-0.9897399,-0.09407664,0.1075388,0.0,0.0,0.0,0.0,0.0,0.0,0.0,2.687492,0.4623137,2.393378,2.135994,0.1401551,-2.929588,0.09126012,-0.6643281,0.07451379,0.7380973,13.51624,275.9435,359.3367,0.6356726,0.03799991,-0.7710226,0.0,0.0,0.0,0.8070779,-0.006784201,-2.52631,0.2422345,0.2160556,1.375143,0.1062317,-0.01125648,0.9942778,-0.2312502,0.9722386,0.0357145,-0.9670773,-0.2337209,0.1006795,static,0.16439492203545986,8.120405303154177,9.990288901754607,8.929032768240083,-1.3289161000000003,-0.146939301,0.4032779999999998,0.0028404605019872187,0.14125324537643139,0.989969459026844,-0.5110834291160735,8.923902712697434,9.742147145908211,9.859111059216863,10.501373583919685
05/17/2023 13:14:27.114376,3691,True,True,True,True,Eyes,2.156132,0.1313041,-2.722771,-0.9890429,-0.09380951,0.1139915,0.0,0.0,0.0,0.0,0.0,0.0,0.0,2.682743,0.4575776,2.406711,2.132646,0.1400174,-2.937849,0.09032591,-0.6623908,0.07363972,0.7400384,13.37043,276.2644,359.3716,0.6343001,0.03797624,-0.7721532,0.0,0.0,0.0,0.8070779,-0.006784201,-2.52631,0.2429426,0.2161502,1.374516,0.1116311,-0.01066968,0.9936925,-0.2286545,0.9728369,0.03613273,-0.9670861,-0.2312458,0.1061592,static,0.22363913570823407,7.990428094831096,10.023379248702568,8.936888385209254,-1.3255681,-0.14680160099999998,0.4115389999999999,0.0038653349292621653,0.13900663516684733,0.9902839788891747,-0.5090859284766782,8.869927616796854,9.728329388967136,9.845338661696351,10.532678028545249
05/17/2023 13:14:27.134422,3692,True,True,True,True,Eyes,2.154627,0.1315983,-2.731565,-0.9883048,-0.09354179,0.1204307,0.0,0.0,0.0,0.0,0.0,0.0,0.0,2.678529,0.4548787,2.418814,2.129273,0.140235,-2.94595,0.08980659,-0.6604952,0.07342048,0.7418156,13.31047,276.5711,359.4286,0.6329159,0.03795707,-0.7732891,0.0,0.0,0.0,0.8070779,-0.006784201,-2.52631,0.2424216,0.2150295,1.37411,0.116711,-0.009704726,0.9931186,-0.2275626,0.9730884,0.0362521,-0.9667439,-0.2302276,0.1113617,static,0.2987214691973507,7.94627149008151,10.005213862988333,8.893879491884904,-1.3221951,-0.147019201,0.4196399999999998,0.0051635901733662615,0.13824258336515868,0.9903849368619166,-0.48307747565987413,8.847988403636283,9.63766919573301,9.752638387421324,10.488391735454185
05/17/2023 13:14:27.144835,3693,True,True,True,True,Eyes,2.153039,0.1318816,-2.740345,-0.9875,-0.09339744,0.1269673,0.0,0.0,0.0,0.0,0.0,0.0,0.0,2.671487,0.4568642,2.433047,2.125835,0.1403419,-2.954049,0.08987585,-0.6581647,0.07313458,0.7439038,13.29632,276.9336,359.4409,0.6315205,0.0379418,-0.7744299,0.0,0.0,0.0,0.8070779,-0.006784201,-2.52631,0.241386,0.2136058,1.373981,0.1229408,-0.009496074,0.9923686,-0.2271164,0.9731474,0.03744877,-0.9660764,-0.2299872,0.1174828,static,0.31707558400992675,7.940509911612467,9.964247522787618,8.836742262433585,-1.3187571,-0.14712610099999998,0.42773899999999987,0.0054809267133832384,0.13814275973560564,0.9903971750983729,-0.4757396743093554,8.844564806978294,9.575869899299438,9.688712961121206,10.439990127761227
05/17/2023 13:14:27.164293,3694,True,True,True,True,Eyes,2.151376,0.1321564,-2.74909,-0.9866551,-0.09322514,0.1334943,0.0,0.0,0.0,0.0,0.0,0.0,0.0,2.663871,0.4558657,2.448297,2.122283,0.1403499,-2.962161,0.08953503,-0.6557357,0.07311008,0.7460892,13.2667,277.3187,359.5097,0.6301143,0.03792976,-0.7755751,0.0,0.0,0.0,0.8070779,-0.006784201,-2.52631,0.2433168,0.2098051,1.373811,0.1293311,-0.008329351,0.9915666,-0.2265159,0.9732768,0.03772046,-0.9653829,-0.229484,0.1239882,static,0.3204580190718161,7.920376490834485,10.043550908090717,8.682984495923643,-1.3152051,-0.147134101,0.435851,0.005539665383597958,0.1377946805952593,0.9904452934532063,-0.47810102244688046,8.83658392797907,9.643231002812533,9.752953721715077,10.522773024869124
05/17/2023 13:14:27.184384,3695,True,True,True,True,Eyes,2.149629,0.1324135,-2.757814,-0.9857367,-0.09317841,0.1401467,0.0,0.0,0.0,0.0,0.0,0.0,0.0,2.656182,0.4535476,2.463571,2.118704,0.1404004,-2.970113,0.08903251,-0.6533175,0.07320917,0.7482578,13.2321,277.7042,359.6013,0.6286975,0.03792046,-0.7767245,0.0,0.0,0.0,0.8070779,-0.006784201,-2.52631,0.2466663,0.2055485,1.372967,0.1356333,-0.006774314,0.9907359,-0.2258917,0.9734272,0.03758089,-0.9646639,-0.2288962,0.1304989,static,0.3343908426571831,7.887962574035909,10.185064946446218,8.514580503454495,-1.3116261000000002,-0.147184601,0.44380299999999995,0.005780970205889524,0.13723416162682023,0.9905218425678308,-0.47799078425097963,8.823178703731463,9.763805647682382,9.870584092571663,10.667520347539465
05/17/2023 13:14:27.194823,3696,True,True,True,True,Eyes,2.1478,0.1326481,-2.766505,-0.9847687,-0.09310123,0.1468424,0.0,0.0,0.0,0.0,0.0,0.0,0.0,2.646385,0.4528196,2.48043,2.114994,0.1402196,-2.977931,0.08865949,-0.650633,0.07294568,0.7506633,13.18103,278.1264,359.6555,0.6272703,0.03791316,-0.7778778,0.0,0.0,0.0,0.8070779,-0.006784201,-2.52631,0.2509177,0.2019686,1.371902,0.1427114,-0.005854283,0.9897472,-0.2248848,0.9736369,0.0381851,-0.9638779,-0.2280286,0.1376325,static,0.309083541234393,7.840848300947835,10.364706825197183,8.374810193999837,-1.3079161,-0.147003801,0.45162099999999983,0.005344066452450114,0.1364199256428647,0.9906366472154711,-0.498829360060971,8.806680453724539,9.964505537241326,10.069790212919347,10.872117106141195
05/17/2023 13:14:27.214323,3697,True,True,True,True,Eyes,2.14589,0.1328615,-2.775178,-0.9837345,-0.09311098,0.1536126,0.0,0.0,0.0,0.0,0.0,0.0,0.0,2.634521,0.4563107,2.498539,2.111079,0.1399108,-2.985865,0.08877311,-0.6476614,0.07209148,0.7532973,13.12798,278.581,359.6248,0.6258336,0.0379071,-0.7790345,0.0,0.0,0.0,0.8070779,-0.006784201,-2.52631,0.254457,0.1979821,1.37026,0.1506748,-0.006377245,0.9885628,-0.2236024,0.9738443,0.04036335,-0.9629636,-0.2271268,0.1453078,static,0.2443438990105095,7.787036060183867,10.519981691372717,8.221488843949405,-1.3040011000000002,-0.146695001,0.45955499999999994,0.004225267588878978,0.1354901930126055,0.9907697041577219,-0.5391471261774576,8.790185791857796,10.181319905292463,10.284817998445286,11.07374130191459
05/17/2023 13:14:27.234721,3698,True,True,True,True,Eyes,2.143896,0.1330427,-2.78384,-0.9826493,-0.09307943,0.1604262,0.0,0.0,0.0,0.0,0.0,0.0,0.0,2.623441,0.4602168,2.515889,2.107193,0.139624,-2.994025,0.08892648,-0.6448104,0.07089002,0.7558348,13.05279,279.0137,359.5577,0.6243866,0.03790159,-0.7801949,0.0,0.0,0.0,0.8070779,-0.006784201,-2.52631,0.2556123,0.1926588,1.370247,0.1583881,-0.007519166,0.9873484,-0.2218437,0.9741334,0.04300622,-0.9621323,-0.2258487,0.1526231,static,0.1998367513346446,7.713687900266979,10.566769766983489,8.003409186115064,-1.3001151000000002,-0.146408201,0.4677150000000001,0.0034562420158593676,0.1342221242381383,0.9909452399008658,-0.5739434459864861,8.764835953677798,10.272143892917128,10.370980598498077,11.16670325637808
05/17/2023 13:14:27.244658,3699,True,True,True,True,Eyes,2.141817,0.1331949,-2.792501,-0.9815058,-0.09314331,0.1672448,0.0,0.0,0.0,0.0,0.0,0.0,0.0,2.61141,0.4638445,2.534245,2.103093,0.1390313,-3.002445,0.08900579,-0.6417693,0.06986527,0.7585045,12.98508,279.4758,359.5145,0.6229295,0.03789571,-0.7813591,0.0,0.0,0.0,0.8070779,-0.006784201,-2.52631,0.2529832,0.1991888,1.367936,0.166502,-0.00825613,0.9860067,-0.2202286,0.9743936,0.04534781,-0.961133,-0.2246974,0.1604202,static,0.13011077141681818,7.6419392470717185,10.477777330500984,8.284764240231603,-1.2960151,-0.145815501,0.47613499999999975,0.0022506909409893416,0.13298157482039297,0.9911160224247272,-0.6200520554763311,8.741755705903449,10.261792635385515,10.367614344188336,11.107234501889232
05/17/2023 13:14:27.264456,3700,True,True,True,True,Eyes,2.139651,0.1333159,-2.801155,-0.9803098,-0.09319854,0.1740878,0.0,0.0,0.0,0.0,0.0,0.0,0.0,2.601485,0.4651509,2.550776,2.098922,0.1384878,-3.010962,0.08882659,-0.6390191,0.06906886,0.7609167,12.91186,279.8969,359.5055,0.6214619,0.03788873,-0.7825271,0.0,0.0,0.0,0.8070779,-0.006784201,-2.52631,0.2572168,0.1962016,1.367672,0.1737684,-0.008412481,0.9847506,-0.218635,0.9746787,0.04690662,-0.96021,-0.2234519,0.1675291,static,0.10809650203892965,7.565384654368598,10.651149941018106,8.16375998744538,-1.2918441,-0.14527200099999998,0.4846520000000001,0.0018702159581586164,0.13165728036926533,0.9912934463422269,-0.6451054187442202,8.713695683055157,10.455432214951944,10.56002030568149,11.309633699738683
05/17/2023 13:14:27.284333,3701,True,True,True,True,Eyes,2.137405,0.1334026,-2.809825,-0.9790583,-0.09335987,0.1809112,0.0,0.0,0.0,0.0,0.0,0.0,0.0,2.590469,0.4683522,2.567848,2.094613,0.1378578,-3.01949,0.08893541,-0.6360564,0.06882902,0.7634038,12.90561,280.3454,359.527,0.619984,0.03787993,-0.783699,0.0,0.0,0.0,0.8070779,-0.006784201,-2.52631,0.2481774,0.2034543,1.366777,0.1813897,-0.008047204,0.9833784,-0.2182245,0.9747061,0.04822899,-0.958893,-0.2233455,0.1750455,static,0.06151733755741354,7.549421753401366,10.291555948084763,8.466705919647627,-1.2875351,-0.144642001,0.49317999999999973,0.0010643731756092012,0.13138126744271883,0.9913313835875641,-0.6696827496873208,8.710597183109732,10.161813311467492,10.27108077149267,10.963951693524074
05/17/2023 13:14:27.294854,3702,True,True,True,True,Eyes,2.135078,0.1334593,-2.818491,-0.9777584,-0.09350511,0.1877375,0.0,0.0,0.0,0.0,0.0,0.0,0.0,2.580055,0.4692732,2.58482,2.090457,0.1371059,-3.028099,0.08875965,-0.6331468,0.06908981,0.7658156,12.91087,280.791,359.6135,0.6184956,0.03786856,-0.7848747,0.0,0.0,0.0,0.8070779,-0.006784201,-2.52631,0.2481404,0.2043233,1.366961,0.1887033,-0.006575672,0.9820122,-0.2182159,0.9746966,0.04845905,-0.9574826,-0.223435,0.1824936,static,0.0271006843138899,7.545927214480712,10.288698886790398,8.501213965409816,-1.2833790999999999,-0.143890101,0.501789,0.0004688999822859419,0.13132086339070448,0.9913398379183844,-0.6862263639487025,8.711506538155263,10.19554119615181,10.305967710291439,10.97693979328768
05/17/2023 13:14:27.314419,3703,True,True,True,True,Eyes,2.132661,0.133494,-2.82717,-0.9764112,-0.09369818,0.1945297,0.0,0.0,0.0,0.0,0.0,0.0,0.0,2.570409,0.4696532,2.600891,2.086141,0.1364329,-3.036711,0.08853494,-0.6303537,0.06933769,0.7681198,12.91031,281.2184,359.7004,0.6169964,0.03785406,-0.7860545,0.0,0.0,0.0,0.8070779,-0.006784201,-2.52631,0.246173,0.2034165,1.366549,0.195693,-0.00509734,0.9806519,-0.218136,0.9747077,0.04859633,-0.9560966,-0.2234254,0.1896316,static,0.00963670485808961,7.53405746851203,10.21185947459986,8.466547563435647,-1.2790631000000001,-0.14321710099999999,0.5104009999999999,0.00016674024001173127,0.13111549595197525,0.9913670780905537,-0.6965870461260026,8.708076907219526,10.135859233483687,10.244749251229536,10.91112010379525
05/17/2023 13:14:27.334820,3704,True,True,True,True,Eyes,2.130163,0.1335026,-2.835859,-0.9750243,-0.09384239,0.2012986,0.0,0.0,0.0,0.0,0.0,0.0,0.0,2.561154,0.4699842,2.616309,2.081568,0.1359356,-3.045334,0.08828048,-0.6276749,0.0688563,0.7703828,12.85346,281.6253,359.7219,0.615486,0.03783619,-0.7872386,0.0,0.0,0.0,0.8070779,-0.006784201,-2.52631,0.2438767,0.2010227,1.366318,0.202566,-0.004731473,0.9792572,-0.2169143,0.9749308,0.04958078,-0.9549425,-0.2224583,0.1964615,static,0.00347990108490875,7.468865215972083,10.120255924074414,8.369727337626184,-1.2744901,-0.14271980099999998,0.5190239999999999,6.0220425114831944e-05,0.12998741104497288,0.9915155951656471,-0.7121189956150789,8.683356279168448,10.051250229112068,10.156806075807811,10.836914206253127
05/17/2023 13:14:27.344358,3705,True,True,True,True,Eyes,2.127565,0.1334892,-2.844581,-0.9735894,-0.09404133,0.2080381,0.0,0.0,0.0,0.0,0.0,0.0,0.0,2.553315,0.471795,2.630458,2.077064,0.1353091,-3.05431,0.08820046,-0.6251801,0.06807105,0.7724875,12.79015,281.9993,359.6995,0.6139642,0.03781459,-0.7884272,0.0,0.0,0.0,0.8070779,-0.006784201,-2.52631,0.2440237,0.1965257,1.366147,0.2090322,-0.005114298,0.9778954,-0.2154504,0.975174,0.05115414,-0.9538798,-0.2213808,0.2027408,static,0.02361297362449138,7.3942220397147285,10.12747110776429,8.186067485722246,-1.2699861000000001,-0.14209330099999998,0.528,0.00040869694892359254,0.12869557696640746,0.9916840343719494,-0.7173738166906263,8.653270019712789,10.033941102748694,10.134839337906932,10.854903944450303
05/17/2023 13:14:27.364850,3706,True,True,True,True,Eyes,2.124894,0.1334567,-2.853321,-0.9721054,-0.0942288,0.2147833,0.0,0.0,0.0,0.0,0.0,0.0,0.0,2.54454,0.4749472,2.644837,2.072196,0.1347715,-3.063211,0.08830833,-0.6225561,0.06719393,0.774668,12.73742,282.388,359.6565,0.6124302,0.03778905,-0.7896206,0.0,0.0,0.0,0.8070779,-0.006784201,-2.52631,0.243625,0.1946879,1.365634,0.2158177,-0.00584781,0.9764161,-0.2140597,0.9753732,0.05315529,-0.9526809,-0.2204832,0.2092511,static,0.02722684146117671,7.330770781576755,10.114985827207715,8.113545298108743,-1.2651181,-0.14155570099999998,0.5369009999999999,0.00047131373367653717,0.12759726431266877,0.9918258705139613,-0.7280633095482285,8.628579853989574,10.019105122703973,10.118083677171379,10.855274071890364
05/17/2023 13:14:27.384352,3707,True,True,True,True,Eyes,2.122142,0.1333979,-2.862091,-0.9705671,-0.09447798,0.2215249,0.0,0.0,0.0,0.0,0.0,0.0,0.0,2.534563,0.4820053,2.660256,2.067695,0.1342898,-3.072442,0.08891246,-0.6197315,0.06613669,0.7769514,12.71698,282.7964,359.5634,0.6108839,0.03775946,-0.7908189,0.0,0.0,0.0,0.8070779,-0.006784201,-2.52631,0.2446466,0.1944488,1.364867,0.2231177,-0.007433729,0.9747632,-0.2129737,0.975441,0.05618736,-0.9512417,-0.2201353,0.2160549,static,0.004964703689912607,7.295947002321748,10.162108748460366,8.108206750025536,-1.2606171000000002,-0.14107400099999998,0.5461320000000001,8.594884852358708e-05,0.12699443450024778,0.9919033581181474,-0.7451051275856699,8.616618577454886,10.090093355807523,10.189570208990942,10.919056604124792
05/17/2023 13:14:27.394711,3708,True,True,True,True,Eyes,2.119305,0.1333129,-2.870884,-0.9689747,-0.09469298,0.228301,0.0,0.0,0.0,0.0,0.0,0.0,0.0,2.523616,0.4894733,2.676387,2.062972,0.1336318,-3.081811,0.08952422,-0.6167641,0.06487525,0.7793453,12.68354,283.2239,359.4532,0.6093251,0.03772553,-0.7920223,0.0,0.0,0.0,0.8070779,-0.006784201,-2.52631,0.2465658,0.1953737,1.363815,0.2307865,-0.009310223,0.9729601,-0.2115511,0.9755533,0.05951509,-0.9497284,-0.219566,0.223175,static,-0.03565335988188571,7.249880237074965,10.247879418462887,8.152456466046022,-1.2558941,-0.14041600099999998,0.555501,-0.0006172936009742891,0.1261968763607116,0.9920050623095527,-0.7727966972580811,8.601527684372478,10.221357845952582,10.3230659327738,11.029821712373767
05/17/2023 13:14:27.414803,3709,True,True,True,True,Eyes,2.116393,0.1332124,-2.879719,-0.9673384,-0.09492421,0.2350444,0.0,0.0,0.0,0.0,0.0,0.0,0.0,2.511508,0.495872,2.693514,2.058004,0.1329239,-3.091201,0.08996993,-0.6136351,0.06353605,0.7818701,12.63066,283.6763,359.3504,0.6077533,0.03768698,-0.7932309,0.0,0.0,0.0,0.8070779,-0.006784201,-2.52631,0.2470621,0.1978627,1.362846,0.2388303,-0.01106355,0.9709983,-0.2097713,0.9757372,0.06271367,-0.9481331,-0.2186655,0.2307148,static,-0.10117742441015991,7.1830292327096155,10.275213702888584,8.260682084845632,-1.2509261,-0.139708101,0.5648909999999998,-0.001752019358985002,0.12503917947243542,0.9921502858715862,-0.8160149134898247,8.580059478222987,10.327017201217728,10.432201517244621,11.095825978275426
05/17/2023 13:14:27.434589,3710,True,True,True,True,Eyes,2.113396,0.1330934,-2.888579,-0.9656399,-0.0950942,0.2418606,0.0,0.0,0.0,0.0,0.0,0.0,0.0,2.501137,0.5022835,2.709297,2.053369,0.1324652,-3.100708,0.09041899,-0.6108083,0.06158254,0.7841845,12.53527,284.0799,359.1857,0.6061676,0.03764386,-0.7944453,0.0,0.0,0.0,0.8070779,-0.006784201,-2.52631,0.2469339,0.2019769,1.362,0.2462419,-0.01387317,0.9691091,-0.2070415,0.976064,0.06658009,-0.9468362,-0.2170406,0.2374755,static,-0.1196421044381811,7.077561397895987,10.276238691366654,8.43516549997169,-1.2462911,-0.139249401,0.574398,-0.0020722359436337046,0.12321257044825722,0.99237807387091,-0.8450621809191301,8.54062399314316,10.374417543710022,10.484151201626032,11.121800869719191
05/17/2023 13:14:27.444235,3711,True,True,True,True,Eyes,2.110312,0.1329215,-2.897474,-0.9638735,-0.09528067,0.2487359,0.0,0.0,0.0,0.0,0.0,0.0,0.0,2.48552,0.5136712,2.728478,2.048237,0.1319176,-3.110239,0.09140189,-0.6073012,0.0584847,0.7870264,12.41007,284.5686,358.8877,0.6045685,0.03759617,-0.7956651,0.0,0.0,0.0,0.8070779,-0.006784201,-2.52631,0.2485776,0.2052148,1.361137,0.2555297,-0.01895894,0.9666154,-0.203075,0.9764504,0.07283575,-0.9452329,-0.2149071,0.245662,static,-0.2343319110412362,6.93940400704881,10.349586292337461,8.57375022117545,-1.2411591,-0.13870180099999999,0.5839289999999999,-0.0040598923723000335,0.12081856803250395,0.9926663431985642,-0.9248263616293757,8.494898204332376,10.594490381458199,10.709360955885325,11.27468839181322
05/17/2023 13:14:27.464607,3712,True,True,True,True,Eyes,2.107152,0.1327055,-2.906393,-0.9620332,-0.09547528,0.2556884,0.0,0.0,0.0,0.0,0.0,0.0,0.0,2.468713,0.5280498,2.747942,2.043044,0.1305082,-3.119857,0.09267402,-0.6036221,0.05539569,0.7899261,12.31507,285.0753,358.5711,0.6029557,0.03754292,-0.7968906,0.0,0.0,0.0,0.8070779,-0.006784201,-2.52631,0.2505518,0.2053074,1.360669,0.2651435,-0.02436317,0.963901,-0.1993972,0.9766857,0.07953513,-0.9433661,-0.2132874,0.2541039,static,-0.3631019501502472,6.829541460251374,10.433494173595339,8.58046779278903,-1.2359661000000002,-0.13729240099999998,0.593547,-0.006292316529036446,0.11891356509397252,0.9928846537625697,-1.005570786198608,8.460999867221553,10.820858452248064,10.937651982087013,11.439688795575911
05/17/2023 13:14:27.484234,3713,True,True,True,True,Eyes,2.10392,0.1324248,-2.915346,-0.9601153,-0.09574851,0.262699,0.0,0.0,0.0,0.0,0.0,0.0,0.0,2.451262,0.5465403,2.766927,2.037977,0.1292685,-3.129411,0.0945306,-0.5998757,0.05233095,0.7927639,12.27858,285.5792,358.2148,0.6013287,0.03748348,-0.7981218,0.0,0.0,0.0,0.8070779,-0.006784201,-2.52631,0.2518094,0.2037037,1.36033,0.2748211,-0.03044105,0.9610134,-0.1963854,0.9766508,0.08709675,-0.9412259,-0.212665,0.2624261,static,-0.48975853451857687,6.7723195506886045,10.487259611054,8.51652081455416,-1.2308991000000002,-0.136052701,0.6031010000000001,-0.008488157465734336,0.11791998570459035,0.9929867870302083,-1.0750909432865448,8.447249985684264,10.998205164257586,11.114727410831982,11.56255805560307
05/17/2023 13:14:27.494805,3714,True,True,True,True,Eyes,2.100607,0.1321499,-2.9243,-0.9581193,-0.09609328,0.2697656,0.0,0.0,0.0,0.0,0.0,0.0,0.0,2.432765,0.5698465,2.785734,2.032945,0.127516,-3.139148,0.09697774,-0.5959682,0.04942794,0.7955969,12.31143,286.0938,357.833,0.5996873,0.03741669,-0.799359,0.0,0.0,0.0,0.8070779,-0.006784201,-2.52631,0.254582,0.1994014,1.360461,0.2847578,-0.03694186,0.9578875,-0.1942407,0.9763044,0.0953954,-0.9387138,-0.2132253,0.2708347,static,-0.6276055648878169,6.778468962885593,10.599131033435643,8.338413115776193,-1.2258670999999999,-0.13430020099999998,0.612838,-0.01087700734932423,0.11802383309816146,0.9929511850886472,-1.1374293330906249,8.458656128416553,11.220610295423757,11.33459484976296,11.737176305193854
05/17/2023 13:14:27.514861,3715,True,True,True,True,Eyes,2.097196,0.1323629,-2.933254,-0.9560111,-0.09649005,0.277006,0.0,0.0,0.0,0.0,0.0,0.0,0.0,2.415581,0.5864055,2.803475,2.027596,0.1274417,-3.148172,0.09887072,-0.5922242,0.04799175,0.7982431,12.39731,286.5978,357.6241,0.5980318,0.03734352,-0.8006017,0.0,0.0,0.0,0.8070779,-0.006784201,-2.52631,0.2569958,0.1929789,1.360359,0.2939345,-0.04048911,0.9549676,-0.1937254,0.9758427,0.101002,-0.9359877,-0.2146894,0.2789901,static,-0.7251702102079757,6.836244088324196,10.698100813684931,8.074037914098906,-1.2205181,-0.13422590099999998,0.6218620000000001,-0.01256630249147428,0.11902266740109961,0.9928119508721842,-1.1711484385407267,8.487317513132142,11.381266926605822,11.49013726812858,11.87644213720744
05/17/2023 13:14:27.534519,3716,True,True,True,True,Eyes,2.093642,0.1324073,-2.942253,-0.9535877,-0.09754378,0.2848783,0.0,0.0,0.0,0.0,0.0,0.0,0.0,2.389603,0.6048389,2.827335,2.022089,0.1393096,-3.156201,0.1022842,-0.5876521,0.0424062,0.8015016,12.34526,287.1715,356.9347,0.5963618,0.0372782,-0.8018495,0.0,0.0,0.0,0.8070779,-0.006784201,-2.52631,0.259813,0.1857064,1.360321,0.3057336,-0.05223774,0.9506831,-0.1881923,0.9754793,0.1141217,-0.9333332,-0.2138021,0.288406,static,-0.9011276293354705,6.709243890235945,10.812918667842471,7.773770107731933,-1.2150111,-0.146093801,0.6298909999999998,-0.015619320193026587,0.11681671426784868,0.9930306281899062,-1.2769792763395438,8.449907813153525,11.65898840707303,11.762316809207467,12.10878996834239
05/17/2023 13:14:27.544458,3717,True,True,True,True,Eyes,2.090147,0.1325008,-2.95139,-0.9511549,-0.09858577,0.2925493,0.0,0.0,0.0,0.0,0.0,0.0,0.0,2.320853,0.6865764,2.871686,2.014878,0.1355049,-3.166422,0.1121107,-0.5766379,0.04084547,0.8082398,13.19882,288.5569,356.274,0.5946764,0.03721532,-0.803103,0.0,0.0,0.0,0.8070779,-0.006784201,-2.52631,0.2614513,0.178855,1.36011,0.3316408,-0.0632687,0.9412818,-0.1953204,0.9715257,0.1341186,-0.9229649,-0.2283308,0.3098399,static,-1.9552622610151686,7.429820131445048,10.881126840278522,7.491433377655959,-1.2078001,-0.142289101,0.6401119999999998,-0.033833003927889405,0.1292376657539434,0.991036247756196,-1.6225359589017863,8.796709611717507,12.72944518248748,12.836536968821461,12.571608069090106
05/17/2023 13:14:27.564565,3718,True,True,True,True,Eyes,2.086544,0.1328196,-2.960447,-0.9485824,-0.09973732,0.3004065,0.0,0.0,0.0,0.0,0.0,0.0,0.0,2.320131,0.6761906,2.886109,2.013234,0.1366602,-3.177747,0.11088,-0.57447,0.04637589,0.8096539,13.46385,288.9227,356.9174,0.592976,0.03715583,-0.8043621,0.0,0.0,0.0,0.8070779,-0.006784201,-2.52631,0.2625355,0.1751532,1.359574,0.335667,-0.05229761,0.940528,-0.2024913,0.9711098,0.1262657,-0.9199594,-0.2328319,0.3153797,static,-1.7722526816150201,7.655550910896693,10.929369061641962,7.340950533776152,-1.2061561000000003,-0.143444401,0.651437,-0.030651320468238652,0.13315477469793346,0.9906212547495074,-1.4942299308325917,8.871706470509304,12.602269766398972,12.705517238824358,12.517548708259879
05/17/2023 13:14:27.584945,3719,True,True,True,True,Eyes,2.082873,0.1331095,-2.969549,-0.9459841,-0.1006211,0.3082037,0.0,0.0,0.0,0.0,0.0,0.0,0.0,2.287558,0.6881081,2.913044,2.006954,0.1424225,-3.184979,0.1129146,-0.5687185,0.04624217,0.8134319,13.66792,289.7044,356.8613,0.5912615,0.0371057,-0.8056256,0.0,0.0,0.0,0.8070779,-0.006784201,-2.52631,0.2638646,0.1730324,1.358804,0.3488419,-0.05320347,0.9356703,-0.2036629,0.9702239,0.131099,-0.9147846,-0.2362942,0.3276191,static,-2.097832764527765,7.7893415506856645,10.989429773171713,7.2570829623183615,-1.1998761,-0.149206701,0.6586689999999997,-0.0362685956817177,0.13544210016985744,0.990121240243115,-1.6182431470135528,8.944610240349022,12.992803586553373,13.098081536452693,12.720108677856116
05/17/2023 13:14:27.594782,3720,True,True,True,True,Eyes,2.079193,0.1334075,-2.978604,-0.9433333,-0.1014011,0.315975,0.0,0.0,0.0,0.0,0.0,0.0,0.0,2.267418,0.6772765,2.937752,2.002118,0.1418694,-3.194005,0.1110844,-0.5645562,0.04614597,0.8165826,13.50459,290.3333,357.0487,0.5895327,0.03706319,-0.8068934,0.0,0.0,0.0,0.8070779,-0.006784201,-2.52631,0.2637436,0.1723544,1.358109,0.3582937,-0.05006281,0.9322658,-0.2007908,0.9710616,0.1293152,-0.9117613,-0.2335232,0.3378731,static,-2.2166833820575116,7.579587122889827,10.989997364828554,7.232608813390094,-1.1950401,-0.148653601,0.6676950000000001,-0.03834132162293469,0.13180625782483804,0.990533771281686,-1.713866428310551,8.871564662491197,13.106538101110635,13.211238030458551,12.809150305540701
05/17/2023 13:14:27.614454,3721,True,True,True,True,Eyes,2.075461,0.1336959,-2.987597,-0.9407125,-0.1019001,0.3235373,0.0,0.0,0.0,0.0,0.0,0.0,0.0,2.253069,0.6702186,2.956371,1.998164,0.1423444,-3.201988,0.1099746,-0.5613435,0.04641724,0.8189288,13.42868,290.8126,357.2043,0.5877918,0.03702777,-0.8081641,0.0,0.0,0.0,0.8070779,-0.006784201,-2.52631,0.2633037,0.1711532,1.357482,0.3654779,-0.04744228,0.9296102,-0.1994919,0.9715021,0.1280108,-0.9091913,-0.2322348,0.3455981,static,-2.2086687471502966,7.479975996376701,10.977057057851523,7.186013348350456,-1.1910861000000001,-0.149128601,0.675678,-0.03821152588729054,0.13008461707374327,0.9907663166547864,-1.729568561969758,8.832650484630996,13.086066632217445,13.189002200436752,12.812874326273427
05/17/2023 13:14:27.636572,3722,True,True,True,True,Eyes,2.071684,0.1340413,-2.996528,-0.9380083,-0.1022354,0.3311923,0.0,0.0,0.0,0.0,0.0,0.0,0.0,2.231489,0.6722981,2.976861,1.993244,0.1423505,-3.209352,0.1098605,-0.5575285,0.04276154,0.8217446,13.19325,291.3329,356.9253,0.5860401,0.03699853,-0.8094366,0.0,0.0,0.0,0.8070779,-0.006784201,-2.52631,0.2627882,0.1696905,1.356884,0.3746669,-0.05222265,0.9256877,-0.1927789,0.9722043,0.1328731,-0.9068964,-0.2282362,0.3541853,static,-2.2830230764615043,7.211885725163867,10.960798159198823,7.128342434053036,-1.1861661,-0.14913470099999998,0.6830419999999999,-0.03952106705055314,0.1254409603990414,0.9913135922475251,-1.8160419355054085,8.73420620155369,13.143350494728022,13.244084732574654,12.87736157935363
05/17/2023 13:14:27.644976,3723,True,True,True,True,Eyes,2.067854,0.1343725,-3.005392,-0.9352934,-0.1023867,0.3387378,0.0,0.0,0.0,0.0,0.0,0.0,0.0,2.204675,0.6798248,2.999959,1.988334,0.1440453,-3.216876,0.1105958,-0.5531699,0.03683053,0.8248728,12.89718,291.8978,356.3771,0.5842783,0.03697645,-0.8107103,0.0,0.0,0.0,0.8070779,-0.006784201,-2.52631,0.2611966,0.1682473,1.35635,0.3852932,-0.06159557,0.9207361,-0.1831176,0.9728242,0.1417079,-0.9044429,-0.223202,0.3635432,static,-2.4342334566720747,6.8789849258664395,10.90019383818751,7.071087119347741,-1.1812561000000001,-0.15082950099999998,0.690566,-0.04216740999923957,0.11966617892465585,0.9919183397461799,-1.950559290657301,8.61582292662804,13.237364268295035,13.335810981512772,12.943263293806885
05/17/2023 13:14:27.664422,3724,True,True,True,True,Eyes,2.063969,0.1346916,-3.014201,-0.9324747,-0.1024299,0.3464087,0.0,0.0,0.0,0.0,0.0,0.0,0.0,2.172947,0.6846558,3.026867,1.982804,0.1440861,-3.224919,0.1108306,-0.5478947,0.03292529,0.8285193,12.69316,292.6097,356.0685,0.5825082,0.03696049,-0.8119838,0.0,0.0,0.0,0.8070779,-0.006784201,-2.52631,0.2587546,0.167269,1.355801,0.3974546,-0.06688851,0.9151808,-0.1760054,0.9732651,0.1475714,-0.9005843,-0.2197297,0.375056,static,-2.6969830622753137,6.642592845552776,10.804963450491949,7.033202112197013,-1.1757260999999999,-0.15087030099999998,0.6986089999999998,-0.046738674263362534,0.11554915794081722,0.9922015049459769,-2.1176946731137516,8.54194451688684,13.410093617251237,13.507595464508713,13.010434144305163
05/17/2023 13:14:27.684681,3725,True,True,True,True,Eyes,2.06005,0.1350295,-3.022906,-0.9296452,-0.1024592,0.3539236,0.0,0.0,0.0,0.0,0.0,0.0,0.0,2.14569,0.6780175,3.052336,1.977516,0.144086,-3.232509,0.1096754,-0.5430447,0.03205347,0.8318933,12.54987,293.3034,356.1355,0.5807303,0.03694975,-0.8132569,0.0,0.0,0.0,0.8070779,-0.006784201,-2.52631,0.2569759,0.1659158,1.355333,0.40815,-0.06578714,0.9105415,-0.1724474,0.9738878,0.1476635,-0.8964796,-0.2172894,0.3861474,static,-2.909362993071232,6.484616978657598,10.736040052897875,6.979252177161752,-1.1704381000000001,-0.15087020099999998,0.7061989999999998,-0.050432246754625265,0.11279273781264264,0.9923378391297235,-2.2463447601604716,8.494984801093798,13.558040553915447,13.65436517259379,13.070568496495474
05/17/2023 13:14:27.694732,3726,True,True,True,True,Eyes,2.056077,0.135354,-3.031538,-0.9266901,-0.1024852,0.3615828,0.0,0.0,0.0,0.0,0.0,0.0,0.0,2.117821,0.6739178,3.076886,1.972225,0.144989,-3.239732,0.109014,-0.5381056,0.03201941,0.8351846,12.50667,294.002,356.2508,0.5789462,0.0369443,-0.8145282,0.0,0.0,0.0,0.8070779,-0.006784201,-2.52631,0.2548873,0.1649297,1.354789,0.4188343,-0.06383791,0.905816,-0.1708063,0.9741814,0.1476341,-0.8918538,-0.2165533,0.3971167,static,-3.1184878228275523,6.430099534733736,10.654964708721915,6.9409361381789765,-1.1651471,-0.151773201,0.713422,-0.05405978677802692,0.11182720771379139,0.9922560627082813,-2.3533491778028193,8.487683198480187,13.687004398037034,13.782922356099444,13.099948726575333
05/17/2023 13:14:27.714574,3727,True,True,True,True,Eyes,2.052071,0.1357003,-3.040067,-0.9237033,-0.1026126,0.3691108,0.0,0.0,0.0,0.0,0.0,0.0,0.0,2.087365,0.6714593,3.102026,1.966824,0.1449786,-3.246707,0.1084671,-0.5328073,0.03277703,0.838616,12.52422,294.7503,356.4404,0.5771567,0.0369433,-0.8157972,0.0,0.0,0.0,0.8070779,-0.006784201,-2.52631,0.2540014,0.1635823,1.354097,0.4300842,-0.06060948,0.9007519,-0.1705588,0.9743211,0.1469969,-0.8865311,-0.2168522,0.4087026,static,-3.379151329808912,6.431691066586262,10.624078491576698,6.888262951232369,-1.1597461,-0.151762801,0.7203969999999997,-0.05857342504592866,0.11182625239531299,0.9919999788003517,-2.4731830616370765,8.505383743484416,13.91447877156691,14.010671051608933,13.19671701030319
05/17/2023 13:14:27.734695,3728,True,True,True,True,Eyes,2.048022,0.1360915,-3.048498,-0.9206026,-0.1028369,0.3767166,0.0,0.0,0.0,0.0,0.0,0.0,0.0,2.061035,0.6708314,3.123468,1.961696,0.1458689,-3.253369,0.1083141,-0.5280777,0.0341601,0.8415671,12.61423,295.4144,356.6573,0.575363,0.03694698,-0.817063,0.0,0.0,0.0,0.8070779,-0.006784201,-2.52631,0.2526006,0.163774,1.353243,0.439934,-0.0569005,0.8962257,-0.1718926,0.9742022,0.1462288,-0.8814257,-0.2183855,0.4188039,static,-3.550464934597273,6.509178516075519,10.57332866787367,6.900567642729595,-1.1546181,-0.15265310099999999,0.7270590000000001,-0.061529963843828916,0.11314758141103001,0.9916711451958967,-2.5370558188175423,8.546476435981816,14.031493518254555,14.129215518692543,13.213296225566827
05/17/2023 13:14:27.744603,3729,True,True,True,True,Eyes,2.043934,0.1365177,-3.056836,-0.9173869,-0.1031682,0.3843924,0.0,0.0,0.0,0.0,0.0,0.0,0.0,2.03372,0.676033,3.143393,1.956484,0.1473509,-3.259511,0.1090141,-0.5232964,0.03543607,0.8444059,12.77902,296.0681,356.8112,0.5735662,0.03695617,-0.8183249,0.0,0.0,0.0,0.8070779,-0.006784201,-2.52631,0.251531,0.1641209,1.352537,0.4498103,-0.05424855,0.8914752,-0.1739382,0.9737204,0.1470172,-0.8760231,-0.2211915,0.4285536,static,-3.716057633049814,6.653475849568203,10.534934013269593,6.918617342943549,-1.1494060999999998,-0.154135101,0.7332009999999998,-0.0643772877998135,0.11562389463533794,0.99120462002833,-2.5852825543445457,8.61294174432343,14.153482362801464,14.253457928340577,13.229165429391525
05/17/2023 13:14:27.764317,3730,True,True,True,True,Eyes,2.039825,0.1369404,-3.065052,-0.9141489,-0.1036747,0.391897,0.0,0.0,0.0,0.0,0.0,0.0,0.0,2.006245,0.682652,3.16284,1.951363,0.1486317,-3.265682,0.1098661,-0.518499,0.03682677,0.8471908,12.96433,296.7205,356.9688,0.5717674,0.03697133,-0.8195821,0.0,0.0,0.0,0.8070779,-0.006784201,-2.52631,0.2509523,0.1642185,1.351694,0.4596052,-0.05153238,0.8866271,-0.1763296,0.9731464,0.1479659,-0.870443,-0.2243444,0.4381765,static,-3.8884813735955035,6.808841255331464,10.517646189013549,6.926967301474664,-1.1442850999999998,-0.155415901,0.7393719999999999,-0.06733860849208306,0.11828808178265551,0.9906933707837302,-2.634502654922515,8.684120332897093,14.304193087418158,14.406611854039161,13.2690092316226
05/17/2023 13:14:27.784485,3731,True,True,True,True,Eyes,2.035677,0.1373597,-3.073159,-0.9109017,-0.1042849,0.3992279,0.0,0.0,0.0,0.0,0.0,0.0,0.0,1.9797,0.6897925,3.180985,1.946361,0.1490314,-3.271569,0.1106746,-0.5138826,0.03817808,0.8498343,13.141,297.3472,357.1242,0.569968,0.03699184,-0.8208335,0.0,0.0,0.0,0.8070779,-0.006784201,-2.52631,0.2507653,0.1630469,1.350782,0.468934,-0.04885748,0.8818809,-0.1786376,0.9725872,0.1488721,-0.8649795,-0.2273483,0.4473515,static,-4.042833809820118,6.951304178548091,10.51692123697287,6.882621919464219,-1.1392831,-0.155815601,0.7452589999999999,-0.0699865418049731,0.120728979160989,0.9902154114768345,-2.6779057771092254,8.74914185478508,14.456182304350133,14.559917042185601,13.326190626000395
05/17/2023 13:14:27.795206,3732,True,True,True,True,Eyes,2.031478,0.1377815,-3.081165,-0.9075464,-0.1048884,0.4066424,0.0,0.0,0.0,0.0,0.0,0.0,0.0,1.952197,0.6980017,3.198784,1.941097,0.1494035,-3.277243,0.1116155,-0.5092605,0.0382643,0.8524855,13.25435,297.9617,357.1473,0.5681689,0.03701716,-0.8220786,0.0,0.0,0.0,0.8070779,-0.006784201,-2.52631,0.2515879,0.1620627,1.349918,0.478379,-0.04844328,0.8768163,-0.1789223,0.9721556,0.1513283,-0.8597327,-0.2292743,0.4563912,static,-4.190040070632182,7.023175111732023,10.557248172844039,6.845808567064982,-1.1340191000000002,-0.15618770099999998,0.7509329999999999,-0.07251950465336998,0.12194886605151124,0.9898835697186112,-2.7317607354848574,8.78648971608823,14.643432087264857,14.748354804090491,13.429966533384174
05/17/2023 13:14:27.824512,3733,True,True,True,True,Eyes,2.027236,0.1381643,-3.089068,-0.9041997,-0.1054441,0.4138893,0.0,0.0,0.0,0.0,0.0,0.0,0.0,1.922301,0.7060536,3.217497,1.935558,0.1499034,-3.282862,0.1125478,-0.504476,0.03646912,0.8552818,13.25679,298.5825,356.9864,0.5663706,0.03704695,-0.8233172,0.0,0.0,0.0,0.8070779,-0.006784201,-2.52631,0.2520323,0.1612804,1.348812,0.488348,-0.05117255,0.8711472,-0.1759381,0.972006,0.1557245,-0.8547292,-0.2293157,0.465674,static,-4.36843451564503,6.972392873568629,10.583951818352626,6.818608243231919,-1.1284801,-0.15668760099999998,0.7565520000000001,-0.0756096537427548,0.12104359715929015,0.9897633738460067,-2.823873733775869,8.778613152970491,14.847807698369236,14.953177147136579,13.550328604226138
05/17/2023 13:14:27.835291,3734,True,True,True,True,Eyes,2.022936,0.1385306,-3.096875,-0.9007474,-0.1059634,0.4212196,0.0,0.0,0.0,0.0,0.0,0.0,0.0,1.891432,0.7124166,3.236816,1.929857,0.1497134,-3.288658,0.1131767,-0.4995882,0.03415908,0.8581585,13.2016,299.2161,356.7935,0.5645737,0.0370798,-0.8245489,0.0,0.0,0.0,0.8070779,-0.006784201,-2.52631,0.2521325,0.1615546,1.348202,0.4984896,-0.05445565,0.8651836,-0.1717113,0.9720483,0.1601161,-0.8497195,-0.228378,0.4752054,static,-4.552685420214548,6.862243160008446,10.592746754594334,6.833152534579219,-1.1227790999999998,-0.156497601,0.7623479999999998,-0.07881068456680146,0.1191109701160067,0.9897482129140802,-2.930246052248954,8.748241064712934,15.039424760590006,15.14546011272764,13.657924385944778
05/17/2023 13:14:27.844633,3735,True,True,True,True,Eyes,2.018599,0.1388574,-3.104542,-0.89728,-0.1065037,0.428422,0.0,0.0,0.0,0.0,0.0,0.0,0.0,1.862216,0.7161421,3.255217,1.924097,0.1493808,-3.294341,0.113463,-0.4948922,0.03235595,0.8609071,13.14332,299.8312,356.6684,0.5627781,0.03711502,-0.8257738,0.0,0.0,0.0,0.8070779,-0.006784201,-2.52631,0.2519441,0.1617633,1.347563,0.5080696,-0.05659297,0.8594548,-0.1680148,0.9721585,0.1633368,-0.84477,-0.2273876,0.4844158,static,-4.715640982642853,6.752891061683917,10.589916304871995,6.845109715556857,-1.1170190999999998,-0.156165001,0.7680310000000001,-0.08164404909202,0.11719493727476135,0.9897471609066197,-3.026647711740786,8.716780400088163,15.19947060201739,15.30583510173558,13.744597730375665
05/17/2023 13:14:27.864259,3736,True,True,True,True,Eyes,2.014199,0.1391463,-3.112114,-0.8936986,-0.1070577,0.435708,0.0,0.0,0.0,0.0,0.0,0.0,0.0,1.830379,0.7216625,3.273946,1.918027,0.1488937,-3.29982,0.1139741,-0.4898196,0.03114645,0.8637804,13.14461,300.4954,356.5945,0.560985,0.03715144,-0.8269914,0.0,0.0,0.0,0.8070779,-0.006784201,-2.52631,0.2512947,0.1615165,1.346923,0.5182133,-0.05784618,0.8532929,-0.1654609,0.9720796,0.166385,-0.8390933,-0.2274096,0.4941733,static,-4.917937277377738,6.702996182711158,10.568141457941401,6.837981937925268,-1.1109491,-0.15567790099999998,0.7735099999999999,-0.08514710689216015,0.11629878193299767,0.9895577616006286,-3.129604651197834,8.710812643507873,15.379715564030175,15.486667031695825,13.82518510987148
05/17/2023 13:14:27.886204,3737,True,True,True,True,Eyes,2.00977,0.1393986,-3.119539,-0.8901313,-0.1076078,0.442817,0.0,0.0,0.0,0.0,0.0,0.0,0.0,1.800132,0.7272958,3.291251,1.911993,0.1482779,-3.305156,0.1144923,-0.4849191,0.03072037,0.866488,13.19148,301.1403,356.5965,0.5591943,0.03718799,-0.8282018,0.0,0.0,0.0,0.8070779,-0.006784216,-2.52631,0.2516973,0.1603611,1.346662,0.5278195,-0.05780131,0.8473876,-0.1642766,0.9718955,0.1686186,-0.8333186,-0.2282061,0.5034901,moving,-5.104650524294804,6.7056253554053225,10.586695480978092,6.790828644204653,-1.1049151,-0.155062116,0.7788460000000001,-0.08837125261064016,0.11631140760852188,0.9892735938665705,-3.2151516837541765,8.724065444137374,15.584229920209113,15.691577328542083,13.936584577407848
05/17/2023 13:14:27.894942,3738,True,True,True,True,Eyes,2.005272,0.1396299,-3.126866,-0.8864571,-0.1081839,0.4499891,0.0,0.0,0.0,0.0,0.0,0.0,0.0,1.770251,0.7330168,3.307792,1.905827,0.1478026,-3.310373,0.1150472,-0.4800572,0.03053757,0.8691242,13.25587,301.7794,356.6206,0.5574071,0.0372238,-0.8294042,0.0,0.0,0.0,0.8101267,-0.006783537,-2.5263,0.2506994,0.158526,1.343562,0.5372251,-0.05737657,0.8414851,-0.1635403,0.9716632,0.170661,-0.8274321,-0.2293001,0.5126185,moving,-5.278028053524697,6.72699434576319,10.56945028785438,6.729179842922813,-1.0957002999999998,-0.154586137,0.7840729999999998,-0.09136075776975172,0.11664876466807453,0.9889622915559415,-3.2909030779217607,8.743666128130862,15.740157714284226,15.847478492078062,14.00598266518538
05/17/2023 13:14:27.914475,3739,True,True,True,True,Eyes,2.000719,0.1398376,-3.134073,-0.882782,-0.1087812,0.4570149,0.0,0.0,0.0,0.0,0.0,0.0,0.0,1.74131,0.7392427,3.323082,1.89954,0.1475379,-3.315342,0.1157154,-0.4753554,0.03018074,0.8716285,13.32149,302.392,356.6184,0.555623,0.03725846,-0.8305988,0.0,0.0,0.0,0.8128737,-0.006782925,-2.526292,0.2493113,0.1584114,1.34061,0.5462526,-0.05739908,0.8356515,-0.1626247,0.9713981,0.1730285,-0.821682,-0.2304148,0.5212942,moving,-5.435386667024718,6.7472615645472915,10.534866326683796,6.739030704059737,-1.0866663,-0.154320825,0.7890499999999996,-0.09407294968176988,0.11696890373235778,0.9886701085383697,-3.359485645633441,8.761792121321609,15.861660160022808,15.970255114747545,14.040818369375739
05/17/2023 13:14:27.935677,3740,True,True,True,True,Eyes,1.996091,0.1400174,-3.141177,-0.879003,-0.1093934,0.4640978,0.0,0.0,0.0,0.0,0.0,0.0,0.0,1.714367,0.745151,3.336951,1.893214,0.1472596,-3.320181,0.1163607,-0.4709462,0.02961119,0.8739527,13.37233,302.9626,356.5916,0.5538424,0.03729158,-0.8317857,0.0,0.0,0.0,0.8158013,-0.006782273,-2.526282,0.2478766,0.1596739,1.337553,0.5546657,-0.05784174,0.8300604,-0.1613568,0.9711668,0.175497,-0.8162782,-0.2312781,0.5293397,moving,-5.546905578303052,6.7527246270094965,10.498997969227018,6.80761755570875,-1.0774127,-0.154041873,0.7938989999999997,-0.09599625926178668,0.11704157725558079,0.98847657804253,-3.409822649311989,8.771207875429802,15.935363666482576,16.045997441426298,14.046742609672823
05/17/2023 13:14:27.944329,3741,True,True,True,True,Eyes,1.991365,0.1401663,-3.148214,-0.8752369,-0.1100136,0.4710173,0.0,0.0,0.0,0.0,0.0,0.0,0.0,1.685517,0.7511328,3.351147,1.886631,0.1467806,-3.324821,0.1169979,-0.4663005,0.02901351,0.8763753,13.42227,303.5629,356.5662,0.5520647,0.03732267,-0.8329652,0.0,0.0,0.0,0.8186786,-0.006781633,-2.526273,0.2462543,0.16321,1.334472,0.5634441,-0.05825888,0.8240975,-0.1599658,0.9709394,0.17801,-0.8105195,-0.2321261,0.5377507,moving,-5.6963206224597105,6.754191518920449,10.455351721794713,6.972819805453265,-1.0679523999999998,-0.15356223300000002,0.7985479999999998,-0.09857371251793018,0.11703725105373426,0.9882233681066632,-3.4784046898013834,8.781567751650277,16.038231835737218,16.153151947648652,14.050663218174694
05/17/2023 13:14:27.964421,3742,True,True,True,True,Eyes,1.986561,0.1402688,-3.155157,-0.8713665,-0.1106573,0.477991,0.0,0.0,0.0,0.0,0.0,0.0,0.0,1.657661,0.7566648,3.364721,1.879978,0.1461424,-3.329573,0.1175559,-0.4617552,0.02860025,0.8787177,13.47433,304.1511,356.563,0.5502889,0.03735121,-0.8341382,0.0,0.0,0.0,0.821611,-0.00678098,-2.526264,0.2448549,0.1654637,1.33111,0.5719283,-0.05830104,0.8182291,-0.1588272,0.9707252,0.1801844,-0.8047806,-0.2330096,0.5459256,moving,-5.825550696060317,6.7596602890011095,10.422921594265947,7.0858080869596,-1.058367,-0.15292338,0.803309,-0.10080157845477661,0.1171053078713451,0.9879905870482386,-3.536903926919586,8.792146719448104,16.133642591674477,16.251745264912735,14.063723550705399
05/17/2023 13:14:27.984432,3743,True,True,True,True,Eyes,1.981629,0.1403374,-3.162065,-0.8675129,-0.1112962,0.4848035,0.0,0.0,0.0,0.0,0.0,0.0,0.0,1.628952,0.7637227,3.37793,1.873163,0.1451436,-3.334271,0.1182785,-0.4571092,0.02809008,0.8810632,13.5387,304.7475,356.5424,0.5485146,0.03737629,-0.8353049,0.0,0.0,0.0,0.8244542,-0.006780346,-2.526255,0.240353,0.1547684,1.330707,0.5805241,-0.05863409,0.8121291,-0.1576306,0.9704424,0.1827411,-0.7988394,-0.2341021,0.5541226,moving,-5.97430671416799,6.774701473913986,10.238407801576692,6.6340026749633525,-1.0487088,-0.151923946,0.8080160000000003,-0.10336352774050589,0.11733364968958847,0.9876986915029597,-3.602539036471672,8.80769474588617,16.104791734857468,16.213325017437494,14.010594084223328
05/17/2023 13:14:27.994615,3744,True,True,True,True,Eyes,1.97661,0.1403503,-3.168878,-0.8635766,-0.1119301,0.4916371,0.0,0.0,0.0,0.0,0.0,0.0,0.0,1.602263,0.767926,3.390495,1.866103,0.1442749,-3.339051,0.1186495,-0.4526881,0.02765388,0.8833069,13.5707,305.3193,356.5458,0.5467396,0.03739746,-0.8364669,0.0,0.0,0.0,0.8275048,-0.006779667,-2.526246,0.2178075,0.1795447,1.326744,0.5886175,-0.05856868,0.8062873,-0.1562761,0.9703151,0.1845707,-0.7931628,-0.234645,0.5619916,moving,-6.089955405292373,6.762042140943297,9.322912986090046,7.7068649320193465,-1.0385982,-0.151054567,0.812805,-0.10535997916055556,0.11709075142106189,0.9875165619739845,-3.6583082974138303,8.810397089065768,15.317038378680257,15.44180048299459,13.028042417528795
05/17/2023 13:14:28.015135,3745,True,True,True,True,Eyes,1.971457,0.1403186,-3.175642,-0.8596734,-0.1124829,0.4983063,0.0,0.0,0.0,0.0,0.0,0.0,0.0,1.577561,0.7714716,3.401737,1.858871,0.1429502,-3.343628,0.1188834,-0.4485134,0.02746098,0.8854085,13.6007,305.8618,356.5782,0.5449633,0.03741371,-0.8376245,0.0,0.0,0.0,0.8303171,-0.006779041,-2.526237,0.2231987,0.1824985,1.327106,0.5961631,-0.05801322,0.8007646,-0.15527,0.9702253,0.1858875,-0.787706,-0.235154,0.5694048,moving,-6.18237051992427,6.756584354090022,9.546918070576677,7.829984336187519,-1.0285539,-0.149729241,0.8173909999999998,-0.10695410205293182,0.11697666046027136,0.9873587023170828,-3.701966569159836,8.814351788823323,15.635915806716325,15.765871592932315,13.285402646470855
05/17/2023 13:14:28.035938,3746,True,True,True,True,Eyes,1.966218,0.1402416,-3.182309,-0.8557083,-0.1130096,0.5049674,0.0,0.0,0.0,0.0,0.0,0.0,0.0,1.556165,0.7717337,3.411723,1.85143,0.1417187,-3.348013,0.1187028,-0.4447376,0.02755485,0.8873324,13.60147,306.3604,356.6567,0.5431843,0.03742446,-0.8387786,0.0,0.0,0.0,0.8332202,-0.006778395,-2.526228,0.2148648,0.1806494,1.324788,0.6028983,-0.05668263,0.7958019,-0.1544839,0.9703007,0.1861484,-0.7827185,-0.2351671,0.5762361,moving,-6.222167076120535,6.731674137457294,9.212472535788942,7.765017024191014,-1.0182098,-0.148497095,0.8217849999999998,-0.10764545869839975,0.11653863476605872,0.9873353742636208,-3.7251599068552155,8.807360494868595,15.343636908623607,15.469191881642956,12.97955365687984
05/17/2023 13:14:28.044603,3747,True,True,True,True,Eyes,1.960853,0.1401075,-3.188908,-0.8517707,-0.1134538,0.5114831,0.0,0.0,0.0,0.0,0.0,0.0,0.0,1.534911,0.7728832,3.421327,1.844015,0.1405528,-3.352407,0.1186642,-0.441013,0.02727548,0.8892031,13.59698,306.8455,356.6877,0.5414022,0.03742919,-0.8399299,0.0,0.0,0.0,0.8361263,-0.006777748,-2.526219,0.2122288,0.1761298,1.323446,0.6095271,-0.056158,0.7907736,-0.1531718,0.9703497,0.1869754,-0.7778271,-0.2350908,0.5828527,moving,-6.262000528315577,6.701636822091091,9.110429597472141,7.58061999050726,-1.0078887,-0.147330548,0.8261879999999997,-0.10833858080057845,0.11601222823502638,0.9873216124994939,-3.7493685951587032,8.79839570420389,15.276818198694519,15.397539393766287,12.917328951608411
05/17/2023 13:14:28.064207,3748,True,True,True,True,Eyes,1.955389,0.1399316,-3.1954,-0.8477777,-0.1138435,0.5179889,0.0,0.0,0.0,0.0,0.0,0.0,0.0,1.512642,0.7741868,3.43083,1.836216,0.1389614,-3.356642,0.1186104,-0.4371642,0.02677564,0.8911241,13.58006,307.3438,356.6983,0.539616,0.03742706,-0.8410786,0.0,0.0,0.0,0.839071,-0.006777092,-2.526209,0.2116622,0.1728648,1.322016,0.616341,-0.0559836,0.7854868,-0.1514252,0.9704293,0.1879824,-0.7727833,-0.2348038,0.5896381,moving,-6.315702306458068,6.659297390573204,9.09617771669258,7.449643335663645,-0.9971450000000001,-0.14573849200000003,0.8304329999999998,-0.10927340944770653,0.11527072665131977,0.9873053495234899,-3.7823648648870227,8.785598948210213,15.314373767427133,15.43213182165416,12.947649841737832
05/17/2023 13:14:28.085488,3749,True,True,True,True,Eyes,1.949802,0.1397082,-3.201799,-0.8438169,-0.1141073,0.5243593,0.0,0.0,0.0,0.0,0.0,0.0,0.0,1.491623,0.7743974,3.439569,1.828292,0.1377801,-3.3606,0.1185141,-0.4335496,0.02554837,0.8929369,13.52115,307.8044,356.631,0.5378255,0.0374178,-0.8422251,0.0,0.0,0.0,0.8417943,-0.006776486,-2.526201,0.2087626,0.1677657,1.320244,0.6227641,-0.0571373,0.7803205,-0.1483896,0.9706033,0.1894982,-0.7682091,-0.2338042,0.5959784,moving,-6.345809072152893,6.575853774383989,8.985456753479546,7.241862068985265,-0.9864977,-0.144556586,0.8343989999999999,-0.10981061259966313,0.11382596119075965,0.9874134858583188,-3.8124896084216466,8.75541447253736,15.233804491567989,15.345725100648806,12.887135909906371
05/17/2023 13:14:28.094230,3750,True,True,True,True,Eyes,1.944109,0.1394459,-3.208098,-0.8397888,-0.1143032,0.5307443,0.0,0.0,0.0,0.0,0.0,0.0,0.0,1.46823,0.7745146,3.448962,1.819908,0.1363818,-3.364558,0.1184006,-0.4296214,0.02396886,0.8948923,13.4447,308.3015,356.5319,0.5360293,0.03740097,-0.8433701,0.0,0.0,0.0,0.8447433,-0.006775829,-2.526192,0.20461,0.1605645,1.31907,0.629702,-0.05883575,0.7746055,-0.1446339,0.9708136,0.1913165,-0.7632539,-0.2325067,0.6028136,moving,-6.411998802899459,6.472789079487399,8.817271515296339,6.940215780219326,-0.9751647000000001,-0.143157629,0.8383660000000002,-0.11097395132009952,0.11203502567172102,0.9874881757617714,-3.863066142033066,8.72003363016081,15.132308207932837,15.236441912245677,12.804636452584528
05/17/2023 13:14:28.114804,3751,True,True,True,True,Eyes,1.938301,0.1391317,-3.214292,-0.8357679,-0.1143832,0.5370367,0.0,0.0,0.0,0.0,0.0,0.0,0.0,1.445478,0.7725035,3.458409,1.811583,0.1351761,-3.36848,0.1180219,-0.4257502,0.02268861,0.8968238,13.35648,308.797,356.4762,0.5342282,0.03737645,-0.8445133,0.0,0.0,0.0,0.8476112,-0.006775191,-2.526183,0.1983737,0.1560855,1.31755,0.636444,-0.05980028,0.7690012,-0.141191,0.9711121,0.1923703,-0.7582902,-0.231009,0.6096153,moving,-6.475871781583322,6.369110313837257,8.56228601122091,6.756140362852073,-0.9639717999999999,-0.14195129099999998,0.8422969999999999,-0.11209744103368335,0.11023395720346446,0.9875639496521251,-3.9126944206663548,8.68426426382863,14.944921054433035,15.043137374235439,12.623105741198845
05/17/2023 13:14:28.136145,3752,True,True,True,True,Eyes,1.932378,0.1387708,-3.220369,-0.8316717,-0.1143935,0.5433565,0.0,0.0,0.0,0.0,0.0,0.0,0.0,1.42203,0.768591,3.468058,1.802926,0.1335999,-3.37223,0.1173334,-0.4217382,0.02184542,0.8988284,13.25888,309.3184,356.4837,0.532421,0.03734376,-0.8456554,0.0,0.0,0.0,0.8505011,-0.006774547,-2.526174,0.1930815,0.1517296,1.315876,0.6433194,-0.05969735,0.7632668,-0.1382385,0.9715113,0.1924991,-0.753014,-0.2293513,0.6167396,moving,-6.554509583262326,6.2654577387697135,8.34757236170209,6.577551114892685,-0.9524249,-0.14037444699999999,0.8460559999999999,-0.11347540633455988,0.10843012989307942,0.9876063054699309,-3.969122931582711,8.64947286462538,14.812358882591372,14.905349662783971,12.489749504479239
05/17/2023 13:14:28.144318,3753,True,True,True,True,Eyes,1.926297,0.1383538,-3.226366,-0.8275188,-0.1143346,0.5496729,0.0,0.0,0.0,0.0,0.0,0.0,0.0,1.39833,0.7637393,3.477345,1.794156,0.1321032,-3.375516,0.1165318,-0.4177003,0.0212846,0.9008296,13.16357,309.8463,356.526,0.5306075,0.03730263,-0.8467963,0.0,0.0,0.0,0.8534194,-0.006773897,-2.526164,0.1874549,0.1486015,1.314046,0.6501468,-0.05900314,0.7575142,-0.1356983,0.9719346,0.1921695,-0.7475929,-0.2277318,0.6238936,moving,-6.634686661863046,6.171751087999409,8.118737546270912,6.451995979350242,-0.9407366,-0.138877097,0.8493520000000001,-0.11487772929983076,0.10679744358331003,0.9876221319209053,-4.024324256060191,8.618615395462752,14.667230446273498,14.756085628115652,12.334836424918995
05/17/2023 13:14:28.164670,3754,True,True,True,True,Eyes,1.920106,0.1378962,-3.232239,-0.8232805,-0.1142479,0.5560187,0.0,0.0,0.0,0.0,0.0,0.0,0.0,1.372197,0.7612092,3.486628,1.785174,0.1302029,-3.37863,0.1160096,-0.4133771,0.02040851,0.902909,13.08316,310.402,356.524,0.5287862,0.03725256,-0.847937,0.0,0.0,0.0,0.856262,-0.006773265,-2.526155,0.1806008,0.1474798,1.311946,0.6574059,-0.05905735,0.751219,-0.1327655,0.9722505,0.1926194,-0.7417486,-0.2263651,0.6313224,moving,-6.744588057692916,6.087744284563124,7.838001259081902,6.4138648662104165,-0.9289120000000001,-0.136976165,0.8524749999999996,-0.1167903584811471,0.1053256328803561,0.9875559135099884,-4.091337224934218,8.593444626326061,14.500095052382882,14.58623549156838,12.126816754488122
05/17/2023 13:14:28.184697,3755,True,True,True,True,Eyes,1.913763,0.1373924,-3.238026,-0.8189944,-0.1141717,0.5623281,0.0,0.0,0.0,0.0,0.0,0.0,0.0,1.345842,0.7632127,3.494722,1.776274,0.1287706,-3.381588,0.1162212,-0.4091369,0.0184484,0.9048532,13.0277,310.9242,356.3682,0.5269572,0.03719351,-0.8490774,0.0,0.0,0.0,0.8592812,-0.006772592,-2.526146,0.1754512,0.1471342,1.309595,0.6645333,-0.0617146,0.7447058,-0.128487,0.9723046,0.1952304,-0.7361295,-0.2254221,0.6381993,moving,-6.838996978660266,6.012253050906595,7.630686001280283,6.410351557040149,-0.9169927999999999,-0.135543192,0.855442,-0.11843398882652373,0.10400396423373237,0.9875001073803322,-4.149551330744869,8.570540070839735,14.390744930202699,14.47515830519884,11.976660887492422
05/17/2023 13:14:28.194632,3756,True,True,True,True,Eyes,1.907298,0.1368355,-3.243703,-0.8146189,-0.1141136,0.5686598,0.0,0.0,0.0,0.0,0.0,0.0,0.0,1.317048,0.769962,3.502328,1.76693,0.1270724,-3.384608,0.1170971,-0.4046214,0.01558394,0.9068224,13.00192,311.4613,356.0868,0.5251191,0.03712531,-0.8502184,0.0,0.0,0.0,0.8621065,-0.006771963,-2.526137,0.1698828,0.1481001,1.307081,0.6720773,-0.06649623,0.7374892,-0.1230237,0.9720908,0.1997613,-0.7301899,-0.2249837,0.6451396,moving,-6.959126804969407,5.9488375888098215,7.405285717539576,6.464385013638361,-0.9048234999999999,-0.133844363,0.8584710000000002,-0.12051827719683239,0.10288492886020287,0.9873651150173115,-4.21726920923999,8.5539754304735,14.289990655748667,14.373661199014684,11.80890219860158
05/17/2023 13:14:28.214562,3757,True,True,True,True,Eyes,1.90068,0.1362471,-3.249301,-0.8102211,-0.1140597,0.5749193,0.0,0.0,0.0,0.0,0.0,0.0,0.0,1.290002,0.7781526,3.508724,1.757456,0.1252526,-3.387687,0.1181568,-0.4003023,0.01286714,0.9086428,13.00441,311.9703,355.8086,0.5232717,0.0370476,-0.85136,0.0,0.0,0.0,0.8649917,-0.006771321,-2.526128,0.1644151,0.1497582,1.304543,0.679185,-0.07121358,0.7305042,-0.1179801,0.9717468,0.2044231,-0.7244229,-0.2250261,0.6515941,moving,-7.055501585546526,5.914932028210293,7.183268992305666,6.548741928070511,-0.8924642999999999,-0.132023921,0.8615590000000002,-0.12218659128073123,0.10227961657452472,0.9872230571184782,-4.2682918797965925,8.547226305051604,14.169308448823054,14.252869976179188,11.624637035731524
05/17/2023 13:14:28.236566,3758,True,True,True,True,Eyes,1.893931,0.1356198,-3.254791,-0.8057561,-0.1139898,0.5811742,0.0,0.0,0.0,0.0,0.0,0.0,0.0,1.265759,0.7833844,3.514493,1.747814,0.1238141,-3.390769,0.118876,-0.3962979,0.01034088,0.9103349,12.98112,312.4449,355.5626,0.5214139,0.03696064,-0.8525029,0.0,0.0,0.0,0.8677827,-0.006770699,-2.526119,0.159227,0.1521201,1.301847,0.6856822,-0.07539324,0.723986,-0.1130479,0.9715232,0.2082377,-0.7190689,-0.22463,0.6576331,moving,-7.109960312414091,5.86270911259422,6.973129288402748,6.664756653321396,-0.8800313,-0.130584799,0.8646500000000001,-0.12313642613185699,0.10136776526913542,0.9871990754962774,-4.303561543076517,8.530670206366905,14.022456990085917,14.105909859424946,11.43002141276242
05/17/2023 13:14:28.244749,3759,True,True,True,True,Eyes,1.887055,0.1349426,-3.260181,-0.8011931,-0.1138138,0.5874828,0.0,0.0,0.0,0.0,0.0,0.0,0.0,1.242653,0.7864707,3.519892,1.737853,0.1222511,-3.393712,0.1192905,-0.3923876,0.00812431,0.9119955,12.94176,312.914,355.3625,0.5195453,0.03686448,-0.8536472,0.0,0.0,0.0,0.870692,-0.006770052,-2.52611,0.1541112,0.1533621,1.29888,0.691932,-0.07879752,0.7176498,-0.1084349,0.9714075,0.211209,-0.7137731,-0.2239605,0.6636036,moving,-7.1475327915233935,5.806989595428344,6.766470323145646,6.73388279300292,-0.8671610000000001,-0.129021152,0.8676019999999998,-0.12379598585855583,0.10039937378504685,0.9872155410460112,-4.331728932772393,8.51165962547376,13.862322239537589,13.944841830394843,11.239684923970502
05/17/2023 13:14:28.264598,3760,True,True,True,True,Eyes,1.880045,0.1342371,-3.265464,-0.7966121,-0.1135258,0.5937349,0.0,0.0,0.0,0.0,0.0,0.0,0.0,1.221669,0.7844247,3.52562,1.727892,0.1203538,-3.396719,0.1189557,-0.3886901,0.006294365,0.9136356,12.84166,313.3707,355.2361,0.517665,0.03675882,-0.8547933,0.0,0.0,0.0,0.8737382,-0.006769373,-2.526101,0.1487305,0.1523741,1.295901,0.6977609,-0.08097226,0.7117395,-0.1039753,0.9716198,0.2124712,-0.7087445,-0.2222574,0.6695392,moving,-7.162047200016629,5.707151802886118,6.547187515671046,6.706136899028803,-0.8541538,-0.127123173,0.8706179999999999,-0.12406757029543186,0.09867563144598145,0.9873552726196306,-4.357859182352448,8.474134932592156,13.666077395612428,13.74558429868048,11.04743683090141
05/17/2023 13:14:28.284467,3761,True,True,True,True,Eyes,1.872823,0.1338142,-3.270579,-0.7919958,-0.113024,0.5999735,0.0,0.0,0.0,0.0,0.0,0.0,0.0,1.206177,0.7763305,3.530346,1.717651,0.1189435,-3.399474,0.117883,-0.385654,0.00455689,0.9150704,12.66541,313.7551,355.1444,0.5157732,0.03664403,-0.8559409,0.0,0.0,0.0,0.8765748,-0.006768742,-2.526092,0.143231,0.1508513,1.293107,0.7025005,-0.08258437,0.7068755,-0.09926385,0.9721657,0.2122277,-0.7047267,-0.2192573,0.6747492,moving,-7.094609768138057,5.555149386050789,6.320602272136201,6.653936181497506,-0.8410762,-0.125712242,0.8733820000000003,-0.12293684755707329,0.0960695079191998,0.9877535895438609,-4.3563740339684855,8.411134528279375,13.38496543543627,13.460135456501451,10.820608535154287
05/17/2023 13:14:28.294781,3762,True,True,True,True,Eyes,1.865526,0.1336839,-3.275591,-0.7872696,-0.1126052,0.6062398,0.0,0.0,0.0,0.0,0.0,0.0,0.0,1.195868,0.7579939,3.532986,1.705679,0.125197,-3.40024,0.1166054,-0.3833062,0.001479599,0.91623,12.40432,314.0422,354.9082,0.5138683,0.03652875,-0.8570908,0.0,0.0,0.0,0.8798105,-0.006768021,-2.526082,0.1385505,0.1491392,1.289845,0.7061483,-0.08667984,0.7027383,-0.09210245,0.972802,0.2125404,-0.7020482,-0.214809,0.6789591,moving,-6.929631874923334,5.306713584201209,6.130997808587985,6.595574565693534,-0.8258684999999999,-0.13196502100000002,0.874158,-0.12014061072264487,0.09181736648414872,0.9885018230242903,-4.328708433153159,8.30457594790385,13.054447024593497,13.124069885497804,10.598402728143304
05/17/2023 13:14:28.314388,3763,True,True,True,True,Eyes,1.858014,0.1333434,-3.280577,-0.7824114,-0.1122502,0.612562,0.0,0.0,0.0,0.0,0.0,0.0,0.0,1.16406,0.7674514,3.53991,1.696537,0.1321038,-3.402836,0.1192689,-0.3785874,-0.004522219,0.9178377,12.44574,314.5374,354.2043,0.5119509,0.03642086,-0.858242,0.0,0.0,0.0,0.8823105,-0.006767465,-2.526074,0.1325147,0.1487953,1.286826,0.7133022,-0.09860873,0.693885,-0.08200608,0.9715089,0.2223631,-0.6960424,-0.2155149,0.684893,moving,-7.0359047899532134,5.279174975553298,5.879477320069134,6.595801894364412,-0.8142265,-0.138871265,0.8767620000000003,-0.12197946394414438,0.09132160256288713,0.9883224602199656,-4.383053536898566,8.300929409867045,12.914190970152907,12.982318802556938,10.403220627975665
05/17/2023 13:14:28.337449,3764,True,True,True,True,Eyes,1.850441,0.1332,-3.2854,-0.7775491,-0.1121908,0.618733,0.0,0.0,0.0,0.0,0.0,0.0,0.0,1.145673,0.7663349,3.544069,1.683861,0.1267053,-3.407172,0.1181475,-0.3743645,0.0001458745,0.9197241,12.55845,315.1326,354.816,0.5100184,0.03631418,-0.8593963,0.0,0.0,0.0,0.885155,-0.006766831,-2.526065,0.1271687,0.1493674,1.28333,0.7197023,-0.08819216,0.6886586,-0.08872882,0.9720823,0.2172171,-0.6885897,-0.2174355,0.6917847,moving,-7.132685123180358,5.4548127900124,5.659121651640779,6.638812947699315,-0.798706,-0.133472131,0.8811070000000001,-0.12361385532490399,0.09433160561626025,0.9878365587272129,-4.393461009763902,8.374962086243674,12.776875930399553,12.846485003212457,10.201403432647998
05/17/2023 13:14:28.345421,3765,True,True,True,True,Eyes,1.842783,0.1330286,-3.290153,-0.7725554,-0.1122488,0.6249468,0.0,0.0,0.0,0.0,0.0,0.0,0.0,1.133682,0.7827951,3.541096,1.674799,0.1313585,-3.408102,0.1208529,-0.3717156,0.002946378,0.920442,12.98328,315.452,355.0298,0.5080722,0.03621392,-0.8605525,0.0,0.0,0.0,0.8879839,-0.006766201,-2.526056,0.1220482,0.1501219,1.279694,0.7236377,-0.0844219,0.6849973,-0.09526978,0.9707717,0.2202858,-0.683573,-0.2246667,0.6944442,moving,-7.014915797400909,5.915604014886438,5.44798944994349,6.690831687630113,-0.7868150999999999,-0.138124701,0.8820459999999999,-0.12148700485223729,0.10230005058328405,0.9873073226222573,-4.249454422353759,8.544824772798156,12.413166752047825,12.486992638296545,9.873079966059548
05/17/2023 13:14:28.364282,3766,True,True,True,True,Eyes,1.835027,0.1329089,-3.294756,-0.7674235,-0.1123124,0.6312267,0.0,0.0,0.0,0.0,0.0,0.0,0.0,1.112438,0.7903566,3.544578,1.664824,0.1305587,-3.411383,0.12182,-0.3678002,0.002904226,0.9218863,13.10549,315.929,355.0372,0.5061128,0.03611879,-0.8617105,0.0,0.0,0.0,0.8910112,-0.006765527,-2.526047,0.1175209,0.1506923,1.275699,0.7294292,-0.08425609,0.6788476,-0.09496555,0.9703029,0.222472,-0.6774323,-0.2267447,0.6997658,moving,-7.035237480691722,6.033782580766336,5.263388889743841,6.736861229400917,-0.7738128000000001,-0.137324227,0.8853359999999997,-0.12181131816930618,0.10433207370870878,0.9870546446374674,-4.235809357626968,8.591701353614617,12.244020713048217,12.318706514311431,9.678594899531944
05/17/2023 13:14:28.384774,3767,True,True,True,True,Eyes,1.827182,0.1328174,-3.299262,-0.7620719,-0.1123715,0.6376669,0.0,0.0,0.0,0.0,0.0,0.0,0.0,1.078605,0.7888379,3.551688,1.654661,0.1316786,-3.412463,0.1219683,-0.3624558,0.001972956,0.9239837,13.11014,316.5882,355.0067,0.5041408,0.03602979,-0.8628694,0.0,0.0,0.0,0.8938968,-0.006764885,-2.526037,0.1138088,0.1510328,1.271715,0.7372439,-0.08477025,0.6702876,-0.09206216,0.9702397,0.2239632,-0.6693251,-0.2268236,0.7074992,moving,-7.2135022897088765,6.013616338608919,5.1139123697942015,6.772899404351068,-0.7607641999999999,-0.138443485,0.8864259999999997,-0.12488684634959302,0.10394460430270727,0.9867111051278771,-4.321901081769074,8.595615288267163,12.276038997802639,12.350775804023574,9.610248107420665
05/17/2023 13:14:28.394950,3768,True,True,True,True,Eyes,1.819229,0.132804,-3.303675,-0.7565539,-0.1123985,0.6441993,0.0,0.0,0.0,0.0,0.0,0.0,0.0,1.048122,0.7861069,3.558836,1.644799,0.1322199,-3.414526,0.1220335,-0.3576546,-0.00126523,0.9258452,13.00659,317.1547,354.7216,0.5021564,0.03594715,-0.8640292,0.0,0.0,0.0,0.8968699,-0.006764223,-2.526028,0.1095538,0.1514383,1.267414,0.7441632,-0.08963447,0.6619568,-0.08494884,0.9702125,0.2268732,-0.6625744,-0.2250631,0.7143821,moving,-7.304792759689439,5.865320293807577,4.940301214367483,6.813742834852985,-0.7479290999999999,-0.13898412300000001,0.8884979999999998,-0.1264926190225834,0.10136960753942276,0.9867744344722665,-4.392854342188969,8.544448308614282,12.209277893303735,12.281768266412136,9.492267067449582
05/17/2023 13:14:28.414488,3769,True,True,True,True,Eyes,1.811137,0.1327999,-3.308007,-0.7508526,-0.1125084,0.6508166,0.0,0.0,0.0,0.0,0.0,0.0,0.0,1.008929,0.7842286,3.567895,1.634131,0.1341596,-3.416789,0.1224719,-0.3516509,-0.004954487,0.928072,12.93474,317.8593,354.3867,0.5001598,0.03587241,-0.8651896,0.0,0.0,0.0,0.8995814,-0.006763619,-2.52602,0.1056887,0.1520718,1.263313,0.7526342,-0.09533098,0.6515012,-0.0769385,0.9699522,0.2308101,-0.6539283,-0.2238411,0.7226845,moving,-7.528873460677073,5.722345476371814,4.782225775127753,6.863975631000138,-0.7345496,-0.140923219,0.8907690000000001,-0.1303839963092886,0.09885666802608144,0.9865228768386877,-4.523976499973527,8.504036813606191,12.292782791903084,12.363918626543562,9.449613826384198
05/17/2023 13:14:28.437357,3770,True,True,True,True,Eyes,1.802959,0.1328227,-3.312269,-0.745081,-0.1126328,0.657395,0.0,0.0,0.0,0.0,0.0,0.0,0.0,0.9743137,0.7851476,3.574328,1.622966,0.1343353,-3.418991,0.1228836,-0.3460341,-0.00637765,0.930118,12.95459,318.5379,354.2932,0.4981495,0.03580513,-0.8663514,0.0,0.0,0.0,0.9024629,-0.006762978,-2.526011,0.1018036,0.1532979,1.258871,0.7604395,-0.09690777,0.6421377,-0.07317991,0.9697179,0.2330063,-0.6452725,-0.2241787,0.73032,moving,-7.711684303263722,5.702893012371388,4.623389474013812,6.942958528884057,-0.7205031,-0.141098278,0.8929800000000001,-0.13353598986958748,0.09848003287718785,0.9861388607878188,-4.612024573990354,8.50852383347917,12.325856043287079,12.397250000549462,9.367169655825856
05/17/2023 13:14:28.444835,3771,True,True,True,True,Eyes,1.794665,0.1328341,-3.316479,-0.7391862,-0.1128887,0.6639727,0.0,0.0,0.0,0.0,0.0,0.0,0.0,0.9504404,0.7841589,3.578857,1.612664,0.134918,-3.421633,0.1229318,-0.3417252,-0.006457643,0.9317027,12.98279,319.0723,354.3431,0.4961261,0.03574536,-0.867514,0.0,0.0,0.0,0.905351,-0.006762335,-2.526001,0.09888142,0.1536539,1.2544,0.7663643,-0.096051,0.6351849,-0.07198459,0.9696921,0.2334853,-0.6383604,-0.2246583,0.7362233,moving,-7.732912021005821,5.720056726984866,4.5071722402181695,6.983482954037551,-0.7073130000000001,-0.14168033500000002,0.895632,-0.13389745168623918,0.09877056913345253,0.9860606930145858,-4.618466647669627,8.516530033402947,12.233856003022165,12.305117169416464,9.253513843923333
05/17/2023 13:14:28.464490,3772,True,True,True,True,Eyes,1.786291,0.1328735,-3.320607,-0.7332572,-0.113253,0.6704533,0.0,0.0,0.0,0.0,0.0,0.0,0.0,0.9279811,0.7863158,3.581987,1.602063,0.1345904,-3.42423,0.123171,-0.3374898,-0.005271883,0.9332212,13.08128,319.6075,354.5225,0.4940886,0.03569212,-0.8686784,0.0,0.0,0.0,0.908254,-0.006761688,-2.525992,0.09669608,0.1543363,1.249578,0.7721457,-0.09297757,0.6286066,-0.07329825,0.9696022,0.23345,-0.6312039,-0.2263331,0.7418591,moving,-7.7518160541368735,5.81808852658269,4.424900418191777,7.040985280876775,-0.693809,-0.141352088,0.8982380000000001,-0.1342000694179563,0.10045340952565658,0.985849605530487,-4.608091129032358,8.55554938894539,12.165366806093648,12.237969624048873,9.159085146982331
05/17/2023 13:14:28.484276,3773,True,True,True,True,Eyes,1.777833,0.1329527,-3.324659,-0.7271755,-0.1138966,0.6769367,0.0,0.0,0.0,0.0,0.0,0.0,0.0,0.9100469,0.7921597,3.582829,1.591735,0.135338,-3.42643,0.1239437,-0.3338113,-0.003010069,0.9344511,13.27523,320.0771,354.7904,0.492037,0.03564557,-0.869844,0.0,0.0,0.0,0.9112705,-0.006761016,-2.525983,0.09576869,0.1541892,1.244482,0.7771218,-0.08837314,0.6231146,-0.07712209,0.9692578,0.2336482,-0.624607,-0.229629,0.7464159,moving,-7.698128170804597,6.0147999594376165,4.400504320341611,7.062856114301649,-0.6804644999999999,-0.14209901600000002,0.9004469999999998,-0.13322949713849275,0.10385121052850196,0.9856291220650335,-4.545042067542237,8.627839962310496,12.068882130215911,12.14394210541071,9.081408184984879
05/17/2023 13:14:28.494925,3774,True,True,True,True,Eyes,1.769309,0.1330518,-3.328641,-0.7210192,-0.114789,0.6833408,0.0,0.0,0.0,0.0,0.0,0.0,0.0,0.8875257,0.8077226,3.582452,1.581552,0.1363838,-3.428436,0.1260518,-0.3295737,-0.0005138161,0.9356773,13.62399,320.5994,355.0388,0.4899719,0.03560617,-0.8710104,0.0,0.0,0.0,0.9143199,-0.006760337,-2.525973,0.09512013,0.1539804,1.239463,0.7827618,-0.08404828,0.6166196,-0.08212522,0.9682214,0.2362264,-0.6168788,-0.235549,0.7509842,moving,-7.711436462961739,6.343149824006668,4.388449222878803,7.081660243579965,-0.6672321000000001,-0.143144137,0.902463,-0.13337716454632054,0.10949570474193596,0.984998006523328,-4.487240031988694,8.755254006698872,12.042455014608164,12.122402041271654,9.032096978715455
05/17/2023 13:14:28.514644,3775,True,True,True,True,Eyes,1.760751,0.1331699,-3.332537,-0.7148007,-0.1158561,0.6896647,0.0,0.0,0.0,0.0,0.0,0.0,0.0,0.8650256,0.8265721,3.581471,1.571385,0.137038,-3.430801,0.1284014,-0.3251856,0.003408096,0.9368863,14.05254,321.1548,355.4401,0.4878933,0.03557381,-0.8721778,0.0,0.0,0.0,0.9170856,-0.006759722,-2.525965,0.09414577,0.1539202,1.234304,0.7884855,-0.07712258,0.610199,-0.08989456,0.9670029,0.2383785,-0.6084486,-0.2428116,0.7555349,moving,-7.744842412955634,6.758432292872982,4.36175445656791,7.108205302237372,-0.6542994000000001,-0.143797722,0.9048360000000004,-0.1338421334964594,0.11662471356660936,0.9841163724582638,-4.4217738643088245,8.917488170364333,12.025094909101567,12.111648480666746,8.967935897437123
05/17/2023 13:14:28.537400,3776,True,True,True,True,Eyes,1.752148,0.133313,-3.33635,-0.7085617,-0.1170256,0.6958774,0.0,0.0,0.0,0.0,0.0,0.0,0.0,0.8484426,0.8421697,3.579582,1.561555,0.1377226,-3.432941,0.1302665,-0.3215395,0.007721302,0.937861,14.43664,321.6322,355.8971,0.4858031,0.03554836,-0.8733448,0.0,0.0,0.0,0.9199541,-0.006759083,-2.525956,0.09386826,0.1526612,1.229017,0.7931054,-0.06928863,0.6051304,-0.09825466,0.9659421,0.2393783,-0.6011071,-0.2493091,0.7592859,moving,-7.687930281322148,7.137875202895905,4.367582988274215,7.080674204605129,-0.6416009,-0.144481683,0.9069850000000002,-0.13275899761218385,0.12315754612986701,0.9834669780817695,-4.321657366425584,9.05998965519474,11.963590850002317,12.0556489724784,8.91182291086881
05/17/2023 13:14:28.545293,3777,True,True,True,True,Eyes,1.743468,0.133477,-3.340091,-0.7021657,-0.118111,0.702149,0.0,0.0,0.0,0.0,0.0,0.0,0.0,0.8319336,0.850598,3.57905,1.551797,0.1385096,-3.434817,0.131317,-0.3180152,0.01058633,0.9388877,14.67389,322.0901,356.2279,0.4837014,0.03552984,-0.8745114,0.0,0.0,0.0,0.9227672,-0.006758457,-2.525947,0.0930829,0.1512345,1.223553,0.7975085,-0.06364288,0.5999415,-0.1034004,0.9652876,0.2398507,-0.5943809,-0.2533171,0.7632443,moving,-7.601894671091195,7.360486550601276,4.350448306803968,7.0461772336719015,-0.6290298000000001,-0.145268057,0.9088699999999998,-0.13121792441222235,0.1270039649050962,0.9831845940563875,-4.238655532995945,9.140141229661475,11.861840287760803,11.956474940715111,8.84066682933851
05/17/2023 13:14:28.564318,3778,True,True,True,True,Eyes,1.734733,0.1336519,-3.34375,-0.6957579,-0.11911,0.7083318,0.0,0.0,0.0,0.0,0.0,0.0,0.0,0.8123764,0.8509823,3.580745,1.541846,0.1391144,-3.436455,0.1314606,-0.3142472,0.01141957,0.9401258,14.73543,322.5656,356.3748,0.4815882,0.03551819,-0.8756773,0.0,0.0,0.0,0.9256803,-0.006757808,-2.525938,0.09257632,0.1493278,1.218186,0.8022366,-0.06115056,0.5938662,-0.1040939,0.9651754,0.2400018,-0.5878613,-0.2543561,0.7679337,moving,-7.5444569103536,7.386258993413711,4.345852377517499,6.988571941521759,-0.6161657,-0.145872208,0.910517,-0.13022451172255245,0.12746304705124242,0.983257308432887,-4.207163203074607,9.14630838593428,11.802925274132301,11.896958012554144,8.820992125911761
05/17/2023 13:14:28.584679,3779,True,True,True,True,Eyes,1.725975,0.1338158,-3.347303,-0.6892958,-0.1198925,0.7144908,0.0,0.0,0.0,0.0,0.0,0.0,0.0,0.7939966,0.8457977,3.583439,1.531708,0.1395401,-3.438203,0.130954,-0.3107035,0.01093192,0.9413792,14.67571,323.0048,356.3969,0.4794646,0.03551308,-0.8768421,0.0,0.0,0.0,0.9285141,-0.006757177,-2.525929,0.09180653,0.1474311,1.212583,0.8066876,-0.06079356,0.5878429,-0.1019579,0.9654631,0.2397615,-0.5821167,-0.2533478,0.7726287,moving,-7.45693836406645,7.289966917825739,4.329691544614969,6.932243773617399,-0.6031939000000001,-0.146297277,0.912274,-0.1287494163667694,0.12583482373656532,0.9836611203351149,-4.185574488469327,9.103461631966177,11.700936943203965,11.792057091624246,8.787715437052556
05/17/2023 13:14:28.594490,3780,True,True,True,True,Eyes,1.717146,0.1339514,-3.350784,-0.6828303,-0.1206058,0.7205532,0.0,0.0,0.0,0.0,0.0,0.0,0.0,0.7758961,0.8395748,3.586101,1.521278,0.1395256,-3.439951,0.130314,-0.3072121,0.009836381,0.9426252,14.57921,323.4309,356.3552,0.4773311,0.03551365,-0.8780053,0.0,0.0,0.0,0.9314553,-0.006756522,-2.52592,0.09089208,0.1453709,1.206629,0.8110479,-0.06152402,0.5817354,-0.0986121,0.965843,0.2396308,-0.5766081,-0.2517182,0.777278,moving,-7.365495023241977,7.153476692168385,4.307799721623128,6.869707362923492,-0.5898226999999999,-0.146282122,0.914031,-0.12721669106621164,0.12351581013250161,0.984154281494241,-4.170004128737284,9.044865767329707,11.589233723342133,11.67674334875591,8.752398083350919
05/17/2023 13:14:28.614499,3781,True,True,True,True,Eyes,1.708308,0.1340497,-3.354157,-0.6762463,-0.1212202,0.7266337,0.0,0.0,0.0,0.0,0.0,0.0,0.0,0.7586751,0.836147,3.587841,1.510694,0.1389743,-3.441777,0.1299524,-0.3037879,0.009036482,0.9437922,14.52406,323.848,356.3339,0.475188,0.03551865,-0.8791667,0.0,0.0,0.0,0.9343719,-0.006755873,-2.525911,0.08934581,0.1440492,1.200425,0.8152626,-0.06189883,0.5757738,-0.09601307,0.9660614,0.2398059,-0.5710766,-0.2507866,0.7816507,moving,-7.2606520006154405,7.067878703839272,4.256589514576414,6.842688718962857,-0.5763221,-0.145730173,0.9158660000000003,-0.12543817900489845,0.12207324983940379,0.9845624988028954,-4.138347954418606,9.005004705942548,11.434649912009055,11.519442809812784,8.668943738188897
05/17/2023 13:14:28.637623,3782,True,True,True,True,Eyes,1.699401,0.1341229,-3.357468,-0.6696504,-0.1218254,0.7326165,0.0,0.0,0.0,0.0,0.0,0.0,0.0,0.7414186,0.8351064,3.588896,1.500069,0.1383244,-3.443536,0.1298675,-0.3003261,0.008600965,0.9449151,14.51265,324.2701,356.3428,0.4730371,0.03552672,-0.8803256,0.0,0.0,0.0,0.9372422,-0.006755234,-2.525902,0.08803421,0.1430883,1.194285,0.8194605,-0.06175085,0.5697993,-0.09425958,0.9661209,0.2402614,-0.5653313,-0.2505938,0.7858773,moving,-7.163882774118365,7.029685838275421,4.215813391487898,6.832089474660184,-0.5628268000000001,-0.14507963399999999,0.9176340000000001,-0.12378478979552732,0.12144234069983849,0.9848497885861535,-4.101182427215204,8.98394220434681,11.298289403565564,11.381411562035169,8.59086081941645
05/17/2023 13:14:28.658802,3783,True,True,True,True,Eyes,1.690473,0.1341798,-3.360674,-0.6628578,-0.1224341,0.7386674,0.0,0.0,0.0,0.0,0.0,0.0,0.0,0.7238111,0.8356905,3.589689,1.489431,0.1377991,-3.445397,0.1299451,-0.2967442,0.008853865,0.9460333,14.54376,324.7132,356.4243,0.4708779,0.03553696,-0.8814821,0.0,0.0,0.0,0.9402212,-0.006754571,-2.525892,0.08658022,0.1431509,1.187754,0.823729,-0.06036879,0.5637608,-0.09387299,0.9660718,0.24061,-0.5591587,-0.2511193,0.7901143,moving,-7.071453450751664,7.041820736922801,4.1691485219246385,6.872275028653967,-0.5492098,-0.144553671,0.919505,-0.12219236892211877,0.1216751215858732,0.985019943681687,-4.056217444428864,8.982559842831673,11.159229351939226,11.241880556887569,8.491757608257288
05/17/2023 13:14:28.664462,3784,True,True,True,True,Eyes,1.681476,0.1342145,-3.363811,-0.6560017,-0.1230983,0.7446533,0.0,0.0,0.0,0.0,0.0,0.0,0.0,0.7040763,0.8385878,3.589901,1.478722,0.1375971,-3.446852,0.1303573,-0.2928716,0.009459239,0.9471768,14.62452,325.1918,356.5376,0.468711,0.03554878,-0.8826357,0.0,0.0,0.0,0.9429927,-0.006753953,-2.525883,0.08578062,0.1439862,1.181267,0.8282735,-0.05843676,0.5572686,-0.09427506,0.965835,0.2414021,-0.5523363,-0.2524835,0.7944663,moving,-7.013687486584459,7.101294515420401,4.153384066948036,6.9495760389431025,-0.5357293000000001,-0.144351053,0.9209689999999999,-0.12118359529266631,0.12271280000448188,0.9850157684086448,-4.018011542656238,9.001693528933208,11.08442563219937,11.168102147536942,8.425134562805708
05/17/2023 13:14:28.684303,3785,True,True,True,True,Eyes,1.67242,0.1342242,-3.366879,-0.6488698,-0.1237886,0.7507626,0.0,0.0,0.0,0.0,0.0,0.0,0.0,0.6800759,0.8443721,3.590158,1.467954,0.1371132,-3.448335,0.1310912,-0.2884021,0.01039709,0.9484363,14.75346,325.7438,356.6866,0.4665362,0.03556151,-0.8837866,0.0,0.0,0.0,0.9459921,-0.006753285,-2.525874,0.08622086,0.1438988,1.174678,0.8334323,-0.05589198,0.5497878,-0.09533588,0.965414,0.2426662,-0.544336,-0.2546604,0.7992787,moving,-7.011025195284385,7.20740909655993,4.197957547369403,6.983973260768964,-0.5219619,-0.143866485,0.9224610000000002,-0.12111008027055642,0.12453802140905053,0.9847957890248811,-3.99612190324798,9.042414150241523,11.125327575966347,11.21120946632548,8.448675454678245
05/17/2023 13:14:28.704391,3786,True,True,True,True,Eyes,1.663308,0.1341987,-3.369892,-0.6416531,-0.1245567,0.7568137,0.0,0.0,0.0,0.0,0.0,0.0,0.0,0.6566292,0.8514935,3.589947,1.457322,0.1365071,-3.449855,0.1319744,-0.2839983,0.01144141,0.9496298,14.90116,326.2871,356.8424,0.4643535,0.03557444,-0.8849348,0.0,0.0,0.0,0.9489474,-0.006752627,-2.525865,0.08710653,0.1435269,1.167898,0.8384282,-0.05323081,0.5424064,-0.09669123,0.9649037,0.244155,-0.5363665,-0.2571524,0.8038555,moving,-6.9977243181265925,7.329299539813639,4.265452120098993,7.006140611810461,-0.5083746,-0.143259727,0.9239899999999999,-0.1208490895260037,0.1266368357757933,0.9845601343481367,-3.966256913764847,9.088517190254235,11.179481106292908,11.267811463250002,8.491014417173414
05/17/2023 13:14:28.714830,3787,True,True,True,True,Eyes,1.654164,0.1341461,-3.372826,-0.6341952,-0.1253482,0.7629445,0.0,0.0,0.0,0.0,0.0,0.0,0.0,0.6280093,0.8615891,3.589976,1.446729,0.1356835,-3.451554,0.1332341,-0.2789083,0.01243812,0.950949,15.09,326.9092,356.9921,0.4621628,0.0355867,-0.8860805,0.0,0.0,0.0,0.9519199,-0.006751966,-2.525856,0.08867663,0.1422167,1.161293,0.8441108,-0.05066418,0.5337697,-0.09797624,0.9641879,0.2464595,-0.5271409,-0.2603359,0.8089176,moving,-7.052263842018886,7.485822016077043,4.366646366999971,6.981910841940155,-0.4948090999999999,-0.142435466,0.9256979999999997,-0.1217438537865439,0.1293117675060724,0.9841020952503792,-3.960917077197334,9.15241407271418,11.33830627532341,11.430023483486599,8.605776966197286
05/17/2023 13:14:28.737810,3788,True,True,True,True,Eyes,1.644957,0.134075,-3.375706,-0.626656,-0.1261394,0.7690195,0.0,0.0,0.0,0.0,0.0,0.0,0.0,0.6011935,0.8669819,3.590365,1.435889,0.1350461,-3.453085,0.1338995,-0.2740306,0.01327242,0.9522616,15.20591,327.5102,357.1425,0.4599642,0.03559766,-0.8872233,0.0,0.0,0.0,0.954564,-0.006751377,-2.525847,0.09185714,0.1389585,1.154806,0.8494622,-0.04810747,0.525452,-0.09866274,0.9637895,0.2477405,-0.5183433,-0.2622887,0.8139563,moving,-7.0784256764033575,7.571312411251086,4.547922692202993,6.861445829473082,-0.481325,-0.141797477,0.927238,-0.1221695646922249,0.13077308856870642,0.9838561270418167,-3.9563288423643383,9.187075906854872,11.554558814944563,11.64799926820571,8.816510047632999
05/17/2023 13:14:28.754140,3789,True,True,True,True,Eyes,1.635683,0.1339693,-3.378534,-0.6190332,-0.1268962,0.7750453,0.0,0.0,0.0,0.0,0.0,0.0,0.0,0.5731493,0.8689934,3.591682,1.425068,0.134531,-3.454695,0.1341839,-0.2690288,0.01349259,0.9536436,15.25925,328.1219,357.2394,0.4577578,0.03560703,-0.8883633,0.0,0.0,0.0,0.9575009,-0.006750723,-2.525838,0.097588,0.1263958,1.147284,0.854883,-0.04646439,0.5167361,-0.09793288,0.9636253,0.2486674,-0.5094942,-0.2631869,0.8192364,moving,-7.116054492429315,7.589321484037901,4.8618771273583254,6.286898546774321,-0.4675671,-0.14128172300000003,0.9288570000000003,-0.12281079977029469,0.13107187868585699,0.9837365680944825,-3.970165824885211,9.196483032371535,11.957982891460537,12.048533163660165,9.298960403674313
05/17/2023 13:14:28.764524,3790,True,True,True,True,Eyes,1.626368,0.1338309,-3.381305,-0.6111304,-0.1275238,0.7811896,0.0,0.0,0.0,0.0,0.0,0.0,0.0,0.5443015,0.8684834,3.593426,1.414081,0.1335905,-3.456264,0.1341401,-0.2639493,0.01311588,0.9550734,15.25712,328.7379,357.2814,0.4555426,0.03561408,-0.889501,0.0,0.0,0.0,0.9604812,-0.006750059,-2.525829,0.09720451,0.1204773,1.142907,0.8603175,-0.04575911,0.5077006,-0.09586561,0.9636688,0.2493034,-0.5006631,-0.2631511,0.8246744,moving,-7.145137755913023,7.553524606039974,4.861320567287963,6.017499261323617,-0.4535997999999999,-0.140340559,0.9304350000000001,-0.12332034141710563,0.13044892871441424,0.9837555829111162,-3.9905410848214737,9.184593879614386,12.01661012186422,12.104313913905788,9.40137984709117
05/17/2023 13:14:28.784615,3791,True,True,True,True,Eyes,1.617016,0.1336573,-3.384014,-0.602909,-0.1280326,0.7874696,0.0,0.0,0.0,0.0,0.0,0.0,0.0,0.5135262,0.8669512,3.595636,1.402958,0.1327094,-3.458035,0.1340872,-0.2586743,0.01170338,0.9565413,15.22289,329.3623,357.2092,0.4533189,0.03561823,-0.8906362,0.0,0.0,0.0,0.9633012,-0.006749432,-2.52582,0.1001315,0.1256501,1.134894,0.8659013,-0.04698032,0.4980039,-0.09175937,0.9637673,0.2504652,-0.4917268,-0.2625747,0.8302165,moving,-7.176611854779569,7.47914309498352,5.042140181866466,6.317787552198391,-0.43965679999999996,-0.139458832,0.9322150000000002,-0.12388176992118097,0.1291626098181831,0.9838548201711834,-4.019531487001206,9.157991450513556,12.183111738478233,12.273819618594667,9.496349383756037
05/17/2023 13:14:28.804092,3792,True,True,True,True,Eyes,1.607572,0.1334458,-3.386693,-0.5946263,-0.1284927,0.7936682,0.0,0.0,0.0,0.0,0.0,0.0,0.0,0.4821348,0.8662042,3.597405,1.391377,0.1317688,-3.459884,0.1342053,-0.2532972,0.009806756,0.957984,15.19477,329.9893,357.0778,0.4510868,0.03561886,-0.8917687,0.0,0.0,0.0,0.9662721,-0.00674877,-2.52581,0.1033097,0.1277867,1.12806,0.8714887,-0.04919821,0.4879416,-0.08677707,0.9637856,0.252165,-0.4826771,-0.2621011,0.835659,moving,-7.218684212661535,7.4060776337093985,5.23265075636359,6.46291822736131,-0.4251049000000001,-0.13851756999999998,0.9340740000000003,-0.12462481456865507,0.127895870078562,0.9839264831819478,-4.053150528201929,9.132590953631336,12.394456225893878,12.487004932194543,9.661948973257346
05/17/2023 13:14:28.814636,3793,True,True,True,True,Eyes,1.598101,0.1331862,-3.389315,-0.5861195,-0.1288118,0.7999196,0.0,0.0,0.0,0.0,0.0,0.0,0.0,0.4543885,0.8636181,3.598948,1.379634,0.1306527,-3.461831,0.1340072,-0.2483265,0.00825224,0.9593269,15.14198,330.5741,356.9879,0.4488452,0.03561537,-0.8928992,0.0,0.0,0.0,0.9691224,-0.006748136,-2.525802,0.1052786,0.1298555,1.122124,0.8765317,-0.05072189,0.4786643,-0.08238827,0.963948,0.2530149,-0.4742409,-0.2612119,0.840752,moving,-7.199982663141805,7.325283043297995,5.3598476636440715,6.60107439054882,-0.4105116,-0.137400836,0.936029,-0.12432587066966219,0.1265130523066823,0.9841429977609591,-4.060262958651087,9.100227861520413,12.487277491492856,12.580692191225689,9.745986466630633
05/17/2023 13:14:28.834637,3794,True,True,True,True,Eyes,1.58855,0.1328758,-3.391903,-0.5775699,-0.1290667,0.8060737,0.0,0.0,0.0,0.0,0.0,0.0,0.0,0.4295691,0.8598518,3.60021,1.367914,0.1293191,-3.463737,0.1335387,-0.2436728,0.00733119,0.9605921,15.0775,331.1314,356.9726,0.4465945,0.03560691,-0.8940274,0.0,0.0,0.0,0.9719403,-0.006747508,-2.525793,0.1027265,0.1271277,1.115679,0.8811396,-0.05099496,0.4700984,-0.0791641,0.9642273,0.2529797,-0.4661825,-0.2601253,0.8455819,moving,-7.145106610862195,7.247613751524736,5.260694162182679,6.500615179791223,-0.3959737000000001,-0.136066608,0.9379439999999999,-0.12340406328088385,0.12519336975583148,0.9844277879060187,-4.05009345336903,9.066697882356756,12.338201376158814,12.428270180787539,9.657926612804484
05/17/2023 13:14:28.854439,3795,True,True,True,True,Eyes,1.578932,0.1325227,-3.394448,-0.5687587,-0.1291991,0.8122937,0.0,0.0,0.0,0.0,0.0,0.0,0.0,0.4034914,0.8554289,3.601534,1.356341,0.1277848,-3.46549,0.1329858,-0.2388877,0.006210505,0.9618778,14.99883,331.7018,356.9384,0.4443334,0.03559266,-0.8951538,0.0,0.0,0.0,0.9748871,-0.006746852,-2.525784,0.1022422,0.1237129,1.110044,0.8857881,-0.05158987,0.4612134,-0.07548486,0.9645524,0.252865,-0.4579098,-0.2587994,0.8504948,moving,-7.090790627755349,7.160699020612179,5.262462205019438,6.359294475853537,-0.3814539,-0.134531652,0.9397060000000002,-0.12249367798772512,0.12371395373877796,0.984728428466219,-4.041982357231982,9.029641548522289,12.292348871723506,12.379220686085944,9.68005382735657
05/17/2023 13:14:28.864780,3796,True,True,True,True,Eyes,1.569221,0.13213,-3.396964,-0.5598357,-0.1293259,0.818449,0.0,0.0,0.0,0.0,0.0,0.0,0.0,0.3738954,0.8512904,3.602819,1.344719,0.1264133,-3.467066,0.1326548,-0.2337351,0.003986506,0.9632004,14.91642,332.2979,356.7767,0.442062,0.03557209,-0.8962785,0.0,0.0,0.0,0.9778337,-0.006746196,-2.525774,0.09997851,0.1194779,1.104634,0.890704,-0.05433256,0.4513251,-0.06969178,0.9647736,0.2536827,-0.4492098,-0.2574098,0.8555412,moving,-7.074096310632029,7.053312686837389,5.1716508603418605,6.173149116946947,-0.36688529999999997,-0.13315949600000002,0.9412919999999998,-0.12223482083354614,0.12187203669839106,0.9849902640397399,-4.055197875299756,8.987161933300467,12.194598987489838,12.277337320656189,9.646419321230711
05/17/2023 13:14:28.884869,3797,True,True,True,True,Eyes,1.559419,0.1316738,-3.399466,-0.5505441,-0.1294963,0.824701,0.0,0.0,0.0,0.0,0.0,0.0,0.0,0.3384879,0.8501455,3.603759,1.332643,0.125099,-3.468835,0.1328642,-0.2278119,0.001029593,0.9645972,14.87968,332.9698,356.5268,0.4397789,0.03554481,-0.897402,0.0,0.0,0.0,0.9807089,-0.006745555,-2.525765,0.09884822,0.118319,1.098399,0.8962013,-0.05854983,0.4397672,-0.0625224,0.9646921,0.2558518,-0.43922,-0.25679,0.8608976,moving,-7.125546591754145,6.9742120694310845,5.142366647291999,6.148166257577651,-0.3519341,-0.13184455499999997,0.9430700000000001,-0.12314006286319576,0.12049848081669703,0.9850464345392131,-4.094314505252475,8.960050315834177,12.214157268711418,12.29569221004024,9.65520433086983
05/17/2023 13:14:28.894885,3798,True,True,True,True,Eyes,1.549523,0.1311636,-3.401967,-0.5411489,-0.1297697,0.8308536,0.0,0.0,0.0,0.0,0.0,0.0,0.0,0.3040266,0.8554515,3.603092,1.320331,0.1231592,-3.471032,0.1338095,-0.2219187,-0.00138203,0.9658391,14.94333,333.6366,356.3173,0.4374828,0.03550981,-0.898525,0.0,0.0,0.0,0.9838601,-0.006744854,-2.525755,0.1007619,0.1170691,1.092795,0.9015003,-0.06205929,0.4283057,-0.05672001,0.9641862,0.2590903,-0.4290454,-0.2578635,0.8656942,moving,-7.171981330226754,6.994655581330678,5.268100094423562,6.114670125125179,-0.3364708999999999,-0.129904054,0.9452769999999999,-0.12393320190449525,0.12083793090507215,0.984905461230945,-4.111736239634341,8.970972893418224,12.388612138117182,12.471166755964056,9.805090267706428
05/17/2023 13:14:28.914340,3799,True,True,True,True,Eyes,1.539466,0.1306402,-3.404475,-0.531351,-0.1301121,0.8371003,0.0,0.0,0.0,0.0,0.0,0.0,0.0,0.2695923,0.8646356,3.601423,1.308042,0.1213958,-3.473444,0.1352283,-0.215958,-0.003122,0.966988,15.08074,334.3146,356.173,0.4351726,0.03546643,-0.8996479,0.0,0.0,0.0,0.9863732,-0.006744294,-2.525748,0.1025307,0.1178414,1.087162,0.9067048,-0.06444515,0.4168132,-0.0523694,0.9634071,0.2628768,-0.4185019,-0.2601799,0.8701509,moving,-7.205245381325519,7.093578034282149,5.387653075082805,6.186342960209084,-0.3216688,-0.128140094,0.9476960000000001,-0.12447896695577912,0.12252977154130004,0.9846275427282942,-4.107806044950676,9.011276832438238,12.539852548288408,12.625536305957047,9.906765127058106
05/17/2023 13:14:28.934612,3800,True,True,True,True,Eyes,1.52932,0.1300869,-3.406981,-0.5214459,-0.1305273,0.8432419,0.0,0.0,0.0,0.0,0.0,0.0,0.0,0.2344826,0.8721928,3.59946,1.295592,0.1204225,-3.47545,0.1365323,-0.209874,-0.004679758,0.9681374,15.2125,335.0103,356.0561,0.4328454,0.03541517,-0.9007719,0.0,0.0,0.0,0.9893267,-0.006743637,-2.525738,0.1056457,0.1191904,1.081186,0.911862,-0.06637045,0.4050959,-0.04824786,0.9626741,0.2663283,-0.4076517,-0.2623997,0.8746237,moving,-7.250354177264431,7.184635016502251,5.580813960148668,6.2909085656634405,-0.3062653000000001,-0.127166137,0.9497119999999999,-0.1252297809601853,0.1240826225053127,0.9843379040454444,-4.110866832151174,9.049325978837258,12.772614199262993,12.862255740712593,10.07658390552742
05/17/2023 13:14:28.945189,3801,True,True,True,True,Eyes,1.519017,0.1295153,-3.409501,-0.5112039,-0.1308589,0.8494388,0.0,0.0,0.0,0.0,0.0,0.0,0.0,0.1986401,0.8782355,3.597978,1.28318,0.1191825,-3.47785,0.1376027,-0.2036691,-0.006320774,0.969301,15.31837,335.7209,355.9389,0.4305004,0.03535602,-0.9018974,0.0,0.0,0.0,0.9921683,-0.006743004,-2.525729,0.1073096,0.1230679,1.07521,0.9169579,-0.06830433,0.3930939,-0.0437974,0.9620511,0.2693316,-0.3965729,-0.2641823,0.8791687,moving,-7.290773593388474,7.254798765015028,5.699439374926712,6.529625163494275,-0.2910117,-0.125925504,0.952121,-0.12590508177054485,0.12527712204251892,0.9841002525692981,-4.115834526903598,9.07901575076372,12.916019855218309,13.010438490478583,10.140956273173119
05/17/2023 13:14:28.964785,3802,True,True,True,True,Eyes,1.508623,0.1289062,-3.412021,-0.5008609,-0.1312598,0.855517,0.0,0.0,0.0,0.0,0.0,0.0,0.0,0.16337,0.8816233,3.596598,1.270561,0.1180231,-3.480117,0.1384326,-0.1975665,-0.008637659,0.9704274,15.38267,336.4109,355.7494,0.4281352,0.03528928,-0.9030252,0.0,0.0,0.0,0.9950811,-0.006742355,-2.52572,0.1089607,0.1285224,1.069383,0.9217857,-0.07146372,0.3810564,-0.03793484,0.9615237,0.2720905,-0.3858394,-0.2652645,0.8836078,moving,-7.314381980982795,7.272155450658255,5.817856947688049,6.853148711109766,-0.2754799,-0.12476545500000001,0.9543969999999997,-0.12630589216440122,0.12556880448081187,0.9840118954970334,-4.123336312455841,9.087252378418505,13.039450817717542,13.138921794709223,10.189138463668685
05/17/2023 13:14:28.984254,3803,True,True,True,True,Eyes,1.498062,0.128268,-3.414565,-0.4901007,-0.1315808,0.8616773,0.0,0.0,0.0,0.0,0.0,0.0,0.0,0.1267551,0.8861923,3.594846,1.257832,0.1165478,-3.482613,0.1394525,-0.1912902,-0.01131372,0.9715107,15.46388,337.1129,355.5169,0.4257494,0.03521471,-0.9041554,0.0,0.0,0.0,0.9979906,-0.006741708,-2.525711,0.1120367,0.133,1.063626,0.9265601,-0.0753346,0.3685256,-0.03136901,0.96085,0.2752876,-0.3748365,-0.2666308,0.887922,moving,-7.334686202480218,7.306530275056519,6.013058701688311,7.127495937155421,-0.2598414000000001,-0.12328950799999999,0.9569020000000004,-0.12664511245453983,0.1261536340594377,0.9838934131852873,-4.126001398714544,9.101830972422741,13.24390297413484,13.348945550900439,10.329498465611248
05/17/2023 13:14:28.994636,3804,True,True,True,True,Eyes,1.487445,0.1276143,-3.417097,-0.4792349,-0.1319513,0.8677112,0.0,0.0,0.0,0.0,0.0,0.0,0.0,0.09072304,0.8908848,3.592661,1.245187,0.1149989,-3.485026,0.1403638,-0.1850117,-0.01312866,0.972572,15.55539,337.8283,355.3872,0.4233401,0.03513231,-0.9052891,0.0,0.0,0.0,1.001193,-0.006740995,-2.525701,0.1155493,0.1347763,1.057941,0.9311966,-0.07747502,0.3561888,-0.02640074,0.9602513,0.2778856,-0.3635599,-0.2681699,0.8921373,moving,-7.354475520694031,7.3602248165987065,6.233191001306447,7.260083553022758,-0.24399400000000004,-0.121739895,0.9593249999999998,-0.1269699525418396,0.127070310177797,0.9837335660523034,-4.124667237894035,9.123821373968692,13.478509205567173,13.588035538140279,10.524198115229378
05/17/2023 13:14:29.014597,3805,True,True,True,True,Eyes,1.476765,0.1272779,-3.419512,-0.4679998,-0.1322548,0.8737763,0.0,0.0,0.0,0.0,0.0,0.0,0.0,0.05345094,0.8947819,3.590412,1.233096,0.1139836,-3.487267,0.1410184,-0.1784761,-0.01344018,0.9736938,15.65356,338.5994,355.4426,0.4209084,0.03504244,-0.9064257,0.0,0.0,0.0,1.003921,-0.006740388,-2.525692,0.1182473,0.133804,1.05273,0.9359313,-0.07651006,0.3437715,-0.02416361,0.9598663,0.279415,-0.3513527,-0.26982,0.8965202,moving,-7.3877528431555035,7.444484530993628,6.408852990740988,7.243563642551416,-0.2291749999999999,-0.120723988,0.9615750000000003,-0.12751748071773603,0.128507772821891,0.9834760860338846,-4.123598277236775,9.158475359452215,13.68575290757975,13.798068768466083,10.705111704034216
05/17/2023 13:14:29.038972,3806,True,True,True,True,Eyes,1.466064,0.1271514,-3.421912,-0.4562648,-0.1331346,0.8798282,0.0,0.0,0.0,0.0,0.0,0.0,0.0,0.008724213,0.8932394,3.586823,1.220843,0.1212491,-3.486845,0.1423611,-0.1710721,-0.01492127,0.9748051,15.80972,339.4483,355.3622,0.4184554,0.03495442,-0.9075641,0.0,0.0,0.0,1.006614,-0.006739788,-2.525684,0.1217237,0.1310968,1.047765,0.9410234,-0.07779869,0.3292755,-0.01961736,0.9590213,0.2826539,-0.3377724,-0.2724434,0.9009353,moving,-7.492599010245257,7.530773875274141,6.626609810799208,7.131809827903705,-0.214229,-0.127988888,0.9611610000000002,-0.12929227547942806,0.1299586498516161,0.9830535630277409,-4.155121280593109,9.198603066312815,14.010142043861643,14.12484442545666,10.978039880480914
05/17/2023 13:14:29.044924,3807,True,True,True,True,Eyes,1.455198,0.1269185,-3.42441,-0.4440587,-0.1340583,0.8859121,0.0,0.0,0.0,0.0,0.0,0.0,0.0,-0.07902956,0.9257509,3.575951,1.209429,0.126306,-3.488841,0.1491855,-0.1585352,-0.0212516,0.9757863,16.52347,340.7716,354.6868,0.415982,0.03487368,-0.9087036,0.0,0.0,0.0,1.009569,-0.00673913,-2.525675,0.1258455,0.1282807,1.04252,0.9488299,-0.08877632,0.303052,-0.005828252,0.9545841,0.2978846,-0.3157337,-0.284408,0.9052206,moving,-8.182672657583822,8.042905499858767,6.883030242092374,7.014907142351407,-0.19986000000000015,-0.13304513,0.9631659999999997,-0.14095753780731787,0.1385176592954703,0.9802774282669129,-4.373464876977283,9.441207923937299,14.970386545657348,15.100734567707281,11.515017058101275
05/17/2023 13:14:29.064535,3808,True,True,True,True,Eyes,1.444335,0.1269482,-3.426852,-0.4318756,-0.1351561,0.891749,0.0,0.0,0.0,0.0,0.0,0.0,0.0,-0.1340632,0.9521251,3.567021,1.194917,0.1234665,-3.493577,0.1520424,-0.1487928,-0.01708038,0.9769607,16.97749,341.9765,355.2849,0.413485,0.03479658,-0.9098455,0.0,0.0,0.0,1.012635,-0.006738447,-2.525665,0.130444,0.1267417,1.037052,0.9551379,-0.07861935,0.2855356,-0.01187189,0.9531828,0.3021617,-0.2959234,-0.2919959,0.9094877,moving,-8.559609163298187,8.473816223188146,7.169211042177224,6.967761377516134,-0.18228200000000006,-0.13020494700000002,0.9679120000000001,-0.1472488765789105,0.1457511475997953,0.9783017712153862,-4.463294059964826,9.631984354567049,15.656482093215732,15.800759040449408,11.9337026535274
05/17/2023 13:14:29.084690,3809,True,True,True,True,Eyes,1.433409,0.1271051,-3.429287,-0.4197035,-0.1358377,0.8974392,0.0,0.0,0.0,0.0,0.0,0.0,0.0,-0.1624449,0.9632573,3.560493,1.184036,0.1298478,-3.494648,0.1546535,-0.1435172,-0.01690583,0.977343,17.30429,342.584,355.3478,0.4109668,0.03472982,-0.9109882,0.0,0.0,0.0,1.015381,-0.006737836,-2.525656,0.134782,0.1260697,1.031701,0.958234,-0.07743645,0.2753021,-0.01134528,0.951593,0.3071515,-0.2857602,-0.2974464,0.9109703,moving,-8.4107769055012,8.786586686159238,7.44300080465801,6.9667744904996365,-0.168655,-0.136585636,0.9689920000000001,-0.1445886085381974,0.15114931745453675,0.9778793608948882,-4.333792581141648,9.742765559146132,15.80655240127569,15.957881567132038,12.099544985867016
05/17/2023 13:14:29.094862,3810,True,True,True,True,Eyes,1.422475,0.127367,-3.431667,-0.4075413,-0.1363167,0.9029551,0.0,0.0,0.0,0.0,0.0,0.0,0.0,-0.1862934,0.9442935,3.562704,1.172303,0.1329092,-3.496755,0.1530438,-0.1388856,-0.01963179,0.9782142,17.09555,343.1081,355.1435,0.4084273,0.03467578,-0.9121317,0.0,0.0,0.0,1.018407,-0.006737162,-2.525647,0.139249,0.1258849,1.02638,0.9606507,-0.08091935,0.2657107,-0.004102973,0.9523844,0.3048724,-0.2777288,-0.2939661,0.9145767,moving,-8.169142032202746,8.54623290368879,7.726146878284469,6.992371228689987,-0.15389600000000003,-0.139646362,0.9711079999999996,-0.14054939657322973,0.14713229440704242,0.9790801916012859,-4.269220884599433,9.634296611019153,15.824995158907036,15.971058063036647,12.282858685689966
05/17/2023 13:14:29.114501,3811,True,True,True,True,Eyes,1.411477,0.1275978,-3.433997,-0.395341,-0.1363823,0.9083531,0.0,0.0,0.0,0.0,0.0,0.0,0.0,-0.2163854,0.9188279,3.565118,1.161065,0.1356494,-3.497808,0.1506743,-0.1335209,-0.02293933,0.9792566,16.79641,343.7173,354.8963,0.4058685,0.03463605,-0.9132746,0.0,0.0,0.0,1.021127,-0.006736556,-2.525639,0.1427837,0.1261201,1.021061,0.9632919,-0.0851633,0.2545898,0.004690627,0.9535422,0.3012233,-0.2684152,-0.2889718,0.9189389,moving,-8.011004330308218,8.226376728147267,7.960538179055854,7.041433147488553,-0.13993800000000012,-0.142385956,0.9721690000000001,-0.13795673790361904,0.14171643406112483,0.9802471030805916,-4.25861495192475,9.500661965804516,15.874890684179384,16.015438221221668,12.464169030432346
05/17/2023 13:14:29.139072,3812,True,True,True,True,Eyes,1.400479,0.1278905,-3.436288,-0.3832031,-0.1362899,0.9135538,0.0,0.0,0.0,0.0,0.0,0.0,0.0,-0.2445111,0.8944058,3.566672,1.149487,0.1349315,-3.498767,0.1478802,-0.1283211,-0.02565973,0.9803097,16.46033,344.3206,354.7194,0.4032905,0.03460839,-0.914417,0.0,0.0,0.0,1.023843,-0.006735952,-2.52563,0.1451954,0.1273752,1.015877,0.9657506,-0.08826125,0.2439996,0.01235664,0.954946,0.2965222,-0.2591779,-0.2833515,0.9233303,moving,-7.840173054158254,7.889524903313686,8.133977694926125,7.146704972541979,-0.12564399999999987,-0.141667452,0.9731369999999999,-0.13514272212827338,0.13600422535561044,0.9814476010094684,-4.245467736907077,9.359645326721004,15.855790494639448,15.991412495587273,12.57568185868623
05/17/2023 13:14:29.144716,3813,True,True,True,True,Eyes,1.38945,0.1282383,-3.438504,-0.3709205,-0.135967,0.9186571,0.0,0.0,0.0,0.0,0.0,0.0,0.0,-0.2686507,0.8729779,3.568122,1.138389,0.1366703,-3.500164,0.145787,-0.1236785,-0.02832303,0.9811462,16.20475,344.8507,354.5239,0.4006948,0.03459327,-0.915558,0.0,0.0,0.0,1.026761,-0.006735302,-2.525621,0.1479407,0.1290728,1.010724,0.9678028,-0.0916395,0.2344352,0.01951663,0.955888,0.2930825,-0.2509517,-0.2790707,0.9268996,moving,-7.603151920011336,7.653648661794132,8.327308127980666,7.277470606122604,-0.11162800000000006,-0.143405602,0.9745429999999997,-0.131152554514293,0.13203402563670483,0.9825303727153689,-4.1821507198096235,9.25320440598414,15.801804747316151,15.934900918118009,12.664520705990972
05/17/2023 13:14:29.164794,3814,True,True,True,True,Eyes,1.378439,0.1286038,-3.440653,-0.3586602,-0.1354387,0.9235904,0.0,0.0,0.0,0.0,0.0,0.0,0.0,-0.3033405,0.8509283,3.56747,1.1272,0.1381961,-3.500466,0.1434203,-0.1174617,-0.02945943,0.9822249,15.95136,345.5948,354.5354,0.3980828,0.03459099,-0.9166968,0.0,0.0,0.0,1.029655,-0.006734658,-2.525612,0.1493982,0.1317528,1.005945,0.9706698,-0.09156434,0.2222974,0.02417878,0.9571255,0.2886626,-0.2391978,-0.2748212,0.9312667,moving,-7.557116810611238,7.435363368048876,8.447551084039777,7.461792854920869,-0.09754499999999999,-0.144930758,0.9748539999999997,-0.1304275238199054,0.1283022191480066,0.983121156870197,-4.203436778520937,9.166062446079032,15.871353685744566,16.00468971695013,12.765266496944154
05/17/2023 13:14:29.184310,3815,True,True,True,True,Eyes,1.367452,0.1289835,-3.442712,-0.3462773,-0.1348418,0.9283909,0.0,0.0,0.0,0.0,0.0,0.0,0.0,-0.3292658,0.8323399,3.567058,1.115936,0.1391175,-3.501491,0.1407739,-0.1121354,-0.02757303,0.9832845,15.70341,346.2824,354.8869,0.3954562,0.03460075,-0.9178326,0.0,0.0,0.0,1.032657,-0.006733989,-2.525602,0.1516377,0.1329129,1.001131,0.9733308,-0.08579574,0.2127588,0.02265279,0.9588448,0.2830254,-0.228285,-0.2706578,0.9352167,moving,-7.410183543529187,7.276785589619216,8.61291711820147,7.562519730851358,-0.0832790000000001,-0.145851489,0.975889,-0.1279501611441456,0.12562161908216454,0.9837926142270548,-4.166591136619272,9.095316820701747,15.892817993167197,16.02564815586,12.8711032220896
05/17/2023 13:14:29.195002,3816,True,True,True,True,Eyes,1.356483,0.1293879,-3.444701,-0.3338618,-0.1342019,0.9330199,0.0,0.0,0.0,0.0,0.0,0.0,0.0,-0.3602843,0.8204625,3.563525,1.105601,0.1397821,-3.501397,0.139025,-0.1062708,-0.02529854,0.9842452,15.56268,347.0291,355.2753,0.3928172,0.0346218,-0.9189643,0.0,0.0,0.0,1.035811,-0.006733287,-2.525592,0.1538949,0.1330326,0.9966575,0.976133,-0.07934853,0.2021588,0.02025133,0.9600641,0.2790464,-0.2162273,-0.2682924,0.9387571,moving,-7.332293197105058,7.224911405367345,8.777775645831374,7.602829594648096,-0.06979000000000002,-0.146515387,0.9758049999999998,-0.12662663627922566,0.12475223011022603,0.9840744694005604,-4.14079118889749,9.070219282770152,15.98093771067485,16.114500931829703,13.001638418298038
05/17/2023 13:14:29.214575,3817,True,True,True,True,Eyes,1.345586,0.1297844,-3.446609,-0.3212895,-0.1337623,0.9374864,0.0,0.0,0.0,0.0,0.0,0.0,0.0,-0.3946803,0.8150436,3.55795,1.095538,0.1406054,-3.5013,0.1382992,-0.100037,-0.02343919,0.9850466,15.53176,347.8026,355.6042,0.390168,0.03465371,-0.920091,0.0,0.0,0.0,1.03839,-0.006732712,-2.525584,0.1557144,0.1328125,0.992529,0.9788864,-0.07384744,0.1905989,0.01850733,0.9606478,0.2771518,-0.2035653,-0.2677726,0.9417319,moving,-7.293137303367828,7.260904111277338,8.916255268175954,7.621600085686182,-0.05714799999999998,-0.147338112,0.9757160000000002,-0.12594402700390855,0.12538137926647808,0.9840821397077454,-4.115735168603503,9.081523617140611,16.07802906326551,16.21340522914213,13.113510264685255
05/17/2023 13:14:29.234349,3818,True,True,True,True,Eyes,1.334752,0.1301817,-3.448438,-0.3087277,-0.133436,0.9417441,0.0,0.0,0.0,0.0,0.0,0.0,0.0,-0.4279969,0.8197991,3.550019,1.085442,0.1408991,-3.501407,0.1388243,-0.09393257,-0.02115813,0.9856251,15.64538,348.5572,355.9632,0.3875106,0.0346952,-0.9212118,0.0,0.0,0.0,1.041274,-0.00673207,-2.525575,0.1577364,0.1323476,0.9886072,0.981458,-0.06778822,0.1792901,0.01562771,0.9605603,0.2776324,-0.1910391,-0.2696826,0.9438089,moving,-7.247621775684487,7.439424176966762,9.065368549993195,7.625009689710426,-0.044167999999999985,-0.14763117,0.975832,-0.1251125220217163,0.12846054572307886,0.9837909603945314,-4.059995079338974,9.147339200446702,16.174835350629433,16.3140459527425,13.21335148784949
05/17/2023 13:14:29.244662,3819,True,True,True,True,Eyes,1.324047,0.130591,-3.450172,-0.2960834,-0.1333784,0.9458038,0.0,0.0,0.0,0.0,0.0,0.0,0.0,-0.459276,0.8322048,3.540289,1.076018,0.141347,-3.501336,0.1403163,-0.08815687,-0.01832145,0.9860041,15.87113,349.2758,356.3718,0.3848479,0.03474539,-0.9223256,0.0,0.0,0.0,1.044135,-0.006731433,-2.525566,0.1600893,0.1322502,0.9846773,0.9837854,-0.06086974,0.1687045,0.01139035,0.9599513,0.2799352,-0.1789877,-0.2734746,0.9450794,moving,-7.164378868948626,7.723058865178148,9.234378261857335,7.649514400262369,-0.031882999999999884,-0.148078433,0.9757699999999998,-0.12360248907153992,0.13335450974125873,0.983330567440852,-3.9663980281171627,9.251191424105809,16.253821287053377,16.398922044557658,13.297588651581192
05/17/2023 13:14:29.264623,3820,True,True,True,True,Eyes,1.313428,0.1309998,-3.451813,-0.2834443,-0.1334571,0.9496571,0.0,0.0,0.0,0.0,0.0,0.0,0.0,-0.4907125,0.845458,3.5298,1.066875,0.1421831,-3.50095,0.14205,-0.08240644,-0.01580052,0.9862968,16.11718,349.9867,356.7431,0.3821834,0.03480372,-0.9234305,0.0,0.0,0.0,1.047036,-0.006730787,-2.525557,0.163596,0.1318629,0.9807918,0.9859191,-0.05457966,0.1580655,0.007756325,0.9591444,0.282811,-0.1670433,-0.2776028,0.946062,moving,-7.079512978446889,8.01387150738723,9.469750907392259,7.657235363243677,-0.01983899999999994,-0.148913887,0.975393,-0.12206108438475326,0.13837040258680725,0.982829995314598,-3.8706552333036552,9.357703544394983,16.4017358174787,16.553106188943797,13.448346665439036
05/17/2023 13:14:29.284526,3821,True,True,True,True,Eyes,1.302926,0.1314141,-3.453358,-0.2706363,-0.1338009,0.953338,0.0,0.0,0.0,0.0,0.0,0.0,0.0,-0.5240349,0.8587739,3.518584,1.05823,0.1426136,-3.500336,0.1439471,-0.07653054,-0.01419804,0.9865196,16.37006,350.698,357.0101,0.3795198,0.03486942,-0.9245259,0.0,0.0,0.0,1.050035,-0.00673012,-2.525548,0.1678838,0.1313252,0.9768958,0.987883,-0.05004599,0.1469102,0.005980595,0.9581553,0.2861864,-0.1550853,-0.2818401,0.9468446,moving,-6.999363112950642,8.283042839202324,9.751276142993838,7.656434537114004,-0.008194999999999952,-0.14934372,0.9747879999999998,-0.12060572967422607,0.14301174638103417,0.9823451167127033,-3.7813001054740427,9.456184540888646,16.604788474222715,16.76235524760868,13.65172956063384
05/17/2023 13:14:29.294906,3822,True,True,True,True,Eyes,1.292504,0.1318258,-3.454814,-0.2578219,-0.1342889,0.9568148,0.0,0.0,0.0,0.0,0.0,0.0,0.0,-0.5589609,0.8691325,3.507385,1.049489,0.1432586,-3.499662,0.145825,-0.07054722,-0.01422948,0.9866893,16.6043,351.396,357.0897,0.3768597,0.03494194,-0.9256107,0.0,0.0,0.0,1.052964,-0.006729468,-2.525539,0.1717293,0.1308349,0.9731549,0.9896412,-0.04865525,0.1350663,0.00750505,0.9570652,0.2897756,-0.1433664,-0.2857603,0.9475163,moving,-6.932009829299622,8.502980081824825,10.007756110784708,7.657162826864236,0.003475000000000117,-0.149988068,0.9741229999999996,-0.11938385453132397,0.14680339173809842,0.9819350598350656,-3.707429940947308,9.536530227452724,16.79798209408665,16.960868991110985,13.843350398657803
05/17/2023 13:14:29.314683,3823,True,True,True,True,Eyes,1.28224,0.1322182,-3.456172,-0.2449404,-0.1349237,0.9601041,0.0,0.0,0.0,0.0,0.0,0.0,0.0,-0.595662,0.877158,3.496074,1.040877,0.1436428,-3.498955,0.1476666,-0.06444794,-0.01563935,0.9868113,16.82337,352.0847,357.0118,0.3742049,0.03502056,-0.9266841,0.0,0.0,0.0,1.055713,-0.006728855,-2.52553,0.1747536,0.1305407,0.9696196,0.9912037,-0.04989979,0.1225771,0.01183255,0.9559,0.293454,-0.1318147,-0.2894222,0.9480821,moving,-6.875864491671662,8.6811492355439,10.216683843338163,7.667673955736869,0.01483599999999985,-0.150371655,0.9734250000000002,-0.11836642148384427,0.1498745168661631,0.9815941659718153,-3.6468587394728944,9.601513761508574,16.95513484716805,17.12256816974098,13.997769441586135
05/17/2023 13:14:29.334596,3824,True,True,True,True,Eyes,1.272048,0.132592,-3.457441,-0.2320608,-0.135611,0.9632016,0.0,0.0,0.0,0.0,0.0,0.0,0.0,-0.6328066,0.880505,3.485168,1.032043,0.1437692,-3.498049,0.1490002,-0.05829998,-0.01777085,0.9869571,16.98022,352.7695,356.8562,0.3715589,0.03510418,-0.9277451,0.0,0.0,0.0,1.059013,-0.006728121,-2.52552,0.1773298,0.1312843,0.9661335,0.9925706,-0.05245154,0.1097834,0.01770472,0.9549663,0.2961856,-0.1203749,-0.2920415,0.9488001,moving,-6.8260400511198265,8.785263046999921,10.400638045656441,7.738313838257916,0.02696999999999994,-0.15049732100000002,0.9725289999999998,-0.11748014919330403,0.15167401005058262,0.9814241130525043,-3.603620934534157,9.638371707921312,17.086496565146497,17.258462877546098,14.132568396873896
05/17/2023 13:14:29.345317,3825,True,True,True,True,Eyes,1.261918,0.1329551,-3.458615,-0.2191411,-0.1363347,0.9661211,0.0,0.0,0.0,0.0,0.0,0.0,0.0,-0.6690982,0.87994,3.475067,1.023489,0.1437193,-3.497126,0.1497264,-0.05226075,-0.01974363,0.9871479,17.07004,353.4473,356.7239,0.3689225,0.03519183,-0.9287933,0.0,0.0,0.0,1.061512,-0.006727564,-2.525512,0.1797067,0.1344202,0.9630694,0.993758,-0.05462939,0.09726591,0.02333014,0.9543844,0.2976677,-0.1090905,-0.2935405,0.9497017,moving,-6.761060231482382,8.823827886385375,10.569714410972162,7.945714052137485,0.03802299999999992,-0.15044686399999999,0.9716140000000002,-0.11635470489010817,0.15235488543550588,0.9814527617427032,-3.5661614291279884,9.648974480767494,17.174533159398464,17.353006471889618,14.238120727626383
05/17/2023 13:14:29.364660,3826,True,True,True,True,Eyes,1.251891,0.1332789,-3.459695,-0.2061053,-0.137108,0.9688767,0.0,0.0,0.0,0.0,0.0,0.0,0.0,-0.7090177,0.8776893,3.463988,1.01472,0.1438443,-3.495985,0.1502544,-0.04563982,-0.02155025,0.9873583,17.14211,354.1979,356.6241,0.366297,0.03528287,-0.9298284,0.0,0.0,0.0,1.064496,-0.0067269,-2.525502,0.1825465,0.138512,0.9601119,0.9949052,-0.05627082,0.08364967,0.02884047,0.9539184,0.2986769,-0.09660175,-0.2947427,0.9506813,moving,-6.757817341756139,8.840821012402456,10.765180293915588,8.20922287374585,0.04977600000000004,-0.15057120000000002,0.9704830000000002,-0.1162938563507108,0.15264706736919956,0.9814146269307602,-3.5613578435090822,9.655310824371915,17.347069701786072,17.534376588533494,14.399335587589777
05/17/2023 13:14:29.384212,3827,True,True,True,True,Eyes,1.241936,0.1335662,-3.460676,-0.1929398,-0.1378896,0.9714735,0.0,0.0,0.0,0.0,0.0,0.0,0.0,-0.7504836,0.877044,3.451627,1.006173,0.1433159,-3.494744,0.1508977,-0.03878892,-0.02309374,0.9875183,17.23172,354.9798,356.5596,0.3636838,0.03537593,-0.9308501,0.0,0.0,0.0,1.067346,-0.006726265,-2.525494,0.1851343,0.1416099,0.9572631,0.9959242,-0.05731729,0.06963994,0.03390465,0.9533931,0.2998201,-0.08357911,-0.2962369,0.9514506,moving,-6.7761493957441905,8.877074975256443,10.945845324921448,8.414853465255954,0.06117299999999992,-0.150042165,0.9692499999999997,-0.11659661925162729,0.15326255106157083,0.9812827768974857,-3.562748023306441,9.67048433237332,17.53257108589254,17.728021480233146,14.562825612452428
05/17/2023 13:14:29.394845,3828,True,True,True,True,Eyes,1.232036,0.1338178,-3.461563,-0.179731,-0.1387325,0.973884,0.0,0.0,0.0,0.0,0.0,0.0,0.0,-0.7927148,0.8781651,3.437801,0.9973327,0.1427944,-3.493277,0.1517746,-0.03174347,-0.02438904,0.9876043,17.35181,355.7881,356.5277,0.3610837,0.03546989,-0.9318583,0.0,0.0,0.0,1.070367,-0.006725593,-2.525484,0.1878288,0.144693,0.9549489,0.9967951,-0.05780913,0.05529669,0.03853772,0.9527393,0.3013348,-0.07010324,-0.298238,0.9519137,moving,-6.817380817475013,8.942056883688966,11.12745637760789,8.615869463238417,0.07303430000000011,-0.149519993,0.9677929999999999,-0.11728240764574359,0.1543628143619111,0.9810285127213876,-3.569098987698786,9.698230321513673,17.743223528264302,17.947801542007618,14.736357916155905
05/17/2023 13:14:29.414942,3829,True,True,True,True,Eyes,1.222204,0.1340494,-3.462356,-0.1664764,-0.1395342,0.9761229,0.0,0.0,0.0,0.0,0.0,0.0,0.0,-0.8332267,0.8811732,3.423414,0.9886487,0.1421814,-3.491827,0.1527869,-0.02488757,-0.02517616,0.9876249,17.48999,356.5827,356.5537,0.3584967,0.03556374,-0.932853,0.0,0.0,0.0,1.073125,-0.006724979,-2.525476,0.1906934,0.1472903,0.9527982,0.9974936,-0.0573342,0.04146599,0.04212422,0.9520446,0.3030455,-0.05685234,-0.3005392,0.9520735,moving,-6.836682778299593,9.035332505299897,11.317666451406467,8.787628527000567,0.08447630000000006,-0.148906379,0.966351,-0.1175831479296853,0.1559541151441414,0.9807408515625133,-3.5598329992843185,9.735442794838455,17.94251601127761,18.156039028791337,14.907660506988401
05/17/2023 13:14:29.434523,3830,True,True,True,True,Eyes,1.212433,0.1342575,-3.463051,-0.1532398,-0.1403219,0.9781755,0.0,0.0,0.0,0.0,0.0,0.0,0.0,-0.8705482,0.8833051,3.409433,0.979925,0.1419866,-3.490259,0.1535568,-0.01837798,-0.02532943,0.9876443,17.60109,357.3494,356.6514,0.3559237,0.03565699,-0.9338341,0.0,0.0,0.0,1.076152,-0.006724305,-2.525466,0.1936822,0.1507439,0.9508409,0.9980413,-0.05567705,0.0285228,0.0443888,0.9515575,0.30425,-0.04408082,-0.302388,0.9521651,moving,-6.817318287652755,9.112605532135328,11.513390718981627,9.008552558611322,0.09622699999999995,-0.148710905,0.9647929999999998,-0.11722664834373143,0.15728333280776816,0.9805711839855769,-3.535861066508925,9.763953392682623,18.107464914330016,18.331004328928792,15.068198622370431
05/17/2023 13:14:29.445293,3831,True,True,True,True,Eyes,1.202708,0.1344381,-3.463651,-0.1400548,-0.140929,0.9800631,0.0,0.0,0.0,0.0,0.0,0.0,0.0,-0.9048007,0.8827171,3.396441,0.9714721,0.1416523,-3.488529,0.153833,-0.01228182,-0.02524576,0.987698,17.65357,358.0738,356.7725,0.3533648,0.03574914,-0.9348019,0.0,0.0,0.0,1.079033,-0.006723663,-2.525457,0.1964962,0.1541529,0.9491169,0.9984236,-0.05364906,0.01649419,0.04609167,0.9513961,0.3045012,-0.03202871,-0.303261,0.9523692,moving,-6.752627847786705,9.147168210200602,11.696731717603116,9.225263592196942,0.10756089999999996,-0.148375963,0.9630720000000004,-0.11610795993046819,0.15789570958584606,0.9806058823813042,-3.499314238393638,9.77303275565244,18.217233169621675,18.44952485192315,15.205915419769969
05/17/2023 13:14:29.464553,3832,True,True,True,True,Eyes,1.193035,0.1345841,-3.464149,-0.1269109,-0.1415142,0.9817675,0.0,0.0,0.0,0.0,0.0,0.0,0.0,-0.938383,0.8795325,3.383636,0.9621905,0.1412163,-3.486744,0.1538129,-0.006165545,-0.0255226,0.9877511,17.67053,358.7953,356.8524,0.3508201,0.03583961,-0.9357564,0.0,0.0,0.0,1.081963,-0.006723011,-2.525448,0.1984316,0.1565366,0.9479606,0.9986212,-0.05231663,0.004328637,0.04852327,0.9513804,0.3041725,-0.02003146,-0.3035431,0.9526072,moving,-6.692657046121303,9.142491772113667,11.82271833334615,9.376628109819416,0.11977250000000006,-0.147939311,0.9612959999999999,-0.11508264956653978,0.15783463644403656,0.9807366010830962,-3.472583373695725,9.76729927249167,18.278987470240942,18.51685570682085,15.300290136686357
05/17/2023 13:14:29.484322,3833,True,True,True,True,Eyes,1.183404,0.1346944,-3.464545,-0.1138914,-0.141927,0.9833034,0.0,0.0,0.0,0.0,0.0,0.0,0.0,-0.9703998,0.8764647,3.370849,0.953679,0.1405266,-3.484715,0.1538108,-0.0003758292,-0.02594319,0.9877596,17.68819,359.4754,356.9094,0.3482899,0.03592768,-0.9366978,0.0,0.0,0.0,1.084736,-0.006722393,-2.525439,0.1984439,0.1516878,0.9470029,0.9986537,-0.05136688,-0.007238225,0.05113565,0.9513384,0.3038757,-0.008723142,-0.3038366,0.9526842,moving,-6.604139034117386,9.148046888410247,11.835050473423937,9.100148138264839,0.13105699999999987,-0.147248993,0.959276,-0.11356508520872269,0.15795749074184182,0.9808937268198816,-3.430702384071121,9.763637547699094,18.211142528877353,18.439251719776685,15.280164544354554
05/17/2023 13:14:29.494840,3834,True,True,True,True,Eyes,1.17383,0.1347595,-3.464825,-0.1009026,-0.1423127,0.9846653,0.0,0.0,0.0,0.0,0.0,0.0,0.0,-1.001248,0.873051,3.35786,0.9446325,0.139797,-3.482537,0.1537738,0.005341087,-0.02643799,0.9877379,17.70154,0.145562,356.9562,0.3457741,0.03601268,-0.9376261,0.0,0.0,0.0,1.08775,-0.006721722,-2.525429,0.18832,0.1607083,0.9483522,0.998545,-0.05058498,-0.01868213,0.05387026,0.9513094,0.3034939,0.002420248,-0.3040588,0.9526502,moving,-6.510024297726044,9.150055081358238,11.23146067598439,9.618003447450736,0.1431175,-0.14651872200000002,0.9571080000000003,-0.11195254728836751,0.15802096185672818,0.981068802409729,-3.386932432979222,9.758242005794308,17.511596159914728,17.74765519007291,14.619065768421768
05/17/2023 13:14:29.514871,3835,True,True,True,True,Eyes,1.164291,0.1347893,-3.464995,-0.08796503,-0.1425778,0.985867,0.0,0.0,0.0,0.0,0.0,0.0,0.0,-1.033943,0.8678675,3.344216,0.9363325,0.1387756,-3.479947,0.1535403,0.01122583,-0.0271625,0.9877052,17.6929,0.832045,356.9789,0.3432729,0.03609377,-0.9385416,0.0,0.0,0.0,1.090613,-0.006721085,-2.525421,0.1870534,0.1696857,0.9494071,0.9982724,-0.05020986,-0.0305167,0.05710433,0.9513751,0.3026953,0.01383454,-0.303915,0.9525987,moving,-6.438909871572449,9.13291907365014,11.1457348175919,10.133369047337066,0.15428050000000004,-0.145496685,0.954526,-0.11073965345879136,0.1577491091208452,0.9812502050792896,-3.357491419516749,9.746976276608555,17.362660141591522,17.61308118967281,14.508372433116953
05/17/2023 13:14:29.534503,3836,True,True,True,True,Eyes,1.154797,0.1347763,-3.465047,-0.07505795,-0.1427653,0.9869064,0.0,0.0,0.0,0.0,0.0,0.0,0.0,-1.067523,0.8595402,3.330635,0.9274862,0.1379445,-3.477396,0.1529883,0.01732136,-0.02825117,0.9876723,17.6489,1.537688,356.9619,0.340786,0.03617045,-0.9394444,0.0,0.0,0.0,1.093374,-0.00672047,-2.525412,0.1905321,0.1687734,0.9494742,0.9978037,-0.05050586,-0.04285985,0.06110572,0.9515929,0.3012259,0.02557145,-0.3031833,0.9525891,moving,-6.3936892670101955,9.079112453106537,11.346903940091371,10.079310290800555,0.16588780000000003,-0.14466497,0.9519839999999999,-0.1099812708793303,0.15684082138330818,0.9814809962025903,-3.3471257365493274,9.723275592489887,17.51875956136132,17.768765940672022,14.698342384241794
05/17/2023 13:14:29.544617,3837,True,True,True,True,Eyes,1.145354,0.1347131,-3.464982,-0.06224362,-0.142778,0.9877957,0.0,0.0,0.0,0.0,0.0,0.0,0.0,-1.099316,0.8497065,3.317368,0.9189951,0.136887,-3.474498,0.1520506,0.02319243,-0.02887066,0.9876788,17.55935,2.226138,356.9952,0.3383138,0.03624209,-0.9403349,0.0,0.0,0.0,1.096346,-0.006719808,-2.525403,0.1964299,0.1634698,0.9505179,0.9972572,-0.04997703,-0.05459294,0.06408272,0.9520941,0.2990152,0.03703374,-0.3016935,0.9526854,moving,-6.327040948129843,8.99616217658757,11.67613279663532,9.75825255859425,0.1773509000000001,-0.143606808,0.9490950000000002,-0.1088639442432432,0.15543896996727505,0.9818286707529533,-3.3325585232994537,9.686938688817412,17.777746395723376,18.019296507759364,15.008860743078003
05/17/2023 13:14:29.564386,3838,True,True,True,True,Eyes,1.135963,0.1346125,-3.464797,-0.04946245,-0.1426694,0.9885337,0.0,0.0,0.0,0.0,0.0,0.0,0.0,-1.129834,0.8387362,3.304338,0.9104246,0.1355876,-3.471512,0.1508646,0.02893587,-0.02935981,0.9876946,17.44051,2.902031,357.0399,0.3358564,0.03630789,-0.9412128,0.0,0.0,0.0,1.099253,-0.006719161,-2.525393,0.2001494,0.1568697,0.9513212,0.9966014,-0.04926626,-0.06601832,0.06672786,0.9527557,0.2963172,0.0483009,-0.2997154,0.9528052,moving,-6.247284754250077,8.892796760517156,11.881232782175795,9.3636216566343,0.1888284,-0.142306761,0.9461189999999999,-0.10752689090648307,0.1536899126276879,0.9822511624734945,-3.3159249106602964,9.641874806901209,17.906233162166085,18.134630521499577,15.199704824652374
05/17/2023 13:14:29.584570,3839,True,True,True,True,Eyes,1.126611,0.1344666,-3.464481,-0.03674497,-0.1423939,0.9891278,0.0,0.0,0.0,0.0,0.0,0.0,0.0,-1.160866,0.8238403,3.291723,0.9021771,0.1345636,-3.468391,0.1492118,0.03473153,-0.03007096,0.9877375,17.26869,3.580597,357.0563,0.3334138,0.03636748,-0.9420785,0.0,0.0,0.0,1.10205,-0.006718538,-2.525385,0.2041941,0.1527751,0.9511848,0.9957789,-0.04903972,-0.07758514,0.06976914,0.9536631,0.2926754,0.05963737,-0.2968531,0.9530591,moving,-6.176081007268863,8.742604591677154,12.115994387397231,9.124663470083393,0.19987290000000002,-0.141282138,0.943006,-0.1063485362621826,0.15113383312375817,0.9827759529163104,-3.312351320124065,9.579325155950427,18.075982315867968,18.29606491108724,15.43504352178465
05/17/2023 13:14:29.604801,3840,True,True,True,True,Eyes,1.117296,0.1342718,-3.464041,-0.02405312,-0.1419948,0.9895751,0.0,0.0,0.0,0.0,0.0,0.0,0.0,-1.194617,0.8052467,3.278095,0.8937478,0.1332746,-3.464808,0.1472199,0.04094051,-0.03144063,0.987756,17.06216,4.296538,356.9985,0.3309862,0.03642034,-0.9429321,0.0,0.0,0.0,1.104989,-0.006717884,-2.525376,0.2093396,0.1479786,0.9519283,0.9946707,-0.05005683,-0.09013584,0.07416586,0.9546756,0.2882602,0.0716211,-0.293409,0.9533004,moving,-6.153492264126544,8.554523016309657,12.402560015214513,8.83598855345789,0.21124120000000002,-0.139992484,0.939432,-0.10601328894529513,0.14791224249142307,0.9833021435128391,-3.3385629220558632,9.505360277516498,18.347528852834458,18.558186846840414,15.755348610272916
05/17/2023 13:14:29.615419,3841,True,True,True,True,Eyes,1.108042,0.1340223,-3.463465,-0.01145223,-0.1414395,0.9898807,0.0,0.0,0.0,0.0,0.0,0.0,0.0,-1.225605,0.7877166,3.264808,0.8852158,0.1318839,-3.461297,0.1452682,0.04681108,-0.03257316,0.9877473,16.85952,4.976062,356.9604,0.3285733,0.03646588,-0.9437739,0.0,0.0,0.0,1.107869,-0.006717243,-2.525367,0.2112672,0.1423071,0.9525267,0.9934955,-0.05074777,-0.1019387,0.07794843,0.9556723,0.283927,0.08301135,-0.2900261,0.9534118,moving,-6.0980205789884225,8.383548352439375,12.505567799683595,8.497118772092817,0.2226532,-0.138601143,0.9359299999999999,-0.10510718597694564,0.14499137850209395,0.9838343689772091,-3.346287230024722,9.435832609407022,18.40623593788893,18.603935035450988,15.879625044416322
05/17/2023 13:14:29.634617,3842,True,True,True,True,Eyes,1.098833,0.13372,-3.462759,0.001078951,-0.1407596,0.9900433,0.0,0.0,0.0,0.0,0.0,0.0,0.0,-1.254171,0.7731758,3.250888,0.8769125,0.1302906,-3.457321,0.1435128,0.05238348,-0.033012,0.9877096,16.67583,5.631559,356.9975,0.3261757,0.03650343,-0.9446037,0.0,0.0,0.0,1.110721,-0.006716608,-2.525357,0.2151173,0.1363201,0.9535576,0.9923324,-0.05017713,-0.1129546,0.08024793,0.9566286,0.2800394,0.09400404,-0.2869565,0.9533201,moving,-6.013818038537035,8.24790273808428,12.712797529158138,8.135848568181023,0.23380850000000009,-0.13700720800000002,0.9319639999999998,-0.10369637412458292,0.14268303497283114,0.9843214812888454,-3.33388980355603,9.378036900506684,18.541343469996427,18.726950813125875,16.094694970916827
05/17/2023 13:14:29.644706,3843,True,True,True,True,Eyes,1.089661,0.1333877,-3.461907,0.01349428,-0.1398982,0.990074,0.0,0.0,0.0,0.0,0.0,0.0,0.0,-1.28059,0.7593338,3.237387,0.8687598,0.1286622,-3.453386,0.1416981,0.05767884,-0.03304143,0.9876756,16.48205,6.260746,357.0756,0.3237933,0.03653243,-0.9454219,0.0,0.0,0.0,1.113674,-0.00671595,-2.525348,0.2168216,0.1318789,0.9538316,0.9911628,-0.04892246,-0.1232998,0.08161438,0.9576599,0.2760918,0.1045721,-0.283715,0.9531896,moving,-5.90485655275569,8.118002867751061,12.80664737436756,7.871935231722154,0.24491420000000008,-0.13537815,0.9280379999999999,-0.1018567112998647,0.14047787486189545,0.9848305968385732,-3.308961794783294,9.320832509503623,18.53760260809625,18.71312182657532,16.180610687312814
05/17/2023 13:14:29.664435,3844,True,True,True,True,Eyes,1.080552,0.1330104,-3.460909,0.02582315,-0.1389653,0.9899605,0.0,0.0,0.0,0.0,0.0,0.0,0.0,-1.30324,0.7449419,3.224873,0.86079,0.1275187,-3.449051,0.1398107,0.06242504,-0.03299091,0.9876577,16.27746,6.825628,357.151,0.3214265,0.03655298,-0.9462284,0.0,0.0,0.0,1.116517,-0.006715317,-2.525339,0.2174315,0.129354,0.954271,0.9900294,-0.04771208,-0.1325341,0.08262283,0.9587291,0.2720513,0.1140842,-0.2802891,0.9531122,moving,-5.737276128207742,7.984547766477168,12.835761574456068,7.719545433579438,0.2557269999999999,-0.134234017,0.9237120000000001,-0.0990075235697569,0.13822353776941546,0.9854398739260317,-3.2577076949557164,9.258415351819789,18.407145775630287,18.574928149013463,16.16687581911751
05/17/2023 13:14:29.684617,3845,True,True,True,True,Eyes,1.071507,0.1326025,-3.459768,0.03809964,-0.1380109,0.9896976,0.0,0.0,0.0,0.0,0.0,0.0,0.0,-1.328445,0.7312754,3.210641,0.8530805,0.1260666,-3.444431,0.1383034,0.06746104,-0.03382256,0.9875106,16.12391,7.409155,357.1276,0.3190753,0.0365648,-0.9470234,0.0,0.0,0.0,1.119477,-0.006714658,-2.52533,0.2184113,0.1297306,0.954537,0.9886101,-0.04814008,-0.1425925,0.08546045,0.9594563,0.2685888,0.1238814,-0.2777156,0.9526424,moving,-5.608519955925685,7.892056010159373,12.88820175390816,7.739616647186278,0.26639650000000004,-0.132781258,0.919101,-0.09681394699944419,0.13666220589850253,0.9858754645887299,-3.2163719344111072,9.214329953463805,18.33102231432543,18.497349858031615,16.171953283948643
05/17/2023 13:14:29.694634,3846,True,True,True,True,Eyes,1.062454,0.132165,-3.458472,0.05053326,-0.1371875,0.9892552,0.0,0.0,0.0,0.0,0.0,0.0,0.0,-1.356917,0.7150605,3.195286,0.8454774,0.124931,-3.43976,0.1369816,0.07288178,-0.03615016,0.9872271,16.00572,8.013242,356.9342,0.3167408,0.03656801,-0.9478066,0.0,0.0,0.0,1.122431,-0.006714,-2.525321,0.219331,0.1316184,0.9545954,0.9867628,-0.05140991,-0.1538056,0.09134377,0.9598584,0.2651946,0.1339979,-0.2757333,0.9518485,moving,-5.515752406278602,7.810556385800773,12.939883928434257,7.850372321732606,0.2769535999999999,-0.131645,0.9144390000000002,-0.09523581644725965,0.13528040813063985,0.9862196619877082,-3.189483499502294,9.176839926330294,18.28757579277093,18.4556792838391,16.183819386394166
05/17/2023 13:14:29.715356,3847,True,True,True,True,Eyes,1.05341,0.1316877,-3.457021,0.06291305,-0.1363879,0.9886559,0.0,0.0,0.0,0.0,0.0,0.0,0.0,-1.387211,0.6961486,3.179098,0.8375491,0.123662,-3.434947,0.1356314,0.07858643,-0.03957576,0.9868446,15.89733,8.633351,356.6147,0.3144216,0.03656275,-0.9485787,0.0,0.0,0.0,1.125425,-0.006713334,-2.525311,0.2200674,0.1335621,0.9545677,0.9845158,-0.05679267,-0.1658406,0.09942782,0.9600758,0.2614739,0.1443697,-0.2739144,0.9508566,moving,-5.458812115583648,7.725024682481504,12.9822239370523,7.965055184313952,0.28787589999999985,-0.13037533399999998,0.9096360000000003,-0.09427454471260868,0.13382034066340337,0.9865113412300359,-3.1798935179174497,9.140144562469882,18.272288257507153,18.442598117847407,16.204779408399634
05/17/2023 13:14:29.734706,3848,True,True,True,True,Eyes,1.044411,0.1311751,-3.455426,0.07518614,-0.1355117,0.9879189,0.0,0.0,0.0,0.0,0.0,0.0,0.0,-1.415017,0.676383,3.163404,0.8294734,0.1221477,-3.429861,0.1341083,0.08399349,-0.0429896,0.9864644,15.77188,9.219345,356.289,0.3121167,0.03654889,-0.9493402,0.0,0.0,0.0,1.128028,-0.006712754,-2.525303,0.2196679,0.1363808,0.954466,0.9821939,-0.06228696,-0.1772437,0.1073439,0.9603337,0.2573645,0.1541827,-0.2718079,0.9499201,moving,-5.372824420385939,7.629259402580255,12.960787145554006,8.131779801614437,0.2985546,-0.12886045399999999,0.9045579999999998,-0.0928144035378032,0.13218948924545051,0.9868695733941485,-3.1589078186793174,9.097601179902567,18.167208683454326,18.340497261585153,16.14860293259722
05/17/2023 13:14:29.744531,3849,True,True,True,True,Eyes,1.035454,0.130577,-3.453677,0.0873621,-0.1345264,0.9870514,0.0,0.0,0.0,0.0,0.0,0.0,0.0,-1.437924,0.6543964,3.15,0.8214682,0.120781,-3.424757,0.1319654,0.08876334,-0.04565295,0.9862162,15.56892,9.743643,356.0344,0.3098266,0.0365264,-0.9500908,0.0,0.0,0.0,1.130968,-0.0067121,-2.525294,0.2195365,0.1394278,0.9544033,0.9800738,-0.06661996,-0.1871289,0.1134747,0.9610019,0.2521881,0.1630305,-0.2683974,0.9494124,moving,-5.214714277704231,7.47451889553074,12.954118144159594,8.31148662427066,0.3094998,-0.1274931,0.8994629999999999,-0.09012233486371807,0.12955589637619155,0.9874680701309809,-3.116163393858085,9.027601713557457,18.012431682332693,18.188100135877914,16.08622918934876
05/17/2023 13:14:29.764267,3850,True,True,True,True,Eyes,1.026554,0.1301288,-3.451729,0.09924282,-0.1334734,0.9860708,0.0,0.0,0.0,0.0,0.0,0.0,0.0,-1.460727,0.6339011,3.135498,0.8134686,0.1181089,-3.419242,0.1295834,0.09363012,-0.04744806,0.9859971,15.33267,10.29414,355.8792,0.3075513,0.03649388,-0.9508311,0.0,0.0,0.0,1.134007,-0.006711423,-2.525285,0.2191623,0.1431059,0.9543599,0.9779642,-0.06930146,-0.196935,0.1178331,0.9619136,0.2466527,0.1723411,-0.2644229,0.9488831,moving,-5.082957168712728,7.296994195558691,12.933349176358593,8.52794229087007,0.3205384,-0.124820323,0.8939570000000003,-0.08788603189290134,0.126521096096876,0.9880629362962245,-3.090002004501429,8.950549035538518,17.878973597531864,18.05830909949234,16.02892321791478
05/17/2023 13:14:29.784492,3851,True,True,True,True,Eyes,1.017704,0.1298518,-3.44963,0.1109714,-0.1325702,0.9849418,0.0,0.0,0.0,0.0,0.0,0.0,0.0,-1.474096,0.6046333,3.125741,0.8058082,0.1212301,-3.412444,0.1267845,0.09709913,-0.04969537,0.9859147,15.04918,10.67361,355.6427,0.3052918,0.0364566,-0.9515604,0.0,0.0,0.0,1.136769,-0.006710808,-2.525276,0.2186357,0.1462722,0.9543074,0.9762042,-0.07336948,-0.2040641,0.1226121,0.9629121,0.2403466,0.1788617,-0.2596481,0.9489949,moving,-4.793521710061816,7.071309229108114,12.904000521936037,8.7142344713392,0.33096079999999994,-0.127940908,0.887168,-0.08293393326170115,0.12268045456944514,0.9889748873018048,-3.000541988724054,8.844599796906216,17.59307062376422,17.773617991383134,15.905076786721407
05/17/2023 13:14:29.795070,3852,True,True,True,True,Eyes,1.008821,0.1295273,-3.447367,0.1225095,-0.1317773,0.9836799,0.0,0.0,0.0,0.0,0.0,0.0,0.0,-1.499464,0.579438,3.110136,0.7978675,0.1251268,-3.406588,0.1259214,0.1022329,-0.05503882,0.9852223,15.03297,11.19977,355.0875,0.303048,0.03641989,-0.9522787,0.0,0.0,0.0,1.139856,-0.006710121,-2.525266,0.2183867,0.1484387,0.9544398,0.9730383,-0.08270431,-0.2153054,0.1341976,0.962229,0.2368677,0.1875832,-0.2593748,0.9473845,moving,-4.721238911087572,7.068370207938231,12.888067169889776,8.840072978721858,0.34198850000000003,-0.13183692100000002,0.8813220000000004,-0.08168659580077928,0.12264240860235888,0.9890834746007245,-2.9677980282279917,8.838728806663367,17.51420942280931,17.698208704881637,15.855865255093484
05/17/2023 13:14:29.814808,3853,True,True,True,True,Eyes,1.000051,0.1294108,-3.444986,0.1337509,-0.1313264,0.9822749,0.0,0.0,0.0,0.0,0.0,0.0,0.0,-1.51204,0.5915497,3.092319,0.7881477,0.1236609,-3.400319,0.1274241,0.1059363,-0.05348876,0.9847231,15.20585,11.65858,355.3431,0.3008178,0.0363825,-0.952987,0.0,0.0,0.0,1.142598,-0.00670951,-2.525258,0.2168997,0.1500058,0.9548734,0.9718329,-0.07834554,-0.2222674,0.1323409,0.9618042,0.2396221,0.1950044,-0.2622877,0.9450811,moving,-4.513276046118119,7.305115372439307,12.797591326415874,8.927911994274279,0.3544503,-0.13037041,0.8750610000000001,-0.0780552736377752,0.12676521839353538,0.9888568447559798,-2.8258459377895555,8.916334707680234,17.20010475956725,17.386765025883943,15.623441553707933
05/17/2023 13:14:29.835008,3854,True,True,True,True,Eyes,0.9913098,0.1293289,-3.442484,0.1447951,-0.131024,0.9807483,0.0,0.0,0.0,0.0,0.0,0.0,0.0,-1.515041,0.6029712,3.081273,0.7816556,0.1286422,-3.394943,0.1306042,0.1074256,-0.05480044,0.9840727,15.59418,11.8089,355.2479,0.2986034,0.03635035,-0.9536844,0.0,0.0,0.0,1.145413,-0.006708883,-2.525249,0.2147877,0.1523624,0.9552321,0.9709133,-0.07979476,-0.2257436,0.1359157,0.9598789,0.2452741,0.197115,-0.268822,0.9428046,moving,-4.071651290838801,7.746998080266376,12.672417794041198,9.062510396673769,0.3637574,-0.135351083,0.869694,-0.07035909565097817,0.1344649559264332,0.9884173768200247,-2.5362512956275944,9.057680715037794,16.605395069423253,16.79566676776643,15.208669856528271
05/17/2023 13:14:29.845570,3855,True,True,True,True,Eyes,0.9826575,0.1292904,-3.439854,0.1556878,-0.1308073,0.9791071,0.0,0.0,0.0,0.0,0.0,0.0,0.0,-1.527905,0.6070783,3.066042,0.7735756,0.1294229,-3.389466,0.1320663,0.1107939,-0.05572134,0.9834524,15.7898,12.19101,355.2111,0.296404,0.03632398,-0.9543712,0.0,0.0,0.0,1.148373,-0.006708224,-2.525239,0.2127276,0.1550871,0.9554871,0.9692397,-0.08033428,-0.2326389,0.1388628,0.9589072,0.2474147,0.2032032,-0.2721091,0.9405664,moving,-3.8426397933915126,7.974854580890732,12.551499145769908,9.219395991936356,0.37479740000000006,-0.13613112400000002,0.8642270000000001,-0.06637120539954831,0.13843256678669788,0.9881453544996291,-2.386328363192921,9.130481249627948,16.247135704720545,16.44131001107686,14.938092131156724
05/17/2023 13:14:29.864589,3856,True,True,True,True,Eyes,0.9741071,0.129227,-3.437133,0.166574,-0.1306819,0.9773308,0.0,0.0,0.0,0.0,0.0,0.0,0.0,-1.544649,0.6082066,3.049424,0.7669927,0.1304393,-3.383718,0.132965,0.1146557,-0.05597197,0.9828741,15.91499,12.64383,355.2558,0.2942205,0.03630411,-0.9550474,0.0,0.0,0.0,1.151348,-0.006707562,-2.52523,0.2109085,0.1580273,0.9557683,0.9674424,-0.07953641,-0.2402689,0.1405172,0.9583749,0.2485408,0.2104996,-0.2742108,0.9383487,moving,-3.6646514771917107,8.126204557717093,12.443978415683457,9.388381541726856,0.38435530000000007,-0.137146862,0.8584879999999999,-0.06327744151107213,0.14107074379553866,0.9879752829565307,-2.2748200839743964,9.177141898226203,15.959718053280218,16.158002592046934,14.720314244625234
05/17/2023 13:14:29.884841,3857,True,True,True,True,Eyes,0.9655992,0.1292247,-3.434317,0.1777892,-0.1307546,0.9753431,0.0,0.0,0.0,0.0,0.0,0.0,0.0,-1.568282,0.6031535,3.030683,0.7600214,0.1298743,-3.378438,0.1331002,0.1196446,-0.05715778,0.9821928,15.9702,13.21683,355.2011,0.2920542,0.03628944,-0.9557127,0.0,0.0,0.0,1.154074,-0.006706955,-2.525222,0.2096121,0.1598523,0.9561612,0.9648364,-0.08043048,-0.2502435,0.1441293,0.9580346,0.2477828,0.2198126,-0.2751373,0.935939,moving,-3.5921807473326792,8.181214959582938,12.364923627895404,9.491010809474687,0.3940526000000001,-0.13658125499999998,0.8532160000000002,-0.062019142716524756,0.14203047038039068,0.9879174556589446,-2.2307056366637465,9.193591521903903,15.81017903830987,16.010769663270935,14.598659248748653
05/17/2023 13:14:29.894846,3858,True,True,True,True,Eyes,0.9571489,0.1292475,-3.431401,0.1891395,-0.1310154,0.9731706,0.0,0.0,0.0,0.0,0.0,0.0,0.0,-1.599751,0.595044,3.008525,0.7530802,0.1313046,-3.373445,0.1335548,0.1258627,-0.05934661,0.9812236,16.08323,13.91973,355.0538,0.2899042,0.03628124,-0.9563674,0.0,0.0,0.0,1.15715,-0.00670627,-2.525212,0.2092339,0.1607418,0.9564785,0.9612731,-0.08284545,-0.2628509,0.1500837,0.9572822,0.2471552,0.2311468,-0.2770334,0.9326434,moving,-3.6573922187461165,8.266580628909594,12.339328988578838,9.539747435825946,0.4040697999999999,-0.13801087,0.848233,-0.06313005194227726,0.14349219883678888,0.9876357565502164,-2.2441402615933415,9.230765096495356,15.843925287652258,16.047306412700966,14.586742112505304
05/17/2023 13:14:29.914337,3859,True,True,True,True,Eyes,0.9486825,0.1292958,-3.428402,0.2009206,-0.1314457,0.9707486,0.0,0.0,0.0,0.0,0.0,0.0,0.0,-1.640971,0.5911057,2.979115,0.7459233,0.1319304,-3.368012,0.1349371,0.1336865,-0.06200844,0.9798342,16.32057,14.80582,354.8925,0.2877708,0.03627965,-0.9570115,0.0,0.0,0.0,1.159894,-0.006705659,-2.525203,0.2093314,0.1613374,0.9569108,0.9565658,-0.08543745,-0.2787156,0.1575945,0.9558938,0.2478525,0.2452467,-0.2810113,0.9278398,moving,-3.8917795435881746,8.450211034817505,12.339496553467614,9.570196671919645,0.4139707,-0.138636059,0.8428089999999999,-0.0671386598598642,0.14661834222422135,0.9869120356092798,-2.3164165843090903,9.316898517076353,16.061209991274996,16.269870668390997,14.658101850420566
05/17/2023 13:14:29.934330,3860,True,True,True,True,Eyes,0.940272,0.1293846,-3.425332,0.2127667,-0.1319,0.9681595,0.0,0.0,0.0,0.0,0.0,0.0,0.0,-1.678524,0.589552,2.951275,0.7383767,0.1324661,-3.363375,0.1362242,0.1410817,-0.06359434,0.9785166,16.53131,15.6603,354.8521,0.2856513,0.03628481,-0.9576461,0.0,0.0,0.0,1.162844,-0.006705002,-2.525194,0.209501,0.1622038,0.9570305,0.9521034,-0.08601875,-0.2934278,0.1628937,0.9547974,0.2486512,0.2587755,-0.2845392,0.9230778,moving,-4.069130947562251,8.616721047721747,12.347690174973541,9.619450823785211,0.4244673,-0.139171102,0.8381810000000001,-0.07016306750953337,0.14945466460261045,0.9862760988969134,-2.3657378508730336,9.39269510983733,16.23327785621386,16.447415686761907,14.715175242774905
05/17/2023 13:14:29.945513,3861,True,True,True,True,Eyes,0.931889,0.1295333,-3.422168,0.224832,-0.1322269,0.9653842,0.0,0.0,0.0,0.0,0.0,0.0,0.0,-1.714176,0.5805887,2.925129,0.7311928,0.1335927,-3.358478,0.1362375,0.1483001,-0.06462695,0.9773791,16.58752,16.50534,354.8564,0.283546,0.03629724,-0.9582711,0.0,0.0,0.0,1.165661,-0.006704375,-2.525185,0.2102323,0.1630892,0.9571015,0.9476609,-0.08592199,-0.3075001,0.1667381,0.9545254,0.2471429,0.2722816,-0.2854797,0.9188929,moving,-4.2010962015136375,8.64180271349984,12.388572385657879,9.670266318238822,0.4344682000000001,-0.14029707500000002,0.8332929999999998,-0.07242997878145217,0.14986204867432187,0.9860503534090455,-2.4216787665252753,9.411011923946749,16.403325069332684,16.62151741624266,14.812520110761104
05/17/2023 13:14:29.964520,3862,True,True,True,True,Eyes,0.9235502,0.1297087,-3.418945,0.2369157,-0.1324761,0.9624557,0.0,0.0,0.0,0.0,0.0,0.0,0.0,-1.749721,0.5642705,2.899381,0.7239505,0.1350906,-3.353204,0.1350631,0.1556882,-0.06535899,0.9763439,16.5043,17.37717,354.8797,0.2814541,0.036318,-0.9588868,0.0,0.0,0.0,1.168641,-0.006703712,-2.525176,0.2100756,0.1638653,0.9569415,0.9429788,-0.08557025,-0.3216656,0.1696812,0.9549723,0.2433848,0.2863553,-0.2840873,0.9150383,moving,-4.340243463647378,8.531453971895985,12.381629211886905,9.717003073888272,0.4446905,-0.141794312,0.8280279999999998,-0.07484640532932099,0.1479362124316043,0.9861606527847583,-2.5073008829216845,9.377606468572171,16.543791317503935,16.76384658871629,14.892797904483798
05/17/2023 13:14:29.984584,3863,True,True,True,True,Eyes,0.9152395,0.1298632,-3.415673,0.249,-0.1326667,0.9593741,0.0,0.0,0.0,0.0,0.0,0.0,0.0,-1.78099,0.5554307,2.87465,0.716574,0.1358846,-3.348448,0.1343327,0.162468,-0.06473099,0.9753814,16.4444,18.19916,355.0579,0.2793751,0.03634706,-0.9594935,0.0,0.0,0.0,1.171551,-0.006703063,-2.525167,0.2100222,0.1641044,0.9571795,0.9388281,-0.08262528,-0.3343275,0.1699244,0.9555292,0.2410179,0.2995456,-0.2830847,0.9111177,moving,-4.407383252519589,8.46448518220126,12.375595865825868,9.728537194100332,0.45497699999999996,-0.142587663,0.8232809999999997,-0.0760153001987423,0.14677045909511233,0.986245518880773,-2.5512867462123117,9.356198784581817,16.610161624208565,16.830514418032678,14.931525722603519
05/17/2023 13:14:29.995016,3864,True,True,True,True,Eyes,0.9069894,0.1300441,-3.412367,0.2610132,-0.1328941,0.956144,0.0,0.0,0.0,0.0,0.0,0.0,0.0,-1.810124,0.5592641,2.848474,0.7089563,0.1354971,-3.343972,0.1347362,0.1689897,-0.06248187,0.9743637,16.48007,19.01797,355.4409,0.2773084,0.03638306,-0.9600915,0.0,0.0,0.0,1.174527,-0.006702401,-2.525157,0.2101801,0.1635318,0.9572065,0.935077,-0.07622204,-0.3461521,0.1672982,0.9558843,0.2414466,0.3124777,-0.2836818,0.9065773,moving,-4.4519615231390155,8.506981725991297,12.384274587195321,9.694969056672143,0.4655707000000001,-0.142199501,0.8188149999999998,-0.07677426531433985,0.14749331658016498,0.986078858344847,-2.563558657022429,9.37549860954228,16.657843056031165,16.878097056859936,14.951246772879202
05/17/2023 13:14:30.014476,3865,True,True,True,True,Eyes,0.8988265,0.1302555,-3.409042,0.2729433,-0.1331362,0.9527732,0.0,0.0,0.0,0.0,0.0,0.0,0.0,-1.835888,0.5644591,2.824252,0.7020813,0.1363106,-3.339761,0.1358454,0.1747724,-0.06119638,0.9732707,16.60785,19.73445,355.7128,0.2752535,0.03642609,-0.960681,0.0,0.0,0.0,1.177352,-0.006701772,-2.525149,0.2105531,0.1626683,0.9572395,0.9314193,-0.0716372,-0.3568282,0.1666054,0.9556021,0.2430379,0.3235753,-0.2858196,0.9020012,moving,-4.420974477731599,8.641149920812031,12.40515823679721,9.644414347383295,0.47527069999999993,-0.143012372,0.8146120000000003,-0.07621413017915152,0.14980844318263828,0.985773249847955,-2.523151128625453,9.425173955326812,16.636055937104256,16.85601618522479,14.92991918461969
05/17/2023 13:14:30.034288,3866,True,True,True,True,Eyes,0.8907117,0.1305031,-3.40568,0.2847987,-0.1333815,0.9492623,0.0,0.0,0.0,0.0,0.0,0.0,0.0,-1.862741,0.5636845,2.799948,0.6949835,0.1373689,-3.335473,0.1365544,0.1807693,-0.06112442,0.9720799,16.71328,20.45769,355.8407,0.2732109,0.03647633,-0.961262,0.0,0.0,0.0,1.18021,-0.006701136,-2.52514,0.2106042,0.1607456,0.9574903,0.9271725,-0.06946592,-0.368138,0.1682053,0.9552333,0.2433849,0.3347507,-0.2875825,0.8973507,moving,-4.417636518401341,8.741179238538304,12.404926178701468,9.530072734507842,0.4852265,-0.14407003599999998,0.810333,-0.07613648038295798,0.15153010167494074,0.9855159577127645,-2.5021349812787976,9.463505105583486,16.623951794168065,16.84105010520241,14.907209788441726
05/17/2023 13:14:30.044504,3867,True,True,True,True,Eyes,0.8826557,0.1307765,-3.402293,0.296567,-0.1335588,0.9456269,0.0,0.0,0.0,0.0,0.0,0.0,0.0,-1.887393,0.5591624,2.777418,0.687947,0.1384823,-3.331143,0.1366929,0.1864432,-0.06119406,0.9709836,16.75451,21.13993,355.9358,0.2711808,0.0365341,-0.9618345,0.0,0.0,0.0,1.183212,-0.006700467,-2.52513,0.2102292,0.1587091,0.9575964,0.9229885,-0.06786594,-0.3787961,0.1698078,0.9551407,0.2426348,0.3453369,-0.2882717,0.893108,moving,-4.375757584140854,8.781604146238958,12.382190384352533,9.410484876002947,0.49526499999999996,-0.145182767,0.8060130000000001,-0.07540788335749492,0.15223387078033165,0.985463683889381,-2.474960835192167,9.476339048711369,16.557059828114912,16.769743918348905,14.857297167805513
05/17/2023 13:14:30.064392,3868,True,True,True,True,Eyes,0.8746283,0.1310561,-3.398863,0.3082833,-0.1336375,0.9418612,0.0,0.0,0.0,0.0,0.0,0.0,0.0,-1.912119,0.5460391,2.756194,0.6808079,0.1394157,-3.326865,0.1356848,0.1921973,-0.06190573,0.9699576,16.67923,21.81958,355.9332,0.2691624,0.03659945,-0.9623988,0.0,0.0,0.0,1.186076,-0.006699829,-2.525121,0.2105039,0.1568165,0.9577285,0.9184557,-0.06793533,-0.3896457,0.1722484,0.9555146,0.2394209,0.3560471,-0.2870133,0.8892997,moving,-4.337713904368218,8.704205562398126,12.396212619992953,9.298977115409976,0.5052680999999999,-0.146115529,0.8017440000000002,-0.07476888521280867,0.15090978450547837,0.9857159556764433,-2.4724969150665723,9.444016803795028,16.536765888207096,16.74449312827923,14.86941692700749
05/17/2023 13:14:30.085381,3869,True,True,True,True,Eyes,0.8666043,0.1313379,-3.395397,0.3198846,-0.1335811,0.9379925,0.0,0.0,0.0,0.0,0.0,0.0,0.0,-1.936814,0.5269595,2.735301,0.673392,0.1398299,-3.322318,0.1338719,0.1980549,-0.06315945,0.9689497,16.52587,22.50159,355.8506,0.2671551,0.03667185,-0.9629552,0.0,0.0,0.0,1.189043,-0.006699169,-2.525112,0.2113133,0.1550547,0.9573451,0.9135703,-0.06936871,-0.4007211,0.1754246,0.9561784,0.2344121,0.3669,-0.2844482,0.8857051,moving,-4.312772912962203,8.550256902615644,12.447222726762666,9.199919996796707,0.5156510000000001,-0.146529069,0.7972060000000001,-0.0743698784298181,0.1482651407241968,0.9861473352795656,-2.4909779951122797,9.383052098765116,16.56961248812996,16.772582269273197,14.9393232167256
05/17/2023 13:14:30.094747,3870,True,True,True,True,Eyes,0.8585902,0.1316164,-3.391878,0.331416,-0.1333974,0.9340067,0.0,0.0,0.0,0.0,0.0,0.0,0.0,-1.959083,0.5055581,2.71625,0.6655681,0.1401214,-3.317981,0.1316072,0.2036066,-0.06443308,0.968025,16.32205,23.14596,355.7481,0.2651576,0.0367507,-0.9635041,0.0,0.0,0.0,1.191773,-0.006698561,-2.525103,0.2123241,0.1530243,0.9570118,0.9087855,-0.07115348,-0.4111522,0.1783379,0.9570559,0.2285601,0.3772328,-0.2810361,0.8824478,moving,-4.250868380820457,8.354838544674402,12.509112463704,9.08458012502275,0.5262049,-0.146819961,0.792878,-0.07334119547199808,0.14491190410888471,0.9867226338348206,-2.5004969628984828,9.303682467265492,16.578843126911174,16.775860057920013,15.011208511493349
05/17/2023 13:14:30.114664,3871,True,True,True,True,Eyes,0.8505596,0.1318823,-3.388298,0.3428567,-0.1331291,0.9299064,0.0,0.0,0.0,0.0,0.0,0.0,0.0,-1.980823,0.484252,2.696434,0.6577239,0.1403009,-3.3131,0.129299,0.209164,-0.06558077,0.9670737,16.1121,23.79352,355.657,0.2631688,0.03683537,-0.9640461,0.0,0.0,0.0,1.194538,-0.006697945,-2.525095,0.2143678,0.1502614,0.9563292,0.9038992,-0.07275346,-0.421513,0.1809322,0.9579619,0.2226491,0.3875948,-0.2775176,0.8790644,moving,-4.192646646985256,8.15873991290582,12.634397419981648,8.92948487759954,0.5368141000000001,-0.14699884500000002,0.7880050000000001,-0.07237412479041208,0.1415439665185379,0.9872827752805581,-2.5118458509803916,9.224292084599695,16.654084038903306,16.844686397563088,15.149112070100415
05/17/2023 13:14:30.134496,3872,True,True,True,True,Eyes,0.8425234,0.1321336,-3.384674,0.3542472,-0.1327611,0.92568,0.0,0.0,0.0,0.0,0.0,0.0,0.0,-2.003883,0.4655229,2.67478,0.6498358,0.1401782,-3.308288,0.1272553,0.2150078,-0.06642248,0.9660052,15.92752,24.4816,355.61,0.261187,0.03692501,-0.9645815,0.0,0.0,0.0,1.197382,-0.006697312,-2.525086,0.2156792,0.1489688,0.9553304,0.8987194,-0.07360715,-0.4323025,0.1830506,0.9587883,0.2172958,0.398492,-0.2744212,0.8751554,moving,-4.171134695921889,7.993630443373391,12.72204065956905,8.863002442431668,0.5475462,-0.146875512,0.7832020000000002,-0.07203269860318878,0.1387017677912648,0.9877110714802029,-2.5340806522135395,9.15925093539144,16.728061399967,16.91553077098419,15.258997367107966
05/17/2023 13:14:30.145302,3873,True,True,True,True,Eyes,0.8344889,0.1323522,-3.380998,0.3653974,-0.1323636,0.9213927,0.0,0.0,0.0,0.0,0.0,0.0,0.0,-2.026335,0.4499653,2.652549,0.6415572,0.1399889,-3.303532,0.1254958,0.2208581,-0.06680287,0.9648885,15.76467,25.17868,355.621,0.2592109,0.03701878,-0.9651108,0.0,0.0,0.0,1.200327,-0.006696656,-2.525077,0.2162358,0.1486383,0.954483,0.8935182,-0.07348115,-0.4429739,0.1843482,0.9595764,0.2126709,0.4094399,-0.2716868,0.870945,moving,-4.164206265170405,7.854328152686775,12.764751875073724,8.851377487881656,0.5587697999999999,-0.146685556,0.7784550000000001,-0.0719374562483378,0.13630088279989194,0.9880521048413886,-2.5580120665655386,9.105111516816287,16.772190462609856,16.958293873233547,15.324864624806308
05/17/2023 13:14:30.164947,3874,True,True,True,True,Eyes,0.8264377,0.1325498,-3.377255,0.3764623,-0.131916,0.916992,0.0,0.0,0.0,0.0,0.0,0.0,0.0,-2.046926,0.4406894,2.629599,0.6330932,0.1394477,-3.298281,0.1244158,0.2264747,-0.06657387,0.9637415,15.66212,25.8588,355.7137,0.25724,0.03711539,-0.9656342,0.0,0.0,0.0,1.203292,-0.006695996,-2.525067,0.2165882,0.1491214,0.9536747,0.8885543,-0.07196598,-0.4530918,0.1846741,0.9601773,0.2096546,0.4199605,-0.2699639,0.8664598,moving,-4.137056039198397,7.785125040937349,12.795350906604414,8.887094278289945,0.5701988,-0.14614369600000002,0.7732139999999998,-0.07148100340739405,0.1351118466840399,0.9882485909318518,-2.5589732894754076,9.076661792358161,16.781520806791534,16.96822740236418,15.355494370443182
05/17/2023 13:14:30.184565,3875,True,True,True,True,Eyes,0.8183334,0.1327289,-3.373437,0.3874077,-0.1315641,0.9124726,0.0,0.0,0.0,0.0,0.0,0.0,0.0,-2.065684,0.4340284,2.607102,0.6246089,0.1391887,-3.292856,0.1237029,0.2318069,-0.06618903,0.9625915,15.59506,26.50822,355.8278,0.255273,0.03721407,-0.9661524,0.0,0.0,0.0,1.206131,-0.006695364,-2.525058,0.2176051,0.1495637,0.952585,0.8837692,-0.07007565,-0.4626462,0.1847763,0.9606332,0.2074645,0.4298951,-0.2688368,0.8619263,moving,-4.082943657128585,7.749404862294417,12.867649584802495,8.923063159289105,0.5815221,-0.145884064,0.767798,-0.07055351524862793,0.1345046202707331,0.9883980942872906,-2.540987472742038,9.059348501476936,16.80329912666332,16.99117668236971,15.4092397497615
05/17/2023 13:14:30.194572,3876,True,True,True,True,Eyes,0.8102028,0.1328663,-3.369561,0.3982551,-0.1311863,0.9078453,0.0,0.0,0.0,0.0,0.0,0.0,0.0,-2.084802,0.4308453,2.583689,0.6160116,0.1388325,-3.287664,0.1234745,0.237225,-0.06565065,0.9613367,15.57795,27.17239,355.9733,0.2533075,0.03731421,-0.9666657,0.0,0.0,0.0,1.209154,-0.006694691,-2.525049,0.2200916,0.1483839,0.9516129,0.8788286,-0.06764227,-0.4723186,0.1848072,0.9608881,0.2062532,0.4398939,-0.2685491,0.8569567,moving,-4.046410096505905,7.765661810538227,13.022545709072274,8.862695955100243,0.5931424000000001,-0.145527191,0.7626149999999998,-0.06992052007804053,0.13479108085430233,0.9884040388980284,-2.520983057163274,9.063218839508387,16.916826468560593,17.104173064112626,15.544822158325367
05/17/2023 13:14:30.214641,3877,True,True,True,True,Eyes,0.8020712,0.1329663,-3.365662,0.4090018,-0.1308984,0.9030964,0.0,0.0,0.0,0.0,0.0,0.0,0.0,-2.10201,0.4330429,2.560352,0.6071808,0.1379524,-3.282327,0.1236175,0.2423995,-0.06423771,0.9601223,15.57611,27.82193,356.2249,0.2513429,0.03741452,-0.9671745,0.0,0.0,0.0,1.212029,-0.006694051,-2.52504,0.2223267,0.1474713,0.9501827,0.874232,-0.06342247,-0.4813481,0.1832817,0.9611844,0.2062334,0.4495845,-0.2685182,0.8519224,moving,-3.9840706716113763,7.800005972643077,13.169324223002148,8.822096359319566,0.6048482000000001,-0.144646451,0.7572869999999998,-0.06883935555456291,0.13539372330089816,0.9883975182265037,-2.485562396961021,9.072368104664944,16.996525048070527,17.18381870158929,15.65688701595627
05/17/2023 13:14:30.234316,3878,True,True,True,True,Eyes,0.7939179,0.13303,-3.36171,0.4197106,-0.1306127,0.8982112,0.0,0.0,0.0,0.0,0.0,0.0,0.0,-2.119341,0.4363217,2.537308,0.5986705,0.1371721,-3.277604,0.1239055,0.2475282,-0.06276345,0.9588733,15.58638,28.46825,356.4868,0.2493781,0.03751398,-0.967679,0.0,0.0,0.0,1.21481,-0.006693432,-2.525031,0.2275662,0.1402561,0.9485204,0.8695811,-0.05902418,-0.4902498,0.1817046,0.9614163,0.2065479,0.4591428,-0.2686908,0.8467545,moving,-3.9165108447820587,7.84691126909311,13.491238429289341,8.411278679804244,0.6161395,-0.143865532,0.7525730000000004,-0.06766617145763262,0.13621379264949074,0.9883658820959965,-2.4452896795773436,9.08601605184465,17.240400681137253,17.416895399674598,15.950805581096084
05/17/2023 13:14:30.245402,3879,True,True,True,True,Eyes,0.785753,0.1330616,-3.357734,0.4304356,-0.1304252,0.8931486,0.0,0.0,0.0,0.0,0.0,0.0,0.0,-2.140635,0.4353945,2.510482,0.5899282,0.1363558,-3.272276,0.1240363,0.2534999,-0.06222839,0.9573299,15.60698,29.20387,356.6512,0.247412,0.0376117,-0.9681798,0.0,0.0,0.0,1.217774,-0.006692772,-2.525022,0.2296809,0.1383243,0.94814,0.8637308,-0.05625979,-0.5008032,0.1820326,0.9614852,0.2059376,0.469929,-0.2690371,0.8407056,moving,-3.946286452365464,7.88605095359963,13.61722194184822,8.300333287906195,0.6278457999999999,-0.14304857199999998,0.7472540000000003,-0.06817343680884119,0.13688418721055487,0.9882383629619609,-2.451392462272648,9.10305183394883,17.39375615956457,17.568393693395336,16.088652085631086
05/17/2023 13:14:30.264465,3880,True,True,True,True,Eyes,0.7775483,0.1330724,-3.353699,0.4411322,-0.1302196,0.8879444,0.0,0.0,0.0,0.0,0.0,0.0,0.0,-2.162252,0.4307813,2.483871,0.5808307,0.1356734,-3.267224,0.123823,0.2596069,-0.06224626,0.9557182,15.60471,29.9476,356.7449,0.2454439,0.03770696,-0.9686769,0.0,0.0,0.0,1.220702,-0.00669212,-2.525013,0.2360313,0.1416133,0.9457752,0.8574593,-0.05468918,-0.5116372,0.1832704,0.9615865,0.2043607,0.4808071,-0.2689989,0.8345443,moving,-3.9903195377817573,7.898399955289548,14.012721466525868,8.515776542488425,0.6398712999999999,-0.14236552,0.7422110000000002,-0.06893092101208048,0.13709003136310333,0.9881573108678848,-2.469283394869234,9.11069746068059,17.827335422277844,18.01362371243507,16.492738255061052
05/17/2023 13:14:30.284575,3881,True,True,True,True,Eyes,0.7692947,0.1330464,-3.349616,0.4517635,-0.1300673,0.8826054,0.0,0.0,0.0,0.0,0.0,0.0,0.0,-2.183527,0.4208055,2.457353,0.5716085,0.1351816,-3.261662,0.1230854,0.2657632,-0.06296428,0.9540732,15.56504,30.68585,356.7436,0.2434727,0.0377995,-0.9691706,0.0,0.0,0.0,1.223546,-0.006691487,-2.525004,0.2434533,0.1435294,0.9436666,0.8508108,-0.05472191,-0.522615,0.1855682,0.961771,0.2013978,0.4916151,-0.2683322,0.8284398,moving,-4.039211024713943,7.86423423108358,14.466106355880978,8.648266800129733,0.6519375000000001,-0.141873087,0.7366579999999998,-0.06977991918088022,0.13649269075792175,0.9881804302957389,-2.4984709500846725,9.100735414812775,18.326262020770724,18.521918864574307,16.970610213464866
05/17/2023 13:14:30.295351,3882,True,True,True,True,Eyes,0.7609993,0.1329784,-3.345479,0.462354,-0.1298425,0.8771373,0.0,0.0,0.0,0.0,0.0,0.0,0.0,-2.203101,0.4098755,2.432339,0.5621481,0.1342788,-3.25636,0.122069,0.2716686,-0.06368738,0.9524911,15.49432,31.39308,356.7282,0.2414973,0.03788856,-0.9696613,0.0,0.0,0.0,1.226681,-0.006690789,-2.524994,0.2489922,0.1462822,0.9422034,0.8442802,-0.05499872,-0.5330723,0.1876479,0.9620861,0.1979355,0.5019752,-0.2671429,0.8225906,moving,-4.056034861646307,7.804339029328123,14.802917318759306,8.825024491370224,0.6645328999999999,-0.140969589,0.731366,-0.07008013677048522,0.13545675163934065,0.9883017666882357,-2.5178880602261406,9.0787554518997,18.681242075175568,18.88655278644702,17.322663720600897
05/17/2023 13:14:30.315287,3883,True,True,True,True,Eyes,0.7526596,0.1328772,-3.341292,0.4728848,-0.1296221,0.8715377,0.0,0.0,0.0,0.0,0.0,0.0,0.0,-2.22262,0.3985361,2.406695,0.5527904,0.1331818,-3.250806,0.120778,0.2776597,-0.06402247,0.9509043,15.38178,32.11591,356.7484,0.2395159,0.03797336,-0.9701492,0.0,0.0,0.0,1.229461,-0.00669017,-2.524985,0.2519914,0.1469936,0.9407432,0.8376125,-0.05468817,-0.5435205,0.1888288,0.9626276,0.1941436,0.5125905,-0.2652495,0.8166356,moving,-4.080312880428253,7.703905769734729,14.995455002300414,8.880806297394829,0.6766705999999999,-0.13987196999999998,0.7258209999999998,-0.07051568044048973,0.13372002742965056,0.9885071463965085,-2.5486344555718423,9.041641304735712,18.903260961598352,19.112038488025004,17.54482666786454
05/17/2023 13:14:30.334722,3884,True,True,True,True,Eyes,0.7442771,0.1327329,-3.337047,0.4834805,-0.1293979,0.8657383,0.0,0.0,0.0,0.0,0.0,0.0,0.0,-2.243865,0.3846937,2.379738,0.543566,0.1322711,-3.245476,0.1194207,0.2839767,-0.06496763,0.9491445,15.2834,32.87089,356.7016,0.2375277,0.03805343,-0.9706348,0.0,0.0,0.0,1.232164,-0.006689568,-2.524977,0.2529508,0.1486898,0.9401447,0.8302729,-0.05550193,-0.5545869,0.1911528,0.9630358,0.1897965,0.523553,-0.2635936,0.8101918,moving,-4.137881877193948,7.611598149129215,15.059107092366215,8.987247525728426,0.688598,-0.138960668,0.7204990000000002,-0.07152437488576935,0.1321177941458986,0.9886501741054676,-2.5931429522754765,9.009840982886008,19.032901423737002,19.246215126739916,17.65226450353775
05/17/2023 13:14:30.344876,3885,True,True,True,True,Eyes,0.735819,0.1325304,-3.332739,0.4941183,-0.1292392,0.859735,0.0,0.0,0.0,0.0,0.0,0.0,0.0,-2.270838,0.3694079,2.346272,0.5340838,0.1310912,-3.239712,0.1182724,0.2915552,-0.06658196,0.946876,15.23646,33.77443,356.6058,0.2355319,0.03812805,-0.9711181,0.0,0.0,0.0,1.235162,-0.0066889,-2.524967,0.2518214,0.1499595,0.9409875,0.8211248,-0.05712385,-0.5678829,0.1950556,0.963157,0.1851539,0.5363837,-0.2628032,0.8020144,moving,-4.345297347491334,7.55382848413806,14.98207824799397,9.054740968372624,0.7010782000000001,-0.1377801,0.7147449999999997,-0.0751132672193279,0.131086210503285,0.9885212885618885,-2.6999927700321535,9.001173964647307,19.169155291911885,19.385566426965504,17.682152157200985
05/17/2023 13:14:30.364716,3886,True,True,True,True,Eyes,0.7273071,0.1323019,-3.328381,0.5048202,-0.1291281,0.8535119,0.0,0.0,0.0,0.0,0.0,0.0,0.0,-2.297976,0.3615988,2.310777,0.5242256,0.1294667,-3.234125,0.1179345,0.2992959,-0.06737705,0.9444436,15.25387,34.71593,356.6324,0.2335264,0.03819615,-0.9715996,0.0,0.0,0.0,1.238094,-0.006688247,-2.524958,0.2476647,0.1540119,0.941876,0.8117646,-0.05667303,-0.5812284,0.1978623,0.9631035,0.1824336,0.5494441,-0.2630963,0.7930269,moving,-4.569080637499987,7.564461271842611,14.732331539173549,9.28659814929889,0.7138684000000001,-0.136154947,0.7091670000000003,-0.07897209206776618,0.13123041068794106,0.9882014227698597,-2.801067493102211,9.019941292003711,19.153224513756523,19.378087300828643,17.53542664164608
05/17/2023 13:14:30.384615,3887,True,True,True,True,Eyes,0.7187505,0.1320543,-3.323987,0.5154957,-0.1290856,0.8471134,0.0,0.0,0.0,0.0,0.0,0.0,0.0,-2.325179,0.355336,2.273993,0.5143408,0.1286195,-3.228417,0.1180001,0.3071559,-0.06813461,0.941854,15.31548,35.67768,356.6799,0.23151,0.03825768,-0.9720796,0.0,0.0,0.0,1.240835,-0.006687637,-2.52495,0.2443442,0.1574591,0.9435505,0.8020259,-0.05585685,-0.5946719,0.2008346,0.9628673,0.1804219,0.5625123,-0.2641337,0.7834625,moving,-4.809189516449087,7.616002696359382,14.518521972933778,9.474178655486659,0.7264941999999999,-0.135307137,0.7034669999999998,-0.08310322935145159,0.1320747928994837,0.9877500309578979,-2.9017012311344983,9.055544447358102,19.184380519811143,19.41682902308976,17.425252683383796
05/17/2023 13:14:30.394972,3888,True,True,True,True,Eyes,0.7101337,0.1317952,-3.319556,0.5262343,-0.1290718,0.8404867,0.0,0.0,0.0,0.0,0.0,0.0,0.0,-2.353309,0.3508549,2.235203,0.5043788,0.1278333,-3.222818,0.1182523,0.3153203,-0.06854923,0.9390903,15.38651,36.68601,356.779,0.2294825,0.03831276,-0.9725581,0.0,0.0,0.0,1.243904,-0.006686954,-2.52494,0.2416167,0.1575911,0.9455811,0.7917482,-0.05417311,-0.6084407,0.2033226,0.9626348,0.1788693,0.5760162,-0.2653292,0.7731789,moving,-5.079418491041966,7.677604936007847,14.333626477928595,9.461983213332893,0.7395251999999999,-0.134520254,0.6978780000000002,-0.08774894925593946,0.13308348805213102,0.987212676195447,-3.0142587465016017,9.096999359237632,19.262131954562133,19.49487934827663,17.351724265148803
05/17/2023 13:14:30.414976,3889,True,True,True,True,Eyes,0.7014578,0.1315195,-3.31509,0.5368885,-0.1290102,0.8337308,0.0,0.0,0.0,0.0,0.0,0.0,0.0,-2.380153,0.3446431,2.197258,0.494244,0.1272985,-3.217354,0.1182608,0.3233486,-0.06904009,0.9363192,15.43279,37.67808,356.8596,0.2274421,0.03836174,-0.9730354,0.0,0.0,0.0,1.246703,-0.00668633,-2.524931,0.2386495,0.1548974,0.9478717,0.7813582,-0.05280818,-0.6218445,0.2057661,0.9624957,0.1768117,0.5891856,-0.2661078,0.7629201,moving,-5.3345289338313,7.717344973080655,14.13187007090217,9.281011425139265,0.7524589999999999,-0.13398483,0.6924229999999998,-0.0921357428171099,0.13371498034676924,0.9867275454406513,-3.1241048910815206,9.129037810190196,19.303103155430872,19.529099902063635,17.256644165892993
05/17/2023 13:14:30.434559,3890,True,True,True,True,Eyes,0.6927238,0.1312065,-3.310582,0.5476047,-0.1290108,0.8267317,0.0,0.0,0.0,0.0,0.0,0.0,0.0,-2.405937,0.3322996,2.160668,0.4842346,0.1267647,-3.211992,0.1177072,0.3312072,-0.07053272,0.9335266,15.45536,38.63485,356.8051,0.2253881,0.03840477,-0.9735116,0.0,0.0,0.0,1.249544,-0.006685698,-2.524922,0.2368197,0.1528189,0.9503368,0.7706538,-0.05371742,-0.634986,0.2096593,0.9623404,0.1730436,0.6017772,-0.2664874,0.7528936,moving,-5.560071143200865,7.720432054404066,13.992854855073777,9.135242552110345,0.7653094,-0.133450398,0.6870699999999998,-0.09601917891845388,0.13371884979596577,0.9863567226174765,-3.2274596209903574,9.145012425003765,19.383138692127854,19.604045598764156,17.220317247512032
05/17/2023 13:14:30.445030,3891,True,True,True,True,Eyes,0.6839375,0.1308639,-3.306051,0.5581434,-0.1289518,0.8196629,0.0,0.0,0.0,0.0,0.0,0.0,0.0,-2.432462,0.3165386,2.122224,0.4740385,0.1255725,-3.206309,0.1169944,0.3393742,-0.07294945,0.9304923,15.50004,39.62004,356.6477,0.2233197,0.03844139,-0.9739867,0.0,0.0,0.0,1.252471,-0.006685046,-2.524913,0.2355462,0.1527782,0.9527107,0.7590071,-0.05634804,-0.6486394,0.2151676,0.9619814,0.1682104,0.6145008,-0.2672391,0.7422749,moving,-5.835959362722566,7.73584250686894,13.88719989222141,9.110476073866595,0.7784324999999999,-0.132257546,0.6813959999999999,-0.10076472998957137,0.13392097389563792,0.9858557365376448,-3.351619997543781,9.169036617975358,19.549562779226264,19.77100474026039,17.23891935502601
05/17/2023 13:14:30.464604,3892,True,True,True,True,Eyes,0.675104,0.1305018,-3.301496,0.568712,-0.1288959,0.8123746,0.0,0.0,0.0,0.0,0.0,0.0,0.0,-2.456551,0.2992953,2.086142,0.4637187,0.1245705,-3.200883,0.1159807,0.3471344,-0.07534632,0.9275609,15.51371,40.55575,356.4744,0.2212356,0.03847137,-0.974461,0.0,0.0,0.0,1.255437,-0.006684386,-2.524904,0.2348855,0.1535867,0.9549247,0.7476413,-0.05925485,-0.661454,0.2202983,0.9617429,0.1628477,0.6264991,-0.2674689,0.7320924,moving,-6.05388709766218,7.721081395680467,13.818869874570225,9.136999683323904,0.7917182999999999,-0.131254886,0.6759790000000003,-0.10451811128522623,0.133614955738579,0.9855064640692703,-3.4549404862322275,9.177633628730225,19.699749580867717,19.923134649815896,17.27385815324664
05/17/2023 13:14:30.485133,3893,True,True,True,True,Eyes,0.6662892,0.1303079,-3.296831,0.5790551,-0.1287656,0.8050557,0.0,0.0,0.0,0.0,0.0,0.0,0.0,-2.480065,0.2829473,2.049903,0.4536907,0.1237426,-3.195581,0.1147927,0.3548571,-0.07706904,0.9246402,15.4847,41.49747,356.3678,0.2191355,0.0384948,-0.9749345,0.0,0.0,0.0,1.258212,-0.006683768,-2.524895,0.2338121,0.1544167,0.9573414,0.7362736,-0.06105223,-0.6739241,0.2239923,0.9617659,0.157587,0.6385363,-0.266981,0.7217982,moving,-6.275493824141895,7.672677788919709,13.724708192913237,9.162743510510072,0.8045213000000001,-0.130426368,0.6706859999999999,-0.10834206576140928,0.13272770742431103,0.9852133886373537,-3.5665075188130517,9.173506438970247,19.831101335489986,20.055632041341273,17.291219061421874
05/17/2023 13:14:30.494902,3894,True,True,True,True,Eyes,0.6574273,0.1304021,-3.292237,0.5895541,-0.1290161,0.7973586,0.0,0.0,0.0,0.0,0.0,0.0,0.0,-2.504633,0.2641524,2.009562,0.4456232,0.1275623,-3.188488,0.1143038,0.3629023,-0.07905375,0.9214049,15.54635,42.48505,356.2674,0.217021,0.03851742,-0.9754065,0.0,0.0,0.0,1.261125,-0.006683119,-2.524886,0.2334815,0.1543028,0.9598616,0.7241049,-0.06271882,-0.6868321,0.2286433,0.9613703,0.1532626,0.6506876,-0.2680177,0.7104731,moving,-6.52693577413301,7.690540244778709,13.671400197708733,9.132464947892332,0.8155018,-0.13424541899999998,0.663602,-0.11266089910866378,0.13297058148026647,0.9846960313481555,-3.678922784721385,9.196873082948315,20.02446988995079,20.249738834879956,17.350442530451613
05/17/2023 13:14:30.514788,3895,True,True,True,True,Eyes,0.6484538,0.1303036,-3.287503,0.6000326,-0.129429,0.789436,0.0,0.0,0.0,0.0,0.0,0.0,0.0,-2.53886,0.225658,1.964134,0.4355724,0.1346838,-3.185387,0.1144285,0.3728721,-0.08705375,0.9166756,15.94458,43.64892,355.5702,0.2148912,0.03854778,-0.9758767,0.0,0.0,0.0,1.264154,-0.006682445,-2.524876,0.2332119,0.1528944,0.9628393,0.706776,-0.07426567,-0.7035284,0.2449345,0.9586555,0.1448678,0.6636827,-0.2747075,0.6957449,moving,-7.056756681606333,7.948467420329341,13.615546227440554,9.022965571974321,0.8285815999999999,-0.141366245,0.6605110000000001,-0.12168980003946372,0.13725470778065219,0.983032513683125,-3.8729019420263073,9.33100594709266,20.47068498796865,20.700209028927144,17.491160860527007
05/17/2023 13:14:30.534387,3896,True,True,True,True,Eyes,0.6394969,0.1306088,-3.282811,0.6103159,-0.1301564,0.7813922,0.0,0.0,0.0,0.0,0.0,0.0,0.0,-2.575621,0.2543916,1.89509,0.4238084,0.1299868,-3.177011,0.1194649,0.3845513,-0.08522604,0.9113644,16.45724,45.20584,356.2057,0.2127442,0.03857958,-0.9763458,0.0,0.0,0.0,1.266858,-0.006681843,-2.524868,0.2327816,0.1509492,0.9657233,0.6897137,-0.06346317,-0.7212957,0.2472247,0.9569293,0.1522046,0.6805695,-0.2832997,0.675697,moving,-7.807919068850497,8.429733759418012,13.55226724784365,8.88384067163906,0.8430496000000001,-0.136668643,0.6521429999999997,-0.13441146395070042,0.1452661171979782,0.9802200110319435,-4.125412334678654,9.565720266374043,21.12498354086144,21.365012814684075,17.690825735506014
05/17/2023 13:14:30.546013,3897,True,True,True,True,Eyes,0.6304749,0.130859,-3.278064,0.6202934,-0.1306874,0.773406,0.0,0.0,0.0,0.0,0.0,0.0,0.0,-2.58817,0.2373521,1.872511,0.4152289,0.14007,-3.173204,0.1213971,0.3895371,-0.08977436,0.9085506,16.88979,45.80384,355.8917,0.2105808,0.03862466,-0.9768129,0.0,0.0,0.0,1.269919,-0.006681161,-2.524858,0.233577,0.1485566,0.9691272,0.6804028,-0.06855173,-0.729625,0.2577065,0.9544066,0.1506499,0.6860316,-0.2905317,0.6670471,moving,-7.749800868646525,8.801020628888534,13.55086540550873,8.714978686997354,0.8546901,-0.146751161,0.6483460000000001,-0.1332881141845465,0.15163823637794793,0.9794080167752525,-4.026328079273704,9.7049994611403,21.05990042601059,21.300840052418106,17.605052454756066
05/17/2023 13:14:30.564469,3898,True,True,True,True,Eyes,0.6214588,0.1312197,-3.273294,0.630115,-0.1310662,0.7653605,0.0,0.0,0.0,0.0,0.0,0.0,0.0,-2.607945,0.2180797,1.83283,0.4040517,0.1390977,-3.166322,0.120677,0.3974535,-0.0929874,0.9048875,16.99657,46.77633,355.6606,0.2083998,0.03868015,-0.9772782,0.0,0.0,0.0,1.272766,-0.006680527,-2.524849,0.2343719,0.1459816,0.9721001,0.6667681,-0.07235923,-0.7417442,0.2642133,0.9535808,0.1444819,0.6968584,-0.2923146,0.6549355,moving,-8.0306134857472,8.832942692651327,13.55523131567417,8.54036786636949,0.8687143,-0.14577822699999998,0.641473,-0.13807712632786567,0.15208317775122596,0.9786753144929208,-4.149543057656165,9.735709815899884,21.34895230852444,21.587827491899777,17.74508038828908
05/17/2023 13:14:30.584428,3899,True,True,True,True,Eyes,0.6124508,0.1315204,-3.268494,0.6397843,-0.1312277,0.7572683,0.0,0.0,0.0,0.0,0.0,0.0,0.0,-2.616326,0.1995851,1.811765,0.3951522,0.1420843,-3.160879,0.1185182,0.4022779,-0.09324891,0.903012,16.80232,47.37778,355.6233,0.2062025,0.03874842,-0.9777416,0.0,0.0,0.0,1.275544,-0.006679909,-2.524841,0.2344595,0.1439703,0.9752791,0.6589542,-0.07305528,-0.7486269,0.2637643,0.9545162,0.1390227,0.7044201,-0.2890706,0.6482518,moving,-7.889522095550185,8.636228796511627,13.517534960426454,8.397332949621006,0.8803918,-0.148764209,0.6360380000000001,-0.13573589374434586,0.14877078404046068,0.9795115920314984,-4.1228158610972905,9.650649990999497,21.180355845130315,21.408390014746576,17.684817802641994
05/17/2023 13:14:30.594549,3900,True,True,True,True,Eyes,0.603479,0.1317711,-3.263722,0.6490431,-0.1309976,0.7493882,0.0,0.0,0.0,0.0,0.0,0.0,0.0,-2.62406,0.1818764,1.79052,0.386308,0.1409035,-3.155257,0.1155251,0.4070199,-0.09315993,0.9012825,16.50371,47.96668,355.5804,0.2039901,0.03882642,-0.9782024,0.0,0.0,0.0,1.27852,-0.006679246,-2.524831,0.2349717,0.1422907,0.9788513,0.6513121,-0.07388478,-0.7552044,0.2619689,0.9559503,0.1324057,0.7121552,-0.2840774,0.6419775,moving,-7.755134191720313,8.356187877308772,13.4983559775372,8.270867383159187,0.8922120000000001,-0.147582746,0.6304260000000004,-0.13353284366150214,0.14402503466101862,0.9805232073832699,-4.115403776790695,9.533916476318936,21.03698208029221,21.253661424833318,17.658987108407796
05/17/2023 13:14:30.615115,3901,True,True,True,True,Eyes,0.5945508,0.1320069,-3.258923,0.6582534,-0.1307601,0.741353,0.0,0.0,0.0,0.0,0.0,0.0,0.0,-2.635106,0.1696853,1.763963,0.3772982,0.1400417,-3.149949,0.1136123,0.412527,-0.09288988,0.899047,16.3154,48.66787,355.6204,0.2017638,0.03891171,-0.9786606,0.0,0.0,0.0,1.281327,-0.006678621,-2.524822,0.2360593,0.1415638,0.9818516,0.642386,-0.07328843,-0.762869,0.260761,0.9569274,0.1276464,0.7206553,-0.2809247,0.6338275,moving,-7.727710262849291,8.187754147505656,13.51862475974085,8.20439174975319,0.9040288000000001,-0.146720321,0.625127,-0.13311920914101572,0.14114987609207685,0.980997452397014,-4.135560954665885,9.467206655668692,21.035152707677195,21.24634153688463,17.69929305722026
05/17/2023 13:14:30.634516,3902,True,True,True,True,Eyes,0.585663,0.1322746,-3.254116,0.6671461,-0.1303385,0.7334358,0.0,0.0,0.0,0.0,0.0,0.0,0.0,-2.649732,0.1594336,1.730971,0.3694081,0.1399149,-3.144316,0.1128683,0.418799,-0.09340217,0.8961831,16.29213,49.47113,355.6458,0.1995253,0.03900316,-0.9791159,0.0,0.0,0.0,1.284232,-0.006677974,-2.524813,0.2378447,0.1411,0.9847795,0.6317669,-0.07287262,-0.7717254,0.2619492,0.9570736,0.1240679,0.7295569,-0.2805348,0.6237363,moving,-7.839295798278866,8.181772862635858,13.578092775082709,8.15388954165729,0.9148239,-0.146592874,0.6195029999999999,-0.13503219579717335,0.1410106393335193,0.9807560459880155,-4.188157100847472,9.472216278630745,21.206335328341,21.417406724016512,17.815095285723515
05/17/2023 13:14:30.645227,3903,True,True,True,True,Eyes,0.5768027,0.1325608,-3.249274,0.6760125,-0.1298615,0.7253572,0.0,0.0,0.0,0.0,0.0,0.0,0.0,-2.663791,0.1481205,1.698086,0.3610604,0.1410039,-3.138626,0.1120558,0.4251358,-0.09379624,0.8932555,16.25669,50.28619,355.6815,0.1972763,0.03910113,-0.9795676,0.0,0.0,0.0,1.287207,-0.006677312,-2.524804,0.2393954,0.1415653,0.9880686,0.6209236,-0.07229012,-0.7805306,0.2628459,0.9572915,0.1204367,0.738489,-0.2799412,0.6134061,moving,-7.955328670155646,8.167727022598216,13.61952514017759,8.153550609042409,0.9261466,-0.14768121199999998,0.6138219999999999,-0.1370235915223269,0.14073135039330034,0.980519861763718,-4.24437341613566,9.474409464589465,21.36256170873529,21.574858467854476,17.912664228040665
05/17/2023 13:14:30.664609,3904,True,True,True,True,Eyes,0.5768027,0.1325608,-3.249274,0.6760125,-0.1298615,0.7253572,0.0,0.0,0.0,0.0,0.0,0.0,0.0,-2.678053,0.1443362,1.663168,0.3528568,0.1416961,-3.132785,0.1116145,0.4316031,-0.09259091,0.8903302,16.181,51.14331,355.9083,0.1950176,0.03920563,-0.9800156,0.0,0.0,0.0,1.290205,-0.006676645,-2.524795,0.2416574,0.1423993,0.9912717,0.6102915,-0.06852666,-0.7892075,0.2612193,0.9579383,0.1188225,0.7478696,-0.2786725,0.602522,moving,-8.769545462288919,8.046798194506161,13.700622352719328,8.17479293226376,0.9373482,-0.148372745,0.60799,-0.15099381171567033,0.13837695329016306,0.978801647195204,-4.643205520435407,9.481179198080682,22.251465627432395,22.4705323543419,18.39028727658825
05/17/2023 13:14:30.685184,3905,True,True,True,True,Eyes,0.5677241,0.1328563,-3.244238,0.6847296,-0.1292333,0.7172477,0.0,0.0,0.0,0.0,0.0,0.0,0.0,-2.689508,0.1537283,1.631168,0.3451916,0.1414295,-3.127081,0.1123545,0.4371733,-0.08981761,0.8877999,16.14256,51.91485,356.3445,0.1929842,0.03929948,-0.9804143,0.0,0.0,0.0,1.292921,-0.00667604,-2.524786,0.2431291,0.1433436,0.994863,0.6016247,-0.06124338,-0.7964276,0.2577169,0.9586185,0.1209649,0.756062,-0.2780283,0.592512,moving,-8.792844397722357,8.103814428809121,13.733027524107152,8.19896478381739,0.9477294,-0.14810554,0.6022949999999998,-0.15137113253489598,0.1393427870361246,0.9786064081317107,-4.642842198283587,9.504679800424169,22.304490114168825,22.526072880746995,18.422200730609497
05/17/2023 13:14:30.695003,3906,True,True,True,True,Eyes,0.5587317,0.1331765,-3.239187,0.6932853,-0.1286256,0.7090917,0.0,0.0,0.0,0.0,0.0,0.0,0.0,-2.698013,0.1653161,1.604017,0.3377593,0.1422142,-3.121724,0.1136434,0.4418682,-0.08719686,0.88557,16.16101,52.57741,356.7766,0.1909131,0.0394009,-0.9808156,0.0,0.0,0.0,1.295788,-0.006675401,-2.524777,0.2433701,0.1449054,0.9986116,0.5942984,-0.05400701,-0.8024293,0.2548687,0.9589638,0.1242194,0.7627919,-0.2783374,0.5836752,moving,-8.717015163105282,8.224461602491907,13.6964706592018,8.256384045059484,0.9580287,-0.148889601,0.5969470000000001,-0.15003093822214136,0.14143234132269145,0.9785130053221089,-4.584399023728023,9.546204799925514,22.188521256420458,22.413508555090164,18.32631534007712
05/17/2023 13:14:30.714722,3907,True,True,True,True,Eyes,0.5498909,0.13354,-3.234192,0.7013606,-0.1280316,0.7012141,0.0,0.0,0.0,0.0,0.0,0.0,0.0,-2.705598,0.1777891,1.577542,0.3308418,0.1430754,-3.11618,0.1152314,0.4463081,-0.08477765,0.8833706,16.21593,53.20973,357.199,0.18881,0.03950989,-0.9812183,0.0,0.0,0.0,1.298699,-0.006674754,-2.524768,0.2434595,0.1464126,1.00306,0.5872436,-0.0469227,-0.8080491,0.2526376,0.959069,0.1279102,0.7689729,-0.279258,0.5750616,moving,-8.644699608753331,8.378518351588687,13.642824958106932,8.304584647203999,0.9678572000000001,-0.149750154,0.591412,-0.14873814031031496,0.1440913030650959,0.9783223690930111,-4.521069871440835,9.600835734495066,22.058964825101594,22.28764719549921,18.210089023949752
05/17/2023 13:14:30.734726,3908,True,True,True,True,Eyes,0.541157,0.1339367,-3.229197,0.7092518,-0.1274793,0.6933332,0.0,0.0,0.0,0.0,0.0,0.0,0.0,-2.71127,0.188298,1.554976,0.3246791,0.1445547,-3.110961,0.1168226,0.4500672,-0.08290683,0.8814299,16.29418,53.74815,357.552,0.1866811,0.03962695,-0.9816208,0.0,0.0,0.0,1.301573,-0.006674113,-2.524759,0.2437079,0.1474362,1.007406,0.5811319,-0.04099703,-0.8127761,0.2513092,0.9589579,0.1313146,0.7740346,-0.2805692,0.5675839,moving,-8.495696574671934,8.54779671171958,13.599502410594065,8.326259029776583,0.9768939000000001,-0.15122881300000002,0.5862020000000001,-0.14612935213011174,0.1470388902488604,0.9782769501293527,-4.419430349938159,9.656305805201333,21.86518982140352,22.09630958198722,18.0679540140382
05/17/2023 13:14:30.744838,3909,True,True,True,True,Eyes,0.5325639,0.1343464,-3.224247,0.716727,-0.1270295,0.6856865,0.0,0.0,0.0,0.0,0.0,0.0,0.0,-2.716213,0.1934555,1.534207,0.3185331,0.145717,-3.105854,0.1178473,0.4536512,-0.08188473,0.8795496,16.35568,54.24862,357.7829,0.1845311,0.03975232,-0.9820221,0.0,0.0,0.0,1.304583,-0.006673443,-2.52475,0.2445742,0.1485199,1.012155,0.574991,-0.03712026,-0.8173172,0.2509665,0.9588138,0.1330108,0.7787178,-0.2815992,0.5606252,moving,-8.35023555373586,8.675834036945746,13.58439068559685,8.347798349010457,0.9860499,-0.15239044300000001,0.5811039999999998,-0.14359649216918385,0.14928059133255372,0.9783125345050061,-4.327453818568403,9.696114320568961,21.704174391482614,21.937079014120865,17.96252013222406
05/17/2023 13:14:30.764564,3910,True,True,True,True,Eyes,0.5240786,0.1347631,-3.219283,0.7240761,-0.1266451,0.6779932,0.0,0.0,0.0,0.0,0.0,0.0,0.0,-2.721483,0.1891934,1.514314,0.3127747,0.1465212,-3.100986,0.1181861,0.4572369,-0.08267283,0.8775714,16.44147,54.72165,357.7877,0.1823648,0.03988555,-0.9824213,0.0,0.0,0.0,1.3075,-0.006672794,-2.52474,0.245171,0.1488441,1.016885,0.5681992,-0.03702452,-0.8220577,0.2531807,0.9583945,0.1318313,0.7829745,-0.2830356,0.5539328,moving,-8.21491672852249,8.792663986585335,13.555312609992669,8.327396838370566,0.9947253,-0.153193994,0.5762459999999998,-0.1412410950657183,0.1513269219022492,0.978340980928269,-4.242334271344857,9.732268511193134,21.5422125808544,21.77520054949561,17.85300811991869
05/17/2023 13:14:30.784306,3911,True,True,True,True,Eyes,0.515703,0.1351589,-3.214317,0.7311396,-0.1263095,0.6704333,0.0,0.0,0.0,0.0,0.0,0.0,0.0,-2.727366,0.170485,1.493556,0.3069304,0.1471642,-3.095551,0.1170668,0.4612543,-0.08541575,0.8753536,16.48393,55.2129,357.517,0.1801866,0.04002608,-0.9828174,0.0,0.0,0.0,1.310305,-0.006672169,-2.524732,0.244599,0.1495515,1.021994,0.5598972,-0.04154283,-0.82752,0.2575331,0.9579991,0.1261529,0.7875227,-0.2837465,0.5470796,moving,-8.153855215460807,8.822854769574194,13.45970478491549,8.325178433126704,1.0033746000000001,-0.153836369,0.5708189999999997,-0.14018666367106464,0.15186540712716967,0.9784092250557407,-4.208311362948098,9.739900890075416,21.3873119775857,21.619289017581636,17.724565840419437
05/17/2023 13:14:30.795334,3912,True,True,True,True,Eyes,0.5074202,0.1355273,-3.209312,0.7380726,-0.1259437,0.6628627,0.0,0.0,0.0,0.0,0.0,0.0,0.0,-2.731927,0.1462366,1.474896,0.3009367,0.1471785,-3.089969,0.115056,0.4650736,-0.0886898,0.8732712,16.46591,55.66222,357.1381,0.1779997,0.0401726,-0.9832098,0.0,0.0,0.0,1.313378,-0.006671485,-2.524722,0.2417369,0.1517016,1.027637,0.5516813,-0.04788149,-0.8326795,0.2619195,0.9577925,0.1184556,0.7918622,-0.2834448,0.5409374,moving,-8.068377771371598,8.782512568217236,13.237347896381639,8.39745563075481,1.0124412999999999,-0.153849985,0.5652469999999998,-0.13874100577091675,0.15120754909207582,0.9787170928858765,-4.176768907459274,9.718750269716358,21.078818548282147,21.30920493764718,17.464171425543295
05/17/2023 13:14:30.814498,3913,True,True,True,True,Eyes,0.4992537,0.1358533,-3.20429,0.7447278,-0.1255458,0.6554531,0.0,0.0,0.0,0.0,0.0,0.0,0.0,-2.734818,0.1234355,1.457584,0.2949302,0.1469415,-3.083901,0.1127076,0.4686351,-0.09117898,0.8714153,16.37302,56.08348,356.8171,0.1758069,0.04032375,-0.9835981,0.0,0.0,0.0,1.316145,-0.006670869,-2.524713,0.2382368,0.1549968,1.033515,0.5441352,-0.05327203,-0.8373047,0.264547,0.9579668,0.110971,0.7961985,-0.2818896,0.5353563,moving,-7.958098777736217,8.67929704342713,12.980580335739317,8.529114668368745,1.0212147999999999,-0.153612369,0.5591879999999998,-0.13689329689837243,0.14948299683775818,0.9792420891744731,-4.146037684203865,9.67174330275494,20.71045997309154,20.93921769701234,17.164691811889945
05/17/2023 13:14:30.834600,3914,True,True,True,True,Eyes,0.4911917,0.1361371,-3.199205,0.751259,-0.1251151,0.6480401,0.0,0.0,0.0,0.0,0.0,0.0,0.0,-2.736467,0.1031556,1.442117,0.289309,0.1463462,-3.077902,0.1104454,0.4717931,-0.0932666,0.8697785,16.26803,56.45791,356.5345,0.1736115,0.0404778,-0.9839816,0.0,0.0,0.0,1.31891,-0.006670253,-2.524705,0.2343643,0.1582842,1.039646,0.5374253,-0.05802783,-0.8413125,0.2664573,0.9582063,0.1041209,0.800109,-0.2801311,0.5304263,moving,-7.798409262871336,8.575686208639588,12.703668893641522,8.656700010620593,1.029601,-0.153016453,0.5531969999999999,-0.13419850062108224,0.14776690298806214,0.9798752723430622,-4.092609372622109,9.621344996812837,20.27600341695887,20.50223821859148,16.823956239456457
05/17/2023 13:14:30.845328,3915,True,True,True,True,Eyes,0.4832465,0.136382,-3.194074,0.7575775,-0.1246711,0.6407288,0.0,0.0,0.0,0.0,0.0,0.0,0.0,-2.738203,0.08286676,1.424597,0.2838102,0.1456614,-3.071211,0.1082335,0.4751867,-0.09538008,0.867978,16.17281,56.86611,356.2561,0.1714165,0.04063328,-0.98436,0.0,0.0,0.0,1.321911,-0.006669585,-2.524695,0.2298,0.1616184,1.046373,0.5302005,-0.06271334,-0.8455499,0.2684379,0.9583762,0.09724199,0.8042566,-0.2785354,0.5249662,moving,-7.684500948016209,8.481054932584499,12.386417769758804,8.780282783519343,1.0381008,-0.152330985,0.546516,-0.13228158273305846,0.14618632840736873,0.9803729326574199,-4.058533821626384,9.577408372896695,19.849351504485398,20.0731491172239,16.464259535376694
05/17/2023 13:14:30.864819,3916,True,True,True,True,Eyes,0.4754091,0.1365789,-3.188864,0.7638007,-0.1242369,0.6333827,0.0,0.0,0.0,0.0,0.0,0.0,0.0,-2.740393,0.06568754,1.405862,0.2785772,0.1450496,-3.064616,0.1064975,0.4786594,-0.09724524,0.8660756,16.1149,57.29473,356.0313,0.1692248,0.04078888,-0.9847327,0.0,0.0,0.0,1.324826,-0.006668936,-2.524686,0.2253253,0.1644345,1.053467,0.5228571,-0.0664914,-0.8498232,0.2703955,0.9584033,0.09137509,0.8083977,-0.2775645,0.5190869,moving,-7.587833501153728,8.429419836046998,12.073038600191103,8.87164828189592,1.0462488,-0.15171853600000001,0.53993,-0.13064391549847065,0.1453345919633149,0.9807191162730924,-4.024032666973996,9.551172087031857,19.44454179144527,19.665844954737068,16.1114076350249
05/17/2023 13:14:30.884418,3917,True,True,True,True,Eyes,0.4676925,0.1367467,-3.183606,0.7698623,-0.1238331,0.6260809,0.0,0.0,0.0,0.0,0.0,0.0,0.0,-2.743234,0.05492727,1.383785,0.2733879,0.1441132,-3.057401,0.1055271,0.4824462,-0.09835555,0.8639652,16.09591,57.78362,355.9338,0.1670384,0.04094328,-0.9850996,0.0,0.0,0.0,1.327598,-0.006668319,-2.524678,0.2206739,0.1673464,1.06055,0.5151438,-0.06812925,-0.8543918,0.2717739,0.9583804,0.087441,0.812875,-0.2772461,0.5122195,moving,-7.543864140622084,8.42622249774086,11.754100354061148,8.966888294987303,1.0542101000000001,-0.150781519,0.5327229999999998,-0.12989203492975238,0.14529433435082362,0.9808249113012315,-4.004389101368999,9.547057566416287,19.085307136935814,19.305536851959513,15.769165681811247
05/17/2023 13:14:30.895060,3918,True,True,True,True,Eyes,0.4600939,0.1368942,-3.178276,0.7758622,-0.1234622,0.6187042,0.0,0.0,0.0,0.0,0.0,0.0,0.0,-2.746278,0.04922204,1.361589,0.2684286,0.1436365,-3.050525,0.1052045,0.4861447,-0.09883367,0.8618743,16.10754,58.27563,355.9368,0.1648597,0.04109575,-0.9854603,0.0,0.0,0.0,1.330595,-0.006667651,-2.524668,0.2154447,0.1717498,1.06766,0.5077906,-0.06807519,-0.8587867,0.2726536,0.9583278,0.0852512,0.8171957,-0.2774411,0.5051907,moving,-7.489872641732275,8.464619735152977,11.408595209772628,9.13862941310875,1.0621664,-0.150304151,0.5258569999999998,-0.12895476416119372,0.1459696216796131,0.9808483540599744,-3.972026915901403,9.558316061509215,18.688745533520297,18.9104832349769,15.386346995164875
05/17/2023 13:14:30.914846,3919,True,True,True,True,Eyes,0.4526149,0.1370126,-3.17288,0.7816383,-0.1230405,0.6114758,0.0,0.0,0.0,0.0,0.0,0.0,0.0,-2.75104,0.04437338,1.3348,0.2637318,0.1432915,-3.04332,0.1051094,0.4904792,-0.09914654,0.8593906,16.13603,58.85958,355.9824,0.1626911,0.04124596,-0.9858143,0.0,0.0,0.0,1.333438,-0.006667018,-2.524659,0.2107235,0.1755027,1.075039,0.4992002,-0.06730324,-0.8638688,0.2735192,0.9582439,0.08340144,0.8221839,-0.2779187,0.4967643,moving,-7.537943080385771,8.519188591020743,11.09020933911508,9.271881672360005,1.0697062,-0.14995851799999999,0.5186609999999998,-0.12975980782351276,0.14688817068945798,0.9806050725128288,-3.9835577089937995,9.582497315181614,18.4197893160985,18.643352955915717,15.076967039103673
05/17/2023 13:14:30.934797,3920,True,True,True,True,Eyes,0.4452477,0.1371074,-3.167398,0.7873721,-0.1226726,0.6041494,0.0,0.0,0.0,0.0,0.0,0.0,0.0,-2.756369,0.03913084,1.306238,0.2591347,0.1427355,-3.036088,0.1050573,0.4950633,-0.09961393,0.8567103,16.17891,59.47835,356.0199,0.1605344,0.04139334,-0.9861616,0.0,0.0,0.0,1.336322,-0.006666376,-2.52465,0.2056637,0.1780097,1.082686,0.4899788,-0.06666055,-0.8691819,0.2747006,0.9580801,0.08137687,0.8273213,-0.2786376,0.4877506,moving,-7.619942273474557,8.581372419858125,10.755584876379272,9.336746230100273,1.0771873,-0.149401876,0.5114380000000001,-0.13114256856104833,0.14792518713505945,0.9802650936822134,-4.009244000827293,9.611837398260406,18.167542997910637,18.39104639840308,14.767391337808874
05/17/2023 13:14:30.944670,3921,True,True,True,True,Eyes,0.4379874,0.137178,-3.161825,0.7929163,-0.1222532,0.5969403,0.0,0.0,0.0,0.0,0.0,0.0,0.0,-2.760881,0.03310838,1.277746,0.2545306,0.1422701,-3.028395,0.1050003,0.4996047,-0.1002759,0.8539993,16.23258,60.09142,356.0372,0.1583917,0.04153753,-0.986502,0.0,0.0,0.0,1.339212,-0.006665733,-2.524641,0.1995193,0.1770129,1.089068,0.4806798,-0.06635375,-0.8743821,0.2761884,0.9578394,0.07914381,0.8322662,-0.279537,0.4787401,moving,-7.712598247536275,8.654178497538915,10.381570585026147,9.231903172676178,1.0846814,-0.14893583300000002,0.5037540000000003,-0.13270315363477164,0.149139439637829,0.9798709741797236,-4.037773809497951,9.645969734593267,17.88504625448577,18.10338950422091,14.425288346705287
05/17/2023 13:14:30.965025,3922,True,True,True,True,Eyes,0.4308303,0.1372092,-3.156156,0.7983862,-0.1218524,0.5896876,0.0,0.0,0.0,0.0,0.0,0.0,0.0,-2.76439,0.02698356,1.250439,0.2499324,0.1417689,-3.020532,0.1047992,0.5039557,-0.1008249,0.851399,16.26465,60.6798,356.0544,0.1562646,0.04167821,-0.9868352,0.0,0.0,0.0,1.342199,-0.006665068,-2.524632,0.1864194,0.1822815,1.100259,0.4717261,-0.06605606,-0.8792674,0.2773127,0.9577029,0.07682935,0.837002,-0.2800744,0.4700916,moving,-7.779206801407224,8.706391710357462,9.616428504664022,9.406832484887573,1.0922665999999999,-0.148433968,0.49590000000000023,-0.13382439741055552,0.15000951815142005,0.979585714703742,-4.058307791597334,9.670458377934917,17.194288807894917,17.409731329933177,13.677277191889207
05/17/2023 13:14:30.984549,3923,True,True,True,True,Eyes,0.4238016,0.1371944,-3.150423,0.8036494,-0.1213973,0.5825894,0.0,0.0,0.0,0.0,0.0,0.0,0.0,-2.765882,0.02265814,1.226417,0.2453158,0.1408475,-3.012424,0.1045488,0.5077494,-0.1010647,0.8491443,16.27125,61.19572,356.0894,0.1541539,0.04181467,-0.9871615,0.0,0.0,0.0,1.34495,-0.006664455,-2.524623,0.1734319,0.1962597,1.10643,0.4639529,-0.06546786,-0.8834375,0.2778062,0.957711,0.07492291,0.8411727,-0.2801851,0.4625202,moving,-7.783113677206034,8.743602541358863,8.908571493791232,10.05856129091831,1.0996342000000001,-0.14751195499999997,0.48780100000000015,-0.13387812088808854,0.15064458254897461,0.9794809493074018,-4.052862866150819,9.685055041131118,16.51959495154303,16.74340080033722,12.96681485892802
05/17/2023 13:14:30.995090,3924,True,True,True,True,Eyes,0.4168913,0.1371376,-3.14459,0.8088357,-0.1209507,0.5754614,0.0,0.0,0.0,0.0,0.0,0.0,0.0,-2.766654,0.01627275,1.203571,0.2410786,0.1397977,-3.004257,0.1040248,0.5113492,-0.1015813,0.8469841,16.26628,61.68027,356.0763,0.1520613,0.04194595,-0.9874803,0.0,0.0,0.0,1.34812,-0.006663749,-2.524613,0.1715721,0.1980785,1.115264,0.4564064,-0.0656895,-0.8873433,0.2784615,0.9577202,0.07232768,0.8450754,-0.2801018,0.4554016,moving,-7.763123278221405,8.764818986232044,8.745812115971603,10.071103013282878,1.1070414,-0.146461449,0.47964399999999996,-0.13352875152414095,0.1510144542710811,0.9794716899597211,-4.0395177367383415,9.691921151374249,16.338587946290232,16.560535190897873,12.790951423838516
05/17/2023 13:14:31.015346,3925,True,True,True,True,Eyes,0.4101095,0.1370195,-3.138669,0.8138437,-0.120418,0.5684697,0.0,0.0,0.0,0.0,0.0,0.0,0.0,-2.766805,0.007187977,1.181404,0.2370838,0.1387485,-2.995916,0.1031711,0.5148588,-0.1024283,0.8448577,16.2484,62.1464,356.0079,0.1499884,0.04207138,-0.987792,0.0,0.0,0.0,1.350863,-0.006663139,-2.524605,0.1658605,0.2038821,1.122685,0.4488578,-0.06683759,-0.8911,0.2793119,0.9577283,0.06885761,0.8488294,-0.2798021,0.4485523,moving,-7.74491221714925,8.771310891522367,8.403835915691376,10.292868846405531,1.1137792,-0.145411639,0.4713109999999996,-0.13321499357032607,0.15113185413707597,0.9794961922973093,-4.029859882206678,9.693229261175947,15.997946927093235,16.220271417827504,12.448146802911749
05/17/2023 13:14:31.034902,3926,True,True,True,True,Eyes,0.4034412,0.136834,-3.132641,0.8187757,-0.1199147,0.5614507,0.0,0.0,0.0,0.0,0.0,0.0,0.0,-2.766808,-0.003766567,1.158939,0.2333547,0.1371936,-2.987491,0.1020303,0.5184014,-0.1035356,0.8426921,16.21881,62.61246,355.8964,0.1479366,0.04218975,-0.9880964,0.0,0.0,0.0,1.353696,-0.006662508,-2.524595,0.1661645,0.1993063,1.130688,0.4410805,-0.06871195,-0.8948333,0.2802826,0.9577404,0.06461427,0.8525782,-0.2793064,0.4416994,moving,-7.733196299477995,8.758635240192154,8.36027387014316,9.996830034388372,1.1203413,-0.143856108,0.46289599999999975,-0.13301908843744936,0.15091917733856686,0.9795557129330572,-4.026928030048554,9.68757622479922,15.927077317037378,16.141031827267444,12.391061650837615
05/17/2023 13:14:31.044606,3927,True,True,True,True,Eyes,0.3968931,0.1365866,-3.126494,0.8235493,-0.1193383,0.5545494,0.0,0.0,0.0,0.0,0.0,0.0,0.0,-2.765784,-0.01549722,1.137714,0.2294911,0.1354254,-2.97879,0.1009407,0.521748,-0.1050706,0.8405655,16.22054,63.04947,355.7411,0.1459071,0.04229973,-0.9883934,0.0,0.0,0.0,1.35642,-0.006661901,-2.524587,0.1664639,0.1965781,1.137666,0.4334784,-0.07130621,-0.8983385,0.2819687,0.9575423,0.0600538,0.8559149,-0.2793353,0.43518,moving,-7.713318274225874,8.777358596512316,8.324476468465338,9.80337724427074,1.1269289,-0.142087301,0.45420300000000013,-0.1326725277549512,0.15124636431743996,0.979552272253813,-4.014120147668091,9.693488898426402,15.861649083490075,16.070581024786936,12.339085942816498
05/17/2023 13:14:31.064423,3928,True,True,True,True,Eyes,0.390465,0.1362879,-3.120232,0.8282346,-0.1187452,0.5476561,0.0,0.0,0.0,0.0,0.0,0.0,0.0,-2.764313,-0.02654211,1.116497,0.2259657,0.1336949,-2.969808,0.09986647,0.5250241,-0.1064246,0.8384809,16.21385,63.47987,355.6037,0.1439009,0.04240037,-0.9886831,0.0,0.0,0.0,1.359368,-0.006661245,-2.524578,0.1645436,0.1955278,1.145324,0.426047,-0.07360543,-0.9017019,0.2833346,0.9574009,0.05572127,0.8591889,-0.2792233,0.4287528,moving,-7.686877275800979,8.791463390959008,8.17548904192907,9.68804177536822,1.1334023,-0.14035614500000002,0.44523,-0.1322153410224141,0.1514968428169116,0.9795754127387257,-3.999186613639631,9.697191419581962,15.68355273120561,15.88768447563227,12.174679093688114
05/17/2023 13:14:31.084606,3929,True,True,True,True,Eyes,0.3841606,0.1359309,-3.113842,0.8327807,-0.1180024,0.5408804,0.0,0.0,0.0,0.0,0.0,0.0,0.0,-2.761766,-0.03430799,1.097354,0.2224805,0.1321716,-2.960701,0.09880447,0.5279468,-0.1069184,0.8367069,16.1549,63.86995,355.546,0.1419189,0.0424911,-0.9889656,0.0,0.0,0.0,1.362338,-0.006660584,-2.524569,0.1597067,0.1967044,1.152077,0.4196811,-0.07459167,-0.9046015,0.2832457,0.9576123,0.0524463,0.8623455,-0.2782352,0.4230196,moving,-7.6141371673616325,8.775453449713892,7.892329854417022,9.689188945452708,1.1398575,-0.138832184,0.43613199999999974,-0.13097663523031028,0.15124818111916694,0.97978006538932,-3.9687770316325257,9.686253093543158,15.334254544249488,15.53336512329772,11.861107249389427
05/17/2023 13:14:31.099750,3930,True,True,True,True,Eyes,0.3779731,0.1355214,-3.107331,0.8372167,-0.1172003,0.5341651,0.0,0.0,0.0,0.0,0.0,0.0,0.0,-2.758016,-0.04085839,1.080489,0.219299,0.130364,-2.951388,0.09750388,0.5304717,-0.1069296,0.8352596,16.0412,64.20657,355.5133,0.1399624,0.04257121,-0.9892409,0.0,0.0,0.0,1.365269,-0.006659931,-2.524559,0.1549135,0.1965508,1.159606,0.4143316,-0.07518189,-0.9070154,0.2820741,0.9581181,0.04943582,0.8653112,-0.2763284,0.4181854,moving,-7.485700330135456,8.715864546273872,7.609176123822164,9.62008370918643,1.1459700000000002,-0.13702393100000002,0.4268290000000001,-0.1287993892993226,0.15027234119890143,0.9802188571557438,-3.9211816395515466,9.65486894829085,14.930869111345954,15.121934646559694,11.530410233996532
05/17/2023 13:14:31.114446,3931,True,True,True,True,Eyes,0.3719338,0.1350436,-3.100724,0.8415281,-0.1163045,0.527545,0.0,0.0,0.0,0.0,0.0,0.0,0.0,-2.752978,-0.05038306,1.066125,0.21596,0.1287005,-2.941912,0.09579579,0.5326964,-0.1073236,0.83399,15.91001,64.49368,355.4104,0.1380324,0.04264019,-0.9895092,0.0,0.0,0.0,1.368121,-0.006659296,-2.52455,0.1497498,0.1953631,1.167102,0.4094322,-0.07695355,-0.9090894,0.2810739,0.9586096,0.04544363,0.8679648,-0.2741273,0.4141153,moving,-7.325744457518575,8.639285752758127,7.311619920782231,9.50273186518713,1.152161,-0.135359796,0.4173619999999998,-0.126086629829832,0.1490144482997649,0.9807634081729047,-3.862366901557973,9.61487096937812,14.481490320312782,14.662809251034336,11.174549507005699
05/17/2023 13:14:31.134322,3932,True,True,True,True,Eyes,0.3660238,0.1345133,-3.093985,0.8457206,-0.1153359,0.5210128,0.0,0.0,0.0,0.0,0.0,0.0,0.0,-2.747364,-0.06333189,1.052847,0.2133166,0.1266493,-2.932399,0.0936843,0.5347128,-0.1082938,0.8328133,15.77469,64.74291,355.2202,0.1361302,0.04269706,-0.9897702,0.0,0.0,0.0,1.370885,-0.006658681,-2.524542,0.1462725,0.1952644,1.173672,0.4047093,-0.08018863,-0.9109227,0.2805654,0.9589914,0.04023089,0.8703411,-0.2718552,0.4106109,moving,-7.148784581792501,8.55540766486742,7.104034361875341,9.445811059685104,1.1575684,-0.133307981,0.40785700000000036,-0.12308267020947544,0.1476346166818493,0.9813535128119317,-3.7971360721339553,9.570945282077236,14.106709738017981,14.280604540651623,10.901888616424776
05/17/2023 13:14:31.144864,3933,True,True,True,True,Eyes,0.3602633,0.1339398,-3.087123,0.8498241,-0.1142571,0.5145331,0.0,0.0,0.0,0.0,0.0,0.0,0.0,-2.740153,-0.08064975,1.041981,0.2105562,0.1249048,-2.922453,0.09093599,0.5364478,-0.1097016,0.8318173,15.60373,64.94314,354.9406,0.1342571,0.04274148,-0.9900241,0.0,0.0,0.0,1.373923,-0.006658004,-2.524532,0.1446258,0.1955056,1.18038,0.4003785,-0.08493853,-0.9124047,0.2800682,0.9593924,0.03358586,0.8725014,-0.2689826,0.4079087,moving,-6.937968215077683,8.437116570545827,6.985336263375273,9.404486267976624,1.1633668,-0.131562804,0.39792099999999975,-0.1195061528238146,0.1456723521801187,0.9820885103107523,-3.7230011435362442,9.511537898423118,13.789769661951688,13.956869696719801,10.708872493023799
05/17/2023 13:14:31.164823,3934,True,True,True,True,Eyes,0.3546472,0.1333306,-3.080125,0.8538367,-0.1131028,0.508105,0.0,0.0,0.0,0.0,0.0,0.0,0.0,-2.732518,-0.1009524,1.031094,0.2083139,0.1233743,-2.912281,0.0878327,0.5381552,-0.1114409,0.830816,15.41988,65.1348,354.6049,0.1324138,0.04277342,-0.9902709,0.0,0.0,0.0,1.376742,-0.006657376,-2.524523,0.1431359,0.1963088,1.186322,0.3959398,-0.0906385,-0.9137923,0.279709,0.9597328,0.02600063,0.8746397,-0.2658906,0.4053487,moving,-6.730292457385951,8.306206707347256,6.879776963941831,9.39597913671368,1.1684280999999999,-0.130031676,0.38775800000000027,-0.11598307275398273,0.14348844027330782,0.9828321519986045,-3.6527708863997965,9.447473285180722,13.492551317258918,13.653629319751168,10.532673728311458
05/17/2023 13:14:31.184580,3935,True,True,True,True,Eyes,0.3491797,0.132653,-3.072986,0.8578107,-0.1118639,0.5016447,0.0,0.0,0.0,0.0,0.0,0.0,0.0,-2.725467,-0.1221952,1.017678,0.2062192,0.1219642,-2.901959,0.08460341,0.540233,-0.1131794,0.8295667,15.22765,65.37936,354.268,0.1306027,0.04279307,-0.9905106,0.0,0.0,0.0,1.379659,-0.006656727,-2.524514,0.142631,0.1971297,1.191874,0.3906773,-0.09636851,-0.9154695,0.2791908,0.9600654,0.01808189,0.877168,-0.2626548,0.401981,moving,-6.573596249781816,8.168359531305704,6.82410686777714,9.39140166064844,1.1734398,-0.128620927,0.37744500000000025,-0.11333294964240814,0.14116690997953035,0.9834773409936667,-3.607388709538361,9.384076970095231,13.297081804083575,13.453411495839864,10.431498148906732
05/17/2023 13:14:31.194789,3936,True,True,True,True,Eyes,0.3438699,0.1319345,-3.065718,0.8616995,-0.1105403,0.495232,0.0,0.0,0.0,0.0,0.0,0.0,0.0,-2.719133,-0.1356724,1.001574,0.2043197,0.1196705,-2.891224,0.08199494,0.5425271,-0.113716,0.8282571,15.02342,65.67178,354.0926,0.1288242,0.04279958,-0.9907432,0.0,0.0,0.0,1.382577,-0.006656077,-2.524505,0.142325,0.1982677,1.197417,0.385466,-0.09940323,-0.9173521,0.2773412,0.960691,0.01243773,0.8800556,-0.2592138,0.3978823,moving,-6.4448645926190435,8.037181706361425,6.778375507711948,9.401704617902668,1.1782572999999998,-0.126326577,0.3667189999999998,-0.11115819667583487,0.13894921731117627,0.9840411019712174,-3.573597169594548,9.3250840848623,13.14096566499151,13.293457094643308,10.352256228367978
05/17/2023 13:14:31.214607,3937,True,True,True,True,Eyes,0.3387115,0.1311858,-3.058304,0.8656532,-0.109213,0.4885867,0.0,0.0,0.0,0.0,0.0,0.0,0.0,-2.713354,-0.1450442,0.9851979,0.2028413,0.1179655,-2.880778,0.07989276,0.5447732,-0.1135924,0.8270043,14.82737,65.96848,354.0126,0.1270802,0.04279304,-0.9909687,0.0,0.0,0.0,1.385461,-0.006655436,-2.524496,0.1412626,0.2007791,1.202577,0.3806376,-0.100836,-0.9192101,0.2749298,0.9614278,0.008379065,0.8829092,-0.2559076,0.3936784,moving,-6.294323818823249,7.9265139220671825,6.6996367423245236,9.478527671451266,1.1826197,-0.124620936,0.35628199999999977,-0.10860076093263143,0.13708725412488482,0.9845876623934928,-3.5257597760184938,9.272565849319092,12.936686946741062,13.086319488035626,10.227470568499209
05/17/2023 13:14:31.234770,3938,True,True,True,True,Eyes,0.3337033,0.1303624,-3.050762,0.8695706,-0.1078851,0.4818793,0.0,0.0,0.0,0.0,0.0,0.0,0.0,-2.709561,-0.1542609,0.9630694,0.2015869,0.1164012,-2.870337,0.0781481,0.5478556,-0.1136364,0.8251266,14.68335,66.38578,353.9532,0.125372,0.04277387,-0.991187,0.0,0.0,0.0,1.388319,-0.006654799,-2.524487,0.1392893,0.2031763,1.207681,0.373882,-0.1019011,-0.9218614,0.2731566,0.9619593,0.004451443,0.8863395,-0.2534769,0.3874942,moving,-6.265040004347552,7.8565981096051525,6.579205340734904,9.549826458958863,1.1867321,-0.123055999,0.34585,-0.10811548117704134,0.13589292726380245,0.9848065992896228,-3.5258763719769126,9.243701597098129,12.807462912230728,12.955371886894156,10.109717545591076
05/17/2023 13:14:31.244962,3939,True,True,True,True,Eyes,0.3288485,0.1295764,-3.043042,0.8735421,-0.1065981,0.4749325,0.0,0.0,0.0,0.0,0.0,0.0,0.0,-2.707147,-0.1572232,0.9365255,0.2002653,0.1137619,-2.859614,0.07734855,0.5514703,-0.1132923,0.8228382,14.61042,66.89065,354.001,0.1237001,0.04274098,-0.9913985,0.0,0.0,0.0,1.391193,-0.006654159,-2.524478,0.1379671,0.2052051,1.212831,0.3660908,-0.1011317,-0.9250676,0.2717534,0.9623641,0.002335964,0.8900155,-0.2522454,0.3797956,moving,-6.30304744008456,7.858227532727829,6.489854713897121,9.603219077084162,1.1909276999999998,-0.12041605899999999,0.3351359999999999,-0.10876845589308454,0.13591119189980977,0.9847321493031885,-3.54307729874592,9.246821044040724,12.763357869843883,12.91136480048582,10.03926014845092
05/17/2023 13:14:31.264539,3940,True,True,True,True,Eyes,0.324209,0.1291783,-3.035218,0.8774578,-0.1052066,0.4679737,0.0,0.0,0.0,0.0,0.0,0.0,0.0,-2.703283,-0.1621161,0.913587,0.199601,0.1136715,-2.848842,0.07637073,0.5545495,-0.1126844,0.8209414,14.4994,67.32117,354.0528,0.1220663,0.04269709,-0.9916028,0.0,0.0,0.0,1.394259,-0.006653476,-2.524468,0.1379507,0.2057661,1.218076,0.3595543,-0.1003118,-0.9277167,0.2697172,0.9629395,0.0004136614,0.8932936,-0.2503699,0.3732848,moving,-6.26383233643038,7.836718391707785,6.4613848237534945,9.588291219493156,1.194658,-0.120324976,0.3243739999999997,-0.10809983392692285,0.13555146442604266,0.984855435966628,-3.5291907026305642,9.235961053600654,12.698549534809466,12.845199848382046,9.996786278308743
05/17/2023 13:14:31.284812,3941,True,True,True,True,Eyes,0.3197524,0.1288563,-3.027149,0.8814782,-0.1042751,0.460568,0.0,0.0,0.0,0.0,0.0,0.0,0.0,-2.696802,-0.196036,0.8948874,0.200193,0.1226209,-2.838465,0.07249506,0.5574958,-0.1141814,0.8190883,14.24514,67.69378,353.7085,0.1204727,0.042656,-0.9917995,0.0,0.0,0.0,1.397109,-0.006652842,-2.524459,0.13862,0.2062017,1.222781,0.3523222,-0.1062179,-0.9298315,0.2678807,0.9634141,-0.008551606,0.8967212,-0.246071,0.3678859,moving,-6.1739726869259455,7.613348542094253,6.467697169903294,9.571926286223137,1.1969159999999999,-0.129273742,0.314006,-0.10661049645002602,0.13173225221322213,0.9855357994272762,-3.531267423217023,9.143986758015608,12.650288883378982,12.792491686487898,10.008117963647122
05/17/2023 13:14:31.295350,3942,True,True,True,True,Eyes,0.3153057,0.1285878,-3.018965,0.8852463,-0.1034917,0.4534628,0.0,0.0,0.0,0.0,0.0,0.0,0.0,-2.695073,-0.2150906,0.8529441,0.2005617,0.1241077,-2.825167,0.07322915,0.5632824,-0.1186073,0.8144217,14.64904,68.49278,353.4301,0.1189221,0.04262023,-0.9919882,0.0,0.0,0.0,1.400049,-0.006652187,-2.52445,0.1390695,0.2068351,1.227198,0.3372904,-0.1106953,-0.9348699,0.2756901,0.9611396,-0.01434001,0.9001278,-0.2528976,0.3547008,moving,-6.602990818151955,7.989134695475215,6.46533561324563,9.566866513289837,1.1994873000000001,-0.130759887,0.3007170000000001,-0.11388752016029469,0.1380810254073619,0.983851268124715,-3.655835635092841,9.316933005803907,13.011229259034222,13.163221239746347,10.12425672315541
05/17/2023 13:14:31.314783,3943,True,True,True,True,Eyes,0.3110251,0.1283484,-3.010612,0.8889397,-0.1030711,0.4462765,0.0,0.0,0.0,0.0,0.0,0.0,0.0,-2.685593,-0.1883959,0.8522439,0.1963375,0.1250545,-2.814256,0.07722646,0.5629851,-0.1161546,0.8146116,14.86875,68.50393,353.925,0.1174097,0.04259115,-0.9921697,0.0,0.0,0.0,1.402804,-0.006651574,-2.524441,0.1388438,0.2079534,1.231327,0.3391117,-0.102287,-0.9351689,0.2761964,0.9610884,-0.004967471,0.8992881,-0.2566057,0.3541676,moving,-6.111543136167813,8.34028226920376,6.433467962412573,9.585976978268219,1.2064664999999999,-0.131706074,0.28981499999999993,-0.10535100362085043,0.14424467167229343,0.9839180845343689,-3.3609447209503562,9.420044878850572,12.453974734188773,12.606706896398292,9.795818152336116
05/17/2023 13:14:31.334550,3944,True,True,True,True,Eyes,0.3068936,0.1281558,-3.002213,0.8924701,-0.1027149,0.4392572,0.0,0.0,0.0,0.0,0.0,0.0,0.0,-2.680566,-0.1721129,0.8343625,0.1964635,0.1253483,-2.803017,0.08142521,0.5647248,-0.1161593,0.8129963,15.28336,68.79514,354.2343,0.115937,0.04256927,-0.9923437,0.0,0.0,0.0,1.405707,-0.006650927,-2.524432,0.1382144,0.2098486,1.235229,0.3351857,-0.09690851,-0.9371548,0.2808399,0.9597539,0.001200656,0.8993217,-0.2635929,0.3489116,moving,-5.956293147815801,8.82379925845207,6.384482759876073,9.641718857628184,1.2092435,-0.131999227,0.2785850000000001,-0.10255464143196635,0.1525875163353794,0.9829545834916389,-3.1952375813806695,9.59620881366869,12.208648978833411,12.367851166414667,9.579828442137645
05/17/2023 13:14:31.345716,3945,True,True,True,True,Eyes,0.3029112,0.1279582,-2.993697,0.8960325,-0.1024143,0.432015,0.0,0.0,0.0,0.0,0.0,0.0,0.0,-2.673827,-0.1689866,0.8244895,0.1959285,0.1262719,-2.793449,0.08238675,0.5657454,-0.1159555,0.8122185,15.36901,68.95309,354.3373,0.1145049,0.04255551,-0.9925106,0.0,0.0,0.0,1.408737,-0.006650253,-2.524423,0.1374591,0.211736,1.239332,0.332973,-0.09514251,-0.9381241,0.2815822,0.9595335,0.00262955,0.8999113,-0.2650346,0.3462892,moving,-5.645706458649989,8.969630780969412,6.329027858606971,9.695198194623549,1.2128085,-0.132922153,0.26902599999999977,-0.09718517848131536,0.15517288437561425,0.9830952686102439,-3.023687238971689,9.632050545801203,11.838631312972167,11.996695796787058,9.352928275253028
05/17/2023 13:14:31.364983,3946,True,True,True,True,Eyes,0.2990771,0.1277754,-2.985116,0.8995683,-0.1022453,0.4246444,0.0,0.0,0.0,0.0,0.0,0.0,0.0,-2.669779,-0.1758302,0.8007225,0.1958908,0.125839,-2.783089,0.08221539,0.5689035,-0.116947,0.8098844,15.44024,69.39774,354.2912,0.1131133,0.04254903,-0.9926704,0.0,0.0,0.0,1.411567,-0.006649623,-2.524414,0.1348247,0.2135521,1.243176,0.3253444,-0.09588191,-0.9407219,0.2829725,0.959128,0.0001067979,0.9022625,-0.2662331,0.3391788,moving,-5.636103669287685,9.048682845800567,6.189640126992531,9.747107798818941,1.2156762,-0.132488623,0.25867499999999977,-0.09699935988976888,0.1565319983380913,0.9828982408497835,-3.0038682102960097,9.661886666738564,11.68818799131767,11.846350229089918,9.193903316282316
05/17/2023 13:14:31.384742,3947,True,True,True,True,Eyes,0.2953497,0.1276665,-2.976405,0.903158,-0.1022625,0.4169508,0.0,0.0,0.0,0.0,0.0,0.0,0.0,-2.667155,-0.1880896,0.7704937,0.1956945,0.1260561,-2.772826,0.08207172,0.5731509,-0.1190569,0.8065903,15.59713,69.99373,354.1613,0.111763,0.04254972,-0.9928233,0.0,0.0,0.0,1.414567,-0.006648954,-2.524405,0.1313499,0.2159149,1.247112,0.314647,-0.09798135,-0.9441383,0.2861393,0.9581794,-0.004078628,0.9050534,-0.2688717,0.3295247,moving,-5.781823141994,9.179824826760813,6.012411730346289,9.822360276869798,1.2188724999999998,-0.13270505400000002,0.248421,-0.09946327848774877,0.1587424913157642,0.9822972254741549,-3.0454966730133215,9.721979334913188,11.650844474171068,11.811724176790387,9.058464603737256
05/17/2023 13:14:31.394856,3948,True,True,True,True,Eyes,0.2917197,0.1275692,-2.967614,0.9066574,-0.1024415,0.409241,0.0,0.0,0.0,0.0,0.0,0.0,0.0,-2.663697,-0.1946836,0.7413061,0.1949017,0.1276287,-2.761964,0.08345279,0.5772008,-0.121115,0.8032472,15.89539,70.58173,354.1377,0.1104532,0.04255952,-0.9929693,0.0,0.0,0.0,1.417408,-0.006648322,-2.524396,0.1281657,0.2184218,1.250736,0.3043409,-0.09823256,-0.9474846,0.2909086,0.9567336,-0.005748929,0.907055,-0.2738818,0.3197498,moving,-5.919995815657202,9.453377750424618,5.85080410330244,9.905931320099414,1.2225063,-0.13427702200000002,0.237568,-0.10175360029093555,0.1633925152911071,0.9812997446003378,-3.0559165529042476,9.83646056459144,11.613119511558716,11.779496401188199,8.906991581536928
05/17/2023 13:14:31.414826,3949,True,True,True,True,Eyes,0.2881833,0.127496,-2.958721,0.910096,-0.1026144,0.4014916,0.0,0.0,0.0,0.0,0.0,0.0,0.0,-2.659441,-0.1901327,0.7169168,0.1936575,0.127823,-2.751163,0.08559997,0.5803988,-0.1215366,0.800649,16.14985,71.06942,354.3089,0.1091831,0.04257805,-0.993109,0.0,0.0,0.0,1.420138,-0.006647714,-2.524387,0.1255763,0.2204922,1.254265,0.2967322,-0.09525209,-0.9501985,0.2939806,0.955803,-0.004008335,0.9085844,-0.2781505,0.3116198,moving,-5.919496420791811,9.714356727818288,5.717368283070776,9.97037785631304,1.2264804999999999,-0.134470714,0.2267760000000001,-0.10166762468022977,0.16786203930159665,0.9805539143908963,-3.004868750601302,9.937005638495537,11.469636584265468,11.639680706713506,8.722300876287331
05/17/2023 13:14:31.434913,3950,True,True,True,True,Eyes,0.2847547,0.1274401,-2.949773,0.9133841,-0.1027964,0.3939067,0.0,0.0,0.0,0.0,0.0,0.0,0.0,-2.653369,-0.1807899,0.7008141,0.1926059,0.128203,-2.740558,0.08751475,0.5823001,-0.1205909,0.7992033,16.27956,71.37701,354.5701,0.107951,0.04260546,-0.9932425,0.0,0.0,0.0,1.422987,-0.00664708,-2.524378,0.1248821,0.222473,1.257682,0.292769,-0.0908335,-0.9518591,0.2946729,0.955598,-0.000555961,0.9096452,-0.2803243,0.3065357,moving,-5.719493789903861,9.87663919591511,5.670622288246009,10.031354946771977,1.2303811,-0.13485008,0.21618000000000004,-0.0981956441693772,0.17069847324560247,0.9804181500708977,-2.8810849718071223,9.986436425950796,11.220825359028138,11.391166807543964,8.551825228286544
05/17/2023 13:14:31.444831,3951,True,True,True,True,Eyes,0.2814251,0.1274422,-2.940739,0.9166347,-0.1028942,0.3862557,0.0,0.0,0.0,0.0,0.0,0.0,0.0,-2.64599,-0.1764027,0.6893697,0.1917765,0.1285482,-2.730258,0.08836964,0.5835955,-0.1199505,0.7982599,16.32522,71.58166,354.7172,0.1067568,0.04264156,-0.99337,0.0,0.0,0.0,1.426073,-0.006646393,-2.524369,0.1246334,0.2244322,1.260971,0.2900563,-0.08835915,-0.9529218,0.2946477,0.9556054,0.001078675,0.9105219,-0.2810891,0.3032141,moving,-5.423444875734816,9.95797489857914,5.644736741997392,10.092030882654122,1.2342965,-0.135194593,0.205889,-0.0931042169744754,0.1721746593460142,0.9806565896790138,-2.7287938875088544,9.998375320957985,10.900988029378656,11.06899341990822,8.374054368555049
05/17/2023 13:14:31.464395,3952,True,True,True,True,Eyes,0.2782005,0.127457,-2.931663,0.9197487,-0.1031052,0.3787238,0.0,0.0,0.0,0.0,0.0,0.0,0.0,-2.638127,-0.1768371,0.6790997,0.1910752,0.129827,-2.720073,0.08896963,0.5847998,-0.1201411,0.7972828,16.40259,71.76454,354.7658,0.1055994,0.04268762,-0.9934918,0.0,0.0,0.0,1.42902,-0.006645737,-2.524359,0.1245231,0.226144,1.26395,0.2871508,-0.08751398,-0.9538793,0.2956317,0.9553011,0.001350942,0.9111236,-0.2823848,0.3001873,moving,-5.134327431068003,10.055456455770944,5.626566422772154,10.143940037193738,1.2379448,-0.136472737,0.19571400000000017,-0.0881271451826291,0.17392196278542765,0.9808082520289039,-2.5765537149723308,10.01699098891282,10.59540598870739,10.761257634579533,8.204102391799394
05/17/2023 13:14:31.484778,3953,True,True,True,True,Eyes,0.2750458,0.1275269,-2.922509,0.922826,-0.1033248,0.3711012,0.0,0.0,0.0,0.0,0.0,0.0,0.0,-2.631616,-0.1716919,0.6647108,0.1903921,0.1301571,-2.709895,0.09079107,0.5864692,-0.1202827,0.7958285,16.59426,72.033,354.9141,0.1044784,0.04274321,-0.9936079,0.0,0.0,0.0,1.43168,-0.006645144,-2.524351,0.1240085,0.2280352,1.26641,0.2831718,-0.08495641,-0.955299,0.2979411,0.9545782,0.003424047,0.9116167,-0.2855924,0.2956216,moving,-4.92085002763939,10.266273708773259,5.592646901343865,10.20754085917094,1.2412879,-0.136802244,0.18554400000000015,-0.08441603246388413,0.17758687997573672,0.9804778298034178,-2.437108552427981,10.08424312655626,10.3472878303556,10.51366098099814,8.030702022752843
05/17/2023 13:14:31.495331,3954,True,True,True,True,Eyes,0.2719922,0.1276526,-2.913338,0.9257964,-0.103599,0.3635494,0.0,0.0,0.0,0.0,0.0,0.0,0.0,-2.624988,-0.1646088,0.6530687,0.1892573,0.1313964,-2.700199,0.0929833,0.5877952,-0.1201704,0.7946132,16.80065,72.2594,355.1062,0.1033926,0.04280941,-0.9937186,0.0,0.0,0.0,1.434722,-0.006644467,-2.524342,0.1243237,0.2310907,1.269027,0.2801118,-0.08166768,-0.9564873,0.3002882,0.9538264,0.006500366,0.9117919,-0.2890427,0.2917018,moving,-4.662955602743997,10.494225274149635,5.595282719297756,10.320514582239985,1.2454647,-0.13804086699999998,0.17585700000000015,-0.07994309355071016,0.18155347399762017,0.9801261812477297,-2.273854527311822,10.155186944704578,10.092103232185528,10.259709005439175,7.870873790991137
05/17/2023 13:14:31.514771,3955,True,True,True,True,Eyes,0.2690246,0.1278326,-2.904116,0.9287796,-0.1036799,0.3558356,0.0,0.0,0.0,0.0,0.0,0.0,0.0,-2.61941,-0.1631097,0.6359899,0.1886492,0.1328645,-2.690567,0.09412584,0.590023,-0.1200454,0.7928445,16.91265,72.60506,355.2467,0.102341,0.04288721,-0.9938241,0.0,0.0,0.0,1.437719,-0.0066438,-2.524332,0.1249066,0.2337935,1.271309,0.2749239,-0.07928191,-0.9581916,0.3014276,0.9534588,0.007595149,0.9129942,-0.2909134,0.2860264,moving,-4.515940153355199,10.623867072647844,5.611323073159043,10.420256664551477,1.2490698,-0.1395083,0.16623500000000035,-0.0773949493294383,0.18380780114263673,0.9799105853724269,-2.180849114373803,10.195511905689976,9.960273768893838,10.129309831246786,7.79541260016403
05/17/2023 13:14:31.534704,3956,True,True,True,True,Eyes,0.2661518,0.1280483,-2.894889,0.9317123,-0.103603,0.3481069,0.0,0.0,0.0,0.0,0.0,0.0,0.0,-2.614316,-0.165131,0.6167172,0.1880337,0.1341757,-2.681212,0.09380164,0.5927424,-0.1191273,0.7909908,16.83498,73.0079,355.3703,0.1013222,0.04297752,-0.9939246,0.0,0.0,0.0,1.440409,-0.006643201,-2.524324,0.126749,0.2349288,1.273495,0.2689302,-0.07725682,-0.9600563,0.2996577,0.9540199,0.007168808,0.915359,-0.2896161,0.2797153,moving,-4.41209247892797,10.566471906254165,5.683842306915297,10.45216579778833,1.2523753,-0.140818901,0.15688799999999992,-0.07563247041375404,0.18285087871271444,0.9802270609307829,-2.144160079657555,10.166585082754377,9.928351157082382,10.096581851618533,7.833209923715153
05/17/2023 13:14:31.544851,3957,True,True,True,True,Eyes,0.2633936,0.1282615,-2.885701,0.9346793,-0.1032306,0.3401734,0.0,0.0,0.0,0.0,0.0,0.0,0.0,-2.609578,-0.170881,0.593855,0.1874436,0.1352107,-2.671768,0.09229019,0.5961193,-0.117812,0.7888248,16.62232,73.49365,355.4608,0.1003369,0.04308037,-0.9940202,0.0,0.0,0.0,1.44336,-0.006642544,-2.524314,0.130105,0.2351202,1.275649,0.2615242,-0.07583407,-0.9622133,0.295898,0.9552057,0.005141597,0.9187217,-0.2860616,0.2722485,moving,-4.37544986201454,10.382607805485469,5.823529736388899,10.443219275325793,1.2559164,-0.141853244,0.1474540000000002,-0.07504970835226749,0.17971230391398502,0.9808521406361801,-2.1630728134610426,10.09332429366944,10.031971118337891,10.199159700628567,7.994263367406523
05/17/2023 13:14:31.565101,3958,True,True,True,True,Eyes,0.2607341,0.1284759,-2.876506,0.9376235,-0.1027023,0.3321361,0.0,0.0,0.0,0.0,0.0,0.0,0.0,-2.605522,-0.1779902,0.5660702,0.1871893,0.1354019,-2.662233,0.09025414,0.6002154,-0.1163205,0.7861714,16.35244,74.08047,355.5439,0.0993849,0.04319446,-0.9941109,0.0,0.0,0.0,1.44626,-0.006641898,-2.524305,0.1344981,0.2350422,1.277895,0.2524221,-0.0745518,-0.9647411,0.2912395,0.9566475,0.002275769,0.9227476,-0.2815451,0.2631914,moving,-4.432946129141257,10.142063432002729,6.00824486120609,10.421884557741175,1.2590707,-0.142043798,0.13792800000000005,-0.07609162938412045,0.1755789320342304,0.9815202910098898,-2.236412333246067,10.004390740442513,10.277577302045534,10.444939882992156,8.25522097472347
05/17/2023 13:14:31.584975,3959,True,True,True,True,Eyes,0.2581878,0.1286979,-2.867352,0.9405903,-0.1020162,0.3238558,0.0,0.0,0.0,0.0,0.0,0.0,0.0,-2.60159,-0.18548,0.5363755,0.1869213,0.1356019,-2.652743,0.08835104,0.604598,-0.1150531,0.7832103,16.11204,74.71221,355.619,0.09846568,0.04331887,-0.994197,0.0,0.0,0.0,1.449047,-0.006641278,-2.524297,0.1390506,0.235297,1.279314,0.2424482,-0.07338786,-0.9673847,0.2870553,0.9579138,-0.0007269017,0.9267245,-0.2775167,0.2533108,moving,-4.52757779990869,9.937031110639976,6.203214652873679,10.421616162288307,1.2621257,-0.142243178,0.12844600000000028,-0.07776189958250562,0.17204321859771693,0.9820153841045611,-2.3199532477297415,9.931577382583598,10.572668809248198,10.741728414783724,8.537243645784686
05/17/2023 13:14:31.595587,3960,True,True,True,True,Eyes,0.2557362,0.1289034,-2.858176,0.9435279,-0.1012562,0.31544,0.0,0.0,0.0,0.0,0.0,0.0,0.0,-2.597358,-0.1950239,0.5053481,0.1868781,0.1360681,-2.64315,0.08635151,0.6091772,-0.1141654,0.7800082,15.89074,75.3719,355.6534,0.0975791,0.04345291,-0.9942785,0.0,0.0,0.0,1.45185,-0.006640654,-2.524288,0.1448725,0.2348157,1.280829,0.2317387,-0.07289322,-0.9700432,0.2833067,0.9590194,-0.004384198,0.9306098,-0.2738038,0.242893,moving,-4.653052203629459,9.750631729528044,6.453206651525853,10.38873014322188,1.2649719000000001,-0.142708754,0.11886200000000002,-0.07995752325708244,0.16881813377449587,0.9823987692888967,-2.4140818565657245,9.867966734534235,10.952955689992091,11.124574389309208,8.882567197244324
05/17/2023 13:14:31.615330,3961,True,True,True,True,Eyes,0.2533778,0.1290954,-2.849002,0.9464267,-0.1004734,0.3068902,0.0,0.0,0.0,0.0,0.0,0.0,0.0,-2.592963,-0.2015343,0.4727622,0.186745,0.1358458,-2.633295,0.08510053,0.613898,-0.1134426,0.7765424,15.75072,76.06525,355.7277,0.09672493,0.04359521,-0.9943557,0.0,0.0,0.0,1.45475,-0.006640008,-2.524279,0.1507442,0.2339487,1.282028,0.2205201,-0.07169984,-0.9727437,0.280672,0.9597774,-0.007115996,0.9341276,-0.2714527,0.2317743,moving,-4.806582159367075,9.64786964157106,6.706194619964683,10.341731134019899,1.268005,-0.142485808,0.109016,-0.08261533822908934,0.16701955778359673,0.982486219060377,-2.504855908490631,9.83842789812395,11.358267750910874,11.53366693386903,9.22479083692526
05/17/2023 13:14:31.634495,3962,True,True,True,True,Eyes,0.2511109,0.1292736,-2.839806,0.9492647,-0.09964808,0.2982731,0.0,0.0,0.0,0.0,0.0,0.0,0.0,-2.588212,-0.2025092,0.4421124,0.1865551,0.135734,-2.623373,0.08463403,0.6182402,-0.1121118,0.7733351,15.636,76.71858,355.906,0.09590292,0.04374456,-0.9944288,0.0,0.0,0.0,1.45772,-0.006639346,-2.524269,0.1555631,0.232769,1.283379,0.2104201,-0.06875162,-0.9751905,0.2780482,0.9605361,-0.007723078,0.9372367,-0.2695249,0.2212324,moving,-4.902614814126201,9.585234606155321,6.911315515065306,10.280097559478692,1.2711648999999998,-0.14237334599999998,0.09910400000000008,-0.08427778767968463,0.1659222403525566,0.9825309752662218,-2.561315069042001,9.820584389741416,11.656564218587251,11.834347651936385,9.483769426558574
05/17/2023 13:14:31.644844,3963,True,True,True,True,Eyes,0.2489439,0.1294378,-2.830613,0.9520284,-0.09889592,0.2895887,0.0,0.0,0.0,0.0,0.0,0.0,0.0,-2.583232,-0.2011705,0.4126594,0.1865315,0.1355442,-2.613557,0.08463623,0.6223363,-0.1107228,0.7702433,15.55686,77.34412,356.118,0.09511203,0.04390008,-0.9944978,0.0,0.0,0.0,1.460603,-0.006638704,-2.52426,0.1601754,0.2316392,1.284349,0.200876,-0.06522252,-0.9774431,0.2759113,0.9611543,-0.007432605,0.9399585,-0.2681946,0.2110684,moving,-4.9657226527003955,9.559691322368002,7.1088417029890545,10.223693011376266,1.2740715,-0.142182904,0.08929700000000018,-0.08536653111519232,0.16546880830744304,0.9825134713628969,-2.5953762026438927,9.814877237058706,11.912646320744438,12.092807888273592,9.712825309730325
05/17/2023 13:14:31.664815,3964,True,True,True,True,Eyes,0.2468626,0.1295825,-2.821396,0.9547102,-0.09813977,0.2808862,0.0,0.0,0.0,0.0,0.0,0.0,0.0,-2.57789,-0.2004489,0.3828528,0.1867277,0.1353833,-2.603666,0.08468934,0.6264621,-0.1095397,0.7670555,15.4958,77.97618,356.3149,0.09435337,0.04406058,-0.994563,0.0,0.0,0.0,1.463495,-0.00663806,-2.524251,0.1646937,0.2297812,1.285287,0.1910926,-0.06193665,-0.9796161,0.2741553,0.9616576,-0.007322035,0.9425088,-0.2671677,0.2007459,moving,-5.040083276946692,9.551228380068238,7.3019577447255255,10.13614810867677,1.2767673,-0.14202136,0.07941500000000001,-0.08664400719060122,0.16530538019117652,0.9824291247148258,-2.6312980459591557,9.81649026994102,12.173763256125836,12.355893641074905,9.938397845580342
05/17/2023 13:14:31.684878,3965,True,True,True,True,Eyes,0.2448789,0.1296959,-2.812165,0.9572794,-0.0975299,0.2722206,0.0,0.0,0.0,0.0,0.0,0.0,0.0,-2.571713,-0.1993399,0.3570471,0.1867561,0.1350316,-2.593803,0.08492794,0.6300007,-0.108668,0.7642496,15.47002,78.52259,356.485,0.09362575,0.04422516,-0.9946244,0.0,0.0,0.0,1.466392,-0.006637415,-2.524242,0.166374,0.2286723,1.286344,0.1825805,-0.05908959,-0.9814136,0.2731083,0.961957,-0.007109515,0.9444978,-0.2667341,0.1917725,moving,-5.038855057354716,9.573406868095384,7.369646318853058,10.080119682027549,1.2796359,-0.141669015,0.06956099999999976,-0.08661733459593152,0.1656860353945374,0.9823673249581677,-2.62641336287084,9.824957049789575,12.236596561777457,12.418843113557449,9.999315833069614
05/17/2023 13:14:31.694636,3966,True,True,True,True,Eyes,0.2429914,0.1298023,-2.802914,0.9597656,-0.0969414,0.2635381,0.0,0.0,0.0,0.0,0.0,0.0,0.0,-2.564796,-0.2021375,0.332947,0.1871422,0.1344007,-2.583952,0.08478902,0.6332923,-0.1086164,0.7615471,15.4688,79.02386,356.5474,0.09292945,0.04439244,-0.9946824,0.0,0.0,0.0,1.469303,-0.006636767,-2.524233,0.1665087,0.2297814,1.28721,0.1742868,-0.05804064,-0.9829829,0.2728256,0.9620266,-0.008430248,0.9461449,-0.2667136,0.1835034,moving,-5.012340638594255,9.612714311156912,7.370639786992053,10.121327341172206,1.2821608,-0.141037467,0.059718999999999856,-0.08615270848762685,0.16636667016767592,0.9822931405677715,-2.606538548144231,9.838367522053218,12.210035859274921,12.393421296589372,9.981189998710008
05/17/2023 13:14:31.714610,3967,True,True,True,True,Eyes,0.2412048,0.1298863,-2.793656,0.9621413,-0.096444,0.2549171,0.0,0.0,0.0,0.0,0.0,0.0,0.0,-2.556946,-0.2133012,0.3095844,0.1876276,0.1343526,-2.574112,0.08357117,0.6366263,-0.1096332,0.7587513,15.45076,79.51232,356.4333,0.09226575,0.04456171,-0.9947366,0.0,0.0,0.0,1.472282,-0.006636104,-2.524224,0.1685128,0.2275494,1.288174,0.1653751,-0.05996143,-0.9844064,0.2727759,0.9619929,-0.01277127,0.9477577,-0.2664102,0.1754457,moving,-5.0060871203995525,9.615432487551274,7.4528412613297,10.017666615700852,1.2846544,-0.140988704,0.049888000000000154,-0.08604479050078451,0.1664148357539061,0.982294482649056,-2.6031269250431035,9.839005136074624,12.283131651578454,12.465419716756712,10.057555174576184
05/17/2023 13:14:31.736307,3968,True,True,True,True,Eyes,0.2395099,0.129954,-2.784364,0.9644485,-0.09588568,0.2462623,0.0,0.0,0.0,0.0,0.0,0.0,0.0,-2.548489,-0.2244842,0.2855451,0.1882386,0.133967,-2.563854,0.08191819,0.6400518,-0.1102937,0.7559486,15.36929,80.01159,356.32,0.09163169,0.04473288,-0.9947875,0.0,0.0,0.0,1.475017,-0.006635495,-2.524215,0.1706788,0.2142859,1.290576,0.1563377,-0.06188902,-0.9857628,0.2716166,0.9622494,-0.01733554,0.9496226,-0.2650393,0.167246,moving,-5.0050825740386795,9.557707907765263,7.533653917374973,9.427325869269243,1.2867784,-0.140602495,0.0396390000000002,-0.086042097637961,0.16542514737821518,0.9824618930175144,-2.6139039996062126,9.816693003665934,12.369687147698054,12.539414351438854,10.155025280314954
05/17/2023 13:14:31.744678,3969,True,True,True,True,Eyes,0.2379184,0.1299919,-2.775051,0.9666492,-0.09541718,0.2376655,0.0,0.0,0.0,0.0,0.0,0.0,0.0,-2.539961,-0.2349989,0.2608099,0.1888134,0.1336389,-2.553652,0.08005751,0.6435995,-0.110545,0.7530939,15.24073,80.5302,356.2292,0.09103032,0.0449046,-0.994835,0.0,0.0,0.0,1.478028,-0.006634824,-2.524206,0.1639901,0.2222073,1.289699,0.1471192,-0.06345164,-0.9870815,0.2695515,0.9627412,-0.02171179,0.9516817,-0.2628751,0.1587412,moving,-5.020168778908008,9.44799440425017,7.246487843705752,9.775737107728325,1.2892146,-0.14027372400000002,0.029446000000000083,-0.0863282922411307,0.16353949502054188,0.9827523917636618,-2.642220789619598,9.775399826520365,12.09919538328799,12.271034185299834,9.888708639077295
05/17/2023 13:14:31.764608,3970,True,True,True,True,Eyes,0.2364178,0.1300004,-2.765689,0.968788,-0.09492358,0.2289967,0.0,0.0,0.0,0.0,0.0,0.0,0.0,-2.531095,-0.2446872,0.2337885,0.1897238,0.1330216,-2.543085,0.07840321,0.6474108,-0.1107976,0.7499574,15.13304,81.09525,356.1588,0.09046119,0.04507604,-0.9948791,0.0,0.0,0.0,1.481032,-0.006634156,-2.524196,0.1778701,0.2268228,1.291833,0.1371663,-0.06466882,-0.9884348,0.2677052,0.9631537,-0.02586501,0.9536872,-0.2610613,0.1494244,moving,-5.076949285004127,9.359104217000931,7.839656590271129,9.958605236743939,1.2913082,-0.139655756,0.018889000000000156,-0.08732463827805331,0.16200052219127622,0.9829193262695911,-2.685700418982133,9.74486485014913,12.746725462830481,12.930510771422302,10.527527018492922
05/17/2023 13:14:31.785084,3971,True,True,True,True,Eyes,0.2350093,0.1299632,-2.756302,0.9708174,-0.09453334,0.2204017,0.0,0.0,0.0,0.0,0.0,0.0,0.0,-2.522299,-0.2505502,0.2058871,0.1904883,0.1323124,-2.532462,0.07748913,0.6513091,-0.1107634,0.746675,15.07011,81.68846,356.1718,0.08992384,0.04524651,-0.99492,0.0,0.0,0.0,1.483812,-0.006633537,-2.524188,0.1829843,0.2352034,1.289817,0.127056,-0.06446978,-0.9897982,0.2663473,0.9634538,-0.02856402,0.9554664,-0.2600008,0.1395839,moving,-5.1570501697158155,9.313626429058635,8.074578037168527,10.334566143160302,1.2933237,-0.138945937,0.008274000000000115,-0.08871046113348613,0.1612004516592182,0.9829266271434269,-2.731475537857337,9.732589145552204,13.074420216287894,13.270957120910582,10.822807869124285
05/17/2023 13:14:31.795105,3972,True,True,True,True,Eyes,0.2337036,0.1298963,-2.746884,0.9727893,-0.09414916,0.2117001,0.0,0.0,0.0,0.0,0.0,0.0,0.0,-2.513818,-0.2516319,0.1785471,0.19137,0.1313252,-2.522025,0.07726205,0.655037,-0.1101962,0.7435147,15.02593,82.26951,356.281,0.08941756,0.04541486,-0.994958,0.0,0.0,0.0,1.486852,-0.00663286,-2.524178,0.1898779,0.2366825,1.290187,0.1175668,-0.06264601,-0.9910871,0.265084,0.9637747,-0.02947426,0.9570312,-0.2592562,0.1299143,moving,-5.2055719745674685,9.296382774448162,8.372168035119477,10.395225785230076,1.295482,-0.13795806,-0.0021529999999998495,-0.08954740039819437,0.16089253655450025,0.9829012532427606,-2.757197648727494,9.729124405537531,13.419049772415022,13.622131981925513,11.149281213280922
05/17/2023 13:14:31.815134,3973,True,True,True,True,Eyes,0.2325028,0.1297934,-2.737474,0.9746752,-0.09391874,0.2029473,0.0,0.0,0.0,0.0,0.0,0.0,0.0,-2.505394,-0.253434,0.147716,0.1926298,0.1305284,-2.511753,0.07728216,0.6592455,-0.10988,0.7398306,15.02421,82.93172,356.3973,0.08894401,0.04557997,-0.9949929,0.0,0.0,0.0,1.489562,-0.006632257,-2.524169,0.1900186,0.2390439,1.290319,0.1066434,-0.06068938,-0.9924436,0.264481,0.9639077,-0.03052442,0.9584765,-0.2592272,0.1188456,moving,-5.335350669848051,9.30800730840428,8.377438868850234,10.495595732076914,1.2969322,-0.137160657,-0.012415999999999983,-0.09177097962168906,0.16105921562126724,0.9826688649582092,-2.8147511083885393,9.742111686095097,13.556554358902993,13.764118685795847,11.217524445890598
05/17/2023 13:14:31.834946,3974,True,True,True,True,Eyes,0.2313993,0.1296637,-2.72805,0.9765311,-0.09373734,0.1939078,0.0,0.0,0.0,0.0,0.0,0.0,0.0,-2.496887,-0.2555075,0.112236,0.1940011,0.1295123,-2.501582,0.07755316,0.6641248,-0.1097675,0.7354422,15.06237,83.70695,356.5301,0.08850396,0.04574081,-0.9950248,0.0,0.0,0.0,1.492438,-0.006631616,-2.52416,0.1862423,0.2428965,1.29124,0.0937788,-0.05844532,-0.9938762,0.2644652,0.9638732,-0.03172691,0.9598249,-0.2598704,0.1058476,moving,-5.5630059565174355,9.352077414667345,8.207466856777389,10.653472553616057,1.2984369,-0.136143916,-0.02257800000000021,-0.09566366997578007,0.1617554475480666,0.9821830534648901,-2.9110996050947637,9.77401912895476,13.619390966143333,13.8318310721817,11.153293616381518
05/17/2023 13:14:31.845278,3975,True,True,True,True,Eyes,0.2304003,0.1295072,-2.718616,0.978321,-0.0937495,0.1846592,0.0,0.0,0.0,0.0,0.0,0.0,0.0,-2.487717,-0.263052,0.07064557,0.1953954,0.1287379,-2.49162,0.07732312,0.669996,-0.110385,0.7300285,15.1182,84.63566,356.582,0.08809597,0.0458974,-0.9950529,0.0,0.0,0.0,1.495445,-0.006630947,-2.524151,0.1836736,0.2485213,1.292476,0.07784079,-0.05755609,-0.995303,0.2647808,0.9636726,-0.03501893,0.9611619,-0.2608113,0.09025282,moving,-5.947384191226404,9.385997805488323,8.088138861373604,10.884168607825506,1.3000496,-0.135368847,-0.032530999999999644,-0.1022425331034248,0.16223020584563402,0.9814416909178905,-3.0816604433940187,9.812288615428008,13.893426952354531,14.115254978676152,11.221111496945804
05/17/2023 13:14:31.864922,3976,True,True,True,True,Eyes,0.2294841,0.1293069,-2.709134,0.980089,-0.09382939,0.1749905,0.0,0.0,0.0,0.0,0.0,0.0,0.0,-2.476922,-0.2774327,0.02232575,0.197101,0.1280264,-2.481404,0.07631148,0.6769127,-0.1118759,0.7234981,15.18181,85.72563,356.5206,0.08772152,0.04604902,-0.9950784,0.0,0.0,0.0,1.498325,-0.006630305,-2.524142,0.1842285,0.2541261,1.293543,0.05854587,-0.05857155,-0.996565,0.2651964,0.9633207,-0.04103799,0.9624153,-0.2618828,0.07193141,moving,-6.489014091196705,9.402323519397859,8.105646766825233,11.114631150444104,1.301224,-0.13465670500000002,-0.04273799999999994,-0.11151345024907183,0.16234705112813166,0.9804122922743113,-3.328126994226746,9.854085615675036,14.459336014357534,14.694765155796702,11.503049920092801
05/17/2023 13:14:31.884809,3977,True,True,True,True,Eyes,0.2286588,0.1290731,-2.699558,0.9817628,-0.09396432,0.1652648,0.0,0.0,0.0,0.0,0.0,0.0,0.0,-2.464238,-0.2932171,-0.02699709,0.1983923,0.1268041,-2.470574,0.07507508,0.6840339,-0.1136867,0.7166148,15.25593,86.85541,356.4206,0.08738036,0.04619471,-0.9951012,0.0,0.0,0.0,1.501075,-0.006629693,-2.524133,0.1893208,0.2566042,1.294381,0.03834594,-0.06023141,-0.9974477,0.265647,0.9628781,-0.04793133,0.9633076,-0.263131,0.05292274,moving,-7.0751987620768375,9.416939480514522,8.321281498567854,11.213197905116287,1.3026826999999999,-0.133433793,-0.05355899999999991,-0.12153671549118705,0.16240472228056985,0.9792106392316866,-3.595462440199751,9.898144384414433,15.250911776895512,15.500907997416617,11.989084696692439
05/17/2023 13:14:31.894935,3978,True,True,True,True,Eyes,0.2279156,0.1287976,-2.689908,0.9833736,-0.09412671,0.1552947,0.0,0.0,0.0,0.0,0.0,0.0,0.0,-2.450481,-0.3069331,-0.07271481,0.1999355,0.1257541,-2.459383,0.0738996,0.6905721,-0.1150949,0.710213,15.30348,87.90274,356.3492,0.08707277,0.04633405,-0.9951213,0.0,0.0,0.0,1.504157,-0.006629007,-2.524124,0.1961783,0.2577363,1.295451,0.01972674,-0.06141778,-0.9979173,0.2655497,0.962584,-0.05399379,0.9638955,-0.2639315,0.03529814,moving,-7.558116140236993,9.411733538626239,8.61123139063273,11.252343142197665,1.3042215,-0.132383107,-0.06474100000000016,-0.1297911975227013,0.16214476470460448,0.9781938656958473,-3.819060121598989,9.927794609430805,16.011094521147214,16.273771636802643,12.500663018204865
05/17/2023 13:14:31.915087,3979,True,True,True,True,Eyes,0.227258,0.1284685,-2.6802,0.9848273,-0.09429002,0.1456864,0.0,0.0,0.0,0.0,0.0,0.0,0.0,-2.435728,-0.3203728,-0.1114714,0.20133,0.1245043,-2.447815,0.07246606,0.6961249,-0.116543,0.704682,15.33059,88.79284,356.233,0.08679864,0.04646631,-0.9951389,0.0,0.0,0.0,1.50692,-0.006628392,-2.524115,0.202867,0.258914,1.296254,0.00365579,-0.06336067,-0.9979842,0.2651424,0.9623328,-0.06012592,0.9642024,-0.2643881,0.02031771,moving,-7.910577434825487,9.388800220149996,8.89478136645382,11.295617421094,1.30559,-0.131132692,-0.07630000000000026,-0.13581798722949717,0.16162148335649446,0.9774619769098052,-3.9859804655160795,9.942061195274329,16.63992986535436,16.913191191420733,12.951684825859058
05/17/2023 13:14:31.934874,3980,True,True,True,True,Eyes,0.2266965,0.1280885,-2.670412,0.9861915,-0.09444125,0.1360411,0.0,0.0,0.0,0.0,0.0,0.0,0.0,-2.420825,-0.3326215,-0.1427913,0.2028773,0.1229768,-2.436214,0.07065925,0.7005809,-0.1177166,0.7002404,15.30142,89.50177,356.0851,0.08655798,0.04659034,-0.995154,0.0,0.0,0.0,1.509813,-0.006627748,-2.524106,0.2077596,0.2631741,1.296794,-0.009341353,-0.06585476,-0.9977855,0.2638648,0.9623001,-0.06598302,0.9645144,-0.2638969,0.008387495,moving,-8.079784339177712,9.318933128992278,9.102018364582875,11.471926942976623,1.3069357000000001,-0.12960454799999999,-0.08789200000000008,-0.13873288252134025,0.16036402611194506,0.9772597258147444,-4.07757497393832,9.926227316974963,17.033277093773318,17.31616951043185,13.269923432432227
05/17/2023 13:14:31.945515,3981,True,True,True,True,Eyes,0.2266965,0.1280885,-2.670412,0.9861915,-0.09444125,0.1360411,0.0,0.0,0.0,0.0,0.0,0.0,0.0,-2.405684,-0.3449839,-0.1680901,0.2047393,0.1214046,-2.424444,0.06872567,0.7041348,-0.1190694,0.6966301,15.27395,90.06284,355.8918,0.08635131,0.04670525,-0.9951665,0.0,0.0,0.0,1.512699,-0.006627105,-2.524097,0.2135446,0.2669081,1.297967,-0.01996647,-0.06911037,-0.9974092,0.2626789,0.9621985,-0.07192902,0.9646767,-0.2634345,-0.001057944,moving,-8.67073220221997,9.217325123927006,9.342741867491101,11.620065136412485,1.3079597,-0.128031705,-0.09965299999999999,-0.14885268688799963,0.1583951710102569,0.9760911087956272,-4.36973688816363,9.925807162166004,17.875889667279218,18.173013168645202,13.816750113814036
05/17/2023 13:14:31.965030,3982,True,True,True,True,Eyes,0.2266965,0.1280885,-2.670412,0.9861915,-0.09444125,0.1360411,0.0,0.0,0.0,0.0,0.0,0.0,0.0,-2.391124,-0.3535113,-0.187808,0.2066247,0.1189116,-2.41265,0.06734433,0.7068068,-0.1203366,0.6938359,15.28148,90.48837,355.7321,0.0861653,0.04680866,-0.9951779,0.0,0.0,0.0,1.515637,-0.006626451,-2.524088,0.2163601,0.2682562,1.299729,-0.02811332,-0.07178885,-0.9970237,0.2621865,0.9619677,-0.07665762,0.9646077,-0.2635612,-0.008221978,moving,-9.123030538123931,9.163508274891862,9.451110020781472,11.661751458540069,1.3090123,-0.125538051,-0.1114379999999997,-0.1565813834402084,0.1572880784854272,0.9750603755610902,-4.588687264073482,9.934716233033068,18.436552169904918,18.741395799316003,14.14561976266726
05/17/2023 13:14:31.985023,3983,True,True,True,True,Eyes,0.2265014,0.1277061,-2.6596,0.9874406,-0.09467707,0.1264804,0.0,0.0,0.0,0.0,0.0,0.0,0.0,-2.377888,-0.355891,-0.2029028,0.2085184,0.1162397,-2.40108,0.06701621,0.7087212,-0.1210564,0.6917866,15.3261,90.80523,355.6889,0.0859979,0.04690174,-0.9951881,0.0,0.0,0.0,1.518445,-0.006625826,-2.524079,0.217809,0.265467,1.302535,-0.03388061,-0.0724988,-0.996793,0.262482,0.9617084,-0.07886867,0.964342,-0.2643123,-0.01355364,moving,-8.894280510432594,9.208881402716221,9.493127618528472,11.519566469782799,1.3099266,-0.122865526,-0.12299900000000008,-0.1526657834741833,0.15815825879378398,0.9755404150663556,-4.474417867526189,9.937207254209978,18.232509422533347,18.532027497825162,14.05689110693094
05/17/2023 13:14:31.994912,3984,True,True,True,True,Eyes,0.2263461,0.1276128,-2.648834,0.9885843,-0.09524472,0.1167454,0.0,0.0,0.0,0.0,0.0,0.0,0.0,-2.363889,-0.3718331,-0.2176719,0.2134461,0.120943,-2.390277,0.06647643,0.7105194,-0.1231681,0.6896179,15.46878,91.10069,355.5122,0.08587407,0.04699048,-0.9951947,0.0,0.0,0.0,1.521538,-0.006625137,-2.524069,0.2175361,0.2600328,1.306446,-0.04001616,-0.07541227,-0.9963493,0.2643434,0.960821,-0.08333991,0.9635982,-0.2667133,-0.01851363,moving,-8.663941208796663,9.316192099736403,9.45357871543726,11.256941004921998,1.3080919,-0.127568137,-0.1337919999999997,-0.14869597992303946,0.16008304569133291,0.9758395807469802,-4.347355515056612,9.963464005761443,17.93074330108705,18.221169954698087,13.86141653590191
05/17/2023 13:14:32.014628,3985,True,True,True,True,Eyes,0.2263115,0.1271906,-2.637866,0.9895862,-0.09608448,0.1071777,0.0,0.0,0.0,0.0,0.0,0.0,0.0,-2.343996,-0.4205224,-0.2413764,0.2144077,0.1279558,-2.380561,0.06313822,0.7146838,-0.1310294,0.684158,15.8835,91.7587,354.6881,0.08579096,0.04708612,-0.9951975,0.0,0.0,0.0,1.524459,-0.006624487,-2.52406,0.2148431,0.253911,1.310315,-0.05588331,-0.08904187,-0.9944592,0.2695374,0.9576897,-0.1008962,0.9613672,-0.2736823,-0.02951869,moving,-8.941803751097021,9.547121043595748,9.311531141801225,10.966775784102573,1.3100513,-0.13458028700000002,-0.14349899999999982,-0.15332934788324387,0.1638974441347902,0.974488518551339,-4.430460293988094,10.070675567602102,18.01984448311928,18.3084585450152,13.771177299683538
05/17/2023 13:14:32.034781,3986,True,True,True,True,Eyes,0.2263596,0.1271214,-2.626992,0.9904287,-0.0972466,0.09794901,0.0,0.0,0.0,0.0,0.0,0.0,0.0,-2.328337,-0.3888001,-0.2873433,0.2174022,0.1195514,-2.365022,0.0718819,0.7202706,-0.1303251,0.6775387,16.56747,92.86534,355.6289,0.08574995,0.04717604,-0.9951969,0.0,0.0,0.0,1.527147,-0.006623888,-2.524052,0.2108791,0.2483854,1.314089,-0.07154883,-0.07305185,-0.9947585,0.2801495,0.9556967,-0.09033323,0.9572864,-0.2851443,-0.04791349,moving,-9.424168357877008,10.253849103943883,9.116839504649008,10.703608007970605,1.3097448,-0.126175288,-0.15903,-0.1611954163891104,0.17568172549442962,0.9711600736323911,-4.5151759591692215,10.374659408266496,18.242600476590116,18.546462078520605,13.635983748414583
05/17/2023 13:14:32.044591,3987,True,True,True,True,Eyes,0.2265023,0.127085,-2.616064,0.9911787,-0.09810562,0.08910692,0.0,0.0,0.0,0.0,0.0,0.0,0.0,-2.318966,-0.3965595,-0.2866306,0.2194697,0.1280468,-2.356365,0.07552426,0.7201746,-0.1331591,0.676693,17.09813,92.92123,355.7139,0.08574986,0.04727402,-0.9951923,0.0,0.0,0.0,1.530143,-0.006623221,-2.524042,0.2061483,0.2431901,1.318056,-0.07276566,-0.07143436,-0.9947877,0.288997,0.9531295,-0.08958216,0.9545607,-0.2940091,-0.04871077,moving,-9.001328600478821,10.788476288037405,8.88923272521134,10.45388440326378,1.3106733,-0.134670021,-0.1676770000000003,-0.15375792113155912,0.18495785723370126,0.9706436338522906,-4.216180476696653,10.552979304327174,17.591905953463158,17.89368984523977,13.105787843245482
05/17/2023 13:14:32.064818,3988,True,True,True,True,Eyes,0.2267776,0.1270994,-2.60515,0.9918712,-0.09874052,0.0802599,0.0,0.0,0.0,0.0,0.0,0.0,0.0,-2.302057,-0.4095427,-0.3074129,0.2219526,0.1287863,-2.344322,0.07381389,0.7232032,-0.1344721,0.6733839,17.09228,93.41536,355.5394,0.08579066,0.04738073,-0.9951839,0.0,0.0,0.0,1.533189,-0.006622543,-2.524033,0.2008482,0.2403938,1.321748,-0.08221123,-0.0743379,-0.9938385,0.2878677,0.9529375,-0.0950912,0.9541349,-0.2939115,-0.05694261,moving,-9.011737313909665,10.720616372563539,8.640366482728462,10.308034735259417,1.3112363999999999,-0.135408843,-0.17971100000000018,-0.15396820364456482,0.18380201241727015,0.9708297645443035,-4.234191641444374,10.527509318675474,17.36479112816637,17.656924762107547,12.876428696865851
05/17/2023 13:14:32.085048,3989,True,True,True,True,Eyes,0.2271481,0.1270721,-2.594217,0.9925057,-0.09883627,0.07185967,0.0,0.0,0.0,0.0,0.0,0.0,0.0,-2.288287,-0.4092552,-0.331522,0.2254793,0.1299544,-2.33365,0.07255718,0.7264258,-0.1322852,0.6704788,16.82724,93.94889,355.6877,0.08587354,0.04749731,-0.9951712,0.0,0.0,0.0,1.535827,-0.006621955,-2.524024,0.1968172,0.2376575,1.324935,-0.09038767,-0.07197405,-0.9933026,0.2828037,0.9544721,-0.09489469,0.9549097,-0.2894869,-0.06591799,moving,-9.004832867699879,10.468526780056674,8.449417492160025,10.169170136781062,1.3103477000000001,-0.136576355,-0.19037399999999982,-0.15397479079228676,0.17952862550894105,0.9716281291707511,-4.280095966367146,10.429904753342626,17.178486706386153,17.45681729366905,12.732183451046325
05/17/2023 13:14:32.096937,3990,True,True,True,True,Eyes,0.2276278,0.1271011,-2.583317,0.9930863,-0.09870351,0.06353798,0.0,0.0,0.0,0.0,0.0,0.0,0.0,-2.277319,-0.397634,-0.3463562,0.2280753,0.1287516,-2.322856,0.07173867,0.7282146,-0.1284327,0.6693743,16.4449,94.23856,355.9668,0.08599839,0.0476214,-0.9951546,0.0,0.0,0.0,1.538844,-0.006621283,-2.524015,0.1933976,0.2358098,1.328145,-0.09358297,-0.06745682,-0.9933236,0.2764214,0.9567172,-0.09101308,0.9564692,-0.2830932,-0.07088592,moving,-8.726261838214187,10.152825769554049,8.28488562257025,10.06784855535219,1.3107687000000001,-0.135372883,-0.2011590000000001,-0.1493916313310809,0.17429620222411554,0.9732948327279762,-4.213171385802063,10.289976726549387,16.7509280677723,17.011359706369337,12.500030796320612
05/17/2023 13:14:32.114893,3991,True,True,True,True,Eyes,0.2282539,0.1271693,-2.572439,0.9936204,-0.09827497,0.0553226,0.0,0.0,0.0,0.0,0.0,0.0,0.0,-2.265464,-0.3914821,-0.3651161,0.2312149,0.130049,-2.312687,0.07104749,0.730646,-0.1253054,0.6673885,16.13732,94.64449,356.2137,0.08616547,0.04775447,-0.9951337,0.0,0.0,0.0,1.541627,-0.006620664,-2.524006,0.1896704,0.2343102,1.330934,-0.09908996,-0.06343371,-0.9930547,0.271076,0.9585016,-0.08827527,0.9574442,-0.2779404,-0.07778247,moving,-8.588842754473157,9.912286971668754,8.110567007827827,9.9845774690004,1.3104121000000002,-0.136669664,-0.21131900000000003,-0.1471621167709664,0.17026615853804286,0.9743473742662869,-4.196670362092622,10.188268099631557,16.45198630097133,16.69956623164919,12.308922842904384
05/17/2023 13:14:32.134675,3992,True,True,True,True,Eyes,0.2289792,0.1272574,-2.561593,0.9940966,-0.09772142,0.04714303,0.0,0.0,0.0,0.0,0.0,0.0,0.0,-2.251885,-0.3893714,-0.3917253,0.2353253,0.1309215,-2.302938,0.07060145,0.7341336,-0.1232468,0.6639832,15.94507,95.24355,356.422,0.08637655,0.04789724,-0.9951084,0.0,0.0,0.0,1.544543,-0.006620015,-2.523997,0.1877665,0.2340638,1.333597,-0.1082839,-0.06000585,-0.9923075,0.2673294,0.9596514,-0.08720295,0.9575019,-0.2747156,-0.08787344,moving,-8.667452203722982,9.773012215509878,8.014394216820081,9.95477025887702,1.3092177,-0.137541515,-0.2210589999999999,-0.14856092606302324,0.1678617067974374,0.9745522510231583,-4.260022128351437,10.13974652925724,16.439803957715444,16.6828365689086,12.275810068391312
05/17/2023 13:14:32.145165,3993,True,True,True,True,Eyes,0.229837,0.1273842,-2.550773,0.9945129,-0.09704727,0.03906159,0.0,0.0,0.0,0.0,0.0,0.0,0.0,-2.240003,-0.3777997,-0.4131482,0.2384814,0.131409,-2.292792,0.0715996,0.7368544,-0.1200552,0.6614422,15.76214,95.7345,356.825,0.08663145,0.04804964,-0.9950787,0.0,0.0,0.0,1.547478,-0.006619361,-2.523988,0.1863292,0.2349639,1.335691,-0.1147354,-0.05330224,-0.9919651,0.2643362,0.9609205,-0.08220848,0.9575815,-0.2716445,-0.0961619,moving,-8.6135547474065,9.686946404586541,7.94152413708464,9.976931385561027,1.3089966,-0.138028361,-0.23119600000000018,-0.14768071294240737,0.16641978603708293,0.9749332031141335,-4.251938636554558,10.103044793393225,16.318031417324363,16.55761843264046,12.194114933186416
05/17/2023 13:14:32.165189,3994,True,True,True,True,Eyes,0.2308208,0.1275306,-2.540032,0.9948605,-0.09639107,0.03100219,0.0,0.0,0.0,0.0,0.0,0.0,0.0,-2.228431,-0.3670355,-0.4342649,0.2424645,0.1323335,-2.283179,0.07320748,0.73942,-0.1173644,0.6588811,15.66624,96.21289,357.2381,0.08693135,0.04821233,-0.9950444,0.0,0.0,0.0,1.55066,-0.006618653,-2.523978,0.1845116,0.2355487,1.338176,-0.1210326,-0.04639617,-0.9915636,0.2629205,0.9617326,-0.07709306,0.9571959,-0.2700332,-0.1042026,moving,-8.554781175287793,9.688821295794774,7.850607392488516,9.983063717671639,1.3081954999999998,-0.138952153,-0.24079899999999999,-0.14667911814921697,0.16647676280913304,0.9750746188699357,-4.224483923465995,10.099914586599269,16.170376430631322,16.408027080138478,12.0756566866655
05/17/2023 13:14:32.184753,3995,True,True,True,True,Eyes,0.2319072,0.1276872,-2.529353,0.9951307,-0.09583189,0.02304668,0.0,0.0,0.0,0.0,0.0,0.0,0.0,-2.216784,-0.359042,-0.4557617,0.246529,0.1329079,-2.274273,0.07507075,0.7420442,-0.1156432,0.6560195,15.67143,96.71178,357.6001,0.08727694,0.04838508,-0.9950052,0.0,0.0,0.0,1.553339,-0.006618056,-2.523969,0.182801,0.2348145,1.340261,-0.128006,-0.04031676,-0.9909538,0.26314,0.9619821,-0.07312899,0.9562281,-0.2701205,-0.1125305,moving,-8.538083370753933,9.776964556584266,7.766766568698996,9.93739582937143,1.30681,-0.139525956,-0.24969600000000014,-0.14635698607309877,0.16798473175353373,0.974864489663962,-4.199624463483985,10.13278923576194,16.068294571041992,16.3056392006375,11.96798616803889
05/17/2023 13:14:32.195264,3996,True,True,True,True,Eyes,0.2330924,0.1278766,-2.518767,0.9953243,-0.09539737,0.0151304,0.0,0.0,0.0,0.0,0.0,0.0,0.0,-2.205107,-0.352675,-0.4754827,0.2500413,0.1332435,-2.265543,0.07728998,0.7444919,-0.1147278,0.6531428,15.77085,97.19212,357.9286,0.08766807,0.04856736,-0.9949614,0.0,0.0,0.0,1.556096,-0.006617442,-2.523961,0.1807459,0.232878,1.342801,-0.1348613,-0.03478383,-0.9902538,0.2649509,0.9617276,-0.06986511,0.9547845,-0.2717907,-0.1204839,moving,-8.515335709178052,9.948162742814025,7.6661432205838045,9.83877616160061,1.3060546999999998,-0.139860942,-0.2584179999999998,-0.14589549624655734,0.17090862515693983,0.9744253667672566,-4.155804141611578,10.197275559066872,15.944216487388198,16.181848651451304,11.827381842677696
05/17/2023 13:14:32.214720,3997,True,True,True,True,Eyes,0.234385,0.1280902,-2.508262,0.9954348,-0.09516269,0.007329178,0.0,0.0,0.0,0.0,0.0,0.0,0.0,-2.193272,-0.3507431,-0.4933884,0.2536501,0.1342167,-2.257109,0.07930219,0.7467369,-0.1147081,0.6503365,15.92982,97.63797,358.1668,0.08810486,0.04875975,-0.9949138,0.0,0.0,0.0,1.558991,-0.006616798,-2.523952,0.1779358,0.2315719,1.345166,-0.1415476,-0.03076205,-0.9894536,0.2676335,0.9611064,-0.06816739,0.9530671,-0.2744598,-0.1278095,moving,-8.481343556699,10.15546752848455,7.535222353607922,9.76779355117328,1.3053409,-0.140833498,-0.26684300000000016,-0.1452257914937533,0.1744504942194816,0.973897628101036,-4.099770413421204,10.274939776877794,15.7823015407598,16.021256962919303,11.64604027054116
05/17/2023 13:14:32.234676,3998,True,True,True,True,Eyes,0.2357674,0.1283207,-2.49786,0.9954693,-0.09508289,-0.0003787279,0.0,0.0,0.0,0.0,0.0,0.0,0.0,-2.181592,-0.3528207,-0.508544,0.2574852,0.1349902,-2.248982,0.08080857,0.7486032,-0.1155213,0.6478565,16.12083,98.01042,358.2883,0.08858633,0.04896181,-0.9948615,0.0,0.0,0.0,1.561783,-0.006616176,-2.523943,0.1747561,0.231146,1.347537,-0.1475038,-0.02869531,-0.9886452,0.2706695,0.9602496,-0.06825444,0.9513047,-0.2776639,-0.1338735,moving,-8.399230202170866,10.371808024078904,7.38919514240676,9.733346994217023,1.3042977999999998,-0.141606376,-0.27496100000000023,-0.14373269422381474,0.17816578014215018,0.9734464001913853,-4.019797462910404,10.3529317630842,15.56090106004882,15.801329290536078,11.425804022211912
05/17/2023 13:14:32.244496,3999,True,True,True,True,Eyes,0.2372489,0.1285581,-2.487551,0.9954355,-0.09510575,-0.007942891,0.0,0.0,0.0,0.0,0.0,0.0,0.0,-2.169983,-0.3579035,-0.5213358,0.2610677,0.1356567,-2.241017,0.08190312,0.7502094,-0.1169575,0.6455995,16.33414,98.33106,358.3205,0.08911292,0.04917365,-0.9948043,0.0,0.0,0.0,1.564654,-0.006615537,-2.523934,0.1719861,0.2311482,1.34979,-0.1529864,-0.02812642,-0.987828,0.2739044,0.9592257,-0.06973199,0.9495113,-0.2812384,-0.1390445,moving,-8.289464693644202,10.593327352183483,7.261325058575814,9.717501326628676,1.3035863,-0.142272237,-0.2829170000000003,-0.14176685886886775,0.18198014088130254,0.9730289892454522,-3.9260707946654723,10.431106929501968,15.333210012535272,15.575433642271095,11.210131976634909
05/17/2023 13:14:32.264323,4000,True,True,True,True,Eyes,0.2388206,0.1287908,-2.477347,0.9953439,-0.09514803,-0.01540527,0.0,0.0,0.0,0.0,0.0,0.0,0.0,-2.157925,-0.3651323,-0.5344447,0.2649266,0.1360585,-2.233135,0.08207224,0.7518848,-0.1183705,0.6433678,16.47561,98.64455,358.2734,0.08968247,0.04939385,-0.9947425,0.0,0.0,0.0,1.567656,-0.006614869,-2.523925,0.1670406,0.2318464,1.352035,-0.1586846,-0.02889372,-0.9869066,0.2757292,0.9585052,-0.07239665,0.9480469,-0.2836071,-0.1441333,moving,-8.18872880091968,10.730772299776683,7.043062304745676,9.730417916448575,1.3027294,-0.142673369,-0.2907900000000003,-0.1399927023760748,0.18436078141055154,0.9728376507840338,-3.85287691206593,10.477472868570054,15.023308603050435,15.264605110479273,10.921519240377794
05/17/2023 13:14:32.285052,4001,True,True,True,True,Eyes,0.2405214,0.1290285,-2.467187,0.995206,-0.09511168,-0.02277913,0.0,0.0,0.0,0.0,0.0,0.0,0.0,-2.145958,-0.3737568,-0.5461783,0.2686973,0.1361976,-2.225398,0.08106495,0.7534251,-0.1194855,0.6414844,16.50211,98.9063,358.1386,0.09029675,0.0496222,-0.9946758,0.0,0.0,0.0,1.570492,-0.006614237,-2.523916,0.1592385,0.2335339,1.354202,-0.1638524,-0.03114346,-0.9859932,0.2754489,0.9583034,-0.07604296,0.9472488,-0.2840506,-0.1484419,moving,-8.051015479215001,10.748005375701197,6.706523999307633,9.784494158388165,1.3017947,-0.142811837,-0.2985179999999996,-0.13764473753098405,0.1847147708213985,0.9731055865333442,-3.786047130715002,10.475086789273313,14.553174509982002,14.788959575509095,10.515273039746392
05/17/2023 13:14:32.294963,4002,True,True,True,True,Eyes,0.2423318,0.1292489,-2.457123,0.9950236,-0.09498417,-0.03010001,0.0,0.0,0.0,0.0,0.0,0.0,0.0,-2.132588,-0.3869065,-0.5595185,0.273264,0.1364749,-2.217519,0.07849941,0.7552144,-0.1206629,0.639476,16.41841,99.17944,357.8639,0.09095643,0.04985797,-0.9946041,0.0,0.0,0.0,1.573644,-0.006613535,-2.523906,0.1472089,0.23563,1.357107,-0.1698166,-0.0357543,-0.9848269,0.2728898,0.9585567,-0.08185577,0.946939,-0.2826497,-0.1530219,moving,-7.947502786114308,10.641425129923137,6.1908158462569505,9.849881144891512,1.30038,-0.143088435,-0.3063870000000004,-0.13593214210520477,0.18294796184451306,0.9736798568878675,-3.7590897744221716,10.427226652897092,13.935159984632024,14.16045887782935,9.966641846481501
05/17/2023 13:14:32.314867,4003,True,True,True,True,Eyes,0.2442561,0.1294527,-2.447174,0.9948055,-0.09475573,-0.03719542,0.0,0.0,0.0,0.0,0.0,0.0,0.0,-2.118831,-0.3998806,-0.573714,0.2777348,0.136284,-2.209702,0.07540729,0.7571447,-0.1215818,0.6373881,16.27438,99.46819,357.5639,0.09166154,0.05009962,-0.9945273,0.0,0.0,0.0,1.576405,-0.006612921,-2.523897,0.1309858,0.2378294,1.359666,-0.1761005,-0.04080119,-0.9835265,0.2691781,0.9590632,-0.08798268,0.9468538,-0.2802375,-0.1579088,moving,-7.873043662257337,10.47658268938568,5.502707844950859,9.921659918132471,1.2986702,-0.14289692099999998,-0.3141949999999998,-0.1347368010607879,0.18017559286064921,0.9743628075025643,-3.7568684205528196,10.358817584338354,13.175939360739761,13.387257660351416,9.26988993687636
05/17/2023 13:14:32.334506,4004,True,True,True,True,Eyes,0.2463043,0.1296279,-2.437312,0.9945434,-0.09445914,-0.04427953,0.0,0.0,0.0,0.0,0.0,0.0,0.0,-2.104883,-0.4113735,-0.5888736,0.2825739,0.1361146,-2.201853,0.07243126,0.7591454,-0.1221738,0.6352366,16.11209,99.77412,357.3006,0.09241354,0.0503462,-0.9944454,0.0,0.0,0.0,1.579162,-0.006612306,-2.523889,0.1141614,0.2408892,1.362391,-0.1824564,-0.0452468,-0.9821723,0.2651902,0.9596546,-0.09347339,0.9467754,-0.2775173,-0.1630961,moving,-7.807618296677408,10.302178168024186,4.789903387424104,10.027035920151205,1.2965881,-0.14272690600000001,-0.3220360000000002,-0.1336966554969189,0.17723403077245767,0.9750451697409748,-3.7606727845893686,10.287315604613983,12.403373186285755,12.600526014336559,8.554536713788107
05/17/2023 13:14:32.345197,4005,True,True,True,True,Eyes,0.2485015,0.1297776,-2.427497,0.994243,-0.09414551,-0.05115993,0.0,0.0,0.0,0.0,0.0,0.0,0.0,-2.090488,-0.4217693,-0.6055701,0.2876388,0.135603,-2.193997,0.06991047,0.7613146,-0.1228407,0.6327896,15.99289,100.124,357.0772,0.09321243,0.05059576,-0.9943583,0.0,0.0,0.0,1.582203,-0.006611629,-2.523879,0.09975912,0.2431302,1.365021,-0.1893795,-0.04901687,-0.9806796,0.2619123,0.9600454,-0.09856355,0.9463282,-0.275518,-0.1689749,moving,-7.79315122819044,10.174364031100797,4.179886573140067,10.09930539601713,1.2945642,-0.142214629,-0.329882,-0.13350313665726643,0.17506309799759545,0.9754638295508041,-3.778892561469374,10.237109389127642,11.787655655501782,11.973273069248435,7.959972063645186
05/17/2023 13:14:32.364302,4006,True,True,True,True,Eyes,0.2508311,0.1299123,-2.417774,0.9938965,-0.09383135,-0.05801241,0.0,0.0,0.0,0.0,0.0,0.0,0.0,-2.076813,-0.4279706,-0.6218241,0.2932671,0.1350812,-2.186029,0.06843351,0.7632692,-0.1230861,0.6305449,15.91414,100.4561,356.9746,0.09406082,0.05084719,-0.9942657,0.0,0.0,0.0,1.585149,-0.006610973,-2.52387,0.0892679,0.2453055,1.367402,-0.1954601,-0.05075628,-0.9793975,0.259689,0.9603333,-0.1015949,0.9457046,-0.2741965,-0.174526,moving,-7.743587010168853,10.104241593475635,3.7351316201379294,10.170411079085977,1.2918819,-0.141692173,-0.33784100000000006,-0.13268731080970797,0.1738883632875627,0.9757852885406402,-3.7697018440334467,10.206836071647736,11.301705736468813,11.47890934691001,7.504921858689115
05/17/2023 13:14:32.384648,4007,True,True,True,True,Eyes,0.2533007,0.1300195,-2.408104,0.9935029,-0.0936183,-0.06471145,0.0,0.0,0.0,0.0,0.0,0.0,0.0,-2.063498,-0.433408,-0.6381075,0.2988118,0.1348589,-2.178433,0.06758674,0.7652296,-0.1234593,0.6281828,15.89427,100.8043,356.9203,0.09495949,0.05109959,-0.9941674,0.0,0.0,0.0,1.587885,-0.006610364,-2.523861,0.08304963,0.2465365,1.369323,-0.201637,-0.0516712,-0.9780965,0.2585487,0.9603797,-0.1040357,0.9447197,-0.273863,-0.1802887,moving,-7.714434002864946,10.092042025003066,3.470745503766114,10.206338992091412,1.2890732,-0.141469264,-0.34542800000000007,-0.1321954447196097,0.17369210516882888,0.9758869745835363,-3.7586402688511624,10.200223463390639,11.013023316714314,11.185763469350004,7.22938835926058
05/17/2023 13:14:32.394881,4008,True,True,True,True,Eyes,0.2559052,0.1301089,-2.398531,0.9930627,-0.09345172,-0.07136703,0.0,0.0,0.0,0.0,0.0,0.0,0.0,-2.050375,-0.436366,-0.6545507,0.3044764,0.1342681,-2.17075,0.067555,0.7671558,-0.1237745,0.6257701,15.92963,101.164,356.9444,0.09590924,0.05135159,-0.9940634,0.0,0.0,0.0,1.590958,-0.00660968,-2.523852,0.08031954,0.2481057,1.371082,-0.2076962,-0.05125838,-0.9768494,0.2585592,0.9602324,-0.1053609,0.9434032,-0.2744565,-0.1861833,moving,-7.689494311763447,10.141765613809895,3.352620191436394,10.257028133766049,1.2864816000000001,-0.14087778,-0.35310200000000025,-0.13175036763674897,0.17454939078813222,0.9757942169721763,-3.737463046316307,10.217751406648308,10.870520302277138,11.042716067629508,7.090192026987344
05/17/2023 13:14:32.414736,4009,True,True,True,True,Eyes,0.258665,0.1301789,-2.389028,0.9925774,-0.09336857,-0.07792487,0.0,0.0,0.0,0.0,0.0,0.0,0.0,-2.03795,-0.4388043,-0.6701603,0.3103507,0.1339388,-2.163479,0.06783682,0.7689196,-0.1240849,0.6235094,15.98682,101.5013,356.9939,0.09691169,0.05160257,-0.9939533,0.0,0.0,0.0,1.593579,-0.006609097,-2.523843,0.08088119,0.2514177,1.371863,-0.2132688,-0.05041403,-0.9756922,0.2590583,0.9600022,-0.1062288,0.9420221,-0.2754163,-0.1916783,moving,-7.644081163392412,10.212878722568302,3.374092485816746,10.38520028161634,1.2832283000000002,-0.140547897,-0.3603639999999997,-0.13094778904266324,0.1757792134298764,0.9756814105485121,-3.7026843443937465,10.242180495209347,10.844671484382976,11.019521100476183,7.078221878685916
05/17/2023 13:14:32.434906,4010,True,True,True,True,Eyes,0.261572,0.1302319,-2.379622,0.9920496,-0.09329274,-0.08446336,0.0,0.0,0.0,0.0,0.0,0.0,0.0,-2.024845,-0.4434314,-0.6863879,0.3166662,0.1335193,-2.156304,0.06764862,0.7707568,-0.1246786,0.6211385,16.03545,101.8454,356.9818,0.09796938,0.05185198,-0.9938368,0.0,0.0,0.0,1.596642,-0.006608414,-2.523834,0.08423591,0.2558948,1.37276,-0.2192217,-0.05060404,-0.9743621,0.2591665,0.9597578,-0.1081554,0.9406248,-0.276232,-0.1972848,moving,-7.616701122907056,10.266447581099358,3.511406311552918,10.55925587824971,1.2799757999999999,-0.14012771400000001,-0.3675299999999999,-0.13045961356210567,0.1767028350090606,0.9755800329590305,-3.679633579679342,10.261030382608975,10.95213931872242,11.131959026683642,7.197221211241448
05/17/2023 13:14:32.445327,4011,True,True,True,True,Eyes,0.2646348,0.1302393,-2.370287,0.9914869,-0.09322686,-0.09089811,0.0,0.0,0.0,0.0,0.0,0.0,0.0,-2.011163,-0.4499112,-0.7027466,0.3231343,0.1331707,-2.149162,0.06676686,0.7726403,-0.1253304,0.618758,16.03925,102.1856,356.9029,0.09908287,0.052099,-0.9937135,0.0,0.0,0.0,1.59939,-0.006607803,-2.523825,0.08721948,0.2549415,1.371985,-0.2253615,-0.05192484,-0.9728906,0.2582719,0.9596689,-0.1110456,0.9394189,-0.2762957,-0.2028617,moving,-7.599585106020521,10.265887321136274,3.6374977768301187,10.526608861370027,1.2762557,-0.139778503,-0.37466299999999997,-0.13016823525439797,0.17670011910080663,0.9756194366345714,-3.671853639848864,10.259692465230621,11.058814364703807,11.240107091909609,7.314223300873107
05/17/2023 13:14:32.464875,4012,True,True,True,True,Eyes,0.2678537,0.1302111,-2.36106,0.9908895,-0.09310921,-0.09730699,0.0,0.0,0.0,0.0,0.0,0.0,0.0,-1.998446,-0.4519472,-0.7185013,0.3298294,0.13206,-2.141975,0.06626066,0.7743199,-0.1252444,0.6167271,16.00301,102.4921,356.9068,0.1002544,0.05234203,-0.9935833,0.0,0.0,0.0,1.602432,-0.006607126,-2.523816,0.07687481,0.2597087,1.375457,-0.2305148,-0.0518693,-0.9716856,0.2570971,0.9598467,-0.112229,0.9384905,-0.2756879,-0.2079235,moving,-7.532387859050395,10.241127135472729,3.1989545814048173,10.692494861642448,1.2726026000000001,-0.138667126,-0.3818410000000001,-0.1290332168278039,0.17630486630486136,0.9758416877609954,-3.645702688016395,10.245745261308405,10.566856939441289,10.74083066613299,6.859221409259164
05/17/2023 13:14:32.484757,4013,True,True,True,True,Eyes,0.2712316,0.1301355,-2.351933,0.9902604,-0.0929021,-0.1036988,0.0,0.0,0.0,0.0,0.0,0.0,0.0,-1.98556,-0.4540973,-0.7357841,0.3368163,0.1311646,-2.13527,0.06547973,0.7761983,-0.1249085,0.6145133,15.9253,102.8304,356.9082,0.1014847,0.05257971,-0.9934458,0.0,0.0,0.0,1.60518,-0.006606514,-2.523807,0.06787497,0.2825602,1.372082,-0.2361716,-0.05186535,-0.9703264,0.2551664,0.9602205,-0.1134311,0.9376104,-0.2743838,-0.2135426,moving,-7.49559656834672,10.177642183429281,2.8320331400543037,11.636547524822697,1.2683637,-0.137771114,-0.38853700000000035,-0.12843143455653327,0.17523730172429317,0.9761132904617935,-3.6411067615454007,10.218867241619128,10.256720562459579,10.430164916672874,6.626564537606677
05/17/2023 13:14:32.494907,4014,True,True,True,True,Eyes,0.2747691,0.130003,-2.342913,0.9895935,-0.09262627,-0.1101141,0.0,0.0,0.0,0.0,0.0,0.0,0.0,-1.971779,-0.4563602,-0.7547652,0.3440164,0.1299458,-2.128524,0.06439101,0.7783169,-0.1244645,0.6120335,15.81693,103.2087,356.8947,0.1027755,0.05281045,-0.9933009,0.0,0.0,0.0,1.608234,-0.006605834,-2.523797,0.07512389,0.2880062,1.373404,-0.2425373,-0.05211965,-0.968741,0.2525861,0.9607248,-0.1149267,0.9366833,-0.2725646,-0.2198469,moving,-7.498241210735015,10.08308667901514,3.1309044856710404,11.843450515951675,1.2642175999999998,-0.136551634,-0.395273,-0.12851378556111698,0.17362432346436085,0.9763907196289132,-3.660737491867105,10.182600177090006,10.594746907693553,10.773932386729614,6.9917683456444095
05/17/2023 13:14:32.515780,4015,True,True,True,True,Eyes,0.2784727,0.1298199,-2.333989,0.9888881,-0.09231005,-0.1165298,0.0,0.0,0.0,0.0,0.0,0.0,0.0,-1.957642,-0.4584628,-0.7748616,0.3514141,0.1284306,-2.122021,0.06326289,0.7805734,-0.1240053,0.6093652,15.70538,103.6141,356.8817,0.1041291,0.05303253,-0.993148,0.0,0.0,0.0,1.611147,-0.006605185,-2.523788,0.07421759,0.2879502,1.375491,-0.249344,-0.05236641,-0.9669982,0.2498917,0.9612409,-0.1164901,0.9356185,-0.2706909,-0.2265939,moving,-7.527765502861344,9.985988113390752,3.0885226678612794,11.823752416906222,1.2597329000000002,-0.13503578500000002,-0.401767,-0.1290552118665727,0.17195720096429482,0.9766142981071146,-3.693252645589531,10.147115083668265,10.597985049251383,10.77417988336471,6.985956566522449
05/17/2023 13:14:32.534690,4016,True,True,True,True,Eyes,0.2823413,0.1295889,-2.325172,0.9881362,-0.0919644,-0.1230018,0.0,0.0,0.0,0.0,0.0,0.0,0.0,-1.942908,-0.4613329,-0.7956387,0.3590454,0.1270089,-2.115588,0.06214762,0.782926,-0.1237225,0.6065123,15.61178,104.0414,356.8594,0.1055463,0.05324434,-0.9929871,0.0,0.0,0.0,1.613932,-0.006604565,-2.523779,0.07318591,0.2803601,1.377912,-0.256561,-0.05276447,-0.9650868,0.2473924,0.9616609,-0.1183446,0.9343305,-0.2691178,-0.2336712,moving,-7.578831468479176,9.906123095485912,3.040330076199134,11.500827929661233,1.2548865999999999,-0.13361346500000001,-0.4081910000000004,-0.12995726809036606,0.17057545882249492,0.9767369987560748,-3.732340982136061,10.119683683555131,10.567018930831978,10.738234278507653,6.912064285939705
05/17/2023 13:14:32.544790,4017,True,True,True,True,Eyes,0.2863876,0.129284,-2.316454,0.9873418,-0.09161276,-0.1294728,0.0,0.0,0.0,0.0,0.0,0.0,0.0,-1.92738,-0.466038,-0.8170049,0.3669073,0.1256199,-2.109284,0.06091787,0.7853749,-0.1238485,0.6034375,15.54857,104.4897,356.7997,0.1070286,0.05344466,-0.9928176,0.0,0.0,0.0,1.616891,-0.006603906,-2.52377,0.07873397,0.2726874,1.38092,-0.2643042,-0.05378295,-0.9629385,0.2451564,0.9619011,-0.1210147,0.9327602,-0.2680553,-0.2410492,moving,-7.6596431852406,9.850692017631937,3.2632197933394997,11.170367193126893,1.2499837,-0.132223806,-0.4144859999999997,-0.13135721816450857,0.16959885709036399,0.9767197359896141,-3.780381831217629,10.103618710968053,10.829907629884456,11.002294225190187,7.123922807670786
05/17/2023 13:14:32.564898,4018,True,True,True,True,Eyes,0.2906079,0.128914,-2.307838,0.9865057,-0.09122532,-0.1359574,0.0,0.0,0.0,0.0,0.0,0.0,0.0,-1.9117,-0.4680742,-0.8394499,0.3752213,0.123534,-2.10293,0.05998671,0.7878823,-0.1235821,0.6003088,15.4714,104.9553,356.797,0.1085774,0.05363119,-0.9926394,0.0,0.0,0.0,1.619698,-0.006603281,-2.523762,0.08069278,0.2640355,1.383794,-0.272062,-0.05384989,-0.9607718,0.2428997,0.9622581,-0.1227152,0.9311187,-0.2667573,-0.2487138,moving,-7.746006708531042,9.78961833402233,3.3372929929607804,10.802503980377105,1.2444767,-0.130137281,-0.4208319999999999,-0.13285416397146627,0.16852372065655308,0.976703382019263,-3.8320803164037676,10.085743089285177,10.959533701849267,11.129486493350907,7.205113449767996
05/17/2023 13:14:32.584491,4019,True,True,True,True,Eyes,0.2950031,0.1284841,-2.299325,0.9856375,-0.09087225,-0.1423405,0.0,0.0,0.0,0.0,0.0,0.0,0.0,-1.897082,-0.4690895,-0.8598189,0.3836489,0.1215899,-2.096731,0.05929632,0.7900441,-0.1232115,0.5976064,15.40004,105.3599,356.8147,0.1101954,0.05380238,-0.9924518,0.0,0.0,0.0,1.622551,-0.006602646,-2.523752,0.0771542,0.2581266,1.385455,-0.2787016,-0.05357057,-0.9588827,0.2409574,0.9626058,-0.1238134,0.9296588,-0.2655568,-0.2553716,moving,-7.7734665324391194,9.738788403884623,3.1874357063719616,10.553873819844714,1.2389021,-0.128192546,-0.4270209999999999,-0.13334248164062829,0.1676460705667623,0.97678781870988,-3.8546345325069478,10.067953978306292,10.826992785923853,10.99116654973823,7.058815151404999
05/17/2023 13:14:32.594843,4020,True,True,True,True,Eyes,0.2995829,0.127997,-2.290914,0.9847381,-0.09048907,-0.1486697,0.0,0.0,0.0,0.0,0.0,0.0,0.0,-1.882867,-0.4708503,-0.8787453,0.392234,0.1197166,-2.09067,0.05836602,0.7919774,-0.1229509,0.5951877,15.32098,105.7176,356.7958,0.1118831,0.0539568,-0.9922546,0.0,0.0,0.0,1.625538,-0.006601981,-2.523743,0.07730755,0.2530179,1.387918,-0.2846903,-0.05390862,-0.9571028,0.2388069,0.962953,-0.1252712,0.9283982,-0.2642262,-0.2612695,moving,-7.76229710676941,9.6801140741021,3.188101939203747,10.33158487586692,1.233304,-0.126318581,-0.43307300000000026,-0.13317489460962967,0.16664950017280297,0.9769813041287094,-3.860911393755659,10.04460948992041,10.809172061387805,10.969760866655294,7.054852503091658
05/17/2023 13:14:32.614608,4021,True,True,True,True,Eyes,0.3043523,0.1274596,-2.282619,0.9838191,-0.0901311,-0.1548429,0.0,0.0,0.0,0.0,0.0,0.0,0.0,-1.869539,-0.4722016,-0.8959219,0.4012665,0.1178478,-2.084688,0.0576332,0.7935697,-0.1227352,0.5931792,15.25833,106.0141,356.7832,0.1136427,0.05409336,-0.9920472,0.0,0.0,0.0,1.628397,-0.006601344,-2.523734,0.07722913,0.2493171,1.389192,-0.2896335,-0.054136,-0.9556053,0.2370798,0.963229,-0.1264242,0.9273109,-0.2631715,-0.2661489,moving,-7.6983537050056166,9.64077186239051,3.1819598418923887,10.17450977018057,1.2271305000000001,-0.124449144,-0.43904600000000027,-0.1320990848303919,0.16600271549211218,0.9772373768070111,-3.839099589578363,10.025255866264688,10.736145471710577,10.893397038253235,7.022645674393557
05/17/2023 13:14:32.634727,4022,True,True,True,True,Eyes,0.309309,0.1268843,-2.274428,0.982875,-0.08974242,-0.1609446,0.0,0.0,0.0,0.0,0.0,0.0,0.0,-1.85651,-0.4754504,-0.9120464,0.4106323,0.1161172,-2.079041,0.05649997,0.7949738,-0.1228157,0.5913886,15.19456,106.2689,356.7071,0.1154764,0.05421132,-0.991829,0.0,0.0,0.0,1.631247,-0.00660071,-2.523725,0.07556823,0.2484123,1.389862,-0.2941341,-0.05543167,-0.9541551,0.2350956,0.963448,-0.1284437,0.9263988,-0.2620974,-0.2703512,moving,-7.606985538184684,9.596391738080683,3.1121662845305345,10.133566596584524,1.2206146999999998,-0.12271791,-0.4446840000000001,-0.13055662625978925,0.16527979678771215,0.9775672293786706,-3.805628271362906,10.002162931729261,10.579056466576803,10.732603254897091,6.919042451140643
05/17/2023 13:14:32.645308,4023,True,True,True,True,Eyes,0.314459,0.1262787,-2.266345,0.9819117,-0.08933537,-0.1669391,0.0,0.0,0.0,0.0,0.0,0.0,0.0,-1.84315,-0.4803472,-0.9275845,0.4200991,0.1146255,-2.073337,0.05501337,0.7963123,-0.123134,0.5896595,15.12849,106.5066,356.5793,0.1173852,0.0543105,-0.9915994,0.0,0.0,0.0,1.634162,-0.006600061,-2.523716,0.07385686,0.2502699,1.390651,-0.2985506,-0.05759867,-0.9526542,0.23283,0.963623,-0.131228,0.9255582,-0.2609846,-0.2742796,moving,-7.512888920773859,9.545147067300226,3.04009734933109,10.202086875424584,1.2140628999999998,-0.12122556100000001,-0.45037899999999986,-0.12896934803626692,0.16443984616405033,0.9779194763882048,-3.772236027811945,9.976245635479085,10.422793407355915,10.573414260706993,6.816075873037004
05/17/2023 13:14:32.664371,4024,True,True,True,True,Eyes,0.3198063,0.125664,-2.258366,0.9809273,-0.08883028,-0.1728891,0.0,0.0,0.0,0.0,0.0,0.0,0.0,-1.829123,-0.4863725,-0.9438534,0.4299269,0.113306,-2.067712,0.05306542,0.797738,-0.1234768,0.5878364,15.03398,106.7544,356.4082,0.1193716,0.05439108,-0.9913579,0.0,0.0,0.0,1.637124,-0.006599401,-2.523707,0.07229063,0.253098,1.391266,-0.3032649,-0.06050362,-0.9509835,0.2298328,0.9638751,-0.1346166,0.9247741,-0.2593918,-0.2784038,moving,-7.436345485982349,9.465171894641342,2.9744322389485545,10.310449162713928,1.2071971000000001,-0.11990540100000001,-0.4559949999999997,-0.12769152970696063,0.16310184939387432,0.9783110381644338,-3.752528694819976,9.940406645772207,10.297309020877787,10.445036452681135,6.737131056228056
05/17/2023 13:14:32.684504,4025,True,True,True,True,Eyes,0.325355,0.1250214,-2.250506,0.979921,-0.08822349,-0.1788053,0.0,0.0,0.0,0.0,0.0,0.0,0.0,-1.814889,-0.491656,-0.9609703,0.4400277,0.1124512,-2.062217,0.05072127,0.7992574,-0.1233191,0.5860098,14.86686,107.0115,356.2357,0.1214364,0.0544541,-0.9911036,0.0,0.0,0.0,1.63992,-0.006598779,-2.523698,0.07174522,0.2569727,1.391208,-0.3080399,-0.06345375,-0.949255,0.2256111,0.9644395,-0.1376812,0.9242354,-0.2565738,-0.2827699,moving,-7.3649527856438555,9.318018152287342,2.9521537835618723,10.465257737773932,1.1998923000000001,-0.119049979,-0.46148100000000003,-0.1265247535763684,0.16061291514297962,0.9788742840419213,-3.7482763727564112,9.879015577390525,10.236175785171081,10.380695864288453,6.726027367645069
05/17/2023 13:14:32.694707,4026,True,True,True,True,Eyes,0.331105,0.1243579,-2.242752,0.9789034,-0.08744137,-0.1846679,0.0,0.0,0.0,0.0,0.0,0.0,0.0,-1.801077,-0.4934989,-0.9790275,0.45054,0.1111481,-2.056836,0.04825321,0.8007989,-0.1223223,0.5843201,14.61376,107.2665,356.1087,0.1235819,0.05449963,-0.9908358,0.0,0.0,0.0,1.642912,-0.006598112,-2.523689,0.07182926,0.2617499,1.391388,-0.3124831,-0.06566852,-0.9476507,0.220233,0.9654177,-0.1395205,0.9240409,-0.2523018,-0.2872145,moving,-7.279995718911709,9.101151438181423,2.9552240313028593,10.65404747017556,1.192372,-0.117746212,-0.46685299999999996,-0.12514813490547988,0.15693433397848688,0.9796477183956769,-3.7513464830201246,9.789868880742583,10.21196344644068,10.35235284470953,6.762018389358374
05/17/2023 13:14:32.714905,4027,True,True,True,True,Eyes,0.3370458,0.1236342,-2.235118,0.9778494,-0.08659067,-0.1905589,0.0,0.0,0.0,0.0,0.0,0.0,0.0,-1.78756,-0.4941356,-0.9971139,0.4611372,0.1099428,-2.051595,0.04571359,0.8023136,-0.120995,0.5827207,14.32539,107.5148,355.9957,0.1258095,0.05452809,-0.9905539,0.0,0.0,0.0,1.645838,-0.006597461,-2.523679,0.07173273,0.2650555,1.391504,-0.3166937,-0.06765937,-0.9461117,0.2143659,0.9665409,-0.1408754,0.9239873,-0.2474284,-0.2915936,moving,-7.180602484069891,8.85580286410339,2.9510139955969796,10.784580734411332,1.1847007999999999,-0.11654026099999999,-0.47208400000000017,-0.12353012022042387,0.15276913237772835,0.9805110856953643,-3.7533087088718364,9.688799326426588,10.178555315290614,10.313575353098797,6.793281962331689
05/17/2023 13:14:32.734952,4028,True,True,True,True,Eyes,0.3431846,0.1228979,-2.227589,0.9767863,-0.08560185,-0.1963693,0.0,0.0,0.0,0.0,0.0,0.0,0.0,-1.773553,-0.4923462,-1.016762,0.4718551,0.1077889,-2.046322,0.04371256,0.804019,-0.1195174,0.5808254,14.06174,107.8112,355.9479,0.1281203,0.05453805,-0.9902571,0.0,0.0,0.0,1.648553,-0.006596856,-2.523671,0.07245004,0.2659211,1.391904,-0.321462,-0.06854602,-0.9444382,0.2091289,0.9676096,-0.1414098,0.9235405,-0.2429673,-0.2967147,moving,-7.126606418881899,8.647166509133886,2.9796155082346503,10.815934581988813,1.1766979,-0.114385756,-0.47734900000000025,-0.12267339535373611,0.1492136783728661,0.9811659242107974,-3.7690466077926934,9.6048540766529,10.205397432727128,10.336308654155323,6.856468212331138
05/17/2023 13:14:32.745544,4029,True,True,True,True,Eyes,0.3495353,0.1223545,-2.220235,0.9756833,-0.08463576,-0.2021856,0.0,0.0,0.0,0.0,0.0,0.0,0.0,-1.76144,-0.4885497,-1.03439,0.4827612,0.1067105,-2.041291,0.04253658,0.8053713,-0.1176692,0.5794148,13.81735,108.049,355.9938,0.1305155,0.05453034,-0.9899447,0.0,0.0,0.0,1.651445,-0.006596212,-2.523662,0.07257563,0.2640095,1.392339,-0.3249381,-0.06784313,-0.9432986,0.2048741,0.9686891,-0.1402422,0.9232777,-0.2388275,-0.3008648,moving,-7.000851367142442,8.472592606371322,2.9838404235038736,10.736720594864096,1.1686838000000002,-0.113306712,-0.48237099999999966,-0.12057335541124498,0.14626140520282782,0.9818705606799683,-3.745077081220641,9.52933204735099,10.112647402716526,10.238180780904207,6.836381929796915
05/17/2023 13:14:32.764592,4030,True,True,True,True,Eyes,0.3560885,0.1220187,-2.213016,0.9745264,-0.0836845,-0.2080748,0.0,0.0,0.0,0.0,0.0,0.0,0.0,-1.74861,-0.4932577,-1.051553,0.494616,0.110875,-2.037097,0.04073756,0.8067122,-0.1164125,0.5779309,13.5863,108.2803,355.9394,0.1329964,0.05451462,-0.9896153,0.0,0.0,0.0,1.654493,-0.006595534,-2.523652,0.07215983,0.2611849,1.393205,-0.3286725,-0.06882978,-0.9419325,0.2002837,0.9695772,-0.1407357,0.9229631,-0.2349097,-0.304888,moving,-6.879671187235782,8.299329701249375,2.96493522300883,10.618024910897603,1.159877,-0.117470534,-0.4865549999999996,-0.11854786629784814,0.14332674955715857,0.9825496264768804,-3.7229609064050977,9.454615154103472,9.994266852518807,10.113981552676224,6.788333882480559
05/17/2023 13:14:32.784328,4031,True,True,True,True,Eyes,0.3628245,0.1217285,-2.205886,0.9732647,-0.08305867,-0.2141427,0.0,0.0,0.0,0.0,0.0,0.0,0.0,-1.730338,-0.5081537,-1.072621,0.5060742,0.1155206,-2.033063,0.03846497,0.8089223,-0.1174302,0.574783,13.54457,108.6983,355.7077,0.1355638,0.05450042,-0.9892676,0.0,0.0,0.0,1.657281,-0.006594913,-2.523643,0.07168695,0.2576859,1.393626,-0.3362902,-0.07276335,-0.9389434,0.197224,0.9694611,-0.1457657,0.9208755,-0.2342018,-0.3116697,moving,-6.974607430940343,8.261154746649867,2.9446513971739074,10.475855079606147,1.1512068,-0.122115513,-0.49058,-0.12018772601570638,0.14264374421888854,0.9824498397587218,-3.7741518664590394,9.446126361344849,10.044863125304401,10.163493162486958,6.797253749023704
05/17/2023 13:14:32.795027,4032,True,True,True,True,Eyes,0.369714,0.1214667,-2.198853,0.971934,-0.08272906,-0.220228,0.0,0.0,0.0,0.0,0.0,0.0,0.0,-1.712889,-0.5103897,-1.094661,0.5173962,0.1163833,-2.027689,0.04016045,0.8112035,-0.1177417,0.5713783,13.70474,109.189,355.9041,0.138218,0.05448926,-0.9889009,0.0,0.0,0.0,1.6603,-0.006594241,-2.523634,0.07028478,0.2554912,1.393866,-0.3438282,-0.06939349,-0.9364651,0.1997067,0.9690481,-0.1451313,0.9175509,-0.2369185,-0.3193277,moving,-7.095482649554741,8.452932887652555,2.886657254798467,10.386833561341396,1.1429038,-0.122977541,-0.49594499999999986,-0.12220155607754218,0.14589522399023214,0.9817237559606828,-3.792522207627119,9.527958788064,10.04579036900146,10.16774748337973,6.734174349351228
05/17/2023 13:14:32.814908,4033,True,True,True,True,Eyes,0.3767319,0.1212448,-2.191904,0.9705293,-0.08273929,-0.2263343,0.0,0.0,0.0,0.0,0.0,0.0,0.0,-1.697245,-0.5142183,-1.113377,0.528035,0.1168547,-2.022917,0.04370106,0.8130843,-0.1193083,0.5681106,14.10322,109.6434,356.187,0.1409579,0.05448177,-0.9885145,0.0,0.0,0.0,1.663048,-0.006593629,-2.523625,0.07009479,0.2539601,1.393175,-0.3506811,-0.06449533,-0.9342715,0.2066259,0.9677115,-0.1443613,0.9134159,-0.2436695,-0.3260317,moving,-7.182322652202492,8.877655526261867,2.8802928278150164,10.330941940670114,1.135013,-0.12344832900000001,-0.5007079999999999,-0.12355233182091402,0.15314266544187208,0.980450035926185,-3.749846427210726,9.697333812038497,10.036201563552998,10.167018820725747,6.660345771932668
05/17/2023 13:14:32.834703,4034,True,True,True,True,Eyes,0.5558091,0.1178012,-2.020761,0.9229075,-0.08423237,-0.3756951,0.0,0.0,0.0,0.0,0.0,0.0,0.0,-1.685073,-0.5174364,-1.126394,0.5381389,0.1176213,-2.018055,0.04570507,0.8140773,-0.1201804,0.5663443,14.32618,109.8891,356.3482,0.1437814,0.05447906,-0.988108,0.0,0.0,0.0,1.6659,-0.006592994,-2.523617,0.06927669,0.2535228,1.392486,-0.3543303,-0.061712,-0.9330817,0.2105418,0.9669355,-0.1439026,0.9111103,-0.2474418,-0.3296215,moving,1.6702489524342796,9.613200651652203,2.848137818349193,10.318528466341768,1.1277610999999998,-0.124214294,-0.5055620000000003,0.028738260373666003,0.16692694936467453,0.9855504349563122,0.4736636086466368,9.400493334292094,1.353342318308178,1.3729200656342224,2.5457643795567653
05/17/2023 13:14:32.850210,4035,True,True,True,True,Eyes,0.5562339,0.1178058,-2.02058,0.9227618,-0.08436015,-0.3760241,0.0,0.0,0.0,0.0,0.0,0.0,0.0,-1.668545,-0.5301886,-1.142425,0.5488316,0.1195351,-2.013645,0.0447751,0.8156134,-0.1220092,0.563812,14.44876,110.2052,356.1784,0.1621547,0.05480862,-0.9852413,0.5372314,-0.01033077,0.5134306,1.668811,-0.006592346,-2.523607,0.06854185,0.2546799,1.391474,-0.360223,-0.06454219,-0.9306311,0.2106189,0.9662179,-0.1485353,0.9087792,-0.2495142,-0.33446,moving,1.3362014241513391,9.71445538574532,2.8200218344685397,10.37197915001648,1.1199794,-0.126127446,-0.5099620000000002,0.022984806675792613,0.1686934914752029,0.9854005798780793,0.3394122514960145,9.46141326452146,1.5982843729348142,1.6229789002495452,2.6424522956833973
05/17/2023 13:14:32.864511,4036,True,True,True,True,Eyes,0.5570495,0.1178962,-2.020227,0.9225363,-0.0844961,-0.3765466,0.0,0.0,0.0,0.0,0.0,0.0,0.0,-1.651416,-0.5398767,-1.15956,0.5595781,0.1196973,-2.008922,0.04306374,0.8172442,-0.123216,0.5613155,14.46212,110.5237,355.9767,0.1770447,0.0550575,-0.9826609,0.5049976,-0.009710927,0.4826248,1.671805,-0.006591679,-2.523598,0.06809404,0.2560413,1.390251,-0.3661407,-0.06793894,-0.928076,0.2087133,0.9659266,-0.1530505,0.9068514,-0.2497399,-0.3394853,moving,1.013002541988462,9.705546083734976,2.804087660292566,10.435180659529665,1.1122269,-0.126288979,-0.5146759999999997,0.017426346164674367,0.16855920597402183,0.9855375559790791,0.18871014532334796,9.479166289533948,1.9044162297887002,1.933999099070504,2.7846297817564314
05/17/2023 13:14:32.884705,4037,True,True,True,True,Eyes,0.5582592,0.1180195,-2.01971,0.9221255,-0.08479993,-0.377483,0.0,0.0,0.0,0.0,0.0,0.0,0.0,-1.634478,-0.5534644,-1.174462,0.5698151,0.1218688,-2.004411,0.04073254,0.8186839,-0.1247949,0.5590384,14.47024,110.7976,355.686,0.1891669,0.05525104,-0.9803886,0.4746977,-0.009128272,0.4536673,1.674548,-0.006591069,-2.523589,0.06728154,0.2571694,1.38842,-0.371634,-0.07283608,-0.9255178,0.2062244,0.9655342,-0.1587929,0.9051849,-0.2498772,-0.3438048,moving,0.7469494565095236,9.68568543784886,2.7743298314374205,10.493654870958636,1.1047329,-0.128459869,-0.5191779999999997,0.012850561896290691,0.1682292077131545,0.9856640796429625,0.062214971192120494,9.488952753173244,2.149187861601471,2.18244949299692,2.8922298250045473
05/17/2023 13:14:32.894889,4038,True,True,True,True,Eyes,0.5598206,0.1181501,-2.01901,0.9216033,-0.08516026,-0.3786754,0.0,0.0,0.0,0.0,0.0,0.0,0.0,-1.611763,-0.5713125,-1.194844,0.5805546,0.1228346,-1.999925,0.0378811,0.8210304,-0.1274826,0.5551777,14.56011,111.2661,355.2976,0.1990891,0.05540561,-0.9784131,0.4462158,-0.008580576,0.4264472,1.674548,-0.006591069,-2.523589,0.06697732,0.2564858,1.384116,-0.3806853,-0.07934791,-0.9212941,0.2037541,0.9646264,-0.1672726,0.9019772,-0.2513956,-0.3510517,static,0.2783144939480045,9.72832044553178,2.7703795524798664,10.498201568243681,1.0939934,-0.129425669,-0.5236639999999999,0.004787636404590734,0.1689746383670061,0.9856087566299898,-0.14548417453127893,9.536103990349213,2.567792903097383,2.6082762888665663,3.070487424479985
05/17/2023 13:14:32.915155,4039,True,True,True,True,Eyes,0.5617386,0.1182773,-2.018119,0.9209301,-0.08570723,-0.3801869,0.0,0.0,0.0,0.0,0.0,0.0,0.0,-1.591065,-0.5831231,-1.213105,0.5906193,0.1231705,-1.994779,0.03625143,0.8230894,-0.1293219,0.551802,14.64884,111.6906,355.076,0.2072629,0.05553222,-0.9767072,0.4194429,-0.008065742,0.4008604,1.674548,-0.006591069,-2.523589,0.06802341,0.2554677,1.379577,-0.3884007,-0.08304385,-0.9177411,0.2023965,0.9639233,-0.1728797,0.8989887,-0.2528942,-0.3575806,static,-0.09646967521833032,9.759022029552986,2.8228220482739257,10.491094652977988,1.0839287,-0.129761569,-0.5288099999999998,-0.0016593484149290405,0.169504462962536,0.9855280518029474,-0.31224972526308115,9.572504075042142,2.9625854077304354,3.009683453923145,3.2668767462365316
05/17/2023 13:14:32.934567,4040,True,True,True,True,Eyes,0.5639799,0.118442,-2.017077,0.9201628,-0.08632264,-0.3819017,0.0,0.0,0.0,0.0,0.0,0.0,0.0,-1.572267,-0.5895044,-1.231245,0.6009045,0.1231829,-1.989784,0.03620389,0.825044,-0.130363,0.5486323,14.76385,112.1136,355.058,0.2140511,0.05563848,-0.9752359,0.3942763,-0.007581797,0.3768088,1.674548,-0.006591069,-2.523589,0.06800672,0.2531158,1.374992,-0.3953842,-0.08330302,-0.9147307,0.2027822,0.9633895,-0.1753851,0.8958521,-0.2548356,-0.3640166,static,-0.4238565153971031,9.81193530360808,2.831525857841963,10.43053513999515,1.0736435,-0.129773969,-0.5338049999999999,-0.007289421042818323,0.1704102457754852,0.9853462830999558,-0.45284408120407305,9.614357226616608,3.2616242795472554,3.313635488941674,3.3842624429550687
05/17/2023 13:14:32.945440,4041,True,True,True,True,Eyes,0.5665336,0.1186207,-2.015878,0.9192419,-0.08712095,-0.3839327,0.0,0.0,0.0,0.0,0.0,0.0,0.0,-1.55488,-0.5925994,-1.249183,0.6109597,0.1242595,-1.985088,0.03752282,0.8270098,-0.1307065,0.5454931,14.89972,112.5571,355.2196,0.2197438,0.05573188,-0.9739637,0.3706197,-0.007126889,0.3542002,1.674548,-0.006591069,-2.523589,0.06712919,0.2503031,1.370356,-0.4020588,-0.08053553,-0.9120653,0.2046625,0.9630157,-0.1752543,0.8924473,-0.257128,-0.3707063,static,-0.7212447669046187,9.87704834012796,2.804488109075622,10.351280824245706,1.0635883,-0.130850569,-0.5385009999999999,-0.012401218323420449,0.17152128291322943,0.9851023845599487,-0.5772361018627159,9.658945515923056,3.5017114538099476,3.557483487208393,3.4518671495288955
05/17/2023 13:14:32.964638,4042,True,True,True,True,Eyes,0.5693554,0.1188108,-2.014541,0.9182009,-0.08805779,-0.3862033,0.0,0.0,0.0,0.0,0.0,0.0,0.0,-1.53612,-0.5958243,-1.268485,0.6208012,0.1247389,-1.9806,0.03960456,0.8292722,-0.1313935,0.5417332,15.11945,113.0849,355.4445,0.2248104,0.0558213,-0.9728016,0.3483826,-0.006699276,0.3329482,1.674548,-0.006591069,-2.523589,0.06547081,0.2476306,1.365491,-0.409913,-0.0766746,-0.908896,0.2080464,0.9623345,-0.1750118,0.8880809,-0.2608322,-0.3785215,static,-1.0829629341174436,10.0150900794831,2.7450422762228803,10.278829425340266,1.0537467999999999,-0.131329969,-0.5429889999999999,-0.018612243848616816,0.1738774221295492,0.9845914292354401,-0.7170781414274212,9.735856550789387,3.7767323996437465,3.8370799226685173,3.5044396597472103
05/17/2023 13:14:32.984558,4043,True,True,True,True,Eyes,0.5724425,0.1190147,-2.013066,0.9170179,-0.08910995,-0.3887641,0.0,0.0,0.0,0.0,0.0,0.0,0.0,-1.517081,-0.5980507,-1.287538,0.630124,0.1252292,-1.975908,0.04239507,0.8316132,-0.1320099,0.537769,15.37645,113.6478,355.7492,0.2295079,0.05591128,-0.9716988,0.3274796,-0.006297319,0.3129714,1.674548,-0.006591069,-2.523589,0.06329891,0.2452524,1.360407,-0.4180142,-0.07146908,-0.9056247,0.2124943,0.961552,-0.1739648,0.8832385,-0.2651599,-0.3867557,static,-1.4487008844513252,10.18710594831335,2.6640163512029083,10.219439944865865,1.0444239999999998,-0.13182026900000002,-0.5476809999999999,-0.024883595999916686,0.17680847858345233,0.9839306409037889,-0.8521575442573472,9.826124268710785,4.047813750542147,4.1128443378981006,3.5381034586661646
05/17/2023 13:14:32.994752,4044,True,True,True,True,Eyes,0.5757676,0.1192392,-2.011469,0.9157199,-0.09023329,-0.3915546,0.0,0.0,0.0,0.0,0.0,0.0,0.0,-1.497008,-0.601132,-1.307138,0.6394778,0.1257614,-1.971358,0.04512069,0.8340766,-0.1327401,0.5335358,15.63915,114.2452,356.0477,0.2338873,0.05600278,-0.9706487,0.3078308,-0.00591948,0.2941931,1.674548,-0.006591069,-2.523589,0.06044605,0.2435397,1.355023,-0.4266076,-0.06637494,-0.9019982,0.2169114,0.9606884,-0.1732838,0.8780409,-0.2695778,-0.3954395,static,-1.8339874579675386,10.36295997976428,2.554206846212854,10.189046658813327,1.0350701999999998,-0.132352469,-0.5522309999999999,-0.03148213064051658,0.17979409116569203,0.9832003594861174,-0.9954998416012824,9.919152627741479,4.321568032713829,4.391639226353348,3.5599522970849793
05/17/2023 13:14:33.014888,4045,True,True,True,True,Eyes,0.5793186,0.1194747,-2.009763,0.9143292,-0.09132208,-0.3945408,0.0,0.0,0.0,0.0,0.0,0.0,0.0,-1.47725,-0.6027012,-1.326408,0.6485814,0.126494,-1.966778,0.04738181,0.8365024,-0.1328841,0.5294909,15.81263,114.8251,356.3381,0.2379929,0.05609688,-0.9696448,0.289361,-0.005564312,0.2765415,1.674548,-0.006591069,-2.523589,0.05766734,0.2420136,1.349163,-0.4347888,-0.06145191,-0.8984335,0.2199919,0.9601935,-0.1721393,0.8732483,-0.2724923,-0.4039625,static,-2.183000308618582,10.457224779821265,2.447506521883208,10.169591949580209,1.0259665999999998,-0.133085069,-0.556811,-0.03745955089735603,0.18137402462432856,0.9827005120436987,-1.1380100185851667,9.978359747694252,4.564942816496879,4.639431662645352,3.5906125684916845
05/17/2023 13:14:33.034923,4046,True,True,True,True,Eyes,0.5830881,0.1197201,-2.007946,0.9128354,-0.09238335,-0.3977397,0.0,0.0,0.0,0.0,0.0,0.0,0.0,-1.457106,-0.6037658,-1.345954,0.6576858,0.1270102,-1.962295,0.04893236,0.8389561,-0.1327272,0.525492,15.91027,115.3987,356.5788,0.2418639,0.05619407,-0.9686809,0.2719993,-0.005230453,0.259949,1.674548,-0.006591069,-2.523589,0.05639827,0.2405147,1.343143,-0.4429274,-0.0573899,-0.8947186,0.2215983,0.9599783,-0.1712774,0.8687401,-0.2741317,-0.4124832,static,-2.515154341649812,10.479871633019805,2.404424340111699,10.152273310858261,1.0168621999999998,-0.133601269,-0.561294,-0.04315297378526001,0.18172065755290928,0.9824028925438377,-1.2866951003551879,10.008861127342604,4.851139563412477,4.93047412189998,3.693904408369728
05/17/2023 13:14:33.045199,4047,True,True,True,True,Eyes,0.5870814,0.1199676,-2.006008,0.9112718,-0.09329891,-0.4010974,0.0,0.0,0.0,0.0,0.0,0.0,0.0,-1.436335,-0.605216,-1.365383,0.6667594,0.1274877,-1.957752,0.04957471,0.8414091,-0.1324401,0.5215676,15.93734,115.9558,356.7372,0.2455352,0.05629474,-0.967751,0.2556793,-0.004916626,0.244352,1.674548,-0.006591069,-2.523589,0.05609539,0.2388295,1.336981,-0.4510194,-0.05472774,-0.8908347,0.2215782,0.9600039,-0.1711596,0.864572,-0.2745858,-0.4208539,static,-2.831535006925536,10.440607670257917,2.4025361069987166,10.128114182649734,1.0077886,-0.13407876900000001,-0.5658369999999999,-0.04858355079710441,0.18100220914816734,0.9822820080020894,-1.4401652223255694,10.01446891936481,5.159334588505437,5.2433913267477745,3.84438145249112
05/17/2023 13:14:33.064622,4048,True,True,True,True,Eyes,0.5912796,0.1202125,-2.003965,0.9096206,-0.09413111,-0.4046351,0.0,0.0,0.0,0.0,0.0,0.0,0.0,-1.41544,-0.6070513,-1.384388,0.675936,0.1277362,-1.953281,0.04939194,0.843774,-0.1321159,0.5178332,15.90871,116.4787,356.8123,0.2490386,0.05639884,-0.9668494,0.2403386,-0.004621628,0.2296909,1.674548,-0.006591069,-2.523589,0.05736807,0.237494,1.33029,-0.4588184,-0.0534767,-0.8869193,0.2201792,0.9602118,-0.1717983,0.8608176,-0.2741054,-0.4287882,static,-3.113811807378604,10.350316860190794,2.469320943569099,10.122259709303133,0.9986119999999999,-0.134327269,-0.5703079999999998,-0.05343815448599015,0.17940946274949077,0.982321980965138,-1.5878522609290453,9.998176046745892,5.498899790568994,5.587788594674629,4.059070234254559
05/17/2023 13:14:33.084645,4049,True,True,True,True,Eyes,0.5956821,0.1204456,-2.001819,0.9079226,-0.09479786,-0.4082769,0.0,0.0,0.0,0.0,0.0,0.0,0.0,-1.394213,-0.6086435,-1.403121,0.6851022,0.1279033,-1.948667,0.04875646,0.8461114,-0.1316711,0.5141798,15.84025,116.9875,356.8479,0.2524015,0.05650605,-0.9659707,0.2259183,-0.004344331,0.2159095,1.674548,-0.006591069,-2.523589,0.05920979,0.2360175,1.323236,-0.4664837,-0.05289848,-0.8829464,0.217912,0.9605711,-0.1726777,0.8572672,-0.272956,-0.4365636,static,-3.380341877737393,10.22922770525369,2.562059699015275,10.11314676596667,0.9894457999999999,-0.134494369,-0.5749219999999999,-0.05802983745346474,0.1772875239925934,0.982446833536884,-1.734278421253253,9.968981663290638,5.8501887688032435,5.943535251334709,4.298756194587232
05/17/2023 13:14:33.094688,4050,True,True,True,True,Eyes,0.6002742,0.1206548,-1.999585,0.9061321,-0.09539267,-0.4120981,0.0,0.0,0.0,0.0,0.0,0.0,0.0,-1.373374,-0.6085864,-1.42199,0.6942918,0.127802,-1.944277,0.04830879,0.848437,-0.1309227,0.5105684,15.75291,117.4968,356.9198,0.2556484,0.05661566,-0.96511,0.2123632,-0.004083671,0.2029549,1.674548,-0.006591069,-2.523589,0.06140086,0.234352,1.316196,-0.473972,-0.05171611,-0.8790197,0.215664,0.961051,-0.1728295,0.853721,-0.2714893,-0.444358,static,-3.628214129568724,10.09647069737792,2.670925490075512,10.095855948659366,0.9802561999999999,-0.134393069,-0.5793119999999998,-0.06230581758281156,0.17496548005254325,0.9826011673354911,-1.8743768637262397,9.934067575328397,6.201801207560065,6.299139649641665,4.548180841305766
05/17/2023 13:14:33.114843,4051,True,True,True,True,Eyes,0.6050413,0.1208476,-1.997279,0.904304,-0.09586485,-0.4159858,0.0,0.0,0.0,0.0,0.0,0.0,0.0,-1.351863,-0.6079187,-1.441238,0.7034898,0.1274245,-1.939879,0.04825835,0.850853,-0.1301698,0.5067309,15.68919,118.039,357.0349,0.2588007,0.0567264,-0.964263,0.1996214,-0.00383865,0.1907776,1.674548,-0.006591069,-2.523589,0.06333622,0.2318577,1.309012,-0.48179,-0.0498006,-0.8748705,0.2140436,0.9614539,-0.1726027,0.8497435,-0.2704187,-0.4525594,static,-3.899372380874603,9.996087288009253,2.770081722316049,10.044293774435246,0.9710581999999999,-0.134015569,-0.58371,-0.06697669497637293,0.17319115425888815,0.9826082261510327,-2.018904416551686,9.913156299172844,6.568223464585484,6.669628317972461,4.790781280301313
05/17/2023 13:14:33.134701,4052,True,True,True,True,Eyes,0.6099916,0.1210166,-1.994896,0.9023727,-0.09631561,-0.4200556,0.0,0.0,0.0,0.0,0.0,0.0,0.0,-1.329669,-0.6073119,-1.460632,0.7127341,0.127204,-1.93549,0.04830685,0.8533304,-0.1294102,0.502739,15.6304,118.6016,357.1623,0.2618766,0.05683743,-0.9634257,0.1876441,-0.003608331,0.1793309,1.674548,-0.006591069,-2.523589,0.06523192,0.2272348,1.301993,-0.4898399,-0.04767572,-0.870508,0.2125626,0.9618389,-0.1722879,0.8455024,-0.2694308,-0.4610131,static,-4.177365752239874,9.903221188253827,2.868211382821311,9.900027555878406,0.9618138999999999,-0.13379506900000002,-0.5880989999999999,-0.07176443478570571,0.17154103074932603,0.9825596339132139,-2.1651186157692086,9.895590154089628,6.940909057496256,7.045577858868975,5.03333195460481
05/17/2023 13:14:33.145179,4053,True,True,True,True,Eyes,0.6151124,0.121151,-1.992432,0.9003415,-0.09675778,-0.4242914,0.0,0.0,0.0,0.0,0.0,0.0,0.0,-1.306931,-0.6080343,-1.479616,0.7221457,0.1267987,-1.931182,0.04860379,0.8557737,-0.1290758,0.4986267,15.62795,119.1726,357.2899,0.2648928,0.05694763,-0.9625943,0.1763854,-0.003391831,0.1685711,1.674548,-0.006591069,-2.523589,0.06756935,0.2210212,1.294798,-0.4980185,-0.04553358,-0.8659704,0.211909,0.9619542,-0.172449,0.8408762,-0.2693896,-0.469422,static,-4.45636523060922,9.868383795620531,2.9872844630215627,9.686986113121947,0.9524022999999999,-0.133389769,-0.5924069999999999,-0.07655699831379226,0.17088250963359558,0.9823127152985676,-2.300497240309414,9.900453450330899,7.33769435522192,7.445859646857809,5.29208877912464
05/17/2023 13:14:33.164316,4054,True,True,True,True,Eyes,0.620388,0.1212536,-1.989892,0.8982905,-0.09701845,-0.4285574,0.0,0.0,0.0,0.0,0.0,0.0,0.0,-1.284169,-0.6089107,-1.49776,0.7314207,0.1260981,-1.926726,0.04895873,0.8581312,-0.1288889,0.494572,15.64252,119.7318,357.4131,0.2678643,0.05705553,-0.9617652,0.1658023,-0.003188322,0.1584568,1.674548,-0.006591069,-2.523589,0.0701645,0.2139716,1.287641,-0.5060031,-0.04346371,-0.8614358,0.2115158,0.9619814,-0.17278,0.8361949,-0.2696345,-0.4775723,static,-4.723961650771057,9.862459975832845,3.1190043540854284,9.434818160922285,0.9431272999999999,-0.132689169,-0.5968629999999999,-0.08114630613657026,0.17071875058806343,0.9819726230009944,-2.424989992989572,9.915712150233928,7.743150999670251,7.8546160488718035,5.564811977897872
05/17/2023 13:14:33.194625,4055,True,True,True,True,Eyes,0.6258165,0.1213179,-1.987271,0.896127,-0.0973291,-0.4329937,0.0,0.0,0.0,0.0,0.0,0.0,0.0,-1.260742,-0.6117853,-1.515042,0.7405652,0.1253912,-1.922224,0.04913267,0.8604413,-0.1291932,0.4904445,15.69521,120.2883,357.4893,0.2708032,0.05715988,-0.9609357,0.1558542,-0.002997022,0.1489494,1.674548,-0.006591069,-2.523589,0.07196921,0.2083329,1.280138,-0.5141003,-0.04217257,-0.8566926,0.2112757,0.9617903,-0.1741326,0.8313021,-0.2705199,-0.4855466,static,-4.987261113364648,9.889538352704271,3.2177748227530287,9.243424305991592,0.9339827999999999,-0.131982269,-0.6013649999999999,-0.08565202121442128,0.1711180756101409,0.9815204702587035,-2.5410760503171455,9.943407778681038,8.115309724593182,8.2304360804481,5.801236095893657
05/17/2023 13:14:33.204389,4056,True,True,True,True,Eyes,0.6313936,0.1213478,-1.984557,0.8939535,-0.09759709,-0.4374036,0.0,0.0,0.0,0.0,0.0,0.0,0.0,-1.236003,-0.6165035,-1.532001,0.7497303,0.1245473,-1.917602,0.04904762,0.8627836,-0.1299576,0.4861172,15.77953,120.8593,357.5156,0.2737206,0.05725927,-0.9601029,0.1465029,-0.002817201,0.1400124,1.674548,-0.006591069,-2.523589,0.07538143,0.2020509,1.272516,-0.5225688,-0.04171431,-0.8515761,0.2109843,0.9614107,-0.1765648,0.8260797,-0.2719364,-0.4936023,static,-5.2769167823224254,9.945976996280947,3.3901313217742786,9.0221434753512,0.9248177,-0.131138369,-0.6059869999999998,-0.09059864923185529,0.1720092308885056,0.9809203182104986,-2.663593076801439,9.984146181395182,8.596013734645208,8.716145433224467,6.1296841925458825
05/17/2023 13:14:33.214585,4057,True,True,True,True,Eyes,0.637111,0.1213537,-1.981781,0.8917679,-0.09783351,-0.4417904,0.0,0.0,0.0,0.0,0.0,0.0,0.0,-1.210747,-0.6213515,-1.548335,0.7589794,0.1237279,-1.912582,0.04834107,0.8650596,-0.1306917,0.4819281,15.82536,121.4047,357.4782,0.2766268,0.05735266,-0.959264,0.1377127,-0.002648169,0.1316117,1.674548,-0.006591069,-2.523589,0.07851681,0.1908956,1.264953,-0.5308168,-0.04233215,-0.8464285,0.2096038,0.9611656,-0.1795183,0.8211575,-0.272706,-0.50133,static,-5.55059301211791,9.961140039061016,3.5518455192852394,8.581818956510213,0.9155686,-0.130318969,-0.6110069999999999,-0.0952799132539438,0.17219324967639466,0.9804444724601662,-2.7867820889770565,10.007930024138847,9.084682043284813,9.206351821799005,6.497075706303405
05/17/2023 13:14:33.234601,4058,True,True,True,True,Eyes,0.6429816,0.1213175,-1.978918,0.8894805,-0.09801751,-0.4463373,0.0,0.0,0.0,0.0,0.0,0.0,0.0,-1.185544,-0.6252559,-1.565059,0.7683395,0.1231597,-1.907971,0.04736195,0.8673627,-0.1310842,0.4777614,15.82205,121.9494,357.4328,0.2795295,0.0574395,-0.9584169,0.12945,-0.002489279,0.123715,1.674548,-0.006591069,-2.523589,0.07651505,0.1835705,1.2575,-0.5390021,-0.04309395,-0.8412015,0.2074139,0.9611476,-0.1821396,0.8163679,-0.2726505,-0.5091223,static,-5.811131561910081,9.929542056449083,3.481980964883339,8.305402180565109,0.9062085,-0.129750769,-0.6156179999999998,-0.09974812256121185,0.17157701217513066,0.9801079626534563,-2.9130210145921565,10.012831582483317,9.312574197602448,9.433968982993383,6.619015446426324
05/17/2023 13:14:33.244388,4059,True,True,True,True,Eyes,0.6490017,0.1212277,-1.975973,0.8870994,-0.09813359,-0.4510262,0.0,0.0,0.0,0.0,0.0,0.0,0.0,-1.15951,-0.6273238,-1.582193,0.7779534,0.1221052,-1.902948,0.04591239,0.8697081,-0.1311025,0.473616,15.75542,122.492,357.3604,0.2824374,0.05751851,-0.9575593,0.121683,-0.002339922,0.1162921,1.674548,-0.006591069,-2.523589,0.07506496,0.1838935,1.249235,-0.5471598,-0.04432374,-0.8358538,0.2040452,0.9614084,-0.1845521,0.8117769,-0.2715315,-0.517,static,-6.060504999214872,9.835898913809048,3.4386966566465667,8.374077750931118,0.8965945999999999,-0.128696269,-0.6206409999999998,-0.10404366996851694,0.16989976904906234,0.9799536536335003,-3.0461951549124224,9.993089862248393,9.487177629935289,9.611022485196798,6.6839376137286655
05/17/2023 13:14:33.264970,4060,True,True,True,True,Eyes,0.6551445,0.1210919,-1.97298,0.8847245,-0.09821448,-0.4556494,0.0,0.0,0.0,0.0,0.0,0.0,0.0,-1.134071,-0.6274562,-1.59921,0.7876282,0.1207176,-1.897988,0.04464983,0.8719947,-0.1307739,0.4696061,15.66449,123.0231,357.3239,0.2853576,0.05758794,-0.9566889,0.114382,-0.002199527,0.1093146,1.674548,-0.006591069,-2.523589,0.07366535,0.1897172,1.240559,-0.554953,-0.04495557,-0.8306661,0.2006932,0.9618092,-0.1861326,0.80731,-0.2700039,-0.5247366,static,-6.2939391038942105,9.723584155768176,3.398277121896836,8.69481000065168,0.8869197999999999,-0.12730866899999999,-0.6256009999999999,-0.10807275942258582,0.16790587245927596,0.9798611112636105,-3.1756583361745445,9.965107485060972,9.618556342602453,9.746662589303217,6.69554203226182
05/17/2023 13:14:33.284646,4061,True,True,True,True,Eyes,0.6614194,0.1209186,-1.969931,0.8822943,-0.09837049,-0.4603043,0.0,0.0,0.0,0.0,0.0,0.0,0.0,-1.108521,-0.6278931,-1.615678,0.7974054,0.119519,-1.892971,0.04367027,0.8742316,-0.1305412,0.465587,15.59948,123.5549,357.3102,0.2882949,0.05764652,-0.9558043,0.1075191,-0.002067555,0.1027557,1.674548,-0.006591069,-2.523589,0.07670563,0.191904,1.232764,-0.5626436,-0.04520068,-0.8254631,0.1979124,0.9621038,-0.1875818,0.8026601,-0.268911,-0.5323758,static,-6.522219595922314,9.635071265951911,3.5604950931422477,8.848199838428783,0.8771425999999999,-0.126110069,-0.6306179999999999,-0.11200645743010978,0.16631906194500318,0.9796900310003729,-3.2981114574921486,9.945960196746384,9.980191499158266,10.11337244169968,6.945902505844625
05/17/2023 13:14:33.294655,4062,True,True,True,True,Eyes,0.6678308,0.1207009,-1.966802,0.8797208,-0.09854827,-0.4651662,0.0,0.0,0.0,0.0,0.0,0.0,0.0,-1.080972,-0.6302055,-1.632509,0.8072525,0.1184633,-1.888136,0.04286983,0.8766394,-0.1307567,0.461051,15.59188,124.1475,357.2979,0.2912538,0.0576935,-0.9549041,0.1010679,-0.001943502,0.09659035,1.674548,-0.006591069,-2.523589,0.07720116,0.1909765,1.225054,-0.571188,-0.04540824,-0.819562,0.1957338,0.9621298,-0.1897226,0.7971401,-0.2687833,-0.5406691,static,-6.800586420829318,9.59998447030209,3.6059300863681316,8.860652447323025,0.8672954999999999,-0.125054369,-0.6354529999999998,-0.11677864442748531,0.16562744754417955,0.9792498853309871,-3.4332470459646194,9.950685904271548,10.295721536170687,10.432746409971601,7.123074310831208
05/17/2023 13:14:33.314677,4063,True,True,True,True,Eyes,0.6743704,0.1204458,-1.963592,0.8770365,-0.09882961,-0.4701486,0.0,0.0,0.0,0.0,0.0,0.0,0.0,-1.050813,-0.6335107,-1.64969,0.8170439,0.1171888,-1.88301,0.04220269,0.8792654,-0.1313018,0.4559292,15.62744,124.8116,357.2911,0.2942395,0.05772796,-0.9539862,0.09500385,-0.001826892,0.09079493,1.674548,-0.006591069,-2.523589,0.07799441,0.1894939,1.217373,-0.5806954,-0.04551389,-0.812848,0.1939433,0.9619576,-0.1924153,0.7906829,-0.269381,-0.5497772,static,-7.143103467241387,9.59878745173129,3.6658043711956965,8.847547891691926,0.8575040999999999,-0.123779869,-0.6405789999999998,-0.1226334109037539,0.16548927502037156,0.9785572883640001,-3.591351458820229,9.97267749758992,10.692733129140473,10.834982673562276,7.343856437267977
05/17/2023 13:14:33.335118,4064,True,True,True,True,Eyes,0.6810495,0.1201775,-1.960294,0.8741949,-0.09911607,-0.4753516,0.0,0.0,0.0,0.0,0.0,0.0,0.0,-1.018668,-0.638052,-1.666776,0.8268428,0.1160465,-1.877711,0.04136041,0.8820076,-0.1321338,0.450436,15.68489,125.5158,357.2569,0.297256,0.05774936,-0.9530493,0.08930362,-0.001717278,0.08534724,1.674548,-0.006591069,-2.523589,0.07930946,0.1862324,1.210583,-0.5907936,-0.04607527,-0.8055063,0.1919961,0.9616599,-0.1958257,0.7836458,-0.2703465,-0.5592963,static,-7.516375964498062,9.613874072714012,3.7482873280784688,8.745647277681408,0.8477051999999999,-0.122637569,-0.645878,-0.1290031963153257,0.16561200246003854,0.9777170869543095,-3.760460790378551,10.002960690045867,11.1505346146129,11.298073148229026,7.613286762190388
05/17/2023 13:14:33.354422,4065,True,True,True,True,Eyes,0.6878664,0.1198906,-1.956905,0.8712665,-0.09936631,-0.4806464,0.0,0.0,0.0,0.0,0.0,0.0,0.0,-0.9854171,-0.6426779,-1.683767,0.8369824,0.1154699,-1.872239,0.03997198,0.8847668,-0.1328427,0.4449077,15.7022,126.2188,357.1734,0.3003075,0.05775844,-0.9520916,0.0839454,-0.001614242,0.0802264,1.674548,-0.006591069,-2.523589,0.07625142,0.185653,1.203128,-0.6009189,-0.04747375,-0.7978991,0.1889372,0.9615101,-0.199502,0.7766592,-0.2706373,-0.5688201,static,-7.886764183951945,9.584071711338787,3.6264213515281054,8.772044171216663,0.8375655999999999,-0.122060969,-0.6513499999999999,-0.13533583670902355,0.16496284058411947,0.9769705276756879,-3.9369814620582906,10.015755196404658,11.391000380314537,11.541786252582563,7.664977445155386
05/17/2023 13:14:33.374819,4066,True,True,True,True,Eyes,0.6948148,0.1195832,-1.953428,0.8681921,-0.09954097,-0.4861419,0.0,0.0,0.0,0.0,0.0,0.0,0.0,-0.9531366,-0.6438568,-1.700658,0.8471805,0.1147242,-1.866649,0.03885458,0.8874655,-0.1327903,0.439616,15.65568,126.9048,357.1552,0.303398,0.05775556,-0.9511114,0.07890867,-0.001517387,0.07541282,1.674548,-0.006591069,-2.523589,0.07508853,0.1857238,1.196348,-0.6104565,-0.04778925,-0.790607,0.1857176,0.9617141,-0.2015314,0.769969,-0.2698558,-0.5782093,static,-8.210509030306348,9.504704966803972,3.591446395413547,8.824288840464394,0.8273674999999999,-0.121315269,-0.6569399999999999,-0.14088914939289698,0.16348149032844356,0.9764342906974837,-4.1016546298880225,10.00639065396387,11.668102409471038,11.82155311182343,7.783390526176546
05/17/2023 13:14:33.384330,4067,True,True,True,True,Eyes,0.7018802,0.1192584,-1.949891,0.8650498,-0.099636,-0.4916925,0.0,0.0,0.0,0.0,0.0,0.0,0.0,-0.9201062,-0.643279,-1.717886,0.8573942,0.1139137,-1.861031,0.03748716,0.8902457,-0.132335,0.4342172,15.55579,127.6068,357.1334,0.3065299,0.05774097,-0.9501076,0.07417415,-0.001426344,0.07088805,1.674548,-0.006591069,-2.523589,0.07459673,0.1863145,1.189211,-0.6201001,-0.04817874,-0.7830418,0.1816699,0.9621642,-0.2030663,0.7631983,-0.2681766,-0.5878856,static,-8.54247031022217,9.374878100550047,3.5893421130117424,8.90418658211155,0.8171537999999999,-0.12050476900000001,-0.6625579999999998,-0.14660141646875668,0.16113341676213114,0.9759836321497433,-4.279940432926417,9.978118064073268,11.98541654553516,12.140939962707279,7.942224915963754
05/17/2023 13:14:33.394652,4068,True,True,True,True,Eyes,0.7090887,0.1189306,-1.946269,0.8617439,-0.09964151,-0.4974626,0.0,0.0,0.0,0.0,0.0,0.0,0.0,-0.8856389,-0.6423414,-1.735449,0.8677842,0.1131984,-1.8555,0.0354652,0.8931114,-0.1317805,0.4286352,15.41405,128.3247,357.0494,0.3097052,0.05771495,-0.9490789,0.0,0.0,0.0,1.674548,-0.006591069,-2.523589,0.07406187,0.1860403,1.182468,-0.6300282,-0.04962272,-0.7749851,0.1763202,0.9627523,-0.204986,0.7562907,-0.2657925,-0.5978116,static,-8.881490423005108,9.19843927460055,3.5839419771785903,8.941177287130852,0.8067637999999999,-0.11978946900000001,-0.6680889999999999,-0.15245227779747533,0.1579857361470366,0.9756017775042698,-4.470556004241536,9.932344573134982,12.312241327689206,12.468086808077107,8.11525417479611
05/17/2023 13:14:33.414851,4069,True,True,True,True,Eyes,0.7164637,0.1185813,-1.942527,0.8583145,-0.09968603,-0.5033476,0.0,0.0,0.0,0.0,0.0,0.0,0.0,-0.8490731,-0.6431227,-1.752668,0.8785499,0.1127928,-1.849812,0.03277309,0.8960051,-0.1316349,0.4228158,15.28408,129.0563,356.8751,0.3129269,0.05767851,-0.9480238,0.0,0.0,0.0,1.674548,-0.006591069,-2.523589,0.07164645,0.1878745,1.175601,-0.6403057,-0.05258494,-0.7663184,0.1700444,0.9631963,-0.2081772,0.7490621,-0.2636051,-0.6077984,static,-9.23884193614851,9.015610866716159,3.48755073986959,9.07974312800122,0.7959980999999999,-0.119383869,-0.6737769999999998,-0.15861705882644866,0.1547197181026455,0.9751422098302671,-4.670864971977341,9.885310295011024,12.570753912789314,12.726554266224015,8.198090350067817
05/17/2023 13:14:33.444986,4070,True,True,True,True,Eyes,0.7239756,0.1181895,-1.938689,0.85474,-0.09971555,-0.5093881,0.0,0.0,0.0,0.0,0.0,0.0,0.0,-0.8117889,-0.6460627,-1.76831,0.8893707,0.1118688,-1.84386,0.02987524,0.8987372,-0.1322701,0.4169937,15.22841,129.7698,356.6364,0.3161993,0.0576317,-0.9469402,0.0,0.0,0.0,1.674548,-0.006591069,-2.523589,0.06883049,0.1904594,1.169248,-0.6504477,-0.05661166,-0.7574387,0.1640116,0.9632241,-0.2128366,0.7416323,-0.2626677,-0.6172419,static,-9.580689858135447,8.897183845374832,3.3689607195575637,9.25168369651314,0.7851773,-0.11845986900000001,-0.6797289999999998,-0.1644882766495211,0.15255517564577123,0.9745103489250238,-4.851487910185775,9.862079148844625,12.797620486378111,12.954501929013016,8.243079417455354
05/17/2023 13:14:33.454617,4071,True,True,True,True,Eyes,0.7316648,0.1177749,-1.93472,0.851072,-0.09982241,-0.5154727,0.0,0.0,0.0,0.0,0.0,0.0,0.0,-0.7767186,-0.647058,-1.782615,0.9002778,0.1104577,-1.837659,0.02820554,0.9012355,-0.1326193,0.4115717,15.20418,130.4474,356.5349,0.3195244,0.05757355,-0.9458269,0.0,0.0,0.0,1.674548,-0.006591069,-2.523589,0.0653277,0.1930618,1.162887,-0.6596264,-0.05832501,-0.7493272,0.1600043,0.9632332,-0.2158252,0.7343647,-0.2622596,-0.6260418,static,-9.862299344165272,8.829285334177685,3.215335155891159,9.426234995341067,0.7742701999999999,-0.11704876900000001,-0.6859299999999999,-0.16930972715731785,0.15127497313523688,0.9738841132087256,-4.994507162366324,9.854372224749719,12.933374815798139,13.091251774182227,8.220998259205333
05/17/2023 13:14:33.464610,4072,True,True,True,True,Eyes,0.7394897,0.1173366,-1.930678,0.8472818,-0.0999361,-0.5216573,0.0,0.0,0.0,0.0,0.0,0.0,0.0,-0.7438951,-0.6488136,-1.795195,0.9111501,0.1093978,-1.831639,0.0271154,0.9034474,-0.1331185,0.4066045,15.2233,131.0682,356.4791,0.3229063,0.05750416,-0.9446818,0.0,0.0,0.0,1.674548,-0.006591069,-2.523589,0.06235766,0.1937661,1.157119,-0.6678753,-0.05925845,-0.7419106,0.1572478,0.9630885,-0.2184806,0.7274724,-0.2625816,-0.6339048,static,-10.075056049880146,8.816306963725793,3.0847112853880367,9.506299532397218,0.7633979,-0.11598886900000001,-0.6919499999999998,-0.17293334616875045,0.15095789678121568,0.9732963487653747,-5.095097110932733,9.86331730516973,13.018995879915117,13.177843756214946,8.187595928634682
05/17/2023 13:14:33.484361,4073,True,True,True,True,Eyes,0.7475034,0.1172516,-1.926637,0.8434792,-0.1001563,-0.527742,0.0,0.0,0.0,0.0,0.0,0.0,0.0,-0.7109176,-0.6504057,-1.807653,0.9223168,0.1083972,-1.825821,0.02593405,0.9056231,-0.1335837,0.4016586,15.23545,131.6842,356.4147,0.3263462,0.05742345,-0.943504,0.0,0.0,0.0,1.674548,-0.006591069,-2.523589,0.05947119,0.1932176,1.151538,-0.6759956,-0.06033716,-0.7344314,0.154283,0.9629657,-0.2211198,0.7205739,-0.2627863,-0.6416517,static,-10.287390457429622,8.788163326235335,2.9564144405576447,9.524983795959239,0.7522311999999999,-0.114988269,-0.6977679999999999,-0.1765548132962088,0.1503816044962757,0.9727352336362639,-5.19844538484264,9.866390211544008,13.105433149729468,13.26428560385201,8.16200325364613
05/17/2023 13:14:33.494603,4074,True,True,True,True,Eyes,0.7555866,0.1172344,-1.922536,0.8393539,-0.1009134,-0.5341364,0.0,0.0,0.0,0.0,0.0,0.0,0.0,-0.6809056,-0.664467,-1.817021,0.9346823,0.1168294,-1.821931,0.02425031,0.9072737,-0.1348473,0.3975962,15.30579,132.1657,356.2415,0.3298457,0.05734927,-0.9422908,0.0,0.0,0.0,1.674548,-0.006591069,-2.523589,0.05687284,0.1914364,1.146257,-0.6826586,-0.06322624,-0.7279973,0.1512329,0.9624562,-0.2254032,0.714917,-0.2639705,-0.647467,static,-10.358215932821324,8.779959306160926,2.8404657076832343,9.48146192540112,0.7398657,-0.123420469,-0.7016579999999999,-0.17776183662996947,0.15020916429845305,0.9725420885228722,-5.2326874070027465,9.867871291131763,13.05983593162693,13.21731073146852,8.082395276840172
05/17/2023 13:14:33.514953,4075,True,True,True,True,Eyes,0.7637841,0.1171308,-1.918217,0.8351773,-0.1018094,-0.5404754,0.0,0.0,0.0,0.0,0.0,0.0,0.0,-0.6280069,-0.6993238,-1.822615,0.9445899,0.1185863,-1.816331,0.02053685,0.9099349,-0.1434294,0.3886189,16.08033,133.1218,355.5768,0.3334021,0.05728421,-0.9410422,0.0,0.0,0.0,1.674548,-0.006591069,-2.523589,0.05481875,0.188869,1.140984,-0.6971072,-0.07410432,-0.713127,0.1488531,0.9580125,-0.2450607,0.7013446,-0.2769848,-0.6568067,static,-11.05093760204281,9.332495008509579,2.7506692612678245,9.39903828603111,0.7299580999999999,-0.125177369,-0.7072579999999999,-0.18923593445388864,0.15923345288702687,0.9689346742489137,-5.4443840664449255,10.126220925344857,13.622155701853352,13.801767278764213,8.227253103860066
05/17/2023 13:14:33.541597,4076,True,True,True,True,Eyes,0.7721109,0.1173085,-1.913967,0.8307763,-0.1030814,-0.5469781,0.0,0.0,0.0,0.0,0.0,0.0,0.0,-0.6014719,-0.6983116,-1.82825,0.9549055,0.1163759,-1.807351,0.0258822,0.9115773,-0.1433963,0.3844405,16.33983,133.7255,356.2317,0.3370181,0.05722352,-0.9397569,0.0,0.0,0.0,1.674548,-0.006591069,-2.523589,0.05318004,0.1856972,1.135921,-0.7030712,-0.06306741,-0.7083172,0.1574419,0.9575353,-0.2415332,0.6934716,-0.2813339,-0.663286,static,-11.114869733655153,9.628567266748247,2.6804404851625034,9.284427551887715,0.7196425,-0.12296696900000001,-0.7162379999999999,-0.1901598257017238,0.16420836830450863,0.9679229979782071,-5.416200400959424,10.244514139604997,13.611794491817221,13.799602029651403,8.153364943060987
05/17/2023 13:14:33.554784,4077,True,True,True,True,Eyes,0.7805321,0.1175873,-1.909626,0.8263709,-0.1042041,-0.553401,0.0,0.0,0.0,0.0,0.0,0.0,0.0,-0.5598739,-0.7282108,-1.834164,0.9664974,0.1236343,-1.805133,0.02440442,0.9136209,-0.1490481,0.3774729,16.90412,134.4977,355.9287,0.3406914,0.05717992,-0.9384341,0.0,0.0,0.0,1.674548,-0.006591069,-2.523589,0.05156273,0.1823696,1.130774,-0.7138373,-0.06793049,-0.6970093,0.157116,0.9543782,-0.253923,0.6824595,-0.290771,-0.6705978,static,-11.538896463484045,10.03947037095665,2.610850357232162,9.161690067373472,0.7080506,-0.130225369,-0.7184559999999998,-0.1970900719919655,0.17090721256698402,0.9653736343195859,-5.531630054443498,10.430666791285667,13.97173476621716,14.176947250791581,8.240769938564767
05/17/2023 13:14:33.564333,4078,True,True,True,True,Eyes,0.7890486,0.1179029,-1.905244,0.821854,-0.1053888,-0.5598654,0.0,0.0,0.0,0.0,0.0,0.0,0.0,-0.5291774,-0.7329853,-1.840484,0.9766953,0.1260482,-1.79857,0.02154687,0.9151301,-0.1499796,0.3736027,16.89397,134.9377,355.6468,0.3444209,0.05715661,-0.9370732,0.0,0.0,0.0,1.674548,-0.006591069,-2.523589,0.04949903,0.1797491,1.125555,-0.7199139,-0.07262912,-0.6902532,0.1515019,0.9540837,-0.2584016,0.6773269,-0.2906016,-0.6758547,static,-11.562167223276028,9.905481466478642,2.5180993228390673,9.073415511097279,0.6978526999999999,-0.132639269,-0.7250189999999999,-0.19756067634512348,0.16863288354652095,0.965677374876021,-5.568446117845093,10.38055471844808,13.905622516535413,14.104830369903517,8.191509633250972
05/17/2023 13:14:33.584380,4079,True,True,True,True,Eyes,0.7976398,0.1181671,-1.900833,0.8173273,-0.1064519,-0.5662545,0.0,0.0,0.0,0.0,0.0,0.0,0.0,-0.4960508,-0.7400326,-1.84747,0.9875734,0.127272,-1.793142,0.0206714,0.9168734,-0.1515304,0.3687202,17.04437,135.5209,355.5706,0.3482055,0.05715323,-0.9356737,0.0,0.0,0.0,1.674548,-0.006591069,-2.523589,0.0471887,0.1770787,1.120386,-0.7272364,-0.07383849,-0.6824041,0.1496507,0.9532225,-0.2626244,0.6698748,-0.2931123,-0.6821681,static,-11.715692049545213,9.96543320166488,2.4117726408629627,8.981390397426662,0.6869745999999999,-0.133863069,-0.7304469999999998,-0.2001154390210344,0.16955353435301104,0.9649898917413444,-5.6275342963708574,10.41372327897394,13.96027549468266,14.161694772141601,8.16590677846725
05/17/2023 13:14:33.594853,4080,True,True,True,True,Eyes,0.8063189,0.118451,-1.896379,0.8128241,-0.1073283,-0.572536,0.0,0.0,0.0,0.0,0.0,0.0,0.0,-0.4731325,-0.7351439,-1.855956,0.9980027,0.1262864,-1.787989,0.02053154,0.9182035,-0.150463,0.365844,16.93783,135.9054,355.6603,0.3520426,0.05716519,-0.9342359,0.0,0.0,0.0,1.674548,-0.006591069,-2.523589,0.04476696,0.1756679,1.114876,-0.7314736,-0.0723877,-0.678017,0.1477962,0.9538787,-0.2612886,0.6656601,-0.2913339,-0.6870384,static,-11.621278093437299,9.831579124297942,2.299431198070673,8.954316212966138,0.6765452999999999,-0.132877469,-0.7355999999999998,-0.19860081497166227,0.16735126524143287,0.9656868659831632,-5.610081426004823,10.355948618888002,13.754277571034812,13.948323820240006,8.032743202153293
05/17/2023 13:14:33.614833,4081,True,True,True,True,Eyes,0.8150842,0.1187389,-1.891926,0.8082287,-0.1080784,-0.5788656,0.0,0.0,0.0,0.0,0.0,0.0,0.0,-0.4504313,-0.7363362,-1.861938,1.00787,0.1269169,-1.78325,0.01878425,0.9191992,-0.1508034,0.3632883,16.91094,136.2009,355.5017,0.3559309,0.0571918,-0.9327598,0.0,0.0,0.0,1.674548,-0.006591069,-2.523589,0.04270178,0.174968,1.109462,-0.7353377,-0.07503726,-0.6735339,0.1441031,0.953811,-0.2635885,0.6622031,-0.2908849,-0.6905602,static,-11.483533009701521,9.744693617695427,2.204153645830887,8.962034496911585,0.6666779999999999,-0.133507969,-0.7403389999999999,-0.19632531337697606,0.16596425774081563,0.9663913241506165,-5.563510894497365,10.313434547077064,13.521845282132016,13.710044539657268,7.884344900285639
05/17/2023 13:14:33.634455,4082,True,True,True,True,Eyes,0.823903,0.1190368,-1.887473,0.8035877,-0.1087902,-0.5851594,0.0,0.0,0.0,0.0,0.0,0.0,0.0,-0.4195421,-0.737323,-1.870504,1.018399,0.1272426,-1.779077,0.01616273,0.9208574,-0.1512826,0.3589905,16.87136,136.7027,355.2736,0.3598683,0.05723159,-0.9312454,0.0,0.0,0.0,1.674548,-0.006591069,-2.523589,0.04059035,0.175106,1.104117,-0.7417294,-0.07885086,-0.6660483,0.1383851,0.9537047,-0.2670148,0.6562678,-0.2902238,-0.6964791,static,-11.561840972614199,9.613082215291826,2.105400864565707,9.011695895848247,0.6561489999999999,-0.13383366900000002,-0.7445119999999998,-0.19772187110065936,0.16369710833950252,0.9664933217697004,-5.625231498819755,10.267846567603389,13.496461020752061,13.680466546911866,7.832023445315622
05/17/2023 13:14:33.644998,4083,True,True,True,True,Eyes,0.8327701,0.1193452,-1.88303,0.7988911,-0.1094403,-0.5914354,0.0,0.0,0.0,0.0,0.0,0.0,0.0,-0.3928896,-0.7378632,-1.877376,1.028544,0.127775,-1.774574,0.01499658,0.9222384,-0.1514572,0.3554045,16.85909,137.1385,355.2051,0.3638513,0.05728352,-0.9296932,0.0,0.0,0.0,1.674548,-0.006591069,-2.523589,0.03823388,0.1760403,1.098751,-0.7469257,-0.07999624,-0.6600779,0.1353179,0.9536717,-0.2686995,0.6509926,-0.2900189,-0.7014971,static,-11.550426689865784,9.550855017652284,1.992950546118149,9.102486340694583,0.646004,-0.134366069,-0.7490149999999998,-0.1975639131452887,0.1626526155243005,0.9667019334739564,-5.632087313373762,10.243116800384122,13.369847326028015,13.550797077170206,7.709879389734742
05/17/2023 13:14:33.664438,4084,True,True,True,True,Eyes,0.841671,0.1196267,-1.878613,0.7941427,-0.1101005,-0.5976748,0.0,0.0,0.0,0.0,0.0,0.0,0.0,-0.3684042,-0.7379756,-1.883856,1.038497,0.1283166,-1.770396,0.01491442,0.9235496,-0.151346,0.3520344,16.86106,137.5665,355.2643,0.3678765,0.05734669,-0.928104,0.0,0.0,0.0,1.674548,-0.006591069,-2.523589,0.03669119,0.1763356,1.093681,-0.7516987,-0.07900951,-0.6547568,0.1341064,0.9537439,-0.2690502,0.6457278,-0.2900517,-0.7063323,static,-11.511891220655748,9.528488574531115,1.9214580632882323,9.15905053366068,0.6360509999999999,-0.134907669,-0.7531929999999998,-0.19692538710447777,0.16229649287137932,0.9668920078964256,-5.618680904337306,10.231970969025076,13.259289305327899,13.438428384691434,7.616091774114046
05/17/2023 13:14:33.684303,4085,True,True,True,True,Eyes,0.8505898,0.1198895,-1.87423,0.7892863,-0.1108017,-0.6039454,0.0,0.0,0.0,0.0,0.0,0.0,0.0,-0.3434135,-0.7383252,-1.890236,1.048258,0.1279629,-1.766586,0.01561601,0.9249461,-0.1513733,0.3483062,16.912,138.0477,355.4102,0.3719395,0.05741842,-0.9264788,0.0,0.0,0.0,1.674548,-0.006591069,-2.523589,0.03500247,0.1753793,1.088602,-0.7568783,-0.07656057,-0.6490565,0.1343364,0.9536845,-0.269146,0.6396011,-0.2909026,-0.7115382,static,-11.51250972503096,9.564794717981563,1.8416309200267587,9.15200160358903,0.62629,-0.134553969,-0.7570029999999999,-0.19691566485021056,0.1629094681827215,0.9667909041694394,-5.611896478408172,10.246003416188067,13.181247756832882,13.360519096325278,7.533386399567605
05/17/2023 13:14:33.695009,4086,True,True,True,True,Eyes,0.8595186,0.1201485,-1.869888,0.7843498,-0.1115795,-0.6102011,0.0,0.0,0.0,0.0,0.0,0.0,0.0,-0.3188276,-0.7400522,-1.895687,1.057611,0.1277889,-1.762976,0.01667891,0.9262968,-0.1516443,0.3445292,17.00337,138.5353,355.5864,0.3760362,0.05749672,-0.9248188,0.0,0.0,0.0,1.674548,-0.006591069,-2.523589,0.03388858,0.1737568,1.083651,-0.7620432,-0.07359254,-0.6433309,0.135391,0.9534516,-0.2694426,0.6332139,-0.292428,-0.7166076,static,-11.51626614371971,9.642646468293195,1.7912040034921914,9.109486654384636,0.6169369999999998,-0.13437996900000002,-0.7606129999999998,-0.19693559801776062,0.16422229687254608,0.966564733199382,-5.598468636771164,10.276252683758905,13.13714494903613,13.318146308931395,7.481216792578504
05/17/2023 13:14:33.714716,4087,True,True,True,True,Eyes,0.8684613,0.1204331,-1.865574,0.7792405,-0.1124465,-0.6165549,0.0,0.0,0.0,0.0,0.0,0.0,0.0,-0.292249,-0.7440132,-1.900423,1.066836,0.1279815,-1.75956,0.01794681,0.9277444,-0.1523555,0.3402296,17.1519,139.084,355.7765,0.3801618,0.05758049,-0.9231253,0.0,0.0,0.0,1.674548,-0.006591069,-2.523589,0.03319007,0.171997,1.078669,-0.7678437,-0.07037161,-0.6367608,0.1369718,0.9529315,-0.2704818,0.6258236,-0.294906,-0.7220634,static,-11.573155864184317,9.770420420430723,1.7624045353016229,9.059715404474527,0.607712,-0.134572569,-0.7640289999999998,-0.19782377167055276,0.16634704776709267,0.9660198403644302,-5.599809931914791,10.329224330840745,13.169129568537702,13.354485118792223,7.470867069853014
05/17/2023 13:14:33.734469,4088,True,True,True,True,Eyes,0.8773944,0.1207194,-1.861308,0.7740503,-0.1134319,-0.6228799,0.0,0.0,0.0,0.0,0.0,0.0,0.0,-0.2660753,-0.7498308,-1.903924,1.075716,0.1288635,-1.756188,0.01946516,0.9291162,-0.1533262,0.3359395,17.33716,139.6307,355.9844,0.3843124,0.05767019,-0.9213994,0.0,0.0,0.0,1.674548,-0.006591069,-2.523589,0.03273314,0.1705589,1.073686,-0.7735317,-0.06684589,-0.6302227,0.1391874,0.9522243,-0.2718375,0.6182846,-0.297994,-0.7272716,static,-11.625688595263355,9.932269864263123,1.7462182155486987,9.026221854512213,0.598832,-0.135454569,-0.7674009999999998,-0.19861684269698998,0.16904754510649142,0.9653881654455152,-5.592507870950715,10.395042604785464,13.211436294271918,13.402567468698502,7.465291073966616
05/17/2023 13:14:33.744513,4089,True,True,True,True,Eyes,0.886284,0.1210219,-1.857104,0.7687016,-0.1144611,-0.6292825,0.0,0.0,0.0,0.0,0.0,0.0,0.0,-0.2402294,-0.7561606,-1.906921,1.084478,0.1292339,-1.75301,0.02156832,0.9304621,-0.1544079,0.3315617,17.55637,140.1956,356.2562,0.3884835,0.05776506,-0.9196426,0.0,0.0,0.0,1.674548,-0.006591069,-2.523589,0.03108311,0.1700004,1.068539,-0.7792032,-0.06225455,-0.623672,0.1425285,0.951386,-0.2730391,0.6103507,-0.301644,-0.7324499,static,-11.678335611911377,10.137906379595858,1.6662273780924748,9.039773527111922,0.5900699999999999,-0.13582496900000002,-0.7705789999999999,-0.19938326115758453,0.1724838597106059,0.964621994032646,-5.576732301425796,10.477743322709163,13.191683175730951,13.389669792638093,7.384322721291193
05/17/2023 13:14:33.764577,4090,True,True,True,True,Eyes,0.8951565,0.1213225,-1.852956,0.7632619,-0.1155387,-0.6356745,0.0,0.0,0.0,0.0,0.0,0.0,0.0,-0.2140625,-0.7619769,-1.909698,1.092891,0.1299985,-1.749876,0.02273947,0.9317925,-0.1554522,0.3272312,17.73292,140.7415,356.4269,0.3926689,0.05786509,-0.917857,0.0,0.0,0.0,1.674548,-0.006591069,-2.523589,0.02837855,0.1704935,1.063534,-0.7848054,-0.05936068,-0.616893,0.1441146,0.9506351,-0.2748162,0.6027535,-0.3045805,-0.7375088,static,-11.720636575076565,10.280173382094011,1.528475265863734,9.107508521059591,0.5816569999999999,-0.136589569,-0.7737129999999999,-0.2000104136799119,0.17485570134304879,0.9640649912049349,-5.568527340341422,10.535344065686335,13.098745879830698,13.300906264238135,7.239209924776483
05/17/2023 13:14:33.784343,4091,True,True,True,True,Eyes,0.9039786,0.121622,-1.848879,0.7576701,-0.1165331,-0.6421495,0.0,0.0,0.0,0.0,0.0,0.0,0.0,-0.1855088,-0.766277,-1.913267,1.101417,0.1302757,-1.747024,0.02257021,0.9332371,-0.1565088,0.3225895,17.85936,141.3057,356.4552,0.3968646,0.05796943,-0.9160441,0.0,0.0,0.0,1.674548,-0.006591069,-2.523589,0.02509028,0.1712999,1.058692,-0.7908533,-0.05884947,-0.6091699,0.1431029,0.9499912,-0.2775578,0.5950401,-0.3066815,-0.7428821,static,-11.79192074667347,10.347930315633212,1.357616852891875,9.190993102825809,0.5731309999999998,-0.136866769,-0.776565,-0.20116973388939013,0.1759530202320794,0.9636239915122242,-5.588189724742278,10.566129550536273,12.99652366560213,13.200334950173094,7.0806235081190145
05/17/2023 13:14:33.804381,4092,True,True,True,True,Eyes,0.9127988,0.1219076,-1.844846,0.752025,-0.1174775,-0.6485811,0.0,0.0,0.0,0.0,0.0,0.0,0.0,-0.1568881,-0.7675264,-1.917503,1.110042,0.1306329,-1.743924,0.02117105,0.9346734,-0.1570721,0.3182233,17.88434,141.8235,356.3617,0.4010647,0.05807732,-0.9142062,0.0,0.0,0.0,1.674548,-0.006591069,-2.523589,0.02219778,0.1708302,1.054039,-0.7965717,-0.06039198,-0.6015204,0.139544,0.9497603,-0.280148,0.5882189,-0.3070965,-0.7481247,static,-11.828195879794295,10.296463733121042,1.2064554851625073,9.205992456210968,0.564506,-0.137223969,-0.7796649999999998,-0.20181228863366646,0.17506374470649377,0.9636516447110135,-5.614931019757032,10.548672949330465,12.879542005817466,13.080185924203683,6.952273351652827
05/17/2023 13:14:33.824525,4093,True,True,True,True,Eyes,0.9216009,0.1221519,-1.840866,0.7462997,-0.1182561,-0.6550208,0.0,0.0,0.0,0.0,0.0,0.0,0.0,-0.1291922,-0.7670211,-1.922141,1.118878,0.1305793,-1.74089,0.01931209,0.93602,-0.1574132,0.314189,17.86764,142.2952,356.219,0.4052671,0.05818747,-0.912344,0.0,0.0,0.0,1.674548,-0.006591069,-2.523589,0.02010673,0.1693801,1.049634,-0.8018247,-0.06276195,-0.5942541,0.1350679,0.9496963,-0.2825485,0.5820943,-0.306819,-0.7530128,static,-11.820114443554694,10.207424345430876,1.097420517238142,9.166831608083552,0.5556699999999999,-0.13717036900000001,-0.7826989999999998,-0.20173056824581498,0.17356897227541268,0.9639390984592424,-5.628543842898223,10.513828599342496,12.763536303289465,12.95938049091565,6.859518749029353
05/17/2023 13:14:33.844294,4094,True,True,True,True,Eyes,0.930398,0.1223791,-1.83693,0.7405381,-0.1190174,-0.6613911,0.0,0.0,0.0,0.0,0.0,0.0,0.0,-0.1029481,-0.7646152,-1.927136,1.127746,0.1297937,-1.737938,0.01744929,0.9372866,-0.1574668,0.3104731,17.81943,142.7308,356.0809,0.4094686,0.05829742,-0.910459,0.0,0.0,0.0,1.674548,-0.006591069,-2.523589,0.01789987,0.1670502,1.045476,-0.8066041,-0.06506846,-0.5874999,0.1304884,0.9497995,-0.2843481,0.5765092,-0.3060182,-0.7576214,static,-11.773186570440695,10.09208723807828,0.9808802973281892,9.078202209516713,0.546802,-0.13638476900000002,-0.7856509999999999,-0.20100945677708265,0.17165417905015154,0.964432500133825,-5.629372422375911,10.466302971785979,12.60491622218024,12.79430281487277,6.754425567327541
05/17/2023 13:14:33.855413,4095,True,True,True,True,Eyes,0.9391735,0.1225734,-1.833064,0.7346878,-0.1196676,-0.6677675,0.0,0.0,0.0,0.0,0.0,0.0,0.0,-0.07739532,-0.7644135,-1.930804,1.136477,0.1296756,-1.734913,0.016063,0.9384419,-0.1578552,0.3068396,17.82637,143.1573,355.9809,0.4136672,0.05840612,-0.9085521,0.0,0.0,0.0,1.674548,-0.006591069,-2.523589,0.01541996,0.1638703,1.041379,-0.811183,-0.06672405,-0.5809736,0.1270208,0.9496475,-0.2864183,0.570831,-0.3061334,-0.7618625,static,-11.713282329497297,10.047545551216437,0.8483309787810117,8.94267221473686,0.538071,-0.136266669,-0.7886759999999999,-0.2000262269467149,0.17093948152014615,0.9647637711926864,-5.610434766780122,10.44521031767746,12.425111103991835,12.610109991446476,6.631234855351016
05/17/2023 13:14:33.864395,4096,True,True,True,True,Eyes,0.9479629,0.1227551,-1.829244,0.7288376,-0.1202534,-0.6740437,0.0,0.0,0.0,0.0,0.0,0.0,0.0,-0.052329,-0.7624172,-1.935344,1.145554,0.1291418,-1.732225,0.01429385,0.9395676,-0.1579735,0.3034021,17.78988,143.5571,355.8445,0.4178596,0.05851179,-0.9066247,0.0,0.0,0.0,1.674548,-0.006591069,-2.523589,0.01292354,0.16063,1.037243,-0.8154858,-0.06899888,-0.5746498,0.122719,0.9496802,-0.2881799,0.5656175,-0.305527,-0.7659832,static,-11.632731568221704,9.958502472032484,0.7138404265208114,8.803037110363281,0.528994,-0.135732869,-0.791364,-0.1987203298264551,0.1694858984597175,0.9652900070092804,-5.590646091606123,10.40561398699854,12.221620591859375,12.400521772223033,6.5049829287070615
05/17/2023 13:14:33.884397,4097,True,True,True,True,Eyes,0.9567465,0.1229028,-1.825493,0.7228893,-0.1207323,-0.6803343,0.0,0.0,0.0,0.0,0.0,0.0,0.0,-0.02840263,-0.7600448,-1.939734,1.154731,0.1290164,-1.729448,0.01256705,0.9406128,-0.1579095,0.3002571,17.73471,143.9234,355.7139,0.422045,0.05861388,-0.9046773,0.0,0.0,0.0,1.674548,-0.006591069,-2.523589,0.0108425,0.159346,1.032986,-0.8193756,-0.07118544,-0.5688202,0.1184684,0.9498133,-0.2895167,0.5608824,-0.3046101,-0.7698207,static,-11.511801721150302,9.862359957282127,0.6013698897294599,8.769193084903174,0.519817,-0.135607469,-0.7941409999999998,-0.1967355149239154,0.1679344704477762,0.9659674626390459,-5.553628476552256,10.360634671670766,11.989781131685413,12.162398623852543,6.357412304784388
05/17/2023 13:14:33.894606,4098,True,True,True,True,Eyes,0.965547,0.1230336,-1.8218,0.7169257,-0.1211556,-0.6865413,0.0,0.0,0.0,0.0,0.0,0.0,0.0,-0.003904462,-0.7568277,-1.944497,1.163991,0.128397,-1.726995,0.0113262,0.9417608,-0.1576176,0.2968417,17.67398,144.3341,355.6516,0.426221,0.05871077,-0.902711,0.0,0.0,0.0,1.674548,-0.006591069,-2.523589,0.01008368,0.1591824,1.028715,-0.8235134,-0.07224185,-0.5626782,0.1149081,0.9500568,-0.290152,0.5555373,-0.3036004,-0.7740834,static,-11.426351954397889,9.773131545187242,0.561607250704799,8.796132843101493,0.5105569999999999,-0.13498806900000002,-0.7965939999999998,-0.19534364488077383,0.16647718108290138,0.9665020972149647,-5.531617862920866,10.32064577325556,11.85961469232063,12.027705199541744,6.281045451159021
05/17/2023 13:14:33.924624,4099,True,True,True,True,Eyes,0.9743262,0.1231341,-1.818199,0.7108139,-0.1215551,-0.6927972,0.0,0.0,0.0,0.0,0.0,0.0,0.0,0.02038306,-0.7541374,-1.948916,1.17326,0.1281171,-1.724662,0.01052091,0.9429112,-0.1572645,0.2933865,17.62263,144.757,355.6411,0.4303871,0.05880189,-0.9007262,0.0,0.0,0.0,1.674548,-0.006591069,-2.523589,0.01038373,0.1595128,1.024438,-0.8276273,-0.07243802,-0.5565841,0.1121191,0.9503144,-0.2903995,0.5499657,-0.3027462,-0.7783844,static,-11.337661275325427,9.704506724111315,0.5807316120723753,8.850321016962711,0.501288,-0.13470816900000002,-0.7989269999999999,-0.19388399080772534,0.16536826438432492,0.9669862141416731,-5.5041015481488476,10.288384773036158,11.783978024267759,11.948963228693588,6.252457273285429
05/17/2023 13:14:33.934485,4100,True,True,True,True,Eyes,0.9831169,0.123204,-1.814647,0.7046266,-0.1219291,-0.6990241,0.0,0.0,0.0,0.0,0.0,0.0,0.0,0.0472973,-0.7521983,-1.953001,1.182408,0.1275705,-1.722756,0.009985102,0.9442347,-0.157115,0.2891993,17.60675,145.2711,355.6667,0.4345401,0.05888601,-0.8987245,0.0,0.0,0.0,1.674548,-0.006591069,-2.523589,0.01089627,0.1596172,1.01998,-0.8325282,-0.07201855,-0.5492816,0.1097317,0.9504303,-0.2909315,0.5430064,-0.3024822,-0.7833573,static,-11.336281604577495,9.670993623708373,0.6120576243810889,8.894110978725816,0.49214,-0.134161569,-0.8008329999999999,-0.19387931501785133,0.16480279108132811,0.9670837060436871,-5.509991281717539,10.275378830850734,11.809234515830978,11.973569099242953,6.275936877309809
05/17/2023 13:14:33.944313,4101,True,True,True,True,Eyes,0.991906,0.1232258,-1.811166,0.6982324,-0.1223321,-0.7053413,0.0,0.0,0.0,0.0,0.0,0.0,0.0,0.07584542,-0.7498879,-1.956389,1.191562,0.1269006,-1.720354,0.009700934,0.9456571,-0.1568882,0.2846487,17.59264,145.8348,355.7303,0.4386792,0.05896207,-0.8967064,0.0,0.0,0.0,1.674548,-0.006591069,-2.523589,0.01353264,0.1512612,1.015822,-0.8377624,-0.07096847,-0.5414039,0.1076635,0.950584,-0.2912021,0.535316,-0.3022475,-0.7887228,static,-11.365905050854613,9.641279820205103,0.7632412904409318,8.469409879487669,0.4829859999999999,-0.133491669,-0.8032349999999999,-0.1943963428524716,0.16428409336511124,0.9670681336589722,-5.529431028604849,10.265869424145691,12.020948788918409,12.185625553352613,6.54408066961876
05/17/2023 13:14:33.964660,4102,True,True,True,True,Eyes,1.000707,0.1232189,-1.807749,0.6917557,-0.1227157,-0.7116284,0.0,0.0,0.0,0.0,0.0,0.0,0.0,0.1044137,-0.7476348,-1.959713,1.200749,0.1257965,-1.718345,0.009587822,0.9470677,-0.1567156,0.28002,17.5904,146.409,355.8125,0.4428034,0.05902826,-0.8946727,0.0,0.0,0.0,1.674548,-0.006591069,-2.523589,0.004781783,0.1620562,1.011156,-0.8429939,-0.0696064,-0.533401,0.1059277,0.9506966,-0.291471,0.5273907,-0.3022102,-0.7940583,static,-11.402405649817679,9.62743305657395,0.2709512104005478,9.105262102365455,0.47379899999999986,-0.132387569,-0.8052439999999998,-0.19502076007094943,0.16402965393782265,0.966985649824199,-5.548950942377905,10.262925778333097,11.52515914578463,11.685029862667145,5.933923344177121
05/17/2023 13:14:33.984388,4103,True,True,True,True,Eyes,1.009536,0.1231729,-1.804388,0.6850711,-0.1231029,-0.7179995,0.0,0.0,0.0,0.0,0.0,0.0,0.0,0.1341406,-0.7453898,-1.962694,1.209925,0.1251006,-1.716449,0.008711399,0.9484657,-0.1567252,0.275271,17.58335,146.9823,355.8035,0.4469115,0.05908388,-0.892624,0.0,0.0,0.0,1.674548,-0.006591069,-2.523589,0.009119093,0.168552,1.008717,-0.8482999,-0.06975889,-0.5249009,0.1028087,0.9507226,-0.2925009,0.5194396,-0.3020929,-0.7993262,static,-11.440247269186395,9.592022883593101,0.5179562839636759,9.48622287169854,0.464623,-0.131691669,-0.80714,-0.19567976155466646,0.16341012479028666,0.9669573827619302,-5.573287763212685,10.251759790170254,11.795778337592367,11.95867157593551,6.139161246929796
05/17/2023 13:14:34.004400,4104,True,True,True,True,Eyes,1.018383,0.1230797,-1.801084,0.678325,-0.1234314,-0.7243203,0.0,0.0,0.0,0.0,0.0,0.0,0.0,0.163999,-0.7417481,-1.965825,1.219217,0.1240821,-1.714546,0.007311839,0.9498288,-0.1566589,0.2706101,17.55106,147.5365,355.7356,0.4510039,0.05912783,-0.8905604,0.0,0.0,0.0,1.674548,-0.006591069,-2.523589,0.004184186,0.1693945,1.002877,-0.8534337,-0.07089701,-0.5163576,0.09867699,0.950809,-0.293641,0.5117756,-0.3015557,-0.8044565,static,-11.465658198671916,9.525116412657804,0.23904706905661968,9.587255415593491,0.45533099999999993,-0.130673169,-0.809043,-0.19614614511895198,0.1622654413404142,0.9670556496006968,-5.598028024155573,10.22764068468158,11.547559319975136,11.704870211159028,5.872098341876023
05/17/2023 13:14:34.024506,4105,True,True,True,True,Eyes,1.027262,0.1229213,-1.797843,0.6714283,-0.1237281,-0.7306679,0.0,0.0,0.0,0.0,0.0,0.0,0.0,0.193463,-0.7364824,-1.969213,1.2286,0.122849,-1.712625,0.005475351,0.9511463,-0.156408,0.2661337,17.48452,148.0626,355.6205,0.4550801,0.05915871,-0.8884823,0.0,0.0,0.0,1.674548,-0.006591069,-2.523589,0.007686555,0.1665232,1.001227,-0.8582857,-0.07283518,-0.5079771,0.09366663,0.9510131,-0.2946195,0.5045514,-0.3004482,-0.8094188,static,-11.459692572220705,9.419997014020915,0.43985880175297704,9.442946706209101,0.445948,-0.129440069,-0.8109639999999998,-0.1961030763291704,0.16049235616526694,0.9673603113254474,-5.615747143526864,10.186738010332133,11.743089235479266,11.899573504550931,6.101113740014817
05/17/2023 13:14:34.041771,4106,True,True,True,True,Eyes,1.036173,0.1226988,-1.794658,0.664506,-0.123923,-0.7369362,0.0,0.0,0.0,0.0,0.0,0.0,0.0,0.222546,-0.7300365,-1.972948,1.238156,0.1211006,-1.710937,0.003315265,0.9524056,-0.1561154,0.2618027,17.40393,148.5654,355.4662,0.45914,0.05917438,-0.8863901,0.0,0.0,0.0,1.674548,-0.006591069,-2.523589,0.008751214,0.1670382,0.9977114,-0.8628969,-0.07542793,-0.4997199,0.08805785,0.9512339,-0.2956346,0.4976496,-0.2991063,-0.8141748,static,-11.437438440736747,9.30135073391645,0.5025448939727317,9.504389155603395,0.4363919999999999,-0.127691669,-0.8126519999999999,-0.19579118825468955,0.15849890011439127,0.9677520375074319,-5.628592586360376,10.139554501556912,11.788319447281726,11.941709535649458,6.163950179831571
05/17/2023 13:14:34.044397,4107,True,True,True,True,Eyes,1.045108,0.1224129,-1.791546,0.6574907,-0.1240413,-0.7431822,0.0,0.0,0.0,0.0,0.0,0.0,0.0,0.2508616,-0.7223411,-1.976945,1.247912,0.1194343,-1.709231,0.0009754446,0.9536136,-0.1555754,0.2577141,17.29073,149.0383,355.2945,0.4631838,0.05917301,-0.8842838,0.0,0.0,0.0,1.674548,-0.006591069,-2.523589,0.0134933,0.1654458,0.9944465,-0.867165,-0.07832754,-0.4918229,0.08204833,0.9515907,-0.2962148,0.4912159,-0.2972203,-0.8187594,static,-11.381495726880736,9.154828188678923,0.7773788752429421,9.445768251110264,0.426636,-0.126025369,-0.8143579999999999,-0.1949231225120817,0.1560510586053426,0.9683248889227791,-5.631338492478501,10.079419476036671,12.010554201172004,12.16235494096829,6.439966783624368
05/17/2023 13:14:34.064542,4108,True,True,True,True,Eyes,1.054072,0.1220585,-1.788513,0.6504744,-0.1240365,-0.7493317,0.0,0.0,0.0,0.0,0.0,0.0,0.0,0.2766833,-0.7130722,-1.981516,1.257606,0.1175153,-1.707644,-0.0008649033,0.9547693,-0.1544922,0.2540614,17.13172,149.473,355.1887,0.4672108,0.05915294,-0.8821641,0.0,0.0,0.0,1.674548,-0.006591069,-2.523589,0.01842797,0.163874,0.9915605,-0.8709041,-0.08015257,-0.4848727,0.07684944,0.9522628,-0.2954483,0.4854072,-0.2945693,-0.8231699,static,-11.276193783078224,8.986738675884778,1.0647089813003494,9.38437658668524,0.4169419999999999,-0.12410636900000001,-0.8159449999999999,-0.19322851125574886,0.15326196651951737,0.9691096465668667,-5.615533479905944,10.007737199898084,12.198127416899753,12.347307275189698,6.709263580647925
05/17/2023 13:14:34.084539,4109,True,True,True,True,Eyes,1.063079,0.1216462,-1.785554,0.6434324,-0.1239525,-0.7554009,0.0,0.0,0.0,0.0,0.0,0.0,0.0,0.3019896,-0.7032081,-1.986431,1.267338,0.1154916,-1.706494,-0.002740937,0.9559031,-0.1532936,0.2504855,16.95943,149.8987,355.08,0.4712206,0.05911244,-0.8800315,0.0,0.0,0.0,1.674548,-0.006591069,-2.523589,0.01974863,0.1619593,0.9879886,-0.8744992,-0.08203574,-0.4780393,0.07155547,0.9529871,-0.2944407,0.4797199,-0.2916945,-0.8275164,static,-11.163035569626711,8.810595444835625,1.145116945636007,9.309598827225438,0.40720999999999985,-0.122082669,-0.8170949999999999,-0.1914011351538778,0.1503367854247093,0.9699301272549441,-5.597675606595894,9.932436128878203,12.174717555951995,12.31826378653276,6.771497449365546
05/17/2023 13:14:34.110279,4110,True,True,True,True,Eyes,1.072115,0.1211619,-1.782675,0.6363495,-0.1237839,-0.7614045,0.0,0.0,0.0,0.0,0.0,0.0,0.0,0.3285811,-0.6931651,-1.990982,1.277056,0.1136279,-1.705482,-0.00475775,0.9570876,-0.1521202,0.2466174,16.7884,150.3568,354.9581,0.4752131,0.05905046,-0.8778862,0.0,0.0,0.0,1.674548,-0.006591069,-2.523589,0.02264035,0.1605347,0.9849442,-0.8783145,-0.08413815,-0.4706215,0.06592382,0.9536736,-0.2935314,0.4735165,-0.288838,-0.8320786,static,-11.085102660283937,8.634866274035295,1.3167934843108822,9.2571599792151,0.39749199999999996,-0.12021896900000001,-0.8181069999999999,-0.19016675258339605,0.14739727191277452,0.9706238216292999,-5.595972987671788,9.859603744021907,12.277773248161632,12.417498839815618,6.938968135531559
05/17/2023 13:14:34.114470,4111,True,True,True,True,Eyes,1.08119,0.1206327,-1.779876,0.6292312,-0.1235277,-0.7673389,0.0,0.0,0.0,0.0,0.0,0.0,0.0,0.3567386,-0.6837378,-1.994725,1.286863,0.1114003,-1.704483,-0.006781981,0.9582837,-0.151278,0.2424075,16.65729,150.851,354.8294,0.479188,0.0589654,-0.8757287,0.0,0.0,0.0,1.674548,-0.006591069,-2.523589,0.02569818,0.1592779,0.9818509,-0.8823851,-0.08633996,-0.4625384,0.06034371,0.954138,-0.2932224,0.4666423,-0.2866464,-0.8367071,static,-11.049903217607893,8.49889892035959,1.49927160840165,9.214371854574352,0.38768499999999984,-0.117991369,-0.8191059999999999,-0.18963527026554874,0.14510868810533484,0.9710725596378476,-5.60622448513169,9.804896325179737,12.431817370574736,12.569554102407352,7.129992558593685
05/17/2023 13:14:34.144435,4112,True,True,True,True,Eyes,1.090299,0.1200646,-1.777168,0.6220558,-0.1231771,-0.7732231,0.0,0.0,0.0,0.0,0.0,0.0,0.0,0.3847743,-0.6743335,-1.998326,1.29669,0.1097512,-1.703711,-0.00893278,0.9594539,-0.1503796,0.2382324,16.51751,151.3391,354.686,0.4831446,0.05885714,-0.8735594,0.0,0.0,0.0,1.674548,-0.006591069,-2.523589,0.02761412,0.1595559,0.9783545,-0.8863313,-0.08879175,-0.4544593,0.0545094,0.9546124,-0.2928207,0.4598325,-0.2843084,-0.8412628,static,-11.009238372707953,8.357969739630146,1.6167479001541458,9.262593489115183,0.377858,-0.116342269,-0.8198779999999999,-0.1890118827286942,0.14273719652985645,0.9715454593408445,-5.61492305846175,9.747918412762926,12.523171760719928,12.658351926322577,7.247937991953452
05/17/2023 13:14:34.154463,4113,True,True,True,True,Eyes,1.099457,0.1194489,-1.774538,0.6147601,-0.1227912,-0.7790972,0.0,0.0,0.0,0.0,0.0,0.0,0.0,0.4143806,-0.6637719,-2.00192,1.3067,0.1082324,-1.703176,-0.01153672,0.9606759,-0.1494021,0.233769,16.3593,151.8555,354.4969,0.4870824,0.05872581,-0.8713787,0.0,0.0,0.0,1.674548,-0.006591069,-2.523589,0.0290826,0.1603448,0.9750115,-0.890438,-0.09201723,-0.4457052,0.04768502,0.9550918,-0.2924477,0.4525996,-0.28166,-0.8460623,static,-10.99564883509332,8.1894499789899,1.7085094124210463,9.338942859454145,0.36784799999999995,-0.11482346900000001,-0.8204129999999998,-0.18885915802532457,0.139883244742127,0.9719902276605821,-5.641473470109453,9.682082318317553,12.623981673586181,12.756056234594032,7.357988384179498
05/17/2023 13:14:34.164284,4114,True,True,True,True,Eyes,1.108644,0.1187715,-1.772004,0.6073837,-0.1223354,-0.7849325,0.0,0.0,0.0,0.0,0.0,0.0,0.0,0.4438376,-0.6525138,-2.005221,1.316661,0.1064069,-1.702574,-0.01416536,0.9618672,-0.1483956,0.2293251,16.19914,152.3689,354.3039,0.4910013,0.05857119,-0.869187,0.0,0.0,0.0,1.674548,-0.006591069,-2.523589,0.02934644,0.161657,0.9716843,-0.894419,-0.09531201,-0.4369563,0.04081125,0.9555562,-0.2919705,0.4453646,-0.2789766,-0.8507779,static,-10.976788851777679,8.023083980461015,1.729899520062249,9.445661596255064,0.35788699999999984,-0.112997969,-0.8210149999999998,-0.18861416406464376,0.13706691463796,0.9724388395682916,-5.665175274071366,9.616730763201558,12.657732036872497,12.786072753273787,7.397053188311552
05/17/2023 13:14:34.184594,4115,True,True,True,True,Eyes,1.117862,0.1180611,-1.769567,0.5997778,-0.1218932,-0.7908278,0.0,0.0,0.0,0.0,0.0,0.0,0.0,0.4749389,-0.6415343,-2.007882,1.326653,0.1042331,-1.702307,-0.01668314,0.9631034,-0.1475754,0.2244442,16.06763,152.9334,354.1238,0.4949006,0.05839236,-0.866985,0.0,0.0,0.0,1.674548,-0.006591069,-2.523589,0.02947256,0.1629753,0.9687227,-0.8986931,-0.09838008,-0.4274019,0.03410972,0.9558863,-0.2917496,0.43725,-0.2767719,-0.8556927,static,-10.997176216205593,7.882273436395087,1.7426375645842163,9.549858814909088,0.34789499999999984,-0.110824169,-0.8212819999999998,-0.18902298798530728,0.1346658521719259,0.9726949105983004,-5.701990640933172,9.563800707344207,12.72287615522315,12.848490034390641,7.444641260312664
05/17/2023 13:14:34.194644,4116,True,True,True,True,Eyes,1.127106,0.1172879,-1.767243,0.5920343,-0.1213778,-0.7967201,0.0,0.0,0.0,0.0,0.0,0.0,0.0,0.5069092,-0.6297296,-2.010196,1.336433,0.1026909,-1.702294,-0.01933135,0.9644008,-0.1465083,0.2193007,15.90879,153.5304,353.9389,0.498779,0.0581899,-0.8647733,0.0,0.0,0.0,1.674548,-0.006591069,-2.523589,0.02925959,0.1652782,0.9655315,-0.9030669,-0.1015451,-0.4173231,0.02697242,0.9563233,-0.2910642,0.428652,-0.2741067,-0.860885,static,-11.040448272398008,7.714073364642045,1.7357674149045563,9.71365702958366,0.33811499999999994,-0.109281969,-0.8212949999999999,-0.18983162640750845,0.13178885767831613,0.9729315243431395,-5.754687178776388,9.501815246245693,12.809215476058212,12.93174474390743,7.493449603564687
05/17/2023 13:14:34.214863,4117,True,True,True,True,Eyes,1.136376,0.1164618,-1.765028,0.5840344,-0.1209038,-0.8026743,0.0,0.0,0.0,0.0,0.0,0.0,0.0,0.5418631,-0.6171059,-2.011827,1.346428,0.100393,-1.702625,-0.02196022,0.9658086,-0.1455162,0.21344,15.76589,154.2121,353.764,0.502635,0.05796291,-0.8625529,0.0,0.0,0.0,1.674548,-0.006591069,-2.523589,0.02891934,0.1666075,0.9628187,-0.9079224,-0.1045367,-0.4058932,0.01969923,0.9566855,-0.2904561,0.4186754,-0.2717073,-0.866537,static,-11.15329275955577,7.551659236078538,1.7204257803047567,9.817324743675295,0.32811999999999997,-0.106984069,-0.8209639999999998,-0.19181889912218847,0.12897961955633003,0.9729181408509897,-5.838324076722774,9.446620269224105,12.951723834551656,13.071567206569467,7.567834644631967
05/17/2023 13:14:34.244542,4118,True,True,True,True,Eyes,1.145685,0.1157363,-1.762988,0.5758754,-0.1204033,-0.8086227,0.0,0.0,0.0,0.0,0.0,0.0,0.0,0.5759026,-0.6036954,-2.013386,1.356237,0.09777957,-1.703201,-0.02452759,0.9671651,-0.1444053,0.2076954,15.61304,154.8811,353.5956,0.5064677,0.05771105,-0.860325,0.0,0.0,0.0,1.674548,-0.006591069,-2.523589,0.02785206,0.1675362,0.9599066,-0.9125223,-0.1074291,-0.3946676,0.01254017,0.9570911,-0.2895161,0.4088353,-0.269139,-0.8720197,static,-11.24374877569263,7.384136803215506,1.661992825709837,9.900328986143359,0.318311,-0.104370639,-0.8203879999999999,-0.19342702716160226,0.12609387646900722,0.9729781196983743,-5.912636471976868,9.387988995842829,13.0325661625483,13.148740980930363,7.591936595035218
05/17/2023 13:14:34.254472,4119,True,True,True,True,Eyes,1.154932,0.1154355,-1.761102,0.5661844,-0.1212328,-0.8153145,0.0,0.0,0.0,0.0,0.0,0.0,0.0,0.6131693,-0.5957601,-2.013661,1.366609,0.09946375,-1.705353,-0.02771226,0.9684741,-0.1439936,0.2013848,15.53021,155.598,353.3441,0.5102746,0.05744117,-0.8580906,0.0,0.0,0.0,1.674548,-0.006591069,-2.523589,0.02760276,0.1668653,0.9574811,-0.9173524,-0.1116735,-0.3820911,0.004319034,0.9569958,-0.2900698,0.3980527,-0.2677465,-0.87742,static,-11.292204812277703,7.198836615643275,1.6512949903657974,9.885951791071003,0.30793899999999996,-0.10605481900000001,-0.818236,-0.1943276868918,0.12292419761350712,0.9732041369917248,-5.971052106701306,9.319753202383453,13.107479710947047,13.219484676304381,7.643347179737361
05/17/2023 13:14:34.264268,4120,True,True,True,True,Eyes,1.164301,0.1149662,-1.759359,0.5561308,-0.122551,-0.8220097,0.0,0.0,0.0,0.0,0.0,0.0,0.0,0.6525994,-0.5948524,-2.009132,1.375097,0.1100955,-1.706849,-0.03353256,0.9695078,-0.1447718,0.1948627,15.52426,156.2826,352.7592,0.5140498,0.05717497,-0.8558523,0.0,0.0,0.0,1.674548,-0.006591069,-2.523589,0.02818087,0.1659335,0.9549216,-0.9218084,-0.1214414,-0.3681327,-0.008598894,0.9558334,-0.2937833,0.3875509,-0.2676464,-0.8821395,static,-11.336150646785983,7.002713001452513,1.6903758611202588,9.857663660297847,0.2994509999999999,-0.116686569,-0.8167399999999998,-0.19515458495633747,0.11957220415490226,0.9734563868853027,-6.029496449721668,9.247050549126245,13.227400890487225,13.335709059724774,7.743983268786067
05/17/2023 13:14:34.284326,4121,True,True,True,True,Eyes,1.173536,0.1144471,-1.757671,0.5462559,-0.1242386,-0.8283534,0.0,0.0,0.0,0.0,0.0,0.0,0.0,0.707306,-0.6102625,-1.995715,1.387574,0.1056925,-1.708523,-0.03233753,0.9706982,-0.150511,0.1845148,16.2762,157.4609,352.9195,0.5177959,0.05690357,-0.8536093,0.0,0.0,0.0,1.674548,-0.006591069,-2.523589,0.02939174,0.1652115,0.9521987,-0.929817,-0.118323,-0.348482,-0.007236974,0.9526014,-0.304135,0.3679506,-0.2802679,-0.8866014,static,-11.905145426124914,7.609935264504977,1.7680008618797058,9.843128026530731,0.28697399999999984,-0.112283569,-0.8150659999999998,-0.20455151526767817,0.12962818464622863,0.9702346647349547,-6.173516974103254,9.518365024612343,13.72583823199336,13.854316270590141,7.948155543687512
05/17/2023 13:14:34.294816,4122,True,True,True,True,Eyes,1.182739,0.1139911,-1.756103,0.5363162,-0.126295,-0.8345146,0.0,0.0,0.0,0.0,0.0,0.0,0.0,0.7276801,-0.6331367,-1.986107,1.395973,0.1044459,-1.70744,-0.02770885,0.9707807,-0.1548882,0.1811818,16.89893,157.8754,353.403,0.5215077,0.05662527,-0.8513653,0.0,0.0,0.0,1.674548,-0.006591069,-2.523589,0.03081807,0.164832,0.9497257,-0.9328108,-0.1099243,-0.3431921,0.00232742,0.9504837,-0.3107656,0.3603592,-0.2906843,-0.8863657,static,-11.654227573644532,8.247152434137917,1.8585639813501542,9.846031603576622,0.278575,-0.111036969,-0.8161489999999998,-0.1999999101168879,0.14054530153827455,0.9696634288191714,-5.933786677312834,9.747491670833224,13.462320228431496,13.607055162936641,7.792973688259866
05/17/2023 13:14:34.314701,4123,True,True,True,True,Eyes,1.191966,0.113572,-1.754681,0.5260844,-0.1287524,-0.8406295,0.0,0.0,0.0,0.0,0.0,0.0,0.0,0.7621393,-0.6480277,-1.975583,1.404537,0.1056161,-1.708756,-0.02941969,0.9709393,-0.1602436,0.1753098,17.50917,158.4782,353.1761,0.5251829,0.05634353,-0.8491219,0.0,0.0,0.0,1.674548,-0.006591069,-2.523589,0.03273556,0.1640701,0.9468501,-0.9368018,-0.113314,-0.3310016,-0.0009449295,0.946913,-0.3214886,0.3498589,-0.3008584,-0.8871769,static,-11.666795063918574,8.67832801461553,1.9801050429017653,9.830592280989165,0.270011,-0.11220716900000001,-0.8148329999999999,-0.19999767298393775,0.14783844584592867,0.9685786790087012,-5.855621051408468,9.91448481058648,13.536433928121111,13.695458935906258,7.8361751755289735
05/17/2023 13:14:34.334404,4124,True,True,True,True,Eyes,1.201191,0.113182,-1.753331,0.5156706,-0.1314552,-0.8466424,0.0,0.0,0.0,0.0,0.0,0.0,0.0,0.8119537,-0.6515133,-1.963271,1.413871,0.1061326,-1.711104,-0.03550666,0.9713812,-0.1656892,0.166448,18.06373,159.3591,352.4973,0.5288203,0.05606011,-0.8468801,0.0,0.0,0.0,1.674548,-0.006591069,-2.523589,0.03545147,0.1626971,0.9442099,-0.9420687,-0.1241383,-0.3116027,-0.01382374,0.9425728,-0.3337147,0.335135,-0.3100747,-0.8896844,static,-12.008927096469298,8.905887783081083,2.150227332538431,9.776648917844327,0.2606769999999998,-0.112723669,-0.8124849999999999,-0.2056623800018167,0.1515024952453002,0.9668246843019659,-5.969004661767176,10.024610974192832,14.01405164660948,14.185904239712862,8.123017503289303
05/17/2023 13:14:34.345412,4125,True,True,True,True,Eyes,1.210428,0.1128181,-1.752068,0.5050528,-0.134316,-0.8525731,0.0,0.0,0.0,0.0,0.0,0.0,0.0,0.8568509,-0.6527148,-1.950868,1.4232,0.1065389,-1.711509,-0.04002346,0.9718048,-0.1698437,0.1585771,18.50675,160.1623,352.0195,0.5324201,0.05577642,-0.8446404,0.0,0.0,0.0,1.674548,-0.006591069,-2.523589,0.03752756,0.1615542,0.9412463,-0.9465032,-0.1316567,-0.2946166,-0.02392333,0.9391024,-0.3428035,0.3218075,-0.3174163,-0.8920131,static,-12.221706802584885,9.063591545348075,2.2831777066691332,9.739268510616972,0.2513479999999999,-0.11312996900000001,-0.8120799999999999,-0.20916822188762446,0.15404595852003217,0.9656699783587886,-6.036370119374117,10.099336175571569,14.33964489408733,14.520613416388173,8.327335993771767
05/17/2023 13:14:34.364627,4126,True,True,True,True,Eyes,1.219653,0.1124819,-1.750915,0.4941789,-0.1373856,-0.858436,0.0,0.0,0.0,0.0,0.0,0.0,0.0,0.9009164,-0.656618,-1.937342,1.432551,0.1068166,-1.712448,-0.04220002,0.9723645,-0.1734565,0.1504633,18.94296,161.0439,351.8391,0.5359824,0.05549354,-0.8424031,0.0,0.0,0.0,1.674548,-0.006591069,-2.523589,0.03954843,0.160197,0.9383465,-0.95116,-0.1342653,-0.2779707,-0.02986993,0.936264,-0.350025,0.3072501,-0.3246267,-0.8945473,static,-12.453918652115954,9.25173016814602,2.413413202130357,9.688282246879968,0.24199700000000002,-0.113407669,-0.8111409999999999,-0.21297704347518676,0.1570837984721736,0.9643471437188436,-6.1067658958532745,10.187064394477389,14.682311784771242,14.873739751042237,8.53476628224107
05/17/2023 13:14:34.384827,4127,True,True,True,True,Eyes,1.228899,0.1121299,-1.749824,0.4830964,-0.1405137,-0.8642186,0.0,0.0,0.0,0.0,0.0,0.0,0.0,0.9482374,-0.6593358,-1.921877,1.441654,0.1072193,-1.71395,-0.04445866,0.9729873,-0.1769759,0.1414171,19.37905,162.037,351.6759,0.5395057,0.05521251,-0.8401695,0.0,0.0,0.0,1.674548,-0.006591069,-2.523589,0.03982478,0.1594798,0.9351554,-0.9560494,-0.1365703,-0.2594579,-0.03646058,0.9334059,-0.356965,0.2909304,-0.3318161,-0.8973616,static,-12.784617168318718,9.420472638478287,2.438540055726523,9.678017935413825,0.23289399999999993,-0.11381036900000001,-0.8096389999999998,-0.21844568709633036,0.15972548947451176,0.9626885633307117,-6.226332482725627,10.273773659755747,15.023810124253481,15.225335643195997,8.685329066345636
05/17/2023 13:14:34.394979,4128,True,True,True,True,Eyes,1.238145,0.1117785,-1.748808,0.4718087,-0.1438701,-0.8698839,0.0,0.0,0.0,0.0,0.0,0.0,0.0,0.992478,-0.6621854,-1.905985,1.451002,0.1064387,-1.71451,-0.04549953,0.9735498,-0.1801478,0.1329564,19.79567,162.9887,351.6588,0.5429912,0.0549323,-0.8379394,0.0,0.0,0.0,1.674556,-0.006591067,-2.523589,0.03971452,0.1590096,0.9324319,-0.9605048,-0.1364957,-0.2424862,-0.0406885,0.9309531,-0.3628646,0.2752727,-0.3386668,-0.8997388,moving,-13.038240385298902,9.595955194730893,2.4388911273620852,9.677675254609655,0.22355400000000003,-0.113029767,-0.8090789999999999,-0.22260213976531124,0.16251655862494335,0.961268282059447,-6.309061464440199,10.358027972120995,15.266354936654928,15.477347254241936,8.774369172119748
05/17/2023 13:14:34.414834,4129,True,True,True,True,Eyes,1.247358,0.1114574,-1.747852,0.4604202,-0.1472222,-0.8754078,0.0,0.0,0.0,0.0,0.0,0.0,0.0,1.035609,-0.6708668,-1.887783,1.460393,0.1061735,-1.715299,-0.04516863,0.9739667,-0.1839351,0.1245665,20.30639,163.9519,351.7972,0.546439,0.05465271,-0.8357134,0.0,0.0,0.0,1.672283,-0.008487251,-2.52341,0.04126894,0.1569384,0.928533,-0.964886,-0.1338098,-0.2260311,-0.04216115,0.9282553,-0.3695463,0.2592635,-0.3470403,-0.9013022,moving,-13.292933693236387,9.898715561310185,2.544854057614194,9.59332894083195,0.2118899999999999,-0.114660751,-0.8081110000000002,-0.22668393410796983,0.16743199310656967,0.9594690587733483,-6.367500231115477,10.49140359916835,15.614173300631204,15.840731732750221,8.957488323173198
05/17/2023 13:14:34.435223,4130,True,True,True,True,Eyes,1.256548,0.1111583,-1.746946,0.4489406,-0.1508211,-0.8807414,0.0,0.0,0.0,0.0,0.0,0.0,0.0,1.074971,-0.6820015,-1.869084,1.469326,0.1066774,-1.71577,-0.04432468,0.9742141,-0.1878079,0.1169207,20.8281,164.8378,351.9875,0.5498482,0.05437507,-0.8334924,0.0,0.0,0.0,1.67034,-0.01010912,-2.523257,0.0423561,0.1547797,0.9249059,-0.9687297,-0.1302807,-0.2111626,-0.04244617,0.925527,-0.3762952,0.2444607,-0.3555653,-0.9021155,moving,-13.460444580047737,10.22430175488782,2.6220304108354044,9.500212931597503,0.20101400000000003,-0.11678652,-0.8074870000000001,-0.22927345203229188,0.17277388047205858,0.957905501929785,-6.381310663008855,10.627860954102239,15.85670926212831,16.098767234058503,9.073683957171417
05/17/2023 13:14:34.445069,4131,True,True,True,True,Eyes,1.26567,0.1109109,-1.7461,0.4375325,-0.1543467,-0.8858568,0.0,0.0,0.0,0.0,0.0,0.0,0.0,1.109727,-0.6980178,-1.849933,1.478057,0.1069793,-1.716064,-0.04214097,0.9742717,-0.1920596,0.1101452,21.4047,165.6462,352.32,0.553219,0.05410017,-0.8312768,0.0,0.0,0.0,1.668207,-0.01188904,-2.523088,0.04395333,0.1524435,0.9212222,-0.9721846,-0.1244224,-0.1984355,-0.03980464,0.9226745,-0.3835196,0.2308097,-0.3649531,-0.9019625,moving,-13.544128180704465,10.654661792098887,2.7316232353996863,9.396134940254829,0.19015000000000004,-0.11886834,-0.807024,-0.23037259606862964,0.1799159486925301,0.9563255621649184,-6.336082338904103,10.799201645577774,16.06266542126308,16.324336862354585,9.175613361614896
05/17/2023 13:14:34.464535,4132,True,True,True,True,Eyes,1.274756,0.110702,-1.745319,0.4260674,-0.1580052,-0.8907868,0.0,0.0,0.0,0.0,0.0,0.0,0.0,1.143728,-0.7120417,-1.831038,1.486392,0.1080981,-1.716616,-0.0407034,0.9742686,-0.1960333,0.1035132,21.93481,166.4294,352.5736,0.5565494,0.05383015,-0.8290684,0.0,0.0,0.0,1.666041,-0.01369721,-2.522917,0.04610589,0.1498443,0.9176022,-0.9752566,-0.1198962,-0.1857408,-0.03872805,0.9198284,-0.3904048,0.2176577,-0.3735514,-0.9017121,moving,-13.60499645965744,11.01718083863887,2.876467771439456,9.274529499079799,0.17964900000000017,-0.12179531,-0.8063010000000002,-0.2311252850880502,0.18592904416457198,0.9549930307353327,-6.293548030039499,10.942901720423809,16.29428734914209,16.57333692688933,9.320550180559412
05/17/2023 13:14:34.484518,4133,True,True,True,True,Eyes,1.28382,0.1105316,-1.744591,0.4145426,-0.1616926,-0.8955501,0.0,0.0,0.0,0.0,0.0,0.0,0.0,1.17685,-0.7190542,-1.814855,1.49474,0.1088615,-1.717443,-0.04070457,0.9742962,-0.1990926,0.09722275,22.33588,167.1537,352.6689,0.559839,0.05356622,-0.8268679,0.0,0.0,0.0,1.663742,-0.01561518,-2.522735,0.04874685,0.1474231,0.9136308,-0.977782,-0.1180293,-0.1732396,-0.04060396,0.9174106,-0.3958651,0.2056555,-0.3800355,-0.9018201,moving,-13.612881653549476,11.222224480309668,3.054125320132148,9.166215639124568,0.1690020000000001,-0.12447668,-0.8052919999999999,-0.23110304153766614,0.18934648041456137,0.9543266423327956,-6.257256497653936,11.02243969558598,16.503841696131985,16.79334075804404,9.494598417225625
05/17/2023 13:14:34.494384,4134,True,True,True,True,Eyes,1.292856,0.1103763,-1.743919,0.4031168,-0.1649597,-0.9001584,0.0,0.0,0.0,0.0,0.0,0.0,0.0,1.211179,-0.7172729,-1.800653,1.503382,0.1096588,-1.718024,-0.04235613,0.9744574,-0.2009484,0.09087646,22.57751,167.8632,352.5908,0.5630876,0.05330953,-0.8246757,0.0,0.0,0.0,1.661644,-0.01736595,-2.52257,0.05195943,0.1446913,0.909821,-0.9798949,-0.1190714,-0.1600877,-0.04602553,0.9156514,-0.3993296,0.1941333,-0.3839329,-0.9027225,moving,-13.624059558129199,11.253551378550165,3.2685833935646413,9.036230572219207,0.1582619999999999,-0.12702475,-0.804546,-0.23126582346284122,0.18986068444122553,0.9541850143229318,-6.256308615074162,11.035245405099065,16.744955233150225,17.037543762279814,9.732400941099016
05/17/2023 13:14:34.514853,4135,True,True,True,True,Eyes,1.301861,0.1102415,-1.743296,0.3918112,-0.1678032,-0.9046138,0.0,0.0,0.0,0.0,0.0,0.0,0.0,1.243455,-0.7106226,-1.789337,1.5123,0.1099082,-1.718651,-0.04429033,0.9747392,-0.2017091,0.08506153,22.68676,168.5158,352.4855,0.5662954,0.05305998,-0.8224922,0.0,0.0,0.0,1.659376,-0.01925931,-2.522391,0.05610833,0.1413459,0.9059865,-0.9816059,-0.1206584,-0.1479581,-0.05202765,0.9147036,-0.4007623,0.1836931,-0.3856927,-0.904156,moving,-13.575559899425732,11.1793737591509,3.543838627230223,8.867417279169132,0.14707599999999998,-0.12916750999999999,-0.8037399999999999,-0.23051237773563632,0.1886598662613765,0.9546054452489906,-6.248398191105834,11.003479059460448,16.98458970385167,17.274806762444545,10.022507761812788
05/17/2023 13:14:34.536436,4136,True,True,True,True,Eyes,1.310851,0.1101238,-1.742743,0.380487,-0.17055,-0.9089237,0.0,0.0,0.0,0.0,0.0,0.0,0.0,1.272558,-0.7029009,-1.779917,1.521075,0.1102925,-1.719229,-0.04594142,0.9750751,-0.2018153,0.07992848,22.71988,169.1004,352.4088,0.5694625,0.05281778,-0.8203183,0.0,0.0,0.0,1.657564,-0.02077105,-2.522248,0.05988851,0.1382574,0.9019959,-0.9830015,-0.1218542,-0.1373292,-0.05733109,0.91432,-0.4009141,0.1744159,-0.386226,-0.905764,moving,-13.444373453105825,11.053044410991387,3.798609204158364,8.714438370466743,0.13648900000000008,-0.13106355,-0.8030189999999999,-0.2284153672442413,0.18664940609283617,0.9555042497564099,-6.212531109771816,10.946193794399571,17.116899281670626,17.400848517572122,10.256883671829941
05/17/2023 13:14:34.545128,4137,True,True,True,True,Eyes,1.319816,0.1100232,-1.742252,0.3691745,-0.1729254,-0.9131304,0.0,0.0,0.0,0.0,0.0,0.0,0.0,1.303474,-0.6928487,-1.770085,1.52982,0.1105992,-1.720378,-0.04808026,0.9754308,-0.201741,0.07432111,22.73206,169.7331,352.287,0.5725888,0.0525829,-0.8181545,0.0,0.0,0.0,1.65543,-0.0225518,-2.522079,0.06343469,0.1347697,0.8979731,-0.9843293,-0.1237852,-0.1255907,-0.0638107,0.9139777,-0.4007156,0.1643897,-0.386422,-0.907554,moving,-13.371528544731675,10.909141581091154,4.040780542379753,8.535366739280786,0.12561,-0.133151,-0.8017010000000002,-0.22730302083657739,0.18429827731265236,0.9562257131649018,-6.206976427731624,10.885960388117534,17.295893713055545,17.573369476133912,10.513886694292363
05/17/2023 13:14:34.564483,4138,True,True,True,True,Eyes,1.328785,0.1099288,-1.741822,0.3577916,-0.1751988,-0.917219,0.0,0.0,0.0,0.0,0.0,0.0,0.0,1.335621,-0.6813451,-1.759238,1.538702,0.1109349,-1.721371,-0.05008316,0.9758615,-0.2012857,0.06833854,22.70638,170.4191,352.1961,0.5756745,0.0523553,-0.8160009,0.0,0.0,0.0,1.653197,-0.02441588,-2.521903,0.0665676,0.1322044,0.8938191,-0.9856434,-0.1252596,-0.1132159,-0.07023732,0.9139515,-0.3996991,0.15354,-0.3860087,-0.9096282,moving,-13.337772356444475,10.731885022805667,4.2592670667588655,8.413592690837076,0.11449500000000001,-0.13535078,-0.800532,-0.22686574934901516,0.1813581019584546,0.9568914845160538,-6.225932944973482,10.815435270727509,17.47850335261648,17.74909225279527,10.756777726838402
05/17/2023 13:14:34.584449,4139,True,True,True,True,Eyes,1.337725,0.1098385,-1.741445,0.3463708,-0.1772187,-0.9212062,0.0,0.0,0.0,0.0,0.0,0.0,0.0,1.36868,-0.6705998,-1.747026,1.547863,0.110989,-1.722466,-0.05155831,0.9763028,-0.2008137,0.06203624,22.68801,171.1565,352.1765,0.5787205,0.05213444,-0.8138577,0.0,0.0,0.0,1.651108,-0.02615868,-2.521738,0.0696955,0.1291129,0.8897887,-0.9869865,-0.1255885,-0.1004251,-0.07575759,0.9140312,-0.3985069,0.1418395,-0.385713,-0.9116507,moving,-13.34520522104906,10.584329356555584,4.478727727851926,8.256286295329824,0.10324500000000003,-0.13714768,-0.799272,-0.22709447050855103,0.17888339071623666,0.9573029278295733,-6.2580907902490415,10.75905653280798,17.710135077413604,17.97532670806958,11.024660119579304
05/17/2023 13:14:34.594957,4140,True,True,True,True,Eyes,1.346676,0.1097579,-1.741146,0.3348395,-0.1791582,-0.9250864,0.0,0.0,0.0,0.0,0.0,0.0,0.0,1.400704,-0.6622297,-1.733759,1.556944,0.1110448,-1.723379,-0.05210429,0.9767549,-0.200304,0.05579742,22.67362,171.9086,352.2682,0.5817266,0.0519198,-0.8117254,0.0,0.0,0.0,1.6487,-0.02816814,-2.521548,0.07277393,0.1253641,0.885601,-0.9883436,-0.1241391,-0.0881274,-0.07943335,0.9143269,-0.3971104,0.1298742,-0.3854813,-0.9135299,moving,-13.344936819694436,10.469117251838641,4.697704150738203,8.057154710941603,0.09175599999999995,-0.13921294,-0.7981690000000001,-0.2271704611233536,0.17695483012208438,0.9576432365666856,-6.280401091436104,10.714637732737831,17.9427085284937,18.203144137390797,11.295176435956645
05/17/2023 13:14:34.614930,4141,True,True,True,True,Eyes,1.355602,0.1096701,-1.740896,0.3232684,-0.1809402,-0.9288478,0.0,0.0,0.0,0.0,0.0,0.0,0.0,1.434734,-0.6557671,-1.718348,1.56629,0.1111827,-1.724988,-0.05200713,0.9772158,-0.1998792,0.04891946,22.67863,172.7526,352.452,0.5846938,0.05171105,-0.809604,0.0,0.0,0.0,1.646854,-0.02970942,-2.521402,0.07543486,0.1224822,0.8816696,-0.9898044,-0.1212003,-0.07481944,-0.0820884,0.9146872,-0.3957385,0.1164,-0.3855619,-0.9153106,moving,-13.42376505164727,10.387983514736982,4.890265862603011,7.9089535216740785,0.08056400000000008,-0.14089212,-0.7964140000000002,-0.2285465773816386,0.1755405200184822,0.9575761263618778,-6.3325325239472745,10.688537275993783,18.222570591040366,18.481052947129946,11.561889528638202
05/17/2023 13:14:34.634589,4142,True,True,True,True,Eyes,1.364549,0.1095712,-1.740702,0.3116102,-0.1826872,-0.9324829,0.0,0.0,0.0,0.0,0.0,0.0,0.0,1.469229,-0.6499854,-1.700739,1.575535,0.1109564,-1.72598,-0.05157845,0.9776244,-0.1996114,0.04178195,22.70458,173.6341,352.6805,0.587622,0.05150727,-0.8074942,0.0,0.0,0.0,1.644477,-0.03169237,-2.521214,0.07774791,0.1198273,0.8773219,-0.9911879,-0.117529,-0.0611028,-0.08416838,0.9149899,-0.3945999,0.1022854,-0.3859797,-0.9168193,moving,-13.533231610002714,10.33483113396102,5.064298954378151,7.777507571628474,0.06894200000000006,-0.14264876999999998,-0.795234,-0.23041589341958973,0.17457303363996451,0.9573048942555773,-6.393337120403517,10.675228884300962,18.514500960230876,18.772534375931812,11.8183845439237
05/17/2023 13:14:34.645367,4143,True,True,True,True,Eyes,1.373487,0.1094651,-1.740551,0.2998143,-0.1844444,-0.9359977,0.0,0.0,0.0,0.0,0.0,0.0,0.0,1.501696,-0.6477237,-1.683272,1.585111,0.1105714,-1.727204,-0.05047788,0.9779227,-0.1997108,0.03514199,22.77142,174.4676,352.9754,0.5905127,0.05130736,-0.8053954,0.0,0.0,0.0,1.642606,-0.03325453,-2.521066,0.07900247,0.1165655,0.873373,-0.9924342,-0.1127634,-0.04857033,-0.08469046,0.9151351,-0.3941513,0.08889424,-0.3870557,-0.9177615,moving,-13.5857110945195,10.347138674139133,5.168722218751843,7.602105207882426,0.057495000000000074,-0.14382593,-0.7938619999999998,-0.23128562459536367,0.17474161679649855,0.9570644559255237,-6.415129200512712,10.683412216366747,18.696080323787097,18.954260144696,11.986662028443616
05/17/2023 13:14:34.664613,4144,True,True,True,True,Eyes,1.382439,0.109343,-1.740457,0.2879283,-0.1861771,-0.9393803,0.0,0.0,0.0,0.0,0.0,0.0,0.0,1.534334,-0.644923,-1.664412,1.594255,0.1102751,-1.728167,-0.04985144,0.9780924,-0.2001131,0.02837262,22.86925,175.3027,353.2139,0.5933668,0.05111056,-0.8033077,0.0,0.0,0.0,1.640499,-0.03501297,-2.5209,0.07929417,0.1139249,0.8689762,-0.9934197,-0.1088741,-0.03555022,-0.08616314,0.9149392,-0.3942871,0.07545392,-0.3886294,-0.9182996,moving,-13.651794987535569,10.379514247411382,5.213806859511112,7.469018751999589,0.04624399999999995,-0.14528807,-0.7927330000000001,-0.23236858799302534,0.17523588103741586,0.9567116555392008,-6.439284128173311,10.700221305584448,18.82946201083086,19.08879035141052,12.092774681996898
05/17/2023 13:14:34.684641,4145,True,True,True,True,Eyes,1.391377,0.1092135,-1.740407,0.275967,-0.1879023,-0.9426214,0.0,0.0,0.0,0.0,0.0,0.0,0.0,1.567152,-0.6409517,-1.645668,1.603684,0.1097544,-1.729497,-0.04936841,0.9782441,-0.2003397,0.02156892,22.94409,176.1408,353.4384,0.5961853,0.05091575,-0.8012306,0.0,0.0,0.0,1.63835,-0.03680637,-2.52073,0.07967666,0.1114145,0.8644612,-0.994195,-0.1052309,-0.02241843,-0.08794648,0.9148535,-0.3940921,0.06198025,-0.3898327,-0.9187974,moving,-13.717331174549118,10.38653808025539,5.266025426630846,7.343976988629922,0.034665999999999864,-0.14656077,-0.7912329999999999,-0.2334598047330587,0.17530606242032093,0.9564332006078284,-6.4681230809722,10.707224269209057,18.96603722117117,19.225634081710698,12.206624163494414
05/17/2023 13:14:34.694835,4146,True,True,True,True,Eyes,1.400334,0.1090725,-1.740408,0.2639481,-0.1896046,-0.9457175,0.0,0.0,0.0,0.0,0.0,0.0,0.0,1.598941,-0.6359194,-1.627283,1.613078,0.109482,-1.73062,-0.04916164,0.9783627,-0.2004092,0.01503215,22.99606,176.9413,353.6244,0.5989685,0.0507224,-0.7991645,0.0,0.0,0.0,1.636067,-0.03871138,-2.52055,0.0797219,0.1053949,0.8595248,-0.9947146,-0.102221,-0.009708883,-0.09017067,0.9148386,-0.3936238,0.04911868,-0.3906678,-0.9192206,moving,-13.748288490516936,10.369506950321732,5.299087617728549,6.990709171235172,0.022988999999999926,-0.14819337999999999,-0.78993,-0.23398951961475434,0.17499882954341447,0.9563599782560495,-6.485708068404475,10.702690034151328,19.08904922779719,19.34473600339176,12.355574097975184
05/17/2023 13:14:34.714841,4147,True,True,True,True,Eyes,1.409282,0.108911,-1.740445,0.2517928,-0.1913821,-0.9486693,0.0,0.0,0.0,0.0,0.0,0.0,0.0,1.630693,-0.6296802,-1.608929,1.622593,0.1090626,-1.731937,-0.04949788,0.9783716,-0.200663,0.008573106,23.06637,177.7177,353.7417,0.6017172,0.05052979,-0.7971092,0.0,0.0,0.0,1.634108,-0.04034643,-2.520395,0.07900476,0.09298173,0.8583063,-0.994953,-0.1002952,0.003089417,-0.09341402,0.9145686,-0.3934946,0.03664015,-0.3917972,-0.919322,moving,-13.763732485163038,10.354888448782992,5.259101116939258,6.1828343298110395,0.011514999999999942,-0.14940903,-0.7884580000000001,-0.23425810698252592,0.17474319769263094,0.9563410046985635,-6.4956729443244425,10.698068654143258,19.228011287428636,19.474964283019954,12.592142559349687
05/17/2023 13:14:34.734461,4148,True,True,True,True,Eyes,1.418261,0.1087272,-1.740533,0.2395658,-0.1931573,-0.9514717,0.0,0.0,0.0,0.0,0.0,0.0,0.0,1.663129,-0.6225153,-1.588983,1.632011,0.1084599,-1.732964,-0.05022411,0.97826,-0.2011999,0.001887702,23.17009,178.5101,353.8166,0.6044323,0.05033692,-0.7950646,0.0,0.0,0.0,1.631724,-0.04233576,-2.520207,0.0733574,0.1040827,0.8509632,-0.9949481,-0.09902409,0.01651685,-0.09750487,0.9139923,-0.3938413,0.0239035,-0.393462,-0.9190302,moving,-13.805015387032597,10.361613460131885,4.927009927368484,6.973304238786856,-0.00028700000000014825,-0.15079566,-0.7872430000000001,-0.23494358749547573,0.1748256678619177,0.9561576269241439,-6.513391374409123,10.70336658826233,18.782668999032726,19.03600304052336,12.033127069747467
05/17/2023 13:14:34.764516,4149,True,True,True,True,Eyes,1.427273,0.1085326,-1.740655,0.2271554,-0.1950166,-0.9541326,0.0,0.0,0.0,0.0,0.0,0.0,0.0,1.695953,-0.613458,-1.569281,1.641881,0.1072429,-1.734346,-0.05114629,0.9781289,-0.2015547,-0.004851745,23.25283,179.3061,353.8707,0.6071151,0.05014276,-0.7930301,0.0,0.0,0.0,1.629841,-0.04390736,-2.520058,0.07703748,0.1120707,0.8476771,-0.9947211,-0.09809955,0.03010882,-0.1020111,0.9135195,-0.3937967,0.01112629,-0.3947892,-0.9187044,moving,-13.8404800872713,10.33831622003549,5.192815006591468,7.531350262827474,-0.012039999999999829,-0.15115026,-0.7857120000000002,-0.23555301683832894,0.1744104096903298,0.9560836018139278,-6.534274016092421,10.696712949170042,18.978164843560197,19.23916266408144,12.146774793419148
05/17/2023 13:14:34.774374,4150,True,True,True,True,Eyes,1.436329,0.1082938,-1.740825,0.2147288,-0.1968244,-0.9566357,0.0,0.0,0.0,0.0,0.0,0.0,0.0,1.727685,-0.6029201,-1.550057,1.651706,0.1067741,-1.735382,-0.05255979,0.9779613,-0.2017483,-0.01126278,23.31512,180.0512,353.8578,0.6097673,0.0499469,-0.791005,0.0,0.0,0.0,1.627679,-0.04571156,-2.519887,0.07659343,0.1172645,0.8432136,-0.9942213,-0.09825839,0.04323682,-0.1073474,0.9130702,-0.39342,-0.0008214354,-0.3957879,-0.9183416,moving,-13.83584607043483,10.289321578664378,5.190226844473929,7.91726195497924,-0.0240269999999998,-0.15248566,-0.7845050000000002,-0.2355101715138173,0.17359464543770867,0.9562426588937448,-6.541678325539707,10.677527296878367,18.9099047430556,19.173370006906506,12.052247245882494
05/17/2023 13:14:34.784353,4151,True,True,True,True,Eyes,1.44543,0.1080359,-1.741052,0.2021541,-0.1987117,-0.9589825,0.0,0.0,0.0,0.0,0.0,0.0,0.0,1.758448,-0.5933676,-1.531502,1.661879,0.105978,-1.73685,-0.05352224,0.9778028,-0.2018248,-0.01743829,23.36307,180.7801,353.8951,0.6123903,0.04974751,-0.7889888,0.0,0.0,0.0,1.625529,-0.04750563,-2.519718,0.07164186,0.1221051,0.8379841,-0.9936627,-0.09762941,0.05570665,-0.1117073,0.9128043,-0.392823,-0.0124982,-0.3965563,-0.9179255,moving,-13.796824094081654,10.23673132197844,4.886511742591077,8.290388671796675,-0.036350000000000104,-0.15348363,-0.7828680000000001,-0.23489453956328027,0.17274332861614505,0.956548144565614,-6.533932835422759,10.654701719791053,18.522147444012216,18.78444270394563,11.662612509571003
05/17/2023 13:14:34.800770,4152,True,True,True,True,Eyes,1.454559,0.1077396,-1.741315,0.189547,-0.2005815,-0.9611654,0.0,0.0,0.0,0.0,0.0,0.0,0.0,1.789265,-0.5854567,-1.51127,1.671729,0.1052125,-1.738509,-0.05405368,0.9775946,-0.2020333,-0.02386887,23.42784,181.5505,353.9919,0.614985,0.04954402,-0.7869807,0.0,0.0,0.0,1.623209,-0.04944186,-2.519534,0.06928432,0.125727,0.834644,-0.9930172,-0.09604056,0.06850945,-0.1153298,0.9125215,-0.392433,-0.02482687,-0.3975938,-0.917226,moving,-13.790546077021393,10.20980986655269,4.745278885159426,8.566371431792252,-0.04852000000000012,-0.15465436,-0.7810250000000001,-0.23480832382187117,0.1722975389803268,0.9566496425722928,-6.5362813264870665,10.643915009800493,18.34558394658985,18.608538279979257,11.471259221529628
05/17/2023 13:14:34.814785,4153,True,True,True,True,Eyes,1.463734,0.1074175,-1.741624,0.1767196,-0.2025868,-0.9631867,0.0,0.0,0.0,0.0,0.0,0.0,0.0,1.819926,-0.5775563,-1.489867,1.681644,0.1039948,-1.739732,-0.05454464,0.9773035,-0.2024416,-0.03033471,23.51586,182.3256,354.0952,0.6175526,0.04933514,-0.7849807,0.0,0.0,0.0,1.621224,-0.05109827,-2.519378,0.06604668,0.1289598,0.8310696,-0.9922093,-0.09433132,0.08137663,-0.1188954,0.9120845,-0.3923846,-0.03720823,-0.3990029,-0.9161945,moving,-13.778513773322903,10.200604197156032,4.5438545085215205,8.820428301865745,-0.06041999999999992,-0.15509307,-0.7796460000000001,-0.2346134629606146,0.17215215750565405,0.9567235783020438,-6.532527974999327,10.639578518143448,18.11107111561668,18.37427726354098,11.22477422626534
05/17/2023 13:14:34.834675,4154,True,True,True,True,Eyes,1.472933,0.1070703,-1.74198,0.1638088,-0.2046794,-0.9650248,0.0,0.0,0.0,0.0,0.0,0.0,0.0,1.852396,-0.56993,-1.46543,1.69156,0.1030288,-1.741175,-0.05537148,0.9768085,-0.2034261,-0.03737401,23.67546,183.1601,354.1737,0.6200941,0.04912026,-0.7829881,0.0,0.0,0.0,1.619056,-0.05290735,-2.519207,0.06119314,0.1315171,0.8273506,-0.9910743,-0.09296897,0.09554252,-0.1233804,0.9111037,-0.3932778,-0.0504865,-0.4015556,-0.9144419,moving,-13.834431865587778,10.243409338485694,4.230052147031637,9.0322651160238,-0.0725039999999999,-0.15593615,-0.7780320000000003,-0.23551877294143939,0.1728279336921705,0.9563792434409548,-6.549966492673501,10.659740628103528,17.840534790738335,18.10503943574234,10.902177691397686
05/17/2023 13:14:34.844353,4155,True,True,True,True,Eyes,1.482178,0.1067024,-1.742378,0.150716,-0.20694,-0.966675,0.0,0.0,0.0,0.0,0.0,0.0,0.0,1.885835,-0.5629812,-1.438549,1.701455,0.1021064,-1.742805,-0.05645912,0.9760921,-0.2050672,-0.04476772,23.9152,184.0296,354.2329,0.6226102,0.04889886,-0.7810028,0.0,0.0,0.0,1.616894,-0.05471178,-2.519036,0.0577424,0.1351604,0.824105,-0.9896164,-0.0918578,0.1105506,-0.1285794,0.9095196,-0.3952738,-0.064239,-0.405384,-0.9118866,moving,-13.927967121047862,10.347875634825561,4.00798160363931,9.314085022557554,-0.08456099999999989,-0.15681818,-0.7762309999999999,-0.23700852511163817,0.17450634551845304,0.9557062970804372,-6.572736722385681,10.706132028896842,17.69511877389312,17.965716787387606,10.671897449026543
05/17/2023 13:14:34.864286,4156,True,True,True,True,Eyes,1.491469,0.1063266,-1.742809,0.1375881,-0.2092418,-0.968136,0.0,0.0,0.0,0.0,0.0,0.0,0.0,1.919584,-0.5543221,-1.410984,1.711736,0.101281,-1.744321,-0.05800316,0.9752703,-0.2067837,-0.05219185,24.16681,184.8927,354.2408,0.6251019,0.04867066,-0.7790242,0.0,0.0,0.0,1.614802,-0.05645743,-2.518871,0.05440602,0.1394836,0.8207325,-0.9878232,-0.09155268,0.1257905,-0.1347224,0.9077523,-0.3972853,-0.07781409,-0.4093945,-0.9090331,moving,-14.023961153623484,10.45052856126184,3.7925649280564895,9.645268544876293,-0.09693399999999985,-0.15773842999999999,-0.7745499999999998,-0.2385384312741706,0.17615039721563766,0.9550237614797242,-6.596993337946499,10.751985760575025,17.557587161186106,17.834714612607964,10.448336899152658
05/17/2023 13:14:34.884711,4157,True,True,True,True,Eyes,1.500843,0.1059399,-1.743276,0.1242484,-0.2115997,-0.9694265,0.0,0.0,0.0,0.0,0.0,0.0,0.0,1.951672,-0.5432514,-1.385423,1.722246,0.1007469,-1.745642,-0.05981619,0.9745258,-0.2079139,-0.05910467,24.34976,185.6899,354.2038,0.62757,0.04843603,-0.7770519,0.0,0.0,0.0,1.61268,-0.05822838,-2.518703,0.05216157,0.1434305,0.8180181,-0.9858571,-0.09200749,0.1400713,-0.1411622,0.9063877,-0.398164,-0.0903248,-0.4123057,-0.9065568,moving,-14.04166012834418,10.481851031600582,3.648570846172626,9.945092184048338,-0.10956600000000005,-0.15897528,-0.773061,-0.2388112502822794,0.176660256164354,0.9548613393972233,-6.5990519782434385,10.765217237218978,17.418424091168003,17.69837229781822,10.280388059520478
05/17/2023 13:14:34.895052,4158,True,True,True,True,Eyes,1.510263,0.1055364,-1.743776,0.1109378,-0.2139592,-0.9705227,0.0,0.0,0.0,0.0,0.0,0.0,0.0,1.982707,-0.5292648,-1.361539,1.732965,0.1000687,-1.746954,-0.06221142,0.9737651,-0.2088129,-0.06563864,24.50902,186.427,354.0863,0.6300168,0.04819509,-0.7750844,0.0,0.0,0.0,1.610434,-0.06010308,-2.518526,0.05133094,0.1483278,0.8153211,-0.9836428,-0.09374623,0.1538143,-0.148571,0.9050538,-0.3985025,-0.1018522,-0.4148364,-0.9041777,moving,-14.013636370159118,10.478724503748774,3.6024697812161532,10.310805356456969,-0.12253100000000017,-0.16017177999999999,-0.7715720000000001,-0.2383455775816706,0.1766289769412404,0.954983578969147,-6.586744195785611,10.762175282878554,17.334159894862175,17.616906447402982,10.199206649519654
05/17/2023 13:14:34.914872,4159,True,True,True,True,Eyes,1.519734,0.1051076,-1.744316,0.09748973,-0.2162865,-0.9714504,0.0,0.0,0.0,0.0,0.0,0.0,0.0,2.012338,-0.5142912,-1.338874,1.743584,0.09929591,-1.748325,-0.06463709,0.9730334,-0.2094379,-0.07186016,24.63712,187.1267,353.9572,0.6324428,0.04794777,-0.7731215,0.0,0.0,0.0,1.608475,-0.06173765,-2.518371,0.05021854,0.1520612,0.8129668,-0.9813164,-0.09568762,0.1669196,-0.1558886,0.9039156,-0.3982904,-0.1127698,-0.4168697,-0.901944,moving,-13.93943622122623,10.450769836310934,3.534780301136479,10.594457080472361,-0.13510899999999992,-0.16103356,-0.7700460000000002,-0.23712641259016173,0.17621713804603867,0.9553630524093271,-6.557987526646766,10.746537909417212,17.192264289222734,17.47480726916748,10.093913562343847
05/17/2023 13:14:34.934731,4160,True,True,True,True,Eyes,1.529239,0.1046335,-1.744879,0.08401857,-0.2186162,-0.9721872,0.0,0.0,0.0,0.0,0.0,0.0,0.0,2.042094,-0.4989524,-1.315046,1.754047,0.09826818,-1.749889,-0.06700272,0.9722343,-0.2100896,-0.07831614,24.77194,187.8575,353.8434,0.6348488,0.04769363,-0.7711629,0.0,0.0,0.0,1.606321,-0.06353572,-2.518201,0.04996945,0.1543022,0.8106032,-0.9787543,-0.09737789,0.1804364,-0.1631915,0.9027461,-0.3980178,-0.1241301,-0.4190073,-0.8994578,moving,-13.892801871611525,10.428642930693726,3.5275215370747355,10.77758537948162,-0.1477259999999998,-0.1618039,-0.7683119999999999,-0.23636315653418202,0.17588185373739995,0.9556140154948641,-6.540801577561315,10.734953489344512,17.140936829211988,17.423817850740654,10.068413371468777
05/17/2023 13:14:34.954604,4161,True,True,True,True,Eyes,1.538797,0.1041209,-1.745464,0.07040306,-0.2208708,-0.9727587,0.0,0.0,0.0,0.0,0.0,0.0,0.0,2.07282,-0.4814327,-1.288695,1.76448,0.09673262,-1.751099,-0.06943458,0.9713671,-0.2105822,-0.08532371,24.89483,188.656,353.7369,0.6372353,0.04743145,-0.7692081,0.0,0.0,0.0,1.604151,-0.065346,-2.518029,0.05016539,0.1545847,0.8089363,-0.9757975,-0.09895762,0.1950046,-0.1708282,0.901668,-0.3972563,-0.1365179,-0.4209539,-0.8967501,moving,-13.901480706966314,10.391548785817799,3.5485971466571025,10.818577373627733,-0.16032899999999994,-0.16207862,-0.7669299999999999,-0.23653472239226553,0.17525559578454464,0.9556865546949543,-6.552024728188303,10.721226822442079,17.173017373258357,17.455302074508058,10.101090999907964
05/17/2023 13:14:34.964794,4162,True,True,True,True,Eyes,1.548366,0.1035739,-1.746077,0.05670838,-0.2231134,-0.9731416,0.0,0.0,0.0,0.0,0.0,0.0,0.0,2.103536,-0.4612831,-1.261399,1.774742,0.09524645,-1.752139,-0.07218312,0.970463,-0.2107727,-0.09255261,24.98972,189.4752,353.5966,0.6396036,0.04716044,-0.7672567,0.0,0.0,0.0,1.60209,-0.06706675,-2.517867,0.05146547,0.1537443,0.8073673,-0.9724473,-0.101087,0.2100663,-0.1791172,0.9007289,-0.3957327,-0.1492093,-0.4224556,-0.894018,moving,-13.927090967180904,10.316454581241835,3.6473733103846437,10.78156216602039,-0.17265200000000003,-0.1623132,-0.765728,-0.23701624449074077,0.17398186927034193,0.9557999855016989,-6.578451172833536,10.693965340478652,17.299816954300663,17.58061772830653,10.226199663874617
05/17/2023 13:14:34.984574,4163,True,True,True,True,Eyes,1.557857,0.1034359,-1.746782,0.04285395,-0.2253503,-0.9733349,0.0,0.0,0.0,0.0,0.0,0.0,0.0,2.13524,-0.4389236,-1.231564,1.784661,0.09390083,-1.753516,-0.07519328,0.9694461,-0.2107921,-0.1004336,25.07517,190.3694,353.4417,0.6419529,0.04688014,-0.7653093,0.0,0.0,0.0,1.599946,-0.06885545,-2.517697,0.05395229,0.1517969,0.8061718,-0.9685181,-0.1034504,0.2264303,-0.1881329,0.8998254,-0.3935992,-0.1630297,-0.423807,-0.8909596,moving,-14.016748780711959,10.217682098630966,3.8287568862874495,10.663568415484878,-0.18471499999999996,-0.16275628,-0.764181,-0.23858467881460724,0.17226579175291043,0.9557206152037195,-6.6390087274664635,10.66177705494262,17.571419887160634,17.85107523704008,10.467765767032688
05/17/2023 13:14:34.994991,4164,True,True,True,True,Eyes,1.56744,0.1030566,-1.747573,0.02842745,-0.2283292,-0.9731688,0.0,0.0,0.0,0.0,0.0,0.0,0.0,2.166985,-0.4180022,-1.200342,1.792886,0.1037091,-1.756752,-0.08119938,0.9679539,-0.2116133,-0.1081292,25.2915,191.1578,352.9206,0.6442791,0.04660904,-0.7633685,0.0,0.0,0.0,1.597676,-0.0707498,-2.517518,0.05576861,0.1493473,0.8046793,-0.9634296,-0.1114314,0.2436938,-0.2029576,0.897253,-0.3921036,-0.1749624,-0.4272238,-0.887056,moving,-14.044301088896836,10.139817310687079,3.9645666774954407,10.514373317824939,-0.19520999999999988,-0.1744589,-0.7607659999999998,-0.23910006642085607,0.17094447740091737,0.9558289599417104,-6.666869777478427,10.633575133608408,17.735531712120128,18.01276243195046,10.632104691406749
05/17/2023 13:14:35.014802,4165,True,True,True,True,Eyes,1.577121,0.1029521,-1.748224,0.01435646,-0.2313288,-0.9727697,0.0,0.0,0.0,0.0,0.0,0.0,0.0,2.219928,-0.3991605,-1.130078,1.804913,0.09770741,-1.759893,-0.0857446,0.9638331,-0.2199534,-0.1236694,26.43643,192.9505,352.8866,0.6465834,0.04633582,-0.7614344,0.0,0.0,0.0,1.595518,-0.07255083,-2.517348,0.05710055,0.1464636,0.8035934,-0.9547077,-0.1108839,0.276113,-0.21969,0.8885368,-0.4027887,-0.2006738,-0.4452046,-0.8726529,moving,-15.133232820143263,10.921795588094197,4.064407416151414,10.329394842908602,-0.209395,-0.17025824,-0.7574550000000002,-0.25664988348897955,0.18312260332752606,0.9489978716240121,-7.016508817157919,11.006321499366187,18.879249545296496,19.206778212003616,11.101573504140804
05/17/2023 13:14:35.034553,4166,True,True,True,True,Eyes,1.586789,0.1028739,-1.749029,4.278421e-05,-0.234647,-0.9720806,0.0,0.0,0.0,0.0,0.0,0.0,0.0,2.234157,-0.4245492,-1.107559,1.816589,0.1041685,-1.75714,-0.08282567,0.9627926,-0.2247936,-0.1250535,26.97325,193.2035,353.3462,0.6488716,0.04607248,-0.7595015,0.0,0.0,0.0,1.59347,-0.0742603,-2.517186,0.05806117,0.1439226,0.8024288,-0.9550033,-0.1032654,0.2780384,-0.2157103,0.8852156,-0.4121438,-0.2035637,-0.4535744,-0.8676593,moving,-14.5246698456495,11.480556758990254,4.1385261626291205,10.168380040056347,-0.22311900000000007,-0.1784288,-0.7600460000000002,-0.24608574151552312,0.19291465392655732,0.9498555961086925,-6.627211320360873,11.181767657948546,18.36590938754535,18.70926756944641,10.813327795676638
05/17/2023 13:14:35.044948,4167,True,True,True,True,Eyes,1.596501,0.1028932,-1.749831,-0.01403669,-0.237721,-0.9712321,0.0,0.0,0.0,0.0,0.0,0.0,0.0,2.271312,-0.4134421,-1.058236,1.826099,0.1048032,-1.761827,-0.08535777,0.9600854,-0.2290961,-0.1358856,27.58743,194.4933,353.4149,0.6511393,0.04581909,-0.7575736,0.0,0.0,0.0,1.591394,-0.07599252,-2.517022,0.05911198,0.1414142,0.8015901,-0.9484983,-0.1016398,0.3000339,-0.2261633,0.8804581,-0.416706,-0.2218134,-0.4631015,-0.8581001,moving,-15.015902065132625,11.848175462649639,4.2175515459774235,10.00500762306392,-0.23470499999999994,-0.18079572,-0.7551949999999998,-0.25392683871407806,0.19858938729469142,0.946616876255732,-6.7820453137857575,11.355644579596452,18.951894227277624,19.321568401545598,11.082208771976076
05/17/2023 13:14:35.064358,4168,True,True,True,True,Eyes,1.606192,0.1029475,-1.750692,-0.0279681,-0.2404415,-0.9702606,0.0,0.0,0.0,0.0,0.0,0.0,0.0,2.290409,-0.4074335,-1.03952,1.836935,0.1071313,-1.762603,-0.08485225,0.959871,-0.2278508,-0.1397564,27.46017,194.998,353.5807,0.6533878,0.04557875,-0.7556497,0.0,0.0,0.0,1.589196,-0.07782647,-2.516848,0.05948159,0.1386051,0.8003395,-0.9465367,-0.09920722,0.3069635,-0.2265816,0.8817682,-0.4136975,-0.2296289,-0.461132,-0.8571045,moving,-14.618949184211443,11.654105379236068,4.250433684034721,9.825194879028352,-0.24773899999999993,-0.18495777,-0.754245,-0.24750824538170352,0.19571769688868762,0.9489121208230394,-6.636872852916069,11.25483123990415,18.60702351815851,18.957809036020798,10.980769725017897
05/17/2023 13:14:35.084778,4169,True,True,True,True,Eyes,1.615857,0.1029315,-1.751594,-0.04185848,-0.242725,-0.9691917,0.0,0.0,0.0,0.0,0.0,0.0,0.0,2.313679,-0.3962052,-1.013737,1.846702,0.1080462,-1.765154,-0.08574154,0.9589362,-0.2278044,-0.1455852,27.50752,195.7094,353.6491,0.6556157,0.04535161,-0.7537313,0.0,0.0,0.0,1.587146,-0.0795379,-2.516686,0.05919439,0.1367349,0.7996494,-0.9429067,-0.09811144,0.3182784,-0.2307712,0.8815071,-0.4119343,-0.2401492,-0.4618651,-0.8538203,moving,-14.476679374724652,11.59995185067782,4.233622849503054,9.703364201457237,-0.2595560000000001,-0.18758409999999998,-0.7515320000000001,-0.2451900403625914,0.19493923797010332,0.9496739687537121,-6.581843260985571,11.22463502718048,18.462408274905172,18.806181271941316,10.921930786830899
05/17/2023 13:14:35.094826,4170,True,True,True,True,Eyes,1.625507,0.1029228,-1.752535,-0.0556777,-0.244965,-0.9679319,0.0,0.0,0.0,0.0,0.0,0.0,0.0,2.337018,-0.3836069,-0.9865155,1.856549,0.106362,-1.767466,-0.08572493,0.9581485,-0.2269931,-0.1519107,27.45368,196.5106,353.8343,0.6578218,0.04513341,-0.7518198,0.0,0.0,0.0,1.584949,-0.08137114,-2.516513,0.06014147,0.1354672,0.7986749,-0.9391488,-0.09530909,0.3300239,-0.2332398,0.8822507,-0.4089412,-0.252188,-0.4610313,-0.8507946,moving,-14.386403371183746,11.460267526752453,4.30633470366384,9.626601663407474,-0.27160000000000006,-0.18773314,-0.7490470000000002,-0.24380367331748443,0.1926928487686982,0.9504889559853945,-6.567432897141944,11.164884721832838,18.44695149401357,18.782459562934065,10.982036997031656
05/17/2023 13:14:35.114762,4171,True,True,True,True,Eyes,1.635135,0.1029095,-1.753531,-0.06955912,-0.2470278,-0.9665086,0.0,0.0,0.0,0.0,0.0,0.0,0.0,2.359844,-0.3698998,-0.9582839,1.865924,0.1065377,-1.769456,-0.08696096,0.957006,-0.2271169,-0.158099,27.52925,197.2593,353.8741,0.6600055,0.04492357,-0.749916,0.0,0.0,0.0,1.582857,-0.08311667,-2.516348,0.06039819,0.1348097,0.7980835,-0.9348851,-0.09463037,0.342104,-0.2382583,0.8817114,-0.4072077,-0.2631029,-0.4622014,-0.8468453,moving,-14.291139480112712,11.434041307083314,4.327839644318515,9.58771422318291,-0.28306699999999996,-0.18965437000000002,-0.7468919999999999,-0.2422403063358959,0.1923354090696724,0.9509609894345128,-6.5286310660081215,11.148532684423827,18.377917355612684,18.71029949885223,10.968095119624492
05/17/2023 13:14:35.134974,4172,True,True,True,True,Eyes,1.644746,0.102902,-1.754594,-0.08343037,-0.2490178,-0.9648987,0.0,0.0,0.0,0.0,0.0,0.0,0.0,2.385444,-0.3561117,-0.9235325,1.875684,0.1064434,-1.772159,-0.08797865,0.9555365,-0.2275689,-0.1655972,27.64802,198.1833,353.9889,0.6621656,0.04472109,-0.7480214,0.0,0.0,0.0,1.580654,-0.08495577,-2.516174,0.06102209,0.1339172,0.7972736,-0.929675,-0.09276406,0.3565108,-0.2435031,0.8809444,-0.4057626,-0.2764259,-0.4640387,-0.8415803,moving,-14.357403094652556,11.445095284344161,4.376797161157785,9.53490488809873,-0.2950299999999999,-0.19139917,-0.7440149999999999,-0.2433336575890942,0.19246456610216459,0.9506556235021627,-6.557020554659872,11.15713649667363,18.497251927199528,18.831332575649352,11.05350646784031
05/17/2023 13:14:35.144726,4173,True,True,True,True,Eyes,1.654327,0.1028885,-1.755709,-0.09727982,-0.2508049,-0.9631373,0.0,0.0,0.0,0.0,0.0,0.0,0.0,2.40833,-0.3514115,-0.8896298,1.884961,0.1065417,-1.77498,-0.08691288,0.9543685,-0.22774,-0.1725147,27.68973,199.0969,354.3409,0.664301,0.04452545,-0.7461374,0.0,0.0,0.0,1.578519,-0.08673707,-2.516005,0.06205869,0.1327535,0.7969008,-0.9253696,-0.08731679,0.3688723,-0.2444708,0.8811613,-0.4047083,-0.2896982,-0.4646834,-0.8367462,moving,-14.359028888130254,11.451646582250607,4.452924609355481,9.45789399556536,-0.3064420000000001,-0.19327877,-0.7410249999999998,-0.24335538798018452,0.1925721745827164,0.9506282304939352,-6.556494244032927,11.159767854455305,18.582845765097392,18.917310690700194,11.140183038034746
05/17/2023 13:14:35.164964,4174,True,True,True,True,Eyes,1.663864,0.1028472,-1.756881,-0.1110556,-0.2525294,-0.9611949,0.0,0.0,0.0,0.0,0.0,0.0,0.0,2.428583,-0.3563526,-0.8567574,1.894185,0.1063151,-1.777581,-0.08396016,0.953378,-0.2282625,-0.1786548,27.72579,199.9704,354.9102,0.6664107,0.04433573,-0.744265,0.0,0.0,0.0,1.576462,-0.08845412,-2.515843,0.0632865,0.1321293,0.7963578,-0.9220665,-0.07853116,0.378981,-0.2416519,0.8816939,-0.405241,-0.3023213,-0.4652405,-0.8319576,moving,-14.283208049298588,11.515602839021229,4.5437424527014185,9.420525485879905,-0.317723,-0.19476922,-0.7382619999999998,-0.24204249476410553,0.19369877869901378,0.9507346074486867,-6.5090937504925845,11.179445482473575,18.60630102184752,18.94316273277522,11.191916175930425
05/17/2023 13:14:35.184844,4175,True,True,True,True,Eyes,1.673329,0.102812,-1.758107,-0.1247323,-0.2542239,-0.9590684,0.0,0.0,0.0,0.0,0.0,0.0,0.0,2.446897,-0.3672501,-0.8230865,1.902591,0.1049,-1.780111,-0.07983197,0.9523272,-0.2293607,-0.1846442,27.79659,200.8646,355.6334,0.6684937,0.04415024,-0.7424057,0.0,0.0,0.0,1.574344,-0.09022184,-2.515675,0.06412213,0.1322931,0.7961304,-0.9190667,-0.06735205,0.388304,-0.2367526,0.882041,-0.4073719,-0.3150627,-0.4663339,-0.8266003,moving,-14.206057637994363,11.649634609685629,4.604790722710433,9.434639985726283,-0.32824699999999996,-0.19512184,-0.7355639999999999,-0.2406502826877299,0.19599221681078144,0.9506180233221809,-6.4474353871339,11.226042120136167,18.5980041735261,18.940808251856602,11.196464780916033
05/17/2023 13:14:35.194853,4176,True,True,True,True,Eyes,1.682718,0.1027818,-1.759387,-0.1383157,-0.256013,-0.9567267,0.0,0.0,0.0,0.0,0.0,0.0,0.0,2.464084,-0.380096,-0.7893038,1.910477,0.1049277,-1.782765,-0.07627015,0.9509951,-0.2314604,-0.1903078,27.9866,201.7104,356.3012,0.6705485,0.04396887,-0.7405611,0.0,0.0,0.0,1.572164,-0.09204084,-2.515503,0.06537845,0.1326794,0.795552,-0.9159315,-0.05696763,0.3972707,-0.2331625,0.8812178,-0.4112059,-0.3266566,-0.4692651,-0.8204179,moving,-14.107068741387021,11.889170883496964,4.698009098843922,9.46844653728193,-0.3383130000000001,-0.19696854,-0.7327379999999999,-0.23880729975774997,0.200058466375864,0.9502355240371353,-6.3551675780122325,11.311867212406948,18.606177566006476,18.96024416872059,11.205842870363444
05/17/2023 13:14:35.214901,4177,True,True,True,True,Eyes,1.692019,0.10279,-1.760704,-0.1517778,-0.2579412,-0.9541644,0.0,0.0,0.0,0.0,0.0,0.0,0.0,2.481961,-0.3899476,-0.7531023,1.918266,0.1056259,-1.785624,-0.07389195,0.9492389,-0.2343816,-0.1963435,28.29326,202.5811,356.8593,0.6725733,0.04379151,-0.7387332,0.0,0.0,0.0,1.570014,-0.09383516,-2.515333,0.06720882,0.1324475,0.7957273,-0.9119784,-0.04824363,0.4073916,-0.2323208,0.8792105,-0.4159518,-0.3381159,-0.4739846,-0.813029,moving,-14.065832071204385,12.206225720183417,4.827864722753228,9.45015149543101,-0.348252,-0.19946106,-0.7297089999999999,-0.23785646365729132,0.20536298287579882,0.9493419897057338,-6.274424296513753,11.431352735844229,18.723592725844764,19.093656634451893,11.27767617119551
05/17/2023 13:14:35.234696,4178,True,True,True,True,Eyes,1.701243,0.1028311,-1.762068,-0.1650568,-0.259987,-0.9514006,0.0,0.0,0.0,0.0,0.0,0.0,0.0,2.498896,-0.401377,-0.7170522,1.926226,0.1065558,-1.788308,-0.07165634,0.9473099,-0.2380396,-0.2020065,28.68178,203.4138,357.4135,0.674567,0.04361944,-0.7369232,0.0,0.0,0.0,1.567931,-0.09557372,-2.515169,0.0696725,0.1322591,0.7955397,-0.9081177,-0.03959043,0.4168395,-0.2319326,0.8764051,-0.4220444,-0.3486114,-0.4799445,-0.8050612,moving,-13.998336055059077,12.600066950864914,5.005131439435552,9.43913641487413,-0.35829500000000003,-0.20212952,-0.7268610000000002,-0.23639742789244397,0.21196140549191614,0.9482556130829536,-6.166625895041534,11.578709339128842,18.874327824799774,19.264559654133624,11.374793810819009
05/17/2023 13:14:35.259553,4179,True,True,True,True,Eyes,1.710348,0.1029095,-1.76346,-0.1780505,-0.2619962,-0.9485019,0.0,0.0,0.0,0.0,0.0,0.0,0.0,2.513538,-0.4122782,-0.6856892,1.933656,0.1073672,-1.790938,-0.06958217,0.9455874,-0.2413627,-0.2068014,29.02809,204.1339,357.9182,0.6765289,0.04345357,-0.7351326,0.0,0.0,0.0,1.56494,-0.09806938,-2.514933,0.0723746,0.1315111,0.7956307,-0.9047831,-0.03176376,0.4246867,-0.2314204,0.8738048,-0.4276797,-0.3575086,-0.4852384,-0.7979545,moving,-13.836075511611096,12.950885673383953,5.197609801769418,9.385650982582318,-0.36871600000000004,-0.20543657999999998,-0.7239950000000002,-0.2333970774846895,0.217925979405883,0.9476465139438294,-6.023526387050001,11.703273574488747,18.958937277901487,19.36471210757579,11.457978523568102
05/17/2023 13:14:35.264718,4180,True,True,True,True,Eyes,1.71935,0.1030186,-1.764913,-0.1908538,-0.263963,-0.9454619,0.0,0.0,0.0,0.0,0.0,0.0,0.0,2.527129,-0.4176288,-0.6592772,1.940827,0.1083268,-1.79357,-0.06826745,0.9442157,-0.2434167,-0.2110565,29.24153,204.7516,358.2814,0.6784574,0.04329491,-0.7333625,0.0,0.0,0.0,1.563771,-0.09904458,-2.51484,0.07303142,0.1329662,0.7955496,-0.9015898,-0.02616903,0.4318006,-0.2316677,0.8721758,-0.4308591,-0.3653308,-0.4884922,-0.7924073,moving,-13.597726679763174,13.144695083033493,5.245049377815362,9.488569876368485,-0.37705600000000006,-0.20737138,-0.7212699999999999,-0.2292714739742673,0.22135333882971536,0.9478592370735511,-5.875929357875256,11.76234072793132,18.782186888739584,19.194203840817835,11.35104408964654
05/17/2023 13:14:35.284810,4181,True,True,True,True,Eyes,1.728233,0.1031318,-1.766407,-0.2034898,-0.265794,-0.9423086,0.0,0.0,0.0,0.0,0.0,0.0,0.0,2.541281,-0.4116695,-0.6359608,1.947389,0.1091653,-1.796604,-0.06866086,0.9430329,-0.2439677,-0.2155333,29.32327,205.3296,358.4008,0.6803513,0.04314408,-0.7316148,0.0,0.0,0.0,1.561595,-0.1008606,-2.514669,0.07385821,0.1344687,0.7957497,-0.8976623,-0.02433256,0.4400119,-0.2346652,0.8715309,-0.4305418,-0.3730078,-0.4897366,-0.7880504,moving,-13.370966725076455,13.160002234071104,5.302765715847492,9.591439698696199,-0.38579399999999997,-0.2100259,-0.718065,-0.2254945039594615,0.2218073732530999,0.9486589295572128,-5.76843163995254,11.75337517801617,18.601912626759443,19.011652264968895,11.280309211533881
05/17/2023 13:14:35.305272,4182,True,True,True,True,Eyes,1.73703,0.1032431,-1.767975,-0.2159827,-0.2675254,-0.9390323,0.0,0.0,0.0,0.0,0.0,0.0,0.0,2.556954,-0.3949547,-0.61322,1.954284,0.1093938,-1.799679,-0.07060881,0.9418679,-0.2434805,-0.2204915,29.3268,205.9104,358.3149,0.6822094,0.04300057,-0.7298909,0.0,0.0,0.0,1.559273,-0.1027988,-2.514485,0.07421815,0.136941,0.7958831,-0.8927962,-0.02563761,0.4497314,-0.2403791,0.8714633,-0.4275157,-0.380964,-0.4897903,-0.7842018,moving,-13.192810844783796,13.055766490839018,5.327571803837786,9.762814859937297,-0.395011,-0.2121926,-0.714806,-0.2226252260084358,0.22023016779627713,0.949703484633418,-5.706613580605884,11.701525521077116,18.407226340886325,18.810850695670883,11.203206957201473
05/17/2023 13:14:35.314654,4183,True,True,True,True,Eyes,1.745746,0.1033383,-1.769616,-0.2283423,-0.269132,-0.935643,0.0,0.0,0.0,0.0,0.0,0.0,0.0,2.572708,-0.3742033,-0.5917616,1.961033,0.10948,-1.803164,-0.07313459,0.9407576,-0.242435,-0.2255036,29.28337,206.4742,358.143,0.6840305,0.04286363,-0.7281927,0.0,0.0,0.0,1.557324,-0.1044251,-2.514331,0.07450417,0.1399864,0.7961954,-0.8875992,-0.02826396,0.4597491,-0.2469437,0.8717533,-0.4231609,-0.3888276,-0.4891293,-0.7807472,moving,-13.019408284546543,12.894691470047901,5.345898707074164,9.97177847098792,-0.4037090000000001,-0.21390510000000001,-0.7111669999999999,-0.21987797830410946,0.21769850491868575,0.9509264421895923,-5.658054098903925,11.62808235891794,18.200726885885746,18.596449158281434,11.127907257223397
05/17/2023 13:14:35.334662,4184,True,True,True,True,Eyes,1.754371,0.1034205,-1.771348,-0.2405568,-0.2706092,-0.9321497,0.0,0.0,0.0,0.0,0.0,0.0,0.0,2.588158,-0.354879,-0.5706573,1.968111,0.1091913,-1.806865,-0.07526708,0.9396884,-0.2413466,-0.2303746,29.22631,207.0319,358.0132,0.6858144,0.04273197,-0.7265206,0.0,0.0,0.0,1.555239,-0.1061653,-2.514167,0.07603465,0.1420313,0.7971072,-0.882525,-0.03025495,0.4692917,-0.2526555,0.8721734,-0.418902,-0.3966298,-0.4882605,-0.7773589,moving,-12.836683993142982,12.737897716968225,5.4488570374902645,10.103126859590173,-0.4128719999999999,-0.2153566,-0.7073020000000001,-0.21696536895188007,0.2152391515663945,0.9521544584097286,-5.604364444023586,11.555678075722396,18.086311711495316,18.474388440591497,11.14825592435366
05/17/2023 13:14:35.345087,4185,True,True,True,True,Eyes,1.762874,0.1034816,-1.773154,-0.2526618,-0.2719596,-0.9285472,0.0,0.0,0.0,0.0,0.0,0.0,0.0,2.602674,-0.3374247,-0.5498691,1.974575,0.1089642,-1.810885,-0.07695057,0.9386916,-0.2400403,-0.2351966,29.1334,207.5947,357.9299,0.6875597,0.0426046,-0.7248766,0.0,0.0,0.0,1.553007,-0.1080276,-2.51399,0.07854135,0.144064,0.7981919,-0.8775224,-0.0315524,0.4784966,-0.257379,0.8729186,-0.4144505,-0.4046117,-0.4868446,-0.7741265,moving,-12.650877484150527,12.562677367076372,5.61976113240492,10.231050124968101,-0.42156799999999994,-0.2169918,-0.7031050000000001,-0.21400930612837257,0.21246817478977026,0.9534449136846851,-5.552842160656879,11.47597038073486,18.037921940649184,18.418814322667696,11.241747674954894
05/17/2023 13:14:35.364535,4186,True,True,True,True,Eyes,1.771285,0.1035264,-1.775059,-0.2646586,-0.2732219,-0.9248273,0.0,0.0,0.0,0.0,0.0,0.0,0.0,2.616993,-0.3238601,-0.5267906,1.981038,0.1085273,-1.815146,-0.07773759,0.9376485,-0.2388393,-0.2402667,29.02886,208.2187,357.9675,0.6892653,0.04248033,-0.7232623,0.0,0.0,0.0,1.550793,-0.1098756,-2.513815,0.08142843,0.145868,0.7993679,-0.8724576,-0.03101083,0.487705,-0.2605513,0.8738254,-0.4105391,-0.4134378,-0.4852501,-0.7704556,moving,-12.50288345536006,12.401009682705048,5.8164302177949985,10.341502764014496,-0.430245,-0.2184029,-0.6986690000000002,-0.21166660740572962,0.20988665096979095,0.9545390285749942,-5.516109261589275,11.40396441112987,18.05908090567922,18.434717849850053,11.38223509700069
05/17/2023 13:14:35.384622,4187,True,True,True,True,Eyes,1.779607,0.1035371,-1.777068,-0.2766371,-0.2744729,-0.9209433,0.0,0.0,0.0,0.0,0.0,0.0,0.0,2.63098,-0.3130158,-0.501651,1.987253,0.1081571,-1.819563,-0.07823607,0.9363917,-0.2382979,-0.2454873,28.99231,208.8804,358.0659,0.6909306,0.04235822,-0.7216788,0.0,0.0,0.0,1.548792,-0.1115452,-2.513658,0.08351343,0.1480813,0.8003696,-0.8672305,-0.02952104,0.4970314,-0.2635174,0.8741865,-0.4078684,-0.4224575,-0.4846922,-0.7659005,moving,-12.382892041683224,12.31734643075935,5.956890495583988,10.482112710796535,-0.438461,-0.21970230000000002,-0.6940949999999999,-0.20972698962405245,0.20858180422733522,0.955252971999675,-5.4770942324468095,11.363855953752052,18.056983477703504,18.431378307688764,11.467932590809
05/17/2023 13:14:35.404273,4188,True,True,True,True,Eyes,1.787852,0.1035114,-1.779176,-0.2885091,-0.2757467,-0.9169113,0.0,0.0,0.0,0.0,0.0,0.0,0.0,2.645335,-0.3031129,-0.4732468,1.993503,0.1073468,-1.824298,-0.07874475,0.9347641,-0.238637,-0.2511325,29.05766,209.611,358.2066,0.6925547,0.04223673,-0.7201276,0.0,0.0,0.0,1.546495,-0.1134628,-2.513476,0.08484283,0.1505707,0.8019035,-0.8614633,-0.02735648,0.5070822,-0.2670746,0.8737032,-0.406588,-0.4319165,-0.4856894,-0.7599695,moving,-12.332221791521777,12.336333903466247,6.039527686190411,10.634411275866297,-0.44700800000000007,-0.2208096,-0.6891779999999998,-0.2088658960601178,0.20893774079253685,0.9553638748387469,-5.450042315463891,11.367851901624446,18.071865061555258,18.450412448022803,11.512955918200458
05/17/2023 13:14:35.414793,4189,True,True,True,True,Eyes,1.796021,0.1034708,-1.781394,-0.3003141,-0.2770827,-0.9127083,0.0,0.0,0.0,0.0,0.0,0.0,0.0,2.658994,-0.2965848,-0.4446821,1.999915,0.1064285,-1.828925,-0.07887094,0.9330373,-0.2396524,-0.2564908,29.18746,210.3274,358.4088,0.6941368,0.04211443,-0.7186098,0.0,0.0,0.0,1.544459,-0.1151619,-2.513315,0.08531007,0.152949,0.8037536,-0.8559839,-0.02424181,0.5164341,-0.2701163,0.8726922,-0.4067499,-0.4408276,-0.4876686,-0.7535585,moving,-12.25910344680042,12.429840512276828,6.058666430332084,10.774190714122383,-0.4554560000000001,-0.2215904,-0.68439,-0.20757280225645608,0.21055583863965532,0.9552903185760565,-5.398133421097217,11.39909499616964,18.008217235963166,18.392440553817533,11.47382970927456
05/17/2023 13:14:35.434763,4190,True,True,True,True,Eyes,1.804105,0.1034048,-1.78373,-0.3119499,-0.2784187,-0.9083888,0.0,0.0,0.0,0.0,0.0,0.0,0.0,2.671807,-0.2921999,-0.4181998,2.006148,0.1060195,-1.833836,-0.07889107,0.9313727,-0.240872,-0.2613462,29.33525,210.9864,358.6162,0.6956773,0.04199078,-0.7171258,0.0,0.0,0.0,1.542342,-0.1169287,-2.513148,0.08449791,0.1548691,0.8056577,-0.8509488,-0.02105205,0.5248267,-0.2728559,0.8715138,-0.4074474,-0.4488161,-0.4899189,-0.7473578,moving,-12.13629337201731,12.546122377306855,5.987329658176923,10.881064242629511,-0.46380599999999994,-0.22294819999999999,-0.6793120000000001,-0.20543204754482391,0.2125923226382402,0.9553021002708826,-5.318886070323783,11.435857944348045,17.812390549949804,18.199948635434165,11.319819351511901
05/17/2023 13:14:35.454227,4191,True,True,True,True,Eyes,1.812102,0.103322,-1.786177,-0.3234726,-0.2797738,-0.9039314,0.0,0.0,0.0,0.0,0.0,0.0,0.0,2.68406,-0.2873268,-0.3945026,2.012187,0.1053258,-1.839124,-0.07894208,0.9298725,-0.2417454,-0.2658277,29.44283,211.5917,358.7968,0.6971752,0.04186498,-0.7156769,0.0,0.0,0.0,1.540232,-0.1186894,-2.512981,0.08390766,0.1482507,0.810037,-0.8462075,-0.0182869,0.5325394,-0.2753374,0.8706546,-0.4076149,-0.4562039,-0.4915548,-0.7417895,moving,-11.96641736571756,12.618678321325527,5.913890191362659,10.371332483206391,-0.4719549999999999,-0.2240152,-0.6738569999999999,-0.20253806739059155,0.2139336180480546,0.9556205399371203,-5.226459591270855,11.452684209188568,17.645542650751953,18.02098670028618,11.192708109957447
05/17/2023 13:14:35.464749,4192,True,True,True,True,Eyes,1.820017,0.1031977,-1.788757,-0.3348351,-0.2810949,-0.8993726,0.0,0.0,0.0,0.0,0.0,0.0,0.0,2.696309,-0.2786847,-0.3725684,2.01826,0.1048545,-1.844503,-0.07966314,0.9284422,-0.2421972,-0.2701655,29.52325,212.1527,358.8767,0.6986303,0.04173662,-0.7142641,0.0,0.0,0.0,1.538173,-0.1204072,-2.512819,0.07095088,0.1680671,0.8076761,-0.8413287,-0.01705855,0.5402545,-0.2787919,0.8699886,-0.4066878,-0.4630777,-0.4927767,-0.7367021,moving,-11.779340544474715,12.647978064565013,5.0203011980216665,11.754775334339822,-0.48008700000000015,-0.2252617,-0.6683159999999999,-0.19938858339244345,0.21456375482034715,0.9561414898219449,-5.134527808073885,11.451712552842583,16.440780198045964,16.82336987031756,10.159350333193968
05/17/2023 13:14:35.484342,4193,True,True,True,True,Eyes,1.827836,0.1030349,-1.791449,-0.3460516,-0.2824081,-0.8947033,0.0,0.0,0.0,0.0,0.0,0.0,0.0,2.708901,-0.2660499,-0.3511906,2.024237,0.1037348,-1.850396,-0.08085751,0.9270101,-0.2421787,-0.2747068,29.56618,212.7199,358.8896,0.7000417,0.04160437,-0.7128886,0.0,0.0,0.0,1.536033,-0.1221936,-2.51265,0.0812463,0.1715182,0.8153079,-0.8359967,-0.01685519,0.5484759,-0.2829677,0.8696231,-0.40458,-0.470148,-0.4934284,-0.7317714,moving,-11.61552700393834,12.625678388452965,5.690797859718812,11.880207961042807,-0.48820399999999986,-0.2259284,-0.6622539999999999,-0.19666522395307107,0.21431187638367458,0.9567618560370482,-5.063365824559597,11.432380140028561,16.927954873861133,17.322373002697432,10.76348392972865
05/17/2023 13:14:35.494745,4194,True,True,True,True,Eyes,1.835581,0.1028178,-1.794276,-0.3570649,-0.2836519,-0.8899698,0.0,0.0,0.0,0.0,0.0,0.0,0.0,2.721044,-0.2557038,-0.3312287,2.030379,0.1026732,-1.856393,-0.08168448,0.9256946,-0.2421703,-0.2788741,29.59795,213.2495,358.9351,0.7014093,0.04146719,-0.7115512,0.0,0.0,0.0,1.533797,-0.1240592,-2.512473,0.07528973,0.1774031,0.8149529,-0.8311139,-0.01615973,0.5558674,-0.2862998,0.8693624,-0.402792,-0.4767413,-0.4939108,-0.7271656,moving,-11.417127342209728,12.604648883065005,5.27830926266485,12.280846137859093,-0.49658199999999986,-0.2267324,-0.65608,-0.19336006043761272,0.2141041004839831,0.9574817540199747,-4.976015243667867,11.411270021311836,16.310306169114146,16.698576335879324,10.291128883832187
05/17/2023 13:14:35.514615,4195,True,True,True,True,Eyes,1.843222,0.1025789,-1.797228,-0.3677294,-0.284894,-0.8852178,0.0,0.0,0.0,0.0,0.0,0.0,0.0,2.732403,-0.249562,-0.3129888,2.036366,0.1011292,-1.862593,-0.08170209,0.924556,-0.2421663,-0.2826244,29.60216,213.7483,359.0648,0.7027321,0.04132354,-0.710253,0.0,0.0,0.0,1.531571,-0.1259175,-2.512297,0.08202986,0.1738416,0.8201534,-0.8268965,-0.01419207,0.5621752,-0.2879605,0.8693605,-0.4016106,-0.4830332,-0.4939747,-0.7229579,moving,-11.187075747523501,12.572459473213014,5.711597457297866,11.967419144160013,-0.5047950000000001,-0.2270467,-0.6497039999999998,-0.18953002507981154,0.21372876614027436,0.9583310703585696,-4.876248852082082,11.38378415569575,16.52459123960417,16.909501171918947,10.603919995492717
05/17/2023 13:14:35.534491,4196,True,True,True,True,Eyes,1.850769,0.1023025,-1.800325,-0.3782413,-0.2860644,-0.880398,0.0,0.0,0.0,0.0,0.0,0.0,0.0,2.743134,-0.2449338,-0.2961049,2.041906,0.1003582,-1.868958,-0.08163595,0.9235139,-0.2420941,-0.2860914,29.59495,214.211,359.192,0.7040107,0.04117321,-0.7089944,0.0,0.0,0.0,1.529569,-0.1275882,-2.512139,0.08439596,0.1731807,0.8227819,-0.8229749,-0.01226182,0.5679458,-0.2893059,0.8694521,-0.4004439,-0.4888915,-0.4938652,-0.7190847,moving,-10.928802660684187,12.53367193522479,5.856569897026516,11.886221344431094,-0.512337,-0.2279464,-0.643181,-0.1852277232310532,0.21325804760762282,0.959276631662773,-4.764759526745584,11.351905465388317,16.4189103885714,16.797854749004905,10.634760560862864
05/17/2023 13:14:35.544544,4197,True,True,True,True,Eyes,1.858216,0.1019785,-1.803545,-0.3885517,-0.2871968,-0.8755258,0.0,0.0,0.0,0.0,0.0,0.0,0.0,2.754567,-0.2338035,-0.2769198,2.047215,0.09917636,-1.87565,-0.08246626,0.922245,-0.2416387,-0.2903005,29.57616,214.74,359.2218,0.7052437,0.04101557,-0.7077772,0.0,0.0,0.0,1.527291,-0.1294889,-2.51196,0.08599988,0.1731704,0.8251804,-0.81785,-0.01181251,0.5753104,-0.2924038,0.8696202,-0.3978201,-0.4956023,-0.4935801,-0.7146727,moving,-10.765034811122328,12.461810787561625,5.949857073398999,11.851966031593511,-0.519924,-0.22866525999999998,-0.6363100000000002,-0.18252957035762968,0.21216364762298895,0.9600361423098286,-4.703269174109675,11.313475718865991,16.352311281401565,16.72601331272993,10.66672727045459
05/17/2023 13:14:35.565053,4198,True,True,True,True,Eyes,1.865583,0.1015953,-1.806915,-0.3987316,-0.2882448,-0.8705906,0.0,0.0,0.0,0.0,0.0,0.0,0.0,2.766104,-0.2210016,-0.2572646,2.052694,0.09772362,-1.882354,-0.08343355,0.9209546,-0.2409695,-0.2946441,29.53864,215.2797,359.231,0.7064311,0.04084956,-0.7066016,0.0,0.0,0.0,1.525201,-0.1312335,-2.511794,0.08708096,0.1738204,0.828189,-0.8124474,-0.01167653,0.5829176,-0.2956775,0.869945,-0.3946776,-0.5024979,-0.4930104,-0.7102371,moving,-10.620767978638339,12.37137626961809,6.002380431417711,11.85320001227866,-0.5274929999999998,-0.22895712000000001,-0.62944,-0.18016840968340858,0.21074137865309622,0.9607951716414399,-4.654383729871993,11.269166387438101,16.263055606703457,16.631222736059403,10.67275586080245
05/17/2023 13:14:35.584655,4199,True,True,True,True,Eyes,1.87288,0.1011436,-1.810452,-0.4088234,-0.2892726,-0.8655546,0.0,0.0,0.0,0.0,0.0,0.0,0.0,2.777776,-0.2059151,-0.2383819,2.058147,0.09591915,-1.889469,-0.08471107,0.9196669,-0.2400619,-0.2990104,29.48614,215.8095,359.1937,0.7075725,0.04067386,-0.7054689,0.0,0.0,0.0,1.523179,-0.1329202,-2.511635,0.08628798,0.1750216,0.8308436,-0.8068338,-0.0122499,0.5906518,-0.299374,0.8703886,-0.3908949,-0.5093082,-0.492213,-0.7059262,moving,-10.47809699633646,12.25936355378232,5.9292459657991845,11.895733946105077,-0.5349679999999999,-0.22883935,-0.622166,-0.1778452284268156,0.20895238812287031,0.9616184010838412,-4.6104355272398525,11.216645719126541,16.051151717364093,16.4113719587584,10.561536194831245
05/17/2023 13:14:35.595243,4200,True,True,True,True,Eyes,1.880095,0.1006314,-1.814147,-0.4187591,-0.2902147,-0.8604744,0.0,0.0,0.0,0.0,0.0,0.0,0.0,2.789256,-0.1916382,-0.2200129,2.063473,0.09383085,-1.896933,-0.08581246,0.9184,-0.2391421,-0.3032965,29.42669,216.3341,359.1739,0.7086677,0.04048682,-0.7043795,0.0,0.0,0.0,1.520938,-0.1347905,-2.511458,0.08626214,0.174399,0.8338445,-0.8012949,-0.01255837,0.5981378,-0.3026823,0.8708945,-0.387203,-0.5160524,-0.4913095,-0.7016446,moving,-10.333659042469355,12.148642834682931,5.906301840208104,11.813154596600505,-0.5425350000000002,-0.22862135,-0.6145250000000002,-0.17548802836322802,0.20718276493286206,0.9624339991917479,-4.565421323865565,11.164507139381989,15.892638873293222,16.243425803345357,10.491793438147413
05/17/2023 13:14:35.614930,4201,True,True,True,True,Eyes,1.887235,0.1000593,-1.818002,-0.4286155,-0.2911751,-0.8552812,0.0,0.0,0.0,0.0,0.0,0.0,0.0,2.800342,-0.1791646,-0.2032299,2.068724,0.09185743,-1.904537,-0.08672258,0.917221,-0.2383271,-0.3072217,29.37236,216.8184,359.1683,0.709716,0.04028744,-0.7033346,0.0,0.0,0.0,1.518843,-0.136539,-2.511292,0.08709928,0.1739089,0.836876,-0.7961882,-0.01264901,0.604917,-0.305526,0.8713588,-0.3839112,-0.5222436,-0.4904834,-0.6976303,moving,-10.148279459456031,12.04696213934743,5.94176278908825,11.739397376781303,-0.5498810000000001,-0.22839642999999998,-0.6067550000000002,-0.17243249166060137,0.20558711919679462,0.9633281315386669,-4.499776232828003,11.113168630731149,15.750600709938693,16.092981564741574,10.460301123226776
05/17/2023 13:14:35.634549,4202,True,True,True,True,Eyes,1.894279,0.09942916,-1.822016,-0.4383307,-0.2921472,-0.8500096,0.0,0.0,0.0,0.0,0.0,0.0,0.0,2.810989,-0.1670442,-0.1864734,2.073699,0.08986279,-1.912074,-0.08782518,0.9158877,-0.2381114,-0.3110299,29.39311,217.2943,359.1611,0.7107178,0.04007469,-0.7023345,0.0,0.0,0.0,1.516802,-0.1382423,-2.511131,0.0870834,0.174672,0.8391944,-0.7910942,-0.01275645,0.6115613,-0.3089955,0.8711795,-0.381534,-0.5279126,-0.490799,-0.6931267,moving,-9.96395181884824,12.019516830671877,5.924392084718205,11.7578080761302,-0.556897,-0.22810509,-0.5990569999999997,-0.16934516711932107,0.2052371581888312,0.9639502229858092,-4.420160941308131,11.090508405771093,15.55287472413891,15.890499157364466,10.366053547919382
05/17/2023 13:14:35.644821,4203,True,True,True,True,Eyes,1.901225,0.09876961,-1.826177,-0.4480273,-0.2931957,-0.8445755,0.0,0.0,0.0,0.0,0.0,0.0,0.0,2.82179,-0.1539882,-0.167311,2.078425,0.08785113,-1.920062,-0.08919527,0.9142462,-0.2383578,-0.3152517,29.47696,217.8288,359.157,0.7116722,0.03984792,-0.7013803,0.0,0.0,0.0,1.514498,-0.1401652,-2.510949,0.08736628,0.1757808,0.8417778,-0.785321,-0.01280747,0.6189561,-0.3133783,0.8704595,-0.3795975,-0.5339145,-0.4920734,-0.6876038,moving,-9.834953969735093,12.047491074184952,5.925388714295474,11.79505993693935,-0.5639270000000003,-0.22801633,-0.5908870000000002,-0.16715477386325994,0.20578579271127762,0.964215455350589,-4.355256742389381,11.092833151468316,15.425620231735863,15.762364130964839,10.304600597028879
05/17/2023 13:14:35.664978,4204,True,True,True,True,Eyes,1.908076,0.09809094,-1.83049,-0.4575792,-0.2942683,-0.8390633,0.0,0.0,0.0,0.0,0.0,0.0,0.0,2.832564,-0.1382805,-0.148694,2.083181,0.08660717,-1.928083,-0.09126331,0.9125095,-0.2387255,-0.3193865,29.60218,218.3361,359.0731,0.7125798,0.03960741,-0.7004717,0.0,0.0,0.0,1.512508,-0.1418262,-2.510792,0.08655348,0.1783387,0.8440647,-0.7793267,-0.01406586,0.6264603,-0.3190487,0.8693622,-0.377382,-0.5393127,-0.4939751,-0.682005,moving,-9.702978478747186,12.10371740548093,5.854854260375092,11.93030804611063,-0.5706730000000002,-0.22843337000000002,-0.5827089999999999,-0.1648968854506806,0.2068116019722121,0.9643846517457508,-4.283478878349362,11.105850681893301,15.221464946830501,15.558799129252302,10.171800665426481
05/17/2023 13:14:35.684978,4205,True,True,True,True,Eyes,1.914838,0.09741346,-1.834964,-0.4671741,-0.2953574,-0.8333741,0.0,0.0,0.0,0.0,0.0,0.0,0.0,2.843179,-0.1189656,-0.1304207,2.087716,0.0855139,-1.936223,-0.09383286,0.9107723,-0.238622,-0.3236496,29.69603,218.8382,358.9142,0.7134402,0.03935403,-0.6996098,0.0,0.0,0.0,1.510402,-0.1435832,-2.510626,0.08642903,0.1820701,0.8465237,-0.7728929,-0.01646093,0.6343231,-0.3253805,0.8685098,-0.3739227,-0.5447608,-0.4953985,-0.6766211,moving,-9.572572166547891,12.116632513291005,5.829628390764981,12.138247179006132,-0.5773139999999999,-0.2290971,-0.5744029999999998,-0.16269117074947767,0.20710587833213182,0.9646962019811318,-4.220857800511235,11.102279509395794,15.063315254349597,15.402215723767243,10.10373701624858
05/17/2023 13:14:35.695123,4206,True,True,True,True,Eyes,1.921501,0.09672087,-1.839604,-0.4766636,-0.2963012,-0.8276457,0.0,0.0,0.0,0.0,0.0,0.0,0.0,2.853528,-0.09728122,-0.113554,2.09209,0.0848517,-1.944464,-0.09657639,0.909251,-0.237574,-0.3278632,29.69326,219.3103,358.6913,0.7142526,0.0390894,-0.6987951,0.0,0.0,0.0,1.508153,-0.1454601,-2.510448,0.08745211,0.1852684,0.8489392,-0.7663573,-0.0198408,0.642108,-0.3314079,0.8684632,-0.368701,-0.5503318,-0.4953564,-0.6721285,moving,-9.425779983967587,12.034005514264674,5.881487062654401,12.310934319394008,-0.5839369999999997,-0.2303118,-0.5659839999999998,-0.16026429821136098,0.20579725085313033,0.9653822246524971,-4.1692881098867,11.06081354797955,14.971939334116588,15.30977184675558,10.12822212987504
05/17/2023 13:14:35.714595,4207,True,True,True,True,Eyes,1.92807,0.09602434,-1.844415,-0.4862609,-0.2970715,-0.8217657,0.0,0.0,0.0,0.0,0.0,0.0,0.0,2.863985,-0.07040793,-0.09696174,2.096344,0.08383314,-1.953223,-0.09953288,0.9079594,-0.2348697,-0.3324745,29.51745,219.797,358.3822,0.7150163,0.03881443,-0.698029,0.0,0.0,0.0,1.50607,-0.147199,-2.510283,0.08918205,0.1866584,0.8515819,-0.7591079,-0.02456723,0.6505012,-0.33692,0.8698589,-0.36032,-0.5569921,-0.4926886,-0.6685938,moving,-9.291011911571422,11.776075373115985,5.978517003602868,12.363154440734924,-0.5902740000000002,-0.23103214,-0.5570599999999999,-0.15813680940299912,0.2015193079344273,0.9666347411090803,-4.157395406576232,10.952576310641142,14.951068357838563,15.280810682780547,10.233594238972033
05/17/2023 13:14:35.734668,4208,True,True,True,True,Eyes,1.93454,0.09531732,-1.849399,-0.4957674,-0.2975994,-0.8158733,0.0,0.0,0.0,0.0,0.0,0.0,0.0,2.873971,-0.04131043,-0.08314419,2.100406,0.08306181,-1.962071,-0.1025012,0.9070641,-0.2307867,-0.336847,29.19156,220.225,357.9998,0.7157328,0.03852957,-0.6973103,0.0,0.0,0.0,1.504021,-0.1489085,-2.510122,0.09031817,0.1863231,0.854056,-0.7520553,-0.03047066,0.6583955,-0.3414299,0.872462,-0.3496222,-0.5637718,-0.487731,-0.6665434,moving,-9.107615002754509,11.377065990745958,6.036708837975457,12.30696616817372,-0.5963849999999999,-0.23197031,-0.5480510000000001,-0.15525465060015545,0.1948730039243676,0.9684629395307427,-4.150559771109437,10.786781268637677,14.859479844062722,15.172846105226343,10.300068147465039
05/17/2023 13:14:35.745190,4209,True,True,True,True,Eyes,1.940883,0.09481724,-1.854605,-0.5053035,-0.2981171,-0.8098114,0.0,0.0,0.0,0.0,0.0,0.0,0.0,2.883932,-0.01265484,-0.06732821,2.104487,0.08212269,-1.97133,-0.1052089,0.9060681,-0.2265626,-0.3415277,28.84395,220.7021,357.6512,0.7163997,0.03823622,-0.6966411,0.0,0.0,0.0,1.501916,-0.1506655,-2.509956,0.0911065,0.185762,0.8567103,-0.7445802,-0.03589809,0.6665675,-0.3454077,0.875201,-0.3386987,-0.5712218,-0.4824257,-0.6640568,moving,-8.95307089084731,10.960941653937132,6.070281130163847,12.234157236866738,-0.6025710000000002,-0.23278819,-0.5386259999999998,-0.15285328825027975,0.18790541978109643,0.9702202644155539,-4.160355440388039,10.61628172988057,14.780336857846688,15.077207429356232,10.357772240922245
05/17/2023 13:14:35.765336,4210,True,True,True,True,Eyes,1.947133,0.09438337,-1.859982,-0.5147252,-0.2988636,-0.8035786,0.0,0.0,0.0,0.0,0.0,0.0,0.0,2.893737,0.006930411,-0.0533998,2.107526,0.08661222,-1.981779,-0.1080098,0.9049616,-0.2238293,-0.3453676,28.66712,221.095,357.3294,0.7170163,0.03794281,-0.6960226,0.0,0.0,0.0,1.499762,-0.1524626,-2.509785,0.09195828,0.184573,0.8591711,-0.7381101,-0.04088261,0.6734404,-0.3500962,0.8764687,-0.3305077,-0.5767373,-0.47972,-0.6612433,moving,-8.719900733380017,10.714989226980961,6.109189570828261,12.124396054611337,-0.607764,-0.23907482000000002,-0.528006,-0.14902002024148298,0.18384768589973396,0.9715930790482713,-4.100775424167475,10.50621002373764,14.611783093631786,14.895917120343249,10.337403505211213
05/17/2023 13:14:35.785166,4211,True,True,True,True,Eyes,1.95336,0.0940934,-1.865481,-0.5239421,-0.2998964,-0.7972119,0.0,0.0,0.0,0.0,0.0,0.0,0.0,2.903623,0.02056408,-0.02540708,2.111504,0.08781788,-1.991464,-0.1104444,0.9020722,-0.2261546,-0.3506025,29.04259,221.7877,357.3332,0.7175828,0.03765176,-0.6954544,0.0,0.0,0.0,1.497488,-0.1543607,-2.509606,0.09351999,0.183422,0.8616269,-0.7297602,-0.04067703,0.6824925,-0.3578384,0.8733123,-0.3305713,-0.5825824,-0.4854596,-0.6518643,moving,-8.759567643991486,11.026875604300493,6.194568367216563,12.017657243069237,-0.6140160000000001,-0.24217857999999998,-0.5181419999999999,-0.14954026463885955,0.1891187200540893,0.9705008023509424,-4.058328235286524,10.629007138054767,14.69335462413683,14.98692203547582,10.346508486237086
05/17/2023 13:14:35.794963,4212,True,True,True,True,Eyes,1.95944,0.09390504,-1.871143,-0.5330106,-0.3012103,-0.7906783,0.0,0.0,0.0,0.0,0.0,0.0,0.0,2.913248,0.006100297,-0.01514888,2.116813,0.09094683,-1.999529,-0.1094845,0.9008709,-0.2299559,-0.3515183,29.42558,222.0162,357.6578,0.7181009,0.03736846,-0.6949347,0.0,0.0,0.0,1.495423,-0.1560838,-2.509443,0.09457156,0.1814762,0.8636801,-0.728896,-0.03559544,0.6836984,-0.3589303,0.8702669,-0.3373494,-0.582992,-0.4912927,-0.6471102,moving,-8.28793914019858,11.414318959515164,6.248899066952941,11.866347368205517,-0.6213900000000001,-0.24703063,-0.5099140000000002,-0.14135444456314775,0.19591520132655096,0.9703794482163978,-3.765504796274851,10.747406120412943,14.249744186414276,14.543864505115666,10.076721403901336
05/17/2023 13:14:35.820615,4213,True,True,True,True,Eyes,1.965469,0.09380409,-1.87689,-0.5419562,-0.3025498,-0.784058,0.0,0.0,0.0,0.0,0.0,0.0,0.0,2.921816,0.01870775,0.01093102,2.11929,0.09326523,-2.009326,-0.1123553,0.8978001,-0.2331199,-0.3563516,29.91178,222.669,357.6461,0.7185712,0.03709508,-0.6944629,0.0,0.0,0.0,1.493338,-0.1578242,-2.509278,0.09522599,0.1792944,0.8656785,-0.7207799,-0.03559992,0.6922495,-0.3678905,0.8660628,-0.3385142,-0.5874805,-0.4986662,-0.6373375,moving,-8.300267582797316,11.819253370818943,6.277387099405931,11.701332804356037,-0.6259519999999998,-0.25108943,-0.49995199999999995,-0.14136197300231518,0.2027681008824625,0.968969422332765,-3.6923386497129567,10.904270593998191,14.275090954103563,14.578131611888994,10.001536865893396
05/17/2023 13:14:35.834704,4214,True,True,True,True,Eyes,1.971355,0.09377904,-1.88276,-0.5507802,-0.3037804,-0.7774051,0.0,0.0,0.0,0.0,0.0,0.0,0.0,2.930432,0.02189028,0.02018142,2.123931,0.09524719,-2.016968,-0.1128273,0.8970542,-0.2329698,-0.3581746,29.92043,222.9036,357.6501,0.7189932,0.03683569,-0.6940398,0.0,0.0,0.0,1.491216,-0.1595953,-2.50911,0.09535667,0.1778937,0.8674572,-0.717962,-0.03553661,0.6951746,-0.369312,0.8659901,-0.3371494,-0.5900332,-0.4987968,-0.6348721,moving,-7.876315226087887,11.787842976480768,6.273146445762217,11.589244635441434,-0.6327149999999997,-0.25484249,-0.4921420000000003,-0.13419771316248938,0.20244048165007877,0.9700561194144659,-3.503048750485144,10.864374237111699,13.859890218440508,14.15085534178831,9.803031654009114
05/17/2023 13:14:35.844837,4215,True,True,True,True,Eyes,1.977146,0.09375448,-1.888727,-0.5597807,-0.3048454,-0.770529,0.0,0.0,0.0,0.0,0.0,0.0,0.0,2.938024,0.04163039,0.03896689,2.126348,0.09706647,-2.025945,-0.1151617,0.8954876,-0.2310143,-0.3625913,29.81849,223.4057,357.4418,0.7193685,0.03659082,-0.6936638,0.0,0.0,0.0,1.489035,-0.1614148,-2.508938,0.09476393,0.1782791,0.8687283,-0.7105309,-0.03872421,0.7026,-0.3737794,0.8667403,-0.3302276,-0.596184,-0.4972541,-0.6303202,moving,-7.731474814132575,11.608223292305906,6.225409969857837,11.597138758787958,-0.637313,-0.25848127,-0.482993,-0.13182722968023006,0.199462427572126,0.970997637142604,-3.471265000957738,10.785656534681149,13.67448568961366,13.956889185648297,9.730570840895336
05/17/2023 13:14:35.866741,4216,True,True,True,True,Eyes,1.98284,0.09374534,-1.894809,-0.5687448,-0.3056613,-0.7636102,0.0,0.0,0.0,0.0,0.0,0.0,0.0,2.945457,0.0682165,0.06223226,2.129819,0.09705117,-2.034378,-0.1173559,0.8939894,-0.2270957,-0.3680193,29.49981,224.0098,357.1893,0.7196993,0.03635846,-0.6933328,0.0,0.0,0.0,1.486808,-0.163274,-2.508762,0.09465852,0.1797552,0.8700145,-0.7015789,-0.04267857,0.7113127,-0.376981,0.8693103,-0.3196639,-0.6047086,-0.4924208,-0.6259787,moving,-7.678109779701088,11.213674484648285,6.209418050314153,11.673719029998502,-0.643011,-0.26032517,-0.47438400000000014,-0.13110109236287187,0.19279001024355266,0.972442559188111,-3.5234944798372627,10.630104475637982,13.622910389724193,13.895145562863107,9.788703573898413
05/17/2023 13:14:35.885032,4217,True,True,True,True,Eyes,1.988418,0.09381959,-1.901023,-0.5778648,-0.3064812,-0.7564004,0.0,0.0,0.0,0.0,0.0,0.0,0.0,2.952882,0.09013563,0.08678579,2.133142,0.09739475,-2.043376,-0.1188075,0.8924903,-0.223291,-0.3734798,29.16422,224.6422,357.0277,0.7199849,0.03613897,-0.6930477,0.0,0.0,0.0,1.484828,-0.1649256,-2.508606,0.0951829,0.181046,0.8710123,-0.6927952,-0.04527975,0.7197115,-0.3788585,0.8720518,-0.3098256,-0.6135969,-0.4873145,-0.6213078,moving,-7.613085110131351,10.813334331438371,6.236449463405625,11.742129596609754,-0.6483139999999998,-0.26232035,-0.46523000000000003,-0.13017055949109116,0.18601365983994522,0.9738863188007961,-3.5714775413672504,10.471556189144348,13.617944035031455,13.880643664765723,9.889883159810902
05/17/2023 13:14:35.894935,4218,True,True,True,True,Eyes,1.993914,0.09390222,-1.907361,-0.5869548,-0.3071401,-0.7490988,0.0,0.0,0.0,0.0,0.0,0.0,0.0,2.959346,0.1179354,0.1125162,2.135661,0.09946578,-2.052646,-0.1215108,0.8906644,-0.2192983,-0.3792896,28.86959,225.2891,356.7206,0.7202257,0.03593354,-0.6928071,0.0,0.0,0.0,1.482569,-0.1668109,-2.508428,0.09671184,0.1817041,0.8718655,-0.6827492,-0.05009563,0.7289336,-0.3828058,0.8742868,-0.2984667,-0.6223451,-0.4828178,-0.6160955,moving,-7.5889262748360835,10.444235517535478,6.329668539574944,11.772411349190746,-0.6530919999999998,-0.26627668000000004,-0.4557819999999997,-0.12991397197628501,0.17974217605609236,0.975097482544415,-3.6322129998457098,10.327726762070917,13.726291959078235,13.98182150678311,10.066091464004865
05/17/2023 13:14:35.914731,4219,True,True,True,True,Eyes,1.999356,0.09396793,-1.91382,-0.5960835,-0.3079553,-0.7415174,0.0,0.0,0.0,0.0,0.0,0.0,0.0,2.966362,0.1374423,0.1420648,2.139164,0.09973432,-2.062135,-0.1227554,0.8885906,-0.2166471,-0.3852298,28.65923,226.0209,356.6523,0.720423,0.03574134,-0.6926113,0.0,0.0,0.0,1.480531,-0.1685124,-2.508267,0.09846845,0.182033,0.8727153,-0.6730583,-0.05124067,0.7378123,-0.3850763,0.8759904,-0.2904431,-0.631434,-0.4795991,-0.6093242,moving,-7.594697988071414,10.174238165405725,6.437456222267832,11.781961848526485,-0.658633,-0.26824672,-0.446132,-0.1301218618100152,0.17514039461770814,0.975906862116129,-3.687446945009858,10.224051741618268,13.872581085845137,14.12395579234121,10.244059158749357
05/17/2023 13:14:35.934934,4220,True,True,True,True,Eyes,2.004717,0.09402497,-1.920388,-0.6050269,-0.3087499,-0.7339047,0.0,0.0,0.0,0.0,0.0,0.0,0.0,2.973706,0.1456957,0.1651669,2.142896,0.09934604,-2.071126,-0.122795,0.8869287,-0.2156177,-0.3895996,28.56509,226.6008,356.7487,0.7205781,0.03556042,-0.6924589,0.0,0.0,0.0,1.478374,-0.1703119,-2.508096,0.1002255,0.1822366,0.873145,-0.6662672,-0.04981168,0.7440478,-0.3858299,0.8768608,-0.2867934,-0.6381407,-0.4781568,-0.6034424,moving,-7.442348668813652,10.056105906362832,6.548138762865012,11.789128702253718,-0.6645219999999998,-0.26965794,-0.4369700000000001,-0.12757125649448198,0.17318577722196268,0.9765922487098458,-3.6402294419689083,10.16853824225942,13.848773047535957,14.097414890221403,10.31645094576111
05/17/2023 13:14:35.945256,4221,True,True,True,True,Eyes,2.010017,0.09409596,-1.927069,-0.6138533,-0.3099265,-0.7260369,0.0,0.0,0.0,0.0,0.0,0.0,0.0,2.980918,0.1552429,0.1860452,2.146277,0.09919311,-2.080441,-0.1235547,0.8850748,-0.2155273,-0.3936052,28.60569,227.1341,356.7976,0.7206921,0.03538937,-0.6923489,0.0,0.0,0.0,1.476288,-0.1720531,-2.507932,0.1027828,0.1822337,0.8736243,-0.6596188,-0.04904494,0.7499989,-0.3883756,0.8765644,-0.284252,-0.6434813,-0.4787791,-0.5972462,moving,-7.257262645683605,10.04770579303418,6.710061315352852,11.782659392955402,-0.669989,-0.27124621,-0.42749099999999984,-0.12441746236005724,0.1731124574967172,0.9770119045354979,-3.5565561347463963,10.153168067093631,13.825802322594805,14.074665275821756,10.395127505121865
05/17/2023 13:14:35.964668,4222,True,True,True,True,Eyes,2.015243,0.09418395,-1.933827,-0.6224443,-0.3112721,-0.7181036,0.0,0.0,0.0,0.0,0.0,0.0,0.0,2.987804,0.1609179,0.2069242,2.149569,0.09958847,-2.089287,-0.1242998,0.8829709,-0.2170438,-0.3972455,28.81884,227.6543,356.9206,0.7207661,0.03522771,-0.6922801,0.0,0.0,0.0,1.474139,-0.1738464,-2.507762,0.1061079,0.1819528,0.8738349,-0.6534912,-0.04706695,0.7554694,-0.3919456,0.8748832,-0.2845315,-0.6475555,-0.4820417,-0.590176,moving,-7.065976142984151,10.21050676026771,6.923408622458923,11.762247448142984,-0.67543,-0.27343487,-0.41847499999999993,-0.12109284399152481,0.17596075552249166,0.9769208477782921,-3.4366887906128873,10.203370042697387,13.821538215003619,14.075183312412609,10.476722635134806
05/17/2023 13:14:35.984459,4223,True,True,True,True,Eyes,2.020447,0.09431011,-1.940732,-0.6309673,-0.3131438,-0.7098037,0.0,0.0,0.0,0.0,0.0,0.0,0.0,2.99473,0.1607736,0.2301764,2.153008,0.1000969,-2.098039,-0.1245845,0.8804848,-0.2203778,-0.4008228,29.20601,228.2218,357.1944,0.7208017,0.03507515,-0.6922508,0.0,0.0,0.0,1.472,-0.175631,-2.507593,0.1096915,0.1806554,0.8741567,-0.6476398,-0.04272462,0.760748,-0.3960543,0.8718247,-0.2882061,-0.6509254,-0.4879512,-0.5815496,moving,-6.889497790381872,10.5291886393746,7.152243143887705,11.67650831061227,-0.6810079999999998,-0.2757279,-0.409554,-0.11796340678623218,0.1814605390768537,0.9762974818664358,-3.2932937387160854,10.314617152624344,13.827748535065144,14.088535441739525,10.533944574186908
05/17/2023 13:14:35.994976,4224,True,True,True,True,Eyes,2.025563,0.09446697,-1.947699,-0.6392759,-0.3151501,-0.7014319,0.0,0.0,0.0,0.0,0.0,0.0,0.0,3.001241,0.1574661,0.2544818,2.156129,0.1010651,-2.10663,-0.1246225,0.8778312,-0.224484,-0.4043377,29.66296,228.8117,357.5424,0.7207997,0.03493209,-0.6922602,0.0,0.0,0.0,1.469801,-0.1774668,-2.507419,0.1120423,0.1795941,0.8742216,-0.6419607,-0.03726035,0.7658318,-0.4003296,0.8681524,-0.2933388,-0.6539288,-0.4948971,-0.5722362,moving,-6.7268790988379665,10.914101899013877,7.303348487647332,11.608941144617566,-0.686328,-0.2785319,-0.40078900000000006,-0.11504619429684754,0.1880799473131377,0.9753923717073707,-3.143390293042119,10.452297489438976,13.77924969533021,14.047422813662449,10.510574470362018
05/17/2023 13:14:36.014801,4225,True,True,True,True,Eyes,2.030646,0.09465236,-1.954788,-0.6475731,-0.3174036,-0.692751,0.0,0.0,0.0,0.0,0.0,0.0,0.0,3.007181,0.1573711,0.2799613,2.159142,0.1019789,-2.115181,-0.1248536,0.8751646,-0.2277986,-0.4081745,30.04279,229.4297,357.8436,0.7207616,0.03479873,-0.6923067,0.0,0.0,0.0,1.467675,-0.1792406,-2.507252,0.1142666,0.1786661,0.874342,-0.6356103,-0.03257179,0.7713227,-0.404498,0.8650388,-0.2967983,-0.6575568,-0.5006465,-0.5630028,moving,-6.577391313203887,11.198785046664582,7.445711279495321,11.549023610744372,-0.691467,-0.2812195,-0.3920709999999996,-0.1123919472112857,0.19298299528894297,0.9747438262789526,-3.0190558116456785,10.552211246405909,13.754262594182252,14.027475659474014,10.512135138092816
05/17/2023 13:14:36.045140,4226,True,True,True,True,Eyes,2.035635,0.09486103,-1.961936,-0.6557318,-0.3195999,-0.6840115,0.0,0.0,0.0,0.0,0.0,0.0,0.0,3.012489,0.1620376,0.3046572,2.162038,0.1028015,-2.123484,-0.1253169,0.8727889,-0.2294375,-0.4121819,30.25223,230.0278,358.0356,0.7206883,0.03467505,-0.6923892,0.0,0.0,0.0,1.465579,-0.1809899,-2.507086,0.116699,0.1778043,0.87409,-0.6288038,-0.02961043,0.7770002,-0.4078903,0.8633082,-0.2971943,-0.6619906,-0.5038077,-0.5549294,moving,-6.4208290602353975,11.304337953122264,7.604539903952342,11.498028565832257,-0.6964589999999999,-0.2837914,-0.3836020000000002,-0.10968702737910063,0.19483763687967526,0.9746830628585789,-2.9263407016734067,10.582626851782406,13.752293625475055,14.026706335952595,10.57059159309591
05/17/2023 13:14:36.045140,4227,True,True,True,True,Eyes,2.040573,0.09507269,-1.969201,-0.6639023,-0.3218632,-0.6750095,0.0,0.0,0.0,0.0,0.0,0.0,0.0,3.017016,0.1755708,0.3316131,2.164805,0.1035749,-2.13215,-0.1265659,0.8703473,-0.2293139,-0.4170039,30.31291,230.6777,358.0707,0.7205811,0.03456097,-0.6925065,0.0,0.0,0.0,1.463428,-0.1827853,-2.506916,0.1194328,0.1769067,0.8735502,-0.6201781,-0.02906302,0.783923,-0.4115621,0.8627924,-0.2936084,-0.6678296,-0.5047223,-0.5470462,moving,-6.323972529828789,11.236858849385198,7.785275907299742,11.44840176070751,-0.7013769999999999,-0.2863602,-0.3747659999999997,-0.10806349244009039,0.19372423571321437,0.9750862580555429,-2.8948375282966525,10.550272102325446,13.837528264376198,14.110834201561035,10.717810405137428
05/17/2023 13:14:36.064383,4228,True,True,True,True,Eyes,2.045438,0.09526626,-1.976535,-0.6719783,-0.3239874,-0.665941,0.0,0.0,0.0,0.0,0.0,0.0,0.0,3.020986,0.1952491,0.3595655,2.167657,0.1038338,-2.141086,-0.1283501,0.8678526,-0.2281216,-0.4222781,30.28826,231.3521,358.0013,0.7204404,0.03445559,-0.6926579,0.0,0.0,0.0,1.46118,-0.184661,-2.506738,0.1229349,0.1758658,0.8730277,-0.6104147,-0.03011649,0.791509,-0.4154394,0.8629736,-0.2875528,-0.6743913,-0.5043505,-0.5392833,moving,-6.267272363317587,11.079651064377472,8.015371779773783,11.389438600828546,-0.7064770000000002,-0.2884948,-0.36565199999999987,-0.10715536772636386,0.19106697150367605,0.9757106261994335,-2.899314934515646,10.48596947513162,14.014288869653264,14.286003361189675,10.95201545525634
05/17/2023 13:14:36.085025,4229,True,True,True,True,Eyes,2.050246,0.09543291,-1.983954,-0.6800045,-0.3260916,-0.6567025,0.0,0.0,0.0,0.0,0.0,0.0,0.0,3.024925,0.2108849,0.3896017,2.170796,0.1035807,-2.150198,-0.1292636,0.8653757,-0.2269043,-0.4277034,30.21777,232.0703,358.0351,0.7202675,0.03435743,-0.6928422,0.0,0.0,0.0,1.459098,-0.1863991,-2.506574,0.1261589,0.1760574,0.8721086,-0.6007211,-0.02962771,0.7989091,-0.4178186,0.8636107,-0.2821419,-0.6815872,-0.5032879,-0.5311681,moving,-6.224236203964605,10.886241574126053,8.231285647262586,11.41322287966031,-0.7116980000000002,-0.2899798,-0.356376,-0.1064910874082815,0.1877857216354597,0.976420092055418,-2.917139457921985,10.408610906686487,14.193496688749232,14.465124309444747,11.193597613910908
05/17/2023 13:14:36.095026,4230,True,True,True,True,Eyes,2.054986,0.09555305,-1.99144,-0.6879166,-0.3281385,-0.6473762,0.0,0.0,0.0,0.0,0.0,0.0,0.0,3.028763,0.222838,0.4188168,2.173867,0.1030927,-2.159199,-0.1296946,0.862974,-0.22609,-0.4328262,30.16488,232.7697,358.1354,0.7200635,0.03426483,-0.6930584,0.0,0.0,0.0,1.456945,-0.1881955,-2.506404,0.1286767,0.1770451,0.870824,-0.5916818,-0.02813074,0.8056808,-0.4195615,0.8641252,-0.2779492,-0.6883903,-0.50249,-0.5230898,moving,-6.152219724880586,10.721941479843519,8.405447354683194,11.492036275581183,-0.7169220000000001,-0.2912882,-0.34720499999999976,-0.10532019365128104,0.18500819760878986,0.9770771165527588,-2.91593835103949,10.340570973023812,14.305516967540141,14.578021703709913,11.379791151015707
05/17/2023 13:14:36.118518,4231,True,True,True,True,Eyes,2.059689,0.09563014,-1.999014,-0.6957726,-0.3303233,-0.6377985,0.0,0.0,0.0,0.0,0.0,0.0,0.0,3.0322,0.2337335,0.4503696,2.177019,0.1020994,-2.168378,-0.130129,0.8601404,-0.2264289,-0.4381265,30.23496,233.5295,358.312,0.7198294,0.03417562,-0.6933054,0.0,0.0,0.0,1.454858,-0.189937,-2.506239,0.1313669,0.1782345,0.8697743,-0.5822233,-0.0254494,0.8126305,-0.4222674,0.8635928,-0.2754954,-0.6947707,-0.5035472,-0.5135503,moving,-6.120418285697739,10.676753393519407,8.588787691184278,11.58074950787313,-0.722161,-0.2920364,-0.33786099999999974,-0.10479308196342135,0.18424784090613655,0.9772773726685451,-2.910079571764471,10.321071419002106,14.45984205172613,14.736958622629986,11.567659107118269
05/17/2023 13:14:36.134837,4232,True,True,True,True,Eyes,2.064335,0.09565825,-2.006642,-0.7034771,-0.3325772,-0.6281022,0.0,0.0,0.0,0.0,0.0,0.0,0.0,3.03532,0.2417126,0.4830019,2.180324,0.1011717,-2.177344,-0.1304674,0.8569834,-0.228186,-0.4432707,30.44879,234.3144,358.5829,0.7195664,0.03408797,-0.6935821,0.0,0.0,0.0,1.452796,-0.1916583,-2.506076,0.1338168,0.1789446,0.8687646,-0.5729789,-0.0213204,0.819293,-0.4259131,0.8618189,-0.2754385,-0.7002097,-0.506768,-0.5028847,moving,-6.101282935306753,10.779215387016578,8.7565157271845,11.638777677500418,-0.7275280000000002,-0.29283000000000003,-0.328732,-0.10443156525154002,0.18600232910616177,0.9769837151023999,-2.8813084772210584,10.359304528768266,14.598773799272399,14.882641849696869,11.70794617988033
05/17/2023 13:14:36.144476,4233,True,True,True,True,Eyes,2.068944,0.09566268,-2.014353,-0.7110631,-0.3349552,-0.6182185,0.0,0.0,0.0,0.0,0.0,0.0,0.0,3.038256,0.246446,0.5165064,2.183613,0.100059,-2.186399,-0.1305058,0.8536018,-0.2309773,-0.44831,30.75308,235.1288,358.9531,0.7192758,0.03400007,-0.693887,0.0,0.0,0.0,1.450479,-0.1935912,-2.505893,0.1367293,0.177817,0.8683801,-0.5639728,-0.01570114,0.8256441,-0.4298989,0.8592355,-0.2773111,-0.7050686,-0.5113393,-0.4913353,moving,-6.088653487304197,10.97343480750415,8.947946894031636,11.572403543699119,-0.7331339999999997,-0.2936502,-0.3194939999999997,-0.10414899801183203,0.18931862703860922,0.9763766054142464,-2.8376691174568496,10.433326204092177,14.759132429436267,15.048525328912728,11.840533854343722
05/17/2023 13:14:36.164324,4234,True,True,True,True,Eyes,2.073488,0.09565601,-2.02211,-0.7185069,-0.3373477,-0.6082305,0.0,0.0,0.0,0.0,0.0,0.0,0.0,3.040627,0.252693,0.547971,2.186661,0.09954648,-2.195027,-0.1308871,0.8503346,-0.2335458,-0.453052,31.04971,235.8927,359.2657,0.7189589,0.03391108,-0.6942202,0.0,0.0,0.0,1.44852,-0.1952264,-2.505739,0.1392117,0.1746051,0.8677312,-0.555225,-0.01097881,0.8316277,-0.4342124,0.8566499,-0.2785869,-0.7093552,-0.5157814,-0.4804006,moving,-6.035814682484669,11.155560032346319,9.114399463891687,11.377143499400093,-0.7381409999999999,-0.29477288,-0.3107120000000001,-0.1031846988841792,0.1924407185080452,0.9758685695058731,-2.777851624287274,10.500051107163362,14.862451749658753,15.151834473552496,11.924551438474037
05/17/2023 13:14:36.184336,4235,True,True,True,True,Eyes,2.077994,0.09562217,-2.029952,-0.7258453,-0.339761,-0.5980895,0.0,0.0,0.0,0.0,0.0,0.0,0.0,3.042267,0.2630882,0.5811894,2.189717,0.09930198,-2.20401,-0.1315931,0.8469999,-0.2351147,-0.4582529,31.25783,236.6901,359.5017,0.7186168,0.03382095,-0.6945791,0.0,0.0,0.0,1.446399,-0.1969968,-2.505571,0.1425459,0.1689769,0.8675706,-0.5453752,-0.00743476,0.8381591,-0.4384026,0.8548087,-0.2776783,-0.7144012,-0.51889,-0.4694509,moving,-6.021412503296852,11.238476205005188,9.330597106170442,11.0215242504503,-0.7433179999999999,-0.29629878,-0.3015610000000004,-0.10291012306285924,0.19385829948426214,0.9756169601619261,-2.755068067574506,10.531061790787037,15.069767998176168,15.353542496758243,12.095613093853922
05/17/2023 13:14:36.194630,4236,True,True,True,True,Eyes,2.082456,0.09555916,-2.037839,-0.7330636,-0.3421086,-0.5878601,0.0,0.0,0.0,0.0,0.0,0.0,0.0,3.043188,0.273074,0.6159353,2.192735,0.09865813,-2.212943,-0.1319771,0.8436439,-0.2363247,-0.4636784,31.40859,237.5211,359.7633,0.7182506,0.03372895,-0.6949626,0.0,0.0,0.0,1.444224,-0.1988118,-2.505399,0.1457109,0.1630746,0.8673394,-0.5351687,-0.003526029,0.8447378,-0.4418407,0.8534653,-0.2763579,-0.7199799,-0.5211377,-0.4583058,moving,-6.0313561945157,11.269260879730362,9.536499608367379,10.64827154939527,-0.7485109999999999,-0.29746993,-0.29245600000000005,-0.1030686105571279,0.1943792623028959,0.9754965899045136,-2.7536568985754157,10.54357762861666,15.303641739143686,15.580236264182593,12.29060241738363
05/17/2023 13:14:36.215058,4237,True,True,True,True,Eyes,2.086882,0.09547041,-2.045809,-0.7401627,-0.3443603,-0.5775596,0.0,0.0,0.0,0.0,0.0,0.0,0.0,3.044268,0.2827522,0.6502101,2.196216,0.09791108,-2.222013,-0.1321553,0.8404577,-0.2370694,-0.4690029,31.49715,238.3303,0.01548909,0.7178603,0.03363403,-0.6953706,0.0,0.0,0.0,1.442038,-0.2006355,-2.505227,0.150435,0.1542243,0.867736,-0.5251423,0.0002305055,0.8510143,-0.4445144,0.8526662,-0.2745311,-0.7256944,-0.522456,-0.4476686,moving,-6.020930504432403,11.243661809978688,9.835322089294376,10.07804554489406,-0.7541780000000002,-0.29854658,-0.2832140000000001,-0.10290007798783835,0.19394679485837052,0.9756004022927633,-2.7538361699778853,10.533028657337088,15.635848051171298,15.899037945532964,12.59737731869659
05/17/2023 13:14:36.234544,4238,True,True,True,True,Eyes,2.091263,0.09536081,-2.053824,-0.7471378,-0.3465307,-0.5671874,0.0,0.0,0.0,0.0,0.0,0.0,0.0,3.044605,0.2961798,0.6835089,2.199347,0.09722757,-2.23113,-0.1328122,0.8373012,-0.2371772,-0.4743784,31.54606,239.1177,0.1758663,0.7174481,0.03353598,-0.695801,0.0,0.0,0.0,1.440002,-0.202335,-2.505066,0.1513089,0.1566771,0.8668615,-0.5146526,0.002615834,0.8573952,-0.4474311,0.8522158,-0.271171,-0.7313951,-0.5231839,-0.4374246,moving,-6.007411857512548,11.174809441020908,9.90111280023764,10.245072043834858,-0.7593449999999999,-0.29956257,-0.27393599999999996,-0.10269398826572351,0.19277840662220957,0.9758536753347664,-2.76101209920085,10.5056076909217,15.668030656037374,15.93566968828019,12.664805004120005
05/17/2023 13:14:36.244554,4239,True,True,True,True,Eyes,2.095593,0.09522854,-2.061884,-0.7539441,-0.3486125,-0.5568102,0.0,0.0,0.0,0.0,0.0,0.0,0.0,3.044528,0.3140576,0.715832,2.202697,0.09662212,-2.24031,-0.1340532,0.8341706,-0.2366912,-0.4797567,31.56783,239.8748,0.2328015,0.7170137,0.03343419,-0.6962538,0.0,0.0,0.0,1.437821,-0.2041548,-2.504894,0.1599005,0.157378,0.8678548,-0.5037267,0.003461896,0.8638564,-0.4507549,0.8520141,-0.2662558,-0.7369395,-0.5235075,-0.4276217,moving,-5.989823556159307,11.074514770161938,10.439551239745878,10.278400545239084,-0.7648760000000001,-0.30077692,-0.26458400000000015,-0.10242918155519931,0.19107515333399488,0.9762164352485684,-2.7724346832132127,10.465802504768973,16.174134892472612,16.44865204335751,13.213314933161353
05/17/2023 13:14:36.264388,4240,True,True,True,True,Eyes,2.099892,0.09506442,-2.069999,-0.7606233,-0.3506244,-0.546365,0.0,0.0,0.0,0.0,0.0,0.0,0.0,3.043595,0.3357098,0.7489269,2.206015,0.09595108,-2.249746,-0.1357607,0.8308612,-0.2358984,-0.4853769,31.58668,240.6504,0.2288575,0.7165582,0.03332838,-0.6967279,0.0,0.0,0.0,1.435741,-0.2058906,-2.50473,0.1603945,0.1600844,0.8664896,-0.4919565,0.003402535,0.870613,-0.4545958,0.851842,-0.2602073,-0.7425101,-0.5237878,-0.4175225,moving,-6.0019193118348495,10.96873782404154,10.487223135725491,10.467396137520268,-0.7702739999999999,-0.30184168,-0.2549839999999999,-0.10267187573011383,0.18926782095992042,0.9765429665336767,-2.798606606190997,10.425830392300234,16.217215321867883,16.496762171486264,13.28589476258067
05/17/2023 13:14:36.284993,4241,True,True,True,True,Eyes,2.104161,0.09487639,-2.078174,-0.7671391,-0.3524965,-0.5359513,0.0,0.0,0.0,0.0,0.0,0.0,0.0,3.042955,0.3560013,0.7806301,2.209595,0.095026,-2.259281,-0.1372878,0.8276693,-0.235221,-0.4907004,31.60798,241.3932,0.2413981,0.7160831,0.03321806,-0.6972216,0.0,0.0,0.0,1.433616,-0.2076645,-2.504562,0.1674218,0.1570146,0.8679591,-0.4807306,0.003588185,0.8768612,-0.4581038,0.8516463,-0.2546359,-0.7476893,-0.5241047,-0.4077687,moving,-5.986036316608596,10.876460313764243,10.917771899585409,10.25396482278484,-0.7759790000000002,-0.3026905,-0.24528099999999986,-0.10243255384857969,0.187699463061419,0.9768707492351598,-2.809254096528538,10.389226700083498,16.638301618895742,16.91526626589595,13.727692394333378
05/17/2023 13:14:36.295151,4242,True,True,True,True,Eyes,2.108405,0.09468257,-2.086412,-0.7735251,-0.3542506,-0.5255146,0.0,0.0,0.0,0.0,0.0,0.0,0.0,3.042405,0.3740599,0.8120265,2.213225,0.09425239,-2.268983,-0.1384357,0.824632,-0.2343113,-0.4958989,31.58355,242.1193,0.2739024,0.7155893,0.03310294,-0.6977341,0.0,0.0,0.0,1.431291,-0.2096046,-2.504378,0.1695874,0.1519853,0.8684409,-0.4698396,0.004072394,0.8827424,-0.4607064,0.8518676,-0.249141,-0.7529942,-0.5237414,-0.3983649,moving,-5.95251526265712,10.74810295360313,11.049552812850889,9.926766747888351,-0.7819339999999999,-0.30385699,-0.23539500000000002,-0.10190394323395263,0.18552069309009792,0.9773422233446537,-2.818797376927104,10.337562093922703,16.75688767162829,17.021895076842256,13.8744329542738
05/17/2023 13:14:36.315176,4243,True,True,True,True,Eyes,2.112628,0.09449874,-2.094677,-0.7797285,-0.3558239,-0.5151822,0.0,0.0,0.0,0.0,0.0,0.0,0.0,3.042228,0.3911774,0.8416317,2.216951,0.0939112,-2.278776,0.1394976,-0.8218381,0.2330863,0.5007928,31.52276,242.7917,0.280085,0.7150761,0.03298309,-0.6982658,0.0,0.0,0.0,1.429317,-0.2112525,-2.504222,0.1704094,0.1462567,0.8695272,-0.4594942,0.004167035,0.8881711,-0.4627448,0.8524224,-0.2433997,-0.7581111,-0.5228372,-0.3897549,moving,-5.883211060543537,10.593155672061817,11.088257701176225,9.547922580215442,-0.787634,-0.30516370000000004,-0.2254459999999998,-0.100772055012951,0.18289812143629286,0.9779535524879706,-2.817025227438411,10.273304406322165,16.754351846230534,17.003625029572973,13.924190178192323
05/17/2023 13:14:36.334669,4244,True,True,True,True,Eyes,2.116833,0.09427198,-2.103015,-0.785821,-0.3572698,-0.5048206,0.0,0.0,0.0,0.0,0.0,0.0,0.0,3.041772,0.4108778,0.872088,2.221218,0.09394142,-2.288908,0.1408167,-0.819031,0.2312604,0.5058433,31.41824,243.4622,0.2213303,0.7145465,0.03285968,-0.6988137,0.0,0.0,0.0,1.427281,-0.2129511,-2.504061,0.1715087,0.1395159,0.8705778,-0.4485863,0.003296589,0.8937334,-0.4646295,0.8533785,-0.2363565,-0.7634721,-0.5212812,-0.3812822,moving,-5.8251795281593495,10.395889872763258,11.144869992254415,9.104615426056998,-0.7939369999999999,-0.30689252,-0.21515299999999993,-0.09984418404351597,0.1795469191889854,0.9786696250215537,-2.8286890522238872,10.193476681100226,16.78737860766285,17.019106040624226,14.015918492994162
05/17/2023 13:14:36.345072,4245,True,True,True,True,Eyes,2.121009,0.09401113,-2.111389,-0.7917783,-0.3585747,-0.4944809,0.0,0.0,0.0,0.0,0.0,0.0,0.0,3.04056,0.4322204,0.9018176,2.225026,0.09266812,-2.299079,0.142208,-0.8161753,0.2293107,0.510932,31.30761,244.1349,0.1469371,0.7140009,0.03273171,-0.6993774,0.0,0.0,0.0,1.425197,-0.2146902,-2.503897,0.1718741,0.1319905,0.8718474,-0.4374511,0.002191149,0.8992397,-0.4664576,0.8543869,-0.2289983,-0.7688005,-0.5196327,-0.3727305,moving,-5.7767901658041705,10.199488196108579,11.152162803661245,8.608736110501985,-0.7998290000000001,-0.30735832,-0.20481799999999994,-0.09907841095722808,0.17620467415284524,0.9793546005327538,-2.844628838936522,10.114614047226953,16.790539406966147,17.00352730583374,14.077565295412759
05/17/2023 13:14:36.364455,4246,True,True,True,True,Eyes,2.125186,0.09371845,-2.119837,-0.7976038,-0.3598104,-0.4841123,0.0,0.0,0.0,0.0,0.0,0.0,0.0,3.039332,0.4543244,0.9300554,2.228919,0.09157275,-2.309218,0.1438615,-0.8133223,0.2276078,0.5157571,31.24055,244.7749,0.05154013,0.7134393,0.03259838,-0.6999566,0.0,0.0,0.0,1.423019,-0.2165079,-2.503725,0.1724019,0.1270021,0.8729391,-0.426597,0.0007691473,0.9044417,-0.4687922,0.8549971,-0.2218418,-0.7734657,-0.5186322,-0.3643786,moving,-5.703634858403981,10.050014433894473,11.171910587945442,8.277765809226912,-0.8058999999999998,-0.30808065,-0.1945070000000002,-0.09787264860172801,0.17366995106856206,0.9799284450843417,-2.8400158568607368,10.052213330586207,16.768121107990098,16.968349928600624,14.123836118445897
05/17/2023 13:14:36.384321,4247,True,True,True,True,Eyes,2.129344,0.09340055,-2.128337,-0.8032915,-0.360967,-0.4737357,0.0,0.0,0.0,0.0,0.0,0.0,0.0,3.037924,0.475893,0.9591095,2.233133,0.09051199,-2.31954,0.1454692,-0.8103375,0.2262497,0.5205796,31.20715,245.4316,359.9868,0.7128627,0.03245927,-0.7005504,0.0,0.0,0.0,1.420936,-0.2182462,-2.50356,0.1750862,0.1240888,0.8735201,-0.4156714,-0.000196193,0.9095151,-0.4713203,0.8552996,-0.2152207,-0.7778656,-0.5181338,-0.3556161,moving,-5.644537111990406,9.941498713828224,11.334034179870557,8.08511509861486,-0.8121970000000001,-0.30875819,-0.18401999999999985,-0.09689357825848743,0.17183022561265485,0.9803499021134804,-2.833906900905606,10.006518806802564,16.885930518981972,17.07975536240604,14.297634303554638
05/17/2023 13:14:36.394565,4248,True,True,True,True,Eyes,2.133514,0.09307282,-2.136916,-0.8088547,-0.3620418,-0.4633355,0.0,0.0,0.0,0.0,0.0,0.0,0.0,3.03591,0.4963119,0.9897454,2.237188,0.08958729,-2.330156,0.1469509,-0.8071278,0.2252971,0.5255392,31.20784,246.1304,359.9724,0.712272,0.03231425,-0.701158,0.0,0.0,0.0,1.418597,-0.220198,-2.503376,0.1784555,0.1228662,0.8737621,-0.4044283,-0.000411382,0.9145699,-0.4740213,0.8552933,-0.2092303,-0.7821394,-0.5181441,-0.3460998,moving,-5.61925866412623,9.875404000751132,11.543226152754649,8.004304764655911,-0.8185910000000001,-0.30978529,-0.1732199999999997,-0.0964801832847188,0.1707061009192811,0.9805870576149082,-2.8351255899183663,9.97938971771707,17.07207668153798,17.26417960521098,14.513371744974933
05/17/2023 13:14:36.414788,4249,True,True,True,True,Eyes,2.137692,0.09274566,-2.145568,-0.8143064,-0.3629912,-0.4529265,0.0,0.0,0.0,0.0,0.0,0.0,0.0,3.034275,0.5148367,1.019736,2.241637,0.08901691,-2.340701,0.1481214,-0.8041697,0.2239839,0.5302851,31.15368,246.7906,359.9546,0.7116679,0.03216366,-0.7017783,0.0,0.0,0.0,1.41662,-0.2218486,-2.503219,0.1813919,0.1238332,0.8738645,-0.3937153,-0.000678881,0.919232,-0.4757802,0.8557825,-0.203149,-0.7865247,-0.5173354,-0.3372576,moving,-5.559730308007969,9.763157851654704,11.726607797478287,8.065542680333058,-0.8250169999999999,-0.31086551,-0.16251799999999994,-0.09549312844692864,0.1688008785559749,0.9810133865441385,-2.8295445456239543,9.93222930881522,17.17670466336329,17.369495743028573,14.67535655459706
05/17/2023 13:14:36.434618,4250,True,True,True,True,Eyes,2.141868,0.09239131,-2.154307,-0.8196656,-0.363828,-0.4424674,0.0,0.0,0.0,0.0,0.0,0.0,0.0,3.031442,0.5360365,1.051594,2.246167,0.08868473,-2.35153,0.1494987,-0.801095,0.2219605,0.5353789,31.04424,247.4758,359.8756,0.7110509,0.03200812,-0.7024105,0.0,0.0,0.0,1.414465,-0.2236466,-2.503049,0.1840313,0.1269821,0.8742411,-0.3820393,-0.001859392,0.9241443,-0.4771911,0.8567674,-0.195546,-0.7914131,-0.5156996,-0.328206,moving,-5.533035591317689,9.59596152416267,11.887436928855667,8.264324589710391,-0.8317019999999997,-0.31233133,-0.15151899999999996,-0.09508281623844367,0.1659439877538883,0.9815405037259664,-2.849796882498216,9.866044168289314,17.274393765905156,17.471294163607702,14.824019900786533
05/17/2023 13:14:36.445450,4251,True,True,True,True,Eyes,2.14606,0.09197192,-2.163089,-0.8249051,-0.3645813,-0.431986,0.0,0.0,0.0,0.0,0.0,0.0,0.0,3.02714,0.5609161,1.083784,2.250334,0.08766085,-2.362436,0.1512044,-0.797908,0.2193501,0.5407084,30.90108,248.1723,359.7272,0.7104214,0.03184732,-0.7030545,0.0,0.0,0.0,1.412339,-0.2254209,-2.502881,0.1861874,0.1305575,0.874712,-0.3695432,-0.004085495,0.9292046,-0.4785033,0.8580455,-0.1865274,-0.7965378,-0.5135574,-0.3190398,moving,-5.529366677527067,9.393209068732558,12.016395281002987,8.489166230435465,-0.837995,-0.31308175,-0.1404449999999997,-0.09507568866285043,0.1624696871026179,0.9821222259524329,-2.887585624680295,9.787665574123427,17.367473816657625,17.569036859170076,14.960439411412016
05/17/2023 13:14:36.464511,4252,True,True,True,True,Eyes,2.150198,0.09161714,-2.171961,-0.8299898,-0.3653771,-0.4214456,0.0,0.0,0.0,0.0,0.0,0.0,0.0,3.023139,0.5834934,1.115641,2.255152,0.08566335,-2.373065,0.1525481,-0.7947188,0.2174303,0.5457797,30.80429,248.8651,359.658,0.7097812,0.03167988,-0.7037085,0.0,0.0,0.0,1.41021,-0.2271973,-2.502713,0.187838,0.1332102,0.8754478,-0.3577076,-0.005127659,0.9338198,-0.4798038,0.8589062,-0.1790765,-0.8011454,-0.5121072,-0.3096975,moving,-5.510165545645167,9.2418131038504,12.109901831873193,8.651894619540986,-0.8449419999999999,-0.31286064999999996,-0.12964799999999999,-0.09478718775876127,0.15987842562162613,0.9825752719895539,-2.9082152347512475,9.728060906738031,17.42504853994677,17.62993982424264,15.056625588243064
05/17/2023 13:14:36.484743,4253,True,True,True,True,Eyes,2.154313,0.0916213,-2.18088,-0.8348895,-0.3664817,-0.4106711,0.0,0.0,0.0,0.0,0.0,0.0,0.0,3.01864,0.6051571,1.145505,2.257999,0.08687645,-2.384214,0.1546998,-0.7911345,0.2170027,0.5505306,30.90997,249.5583,359.6098,0.7091287,0.03150852,-0.7043737,0.0,0.0,0.0,1.408053,-0.2289975,-2.502543,0.1894039,0.1337523,0.8766445,-0.345968,-0.005843495,0.9382281,-0.4837099,0.8579557,-0.1730227,-0.803947,-0.5136905,-0.2996517,moving,-5.483263202817973,9.276168707606582,12.191673471619495,8.674890134857725,-0.8499459999999999,-0.31587394999999996,-0.11832900000000013,-0.09431658594298953,0.16047478633089687,0.9825234300455441,-2.889125838206135,9.739537576842146,17.478520949370946,17.685161078356668,15.11833264612739
05/17/2023 13:14:36.494785,4254,True,True,True,True,Eyes,2.158476,0.09139001,-2.189952,-0.8396207,-0.3681418,-0.3993854,0.0,0.0,0.0,0.0,0.0,0.0,0.0,3.007925,0.6496303,1.178373,2.2616,0.0955625,-2.394623,0.1613324,-0.7859944,0.2174123,0.5558028,31.40657,250.3055,359.1987,0.708464,0.03134541,-0.7050495,0.0,0.0,0.0,1.405837,-0.2308468,-2.502368,0.1901918,0.1325249,0.8781775,-0.3301105,-0.01193612,0.943867,-0.4952894,0.8534075,-0.1624316,-0.8035643,-0.5211076,-0.2876306,moving,-5.552424730117847,9.631817081079474,12.220137624556106,8.581695356396095,-0.855763,-0.3264093,-0.10774499999999998,-0.09540503747683277,0.16655305033358014,0.9814061151009372,-2.8517518661011696,9.881133430702272,17.593016379349375,17.80355942746915,15.127801959555848
05/17/2023 13:14:36.515021,4255,True,True,True,True,Eyes,2.162599,0.09166928,-2.199076,-0.8439555,-0.3699912,-0.3883884,0.0,0.0,0.0,0.0,0.0,0.0,0.0,2.994757,0.6715783,1.234426,2.266876,0.08978985,-2.407613,0.1630595,-0.7776292,0.226645,0.5633263,32.42553,251.8748,0.1188259,0.7077872,0.03118199,-0.7057361,0.0,0.0,0.0,1.403704,-0.232627,-2.502199,0.1906365,0.1308585,0.8796397,-0.3121504,0.001750515,0.9500313,-0.5089499,0.8440872,-0.1687802,-0.8022047,-0.536203,-0.2625914,moving,-6.200461672942682,10.592207155800295,12.22810263056878,8.461479792339986,-0.8631719999999998,-0.32241685,-0.09458600000000006,-0.1061878855026211,0.18277836224092275,0.9774027453313489,-2.9634355673491473,10.293735486798123,18.31750138026322,18.55133368213874,15.301633695415457
05/17/2023 13:14:36.534784,4256,True,True,True,True,Eyes,2.16672,0.09201043,-2.208328,-0.8482904,-0.371883,-0.37697,0.0,0.0,0.0,0.0,0.0,0.0,0.0,3.00145,0.6846704,1.237963,2.270005,0.1023921,-2.417979,0.1669776,-0.7761914,0.2282204,0.5635254,32.85247,251.9202,359.8638,0.7070977,0.0310348,-0.7064335,0.0,0.0,0.0,1.401578,-0.2344016,-2.502032,0.1910165,0.1287757,0.8812748,-0.3091152,-0.001997068,0.9510224,-0.5164291,0.8400679,-0.1660933,-0.7985917,-0.5424777,-0.2607091,moving,-5.582837613104748,10.903323615796989,12.229694771025459,8.31347062373982,-0.8684269999999998,-0.3367937,-0.08405299999999993,-0.0955447504432585,0.18828705276314742,0.9774554392634289,-2.618182863716324,10.373148704562627,17.77520391868152,17.999823567361844,14.990054838221479
05/17/2023 13:14:36.545425,4257,True,True,True,True,Eyes,2.170823,0.09241033,-2.217618,-0.8526179,-0.3733228,-0.3656127,0.0,0.0,0.0,0.0,0.0,0.0,0.0,2.992688,0.7204602,1.269599,2.273955,0.1042325,-2.4301,0.1710875,-0.7715391,0.2281548,0.5686845,33.13751,252.6945,359.6917,0.7063952,0.03090421,-0.7071418,0.0,0.0,0.0,1.399443,-0.2361835,-2.501863,0.191679,0.1269847,0.8828332,-0.2946543,-0.004505166,0.9555935,-0.5234975,0.837349,-0.157471,-0.7994558,-0.5466502,-0.2490869,moving,-5.6403182708739665,11.081888486560425,12.249821655227537,8.185153122676821,-0.874512,-0.340416,-0.07176300000000024,-0.09646777073304758,0.19131529489959634,0.9767764687730849,-2.609906562685842,10.445733230513024,17.897841491684876,18.123139417437173,15.030693434908313
05/17/2023 13:14:36.564581,4258,True,True,True,True,Eyes,2.174878,0.09281375,-2.226922,-0.8568204,-0.3744473,-0.3544687,0.0,0.0,0.0,0.0,0.0,0.0,0.0,2.996561,0.7169203,1.288724,2.277644,0.1059625,-2.440342,0.1695832,-0.7707317,0.2259382,0.5711095,32.81829,253.0097,359.7726,0.7056809,0.03079049,-0.7078595,0.0,0.0,0.0,1.397332,-0.2379448,-2.501696,0.1917408,0.1274043,0.8841075,-0.290151,-0.003335343,0.956975,-0.5194772,0.840387,-0.1545744,-0.8037137,-0.5419766,-0.2455718,moving,-5.217389159694142,10.716744938364808,12.236522702502386,8.200156372824308,-0.880312,-0.3439073,-0.06135400000000013,-0.08936156310561272,0.18520982966989658,0.9786275428609752,-2.4860725532032357,10.27728765209806,17.422637568968405,17.63440549895385,14.86839888537643
05/17/2023 13:14:36.584883,4259,True,True,True,True,Eyes,2.178874,0.09316058,-2.23627,-0.8611261,-0.3751462,-0.3431141,0.0,0.0,0.0,0.0,0.0,0.0,0.0,2.995939,0.7283326,1.307216,2.280581,0.106401,-2.450012,0.1697476,-0.7696849,0.2215572,0.5741805,32.41107,253.3098,359.5333,0.704955,0.03069199,-0.7085869,0.0,0.0,0.0,1.395287,-0.2396512,-2.501535,0.1914688,0.1299246,0.8854393,-0.2830049,-0.006876663,0.9590938,-0.5157319,0.8441964,-0.1461269,-0.8086586,-0.5359899,-0.2424582,moving,-4.826148822304198,10.262788675402788,12.201857472771174,8.347703047006007,-0.8852940000000002,-0.34605220000000003,-0.051522999999999985,-0.08279588221480988,0.1775514752556231,0.9806224720132021,-2.3941379256140785,10.076692124023737,16.93309529976457,17.135359679598743,14.698043573827439
05/17/2023 13:14:36.594790,4260,True,True,True,True,Eyes,2.182805,0.0934624,-2.245642,-0.8654081,-0.3756351,-0.3316131,0.0,0.0,0.0,0.0,0.0,0.0,0.0,2.984294,0.750717,1.343225,2.283043,0.105299,-2.45977,0.1703647,-0.7667645,0.2158496,0.5800492,31.91439,254.0048,359.2675,0.7042179,0.03060543,-0.7093232,0.0,0.0,0.0,1.393017,-0.2415458,-2.501355,0.1911956,0.1336983,0.8868498,-0.2690375,-0.01085242,0.9630684,-0.511666,0.8487696,-0.1333718,-0.8159758,-0.5286514,-0.2339037,moving,-4.798632726078622,9.71659268344851,12.16616567909948,8.573146829639562,-0.8900260000000002,-0.3468448,-0.04158500000000043,-0.08246224114575801,0.16820002736511178,0.9822977581002742,-2.4878101961640695,9.864391733547556,16.80283095249297,17.003289486123748,14.710755329169011
05/17/2023 13:14:36.614391,4261,True,True,True,True,Eyes,2.186665,0.09375506,-2.255015,-0.8696496,-0.376073,-0.3198104,0.0,0.0,0.0,0.0,0.0,0.0,0.0,2.968057,0.7736016,1.387861,2.285408,0.1044756,-2.469812,0.1710659,-0.7625179,0.2117835,0.5868993,31.58577,254.9361,359.1733,0.7034692,0.03052813,-0.7100691,0.0,0.0,0.0,1.391004,-0.2432258,-2.501197,0.190913,0.137143,0.8882829,-0.2525715,-0.01229053,0.9675002,-0.5094728,0.8517684,-0.1221804,-0.8225845,-0.5237743,-0.2213941,moving,-4.949801533555349,9.346227948111194,12.129698659586657,8.77666259014227,-0.894404,-0.3477014,-0.031384999999999774,-0.08514587013689517,0.16181023860658056,0.9831417230176089,-2.6296033383101864,9.731567633077674,16.885716690119594,17.088994456799853,14.790160212321746
05/17/2023 13:14:36.635158,4262,True,True,True,True,Eyes,2.190458,0.09400393,-2.264413,-0.8737992,-0.3765144,-0.3077528,0.0,0.0,0.0,0.0,0.0,0.0,0.0,2.951088,0.793013,1.434049,2.287708,0.1045365,-2.479868,0.1717277,-0.7576342,0.2100097,0.5936295,31.47365,255.9536,359.2692,0.7027095,0.03045894,-0.7108239,0.0,0.0,0.0,1.38886,-0.2450148,-2.501027,0.1903797,0.1392482,0.8902311,-0.2362275,-0.01087761,0.9716371,-0.5095495,0.852811,-0.1143358,-0.8273792,-0.5221063,-0.2070001,moving,-5.143969578108396,9.204764753026932,12.071118962513339,8.890057196829892,-0.8988479999999999,-0.3495513,-0.021158999999999928,-0.08851320930079504,0.15933541631444556,0.9832484722200265,-2.7466439546247177,9.689777842509379,17.01124283236878,17.217964871243446,14.839327847973362
05/17/2023 13:14:36.645437,4263,True,True,True,True,Eyes,2.194194,0.09421879,-2.273821,-0.877798,-0.3770465,-0.295477,0.0,0.0,0.0,0.0,0.0,0.0,0.0,2.932649,0.8062238,1.484614,2.289876,0.1037327,-2.490022,0.1715963,-0.7519186,0.2108125,0.6006091,31.54394,257.142,359.6759,0.7019388,0.03039568,-0.7115877,0.0,0.0,0.0,1.38673,-0.2467922,-2.500859,0.1893534,0.1408637,0.8922881,-0.2196467,-0.0048211,0.9755674,-0.5112846,0.8522256,-0.1109031,-0.8308688,-0.5231522,-0.1896536,moving,-5.443275992972022,9.262181493495605,11.981058383478278,8.971129596791718,-0.903146,-0.3505249,-0.010836999999999986,-0.0936343876598843,0.16024528822130854,0.9826261234801758,-2.8734187028116036,9.731525822896096,17.213814823377454,17.426765037405037,14.873926580690954
05/17/2023 13:14:36.664569,4264,True,True,True,True,Eyes,2.197869,0.0944185,-2.283233,-0.881635,-0.3775968,-0.2830908,0.0,0.0,0.0,0.0,0.0,0.0,0.0,2.917416,0.8125368,1.53074,2.292259,0.1031438,-2.499921,0.1708874,-0.7465429,0.2132452,0.6066283,31.71696,258.2618,0.2405573,0.701158,0.03033674,-0.7123595,0.0,0.0,0.0,1.384607,-0.2485642,-2.500691,0.1889707,0.1418498,0.8947532,-0.2055995,0.003571528,0.9786298,-0.5138707,0.850648,-0.1110631,-0.8328661,-0.5257236,-0.1730575,moving,-5.649769651055831,9.442686777128209,11.925542032448138,9.008421470641702,-0.9076520000000001,-0.351708,-0.0007700000000001594,-0.09712609010811502,0.16328527282087368,0.9817863616591966,-2.933446930499371,9.814626358667962,17.36165716798259,17.58067595767378,14.880844039316901
05/17/2023 13:14:36.684821,4265,True,True,True,True,Eyes,2.201469,0.09462492,-2.29261,-0.8851735,-0.3782419,-0.270926,0.0,0.0,0.0,0.0,0.0,0.0,0.0,2.904991,0.8155011,1.571365,2.294468,0.1029856,-2.509584,0.1699673,-0.7418107,0.2157225,0.6117939,31.87181,259.254,0.7953526,0.7003663,0.03028116,-0.7131404,0.0,0.0,0.0,1.38247,-0.2503476,-2.500523,0.1885228,0.1423387,0.8971447,-0.1936387,0.01178831,0.9810021,-0.5161226,0.8491498,-0.1120806,-0.834339,-0.5280204,-0.158344,moving,-5.752139210281309,9.605096881368208,11.867266566224584,9.01525946287872,-0.9119980000000001,-0.3533332,0.009060999999999986,-0.09883399169058432,0.16603951408911097,0.9811537490839125,-2.949006252317833,9.883927640990308,17.40667053518565,17.629275881255577,14.841715690483449
05/17/2023 13:14:36.704248,4266,True,True,True,True,Eyes,2.204974,0.09487408,-2.30196,-0.8885161,-0.3789115,-0.2587766,0.0,0.0,0.0,0.0,0.0,0.0,0.0,2.896519,0.8126351,1.60581,2.296334,0.1033523,-2.518928,0.1685624,-0.7379014,0.218385,0.6159517,32.00179,260.0985,1.369262,0.6995654,0.03022898,-0.7139282,0.0,0.0,0.0,1.380227,-0.2522192,-2.500345,0.1884586,0.1427505,0.8999285,-0.1843808,0.02026446,0.9826459,-0.517794,0.8477894,-0.1146407,-0.8353999,-0.5299457,-0.1458233,moving,-5.713979698377738,9.747976817090347,11.827677490865245,9.013404374706624,-0.9161069999999998,-0.3555715,0.018583000000000016,-0.09813900286700605,0.16849738219664118,0.9808045074367107,-2.9035964813115265,9.936490200950225,17.33309192486975,17.5570308884512,14.760166675412057
05/17/2023 13:14:36.714984,4267,True,True,True,True,Eyes,2.208389,0.09514066,-2.31124,-0.8915354,-0.3797422,-0.2469019,0.0,0.0,0.0,0.0,0.0,0.0,0.0,2.889371,0.8077766,1.636523,2.297546,0.1046314,-2.527748,0.1672558,-0.7341991,0.2217769,0.6195098,32.20093,260.8853,1.976714,0.6987557,0.0301813,-0.7147226,0.0,0.0,0.0,1.378118,-0.2539793,-2.500179,0.1880677,0.1434374,0.9025723,-0.1764666,0.02918772,0.9838738,-0.520384,0.8456811,-0.1184235,-0.8355001,-0.5328899,-0.1340456,moving,-5.632154124778338,9.953483743488183,11.770223881400344,9.02996968101924,-0.9194280000000001,-0.3586107,0.027568999999999733,-0.0966781308447549,0.172038922595692,0.9803346389198373,-2.8258656775915942,10.010325939160559,17.200811598230178,17.426865423635697,14.628975658158376
05/17/2023 13:14:36.734938,4268,True,True,True,True,Eyes,2.211702,0.09543257,-2.32045,-0.8943413,-0.380679,-0.2350256,0.0,0.0,0.0,0.0,0.0,0.0,0.0,2.882066,0.8031317,1.66592,2.298826,0.1053155,-2.535926,0.1660067,-0.7304257,0.2258717,0.6228179,32.46259,261.6753,2.638618,0.6979375,0.03013827,-0.7155234,0.0,0.0,0.0,1.376095,-0.255668,-2.500019,0.1883369,0.144463,0.9051653,-0.1690791,0.03884279,0.9848368,-0.5238649,0.8428476,-0.123181,-0.834852,-0.5367488,-0.1221596,moving,-5.540626729289159,10.219133449008368,11.753776693946653,9.06784398106619,-0.922731,-0.3609835,0.03590699999999991,-0.09503381934686689,0.1766104198465644,0.9796822073325704,-2.7319522010069135,10.106703920423195,17.1025556498649,17.332681766092204,14.522932609899886
05/17/2023 13:14:36.744483,4269,True,True,True,True,Eyes,2.214901,0.09576249,-2.329582,-0.8968772,-0.3817458,-0.2233417,0.0,0.0,0.0,0.0,0.0,0.0,0.0,2.871457,0.8105386,1.693259,2.299664,0.1062377,-2.543545,0.1664286,-0.7263591,0.2289976,0.6263101,32.76133,262.4431,3.072476,0.6971115,0.03010033,-0.7163298,0.0,0.0,0.0,1.373928,-0.2574764,-2.499848,0.189109,0.1445611,0.9081694,-0.1600749,0.04507322,0.9860754,-0.5286207,0.8397233,-0.1241972,-0.8336284,-0.5411407,-0.1105919,moving,-5.477369049922305,10.491489722882292,11.762668095135696,9.044380958859428,-0.9257359999999999,-0.3637141,0.043696999999999875,-0.09387098327514892,0.1812854461751895,0.9789401964167115,-2.6497627699409665,10.207519678998118,17.067585336624877,17.3006648582617,14.459289578776003
05/17/2023 13:14:36.764309,4270,True,True,True,True,Eyes,2.218007,0.09611147,-2.338664,-0.8992635,-0.3828107,-0.2116154,0.0,0.0,0.0,0.0,0.0,0.0,0.0,2.854295,0.8335953,1.72299,2.300119,0.1074953,-2.551172,0.1686364,-0.7218023,0.2293467,0.6308434,32.94627,263.2336,3.136751,0.6962788,0.03006829,-0.7171406,0.0,0.0,0.0,1.371718,-0.2593204,-2.499673,0.1907132,0.143791,0.911559,-0.1471968,0.04591943,0.9880407,-0.532808,0.8379238,-0.1183196,-0.8333359,-0.5438522,-0.0988735,moving,-5.50435767133849,10.616107119491291,11.81677818790536,8.964079531672478,-0.928401,-0.3668157,0.051499000000000184,-0.09429434943567155,0.18340681201579995,0.9785041997633964,-2.6379368345578733,10.25731473476058,17.16598817595364,17.399739728090694,14.51245133225709
05/17/2023 13:14:36.785046,4271,True,True,True,True,Eyes,2.221007,0.09644976,-2.347686,-0.9014658,-0.3837948,-0.2001522,0.0,0.0,0.0,0.0,0.0,0.0,0.0,2.834756,0.865046,1.752445,2.300928,0.1083166,-2.559142,0.1716535,-0.7174422,0.227132,0.6357852,32.96848,263.9533,2.904473,0.695439,0.03004221,-0.717956,0.0,0.0,0.0,1.36965,-0.2610463,-2.49951,0.1926095,0.1425019,0.9154958,-0.1326245,0.04251137,0.9902543,-0.5351172,0.8378924,-0.1076386,-0.8343024,-0.5441777,-0.08837654,moving,-5.54227429992934,10.55522355824177,11.881079419023427,8.847402127062308,-0.9312779999999998,-0.3693629,0.05963200000000013,-0.09496076353669902,0.18235532700946702,0.9786362594658535,-2.6672683866477738,10.23633656020057,17.276444024156497,17.506853196863826,14.614498374365613
05/17/2023 13:14:36.794887,4272,True,True,True,True,Eyes,2.223909,0.09677345,-2.35668,-0.9035478,-0.384702,-0.1886952,0.0,0.0,0.0,0.0,0.0,0.0,0.0,2.814373,0.8971206,1.781595,2.301398,0.1083851,-2.567375,0.1745846,-0.7132157,0.2239714,0.6408436,32.90465,264.6479,2.59608,0.694593,0.03002126,-0.7187754,0.0,0.0,0.0,1.367341,-0.2629731,-2.499328,0.1943439,0.1420749,0.9188299,-0.1176796,0.03802824,0.9923233,-0.5360941,0.8387141,-0.09571695,-0.8359155,-0.5432425,-0.07831274,moving,-5.573922187926203,10.405839742224195,11.942746886946962,8.789800314837626,-0.9340569999999999,-0.3713582,0.06804699999999997,-0.09554714001896952,0.17979305412646338,0.9790532855335066,-2.710943281403408,10.18084063732335,17.36381533372006,17.59105678773978,14.719566186840884
05/17/2023 13:14:36.814743,4273,True,True,True,True,Eyes,2.226714,0.09704106,-2.365609,-0.9054505,-0.3855259,-0.177565,0.0,0.0,0.0,0.0,0.0,0.0,0.0,2.796519,0.9239146,1.808604,2.301899,0.1083601,-2.575791,0.1768871,-0.7094472,0.2209367,0.6454323,32.80783,265.2768,2.333079,0.6937397,0.03000453,-0.7195997,0.0,0.0,0.0,1.365349,-0.264636,-2.499171,0.1963212,0.1424168,0.9218978,-0.1042567,0.03421526,0.9939619,-0.5361834,0.8397959,-0.08514863,-0.8376385,-0.5418231,-0.06920876,moving,-5.555532445228799,10.233030863025203,12.021748320462466,8.781758988900586,-0.9365500000000002,-0.3729961,0.07662000000000013,-0.09528464022353145,0.17684380596348354,0.9796158749101008,-2.736116379153181,10.113036907619614,17.412477840688247,17.63709128990847,14.817789018238534
05/17/2023 13:14:36.835609,4274,True,True,True,True,Eyes,2.229422,0.09724171,-2.374515,-0.9072006,-0.3863717,-0.166445,0.0,0.0,0.0,0.0,0.0,0.0,0.0,2.779314,0.9504137,1.833626,2.302382,0.1072738,-2.584102,0.179153,-0.7056802,0.218544,0.649737,32.76871,265.8972,2.122535,0.6928807,0.02998997,-0.7204275,0.0,0.0,0.0,1.363274,-0.2663678,-2.499007,0.198418,0.1433682,0.9253665,-0.09149203,0.03114281,0.9953188,-0.5368418,0.8402855,-0.07563966,-0.8387074,-0.5412491,-0.06016069,moving,-5.5192532968381665,10.121735880236644,12.102167261522494,8.806886969473695,-0.939108,-0.3736416,0.08509499999999992,-0.09469686677378891,0.17495044413506838,0.9800126543807582,-2.7410660389040444,10.067767113237682,17.44656113865557,17.67040718695385,14.896690691151159
05/17/2023 13:14:36.844518,4275,True,True,True,True,Eyes,2.232025,0.09740651,-2.383373,-0.9087815,-0.3871843,-0.1555776,0.0,0.0,0.0,0.0,0.0,0.0,0.0,2.76288,0.9773102,1.856398,2.302714,0.1058873,-2.592518,0.1816237,-0.7017937,0.2171536,0.6537147,32.83722,266.5199,1.977152,0.6920153,0.02997538,-0.7212595,0.0,0.0,0.0,1.361114,-0.26817,-2.498836,0.2001865,0.1445831,0.9289618,-0.07933999,0.02898814,0.996426,-0.5388377,0.8397143,-0.06733377,-0.8386651,-0.5422541,-0.05100298,moving,-5.486938730932878,10.12626414702972,12.160978484732434,8.846507515151158,-0.9416,-0.37405730000000004,0.09368200000000027,-0.09414265224859386,0.1750371324809607,0.9800505343149115,-2.725290022067545,10.067393940547053,17.46893663969033,17.69425779985737,14.936249653787286
05/17/2023 13:14:36.864988,4276,True,True,True,True,Eyes,2.234528,0.09753711,-2.392217,-0.9102103,-0.3880301,-0.1447413,0.0,0.0,0.0,0.0,0.0,0.0,0.0,2.746833,1.001474,1.879148,2.302748,0.1052176,-2.60106,0.1838938,-0.6977872,0.2165796,0.6575481,32.96257,267.1685,1.925104,0.6911433,0.02995977,-0.7220958,0.0,0.0,0.0,1.35897,-0.2699594,-2.498667,0.2025561,0.1448406,0.9332262,-0.06762724,0.02818552,0.9973126,-0.5414605,0.8385527,-0.06041484,-0.838002,-0.544091,-0.04144771,moving,-5.46421243801447,10.194069958908491,12.246061647545712,8.822156391779604,-0.9437779999999998,-0.375177,0.10239299999999973,-0.09373410737303234,0.1762036850541117,0.979880794355172,-2.701612032091769,10.092035625123629,17.53707956065747,17.76333175452558,15.001517979864756
05/17/2023 13:14:36.884521,4277,True,True,True,True,Eyes,2.236922,0.09762511,-2.401016,-0.9114958,-0.3888031,-0.1341922,0.0,0.0,0.0,0.0,0.0,0.0,0.0,2.733002,1.0216,1.900246,2.302784,0.1045432,-2.609628,0.1856889,-0.6941274,0.2162487,0.661017,33.07218,267.7714,1.921965,0.6902646,0.02994227,-0.7229366,0.0,0.0,0.0,1.356893,-0.2716926,-2.498503,0.204584,0.1443338,0.9378667,-0.05715263,0.0281046,0.9979699,-0.5436715,0.8375123,-0.05472126,-0.8373501,-0.5456952,-0.03258638,moving,-5.4078839868304005,10.255476359167787,12.30559792487616,8.74894420502925,-0.945891,-0.3762358,0.11112499999999992,-0.09275266800009757,0.17727011081591137,0.9797817312637891,-2.663692383369188,10.112008350647534,17.55272151083327,17.777431776491472,15.031220715484096
05/17/2023 13:14:36.895155,4278,True,True,True,True,Eyes,2.23921,0.0976799,-2.409806,-0.9126461,-0.3895877,-0.1236876,0.0,0.0,0.0,0.0,0.0,0.0,0.0,2.719799,1.038689,1.921201,2.302508,0.1036313,-2.618188,0.1870623,-0.6905552,0.2161436,0.664397,33.16728,268.3764,1.975561,0.6893789,0.02992188,-0.723782,0.0,0.0,0.0,1.354599,-0.2736075,-2.498322,0.2062232,0.1439739,0.942372,-0.04716893,0.02885669,0.9984701,-0.5455639,0.8365793,-0.04995098,-0.8367408,-0.5470853,-0.02371748,moving,-5.346745184295615,10.306728066737714,12.34368987523597,8.686378346346554,-0.9479089999999999,-0.3772388,0.11986600000000003,-0.09169207837325044,0.17816405025287724,0.9797194681087766,-2.6255328842138677,10.12775226190649,17.541467734704373,17.764487772290988,15.038456994867778
05/17/2023 13:14:36.914884,4279,True,True,True,True,Eyes,2.241387,0.09770768,-2.41856,-0.9136771,-0.3902774,-0.1134799,0.0,0.0,0.0,0.0,0.0,0.0,0.0,2.707185,1.055464,1.941193,2.302212,0.1028976,-2.626846,0.1884352,-0.6871395,0.215839,0.6676415,33.24616,268.9492,2.003856,0.688486,0.02989798,-0.7246324,0.0,0.0,0.0,1.352578,-0.2752939,-2.498162,0.2078907,0.1454318,0.9466838,-0.03749408,0.02924356,0.9988688,-0.5471686,0.8358114,-0.04500857,-0.8361822,-0.5482373,-0.01533678,moving,-5.278113828286222,10.345397370975121,12.385495073157061,8.733635899050485,-0.9496339999999999,-0.3781915,0.1286839999999998,-0.09050709800786283,0.17884468480943888,0.9797055800824996,-2.5863699886904716,10.138155926137348,17.512487970089456,17.73699113337792,15.037600205373826
05/17/2023 13:14:36.934953,4280,True,True,True,True,Eyes,2.243451,0.09768407,-2.427311,-0.9145838,-0.3909839,-0.1032861,0.0,0.0,0.0,0.0,0.0,0.0,0.0,2.693782,1.073825,1.960652,2.301638,0.1022879,-2.635473,0.1900433,-0.6836988,0.2152265,0.6709077,33.31923,269.5117,1.983994,0.6875858,0.02987022,-0.7254878,0.0,0.0,0.0,1.350463,-0.277059,-2.497995,0.209353,0.1464304,0.9506558,-0.02753291,0.02892949,0.9992021,-0.548659,0.8351222,-0.03929717,-0.8355927,-0.5493032,-0.007120908,moving,-5.209956638053895,10.37290435414587,12.419416964853646,8.756504262918385,-0.9511750000000001,-0.3793469,0.1374780000000002,-0.08933351777716636,0.17933408449300714,0.979723820510388,-2.549599161885629,10.144288863819504,17.47836983321296,17.703320673981295,15.033209567523455
05/17/2023 13:14:36.945509,4281,True,True,True,True,Eyes,2.24541,0.09761937,-2.436055,-0.9153861,-0.3916008,-0.09336529,0.0,0.0,0.0,0.0,0.0,0.0,0.0,2.679579,1.091402,1.981313,2.300904,0.1010705,-2.644338,0.1914289,-0.6800494,0.214877,0.6743262,33.39618,270.1219,2.020261,0.6866773,0.02983751,-0.7263493,0.0,0.0,0.0,1.348375,-0.2788011,-2.49783,0.2085204,0.1495901,0.9586042,-0.01727839,0.02943215,0.9994175,-0.5501565,0.8343657,-0.0340828,-0.8348828,-0.550425,0.001775794,moving,-5.192318869138968,10.414448740369304,12.27208926573196,8.869467767055973,-0.952529,-0.37987160000000003,0.14650799999999986,-0.0890200926197326,0.18004949617229077,0.9796211400580899,-2.5333801546148247,10.159143312220213,17.305266304726032,17.53261297437567,14.861533829609192
05/17/2023 13:14:36.964645,4282,True,True,True,True,Eyes,2.247236,0.09752823,-2.444806,-0.9160854,-0.3922064,-0.08343737,0.0,0.0,0.0,0.0,0.0,0.0,0.0,2.666339,1.108101,2.000699,2.300277,0.100022,-2.653068,0.1927471,-0.6766547,0.2143251,0.6775336,33.45168,270.6849,2.031607,0.6857605,0.02979924,-0.7272165,0.0,0.0,0.0,1.346143,-0.2806644,-2.497654,0.2012176,0.1711086,0.9608993,-0.007593574,0.0295784,0.9995336,-0.5512713,0.8338267,-0.02886283,-0.8342914,-0.5512334,0.009974026,moving,-5.13549295010815,10.433311588564397,11.827151678003714,10.096900233561634,-0.9541339999999998,-0.3806864,0.15541400000000039,-0.08804292048439277,0.1803877367805076,0.9796472954989577,-2.5035152627595583,10.162687710916444,16.703404533895952,16.96598023632549,14.330817944529967
05/17/2023 13:14:36.984730,4283,True,True,True,True,Eyes,2.248939,0.09739706,-2.45359,-0.9167267,-0.3926775,-0.07359707,0.0,0.0,0.0,0.0,0.0,0.0,0.0,2.650798,1.124161,2.022385,2.298851,0.09926592,-2.661943,0.1939308,-0.6729709,0.2135205,0.6811095,33.47427,271.3054,2.050255,0.6848333,0.02975522,-0.7280915,0.0,0.0,0.0,1.344098,-0.2823704,-2.497492,0.2113619,0.1681454,0.9688766,0.003038547,0.02984199,0.99955,-0.5518812,0.8335996,-0.02320982,-0.8339171,-0.5515624,0.01900213,moving,-5.1368562871663395,10.428001896524476,12.306358562948637,9.84543560453312,-0.954753,-0.38163632000000003,0.16445100000000012,-0.08806772226933163,0.18029654234534592,0.9796617902747508,-2.505177544707843,10.160730796944389,17.192738674634068,17.452940376676825,14.814891593486916
05/17/2023 13:14:36.994627,4284,True,True,True,True,Eyes,2.25052,0.09723884,-2.46238,-0.9172918,-0.3930799,-0.06374831,0.0,0.0,0.0,0.0,0.0,0.0,0.0,2.635445,1.136456,2.045752,2.297574,0.09814622,-2.670904,0.194479,-0.669341,0.2127453,0.6847627,33.44541,271.9451,2.13014,0.6838958,0.02970497,-0.7289742,0.0,0.0,0.0,1.341947,-0.2841654,-2.497322,0.2121327,0.1732645,0.9741607,0.01344403,0.03101451,0.9994286,-0.5517055,0.8338348,-0.01845437,-0.8339306,-0.5511422,0.02832101,moving,-5.145878123426384,10.380864657644302,12.284913619868949,10.085180423738116,-0.955627,-0.38231162,0.17358200000000013,-0.08823524018273649,0.17948783432713927,0.9797951627138981,-2.518514373140099,10.143156140439434,17.165337731413477,17.433299457197236,14.803541519782721
05/17/2023 13:14:37.014870,4285,True,True,True,True,Eyes,2.251975,0.09704006,-2.471182,-0.9177917,-0.3933887,-0.05388677,0.0,0.0,0.0,0.0,0.0,0.0,0.0,2.619997,1.147081,2.069667,2.296155,0.0973227,-2.679906,0.1948073,-0.6657981,0.2116894,0.6884409,33.37465,272.5756,2.200637,0.682947,0.02964842,-0.7298654,0.0,0.0,0.0,1.339696,-0.286044,-2.497145,0.2190954,0.1665856,0.980249,0.02380101,0.03206653,0.9992025,-0.5508758,0.8344755,-0.01365816,-0.8342479,-0.5501114,0.03752604,moving,-5.148471503764776,10.296974419978044,12.59909753151075,9.64482254104543,-0.9564590000000002,-0.3833667,0.18276099999999973,-0.08830300680976216,0.1780520053633528,0.9800510804198203,-2.536044743551237,10.110995966836567,17.50457746076449,17.75954697437595,15.142319813994234
05/17/2023 13:14:37.034949,4286,True,True,True,True,Eyes,2.25328,0.09681237,-2.480062,-0.9183459,-0.3932942,-0.04427583,0.0,0.0,0.0,0.0,0.0,0.0,0.0,2.603906,1.15708,2.09432,2.29453,0.09612935,-2.689095,0.19496,-0.662255,0.2102557,0.6922438,33.2577,273.2095,2.252767,0.6819858,0.02958506,-0.7307661,0.0,0.0,0.0,1.337719,-0.2876939,-2.496989,0.2244897,0.1604351,0.9850742,0.03442166,0.03286989,0.9988667,-0.5493229,0.8355663,-0.008566093,-0.8349009,-0.5484055,0.0468178,moving,-5.173704581049173,10.19056591103042,12.837954673755888,9.250316117460956,-0.9568109999999999,-0.38382325,0.1921059999999999,-0.0887642683804164,0.17622429894328706,0.9803396197458693,-2.5683948358351714,10.071641645053997,17.793502230336728,18.036184152572634,15.428226755980504
05/17/2023 13:14:37.044774,4287,True,True,True,True,Eyes,2.254432,0.0965454,-2.489007,-0.9188779,-0.3929929,-0.0349271,0.0,0.0,0.0,0.0,0.0,0.0,0.0,2.590102,1.162709,2.11768,2.292325,0.09514225,-2.698385,0.194604,-0.659265,0.2081648,0.6958207,33.04452,273.7619,2.263004,0.6810103,0.0295148,-0.7316781,0.0,0.0,0.0,1.335499,-0.289547,-2.496813,0.2235349,0.1546336,0.9905738,0.04407424,0.03309955,0.9984798,-0.5462819,0.8375935,-0.003652529,-0.836441,-0.5452905,0.05499796,moving,-5.148221885813347,9.99749112761351,12.716482439188697,8.872553423644625,-0.956826,-0.38468925,0.20157200000000008,-0.08838072781387435,0.17292569034491767,0.9809615025285416,-2.5942448447018265,9.995562744661104,17.67503224787874,17.900087861727314,15.351857213274217
05/17/2023 13:14:37.064658,4288,True,True,True,True,Eyes,2.255439,0.09622177,-2.497972,-0.9193828,-0.3925272,-0.02564444,0.0,0.0,0.0,0.0,0.0,0.0,0.0,2.576977,1.168132,2.139983,2.289921,0.09387976,-2.707826,0.1942196,-0.6565012,0.2055758,0.6993023,32.78975,274.2684,2.216175,0.6800193,0.02943729,-0.7326025,0.0,0.0,0.0,1.33332,-0.2913655,-2.496641,0.2193787,0.1511762,0.9964445,0.05348978,0.03250838,0.9980391,-0.54253,0.8400347,0.001715011,-0.8383316,-0.541558,0.06257001,moving,-5.09513668568859,9.768253777653548,12.416243448287712,8.626876358651636,-0.956601,-0.38524526000000003,0.21118499999999996,-0.08753212888039019,0.1690122599298068,0.9817193872923563,-2.6144139849510486,9.903737856338093,17.338869801547766,17.5485377342167,15.084794932634972
05/17/2023 13:14:37.084634,4289,True,True,True,True,Eyes,2.256301,0.09583533,-2.506962,-0.9198539,-0.3919035,-0.01674793,0.0,0.0,0.0,0.0,0.0,0.0,0.0,2.566252,1.171247,2.160381,2.287389,0.09216005,-2.717364,0.1935616,-0.6540803,0.2030741,0.7024771,32.52031,274.7229,2.181746,0.6790117,0.0293517,-0.7335401,0.0,0.0,0.0,1.331294,-0.2930557,-2.496481,0.2141143,0.1501686,1.002341,0.06187992,0.03210017,0.9975674,-0.5385193,0.8425897,0.006291615,-0.840338,-0.5375986,0.06942597,moving,-5.01442447926014,9.535378467397893,12.057967823428692,8.520560040166442,-0.9560950000000001,-0.38521574999999997,0.22088299999999972,-0.08620792367292551,0.16503986876470472,0.982512126861993,-2.6225577974632133,9.8086999225915,16.904355731644714,17.1025271634679,14.736931053050283
05/17/2023 13:14:37.094980,4290,True,True,True,True,Eyes,2.257007,0.09538585,-2.515973,-0.9202725,-0.3911977,-0.007926297,0.0,0.0,0.0,0.0,0.0,0.0,0.0,2.557829,1.175223,2.177419,2.284791,0.09020932,-2.726973,0.1931453,-0.6519269,0.2008167,0.7052369,32.29387,275.1156,2.129703,0.6779867,0.02925707,-0.7344914,0.0,0.0,0.0,1.329119,-0.2948711,-2.496309,0.2068156,0.1522174,1.007986,0.06932806,0.03141356,0.9970993,-0.53508,0.844735,0.0105907,-0.8419521,-0.534262,0.07537259,moving,-4.882669846133743,9.349183874504547,11.594861317429613,8.587432251005213,-0.9556719999999999,-0.38508042,0.23066399999999998,-0.08399296204333079,0.16187684889490495,0.9832298861633102,-2.5980857440802145,9.728306145991153,16.30407890867971,16.495129547296845,14.238726752595571
05/17/2023 13:14:37.114722,4291,True,True,True,True,Eyes,2.257555,0.09488919,-2.524983,-0.9206011,-0.3905038,0.0005925178,0.0,0.0,0.0,0.0,0.0,0.0,0.0,2.549035,1.180336,2.193627,2.281728,0.08822525,-2.73655,0.1929567,-0.6495485,0.1991731,0.7079439,32.13733,275.5373,2.120874,0.6769439,0.02915264,-0.7354568,0.0,0.0,0.0,1.326941,-0.2966886,-2.496137,0.2007439,0.1555118,1.013527,0.07683357,0.0313373,0.9965515,-0.5326763,0.8461956,0.01445981,-0.8428243,-0.5319502,0.08170885,moving,-4.7871565330577095,9.235559979359572,11.203272015627617,8.723219098962694,-0.9547870000000003,-0.38491385,0.24041299999999977,-0.08238002136908473,0.15994828799574468,0.9836818751300918,-2.5761869579662235,9.678255862020132,15.810508935750574,15.998634265097023,13.81251551397308
05/17/2023 13:14:37.134866,4292,True,True,True,True,Eyes,2.257942,0.09433255,-2.534009,-0.9208614,-0.3897857,0.009026909,0.0,0.0,0.0,0.0,0.0,0.0,0.0,2.541278,1.187144,2.207374,2.278384,0.08656327,-2.746157,0.1931529,-0.6472829,0.1976358,0.7103921,32.02446,275.9193,2.078452,0.6758825,0.02903809,-0.7364369,0.0,0.0,0.0,1.324909,-0.2983845,-2.495977,0.1963613,0.158063,1.018718,0.08392992,0.03074867,0.9959971,-0.530847,0.8472641,0.01857601,-0.8433014,-0.5302811,0.08743364,moving,-4.664076825441904,9.164340633494787,10.910148293839216,8.819614449416326,-0.9534750000000001,-0.38494777,0.2501800000000003,-0.08028243837207977,0.15875270862742014,0.9840489838483827,-2.5333254193303185,9.642740673839237,15.392815076863421,15.57803980634394,13.468649607811951
05/17/2023 13:14:37.145488,4293,True,True,True,True,Eyes,2.258162,0.09373425,-2.543051,-0.9210392,-0.3890826,0.01736457,0.0,0.0,0.0,0.0,0.0,0.0,0.0,2.533334,1.195723,2.21992,2.274878,0.08455932,-2.755606,0.193601,-0.6449495,0.1963043,0.7127576,31.95101,276.3005,2.033566,0.674802,0.02891287,-0.737432,0.0,0.0,0.0,1.322638,-0.3002798,-2.495797,0.1940804,0.1593271,1.023956,0.09100953,0.03010903,0.9953948,-0.5295606,0.8479665,0.02276848,-0.8433759,-0.5291939,0.09311753,moving,-4.545559903892484,9.131388299926414,10.732515292263116,8.844276078437156,-0.9522400000000002,-0.38483912,0.2598090000000002,-0.07825362294255117,0.15821232502107388,0.9842993632825715,-2.485115615492652,9.622272183684425,15.09871453939398,15.280772726767239,13.240507722645704
05/17/2023 13:14:37.164522,4294,True,True,True,True,Eyes,2.258212,0.09307948,-2.552112,-0.9211049,-0.3884777,0.025513,0.0,0.0,0.0,0.0,0.0,0.0,0.0,2.525682,1.207559,2.23007,2.271095,0.0828848,-2.765093,0.194631,-0.6426356,0.1949753,0.7149287,31.93053,276.6497,1.933429,0.6737016,0.02877697,-0.7384426,0.0,0.0,0.0,1.32052,-0.3020471,-2.49563,0.1921417,0.1607048,1.028715,0.09800833,0.02863334,0.9947737,-0.5289404,0.8482068,0.02769843,-0.8429807,-0.5288907,0.09827664,moving,-4.415676031914272,9.141112248916286,10.579707337167022,8.878923749059046,-0.950575,-0.3849319,0.269463,-0.07601971592278356,0.1584068355092489,0.9844431677985607,-2.423356718284688,9.617505428572757,14.81785497910273,14.997675326368991,13.024023100697171
05/17/2023 13:14:37.184815,4295,True,True,True,True,Eyes,2.258096,0.09237953,-2.561179,-0.9210286,-0.3880447,0.03357758,0.0,0.0,0.0,0.0,0.0,0.0,0.0,2.516447,1.223113,2.239517,2.267073,0.08088507,-2.774488,0.1961473,-0.6400634,0.1937169,0.7171603,31.95954,277.02,1.80737,0.6725805,0.02862995,-0.7394696,0.0,0.0,0.0,1.318391,-0.3038241,-2.495462,0.1897294,0.1637889,1.033181,0.1055852,0.02675863,0.9940502,-0.5289454,0.848,0.03335597,-0.8420621,-0.5293202,0.1036901,moving,-4.31342956621335,9.187908417113931,10.40564385116481,9.008066223104876,-0.9486819999999998,-0.38470917,0.279026,-0.07425282641047304,0.15923206178776744,0.9844447639982545,-2.3671176494166137,9.62883751725235,14.539453295973296,14.720172060166767,12.787837712075193
05/17/2023 13:14:37.195053,4296,True,True,True,True,Eyes,2.257813,0.09164459,-2.570254,-0.9208891,-0.3875991,0.0415962,0.0,0.0,0.0,0.0,0.0,0.0,0.0,2.506064,1.241317,2.248334,2.262863,0.07918803,-2.783777,0.198059,-0.6375002,0.1918161,0.7194254,31.97458,277.3644,1.585404,0.6714385,0.02847178,-0.7405128,0.0,0.0,0.0,1.316276,-0.3055892,-2.495295,0.186431,0.1680263,1.037301,0.1136002,0.02346943,0.9932493,-0.5285199,0.8479584,0.04041172,-0.8412858,-0.5295429,0.1087323,moving,-4.205625721984774,9.215109292522358,10.188822310735555,9.201087132931772,-0.9465869999999998,-0.38477723,0.2884820000000001,-0.07239464371660664,0.15972129920539307,0.9845040186892824,-2.3121326802095625,9.632253540908927,14.211966052431936,14.394454862468592,12.508388391675547
05/17/2023 13:14:37.214848,4297,True,True,True,True,Eyes,2.257308,0.09094105,-2.579383,-0.9206535,-0.3872161,0.04960888,0.0,0.0,0.0,0.0,0.0,0.0,0.0,2.492557,1.259874,2.260155,2.258567,0.07762092,-2.793077,0.1998786,-0.6347495,0.1889088,0.7221186,31.9036,277.7366,1.288066,0.6702754,0.0283028,-0.7415721,0.0,0.0,0.0,1.314115,-0.3073924,-2.495124,0.181462,0.1710749,1.041768,0.1228131,0.01908333,0.9922463,-0.5265747,0.848724,0.04885259,-0.841211,-0.5284916,0.1142832,moving,-4.137285061688085,9.1477311166256,9.881018348004838,9.325646281025346,-0.9444520000000003,-0.38501332,0.2979529999999997,-0.07123362399942584,0.15857674456679755,0.9847737826682935,-2.2937532536640144,9.60180697922992,13.83892851643533,14.01943238123183,12.177903279466264
05/17/2023 13:14:37.234658,4298,True,True,True,True,Eyes,2.256538,0.09056947,-2.58851,-0.920312,-0.3869281,0.05755394,0.0,0.0,0.0,0.0,0.0,0.0,0.0,2.480239,1.274362,2.271396,2.252872,0.07767287,-2.802384,0.2014442,-0.6322011,0.1858791,0.7247008,31.80294,278.0821,0.9915618,0.669089,0.02812513,-0.7426496,0.0,0.0,0.0,1.312148,-0.309034,-2.494969,0.1769415,0.1725109,1.046383,0.1315415,0.014707,0.9912017,-0.5241198,0.8497385,0.05694752,-0.8414247,-0.5269994,0.1194841,moving,-4.047064782978422,9.045921478582214,9.597820780841303,9.361799923310267,-0.9407239999999999,-0.38670687,0.30741499999999977,-0.06970239809079548,0.1568436267875719,0.985160718035208,-2.2719936448537483,9.556656724634863,13.472889624106925,13.648541359485261,11.871413718401897
05/17/2023 13:14:37.245313,4299,True,True,True,True,Eyes,2.255612,0.09008539,-2.597704,-0.9196317,-0.3872235,0.06584511,0.0,0.0,0.0,0.0,0.0,0.0,0.0,2.464839,1.296594,2.280027,2.245736,0.08530002,-2.811495,0.2051922,-0.629223,0.1826148,0.7270669,31.8831,278.3936,0.4941371,0.6678773,0.02794952,-0.7437461,0.0,0.0,0.0,1.310054,-0.310782,-2.494804,0.1727353,0.1729463,1.050707,0.1414605,0.007323104,0.9899168,-0.5237697,0.849096,0.06856602,-0.8400323,-0.5281878,0.1239491,moving,-3.9336398183910553,9.077047893536394,9.335866106755395,9.347068933152425,-0.9356819999999999,-0.39608202000000003,0.31669100000000006,-0.06774593017220631,0.15740007033952522,0.9852084997147901,-2.21365343753844,9.561217119307251,13.101345950485012,13.272252968480222,11.551504713657813
05/17/2023 13:14:37.264797,4300,True,True,True,True,Eyes,2.25464,0.08969317,-2.60689,-0.9188045,-0.3877462,0.0738313,0.0,0.0,0.0,0.0,0.0,0.0,0.0,2.435465,1.340007,2.294548,2.241063,0.08219995,-2.821868,0.2102167,-0.6221065,0.1864525,0.7307721,32.63107,279.4026,0.7452866,0.6666396,0.02777257,-0.7448623,0.0,0.0,0.0,1.307866,-0.3126078,-2.494631,0.1699011,0.1725463,1.055114,0.156438,0.0109543,0.987627,-0.5340629,0.8420889,0.07525437,-0.8308453,-0.5392276,0.137585,moving,-4.368498136740844,9.800558110190957,9.147602423605917,9.287558749790652,-0.933197,-0.39480775,0.3272369999999998,-0.07506551265048284,0.16973883268652357,0.982625963010909,-2.2732049214464323,9.86855441452359,13.344462548711862,13.52583242174681,11.435575909207204
05/17/2023 13:14:37.284897,4301,True,True,True,True,Eyes,2.253437,0.08940046,-2.616045,-0.9178162,-0.3884314,0.08206369,0.0,0.0,0.0,0.0,0.0,0.0,0.0,2.446492,1.345011,2.288922,2.238944,0.08406473,-2.83083,0.2115175,-0.6211992,0.1906434,0.7300872,33.07302,279.5304,1.065569,0.6653783,0.02759719,-0.7459958,0.0,0.0,0.0,1.305723,-0.3143963,-2.494462,0.1672755,0.1739447,1.058741,0.1555335,0.01558353,0.9877078,-0.5411616,0.8378309,0.07199746,-0.8264102,-0.5457075,0.1387439,moving,-3.9472643543601453,10.22785747160604,8.978216438757256,9.329996956643585,-0.9332210000000001,-0.39846103,0.3363680000000002,-0.06774945424378098,0.17715526259971537,0.9818482586875179,-1.9958484475471554,10.005616877841813,12.777468483748285,12.956627926955974,10.994842536695984
05/17/2023 13:14:37.294622,4302,True,True,True,True,Eyes,2.252111,0.08913178,-2.625148,-0.9167665,-0.3890655,0.09037312,0.0,0.0,0.0,0.0,0.0,0.0,0.0,2.418648,1.371751,2.305397,2.232402,0.08618657,-2.838197,0.2148227,-0.6162201,0.1890783,0.7337394,33.24879,280.2106,0.8709666,0.6640922,0.02742623,-0.7471471,0.0,0.0,0.0,1.303342,-0.316383,-2.494274,0.1649422,0.1772979,1.062106,0.1690444,0.01271228,0.9855265,-0.5422245,0.8362012,0.08222005,-0.8230532,-0.5482755,0.148248,moving,-4.1300608527206935,10.348683897798528,8.8273669409884,9.47703031394363,-0.92906,-0.40256957000000004,0.3439230000000002,-0.07085510646982596,0.1791866599321862,0.9812602990137382,-2.0565749136456932,10.064164567225214,12.801388440284557,12.98671301752033,10.899766828993744
05/17/2023 13:14:37.315151,4303,True,True,True,True,Eyes,2.250667,0.08889468,-2.634205,-0.9156194,-0.3896928,0.09889743,0.0,0.0,0.0,0.0,0.0,0.0,0.0,2.39299,1.391083,2.326148,2.228099,0.08648723,-2.84615,0.2166161,-0.6120036,0.186007,0.7375165,33.17444,280.8152,0.6316193,0.6627832,0.02726013,-0.7483147,0.0,0.0,0.0,1.301425,-0.3179825,-2.494122,0.1624386,0.1808407,1.064938,0.181706,0.009226874,0.9833097,-0.5395061,0.8369578,0.09184194,-0.8221412,-0.5471898,0.1570582,moving,-4.23732376002818,10.21709580697712,8.672670897435697,9.637651679763321,-0.9266739999999998,-0.40446972999999997,0.35202800000000023,-0.07272244310096215,0.17690874134513895,0.9815369627242319,-2.131636754210843,10.020483645754215,12.735574685058765,12.922991818936836,10.811088018585938
05/17/2023 13:14:37.334765,4304,True,True,True,True,Eyes,2.249066,0.08872309,-2.643217,-0.9143615,-0.390341,0.1075961,0.0,0.0,0.0,0.0,0.0,0.0,0.0,2.365748,1.410937,2.347783,2.223814,0.08702174,-2.854237,0.2184953,-0.607385,0.1835507,0.7413855,33.15805,281.4848,0.4614291,0.6614519,0.02709934,-0.7494975,0.0,0.0,0.0,1.29931,-0.3197477,-2.493955,0.1608651,0.1838813,1.068023,0.1947852,0.006742037,0.9808229,-0.5375852,0.8371379,0.1010067,-0.820403,-0.5469504,0.1666865,moving,-4.38113691164367,10.145276595843091,8.565476640393541,9.76882994700565,-0.924504,-0.40676944000000004,0.36028199999999977,-0.07520315486656337,0.17564584770948063,0.9815767883252915,-2.2119070100073888,10.002232818106446,12.761501787763335,12.952085335775644,10.779910725426596
05/17/2023 13:14:37.344889,4305,True,True,True,True,Eyes,2.247341,0.0885998,-2.652216,-0.9129833,-0.3910357,0.1164153,0.0,0.0,0.0,0.0,0.0,0.0,0.0,2.332218,1.433099,2.372466,2.218383,0.08842894,-2.862265,0.2207251,-0.6018001,0.18125,0.745832,33.18885,282.2968,0.3217393,0.6600989,0.02694539,-0.7506949,0.0,0.0,0.0,1.297193,-0.321515,-2.493788,0.1593609,0.1865814,1.070829,0.20997,0.004699346,0.9776965,-0.5360289,0.8368577,0.1110951,-0.8176708,-0.5474003,0.178234,moving,-4.644237550192194,10.115693961228638,8.464639612505975,9.883997252518434,-0.9211900000000002,-0.40994394,0.36847699999999994,-0.07971791686447227,0.17507741199899582,0.9813220166520229,-2.338934414408704,10.008079016408175,12.915201370077419,13.110924598651948,10.804286558544966
05/17/2023 13:14:37.364997,4306,True,True,True,True,Eyes,2.245513,0.08849461,-2.661157,-0.911524,-0.3916901,0.1253107,0.0,0.0,0.0,0.0,0.0,0.0,0.0,2.304835,1.451033,2.394434,2.213639,0.08947811,-2.871041,0.2224492,-0.5966448,0.1804274,0.7496515,33.28616,283.0716,0.3474332,0.6587252,0.0267991,-0.7519059,0.0,0.0,0.0,1.29501,-0.3233365,-2.493616,0.158379,0.1888613,1.073838,0.2229218,0.005068993,0.9748232,-0.5359616,0.8359246,0.1182166,-0.8142795,-0.5488209,0.1890627,moving,-4.838302935849966,10.168397040439885,8.389994889569811,9.974884511593325,-0.9186290000000001,-0.41281461,0.3774250000000001,-0.08302841378504167,0.1759322797295429,0.980894501973584,-2.4181198076865904,10.041111583854057,13.029025320566326,13.229713166082862,10.808317599615126
05/17/2023 13:14:37.384893,4307,True,True,True,True,Eyes,2.243588,0.08840071,-2.670059,-0.9100268,-0.3922514,0.134127,0.0,0.0,0.0,0.0,0.0,0.0,0.0,2.285686,1.457462,2.414859,2.209071,0.08986054,-2.879589,0.222636,-0.5924833,0.1806033,0.7528473,33.31426,283.7617,0.5565451,0.6573318,0.0266603,-0.7531292,0.0,0.0,0.0,1.292955,-0.3250517,-2.493453,0.1573159,0.1909614,1.076576,0.2326918,0.008117194,0.9725166,-0.5357497,0.8356314,0.1212129,-0.8116815,-0.5492308,0.1987934,moving,-4.9242970101374475,10.17520410708973,8.313571750185558,10.058418545778931,-0.9161159999999997,-0.41491224,0.38613600000000003,-0.08449907467069534,0.17602698254830523,0.9807519551058438,-2.456430321272788,10.049372077899015,13.035280188045844,13.238383896188628,10.77000587083397
05/17/2023 13:14:37.395266,4308,True,True,True,True,Eyes,2.241578,0.08832181,-2.678921,-0.9084741,-0.3927805,0.1428218,0.0,0.0,0.0,0.0,0.0,0.0,0.0,2.27439,1.455758,2.432549,2.204635,0.09005059,-2.888053,0.2218355,-0.5893879,0.1811748,0.7553719,33.27795,284.3231,0.8371361,0.6559202,0.02652866,-0.7543635,0.0,0.0,0.0,1.290682,-0.3269483,-2.493274,0.1558341,0.1935077,1.079278,0.2395954,0.01221446,0.970796,-0.5352029,0.8359295,0.1215721,-0.810032,-0.548701,0.206822,moving,-4.883513952805335,10.128895030068717,8.216005312522391,10.164768542881296,-0.913953,-0.41699889,0.3947790000000002,-0.08381283199083728,0.17524441026191595,0.9809508570626406,-2.446650055653485,10.02885173995542,12.89658111973168,13.099568385699344,10.663521598318608
05/17/2023 13:14:37.415024,4309,True,True,True,True,Eyes,2.239466,0.08827228,-2.68775,-0.9068295,-0.3933922,0.1513372,0.0,0.0,0.0,0.0,0.0,0.0,0.0,2.268792,1.454199,2.444486,2.200593,0.09032587,-2.896006,0.2212858,-0.58703,0.1823379,0.7570875,33.30811,284.7556,1.116781,0.6544909,0.02640392,-0.7556083,0.0,0.0,0.0,1.288632,-0.3286593,-2.493112,0.1548831,0.1956285,1.081906,0.2442975,0.01628865,0.9695637,-0.5358942,0.835571,0.1209899,-0.8081685,-0.549141,0.2128569,moving,-4.731955371982898,10.145566946358738,8.146974016145906,10.24938590482929,-0.911961,-0.41898517,0.40289399999999986,-0.0812129953660794,0.17556778633611267,0.9811118768925573,-2.373548051792506,10.02534180347671,12.677388768611449,12.879347831336245,10.522907409139833
05/17/2023 13:14:37.434935,4310,True,True,True,True,Eyes,2.237272,0.08825556,-2.696522,-0.9050409,-0.3941861,0.1597449,0.0,0.0,0.0,0.0,0.0,0.0,0.0,2.261115,1.46074,2.452709,2.196102,0.09102227,-2.903624,0.2220149,-0.5841382,0.1843486,0.7586222,33.51952,285.2283,1.397113,0.6530452,0.02628634,-0.7568623,0.0,0.0,0.0,1.286505,-0.3304346,-2.492944,0.1530234,0.1965743,1.084431,0.2495964,0.02032703,0.9681367,-0.5390766,0.83345,0.1214808,-0.8044241,-0.552221,0.2189839,moving,-4.620187994739655,10.330266857619272,8.031942506972506,10.274414151557433,-0.9095970000000002,-0.42145687000000004,0.41068000000000016,-0.07925272362706237,0.17875789958970612,0.9806960611290325,-2.286068139950622,10.089196030792491,12.450527612215726,12.652253781723225,10.319672933881128
05/17/2023 13:14:37.445194,4311,True,True,True,True,Eyes,2.234991,0.0882843,-2.705296,-0.9031352,-0.3951385,0.167965,0.0,0.0,0.0,0.0,0.0,0.0,0.0,2.253145,1.473961,2.457248,2.1919,0.09183651,-2.911087,0.223762,-0.5809814,0.1871431,0.7598478,33.88332,285.7098,1.684067,0.6515841,0.0261762,-0.7581244,0.0,0.0,0.0,1.284403,-0.3321881,-2.492778,0.1510562,0.1968568,1.087134,0.254876,0.0243974,0.966666,-0.5444037,0.8298161,0.1225968,-0.799164,-0.5575035,0.2247823,moving,-4.52034460252537,10.65678594693427,7.910542530325146,10.263827179937778,-0.907497,-0.42402460999999997,0.41830900000000026,-0.07746197437120028,0.18436979234402892,0.9797996157806068,-2.1764692545574893,10.208487123384216,12.234498678176065,12.437096586511979,10.087163588949101
05/17/2023 13:14:37.465041,4312,True,True,True,True,Eyes,2.232632,0.08836048,-2.713985,-0.9011366,-0.3961597,0.1760975,0.0,0.0,0.0,0.0,0.0,0.0,0.0,2.247841,1.485795,2.460184,2.188383,0.09302647,-2.918082,0.2254134,-0.5783303,0.1897897,0.7607253,34.22731,286.1115,1.94269,0.6501079,0.02607409,-0.759394,0.0,0.0,0.0,1.28216,-0.3340599,-2.492601,0.1491887,0.1960487,1.09026,0.2590279,0.02802878,0.9654631,-0.5494823,0.8263373,0.1234331,-0.7943386,-0.5624776,0.2294458,moving,-4.351980483834655,10.956379024500837,7.791831820865791,10.193889490690607,-0.906223,-0.42708637000000005,0.425481,-0.07450793320137739,0.18953330791460893,0.9790432586719064,-2.040531133414926,10.31290957400071,11.967464827817986,12.167726475433449,9.833083292891551
05/17/2023 13:14:37.484876,4313,True,True,True,True,Eyes,2.230222,0.08849077,-2.722574,-0.8991352,-0.3970787,0.1840772,0.0,0.0,0.0,0.0,0.0,0.0,0.0,2.235354,1.498594,2.468032,2.184121,0.09426555,-2.924808,0.2270068,-0.5752721,0.1902976,0.7624415,34.40955,286.5537,2.01441,0.6486184,0.02598067,-0.76067,0.0,0.0,0.0,1.280121,-0.3357616,-2.49244,0.1473179,0.1946797,1.092989,0.2656977,0.02900017,0.9636202,-0.551363,0.8245094,0.127213,-0.7908248,-0.5651046,0.2350598,moving,-4.26757375017374,11.08616467500465,7.676317277583268,10.09942616778431,-0.9040000000000001,-0.43002715,0.43236799999999986,-0.07303320334261137,0.19177151270302545,0.9787184761501543,-1.9763550216344914,10.357394142358078,11.788170427077908,11.984581167673978,9.656118785101578
05/17/2023 13:14:37.494956,4314,True,True,True,True,Eyes,2.227732,0.08866524,-2.73108,-0.8970958,-0.3979029,0.192074,0.0,0.0,0.0,0.0,0.0,0.0,0.0,2.219498,1.508107,2.480848,2.180049,0.09568767,-2.931449,0.2279795,-0.5722597,0.1891241,0.7647067,34.4114,286.9914,1.967331,0.6471168,0.02589661,-0.7619506,0.0,0.0,0.0,1.277929,-0.3375914,-2.492267,0.1467734,0.1909387,1.095784,0.2735018,0.02832202,0.9614544,-0.5501758,0.8245149,0.1322186,-0.7889888,-0.5651311,0.2410884,moving,-4.203791436702372,11.03306475717497,7.629003078417219,9.88446093505487,-0.9021199999999998,-0.43327907,0.4391820000000002,-0.07195638548305733,0.1908793636502338,0.9789726047253546,-1.9572963553479803,10.332749042369215,11.699698296304852,11.888411028275948,9.59677545121102
05/17/2023 13:14:37.514844,4315,True,True,True,True,Eyes,2.225172,0.08885834,-2.739514,-0.895049,-0.3985686,0.2000758,0.0,0.0,0.0,0.0,0.0,0.0,0.0,2.195763,1.519504,2.498912,2.1756,0.0969076,-2.938061,0.228967,-0.56859,0.1863205,0.7678308,34.2979,287.5102,1.786091,0.645605,0.02582234,-0.7632346,0.0,0.0,0.0,1.275794,-0.3393731,-2.492098,0.1469752,0.1866169,1.098304,0.2839801,0.02574862,0.9584843,-0.5465019,0.8257176,0.1397358,-0.7878393,-0.5634958,0.248559,moving,-4.243102013313581,10.86508873346141,7.622046644475584,9.643239692012553,-0.8998060000000001,-0.43628069999999997,0.4459629999999999,-0.07266915953475622,0.1879987139655435,0.9794772298794976,-2.008123360376647,10.270590240811774,11.74634016138274,11.927894522987932,9.650582523010428
05/17/2023 13:14:37.535044,4316,True,True,True,True,Eyes,2.222557,0.08904365,-2.747894,-0.8929664,-0.3991134,0.2081332,0.0,0.0,0.0,0.0,0.0,0.0,0.0,2.168661,1.529721,2.520541,2.171343,0.09751023,-2.944829,0.2295775,-0.5645586,0.1831305,0.7713827,34.1222,288.0959,1.613341,0.6440836,0.02575747,-0.764521,0.0,0.0,0.0,1.273755,-0.3410744,-2.491937,0.1482478,0.1822409,1.100352,0.2954739,0.02330743,0.9550666,-0.5417472,0.8275148,0.1474085,-0.786896,-0.5609599,0.2571357,moving,-4.339361431324372,10.64257851184461,7.6731200118217835,9.403994037319414,-0.8975879999999998,-0.43858463000000003,0.45289199999999985,-0.07436948086544332,0.184170317953189,0.9800767321141675,-2.0958178115393062,10.191147836926643,11.900543888598126,12.076166689908913,9.800599843934604
05/17/2023 13:14:37.545193,4317,True,True,True,True,Eyes,2.219896,0.08922443,-2.756172,-0.8908468,-0.3995774,0.2161709,0.0,0.0,0.0,0.0,0.0,0.0,0.0,2.144072,1.536746,2.542196,2.167402,0.09748602,-2.951993,0.229684,-0.5606207,0.1808019,0.7747645,33.96075,288.6982,1.563216,0.6425537,0.02570086,-0.7658092,0.0,0.0,0.0,1.271609,-0.3428654,-2.491768,0.1506765,0.1787909,1.102154,0.3060301,0.02262647,0.9517528,-0.5376891,0.8291118,0.1531796,-0.7856436,-0.5586247,0.2658992,moving,-4.427529484006277,10.447863562928434,7.784700395727345,9.214229030468093,-0.8957930000000001,-0.44035142,0.4602249999999999,-0.07592560358211331,0.180817290206417,0.9805816579718951,-2.1743705551303116,10.121886949094243,12.102616773979376,12.274380342613526,10.000346849057864
05/17/2023 13:14:37.564846,4318,True,True,True,True,Eyes,2.217174,0.08941269,-2.764396,-0.8886488,-0.4000137,0.2242594,0.0,0.0,0.0,0.0,0.0,0.0,0.0,2.11955,1.544308,2.562573,2.163223,0.09752246,-2.958905,0.2299259,-0.5564756,0.17935,0.778012,33.87466,289.3384,1.599615,0.6410169,0.02565162,-0.7670977,0.0,0.0,0.0,1.269403,-0.3447068,-2.491593,0.1527646,0.1764386,1.103526,0.3163371,0.02317659,0.9483637,-0.5349692,0.8299353,0.1581625,-0.7834148,-0.557378,0.2749381,moving,-4.529818370415988,10.336333791739728,7.881544372576194,9.08392037671971,-0.8938199999999998,-0.44222925999999996,0.46731200000000017,-0.07770401228351814,0.17888359798362563,0.9807969582257918,-2.243234053200607,10.085610175611349,12.304127204792783,12.474392349940597,10.174208599408551
05/17/2023 13:14:37.584679,4319,True,True,True,True,Eyes,2.214392,0.08959778,-2.77256,-0.8863772,-0.4004768,0.2322796,0.0,0.0,0.0,0.0,0.0,0.0,0.0,2.096072,1.552903,2.581163,2.158983,0.09788604,-2.965913,0.2304076,-0.5522746,0.1785786,0.7810345,33.85972,289.985,1.68761,0.639474,0.02560928,-0.7683858,0.0,0.0,0.0,1.267375,-0.3463986,-2.491433,0.1555373,0.1745895,1.104448,0.3262048,0.02445549,0.9449828,-0.5334486,0.8300441,0.1626637,-0.7803993,-0.5571615,0.2838101,moving,-4.63032726150843,10.29821829817321,8.01613897008181,8.982899922022188,-0.8916080000000002,-0.44428464,0.47448000000000023,-0.07943433588625592,0.17820672111046187,0.980781612504847,-2.296981953216506,10.077509600277793,12.54394420764833,12.71468326689237,10.371047850931184
05/17/2023 13:14:37.595364,4320,True,True,True,True,Eyes,2.21155,0.08978809,-2.780675,-0.884033,-0.4009122,0.2403229,0.0,0.0,0.0,0.0,0.0,0.0,0.0,2.072651,1.560817,2.599682,2.154657,0.09799499,-2.972915,0.2307627,-0.5479715,0.1782351,0.7840332,33.86146,290.658,1.834419,0.637925,0.02557308,-0.7696735,0.0,0.0,0.0,1.26508,-0.3483143,-2.491252,0.1582024,0.1737057,1.105329,0.3359191,0.02658167,0.9415156,-0.5323871,0.8299617,0.1665157,-0.7769956,-0.5571867,0.2929517,moving,-4.742150473530741,10.28329713626491,8.14525301514841,8.931153780668096,-0.8895769999999998,-0.44630929,0.4816630000000002,-0.08135259327725841,0.1779236785128223,0.980675763774032,-2.3514284140715174,10.07908949442393,12.785456788187552,12.958142626707895,10.559265004224804
05/17/2023 13:14:37.615160,4321,True,True,True,True,Eyes,2.208675,0.0899713,-2.788688,-0.8816797,-0.4014522,0.2479453,0.0,0.0,0.0,0.0,0.0,0.0,0.0,2.051047,1.56865,2.616518,2.15031,0.09830689,-2.979954,0.2312073,-0.544018,0.177555,0.786805,33.8497,291.2626,1.921058,0.6363708,0.02554262,-0.7709599,0.0,0.0,0.0,1.263029,-0.3500262,-2.49109,0.1613764,0.1735983,1.105671,0.3450374,0.02784047,0.938176,-0.5309641,0.8300349,0.1706438,-0.773968,-0.5570163,0.3011753,moving,-4.824518749911716,10.244059519566926,8.303878792048796,8.923004274639023,-0.8872810000000002,-0.44833309,0.4888640000000004,-0.0827728261052435,0.17723122993060564,0.980682203603622,-2.3970335270529075,10.069367302027594,13.019571256079955,13.194696244321289,10.76214070952736
05/17/2023 13:14:37.634774,4322,True,True,True,True,Eyes,2.20574,0.09014048,-2.796665,-0.8792678,-0.4019608,0.2555694,0.0,0.0,0.0,0.0,0.0,0.0,0.0,2.029302,1.578189,2.632189,2.145956,0.0983021,-2.987035,0.2318841,-0.5401391,0.17652,0.7895063,33.83745,291.8366,1.947528,0.6348127,0.02551716,-0.7722444,0.0,0.0,0.0,1.260972,-0.3517421,-2.490927,0.1640678,0.1747626,1.1056,0.3541809,0.02822803,0.9347507,-0.5292266,0.830141,0.1754571,-0.771022,-0.5568385,0.3089592,moving,-4.88811538444784,10.201668288600752,8.440924357471648,8.982444557027653,-0.884984,-0.4500442,0.496108,-0.08387267303391538,0.1764893405159321,0.9807226695005258,-2.434600573345245,10.057199217514093,13.2061722050232,13.384685537931032,10.928501274239625
05/17/2023 13:14:37.650554,4323,True,True,True,True,Eyes,2.202773,0.09030182,-2.804533,-0.8768097,-0.4026791,0.2627818,0.0,0.0,0.0,0.0,0.0,0.0,0.0,2.00889,1.587993,2.646483,2.141525,0.09813219,-2.99424,0.2326384,-0.5365006,0.175234,0.7920477,33.81739,292.3622,1.928992,0.6332501,0.02549583,-0.7735268,0.0,0.0,0.0,1.258776,-0.353575,-2.490754,0.1668234,0.1755563,1.105751,0.3629201,0.02796599,0.9314006,-0.5272087,0.8303448,0.1804951,-0.7683359,-0.5565478,0.3160927,moving,-4.936481500188084,10.134678210578656,8.579446320765827,9.02135768741458,-0.8827490000000002,-0.45170719,0.5034860000000001,-0.08471834213569834,0.17532996571928672,0.9808578835023923,-2.46993750962348,10.034552664812363,13.380836917898396,13.561702970074752,11.09574004262414
05/17/2023 13:14:37.664533,4324,True,True,True,True,Eyes,2.199729,0.09043841,-2.812362,-0.8743065,-0.4033459,0.2700003,0.0,0.0,0.0,0.0,0.0,0.0,0.0,1.98891,1.598062,2.659725,2.136937,0.09809336,-3.001262,0.233511,-0.5330855,0.1734362,0.7944887,33.77662,292.8357,1.835492,0.6316854,0.02547808,-0.7748057,0.0,0.0,0.0,1.256681,-0.3553231,-2.490589,0.1688359,0.1748948,1.106173,0.3714794,0.02662356,0.9280594,-0.5245489,0.8307849,0.186131,-0.7660623,-0.5559564,0.3225848,moving,-4.948573457253113,10.044248086332058,8.678116669593763,8.984548046526719,-0.8802560000000001,-0.45341646,0.5106730000000002,-0.08494907205849156,0.1737782261824538,0.9811140179665312,-2.4931193605390813,10.000494763413801,13.48778634205058,13.66783260021389,11.217337570586519
05/17/2023 13:14:37.684962,4325,True,True,True,True,Eyes,2.196642,0.09054777,-2.820122,-0.8717799,-0.4041311,0.2769078,0.0,0.0,0.0,0.0,0.0,0.0,0.0,1.966289,1.610597,2.672812,2.131952,0.09764215,-3.008237,0.2346905,-0.5294747,0.1709738,0.7970853,33.72374,293.3127,1.656028,0.6301178,0.02546289,-0.7760816,0.0,0.0,0.0,1.254562,-0.3570915,-2.490421,0.1715043,0.1715635,1.106398,0.380849,0.02403608,0.9243248,-0.5210868,0.8313767,0.193084,-0.7638211,-0.5551892,0.3291538,moving,-4.995150905646605,9.926785037307338,8.811370683945823,8.81436444670173,-0.8773900000000001,-0.45473365,0.5178159999999998,-0.0857775384756363,0.1717542395788535,0.9813983721261264,-2.537459930434698,9.958279350201991,13.674708541412429,13.851264129106958,11.4063358542676
05/17/2023 13:14:37.694962,4326,True,True,True,True,Eyes,2.193491,0.09062399,-2.827869,-0.8692147,-0.4048623,0.2838172,0.0,0.0,0.0,0.0,0.0,0.0,0.0,1.944553,1.622247,2.686148,2.127146,0.09710801,-3.015656,0.2357225,-0.5258965,0.1687012,0.7996298,33.67079,293.7917,1.505523,0.6285479,0.02544929,-0.7773541,0.0,0.0,0.0,1.252409,-0.3588888,-2.490251,0.1742351,0.1651423,1.10886,0.3899456,0.02186563,0.9205784,-0.5177282,0.8319496,0.1995429,-0.7615117,-0.5544202,0.3357355,moving,-5.0369694943650405,9.814848376138468,8.929867571012586,8.47078766649046,-0.8747370000000001,-0.45599681000000003,0.5254049999999997,-0.08652315399533811,0.16982558411040474,0.9816684238975393,-2.5785309753828614,9.91788177704697,13.86253487477833,14.03135905042793,11.599022306534469
05/17/2023 13:14:37.714458,4327,True,True,True,True,Eyes,2.190295,0.09067378,-2.835555,-0.8666148,-0.4057166,0.29047,0.0,0.0,0.0,0.0,0.0,0.0,0.0,1.925725,1.631059,2.698925,2.122368,0.09638795,-3.023116,0.2363642,-0.5225209,0.1671775,0.8019699,33.62957,294.2673,1.454311,0.6269751,0.02543622,-0.7786236,0.0,0.0,0.0,1.250205,-0.3607279,-2.490077,0.1678257,0.1811646,1.107738,0.3980474,0.02113217,0.9171215,-0.515153,0.8323674,0.2044065,-0.7590623,-0.5538214,0.3422079,moving,-5.07093227424987,9.715133009038132,8.614971105534515,9.288189574118196,-0.8721629999999998,-0.45711585,0.533039,-0.08713106678353971,0.16810793845923883,0.9819103269763214,-2.613601437352505,9.881679158044294,13.508973884784846,13.692561192757726,11.244246139119557
05/17/2023 13:14:37.735288,4328,True,True,True,True,Eyes,2.187024,0.09069693,-2.843234,-0.8639396,-0.4065463,0.2972013,0.0,0.0,0.0,0.0,0.0,0.0,0.0,1.905788,1.639222,2.712538,2.117429,0.09581159,-3.030553,0.2368944,-0.5188647,0.1661244,0.8044023,33.60809,294.7987,1.474412,0.6254,0.02542293,-0.7798898,0.0,0.0,0.0,1.248172,-0.3624247,-2.489917,0.1756666,0.1866302,1.109737,0.4063641,0.02142944,0.9134599,-0.5130942,0.8325674,0.2087246,-0.7560441,-0.5535091,0.3493208,moving,-5.1382900062328725,9.64206365452764,8.99504015139687,9.546396052713629,-0.869257,-0.45823629,0.5406359999999997,-0.08830467707569228,0.1668382739124501,0.9820221044243416,-2.658875651185044,9.857934684646036,13.938878762020728,14.133653937839401,11.658079166520304
05/17/2023 13:14:37.745605,4329,True,True,True,True,Eyes,2.18371,0.09070431,-2.850862,-0.8612176,-0.4074971,0.3037275,0.0,0.0,0.0,0.0,0.0,0.0,0.0,1.882198,1.649014,2.727396,2.112235,0.09518926,-3.038094,0.237571,-0.5146211,0.1652975,0.8070948,33.61542,295.4187,1.534692,0.6238217,0.02540874,-0.7811533,0.0,0.0,0.0,1.246037,-0.3642066,-2.489748,0.1709408,0.1868618,1.110428,0.4156837,0.02230352,0.9092357,-0.5113396,0.8324736,0.2133533,-0.7521561,-0.5536157,0.3574503,moving,-5.290257111716258,9.592261602454391,8.751491148295498,9.552186125667387,-0.866198,-0.45939586,0.548346,-0.09092289393749686,0.16594536368396817,0.9819344168243853,-2.7386170245769392,9.84870348937709,13.848751104568654,14.04180544806767,11.493933546497097
05/17/2023 13:14:37.764934,4330,True,True,True,True,Eyes,2.180311,0.09069271,-2.858493,-0.8584384,-0.4084016,0.310309,0.0,0.0,0.0,0.0,0.0,0.0,0.0,1.860529,1.657642,2.741625,2.10713,0.09481957,-3.045793,0.238153,-0.5106569,0.1643935,0.809622,33.60918,295.9951,1.580058,0.6222407,0.02539334,-0.7824138,0.0,0.0,0.0,1.243826,-0.3660512,-2.489573,0.1676013,0.1850142,1.112839,0.4244086,0.0229643,0.9051797,-0.5094222,0.8325158,0.2177304,-0.7485764,-0.5535252,0.3650253,moving,-5.400096375589348,9.531227465679617,8.564773639178702,9.439328911482907,-0.8633040000000001,-0.46087077000000004,0.5562200000000002,-0.09282211897060738,0.16487025175474274,0.9819378204724849,-2.8011281360911227,9.832382006085076,13.776777954738396,13.965172389685392,11.372695982055358
05/17/2023 13:14:37.784842,4331,True,True,True,True,Eyes,2.176838,0.09065516,-2.866137,-0.8556188,-0.4092456,0.3169141,0.0,0.0,0.0,0.0,0.0,0.0,0.0,1.837666,1.667502,2.75534,2.101593,0.09435422,-3.053503,0.2389428,-0.5066796,0.1628669,0.8121924,33.58529,296.5502,1.542423,0.6206556,0.02537634,-0.7836722,0.0,0.0,0.0,1.241738,-0.3677936,-2.489409,0.1634718,0.184056,1.115271,0.4335003,0.02242366,0.9008744,-0.5066934,0.8327615,0.2230923,-0.7452109,-0.5531777,0.3723643,moving,-5.501805728718464,9.448999615612772,8.338797941279125,9.371199782534944,-0.8598549999999998,-0.46214782,0.5640939999999999,-0.09458799404610002,0.1634335729733622,0.9820094792918783,-2.86401887113251,9.80735981150132,13.656870811273937,13.840822329759806,11.211304121435683
05/17/2023 13:14:37.794893,4332,True,True,True,True,Eyes,2.173311,0.09059557,-2.873746,-0.8527532,-0.4101523,0.3233992,0.0,0.0,0.0,0.0,0.0,0.0,0.0,1.816705,1.676963,2.768226,2.096214,0.09369985,-3.061503,0.2397015,-0.5030457,0.1609682,0.8146026,33.53674,297.0433,1.449755,0.6190658,0.02535723,-0.7849293,0.0,0.0,0.0,1.239444,-0.3697082,-2.489228,0.1570171,0.1827867,1.117722,0.4420686,0.02108861,0.8967333,-0.5034117,0.8332649,0.2285742,-0.7423961,-0.5524716,0.3789765,moving,-5.560284996493054,9.333714686221064,7.9965574532533505,9.28765389022236,-0.8567699999999998,-0.46340804999999996,0.5722749999999999,-0.09562201331117998,0.16144131326394096,0.9822388226944101,-2.913421049330766,9.766764012576903,13.380257084135616,13.556920697716503,10.92049346120358
05/17/2023 13:14:37.816483,4333,True,True,True,True,Eyes,2.169711,0.09050097,-2.881371,-0.8498583,-0.4110749,0.3297852,0.0,0.0,0.0,0.0,0.0,0.0,0.0,1.796376,1.686256,2.780283,2.090691,0.09313545,-3.069322,0.2404969,-0.4995376,0.1589921,0.8169119,33.48885,297.5117,1.339136,0.6174709,0.02533562,-0.7861852,0.0,0.0,0.0,1.237434,-0.3713858,-2.489069,0.1524017,0.1831162,1.120052,0.4503675,0.0194906,0.8926305,-0.5000395,0.8337655,0.2340845,-0.7396821,-0.5517746,0.385247,moving,-5.602879780146096,9.21652826572367,7.748458749019333,9.285086206682069,-0.8532570000000002,-0.46452125,0.5802529999999999,-0.09638427468858468,0.15942024038862102,0.9824943970197131,-2.9558720834171313,9.72439413397974,13.179322077030847,13.351514547482832,10.713341683398161
05/17/2023 13:14:37.834628,4334,True,True,True,True,Eyes,2.166023,0.0903817,-2.889001,-0.8469098,-0.4119209,0.3362511,0.0,0.0,0.0,0.0,0.0,0.0,0.0,1.77336,1.695152,2.794352,2.085229,0.09224071,-3.077346,0.2411202,-0.4956812,0.1569176,0.8194743,33.41819,298.0363,1.24547,0.6158704,0.02531083,-0.7874405,0.0,0.0,0.0,1.235362,-0.3731146,-2.488905,0.1496144,0.1821435,1.122287,0.459354,0.01814231,0.8880679,-0.4962172,0.8344759,0.2396213,-0.736724,-0.5507456,0.3923224,moving,-5.688582994887601,9.081797617045517,7.593446190630254,9.21853848582597,-0.8498669999999999,-0.46535531,0.588441,-0.09789085642380524,0.15708625176366442,0.9827212876393371,-3.0216086493001786,9.67808881720481,13.114935019725477,13.28273305273214,10.624997682908026
05/17/2023 13:14:37.845002,4335,True,True,True,True,Eyes,2.162269,0.09024031,-2.896632,-0.843918,-0.4127711,0.3426693,0.0,0.0,0.0,0.0,0.0,0.0,0.0,1.7466,1.704621,2.809502,2.079296,0.09153702,-3.085092,0.2418388,-0.4914203,0.1545113,0.8222814,33.33813,298.6095,1.125805,0.614263,0.02528251,-0.7886959,0.0,0.0,0.0,1.23325,-0.3748776,-2.488738,0.1492348,0.1797864,1.124547,0.4692647,0.01641448,0.8829051,-0.4917924,0.8352805,0.245859,-0.7334378,-0.549579,0.4000401,moving,-5.823856801534159,8.933232998156685,7.559358089494063,9.083266177339484,-0.8460459999999999,-0.46641462,0.5963539999999998,-0.10025213203912436,0.15450108017650188,0.9828930496893367,-3.112886796905431,9.629701558017,13.220176854285725,13.384055841720597,10.686224896591701
05/17/2023 13:14:37.864810,4336,True,True,True,True,Eyes,2.158424,0.09007305,-2.904283,-0.8408638,-0.4135291,0.3492017,0.0,0.0,0.0,0.0,0.0,0.0,0.0,1.717238,1.713266,2.826983,2.073458,0.09090409,-3.093303,0.242387,-0.4868773,0.1517208,0.8253362,33.21898,299.2206,0.9873676,0.6126488,0.02525046,-0.7899515,0.0,0.0,0.0,1.230983,-0.3767691,-2.488559,0.1505642,0.1786142,1.126837,0.4798627,0.01441596,0.8772251,-0.4864668,0.8364587,0.2523627,-0.7301245,-0.5478404,0.4083982,moving,-5.988719753736031,8.74799335145128,7.610592829798145,9.00698150202779,-0.8424750000000001,-0.46767319,0.6047440000000002,-0.10313193183723623,0.1512777915839698,0.9830965915865728,-3.224944365858841,9.569119880788676,13.439861898189356,13.601778472200245,10.850109025965683
05/17/2023 13:14:37.884876,4337,True,True,True,True,Eyes,2.154496,0.08988944,-2.911958,-0.8377592,-0.4141809,0.3558281,0.0,0.0,0.0,0.0,0.0,0.0,0.0,1.686368,1.722467,2.844291,2.067295,0.09012505,-3.101434,0.2430223,-0.4821593,0.1488105,0.8284432,33.10404,299.8489,0.8352533,0.6110266,0.02521435,-0.791208,0.0,0.0,0.0,1.229006,-0.3784197,-2.488403,0.1510638,0.1805242,1.128118,0.4907557,0.01221123,0.8712117,-0.4809131,0.8375912,0.2591596,-0.7265547,-0.5461611,0.4169252,moving,-6.1641208634836175,8.570944567998366,7.626980544905595,9.091530790130703,-0.8382890000000001,-0.46854475,0.6130309999999999,-0.10619120786174668,0.1481912297237829,0.9832409260526516,-3.3402642138148235,9.512385657214065,13.63796381495094,13.800923449941637,10.97531668868048
05/17/2023 13:14:37.894858,4338,True,True,True,True,Eyes,2.150484,0.08969647,-2.919652,-0.8345904,-0.4148425,0.3624426,0.0,0.0,0.0,0.0,0.0,0.0,0.0,1.656341,1.730448,2.86167,2.061221,0.08956163,-3.109729,0.2435529,-0.4776419,0.1455716,0.8314742,32.96167,300.4396,0.6430026,0.6093956,0.02517417,-0.7924663,0.0,0.0,0.0,1.226702,-0.3803417,-2.488221,0.151244,0.1854781,1.129645,0.5013344,0.009415861,0.8652025,-0.4747401,0.8389818,0.2659537,-0.723385,-0.5440781,0.4250805,moving,-6.308570268550118,8.361790990403126,7.625770888011262,9.324283000183899,-0.8345190000000002,-0.46990333,0.6215080000000004,-0.1087287649834997,0.1445611339149256,0.9835040457972521,-3.447569369604029,9.44124970796874,13.801650112423417,13.967542888293996,11.0739579948478
05/17/2023 13:14:37.914775,4339,True,True,True,True,Eyes,2.146397,0.08948018,-2.927372,-0.8313537,-0.4155137,0.3690523,0.0,0.0,0.0,0.0,0.0,0.0,0.0,1.622831,1.739179,2.879969,2.054925,0.08919819,-3.11799,0.2442177,-0.4727652,0.1419199,0.8346915,32.81187,301.0665,0.4092692,0.6077547,0.02513008,-0.7937267,0.0,0.0,0.0,1.224681,-0.3820289,-2.488061,0.1522282,0.1900603,1.13138,0.5127037,0.006003408,0.8585448,-0.4678339,0.8404329,0.2735032,-0.7199074,-0.5418823,0.4337016,moving,-6.488765173557849,8.137527056829265,7.663175432792245,9.536067386124053,-0.830244,-0.47122709,0.6299289999999997,-0.11188485114652025,0.1406608881320282,0.9837156622523093,-3.5742924482308904,9.366633642544768,14.051909253044817,14.220876835776501,11.238745133265096
05/17/2023 13:14:37.934642,4340,True,True,True,True,Eyes,2.142225,0.08924658,-2.93512,-0.8280584,-0.4160994,0.3757403,0.0,0.0,0.0,0.0,0.0,0.0,0.0,1.589448,1.748943,2.897493,2.048702,0.08847941,-3.126596,0.2450083,-0.4678884,0.1382262,0.8378215,32.67651,301.6837,0.1596062,0.6061034,0.02508187,-0.7949901,0.0,0.0,0.0,1.222492,-0.3838554,-2.487889,0.1516562,0.191573,1.133371,0.5239479,0.002344753,0.851747,-0.4608908,0.8417289,0.2811975,-0.7162809,-0.5398952,0.4421028,moving,-6.655138608504866,7.930458265631661,7.621467014251653,9.593986414765647,-0.8262100000000001,-0.47233481,0.6387070000000001,-0.11479938630340242,0.13705892341489273,0.9838882812350815,-3.691296775763089,9.297738320902639,14.205388120519157,14.373197069917474,11.316642059453246
05/17/2023 13:14:37.945110,4341,True,True,True,True,Eyes,2.137937,0.08901211,-2.942908,-0.8246752,-0.416756,0.3823942,0.0,0.0,0.0,0.0,0.0,0.0,0.0,1.558357,1.758222,2.913315,2.042312,0.08785601,-3.135039,0.2458191,-0.4632709,0.1347567,0.8407103,32.56003,302.2629,359.9199,0.6044409,0.02502949,-0.7962564,0.0,0.0,0.0,1.220386,-0.3856132,-2.487722,0.1505221,0.1898127,1.136139,0.5344415,-0.001179084,0.8452047,-0.4543443,0.8428272,0.2884676,-0.7127017,-0.5381829,0.4499061,moving,-6.782978793463607,7.7393733652037024,7.546917074348357,9.484705240369049,-0.8219259999999999,-0.47346921,0.6473169999999997,-0.1170479199532769,0.13374149135671198,0.984079809339148,-3.787428169930269,9.232477019605058,14.27323186759358,14.435792286424828,11.337151370245142
05/17/2023 13:14:37.964496,4342,True,True,True,True,Eyes,2.133521,0.08907235,-2.950682,-0.8211378,-0.4175791,0.3890507,0.0,0.0,0.0,0.0,0.0,0.0,0.0,1.52577,1.769896,2.927397,2.035543,0.08764125,-3.143094,0.2470248,-0.4582683,0.132048,0.8435237,32.53193,302.8993,359.7529,0.602766,0.02497336,-0.7975268,0.0,0.0,0.0,1.218271,-0.3873781,-2.487555,0.1474708,0.186251,1.139092,0.5451069,-0.003636173,0.8383587,-0.4491785,0.8430841,0.2957158,-0.7078822,-0.5377694,0.4579377,moving,-6.94875206030567,7.630839877383094,7.376679893510534,9.286162472527181,-0.817272,-0.47501935,0.6555390000000001,-0.11992560848707096,0.13183154221246376,0.9839910220235901,-3.884969153157546,9.201516544588713,14.264735113279892,14.42075218417586,11.261967154251368
05/17/2023 13:14:37.984558,4343,True,True,True,True,Eyes,2.128977,0.08907964,-2.958557,-0.8171665,-0.4190318,0.3957919,0.0,0.0,0.0,0.0,0.0,0.0,0.0,1.490822,1.794871,2.933088,2.027867,0.09487593,-3.150535,0.2512742,-0.4530302,0.1289656,0.8455725,32.80569,303.446,359.3476,0.6010777,0.02492203,-0.7988015,0.0,0.0,0.0,1.216191,-0.389114,-2.487391,0.1433199,0.1821924,1.142205,0.556263,-0.009570075,0.8309513,-0.4457691,0.8404583,0.3080904,-0.7013285,-0.5417917,0.4632498,moving,-7.052188049574944,7.760450755528673,7.151896894399262,9.062865477750982,-0.8116760000000001,-0.48398993,0.663144,-0.12166562873112141,0.13402852891635322,0.9834804494554426,-3.907406648654068,9.258247350792793,14.111689248453658,14.263671098433816,11.061029289071847
05/17/2023 13:14:37.994916,4344,True,True,True,True,Eyes,2.12438,0.0894172,-2.966508,-0.8131938,-0.4206388,0.4022175,0.0,0.0,0.0,0.0,0.0,0.0,0.0,1.433952,1.849847,2.932449,2.020479,0.09368974,-3.16011,0.2580239,-0.4432604,0.1310407,0.848394,33.64063,304.6955,359.5599,0.5993739,0.02487353,-0.8000823,0.0,0.0,0.0,1.213903,-0.3910234,-2.48721,0.1395054,0.1788521,1.145589,0.5726971,-0.006395202,0.8197421,-0.4510918,0.832504,0.3216414,-0.6844957,-0.5539821,0.4738878,moving,-7.744351697764988,8.472014980481436,6.943072626031178,8.873522106298726,-0.806576,-0.48471314,0.6728999999999998,-0.13330909111471323,0.14601137372847647,0.9802598832443479,-4.087880197399736,9.577847872838461,14.52714300109642,14.692911258131293,11.053415534492958
05/17/2023 13:14:38.014956,4345,True,True,True,True,Eyes,2.119595,0.08985854,-2.974496,-0.8092159,-0.4222964,0.4084547,0.0,0.0,0.0,0.0,0.0,0.0,0.0,1.43722,1.866591,2.926945,2.014562,0.1020249,-3.169843,0.2613788,-0.4421231,0.1311336,0.847946,34.00219,304.7399,359.3963,0.5976539,0.0248366,-0.8013691,0.0,0.0,0.0,1.211691,-0.3928694,-2.487036,0.1351329,0.1766787,1.148512,0.5746623,-0.008734873,0.8183439,-0.4535114,0.8289703,0.3273158,-0.6812419,-0.5592244,0.4724166,moving,-7.3856447509794,8.733710625385712,6.710517874566078,8.745409140858554,-0.8028710000000001,-0.4948943,0.6828070000000004,-0.12708079468095002,0.1506112932550237,0.9803910312651619,-3.8715895225456665,9.65518767795189,13.934138997280137,14.096167479889328,10.621143721396617
05/17/2023 13:14:38.034617,4346,True,True,True,True,Eyes,2.114708,0.09039152,-2.982517,-0.8055096,-0.4235824,0.4144061,0.0,0.0,0.0,0.0,0.0,0.0,0.0,1.410491,1.88583,2.930531,2.005542,0.1050152,-3.178148,0.2644708,-0.437906,0.127769,0.8496873,34.14829,305.1609,358.9961,0.5959162,0.02481296,-0.8026631,0.0,0.0,0.0,1.209785,-0.3944601,-2.486885,0.1309995,0.1755999,1.151023,0.583827,-0.01449918,0.8117486,-0.4487541,0.8274605,0.3375333,-0.6765839,-0.5613366,0.4765872,moving,-7.424613184976136,8.748645903595598,6.492972569987542,8.674152822952461,-0.795757,-0.49947529999999996,0.6912630000000002,-0.1277427960215889,0.15085393617229786,0.9802678455427585,-3.8866424823098926,9.6634980196521,13.758706111262972,13.917785113509678,10.426658743438002
05/17/2023 13:14:38.045046,4347,True,True,True,True,Eyes,2.109688,0.09097421,-2.990545,-0.8020679,-0.4245457,0.4200574,0.0,0.0,0.0,0.0,0.0,0.0,0.0,1.423823,1.866468,2.941219,1.998282,0.1077024,-3.187007,0.2623039,-0.4392845,0.123722,0.8502462,33.6931,304.9348,358.6182,0.5941596,0.02480376,-0.8039645,0.0,0.0,0.0,1.207577,-0.3963025,-2.486711,0.1264876,0.1749261,1.153728,0.583444,-0.02006372,0.8119054,-0.4408404,0.8317791,0.3373474,-0.6820943,-0.5547442,0.4764516,moving,-6.869686806053772,8.231207677529872,6.256567540027035,8.62141679699407,-0.790705,-0.5040049,0.7002959999999998,-0.11839677007361721,0.1421610426732623,0.9827373146857943,-3.731623620349779,9.427707333553442,12.99184221230772,13.13205301218809,10.020681967090601
05/17/2023 13:14:38.064923,4348,True,True,True,True,Eyes,2.104558,0.09149531,-2.998545,-0.7987847,-0.4252231,0.4255919,0.0,0.0,0.0,0.0,0.0,0.0,0.0,1.43073,1.852272,2.949941,1.990517,0.1094599,-3.194669,0.2608639,-0.4401351,0.1187141,0.8509631,33.26222,304.7374,358.1093,0.5923835,0.02480893,-0.8052738,0.0,0.0,0.0,1.20534,-0.3981695,-2.486534,0.1230427,0.1738514,1.156528,0.584376,-0.02758807,0.8110139,-0.4316735,0.8357139,0.3394706,-0.6871409,-0.5484717,0.4764622,moving,-6.367069974061956,7.7436556713402815,6.072838816620164,8.548798237602739,-0.785177,-0.5076294,0.7081350000000004,-0.10989873977119152,0.133925065403159,0.9848789219628844,-3.594895604828535,9.206863427919034,12.34153061420328,12.46593699937947,9.69010519232738
05/17/2023 13:14:38.084852,4349,True,True,True,True,Eyes,2.099358,0.09194741,-3.006532,-0.7956226,-0.4257323,0.4309717,0.0,0.0,0.0,0.0,0.0,0.0,0.0,1.426236,1.842173,2.961032,1.982743,0.1085349,-3.201939,0.2594798,-0.439339,0.1143124,0.8523991,32.87476,304.7987,357.74,0.5905886,0.02482537,-0.8065905,0.0,0.0,0.0,1.20336,-0.3998216,-2.486378,0.1200793,0.1731775,1.158819,0.5878278,-0.03311956,0.8083078,-0.4228788,0.8392059,0.3419168,-0.6896608,-0.5428044,0.4793029,moving,-6.0896184871060886,7.310004735826291,5.9159969153679395,8.49955699736402,-0.7793829999999999,-0.5083565,0.7155609999999997,-0.10523126179034498,0.12653134905712096,0.9863651039765837,-3.551454156193381,9.021552465131098,11.951100308865511,12.064403664294856,9.481830469944976
05/17/2023 13:14:38.094770,4350,True,True,True,True,Eyes,2.094051,0.09234031,-3.014506,-0.7924182,-0.4262992,0.4362825,0.0,0.0,0.0,0.0,0.0,0.0,0.0,1.42734,1.837204,2.967251,1.975867,0.1073256,-3.209616,0.2586665,-0.4387431,0.1120069,0.8532588,32.66345,304.8609,357.5604,0.5887759,0.02485007,-0.807914,0.0,0.0,0.0,1.20111,-0.4017,-2.4862,0.1179147,0.1724608,1.161323,0.5899179,-0.03583456,0.8066676,-0.418118,0.8410922,0.3431345,-0.690778,-0.5397034,0.4811923,moving,-5.797381921614171,7.070530230910117,5.797646806541733,8.446903917726981,-0.7747570000000001,-0.5090256,0.7234159999999998,-0.10025043878369827,0.1224709580762959,0.9873959415400088,-3.4633881557640818,8.910105302592399,11.570647530998322,11.676433348095753,9.272611503562084
05/17/2023 13:14:38.114756,4351,True,True,True,True,Eyes,2.088642,0.0927216,-3.022412,-0.7890768,-0.4270394,0.4415826,0.0,0.0,0.0,0.0,0.0,0.0,0.0,1.419968,1.842698,2.969903,1.968564,0.1062818,-3.216463,0.2593333,-0.4369287,0.1102949,0.8542098,32.645,305.0591,357.4005,0.5869454,0.0248806,-0.8092438,0.0,0.0,0.0,1.199022,-0.4034424,-2.486035,0.1163924,0.1712142,1.163539,0.5938568,-0.03819037,0.8036638,-0.4150502,0.8411626,0.3466682,-0.6892512,-0.5394322,0.4836792,moving,-5.631567456169443,7.005213274560072,5.712470203833396,8.370972322022903,-0.769542,-0.5097242,0.7304279999999999,-0.09740564576274408,0.12137970888177335,0.9878153392809199,-3.399680206810306,8.874063438812062,11.324196585560045,11.425956774261369,9.12602792993679
05/17/2023 13:14:38.134921,4352,True,True,True,True,Eyes,2.083134,0.09308831,-3.030269,-0.7855892,-0.427877,0.4469574,0.0,0.0,0.0,0.0,0.0,0.0,0.0,1.394192,1.85712,2.974562,1.960824,0.1064419,-3.222503,0.2614158,-0.4331539,0.1070017,0.8559148,32.69697,305.4494,357.0508,0.5850976,0.02491612,-0.8105797,0.0,0.0,0.0,1.196973,-0.4051521,-2.485873,0.1146624,0.1700538,1.165241,0.6018567,-0.04329782,0.7974295,-0.4096353,0.8404248,0.3548029,-0.6855417,-0.5401958,0.4880789,moving,-5.658026945194724,6.971232206177803,5.619944027769598,8.303058310842813,-0.7638509999999998,-0.511594,0.7366299999999999,-0.0978689257446746,0.12078831601566242,0.9878420378724949,-3.4184925560474224,8.862702079385446,11.256687095712863,11.356336999230562,9.055746077897199
05/17/2023 13:14:38.144826,4353,True,True,True,True,Eyes,2.077539,0.0934239,-3.038083,-0.7818152,-0.4289864,0.4524772,0.0,0.0,0.0,0.0,0.0,0.0,0.0,1.359966,1.876798,2.980023,1.952807,0.1065039,-3.229182,0.264062,-0.4279139,0.1047327,0.8580163,32.87255,306.0551,356.8421,0.5832332,0.02495578,-0.8119209,0.0,0.0,0.0,1.194791,-0.4069731,-2.485701,0.1132752,0.169085,1.167396,0.6118415,-0.04626686,0.7896261,-0.4057164,0.8386046,0.3635059,-0.6790023,-0.5427722,0.4943219,moving,-5.852742981967383,7.039446449569688,5.542194930778167,8.241377870017898,-0.758016,-0.513477,0.7434810000000001,-0.10121131750385703,0.12192333638467279,0.9873656486377291,-3.49495752251618,8.901755094160041,11.357807371345155,11.458152083769294,9.061248398661727
05/17/2023 13:14:38.165129,4354,True,True,True,True,Eyes,2.071883,0.09375659,-3.04584,-0.7778857,-0.4302358,0.4580294,0.0,0.0,0.0,0.0,0.0,0.0,0.0,1.333079,1.893082,2.984036,1.945128,0.1061212,-3.235822,0.2659646,-0.4227978,0.1057566,0.8598375,33.14775,306.7547,357.054,0.5813528,0.02499833,-0.8132672,0.0,0.0,0.0,1.192635,-0.4087723,-2.485531,0.1122774,0.1683617,1.16946,0.6201152,-0.04303148,0.7833297,-0.4067655,0.8361568,0.3679453,-0.6708196,-0.5468,0.5010098,moving,-6.079619531785901,7.232684605897569,5.484039008838671,8.192317483116303,-0.7524930000000001,-0.5148935,0.7502910000000003,-0.10507698636493024,0.12520219852074593,0.9865511510066398,-3.5619012007859716,8.991098861983403,11.499988321113683,11.603408727748873,9.08113902367587
05/17/2023 13:14:38.185178,4355,True,True,True,True,Eyes,2.066152,0.09409267,-3.053542,-0.7736942,-0.4316857,0.4637293,0.0,0.0,0.0,0.0,0.0,0.0,0.0,1.314099,1.905528,2.986757,1.937881,0.1063818,-3.242208,0.2673244,-0.4183259,0.1084347,0.8612683,33.44926,307.4262,357.467,0.5794578,0.02504344,-0.8146172,0.0,0.0,0.0,1.190589,-0.4104795,-2.485369,0.110519,0.167828,1.171413,0.6264908,-0.03687467,0.778556,-0.4104402,0.8335592,0.3697541,-0.6626071,-0.5511982,0.5070823,moving,-6.23837872941275,7.466235594521545,5.3897160663555805,8.153266565517766,-0.7472920000000001,-0.5168613,0.7568390000000003,-0.1077546913369658,0.12918533394088785,0.9857485472300105,-3.589598869224985,9.091513382114597,11.541848957106236,11.648373282758522,9.028200474136264
05/17/2023 13:14:38.195122,4356,True,True,True,True,Eyes,2.060377,0.09445933,-3.061134,-0.7693814,-0.4332148,0.4694434,0.0,0.0,0.0,0.0,0.0,0.0,0.0,1.30091,1.912554,2.989701,1.930852,0.1067595,-3.247915,0.2678792,-0.414357,0.112328,0.8625147,33.72361,308.0907,358.0552,0.5775484,0.02509098,-0.8159705,0.0,0.0,0.0,1.188385,-0.4123188,-2.485195,0.1073664,0.1678765,1.173477,0.6313815,-0.02822618,0.7749586,-0.4157642,0.8312463,0.3690116,-0.6545973,-0.5551872,0.5130981,moving,-6.357385339519638,7.689896529042998,5.227679579761483,8.141438861679845,-0.742467,-0.5190783,0.7627199999999998,-0.10974599923832978,0.13300316239044058,0.9850207519914911,-3.6008997474659608,9.185510519139811,11.484803352545764,11.59386129217187,8.890101155951994
05/17/2023 13:14:38.214989,4357,True,True,True,True,Eyes,2.054578,0.09486809,-3.068593,-0.7649068,-0.434848,0.4752103,0.0,0.0,0.0,0.0,0.0,0.0,0.0,1.28721,1.917411,2.993541,1.92396,0.1078396,-3.252908,0.2682267,-0.4104239,0.1160924,0.8637877,33.9643,308.7572,358.6448,0.5756271,0.02514158,-0.8173253,0.0,0.0,0.0,1.18634,-0.4140257,-2.485034,0.1051114,0.1675434,1.175632,0.6361496,-0.01961494,0.7713163,-0.4207317,0.829154,0.3680877,-0.64676,-0.5586761,0.5192133,moving,-6.463884406058861,7.876516934610533,5.109140110763727,8.11080444459266,-0.7376199999999999,-0.5218653,0.767874,-0.11152809854261747,0.13618362404016615,0.9843858637724765,-3.6136482111299366,9.264412828331901,11.464097327216903,11.575395764478653,8.798741297003676
05/17/2023 13:14:38.234945,4358,True,True,True,True,Eyes,2.048742,0.09530348,-3.07592,-0.7602932,-0.4365396,0.4810276,0.0,0.0,0.0,0.0,0.0,0.0,0.0,1.269059,1.92427,2.997474,1.917308,0.1092637,-3.257325,0.2689462,-0.4062108,0.1189824,0.8651613,34.19612,309.429,359.1258,0.5736961,0.02519613,-0.8186802,0.0,0.0,0.0,1.184165,-0.415841,-2.484862,0.1031286,0.1668433,1.177648,0.641672,-0.01261983,0.7668754,-0.4243755,0.8270223,0.3686998,-0.638876,-0.5620275,0.5253215,moving,-6.579025063012995,8.040898040548573,5.004719661932858,8.063715170891367,-0.7331430000000001,-0.5251047,0.7724629999999997,-0.11346163425265116,0.13897664132498752,0.9837744025003413,-3.634710134741851,9.33531088797723,11.470408696728127,11.58376719699373,8.732508395609015
05/17/2023 13:14:38.245256,4359,True,True,True,True,Eyes,2.042873,0.09576579,-3.083122,-0.755579,-0.4381979,0.4869116,0.0,0.0,0.0,0.0,0.0,0.0,0.0,1.240876,1.935101,3.002548,1.910481,0.1103413,-3.261529,0.270272,-0.4012195,0.1199023,0.8669484,34.39105,310.1381,359.3766,0.5717576,0.02525502,-0.8200334,0.0,0.0,0.0,1.182011,-0.4176382,-2.484692,0.1023223,0.1659846,1.179798,0.6492926,-0.008978611,0.7604858,-0.4247752,0.8251529,0.3724095,-0.6308607,-0.5648382,0.5319518,moving,-6.750010428664109,8.144125605464394,4.956782953918336,8.00832460753029,-0.7284700000000002,-0.5279795,0.776837,-0.1163683228226014,0.14070119449493096,0.9831894620728627,-3.6934195062325443,9.386301960056253,11.592027854767016,11.707581014604,8.759270756499927
05/17/2023 13:14:38.264623,4360,True,True,True,True,Eyes,2.036942,0.09622749,-3.090204,-0.7508146,-0.4397671,0.492831,0.0,0.0,0.0,0.0,0.0,0.0,0.0,1.206433,1.945315,3.010393,1.903496,0.111452,-3.265958,0.2716935,-0.3961477,0.1180288,0.8690909,34.45553,310.7735,359.2978,0.5698127,0.0253186,-0.8213841,0.0,0.0,0.0,1.179956,-0.4193536,-2.484529,0.1018493,0.1649986,1.181722,0.6582724,-0.01010591,0.752712,-0.4204171,0.8245037,0.378739,-0.6244413,-0.5657663,0.5384994,moving,-6.892894191835795,8.08933961779787,4.925989242895662,7.948568083089143,-0.7235400000000001,-0.5308056,0.7814289999999997,-0.11883651379271487,0.1397198870713138,0.9830342295784735,-3.7699446966894943,9.37455458522985,11.704695239353873,11.81972175090234,8.812077200406073
05/17/2023 13:14:38.285252,4361,True,True,True,True,Eyes,2.030952,0.09666334,-3.097175,-0.7460964,-0.4411562,0.4987196,0.0,0.0,0.0,0.0,0.0,0.0,0.0,1.170678,1.952314,3.019803,1.895967,0.1119184,-3.27017,0.2727917,-0.3913981,0.1143072,0.8713932,34.39513,311.3163,359.0051,0.5678625,0.02538644,-0.8227315,0.0,0.0,0.0,1.177789,-0.4211618,-2.484358,0.1004627,0.1639579,1.18393,0.6674828,-0.01432721,0.7444874,-0.4127534,0.8250371,0.3859384,-0.6197591,-0.5648969,0.5447845,moving,-6.980546902458829,7.900805245550708,4.850229892398615,7.884522563916914,-0.718178,-0.5330802,0.785812,-0.12039549782462788,0.13645858586375575,0.9833025214872502,-3.847056434182001,9.307641827008155,11.719534314970845,11.830787999768171,8.812948308228497
05/17/2023 13:14:38.295373,4362,True,True,True,True,Eyes,2.024894,0.09704422,-3.104044,-0.7413534,-0.4424494,0.5046124,0.0,0.0,0.0,0.0,0.0,0.0,0.0,1.139647,1.95639,3.029018,1.888403,0.1117812,-3.274545,0.2735116,-0.387381,0.1101156,0.8734999,34.27309,311.7495,358.6454,0.5659078,0.02545748,-0.824075,0.0,0.0,0.0,1.175483,-0.423086,-2.484176,0.09797674,0.1623744,1.186107,0.6756209,-0.01953438,0.7369904,-0.4042784,0.826132,0.3925111,-0.6165187,-0.563138,0.5502548,moving,-6.973083994842917,7.656031114455934,4.722118425737108,7.795161211307562,-0.71292,-0.5348672,0.7903689999999997,-0.12033658045943424,0.13225753346990066,0.9838836627007629,-3.891278894766608,9.212819934112655,11.591037174579688,11.696029960725596,8.729282310431136
05/17/2023 13:14:38.315014,4363,True,True,True,True,Eyes,2.018776,0.09735759,-3.110801,-0.7366633,-0.4436794,0.5103682,0.0,0.0,0.0,0.0,0.0,0.0,0.0,1.109671,1.961026,3.037023,1.8806,0.1108552,-3.278957,0.2741666,-0.3832181,0.1068481,0.8755342,34.19262,312.2316,358.4043,0.5639492,0.02552997,-0.8254144,0.0,0.0,0.0,1.173528,-0.4247176,-2.484022,0.09520087,0.1602499,1.188369,0.6834549,-0.02303287,0.7296293,-0.3972295,0.8268323,0.3981923,-0.6124526,-0.5619767,0.5559532,moving,-7.0015210280412585,7.466901984144706,4.5802138138800705,7.6799284750416525,-0.7070720000000001,-0.5355728,0.7949350000000002,-0.12087719116997497,0.1290005507836154,0.9842497090042095,-3.941213034278989,9.141796218082995,11.484001317314641,11.583693807866224,8.64591075750096
05/17/2023 13:14:38.334784,4364,True,True,True,True,Eyes,2.012597,0.0976076,-3.117443,-0.7318961,-0.4449502,0.5160886,0.0,0.0,0.0,0.0,0.0,0.0,0.0,1.085289,1.968117,3.040927,1.872829,0.1095811,-3.283151,0.2750834,-0.3793996,0.1050721,0.8771232,34.21449,312.6975,358.3084,0.5619872,0.02560201,-0.8267492,0.0,0.0,0.0,1.171427,-0.4264715,-2.483856,0.09208065,0.1581893,1.190526,0.6900316,-0.02441075,0.7233675,-0.3930552,0.826578,0.4028354,-0.6077532,-0.5622925,0.5607702,moving,-6.998722435174669,7.3963167005017985,4.422708874033879,7.568752832494472,-0.7014020000000001,-0.5360526,0.7992950000000003,-0.12084824390754145,0.1277883711393915,0.9844114276415195,-3.9536674317041927,9.114410137712458,11.32669430180647,11.422732920391066,8.51778941513019
05/17/2023 13:14:38.344990,4365,True,True,True,True,Eyes,2.00633,0.09780376,-3.123976,-0.7270759,-0.4462816,0.5217215,0.0,0.0,0.0,0.0,0.0,0.0,0.0,1.059369,1.980591,3.041381,1.86505,0.1083332,-3.287075,0.2767533,-0.3752172,0.1039597,0.8785284,34.35274,313.2087,358.2632,0.5600223,0.02567201,-0.8280793,0.0,0.0,0.0,1.16935,-0.4282047,-2.483692,0.08964756,0.1555073,1.192988,0.6968089,-0.02502202,0.7168203,-0.3903483,0.8252001,0.4082562,-0.6017355,-0.5642861,0.5652394,moving,-7.036506119419166,7.440496305403788,4.297437424862151,7.426693558709899,-0.6957000000000002,-0.5365379,0.8033830000000002,-0.12148552674199514,0.12853731440215158,0.9842354291632276,-3.9624798896803197,9.13391318863012,11.239372710211681,11.33395194893522,8.434502528772128
05/17/2023 13:14:38.364618,4366,True,True,True,True,Eyes,1.999981,0.09795139,-3.130406,-0.7221609,-0.4476983,0.5273042,0.0,0.0,0.0,0.0,0.0,0.0,0.0,1.027676,1.997364,3.040179,1.856747,0.1072978,-3.290782,0.2791082,-0.3702897,0.1026791,0.8800235,34.56115,313.7975,358.192,0.5580544,0.02573881,-0.8294048,0.0,0.0,0.0,1.167173,-0.4300217,-2.48352,0.08644986,0.1524811,1.195627,0.7046852,-0.02598165,0.7090443,-0.3874218,0.8231112,0.4152015,-0.5944099,-0.5672855,0.5699685,moving,-7.148506747724964,7.539829960086894,4.13557678450032,7.267831316971625,-0.6895739999999999,-0.5373195,0.8072620000000001,-0.12338204742884024,0.13021278300363734,0.9837791185850892,-3.9947605153410013,9.17953699247982,11.19308767699679,11.28736126931775,8.352065804276288
05/17/2023 13:14:38.384827,4367,True,True,True,True,Eyes,1.993541,0.09803944,-3.136735,-0.7172784,-0.4491401,0.5327147,0.0,0.0,0.0,0.0,0.0,0.0,0.0,1.001085,2.013586,3.037483,1.848338,0.1063146,-3.294745,0.2814181,-0.3659275,0.1016454,0.8812317,34.77664,314.3133,358.1295,0.5560833,0.02580149,-0.8307257,0.0,0.0,0.0,1.165017,-0.4318206,-2.48335,0.0836578,0.1502101,1.198255,0.7115306,-0.026811,0.7021435,-0.3851035,0.8209441,0.4215994,-0.5877241,-0.5703788,0.5738019,moving,-7.2027193832065395,7.650603980881399,3.9937021986765986,7.145176458937957,-0.6833210000000001,-0.5381352,0.8113949999999996,-0.12428154936673286,0.13209962021844154,0.983414394320018,-3.9981781146038067,9.225781603103393,11.113508878502413,11.207823750362797,8.258272743602417
05/17/2023 13:14:38.395259,4368,True,True,True,True,Eyes,1.987017,0.0980669,-3.142947,-0.7123365,-0.4506528,0.5380415,0.0,0.0,0.0,0.0,0.0,0.0,0.0,0.9806857,2.027786,3.033517,1.839753,0.1050202,-3.29851,0.2833829,-0.3621434,0.1014447,0.8821878,34.99248,314.7839,358.1628,0.5541086,0.02585894,-0.8320424,0.0,0.0,0.0,1.162846,-0.4336324,-2.483178,0.08154756,0.1480963,1.200729,0.7171222,-0.02626395,0.6964524,-0.384237,0.8188062,0.4265187,-0.5814617,-0.5734689,0.5770926,moving,-7.204463761838883,7.7726140983705285,3.8852790240639536,7.031273645148465,-0.6769069999999999,-0.5386525999999999,0.8153319999999997,-0.124276198658608,0.13419355618639903,0.9831314291728009,-3.975224410091559,9.272917020715248,11.019974484496919,11.114494173153698,8.17389009355968
05/17/2023 13:14:38.414592,4369,True,True,True,True,Eyes,1.98039,0.09803698,-3.149048,-0.7074308,-0.4521738,0.5432131,0.0,0.0,0.0,0.0,0.0,0.0,0.0,0.9641773,2.040242,3.028898,1.831127,0.1036108,-3.301921,0.2850577,-0.3586965,0.1019347,0.8829996,35.20747,315.2387,358.283,0.552131,0.02591014,-0.8333545,0.0,0.0,0.0,1.160763,-0.4353707,-2.483014,0.07843685,0.1471854,1.202777,0.7218922,-0.02448189,0.6915723,-0.3845149,0.8167029,0.4302845,-0.5753433,-0.5765389,0.5801579,moving,-7.187579398793027,7.90452123105392,3.731153742647949,6.97667309937262,-0.670364,-0.5389815,0.8189070000000003,-0.12394771064105403,0.13646223204166832,0.9828606098830788,-3.9417572953330176,9.322645451904618,10.863139485467816,10.958085397069416,8.023537254578848
05/17/2023 13:14:38.434809,4370,True,True,True,True,Eyes,1.973675,0.09795795,-3.15503,-0.7024587,-0.4537482,0.5483287,0.0,0.0,0.0,0.0,0.0,0.0,0.0,0.9457872,2.052471,3.024414,1.822366,0.1022067,-3.304961,0.2867087,-0.3549972,0.1024743,0.8838971,35.42229,315.7333,358.4243,0.5501496,0.02595427,-0.8346625,0.0,0.0,0.0,1.158566,-0.4372046,-2.48284,0.07635349,0.1460262,1.207251,0.7269521,-0.02240802,0.6863225,-0.3847151,0.8145943,0.4340858,-0.5688013,-0.5795982,0.5835503,moving,-7.201925511257624,8.03214092568013,3.6188942274789806,6.896855616628946,-0.6638,-0.5394113,0.8221210000000001,-0.12415576055062788,0.13864746971361575,0.9825284951169238,-3.92351962963058,9.372768802937145,10.784470331151006,10.880211971794445,7.938397375922493
05/17/2023 13:14:38.446075,4371,True,True,True,True,Eyes,1.966856,0.09781387,-3.160897,-0.6975682,-0.4552718,0.5532867,0.0,0.0,0.0,0.0,0.0,0.0,0.0,0.9262898,2.06392,3.020707,1.813478,0.1009665,-3.308103,0.2883123,-0.3512636,0.102517,0.8848618,35.60923,316.2187,358.5114,0.5481644,0.0259908,-0.8359665,0.0,0.0,0.0,1.156414,-0.4390002,-2.48267,0.06388485,0.1641991,1.20758,0.7322085,-0.02112049,0.6807531,-0.3839738,0.8127326,0.4382121,-0.5625255,-0.5822539,0.58698,moving,-7.2235837056483385,8.128325247101946,3.0283072086452396,7.743230065511989,-0.6570639999999999,-0.5399667,0.8254329999999999,-0.1244980513481943,0.1402906097987444,0.9822518811059455,-3.9147732854350945,9.411256707712543,10.159787330912113,10.259121093810085,7.140635799868921
05/17/2023 13:14:38.464675,4372,True,True,True,True,Eyes,1.959938,0.09760939,-3.166643,-0.6926708,-0.4567798,0.5581751,0.0,0.0,0.0,0.0,0.0,0.0,0.0,0.9073744,2.073837,3.017264,1.804359,0.0992524,-3.310958,0.289715,-0.3477196,0.1021615,0.885844,35.75578,316.6706,358.5538,0.5461756,0.02601885,-0.8372664,0.0,0.0,0.0,1.15436,-0.4407141,-2.482508,0.07289159,0.1651724,1.214227,0.7373083,-0.02048076,0.6752459,-0.3824774,0.8112565,0.4422374,-0.556855,-0.5843316,0.5903127,moving,-7.2218118651487435,8.181977908019968,3.435415624113898,7.746449215965616,-0.649999,-0.5399665,0.8284499999999997,-0.12445122882931747,0.1412111863386891,0.9821259377576698,-3.903509412702509,9.431817577417517,10.562152998192074,10.666123147587314,7.529959309969329
05/17/2023 13:14:38.484550,4373,True,True,True,True,Eyes,1.952896,0.09735435,-3.172264,-0.6879193,-0.4581327,0.5629223,0.0,0.0,0.0,0.0,0.0,0.0,0.0,0.8899819,2.080936,3.015076,1.795041,0.09761395,-3.313811,0.2908346,-0.3446076,0.1009344,0.8868333,35.83189,317.0399,358.4858,0.5441821,0.02603774,-0.8385629,0.0,0.0,0.0,1.152125,-0.4425792,-2.482332,0.07452053,0.1647224,1.21641,0.7421157,-0.02142362,0.6699293,-0.3794715,0.8104551,0.446278,-0.5525085,-0.585409,0.5933218,moving,-7.17089819182647,8.166989417270864,3.505711297031702,7.711902241668591,-0.642916,-0.54019315,0.8314789999999999,-0.12358274719899615,0.14096967741596136,0.9822702808306171,-3.8829610714636615,9.422703685936467,10.582751627918256,10.686304062442451,7.584149322809773
05/17/2023 13:14:38.494785,4374,True,True,True,True,Eyes,1.94573,0.09704293,-3.177752,-0.6832041,-0.4593908,0.5676199,0.0,0.0,0.0,0.0,0.0,0.0,0.0,0.8722351,2.084138,3.014797,1.785253,0.09612864,-3.316181,0.291535,-0.3416751,0.09890382,0.8879659,35.82647,317.3695,358.3339,0.5421838,0.02604714,-0.839856,0.0,0.0,0.0,1.149964,-0.4443831,-2.482161,0.08839887,0.152538,1.220724,0.7469524,-0.02357403,0.6644595,-0.3748669,0.8104508,0.4501603,-0.5491238,-0.5853322,0.5965309,moving,-7.0961864154732535,8.069330963694576,4.1418507285019235,7.122590111079392,-0.635289,-0.54051174,0.8340199999999998,-0.1223306953743919,0.1393170102155862,0.9826627457532254,-3.867541252493326,9.380169866164186,11.176647982986148,11.27784540997864,8.321479811656081
05/17/2023 13:14:38.514944,4375,True,True,True,True,Eyes,1.93842,0.09666532,-3.183133,-0.6786619,-0.4604568,0.5721866,0.0,0.0,0.0,0.0,0.0,0.0,0.0,0.8560171,2.084033,3.016004,1.775071,0.09446687,-3.318499,0.2917609,-0.3389416,0.09674252,0.8891767,35.76302,317.6812,358.1824,0.5401802,0.0260466,-0.8411459,0.0,0.0,0.0,1.147925,-0.4460844,-2.482,0.1009203,0.1413785,1.223239,0.751519,-0.02573739,0.6592092,-0.3698221,0.811033,0.4532737,-0.5463064,-0.5844339,0.5999885,moving,-7.015364921296892,7.926855465381728,4.716364640696158,6.592831944007836,-0.627146,-0.54055127,0.8364989999999999,-0.12098565550696672,0.13689575219686945,0.9831693488862501,-3.8580321115109637,9.319963647874633,11.710247082042613,11.807332352031107,8.997640079181622
05/17/2023 13:14:38.535094,4376,True,True,True,True,Eyes,1.930979,0.09621674,-3.188377,-0.6741655,-0.4614514,0.5766832,0.0,0.0,0.0,0.0,0.0,0.0,0.0,0.8443294,2.082847,3.016652,1.764777,0.09246133,-3.320896,0.2917466,-0.336619,0.09514692,0.8902352,35.69728,317.9607,358.0941,0.53817,0.02603545,-0.8424338,0.0,0.0,0.0,1.145782,-0.4478727,-2.481831,0.1085084,0.1332094,1.224389,0.7552695,-0.02700861,0.6548577,-0.3658211,0.811662,0.4553896,-0.5438225,-0.5835026,0.6031432,moving,-6.901513837740896,7.796905775408251,5.064463539268016,6.209166023975301,-0.618995,-0.54033403,0.8390649999999997,-0.11906800495286113,0.13469698327322702,0.9837070509090026,-3.8308601133955227,9.262419530839049,11.978510659321609,12.070854655133969,9.404740286834675
05/17/2023 13:14:38.544963,4377,True,True,True,True,Eyes,1.923384,0.09569936,-3.193499,-0.6698976,-0.4623839,0.5808945,0.0,0.0,0.0,0.0,0.0,0.0,0.0,0.83526,2.081909,3.015749,1.754154,0.09030546,-3.32288,0.2917404,-0.3344559,0.09418337,0.8911545,35.65985,318.2381,358.0756,0.5361527,0.02601297,-0.8437197,0.0,0.0,0.0,1.14359,-0.4497018,-2.481658,0.1162067,0.1292656,1.225835,0.7585375,-0.02728472,0.6510579,-0.3630125,0.812034,0.4569712,-0.5411495,-0.5829719,0.6060535,moving,-6.798892009200367,7.705878306746717,5.415341758698551,6.0196537568879736,-0.6105639999999999,-0.54000726,0.8412220000000001,-0.11733047502283439,0.1331617064700648,0.9841247914548825,-3.8012849454953983,9.220611625494648,12.239971230091525,12.330079471334665,9.756656142401248
05/17/2023 13:14:38.564944,4378,True,True,True,True,Eyes,1.915659,0.09511705,-3.198477,-0.6656442,-0.4632847,0.5850514,0.0,0.0,0.0,0.0,0.0,0.0,0.0,0.8276742,2.081336,3.013842,1.743458,0.08809915,-3.324581,0.2917461,-0.3323309,0.09379954,0.8919878,35.64862,318.5292,358.1258,0.5341274,0.02597855,-0.8450044,0.0,0.0,0.0,1.141487,-0.4514575,-2.481492,0.1208046,0.1289203,1.226417,0.7615156,-0.02657638,0.6476014,-0.3612486,0.8121718,0.4581229,-0.5381389,-0.5828128,0.6088808,moving,-6.703467354599768,7.649674656799179,5.625604671439351,6.0008631144461315,-0.601971,-0.53955665,0.843089,-0.11570596732223254,0.1322216439491632,0.9844438129660306,-3.7682461979184287,9.192696148548563,12.34945166061471,12.438834210867872,9.921301944468855
05/17/2023 13:14:38.584711,4379,True,True,True,True,Eyes,1.907777,0.09448363,-3.203318,-0.6615015,-0.4641579,0.5890443,0.0,0.0,0.0,0.0,0.0,0.0,0.0,0.818152,2.082333,3.011117,1.732576,0.08595855,-3.326123,0.2920157,-0.3299626,0.09332427,0.8928281,35.66371,318.843,358.1617,0.5320939,0.02593178,-0.8462877,0.0,0.0,0.0,1.139413,-0.4531881,-2.481328,0.1208939,0.1291232,1.227173,0.7648305,-0.02606344,0.6437041,-0.3593536,0.8120348,0.4598526,-0.5346956,-0.5830266,0.611703,moving,-6.642612144903727,7.616884025224382,5.626290531517187,6.006562909458136,-0.5931629999999999,-0.53914665,0.844795,-0.11466872667639727,0.13167415820091039,0.984638500761394,-3.746582069971331,9.176069855580343,12.28569912869938,12.374130554482239,9.894266778556712
05/17/2023 13:14:38.594991,4380,True,True,True,True,Eyes,1.899758,0.09379879,-3.208008,-0.6573746,-0.4650452,0.5929516,0.0,0.0,0.0,0.0,0.0,0.0,0.0,0.8091342,2.083395,3.007685,1.72133,0.08408213,-3.327364,0.2923874,-0.3276764,0.09273277,0.8936098,35.68533,319.1373,358.1739,0.5300509,0.02587263,-0.8475707,0.0,0.0,0.0,1.137222,-0.4550168,-2.481155,0.1176329,0.1319149,1.228329,0.7680577,-0.02588304,0.6398574,-0.3573507,0.8118205,0.4617878,-0.5314018,-0.5833331,0.6142756,moving,-6.5718779946145265,7.5881031139406785,5.470339803412214,6.12971710049612,-0.5841080000000001,-0.53909893,0.846209,-0.11346028922297313,0.13119785941039214,0.9848420620415899,-3.7195838180257534,9.160341264260584,12.042381019821137,12.130206068295902,9.676744235012961
05/17/2023 13:14:38.614889,4381,True,True,True,True,Eyes,1.891594,0.09306495,-3.212559,-0.6532948,-0.4659801,0.5967147,0.0,0.0,0.0,0.0,0.0,0.0,0.0,0.8001964,2.088403,3.001255,1.710001,0.08217698,-3.328425,0.2934189,-0.325478,0.09188966,0.8941621,35.77081,319.3886,358.116,0.5279984,0.0258011,-0.8488529,0.0,0.0,0.0,1.135059,-0.4568218,-2.480984,0.1131752,0.1365387,1.229409,0.7712407,-0.02667435,0.6359846,-0.3553314,0.8109231,0.4649121,-0.5281359,-0.5845444,0.6159387,moving,-6.482501630931431,7.614903590138844,5.259630068134833,6.33732368828703,-0.5749420000000001,-0.53899878,0.8474410000000003,-0.11191664094676762,0.1316817088216569,0.9849540981894236,-3.673170321057798,9.164810950036543,11.72305589215618,11.811429517371403,9.369610824816354
05/17/2023 13:14:38.634992,4382,True,True,True,True,Eyes,1.883288,0.09228648,-3.21696,-0.6492373,-0.4669565,0.6003687,0.0,0.0,0.0,0.0,0.0,0.0,0.0,0.7913275,2.095055,2.993555,1.698519,0.08027656,-3.329477,0.2947579,-0.3233649,0.0907236,0.8946074,35.87782,319.606,357.9981,0.5259359,0.02571722,-0.8501349,0.0,0.0,0.0,1.133007,-0.4585344,-2.480822,0.1093669,0.1409873,1.230782,0.7744087,-0.02830472,0.6320522,-0.3529527,0.809774,0.4687115,-0.5250863,-0.5860589,0.6171058,moving,-6.3771066618671535,7.656299141011701,5.077947675291719,6.534804678182208,-0.5655119999999998,-0.53881096,0.8486549999999999,-0.11009371175203131,0.1324204225311223,0.9850605193959249,-3.616531662979593,9.173855320150018,11.420852861624338,11.509822748305881,9.086174071329333
05/17/2023 13:14:38.644915,4383,True,True,True,True,Eyes,1.874806,0.09147106,-3.22124,-0.6451614,-0.4679895,0.6039475,0.0,0.0,0.0,0.0,0.0,0.0,0.0,0.7822168,2.10331,2.984318,1.686743,0.07845161,-3.330266,0.2964263,-0.3212902,0.08927984,0.8949487,36.01111,319.7968,357.8267,0.5238624,0.02562113,-0.8514171,0.0,0.0,0.0,1.130816,-0.460363,-2.480649,0.1054797,0.1443382,1.232244,0.7776035,-0.0306759,0.6280062,-0.3502795,0.8083212,0.4732032,-0.5221467,-0.5879421,0.6178082,moving,-6.258627858729349,7.716807472478504,4.892574223260599,6.6808646604221895,-0.5559270000000001,-0.53881461,0.8496169999999998,-0.10804086866018342,0.13349088347573668,0.9851433102064289,-3.5501408404597354,9.189407820201513,11.110148811977904,11.199218070170259,8.807509661172443
05/17/2023 13:14:38.664799,4384,True,True,True,True,Eyes,1.86619,0.09062959,-3.225381,-0.6411371,-0.4690346,0.6074125,0.0,0.0,0.0,0.0,0.0,0.0,0.0,0.7736691,2.110815,2.975381,1.67488,0.07672196,-3.331049,0.2980037,-0.3192837,0.08781109,0.8952882,36.13371,319.9794,357.6538,0.521777,0.02551317,-0.8526999,0.0,0.0,0.0,1.128727,-0.462106,-2.480484,0.1010752,0.146327,1.233793,0.7806942,-0.03306302,0.624038,-0.3475279,0.806966,0.4775251,-0.5193658,-0.5896717,0.6185034,moving,-6.139287338093175,7.766351948109662,4.683345504171369,6.763646042887598,-0.5461529999999999,-0.53882796,0.850565,-0.10597595992173797,0.1343727461173592,0.9852478080002847,-3.4854877126880774,9.200678508831516,10.780879667742738,10.868983428583848,8.524609279311925
05/17/2023 13:14:38.685163,4385,True,True,True,True,Eyes,1.857409,0.08982611,-3.229362,-0.637077,-0.4700647,0.610878,0.0,0.0,0.0,0.0,0.0,0.0,0.0,0.7693408,2.115708,2.967225,1.663,0.07527095,-3.33186,0.2991861,-0.3177034,0.08677492,0.895557,36.22899,320.129,357.5359,0.5196794,0.02539395,-0.8539835,0.0,0.0,0.0,1.126548,-0.4639245,-2.480312,0.09569764,0.1480242,1.235527,0.7830693,-0.03468113,0.6209668,-0.3455287,0.8059155,0.4807392,-0.5171194,-0.591014,0.6191044,moving,-5.980591328803197,7.798744578354175,4.428997006814371,6.831845387977571,-0.5364519999999999,-0.53919545,0.8515479999999997,-0.10323819169095083,0.13496879598839537,0.9854568264946546,-3.4060348339953816,9.20275924792237,10.368395679228438,10.454397321767345,8.185899857546573
05/17/2023 13:14:38.695204,4386,True,True,True,True,Eyes,1.848462,0.08926842,-3.233127,-0.6330677,-0.4711608,0.6141928,0.0,0.0,0.0,0.0,0.0,0.0,0.0,0.7655288,2.117052,2.960198,1.650481,0.07536121,-3.331808,0.300117,-0.3162053,0.08566226,0.8958828,36.29288,320.2722,357.4179,0.5175686,0.0252657,-0.8552681,0.0,0.0,0.0,1.124426,-0.4656956,-2.480144,0.0890246,0.1495734,1.236918,0.7853523,-0.03631046,0.6179831,-0.3432839,0.8051835,0.4835656,-0.5151483,-0.591913,0.619888,moving,-5.8221163628800925,7.795653534378962,4.116646121134317,6.894972425650047,-0.5260550000000002,-0.5410568099999999,0.851664,-0.10051233442108876,0.13495350579764584,0.9857407517770166,-3.3335931910206513,9.191179543100997,9.896608852417637,9.979490276225206,7.796065221290272
05/17/2023 13:14:38.714666,4387,True,True,True,True,Eyes,1.839363,0.08869259,-3.236766,-0.6286615,-0.4726701,0.6175497,0.0,0.0,0.0,0.0,0.0,0.0,0.0,0.7572401,2.121759,2.950291,1.637514,0.08073373,-3.330395,0.3024922,-0.3145168,0.08332835,0.8958985,36.47137,320.3491,357.0796,0.5154452,0.02513611,-0.8565534,0.0,0.0,0.0,1.122285,-0.467482,-2.479975,0.08321989,0.1487833,1.238613,0.7882712,-0.04097021,0.6139626,-0.3395852,0.8031098,0.4895883,-0.5131379,-0.5944209,0.6191553,moving,-5.621192084957492,7.8667207208465015,3.843809980119927,6.849601662008747,-0.5152289999999999,-0.54821573,0.8504200000000002,-0.09703791303304149,0.13622326919872976,0.9859141957337625,-3.2271459797806026,9.205396763446998,9.439901884527423,9.519495536622243,7.453065728062063
05/17/2023 13:14:38.734699,4388,True,True,True,True,Eyes,1.830196,0.08826554,-3.240314,-0.6242741,-0.4743857,0.6206771,0.0,0.0,0.0,0.0,0.0,0.0,0.0,0.7346669,2.153182,2.926647,1.625022,0.07976053,-3.330786,0.3075385,-0.3096039,0.08503863,0.895731,37.12818,320.9455,357.2619,0.5133079,0.02500487,-0.85784,0.0,0.0,0.0,1.120244,-0.4691856,-2.479814,0.0789535,0.1457788,1.239599,0.7938277,-0.03808675,0.6069489,-0.3427737,0.796377,0.498287,-0.5023382,-0.6036001,0.619131,moving,-5.84643528560437,8.407616295289404,3.6444043343496304,6.707266578795272,-0.504778,-0.54894613,0.8509719999999996,-0.10077901561614422,0.14547012887764196,0.9842164591061631,-3.225641240320512,9.42861598425648,9.555657457381718,9.64195135074173,7.389402464654965
05/17/2023 13:14:38.744895,4389,True,True,True,True,Eyes,1.820906,0.08788523,-3.243696,-0.6194957,-0.4763597,0.6239443,0.0,0.0,0.0,0.0,0.0,0.0,0.0,0.7464074,2.167695,2.908513,1.614181,0.08296116,-3.332118,0.310354,-0.3088523,0.08852044,0.8946814,37.59061,321.0896,357.5906,0.5111574,0.02487623,-0.8591269,0.0,0.0,0.0,1.118111,-0.4709654,-2.479645,0.07679123,0.1419936,1.240463,0.7935488,-0.03331188,0.6075941,-0.3501022,0.791689,0.5006564,-0.4977034,-0.6100153,0.6165814,moving,-5.610471303483695,8.792417682206741,3.542391713948755,6.530123911991523,-0.49607,-0.55392656,0.8524729999999998,-0.09662670200922624,0.152139798628021,0.9836242868785396,-3.041953615419133,9.561445226896874,9.341810275459764,9.428301783387996,7.24862140896931
05/17/2023 13:14:38.764798,4390,True,True,True,True,Eyes,1.811553,0.0875956,-3.246963,-0.6146761,-0.4784061,0.627137,0.0,0.0,0.0,0.0,0.0,0.0,0.0,0.7227682,2.190191,2.890056,1.60199,0.08373371,-3.331422,0.3143694,-0.3039736,0.08976648,0.8948264,38.11087,321.708,357.7807,0.5089935,0.02475125,-0.8604143,0.0,0.0,0.0,1.115884,-0.4728242,-2.47947,0.07412398,0.1395125,1.240844,0.7990841,-0.03046917,0.6004467,-0.3517708,0.7862277,0.5080388,-0.4875674,-0.6171853,0.6175439,moving,-5.815362456429156,9.177806031333775,3.4186007570719674,6.415027168118834,-0.4861059999999999,-0.55655791,0.8519519999999998,-0.10003898187115223,0.15869867164992624,0.9822458220426047,-3.0613485528120243,9.723399909876745,9.54613443695443,9.638413960570444,7.275649335768787
05/17/2023 13:14:38.784562,4391,True,True,True,True,Eyes,1.802147,0.08735293,-3.250084,-0.6096503,-0.4804215,0.6304932,0.0,0.0,0.0,0.0,0.0,0.0,0.0,0.7103618,2.199365,2.880741,1.59106,0.08565335,-3.331918,0.3164648,-0.3009815,0.089922,0.8950833,38.36395,322.0776,357.842,0.5068173,0.02463208,-0.8617013,0.0,0.0,0.0,1.113892,-0.4744861,-2.479312,0.07203841,0.1393416,1.240431,0.8026483,-0.02952471,0.5957213,-0.3514754,0.7835281,0.5123951,-0.4818928,-0.6206545,0.6185204,moving,-5.789078902418597,9.306649054657987,3.3237365862677444,6.409349810344693,-0.4771679999999998,-0.56013945,0.8526059999999998,-0.0995521941276265,0.16091497951869338,0.9819346776692703,-3.0241458485856088,9.771331332161944,9.469351778702809,9.562308771522705,7.183211757964566
05/17/2023 13:14:38.795314,4392,True,True,True,True,Eyes,1.792672,0.08713076,-3.253085,-0.6045256,-0.4823504,0.6339455,0.0,0.0,0.0,0.0,0.0,0.0,0.0,0.6845576,2.205736,2.875935,1.579791,0.08655203,-3.331916,0.3180631,-0.2964869,0.08897807,0.8961107,38.52097,322.6396,357.8659,0.50463,0.02451947,-0.8629873,0.0,0.0,0.0,1.111477,-0.4765014,-2.479121,0.06869513,0.1414021,1.240152,0.8083568,-0.02913464,0.5879713,-0.3480715,0.7818376,0.5172777,-0.4747688,-0.6228011,0.6218628,moving,-5.925079361504148,9.326928040385422,3.1705168627608704,6.504771863099191,-0.4683139999999999,-0.5630534300000001,0.852795,-0.10187747558988658,0.16122436393674108,0.9816453997479921,-3.0828818259499218,9.788061776041994,9.428558695959888,9.523362650023303,7.0629305399672315
05/17/2023 13:14:38.814787,4393,True,True,True,True,Eyes,1.783111,0.08696148,-3.255987,-0.5991811,-0.4841155,0.637663,0.0,0.0,0.0,0.0,0.0,0.0,0.0,0.6538311,2.204173,2.878345,1.568603,0.08681844,-3.33207,0.318352,-0.2915591,0.08718316,0.8977997,38.4968,323.2738,357.8698,0.5024323,0.0244134,-0.8642717,0.0,0.0,0.0,1.109544,-0.4781153,-2.478969,0.06427842,0.144689,1.23895,0.8147848,-0.02909083,0.5790331,-0.3421829,0.7821022,0.5207946,-0.4680134,-0.6224709,0.6272905,moving,-6.098326707602847,9.17046826791294,2.9699206025999914,6.661032895924985,-0.4590589999999999,-0.5649337400000001,0.8531009999999997,-0.10489222380693086,0.1584932010798003,0.9817725989773676,-3.1931998951814045,9.739121097213587,9.314305643064351,9.409058144425794,6.889026146349374
05/17/2023 13:14:38.834761,4394,True,True,True,True,Eyes,1.773465,0.08685926,-3.258769,-0.5937581,-0.4857586,0.6414747,0.0,0.0,0.0,0.0,0.0,0.0,0.0,0.6255493,2.19745,2.88403,1.557398,0.0878612,-3.332345,0.3179784,-0.2870684,0.08496156,0.8995906,38.38045,323.8474,357.8286,0.5002233,0.02431467,-0.8655548,0.0,0.0,0.0,1.107434,-0.4798755,-2.478802,0.06144959,0.1480961,1.237987,0.8207466,-0.02970185,0.5705199,-0.3354243,0.7833425,0.5233212,-0.4624561,-0.6208803,0.6329631,moving,-6.212701315928593,8.930287027279638,2.8416412344648228,6.821678489659607,-0.44996400000000003,-0.5677367,0.8535430000000002,-0.10692297354194374,0.1543426989763203,0.9822146906513431,-3.2926848009157643,9.654056017892373,9.203615062901084,9.296631055645308,6.756649936972172
05/17/2023 13:14:38.844867,4395,True,True,True,True,Eyes,1.763768,0.08677314,-3.261446,-0.5881326,-0.4873346,0.6454496,0.0,0.0,0.0,0.0,0.0,0.0,0.0,0.596194,2.190382,2.889255,1.545633,0.08935489,-3.332274,0.3176129,-0.28224,0.08315441,0.9014145,38.2826,324.4841,357.8555,0.4980037,0.02422443,-0.8668363,0.0,0.0,0.0,1.105271,-0.4816809,-2.478631,0.05970186,0.1515144,1.236674,0.8268518,-0.02937295,0.5616522,-0.3291993,0.7844148,0.5256627,-0.4560086,-0.6195407,0.6389253,moving,-6.3573564935940485,8.716169009851921,2.763873851738237,6.984934129099397,-0.44036200000000014,-0.57103579,0.8536429999999999,-0.10946589603283527,0.1506291109856456,0.9825111919003684,-3.4010514722988425,9.581020328816713,9.191921914310095,9.284073309972554,6.689242693109317
05/17/2023 13:14:38.864897,4396,True,True,True,True,Eyes,1.754032,0.08669027,-3.264046,-0.5824938,-0.4888515,0.6494037,0.0,0.0,0.0,0.0,0.0,0.0,0.0,0.5760239,2.184808,2.891994,1.534391,0.08964196,-3.33263,0.3171169,-0.278157,0.08304878,0.9028668,38.23074,325.0849,358.0702,0.4957737,0.02414233,-0.8681158,0.0,0.0,0.0,1.103076,-0.4835127,-2.478458,0.05828351,0.1547644,1.235117,0.8314632,-0.02645263,0.5549499,-0.3263806,0.7850794,0.5264276,-0.4496052,-0.61883,0.644131,moving,-6.444666635184643,8.57551476804822,2.7017066029323606,7.142133659520729,-0.4313150000000001,-0.57315466,0.8541720000000002,-0.11100430550593263,0.14819125730434363,0.982709202705502,-3.4686821327218724,9.532537476756694,9.166397331736658,9.258008685091326,6.617229598445631
05/17/2023 13:14:38.884605,4397,True,True,True,True,Eyes,1.744242,0.08662349,-3.266569,-0.5767595,-0.4904323,0.6533183,0.0,0.0,0.0,0.0,0.0,0.0,0.0,0.5646827,2.182477,2.891216,1.523651,0.08963516,-3.333415,0.3169797,-0.2750136,0.0838938,0.9037994,38.25161,325.577,358.3435,0.4935341,0.02406769,-0.869393,0.0,0.0,0.0,1.101074,-0.4851836,-2.4783,0.05617392,0.157849,1.23312,0.8346587,-0.02270111,0.5502994,-0.3259938,0.7849715,0.5268282,-0.4439289,-0.6191159,0.6477828,moving,-6.428511923300696,8.519287921420407,2.608265979994608,7.294637001464912,-0.422577,-0.57481876,0.8551150000000001,-0.11074328844136155,0.14723113804634738,0.9828830443614339,-3.472184627507919,9.509809416832338,9.028529849491262,9.11938181837092,6.4713884460819235
05/17/2023 13:14:38.894929,4398,True,True,True,True,Eyes,1.734409,0.08658479,-3.269015,-0.5709732,-0.4921165,0.6571233,0.0,0.0,0.0,0.0,0.0,0.0,0.0,0.5492175,2.18673,2.88586,1.51284,0.08994813,-3.333893,0.3180798,-0.2715999,0.08381786,0.9044519,38.3823,326.0323,358.453,0.4912849,0.02400022,-0.8706679,0.0,0.0,0.0,1.098837,-0.4870499,-2.478123,0.05416441,0.1602105,1.23156,0.8384162,-0.0211624,0.5446196,-0.3243993,0.7835997,0.5298458,-0.4379765,-0.6209056,0.6501176,moving,-6.409989440873198,8.550687348670388,2.5182642177838233,7.411839322437615,-0.4140029999999999,-0.5769980299999999,0.8557700000000001,-0.11041647522111434,0.14777515877173855,0.9828381252999461,-3.457533260811265,9.520696138269567,8.90943159626604,9.000593770422968,6.336989235817298
05/17/2023 13:14:38.915025,4399,True,True,True,True,Eyes,1.724538,0.08654701,-3.271416,-0.5650627,-0.4940434,0.6607763,0.0,0.0,0.0,0.0,0.0,0.0,0.0,0.5335217,2.198553,2.87484,1.50193,0.09062008,-3.334513,0.3204331,-0.268069,0.08390672,0.9046665,38.66426,326.4745,358.5336,0.4890262,0.02394002,-0.8719401,0.0,0.0,0.0,1.09675,-0.4887919,-2.477958,0.05279714,0.1619735,1.229379,0.8421974,-0.01998116,0.538799,-0.3236115,0.7805646,0.5347845,-0.431253,-0.6247557,0.6509233,moving,-6.388311406317497,8.715043667339394,2.4591241352156135,7.505620266228593,-0.4051800000000001,-0.57941198,0.8565549999999997,-0.10999716891383515,0.150600919066996,0.9824561265846213,-3.415538189477634,9.582615814151941,8.836133367952822,8.929715595960362,6.231016605279084
05/17/2023 13:14:38.934937,4400,True,True,True,True,Eyes,1.714647,0.0865465,-3.273763,-0.5591581,-0.4961403,0.6642191,0.0,0.0,0.0,0.0,0.0,0.0,0.0,0.5255224,2.21574,2.858905,1.491337,0.09064046,-3.335673,0.3233214,-0.2649775,0.08590102,0.9043624,39.07396,326.9205,358.821,0.4867581,0.02388638,-0.8732098,0.0,0.0,0.0,1.094618,-0.4905714,-2.47779,0.05288053,0.1621906,1.227348,0.8448159,-0.01597448,0.5348186,-0.3267171,0.7761686,0.5392758,-0.4237241,-0.6303231,0.6505004,moving,-6.348377819768093,9.017310787485878,2.467074114054573,7.527859594693536,-0.3967189999999998,-0.58121186,0.8578829999999997,-0.10922335352531845,0.15579517142141713,0.9817322010054291,-3.338274971767411,9.696487769851213,8.842344691549291,8.940394714622409,6.197178888037835
05/17/2023 13:14:38.945218,4401,True,True,True,True,Eyes,1.704734,0.08659266,-3.276038,-0.5532954,-0.4983209,0.6674882,0.0,0.0,0.0,0.0,0.0,0.0,0.0,0.5296212,2.232409,2.84096,1.480932,0.09159066,-3.336713,0.3261866,-0.2631847,0.08910568,0.9035466,39.52033,327.2357,359.2073,0.484481,0.0238397,-0.8744766,0.0,0.0,0.0,1.092473,-0.4923613,-2.477621,0.05358875,0.1602448,1.225111,0.845588,-0.01067239,0.5337294,-0.3327169,0.7713249,0.542547,-0.4174691,-0.6363521,0.6486723,moving,-6.182977003298834,9.368823799708888,2.5046327922951224,7.451995298193548,-0.3884589999999999,-0.58395196,0.859092,-0.10628364397519965,0.1618670569089969,0.9810723006426094,-3.193592872497465,9.821113721892015,8.795430590305102,8.896560878492409,6.171101832931332
05/17/2023 13:14:38.964475,4402,True,True,True,True,Eyes,1.694787,0.08669145,-3.278244,-0.5474936,-0.5004791,0.6706499,0.0,0.0,0.0,0.0,0.0,0.0,0.0,0.5315921,2.242676,2.827671,1.470426,0.09279611,-3.337236,0.3282463,-0.2615022,0.09110516,0.9030896,39.83061,327.5093,359.4686,0.4821959,0.02380057,-0.8757398,0.0,0.0,0.0,1.090304,-0.4941712,-2.477449,0.05496264,0.1570626,1.222733,0.846633,-0.007122025,0.5321296,-0.3362265,0.7679084,0.5452232,-0.4125099,-0.64052,0.6477419,moving,-6.000026239734465,9.572743588007192,2.5737498453028147,7.319679722215782,-0.38012200000000007,-0.58696731,0.8597869999999999,-0.10308894999654497,0.16541364270964223,0.9808215205336377,-3.0695609727855064,9.887708771676571,8.76364591464902,8.864870734516783,6.200139529754727
05/17/2023 13:14:38.984631,4403,True,True,True,True,Eyes,1.684817,0.08681648,-3.280376,-0.5417238,-0.5025041,0.6738138,0.0,0.0,0.0,0.0,0.0,0.0,0.0,0.5317569,2.243851,2.821805,1.459967,0.09415539,-3.337641,0.3290397,-0.2601263,0.09146225,0.9031622,39.93633,327.7032,359.5536,0.4799025,0.0237697,-0.8769995,0.0,0.0,0.0,1.088248,-0.495887,-2.477287,0.05737311,0.1541191,1.220031,0.8479379,-0.005973285,0.5300618,-0.3363942,0.766735,0.546769,-0.409683,-0.641936,0.6481344,moving,-5.771889655518605,9.566085134910793,2.6924046155017054,7.199692238651137,-0.3717189999999999,-0.59004239,0.8603540000000001,-0.09918359290832152,0.16536565415008073,0.9812323366048439,-2.9657058706791286,9.870187729695402,8.690907104185072,8.788861862943087,6.256657289760825
05/17/2023 13:14:38.994740,4404,True,True,True,True,Eyes,1.67483,0.0869448,-3.282447,-0.5360868,-0.5043657,0.676924,0.0,0.0,0.0,0.0,0.0,0.0,0.0,0.5276784,2.237931,2.82226,1.449415,0.09488577,-3.337982,0.328732,-0.2586116,0.09043732,0.9038121,39.86646,327.8874,359.511,0.4776012,0.023747,-0.8782555,0.0,0.0,0.0,1.086027,-0.4977411,-2.477112,0.05988967,0.1515166,1.216952,0.8498823,-0.006551138,0.5269318,-0.3335045,0.7675126,0.5474478,-0.4080133,-0.6410003,0.6501106,moving,-5.560555780233445,9.381511297570816,2.817415273248247,7.097089162129504,-0.3633879999999998,-0.59262687,0.8608699999999998,-0.09561362946636029,0.16226077559944138,0.9821045732552451,-2.904238938681371,9.785201938510241,8.59106818188494,8.683834606086839,6.321651462982857
05/17/2023 13:14:39.015005,4405,True,True,True,True,Eyes,1.664821,0.08706994,-3.284449,-0.5304313,-0.5060748,0.6800961,0.0,0.0,0.0,0.0,0.0,0.0,0.0,0.5222371,2.230485,2.824622,1.439021,0.09507747,-3.338632,0.3281008,-0.2570268,0.08902191,0.9046338,39.74591,328.0733,359.4339,0.4752923,0.02373177,-0.8795075,0.0,0.0,0.0,1.083815,-0.4995871,-2.476937,0.06222534,0.1493183,1.213605,0.8520247,-0.00759693,0.5234466,-0.3297259,0.76885,0.54786,-0.406614,-0.6393841,0.6525742,moving,-5.352310886744155,9.153206411621895,2.935164250366149,7.014247587663661,-0.35520600000000013,-0.59466457,0.8616950000000001,-0.09210199697804275,0.15839878432790563,0.9830700990906187,-2.852711041291258,9.683565276561126,8.471657279959329,8.559053043345989,6.37375535426637
05/17/2023 13:14:39.034961,4406,True,True,True,True,Eyes,1.654798,0.08717236,-3.286402,-0.5248247,-0.5076638,0.6832543,0.0,0.0,0.0,0.0,0.0,0.0,0.0,0.5124224,2.222385,2.827902,1.428427,0.09510069,-3.339035,0.3273203,-0.254781,0.08770367,0.9056799,39.612,328.3635,359.4104,0.4729768,0.02372324,-0.8807551,0.0,0.0,0.0,1.081777,-0.5012874,-2.476776,0.0642826,0.1475772,1.209908,0.8547894,-0.007927085,0.5189144,-0.3256529,0.770339,0.5482045,-0.4040857,-0.6375854,0.6558961,moving,-5.228767644962578,8.918548232372864,3.0412741675631367,6.954238039147861,-0.3466499999999999,-0.59638809,0.8622589999999999,-0.09003975885194665,0.15440049727509186,0.9838969795136621,-2.8414605352685327,9.585032560030672,8.416776933401927,8.500123888281351,6.4441948601052585
05/17/2023 13:14:39.045645,4407,True,True,True,True,Eyes,1.644766,0.08724948,-3.288295,-0.5190381,-0.5092763,0.6864672,0.0,0.0,0.0,0.0,0.0,0.0,0.0,0.5019623,2.217345,2.829394,1.418016,0.09464793,-3.339809,0.3268423,-0.2521979,0.08708677,0.9066346,39.53722,328.7247,359.4839,0.4706545,0.02372012,-0.8819984,0.0,0.0,0.0,1.079643,-0.503068,-2.476608,0.06670797,0.1455158,1.206097,0.8576242,-0.006946125,0.51423,-0.3227697,0.77118,0.548727,-0.4003754,-0.6365793,0.6591406,moving,-5.142573316384509,8.746732510350927,3.1657444821521636,6.879493387826722,-0.33837300000000003,-0.59771593,0.8632009999999997,-0.08860017982938806,0.151468991643116,0.9844832494125828,-2.8351880785222963,9.513166807918514,8.434925365541144,8.515557913734499,6.553428666084719
05/17/2023 13:14:39.064477,4408,True,True,True,True,Eyes,1.634724,0.08729643,-3.290138,-0.5131831,-0.5108661,0.6896804,0.0,0.0,0.0,0.0,0.0,0.0,0.0,0.4891052,2.21549,2.82857,1.407548,0.09413229,-3.340415,0.3267637,-0.2489753,0.08736735,0.9075262,39.53859,329.2068,359.6927,0.4683258,0.02372122,-0.8832371,0.0,0.0,0.0,1.077613,-0.5047625,-2.476447,0.06977755,0.1448394,1.201845,0.8607565,-0.004135878,0.5090002,-0.3212885,0.7711849,0.5495886,-0.3948063,-0.6365978,0.6624736,moving,-5.13934046753434,8.65820012331348,3.322787930685906,6.871815441431206,-0.3299350000000001,-0.59889479,0.8639680000000003,-0.08856540150892447,0.14994807193998502,0.984719181176047,-2.850936966762871,9.478835687075804,8.567961956357287,8.648629212749798,6.701599336768778
05/17/2023 13:14:39.084452,4409,True,True,True,True,Eyes,1.624685,0.08732383,-3.291928,-0.5070602,-0.5125402,0.6929594,0.0,0.0,0.0,0.0,0.0,0.0,0.0,0.4729788,2.217578,2.825289,1.397195,0.09346431,-3.341068,0.3272048,-0.2450924,0.08823711,0.9083398,39.61893,329.7971,359.9931,0.4659912,0.02372532,-0.8844709,0.0,0.0,0.0,1.075542,-0.5064907,-2.476284,0.07343227,0.1446338,1.197507,0.8642879,-9.222579e-05,0.5029975,-0.3206894,0.7703025,0.5511736,-0.3875111,-0.6376787,0.6657335,moving,-5.2018112405851396,8.646862340035588,3.5090378847119172,6.886773976877375,-0.32165299999999997,-0.59995501,0.8647839999999998,-0.08964188982130913,0.1497387412140172,0.9846536822951232,-2.881938383133452,9.478561383120784,8.80413961906988,8.88688941811551,6.896516484089968
05/17/2023 13:14:39.104999,4410,True,True,True,True,Eyes,1.614629,0.08732275,-3.293683,-0.5008286,-0.5142289,0.6962323,0.0,0.0,0.0,0.0,0.0,0.0,0.0,0.4526726,2.22236,2.82058,1.386699,0.09306113,-3.341837,0.328082,-0.2405569,0.08915798,0.9091454,39.75035,330.4738,0.3182387,0.4636511,0.02373159,-0.8856997,0.0,0.0,0.0,1.073399,-0.5082795,-2.476114,0.07747221,0.144762,1.192922,0.8683665,0.004270345,0.4959047,-0.3199599,0.7688261,0.5536534,-0.3789001,-0.6394438,0.6689891,moving,-5.329884090722157,8.684994916524015,3.7157550689754824,6.919055799756729,-0.3132999999999999,-0.60134063,0.865723,-0.09183383260116665,0.15036386307285216,0.984356297083556,-2.933543967317856,9.501652686347729,9.129911274622051,9.216405414888401,7.133230989718547
05/17/2023 13:14:39.114844,4411,True,True,True,True,Eyes,1.604545,0.08728424,-3.295413,-0.4945214,-0.5160766,0.6993665,0.0,0.0,0.0,0.0,0.0,0.0,0.0,0.4315795,2.228311,2.815129,1.37614,0.0923917,-3.342796,0.3291372,-0.235966,0.08979313,0.9099045,39.89203,331.1423,0.6030974,0.4613053,0.02373907,-0.8869235,0.0,0.0,0.0,1.07116,-0.5101479,-2.475938,0.08170539,0.1445627,1.188501,0.8725145,0.008076009,0.4885215,-0.3187367,0.7672118,0.5565906,-0.3703044,-0.6413431,0.6719775,moving,-5.4558522831062595,8.72046505962125,3.9327017665632287,6.935074839275975,-0.30498000000000003,-0.6025396,0.8668579999999997,-0.0939893834759925,0.1509427170591948,0.9840641571606807,-2.9846979096065116,9.523579957378756,9.466652749608718,9.556807279759798,7.385849783627982
05/17/2023 13:14:39.136186,4412,True,True,True,True,Eyes,1.594442,0.08721773,-3.297113,-0.488161,-0.5179322,0.7024565,0.0,0.0,0.0,0.0,0.0,0.0,0.0,0.4126126,2.234547,2.809036,1.365548,0.09150323,-3.343806,0.3302405,-0.2316886,0.09032158,0.9105514,40.03495,331.7607,0.8575367,0.4589536,0.02374662,-0.8881425,0.0,0.0,0.0,1.069079,-0.5118844,-2.475773,0.08688346,0.1435732,1.184152,0.8763249,0.01145896,0.4815843,-0.3175108,0.7655664,0.559549,-0.3622729,-0.6432549,0.6745232,moving,-5.540283498069062,8.756661856525827,4.196379604706703,6.913116589095948,-0.2964690000000001,-0.6033876300000001,0.868033,-0.09543052999974905,0.1515435063082835,0.9838331361312488,-3.016565332067542,9.54306441113772,9.816306341059144,9.909655267970631,7.677447506013928
05/17/2023 13:14:39.146387,4413,True,True,True,True,Eyes,1.584341,0.08712273,-3.298768,-0.4817428,-0.5199098,0.7054202,0.0,0.0,0.0,0.0,0.0,0.0,0.0,0.3954196,2.240958,2.802423,1.354937,0.09078214,-3.344806,0.3314608,-0.227765,0.09050003,0.9110798,40.18068,332.3098,1.043597,0.4565956,0.02375347,-0.8893569,0.0,0.0,0.0,1.066803,-0.5137836,-2.475594,0.09212598,0.1400333,1.18016,0.8798656,0.01391514,0.4750187,-0.3158959,0.7638869,0.5627491,-0.3550299,-0.6452,0.6765137,moving,-5.57476842530926,8.783915385871214,4.463587235584708,6.766860249107632,-0.2881340000000001,-0.60456574,0.8692120000000001,-0.0960158019239992,0.15200286232473925,0.9837052809057689,-3.027153174905969,9.555828136366966,10.144425461855672,10.23899876937908,7.993092879075148
05/17/2023 13:14:39.164840,4414,True,True,True,True,Eyes,1.574211,0.0870012,-3.300396,-0.475305,-0.5218528,0.7083466,0.0,0.0,0.0,0.0,0.0,0.0,0.0,0.3773389,2.246226,2.796529,1.344202,0.09003752,-3.345669,0.332583,-0.2238961,0.09009559,0.9116697,40.29746,332.8268,1.152965,0.454232,0.02375892,-0.8905663,0.0,0.0,0.0,1.064765,-0.5154845,-2.475433,0.0978604,0.1342475,1.177658,0.8835066,0.01534675,0.4681672,-0.3132029,0.7625427,0.5660676,-0.3483101,-0.6467559,0.6785181,moving,-5.592354425744293,8.778422389039058,4.750220639556246,6.503377335764074,-0.27943699999999994,-0.60552202,0.8702359999999998,-0.09631921483995226,0.1519040875673404,0.9836909324871046,-3.0363284227789205,9.554864018141021,10.495890210262155,10.589838949474512,8.36312843814302
05/17/2023 13:14:39.184470,4415,True,True,True,True,Eyes,1.564037,0.0868469,-3.30201,-0.468747,-0.5238623,0.7112275,0.0,0.0,0.0,0.0,0.0,0.0,0.0,0.3590517,2.249892,2.791928,1.333297,0.08928861,-3.346661,0.3334926,-0.2201077,0.0892578,0.9123422,40.37679,333.3167,1.207879,0.451862,0.0237624,-0.8917711,0.0,0.0,0.0,1.06268,-0.5172245,-2.475268,0.09559029,0.143624,1.172503,0.8871713,0.01605869,0.4611608,-0.3096759,0.7616315,0.5692261,-0.3420935,-0.6478114,0.6806705,moving,-5.589373788391305,8.726836121828315,4.660827341386942,6.983570724749903,-0.2706169999999999,-0.60651311,0.8713930000000003,-0.09628124800145749,0.15101891119722397,0.9838308929234876,-3.0449994394141724,9.534787971327452,10.299666266487888,10.397384163603759,8.117171663513492
05/17/2023 13:14:39.195013,4416,True,True,True,True,Eyes,1.553827,0.08666151,-3.303598,-0.4621813,-0.525798,0.7140903,0.0,0.0,0.0,0.0,0.0,0.0,0.0,0.3406371,2.252511,2.788243,1.322238,0.08837946,-3.347837,0.3342188,-0.2163192,0.08825102,0.9130802,40.42997,333.8026,1.246925,0.4494849,0.02376321,-0.8929716,0.0,0.0,0.0,1.060498,-0.5190459,-2.475096,0.1014014,0.1463172,1.171228,0.8908356,0.01656464,0.4540239,-0.3057564,0.7610191,0.5721564,-0.3360432,-0.648518,0.6830075,moving,-5.584888141784129,8.652543362034585,4.948157899445084,7.12085951628708,-0.2617400000000001,-0.6074253599999999,0.872741,-0.09622309980677385,0.1497439453573394,0.9840314595175166,-3.057398164915422,9.505862488305432,10.543436038534159,10.643829870398072,8.353272836209507
05/17/2023 13:14:39.235042,4417,True,True,True,True,Eyes,1.543568,0.08644034,-3.305166,-0.4554864,-0.527746,0.7169492,0.0,0.0,0.0,0.0,0.0,0.0,0.0,0.3203454,2.253224,2.785946,1.311082,0.08744952,-3.348814,0.3346997,-0.2124128,0.08678648,0.9139612,40.44171,334.2886,1.238507,0.4471001,0.02376076,-0.894168,0.0,0.0,0.0,1.058272,-0.5209036,-2.47492,0.09823018,0.1510175,1.1672,0.8946978,0.01644994,0.4463689,-0.3008279,0.7608885,0.5749359,-0.3301793,-0.6486741,0.6857139,moving,-5.580625581425556,8.531599497932646,4.810609446223073,7.372225666542631,-0.25281,-0.6083531200000001,0.873894,-0.09618025422918619,0.14766705225160168,0.9843493571173458,-3.078983581035263,9.458972916955506,10.355209887557459,10.455711983444445,8.160894082321436
05/17/2023 13:14:39.244525,4418,True,True,True,True,Eyes,1.533258,0.08619126,-3.306725,-0.448772,-0.5295797,0.7198257,0.0,0.0,0.0,0.0,0.0,0.0,0.0,0.2988045,2.25297,2.784485,1.299774,0.0863883,-3.349871,0.3349978,-0.2083046,0.08528902,0.9149379,40.43137,334.8056,1.242471,0.444707,0.02375441,-0.8953608,0.0,0.0,0.0,1.056288,-0.5225588,-2.474763,0.09934908,0.15061,1.16536,0.89867,0.01650512,0.4383149,-0.2956315,0.7610044,0.5774723,-0.3240283,-0.6485367,0.6887713,moving,-5.598931219994507,8.39634038450516,4.872788270964715,7.364032389603848,-0.2434860000000001,-0.6089471,0.875108,-0.09652840382047598,0.14533796245737543,0.9846619465284467,-3.113758478442568,9.408045845589005,10.423186320510288,10.52247921802046,8.24396263872638
05/17/2023 13:14:39.245873,4419,True,True,True,True,Eyes,1.522907,0.08590482,-3.30826,-0.4420306,-0.5313342,0.7226983,0.0,0.0,0.0,0.0,0.0,0.0,0.0,0.2754538,2.250111,2.785385,1.288161,0.0854608,-3.351206,0.3348958,-0.2039829,0.0834741,0.9161157,40.3655,335.3456,1.227167,0.4423047,0.02374379,-0.8965502,0.0,0.0,0.0,1.054154,-0.5243403,-2.474595,0.09697527,0.1488141,1.163157,0.9028462,0.01631782,0.4296541,-0.2895699,0.7617537,0.5795521,-0.3178336,-0.6476613,0.6924714,moving,-5.637970088476216,8.208212026947805,4.765868482612474,7.29080394031085,-0.23400699999999985,-0.6098011,0.876611,-0.09724556349579302,0.1420941139690746,0.9850647082322151,-3.1683842958302617,9.338102792657981,10.348722475804397,10.444208663690114,8.194132031096895
05/17/2023 13:14:39.264737,4420,True,True,True,True,Eyes,1.512526,0.08557738,-3.309782,-0.4350163,-0.5330374,0.7256941,0.0,0.0,0.0,0.0,0.0,0.0,0.0,0.2533145,2.249713,2.783733,1.276748,0.08427612,-3.352217,0.3351513,-0.1997196,0.08207645,0.9170874,40.35418,335.889,1.253443,0.4398924,0.02372828,-0.8977367,0.0,0.0,0.0,1.051977,-0.5261567,-2.474423,0.09349969,0.1440296,1.161341,0.906751,0.01666995,0.4213367,-0.2844151,0.7618741,0.5819416,-0.3113046,-0.6475106,0.6955714,moving,-5.6554055122512645,8.082576612187644,4.602961284468373,7.069728010181127,-0.22477100000000005,-0.61043282,0.8777940000000002,-0.09757570961283865,0.1399292329140384,0.9853419551145176,-3.2008841788445874,9.290827521255132,10.217886936251448,10.30824677753819,8.113771444486433
05/17/2023 13:14:39.294924,4421,True,True,True,True,Eyes,1.502129,0.08523109,-3.311288,-0.4277127,-0.5347076,0.7288001,0.0,0.0,0.0,0.0,0.0,0.0,0.0,0.228104,2.24936,2.782519,1.26508,0.08296561,-3.353617,0.3353966,-0.1950342,0.08041662,0.9181526,40.33522,336.4799,1.266013,0.4374701,0.02370724,-0.8989201,0.0,0.0,0.0,1.049809,-0.527966,-2.474252,0.0912486,0.1369123,1.160234,0.9109896,0.01684184,0.4120852,-0.2784971,0.7620845,0.5845226,-0.3041993,-0.6472586,0.6989415,moving,-5.6968000004907555,7.9491562927059185,4.496868939603262,6.730010289040257,-0.215271,-0.6109316100000001,0.879365,-0.09831962601937269,0.13762423788138156,0.9855926020856892,-3.2459430306594674,9.242122632339887,10.181480160290809,10.266314014216176,8.140137936927246
05/17/2023 13:14:39.304679,4422,True,True,True,True,Eyes,1.491674,0.08485367,-3.312788,-0.4203557,-0.5362913,0.7319103,0.0,0.0,0.0,0.0,0.0,0.0,0.0,0.2032899,2.24813,2.781913,1.253284,0.08216134,-3.355143,0.3355362,-0.1903208,0.07890429,0.9192212,40.30815,337.0831,1.303089,0.4350378,0.02368069,-0.9001005,0.0,0.0,0.0,1.047596,-0.5298131,-2.474077,0.08839187,0.1293915,1.159033,0.9151042,0.01734194,0.4028443,-0.2727801,0.7623792,0.5868297,-0.2969434,-0.6468982,0.7023869,moving,-5.741695571312297,7.815507996597197,4.361132668293368,6.369979808409162,-0.2056880000000001,-0.61197444,0.8810660000000001,-0.09912372120215962,0.13531402210785537,0.985831914446018,-3.2926599762620974,9.193559389604044,10.126446980667582,10.205718503947669,8.158011001291431
05/17/2023 13:14:39.314746,4423,True,True,True,True,Eyes,1.481217,0.08444592,-3.314265,-0.4127579,-0.5378477,0.7350855,0.0,0.0,0.0,0.0,0.0,0.0,0.0,0.1751522,2.246362,2.781477,1.241342,0.08103133,-3.356478,0.3356271,-0.1852585,0.07694671,0.9203874,40.26502,337.7147,1.298055,0.4325946,0.02364832,-0.9012781,0.0,0.0,0.0,1.045625,-0.5314577,-2.473921,0.08657888,0.1239591,1.157228,0.919517,0.01728596,0.39267,-0.2659971,0.7628672,0.5893039,-0.2893684,-0.646324,0.7060674,moving,-5.801523730333189,7.662966110619003,4.278655450372247,6.114053963503297,-0.19571699999999992,-0.61248903,0.8825570000000003,-0.10018914324018646,0.13267467666558236,0.9860829024308404,-3.3499385246303715,9.138693680882977,10.123341239233477,10.198487199315881,8.206332399762811
05/17/2023 13:14:39.334758,4424,True,True,True,True,Eyes,1.470691,0.08401296,-3.315747,-0.4050999,-0.5393189,0.738261,0.0,0.0,0.0,0.0,0.0,0.0,0.0,0.1446718,2.244802,2.78086,1.229404,0.07989138,-3.357891,0.3358191,-0.1799983,0.07451954,0.9215601,40.22432,338.3486,1.234882,0.430141,0.02360985,-0.9024527,0.0,0.0,0.0,1.043519,-0.5332152,-2.473755,0.08646399,0.1204932,1.155634,0.9240949,0.01645473,0.3818087,-0.2582422,0.7633447,0.5921283,-0.2817083,-0.6457818,0.7096522,moving,-5.866968285665192,7.51270306529853,4.278870724618252,5.952486680758682,-0.18588499999999986,-0.61310658,0.8841359999999998,-0.10135065996216555,0.13007276777334242,0.9863109184264542,-3.4093620216313383,9.085074376696934,10.192624970456478,10.26510225907058,8.301929199484192
05/17/2023 13:14:39.350640,4425,True,True,True,True,Eyes,1.460123,0.08355554,-3.317231,-0.3972308,-0.5407662,0.7414712,0.0,0.0,0.0,0.0,0.0,0.0,0.0,0.1112082,2.242196,2.780983,1.217154,0.0788523,-3.359464,0.3359453,-0.1744492,0.07148381,0.9228209,40.16383,338.994,1.103898,0.4276757,0.02356518,-0.9036247,0.0,0.0,0.0,1.041305,-0.5350633,-2.47358,0.08642742,0.1190403,1.153899,0.9289151,0.01472271,0.3699999,-0.2491443,0.7640616,0.5950942,-0.2739414,-0.6449753,0.7134164,moving,-5.9378148595385305,7.337180071970401,4.283474762227108,5.8899989415704,-0.17584900000000014,-0.6139156,0.8858839999999999,-0.10261090040689255,0.1270341333880313,0.986576537341406,-3.4761939888017888,9.022074342843494,10.252839812631468,10.323230829357628,8.3679361520601
05/17/2023 13:14:39.364519,4426,True,True,True,True,Eyes,1.449474,0.08307239,-3.318736,-0.3893428,-0.5421211,0.7446589,0.0,0.0,0.0,0.0,0.0,0.0,0.0,0.07945633,2.239478,2.780938,1.204669,0.07781312,-3.361236,0.3360527,-0.1690642,0.06852145,0.924008,40.1057,339.6182,0.9738659,0.4251981,0.02351423,-0.9047945,0.0,0.0,0.0,1.039128,-0.5368795,-2.473408,0.08673051,0.1204697,1.152132,0.9334442,0.01299976,0.358487,-0.2402577,0.7647468,0.5978616,-0.2663798,-0.6441997,0.7169718,moving,-5.988800226503402,7.170995259737739,4.305007822295426,5.9692932395521785,-0.16554099999999994,-0.6146926199999999,0.8878279999999998,-0.10352674025237199,0.12416022186713563,0.9868467123544976,-3.532053299446588,8.961371163981834,10.294223469589918,10.363714193802991,8.388805477049726
05/17/2023 13:14:39.384624,4427,True,True,True,True,Eyes,1.438771,0.08255236,-3.320266,-0.3813154,-0.5434133,0.747864,0.0,0.0,0.0,0.0,0.0,0.0,0.0,0.04977,2.235828,2.781483,1.192002,0.07671268,-3.363228,0.3360176,-0.1639715,0.06543509,0.9251615,40.03086,340.1957,0.8142664,0.4227065,0.02345689,-0.9059628,0.0,0.0,0.0,1.037102,-0.5385704,-2.473248,0.08754703,0.1251171,1.150084,0.9376632,0.01088144,0.3473749,-0.2312707,0.7656208,0.6002822,-0.2594255,-0.6432002,0.720411,moving,-5.99476290046248,6.991595560457674,4.353090863121617,6.208763951462029,-0.15490000000000004,-0.61528308,0.88998,-0.10366934090229726,0.12106788125229725,0.9872159071226583,-3.5697341567882215,8.89262378631828,10.307844931417641,10.377422745584006,8.36506185926105
05/17/2023 13:14:39.394748,4428,True,True,True,True,Eyes,1.427994,0.08199742,-3.321816,-0.3733259,-0.5446151,0.7510141,0.0,0.0,0.0,0.0,0.0,0.0,0.0,0.0250603,2.231286,2.782783,1.179328,0.0753092,-3.36551,0.3357244,-0.1594647,0.0626741,0.9262463,39.93481,340.7083,0.6748307,0.4202006,0.02339275,-0.9071295,0.0,0.0,0.0,1.034972,-0.5403483,-2.47308,0.09059253,0.1295098,1.148525,0.9412858,0.00903088,0.3374897,-0.2231757,0.7667221,0.6019384,-0.2533248,-0.6419157,0.7237202,moving,-5.945749682412256,6.802148597725713,4.50999763791343,6.433601505723585,-0.14435599999999993,-0.6156575,0.8924300000000001,-0.10286535956975298,0.11781290894706767,0.9876937022395378,-3.584032182408303,8.816400510849913,10.392424111208415,10.462240629306944,8.437478878852883
05/17/2023 13:14:39.414770,4429,True,True,True,True,Eyes,1.417108,0.08147808,-3.323346,-0.3650542,-0.5459286,0.7541203,0.0,0.0,0.0,0.0,0.0,0.0,0.0,0.001747251,2.227658,2.782887,1.166732,0.07391912,-3.367521,0.3356325,-0.1551929,0.05985152,0.9271914,39.86406,341.1803,0.5085011,0.4176784,0.02332149,-0.9082953,0.0,0.0,0.0,1.034972,-0.5403483,-2.47308,0.09568274,0.1313728,1.144922,0.9446659,0.006812088,0.3279632,-0.2151632,0.7675372,0.6038141,-0.2476107,-0.6409682,0.726532,static,-5.849982886049453,6.630587629114072,4.777187845153427,6.545713289856397,-0.1317600000000001,-0.61426742,0.894441,-0.10124942866942083,0.11487407392844187,0.988206725559429,-3.5732980238868484,8.744005436437956,10.55765188171994,10.627509652011595,8.634992913185481
05/17/2023 13:14:39.434944,4430,True,True,True,True,Eyes,1.406137,0.08130366,-3.324865,-0.3566635,-0.5476567,0.7568774,0.0,0.0,0.0,0.0,0.0,0.0,0.0,-0.024014,2.232299,2.774629,1.153603,0.07428928,-3.368379,0.3373136,-0.1504778,0.05715468,0.9275286,40.01117,341.6926,0.3372893,0.4151391,0.0232448,-0.9094607,0.0,0.0,0.0,1.034972,-0.5403483,-2.47308,0.1016914,0.1291853,1.141776,0.9481795,0.00450881,0.317703,-0.2075416,0.7659058,0.608535,-0.2405868,-0.642937,0.7271519,static,-5.7886387964309804,6.6461832320376875,5.089575241909084,6.455231164667367,-0.11863099999999993,-0.61463758,0.8952990000000001,-0.10018805873000006,0.11515549445813789,0.9882821848550727,-3.5419868337615927,8.745994504301335,10.809156474308192,10.879889859551515,8.930367324156785
05/17/2023 13:14:39.450681,4431,True,True,True,True,Eyes,1.394995,0.08096401,-3.326499,-0.3475018,-0.5498993,0.7595086,0.0,0.0,0.0,0.0,0.0,0.0,0.0,-0.06109095,2.260618,2.747194,1.140506,0.08251125,-3.369516,0.3442744,-0.1443904,0.05349249,0.9261561,40.77962,342.2681,359.9746,0.412581,0.02317275,-0.9106258,0.0,0.0,0.0,1.034972,-0.5403483,-2.47308,0.107678,0.1241571,1.138565,0.9525799,-0.0003350734,0.3042883,-0.1985046,0.7572274,0.6222561,-0.2306239,-0.6531513,0.7212531,static,-5.76912972684502,7.22799559159873,5.402589603845178,6.223342956703696,-0.10553400000000002,-0.62285955,0.896436,-0.09972943194683406,0.12519073057374075,0.9871075807629405,-3.419704755708176,8.968938341567858,11.139780920314706,11.216801670731215,9.239652146265804
05/17/2023 13:14:39.464706,4432,True,True,True,True,Eyes,1.383783,0.08105385,-3.328102,-0.3387358,-0.5522164,0.7617842,0.0,0.0,0.0,0.0,0.0,0.0,0.0,-0.0879938,2.316934,2.697988,1.126059,0.07826557,-3.373564,0.3524167,-0.1356831,0.06045737,0.9239793,41.88651,343.766,1.238318,0.4100009,0.02310028,-0.9117923,0.0,0.0,0.0,1.034972,-0.5403483,-2.47308,0.1136385,0.1188799,1.13541,0.95587,0.01608876,0.2933491,-0.2073567,0.7442948,0.6348453,-0.2081243,-0.6676574,0.7147852,static,-6.334605155269846,8.262108939685406,5.715464488977586,5.977214566205043,-0.09108699999999992,-0.61861387,0.9004840000000001,-0.10920318934252612,0.14284236115634066,0.9837025898598323,-3.478979257367509,9.404540234058635,12.169605758847508,12.264783762022699,9.812459275748996
05/17/2023 13:14:39.485180,4433,True,True,True,True,Eyes,1.372459,0.08124372,-3.329673,-0.3301023,-0.5544599,0.7639415,0.0,0.0,0.0,0.0,0.0,0.0,0.0,-0.06152177,2.325529,2.687313,1.11316,0.08868726,-3.374393,0.355462,-0.1373,0.06163101,0.922495,42.27949,343.5511,1.246789,0.407398,0.02303932,-0.9129598,0.0,0.0,0.0,1.034972,-0.5403483,-2.47308,0.1180721,0.1133393,1.132119,0.9547007,0.0160988,0.297132,-0.2113184,0.7396968,0.6389,-0.2095021,-0.6727477,0.7095911,static,-5.633232689015593,8.534667715602874,5.954024286802144,5.716976856573904,-0.07818799999999992,-0.62903556,0.901313,-0.09708343230189158,0.14770675621271875,0.9842547667840632,-3.1026335582613624,9.463603903620314,11.835016310958938,11.92492792433951,9.801033902206953
05/17/2023 13:14:39.494608,4434,True,True,True,True,Eyes,1.361111,0.08154177,-3.331203,-0.3217786,-0.5561728,0.7662442,0.0,0.0,0.0,0.0,0.0,0.0,0.0,-0.06771916,2.324608,2.683284,1.099133,0.09128572,-3.3752,0.3561888,-0.1346211,0.06091435,0.9226571,42.3518,343.8933,1.279729,0.404772,0.02299153,-0.9141283,0.0,0.0,0.0,1.034972,-0.5403483,-2.47308,0.1216009,0.1095363,1.128883,0.9563332,0.01650505,0.2918123,-0.2083072,0.738838,0.6408795,-0.2050243,-0.673681,0.7100134,static,-5.413051238537963,8.500750574179957,6.148074869575577,5.5420997813159625,-0.06416099999999991,-0.63163402,0.90212,-0.09330777939321007,0.1471774514436658,0.984699081447066,-3.007752889216687,9.436099207689066,11.847565253143356,11.933702334222154,9.94949312685149
05/17/2023 13:14:39.514885,4435,True,True,True,True,Eyes,1.349753,0.08185747,-3.332709,-0.3137991,-0.5575304,0.7685636,0.0,0.0,0.0,0.0,0.0,0.0,0.0,-0.04919279,2.300827,2.700057,1.086972,0.0941092,-3.375821,0.3527342,-0.1356272,0.06103018,0.9238285,41.93496,343.8004,1.315792,0.4021238,0.02295862,-0.9152971,0.0,0.0,0.0,1.034972,-0.5403483,-2.47308,0.1234007,0.1070805,1.125592,0.9557612,0.01708217,0.2936473,-0.2084435,0.7437078,0.6351771,-0.2075376,-0.6682866,0.7143678,static,-4.851553027085101,8.0150749839183,6.256454719424154,5.43434219939571,-0.052000000000000046,-0.6344575,0.9027410000000002,-0.08375407649302241,0.13894373934138907,0.9867522086616085,-2.843520173666419,9.212118615807732,11.329796821142297,11.403859776480038,9.852976083766652
05/17/2023 13:14:39.535030,4436,True,True,True,True,Eyes,1.338467,0.0821666,-3.334144,-0.3058563,-0.5584344,0.7711051,0.0,0.0,0.0,0.0,0.0,0.0,0.0,-0.04151922,2.27762,2.716392,1.075397,0.09479791,-3.376773,0.3492711,-0.1355438,0.05987012,0.9252313,41.49413,343.7979,1.231981,0.399455,0.0229396,-0.9164655,0.0,0.0,0.0,1.034972,-0.5403483,-2.47308,0.1235894,0.1063455,1.122383,0.9560869,0.0161044,0.2926405,-0.2054705,0.7488506,0.6300831,-0.2089969,-0.6625432,0.7192752,static,-4.382555476322052,7.521437062370883,6.283717658713245,5.4126017028358815,-0.04042499999999993,-0.63514621,0.9036930000000001,-0.0757617706437863,0.130520932793278,0.9885466963228143,-2.7234728422897536,8.991133113499332,10.80799049442823,10.872744325367023,9.692025989361749
05/17/2023 13:14:39.550831,4437,True,True,True,True,Eyes,1.327199,0.08246234,-3.335509,-0.2979245,-0.5590913,0.7737299,0.0,0.0,0.0,0.0,0.0,0.0,0.0,-0.05232608,2.252178,2.733219,1.064378,0.0948409,-3.376927,0.3455449,-0.1331336,0.05785582,0.9271068,41.00456,344.0898,1.159406,0.3967692,0.02293292,-0.9176316,0.0,0.0,0.0,1.034972,-0.5403483,-2.47308,0.1226881,0.1065474,1.119488,0.9578563,0.01526979,0.2868417,-0.1992843,0.7545029,0.6253089,-0.2068745,-0.6561191,0.7257484,static,-4.1578192539459815,6.988569458507612,6.254259490862559,5.436755987452299,-0.029406000000000043,-0.6351892,0.9038469999999998,-0.07196809143461638,0.1213558286755812,0.9899966688083711,-2.723648055576323,8.771040999059316,10.46867980286257,10.527084536425196,9.57707055685774
05/17/2023 13:14:39.564905,4438,True,True,True,True,Eyes,1.315954,0.08275703,-3.33681,-0.2894635,-0.5595903,0.7765755,0.0,0.0,0.0,0.0,0.0,0.0,0.0,-0.08209044,2.231525,2.744746,1.053451,0.09477522,-3.376586,0.3428585,-0.1282578,0.05487642,0.9289707,40.62365,344.6698,1.057546,0.3940684,0.02293701,-0.9187946,0.0,0.0,0.0,1.034972,-0.5403483,-2.47308,0.122091,0.107373,1.116569,0.961077,0.01400863,0.2759252,-0.1899057,0.7588733,0.6229342,-0.2006658,-0.6510876,0.731996,static,-4.1421120218719585,6.566887995097781,6.240203754906294,5.492863308116492,-0.018478999999999912,-0.63512352,0.9035060000000001,-0.071759080285034,0.1140682151079142,0.9908778964056725,-2.798517839506966,8.607500946688825,10.382335276537614,10.437720532615533,9.560306254557123
05/17/2023 13:14:39.584927,4439,True,True,True,True,Eyes,1.30471,0.08300996,-3.338061,-0.2803685,-0.560146,0.7795063,0.0,0.0,0.0,0.0,0.0,0.0,0.0,-0.1209562,2.216565,2.750992,1.042594,0.09499331,-3.376347,0.3410766,-0.1217346,0.052694,0.9306292,40.36549,345.5107,1.130718,0.3913545,0.02295079,-0.9199536,0.0,0.0,0.0,1.034972,-0.5403483,-2.47308,0.1223958,0.1084509,1.113525,0.964808,0.0150355,0.262525,-0.1811188,0.7617803,0.6220022,-0.1906342,-0.6476611,0.7376949,static,-4.285632042091763,6.270840140126556,6.27262377753359,5.562733401406926,-0.007622000000000018,-0.63534161,0.903267,-0.07428401498140648,0.10892665636084617,0.9912703856669121,-2.922314613785664,8.502816180400059,10.527170287726694,10.581974348205195,9.653547470618701
05/17/2023 13:14:39.595307,4440,True,True,True,True,Eyes,1.2935,0.08323724,-3.339266,-0.2710562,-0.5607042,0.7823933,0.0,0.0,0.0,0.0,0.0,0.0,0.0,-0.1630146,2.211819,2.748414,1.031819,0.09421731,-3.376236,0.3405626,-0.1139661,0.052678,0.9318015,40.29179,346.6201,1.543504,0.3886283,0.02297213,-0.9211079,0.0,0.0,0.0,1.034972,-0.5403483,-2.47308,0.1237777,0.1095264,1.110537,0.9684736,0.02054571,0.2482678,-0.175796,0.7624843,0.6226665,-0.1765072,-0.6466805,0.7420577,static,-4.602991353412097,6.1790357861030545,6.359796726825534,5.6325649624448495,0.0031529999999999614,-0.63456561,0.9031560000000001,-0.07978771433667231,0.10729243540523012,0.9910207834786886,-3.086466432784707,8.488239760562719,10.919342165125101,10.976399812930921,9.868473348660126
05/17/2023 13:14:39.614757,4441,True,True,True,True,Eyes,1.282328,0.0834511,-3.340433,-0.2615409,-0.5613346,0.785175,0.0,0.0,0.0,0.0,0.0,0.0,0.0,-0.1975172,2.214465,2.74017,1.021299,0.09380168,-3.376321,0.34109,-0.1068292,0.05406485,0.9323745,40.36079,347.6998,2.101417,0.3858915,0.02299959,-0.9222571,0.0,0.0,0.0,1.034972,-0.5403483,-2.47308,0.1256361,0.1101004,1.107482,0.971329,0.02794067,0.2360915,-0.1736941,0.7614692,0.6244958,-0.1623276,-0.6475986,0.7444903,static,-4.867539542789955,6.24124796416329,6.472136770865717,5.677408992694752,0.013673000000000046,-0.63414998,0.903241,-0.08435310130518679,0.10832755882609402,0.9905299846314327,-3.1962868208766486,8.529557343894659,11.293518479047577,11.35368544941378,10.08033555823479
05/17/2023 13:14:39.635252,4442,True,True,True,True,Eyes,1.271176,0.08364736,-3.341553,-0.251206,-0.5621524,0.7879596,0.0,0.0,0.0,0.0,0.0,0.0,0.0,-0.2300518,2.223213,2.726887,1.010906,0.09368274,-3.376508,0.3426767,-0.09991266,0.05556041,0.9324716,40.55479,348.748,2.650987,0.3831458,0.02303219,-0.9234005,0.0,0.0,0.0,1.034972,-0.5403483,-2.47308,0.1280842,0.1100982,1.104562,0.973861,0.03514152,0.2244099,-0.1720925,0.7589714,0.6279701,-0.1482529,-0.650175,0.7451802,static,-5.055289372620272,6.42010711625032,6.61443505157383,5.6922062546528265,0.02406599999999992,-0.63403104,0.9034279999999999,-0.08756866229198511,0.11138813048591284,0.9899113699039754,-3.247996265719966,8.610794774502306,11.628577520538052,11.69240385040419,10.285218054885108
05/17/2023 13:14:39.650598,4443,True,True,True,True,Eyes,1.260031,0.08386131,-3.342637,-0.2404023,-0.5631356,0.7906232,0.0,0.0,0.0,0.0,0.0,0.0,0.0,-0.2570983,2.235733,2.710159,1.00054,0.09347069,-3.376351,0.3448449,-0.09360442,0.05756332,0.9322053,40.82182,349.7378,3.239505,0.3803923,0.02306892,-0.9245373,0.0,0.0,0.0,1.034972,-0.5403483,-2.47308,0.130839,0.1098578,1.101741,0.9758494,0.04276367,0.2142179,-0.1718797,0.755537,0.632156,-0.1348162,-0.6537089,0.7446405,static,-5.1587649864566245,6.667757323138362,6.772532078024157,5.694306430917571,0.03443200000000002,-0.63381899,0.9032710000000002,-0.08931252285408381,0.11564779843450432,0.9892668366975516,-3.247467498454662,8.713018958207204,11.903199667450835,11.970942163441153,10.46484671818231
05/17/2023 13:14:39.665025,4444,True,True,True,True,Eyes,1.248945,0.08408734,-3.343659,-0.2296329,-0.5642167,0.79305,0.0,0.0,0.0,0.0,0.0,0.0,0.0,-0.2729976,2.250962,2.692303,0.990589,0.09417127,-3.376348,0.3474899,-0.08883482,0.05997604,0.9315375,41.15176,350.5349,3.807567,0.377631,0.02310989,-0.9256675,0.0,0.0,0.0,1.034972,-0.5403483,-2.47308,0.1335379,0.1088682,1.098905,0.9770225,0.05000145,0.2071881,-0.1734783,0.7513073,0.6367438,-0.1238238,-0.6580557,0.7427182,static,-5.100898916703283,6.97172306457501,6.928558001841235,5.657814357035331,0.04438299999999995,-0.63451957,0.9032680000000002,-0.08825768153369305,0.12090582305223543,0.9887327340710729,-3.161608171534974,8.826370017628637,12.030196703091402,12.10099953916482,10.57597269193824
05/17/2023 13:14:39.685298,4445,True,True,True,True,Eyes,1.237918,0.08434447,-3.344616,-0.2187067,-0.5653777,0.7953084,0.0,0.0,0.0,0.0,0.0,0.0,0.0,-0.2817283,2.26752,2.673265,0.9808314,0.09470689,-3.37585,0.3502914,-0.08494939,0.06293915,0.9306548,41.50566,351.2423,4.41389,0.3748643,0.02315503,-0.9267902,0.0,0.0,0.0,1.034972,-0.5403483,-2.47308,0.1359965,0.1076572,1.096174,0.9776445,0.05763515,0.2022112,-0.1766633,0.7466692,0.6413074,-0.114023,-0.662694,0.7401591,static,-4.949412893255944,7.295711146560041,7.072246068224228,5.60913226517191,0.05414059999999998,-0.63505519,0.9027699999999999,-0.08558279854375984,0.12652444155963927,0.9882647244914591,-3.028699245597825,8.941300381246457,12.066242799802176,12.1393917685064,10.636373469684461
05/17/2023 13:14:39.694698,4446,True,True,True,True,Eyes,1.226978,0.08462036,-3.345495,-0.2079165,-0.5665752,0.7973477,0.0,0.0,0.0,0.0,0.0,0.0,0.0,-0.2876344,2.28188,2.656106,0.9715842,0.09574676,-3.375124,0.352914,-0.08178329,0.06526307,0.929787,41.83169,351.8199,4.899367,0.3720939,0.02320481,-0.9279047,0.0,0.0,0.0,1.034972,-0.5403483,-2.47308,0.1384881,0.1055236,1.093862,0.9781045,0.06363656,0.1981466,-0.1790864,0.7423849,0.645595,-0.1060176,-0.6669446,0.7375264,static,-4.7115387806848235,7.574747110958164,7.2155279630022475,5.510206594535106,0.0633878,-0.63609506,0.9020440000000001,-0.08142722753880936,0.13138177419049468,0.9879820438390976,-2.8647257732919575,9.033243829172825,12.030878220263824,12.104430951197934,10.67816963457301
05/17/2023 13:14:39.714986,4447,True,True,True,True,Eyes,1.216124,0.08490372,-3.346306,-0.1971672,-0.5677268,0.7992567,0.0,0.0,0.0,0.0,0.0,0.0,0.0,-0.2980477,2.290991,2.642571,0.9626485,0.09649307,-3.374115,0.3549154,-0.07858601,0.0659622,0.9292515,42.06543,352.3186,5.163138,0.3693222,0.0232593,-0.92901,0.0,0.0,0.0,1.034972,-0.5403483,-2.47308,0.1407693,0.1044862,1.09122,0.9789464,0.06680817,0.1928743,-0.1783737,0.739368,0.649244,-0.09923032,-0.6699788,0.7357185,static,-4.444367582234894,7.742467380396317,7.350660531349965,5.4694950412814025,0.07232349999999999,-0.63684137,0.9010350000000003,-0.07678882546794256,0.13432287493557624,0.9879578625838582,-2.7089241328881943,9.080367193390803,11.939018886396056,12.012039437774034,10.688013908853913
05/17/2023 13:14:39.734767,4448,True,True,True,True,Eyes,1.20536,0.08518626,-3.347035,-0.1865885,-0.5688588,0.8009897,0.0,0.0,0.0,0.0,0.0,0.0,0.0,-0.313724,2.293595,2.634142,0.9540033,0.09704834,-3.373153,0.3561054,-0.07537065,0.06471164,0.9291505,42.18338,352.7142,5.154598,0.3665512,0.02331827,-0.9301053,0.0,0.0,0.0,1.034972,-0.5403483,-2.47308,0.1427327,0.1037607,1.088888,0.9802634,0.0665739,0.1861496,-0.1739335,0.7380027,0.6519963,-0.09397301,-0.6715057,0.7350164,static,-4.148055952023255,7.771614897570179,7.467819993453891,5.443308539050062,0.0809687,-0.63739664,0.9000729999999999,-0.07167304839597118,0.13487695921155038,0.9882668071848077,-2.5666740016668914,9.072176237332224,11.776079847207512,11.84692299628219,10.670508446636962
05/17/2023 13:14:39.750562,4449,True,True,True,True,Eyes,1.194723,0.08546134,-3.347677,-0.1760365,-0.569924,0.8026193,0.0,0.0,0.0,0.0,0.0,0.0,0.0,-0.3402222,2.291037,2.628381,0.9453776,0.09732918,-3.37191,0.3568899,-0.07145771,0.06093469,0.929414,42.22978,353.0706,4.823475,0.3637834,0.02338127,-0.9311899,0.0,0.0,0.0,1.034972,-0.5403483,-2.47308,0.1447601,0.1025839,1.087077,0.9823615,0.06226203,0.1763216,-0.1642722,0.7378331,0.6546885,-0.08933364,-0.6721054,0.7350468,static,-3.8706780793640876,7.710929437857757,7.585140493308391,5.390851101049558,0.08959439999999996,-0.63767748,0.8988300000000002,-0.06689704248045521,0.1338746466098426,0.9887377410330802,-2.4506429354786006,9.030606010805286,11.62069115894612,11.688393502056405,10.675428086620533
05/17/2023 13:14:39.764595,4450,True,True,True,True,Eyes,1.184151,0.08569966,-3.348254,-0.1655884,-0.5709613,0.8041043,0.0,0.0,0.0,0.0,0.0,0.0,0.0,-0.3774791,2.285635,2.623146,0.9364564,0.09727252,-3.370623,0.3575082,-0.06643349,0.05556563,0.9298854,42.24221,353.4988,4.325677,0.3610211,0.02344771,-0.9322625,0.0,0.0,0.0,1.034972,-0.5403483,-2.47308,0.1463819,0.1014535,1.085068,0.984998,0.05583831,0.1632814,-0.1508404,0.7382008,0.6575004,-0.08382072,-0.6722661,0.735549,static,-3.68404240075034,7.611846738507939,7.683143592188421,5.34160682560996,0.09851560000000004,-0.63762082,0.8975430000000002,-0.06369048373426432,0.1321924027580053,0.9891757884852929,-2.383913011063762,8.980186394666376,11.526603266504255,11.591674023202094,10.704433190666293
05/17/2023 13:14:39.784847,4451,True,True,True,True,Eyes,1.173666,0.08590405,-3.348757,-0.1553103,-0.5719135,0.8054773,0.0,0.0,0.0,0.0,0.0,0.0,0.0,-0.4132345,2.279803,2.618279,0.9273702,0.09664784,-3.369613,0.3578767,-0.06137874,0.0507546,0.9303661,42.23269,353.9622,3.911533,0.3582657,0.02351623,-0.9333233,0.0,0.0,0.0,1.034972,-0.5403483,-2.47308,0.1479493,0.1006753,1.08322,0.9873132,0.05050866,0.1505371,-0.1383727,0.7386965,0.6596822,-0.0778816,-0.6721432,0.7363138,static,-3.5257533920928683,7.505545485740361,7.777497691905749,5.309860044720645,0.10760179999999997,-0.63699614,0.8965330000000002,-0.06097225028049732,0.13037912444548377,0.9895876364366074,-2.331654090249303,8.92884304451214,11.451631028887505,11.514535145798195,10.737410661208246
05/17/2023 13:14:39.804940,4452,True,True,True,True,Eyes,1.163234,0.08606664,-3.349191,-0.1451277,-0.5728272,0.8067261,0.0,0.0,0.0,0.0,0.0,0.0,0.0,-0.4422872,2.275002,2.612769,0.9180156,0.09600113,-3.36836,0.3581667,-0.05675161,0.04742223,0.930724,42.22866,354.4456,3.687346,0.3555183,0.02358569,-0.9343714,0.0,0.0,0.0,1.034972,-0.5403483,-2.47308,0.1496145,0.09976411,1.081637,0.9890608,0.04762093,0.1396103,-0.1289271,0.7389355,0.6613261,-0.07167005,-0.6720911,0.7369918,static,-3.36412088305477,7.420842130980101,7.875310547092903,5.269730507925442,0.11695639999999996,-0.63634943,0.8952800000000001,-0.058191428536167586,0.1289374626707558,0.9899439070741775,-2.2736485732087504,8.885604060258972,11.382577789014542,11.44343043356459,10.773853199854694
05/17/2023 13:14:39.814867,4453,True,True,True,True,Eyes,1.152877,0.08618179,-3.349548,-0.135067,-0.5736672,0.8078755,0.0,0.0,0.0,0.0,0.0,0.0,0.0,-0.4659635,2.272688,2.605817,0.9088008,0.09516519,-3.367126,0.3585676,-0.05242505,0.04551671,0.9309184,42.25,354.965,3.651978,0.3527794,0.02365485,-0.9354072,0.0,0.0,0.0,1.034972,-0.5403483,-2.47308,0.1519534,0.09902877,1.080206,0.9903597,0.04714884,0.1302485,-0.1223405,0.7387151,0.6628218,-0.06496526,-0.6723667,0.7373618,static,-3.2131556231127196,7.378519050960296,8.007299906400966,5.237996100579721,0.12617120000000004,-0.63551349,0.8940459999999999,-0.05558805888606742,0.1282252248338602,0.990185959186796,-2.212307499808933,8.859397134289502,11.363314366072563,11.42280441883254,10.842274714469031
05/17/2023 13:14:39.834946,4454,True,True,True,True,Eyes,1.142577,0.08627318,-3.349821,-0.1250847,-0.5745236,0.8088735,0.0,0.0,0.0,0.0,0.0,0.0,0.0,-0.4865485,2.273604,2.596072,0.8997829,0.0941451,-3.365579,0.3593493,-0.04822888,0.04457609,0.9308894,42.32449,355.5197,3.747935,0.3500502,0.02372243,-0.9364303,0.0,0.0,0.0,1.034972,-0.5403483,-2.47308,0.1552595,0.09822154,1.078904,0.9913739,0.04832879,0.1218283,-0.1176529,0.7377622,0.6647292,-0.05775474,-0.6733287,0.737084,static,-3.0767325569235373,7.395581007414949,8.188921368035192,5.201768852303742,0.13518909999999995,-0.6344934,0.8924989999999999,-0.053228073381772545,0.1285366307605574,0.9902752116912195,-2.146105737152593,8.857029687534824,11.418451870666487,11.47727189400215,10.962377344287162
05/17/2023 13:14:39.850571,4455,True,True,True,True,Eyes,1.132313,0.08632731,-3.350007,-0.1151662,-0.575354,0.8097559,0.0,0.0,0.0,0.0,0.0,0.0,0.0,-0.509966,2.274764,2.585126,0.8907664,0.09368012,-3.363815,0.3604607,-0.04385285,0.04289337,0.9307551,42.43578,356.0602,3.747063,0.3473307,0.02378793,-0.9374406,0.0,0.0,0.0,1.034972,-0.5403483,-2.47308,0.1597461,0.09736651,1.077639,0.9924742,0.04823198,0.1125553,-0.1114609,0.7364565,0.6672393,-0.05070979,-0.6747633,0.73629,static,-2.9428229832736923,7.445460342824251,8.431957096136193,5.162752646857171,0.14420560000000004,-0.63402842,0.8907350000000003,-0.05090764007236731,0.1294143655159378,0.9902830053593868,-2.0746723070224,8.867474386266192,11.542975875898303,11.601567837157496,11.14065638020339
05/17/2023 13:14:39.864536,4456,True,True,True,True,Eyes,1.122095,0.08634732,-3.350109,-0.1053509,-0.576229,0.8104698,0.0,0.0,0.0,0.0,0.0,0.0,0.0,-0.5342301,2.27693,2.572542,0.8816741,0.092892,-3.361816,0.3618358,-0.03943477,0.04087844,0.9305099,42.57912,356.5894,3.701544,0.3446215,0.02385056,-0.9384384,0.0,0.0,0.0,1.034972,-0.5403483,-2.47308,0.1646899,0.09695274,1.076191,0.9935477,0.04753777,0.1029715,-0.1046134,0.7348077,0.6701595,-0.04380632,-0.6766077,0.7350395,static,-2.8103051210645336,7.5217462500969825,8.700496058138352,5.147810670164725,0.1532979,-0.6332403,0.8887360000000002,-0.04860852710853597,0.13074773849125731,0.9902233128217142,-1.9987384707750409,8.888187055343987,11.694119131367747,11.753047005981337,11.33419758992666
05/17/2023 13:14:39.884828,4457,True,True,True,True,Eyes,1.111958,0.08633078,-3.350113,-0.0956164,-0.5770149,0.8111173,0.0,0.0,0.0,0.0,0.0,0.0,0.0,-0.5575973,2.278762,2.560196,0.8724937,0.09211823,-3.359843,0.3632439,-0.03526301,0.03849179,0.9302306,42.72777,357.0628,3.589786,0.3419224,0.02390967,-0.9394236,0.0,0.0,0.0,1.034972,-0.5403483,-2.47308,0.169184,0.09868753,1.074733,0.9945498,0.04599433,0.09356927,-0.09723063,0.7331445,0.6730865,-0.03764163,-0.6785158,0.7336207,static,-2.6448028647332427,7.605528449253947,8.946061498822043,5.246481283092602,0.16247829999999996,-0.63246653,0.8867630000000002,-0.04573903862972384,0.13221351270692672,0.9901653864548006,-1.9061419521122518,8.90962647991051,11.768080839416108,11.82849272842951,11.453774595016279
05/17/2023 13:14:39.895485,4458,True,True,True,True,Eyes,1.101863,0.08626161,-3.350023,-0.08596922,-0.5778086,0.811632,0.0,0.0,0.0,0.0,0.0,0.0,0.0,-0.5810643,2.278096,2.549292,0.8633175,0.09119459,-3.357471,0.3642682,-0.03111972,0.03598725,0.9300781,42.8308,357.525,3.460803,0.3392349,0.0239646,-0.940396,0.0,0.0,0.0,1.034972,-0.5403483,-2.47308,0.1724545,0.1071158,1.077718,0.9954729,0.04427005,0.08410556,-0.08961375,0.7320272,0.6753559,-0.03166952,-0.6798356,0.7326805,static,-2.4805739644442415,7.642710213700956,9.091293958994113,5.676060791539763,0.17165450000000004,-0.63154289,0.8843909999999999,-0.04289689359179364,0.1328728167884811,0.990204352406228,-1.8232063430885768,8.913190191528614,11.671778859026505,11.737795243877295,11.384433389345089
05/17/2023 13:14:39.914620,4459,True,True,True,True,Eyes,1.091844,0.08614262,-3.349841,-0.07630759,-0.5784856,0.8121156,0.0,0.0,0.0,0.0,0.0,0.0,0.0,-0.6053476,2.276545,2.538715,0.8541691,0.08987839,-3.35507,0.3650695,-0.02678023,0.03364196,0.9299867,42.90788,358.0247,3.367162,0.3365588,0.02401432,-0.9413558,0.0,0.0,0.0,1.034972,-0.5403483,-2.47308,0.1671358,0.1301246,1.075632,0.9963021,0.04301986,0.07437383,-0.08212645,0.731185,0.6772177,-0.02524721,-0.6808215,0.7320141,static,-2.342688548213162,7.664690528331468,8.83220658694508,6.897838403292783,0.1808029,-0.63022669,0.88199,-0.04051163729366324,0.13326597025242612,0.9902520759275357,-1.7553728621155273,8.912622353338111,11.117368420159233,11.201175985737375,10.777578250958364
05/17/2023 13:14:39.934579,4460,True,True,True,True,Eyes,1.081874,0.08597191,-3.34956,-0.0666961,-0.5791515,0.812487,0.0,0.0,0.0,0.0,0.0,0.0,0.0,-0.6278002,2.275285,2.528098,0.8451835,0.08851306,-3.352635,0.3657157,-0.02240323,0.03219238,0.9298999,42.96884,358.5811,3.406982,0.3338948,0.02405798,-0.9423029,0.0,0.0,0.0,1.034972,-0.5403483,-2.47308,0.1830366,0.1270761,1.079127,0.9969235,0.04348495,0.06521203,-0.0762578,0.7304313,0.6787155,-0.01811901,-0.6816005,0.7315002,static,-2.2374435559312915,7.6778609029268345,9.62662913092211,6.716120169530263,0.18978850000000003,-0.62886136,0.8795549999999999,-0.03869135289786671,0.13350321548111738,0.9902927978853502,-1.704299315006125,8.910798949050449,11.818094706010331,11.902989790687677,11.541514389022865
05/17/2023 13:14:39.949506,4461,True,True,True,True,Eyes,1.071914,0.08574854,-3.349163,-0.05717679,-0.5797211,0.8128064,0.0,0.0,0.0,0.0,0.0,0.0,0.0,-0.6508852,2.27371,2.517033,0.8363311,0.08710095,-3.3499,0.3663053,-0.01785857,0.03094025,0.9298087,43.02307,359.1737,3.486051,0.3312435,0.02409473,-0.9432373,0.0,0.0,0.0,1.034972,-0.5403483,-2.47308,0.1914652,0.1248403,1.079192,0.9974476,0.04445365,0.05587726,-0.0706204,0.7297264,0.6800824,-0.01054296,-0.6822927,0.7310031,static,-2.1618954691097247,7.693236668568182,10.06046597856437,6.598612986568258,0.1986409,-0.62744925,0.8768199999999999,-0.03738417113564511,0.13377562638877039,0.990306259958841,-1.666484092493183,8.91177218456475,12.18646640672877,12.271280306585172,11.952910249991527
05/17/2023 13:14:39.964778,4462,True,True,True,True,Eyes,1.062005,0.08546743,-3.348659,-0.04768997,-0.5802507,0.8130404,0.0,0.0,0.0,0.0,0.0,0.0,0.0,-0.6785955,2.269529,2.506202,0.8274377,0.08563102,-3.346687,0.3666784,-0.01281465,0.02902686,0.9298066,43.04902,359.8006,3.497532,0.3286037,0.02412384,-0.9441594,0.0,0.0,0.0,1.034972,-0.5403483,-2.47308,0.2045497,0.1123891,1.079681,0.9979864,0.04458102,0.04511733,-0.06337643,0.7294088,0.6811361,-0.002543247,-0.6826239,0.7307656,static,-2.12687610779342,7.681369154756889,10.727761122863651,5.942785484743555,0.20753429999999995,-0.62597932,0.8736070000000002,-0.03677989617613764,0.1335734957952777,0.9903561281577208,-1.6526539678548349,8.90490299054495,12.8958213641446,12.971675740220764,12.729839666573382
05/17/2023 13:14:39.984718,4463,True,True,True,True,Eyes,1.052127,0.08511826,-3.348029,-0.03820982,-0.5806493,0.8132567,0.0,0.0,0.0,0.0,0.0,0.0,0.0,-0.7084514,2.2616,2.497992,0.8186562,0.08396604,-3.343569,0.3665251,-0.007706728,0.02639165,0.9300019,43.01147,0.3927161,3.405756,0.3259759,0.02414445,-0.9450694,0.0,0.0,0.0,1.034972,-0.5403483,-2.47308,0.2155786,0.1020786,1.079265,0.9984881,0.04343916,0.03368095,-0.05473799,0.7299258,0.6813311,0.005011859,-0.6821448,0.7312,static,-2.080471769830613,7.610823988682458,11.295924783666132,5.403052873301422,0.21631580000000006,-0.62431434,0.8704890000000001,-0.03598370976225034,0.1323578730039026,0.9905486490402385,-1.6450020006835244,8.874673897756725,13.489070005791415,13.557368404462219,13.39849762381359
05/17/2023 13:14:39.994475,4464,True,True,True,True,Eyes,1.042282,0.08470107,-3.347289,-0.02871155,-0.5809947,0.8134007,0.0,0.0,0.0,0.0,0.0,0.0,0.0,-0.7437358,2.250943,2.489374,0.8096321,0.08196632,-3.339857,0.3661062,-0.001858935,0.02326708,0.9302803,42.94134,1.062759,3.283446,0.3233603,0.02415552,-0.9459674,0.0,0.0,0.0,1.034972,-0.5403483,-2.47308,0.2213949,0.09179163,1.078809,0.9989104,0.04192868,0.0204951,-0.04465095,0.7308498,0.6810762,0.01357778,-0.6812493,0.7319257,static,-2.102327896814004,7.512157435487902,11.597309914445743,4.863359585033983,0.22533990000000004,-0.62231462,0.8667769999999999,-0.03636987100273872,0.13065005863532958,0.9907611659496003,-1.6742880974670808,8.838081854147838,13.892841161919531,13.953358241379279,13.854014974237542
05/17/2023 13:14:40.014420,4465,True,True,True,True,Eyes,1.032441,0.08420801,-3.346426,-0.01918468,-0.5812035,0.8135321,0.0,0.0,0.0,0.0,0.0,0.0,0.0,-0.7749136,2.241954,2.480335,0.800468,0.07990744,-3.336431,0.3656874,0.003780537,0.02116911,0.9304894,42.87306,1.760755,3.297941,0.3207565,0.0241561,-0.9468533,0.0,0.0,0.0,1.034972,-0.5403483,-2.47308,0.2226429,0.08435649,1.078593,0.9990752,0.04216025,0.008447053,-0.03663027,0.7316492,0.6806965,0.02251805,-0.6803764,0.7325169,static,-2.126727185929131,7.430392090940116,11.66316951144224,4.471985448210191,0.23450400000000005,-0.6202557399999999,0.8633510000000002,-0.03679867073149878,0.12923401540585688,0.9909311102109146,-1.7014553862535424,8.808170021588245,14.048795639433946,14.103666927005982,14.05046957615694
05/17/2023 13:14:40.034590,4466,True,True,True,True,Eyes,1.022643,0.08365697,-3.345441,-0.009642244,-0.5813764,0.8135777,0.0,0.0,0.0,0.0,0.0,0.0,0.0,-0.8023357,2.234965,2.469796,0.7914152,0.07759404,-3.332619,0.3654257,0.009141537,0.01987628,0.9305835,42.82448,2.464684,3.413814,0.3181637,0.02414513,-0.947728,0.0,0.0,0.0,1.034972,-0.5403483,-2.47308,0.2202234,0.07922423,1.079275,0.9990427,0.04367417,-0.00248732,-0.03031197,0.732138,0.6804816,0.03154053,-0.6797547,0.7327611,static,-2.140859699559721,7.374670064849592,11.532744934245015,4.198269568000526,0.24355680000000002,-0.61794234,0.8595390000000003,-0.037047774025868035,0.12826906818638303,0.9910472611686746,-1.718819426919295,8.787621921373635,13.986994569367873,14.03769866459561,14.023769573174373
05/17/2023 13:14:40.049902,4467,True,True,True,True,Eyes,1.012844,0.08303718,-3.344318,-6.216764e-05,-0.5814734,0.8135654,0.0,0.0,0.0,0.0,0.0,0.0,0.0,-0.831186,2.227497,2.458712,0.7825562,0.07564176,-3.328628,0.3652383,0.01463646,0.01833323,0.9306185,42.78572,3.173927,3.500829,0.3155825,0.02412213,-0.9485912,0.0,0.0,0.0,1.034972,-0.5403483,-2.47308,0.2142404,0.07796437,1.079998,0.9988993,0.04481407,-0.01384993,-0.02343088,0.7325298,0.6803317,0.04063392,-0.6792583,0.7327735,static,-2.160333533598366,7.333143912709932,11.220165359325804,4.1289834268060135,0.25241579999999997,-0.61599006,0.8555480000000002,-0.0373881080494216,0.12754912537631957,0.9911273020363002,-1.735881154080357,8.772894859123646,13.709981228388976,13.7587933716214,13.763177490999466
05/17/2023 13:14:40.064780,4468,True,True,True,True,Eyes,1.003081,0.08237661,-3.343056,0.009514356,-0.5815976,0.813421,0.0,0.0,0.0,0.0,0.0,0.0,0.0,-0.8610016,2.220074,2.446318,0.7736261,0.0734011,-3.324251,0.3652334,0.02014425,0.01627449,0.9305558,42.77213,3.857077,3.514861,0.3130117,0.02408639,-0.9494435,0.0,0.0,0.0,1.034972,-0.5403483,-2.47308,0.2088101,0.07881004,1.08091,0.9986587,0.04500334,-0.02560272,-0.01557394,0.7326795,0.6803956,0.04937866,-0.6790842,0.7323977,static,-2.1665829664129466,7.31156621379334,10.933711566227544,4.1701035998751514,0.2613459,-0.6137494,0.8511709999999999,-0.03749802846839822,0.12717533403745318,0.9911711995464253,-1.7429632057316389,8.764988769323725,13.423356543961724,13.471692699752916,13.483732902814593
05/17/2023 13:14:40.084993,4469,True,True,True,True,Eyes,0.9933075,0.08165827,-3.341655,0.01896821,-0.5817289,0.8131615,0.0,0.0,0.0,0.0,0.0,0.0,0.0,-0.8951707,2.211257,2.432802,0.764645,0.0717731,-3.31959,0.3655239,0.02590217,0.01288372,0.9303524,42.80182,4.503823,3.352669,0.3104515,0.02403803,-0.950285,0.0,0.0,0.0,1.034972,-0.5403483,-2.47308,0.2038946,0.0819732,1.08188,0.9983262,0.04290853,-0.03877768,-0.005037078,0.7324526,0.6807995,0.05761491,-0.6794646,0.7314427,static,-2.170069208845341,7.325461283029148,10.672960667539577,4.332977144796835,0.270327,-0.6121214,0.8465099999999999,-0.037557169298381175,0.12741541538393486,0.9911380842873995,-1.7418644309569238,8.770572275848878,13.137492933919189,13.187053413226458,13.184086345795656
05/17/2023 13:14:40.094866,4470,True,True,True,True,Eyes,0.9835607,0.08089943,-3.340111,0.0283167,-0.5818906,0.8127739,0.0,0.0,0.0,0.0,0.0,0.0,0.0,-0.9267119,2.202802,2.419209,0.7552903,0.06970299,-3.314872,0.3659596,0.03115224,0.008999202,0.9300658,42.85711,5.050546,3.092017,0.3079015,0.02397672,-0.9511159,0.0,0.0,0.0,1.034972,-0.5403483,-2.47308,0.199993,0.08621675,1.082304,0.9978971,0.03954062,-0.05136057,0.00606122,0.7319852,0.6812937,0.06453394,-0.6801723,0.7302063,static,-2.1088609295368412,7.357455999593453,10.46927886500606,4.5545857999608765,0.27968170000000003,-0.61005129,0.8417919999999999,-0.03649568296173974,0.12797389577930915,0.9911057791742935,-1.707422615215279,8.778890245706261,12.83530691106616,12.88664743240274,12.888630919875421
05/17/2023 13:14:40.115411,4471,True,True,True,True,Eyes,0.973838,0.08009711,-3.338413,0.03751113,-0.581988,0.8123318,0.0,0.0,0.0,0.0,0.0,0.0,0.0,-0.9542576,2.192809,2.407781,0.7461303,0.06798858,-3.309848,0.3661847,0.03570073,0.004987499,0.9298438,42.89312,5.486324,2.771246,0.305361,0.0239026,-0.9519364,0.0,0.0,0.0,1.034972,-0.5403483,-2.47308,0.1987825,0.0907315,1.082927,0.9974012,0.0354213,-0.0627395,0.01687093,0.7317678,0.6813451,0.07004489,-0.6806329,0.7292686,static,-1.9742783598595754,7.371713843743989,10.401443529985425,4.789260006898998,0.2888417,-0.60833688,0.8367680000000002,-0.034166425285120594,0.1282311001601772,0.9911556440055536,-1.642615180038161,8.775562781007176,12.589100293195674,12.642292518140216,12.686605535656792
05/17/2023 13:14:40.135298,4472,True,True,True,True,Eyes,0.9641536,0.07926009,-3.33658,0.04664095,-0.5820849,0.8117893,0.0,0.0,0.0,0.0,0.0,0.0,0.0,-0.9830259,2.181618,2.396144,0.7371175,0.06614917,-3.304479,0.3663025,0.04040558,0.0008207038,0.9296178,42.91999,5.935334,2.436135,0.3028306,0.02381574,-0.9527466,0.0,0.0,0.0,1.034972,-0.5403483,-2.47308,0.1988789,0.09521252,1.082868,0.9967334,0.03112721,-0.07452223,0.02807545,0.7316436,0.681109,0.07572474,-0.6809763,0.7283798,static,-1.8563851132645361,7.377951918903993,10.406932158844254,5.024880331881935,0.2978545,-0.60649747,0.8313990000000002,-0.0321264389436745,0.12834769973625718,0.9912087754416891,-1.5870617115774612,8.770238634257954,12.43143967191834,12.487029126659886,12.565174005038315
05/17/2023 13:14:40.150027,4473,True,True,True,True,Eyes,0.9544739,0.07840116,-3.334583,0.05573307,-0.5820724,0.8112248,0.0,0.0,0.0,0.0,0.0,0.0,0.0,-1.013689,2.16751,2.386343,0.7282928,0.06448629,-3.299352,0.3659224,0.0454233,-0.00333872,0.9295302,42.88861,6.425997,2.114702,0.3003105,0.02371644,-0.9535463,0.0,0.0,0.0,1.034972,-0.5403483,-2.47308,0.2002579,0.09877622,1.082801,0.9958512,0.02703592,-0.08688807,0.03944968,0.7321793,0.6799685,0.08200122,-0.6805751,0.728075,static,-1.774967741776787,7.335830268240418,10.478133731005165,5.212259527674704,0.30667920000000004,-0.6048345900000001,0.8262719999999999,-0.03072078922626177,0.12762461271598938,0.9913467210854305,-1.5577370984554069,8.74866838652953,12.377965216719126,12.435756848398013,12.544655206120526
05/17/2023 13:14:40.164987,4474,True,True,True,True,Eyes,0.9448241,0.07754853,-3.332401,0.06478681,-0.5819901,0.8106109,0.0,0.0,0.0,0.0,0.0,0.0,0.0,-1.046209,2.149391,2.377815,0.7193066,0.06309747,-3.293487,0.3650008,0.05080678,-0.007546659,0.9295893,42.79431,6.962429,1.800727,0.2977999,0.02360533,-0.9543362,0.0,0.0,0.0,1.034972,-0.5403483,-2.47308,0.2020411,0.101231,1.082402,0.9947234,0.02305843,-0.09996795,0.05111961,0.733435,0.6778348,0.0889498,-0.6793684,0.7283863,static,-1.7335026396106348,7.237178128498931,10.573151375685907,5.343011589032705,0.3156654,-0.60344577,0.8204069999999999,-0.0300099260736322,0.1259202211517147,0.9915862749599527,-1.5578346684519009,8.707931021781583,12.392132336293841,12.451570179356814,12.589023202455277
05/17/2023 13:14:40.184760,4475,True,True,True,True,Eyes,0.9351763,0.07698158,-3.329983,0.07371862,-0.5819625,0.8098674,0.0,0.0,0.0,0.0,0.0,0.0,0.0,-1.07564,2.128724,2.371385,0.7103098,0.06238298,-3.286868,0.3635781,0.05596624,-0.01113932,0.9298145,42.63824,7.496497,1.556428,0.2952996,0.02348382,-0.9551158,0.0,0.0,0.0,1.034972,-0.5403483,-2.47308,0.2044849,0.1023611,1.081975,0.9934874,0.01998119,-0.1121764,0.06141121,0.7353737,0.6748735,0.0959764,-0.6773672,0.7293575,static,-1.6882918845072774,7.075531451299047,10.702229292830667,5.404427139332751,0.3246622,-0.60273128,0.8137880000000002,-0.029237816782229205,0.12312502247061574,0.9919603675727843,-1.568472057247674,8.642670866491699,12.442779632913338,12.502703894259533,12.690797219217503
05/17/2023 13:14:40.195278,4476,True,True,True,True,Eyes,0.9255165,0.07630452,-3.327481,0.08274567,-0.5822935,0.8087567,0.0,0.0,0.0,0.0,0.0,0.0,0.0,-1.098168,2.11432,2.360255,0.7011383,0.06867775,-3.278843,0.3644918,0.05996135,-0.01504331,0.9291524,42.77655,7.866486,1.229972,0.2928093,0.02336126,-0.9558852,0.0,0.0,0.0,1.034972,-0.5403483,-2.47308,0.206794,0.1032367,1.081265,0.9923567,0.01575579,-0.1223928,0.07166588,0.7338389,0.6755329,0.1004601,-0.6791409,0.7271008,static,-1.5043609385484875,7.1810144104509925,10.82718130338756,5.45393691117444,0.3338337,-0.60902605,0.8057630000000002,-0.02604725055594801,0.1249620639684578,0.9918195345667012,-1.4631559193683223,8.671265424102025,12.391561767851266,12.451896672923386,12.704471331352423
05/17/2023 13:14:40.214633,4477,True,True,True,True,Eyes,0.915908,0.07579567,-3.324912,0.09134272,-0.5828442,0.8074337,0.0,0.0,0.0,0.0,0.0,0.0,0.0,-1.116005,2.144771,2.31447,0.69109,0.06543335,-3.274201,0.3705798,0.06558881,-0.01302463,0.9263905,43.49661,8.871147,1.933881,0.2903275,0.02323459,-0.9566449,0.0,0.0,0.0,1.034972,-0.5403483,-2.47308,0.207986,0.1045829,1.08058,0.9910569,0.02447999,-0.131175,0.07274356,0.7250019,0.6848946,0.1118684,-0.6883117,0.7167374,static,-1.715689599208473,7.882880397525703,10.894840688303754,5.528099184819738,0.343882,-0.60578165,0.8011210000000002,-0.029657290106026073,0.13708825639065073,0.9901147857544939,-1.4238937226117727,8.955608355679608,12.761693446755993,12.828502199866364,12.786674180685251
05/17/2023 13:14:40.234795,4478,True,True,True,True,Eyes,0.9063879,0.07541375,-3.322145,0.09995546,-0.5836077,0.8058603,0.0,0.0,0.0,0.0,0.0,0.0,0.0,-1.101576,2.166444,2.29298,0.6831094,0.06902196,-3.270062,0.3757188,0.06452839,-0.01327903,0.9243891,44.13366,8.761203,1.911424,0.2878545,0.02310905,-0.957395,0.0,0.0,0.0,1.034972,-0.5403483,-2.47308,0.2090242,0.1059912,1.079902,0.9913195,0.02393907,-0.129277,0.07303904,0.7173181,0.692907,0.1093203,-0.6963344,0.709343,static,-1.1042714440492187,8.457815064990879,10.954620570691558,5.60556423577924,0.3518626,-0.6093702599999999,0.7969819999999999,-0.019062460751186415,0.14705445698968506,0.9889446262904559,-1.030130938823699,9.137100398995052,12.32655118530041,12.39161859548289,12.49423932926408
05/17/2023 13:14:40.249961,4479,True,True,True,True,Eyes,0.89691,0.07505082,-3.319286,0.1085899,-0.5842642,0.8042659,0.0,0.0,0.0,0.0,0.0,0.0,0.0,-1.147143,2.15422,2.269111,0.6756316,0.07173412,-3.26249,0.3779117,0.07119961,-0.01983395,0.9228868,44.4562,9.387599,1.381211,0.2853922,0.02298829,-0.9581347,0.0,0.0,0.0,1.034972,-0.5403483,-2.47308,0.2103635,0.1067721,1.079117,0.9890745,0.01720534,-0.1464093,0.09042332,0.7135788,0.694715,0.1164274,-0.7003638,0.7042267,static,-1.182649378029492,8.723586465791726,11.030919249271829,5.65067884732047,0.3593404,-0.61208242,0.7894100000000002,-0.020400991240801858,0.15163617143606042,0.9882258500742969,-1.0145057233632073,9.244663028665084,12.526046181125539,12.594205804474443,12.570162491675875
05/17/2023 13:14:40.265011,4480,True,True,True,True,Eyes,0.8875157,0.07474585,-3.316338,0.1171546,-0.5849032,0.8025976,0.0,0.0,0.0,0.0,0.0,0.0,0.0,-1.177332,2.141366,2.256029,0.6673097,0.07180621,-3.257417,0.3781896,0.07636144,-0.02385107,0.9222651,44.52535,9.919196,1.106234,0.2829407,0.02287238,-0.9588643,0.0,0.0,0.0,1.034972,-0.5403483,-2.47308,0.2114391,0.1076944,1.078337,0.9872001,0.01376418,-0.1588914,0.1017522,0.7128075,0.6939394,0.1228105,-0.7012246,0.7022831,static,-1.154908084408737,8.741778140299424,11.093747190134096,5.703264834452742,0.3676623,-0.61215451,0.7843369999999998,-0.019921535005738664,0.1519513843906998,0.988187113062058,-0.9981770693401666,9.249855340958419,12.550769996148052,12.619909632972547,12.601306936889458
05/17/2023 13:14:40.284579,4481,True,True,True,True,Eyes,0.8781919,0.07449637,-3.313262,0.1259655,-0.5854425,0.8008682,0.0,0.0,0.0,0.0,0.0,0.0,0.0,-1.205448,2.124448,2.247668,0.6598635,0.07289273,-3.252331,0.3777304,0.08111461,-0.02771801,0.9219393,44.50614,10.39051,0.8170966,0.2805007,0.02276253,-0.9595835,0.0,0.0,0.0,1.034972,-0.5403483,-2.47308,0.2120901,0.1092595,1.077262,0.9853042,0.01017026,-0.1705053,0.1123875,0.7131029,0.6919923,0.1286256,-0.7009856,0.7014803,static,-1.0660504219934381,8.678867692168332,11.137878836409662,5.791325110857266,0.37510849999999996,-0.61324103,0.7792509999999999,-0.018392055046225132,0.15087070925981033,0.9883824478238972,-0.9694710911413429,9.219785637509384,12.471247274502177,12.54088479745316,12.583412249901894
05/17/2023 13:14:40.294787,4482,True,True,True,True,Eyes,0.8689046,0.07429988,-3.310081,0.1348867,-0.5860069,0.7990003,0.0,0.0,0.0,0.0,0.0,0.0,0.0,-1.253984,2.099247,2.233498,0.6519609,0.07394072,-3.246122,0.3769093,0.08900852,-0.03305872,0.9213708,44.46162,11.23851,0.4959293,0.2780733,0.0226598,-0.9602922,0.0,0.0,0.0,1.034972,-0.5403483,-2.47308,0.2127966,0.1113259,1.076346,0.9819692,0.006177599,-0.18894,0.1280149,0.7136931,0.6886613,0.1390994,-0.7004313,0.7000338,static,-1.2823501167259452,8.587267969833816,11.183318263431152,5.905075217976112,0.38301110000000005,-0.61428902,0.7730420000000002,-0.02212860469707298,0.14927905897606422,0.9885474573787401,-1.0870031458976255,9.198663351890568,12.677140882130923,12.750962556692201,12.704664902471622
05/17/2023 13:14:40.314924,4483,True,True,True,True,Eyes,0.859643,0.07415616,-3.306819,0.1439274,-0.586428,0.7971117,0.0,0.0,0.0,0.0,0.0,0.0,0.0,-1.296581,2.079226,2.21706,0.6434505,0.07502124,-3.240371,0.3766612,0.09644756,-0.03736592,0.9205586,44.48199,12.08899,0.3100656,0.2756577,0.02256504,-0.9609906,0.0,0.0,0.0,1.034972,-0.5403483,-2.47308,0.2137202,0.114248,1.074996,0.9786033,0.003861047,-0.2057198,0.1414511,0.7134604,0.6862695,0.1494227,-0.700685,0.6976485,static,-1.4717920924677041,8.57171562332845,11.244370476247136,6.066486420935107,0.39152149999999997,-0.61536954,0.7672910000000002,-0.025398081481243007,0.1489991369370438,0.9885110786332836,-1.1773481824686463,9.205088113440997,12.88150421467562,12.960592726820359,12.812100336029555
05/17/2023 13:14:40.334588,4484,True,True,True,True,Eyes,0.8504069,0.07405061,-3.303465,0.1529419,-0.586762,0.795185,0.0,0.0,0.0,0.0,0.0,0.0,0.0,-1.326022,2.063913,2.203709,0.6346034,0.07611096,-3.235102,0.3763295,0.1023963,-0.03982044,0.9199488,44.47215,12.82738,0.3054321,0.2732536,0.02247905,-0.961679,0.0,0.0,0.0,1.034972,-0.5403483,-2.47308,0.2154764,0.1173814,1.073571,0.9758586,0.003803999,-0.21837,0.150335,0.7135808,0.6842528,0.1584275,-0.7005627,0.6957822,static,-1.5428685727911935,8.53713104992729,11.349040699230361,6.239782222519386,0.40036859999999996,-0.6164592600000001,0.762022,-0.026626764382685672,0.14839769091085134,0.9885692663619715,-1.2168426974653976,9.196418934329515,13.011376578277053,13.095004250202738,12.90903273622689
05/17/2023 13:14:40.350197,4485,True,True,True,True,Eyes,0.8412197,0.07398719,-3.300036,0.1618466,-0.5869359,0.7932918,0.0,0.0,0.0,0.0,0.0,0.0,0.0,-1.347466,2.047579,2.195313,0.6259082,0.07690644,-3.229546,0.3752415,0.1073152,-0.04135328,0.9197647,44.35834,13.45595,0.3580222,0.27086,0.02240209,-0.9623576,0.0,0.0,0.0,1.034972,-0.5403483,-2.47308,0.2173009,0.11959,1.071886,0.9735467,0.004467641,-0.2284444,0.1566088,0.7149674,0.6813922,0.1663745,-0.6991435,0.6953545,static,-1.5222831718582057,8.412560166026237,11.460123768775016,6.3661452451374085,0.4090638,-0.61725474,0.7564660000000001,-0.026280085978357223,0.1462493569366638,0.9888985970584608,-1.231610917904721,9.147061552168012,13.056686440249656,13.142705353185017,12.992829748125631
05/17/2023 13:14:40.364886,4486,True,True,True,True,Eyes,0.8320763,0.07395635,-3.29654,0.170627,-0.5870956,0.7913313,0.0,0.0,0.0,0.0,0.0,0.0,0.0,-1.359046,2.034647,2.189909,0.6173813,0.07780552,-3.224171,0.3741925,0.1108191,-0.04198672,0.919748,44.23728,13.92603,0.4559151,0.2684772,0.02233453,-0.9630268,0.0,0.0,0.0,1.034972,-0.5403483,-2.47308,0.2186188,0.1216388,1.070137,0.9719125,0.005700944,-0.2352735,0.1601697,0.7164342,0.6790197,0.1724291,-0.6976314,0.6953983,static,-1.3718743143219523,8.284229254739289,11.546107731787945,6.484782202946933,0.4175907,-0.61815382,0.7510910000000002,-0.02369176016200411,0.1440433874819385,0.9892877468417385,-1.1872736769012355,9.087744830967758,12.955819673070016,13.042709451483685,12.99670791169919
05/17/2023 13:14:40.384850,4487,True,True,True,True,Eyes,0.8230109,0.07394686,-3.292991,0.179317,-0.5872917,0.7892616,0.0,0.0,0.0,0.0,0.0,0.0,0.0,-1.367317,2.031289,2.178033,0.6092409,0.07855798,-3.219032,0.3746403,0.1139869,-0.04179725,0.919187,44.28739,14.41725,0.6858866,0.2661041,0.02227639,-0.9636866,0.0,0.0,0.0,1.034972,-0.5403483,-2.47308,0.219216,0.1231552,1.068588,0.9705199,0.008569178,-0.2408683,0.1622471,0.7157953,0.6792004,0.1782326,-0.6982576,0.6933033,static,-1.2224895411372596,8.326390159025836,11.593125312066663,6.574355894787657,0.42573110000000003,-0.61890628,0.745952,-0.021110062977923755,0.14477968629475438,0.9892387013708623,-1.1102104182050956,9.094200508771364,12.847092153256904,12.934821534475287,12.950843816316441
05/17/2023 13:14:40.395191,4488,True,True,True,True,Eyes,0.8140044,0.07398461,-3.289384,0.1879178,-0.5875529,0.7870632,0.0,0.0,0.0,0.0,0.0,0.0,0.0,-1.376027,2.034342,2.160002,0.6013485,0.07903793,-3.213991,0.3761556,0.1174492,-0.04097284,0.9181688,44.45695,15.00939,1.053089,0.2637422,0.02222742,-0.9643368,0.0,0.0,0.0,1.034972,-0.5403483,-2.47308,0.2192354,0.1244156,1.066968,0.9690537,0.01311838,-0.2465007,0.1635983,0.7136563,0.6811242,0.184852,-0.7003731,0.6894252,static,-1.1364735094516782,8.4848740068726,11.611249412462312,6.651034396902858,0.43362350000000005,-0.61938623,0.7409110000000001,-0.019616902844379266,0.1475199139895929,0.988864521938565,-1.0397044657454306,9.149639485118142,12.78975537086354,12.878952108342718,12.895334870230972
05/17/2023 13:14:40.414838,4489,True,True,True,True,Eyes,0.805065,0.07406505,-3.285709,0.1964919,-0.5878177,0.7847683,0.0,0.0,0.0,0.0,0.0,0.0,0.0,-1.385186,2.038037,2.14101,0.5937042,0.08022345,-3.208947,0.3779599,0.1209416,-0.04022965,0.9170067,44.66128,15.61022,1.421144,0.2613908,0.02218808,-0.9649777,0.0,0.0,0.0,1.034972,-0.5403483,-2.47308,0.2186242,0.1252977,1.065183,0.9675094,0.01764042,-0.2522188,0.1652038,0.7110558,0.6834525,0.191398,-0.7029144,0.6850389,static,-1.0546191457315022,8.677161958245966,11.598633821975143,6.708884619626303,0.4412678,-0.62057175,0.7358670000000003,-0.018194939321974385,0.15084182080249897,0.9883904538004435,-0.9645343807601114,9.21837891972234,12.715244666269385,12.805425660496443,12.811352658186905
05/17/2023 13:14:40.435152,4490,True,True,True,True,Eyes,0.7962036,0.07419873,-3.281958,0.2050268,-0.5880199,0.78243,0.0,0.0,0.0,0.0,0.0,0.0,0.0,-1.395705,2.036787,2.125296,0.5863019,0.08130273,-3.203594,0.378765,0.124759,-0.03924944,0.9162052,44.7364,16.25839,1.822185,0.2590508,0.02215873,-0.9656093,0.0,0.0,0.0,1.034972,-0.5403483,-2.47308,0.2181877,0.1255476,1.063459,0.9657893,0.02258763,-0.2583424,0.1664298,0.7099932,0.6842594,0.1988771,-0.7038463,0.6819446,static,-1.0089529849305472,8.74519444223985,11.594360504081143,6.732940293546332,0.44867009999999996,-0.62165103,0.7305139999999999,-0.017403991318564863,0.15201746813952569,0.9882246135777444,-0.9302389184092474,9.241604191022445,12.672535061956442,12.762941575563145,12.773370159998755
05/17/2023 13:14:40.449853,4491,True,True,True,True,Eyes,0.7874129,0.07435627,-3.278158,0.2135606,-0.5881696,0.780031,0.0,0.0,0.0,0.0,0.0,0.0,0.0,-1.407849,2.030303,2.113127,0.5792477,0.0827001,-3.197985,0.3787088,0.1287501,-0.03848344,0.9157086,44.70714,16.90351,2.180293,0.256723,0.02213998,-0.9662312,0.0,0.0,0.0,1.034972,-0.5403483,-2.47308,0.2167661,0.1254613,1.061428,0.9638848,0.02703842,-0.2649432,0.1679969,0.7101973,0.6836643,0.2066472,-0.7034833,0.680006,static,-0.9691613233011079,8.71162829298444,11.542297333270398,6.7411106594096735,0.45572429999999997,-0.6230484000000001,0.7249050000000001,-0.01671916721494844,0.15144026107923345,0.9883249900561115,-0.9184343092006442,9.226059795802465,12.576008819282016,12.665683458042333,12.706093234198242
05/17/2023 13:14:40.464897,4492,True,True,True,True,Eyes,0.7786932,0.07451893,-3.274307,0.222052,-0.5882873,0.7775674,0.0,0.0,0.0,0.0,0.0,0.0,0.0,-1.422309,2.020255,2.103619,0.5721838,0.08339538,-3.193001,0.3780654,0.1328404,-0.03851097,0.9153891,44.61869,17.50342,2.410691,0.2544073,0.02213151,-0.9668436,0.0,0.0,0.0,1.034972,-0.5403483,-2.47308,0.2154295,0.1252808,1.059708,0.9617407,0.02993968,-0.2723206,0.1709497,0.711167,0.6819221,0.214082,-0.7023853,0.67884,static,-0.9158950786668457,8.618133616895285,11.491146101529475,6.742326667397595,0.4627882,-0.62374368,0.7199210000000003,-0.015804266847095252,0.14982956089084593,0.9885855690939108,-0.9120882953444436,9.186536452184898,12.459578068163388,12.548040586437038,12.641771433460038
05/17/2023 13:14:40.484695,4493,True,True,True,True,Eyes,0.7700226,0.07468664,-3.270414,0.2305552,-0.5884544,0.7749618,0.0,0.0,0.0,0.0,0.0,0.0,0.0,-1.443046,2.007563,2.09201,0.5651069,0.08367562,-3.187922,0.3776094,0.1374822,-0.0401586,0.9148208,44.58223,18.09468,2.442479,0.2521041,0.0221325,-0.9674467,0.0,0.0,0.0,1.034972,-0.5403483,-2.47308,0.2141974,0.1250987,1.057568,0.9589719,0.03035325,-0.2818716,0.177305,0.7115968,0.6798478,0.2212145,-0.7019321,0.6770195,static,-0.8810715612514116,8.56952843548022,11.449671716947927,6.746114573268509,0.46986510000000004,-0.62402392,0.714842,-0.015205361788090718,0.1489922515682421,0.9887214868359839,-0.9055019682227581,9.165521890066687,12.377096161312517,12.464833248213312,12.589831156743553
05/17/2023 13:14:40.495102,4494,True,True,True,True,Eyes,0.7614177,0.07485621,-3.266471,0.2390225,-0.5886176,0.7722678,0.0,0.0,0.0,0.0,0.0,0.0,0.0,-1.465254,1.993333,2.080836,0.5578761,0.08395992,-3.183072,0.3771117,0.1421665,-0.04251484,0.9142035,44.55568,18.65023,2.371961,0.2498125,0.02214218,-0.9680408,0.0,0.0,0.0,1.034972,-0.5403483,-2.47308,0.2126835,0.1249111,1.055596,0.9559624,0.02949089,-0.292004,0.1849597,0.7119585,0.6774253,0.2278726,-0.701602,0.6751509,static,-0.8324313036964024,8.528839691212012,11.391550776860456,6.748559021450211,0.4770959,-0.62430822,0.7099920000000002,-0.014367527244603509,0.14829190232016715,0.9888392565629626,-0.8910058123682105,9.146652492779982,12.266185062134351,12.35294042602419,12.514473567227627
05/17/2023 13:14:40.514783,4495,True,True,True,True,Eyes,0.7528815,0.07502177,-3.262484,0.2474733,-0.5887552,0.7694961,0.0,0.0,0.0,0.0,0.0,0.0,0.0,-1.488433,1.980057,2.067203,0.5507839,0.08417514,-3.177883,0.3768675,0.1471224,-0.04472455,0.9134143,44.55811,19.26188,2.347624,0.2475332,0.02215979,-0.9686258,0.0,0.0,0.0,1.034972,-0.5403483,-2.47308,0.211582,0.1253812,1.053088,0.9527094,0.02918723,-0.3024779,0.1925954,0.7119413,0.6753123,0.235057,-0.7016321,0.6726519,static,-0.8209396593945496,8.520784550124258,11.36037597733812,6.7897031519764415,0.4841881,-0.62452344,0.7048030000000001,-0.01416949588437283,0.14815329828969911,0.9888628788903983,-0.8872776290639466,9.142794841028499,12.216403790716068,12.303702428485549,12.471650225992525
05/17/2023 13:14:40.534844,4496,True,True,True,True,Eyes,0.7443904,0.07515831,-3.258452,0.2562199,-0.5889822,0.7664537,0.0,0.0,0.0,0.0,0.0,0.0,0.0,-1.512475,1.965359,2.054102,0.5438246,0.08423985,-3.172808,0.3763097,0.1522884,-0.04682412,0.9126921,44.52105,19.90478,2.342587,0.2452662,0.02218443,-0.9692017,0.0,0.0,0.0,1.034972,-0.5403483,-2.47308,0.2107834,0.1265924,1.050664,0.9492316,0.02914321,-0.3132255,0.2000872,0.712397,0.6726481,0.2427441,-0.7011712,0.6703985,static,-0.8124947995186174,8.467320995698769,11.344042946515325,6.870335029718254,0.4911474,-0.62458815,0.6997279999999999,-0.01402569985540189,0.14723080781575593,0.9890026856839296,-0.893795646111986,9.121637118409822,12.17225629841615,12.260985855398689,12.443193099592461
05/17/2023 13:14:40.555016,4497,True,True,True,True,Eyes,0.7359524,0.07527681,-3.254383,0.2650746,-0.5892762,0.7632096,0.0,0.0,0.0,0.0,0.0,0.0,0.0,-1.542829,1.950008,2.036399,0.5366708,0.08368713,-3.167767,0.3758341,0.1587026,-0.04896342,0.9116824,44.49315,20.73631,2.411433,0.2430109,0.0222146,-0.9697689,0.0,0.0,0.0,1.034972,-0.5403483,-2.47308,0.2117366,0.1286544,1.047671,0.9448321,0.03001354,-0.326177,0.2085699,0.7127026,0.6697415,0.2525686,-0.7008239,0.6671244,static,-0.9369996383957808,8.423000284784655,11.425699384322638,7.00089307050584,0.4983012,-0.62403543,0.694687,-0.016176655435601733,0.14646096503208592,0.9890841109453476,-0.9598119195158419,9.112718133769599,12.350769771607728,12.444224204635129,12.564262626805432
05/17/2023 13:14:40.564894,4498,True,True,True,True,Eyes,0.7275681,0.07537349,-3.250281,0.2740323,-0.5895776,0.7598057,0.0,0.0,0.0,0.0,0.0,0.0,0.0,-1.569727,1.936856,2.018791,0.5296127,0.08338355,-3.162836,0.3755381,0.164707,-0.05057051,0.9106511,44.47733,21.5423,2.538556,0.2407671,0.02224922,-0.9703276,0.0,0.0,0.0,1.034972,-0.5403483,-2.47308,0.2140444,0.1298396,1.044515,0.9406285,0.03160333,-0.3379635,0.2158117,0.7128275,0.6673098,0.2619989,-0.700627,0.6636854,static,-1.0226467525873906,8.390596551129644,11.580852970447655,7.085867878636379,0.5053593,-0.62373185,0.689756,-0.017656630958175212,0.14589792936705373,0.9891421471189835,-1.0055976104553848,9.10584456516678,12.573503724270429,12.670853253722518,12.74751128807662
05/17/2023 13:14:40.584789,4499,True,True,True,True,Eyes,0.7192308,0.07545253,-3.246164,0.2830462,-0.5899393,0.7562119,0.0,0.0,0.0,0.0,0.0,0.0,0.0,-1.600894,1.9257,1.995188,0.5224171,0.0829572,-3.157872,0.3757782,0.1717257,-0.0518887,0.9091802,44.51705,22.53415,2.790124,0.2385346,0.02228723,-0.970878,0.0,0.0,0.0,1.034972,-0.5403483,-2.47308,0.216045,0.1308961,1.04114,0.9356357,0.03470916,-0.3512564,0.2234139,0.7121966,0.6654789,0.2732618,-0.7011213,0.6586021,static,-1.2321822997987921,8.416034516483542,11.722966792392228,7.165846618368541,0.5125549,-0.6233055,0.6847919999999998,-0.021272517957578146,0.1463267541823672,0.9890075468421552,-1.0972224788992009,9.129383632517296,12.9127270887419,13.015331643161883,12.96968506008022
05/17/2023 13:14:40.594933,4500,True,True,True,True,Eyes,0.7109337,0.07551788,-3.242018,0.2921242,-0.5903054,0.7524646,0.0,0.0,0.0,0.0,0.0,0.0,0.0,-1.629091,1.916654,1.971704,0.5149854,0.08262679,-3.153264,0.3761428,0.1784584,-0.05270526,0.9076847,44.55948,23.51761,3.103204,0.236313,0.02232777,-0.9714201,0.0,0.0,0.0,1.034972,-0.5403483,-2.47308,0.2172611,0.1310905,1.038372,0.9307495,0.03857217,-0.3636174,0.2299312,0.7114776,0.6640267,0.2843186,-0.7016494,0.6533384,static,-1.4183478104970848,8.4461599353635,11.817651807793125,7.195307998292127,0.5199866,-0.62297509,0.6801840000000001,-0.024484017053121337,0.1468359488966984,0.9888577879394533,-1.1771630037971792,9.153197213436217,13.188848457287227,13.294973353258507,13.141481734047508
05/17/2023 13:14:40.614763,4501,True,True,True,True,Eyes,0.7026911,0.07556197,-3.237855,0.3011197,-0.5906893,0.7486074,0.0,0.0,0.0,0.0,0.0,0.0,0.0,-1.656626,1.907023,1.948185,0.5075643,0.08236457,-3.148359,0.376531,0.1850512,-0.05375782,0.9061405,44.60989,24.4699,3.37664,0.2341014,0.02237021,-0.9719545,0.0,0.0,0.0,1.034972,-0.5403483,-2.47308,0.2180706,0.129649,1.035614,0.9257323,0.04193078,-0.3758478,0.2367793,0.710669,0.662484,0.2948819,-0.7022758,0.6479609,static,-1.5859629719882309,8.482658561726689,11.891126763679543,7.135761144620998,0.5274077,-0.62271287,0.6752790000000002,-0.027374200474298838,0.14745478243729745,0.988689891969217,-1.247312403832403,9.17825091836357,13.4370625378656,13.544226829001634,13.29625316524377
05/17/2023 13:14:40.634893,4502,True,True,True,True,Eyes,0.6944772,0.07558182,-3.233672,0.3101484,-0.5910526,0.7446239,0.0,0.0,0.0,0.0,0.0,0.0,0.0,-1.684112,1.894956,1.92654,0.5001196,0.08189093,-3.143537,0.3765149,0.191548,-0.05516023,0.9047118,44.6204,25.37757,3.579054,0.2318998,0.02241373,-0.9724812,0.0,0.0,0.0,1.034972,-0.5403483,-2.47308,0.2192163,0.1259093,1.032973,0.9205334,0.0444331,-0.3881287,0.2440495,0.7103878,0.6601432,0.3050541,-0.7024065,0.6430919,static,-1.7247998955028223,8.478525973869024,11.981483463070573,6.949513304668186,0.5348524,-0.62223923,0.6704569999999999,-0.029770238132905857,0.14737337247723215,0.9886327834169406,-1.3121091535412068,9.185759405809998,13.686523276358212,13.791304624584386,13.480370962303194
05/17/2023 13:14:40.649866,4503,True,True,True,True,Eyes,0.686301,0.07558395,-3.229478,0.3190358,-0.5913941,0.7405871,0.0,0.0,0.0,0.0,0.0,0.0,0.0,-1.711212,1.881424,1.906064,0.4925118,0.08132458,-3.138773,0.3762861,0.1979319,-0.05685816,0.9033266,44.61397,26.24632,3.723988,0.2297073,0.0224575,-0.9730003,0.0,0.0,0.0,1.034972,-0.5403483,-2.47308,0.2230667,0.121317,1.033023,0.9151803,0.04623504,-0.4003841,0.251681,0.7103518,0.6573105,0.3148043,-0.7023267,0.6384635,static,-1.847386912830623,8.457033910572296,12.185121494825413,6.698068083396424,0.5424602000000001,-0.62167288,0.6656930000000001,-0.03188722169705083,0.1469929246319479,0.9886234677992679,-1.3727962972276684,9.185512558584394,14.040891652109039,14.142321343828597,13.784212522781731
05/17/2023 13:14:40.665027,4504,True,True,True,True,Eyes,0.6781553,0.07557001,-3.225252,0.3279333,-0.5917107,0.7364362,0.0,0.0,0.0,0.0,0.0,0.0,0.0,-1.735886,1.867247,1.887897,0.4848409,0.08089577,-3.134079,0.375847,0.203877,-0.05859505,0.9020754,44.58584,27.0404,3.827299,0.2275235,0.02250097,-0.9735124,0.0,0.0,0.0,1.034972,-0.5403483,-2.47308,0.2208899,0.1345057,1.029629,0.9100016,0.04753884,-0.4118704,0.2589674,0.7106112,0.6541924,0.3237793,-0.7019771,0.6343464,static,-1.9131409600870541,8.412466216126608,12.108329481727122,7.442693712651269,0.5501311,-0.62124407,0.6609989999999999,-0.03302560098317597,0.14621846845158468,0.9887009394034139,-1.4117815272216887,9.172647118301462,13.935214337283647,14.05496681103038,13.630338971574385
05/17/2023 13:14:40.684773,4505,True,True,True,True,Eyes,0.6700395,0.07554053,-3.220992,0.3367024,-0.5920036,0.7322317,0.0,0.0,0.0,0.0,0.0,0.0,0.0,-1.763522,1.849546,1.869347,0.4773537,0.08049158,-3.129048,0.3751835,0.2101627,-0.06106764,0.9007441,44.55204,27.83899,3.836969,0.2253473,0.02254371,-0.9740174,0.0,0.0,0.0,1.034972,-0.5403483,-2.47308,0.2311889,0.1408218,1.028125,0.9042048,0.04768644,-0.4244286,0.2677117,0.7110162,0.6502202,0.3327824,-0.7015569,0.6301381,static,-2.001958766078447,8.36123976931973,12.67299835065551,7.799244760960745,0.5576183,-0.62083988,0.6559680000000001,-0.03456279693711156,0.1453268803583814,0.988779824822895,-1.4626937824393274,9.158727374893079,14.550906420846424,14.68571430906243,14.200914937398348
05/17/2023 13:14:40.694863,4506,True,True,True,True,Eyes,0.6619247,0.07549777,-3.216696,0.3454928,-0.5922391,0.7279337,0.0,0.0,0.0,0.0,0.0,0.0,0.0,-1.79405,1.828158,1.850423,0.469694,0.08008586,-3.12375,0.3741834,0.2169247,-0.06408937,0.8993458,44.49491,28.66967,3.782954,0.2231786,0.02258534,-0.9745157,0.0,0.0,0.0,1.034972,-0.5403483,-2.47308,0.229306,0.1441388,1.026441,0.8976724,0.04706224,-0.438143,0.2776163,0.7117586,0.6452355,0.3422183,-0.7008458,0.6258609,static,-2.1237792069849055,8.28914819630259,12.593048852894364,7.993536634601728,0.565278,-0.62043416,0.6506699999999999,-0.036671828289733394,0.14407180180411258,0.9888874511040906,-1.5328802965590929,9.138929901619647,14.579108511837644,14.719796681322098,14.172289866902556
05/17/2023 13:14:40.714622,4507,True,True,True,True,Eyes,0.6538152,0.07542427,-3.212373,0.354089,-0.5923759,0.7236794,0.0,0.0,0.0,0.0,0.0,0.0,0.0,-1.82229,1.805483,1.834175,0.4615312,0.07971263,-3.118549,0.3727462,0.2234291,-0.06696645,0.8981398,44.38538,29.45461,3.712546,0.2210158,0.02262559,-0.9750075,0.0,0.0,0.0,1.034972,-0.5403483,-2.47308,0.2299057,0.1453449,1.025238,0.8911898,0.04627425,-0.4512641,0.2868552,0.7131515,0.6396319,0.3514182,-0.699481,0.6222793,static,-2.2245035012589103,8.170071346615783,12.639267055997449,8.06888080918705,0.5734408,-0.62006093,0.6454689999999998,-0.0384217929800757,0.1420069743548578,0.9891197530455776,-1.6024922115109115,9.099642021732727,14.720393150809635,14.864114999004352,14.279011720386984
05/17/2023 13:14:40.734786,4508,True,True,True,True,Eyes,0.6457108,0.07533217,-3.208006,0.3627053,-0.5924249,0.7193592,0.0,0.0,0.0,0.0,0.0,0.0,0.0,-1.846887,1.784149,1.819559,0.4533228,0.07888743,-3.113399,0.3711526,0.2294526,-0.06936443,0.8970986,44.24698,30.18713,3.671422,0.2188582,0.02266368,-0.9754932,0.0,0.0,0.0,1.034972,-0.5403483,-2.47308,0.2304924,0.1440898,1.024751,0.8850801,0.04587046,-0.4631729,0.2947773,0.7148685,0.6340893,0.3601937,-0.6977527,0.6191944,static,-2.2768348207237215,8.028016360765314,12.67630827701206,8.003862064325002,0.5816492,-0.61923573,0.6403189999999999,-0.03933907635422296,0.13954920114300323,0.9894334302744605,-1.6542733511550634,9.048326386310967,14.811322946600452,14.953162606331805,14.368593373098937
05/17/2023 13:14:40.749893,4509,True,True,True,True,Eyes,0.6376157,0.07521488,-3.20359,0.3713534,-0.5924126,0.7149433,0.0,0.0,0.0,0.0,0.0,0.0,0.0,-1.870234,1.76367,1.804246,0.4452717,0.07832929,-3.107926,0.3695664,0.235502,-0.0712012,0.8960412,44.09336,30.95421,3.709696,0.2167042,0.02269928,-0.9759731,0.0,0.0,0.0,1.034972,-0.5403483,-2.47308,0.2262516,0.1429815,1.024699,0.8789384,0.04646884,-0.4746661,0.3016656,0.7167021,0.6287574,0.3694118,-0.6958295,0.6159189,static,-2.342708702535163,7.878886686195096,12.45102834020414,7.943485203431198,0.5897003000000001,-0.61867759,0.634846,-0.04049134991715672,0.1369671138246379,0.9897476541309127,-1.713674042206542,8.99517201156622,14.655991814922285,14.793878080413739,14.203691024683552
05/17/2023 13:14:40.764675,4510,True,True,True,True,Eyes,0.6295273,0.07508669,-3.19914,0.3799488,-0.5921542,0.710628,0.0,0.0,0.0,0.0,0.0,0.0,0.0,-1.895043,1.743542,1.786097,0.4373249,0.0775917,-3.102257,0.3682463,0.2418679,-0.07318684,0.8947281,43.97653,31.77192,3.758263,0.2145537,0.0227319,-0.9764473,0.0,0.0,0.0,1.034972,-0.5403483,-2.47308,0.2229212,0.1429076,1.024981,0.8722872,0.04716925,-0.4867136,0.3090985,0.7180768,0.6235574,0.3789105,-0.6943637,0.6117893,static,-2.4514513802524838,7.785716226663207,12.270070923028618,7.9372754705199675,0.5976471,-0.61794,0.6291769999999999,-0.042379257769007556,0.13534685960580697,0.989891442375816,-1.7819372802223055,8.966393734748362,14.585691284471936,14.722302439849596,14.089642257559264
05/17/2023 13:14:40.785007,4511,True,True,True,True,Eyes,0.6214311,0.0749338,-3.194643,0.3885644,-0.5916954,0.7063387,0.0,0.0,0.0,0.0,0.0,0.0,0.0,-1.921654,1.722308,1.766632,0.4291124,0.07717171,-3.096772,0.3670055,0.2485633,-0.07554594,0.8932055,43.88224,32.62426,3.77802,0.2124058,0.02276152,-0.9769161,0.0,0.0,0.0,1.034972,-0.5403483,-2.47308,0.2219552,0.1417119,1.025499,0.8650182,0.04749206,-0.4994877,0.3174042,0.7191996,0.6180667,0.3885846,-0.6931785,0.6070466,static,-2.5908195177092113,7.728805994722335,12.212514383369644,7.867774350301239,0.6058596,-0.61752001,0.6236920000000001,-0.04479311634880198,0.13434941720833404,0.9899211631588418,-1.85725569636505,8.953597245897328,14.668922342955137,14.803986179089833,14.11160662211069
05/17/2023 13:14:40.794925,4512,True,True,True,True,Eyes,0.613316,0.07475439,-3.190095,0.3972073,-0.5912552,0.7018858,0.0,0.0,0.0,0.0,0.0,0.0,0.0,-1.949696,1.700052,1.74514,0.420659,0.07640473,-3.090989,0.3658853,0.2555276,-0.07840288,0.891452,43.82091,33.49824,3.751109,0.210259,0.0227877,-0.9773798,0.0,0.0,0.0,1.034972,-0.5403483,-2.47308,0.2226744,0.1381962,1.02562,0.8571172,0.04720278,-0.5129542,0.3267725,0.7199619,0.6122701,0.3982083,-0.6924065,0.6016672,static,-2.7467856509412174,7.701380177527038,12.24949153354552,7.674045318068867,0.614313,-0.61675303,0.617909,-0.04749081343289918,0.1338588516969235,0.9898618375328109,-1.9344831995742449,8.953251699511657,14.865124195896465,14.99630209713378,14.241541636919223
05/17/2023 13:14:40.815021,4513,True,True,True,True,Eyes,0.6052002,0.07455482,-3.185518,0.405776,-0.5906641,0.6974681,0.0,0.0,0.0,0.0,0.0,0.0,0.0,-1.976207,1.67905,1.722823,0.4120269,0.0757135,-3.085,0.3650529,0.2623034,-0.08128766,0.8895649,43.7982,34.35577,3.724634,0.2081124,0.02281,-0.9778386,0.0,0.0,0.0,1.034972,-0.5403483,-2.47308,0.2256254,0.1340249,1.025556,0.8491785,0.04688795,-0.5260203,0.3361305,0.7202574,0.6068324,0.4073232,-0.6921204,0.5958666,static,-2.8922393551577037,7.722642870051223,12.407582656914602,7.445510360447919,0.6229451,-0.6160618,0.61192,-0.050001171108124826,0.1342097184020357,0.989690671925669,-1.997384775165668,8.9709809363427,15.17471923899157,15.302331718694747,14.485515082219687
05/17/2023 13:14:40.835135,4514,True,True,True,True,Eyes,0.5970673,0.07438067,-3.180882,0.4143566,-0.5900629,0.6929172,0.0,0.0,0.0,0.0,0.0,0.0,0.0,-2.001056,1.658252,1.701806,0.4033158,0.0749791,-3.079267,0.364113,0.2688188,-0.08409178,0.8877426,43.76389,35.17559,3.688244,0.2059654,0.02282819,-0.9782927,0.0,0.0,0.0,1.034972,-0.5403483,-2.47308,0.2282004,0.1327146,1.025207,0.8413301,0.04645713,-0.5385215,0.3450645,0.7207006,0.6012663,0.4160459,-0.6916881,0.5903164,static,-3.00528624661528,7.7314684657933475,12.54886393919093,7.376006396087583,0.6316562,-0.6153274,0.6061870000000003,-0.05195278112118529,0.13434875441974425,0.9895712125438203,-2.0477712983454217,8.981792729031898,15.430329949359395,15.558211378099184,14.684696455996585
05/17/2023 13:14:40.849917,4515,True,True,True,True,Eyes,0.5889205,0.07421836,-3.176193,0.4229667,-0.5891958,0.6884384,0.0,0.0,0.0,0.0,0.0,0.0,0.0,-2.025907,1.63332,1.683531,0.3947174,0.07528219,-3.073246,0.3625846,0.2753344,-0.08707345,0.8860824,43.67034,35.96429,3.595048,0.2038168,0.02284349,-0.9787422,0.0,0.0,0.0,1.034972,-0.5403483,-2.47308,0.2294438,0.1335639,1.024761,0.8332184,0.04535555,-0.5510809,0.3539725,0.7219013,0.5946109,0.4247949,-0.6905081,0.5854468,static,-3.1053069546217205,7.696364090482149,12.620370931923336,7.425878507269733,0.6402546,-0.61563049,0.6001660000000002,-0.053684721193485746,0.1337301694155927,0.9895626019305424,-2.100707864725993,8.974820596731385,15.59757449154991,15.728003924277804,14.802343818924905
05/17/2023 13:14:40.864681,4516,True,True,True,True,Eyes,0.5807592,0.07405622,-3.171453,0.4316352,-0.5882549,0.6838474,0.0,0.0,0.0,0.0,0.0,0.0,0.0,-2.053278,1.601753,1.667511,0.3860759,0.07536351,-3.067152,0.3601028,0.2822084,-0.09078619,0.8845577,43.49606,36.73391,3.369511,0.2016654,0.02285658,-0.9791875,0.0,0.0,0.0,1.034972,-0.5403483,-2.47308,0.2303839,0.1345682,1.024764,0.8242326,0.04263677,-0.5646439,0.3638592,0.7241678,0.5858222,0.4338745,-0.6883047,0.5813689,static,-3.2062698834279537,7.577958385046657,12.670378287786745,7.481063728057853,0.6488961,-0.61571181,0.5940720000000002,-0.05544379347659989,0.1316722148040788,0.9897416093876837,-2.1702990852862,8.935807010002495,15.74458596373076,15.87694384089986,14.911806829086888
05/17/2023 13:14:40.884940,4517,True,True,True,True,Eyes,0.5725701,0.07387963,-3.166666,0.4403843,-0.5869738,0.6793551,0.0,0.0,0.0,0.0,0.0,0.0,0.0,-2.083231,1.564441,1.652576,0.3775086,0.07518819,-3.061073,0.3567332,0.2895821,-0.09491029,0.8831058,43.23835,37.52567,3.0668,0.1995109,0.02286771,-0.9796284,0.0,0.0,0.0,1.034972,-0.5403483,-2.47308,0.2305561,0.1331657,1.024947,0.8142686,0.03897541,-0.5791784,0.3742387,0.7274669,0.5750977,0.4437478,-0.6850349,0.5777673,static,-3.3386316453676086,7.395349496833108,12.677351953958086,7.402656690799609,0.6574633999999999,-0.61553649,0.587993,-0.057754326570251924,0.1285002528478612,0.9900262866456588,-2.2668641007321355,8.874108652013952,15.885985995531401,16.01598526625675,15.016483089039939
05/17/2023 13:14:40.894820,4518,True,True,True,True,Eyes,0.5643913,0.07369899,-3.161849,0.449268,-0.5855377,0.6747621,0.0,0.0,0.0,0.0,0.0,0.0,0.0,-2.112247,1.525833,1.639116,0.3688326,0.07460429,-3.055299,0.3525155,0.2972003,-0.09810193,0.8819189,42.85084,38.36691,2.853715,0.1973523,0.02287665,-0.9800654,0.0,0.0,0.0,1.034972,-0.5403483,-2.47308,0.2303607,0.1296647,1.025418,0.804096,0.03649956,-0.5933781,0.3825713,0.7322176,0.5634683,0.4550482,-0.680092,0.5748096,static,-3.4955929770466136,7.09814643677929,12.661323888302634,7.206835103567573,0.6661394,-0.61495259,0.5822190000000003,-0.06050619235116561,0.12334297444335518,0.9905178125022942,-2.3970811210879654,8.76985979903083,16.033716119124197,16.15728243920045,15.139306708877653
05/17/2023 13:14:40.915016,4519,True,True,True,True,Eyes,0.5562508,0.07379501,-3.156895,0.4581442,-0.5840889,0.6700329,0.0,0.0,0.0,0.0,0.0,0.0,0.0,-2.140423,1.490124,1.623052,0.3608196,0.0742774,-3.049667,0.3484702,0.305018,-0.1002149,0.8806188,42.44434,39.29723,2.802271,0.195189,0.0228835,-0.9804984,0.0,0.0,0.0,1.034972,-0.5403483,-2.47308,0.2303578,0.1264579,1.025895,0.7938421,0.03607705,-0.6070529,0.3890816,0.7370509,0.5526041,0.4673653,-0.6748736,0.5710651,static,-3.7024451720614993,6.791608397501764,12.655472354364976,7.027169136328395,0.6741524,-0.6146256999999999,0.576587,-0.06412363409560443,0.11801515792591796,0.9909392616247242,-2.552111301125373,8.665283849292425,16.241658981290797,16.359613524256833,15.295555578388333
05/17/2023 13:14:40.934658,4520,True,True,True,True,Eyes,0.5480767,0.07382413,-3.151934,0.4673714,-0.5830836,0.664513,0.0,0.0,0.0,0.0,0.0,0.0,0.0,-2.172787,1.454421,1.596224,0.3540637,0.08101656,-3.041768,0.3475706,0.3131378,-0.1046881,0.8775988,42.50222,40.29993,2.637562,0.1930226,0.02289716,-0.9809269,0.0,0.0,0.0,1.034972,-0.5403483,-2.47308,0.2301523,0.1252402,1.025926,0.7819703,0.0339267,-0.6223917,0.4014232,0.7364702,0.5444915,0.4768457,-0.6756186,0.5622789,moving,-3.921711904147749,6.908808583322868,12.644175907444183,6.959961138101841,0.6809083,-0.62136486,0.5686879999999999,-0.06789903791326915,0.12001186062564184,0.9904478336871377,-2.630353552852254,8.724824755433962,16.447368125970772,16.565966786460443,15.376150162548699
05/17/2023 13:14:40.949897,4521,True,True,True,True,Eyes,0.5398073,0.07416153,-3.146973,0.476356,-0.5822769,0.658816,0.0,0.0,0.0,0.0,0.0,0.0,0.0,-2.229879,1.433654,1.52223,0.3449799,0.07949612,-3.036376,0.3509067,0.3273218,-0.1097232,0.8704516,43.05687,42.41418,3.036185,0.1908515,0.02291489,-0.9813511,0.0,0.0,0.0,1.035704,-0.5378485,-2.472969,0.2310952,0.1267194,1.024573,0.7616426,0.03870147,-0.6468406,0.4207361,0.7296507,0.5390649,0.4928302,-0.682724,0.5394499,moving,-4.968836325274508,7.538399386900988,12.710521041659856,7.0505490485008675,0.6907241,-0.6173446199999999,0.5634070000000002,-0.08587084258326769,0.13070603982887144,0.9876953368381883,-2.990395736143275,9.036102444074961,17.550297123041346,17.68608704209197,15.825966319633556
05/17/2023 13:14:40.964979,4522,True,True,True,True,Eyes,0.531614,0.07462979,-3.141835,0.4854658,-0.5810114,0.6532601,0.0,0.0,0.0,0.0,0.0,0.0,0.0,-2.235594,1.43221,1.503088,0.3344031,0.0872663,-3.031326,0.3536188,0.3309901,-0.1108239,0.8678233,43.4026,43.06491,3.293268,0.1886725,0.02294595,-0.9817717,0.0,0.0,0.0,1.036351,-0.5356409,-2.472871,0.2312636,0.1283482,1.023246,0.7563273,0.0417375,-0.6528607,0.4264397,0.7253437,0.540394,0.496103,-0.6871204,0.5307987,moving,-4.8404500440760465,7.99539204072404,12.735439690106215,7.149408508645782,0.7019479,-0.6229072,0.5584549999999999,-0.08356684181551902,0.1386069377844242,0.986815457873768,-2.842235286866117,9.20380524228717,17.453490850657268,17.596237895774227,15.712558786759919
05/17/2023 13:14:40.984771,4523,True,True,True,True,Eyes,0.5233619,0.07517574,-3.136633,0.4943346,-0.579049,0.648333,0.0,0.0,0.0,0.0,0.0,0.0,0.0,-2.279978,1.361911,1.482599,0.3285141,0.09082133,-3.022421,0.3471833,0.341666,-0.117654,0.8653819,42.94445,44.12505,2.631636,0.1864883,0.02299329,-0.9821879,0.0,0.0,0.0,1.037049,-0.5332594,-2.472766,0.2309175,0.1296653,1.022007,0.7388437,0.03361008,-0.6730381,0.4408728,0.7312426,0.5204954,0.509648,-0.681289,0.5254562,moving,-5.242876756371064,7.614796890630556,12.731915423886456,7.230667231624658,0.7085349000000001,-0.6240807300000001,0.549655,-0.09057863262293861,0.13196766195425289,0.987106968650129,-3.1018290876204073,9.083509104196217,17.834909149878296,17.978896226364256,15.941784349953684
05/17/2023 13:14:40.994644,4524,True,True,True,True,Eyes,0.5151247,0.07572497,-3.131396,0.5030289,-0.5768321,0.6436045,0.0,0.0,0.0,0.0,0.0,0.0,0.0,-2.28994,1.302462,1.505502,0.319046,0.09307921,-3.01601,0.3375537,0.3455782,-0.1211607,0.8671526,42.00242,44.14265,1.78696,0.184297,0.02305784,-0.9825999,0.0,0.0,0.0,1.037719,-0.530973,-2.472665,0.2282321,0.1319727,1.021037,0.7317916,0.0231728,-0.6811343,0.443432,0.7427551,0.5016801,0.5175414,-0.669162,0.5332664,moving,-4.831110679156697,6.771530955017314,12.600175859545848,7.364852839217901,0.7186730000000001,-0.62405221,0.543345,-0.08363554556374686,0.11749746596818653,0.9895451173418921,-3.0762399103231965,8.731533313276127,17.307120930112447,17.4413812885512,15.735877061923524
05/17/2023 13:14:41.014452,4525,True,True,True,True,Eyes,0.5069203,0.07619363,-3.126125,0.5116341,-0.574421,0.6389609,0.0,0.0,0.0,0.0,0.0,0.0,0.0,-2.296763,1.259261,1.518053,0.3111272,0.0936433,-3.009946,0.331028,0.3485957,-0.1244623,0.8679924,41.40929,44.18714,1.124995,0.1820988,0.02313808,-0.9830077,0.0,0.0,0.0,1.038519,-0.5282425,-2.472544,0.2260694,0.1344824,1.019991,0.7259804,0.01472528,-0.6875577,0.4468545,0.7498592,0.4878855,0.5227557,-0.6614336,0.537803,moving,-4.405091033996171,6.312531698345388,12.496939505712197,7.510934516334654,0.7273917999999999,-0.6218857999999999,0.5374019999999997,-0.07634465265022145,0.10963080995026211,0.9910360986230453,-2.969256937187142,8.526714406188695,16.81377281960952,16.94446238980154,15.499517450391288
05/17/2023 13:14:41.034988,4526,True,True,True,True,Eyes,0.4987425,0.07665722,-3.120816,0.5198789,-0.5718927,0.6345587,0.0,0.0,0.0,0.0,0.0,0.0,0.0,-2.307649,1.221501,1.518719,0.3036543,0.09212147,-3.003851,0.3254997,0.3528675,-0.1271032,0.8679743,40.90085,44.50401,0.6877015,0.1798952,0.02322998,-0.9834113,0.0,0.0,0.0,1.039127,-0.5261689,-2.472452,0.2215519,0.1377551,1.019687,0.7186587,0.009071939,-0.6953039,0.4503612,0.7557894,0.4753496,0.5298156,-0.6547518,0.5390689,moving,-4.196490182260845,5.958912366291106,12.25837872238237,7.69382012556717,0.7354726999999999,-0.6182903700000001,0.531399,-0.07278380138488061,0.10353990943930083,0.991958708885333,-2.9419661047391372,8.376759897201854,16.416069485168283,16.546075534766256,15.215679071112138
05/17/2023 13:14:41.050302,4527,True,True,True,True,Eyes,0.490626,0.07711858,-3.115448,0.5278836,-0.5694286,0.6301507,0.0,0.0,0.0,0.0,0.0,0.0,0.0,-2.317882,1.1897,1.51539,0.2964172,0.09240919,-2.997994,0.3223057,0.3564578,-0.131196,0.8670897,40.72791,44.75822,0.1708234,0.1776861,0.02333233,-0.9838104,0.0,0.0,0.0,1.039797,-0.5238828,-2.472351,0.2174819,0.141297,1.019638,0.7114509,0.002259352,-0.7027322,0.4572942,0.7578132,0.4654043,0.5335913,-0.6524677,0.5381137,moving,-3.9518478260882977,5.934732925630958,12.040378337540258,7.889554415049259,0.7433798,-0.61629199,0.5256429999999996,-0.068550441685514,0.10315228473884919,0.9923005459311639,-2.8339149136902884,8.351404503248592,15.979083843771077,16.11125770149982,14.881461797403247
05/17/2023 13:14:41.064897,4528,True,True,True,True,Eyes,0.4825954,0.0776149,-3.110032,0.5358651,-0.5669634,0.6256206,0.0,0.0,0.0,0.0,0.0,0.0,0.0,-2.332239,1.164301,1.49853,0.2898544,0.09277868,-2.991305,0.320286,0.3617284,-0.1335941,0.8652874,40.61163,45.38866,0.0391393,0.1754733,0.02344412,-0.9842048,0.0,0.0,0.0,1.040471,-0.5215823,-2.472249,0.2138907,0.1448869,1.019374,0.7026104,0.0005185998,-0.7115746,0.4629076,0.759139,0.4576293,0.5404214,-0.6509284,0.5331388,moving,-3.976133416131116,5.981210593131248,11.850205159612408,8.08944957490107,0.7506165999999999,-0.6143609800000001,0.519056,-0.06896524983520352,0.10395421988849332,0.9921881635881739,-2.8360584172302934,8.370908360615196,15.829606014942053,15.966141184341362,14.688960374939823
05/17/2023 13:14:41.085385,4529,True,True,True,True,Eyes,0.4746357,0.0781135,-3.104598,0.5437319,-0.5645246,0.6210214,0.0,0.0,0.0,0.0,0.0,0.0,0.0,-2.345524,1.141458,1.481031,0.2838208,0.09409179,-2.984703,0.3182961,0.3670764,-0.1347973,0.8635811,40.44447,46.08099,0.06483558,0.1732591,0.02356561,-0.984594,0.0,0.0,0.0,1.041129,-0.5193367,-2.47215,0.2107185,0.1481401,1.019107,0.6941693,0.0008611723,-0.7198114,0.4664947,0.7610345,0.4507872,0.5481895,-0.6487108,0.5278851,moving,-4.039502179763277,5.982799476708173,11.682294214092096,8.270736948228295,0.7573082,-0.61342849,0.512553,-0.07006241530017415,0.10397376288397311,0.9921092162331642,-2.864956660634051,8.375674687018105,15.746977593288857,15.887401918609275,14.547629358120275
05/17/2023 13:14:41.095024,4530,True,True,True,True,Eyes,0.4667742,0.07861981,-3.099153,0.5516296,-0.5621096,0.6162285,0.0,0.0,0.0,0.0,0.0,0.0,0.0,-2.357962,1.122856,1.462511,0.2775447,0.09461303,-2.978883,0.3165303,0.3723966,-0.1352793,0.8618753,40.2688,46.80667,0.1923695,0.171045,0.02369598,-0.984978,0.0,0.0,0.0,1.041852,-0.5168701,-2.472041,0.2081388,0.1515802,1.018747,0.6860406,0.002561843,-0.7275587,0.4689373,0.7630162,0.4448641,0.5562788,-0.6463743,0.5222588,moving,-4.113387985408839,5.980177383514056,11.547105846700665,8.462997145865149,0.7643073,-0.61148313,0.5068420000000002,-0.07134214292186619,0.10391890950538984,0.9920237603561197,-2.8995223272177184,8.379507579468832,15.711154678221138,15.856085930577603,14.446869422236412
05/17/2023 13:14:41.115184,4531,True,True,True,True,Eyes,0.4590154,0.07913484,-3.093711,0.5594296,-0.5598238,0.6112576,0.0,0.0,0.0,0.0,0.0,0.0,0.0,-2.374488,1.102995,1.437808,0.2719656,0.09528624,-2.973053,0.3151179,0.3786473,-0.1360151,0.8595504,40.1449,47.68053,0.360781,0.1688331,0.02383465,-0.9853562,0.0,0.0,0.0,1.0425,-0.5146592,-2.471943,0.2064441,0.1543722,1.018648,0.6762522,0.004813393,-0.7366544,0.4724607,0.7644012,0.4387158,0.5652112,-0.6447229,0.5146539,moving,-4.305598724000015,6.017924490241472,11.456666742072638,8.617385356761162,0.7705344000000001,-0.60994544,0.5011100000000002,-0.0746647472887016,0.10454694711678503,0.9917132293769373,-2.980765100713165,8.406654737893128,15.825438178704328,15.975174785257087,14.438969686539755
05/17/2023 13:14:41.134607,4532,True,True,True,True,Eyes,0.4513415,0.07965683,-3.088277,0.5672141,-0.5576249,0.6060715,0.0,0.0,0.0,0.0,0.0,0.0,0.0,-2.391324,1.086009,1.409784,0.266358,0.09599544,-2.967351,0.3144216,0.3850383,-0.1367633,0.8568434,40.10109,48.60742,0.5812255,0.1666253,0.02398115,-0.9857284,0.0,0.0,0.0,1.043196,-0.5122854,-2.471838,0.2044308,0.1573399,1.018302,0.6660826,0.007759318,-0.7458376,0.476498,0.7648697,0.4335018,0.5738323,-0.6441383,0.5057692,moving,-4.530823207636735,6.132561200237057,11.351606524410712,8.783427792440087,0.776838,-0.60828084,0.49551299999999987,-0.07854613093801355,0.10649908727791285,0.9912055675664407,-3.062252529009686,8.465598261250909,15.946576111113366,16.102132401737446,14.41736274159616
05/17/2023 13:14:41.150554,4533,True,True,True,True,Eyes,0.443812,0.08019964,-3.082886,0.5747588,-0.555582,0.600817,0.0,0.0,0.0,0.0,0.0,0.0,0.0,-2.40508,1.075713,1.381741,0.2606597,0.09668149,-2.962007,0.3145456,0.390826,-0.1368855,0.8541538,40.11602,49.50271,0.9007936,0.1644226,0.02413497,-0.9860944,0.0,0.0,0.0,1.043901,-0.5098785,-2.471731,0.2020075,0.1602026,1.018051,0.6570349,0.01202264,-0.7537643,0.4797076,0.7646469,0.4303437,0.5815374,-0.6443374,0.4966324,moving,-4.727249895972795,6.3048825027477475,11.223175746018349,8.942846280772804,0.7832413,-0.60655999,0.4902759999999997,-0.0819173960892482,0.10944992930955161,0.9906111030987543,-3.11923431525381,8.544884883270335,16.00572658685066,16.167094081957366,14.347930151753003
05/17/2023 13:14:41.165018,4534,True,True,True,True,Eyes,0.4364022,0.08075599,-3.077495,0.5822908,-0.5536149,0.5953553,0.0,0.0,0.0,0.0,0.0,0.0,0.0,-2.419064,1.063734,1.3539,0.255787,0.0977058,-2.956598,0.3147331,0.3964592,-0.1375127,0.8513833,40.16217,50.36174,1.155077,0.1622283,0.02429607,-0.9864538,0.0,0.0,0.0,1.044599,-0.5074981,-2.471626,0.2005182,0.1622781,1.01821,0.6478208,0.01540563,-0.7616369,0.4837096,0.7640668,0.4268806,0.5885178,-0.6449533,0.4875265,moving,-4.893150766025149,6.500620381869239,11.140814332197467,9.05540586859465,0.7888120000000001,-0.6052038999999999,0.48497199999999996,-0.08475335703689668,0.1128066217097311,0.9899957076039039,-3.1575866287159915,8.63119489199876,16.0696820037578,16.23622387300088,14.304692411642948
05/17/2023 13:14:41.184877,4535,True,True,True,True,Eyes,0.4291516,0.08132863,-3.07216,0.5896065,-0.5516748,0.5899314,0.0,0.0,0.0,0.0,0.0,0.0,0.0,-2.436342,1.040639,1.327805,0.2512059,0.09858315,-2.951091,0.3136024,0.4026123,-0.139593,0.8485699,40.138,51.19241,1.170105,0.1600444,0.02446421,-0.9868063,0.0,0.0,0.0,1.045286,-0.5051514,-2.471522,0.1998453,0.1639933,1.018182,0.6368344,0.0156116,-0.7708426,0.4894291,0.7643346,0.4198234,0.5957358,-0.6446309,0.4791138,moving,-5.074879393586226,6.604679632675368,11.10465639527097,9.149753817784397,0.7940801,-0.60373455,0.4795689999999997,-0.08787507378602022,0.114573334016214,0.9895205349272748,-3.2210857882336814,8.683210734252166,16.20739265607216,16.3784853069696,14.333337069818612
05/17/2023 13:14:41.209922,4536,True,True,True,True,Eyes,0.4220005,0.08189449,-3.066811,0.5968944,-0.5497206,0.5844008,0.0,0.0,0.0,0.0,0.0,0.0,0.0,-2.453757,1.008139,1.306883,0.2464373,0.0995107,-2.945263,0.3109406,0.4087577,-0.1425707,0.8461128,39.99609,51.92259,0.9676033,0.1578732,0.02463926,-0.9871516,0.0,0.0,0.0,1.045966,-0.5028327,-2.47142,0.1988389,0.1648971,1.01833,0.6251815,0.01293697,-0.7803722,0.4954604,0.7659792,0.4096279,0.6030482,-0.6427354,0.4724662,moving,-5.197291756571665,6.5756257978441095,11.048547804444059,9.198005942408681,0.7995287,-0.6023434,0.473843,-0.08999443678404567,0.11404987755250562,0.9893905116962365,-3.2831648533448314,8.680038232261667,16.283795788467902,16.456128969623144,14.341069634242114
05/17/2023 13:14:41.214570,4537,True,True,True,True,Eyes,0.4149988,0.08244945,-3.06151,0.6039027,-0.5477387,0.579037,0.0,0.0,0.0,0.0,0.0,0.0,0.0,-2.46897,0.9741414,1.289957,0.2416624,0.09990673,-2.93945,0.3077318,0.41436,-0.1457238,0.844021,39.80886,52.54017,0.6739445,0.1557165,0.02482035,-0.9874896,0.0,0.0,0.0,1.046684,-0.500382,-2.471311,0.1971839,0.1667534,1.018222,0.6141407,0.009035608,-0.7891449,0.5010114,0.7681315,0.3986998,0.6097694,-0.6402284,0.4672138,moving,-5.255396000032445,6.497423145777251,10.95995686096815,9.300720793040833,0.8050215999999999,-0.6002887299999999,0.46813899999999986,-0.09101196781297832,0.11268889761228304,0.9894534026338571,-3.3251735449044784,8.653708863662146,16.282068225167478,16.455884847248832,14.299775353114644
05/17/2023 13:14:41.235120,4538,True,True,True,True,Eyes,0.408093,0.08297985,-3.056181,0.6108767,-0.5457188,0.5736032,0.0,0.0,0.0,0.0,0.0,0.0,0.0,-2.482079,0.9400175,1.275619,0.2370454,0.1001904,-2.933482,0.3041746,0.4195631,-0.1486546,0.8422272,39.57651,53.09063,0.3597113,0.153576,0.02500657,-0.98782,0.0,0.0,0.0,1.047308,-0.4982532,-2.471217,0.1949652,0.1690072,1.018834,0.6037372,0.004838947,-0.7971688,0.5056427,0.7707593,0.3876282,0.6163009,-0.6371081,0.4628893,moving,-5.258684453740274,6.377231786760882,10.833216643406049,9.418627194034393,0.8102625999999999,-0.5984436,0.4622649999999999,-0.09109014001379823,0.11061224523272142,0.9896805039624719,-3.350092811360818,8.607604286880306,16.20236192729099,16.376793548913152,14.206478284416862
05/17/2023 13:14:41.250368,4539,True,True,True,True,Eyes,0.4013287,0.08348539,-3.050884,0.617601,-0.543627,0.5683649,0.0,0.0,0.0,0.0,0.0,0.0,0.0,-2.493744,0.9088482,1.260542,0.2324466,0.1001257,-2.9274,0.3008982,0.4245968,-0.1511905,0.8404281,39.35746,53.64404,0.1030993,0.1514523,0.02519673,-0.988143,0.0,0.0,0.0,1.048002,-0.4958831,-2.471112,0.1927247,0.1725055,1.019029,0.5937182,0.001391297,-0.8046719,0.5096502,0.7732035,0.3773765,0.6227001,-0.6341564,0.4583558,moving,-5.276945757368938,6.279107096612569,10.709617918566797,9.608179758822986,0.8155554,-0.5960088,0.4562879999999998,-0.09142281528303403,0.10891382309438086,0.9898381776162709,-3.3776164880853408,8.570985419765396,16.15206237636811,16.329511412011833,14.125365316512594
05/17/2023 13:14:41.264772,4540,True,True,True,True,Eyes,0.3946704,0.08396029,-3.04555,0.6242804,-0.541487,0.563086,0.0,0.0,0.0,0.0,0.0,0.0,0.0,-2.50238,0.8815742,1.247261,0.2279931,0.1000396,-2.921087,0.2977839,0.4290655,-0.1530023,0.8389386,39.11958,54.14291,359.9128,0.1493477,0.02538962,-0.9884584,0.0,0.0,0.0,1.048709,-0.4934728,-2.471005,0.1909951,0.1766392,1.01914,0.5849863,-0.001181385,-0.8110424,0.5122565,0.7758301,0.3683488,0.6287959,-0.6309407,0.4544551,moving,-5.242829381875013,6.173907970904308,10.614569024015537,9.83292355868074,0.8207158999999999,-0.5935124,0.4500820000000001,-0.09085139802472847,0.10710185476774359,0.9900885054233391,-3.3823760222964223,8.528206662793336,16.092621688856354,16.274073837694452,14.057622729604425
05/17/2023 13:14:41.284773,4541,True,True,True,True,Eyes,0.3881656,0.08440469,-3.040245,0.6307597,-0.5392951,0.5579454,0.0,0.0,0.0,0.0,0.0,0.0,0.0,-2.510247,0.8571525,1.232943,0.2238958,0.09976533,-2.91481,0.2949803,0.4334214,-0.1543999,0.8374326,38.89482,54.65322,359.7867,0.1472629,0.02558408,-0.9887661,0.0,0.0,0.0,1.049382,-0.4911753,-2.470904,0.1896366,0.1806948,1.019522,0.5766132,-0.002897386,-0.8170123,0.5143005,0.7782946,0.3602119,0.6348325,-0.6278927,0.450265,moving,-5.226373642536134,6.089630783103365,10.536907133973608,10.050439161657557,0.8254862000000001,-0.59094063,0.44390600000000013,-0.09058120375931217,0.10564801716032277,0.9902694660570253,-3.3912017095645277,8.4946486430471,16.06749079875705,16.25327732645655,14.014731538464925
05/17/2023 13:14:41.295213,4542,True,True,True,True,Eyes,0.3817645,0.08481545,-3.034893,0.63721,-0.5370803,0.552728,0.0,0.0,0.0,0.0,0.0,0.0,0.0,-2.518151,0.8330544,1.217074,0.219975,0.09950547,-2.908272,0.2923116,0.4379081,-0.1557524,0.835782,38.68425,55.19281,359.6815,0.1451994,0.02577903,-0.9890662,0.0,0.0,0.0,1.050055,-0.4888805,-2.470802,0.1884559,0.1829211,1.020641,0.5679554,-0.004338777,-0.8230479,0.5163612,0.7805902,0.3522071,0.640935,-0.6250281,0.4455808,moving,-5.231690813371498,6.021285982393738,10.461530589593936,10.160778659761014,0.8300799999999999,-0.58838597,0.43747000000000025,-0.09068449131109385,0.1044657215036186,0.990385435473718,-3.406960521156353,8.468658024872902,16.04275265714747,16.229990684793066,13.971339160294333
05/17/2023 13:14:41.314863,4543,True,True,True,True,Eyes,0.3754962,0.08518803,-3.029529,0.6435153,-0.5346922,0.5477155,0.0,0.0,0.0,0.0,0.0,0.0,0.0,-2.525576,0.8121037,1.199253,0.2160991,0.0990898,-2.901678,0.2900715,0.4424304,-0.1567021,0.8340015,38.4989,55.77078,359.6554,0.1431583,0.02597338,-0.9893586,0.0,0.0,0.0,1.050816,-0.4862814,-2.470687,0.1871634,0.1845694,1.021763,0.5593997,-0.004706646,-0.8288847,0.5180523,0.782606,0.3451805,0.6470655,-0.6224995,0.4402279,moving,-5.278262711019006,5.9937520735784995,10.380187210407598,10.239386797565608,0.8347169,-0.5853712,0.4309910000000001,-0.09149413675568951,0.10398203324743452,0.9903618120243938,-3.4337876003577104,8.461099736759294,16.035552115438566,16.223824091481944,13.927964852881042
05/17/2023 13:14:41.335162,4544,True,True,True,True,Eyes,0.3693414,0.08554604,-3.024103,0.6498111,-0.5322753,0.5426126,0.0,0.0,0.0,0.0,0.0,0.0,0.0,-2.531891,0.7941381,1.18066,0.2124408,0.09855807,-2.894865,0.2880712,0.4468479,-0.15708,0.8322668,38.3078,56.36124,359.7067,0.1411413,0.02616597,-0.9896433,0.0,0.0,0.0,1.051428,-0.4841929,-2.470595,0.1849576,0.1848581,1.023405,0.5513056,-0.004016972,-0.8342937,0.518913,0.7846817,0.3391223,0.6532928,-0.6198859,0.4346839,moving,-5.325537499187832,5.968675509561668,10.244352510618286,10.238958060707798,0.8389872,-0.58275097,0.4242699999999999,-0.09231552421044553,0.10354068653467974,0.990331795194791,-3.4604601602511353,8.45453455284808,15.958741936696853,16.144868781878763,13.82049411558883
05/17/2023 13:14:41.350385,4545,True,True,True,True,Eyes,0.3632965,0.08588524,-3.018611,0.6561041,-0.5298072,0.5374306,0.0,0.0,0.0,0.0,0.0,0.0,0.0,-2.53814,0.7764204,1.161061,0.2090518,0.09852648,-2.887843,0.2861126,0.451398,-0.1571897,0.8304643,38.10633,56.98259,359.7976,0.1391482,0.02635668,-0.9899204,0.0,0.0,0.0,1.052094,-0.4819198,-2.470494,0.182085,0.1834184,1.025556,0.5430626,-0.002779536,-0.8396876,0.5193821,0.786862,0.3333023,0.6597918,-0.6171228,0.4287589,moving,-5.393517768569977,5.938658906521674,10.067812958215242,10.14001464042598,0.8430422000000001,-0.58044628,0.4173490000000002,-0.0934956429060746,0.10301045662584465,0.9902763854643432,-3.497638112767919,8.447422843568134,15.841381065920917,16.02198919753235,13.670637503424215
05/17/2023 13:14:41.365071,4546,True,True,True,True,Eyes,0.3574004,0.08619528,-3.013108,0.6622991,-0.5271822,0.5323897,0.0,0.0,0.0,0.0,0.0,0.0,0.0,-2.54395,0.7578129,1.142026,0.2056844,0.098371,-2.880661,0.2838367,0.4559593,-0.1571927,0.8287511,37.86528,57.5945,359.8758,0.1371804,0.02654514,-0.99019,0.0,0.0,0.0,1.052842,-0.4793705,-2.470381,0.1777251,0.1813017,1.027879,0.5347832,-0.001711293,-0.8449876,0.5193831,0.7894544,0.3271129,0.6665193,-0.6138068,0.4230758,moving,-5.466891124682557,5.878154361981132,9.809719152427265,10.00318412526501,0.8471576000000001,-0.5777415,0.41027999999999976,-0.09477410906073519,0.10195228655648794,0.9902643899693594,-3.543238409475026,8.428915020283267,15.651086891083102,15.82373824690851,13.445437845784852
05/17/2023 13:14:41.384857,4547,True,True,True,True,Eyes,0.3516388,0.08647005,-3.00757,0.6683745,-0.5244858,0.5274374,0.0,0.0,0.0,0.0,0.0,0.0,0.0,-2.549289,0.7383109,1.123628,0.202595,0.09796821,-2.873303,0.281288,0.4604484,-0.1571911,0.8271369,37.59558,58.18279,359.9277,0.135239,0.02673071,-0.9904522,0.0,0.0,0.0,1.053489,-0.4771616,-2.470284,0.1723056,0.180852,1.031967,0.5265565,-0.0009998076,-0.8501395,0.5190742,0.792336,0.3205706,0.6732757,-0.6100841,0.4177287,moving,-5.533150409449268,5.791765171556506,9.479127124864604,9.940131550004015,0.8508939999999999,-0.57512981,0.403019,-0.09593398878226972,0.10044786631970729,0.9903064846393725,-3.5905999603278174,8.399965253956875,15.409425626874313,15.574897122520543,13.160162548422111
05/17/2023 13:14:41.394416,4548,True,True,True,True,Eyes,0.345997,0.0867241,-3.001941,0.6744271,-0.5217201,0.5224521,0.0,0.0,0.0,0.0,0.0,0.0,0.0,-2.553617,0.7181151,1.106787,0.1995159,0.09737327,-2.865718,0.278573,0.4646833,-0.157394,0.8256475,37.32122,58.71804,359.9274,0.1333253,0.02691255,-0.9907066,0.0,0.0,0.0,1.054202,-0.4747275,-2.470176,0.1524833,0.1992245,1.033345,0.5185933,-0.001007548,-0.8550205,0.5188003,0.7952484,0.3137294,0.6796377,-0.6062828,0.4129332,moving,-5.5608858327015875,5.702751206078672,8.394149540683802,10.912489682928355,0.8546861000000001,-0.57210077,0.3955420000000003,-0.0964283386807328,0.09890446877157458,0.9904137793412996,-3.6207163700490583,8.36747859226356,14.725095862862558,14.895784211299704,12.28145285804971
05/17/2023 13:14:41.414683,4549,True,True,True,True,Eyes,0.3405104,0.08692423,-2.996279,0.6803046,-0.5189174,0.5176005,0.0,0.0,0.0,0.0,0.0,0.0,0.0,-2.556962,0.6967474,1.091668,0.1968112,0.09710337,-2.857812,0.2756511,0.4686576,-0.1577074,0.8243209,37.03275,59.20053,359.8829,0.1314404,0.02709048,-0.9909536,0.0,0.0,0.0,1.054844,-0.4725365,-2.470079,0.1551084,0.2044699,1.039974,0.5109769,-0.001631035,-0.8595929,0.5183749,0.7982897,0.3066283,0.6857041,-0.6022714,0.4087531,moving,-5.561697196409565,5.599397773220938,8.48292933665281,11.123081553302303,0.8580327999999999,-0.56963987,0.3877329999999999,-0.09645941710709605,0.09711744564291233,0.990587541314409,-3.641215240055183,8.327700747354355,14.91561230226188,15.091806285383257,12.442227918149547
05/17/2023 13:14:41.434661,4550,True,True,True,True,Eyes,0.3351437,0.08708155,-2.990518,0.6861368,-0.5160419,0.5127544,0.0,0.0,0.0,0.0,0.0,0.0,0.0,-2.55943,0.6777276,1.075971,0.1942855,0.09595822,-2.849694,0.2728612,0.4724962,-0.1577431,0.82305,36.74272,59.67556,359.8706,0.1295856,0.02726317,-0.9911931,0.0,0.0,0.0,1.055524,-0.4702171,-2.469976,0.1464735,0.1978088,1.043034,0.5037288,-0.001809118,-0.8638599,0.5175127,0.8013278,0.3000908,0.6916921,-0.5982228,0.4045881,moving,-5.556620542477633,5.5022628880644,7.993785225133807,10.738473269226407,0.8612384999999999,-0.56617532,0.379718,-0.09638737677879833,0.09543861597249734,0.990757775527483,-3.657789362160357,8.289933472333438,14.369634237368658,14.526919688038003,11.906071455364604
05/17/2023 13:14:41.450391,4551,True,True,True,True,Eyes,0.3299307,0.08719843,-2.984697,0.6918287,-0.513182,0.5079539,0.0,0.0,0.0,0.0,0.0,0.0,0.0,-2.560313,0.6588429,1.063199,0.1918577,0.09506441,-2.841448,0.269982,0.4758424,-0.1578515,0.8220505,36.44867,60.068,359.8158,0.1277614,0.02742988,-0.9914253,0.0,0.0,0.0,1.056241,-0.4677714,-2.469868,0.1544805,0.1843092,1.048068,0.4973139,-0.00258615,-0.8675668,0.5164615,0.8043853,0.2936526,0.6970987,-0.5941023,0.4013676,moving,-5.492850507903411,5.399351483480167,8.384766636909909,9.973834545752862,0.8643833,-0.56283581,0.37158000000000024,-0.09530069055754875,0.09366875935722421,0.9910316956044507,-3.648435609382258,8.246092495866664,14.466619583240435,14.612123490616836,12.156605154857823
05/17/2023 13:14:41.465679,4552,True,True,True,True,Eyes,0.324846,0.08728019,-2.978771,0.6974693,-0.510251,0.5031705,0.0,0.0,0.0,0.0,0.0,0.0,0.0,-2.561068,0.6387942,1.050388,0.1898304,0.09424876,-2.832935,0.2669937,0.479172,-0.1581175,0.8210405,36.1539,60.44969,359.7325,0.1259696,0.02758991,-0.9916501,0.0,0.0,0.0,1.056949,-0.4653538,-2.469761,0.1618125,0.1776531,1.050135,0.4907861,-0.003769782,-0.871272,0.5155135,0.8074265,0.2868944,0.7024065,-0.5899562,0.3982171,moving,-5.4263876785640415,5.297763044364065,8.7596607399173,9.601912703842478,0.8671186,-0.55960256,0.3631739999999999,-0.09416644302431304,0.09192143589657462,0.9913037829770451,-3.6375830996223044,8.2025848527159,14.683322958345329,14.82463065383705,12.475967828266517
05/17/2023 13:14:41.484650,4553,True,True,True,True,Eyes,0.3198963,0.08730688,-2.972739,0.7029966,-0.5073465,0.4983929,0.0,0.0,0.0,0.0,0.0,0.0,0.0,-2.561303,0.6182624,1.038631,0.1878995,0.09347972,-2.824399,0.2639071,0.482334,-0.1585092,0.820111,35.85774,60.79866,359.6177,0.1242109,0.02774288,-0.9918677,0.0,0.0,0.0,1.05758,-0.4632013,-2.469666,0.1653562,0.1737565,1.051003,0.4844576,-0.00540749,-0.8747982,0.5145729,0.8104558,0.2799575,0.7074714,-0.585775,0.3954139,moving,-5.339438099549169,5.191178538255864,8.941154868058593,9.38748145515838,0.8696805,-0.55668102,0.35473299999999997,-0.0926775566920533,0.09008985014004528,0.9916122542766176,-3.6182607647795644,8.155808830883347,14.746862327698702,14.88436406692919,12.619664753541118
05/17/2023 13:14:41.494468,4554,True,True,True,True,Eyes,0.3150871,0.08729115,-2.966597,0.7084792,-0.5043936,0.4936034,0.0,0.0,0.0,0.0,0.0,0.0,0.0,-2.562162,0.5961572,1.025361,0.1862841,0.09219811,-2.815713,0.2606426,0.4857287,-0.1591312,0.8190302,35.55874,61.17186,359.4743,0.1224862,0.02788779,-0.9920781,0.0,0.0,0.0,1.058271,-0.4608441,-2.469562,0.1694253,0.1750629,1.051855,0.4774897,-0.007463466,-0.8786057,0.5138698,0.8134854,0.272359,0.7127002,-0.5815375,0.3922662,moving,-5.277811799526152,5.080713441234549,9.1502032211003,9.449269829897299,0.8719869,-0.55304221,0.3461510000000003,-0.09162660382043136,0.08818648116442032,0.9918808935841696,-3.611365941068773,8.109197289819209,14.93432767642624,15.074876528726485,12.831735731906887
05/17/2023 13:14:41.514452,4555,True,True,True,True,Eyes,0.3104174,0.08721861,-2.960347,0.7138283,-0.501525,0.4887963,0.0,0.0,0.0,0.0,0.0,0.0,0.0,-2.563328,0.5715416,1.011779,0.1849384,0.09118427,-2.806865,0.257308,0.4891855,-0.1603171,0.8177949,35.28894,61.53994,359.265,0.1207965,0.02802412,-0.9922814,0.0,0.0,0.0,1.058982,-0.4584159,-2.469454,0.1687759,0.1764158,1.05266,0.4699919,-0.01047028,-0.8826086,0.5139558,0.816182,0.2640008,0.7176051,-0.5777001,0.3889802,moving,-5.221884356157112,4.987659058627952,9.108866693364732,9.513814810209377,0.8740436,-0.5496001699999999,0.33741100000000035,-0.09067116849784806,0.08658304928579327,0.9921099259553794,-3.603707606525821,8.069669180733333,14.888051578161399,15.02852326514302,12.794338667136044
05/17/2023 13:14:41.534825,4556,True,True,True,True,Eyes,0.3058908,0.08708218,-2.95398,0.7191466,-0.4986219,0.4839466,0.0,0.0,0.0,0.0,0.0,0.0,0.0,-2.56486,0.5466409,0.9959943,0.1836725,0.0897931,-2.797772,0.2540118,0.4929195,-0.1615843,0.8163327,35.03049,61.9531,359.0625,0.1191428,0.02815096,-0.9924778,0.0,0.0,0.0,1.059658,-0.4561116,-2.469352,0.1671324,0.1755137,1.054275,0.4618418,-0.01339832,-0.8868611,0.5142277,0.8187371,0.2554201,0.7226839,-0.5740123,0.3850168,moving,-5.20447292528819,4.906193426486236,9.008039418960934,9.451809873897446,0.8759855,-0.5459047,0.32841999999999993,-0.09038068575068481,0.08517459339938399,0.9922583148481123,-3.6115453370604618,8.037132048833628,14.784869825146075,14.921733680186396,12.698631137375983
05/17/2023 13:14:41.551597,4557,True,True,True,True,Eyes,0.3015204,0.08688722,-2.94751,0.7243809,-0.4958602,0.4789519,0.0,0.0,0.0,0.0,0.0,0.0,0.0,-2.565847,0.5242153,0.9789958,0.1826789,0.0881316,-2.788489,0.2510149,0.4966163,-0.1625369,0.8148286,34.78547,62.38226,358.9142,0.1175253,0.02826724,-0.9926673,0.0,0.0,0.0,1.060395,-0.4535967,-2.469241,0.1648676,0.1755362,1.055997,0.4539081,-0.01556321,-0.8909126,0.5141954,0.8211466,0.2476313,0.7277158,-0.5705051,0.3807276,moving,-5.192594759325648,4.832685279738954,8.873671352111943,9.437862351917886,0.8777161,-0.5417283,0.3192480000000004,-0.09018473999220028,0.08390299343914032,0.9923844764540357,-3.6203839584069777,8.008024345784081,14.66689347192641,14.800928963544827,12.575605545105601
05/17/2023 13:14:41.564961,4558,True,True,True,True,Eyes,0.2973163,0.08664462,-2.940942,0.7295903,-0.4930974,0.4738702,0.0,0.0,0.0,0.0,0.0,0.0,0.0,-2.566522,0.5046742,0.9608756,0.1820844,0.08655349,-2.779274,0.2483961,0.5002647,-0.1630636,0.8132927,34.55432,62.83061,358.8375,0.1159466,0.02837207,-0.9928499,0.0,0.0,0.0,1.06104,-0.4513933,-2.469143,0.1597753,0.1759972,1.057789,0.446291,-0.01670932,-0.894732,0.5137646,0.8234193,0.2408876,0.7327145,-0.5671875,0.3760692,moving,-5.189474502103658,4.77828122439007,8.58939582076174,9.446460031150783,0.8789556,-0.53794679,0.31013100000000016,-0.09013783240218776,0.0829610136737893,0.9924679640013288,-3.6295392996310136,7.986853208618826,14.418325431772638,14.548166920482823,12.305804628416189
05/17/2023 13:14:41.584797,4559,True,True,True,True,Eyes,0.293281,0.08635769,-2.934274,0.7347482,-0.4905306,0.4685349,0.0,0.0,0.0,0.0,0.0,0.0,0.0,-2.568474,0.4844389,0.9394709,0.1819856,0.08516231,-2.770194,0.246062,0.5043135,-0.1638515,0.811341,34.37072,63.34863,358.7717,0.1144072,0.02846512,-0.9930258,0.0,0.0,0.0,1.0617,-0.4491409,-2.469044,0.1538772,0.178038,1.059565,0.4376413,-0.01769406,-0.8989757,0.5140636,0.8252124,0.2340154,0.7377051,-0.5645454,0.3702429,moving,-5.237100201799613,4.755473551908038,8.263112095713403,9.538270263334816,0.8797144000000001,-0.53430321,0.30115000000000025,-0.09096581318984637,0.08255970011058683,0.9924259449480201,-3.6559318032031314,7.981185428376147,14.195145113654041,14.3223907383075,12.020321154093917
05/17/2023 13:14:41.594506,4560,True,True,True,True,Eyes,0.2894117,0.0860173,-2.9275,0.739877,-0.4880157,0.4630581,0.0,0.0,0.0,0.0,0.0,0.0,0.0,-2.571906,0.4603287,0.9143186,0.1821045,0.08386017,-2.760867,0.2437239,0.5089837,-0.1654268,0.8088068,34.23927,63.94838,358.6488,0.1129091,0.02854611,-0.993195,0.0,0.0,0.0,1.062414,-0.4467052,-2.468936,0.1485887,0.1812987,1.061249,0.4271391,-0.01949356,-0.9039758,0.5156995,0.8264653,0.225852,0.7427021,-0.5626501,0.3630685,moving,-5.357523717692613,4.7707764376639545,7.970343237119054,9.694548982724383,0.8803095,-0.53056537,0.2919310000000004,-0.093049547508255,0.08280874527572696,0.9922119712871179,-3.7084570722081125,7.994977039541078,14.081401607169587,14.208292425223085,11.801818565593871
05/17/2023 13:14:41.615131,4561,True,True,True,True,Eyes,0.2857031,0.08562596,-2.920615,0.7449518,-0.4856992,0.4573217,0.0,0.0,0.0,0.0,0.0,0.0,0.0,-2.575032,0.4349909,0.8888632,0.1823767,0.08227077,-2.751373,0.2413992,0.5136339,-0.1674632,0.8061406,34.14111,64.53854,358.4757,0.1114533,0.02861451,-0.9933574,0.0,0.0,0.0,1.063081,-0.4444309,-2.468835,0.1431315,0.1844833,1.062557,0.4162725,-0.02201605,-0.9089733,0.5179793,0.827365,0.2171738,0.7472714,-0.5612329,0.3558132,moving,-5.464457658939305,4.802153513681296,7.6718346490739355,9.849621637335588,0.8807042999999999,-0.52670167,0.2825380000000002,-0.09489699786094102,0.08333749977131405,0.9919926690372347,-3.7516348367009535,8.014079151153348,13.946351268501633,14.072636926350157,11.56999876019916
05/17/2023 13:14:41.634780,4562,True,True,True,True,Eyes,0.2821511,0.08517658,-2.913629,0.749958,-0.4834256,0.4515115,0.0,0.0,0.0,0.0,0.0,0.0,0.0,-2.5772,0.4099842,0.8645952,0.1827518,0.08071941,-2.741835,0.239118,0.5180306,-0.1695874,0.803559,34.05536,65.09185,358.2842,0.110041,0.02866991,-0.9935132,0.0,0.0,0.0,1.06377,-0.4420792,-2.468731,0.1372049,0.1869513,1.063706,0.4057688,-0.02480604,-0.9136391,0.5202878,0.8281254,0.2085879,0.7514336,-0.5599937,0.3489338,moving,-5.5410331415864515,4.84316437136192,7.3498633755923715,9.968194827948563,0.8810182000000001,-0.52279861,0.273104,-0.09621703013354188,0.0840368190741755,0.9918064545483585,-3.778944042160093,8.034903915348362,13.747957724219207,13.872315963729843,11.295484420517997
05/17/2023 13:14:41.650400,4563,True,True,True,True,Eyes,0.2787702,0.08467582,-2.906539,0.7549201,-0.4811312,0.4456551,0.0,0.0,0.0,0.0,0.0,0.0,0.0,-2.57817,0.3830176,0.8435371,0.1831162,0.07895178,-2.732298,0.2364417,0.5220143,-0.1721425,0.8012262,33.95961,65.5582,357.9964,0.1086726,0.02871171,-0.9936626,0.0,0.0,0.0,1.064463,-0.4397147,-2.468627,0.1324847,0.1875072,1.065082,0.395736,-0.02899824,-0.9179065,0.5227022,0.8289245,0.1991649,0.7550997,-0.5586084,0.3431928,moving,-5.550020707494911,4.87205211003582,7.0905560148704385,9.984582615992803,0.8813468,-0.51866648,0.263671,-0.09636853101160098,0.08453562335275684,0.9917494097646273,-3.777461550337053,8.04662602280074,13.514365746816711,13.635327207234358,11.039451143727897
05/17/2023 13:14:41.664796,4564,True,True,True,True,Eyes,0.275605,0.08420839,-2.899328,0.7598507,-0.4789513,0.4395823,0.0,0.0,0.0,0.0,0.0,0.0,0.0,-2.578476,0.3535948,0.823953,0.1839809,0.07727829,-2.722617,0.2329178,0.5259838,-0.1743795,0.7991759,33.76075,65.99744,357.677,0.1073501,0.02873952,-0.9938056,0.0,0.0,0.0,1.065125,-0.4374534,-2.468527,0.1292396,0.1875584,1.066178,0.3858656,-0.0336979,-0.9219394,0.5237418,0.8306822,0.1888429,0.7594751,-0.5557262,0.3381806,moving,-5.523927475298383,4.790142309907198,6.911539750890627,9.977193867969737,0.8811441000000001,-0.51473169,0.25409000000000015,-0.09592831768614435,0.08312128665283688,0.9919116100270995,-3.7813841942810122,8.013348599201947,13.35673305148799,13.473913648217435,10.871766679656378
05/17/2023 13:14:41.684664,4565,True,True,True,True,Eyes,0.2726461,0.0839724,-2.891975,0.7646968,-0.47697,0.4332879,0.0,0.0,0.0,0.0,0.0,0.0,0.0,-2.57781,0.3193054,0.8069836,0.1861708,0.07771176,-2.712487,0.2288734,0.5296867,-0.1769023,0.7973424,33.53088,66.3721,357.2743,0.1060753,0.02875594,-0.9939419,0.0,0.0,0.0,1.065801,-0.4351465,-2.468425,0.1270308,0.1867081,1.067101,0.3762753,-0.03964101,-0.9256596,0.5245656,0.8326451,0.1775753,0.7637067,-0.5523864,0.3340981,moving,-5.4365662211059895,4.662798251559781,6.7887080964887385,9.924444227549508,0.8796302,-0.51285826,0.244062,-0.0944328970271423,0.08092810838869274,0.9922363883411747,-3.76591439594417,7.958545136925864,13.196638820226394,13.309479723756677,10.736145266914264
05/17/2023 13:14:41.694873,4566,True,True,True,True,Eyes,0.2698188,0.08364163,-2.884501,0.7693592,-0.4753438,0.4267723,0.0,0.0,0.0,0.0,0.0,0.0,0.0,-2.576454,0.2817372,0.7930459,0.1886583,0.08312419,-2.702575,0.2260522,0.5328686,-0.1808525,0.7951376,33.51989,66.6896,356.7893,0.1048508,0.02877015,-0.9940714,0.0,0.0,0.0,1.066529,-0.4326652,-2.468315,0.1250548,0.1863826,1.06768,0.3666869,-0.04669315,-0.9291719,0.5285175,0.8323855,0.1667439,0.7656435,-0.5522264,0.329903,moving,-5.310223661350846,4.730195243377932,6.68047877394471,9.902219019077036,0.8778707000000001,-0.51578939,0.2342599999999999,-0.09223572813917508,0.0821122010652581,0.9923457360019363,-3.6945576934828877,7.976236944353596,12.947753053517166,13.058590078113319,10.552288313565382
05/17/2023 13:14:41.714649,4567,True,True,True,True,Eyes,0.2670825,0.08344866,-2.876956,0.7737061,-0.4740759,0.4202749,0.0,0.0,0.0,0.0,0.0,0.0,0.0,-2.576229,0.2804808,0.75738,0.1891512,0.08051348,-2.692023,0.2292745,0.5368636,-0.1827166,0.7910914,33.98265,67.41788,357.0335,0.1036763,0.0287792,-0.9941943,0.0,0.0,0.0,1.067256,-0.4301841,-2.468205,0.1242769,0.1853728,1.068079,0.3567843,-0.04291278,-0.9332007,0.5352693,0.8280956,0.1665664,0.7656317,-0.5589419,0.3184214,moving,-5.52124154950873,5.277963958616162,6.636837082495301,9.846015949814216,0.8781048,-0.51069758,0.22381799999999963,-0.09581059437725103,0.09156444569965193,0.9911792784339384,-3.6851579579175695,8.201172474511658,12.872445289114674,12.987916500204394,10.45222902889873
05/17/2023 13:14:41.734527,4568,True,True,True,True,Eyes,0.2645328,0.08334737,-2.869359,0.7778628,-0.4730974,0.4136523,0.0,0.0,0.0,0.0,0.0,0.0,0.0,-2.56868,0.2822439,0.7537407,0.1889962,0.0836427,-2.683876,0.2322908,0.5362934,-0.1847312,0.7901296,34.41756,67.41203,357.028,0.1025498,0.0287884,-0.9943109,0.0,0.0,0.0,1.067855,-0.4281372,-2.468114,0.1232122,0.1840901,1.06837,0.3565276,-0.04277108,-0.9333053,0.5410751,0.8238308,0.1689394,0.7616599,-0.5652198,0.3168608,moving,-5.1034585900028695,5.820381351014613,6.578702395415082,9.776593436914286,0.8788587999999999,-0.5117799,0.21576200000000023,-0.08849943160889745,0.10101227633974288,0.9909411089663477,-3.386976327408452,8.382826099380589,12.217160785566472,12.333876088150065,10.062670609620165
05/17/2023 13:14:41.750386,4569,True,True,True,True,Eyes,0.2621221,0.08336169,-2.861669,0.7820311,-0.4721166,0.4068579,0.0,0.0,0.0,0.0,0.0,0.0,0.0,-2.569469,0.2513693,0.7303585,0.1911182,0.08587663,-2.674861,0.232034,0.5400032,-0.1901486,0.7863842,34.77098,67.89485,356.6178,0.1014718,0.02880098,-0.9944211,0.0,0.0,0.0,1.068565,-0.425716,-2.468007,0.1218811,0.1832606,1.068343,0.34448,-0.04846146,-0.9375419,0.549658,0.8200074,0.1595741,0.7610582,-0.5702975,0.3091134,moving,-5.145996784630941,6.203783863770259,6.508406738146842,9.733626440842437,0.8774468,-0.51159263,0.20685399999999987,-0.08917281494503032,0.10763450147933157,0.9901833665141296,-3.3319269908244,8.533372797010166,12.05786453625825,12.177229163099739,9.913262667107217
05/17/2023 13:14:41.764750,4570,True,True,True,True,Eyes,0.2598265,0.08342449,-2.85394,0.7861884,-0.4710969,0.3999694,0.0,0.0,0.0,0.0,0.0,0.0,0.0,-2.569647,0.210538,0.7108835,0.1925925,0.08870681,-2.666047,0.2285234,0.5443727,-0.1945166,0.7833254,34.73597,68.37369,356.0971,0.1004426,0.0288207,-0.994525,0.0,0.0,0.0,1.069282,-0.4232703,-2.467899,0.1201764,0.1829231,1.068195,0.3316431,-0.05593581,-0.9417453,0.5535435,0.8198807,0.1462372,0.7639388,-0.5697955,0.3028707,moving,-5.169675878960632,6.192563350272159,6.419023097907453,9.717363104134515,0.8766895000000001,-0.51197711,0.19814799999999977,-0.08958395422373155,0.1074366035569803,0.9901677139668361,-3.345025896190224,8.530600788992423,11.995061084090453,12.112892193084669,9.83590654448187
05/17/2023 13:14:41.784709,4571,True,True,True,True,Eyes,0.2576448,0.08354208,-2.846122,0.7904868,-0.4698845,0.3928603,0.0,0.0,0.0,0.0,0.0,0.0,0.0,-2.56951,0.169424,0.6896077,0.1932169,0.09001375,-2.657293,0.224002,0.5493026,-0.1980929,0.7802877,34.55506,68.9229,355.6094,0.09946218,0.0288486,-0.9946227,0.0,0.0,0.0,1.06992,-0.421091,-2.467803,0.1185255,0.1820245,1.067945,0.3180517,-0.06304909,-0.9459745,0.5552287,0.8211647,0.1319462,0.7684817,-0.5671979,0.2961795,moving,-5.226711524078517,6.045483511410102,6.333034212371256,9.672751723536015,0.8767031,-0.51110475,0.18949000000000016,-0.09059440130467539,0.10488483993513807,0.990349364837787,-3.3999537667444315,8.47765702349016,12.000858233741308,12.115477546265678,9.806085169102303
05/17/2023 13:14:41.794959,4572,True,True,True,True,Eyes,0.2555832,0.0837123,-2.838247,0.7948558,-0.4685619,0.3855568,0.0,0.0,0.0,0.0,0.0,0.0,0.0,-2.569736,0.122699,0.6642979,0.194272,0.09140942,-2.648357,0.218072,0.5552505,-0.2011727,0.7769628,34.21294,69.59777,355.1137,0.0985282,0.02888595,-0.9947146,0.0,0.0,0.0,1.070646,-0.4186144,-2.467693,0.1165423,0.1806152,1.067755,0.3024531,-0.07043821,-0.950558,0.5547765,0.8239484,0.1154652,0.7750776,-0.5622701,0.2882832,moving,-5.367661385488484,5.730440875998731,6.229007407912133,9.60093691779148,0.876374,-0.51002382,0.1806639999999997,-0.09308296755630807,0.09941489817175067,0.9906827353516873,-3.526264564511634,8.365483441853709,12.116057394435446,12.225525212168394,9.833192591786425
05/17/2023 13:14:41.814690,4573,True,True,True,True,Eyes,0.2536058,0.08390632,-2.830264,0.7993371,-0.4670772,0.37802,0.0,0.0,0.0,0.0,0.0,0.0,0.0,-2.569388,0.07345045,0.6355214,0.1952632,0.09290159,-2.638992,0.2119225,0.5617496,-0.2044863,0.7731181,33.87774,70.35963,354.6029,0.0976406,0.02893373,-0.9948007,0.0,0.0,0.0,1.071335,-0.4162649,-2.467589,0.1147758,0.1784436,1.06762,0.2852457,-0.07808944,-0.955268,0.5542789,0.8265485,0.09794211,0.781927,-0.5574225,0.2790526,moving,-5.569856702205333,5.4202307291326415,6.13608614723407,9.488790388520144,0.8760718,-0.50916649,0.1714030000000002,-0.09662937624958079,0.09401780353980649,0.9908700453941564,-3.679863348255585,8.259187040094076,12.288482193138801,12.39283162543318,9.89266338720085
05/17/2023 13:14:41.834931,4574,True,True,True,True,Eyes,0.2517182,0.08410225,-2.822219,0.8038526,-0.4654759,0.370342,0.0,0.0,0.0,0.0,0.0,0.0,0.0,-2.56739,0.03558274,0.6066376,0.1957084,0.09357731,-2.629393,0.2067903,0.5677682,-0.2062078,0.7696465,33.53644,71.11759,354.3131,0.0967986,0.02899189,-0.9948813,0.0,0.0,0.0,1.071965,-0.4141133,-2.467494,0.1132897,0.1756176,1.067257,0.2702355,-0.08259621,-0.9592449,0.552232,0.8294322,0.08415446,0.7886779,-0.5524672,0.2697542,moving,-5.737401058894038,5.131549269101077,6.059276380467327,9.344307601955057,0.8762566,-0.50769061,0.16189900000000002,-0.09957257349218956,0.08899823924101433,0.9910421933458293,-3.8132989269057074,8.158916043478524,12.427212466491287,12.52632952541837,9.943485120754149
05/17/2023 13:14:41.850346,4575,True,True,True,True,Eyes,0.2499084,0.0842909,-2.814083,0.8083065,-0.4638723,0.3625785,0.0,0.0,0.0,0.0,0.0,0.0,0.0,-2.564565,0.009968504,0.5771705,0.1960785,0.09379004,-2.619728,0.2031036,0.5732791,-0.206391,0.7664873,33.22935,71.87663,354.2695,0.09599971,0.02905964,-0.9949568,0.0,0.0,0.0,1.072681,-0.4116715,-2.467386,0.112748,0.1731497,1.066545,0.2575078,-0.08352209,-0.9626598,0.5492622,0.8323034,0.07471339,0.7949849,-0.5479919,0.2602001,moving,-5.8844106445118385,4.90052733921527,6.034513808488099,9.2213096606739,0.8766025,-0.50546154,0.15234199999999998,-0.10215104263802355,0.0849792241885292,0.9911325709793167,-3.926042297513244,8.079520150155894,12.582474341142895,12.677930429914392,10.025784818513191
05/17/2023 13:14:41.864779,4576,True,True,True,True,Eyes,0.2481934,0.08448877,-2.805909,0.8127049,-0.4623045,0.3546623,0.0,0.0,0.0,0.0,0.0,0.0,0.0,-2.561435,-0.004023805,0.5483426,0.1964583,0.09364186,-2.610417,0.2011122,0.5780861,-0.2055302,0.7636281,33.00949,72.60207,354.4312,0.09524253,0.02913594,-0.9950274,0.0,0.0,0.0,1.073349,-0.4093898,-2.467285,0.1130228,0.1697937,1.065721,0.2471476,-0.08137695,-0.9655548,0.5464175,0.8346225,0.06952146,0.8002163,-0.544778,0.2507407,moving,-5.988318061429069,4.78027224272093,6.0537551400094545,9.052443156944918,0.8768907000000001,-0.50303166,0.14313200000000004,-0.10396673640787418,0.0828831241353682,0.9911212628633321,-3.9973507895387,8.039986851894506,12.684839233697975,12.77743993565007,10.101970014637462
05/17/2023 13:14:41.884871,4577,True,True,True,True,Eyes,0.246554,0.08468999,-2.79771,0.8170128,-0.4608525,0.3465619,0.0,0.0,0.0,0.0,0.0,0.0,0.0,-2.558752,-0.01305969,0.5163132,0.197105,0.09401246,-2.601205,0.2008901,0.5829045,-0.2049236,0.760179,32.97865,73.39466,354.7089,0.09452624,0.02922037,-0.9950932,0.0,0.0,0.0,1.074028,-0.4070729,-2.467182,0.1136253,0.1669737,1.064196,0.2364575,-0.07735783,-0.9685577,0.5457567,0.835299,0.06652309,0.8038892,-0.5443266,0.2397313,moving,-6.154199201202641,4.846021429378683,6.094440236762891,8.917081043607277,0.876923,-0.50108536,0.134023,-0.10682578643394575,0.0839948234183157,0.990723580845533,-4.061005306157972,8.076199662140327,12.814974615325388,12.907466616803147,10.19019900065396
05/17/2023 13:14:41.899986,4578,True,True,True,True,Eyes,0.2449836,0.08492573,-2.789419,0.8211461,-0.4596435,0.3383001,0.0,0.0,0.0,0.0,0.0,0.0,0.0,-2.55644,-0.01528831,0.4817045,0.197374,0.09423844,-2.592261,0.2023113,0.5876941,-0.2041486,0.7563131,33.09132,74.25294,355.1382,0.09384901,0.02931239,-0.9951546,0.0,0.0,0.0,1.074736,-0.4046566,-2.467075,0.1155673,0.16394,1.0626,0.2258782,-0.07100616,-0.9715645,0.5465947,0.834787,0.06606752,0.8063582,-0.5459751,0.2273717,moving,-6.3723415675161545,5.049703593052905,6.20703434463222,8.77055261588197,0.877362,-0.49889503999999996,0.12518600000000024,-0.11056369376208525,0.08748025467008169,0.9900115640546887,-4.121889617056217,8.1689958617537,13.023467891326181,13.11813309087184,10.346426471723408
05/17/2023 13:14:41.916794,4579,True,True,True,True,Eyes,0.2434674,0.08517748,-2.781066,0.8250365,-0.4586706,0.3300547,0.0,0.0,0.0,0.0,0.0,0.0,0.0,-2.553372,-0.01670071,0.4489671,0.1978457,0.09513651,-2.583286,0.2041805,0.5920888,-0.2035833,0.7525259,33.25601,75.06733,355.5682,0.09320971,0.02941262,-0.9952117,0.0,0.0,0.0,1.0754,-0.4023938,-2.466975,0.1176466,0.1605125,1.060758,0.2159696,-0.06461744,-0.9742596,0.5481892,0.8337284,0.06622347,0.8079886,-0.5483809,0.2154826,moving,-6.558614910606157,5.297431177912298,6.328698760493792,8.604643481883977,0.8775542999999999,-0.49753031000000003,0.11631100000000005,-0.11373807827788124,0.09172682266792481,0.9892673502049897,-4.159508518952212,8.276677478447919,13.207858488635061,13.304905369105837,10.49333377130614
05/17/2023 13:14:41.934734,4580,True,True,True,True,Eyes,0.2420245,0.08545181,-2.772701,0.8288183,-0.4577841,0.3217048,0.0,0.0,0.0,0.0,0.0,0.0,0.0,-2.549773,-0.01648705,0.4181957,0.1978923,0.09566259,-2.574527,0.2062627,0.5961372,-0.2030791,0.7488894,33.43989,75.83879,355.9975,0.09260597,0.02952108,-0.9952648,0.0,0.0,0.0,1.076095,-0.4000202,-2.46687,0.120196,0.1571746,1.058825,0.2067587,-0.05824589,-0.9766569,0.5500893,0.8324291,0.06680985,0.8091062,-0.5510619,0.2041524,moving,-6.702177773136766,5.566491816733055,6.476394547089678,8.443469640078316,0.8782027,-0.49568279,0.10765699999999967,-0.11616557063890715,0.0963441387938748,0.988546105191328,-4.173287553308841,8.389780782869108,13.389015486199849,13.488949914484042,10.649817431906381
05/17/2023 13:14:41.950438,4581,True,True,True,True,Eyes,0.2406666,0.08576408,-2.764325,0.8325251,-0.4569102,0.313265,0.0,0.0,0.0,0.0,0.0,0.0,0.0,-2.545534,-0.02043962,0.3893023,0.198272,0.09645199,-2.565756,0.2073999,0.6001519,-0.2027164,0.7454591,33.54127,76.56841,356.3342,0.09203704,0.02963782,-0.9953142,0.0,0.0,0.0,1.076817,-0.3975565,-2.466761,0.1222842,0.1542501,1.056376,0.1974477,-0.05329077,-0.978864,0.5511764,0.8317828,0.06589493,0.8106905,-0.5525374,0.1936061,moving,-6.805666803245294,5.748352965276045,6.603068187365787,8.307515030545357,0.8785449999999999,-0.49400848999999997,0.09899499999999994,-0.11791457807750388,0.09946071843067025,0.9880301872843302,-4.185575364104602,8.466651622062354,13.548923917252923,13.650768642268881,10.789817150232123
05/17/2023 13:14:41.964973,4582,True,True,True,True,Eyes,0.2393797,0.08610448,-2.75589,0.836094,-0.4560515,0.3048996,0.0,0.0,0.0,0.0,0.0,0.0,0.0,-2.54072,-0.03348589,0.3621092,0.1990155,0.09765391,-2.557021,0.2067289,0.6044423,-0.2028838,0.742126,33.51125,77.26318,356.4781,0.09150321,0.02976332,-0.9953596,0.0,0.0,0.0,1.077495,-0.395245,-2.466659,0.1243181,0.1515343,1.053847,0.1869755,-0.05121927,-0.9810285,0.551042,0.8322027,0.0615747,0.8132607,-0.5521008,0.1838255,moving,-6.893762053309826,5.778925585120074,6.727859834083499,8.182562652049231,0.8784795000000001,-0.49289891,0.09036200000000028,-0.1194274624785494,0.09996970296607581,0.9877970708922046,-4.220226731608269,8.484208780433404,13.730085932889303,13.83206615052967,10.952241315669124
05/17/2023 13:14:41.984619,4583,True,True,True,True,Eyes,0.238157,0.08645412,-2.747397,0.8395783,-0.4551323,0.2965853,0.0,0.0,0.0,0.0,0.0,0.0,0.0,-2.534888,-0.05076732,0.3368046,0.1996069,0.09859762,-2.547962,0.204824,0.608779,-0.2031532,0.7390292,33.37337,77.91282,356.5065,0.09100254,0.02989813,-0.9954016,0.0,0.0,0.0,1.078144,-0.3930298,-2.466561,0.1258349,0.1492549,1.051088,0.176234,-0.0508872,-0.9830321,0.5496574,0.8335518,0.05539107,0.8165894,-0.5500926,0.1748706,moving,-6.950926761198496,5.696246403595022,6.826884970114621,8.081989721710947,0.8785371,-0.49162742,0.08140100000000006,-0.1204302961688084,0.09853216349683738,0.98781978570567,-4.262674043230168,8.456092628128964,13.882196687857368,13.982841888666416,11.095867343071792
05/17/2023 13:14:41.995296,4584,True,True,True,True,Eyes,0.2370021,0.08680534,-2.738876,0.8430135,-0.4541721,0.2881944,0.0,0.0,0.0,0.0,0.0,0.0,0.0,-2.528673,-0.06869046,0.3118863,0.2000881,0.09908774,-2.538961,0.2025646,0.6131229,-0.203429,0.7359787,33.20393,78.55035,356.5025,0.09053484,0.03004162,-0.9954398,0.0,0.0,0.0,1.078842,-0.3906489,-2.466455,0.1273237,0.1473992,1.047905,0.1653941,-0.05104484,-0.9849057,0.5478328,0.8351685,0.04871255,0.8200755,-0.5476204,0.166096,moving,-6.996051301486039,5.582351560895709,6.927656677924471,8.006742639051973,0.8787539000000001,-0.48973664,0.07250600000000018,-0.12123180117843518,0.09655885676442853,0.9879166500041381,-4.305650147260065,8.41515711194363,14.0339318106432,14.133199071538744,11.240728829146482
05/17/2023 13:14:42.015174,4585,True,True,True,True,Eyes,0.2359122,0.08714218,-2.730313,0.8463337,-0.4532296,0.2798255,0.0,0.0,0.0,0.0,0.0,0.0,0.0,-2.521907,-0.08639777,0.2862575,0.2006062,0.0994599,-2.529681,0.2005382,0.6174905,-0.2039043,0.7327436,33.07278,79.20289,356.4999,0.09009736,0.03019378,-0.9954749,0.0,0.0,0.0,1.079561,-0.3881947,-2.466347,0.1284826,0.145555,1.044547,0.1542572,-0.05115824,-0.9867054,0.5464799,0.836415,0.04206824,0.823143,-0.545704,0.15698,moving,-7.060882128402533,5.503630180588099,7.012339444230581,7.932939583635652,0.8789548,-0.4876546,0.06333400000000022,-0.12236579451728163,0.09518807652593357,0.9879098921164557,-4.350860230079611,8.389068777943955,14.183099838988735,14.281355314120622,11.372350710391569
05/17/2023 13:14:42.034786,4586,True,True,True,True,Eyes,0.2348848,0.08748161,-2.721722,0.8495893,-0.4522773,0.2713727,0.0,0.0,0.0,0.0,0.0,0.0,0.0,-2.515102,-0.1007777,0.2582984,0.2011567,0.09942228,-2.520369,0.1992331,0.6219742,-0.2041746,0.7292237,32.99416,79.9122,356.5863,0.08969168,0.0303526,-0.9955058,0.0,0.0,0.0,1.080202,-0.3860055,-2.46625,0.1281954,0.1440546,1.041148,0.142922,-0.04994228,-0.9884731,0.5456136,0.8372378,0.03658838,0.8257598,-0.5445536,0.1469089,moving,-7.168872827957087,5.483150768839256,7.0194349138497625,7.877504533364701,0.8790453000000001,-0.48542778,0.05411900000000003,-0.12423203663677329,0.0948127909972679,0.9877129202412296,-4.404622525577553,8.388255365432926,14.291231864529855,14.388919574655818,11.435469154861684
05/17/2023 13:14:42.050411,4587,True,True,True,True,Eyes,0.2339226,0.08782797,-2.713108,0.852733,-0.4513373,0.2629468,0.0,0.0,0.0,0.0,0.0,0.0,0.0,-2.507974,-0.110695,0.231472,0.2016673,0.09979944,-2.511003,0.1985453,0.626128,-0.2038702,0.7259343,32.92627,80.60027,356.7653,0.08931614,0.030518,-0.9955338,0.0,0.0,0.0,1.080922,-0.3835506,-2.466141,0.1266068,0.1437852,1.037548,0.1328014,-0.04736318,-0.9900105,0.5446222,0.8380334,0.03296402,0.8281006,-0.5435593,0.137087,moving,-7.254006282113118,5.486295651560307,6.957123082490613,7.889896306660175,0.8792547,-0.48335004000000004,0.04486200000000018,-0.12569906596842828,0.09484934231265392,0.9875238196459122,-4.443249463827707,8.395048086776512,14.315222577460224,14.41296270468702,11.411558724197285
05/17/2023 13:14:42.064725,4588,True,True,True,True,Eyes,0.2330265,0.08817946,-2.70447,0.8558217,-0.4503938,0.2543906,0.0,0.0,0.0,0.0,0.0,0.0,0.0,-2.500846,-0.1189788,0.2034402,0.2023119,0.1002972,-2.501756,0.1982485,0.6303587,-0.2033911,0.7224803,32.87991,81.32342,356.9997,0.08897014,0.03068973,-0.995559,0.0,0.0,0.0,1.081593,-0.3812595,-2.46604,0.1251636,0.1442337,1.033633,0.1225601,-0.04395685,-0.9914873,0.5438275,0.8386591,0.03004253,0.8301994,-0.54288,0.1266911,moving,-7.361028367877397,5.5157733794270785,6.904384842322441,7.943789322298327,0.8792811,-0.48155669999999995,0.03571599999999986,-0.12753748660297964,0.09533483765457343,0.987241304280803,-4.486837695068301,8.413423993100295,14.371599053021814,14.470565831251417,11.400899421553461
05/17/2023 13:14:42.084675,4589,True,True,True,True,Eyes,0.2321937,0.08853447,-2.695784,0.8588502,-0.4494256,0.2457497,0.0,0.0,0.0,0.0,0.0,0.0,0.0,-2.49333,-0.1296492,0.1737092,0.2030472,0.1007459,-2.492449,0.1976,0.6349432,-0.2030895,0.7187183,32.81567,82.09368,357.2038,0.08865314,0.03086751,-0.9955814,0.0,0.0,0.0,1.082253,-0.3790075,-2.46594,0.1243255,0.1448363,1.029629,0.1112035,-0.04099878,-0.9929516,0.5428579,0.8394178,0.02613675,0.8324296,-0.5419381,0.1156027,moving,-7.508919673203687,5.521452648669107,6.885010711074401,8.007169222029678,0.8792057999999999,-0.4797534,0.026509000000000338,-0.13008449096297525,0.09540086248755543,0.9869025542945081,-4.553897190253422,8.425307378101751,14.506420931685414,14.606985273851802,11.446547666987783
05/17/2023 13:14:42.094952,4590,True,True,True,True,Eyes,0.2314098,0.08887582,-2.687062,0.8618206,-0.4484406,0.2369941,0.0,0.0,0.0,0.0,0.0,0.0,0.0,-2.485185,-0.1427849,0.144074,0.2038122,0.1011584,-2.483046,0.1965399,0.6396264,-0.2030834,0.7148478,32.73725,82.86349,357.3478,0.08836468,0.03105108,-0.9956011,0.0,0.0,0.0,1.08297,-0.3765598,-2.465832,0.124723,0.1458417,1.025381,0.09927049,-0.03892314,-0.994299,0.5417717,0.8402584,0.02119733,0.8346429,-0.5407872,0.1045003,moving,-7.656807673406108,5.507468675767192,6.935147314408857,8.09498169517479,0.8791578,-0.4777182,0.017214000000000063,-0.132634864063,0.09512755408020526,0.986589409550517,-4.624783973280634,8.429612595670019,14.716601250957458,14.819594258684072,11.564773634432653
05/17/2023 13:14:42.115048,4591,True,True,True,True,Eyes,0.2306784,0.08920328,-2.678272,0.8647203,-0.447446,0.2281465,0.0,0.0,0.0,0.0,0.0,0.0,0.0,-2.476305,-0.154913,0.1154964,0.2042451,0.1011486,-2.473354,0.1954234,0.6441603,-0.2030007,0.7110964,32.64687,83.60846,357.4857,0.08810379,0.03123953,-0.9956182,0.0,0.0,0.0,1.083639,-0.374277,-2.465731,0.1255304,0.1446007,1.021083,0.08769659,-0.03693818,-0.9954623,0.5404742,0.8412008,0.01639979,0.8367779,-0.5394598,0.09373454,moving,-7.779367116940594,5.48471458930764,7.008688216769851,8.060345808078136,0.8793939,-0.4754256,0.007623000000000157,-0.1347503492214101,0.09470846247832565,0.9863430418115392,-4.6857041479544055,8.42887757404528,14.907253465036558,15.010678090212553,11.700197795022435
05/17/2023 13:14:42.135041,4592,True,True,True,True,Eyes,0.230005,0.08952035,-2.669452,0.8675583,-0.4464198,0.2192078,0.0,0.0,0.0,0.0,0.0,0.0,0.0,-2.467078,-0.1659248,0.08780313,0.2048349,0.1011133,-2.463642,0.1944519,0.648497,-0.2028452,0.707456,32.56264,84.32916,357.6332,0.08786988,0.0314321,-0.9956326,0.0,0.0,0.0,1.08431,-0.3719899,-2.46563,0.1272687,0.1405266,1.016798,0.07661089,-0.03480512,-0.9964534,0.539211,0.8420846,0.01204329,0.8386789,-0.5382212,0.08328016,moving,-7.876691881337859,5.474676397787052,7.134389894088343,7.868718529546006,0.8794751000000001,-0.4731032,-0.0019879999999998788,-0.13642813996923808,0.09451375551179286,0.9861311342592126,-4.732517244989084,8.431388887719901,15.099016057441945,15.200789907013702,11.880239180229259
05/17/2023 13:14:42.151995,4593,True,True,True,True,Eyes,0.2293924,0.08982275,-2.66061,0.8703452,-0.4453421,0.2101655,0.0,0.0,0.0,0.0,0.0,0.0,0.0,-2.457559,-0.1771964,0.06027341,0.2055894,0.1011561,-2.454002,0.1932781,0.6528445,-0.2025706,0.7038486,32.45053,85.04578,357.7726,0.08766249,0.03162815,-0.9956446,0.0,0.0,0.0,1.085017,-0.3695745,-2.465523,0.129559,0.1364486,1.014488,0.06551833,-0.03279692,-0.9973124,0.5375192,0.8432174,0.007582878,0.8407025,-0.5365713,0.07287511,moving,-7.965880901136389,5.440229859570088,7.2777776228523265,7.660308782782405,0.8794275999999999,-0.4707306,-0.011521000000000114,-0.13797105342860172,0.09390059981935983,0.9859749268389466,-4.78033322755577,8.423960230919313,15.304893411924205,15.404475830785849,12.082268032740007
05/17/2023 13:14:42.164561,4594,True,True,True,True,Eyes,0.228826,0.09010039,-2.651707,0.8730596,-0.4442224,0.2010808,0.0,0.0,0.0,0.0,0.0,0.0,0.0,-2.447794,-0.1893438,0.03178835,0.2064678,0.1010775,-2.444527,0.1917724,0.6573967,-0.2021979,0.7001207,32.30161,85.7863,357.8992,0.08748131,0.03182698,-0.9956542,0.0,0.0,0.0,1.08567,-0.3673474,-2.465424,0.1276207,0.1467509,1.008885,0.05389121,-0.03098464,-0.9980659,0.5352669,0.8446787,0.002679277,0.842962,-0.5343761,0.06210582,moving,-8.07571158744244,5.368052598324865,7.209440322697627,8.276114779568708,0.8792021999999999,-0.4684249,-0.020897000000000165,-0.13987751069851,0.09263345171371788,0.9858262623641911,-4.845010166072726,8.403343774073207,15.45039207173071,15.559328217054848,12.055121890850312
05/17/2023 13:14:42.184859,4595,True,True,True,True,Eyes,0.2283139,0.09035351,-2.642745,0.8756734,-0.4430934,0.1920011,0.0,0.0,0.0,0.0,0.0,0.0,0.0,-2.437202,-0.2042014,0.004652977,0.2070431,0.1007292,-2.434884,0.1897999,0.6618928,-0.2023558,0.6963664,32.15533,86.49567,357.9305,0.08732568,0.03202759,-0.9956615,0.0,0.0,0.0,1.08638,-0.364925,-2.465317,0.1351458,0.1529314,1.006293,0.0419002,-0.03057327,-0.998654,0.5330819,0.8460562,-0.00353522,0.8450255,-0.5322163,0.05174794,moving,-8.169251200347851,5.288595489125444,7.649091301479576,8.641403713802134,0.8793368999999999,-0.4656542,-0.030433000000000376,-0.14150497513340993,0.09124491381044189,0.9857234879562058,-4.903595826742682,8.37885383767842,16.05006169480612,16.16976445396097,12.555432552345193
05/17/2023 13:14:42.195098,4596,True,True,True,True,Eyes,0.2278485,0.09058887,-2.63374,0.8782271,-0.44191,0.1828463,0.0,0.0,0.0,0.0,0.0,0.0,0.0,-2.425736,-0.2217601,-0.02378154,0.2078495,0.1003688,-2.425007,0.1874963,0.6666494,-0.202864,0.6922933,32.01107,87.23886,357.912,0.08719534,0.03222909,-0.9956665,0.0,0.0,0.0,1.08707,-0.3625718,-2.465213,0.133816,0.1581901,1.002425,0.02884958,-0.03089409,-0.9991063,0.5308713,0.8473827,-0.01087338,0.8469613,-0.5300831,0.04084739,moving,-8.295379462724119,5.204564002937327,7.6035911501706765,8.967745187606814,0.8792205,-0.4629406,-0.040205999999999964,-0.1436938863028534,0.08977052004978864,0.9855421743727021,-4.978092812085929,8.354737270631638,16.21328021068695,16.338261816311512,12.596608671875908
05/17/2023 13:14:42.215296,4597,True,True,True,True,Eyes,0.22743,0.0907893,-2.624707,0.8806974,-0.4406497,0.1737815,0.0,0.0,0.0,0.0,0.0,0.0,0.0,-2.414047,-0.2347785,-0.04988718,0.2085261,0.100153,-2.414896,0.185611,0.6709473,-0.2027342,0.6886779,31.85021,87.92494,357.9648,0.0870897,0.03243092,-0.9956692,0.0,0.0,0.0,1.087784,-0.3601325,-2.465105,0.1327542,0.1569182,1.000478,0.01745742,-0.03016674,-0.9993924,0.5283076,0.8488948,-0.01639544,0.8488736,-0.5277004,0.03075685,moving,-8.370743299177853,5.12382474432574,7.558467452753013,8.913835613634488,0.8792579,-0.4602855,-0.050208999999999726,-0.14500839660586962,0.08836451418116065,0.9854767149793151,-5.028550639332044,8.328561740237735,16.25119016701773,16.373879734776008,12.600617840302807
05/17/2023 13:14:42.234949,4598,True,True,True,True,Eyes,0.2270574,0.09097137,-2.615644,0.8831154,-0.4393148,0.1646506,0.0,0.0,0.0,0.0,0.0,0.0,0.0,-2.402556,-0.2439518,-0.07565141,0.2092495,0.09949291,-2.404959,0.1839047,0.6750832,-0.2019185,0.6853253,31.64756,88.5943,358.0843,0.08700822,0.0326319,-0.9956699,0.0,0.0,0.0,1.08842,-0.3579636,-2.465009,0.1310697,0.1545503,0.9989896,0.006983257,-0.02845775,-0.9995706,0.5250617,0.850816,-0.02055452,0.8510356,-0.5246927,0.02088354,moving,-8.42184808361409,5.0178274287985625,7.474641692791759,8.794316945371303,0.8791705,-0.45745651,-0.06004999999999994,-0.14591092562491442,0.08652962587897284,0.9855063413926295,-5.072745328741798,8.291061846489427,16.22062575367876,16.338918577438335,12.557475333947478
05/17/2023 13:14:42.250467,4599,True,True,True,True,Eyes,0.2267284,0.09111398,-2.606528,0.8854305,-0.4379799,0.1555202,0.0,0.0,0.0,0.0,0.0,0.0,0.0,-2.390453,-0.2565338,-0.1009941,0.2099996,0.0992038,-2.395064,0.1817457,0.6793078,-0.2015833,0.6818166,31.44693,89.25994,358.1217,0.08695044,0.03283157,-0.9956685,0.0,0.0,0.0,1.089107,-0.3556195,-2.464906,0.1277523,0.1492869,0.9978034,-0.004189623,-0.02796303,-0.9996002,0.5218081,0.8526654,-0.02603965,0.8530527,-0.5217086,0.01101901,moving,-8.479059098554876,4.902021043373702,7.296086937181155,8.509221491394976,0.8791074000000001,-0.4548233,-0.06984199999999996,-0.14692027482689507,0.08452477513156645,0.9855303602507877,-5.121664487380555,8.2501819480132,16.072495098314356,16.182309091134154,12.420452967876807
05/17/2023 13:14:42.265899,4600,True,True,True,True,Eyes,0.2264433,0.09123209,-2.597373,0.8876618,-0.4366389,0.1462978,0.0,0.0,0.0,0.0,0.0,0.0,0.0,-2.377453,-0.2713618,-0.1284764,0.2107163,0.098371,-2.385026,0.1796903,0.6838318,-0.2019645,0.6777138,31.31728,89.98853,358.1223,0.0869159,0.03302876,-0.9956651,0.0,0.0,0.0,1.089799,-0.3532576,-2.464801,0.1236039,0.1441108,0.9967693,-0.01683103,-0.02799237,-0.9994665,0.5195042,0.8538434,-0.03266227,0.8543022,-0.5197767,0.000171067,moving,-8.595628566869927,4.846496771807547,7.068850251468924,8.226698585547597,0.8790827,-0.4516286,-0.07977500000000015,-0.14893740765444857,0.08354418382812011,0.9853111510619148,-5.186204776092582,8.23642507604506,15.922779864616254,16.02503232295642,12.255058887381079
05/17/2023 13:14:42.284744,4601,True,True,True,True,Eyes,0.2262015,0.09134297,-2.588175,0.8897926,-0.4352934,0.1370726,0.0,0.0,0.0,0.0,0.0,0.0,0.0,-2.363646,-0.289003,-0.1541944,0.2115152,0.09788953,-2.374826,0.177324,0.688197,-0.2029039,0.6736255,31.20996,90.6778,358.0371,0.08690421,0.03322295,-0.9956597,0.0,0.0,0.0,1.090477,-0.3509438,-2.464699,0.120531,0.1392796,0.9956949,-0.02957006,-0.02929478,-0.9991334,0.5174302,0.8547724,-0.04037574,0.8552144,-0.5181757,-0.01011764,moving,-8.686717628107868,4.80404977983308,6.902193511078645,7.962968401967855,0.8789617999999999,-0.44883333,-0.08987299999999987,-0.15051312859449756,0.08279422249247351,0.9851350301413727,-5.2364543588718515,8.226037704068926,15.80969521824095,15.905751078359147,12.141498159962042
05/17/2023 13:14:42.294707,4602,True,True,True,True,Eyes,0.2260014,0.09142578,-2.57892,0.8918651,-0.4338927,0.1277251,0.0,0.0,0.0,0.0,0.0,0.0,0.0,-2.348715,-0.3123997,-0.1795342,0.212328,0.09781367,-2.364665,0.1738997,0.6927844,-0.2044569,0.6693326,31.06984,91.36358,357.8088,0.08691503,0.03341432,-0.9956524,0.0,0.0,0.0,1.091214,-0.3484309,-2.464587,0.118092,0.135193,0.9943199,-0.04350574,-0.0327493,-0.9985163,0.5146492,0.8559126,-0.05049566,0.8562964,-0.5160825,-0.02038274,moving,-8.779411700358443,4.7110025790525425,6.773098198881912,7.742758281109497,0.878886,-0.44624457,-0.09992199999999984,-0.15212702822193597,0.08117397589827542,0.9850218707229488,-5.297296549026625,8.196254900524597,15.75468336640082,15.845255024862304,12.078910900994298
05/17/2023 13:14:42.314711,4603,True,True,True,True,Eyes,0.2258439,0.09148152,-2.569611,0.8938805,-0.4323962,0.1183692,0.0,0.0,0.0,0.0,0.0,0.0,0.0,-2.332383,-0.3368456,-0.2062395,0.213156,0.0972042,-2.353959,0.1698106,0.6976581,-0.2058648,0.664874,30.86732,92.07805,357.5422,0.08694804,0.03360227,-0.9956433,0.0,0.0,0.0,1.091868,-0.346198,-2.464489,0.116189,0.1323125,0.9927268,-0.05821408,-0.03680892,-0.9976254,0.5106878,0.857568,-0.06144124,0.8577933,-0.5130517,-0.03112476,moving,-8.898515047777952,4.551843027338316,6.675541862068486,7.5917471118893465,0.878712,-0.4434022,-0.1105299999999998,-0.15420852176974542,0.07841181756295551,0.9849220315554903,-5.383184522445919,8.142724478957955,15.782045999527357,15.867963494866176,12.071307223147198
05/17/2023 13:14:42.334979,4604,True,True,True,True,Eyes,0.2257172,0.09148923,-2.560241,0.895852,-0.4307964,0.1089207,0.0,0.0,0.0,0.0,0.0,0.0,0.0,-2.315791,-0.3601323,-0.2311666,0.2140444,0.09659279,-2.343262,0.1655195,0.7022644,-0.2070186,0.6607355,30.63005,92.74066,357.2628,0.08700301,0.03378627,-0.9956324,0.0,0.0,0.0,1.092519,-0.3439754,-2.46439,0.1130963,0.1319288,0.991021,-0.0720638,-0.04109212,-0.9965532,0.5060459,0.8594932,-0.07203428,0.8594908,-0.5094928,-0.04114383,moving,-8.965696345948603,4.367578622466937,6.510485390067359,7.582865469264961,0.8784746,-0.44056818999999997,-0.12112799999999968,-0.15540147862524745,0.07522965144488714,0.984982712046266,-5.45002922900697,8.076115353279059,15.724174269888927,15.806652733371047,11.970681075075495
05/17/2023 13:14:42.350348,4605,True,True,True,True,Eyes,0.2256136,0.09145012,-2.550827,0.8977645,-0.4290954,0.09947864,0.0,0.0,0.0,0.0,0.0,0.0,0.0,-2.298879,-0.3796229,-0.256762,0.2146786,0.09541603,-2.332314,0.1613727,0.706891,-0.2075011,0.6566638,30.35104,93.41955,357.0526,0.08707933,0.03396505,-0.9956197,0.0,0.0,0.0,1.093262,-0.3414398,-2.464278,0.1089535,0.1344448,0.9893762,-0.0855033,-0.04437108,-0.9953495,0.5006627,0.8618042,-0.08142614,0.8614094,-0.5052965,-0.05147214,moving,-9.041006408150208,4.1562460051935926,6.284285825207758,7.73843527381036,0.8785833999999999,-0.43685583,-0.13196399999999997,-0.15673820921938053,0.07158077678656904,0.9850427837119524,-5.525891308155675,7.99960736245616,15.657666062702187,15.738381809894408,11.813064580425696
05/17/2023 13:14:42.364821,4606,True,True,True,True,Eyes,0.2255404,0.09135409,-2.541383,0.8996129,-0.4273314,0.08991435,0.0,0.0,0.0,0.0,0.0,0.0,0.0,-2.282444,-0.3962914,-0.2816734,0.2151482,0.09422594,-2.321803,0.1577168,0.7113193,-0.2077654,0.6526745,30.09601,94.08942,356.8971,0.08717611,0.03413744,-0.9956053,0.0,0.0,0.0,1.093898,-0.3392713,-2.464182,0.1055528,0.1369155,0.9878855,-0.09828302,-0.04683236,-0.994056,0.4955802,0.8639179,-0.08969955,0.8629836,-0.5014504,-0.06169927,moving,-9.09988182515938,3.9827355916064135,6.098755415153169,7.890614186927697,0.8787498,-0.43349724,-0.14237900000000003,-0.15778361436476496,0.06858586239106532,0.9850890295431971,-5.586813698595839,7.936598208598683,15.613380991736145,15.692994904682335,11.685659589533396
05/17/2023 13:14:42.384744,4607,True,True,True,True,Eyes,0.2255657,0.09128978,-2.531903,0.9013562,-0.4255756,0.0802639,0.0,0.0,0.0,0.0,0.0,0.0,0.0,-2.265266,-0.4142807,-0.3089123,0.2158354,0.09273696,-2.311558,0.1540144,0.716063,-0.2083166,0.6481802,29.86736,94.8245,356.7287,0.08729281,0.03430199,-0.9955895,0.0,0.0,0.0,1.094573,-0.3369675,-2.46408,0.1027272,0.1404995,0.9864638,-0.1122842,-0.04948529,-0.9924433,0.4906214,0.8657675,-0.09867744,0.8641083,-0.4979937,-0.07293339,moving,-9.215786260710354,3.8251699853869336,5.945171134647091,8.105972367908297,0.8787376,-0.42970445999999995,-0.15252200000000027,-0.15980549170772257,0.06585487267381718,0.9849493513892877,-5.670916872921543,7.883472375099872,15.67368868834985,15.753726485566652,11.618218746708964
05/17/2023 13:14:42.395278,4608,True,True,True,True,Eyes,0.225649,0.09155867,-2.522447,0.9028577,-0.4241297,0.07044189,0.0,0.0,0.0,0.0,0.0,0.0,0.0,-2.24681,-0.4383084,-0.3368526,0.218171,0.09340554,-2.301612,0.1505998,0.7208514,-0.2100223,0.6431049,29.76822,95.59389,356.4987,0.0874316,0.03446083,-0.9955719,0.0,0.0,0.0,1.095268,-0.3345954,-2.463975,0.1004511,0.1425721,0.9850615,-0.1274721,-0.05301261,-0.9904245,0.4872528,0.8664207,-0.1090868,0.8639073,-0.4964926,-0.08461397,moving,-9.364442541186717,3.7631306740841706,5.822578409572786,8.235471723777202,0.8770969999999999,-0.42800094,-0.16236300000000004,-0.16237211010905417,0.06476085271562218,0.9846021625775716,-5.751515066179107,7.869308070211122,15.751319673029128,15.83184890730004,11.579884092970682
05/17/2023 13:14:42.415009,4609,True,True,True,True,Eyes,0.2257473,0.09160442,-2.512859,0.9040354,-0.4232134,0.06008773,0.0,0.0,0.0,0.0,0.0,0.0,0.0,-2.224366,-0.4886346,-0.3578408,0.2197149,0.1017372,-2.292596,0.1466525,0.7255707,-0.2168355,0.6364139,30.08752,96.36469,355.8126,0.08759268,0.03462771,-0.9955519,0.0,0.0,0.0,1.095955,-0.3322528,-2.463871,0.09834239,0.1422173,0.9839206,-0.1469409,-0.06318065,-0.9871255,0.4888078,0.8629509,-0.1279955,0.8599276,-0.5013223,-0.09591964,moving,-9.544295406247956,4.011685623824393,5.707729371453573,8.224653007398913,0.8762401,-0.43399,-0.17127500000000007,-0.16541492682047532,0.06899616882265391,0.9838076805768727,-5.786013567988194,7.976887662771704,15.740910062043136,15.823190386097366,11.496413111225852
05/17/2023 13:14:42.434827,4610,True,True,True,True,Eyes,0.2258188,0.09195297,-2.503257,0.9049417,-0.4225935,0.04995203,0.0,0.0,0.0,0.0,0.0,0.0,0.0,-2.197125,-0.5102879,-0.4107032,0.2202306,0.09650914,-2.280047,0.1498607,0.7331197,-0.2228405,0.6248356,30.93158,98.03138,356.073,0.08777517,0.03479335,-0.99553,0.0,0.0,0.0,1.096652,-0.3298739,-2.463766,0.09712629,0.1405779,0.9829398,-0.1742447,-0.05874571,-0.9829485,0.4982089,0.8557678,-0.139461,0.8493685,-0.514014,-0.1198454,moving,-10.519749005952354,4.797708643866944,5.643194241405164,8.139123728872278,0.8764213999999999,-0.42638304,-0.18371899999999997,-0.18195593556337203,0.08224179445775054,0.9798613558559638,-6.082561217072786,8.343754023331265,16.411262992346856,16.504720209309856,11.727540860275687
05/17/2023 13:14:42.450561,4611,True,True,True,True,Eyes,0.2260115,0.09239446,-2.493627,0.9057385,-0.4219856,0.03957159,0.0,0.0,0.0,0.0,0.0,0.0,0.0,-2.182894,-0.5265323,-0.4122541,0.2197002,0.1041905,-2.270042,0.1513723,0.7341403,-0.2263848,0.6219922,31.3793,98.33451,356.0129,0.08797616,0.03497004,-0.9955059,0.0,0.0,0.0,1.097374,-0.3274108,-2.463657,0.09600885,0.1390326,0.981909,-0.1804243,-0.05936222,-0.9817959,0.5038762,0.8516726,-0.1440918,0.8447224,-0.5207012,-0.1237513,moving,-10.25104038736735,5.3219859013418125,5.584500543022047,8.059174674501019,0.8776738000000001,-0.4316013,-0.19361499999999987,-0.17721839730509514,0.09128453492801006,0.9799289571516544,-5.856622456758445,8.528188904268116,15.971863033800908,16.07036275066455,11.45073228417424
05/17/2023 13:14:42.464912,4612,True,True,True,True,Eyes,0.2262479,0.09294416,-2.483973,0.9066764,-0.4208002,0.02941179,0.0,0.0,0.0,0.0,0.0,0.0,0.0,-2.157166,-0.5624662,-0.4440367,0.2228524,0.1068599,-2.259605,0.1463092,0.7399646,-0.2293722,0.6151704,31.29635,99.28767,355.5917,0.08819897,0.03516062,-0.9954793,0.0,0.0,0.0,1.098033,-0.3251617,-2.463558,0.09491271,0.1380474,0.9808081,-0.2003183,-0.06567872,-0.9775271,0.4987332,0.8519641,-0.1594445,0.8432901,-0.5194647,-0.1379079,moving,-10.57164668785327,5.1933799673838275,5.527296908958846,8.011675061977597,0.8751806,-0.4320216,-0.20395299999999983,-0.18273696139853512,0.08899336331409914,0.979125804099187,-6.029436837618235,8.499642496104975,16.247098394840002,16.343768603769117,11.567031041111733
05/17/2023 13:14:42.484766,4613,True,True,True,True,Eyes,0.2265342,0.09345565,-2.474305,0.9076836,-0.4192019,0.01950228,0.0,0.0,0.0,0.0,0.0,0.0,0.0,-2.138267,-0.5796938,-0.4612007,0.2241762,0.1099192,-2.249133,0.1398301,0.7437668,-0.2276658,0.612721,30.66476,99.73744,355.266,0.08844353,0.0353683,-0.9954501,0.0,0.0,0.0,1.098699,-0.3228877,-2.463457,0.0931135,0.1382198,0.9794856,-0.2100413,-0.07098927,-0.975112,0.486993,0.8572317,-0.1673069,0.847774,-0.5100141,-0.1454829,moving,-10.397669643747728,4.630928619522644,5.430428110942519,8.032239695419603,0.8745228,-0.4328069,-0.21432399999999996,-0.1799090647357549,0.07941961831316344,0.9804719997280213,-6.058768253917673,8.271476601904338,16.10224277837966,16.1894285126761,11.491686882600876
05/17/2023 13:14:42.494905,4614,True,True,True,True,Eyes,0.2268659,0.09393483,-2.464631,0.9086663,-0.4174124,0.009615254,0.0,0.0,0.0,0.0,0.0,0.0,0.0,-2.119904,-0.5923826,-0.4803629,0.2256931,0.1094506,-2.238914,0.1351346,0.7473194,-0.2268536,0.6097457,30.25569,100.2359,355.041,0.08871007,0.03559013,-0.9954182,0.0,0.0,0.0,1.099406,-0.3204761,-2.46335,0.09194941,0.1382942,0.9783952,-0.2198977,-0.07466854,-0.9726613,0.4786235,0.8605522,-0.1742686,0.8500381,-0.5038597,-0.1534953,moving,-10.28170949859106,4.314411517720108,5.368878059061372,8.045346071101733,0.8737129000000001,-0.4299267,-0.2244360000000003,-0.17799837701240967,0.07402818814802786,0.9812422813349428,-6.066952418539798,8.141893642717205,16.00682010709301,16.089150491600297,11.436238024193825
05/17/2023 13:14:42.514800,4615,True,True,True,True,Eyes,0.2272696,0.09439164,-2.454968,0.9096525,-0.41537,-0.0001199722,0.0,0.0,0.0,0.0,0.0,0.0,0.0,-2.102107,-0.6027699,-0.4999313,0.2271248,0.109102,-2.229042,0.1308789,0.7508566,-0.2257514,0.6067302,29.85654,100.7542,354.88,0.08899858,0.03582365,-0.9953837,0.0,0.0,0.0,1.100096,-0.3181198,-2.463246,0.0902425,0.1384875,0.9773692,-0.2294988,-0.0773977,-0.9702268,0.4704829,0.8638141,-0.1801974,0.8520425,-0.4978302,-0.1618299,moving,-10.190572580024044,4.031145910927196,5.275279649139044,8.064789970856424,0.8729712,-0.4272218,-0.23420399999999963,-0.1764987338576443,0.06919510591204873,0.9818656508474305,-6.080103281611092,8.026752594265925,15.90508731981727,15.983205860418341,11.355446637890973
05/17/2023 13:14:42.535213,4616,True,True,True,True,Eyes,0.2277452,0.09484697,-2.445315,0.9105555,-0.4132672,-0.009940887,0.0,0.0,0.0,0.0,0.0,0.0,0.0,-2.082592,-0.6178956,-0.5214727,0.229267,0.1089775,-2.219567,0.1267767,0.7546414,-0.22583,0.6028639,29.58404,101.3478,354.659,0.08931009,0.03606704,-0.9953467,0.0,0.0,0.0,1.10075,-0.3158894,-2.463147,0.08781441,0.1383598,0.9764522,-0.2409658,-0.08094762,-0.9671521,0.4636315,0.8658569,-0.1879832,0.8526321,-0.4936996,-0.171112,moving,-10.179518904496335,3.856311555988392,5.138906172739258,8.064918449718144,0.8714829999999999,-0.4248669,-0.24358000000000013,-0.17634521647020412,0.06620053947922348,0.9820996749878157,-6.1090520836612905,7.95864917209692,15.811131119556853,15.886047929955074,11.248460254501296
05/17/2023 13:14:42.550346,4617,True,True,True,True,Eyes,0.2283068,0.09530844,-2.43569,0.9113677,-0.4111213,-0.01970508,0.0,0.0,0.0,0.0,0.0,0.0,0.0,-2.062191,-0.632181,-0.5455477,0.2314974,0.1093681,-2.210057,0.123209,0.7587648,-0.2258125,0.5984183,29.34965,102.0392,354.5169,0.08964557,0.03631947,-0.9953069,0.0,0.0,0.0,1.10149,-0.3133633,-2.463036,0.08535082,0.1384555,0.9754999,-0.2534304,-0.08328736,-0.9637616,0.4572338,0.8676566,-0.1952161,0.8524731,-0.4901381,-0.1818088,moving,-10.259071210037751,3.7197204688432666,5.000328600787317,8.078197828537842,0.8699926000000001,-0.4227314,-0.25297899999999984,-0.1777360188989272,0.06384283837851099,0.9820051413656254,-6.17231586482008,7.911223658651254,15.797024234734687,15.86964421408301,11.173892102945908
05/17/2023 13:14:42.565242,4618,True,True,True,True,Eyes,0.2289422,0.095764,-2.426092,0.9120601,-0.4089872,-0.02959583,0.0,0.0,0.0,0.0,0.0,0.0,0.0,-2.042954,-0.6401973,-0.5721703,0.2341874,0.1099544,-2.2009,0.1213386,0.7629837,-0.2250358,0.5937102,29.1749,102.8197,354.6076,0.0900066,0.03658058,-0.9952652,0.0,0.0,0.0,1.10218,-0.311009,-2.462931,0.0835954,0.1387744,0.9746916,-0.2655705,-0.08205331,-0.9605933,0.4523708,0.8692717,-0.1993174,0.8513712,-0.4874771,-0.1937344,moving,-10.403903233800108,3.670333080462131,4.902033854546418,8.10318288134825,0.8679926,-0.4209634,-0.26203100000000035,-0.18022779893278507,0.0629673338506343,0.9816074186194935,-6.248687827239702,7.901684545542362,15.862988953935433,15.93492602774289,11.152542113975075
05/17/2023 13:14:42.584825,4619,True,True,True,True,Eyes,0.2296428,0.09620303,-2.416524,0.9125932,-0.4069614,-0.03944657,0.0,0.0,0.0,0.0,0.0,0.0,0.0,-2.024573,-0.6434164,-0.5996165,0.2366381,0.1102442,-2.191865,0.1207548,0.7671784,-0.2238739,0.5888429,29.05924,103.6504,354.856,0.09039374,0.03684935,-0.9952205,0.0,0.0,0.0,1.102807,-0.3088694,-2.462837,0.08226159,0.1389661,0.9738388,-0.2773643,-0.07837227,-0.9575628,0.4489341,0.8705975,-0.2012912,0.8494274,-0.4857136,-0.2062886,moving,-10.592521645564892,3.694030877938348,4.828395973436401,8.121238434308893,0.8661689000000001,-0.41911360000000003,-0.270972,-0.18345399504369658,0.06333488421005651,0.9809858744169413,-6.331010513090696,7.923181801284901,15.971592399488282,16.043842026123574,11.16116389815273
05/17/2023 13:14:42.595261,4620,True,True,True,True,Eyes,0.230414,0.09663092,-2.407002,0.9129597,-0.4050485,-0.04940035,0.0,0.0,0.0,0.0,0.0,0.0,0.0,-2.007234,-0.6424636,-0.626718,0.238928,0.1102637,-2.182951,0.121604,0.7711648,-0.2226051,0.5839214,29.03506,104.5036,355.2491,0.09080745,0.03712454,-0.995173,0.0,0.0,0.0,1.103535,-0.3063847,-2.462727,0.0808994,0.1389515,0.9729443,-0.2884964,-0.07241445,-0.9547387,0.4475212,0.8713189,-0.2013162,0.84646,-0.4853448,-0.2189654,moving,-10.794859298253034,3.828135666919797,4.7531560284211265,8.12776256020167,0.8646069999999999,-0.41664840000000003,-0.279776,-0.18688991361769058,0.06558755424268768,0.9801890270110645,-6.398158242756221,7.988127769174991,16.05796618841325,16.13157066190169,11.152188478026574
05/17/2023 13:14:42.614921,4621,True,True,True,True,Eyes,0.2312608,0.09709437,-2.39754,0.9131446,-0.4033123,-0.059213,0.0,0.0,0.0,0.0,0.0,0.0,0.0,-1.990486,-0.6405386,-0.6529436,0.2414503,0.1104193,-2.174435,0.1233357,0.7749142,-0.2215888,0.57896,29.09359,105.3563,355.7056,0.09124804,0.03740507,-0.9951225,0.0,0.0,0.0,1.104238,-0.3039865,-2.462621,0.07899135,0.1383493,0.972119,-0.2991872,-0.06543293,-0.9519482,0.4477313,0.8713734,-0.2006118,0.842629,-0.4862375,-0.2314075,moving,-11.005449858885743,4.0472045654302065,4.645469629707513,8.099784995974636,0.8627877,-0.4144058,-0.28818600000000005,-0.1904435923778628,0.0692866054918646,0.9792500475522474,-6.452565718199879,8.086358769734137,16.091758062785086,16.16708659544013,11.098043469321652
05/17/2023 13:14:42.634816,4622,True,True,True,True,Eyes,0.2321698,0.09757219,-2.388138,0.9131531,-0.4017267,-0.06904502,0.0,0.0,0.0,0.0,0.0,0.0,0.0,-1.974272,-0.6409125,-0.6756666,0.2441619,0.1117404,-2.16632,0.1251656,0.7782094,-0.2210978,0.5743166,29.202,106.133,356.1145,0.09171588,0.03769184,-0.9950688,0.0,0.0,0.0,1.104865,-0.3018469,-2.462526,0.07753204,0.1381084,0.9715097,-0.3089883,-0.05915011,-0.9492248,0.4487704,0.8708987,-0.2003514,0.8385293,-0.4878902,-0.2425527,moving,-11.150034468285599,4.311407216298811,4.562860975075889,8.090872036357347,0.8607031,-0.4135873,-0.2962060000000002,-0.192851990335144,0.07376602562526977,0.9784512372144696,-6.46776163490839,8.197656848752537,16.082918886387922,16.16104691967913,11.031139476955891
05/17/2023 13:14:42.650369,4623,True,True,True,True,Eyes,0.2331572,0.09805669,-2.378812,0.9129925,-0.4003169,-0.07868397,0.0,0.0,0.0,0.0,0.0,0.0,0.0,-1.958524,-0.641314,-0.6960886,0.2466163,0.1125718,-2.158274,0.1270908,0.7811685,-0.2209265,0.5699255,29.34231,106.855,356.4968,0.09221242,0.03798576,-0.995012,0.0,0.0,0.0,1.105592,-0.299367,-2.462416,0.07562421,0.1382632,0.9707181,-0.3180656,-0.05326466,-0.9465714,0.4503821,0.8700788,-0.2002971,0.8342603,-0.4900263,-0.2527526,moving,-11.256023721817726,4.598968064999982,4.454654675106755,8.106337955713983,0.8589756999999999,-0.4119388,-0.30414200000000013,-0.19458881722945892,0.0786483083718203,0.977726816864666,-6.4606200733663695,8.31542683631237,16.01593629889116,16.097423993977323,10.917277178612114
05/17/2023 13:14:42.664946,4624,True,True,True,True,Eyes,0.2342172,0.09854532,-2.369565,0.9126671,-0.3990469,-0.08831932,0.0,0.0,0.0,0.0,0.0,0.0,0.0,-1.942539,-0.645822,-0.7142785,0.2495121,0.1132341,-2.150734,0.1284401,0.7838305,-0.2216085,0.5656879,29.51958,107.5071,356.7475,0.09273754,0.03828607,-0.9949518,0.0,0.0,0.0,1.106269,-0.2970548,-2.462314,0.0750438,0.1378744,0.9702188,-0.3270008,-0.04937201,-0.9437336,0.4520729,0.8687857,-0.2020929,0.8298799,-0.4927208,-0.2617739,moving,-11.307835002597136,4.899063410478868,4.422867514596651,8.087949559059556,0.8567568999999999,-0.4102889,-0.3115800000000002,-0.19539128990192706,0.08375456882698253,0.9771424574433092,-6.4260663504601405,8.43447594045348,15.965135389985418,16.050669660579796,10.854466663147392
05/17/2023 13:14:42.684807,4625,True,True,True,True,Eyes,0.2353561,0.09904384,-2.360386,0.9122443,-0.3978031,-0.09779108,0.0,0.0,0.0,0.0,0.0,0.0,0.0,-1.924773,-0.6556898,-0.7319442,0.2523704,0.1138392,-2.143308,0.1283496,0.7866359,-0.2228991,0.56129,29.65416,108.1383,356.8143,0.09329193,0.03859258,-0.9948884,0.0,0.0,0.0,1.106936,-0.2947809,-2.462213,0.07471841,0.137063,0.96964,-0.3369601,-0.04829333,-0.9402797,0.4521509,0.8676847,-0.2065983,0.8258436,-0.4947635,-0.2705393,moving,-11.36060295799009,5.120047270836836,4.406383915049442,8.045712780332689,0.8545655999999999,-0.40862010000000004,-0.318905,-0.19622759774627535,0.08750777518955176,0.9766458845168844,-6.407358100354861,8.523099247930123,15.94756274624395,16.036127766018033,10.82427430432015
05/17/2023 13:14:42.694900,4626,True,True,True,True,Eyes,0.2365734,0.09954005,-2.351274,0.9117267,-0.3965396,-0.1072891,0.0,0.0,0.0,0.0,0.0,0.0,0.0,-1.90481,-0.6704844,-0.7497711,0.2554012,0.1145735,-2.135801,0.1263167,0.7897151,-0.2243434,0.5568342,29.67039,108.7442,356.6789,0.09387534,0.0389047,-0.9948215,0.0,0.0,0.0,1.107623,-0.2924347,-2.46211,0.07420895,0.1361967,0.9693028,-0.34796,-0.05033571,-0.9361574,0.4493527,0.8674282,-0.2136598,0.8228041,-0.4950097,-0.2792119,moving,-11.397956337140913,5.187151670075927,4.377973110179201,7.99826540219578,0.8522218,-0.4070082,-0.3263090000000002,-0.1968444911340494,0.08864038139465573,0.976419638237703,-6.41150832601923,8.551409000604703,15.93541951355498,16.024428549615575,10.803651119067633
05/17/2023 13:14:42.715581,4627,True,True,True,True,Eyes,0.237874,0.1000278,-2.342227,0.9111899,-0.3951382,-0.1166136,0.0,0.0,0.0,0.0,0.0,0.0,0.0,-1.883549,-0.6863769,-0.7684052,0.2585429,0.1150044,-2.128202,0.1229104,0.7930271,-0.2253823,0.5524528,29.55592,109.3343,356.4354,0.0944893,0.03922235,-0.994751,0.0,0.0,0.0,1.108323,-0.2900456,-2.462004,0.07270164,0.137178,0.9687045,-0.3593784,-0.05408359,-0.9316237,0.4439688,0.8681917,-0.2216642,0.8208163,-0.493273,-0.2879979,moving,-11.432215149840006,5.1110812824113685,4.2920236843410695,8.060049096178854,0.8497800999999999,-0.40505,-0.33380199999999993,-0.19745115209021336,0.08733305388629727,0.9764148416033784,-6.4421111020135315,8.524338246464641,15.910589227862854,15.998377982814533,10.744171165180731
05/17/2023 13:14:42.734691,4628,True,True,True,True,Eyes,0.2392671,0.1004816,-2.333246,0.9105777,-0.3936745,-0.1259712,0.0,0.0,0.0,0.0,0.0,0.0,0.0,-1.862564,-0.7003376,-0.7867279,0.2619212,0.1152674,-2.120535,0.1192872,0.7962422,-0.2259149,0.5483899,29.37988,109.8902,356.1957,0.09513451,0.03954471,-0.9946769,0.0,0.0,0.0,1.108986,-0.2877858,-2.461904,0.07176214,0.1382297,0.9682585,-0.3700783,-0.05781583,-0.9271999,0.437742,0.8694661,-0.228934,0.8194048,-0.4905978,-0.2964621,moving,-11.42841678855332,4.98299205174099,4.238706944388914,8.124712472322855,0.8470648000000001,-0.4030532,-0.34136900000000026,-0.19742387129520983,0.08515046859407183,0.9766131863015177,-6.4653018147883925,8.474725375809161,15.893072383008066,15.979022913320543,10.709729807476537
05/17/2023 13:14:42.750628,4629,True,True,True,True,Eyes,0.2407404,0.1009007,-2.324327,0.9098889,-0.3921542,-0.1353417,0.0,0.0,0.0,0.0,0.0,0.0,0.0,-1.841569,-0.7117442,-0.8066905,0.2655773,0.1148834,-2.113049,0.1159878,0.7995602,-0.2260551,0.5441965,29.19145,110.4838,356.0223,0.09581283,0.0398703,-0.994599,0.0,0.0,0.0,1.109667,-0.2854623,-2.461801,0.0705052,0.1386689,0.9681697,-0.3807946,-0.06055829,-0.9226747,0.4315151,0.8708919,-0.235249,0.8177962,-0.4877295,-0.305499,moving,-11.451599582448235,4.854096162089892,4.165108641576764,8.150918483441732,0.8440896999999999,-0.4003457,-0.34875199999999973,-0.1978559276553355,0.08294583850633987,0.9767154767105244,-6.501085625478691,8.426570316431011,15.87726255340839,15.960908908107138,10.669755577125327
05/17/2023 13:14:42.764777,4630,True,True,True,True,Eyes,0.2423015,0.1012834,-2.315492,0.9091693,-0.3905366,-0.1445417,0.0,0.0,0.0,0.0,0.0,0.0,0.0,-1.821843,-0.7195019,-0.8258767,0.2690113,0.1144473,-2.105564,0.1134396,0.8026825,-0.2257659,0.5402426,29.01289,111.0659,355.946,0.09652437,0.04019726,-0.9945171,0.0,0.0,0.0,1.110342,-0.2831588,-2.461699,0.0692558,0.1386142,0.9680992,-0.3905389,-0.06182474,-0.9185082,0.4260487,0.8723224,-0.2398668,0.8160649,-0.4850065,-0.3143356,moving,-11.46780457599425,4.760626438896697,4.091849956233721,8.148331789329848,0.8413306999999999,-0.39760609999999996,-0.35613499999999965,-0.19815834632595652,0.08134728338413966,0.9767885361265882,-6.526755105979134,8.391610614754434,15.842594767001724,15.924176484315787,10.621391530969586
05/17/2023 13:14:42.784810,4631,True,True,True,True,Eyes,0.2439481,0.1016456,-2.306737,0.9084136,-0.3888437,-0.1535749,0.0,0.0,0.0,0.0,0.0,0.0,0.0,-1.802285,-0.7267443,-0.8452772,0.2728234,0.1139628,-2.098442,0.1114571,0.8057337,-0.2256356,0.5361522,28.88939,111.6666,355.917,0.09726927,0.04052366,-0.9944314,0.0,0.0,0.0,1.111065,-0.2806909,-2.46159,0.06878084,0.1381845,0.9680727,-0.4002363,-0.06234052,-0.9142892,0.4215596,0.8733318,-0.2440885,0.8136944,-0.4831204,-0.3232589,moving,-11.512449309947462,4.7320165155313445,4.063993045949025,8.123629259808052,0.8382415999999999,-0.3946537,-0.36314800000000025,-0.1989275254144755,0.08084667149420702,0.9766737413002566,-6.552903446759822,8.383511314278003,15.860617732038488,15.941411276098055,10.620076733203435
05/17/2023 13:14:42.794936,4632,True,True,True,True,Eyes,0.2456888,0.1019878,-2.298064,0.9075534,-0.3871695,-0.1626242,0.0,0.0,0.0,0.0,0.0,0.0,0.0,-1.782792,-0.7336563,-0.8641931,0.2766316,0.1138525,-2.091396,0.1095538,0.8087331,-0.2254242,0.5321022,28.76404,112.2624,355.8985,0.09804925,0.04084919,-0.9943416,0.0,0.0,0.0,1.111758,-0.2783251,-2.461485,0.06845006,0.1375605,0.9682516,-0.4097306,-0.06269789,-0.9100496,0.4170969,0.8743638,-0.2480283,0.8112653,-0.4812036,-0.3321025,moving,-11.55034295189415,4.703295815780439,4.043768746940522,8.08595725206828,0.8351264,-0.3921776,-0.3700890000000001,-0.19958153500609238,0.08034618300203121,0.9765816544299128,-6.575961676567224,8.374926769929424,15.8768622809782,15.956776556318676,10.623661216841816
05/17/2023 13:14:42.815107,4633,True,True,True,True,Eyes,0.2475051,0.1022903,-2.289484,0.9066841,-0.3853919,-0.1714556,0.0,0.0,0.0,0.0,0.0,0.0,0.0,-1.762862,-0.7422177,-0.8824517,0.2806824,0.1137044,-2.084605,0.1076545,0.811627,-0.2257057,0.5279481,28.68865,112.8504,355.8443,0.09886399,0.04117262,-0.9942476,0.0,0.0,0.0,1.112426,-0.2760472,-2.461384,0.06790482,0.1373077,0.9686216,-0.4193629,-0.06357124,-0.9055902,0.4130723,0.8749349,-0.2527058,0.8083973,-0.4800496,-0.3406556,moving,-11.602255654609209,4.722639112180882,4.010136234592275,8.06825086181583,0.8317435999999999,-0.3897516,-0.376779,-0.20046116429616784,0.08066109055324956,0.9763754946891922,-6.596122521318137,8.385784434365787,15.886956499244311,15.966837460226733,10.611010902219572
05/17/2023 13:14:42.834925,4634,True,True,True,True,Eyes,0.2494229,0.1025616,-2.280983,0.9057113,-0.3836398,-0.1802984,0.0,0.0,0.0,0.0,0.0,0.0,0.0,-1.742938,-0.7494758,-0.9005935,0.2846083,0.1131034,-2.077697,0.1059494,0.8144814,-0.225909,0.5237936,28.61937,113.4417,355.8143,0.09971578,0.04149328,-0.9941492,0.0,0.0,0.0,1.113085,-0.2737971,-2.461285,0.06598641,0.1376512,0.9687726,-0.4288299,-0.06407183,-0.9011102,0.409247,0.8754797,-0.2570062,0.8053705,-0.4789886,-0.3492106,moving,-11.654684866851081,4.750960089385444,3.8965926373307704,8.086924289088028,0.8284767000000002,-0.38690050000000004,-0.38358800000000004,-0.2013468559317771,0.08112865179305366,0.9761544722014646,-6.614773306160172,8.400135835601008,15.825439098649806,15.905058602651225,10.516031355547124
05/17/2023 13:14:42.850865,4635,True,True,True,True,Eyes,0.2494229,0.1025616,-2.280983,0.9057113,-0.3836398,-0.1802984,0.0,0.0,0.0,0.0,0.0,0.0,0.0,-1.723019,-0.7571366,-0.9184228,0.2890203,0.1126198,-2.071071,0.1041676,0.8172418,-0.2261595,0.5197277,28.55039,114.0138,355.7679,0.1006031,0.04180913,-0.9940466,0.0,0.0,0.0,1.113775,-0.2714438,-2.461181,0.06321821,0.1376793,0.9683656,-0.4380646,-0.06482246,-0.8966034,0.4053429,0.876002,-0.2613764,0.8023695,-0.4779315,-0.3574702,moving,-12.173973370969223,4.586691716227512,3.7351636439311675,8.091907871372387,0.8247547,-0.3840636,-0.39010999999999996,-0.21023532533331385,0.07818018919560547,0.9745198479936796,-6.886107507161944,8.370869749630135,16.21306397123109,16.290708420850283,10.62493391012687
05/17/2023 13:14:42.865167,4636,True,True,True,True,Eyes,0.2494229,0.1025616,-2.280983,0.9057113,-0.3836398,-0.1802984,0.0,0.0,0.0,0.0,0.0,0.0,0.0,-1.702516,-0.7640831,-0.9369919,0.293606,0.1123653,-2.064341,0.1020415,0.820133,-0.225987,0.5156546,28.41895,114.5961,355.7167,0.1014017,0.04209339,-0.9939536,0.0,0.0,0.0,1.114472,-0.269066,-2.461076,0.05826209,0.1389438,0.9714785,-0.4473761,-0.06568738,-0.8919306,0.4004376,0.8770348,-0.2654425,0.7996904,-0.4759151,-0.3660607,moving,-12.696310428416677,4.35409491052888,3.4320659994032496,8.139416756286714,0.8208659999999999,-0.38143130000000003,-0.3967349999999996,-0.21917957803734078,0.07407413450759295,0.9728685950849756,-7.172151692151776,8.315470639614862,16.49281806805829,16.56662873590849,10.605679036239193
05/17/2023 13:14:42.884869,4637,True,True,True,True,Eyes,0.2518227,0.1027504,-2.272039,0.9047011,-0.3815425,-0.1895823,0.0,0.0,0.0,0.0,0.0,0.0,0.0,-1.682132,-0.7695247,-0.9561094,0.2984387,0.1117905,-2.057746,0.09984265,0.8230404,-0.2254565,0.5116692,28.24823,115.1753,355.6791,0.1021203,0.04234916,-0.9938692,0.0,0.0,0.0,1.115138,-0.2667916,-2.460975,0.04325233,0.1601821,0.9685313,-0.4564521,-0.06636927,-0.8872692,0.3950674,0.8784016,-0.2689469,0.7972284,-0.4732925,-0.374728,moving,-12.70966298916007,4.306260623645158,2.5569958536421784,9.390947313866628,0.8166993,-0.37858210000000003,-0.40322900000000006,-0.21941958761229585,0.07325785253177178,0.9728764257269437,-7.18762034619053,8.297911240693805,16.014614348791785,16.091143867364664,9.805726527866211
05/17/2023 13:14:42.894889,4638,True,True,True,True,Eyes,0.2543316,0.1028872,-2.263193,0.9036089,-0.3794033,-0.1988571,0.0,0.0,0.0,0.0,0.0,0.0,0.0,-1.662013,-0.7729719,-0.9752951,0.3032761,0.1107798,-2.051031,0.0979002,0.8259079,-0.2246719,0.5077538,28.06904,115.7551,355.6815,0.102913,0.04260452,-0.9937766,0.0,0.0,0.0,1.115881,-0.2642577,-2.460863,0.04752569,0.1652624,0.9724896,-0.4652026,-0.06644296,-0.8827068,0.3898692,0.8798761,-0.2716982,0.7947251,-0.470535,-0.3834167,moving,-12.720766901776793,4.261270341986704,2.797826083572812,9.644561934262645,0.8126049,-0.37503749999999997,-0.40983199999999975,-0.21962045568639288,0.07249053548334114,0.9728884993358434,-7.201498781527614,8.281300478486163,16.344262615772752,16.425789375625477,10.091827364487637
05/17/2023 13:14:42.914847,4639,True,True,True,True,Eyes,0.2569658,0.1029863,-2.254428,0.9025262,-0.377139,-0.2078764,0.0,0.0,0.0,0.0,0.0,0.0,0.0,-1.642279,-0.7754565,-0.9942889,0.3084545,0.1096409,-2.04447,0.09606279,0.8286784,-0.2237354,0.5039905,27.88114,116.3168,355.6977,0.1037781,0.04285729,-0.9936758,0.0,0.0,0.0,1.116531,-0.2620374,-2.460764,0.04184684,0.1634937,0.9730011,-0.473531,-0.06631073,-0.8782775,0.3847314,0.8814288,-0.2739799,0.7923069,-0.4676389,-0.391872,moving,-12.730222956823646,4.218589906499145,2.4626597605521465,9.538326063717227,0.8080764999999999,-0.37167829999999996,-0.41629400000000016,-0.21979260211536755,0.07176294175402223,0.9729035188190887,-7.214167922728972,8.265471878657547,16.021439891546404,16.09730654632474,9.760181954673783
05/17/2023 13:14:42.935000,4640,True,True,True,True,Eyes,0.2597197,0.103049,-2.245759,0.9013658,-0.3748385,-0.2168777,0.0,0.0,0.0,0.0,0.0,0.0,0.0,-1.622668,-0.777826,-1.012793,0.3138975,0.1087637,-2.038002,0.09440935,0.8313547,-0.2228233,0.500286,27.70723,116.8689,355.7263,0.1047131,0.04310561,-0.993567,0.0,0.0,0.0,1.117212,-0.2597153,-2.460662,0.04492959,0.1534298,0.976385,-0.4816015,-0.06597543,-0.8739035,0.3799261,0.8828734,-0.276027,0.7897571,-0.4649537,-0.4001274,moving,-12.732595533462552,4.196173514189646,2.634679128106261,8.930468202647555,0.8033145000000002,-0.368479,-0.42266000000000004,-0.21983894080978517,0.0713815403285316,0.9729211987890585,-7.219626381969424,8.256988429341984,16.00832679676765,16.080008604514354,9.877292751101372
05/17/2023 13:14:42.950856,4641,True,True,True,True,Eyes,0.2626073,0.1030618,-2.237166,0.9001969,-0.3724405,-0.2256845,0.0,0.0,0.0,0.0,0.0,0.0,0.0,-1.603181,-0.7797219,-1.030965,0.3195705,0.1079273,-2.031568,0.09271912,0.8339587,-0.2217981,0.4967108,27.51948,117.4028,355.7521,0.1057185,0.0433487,-0.99345,0.0,0.0,0.0,1.117915,-0.257315,-2.460556,0.04677014,0.1500427,0.9772422,-0.4893631,-0.06569123,-0.8696026,0.3749869,0.8844175,-0.2778318,0.7873429,-0.4620501,-0.408168,moving,-12.729906424848123,4.166097644887981,2.7400458648098773,8.728850031816407,0.7983445,-0.3652423,-0.4289879999999999,-0.21980126375097248,0.07087142876341714,0.9729668665420306,-7.2242432806876105,8.245221312939638,16.058315014959188,16.128798256184986,9.976018991200922
05/17/2023 13:14:42.965074,4642,True,True,True,True,Eyes,0.2656232,0.103028,-2.228673,0.8989933,-0.3699498,-0.2344105,0.0,0.0,0.0,0.0,0.0,0.0,0.0,-1.584353,-0.7799209,-1.048689,0.3254838,0.1066685,-2.025064,0.09102646,0.8364269,-0.2204852,0.4934476,27.30152,117.899,355.7844,0.1067929,0.04358455,-0.9933248,0.0,0.0,0.0,1.118598,-0.2549839,-2.460452,0.04810798,0.1466201,0.9782754,-0.4964472,-0.06532182,-0.8656057,0.3698698,0.886201,-0.2790059,0.7853258,-0.4586731,-0.4157913,moving,-12.69552529697344,4.117917604785585,2.815327363640063,8.523822652141364,0.7931142,-0.3616524,-0.4353880000000001,-0.21922996442190146,0.07006247414245727,0.9731544393834872,-7.217778074466126,8.224399594419747,16.055899418220232,16.124470519851993,10.03757236086751
05/17/2023 13:14:42.985043,4643,True,True,True,True,Eyes,0.2687721,0.1029491,-2.220261,0.8978012,-0.3673391,-0.2429301,0.0,0.0,0.0,0.0,0.0,0.0,0.0,-1.566801,-0.7804042,-1.06452,0.3316055,0.1054776,-2.018913,0.08864468,0.8385898,-0.2190676,0.4908346,27.02862,118.2908,355.7265,0.1079363,0.04381185,-0.9931911,0.0,0.0,0.0,1.119258,-0.2527317,-2.460353,0.04769865,0.1447033,0.9786122,-0.502447,-0.06637883,-0.8620562,0.3637249,0.888303,-0.2803959,0.7843795,-0.4544354,-0.4221815,moving,-12.580089460385308,4.01595803453024,2.7904518339116104,8.411139833951324,0.7876525000000001,-0.3582093,-0.44144000000000005,-0.2172945787602173,0.06836091959896923,0.9737093474488487,-7.184425425157488,8.177538610708503,15.920946936584091,15.986593218370484,9.97761223264336
05/17/2023 13:14:42.995280,4644,True,True,True,True,Eyes,0.2720604,0.1028288,-2.211949,0.8965872,-0.3646061,-0.2513838,0.0,0.0,0.0,0.0,0.0,0.0,0.0,-1.548578,-0.7818345,-1.080203,0.3377271,0.1042343,-2.012778,0.08566945,0.8407723,-0.2177319,0.4882165,26.72934,118.6684,355.5985,0.1091483,0.04402929,-0.993049,0.0,0.0,0.0,1.119938,-0.2504112,-2.46025,0.04593331,0.1429022,0.9792011,-0.5086106,-0.06854362,-0.8582639,0.3566576,0.8905072,-0.2824754,0.783652,-0.4497764,-0.4284748,moving,-12.45898122866171,3.8811505484702264,2.6857169334531377,8.302991167566391,0.7822109000000002,-0.3546455,-0.44747199999999987,-0.21526879334360466,0.06610013053487455,0.9743152208700996,-7.154854403052238,8.117646638505203,15.715308510524888,15.777026236976777,9.842316639049168
05/17/2023 13:14:43.014861,4645,True,True,True,True,Eyes,0.2755044,0.1026639,-2.203707,0.8953633,-0.3617323,-0.2597581,0.0,0.0,0.0,0.0,0.0,0.0,0.0,-1.529857,-0.7836069,-1.096357,0.3443856,0.1030764,-2.006806,0.08230598,0.8429759,-0.216309,0.4856213,26.39939,119.0375,355.4328,0.1104287,0.04423577,-0.9928983,0.0,0.0,0.0,1.120644,-0.2480036,-2.460143,0.04298249,0.1415161,0.9794245,-0.5147956,-0.07132464,-0.8543411,0.3488524,0.8928723,-0.2847475,0.783127,-0.4446256,-0.434765,moving,-12.335488230088906,3.716792199728905,2.5128390050033835,8.221711818971775,0.7762583999999999,-0.35108,-0.4533369999999999,-0.21320660953288317,0.06333426536842666,0.9749521418241637,-7.1299383265452265,8.046209830852192,15.459407615846212,15.516672402813136,9.644374298712263
05/17/2023 13:14:43.034860,4646,True,True,True,True,Eyes,0.27909,0.1024556,-2.195563,0.894132,-0.3587205,-0.2680438,0.0,0.0,0.0,0.0,0.0,0.0,0.0,-1.511571,-0.7843138,-1.112102,0.3511967,0.1017263,-2.000769,0.07885464,0.8450743,-0.2147015,0.4832545,26.0459,119.3772,355.2605,0.1117792,0.04443039,-0.9927385,0.0,0.0,0.0,1.121329,-0.2456664,-2.46004,0.03930646,0.1412944,0.9796728,-0.5204943,-0.07423483,-0.8506321,0.3407869,0.8953705,-0.2866637,0.7829113,-0.4390911,-0.4407369,moving,-12.189124648489022,3.5400384044618742,2.297590557604392,8.206955068553802,0.7701323,-0.3473927,-0.45927099999999976,-0.21075429401523021,0.0603591469975356,0.9756737724211724,-7.096894481238977,7.96849675586832,15.166845274727379,15.219889244407696,9.397510921086536
05/17/2023 13:14:43.050928,4647,True,True,True,True,Eyes,0.2828295,0.1022012,-2.187506,0.8928752,-0.3556295,-0.2762273,0.0,0.0,0.0,0.0,0.0,0.0,0.0,-1.493917,-0.7841202,-1.127586,0.3581919,0.1004245,-1.994917,0.07546899,0.8470798,-0.2129243,0.4810653,25.67963,119.6968,355.0984,0.1131987,0.04461203,-0.9925695,0.0,0.0,0.0,1.122038,-0.2432467,-2.459933,0.03527066,0.1429511,0.9797414,-0.5257615,-0.07700449,-0.8471396,0.3327175,0.8979353,-0.2881167,0.782863,-0.4333387,-0.4464791,moving,-12.028248720257361,3.360088564465287,2.061755915252005,8.301276190632533,0.7638461000000001,-0.3436712,-0.4650159999999999,-0.20805119250101922,0.05732846945245509,0.9764364460627852,-7.057784005391241,7.88860064482499,14.881619405918268,14.931294846250399,9.128872300033198
05/17/2023 13:14:43.064736,4648,True,True,True,True,Eyes,0.2867136,0.1019007,-2.179549,0.8916097,-0.3524087,-0.2843244,0.0,0.0,0.0,0.0,0.0,0.0,0.0,-1.475958,-0.7845426,-1.143014,0.3654049,0.09897285,-1.989252,0.07172124,0.8490469,-0.2112627,0.4788982,25.3051,120.002,354.8877,0.1146884,0.04477974,-0.9923909,0.0,0.0,0.0,1.122702,-0.2409793,-2.459833,0.03101736,0.145619,0.9794751,-0.5310251,-0.08055729,-0.8435181,0.3241361,0.9004482,-0.2900496,0.78291,-0.4274383,-0.452049,moving,-11.861511399431437,3.1713933123189446,1.8137981440464312,8.45624957212089,0.7572971000000002,-0.33995215,-0.47058100000000014,-0.20524531215985814,0.05414520331781191,0.9772117335558427,-7.0176748241613565,7.80494993884127,14.614203861793012,14.660961660024375,8.855456284150186
05/17/2023 13:14:43.084983,4649,True,True,True,True,Eyes,0.2907555,0.1015622,-2.17169,0.8902607,-0.3491827,-0.2924162,0.0,0.0,0.0,0.0,0.0,0.0,0.0,-1.457243,-0.7864794,-1.158077,0.3727698,0.09751225,-1.983629,0.06754228,0.8509685,-0.2099296,0.4766763,24.94061,120.2956,354.6094,0.1162489,0.04493264,-0.9922025,0.0,0.0,0.0,1.123372,-0.2386948,-2.459732,0.02757603,0.1481555,0.9793852,-0.5364356,-0.08518429,-0.8396313,0.3150897,0.9027352,-0.2928954,0.7829148,-0.4216786,-0.4574185,moving,-11.686925409205317,2.98159773038685,1.612820779246207,8.602139855724408,0.7506022000000001,-0.33620705,-0.4761029999999997,-0.2023008445741698,0.05093971449445723,0.9779976583499681,-6.9741623268673845,7.720360679194737,14.394301971543722,14.438619825313113,8.632138401395192
05/17/2023 13:14:43.095329,4650,True,True,True,True,Eyes,0.2949484,0.1011835,-2.16394,0.8889009,-0.3458222,-0.300437,0.0,0.0,0.0,0.0,0.0,0.0,0.0,-1.437796,-0.7887558,-1.17392,0.3805102,0.09619951,-1.978242,0.06326421,0.8529631,-0.208623,0.4742658,24.57623,120.6125,354.3228,0.1178812,0.04507023,-0.9920037,0.0,0.0,0.0,1.12408,-0.236279,-2.459625,0.02473968,0.1520258,0.9791462,-0.5421391,-0.08996141,-0.8354592,0.3058095,0.9049482,-0.2958873,0.7826658,-0.4159034,-0.4630968,moving,-11.538299341442453,2.7949585919560485,1.4473606967722967,8.825483284641221,0.7435698,-0.33247851,-0.4813829999999999,-0.19979450219008177,0.0477787445086202,0.9786723371335511,-6.942000533520023,7.638689613029948,14.274608816176741,14.317632300669446,8.472889770987726
05/17/2023 13:14:43.114672,4651,True,True,True,True,Eyes,0.2993014,0.1007709,-2.1563,0.8874127,-0.3425186,-0.3085118,0.0,0.0,0.0,0.0,0.0,0.0,0.0,-1.418355,-0.7907476,-1.189816,0.3883372,0.09480128,-1.973038,0.05876924,0.8549284,-0.2072551,0.4718994,24.19496,120.9207,354.0143,0.1195852,0.04519188,-0.9917942,0.0,0.0,0.0,1.12476,-0.2339579,-2.459522,0.02234834,0.1564443,0.9782522,-0.5477145,-0.09512011,-0.8312409,0.2960941,0.9071831,-0.2989101,0.7825201,-0.4098428,-0.4687128,moving,-11.37407798498142,2.5867819470464757,1.3087043113405497,9.085933722179126,0.7364227999999999,-0.32875918,-0.48648400000000014,-0.19702064920023776,0.044247894432677855,0.9794002296474519,-6.906844400290281,7.547695966785913,14.208789672793262,14.251032965090912,8.358314185605622
05/17/2023 13:14:43.134840,4652,True,True,True,True,Eyes,0.3038054,0.1002928,-2.148767,0.8859105,-0.3390741,-0.3165302,0.0,0.0,0.0,0.0,0.0,0.0,0.0,-1.397838,-0.7929412,-1.206878,0.3964855,0.09351841,-1.968074,0.05419584,0.8570321,-0.2058919,0.4692199,23.81416,121.2703,353.7044,0.1213622,0.04529734,-0.9915735,0.0,0.0,0.0,1.125436,-0.2316521,-2.45942,0.01972979,0.1602878,0.9774726,-0.5537911,-0.100322,-0.82659,0.2861123,0.9093427,-0.3020524,0.7819561,-0.4037715,-0.4748825,moving,-11.251382021370425,2.3808153419139035,1.156329309995684,9.31258820735115,0.7289505000000001,-0.32517050999999997,-0.49134600000000006,-0.19495196246412294,0.04074405228948635,0.979966163368674,-6.890397616690836,7.460276140880348,14.171290073818932,14.2126976869461,8.25717107878087
05/17/2023 13:14:43.150863,4653,True,True,True,True,Eyes,0.3084578,0.09974463,-2.141324,0.8842829,-0.3356999,-0.3245752,0.0,0.0,0.0,0.0,0.0,0.0,0.0,-1.378699,-0.7911786,-1.224257,0.4046285,0.09140754,-1.963034,0.05028039,0.8590792,-0.2039774,0.4667421,23.41583,121.6189,353.4912,0.1232123,0.04538488,-0.9913412,0.0,0.0,0.0,1.126135,-0.2292672,-2.459314,0.01718637,0.1621311,0.9769763,-0.5592475,-0.10402,-0.8224488,0.2767993,0.9117302,-0.3035295,0.7814246,-0.3974014,-0.4810902,moving,-11.116267873992287,2.1737475194414597,1.007808388236983,9.422472850282004,0.7215065,-0.32067474,-0.49628000000000005,-0.19266696190060062,0.03721929762562356,0.980557951486656,-6.868441530990946,7.37161787537487,14.085860739073464,14.12576525836107,8.13887700596583
05/17/2023 13:14:43.165179,4654,True,True,True,True,Eyes,0.3132614,0.09913266,-2.134001,0.882687,-0.3321129,-0.3325128,0.0,0.0,0.0,0.0,0.0,0.0,0.0,-1.361006,-0.7876076,-1.240778,0.4126567,0.08917059,-1.958049,0.04643824,0.8609548,-0.2017497,0.4646476,22.9887,121.9241,353.2926,0.1251357,0.04545275,-0.9910972,0.0,0.0,0.0,1.126851,-0.2268231,-2.459206,0.01480734,0.1621018,0.9766643,-0.5638919,-0.1075225,-0.8188189,0.2674474,0.9142811,-0.3042398,0.7813433,-0.3905495,-0.4867991,moving,-10.945200160581043,1.9606535155183298,0.8686025408189785,9.42375611224493,0.7141943000000001,-0.31599369,-0.5011570000000001,-0.18976289668460083,0.0335915272148981,0.9812551823152271,-6.831087311755208,7.278280347669703,13.935883666486353,13.973683645942247,7.993015080819849
05/17/2023 13:14:43.184786,4655,True,True,True,True,Eyes,0.3183097,0.09892481,-2.126854,0.8809761,-0.3285764,-0.3404684,0.0,0.0,0.0,0.0,0.0,0.0,0.0,-1.345007,-0.781911,-1.257307,0.4210932,0.08694863,-1.953553,0.04234731,0.8626854,-0.198906,0.463052,22.48271,122.1754,353.0914,0.1271329,0.04549959,-0.9908409,0.0,0.0,0.0,1.1275,-0.2246077,-2.459108,0.01324335,0.1609013,0.9763756,-0.5675791,-0.1111428,-0.8157826,0.2572724,0.9172863,-0.3039685,0.78209,-0.3824045,-0.4920385,moving,-10.709723667140908,1.6763156494619735,0.777100056314407,9.357920848449682,0.7064067999999999,-0.31155633,-0.505555,-0.18575659364116132,0.0287439283914249,0.9821753129183155,-6.777918652972221,7.1532642197303495,13.782970530993524,13.818617068536591,7.8701218890324105
05/17/2023 13:14:43.194582,4656,True,True,True,True,Eyes,0.3235557,0.09864207,-2.119847,0.8789778,-0.3254988,-0.3484948,0.0,0.0,0.0,0.0,0.0,0.0,0.0,-1.33159,-0.7896915,-1.268163,0.4309465,0.09605855,-1.951933,0.03663778,0.8637355,-0.1963025,0.4626922,21.90143,122.2252,352.6707,0.129208,0.04554566,-0.9905702,0.0,0.0,0.0,1.128205,-0.2222021,-2.459002,0.01113129,0.1600569,0.9755486,-0.5691472,-0.1183646,-0.8136716,0.244946,0.920246,-0.3052028,0.7849032,-0.3730109,-0.4947625,moving,-10.266307253322955,1.288374182159886,0.6537329471412052,9.31742681059911,0.6972584999999999,-0.31826065000000003,-0.507069,-0.17817999157106834,0.02212467872895605,0.9837491837435979,-6.649080926342492,6.974689630456632,13.521009580693981,13.554075552762725,7.669387717801722
05/17/2023 13:14:43.214744,4657,True,True,True,True,Eyes,0.3287648,0.09836107,-2.112827,0.8771354,-0.3224192,-0.3559206,0.0,0.0,0.0,0.0,0.0,0.0,0.0,-1.299454,-0.8102795,-1.285926,0.4409944,0.0940455,-1.948183,0.03530716,0.8661051,-0.2011817,0.4562251,22.37736,122.9367,352.393,0.1313623,0.04558719,-0.990285,0.0,0.0,0.0,1.128878,-0.2199054,-2.4589,0.00940156,0.1594352,0.9749364,-0.5812243,-0.1224089,-0.8044842,0.2447278,0.9165586,-0.3162731,0.7760715,-0.3807051,-0.5027694,moving,-10.608982833691686,1.8488076253899257,0.5525006681269543,9.28759363448315,0.6878836,-0.31395090000000003,-0.5107169999999999,-0.18401287247106252,0.03171126866814727,0.9824122261915131,-6.6978981630054895,7.213136491327295,13.380170549403548,13.413211817102226,7.541329832945716
05/17/2023 13:14:43.235080,4658,True,True,True,True,Eyes,0.3342214,0.09813203,-2.106022,0.8749069,-0.3200084,-0.3635003,0.0,0.0,0.0,0.0,0.0,0.0,0.0,-1.307271,-0.7945006,-1.278294,0.4452921,0.09379993,-1.940913,0.03858494,0.8645664,-0.1985153,0.4600303,22.25688,122.5484,352.8042,0.1335884,0.04562472,-0.9899854,0.0,0.0,0.0,1.129523,-0.2177064,-2.458803,0.007267982,0.1594523,0.9738172,-0.5737666,-0.1159276,-0.8107728,0.2493646,0.9182057,-0.3077588,0.780134,-0.3787598,-0.4979276,moving,-9.804687225328184,2.105728640981515,0.4276130699924689,9.299061304344912,0.6842309,-0.31150633,-0.51789,-0.1701784449347309,0.036207654042819545,0.9847478004578493,-6.277158590580892,7.2594266898369195,12.47842272064936,12.507757758264663,7.008143290567539
05/17/2023 13:14:43.251248,4659,True,True,True,True,Eyes,0.3342214,0.09813203,-2.106022,0.8749069,-0.3200084,-0.3635003,0.0,0.0,0.0,0.0,0.0,0.0,0.0,-1.281702,-0.8211283,-1.290457,0.4556557,0.09467203,-1.940542,0.03581823,0.8658748,-0.2038403,0.4554419,22.68264,122.9652,352.2985,0.13589,0.04566049,-0.9896705,0.0,0.0,0.0,1.130213,-0.2153499,-2.458699,0.005165011,0.1592849,0.9728765,-0.58258,-0.1236466,-0.8033137,0.247703,0.9143324,-0.320374,0.7741088,-0.3856266,-0.5020441,moving,-10.269422585635288,2.3634657252835387,0.30418100461277964,9.29829444374074,0.6745572999999999,-0.31002193,-0.5181570000000002,-0.17813026571402618,0.04057902786368247,0.9831698117683174,-6.441175841014238,7.389219763699091,12.614536801187262,12.64487810293344,7.010307062377753
05/17/2023 13:14:43.264729,4660,True,True,True,True,Eyes,0.3342214,0.09813203,-2.106022,0.8749069,-0.3200084,-0.3635003,0.0,0.0,0.0,0.0,0.0,0.0,0.0,-1.257524,-0.8463916,-1.295951,0.4633974,0.09801842,-1.937238,0.02804667,0.8665559,-0.2074669,0.4530471,22.64227,123.0555,351.3142,0.1379609,0.04569247,-0.9893824,0.0,0.0,0.0,1.130879,-0.2130768,-2.458598,0.00291726,0.1597907,0.9715709,-0.5879234,-0.1393766,-0.7968189,0.2365926,0.9123417,-0.3341505,0.7735438,-0.3849763,-0.5034116,moving,-10.384486004823245,2.1267512223527736,0.1720370416900599,9.33961589066669,0.6674815999999999,-0.31109522,-0.5213599999999998,-0.18013267787659804,0.036503248544110974,0.9829647292985606,-6.540303189709467,7.305535872158271,12.75571008625405,12.785366461505035,7.013771660366473
05/17/2023 13:14:43.285091,4661,True,True,True,True,Eyes,0.3404686,0.09814983,-2.099025,0.8721482,-0.3181424,-0.3716759,0.0,0.0,0.0,0.0,0.0,0.0,0.0,-1.227598,-0.8668211,-1.308101,0.4720905,0.1008313,-1.932994,0.02317002,0.8683293,-0.2106191,0.4484498,22.74028,123.5024,350.7237,0.1398239,0.04572108,-0.9891195,0.0,0.0,0.0,1.131578,-0.2106915,-2.458492,0.0006791055,0.1610109,0.9701967,-0.5967121,-0.1486658,-0.7885643,0.2291426,0.9102055,-0.3449922,0.7690441,-0.3865545,-0.5090651,moving,-10.379525726931156,2.242903051332004,0.04010513810183606,9.42275376022531,0.6594875,-0.3115228,-0.525498,-0.1800341123351717,0.03849657809927373,0.9829067992196128,-6.51539992813855,7.3499740754960285,12.624692874272547,12.653812214725802,6.875395428259367
05/17/2023 13:14:43.294710,4662,True,True,True,True,Eyes,0.3467731,0.09819186,-2.09216,0.8693289,-0.3164147,-0.3796695,0.0,0.0,0.0,0.0,0.0,0.0,0.0,-1.207725,-0.8711414,-1.320818,0.4807626,0.1005642,-1.928938,0.02369049,0.8699092,-0.211571,0.4448983,22.90317,123.9623,350.815,0.1418383,0.04576057,-0.9888308,0.0,0.0,0.0,1.132313,-0.2081856,-2.458381,-0.001357466,0.16203,0.9684069,-0.6030086,-0.147038,-0.7840666,0.2294723,0.909353,-0.3470155,0.7640178,-0.3891748,-0.5146065,moving,-10.37978825450162,2.534894442359791,-0.08031440264518384,9.498518727429776,0.6515503999999999,-0.3087498,-0.5294430000000001,-0.18000157276300754,0.04350541788019355,0.9827037398928851,-6.458664594432349,7.4625208652664,12.403793755292146,12.4326676465146,6.695419214941303
05/17/2023 13:14:43.314726,4663,True,True,True,True,Eyes,0.3531367,0.09822796,-2.085439,0.8662246,-0.3150596,-0.3878042,0.0,0.0,0.0,0.0,0.0,0.0,0.0,-1.191289,-0.8766311,-1.329466,0.4884551,0.1012046,-1.925175,0.02345697,0.8709248,-0.2125655,0.4424432,23.0176,124.2593,350.7946,0.1439918,0.04581069,-0.9885172,0.0,0.0,0.0,1.132989,-0.2058788,-2.458279,-0.003249496,0.1615772,0.9669088,-0.6073877,-0.1472378,-0.7806417,0.2289548,0.9085314,-0.3495003,0.7606972,-0.3910138,-0.5181201,moving,-10.207321714346675,2.77342252331212,-0.19255353288064272,9.486866161390925,0.6445339000000001,-0.3070834,-0.533104,-0.17700942011235354,0.0476223837783608,0.9830561939633533,-6.332726133340824,7.543140757467986,12.029055156920508,12.056778475619648,6.440480417585114
05/17/2023 13:14:43.335255,4664,True,True,True,True,Eyes,0.3595622,0.09827246,-2.078858,0.8629805,-0.3138983,-0.3958946,0.0,0.0,0.0,0.0,0.0,0.0,0.0,-1.170617,-0.8817349,-1.342182,0.4964917,0.101231,-1.921588,0.02443132,0.8726597,-0.2137357,0.4383897,23.23216,124.7868,350.9363,0.1462741,0.04586979,-0.9881793,0.0,0.0,0.0,1.133644,-0.2036441,-2.45818,-0.005003095,0.1605794,0.9651957,-0.6144353,-0.1447586,-0.7755736,0.2300394,0.9074404,-0.3516161,0.7546862,-0.3944578,-0.5242633,moving,-10.253863013342764,3.0802298177057246,-0.29699019658273407,9.44577101360508,0.6371523000000001,-0.3048751,-0.536592,-0.17776084930589325,0.05287847345283341,0.9826520075447087,-6.294436449984723,7.664431095635056,11.790068902958868,11.817759136394118,6.256399401077189
05/17/2023 13:14:43.351404,4665,True,True,True,True,Eyes,0.3660463,0.09837886,-2.072409,0.8594431,-0.3130057,-0.404209,0.0,0.0,0.0,0.0,0.0,0.0,0.0,-1.149207,-0.8866652,-1.355607,0.5044342,0.1015213,-1.918271,0.02563514,0.8745579,-0.2147858,0.4340028,23.44926,125.3676,351.1213,0.1486754,0.04593705,-0.9878178,0.0,0.0,0.0,1.134341,-0.201265,-2.458075,-0.006579101,0.1600391,0.9633637,-0.6219686,-0.1415965,-0.7701332,0.2312741,0.9064198,-0.3534338,0.748109,-0.3979367,-0.5310171,moving,-10.325050939589634,3.3745773114408273,-0.39128406036654156,9.43214080601426,0.6299068,-0.3027863,-0.539804,-0.17893154448431298,0.057913470844786236,0.9821555163691076,-6.269932935705824,7.782535245442812,11.606839294940235,11.635024705669448,6.105711351267439
05/17/2023 13:14:43.365076,4666,True,True,True,True,Eyes,0.372588,0.09850845,-2.066077,0.8557401,-0.3122799,-0.4125411,0.0,0.0,0.0,0.0,0.0,0.0,0.0,-1.12582,-0.8936663,-1.369044,0.5122645,0.1031622,-1.915028,0.02646923,0.8766066,-0.2159519,0.4292145,23.66145,125.9929,351.2729,0.1511868,0.0460143,-0.9874329,0.0,0.0,0.0,1.135022,-0.1989419,-2.457973,-0.007772595,0.1593041,0.9612402,-0.6301489,-0.1389731,-0.7639366,0.2317855,0.9053283,-0.3558878,0.7410723,-0.4013317,-0.5382797,moving,-10.430519324222532,3.640491303529959,-0.4632839781867163,9.409967851382033,0.6227575,-0.3021041,-0.542945,-0.1806896459196452,0.06245068548893155,0.9815554888138652,-6.266766356835766,7.891928679369935,11.487503883937094,11.51662450892104,5.998737421078973
05/17/2023 13:14:43.384966,4667,True,True,True,True,Eyes,0.3791573,0.09867043,-2.059886,0.8518127,-0.3116426,-0.4210631,0.0,0.0,0.0,0.0,0.0,0.0,0.0,-1.101157,-0.8977682,-1.384319,0.5202404,0.1039224,-1.911393,0.02794885,0.8789592,-0.2166433,0.4239285,23.86217,126.7125,351.5395,0.1538007,0.04610137,-0.9870251,0.0,0.0,0.0,1.135725,-0.1965431,-2.457866,-0.008729696,0.1585801,0.9589963,-0.639007,-0.1345507,-0.7573414,0.2328143,0.9045691,-0.3571446,0.7331218,-0.4045379,-0.5467006,moving,-10.597278574823402,3.8960200292761242,-0.521546248378821,9.389491182023207,0.6154846,-0.3004655,-0.5464730000000002,-0.18349399654719167,0.06679232547831948,0.9807491313715228,-6.293871883810276,8.00133755057647,11.445367207494884,11.476001360239755,5.936894284552985
05/17/2023 13:14:43.394800,4668,True,True,True,True,Eyes,0.3857692,0.09884821,-2.053807,0.8477491,-0.31102,-0.429637,0.0,0.0,0.0,0.0,0.0,0.0,0.0,-1.077565,-0.9002292,-1.399632,0.5278849,0.1049993,-1.908098,0.02942721,0.8813248,-0.2167744,0.4188195,24.00062,127.4265,351.8373,0.1565086,0.04619854,-0.9865949,0.0,0.0,0.0,1.13642,-0.1941686,-2.457761,-0.009272605,0.157539,0.9566826,-0.6474487,-0.1297089,-0.7509901,0.2334486,0.9042858,-0.3574479,0.7254739,-0.4067467,-0.5551983,moving,-10.739207502805085,4.098605677900372,-0.5553194922611033,9.351098695232599,0.6085351,-0.2991679,-0.549663,-0.18587889537588276,0.07022758138230978,0.9800597184798704,-6.319841771228078,8.088715173264847,11.426502558062358,11.458632462402537,5.901129490296101
05/17/2023 13:14:43.414700,4669,True,True,True,True,Eyes,0.3924114,0.09906037,-2.047867,0.8435307,-0.3102405,-0.438414,0.0,0.0,0.0,0.0,0.0,0.0,0.0,-1.054252,-0.8965754,-1.417822,0.5355492,0.1055468,-1.904615,0.0311952,0.8840637,-0.2153542,0.4136193,23.99015,128.2077,352.2633,0.1593032,0.04630528,-0.9861425,0.0,0.0,0.0,1.137078,-0.1919245,-2.457662,-0.008949608,0.1562682,0.954193,-0.6558921,-0.1229922,-0.7447677,0.2333064,0.9052989,-0.3549677,0.7178956,-0.4065795,-0.5650836,moving,-10.898868621689113,4.178914003674049,-0.5373752806724665,9.300766286417248,0.6015288000000001,-0.2974713,-0.5530470000000001,-0.18859127434679085,0.07156353767550777,0.9794447592357416,-6.377794441109036,8.130131142178792,11.52488436696123,11.558283395996744,5.95658313217576
05/17/2023 13:14:43.435623,4670,True,True,True,True,Eyes,0.3990974,0.09928272,-2.042044,0.8391868,-0.3093976,-0.4472567,0.0,0.0,0.0,0.0,0.0,0.0,0.0,-1.030839,-0.8913789,-1.437165,0.5432413,0.1066547,-1.901615,0.03283958,0.8869594,-0.2132608,0.4083439,23.89908,129.0151,352.7162,0.1621775,0.04642199,-0.9856684,0.0,0.0,0.0,1.137762,-0.1895919,-2.457559,-0.00732711,0.1541024,0.9516104,-0.664354,-0.1159128,-0.7383756,0.2324222,0.9068828,-0.3514877,0.710362,-0.405127,-0.5755505,moving,-11.063910191051878,4.187086700020519,-0.44115131894958587,9.198541857264184,0.5945206999999999,-0.2962466,-0.5559439999999998,-0.19141040862411723,0.07166340617037441,0.9788903552294802,-6.452273236355413,8.144099706335318,11.710794304669747,11.745539104183004,6.102903813396719
05/17/2023 13:14:43.451804,4671,True,True,True,True,Eyes,0.4058205,0.09953058,-2.036331,0.8347236,-0.3084383,-0.4561824,0.0,0.0,0.0,0.0,0.0,0.0,0.0,-1.007361,-0.8840996,-1.457049,0.551028,0.1071198,-1.898497,0.034588,0.8898976,-0.2107604,0.4030708,23.76543,129.8324,353.2013,0.1651261,0.04654791,-0.9851727,0.0,0.0,0.0,1.138478,-0.1871461,-2.45745,-0.005651593,0.1517269,0.9490975,-0.6726753,-0.1083431,-0.7319629,0.2314622,0.9087675,-0.3472275,0.7028038,-0.4029931,-0.5862283,moving,-11.225307794223347,4.168557454393588,-0.341175273571402,9.082701242547376,0.5874500000000001,-0.2942659,-0.558953,-0.19417208148856208,0.0713073955012795,0.978372379766944,-6.530271853394039,8.147538827130482,11.90626040076891,11.942074773579495,6.259348625662308
05/17/2023 13:14:43.464835,4672,True,True,True,True,Eyes,0.4125887,0.09980546,-2.030734,0.8301563,-0.3074346,-0.465107,0.0,0.0,0.0,0.0,0.0,0.0,0.0,-0.9844483,-0.8783009,-1.475003,0.5586326,0.1079798,-1.895377,0.03617443,0.8925932,-0.208578,0.3980755,23.65015,130.5955,353.6394,0.1681432,0.04668308,-0.9846559,0.0,0.0,0.0,1.139164,-0.1848071,-2.457347,-0.00369966,0.1485076,0.9462919,-0.6804547,-0.1014815,-0.7257293,0.2306377,0.9103733,-0.3435503,0.6955486,-0.4011509,-0.5960624,moving,-11.340807987241858,4.174053683825286,-0.22400468989684494,8.9190430715701,0.5805314,-0.2927869,-0.5619699999999999,-0.19614302576881298,0.07137270126056491,0.9779743800902325,-6.582437432297615,8.157228347009514,12.050246407538944,12.087110483555277,6.403907292754283
05/17/2023 13:14:43.485002,4673,True,True,True,True,Eyes,0.4194088,0.100118,-2.025236,0.8255392,-0.3063327,-0.4739677,0.0,0.0,0.0,0.0,0.0,0.0,0.0,-0.9609652,-0.8746897,-1.491866,0.5665294,0.1088984,-1.892455,0.03690877,0.8950946,-0.2068402,0.3932692,23.53525,131.3011,353.9509,0.1712241,0.04682762,-0.9841179,0.0,0.0,0.0,1.139806,-0.1826168,-2.45725,-0.001060814,0.1450117,0.9434514,-0.6879542,-0.09661407,-0.7192945,0.2287614,0.9117098,-0.341253,0.6887577,-0.3993132,-0.605113,moving,-11.415266111010734,4.171341500105963,-0.06442318007504677,8.738172729571632,0.5732766000000001,-0.2915152,-0.5647950000000002,-0.19741469784552756,0.0713078434923966,0.977723224128507,-6.617284431389625,8.161064036759011,12.197128899565374,12.23509635112023,6.5782250662545705
05/17/2023 13:14:43.494517,4674,True,True,True,True,Eyes,0.4262736,0.1004511,-2.019835,0.8208779,-0.3051897,-0.4827201,0.0,0.0,0.0,0.0,0.0,0.0,0.0,-0.93865,-0.8731408,-1.506177,0.5744774,0.1100919,-1.889408,0.03707682,0.8972058,-0.2055947,0.3890734,23.43901,131.8983,354.1539,0.174365,0.04698217,-0.9835589,0.0,0.0,0.0,1.1405,-0.1802483,-2.457145,0.001877427,0.1414372,0.9404414,-0.6944947,-0.09345178,-0.7134033,0.2265139,0.9127123,-0.3400703,0.6829121,-0.3977727,-0.6127058,moving,-11.402917689457205,4.185265426710807,0.11438086471516933,8.552869292060498,0.5660226,-0.2903402,-0.5677370000000002,-0.19720055539145082,0.07154858782051986,0.9777487996273394,-6.608881599408973,8.16562065996253,12.278629927586476,12.317634899223089,6.734405665280521
05/17/2023 13:14:43.514688,4675,True,True,True,True,Eyes,0.4331815,0.1008089,-2.014539,0.8162419,-0.3039955,-0.4912594,0.0,0.0,0.0,0.0,0.0,0.0,0.0,-0.9189045,-0.870461,-1.518999,0.5824456,0.1109124,-1.88624,0.03738806,0.8990077,-0.2042205,0.3855923,23.3299,132.4045,354.3584,0.1775624,0.04714651,-0.9829788,0.0,0.0,0.0,1.14121,-0.177824,-2.457038,0.004911959,0.1379065,0.9371616,-0.6998415,-0.09026743,-0.7085716,0.224716,0.9137922,-0.3383586,0.67803,-0.3960247,-0.6192252,moving,-11.315639208344708,4.201973591297055,0.30030246944829525,8.371189230982067,0.5587644,-0.2887364,-0.5707979999999999,-0.19570658726825663,0.0718556383535135,0.9780263801967928,-6.565400215583392,8.16633842551334,12.301664844487691,12.341493431189058,6.8687580545359515
05/17/2023 13:14:43.534748,4676,True,True,True,True,Eyes,0.4401367,0.1011795,-2.009357,0.8116023,-0.3027614,-0.4996371,0.0,0.0,0.0,0.0,0.0,0.0,0.0,-0.9011555,-0.8677712,-1.530739,0.5904694,0.1118609,-1.883375,0.03782583,0.9005764,-0.2028365,0.3826079,23.22136,132.8458,354.5625,0.1808125,0.04732061,-0.9823778,0.0,0.0,0.0,1.141873,-0.1755617,-2.456938,0.008092433,0.1344532,0.9337923,-0.704361,-0.08708365,-0.7044802,0.2233438,0.9148531,-0.3363947,0.6737904,-0.3942845,-0.6249372,moving,-11.175739967280341,4.229428312020042,0.49652438762906076,8.193488421349508,0.5514035999999999,-0.2874226,-0.573563,-0.19331090790089617,0.07235931493324324,0.9784656421257636,-6.495572559933831,8.167748338676706,12.286384567737525,12.327024284930477,6.992144326025765
05/17/2023 13:14:43.551693,4677,True,True,True,True,Eyes,0.4471273,0.1015411,-2.004281,0.8069406,-0.3015013,-0.5078818,0.0,0.0,0.0,0.0,0.0,0.0,0.0,-0.8845073,-0.865512,-1.541805,0.5985863,0.11253,-1.880866,0.03798622,0.9019594,-0.2016029,0.3799775,23.11282,133.2296,354.717,0.1841122,0.04750384,-0.9817559,0.0,0.0,0.0,1.142574,-0.1731717,-2.456832,0.01093146,0.1308881,0.930107,-0.7083485,-0.08468505,-0.7007647,0.2217331,0.9158267,-0.3348073,0.6701322,-0.3925429,-0.629947,moving,-10.991500934772162,4.255195584315361,0.67336089931474,8.01027430666574,0.5439877,-0.2857017,-0.575966,-0.19015684907954622,0.07284506988473138,0.9790475254771434,-6.405636596839158,8.165601339871039,12.213319817353542,12.25437137593707,7.0807013803575645
05/17/2023 13:14:43.565014,4678,True,True,True,True,Eyes,0.4541181,0.1018965,-1.99934,0.8024554,-0.3000948,-0.5157601,0.0,0.0,0.0,0.0,0.0,0.0,0.0,-0.8661153,-0.8630534,-1.553488,0.6064873,0.1127667,-1.878244,0.03831689,0.9035276,-0.200439,0.3768205,23.02182,133.6831,354.8997,0.1874581,0.0476946,-0.9811132,0.0,0.0,0.0,1.14326,-0.1708295,-2.456728,0.01384789,0.1271324,0.9263209,-0.7130762,-0.08181833,-0.6962958,0.2202998,0.916712,-0.3333273,0.665575,-0.3910816,-0.6356609,moving,-10.897324371515253,4.297840623767086,0.8564705324029154,7.814705617459688,0.5367727,-0.28359619999999996,-0.578484,-0.18853689772684362,0.07359715963152605,0.9793045159795392,-6.353925373641844,8.17586264268521,12.226741422527738,12.268660645206273,7.219435124632451
05/17/2023 13:14:43.585028,4679,True,True,True,True,Eyes,0.461122,0.1022601,-1.994532,0.7980139,-0.2985822,-0.5234715,0.0,0.0,0.0,0.0,0.0,0.0,0.0,-0.8475052,-0.8620627,-1.56437,0.614336,0.112972,-1.875766,0.03809273,0.904982,-0.1996421,0.3737638,22.94333,134.1024,354.9981,0.1908448,0.04789153,-0.9804505,0.0,0.0,0.0,1.143916,-0.1685892,-2.456629,0.01620924,0.1230728,0.922296,-0.7176991,-0.08029147,-0.691709,0.2181844,0.917384,-0.3328696,0.6612893,-0.3898203,-0.6408874,moving,-10.788827159584978,4.346014911247664,1.0068626979228623,7.6007470684932805,0.5295799999999999,-0.2815612,-0.5808629999999999,-0.18667029077089353,0.07444754468512095,0.9795977193196028,-6.294536894192723,8.187316086991633,12.194067268513965,12.236485632317885,7.32492315435512
05/17/2023 13:14:43.605063,4680,True,True,True,True,Eyes,0.4681727,0.1026096,-1.989826,0.7935108,-0.2970181,-0.5311505,0.0,0.0,0.0,0.0,0.0,0.0,0.0,-0.8252051,-0.8621471,-1.576716,0.6223062,0.1135731,-1.873535,0.03696892,0.9067515,-0.1989049,0.369962,22.83438,134.6004,355.0121,0.1942685,0.04809408,-0.9797679,0.0,0.0,0.0,1.144643,-0.1661105,-2.45652,0.01880297,0.1198362,0.9180148,-0.7235228,-0.08013123,-0.6856338,0.2142177,0.9181404,-0.3333603,0.6562206,-0.3880687,-0.64713,moving,-10.758197754934846,4.33954212639722,1.1733800010380784,7.437246450538577,0.5223368,-0.2796836,-0.5829849999999999,-0.18614803001945468,0.07434437824814566,0.9797049655060818,-6.281679710102506,8.18281372282481,12.284293710816602,12.327137535804164,7.492248384442141
05/17/2023 13:14:43.614751,4681,True,True,True,True,Eyes,0.4752731,0.102946,-1.985223,0.7890009,-0.2953626,-0.5387378,0.0,0.0,0.0,0.0,0.0,0.0,0.0,-0.8018411,-0.8598948,-1.590444,0.6305204,0.1135222,-1.871212,0.03569795,0.9086903,-0.1976907,0.365959,22.66903,135.1322,355.0378,0.1977273,0.04830074,-0.9790657,0.0,0.0,0.0,1.145297,-0.1638799,-2.456421,0.0221549,0.1162078,0.9138788,-0.7295995,-0.07981665,-0.6792012,0.2095702,0.9192881,-0.3331514,0.6509726,-0.3854073,-0.653985,moving,-10.758552028229424,4.279003576992235,1.3887330326181193,7.246775242293935,0.5147766,-0.2774021,-0.5852090000000001,-0.18616838848770073,0.07330889229216422,0.9797790772756881,-6.293631019344449,8.159506198388343,12.461662188772122,12.504567285870293,7.736394200472191
05/17/2023 13:14:43.634881,4682,True,True,True,True,Eyes,0.4824276,0.1032607,-1.980723,0.7843831,-0.2936626,-0.5463566,0.0,0.0,0.0,0.0,0.0,0.0,0.0,-0.777559,-0.8574942,-1.604527,0.6387348,0.1134932,-1.869101,0.03413047,0.9106983,-0.1964225,0.3617763,22.48605,135.6815,355.0356,0.2012195,0.04851018,-0.9783435,0.0,0.0,0.0,1.145983,-0.1615386,-2.456317,0.0263319,0.1113847,0.909331,-0.7359064,-0.07995682,-0.672346,0.2042871,0.9205067,-0.333068,0.64553,-0.3824584,-0.6610726,moving,-10.771630275433374,4.196516124968849,1.658675716802835,6.9834192703236875,0.5072481999999999,-0.2750318,-0.587216,-0.18641128270252588,0.07189488811378877,0.9798377739770165,-6.315720875466055,8.128573950687104,12.696238639093755,12.738890697474881,8.056201353786282
05/17/2023 13:14:43.652042,4683,True,True,True,True,Eyes,0.4896337,0.103538,-1.97631,0.7796333,-0.2919589,-0.5540144,0.0,0.0,0.0,0.0,0.0,0.0,0.0,-0.7497999,-0.8555862,-1.619633,0.6472509,0.1132999,-1.866994,0.0323769,0.9129553,-0.1953161,0.3568135,22.31725,136.3231,355.0225,0.204744,0.04872076,-0.9776016,0.0,0.0,0.0,1.146664,-0.1592129,-2.456214,0.0331859,0.09430787,0.9064878,-0.7432718,-0.08026551,-0.6641571,0.1985002,0.9216068,-0.3335247,0.6388622,-0.3797348,-0.6690714,moving,-10.868831664710155,4.1141700607057565,2.0966230774751957,5.93948826148314,0.49941309999999994,-0.2725128,-0.5892200000000001,-0.1880925459461698,0.07046358610890788,0.9796203929878249,-6.376556839794506,8.103210688846959,13.053808609275585,13.093311391918615,8.745082769939904
05/17/2023 13:14:43.665019,4684,True,True,True,True,Eyes,0.4969211,0.1037897,-1.971963,0.7747523,-0.2903341,-0.5616627,0.0,0.0,0.0,0.0,0.0,0.0,0.0,-0.7209662,-0.8538576,-1.634207,0.6557621,0.1126611,-1.864612,0.03122969,0.915234,-0.1944669,0.3515027,22.20491,137.0129,355.0712,0.2082997,0.04893029,-0.9768397,0.0,0.0,0.0,1.147349,-0.1568776,-2.456111,0.0287852,0.1035227,0.8990798,-0.7509412,-0.07954633,-0.6555607,0.1938762,0.9224146,-0.3340108,0.6312681,-0.37792,-0.677257,moving,-11.008978012508848,4.088928753368347,1.8337719237656085,6.568279767635492,0.49158689999999994,-0.2695387,-0.591499,-0.19049439043080785,0.06999899642605506,0.9791894772020018,-6.446067396572745,8.102669994132999,13.038735459484114,13.079885602619965,8.420813056812992
05/17/2023 13:14:43.684977,4685,True,True,True,True,Eyes,0.5042649,0.1040046,-1.967686,0.7697577,-0.2887496,-0.5692949,0.0,0.0,0.0,0.0,0.0,0.0,0.0,-0.6925055,-0.8527997,-1.64768,0.6645715,0.1122279,-1.862104,0.03081405,0.9173892,-0.1938163,0.3462412,22.14477,137.703,355.1893,0.2118868,0.04913736,-0.9760575,0.0,0.0,0.0,1.148031,-0.1545492,-2.456008,0.04320806,0.1057278,0.8987755,-0.7583354,-0.07767743,-0.6472203,0.1907513,0.9229714,-0.3342718,0.6233313,-0.3769482,-0.6851048,moving,-11.147095149789681,4.127423996223559,2.752339079641619,6.709176953312021,0.48345950000000004,-0.2667771,-0.5939040000000002,-0.19284574621095946,0.0706238139329366,0.9786841811582344,-6.5022319277715495,8.126559494012227,14.08852921493698,14.137175114913216,9.362481391059433
05/17/2023 13:14:43.695052,4686,True,True,True,True,Eyes,0.511672,0.104187,-1.963481,0.7646915,-0.2872914,-0.5768108,0.0,0.0,0.0,0.0,0.0,0.0,0.0,-0.6658563,-0.851739,-1.659699,0.6733291,0.1115597,-1.859465,0.03073461,0.9193073,-0.193291,0.341421,22.10929,138.3376,355.327,0.2155046,0.04934018,-0.9752548,0.0,0.0,0.0,1.148708,-0.1522386,-2.455906,0.04076999,0.111022,0.8904486,-0.7649744,-0.07547805,-0.6396229,0.1884963,0.923388,-0.3344007,0.61586,-0.3763744,-0.6921409,moving,-11.235714840184635,4.194389301683999,2.6215079536241026,7.107018091934261,0.47537890000000005,-0.2637983,-0.5964410000000002,-0.19434366669109782,0.07174600601858296,0.9783062851276647,-6.530038662370018,8.158176285590955,14.108466507374613,14.160015184562733,9.21171748442195
05/17/2023 13:14:43.714658,4687,True,True,True,True,Eyes,0.5191446,0.1043237,-1.959334,0.7595605,-0.2859343,-0.584217,0.0,0.0,0.0,0.0,0.0,0.0,0.0,-0.640647,-0.8511708,-1.670627,0.6823202,0.1109663,-1.856889,0.03086286,0.9210146,-0.1928986,0.3370014,22.09395,138.92,355.4711,0.2191526,0.04953732,-0.9744315,0.0,0.0,0.0,1.149402,-0.1498702,-2.455801,0.04443255,0.1094226,0.8871368,-0.7709554,-0.07316392,-0.6326733,0.1868645,0.9236752,-0.3345232,0.6088597,-0.3761265,-0.6984407,moving,-11.27826469932141,4.283588603993696,2.8672827460433354,7.03154975658423,0.4670818,-0.2608365,-0.5989120000000001,-0.19504862873283024,0.07325851264921499,0.9780538343668042,-6.532281722560724,8.195341761825674,14.355968214955316,14.409989695527605,9.471336971669198
05/17/2023 13:14:43.734970,4688,True,True,True,True,Eyes,0.5266777,0.1044221,-1.955257,0.7543667,-0.2846171,-0.5915437,0.0,0.0,0.0,0.0,0.0,0.0,0.0,-0.616551,-0.8504779,-1.680643,0.6912116,0.1099955,-1.854221,0.0310054,0.9225656,-0.192604,0.332889,22.08751,139.4597,355.6041,0.2228306,0.04972684,-0.9735873,0.0,0.0,0.0,1.150077,-0.1475666,-2.455699,0.044552,0.1095917,0.883512,-0.7764474,-0.07102246,-0.6261674,0.1854405,0.9238847,-0.3347369,0.6022803,-0.3760224,-0.7041775,moving,-11.283082405422357,4.382636612121248,2.8867533868020168,7.070907893278096,0.4588654,-0.2575621,-0.6014780000000002,-0.1951062883904015,0.07494829652493692,0.977914234362872,-6.515215725633447,8.233829354152892,14.366839672551748,14.422588147059308,9.473616496109269
05/17/2023 13:14:43.755115,4689,True,True,True,True,Eyes,0.5342755,0.1044888,-1.951241,0.749118,-0.2833346,-0.5987851,0.0,0.0,0.0,0.0,0.0,0.0,0.0,-0.5925269,-0.8504012,-1.69026,0.7002448,0.109176,-1.851752,0.0306279,0.9240234,-0.1924358,0.3289546,22.07258,139.963,355.6678,0.2265376,0.04990736,-0.9727222,0.0,0.0,0.0,1.150795,-0.1451168,-2.455591,0.04501963,0.1130997,0.8785484,-0.7817016,-0.07000353,-0.6197114,0.1832071,0.9240608,-0.3354801,0.5961357,-0.3757809,-0.7095147,moving,-11.259193237775248,4.4617864178896625,2.9334531770770442,7.3356113725776755,0.4505502,-0.2542928,-0.603839,-0.19467842469273983,0.07630574973039218,0.9778944794712798,-6.488792855289128,8.262766632843173,14.421625596213394,14.480679615515538,9.467752487844095
05/17/2023 13:14:43.765012,4690,True,True,True,True,Eyes,0.5419515,0.1045183,-1.947272,0.7438215,-0.2821222,-0.6059179,0.0,0.0,0.0,0.0,0.0,0.0,0.0,-0.5680667,-0.8507326,-1.699403,0.7094451,0.1084781,-1.849145,0.02979224,0.9254218,-0.1923847,0.3251077,22.05184,140.4427,355.6717,0.2302738,0.05007798,-0.9718357,0.0,0.0,0.0,1.151626,-0.1422801,-2.455465,0.04701447,0.1159593,0.8744324,-0.7868348,-0.06995074,-0.6131867,0.1802323,0.9242011,-0.3367026,0.5902604,-0.3754454,-0.7145863,moving,-11.219720738081405,4.521588536806099,3.0775844597233237,7.553972245359555,0.4421809,-0.2507582,-0.6063199999999997,-0.19398921945661668,0.07733714303031206,0.9779504129443484,-6.4589547560900575,8.283226042467524,14.55274175024043,14.615344227046947,9.564381386966064
05/17/2023 13:14:43.785014,4691,True,True,True,True,Eyes,0.5496965,0.1045008,-1.943349,0.7384891,-0.2809084,-0.6129636,0.0,0.0,0.0,0.0,0.0,0.0,0.0,-0.5436741,-0.85096,-1.708161,0.7187229,0.1075919,-1.846452,0.02888479,0.9267632,-0.1923894,0.3213445,22.03436,140.9083,355.6625,0.2340393,0.05023759,-0.9709275,0.0,0.0,0.0,1.152126,-0.1405765,-2.45539,0.04616159,0.1190891,0.8700337,-0.791807,-0.07010781,-0.6067347,0.1771853,0.9243041,-0.3380348,0.5845062,-0.3751627,-0.7194483,moving,-11.170956331736141,4.583522944664259,3.0371083776523364,7.794137426754559,0.43340309999999993,-0.2481684,-0.608938,-0.19314063600251208,0.07840760926782972,0.9780332287135127,-6.424418677761792,8.30389809842995,14.501406338560063,14.566301800346519,9.475249345675316
05/17/2023 13:14:43.805079,4692,True,True,True,True,Eyes,0.5575045,0.1044411,-1.939471,0.7331278,-0.2796943,-0.6199151,0.0,0.0,0.0,0.0,0.0,0.0,0.0,-0.5196983,-0.85006,-1.71684,0.7281786,0.1063969,-1.843547,0.02795984,0.9280624,-0.1922086,0.3177647,21.99541,141.3531,355.6544,0.237834,0.05038474,-0.9699974,0.0,0.0,0.0,1.152832,-0.1381661,-2.455283,0.044227,0.1224986,0.8656155,-0.7964876,-0.07025721,-0.6005591,0.1740511,0.9245483,-0.3389937,0.5790626,-0.3745323,-0.7241629,moving,-11.10370309913115,4.626423690931905,2.9248769939368815,8.05479344825645,0.42465340000000007,-0.24456299999999997,-0.6117360000000001,-0.19198106775112045,0.07915825011303142,0.9782010247681825,-6.385067037230278,8.316022843551142,14.375054175360159,14.441425782122838,9.31360825139382
05/17/2023 13:14:43.814885,4693,True,True,True,True,Eyes,0.5653762,0.1043536,-1.935634,0.7276822,-0.2783602,-0.6268925,0.0,0.0,0.0,0.0,0.0,0.0,0.0,-0.4959016,-0.8484985,-1.725505,0.7375405,0.1053152,-1.8407,0.02681758,0.9293595,-0.1918578,0.3142646,21.92949,141.7861,355.6264,0.2416576,0.05051835,-0.969045,0.0,0.0,0.0,1.153531,-0.1357803,-2.455178,0.0417529,0.1245474,0.8618715,-0.8010371,-0.07074188,-0.59442,0.1704346,0.9249429,-0.3397541,0.5738393,-0.3734654,-0.7288567,moving,-11.021486784748634,4.647730563630105,2.773494821046993,8.222781030207031,0.41599050000000004,-0.2410955,-0.6144780000000001,-0.19057132982530828,0.07954427322279169,0.9784453324244544,-6.343023426383808,8.31884472832371,14.184417145155587,14.250701854393403,9.117024360493648
05/17/2023 13:14:43.834747,4694,True,True,True,True,Eyes,0.5733156,0.1042495,-1.931849,0.7221748,-0.2769638,-0.6338412,0.0,0.0,0.0,0.0,0.0,0.0,0.0,-0.4708394,-0.8464479,-1.734429,0.7469082,0.1045801,-1.837824,0.0247626,0.9307203,-0.1913736,0.3106814,21.81538,142.2139,355.5014,0.2455097,0.05063817,-0.9680699,0.0,0.0,0.0,1.154193,-0.1335219,-2.455078,0.03860265,0.1269824,0.8580521,-0.8057281,-0.07281834,-0.5877927,0.1650065,0.9255259,-0.3408441,0.5688371,-0.3716171,-0.7337068,moving,-10.937149093138782,4.606788275075068,2.5759257952616106,8.418054481512286,0.4072848,-0.23810199999999998,-0.617254,-0.18914109298429016,0.07886729356715005,0.9787776315553096,-6.312123148707491,8.297537556199849,13.97523363501902,14.040261501690331,8.888865977146748
05/17/2023 13:14:43.852328,4695,True,True,True,True,Eyes,0.5813241,0.1041279,-1.928097,0.7165501,-0.2753635,-0.640883,0.0,0.0,0.0,0.0,0.0,0.0,0.0,-0.4413835,-0.8436021,-1.744898,0.7565231,0.1040413,-1.835211,0.02141791,0.9323852,-0.190722,0.3063074,21.64001,142.7197,355.2545,0.2493899,0.05074448,-0.967072,0.0,0.0,0.0,1.154915,-0.1310584,-2.454969,0.03534314,0.1283933,0.854531,-0.8114343,-0.07689967,-0.5793628,0.1567786,0.9263327,-0.3425319,0.5630233,-0.3687738,-0.7396019,moving,-10.924400033424272,4.484699547829127,2.368386005659642,8.54477497503479,0.3983918999999999,-0.2350997,-0.6197580000000003,-0.18895411948971885,0.07678430483354554,0.9789793837923013,-6.3300199347101636,8.24965045716676,13.836689813512011,13.899006193086738,8.70341107753205
05/17/2023 13:14:43.865035,4696,True,True,True,True,Eyes,0.5894123,0.1039745,-1.92437,0.7108822,-0.273623,-0.6479018,0.0,0.0,0.0,0.0,0.0,0.0,0.0,-0.4115003,-0.8384947,-1.755629,0.7663396,0.1034599,-1.832118,0.01792148,0.9341051,-0.189601,0.301957,21.4099,143.2279,355.0074,0.2532983,0.05083753,-0.9660508,0.0,0.0,0.0,1.155569,-0.1288254,-2.45487,0.03197163,0.1278004,0.8513405,-0.8170018,-0.08102164,-0.5709151,0.1479838,0.9274606,-0.3433916,0.5573234,-0.3650376,-0.745747,moving,-10.908626436054211,4.316212729667069,2.150701183233438,8.53730304158531,0.38922940000000006,-0.2322853,-0.6227520000000002,-0.18872569002130513,0.07390843480263358,0.9792445802965098,-6.355557265374316,8.183683887355162,13.666554194315783,13.72456342800234,8.51360554058909
05/17/2023 13:14:43.884719,4697,True,True,True,True,Eyes,0.5975761,0.1037736,-1.920668,0.7050591,-0.2716781,-0.6550441,0.0,0.0,0.0,0.0,0.0,0.0,0.0,-0.3825071,-0.8298913,-1.767237,0.7763856,0.1024921,-1.828901,0.0146999,0.9358836,-0.1876933,0.297787,21.10469,143.733,354.8174,0.2572352,0.05091686,-0.9650058,0.0,0.0,0.0,1.15625,-0.1265046,-2.454767,0.02820566,0.1254548,0.8482839,-0.8222139,-0.08427047,-0.562906,0.1393,0.9291102,-0.3425633,0.5518698,-0.3600731,-0.7521885,moving,-10.868264464374906,4.098156800416388,1.904397935771317,8.412633745582946,0.3798644,-0.2289967,-0.6258659999999998,-0.18808649227873253,0.07018988006586566,0.9796412351549171,-6.37941349810462,8.09700221080892,13.429470747727219,13.48167705066706,8.289822382762946
05/17/2023 13:14:43.894729,4698,True,True,True,True,Eyes,0.605812,0.1035217,-1.916996,0.6991917,-0.2695827,-0.6621601,0.0,0.0,0.0,0.0,0.0,0.0,0.0,-0.3540252,-0.8201228,-1.778759,0.7864752,0.1011026,-1.825693,0.01196961,0.9376511,-0.1856077,0.2936272,20.79955,144.2482,354.6876,0.261201,0.05098127,-0.9639366,0.0,0.0,0.0,1.156929,-0.1241869,-2.454664,0.02457991,0.1231557,0.8450853,-0.8272797,-0.08655227,-0.555083,0.1314456,0.9308131,-0.3410413,0.5461965,-0.3550997,-0.7586658,moving,-10.833756555214203,3.8994173718624547,1.6660190013276106,8.291441834246807,0.37045380000000006,-0.2252895,-0.6289710000000002,-0.18754018492052615,0.06679852073703202,0.9799829081098863,-6.402206663529493,8.01814860496754,13.20184041033812,13.24893459271736,8.0728529385979
05/17/2023 13:14:43.914995,4699,True,True,True,True,Eyes,0.6140808,0.1032167,-1.913377,0.6931056,-0.2674267,-0.6693934,0.0,0.0,0.0,0.0,0.0,0.0,0.0,-0.3260142,-0.8086162,-1.790598,0.7964896,0.09956937,-1.822656,0.0095546,0.9394649,-0.1831118,0.2894553,20.46196,144.7772,354.6072,0.2651953,0.05102947,-0.9628428,0.0,0.0,0.0,1.157605,-0.1218793,-2.454562,0.02157032,0.1209963,0.842132,-0.8322486,-0.08805294,-0.5473653,0.1239578,0.9327576,-0.338523,0.5403671,-0.3495855,-0.7653713,moving,-10.792843919541905,3.681372308651122,1.4672499406568735,8.176218629012618,0.3611154,-0.22144867000000001,-0.6319060000000001,-0.18688573168981365,0.0630766297587111,0.9803545270242064,-6.425806971000657,7.931435018550453,13.015566233748034,13.05808350810145,7.896851678144627
05/17/2023 13:14:43.934689,4700,True,True,True,True,Eyes,0.6224183,0.102922,-1.90983,0.6868926,-0.2652725,-0.676616,0.0,0.0,0.0,0.0,0.0,0.0,0.0,-0.2973678,-0.7996783,-1.801,0.8062405,0.09802951,-1.819858,0.007275091,0.9411691,-0.1813571,0.285057,20.21372,145.321,354.5149,0.2692161,0.0510602,-0.9617247,0.0,0.0,0.0,1.158294,-0.119527,-2.454458,0.01920792,0.1189007,0.8388715,-0.837379,-0.08970001,-0.5392125,0.1170884,0.9341134,-0.3372276,0.533935,-0.3455229,-0.7717042,moving,-10.771967109835016,3.5484640568073385,1.3116913349901165,8.06730178000794,0.3520534999999999,-0.21755650999999998,-0.6345999999999998,-0.18655486343086652,0.060806245880969056,0.9805610832779179,-6.442064322496239,7.878845423567005,12.861557292907378,12.900957165257722,7.756045551328632
05/17/2023 13:14:43.954864,4701,True,True,True,True,Eyes,0.6307698,0.103126,-1.906405,0.6803784,-0.2631956,-0.6839688,0.0,0.0,0.0,0.0,0.0,0.0,0.0,-0.2632296,-0.7963274,-1.810394,0.8162982,0.09795374,-1.817971,0.003857676,0.9429156,-0.1809007,0.2795897,20.07838,145.9517,354.2634,0.2732626,0.05107535,-0.960582,0.0,0.0,0.0,1.159006,-0.1170985,-2.454351,0.01831162,0.1171648,0.8356957,-0.8436293,-0.09388101,-0.5286546,0.1084309,0.9345201,-0.338991,0.5258632,-0.3433052,-0.778209,moving,-10.837839686668,3.4829434588782537,1.255254367118266,7.980866633942664,0.3427078,-0.21505224,-0.63638,-0.18769494508503107,0.059671687507820106,0.9804131311436299,-6.485184117657281,7.857912784194073,12.864358912262283,12.902489553667627,7.741414960184112
05/17/2023 13:14:43.964881,4702,True,True,True,True,Eyes,0.6393145,0.1031168,-1.903041,0.6731176,-0.2618947,-0.6916096,0.0,0.0,0.0,0.0,0.0,0.0,0.0,-0.2242248,-0.8067654,-1.815066,0.8257061,0.1101787,-1.817053,-0.002268571,0.9445523,-0.1815268,0.273613,19.97937,146.574,353.6698,0.2773302,0.05110082,-0.9594141,0.0,0.0,0.0,1.159679,-0.1148028,-2.454249,0.0188787,0.1156478,0.8324962,-0.8502619,-0.1036218,-0.5160599,0.09505063,0.9340857,-0.3441646,0.5177071,-0.3416817,-0.7843682,moving,-10.870322626765102,3.349145552808864,1.299086375845042,7.908737825213447,0.3339728999999999,-0.2249815,-0.6371959999999999,-0.18827612690491305,0.0573755529053792,0.9804387395939113,-6.526209024392436,7.808478202643268,12.958396485628956,12.995552976436993,7.825937649438292
05/17/2023 13:14:43.984975,4703,True,True,True,True,Eyes,0.6478157,0.1033465,-1.899527,0.6660956,-0.2605423,-0.6988807,0.0,0.0,0.0,0.0,0.0,0.0,0.0,-0.1474499,-0.8295879,-1.816457,0.8391268,0.1051998,-1.815013,-0.004155948,0.9472121,-0.1897369,0.2584029,20.93412,148.2773,353.4877,0.2814246,0.05112459,-0.9582198,0.0,0.0,0.0,1.160367,-0.1124526,-2.454145,0.02021658,0.1140734,0.8291309,-0.8664215,-0.1059303,-0.4879476,0.09018401,0.9279653,-0.36159,0.4911018,-0.3572944,-0.7944559,moving,-12.065551707141447,4.1633830501482665,1.396758028844565,7.8336816016710635,0.3212402,-0.2176524,-0.639132,-0.2085030286775191,0.07100516648561418,0.9754407335280768,-6.918560643172306,8.200624916175048,13.904853469487925,13.953668868255907,8.323411080395559
05/17/2023 13:14:44.005078,4704,True,True,True,True,Eyes,0.656362,0.1037742,-1.896225,0.6586699,-0.2594442,-0.706288,0.0,0.0,0.0,0.0,0.0,0.0,0.0,-0.1460625,-0.8286761,-1.813696,0.8465807,0.1111623,-1.807893,0.002197469,0.9475052,-0.1872959,0.2591319,20.85882,148.3575,354.2942,0.2855425,0.05115899,-0.9569989,0.0,0.0,0.0,1.161068,-0.110063,-2.45404,0.02207696,0.1127668,0.8253832,-0.8656915,-0.09290442,-0.4918806,0.1012329,0.9298308,-0.3537887,0.4902344,-0.3560664,-0.7955417,moving,-11.49357077303846,4.407460121638493,1.5321551355754952,7.779786768240851,0.3144873,-0.2212253,-0.646147,-0.19869202283483825,0.07531663608859564,0.9771637290719235,-6.6073994098958435,8.257194078359952,13.404487828672982,13.455189424817517,8.153543152425103
05/17/2023 13:14:44.014777,4705,True,True,True,True,Eyes,0.6649641,0.104229,-1.892938,0.6509866,-0.2581397,-0.7138489,0.0,0.0,0.0,0.0,0.0,0.0,0.0,-0.09967422,-0.8411862,-1.817674,0.8571528,0.1164728,-1.809196,0.0006588901,0.9494266,-0.1895748,0.2503002,21.1189,149.387,354.2382,0.2896797,0.05121212,-0.9557518,0.0,0.0,0.0,1.161766,-0.107681,-2.453934,0.02293155,0.112134,0.8217364,-0.8746991,-0.09365009,-0.4755332,0.09615237,0.9281219,-0.3596449,0.4750336,-0.3603046,-0.8028225,moving,-11.913865684870888,4.67391874255549,1.5984932971637504,7.770576175907592,0.30461320000000003,-0.22415380000000001,-0.6447379999999998,-0.20578358628602525,0.0797408462871672,0.9753432335211684,-6.749235129047889,8.387435125661607,13.8064203251116,13.86265243446964,8.370488924888049
05/17/2023 13:14:44.034768,4706,True,True,True,True,Eyes,0.6735782,0.1047171,-1.889699,0.6431993,-0.2567611,-0.7213657,0.0,0.0,0.0,0.0,0.0,0.0,0.0,-0.06697851,-0.8287913,-1.826709,0.8670044,0.117474,-1.806309,0.0003062177,0.9515807,-0.1862449,0.2445543,20.76917,150.1553,354.445,0.2938361,0.05128327,-0.9544783,0.0,0.0,0.0,1.162413,-0.1054713,-2.453836,0.02404091,0.1116076,0.8180692,-0.880386,-0.0905112,-0.4655405,0.09167677,0.9306255,-0.3543043,0.4653123,-0.3546038,-0.811012,moving,-11.99309454886282,4.432125498319206,1.683288352460581,7.76879022389986,0.2954085999999999,-0.2229453,-0.647527,-0.20719913261298065,0.07560103470229533,0.9753733019344748,-6.8328347133085545,8.299444904171544,14.023598001080083,14.077527508570007,8.532640063955549
05/17/2023 13:14:44.052670,4707,True,True,True,True,Eyes,0.682201,0.1051658,-1.886555,0.6352584,-0.2549798,-0.7289939,0.0,0.0,0.0,0.0,0.0,0.0,0.0,-0.03578866,-0.8223169,-1.832761,0.8759995,0.1187346,-1.804169,7.503442e-05,0.9533502,-0.1844131,0.2389881,20.58865,150.8735,354.6059,0.2980088,0.05137206,-0.953179,0.0,0.0,0.0,1.163164,-0.102908,-2.453723,0.02382028,0.1105132,0.8143892,-0.8857695,-0.08800199,-0.4557064,0.08828812,0.9319837,-0.3515846,0.4556511,-0.3516563,-0.8177533,moving,-12.042095281942657,4.383050355899523,1.6753813850815769,7.72787373803715,0.28716450000000004,-0.2216426,-0.6495540000000002,-0.20804657257538534,0.07475182999058794,0.9752583385793238,-6.864975772063541,8.283744129127395,14.066240542977145,14.119384178074087,8.558428142088397
05/17/2023 13:14:44.074443,4708,True,True,True,True,Eyes,0.6908282,0.1056661,-1.883512,0.62712,-0.2529871,-0.736694,0.0,0.0,0.0,0.0,0.0,0.0,0.0,0.0006120801,-0.8073111,-1.843092,0.8850331,0.1181578,-1.803189,-0.002607077,0.955572,-0.181238,0.2324399,20.19155,151.6849,354.5441,0.3021944,0.05147441,-0.9518547,0.0,0.0,0.0,1.163853,-0.1005592,-2.453619,0.02353957,0.1089977,0.8105786,-0.8919302,-0.08923636,-0.4432811,0.07927137,0.934292,-0.3475838,0.4451711,-0.3451599,-0.8262493,moving,-12.16438024445989,4.071317630244266,1.6634278996601994,7.6585665969502426,0.2788199,-0.218717,-0.6504300000000003,-0.2102088857935774,0.06941176870896858,0.9751893393082831,-6.9820391302229545,8.171622608450269,14.236364515467814,14.285539304475941,8.660677031025516
05/17/2023 13:14:44.085043,4709,True,True,True,True,Eyes,0.699481,0.106141,-1.880556,0.6187177,-0.2508046,-0.7445035,0.0,0.0,0.0,0.0,0.0,0.0,0.0,0.04452521,-0.7916414,-1.85301,0.8938848,0.1198277,-1.802481,-0.009586402,0.957835,-0.1784938,0.2249449,19.73209,152.5201,353.9831,0.3063895,0.05159117,-0.9505063,0.0,0.0,0.0,1.16446,-0.09848771,-2.453527,0.02300143,0.1069226,0.8067932,-0.8986159,-0.09866694,-0.427498,0.06193818,0.9360961,-0.3462481,0.4343424,-0.3376225,-0.8350796,moving,-12.319991762282216,3.5986990151734553,1.6330429850021841,7.549296144672958,0.2705752,-0.21831541,-0.6510459999999998,-0.21296965175936294,0.061327888832197794,0.9751322057380635,-7.145790781291642,7.999682460634849,14.457884905144416,14.501530827417344,8.790379407615257
05/17/2023 13:14:44.094523,4710,True,True,True,True,Eyes,0.7081773,0.1065829,-1.877676,0.6100878,-0.2485274,-0.7523477,0.0,0.0,0.0,0.0,0.0,0.0,0.0,0.0959276,-0.7717211,-1.863132,0.903976,0.1197,-1.801254,-0.01727127,0.9603273,-0.1755883,0.2159673,19.2557,153.5252,353.369,0.3105922,0.05171929,-0.9491345,0.0,0.0,0.0,1.165227,-0.09586905,-2.453412,0.02126521,0.1056316,0.8026993,-0.90612,-0.1090148,-0.4087333,0.04267053,0.9377409,-0.3447046,0.4208638,-0.3297845,-0.845054,moving,-12.621475163443407,3.072984300803713,1.5175319876306912,7.496788789602979,0.261251,-0.21556904999999998,-0.6521580000000002,-0.21820978552762363,0.05231613419543337,0.9744986226556318,-7.387115839224157,7.816842077656044,14.776165770718592,14.81491037344624,8.910397691882464
05/17/2023 13:14:44.114704,4711,True,True,True,True,Eyes,0.7169158,0.1069713,-1.874856,0.6012861,-0.2462255,-0.7601501,0.0,0.0,0.0,0.0,0.0,0.0,0.0,0.1392412,-0.7574863,-1.869955,0.9138518,0.1193092,-1.80015,-0.02105296,0.9623768,-0.1733841,0.2081484,18.96299,154.4471,353.1559,0.3148012,0.05185563,-0.9477393,0.0,0.0,0.0,1.165827,-0.09382168,-2.453321,0.01933014,0.1050617,0.7987286,-0.9124622,-0.112701,-0.3933339,0.03165746,0.9389895,-0.3424858,0.4079349,-0.3249573,-0.8532248,moving,-12.836287390277567,2.831823202688172,1.3863523722016426,7.493448310734173,0.25197519999999995,-0.21313088000000002,-0.653171,-0.2219081344765263,0.04817274812982239,0.9738769489130743,-7.533084772164347,7.737983328817166,14.930419336729923,14.967104945887817,8.922788597034257
05/17/2023 13:14:44.134798,4712,True,True,True,True,Eyes,0.7256691,0.1073252,-1.872117,0.5923503,-0.2441223,-0.7678056,0.0,0.0,0.0,0.0,0.0,0.0,0.0,0.1764754,-0.7473027,-1.874302,0.9237249,0.1183853,-1.798703,-0.02190935,0.9641226,-0.1716464,0.2013084,18.79332,155.2931,353.2449,0.3190161,0.05199642,-0.9463211,0.0,0.0,0.0,1.166516,-0.0914726,-2.453217,0.01776153,0.1053294,0.7946367,-0.9179897,-0.1113543,-0.3806506,0.02686113,0.940115,-0.3397975,0.3956932,-0.3221553,-0.8600248,moving,-12.977781786732802,2.782440503577114,1.2804483893428082,7.550562758438266,0.24279110000000015,-0.20985789999999999,-0.654514,-0.22432176907439863,0.047306533936020356,0.9733662468079692,-7.607917458165803,7.728227232495529,14.997972832750614,15.034364555619081,8.890141287094346
05/17/2023 13:14:44.145339,4713,True,True,True,True,Eyes,0.7344545,0.1076563,-1.869453,0.5832767,-0.2422113,-0.7753206,0.0,0.0,0.0,0.0,0.0,0.0,0.0,0.2110484,-0.7448927,-1.875484,0.9333133,0.1179656,-1.797736,-0.02088063,0.9655508,-0.1713006,0.1947611,18.82419,156.1142,353.5061,0.3232346,0.05213916,-0.9448807,0.0,0.0,0.0,1.167244,-0.08898872,-2.453107,0.0170126,0.1064316,0.790548,-0.9232644,-0.107048,-0.3689497,0.02640279,0.9404402,-0.3389324,0.3832572,-0.3226655,-0.8654486,moving,-13.110171007338893,2.9658755841988746,1.2328153988146464,7.667635494160832,0.23393069999999994,-0.20695432,-0.6553710000000001,-0.22653598508953063,0.05039605529813809,0.9726981754197151,-7.633219332680404,7.8075991288463875,15.055628611158806,15.093965857190438,8.867139430453934
05/17/2023 13:14:44.164503,4714,True,True,True,True,Eyes,0.7432383,0.1080006,-1.866864,0.5741693,-0.2406448,-0.7825725,0.0,0.0,0.0,0.0,0.0,0.0,0.0,0.2426099,-0.7490008,-1.874018,0.9429852,0.1177705,-1.796862,-0.0176198,0.9667263,-0.1719252,0.1886042,19.01181,156.9145,353.9944,0.3274555,0.05228219,-0.9434182,0.0,0.0,0.0,1.167877,-0.08682656,-2.453011,0.01727891,0.1074536,0.786387,-0.928236,-0.0989187,-0.3585988,0.0307846,0.9402626,-0.3390556,0.3707159,-0.3257629,-0.8697404,moving,-13.232298082745613,3.341333392042402,1.2587305499541797,7.78083102887932,0.22489180000000009,-0.20459706,-0.6561490000000001,-0.22853086678694157,0.056741825475886784,0.9718816958627492,-7.616400711800917,7.960301307318584,15.113378214060408,15.155825615953946,8.876945673722787
05/17/2023 13:14:44.185027,4715,True,True,True,True,Eyes,0.751996,0.1083719,-1.864364,0.5651414,-0.2393391,-0.7895138,0.0,0.0,0.0,0.0,0.0,0.0,0.0,0.2666821,-0.7566046,-1.87148,0.9520785,0.1184942,-1.795971,-0.01233595,0.9676408,-0.1724621,0.1837824,19.22195,157.5934,354.6974,0.331676,0.05242581,-0.9419347,0.0,0.0,0.0,1.168583,-0.08441839,-2.452905,0.01803026,0.1093095,0.782195,-0.9321437,-0.08726453,-0.3514157,0.03951746,0.9402093,-0.338297,0.3599256,-0.3292285,-0.8729618,moving,-13.234365350925517,3.7925125116611724,1.3204826046366793,7.955399574650683,0.21650449999999988,-0.20291259,-0.6569339999999999,-0.2284596303170476,0.06439423571814937,0.971421446589936,-7.529500299806357,8.134315226125059,15.0900625468943,15.138468473023897,8.851791243543676
05/17/2023 13:14:44.204638,4716,True,True,True,True,Eyes,0.7607198,0.1087775,-1.861964,0.5561115,-0.2381602,-0.7962537,0.0,0.0,0.0,0.0,0.0,0.0,0.0,0.2857236,-0.7646584,-1.869361,0.9606122,0.1195718,-1.795488,-0.006373208,0.9684039,-0.1726258,0.179871,19.39327,158.1818,355.4734,0.3358924,0.05257099,-0.9404314,0.0,0.0,0.0,1.169281,-0.08203699,-2.452799,0.01921499,0.1108776,0.7779149,-0.9352115,-0.07444445,-0.3461753,0.04975709,0.9403194,-0.3366357,0.350576,-0.3320503,-0.8756935,moving,-13.137874115448154,4.22595306827634,1.4149542712995884,8.111832775515095,0.2086688,-0.20160879,-0.6573110000000002,-0.2267089430779468,0.07177125068990195,0.9713146651641101,-7.40062680958408,8.295032166320864,15.007738646742586,15.062698136564407,8.81748443777621
05/17/2023 13:14:44.214600,4717,True,True,True,True,Eyes,0.7694159,0.1091988,-1.859648,0.5470864,-0.2371338,-0.8027852,0.0,0.0,0.0,0.0,0.0,0.0,0.0,0.3059858,-0.77189,-1.867376,0.9686061,0.1208052,-1.795478,-0.001864561,0.9691243,-0.172914,0.1757717,19.54181,158.7648,356.0815,0.3401008,0.05271893,-0.9389094,0.0,0.0,0.0,1.16995,-0.0797522,-2.452698,0.02091596,0.1122532,0.7737792,-0.938202,-0.06440074,-0.3400444,0.05717278,0.9401946,-0.3358057,0.341334,-0.3344947,-0.8784104,moving,-13.04458747145309,4.5860936987268275,1.5483803167797947,8.254391557840176,0.20134390000000002,-0.2005574,-0.6572199999999999,-0.22502324172541877,0.0779063695717154,0.9712338460792946,-7.287503269087898,8.427710363979019,14.985350776111428,15.04696374859653,8.83758327550963
05/17/2023 13:14:44.234841,4718,True,True,True,True,Eyes,0.7780888,0.109653,-1.85743,0.5380305,-0.2361519,-0.8091696,0.0,0.0,0.0,0.0,0.0,0.0,0.0,0.3290523,-0.7758995,-1.865746,0.9766248,0.1215458,-1.795197,0.001056307,0.9699122,-0.1729845,0.1713058,19.62858,159.3648,356.5173,0.3442977,0.05286979,-0.9373699,0.0,0.0,0.0,1.170641,-0.07739433,-2.452594,0.02290383,0.1139867,0.7696365,-0.9413065,-0.05721745,-0.3326686,0.06131554,0.9401505,-0.3351977,0.3319377,-0.3359215,-0.8814616,moving,-12.974307016156313,4.838156879211259,1.7045782055002945,8.424527032079153,0.19401620000000008,-0.19894013,-0.657397,-0.22375425099071342,0.08220302405681001,0.9711728365062109,-7.206028388862289,8.520245073785713,15.042935556570258,15.110649298555984,8.911120682776442
05/17/2023 13:14:44.253323,4719,True,True,True,True,Eyes,0.786738,0.1101126,-1.855302,0.5289855,-0.2351361,-0.815405,0.0,0.0,0.0,0.0,0.0,0.0,0.0,0.3553828,-0.7769271,-1.864987,0.9848303,0.1227875,-1.795305,0.001552942,0.9707507,-0.1729166,0.1665549,19.64767,159.9532,356.6773,0.3484804,0.05302457,-0.9358143,0.0,0.0,0.0,1.171377,-0.07488441,-2.452483,0.02543664,0.1159614,0.7655045,-0.9445143,-0.05458516,-0.3239036,0.06061524,0.9401949,-0.3352005,0.3228295,-0.3362351,-0.884719,moving,-12.913658581986438,4.9615205295175056,1.9031580827854302,8.613882624588266,0.18654669999999984,-0.19767191,-0.657178,-0.2226866880347492,0.08431500843453635,0.9712371374094271,-7.15405332653496,8.563812109141661,15.187604048274686,15.260334365634685,9.057349809389088
05/17/2023 13:14:44.264744,4720,True,True,True,True,Eyes,0.7953761,0.1105605,-1.853256,0.5199141,-0.2340464,-0.82153,0.0,0.0,0.0,0.0,0.0,0.0,0.0,0.3838542,-0.7728568,-1.865454,0.9930567,0.1234441,-1.795318,5.610307e-05,0.9716751,-0.1723518,0.1616863,19.56999,160.5213,356.6156,0.3526465,0.05318281,-0.9342433,0.0,0.0,0.0,1.172029,-0.07266016,-2.452384,0.02814624,0.1172568,0.761624,-0.9477153,-0.05562484,-0.3142325,0.0558429,0.9405897,-0.3349218,0.3141938,-0.3349581,-0.8883051,moving,-12.84691416846763,4.943999047089617,2.116434379803882,8.752326195617224,0.17897229999999997,-0.19610426,-0.6570659999999999,-0.2215602938714513,0.08404010664465783,0.9715185156683946,-7.12670157787956,8.552684289163377,15.3649122140913,15.440374200364174,9.245291732716343
05/17/2023 13:14:44.284849,4721,True,True,True,True,Eyes,0.8040046,0.1109804,-1.851307,0.51083,-0.2327772,-0.8275672,0.0,0.0,0.0,0.0,0.0,0.0,0.0,0.4128379,-0.7648865,-1.86699,1.001516,0.1235873,-1.795224,-0.001991859,0.9726887,-0.1710992,0.156837,19.40404,161.0827,356.5022,0.3567941,0.05334326,-0.932658,0.0,0.0,0.0,1.172669,-0.07047399,-2.452288,0.03087661,0.1176725,0.7580777,-0.9507964,-0.05754427,-0.3044255,0.04979443,0.9414423,-0.3334773,0.3057887,-0.3322276,-0.8922544,moving,-12.774661021771507,4.83798096167064,2.332375866185486,8.823313463637595,0.1711529999999999,-0.19406129,-0.6570639999999999,-0.22036773523092468,0.08226509012827907,0.9719416137150726,-7.114042759827743,8.50708994873234,15.547453620826115,15.62387399735826,9.451710012969542
05/17/2023 13:14:44.304558,4722,True,True,True,True,Eyes,0.8126389,0.111386,-1.849443,0.5017195,-0.2314033,-0.8335047,0.0,0.0,0.0,0.0,0.0,0.0,0.0,0.4419729,-0.7547133,-1.869389,1.010129,0.123328,-1.795543,-0.004183014,0.9737508,-0.1694127,0.1519579,19.18748,161.6485,356.3799,0.3609219,0.05350394,-0.9310592,0.0,0.0,0.0,1.173408,-0.06795224,-2.452176,0.0323976,0.1173655,0.754451,-0.9537827,-0.05963364,-0.2945209,0.04334078,0.9425637,-0.3312029,0.2973556,-0.3286603,-0.8964164,moving,-12.705910743344404,4.685078529083249,2.4588820581354796,8.842293235392239,0.16327899999999995,-0.19128024,-0.6566330000000002,-0.2192473173088384,0.07969164918324347,0.9724093190403732,-7.112127750815251,8.443656629773319,15.648890393174499,15.724292506379033,9.57930790330755
05/17/2023 13:14:44.314793,4723,True,True,True,True,Eyes,0.8212978,0.1117522,-1.847674,0.4925248,-0.229913,-0.8393803,0.0,0.0,0.0,0.0,0.0,0.0,0.0,0.471257,-0.7442464,-1.871387,1.018992,0.1233584,-1.795693,-0.006322767,0.9747961,-0.1676161,0.1470969,18.96091,162.2134,356.2631,0.3650292,0.05366379,-0.9294474,0.0,0.0,0.0,1.174043,-0.06578514,-2.45208,0.03456381,0.1162554,0.751339,-0.9566451,-0.06163844,-0.2846593,0.0369848,0.9437297,-0.3286432,0.2888985,-0.324923,-0.9005346,moving,-12.63347973155656,4.530965681245504,2.6339178649200528,8.795678815824395,0.15505100000000005,-0.18914354,-0.656387,-0.21806248248136764,0.07709677067857476,0.9728847803810733,-7.108751926779456,8.379515551036853,15.777452248238157,15.85185186308368,9.75155405733121
05/17/2023 13:14:44.335092,4724,True,True,True,True,Eyes,0.8299692,0.11209,-1.845995,0.483316,-0.228347,-0.8451409,0.0,0.0,0.0,0.0,0.0,0.0,0.0,0.5005332,-0.7345049,-1.873059,1.027963,0.1227259,-1.796277,-0.007765165,0.975818,-0.1659303,0.1420781,18.76147,162.8085,356.2271,0.3691157,0.05382056,-0.927823,0.0,0.0,0.0,1.174717,-0.06348659,-2.451978,0.03720772,0.1147186,0.7482634,-0.9595072,-0.0623049,-0.2747077,0.03199535,0.9448137,-0.3260421,0.2798617,-0.321629,-0.9045621,moving,-12.589803792200005,4.4226668325820535,2.8467125926740184,8.716325692778138,0.14675400000000005,-0.18621249,-0.6557010000000001,-0.2173512124595475,0.07526994517330529,0.9731868961888989,-7.109708887859933,8.334915547284307,15.948263534595133,16.022532399974246,9.963724323621339
05/17/2023 13:14:44.354624,4725,True,True,True,True,Eyes,0.8386227,0.1123898,-1.844421,0.4741985,-0.2266608,-0.8507413,0.0,0.0,0.0,0.0,0.0,0.0,0.0,0.5279561,-0.7259197,-1.874305,1.037022,0.1223535,-1.796756,-0.008560294,0.9767631,-0.1642407,0.1374256,18.57197,163.3707,356.258,0.3731811,0.05397279,-0.9261864,0.0,0.0,0.0,1.175444,-0.06100427,-2.451869,0.03982398,0.113789,0.7450762,-0.962082,-0.0618645,-0.2656525,0.02841898,0.9459034,-0.3232013,0.2712763,-0.3184957,-0.9082785,moving,-12.520499389362515,4.3489723344664375,3.0595217283766294,8.683191983138203,0.13842199999999982,-0.18335777,-0.6551129999999998,-0.2161939226666212,0.07403765549889792,0.9735392691385518,-7.092115167031696,8.301971583523008,16.09672057878904,16.171657861583952,10.158792283007777
05/17/2023 13:14:44.364737,4726,True,True,True,True,Eyes,0.8472899,0.1126554,-1.842946,0.4650592,-0.2249954,-0.8562108,0.0,0.0,0.0,0.0,0.0,0.0,0.0,0.5554441,-0.7192169,-1.874623,1.045939,0.1217862,-1.797549,-0.009365412,0.9775918,-0.1631299,0.1327225,18.44915,163.932,356.2759,0.3772233,0.05411871,-0.924539,0.0,0.0,0.0,1.176112,-0.0587278,-2.451768,0.04235265,0.112373,0.7419778,-0.9645941,-0.06161313,-0.2564414,0.02499093,0.9466018,-0.3214349,0.2625525,-0.3164629,-0.9115468,moving,-12.459657643850582,4.337339598734633,3.2669410684902696,8.612033904889946,0.1301730000000001,-0.180514,-0.6542189999999999,-0.21516287871253179,0.07385721328004494,0.973781274842088,-7.066337395901969,8.29350014350494,16.221210534766477,16.297205848552004,10.33818686133185
05/17/2023 13:14:44.384701,4727,True,True,True,True,Eyes,0.8559388,0.1128752,-1.841579,0.455974,-0.2232335,-0.8615419,0.0,0.0,0.0,0.0,0.0,0.0,0.0,0.5828471,-0.7147748,-1.873906,1.055021,0.1212199,-1.798436,-0.009904846,0.9783088,-0.1625401,0.1280416,18.39054,164.4901,356.3141,0.3812414,0.05425687,-0.9228812,0.0,0.0,0.0,1.176781,-0.05644196,-2.451667,0.04425216,0.1121556,0.7387878,-0.9670148,-0.0610038,-0.2473086,0.02224381,0.9469652,-0.3205653,0.2537483,-0.3154924,-0.9143724,moving,-12.40688496317913,4.399474478669198,3.427826313047461,8.632178903525004,0.12176000000000009,-0.17766186,-0.6532310000000001,-0.2142487078468886,0.07492861097240361,0.9739009826966726,-7.029914807040739,8.31398670562664,16.31214472819889,16.390664048465254,10.46258073371895
05/17/2023 13:14:44.394601,4728,True,True,True,True,Eyes,0.8645985,0.1130488,-1.840321,0.4468361,-0.2215453,-0.8667498,0.0,0.0,0.0,0.0,0.0,0.0,0.0,0.6105157,-0.7120975,-1.872173,1.063962,0.1204024,-1.799537,-0.01010894,0.9789577,-0.162369,0.1231907,18.38581,165.0705,356.3872,0.3852339,0.05438545,-0.9212142,0.0,0.0,0.0,1.177496,-0.05400378,-2.451559,0.04449812,0.1119381,0.7351721,-0.9694437,-0.05979714,-0.2379142,0.02021224,0.9470683,-0.3203953,0.2444797,-0.315414,-0.9169207,moving,-12.377841270749729,4.515853078045135,3.4637437984708073,8.657423149134944,0.11353400000000002,-0.17440618000000002,-0.6520220000000001,-0.2137225808413824,0.07691571147044185,0.9738617292936581,-6.993866975864304,8.356933571023282,16.293355153646253,16.374016616551295,10.461927025842012
05/17/2023 13:14:44.415018,4729,True,True,True,True,Eyes,0.8732617,0.1131925,-1.839161,0.4376572,-0.2198117,-0.8718596,0.0,0.0,0.0,0.0,0.0,0.0,0.0,0.6391235,-0.7098305,-1.869868,1.072976,0.1194667,-1.800888,-0.01028389,0.9795872,-0.1623425,0.1181023,18.39874,165.6783,356.4658,0.3892002,0.05450277,-0.9195385,0.0,0.0,0.0,1.178159,-0.05174274,-2.451459,0.04449332,0.1005925,0.7354007,-0.9718921,-0.05849398,-0.2280439,0.0181981,0.9470783,-0.3204865,0.2347219,-0.3156283,-0.9193935,moving,-12.377338646100991,4.650487981291314,3.4622971020882938,7.788921007810624,0.10518300000000003,-0.17120944,-0.6505709999999998,-0.213675634576379,0.07920473727324882,0.9736886068259953,-6.967419304803221,8.408787115294478,16.07375865807772,16.147563980280836,10.448120324699044
05/17/2023 13:14:44.434735,4730,True,True,True,True,Eyes,0.8819432,0.1133054,-1.838106,0.4283879,-0.2181048,-0.8768774,0.0,0.0,0.0,0.0,0.0,0.0,0.0,0.6682913,-0.7066751,-1.867095,1.081889,0.1188991,-1.802061,-0.01083192,0.9802161,-0.1621913,0.1129301,18.39212,166.2897,356.5038,0.3931393,0.05460813,-0.917855,0.0,0.0,0.0,1.17886,-0.04935076,-2.451353,0.03252056,0.1173153,0.7276077,-0.9742591,-0.0578678,-0.2178781,0.01539731,0.9471533,-0.3204116,0.2249055,-0.3155185,-0.9218817,moving,-12.379815144989003,4.754909944799136,2.5591422139093707,9.159217150947875,0.09697099999999992,-0.16824986,-0.6492920000000002,-0.21368712504500206,0.08097893809860315,0.9735399814361169,-6.948227797352417,8.449192285822944,15.495669616921472,15.574670748915292,9.533846015126091
05/17/2023 13:14:44.454845,4731,True,True,True,True,Eyes,0.8906347,0.1133581,-1.837152,0.418961,-0.2163002,-0.881865,0.0,0.0,0.0,0.0,0.0,0.0,0.0,0.6999535,-0.700972,-1.864406,1.091115,0.1182631,-1.803549,-0.01180417,0.9809403,-0.1616009,0.1072469,18.33122,166.9576,356.5078,0.3970512,0.05470086,-0.9161641,0.0,0.0,0.0,1.179552,-0.04698792,-2.451248,0.04289648,0.1142666,0.7313619,-0.9767175,-0.05782074,-0.2065904,0.011504,0.9474916,-0.3195735,0.2142207,-0.3145097,-0.9247665,moving,-12.429284437673957,4.798116557728224,3.356716653271154,8.879994063022087,0.08843699999999988,-0.16525102,-0.647699,-0.21451498447091571,0.08169788595915392,0.9732978737947021,-6.962615790713498,8.469086381516297,16.21900971500508,16.305200226048875,10.327510213608832
05/17/2023 13:14:44.464641,4732,True,True,True,True,Eyes,0.8993575,0.1133619,-1.8363,0.4094523,-0.2144779,-0.8867627,0.0,0.0,0.0,0.0,0.0,0.0,0.0,0.7317305,-0.6937485,-1.861692,1.100476,0.1168669,-1.804968,-0.01261037,0.9816799,-0.1607506,0.1015125,18.2432,167.636,356.5353,0.4009352,0.05477894,-0.9144664,0.0,0.0,0.0,1.180226,-0.04468716,-2.451147,0.03776971,0.1123625,0.7269099,-0.9790725,-0.05739508,-0.1952514,0.007877713,0.9480004,-0.3181714,0.2033599,-0.313051,-0.927709,moving,-12.48362586586234,4.81943128576143,2.9743722753910236,8.786983014072632,0.07974999999999999,-0.16155406,-0.6461790000000003,-0.215431878517662,0.08204300524242486,0.9730663351920735,-6.983512196439986,8.48086301880997,15.877464537748347,15.959046752604545,9.962588649835581
05/17/2023 13:14:44.484961,4733,True,True,True,True,Eyes,0.908094,0.1133145,-1.835554,0.3997661,-0.2125037,-0.8916441,0.0,0.0,0.0,0.0,0.0,0.0,0.0,0.7634199,-0.6852545,-1.859293,1.110057,0.1156739,-1.806584,-0.01351969,0.9824321,-0.1595533,0.09585045,18.11401,168.3055,356.5527,0.4047919,0.0548411,-0.912762,0.0,0.0,0.0,1.180916,-0.04233213,-2.451042,0.03825009,0.1084907,0.7256218,-0.9812599,-0.05715086,-0.1840189,0.004022166,0.9487199,-0.3160923,0.1926473,-0.3109089,-0.930711,moving,-12.519833565757056,4.808341887185233,3.0174702364099315,8.503537012323651,0.070859,-0.15800603,-0.6444580000000002,-0.21605031038209205,0.08184321305199452,0.9729459954945275,-7.002360196585584,8.478962824327304,15.891356616043586,15.970669255033723,10.019860567727417
05/17/2023 13:14:44.504864,4734,True,True,True,True,Eyes,0.9168649,0.113231,-1.834918,0.3900269,-0.2104549,-0.8964306,0.0,0.0,0.0,0.0,0.0,0.0,0.0,0.7944961,-0.6754937,-1.857244,1.119699,0.1143804,-1.808331,-0.01426719,0.983205,-0.157956,0.09030265,17.94052,168.9664,356.5903,0.4086207,0.05488609,-0.9110517,0.0,0.0,0.0,1.181605,-0.03998405,-2.450938,0.03800911,0.1064524,0.7239618,-0.9832841,-0.05658283,-0.1730649,0.0004725579,0.9496927,-0.313183,0.1820792,-0.3080295,-0.933791,moving,-12.54305082191726,4.762871705133004,3.0053573999148333,8.364912319920865,0.06190600000000002,-0.15436445,-0.6426069999999999,-0.21645839719564952,0.08106355260239596,0.9729206190624954,-7.0219153025309256,8.462961176980807,15.88290429810324,15.960190939437949,10.027752062530496
05/17/2023 13:14:44.515572,4735,True,True,True,True,Eyes,0.9256668,0.1131203,-1.834395,0.3801203,-0.2082043,-0.901199,0.0,0.0,0.0,0.0,0.0,0.0,0.0,0.8247182,-0.6648419,-1.855666,1.129394,0.1133948,-1.810325,-0.0149151,0.9839904,-0.1559645,0.08494456,17.72214,169.608,356.6387,0.4124218,0.05491352,-0.9093356,0.0,0.0,0.0,1.182279,-0.03768128,-2.450837,0.03587359,0.1030758,0.7212332,-0.9851242,-0.05584931,-0.1625168,-0.002855971,0.9509053,-0.309469,0.1718217,-0.3044012,-0.9369193,moving,-12.537012316864663,4.689851179566898,2.8475017455973686,8.133409949257786,0.05288500000000007,-0.15107608,-0.640512,-0.21637756046567358,0.07982501667308087,0.9730410210528875,-7.033350563432668,8.434424202006538,15.692650965016028,15.765194890593868,9.885436355225908
05/17/2023 13:14:44.534820,4736,True,True,True,True,Eyes,0.9345188,0.1129433,-1.833989,0.3701839,-0.2058946,-0.9058539,0.0,0.0,0.0,0.0,0.0,0.0,0.0,0.8546842,-0.6537515,-1.854098,1.139147,0.1125781,-1.812519,-0.01595591,0.984717,-0.1540156,0.07973102,17.5044,170.2236,356.6347,0.4161952,0.05492349,-0.9076142,0.0,0.0,0.0,1.182987,-0.03526576,-2.45073,0.03263581,0.09717914,0.7192721,-0.9867768,-0.05598376,-0.1521101,-0.006864486,0.9520493,-0.3058679,0.1619399,-0.3007791,-0.9398444,moving,-12.511836493580251,4.611924792050446,2.597921628769427,7.6945033659180915,0.0438400000000001,-0.14784386,-0.6382110000000001,-0.21597261801569645,0.07850874169138775,0.9732379976239427,-7.036920408128245,8.402742071007717,15.35555198561751,15.42099481810366,9.660837600299342
05/17/2023 13:14:44.553310,4737,True,True,True,True,Eyes,0.9434091,0.1127132,-1.8337,0.3601074,-0.2034361,-0.9104594,0.0,0.0,0.0,0.0,0.0,0.0,0.0,0.884329,-0.6424483,-1.852686,1.149297,0.110775,-1.814956,-0.01671518,0.9854,-0.152115,0.07462296,17.29512,170.8304,356.6589,0.4199414,0.05491415,-0.9058875,0.0,0.0,0.0,1.183683,-0.03289284,-2.450625,0.02860674,0.092684,0.716795,-0.9883044,-0.05564482,-0.1419817,-0.01023975,0.9531633,-0.3022829,0.1521522,-0.2972935,-0.9425852,moving,-12.471764842781463,4.558980546038825,2.285417871708816,7.367657300077003,0.03438600000000003,-0.14366784,-0.635669,-0.21530690114924134,0.0776210681724288,0.973456631524801,-7.0287600355773066,8.379711262197711,14.962476975686249,15.022087297626955,9.369000123322719
05/17/2023 13:14:44.564663,4738,True,True,True,True,Eyes,0.9523399,0.112446,-1.83353,0.3500737,-0.2009142,-0.9149218,0.0,0.0,0.0,0.0,0.0,0.0,0.0,0.9101748,-0.6332245,-1.851979,1.15939,0.1092292,-1.817443,-0.01671261,0.9860038,-0.1502278,0.0703479,17.09153,171.3505,356.7557,0.4236606,0.05488454,-0.904156,0.0,0.0,0.0,1.184456,-0.03025432,-2.450508,0.02574793,0.09086642,0.7138919,-0.9895437,-0.05409381,-0.1337052,-0.01182097,0.9543046,-0.2986017,0.143748,-0.293899,-0.9449657,moving,-12.348392325183486,4.5394580980633386,2.0655907960823057,7.253783077390933,0.025066000000000033,-0.13948352,-0.6330650000000002,-0.21321522157231493,0.07732569481271381,0.9739404589194197,-6.975697156587153,8.364100173189613,14.610834367362104,14.667326597357029,9.109209180620933
05/17/2023 13:14:44.585052,4739,True,True,True,True,Eyes,0.9613145,0.1121583,-1.833481,0.3398465,-0.1982127,-0.9193563,0.0,0.0,0.0,0.0,0.0,0.0,0.0,0.9353707,-0.6245076,-1.851246,1.169373,0.1080321,-1.820147,-0.01644589,0.9866017,-0.1482189,0.0661641,16.87531,171.8639,356.8811,0.4273525,0.05483456,-0.9024199,0.0,0.0,0.0,1.185003,-0.02838802,-2.450425,0.02457222,0.09048828,0.7111676,-0.9907038,-0.05206464,-0.1256801,-0.01283755,0.9555213,-0.2946424,0.1354304,-0.2902899,-0.947307,moving,-12.2074769145975,4.525066300846265,1.9788930751687441,7.251295018538382,0.015630000000000033,-0.13642012,-0.6302780000000001,-0.2108225599157198,0.07712200417812173,0.974477279907214,-6.913549454349592,8.349316384880883,14.390793454514933,14.445948099993627,8.959976844932754
05/17/2023 13:14:44.594889,4740,True,True,True,True,Eyes,0.9703207,0.1118384,-1.833563,0.3296523,-0.1953927,-0.9236618,0.0,0.0,0.0,0.0,0.0,0.0,0.0,0.9611558,-0.6143219,-1.850498,1.179246,0.1071614,-1.823033,-0.01603134,0.9872776,-0.1456424,0.06176141,16.59463,172.4077,357.0306,0.4310173,0.05476493,-0.9006794,0.0,0.0,0.0,1.185694,-0.02603078,-2.450321,0.02317181,0.09242566,0.7079676,-0.9918573,-0.04964492,-0.1172816,-0.01366461,0.9570626,-0.2895591,0.126621,-0.2855986,-0.9499478,moving,-12.095651933474935,4.454142676220877,1.8746241184605916,7.4379378887685,0.006448000000000009,-0.13319218,-0.6272880000000003,-0.20893917147386065,0.07594709142059539,0.974975142665898,-6.875817808187498,8.314652941130786,14.231239031461795,14.285364777901382,8.794251713174882
05/17/2023 13:14:44.614690,4741,True,True,True,True,Eyes,0.9793816,0.1114791,-1.83377,0.3191355,-0.192434,-0.9279664,0.0,0.0,0.0,0.0,0.0,0.0,0.0,0.9867233,-0.6035953,-1.849982,1.189097,0.1060115,-1.826251,-0.01537007,0.9879661,-0.1428197,0.05735349,16.2864,172.9556,357.2082,0.4346542,0.05467576,-0.8989354,0.0,0.0,0.0,1.186406,-0.02359967,-2.450214,0.02232316,0.09609102,0.7045393,-0.9929487,-0.04675263,-0.1089363,-0.01398781,0.9587327,-0.283965,0.1177169,-0.2804389,-0.9526262,moving,-11.96863990650992,4.370201995795978,1.8147959908754725,7.766561529379448,-0.002690999999999999,-0.12961117,-0.6239629999999998,-0.2067991567405297,0.0745532813619509,0.9755387579459782,-6.833620891968753,8.273977346550094,14.14158227554367,14.195716368633729,8.663289524827158
05/17/2023 13:14:44.634781,4742,True,True,True,True,Eyes,0.9884704,0.1110897,-1.834105,0.3086337,-0.189379,-0.9321378,0.0,0.0,0.0,0.0,0.0,0.0,0.0,1.014024,-0.5929947,-1.848143,1.198924,0.1045919,-1.829526,-0.0149325,0.9886052,-0.1402743,0.05253584,16.00867,173.545,357.3606,0.4382637,0.05456678,-0.8971878,0.0,0.0,0.0,1.187059,-0.02136981,-2.450115,0.02304569,0.0990794,0.7016656,-0.9940341,-0.04426354,-0.09968511,-0.01478584,0.9602003,-0.2789207,0.1080637,-0.2757827,-0.9551263,moving,-11.890866153440635,4.3122571566830405,1.8811614544747304,8.0373701356016,-0.011865000000000014,-0.12596171,-0.6205889999999998,-0.2054895540121452,0.07358740207035724,0.9758888164406615,-6.809056757097582,8.246547902359955,14.21145892486827,14.266927179280426,8.69273535216902
05/17/2023 13:14:44.653434,4743,True,True,True,True,Eyes,0.9976043,0.1106788,-1.834562,0.2976364,-0.185983,-0.9363882,0.0,0.0,0.0,0.0,0.0,0.0,0.0,1.041279,-0.5818903,-1.846223,1.208766,0.1033999,-1.832918,-0.0146537,0.989225,-0.1376153,0.04776227,15.71576,174.1252,357.4911,0.4418448,0.05443826,-0.8954375,0.0,0.0,0.0,1.187755,-0.01899773,-2.45001,0.02446893,0.1013377,0.6988032,-0.9950082,-0.04213725,-0.09046211,-0.01584597,0.9616946,-0.2736648,0.0985284,-0.2708652,-0.9575618,moving,-11.779515831600499,4.257343948804634,2.0054199282354013,8.25128951052452,-0.021011000000000113,-0.12239763000000001,-0.6170919999999998,-0.20360615243864183,0.0726812746152202,0.9763513358431176,-6.768426352735171,8.218085774471191,14.294845748207882,14.351865908403148,8.7739091088402
05/17/2023 13:14:44.664736,4744,True,True,True,True,Eyes,1.006752,0.1102569,-1.835143,0.2866319,-0.1825162,-0.9404945,0.0,0.0,0.0,0.0,0.0,0.0,0.0,1.069529,-0.5711435,-1.843127,1.218406,0.1023481,-1.836361,-0.01473211,0.9897773,-0.1352659,0.04274433,15.45651,174.7256,357.5782,0.4453974,0.05429087,-0.8936848,0.0,0.0,0.0,1.188446,-0.01663782,-2.449905,0.02513133,0.1031061,0.6958686,-0.9959118,-0.04072673,-0.08062924,-0.01759932,0.9629722,-0.2690257,0.08860024,-0.2665068,-0.9597522,moving,-11.696340766807111,4.228692608542841,2.068341069918444,8.4281336840743,-0.02996000000000021,-0.11898592,-0.6135440000000003,-0.20219545718030296,0.0722145835562897,0.9766790490779148,-6.73566866359279,8.201591582879225,14.33276736415278,14.391030936425064,8.806923907436378
05/17/2023 13:14:44.684687,4745,True,True,True,True,Eyes,1.01592,0.1099081,-1.835888,0.2756063,-0.1789678,-0.9444637,0.0,0.0,0.0,0.0,0.0,0.0,0.0,1.098853,-0.5589219,-1.839495,1.228002,0.1016467,-1.839916,-0.01524706,0.9903268,-0.1327195,0.03749818,15.17261,175.3455,357.6156,0.4489203,0.05412574,-0.8919305,0.0,0.0,0.0,1.189115,-0.01435645,-2.449805,0.02552541,0.1046833,0.6931973,-0.996723,-0.04015262,-0.07022373,-0.02024567,0.9643061,-0.2640148,0.07831805,-0.2617278,-0.961959,moving,-11.636687512801194,4.167872501510579,2.108833652302302,8.587641509141667,-0.038887000000000116,-0.11600315,-0.6098889999999999,-0.2011933063066472,0.07119278881036467,0.9769610160968666,-6.7200164130249815,8.17424189602125,14.379679233390348,14.438618707519236,8.838523220321237
05/17/2023 13:14:44.694504,4746,True,True,True,True,Eyes,1.025125,0.109691,-1.836754,0.2641518,-0.175108,-0.9484519,0.0,0.0,0.0,0.0,0.0,0.0,0.0,1.129396,-0.5460385,-1.836156,1.237729,0.1030025,-1.844607,-0.01661899,0.9908613,-0.1299531,0.0320939,14.86037,175.9705,357.5525,0.4524114,0.05394782,-0.8901757,0.0,0.0,0.0,1.189912,-0.01163616,-2.449684,0.02559076,0.1053947,0.6903457,-0.9973879,-0.04127564,-0.05928184,-0.02459283,0.965672,-0.2585977,0.0679206,-0.2564642,-0.9641647,moving,-11.56592571944266,4.077813417206682,2.1229530145682616,8.680289461372588,-0.047817,-0.11463866,-0.6050769999999999,-0.20000807739870397,0.06967434549208656,0.9773137911010842,-6.704937458180083,8.134895703567999,14.383351680465891,14.44188999859705,8.84472184694879
05/17/2023 13:14:44.714610,4747,True,True,True,True,Eyes,1.034389,0.1094763,-1.837757,0.2523876,-0.1711508,-0.9523696,0.0,0.0,0.0,0.0,0.0,0.0,0.0,1.161218,-0.5334125,-1.830499,1.247367,0.1058333,-1.848393,-0.01881537,0.9913023,-0.1275326,0.02648293,14.58702,176.6054,357.3907,0.4558707,0.05376437,-0.8884203,0.0,0.0,0.0,1.190497,-0.009640636,-2.449596,0.02588119,0.1049792,0.6878102,-0.9978897,-0.04405832,-0.04770603,-0.03054858,0.9667628,-0.2538433,0.05730432,-0.2518502,-0.9660685,moving,-11.49894268076312,4.012734136229503,2.1549312303713872,8.67797702575111,-0.056869999999999976,-0.115473936,-0.6012030000000002,-0.19888049726054055,0.0685802797323459,0.977621217558106,-6.686736141111034,8.10542410099944,14.370977522632662,14.428886443499078,8.860186158291402
05/17/2023 13:14:44.734874,4748,True,True,True,True,Eyes,1.043615,0.1095304,-1.838899,0.2406283,-0.1673346,-0.9560843,0.0,0.0,0.0,0.0,0.0,0.0,0.0,1.188951,-0.5302685,-1.824943,1.257582,0.1055762,-1.852714,-0.01724407,0.9916493,-0.1259862,0.02148708,14.42587,177.2207,357.6557,0.4592983,0.05357575,-0.8866645,0.0,0.0,0.0,1.191187,-0.007286238,-2.449492,0.0263688,0.1044182,0.6852524,-0.9984819,-0.0396143,-0.03827027,-0.028786,0.9676602,-0.2506093,0.04696032,-0.2491272,-0.9673315,moving,-11.393119719596474,4.138564369393842,2.203678382274974,8.664036285256142,-0.06639499999999998,-0.112862438,-0.5967779999999998,-0.19704455499721799,0.07075387954072036,0.9778381091471255,-6.613459159249276,8.14698041338834,14.270868045725367,14.330136589869385,8.832285163013548
05/17/2023 13:14:44.745070,4749,True,True,True,True,Eyes,1.052878,0.1095867,-1.840157,0.2287383,-0.163751,-0.9596168,0.0,0.0,0.0,0.0,0.0,0.0,0.0,1.218493,-0.5297197,-1.816331,1.265995,0.1120812,-1.85717,-0.01922605,0.9917431,-0.1257539,0.0161832,14.40703,177.8146,357.5025,0.4626908,0.05339494,-0.8849099,0.0,0.0,0.0,1.191909,-0.004822055,-2.449383,0.02683301,0.1036423,0.6822832,-0.9987372,-0.04220481,-0.02726365,-0.03406441,0.9676327,-0.2500534,0.03693465,-0.2488088,-0.9678484,moving,-11.297807194325479,4.310489354857178,2.25218254198027,8.63748811049416,-0.07408599999999987,-0.11690325500000001,-0.5922130000000001,-0.1953756471974485,0.07371281212721344,0.9779543857157175,-6.536051063250103,8.206990014552936,14.162942127015011,14.224104192717203,8.79877142052852
05/17/2023 13:14:44.764844,4750,True,True,True,True,Eyes,1.062122,0.1097682,-1.841496,0.2166467,-0.160284,-0.9630022,0.0,0.0,0.0,0.0,0.0,0.0,0.0,1.255997,-0.5297868,-1.802063,1.27627,0.1122089,-1.86123,-0.01979189,0.9917001,-0.1267249,0.008956767,14.5362,178.6515,357.5414,0.4660482,0.05322098,-0.8831568,0.0,0.0,0.0,1.192593,-0.002487014,-2.449279,0.02773215,0.1024534,0.6796204,-0.9990564,-0.04152533,-0.0127486,-0.03698515,0.9670982,-0.2517007,0.0227811,-0.2509916,-0.9677215,moving,-11.427886827160075,4.643752586185292,2.3366781399627805,8.57283871856454,-0.083677,-0.114695914,-0.5880490000000003,-0.19750943628484613,0.07936523389645514,0.9770829917201169,-6.531113992508585,8.343952278462858,14.248154997413764,14.314362248098961,8.870745532771384
05/17/2023 13:14:44.784864,4751,True,True,True,True,Eyes,1.07137,0.1099552,-1.842953,0.2040842,-0.1570169,-0.9662791,0.0,0.0,0.0,0.0,0.0,0.0,0.0,1.279862,-0.5350767,-1.793498,1.285004,0.1153523,-1.864522,-0.01836595,0.9917635,-0.1266733,0.004660058,14.54195,179.1774,357.7732,0.4693696,0.05305887,-0.8814059,0.0,0.0,0.0,1.193263,-0.0002007198,-2.449178,0.02840941,0.1020195,0.6763883,-0.9992821,-0.03760998,-0.004590399,-0.03524876,0.9672331,-0.2514311,0.0138963,-0.2510887,-0.9678646,moving,-11.202750426092225,4.905041263059579,2.405102392257601,8.577256781891235,-0.09174100000000007,-0.1155530198,-0.5846559999999998,-0.19359664955238526,0.08388694294065784,0.977488253002675,-6.376467263724034,8.429891149974106,14.02500890959032,14.094638169978658,8.782806057993524
05/17/2023 13:14:44.794888,4752,True,True,True,True,Eyes,1.302116,0.1148995,-1.881387,-0.1186759,-0.06655929,-0.9906996,0.0,0.0,0.0,0.0,0.0,0.0,0.0,1.312283,-0.5290566,-1.782692,1.29388,0.1156016,-1.868819,-0.0195396,0.9918053,-0.1262464,-0.001548873,14.50617,179.8898,357.7287,0.4726539,0.05290742,-0.8796583,0.0,0.0,0.0,1.193955,0.002159782,-2.449074,0.02974293,0.1015981,0.6733395,-0.9992319,-0.03836788,0.00800597,-0.03915003,0.96736,-0.2503633,0.001861249,-0.2504843,-0.9681191,moving,6.61912915637874,10.924326355396357,2.529240132134837,8.580455751339468,-0.09992499999999982,-0.113441818,-0.580255,0.11320693943200194,0.18829402940109133,0.975566170550524,3.009979346500046,9.581371330043826,4.631589890062133,4.713907258229923,1.1103792991233035
05/17/2023 13:14:44.814495,4753,True,True,True,True,Eyes,1.302479,0.1149885,-1.881558,-0.1194852,-0.06654827,-0.9906031,0.0,0.0,0.0,0.0,0.0,0.0,0.0,1.339948,-0.5173593,-1.775636,1.302747,0.1160266,-1.872268,-0.02101108,0.991994,-0.1243578,-0.006467935,14.29984,180.4498,357.6297,0.4854102,0.05261492,-0.8727016,0.6922385,0.01483291,-0.1152992,1.194621,0.004432112,-2.448973,0.03086507,0.1020187,0.6699787,-0.9990337,-0.04007704,0.01805808,-0.04329439,0.9681873,-0.2464526,-0.007606519,-0.2469962,-0.9689869,moving,6.083357298605458,10.712990693876938,2.6376790296419794,8.658009693393774,-0.10812600000000017,-0.11159448799999999,-0.576705,0.10414836953247165,0.18487847917767491,0.9772271752511392,2.7218828106155692,9.535046667980483,3.944352500718631,4.011937891537447,0.8810698789099848
05/17/2023 13:14:44.834823,4754,True,True,True,True,Eyes,1.30322,0.1151644,-1.881884,-0.1207315,-0.06648064,-0.9904566,0.0,0.0,0.0,0.0,0.0,0.0,0.0,1.37163,-0.4995472,-1.76775,1.311683,0.118195,-1.876533,-0.02563115,0.9920425,-0.1226837,-0.01197396,14.12444,181.0321,357.1678,0.4960268,0.05235865,-0.8667269,0.6507041,0.01394293,-0.1083813,1.195304,0.006763433,-2.44887,0.03218468,0.1032407,0.6664456,-0.9983994,-0.04791636,0.03004641,-0.05379239,0.9685835,-0.242801,-0.01746832,-0.2440287,-0.9696107,moving,5.4841655150671675,10.567732122556274,2.7648389599069962,8.805832626545293,-0.11637900000000001,-0.111431567,-0.5723369999999999,0.09396410014466691,0.1825863280461657,0.9786894439837596,2.4174215433803896,9.518344579247248,3.187564078348842,3.2402201696247483,0.7926992771847188
05/17/2023 13:14:44.853380,4755,True,True,True,True,Eyes,1.304311,0.1153442,-1.882334,-0.1223996,-0.06646381,-0.990253,0.0,0.0,0.0,0.0,0.0,0.0,0.0,1.404472,-0.4828681,-1.75842,1.3216,0.1204389,-1.880587,-0.03004477,0.992004,-0.1213066,-0.01760998,13.98875,181.6328,356.7308,0.5048944,0.05213891,-0.8616048,0.6116619,0.01310635,-0.1018784,1.196023,0.009217582,-2.448761,0.03308274,0.1053782,0.6626432,-0.9975746,-0.05533666,0.0422276,-0.06388149,0.9687641,-0.2396151,-0.02764908,-0.2417314,-0.9699494,moving,4.897306990367882,10.448476867441373,2.8581427411361187,9.035914796135396,-0.12557700000000005,-0.111221318,-0.5681740000000002,0.08396458669433415,0.18071087249330603,0.9799457295548736,2.1237082087520838,9.51085534301615,2.4415846622956257,2.480629444442917,0.8746214069124685
05/17/2023 13:14:44.865034,4756,True,True,True,True,Eyes,1.305724,0.1155481,-1.882899,-0.1241622,-0.06632424,-0.9900429,0.0,0.0,0.0,0.0,0.0,0.0,0.0,1.429369,-0.4761948,-1.751565,1.331747,0.1207377,-1.884067,-0.03075119,0.992021,-0.1203445,-0.02158819,13.89223,182.0916,356.7038,0.512333,0.05195183,-0.8572139,0.5749622,0.01231997,-0.09576569,1.196672,0.01143226,-2.448663,0.03382127,0.1075375,0.6586941,-0.9971767,-0.05581561,0.05023335,-0.06620769,0.9691431,-0.2374409,-0.03543041,-0.2400963,-0.9701024,moving,4.534394922254741,10.344326952449101,2.9393245832609383,9.272229503371564,-0.13507500000000006,-0.10930544,-0.5645959999999999,0.07778040864424025,0.17901937005446888,0.980766217677415,1.9361565113995285,9.494507213963722,1.891616561362486,1.9218850971523678,1.0274986914970887
05/17/2023 13:14:44.884959,4757,True,True,True,True,Eyes,1.307393,0.115807,-1.883601,-0.1263281,-0.06618841,-0.9897779,0.0,0.0,0.0,0.0,0.0,0.0,0.0,1.4454,-0.4740762,-1.749608,1.340914,0.1214905,-1.887392,-0.02967582,0.9921787,-0.1189206,-0.02364459,13.73221,182.3517,356.8568,0.5186039,0.05179438,-0.8534442,0.5404645,0.01158078,-0.09001976,1.197353,0.01375451,-2.448561,0.0344514,0.1093357,0.6551396,-0.9971209,-0.05326377,0.05397743,-0.06451108,0.9699545,-0.2345776,-0.03986117,-0.2373843,-0.9705979,moving,4.431784092884678,10.174180937448028,3.01020320234121,9.474725361122882,-0.14356100000000005,-0.10773599,-0.5611690000000003,0.0760641235404185,0.17612947302611476,0.9814237839169779,1.8557309154819936,9.435661627593213,1.558233454329655,1.5843390835331626,1.155132995114946
05/17/2023 13:14:44.894825,4758,True,True,True,True,Eyes,1.309351,0.1161136,-1.884427,-0.1286643,-0.06596179,-0.9894921,0.0,0.0,0.0,0.0,0.0,0.0,0.0,1.464353,-0.4677004,-1.746826,1.349662,0.1230945,-1.89149,-0.02963314,0.9923473,-0.1169104,-0.02646991,13.50912,182.6884,356.8976,0.5239193,0.05166501,-0.8501994,0.5080366,0.01088593,-0.08461857,1.198058,0.01616246,-2.448454,0.03468157,0.1105854,0.6514077,-0.9968424,-0.05262353,0.05946353,-0.06500196,0.9709077,-0.2304626,-0.04560584,-0.2336002,-0.9712626,moving,4.243649072487771,9.951897281587454,3.04760478458605,9.634887690012931,-0.15160399999999985,-0.10693203999999999,-0.556964,0.07289048042890031,0.17236161380114495,0.9823332060699227,1.7257337147164837,9.36232923053418,1.2171661265209124,1.2373427252675713,1.3496781983834305
05/17/2023 13:14:44.914774,4759,True,True,True,True,Eyes,1.311563,0.1163968,-1.885359,-0.1315225,-0.06593113,-0.9891183,0.0,0.0,0.0,0.0,0.0,0.0,0.0,1.485034,-0.4629015,-1.741834,1.35863,0.1245242,-1.895312,-0.0298027,0.9924018,-0.1156278,-0.02967606,13.37169,183.0644,356.919,0.5285885,0.05155916,-0.8473107,0.4775544,0.01023277,-0.07954145,1.198724,0.01843479,-2.448354,0.03507897,0.1121672,0.6476687,-0.9964623,-0.05228976,0.06579319,-0.06601526,0.971484,-0.2277296,-0.05200911,-0.2312673,-0.9714991,moving,4.039922736579234,9.804907517584637,3.100219371463506,9.825372575195248,-0.1599060000000001,-0.10608941,-0.553042,0.06942747929437454,0.1698829900321116,0.9830156092966149,1.6032114069417087,9.319036145710246,0.9264957579748002,0.939926184863912,1.5803194062167667
05/17/2023 13:14:44.934790,4760,True,True,True,True,Eyes,1.313993,0.1167312,-1.886389,-0.1345234,-0.065957,-0.9887129,0.0,0.0,0.0,0.0,0.0,0.0,0.0,1.504282,-0.4695978,-1.734318,1.36753,0.1242905,-1.898857,-0.02764131,0.9923029,-0.1161601,-0.03283168,13.4353,183.4621,357.2167,0.5328244,0.05147053,-0.8446589,0.4489011,0.009618807,-0.07476897,1.19941,0.02077477,-2.44825,0.03582405,0.1131523,0.6439239,-0.9963162,-0.04722964,0.07157958,-0.06248457,0.9714856,-0.2287171,-0.0587363,-0.2323471,-0.970858,moving,3.862205477147347,9.836746711437097,3.18430971977934,9.966439700080898,-0.16811999999999983,-0.10351573,-0.5493929999999998,0.0663713122831252,0.1704647559854537,0.9831259764117745,1.5274985148248672,9.342956387142285,0.6816460604368352,0.6901905020796103,1.7702414553883885
05/17/2023 13:14:44.953730,4761,True,True,True,True,Eyes,1.316643,0.1170991,-1.887506,-0.1377923,-0.06605107,-0.9882563,0.0,0.0,0.0,0.0,0.0,0.0,0.0,1.523309,-0.4795469,-1.724922,1.375265,0.1258616,-1.902261,-0.02558038,0.9921198,-0.1171832,-0.03622408,13.55465,183.8859,357.5081,0.5366764,0.05139937,-0.842221,0.4219671,0.009041678,-0.07028283,1.200149,0.02329802,-2.448138,0.03677678,0.1139145,0.6401507,-0.9960672,-0.04226789,0.07787243,-0.0592473,0.9712275,-0.2306662,-0.06588206,-0.2343727,-0.969912,moving,3.6716376215223474,9.922376201163821,3.2880392383480155,10.090135492056376,-0.17511600000000005,-0.10256357999999999,-0.5458770000000002,0.06308427703331268,0.17197059404840742,0.9830800908628692,1.4563365915376307,9.388449080777795,0.4148696407583735,0.41867756000857553,1.9615041182993176
05/17/2023 13:14:44.969447,4762,True,True,True,True,Eyes,1.319494,0.1174816,-1.888718,-0.1419687,-0.066258,-0.9876512,0.0,0.0,0.0,0.0,0.0,0.0,0.0,1.548873,-0.4839818,-1.710907,1.383265,0.1270469,-1.905488,-0.02495645,0.9918295,-0.1181271,-0.04120287,13.67301,184.4764,357.6542,0.5401893,0.05134514,-0.8399754,0.3966491,0.008499177,-0.06606586,1.200807,0.02554117,-2.448039,0.03819551,0.1136081,0.6364992,-0.9953591,-0.03977072,0.08762848,-0.05923942,0.9708464,-0.2322673,-0.07583635,-0.2363804,-0.9686967,moving,3.34122376839381,10.00704855012585,3.4341288822748823,10.120094228740388,-0.182458,-0.10150572999999999,-0.542551,0.05739857213038321,0.1734828528418895,0.9831628709895235,1.3205311415403127,9.44274018423589,0.14454678416190025,0.14632390658630082,2.2194828026467968
05/17/2023 13:14:44.985008,4763,True,True,True,True,Eyes,1.322526,0.1178741,-1.890007,-0.1470505,-0.06652363,-0.9868895,0.0,0.0,0.0,0.0,0.0,0.0,0.0,1.575659,-0.4843276,-1.696735,1.391201,0.127793,-1.909035,-0.02451385,0.9915923,-0.1182178,-0.04656482,13.69366,185.1108,357.7817,0.5434026,0.05130645,-0.8379027,0.3728501,0.007989227,-0.06210191,1.201474,0.02781752,-2.447938,0.03989645,0.1132304,0.6327832,-0.9944618,-0.03760592,0.09814259,-0.05962507,0.9708472,-0.2321647,-0.0865507,-0.2367307,-0.9677126,moving,3.019681358291657,9.9936067968598,3.6076754906301263,10.145150636542192,-0.18972699999999998,-0.09997547999999999,-0.5389030000000001,0.051881866428123466,0.17330458413757863,0.9835008495988766,1.1697099732178708,9.458637876926039,0.5969580556292255,0.6072088891066666,2.53278021810164
05/17/2023 13:14:44.994555,4764,True,True,True,True,Eyes,1.325752,0.1182591,-1.891369,-0.1523445,-0.06672121,-0.9860727,0.0,0.0,0.0,0.0,0.0,0.0,0.0,1.602779,-0.4820065,-1.682375,1.399332,0.1284738,-1.912323,-0.02419857,0.9913902,-0.1177111,-0.05199937,13.64538,185.7527,357.8924,0.5463507,0.05128191,-0.8359848,0.3504791,0.007509873,-0.0583758,1.202201,0.03029717,-2.447829,0.04205,0.1140563,0.6285111,-0.993421,-0.03573864,0.1088002,-0.06022224,0.9711171,-0.2308786,-0.09740645,-0.2359118,-0.9668804,moving,2.7021988414340874,9.917466830301015,3.827621123491478,10.28556879615845,-0.19713099999999995,-0.09817663,-0.535506,0.046441823803065864,0.17204356485600825,0.9839939557857483,1.0085515242573937,9.45010637915566,1.1639563626853302,1.1840922135625138,2.9402637391142257
05/17/2023 13:14:45.014450,4765,True,True,True,True,Eyes,1.329153,0.1186371,-1.89281,-0.1584956,-0.06693688,-0.9850882,0.0,0.0,0.0,0.0,0.0,0.0,0.0,1.628964,-0.4808395,-1.667752,1.407305,0.1286622,-1.915481,-0.02330974,0.9911806,-0.1171696,-0.05734968,13.58845,186.3927,358.068,0.549065,0.05126948,-0.8342053,0.3294504,0.007059281,-0.05487325,1.202882,0.03262226,-2.447726,0.04537942,0.1145831,0.6243621,-0.9923354,-0.03276905,0.1191502,-0.0596476,0.9714559,-0.2295989,-0.1082254,-0.2349461,-0.9659646,moving,2.4488340230965138,9.831670224541941,4.1570194443127,10.399219758506375,-0.20442300000000002,-0.09603994,-0.5322449999999999,0.04210082316306768,0.17060277474828164,0.9844401337003248,0.8750655671091723,9.433650255085443,1.7692429574660113,1.8000027518753317,3.4210445361070376
05/17/2023 13:14:45.034686,4766,True,True,True,True,Eyes,1.33273,0.1190099,-1.894306,-0.164846,-0.06709491,-0.9840347,0.0,0.0,0.0,0.0,0.0,0.0,0.0,1.656853,-0.4785501,-1.65144,1.415145,0.1288967,-1.918899,-0.0230909,0.9908641,-0.116906,-0.06315179,13.5676,187.0762,358.1729,0.5515733,0.05126731,-0.8325492,0.3096834,0.006635724,-0.05158085,1.203529,0.03483012,-2.447628,0.0488349,0.114498,0.6202926,-0.9909574,-0.03099425,0.1305486,-0.06052555,0.9715996,-0.2287595,-0.1197508,-0.2345925,-0.9646898,moving,2.1500096593383433,9.788484777647406,4.501543495583429,10.458340821243105,-0.21161600000000003,-0.09406658000000001,-0.528729,0.03697054393198815,0.1698952413747409,0.9847685044250705,0.7289238239130853,9.436595897013602,2.403233159853769,2.445080469462552,3.9085319337652606
05/17/2023 13:14:45.053259,4767,True,True,True,True,Eyes,1.336468,0.1193638,-1.895859,-0.1718213,-0.0672131,-0.9828326,0.0,0.0,0.0,0.0,0.0,0.0,0.0,1.684546,-0.4732117,-1.63503,1.423067,0.1291301,-1.921758,-0.02334334,0.9905578,-0.1162214,-0.06886817,13.50105,187.7432,358.218,0.5539003,0.05127386,-0.8310024,0.2911023,0.00623758,-0.048486,1.204231,0.03722457,-2.447522,0.05193223,0.1135513,0.61637,-0.9894245,-0.03023794,0.1418618,-0.06225375,0.9718954,-0.2270328,-0.1310098,-0.2334632,-0.9634995,moving,1.8958771395684209,9.706275900651255,4.816078848382426,10.438325669982873,-0.21883600000000003,-0.09190553,-0.5257640000000001,0.0326101823299559,0.16850768534495583,0.9851608069529323,0.5957826212222992,9.421572760549541,2.959617628773908,3.0105605599188183,4.3410467313567525
05/17/2023 13:14:45.065038,4768,True,True,True,True,Eyes,1.34038,0.119703,-1.897471,-0.1789742,-0.06723443,-0.9815537,0.0,0.0,0.0,0.0,0.0,0.0,0.0,1.712757,-0.4650363,-1.618751,1.431255,0.1290701,-1.924837,-0.02415697,0.990228,-0.1153162,-0.07461344,13.41387,188.4059,358.1953,0.5560682,0.05128718,-0.8295525,0.2736362,0.005863326,-0.04557684,1.20488,0.03943938,-2.447424,0.05510933,0.1123457,0.6122728,-0.9876987,-0.03063355,0.15334,-0.0650501,0.9722373,-0.2247737,-0.1421973,-0.2319835,-0.9622702,moving,1.6459690281091273,9.6116362654546,5.14320808471173,10.397520647242725,-0.226375,-0.08963072,-0.5225869999999999,0.0283207339608936,0.16690200855189902,0.9855666159098597,0.4621680051740924,9.401482054719406,3.5247156014929666,3.5844518800738787,4.785836301424608
05/17/2023 13:14:45.084934,4769,True,True,True,True,Eyes,1.34447,0.120024,-1.899136,-0.1866815,-0.0671108,-0.9801256,0.0,0.0,0.0,0.0,0.0,0.0,0.0,1.741111,-0.4554293,-1.602075,1.439439,0.1290341,-1.927925,-0.02487378,0.9899099,-0.1139417,-0.08047894,13.2728,189.084,358.1803,0.5580966,0.05130564,-0.8281881,0.257218,0.005511526,-0.04284223,1.205563,0.04177086,-2.447321,0.05776616,0.1118968,0.6081147,-0.985809,-0.03090581,0.1650021,-0.06758543,0.9727972,-0.2215804,-0.1536655,-0.2295877,-0.9610811,moving,1.4165170338092998,9.471519634117861,5.4263702228874955,10.42614528127637,-0.23387599999999997,-0.08726324000000002,-0.519396,0.024383569967630483,0.164508402456472,0.9860742673506409,0.3291266801609942,9.36252416908097,4.0536475592631565,4.121920999263981,5.2070319380790036
05/17/2023 13:14:45.094837,4770,True,True,True,True,Eyes,1.348722,0.1203365,-1.900859,-0.1945742,-0.06682124,-0.9786091,0.0,0.0,0.0,0.0,0.0,0.0,0.0,1.768813,-0.4467817,-1.585222,1.447837,0.1288973,-1.930906,-0.02475606,0.9896318,-0.1121177,-0.08628714,13.07244,189.7663,358.2557,0.5600038,0.05132763,-0.8268983,0.2417849,0.005180834,-0.0402717,1.206267,0.04417459,-2.447215,0.06055211,0.1111941,0.6040223,-0.9838833,-0.02965014,0.1763362,-0.06834739,0.9736335,-0.2176382,-0.1652339,-0.2261827,-0.9599683,moving,1.2108525669637247,9.279870671417935,5.724669203418835,10.430762693768187,-0.24157000000000006,-0.08472270999999999,-0.5163089999999999,0.020855347964890622,0.16122203054494738,0.9866977649472075,0.19701505382711337,9.302147075500283,4.5819589165029315,4.658228533965286,5.641695987138693
05/17/2023 13:14:45.114664,4771,True,True,True,True,Eyes,1.353118,0.1206271,-1.902633,-0.203024,-0.06638483,-0.9769208,0.0,0.0,0.0,0.0,0.0,0.0,0.0,1.798073,-0.4383677,-1.565968,1.456086,0.1289621,-1.934082,-0.02431208,0.9892921,-0.1100578,-0.09272209,12.84223,190.5257,358.3723,0.5618052,0.05135212,-0.8256739,0.2272778,0.004869984,-0.0378554,1.206955,0.04652276,-2.447111,0.06292193,0.1107505,0.6000311,-0.9816231,-0.02769392,0.1888099,-0.0685131,0.9745924,-0.2132501,-0.178107,-0.2222672,-0.9585798,moving,0.9677758747988483,9.065414774429216,5.986410968100846,10.457649284487,-0.249131,-0.08243934,-0.513029,0.01667915855659055,0.15754008706827471,0.9873716961403811,0.043218613764780756,9.235432965610578,5.123934593764267,5.208168116595142,6.067565252287485
05/17/2023 13:14:45.134828,4772,True,True,True,True,Eyes,1.357675,0.1208899,-1.904453,-0.2116907,-0.06586992,-0.9751145,0.0,0.0,0.0,0.0,0.0,0.0,0.0,1.828202,-0.432425,-1.54442,1.464539,0.128729,-1.937293,-0.02351049,0.9888272,-0.1084859,-0.09949327,12.66357,191.3289,358.5371,0.5635145,0.05137767,-0.8245067,0.2136412,0.004577785,-0.03558407,1.207625,0.04880634,-2.44701,0.06506425,0.1097399,0.5962328,-0.9790967,-0.02490838,0.2018644,-0.06808285,0.9753561,-0.2098694,-0.1916622,-0.2192259,-0.9566637,moving,0.6997541843298303,8.906575429955373,6.227792180011505,10.428881849757293,-0.2569140000000001,-0.07992266,-0.5097170000000002,0.012065473360807391,0.15481250345742537,0.9878702344252362,-0.11124574457618408,9.191787943229123,5.642693289891472,5.733813819568125,6.458622387392697
05/17/2023 13:14:45.145336,4773,True,True,True,True,Eyes,1.362399,0.1211311,-1.906319,-0.2205749,-0.06531419,-0.9731808,0.0,0.0,0.0,0.0,0.0,0.0,0.0,1.859874,-0.4286034,-1.519334,1.473088,0.1282933,-1.940299,-0.02262231,0.9881814,-0.1075722,-0.1068368,12.55844,192.2007,358.7247,0.5651443,0.05140269,-0.8233888,0.2008227,0.004303118,-0.03344903,1.208302,0.05111734,-2.446907,0.06719762,0.1063732,0.5920249,-0.9761484,-0.02172455,0.2160154,-0.06769522,0.9758329,-0.2077678,-0.2062812,-0.2174354,-0.9540283,moving,0.37751008106534606,8.823728216653787,6.475627067593731,10.18604153639576,-0.26478599999999997,-0.07717596,-0.506608,0.006510771643054386,0.15339183998461606,0.9881440445060385,-0.27590491120088134,9.180983696910639,6.153386923064631,6.248434072832362,6.8259303630638355
05/17/2023 13:14:45.167343,4774,True,True,True,True,Eyes,1.367291,0.1213612,-1.908223,-0.229771,-0.06445878,-0.9711078,0.0,0.0,0.0,0.0,0.0,0.0,0.0,1.891894,-0.4276868,-1.492254,1.481917,0.127993,-1.943332,-0.02147076,0.9874036,-0.1072181,-0.1143566,12.5121,193.0976,358.9507,0.5667061,0.05142602,-0.8223132,0.1887733,0.004044931,-0.03144209,1.209,0.05350067,-2.446802,0.06913946,0.102481,0.5890857,-0.9729232,-0.01787842,0.2304364,-0.06692281,0.9760866,-0.2068244,-0.2212282,-0.2166457,-0.9508536,moving,0.05354085148647778,8.818704995149663,6.694032061827979,9.868763081093364,-0.27291699999999985,-0.07449233,-0.5034699999999999,0.0009234171447702472,0.1533083839664246,0.9881779661008981,-0.42620538767081095,9.200284863755748,6.626305041265432,6.723001227017476,7.151548396277544
05/17/2023 13:14:45.185055,4775,True,True,True,True,Eyes,1.372397,0.1215773,-1.910182,-0.2392998,-0.06329673,-0.9688804,0.0,0.0,0.0,0.0,0.0,0.0,0.0,1.923473,-0.4253606,-1.464726,1.490684,0.1279197,-1.946176,-0.0207094,0.9865761,-0.1067616,-0.1218215,12.45675,193.9833,359.1285,0.568211,0.05144709,-0.8212729,0.1774469,0.003802235,-0.02955556,1.209715,0.05593826,-2.446694,0.07249281,0.1022022,0.5846938,-0.9694611,-0.01485108,0.2447944,-0.06687452,0.9763461,-0.2056112,-0.2359505,-0.2157025,-0.9475228,moving,-0.24610790503666158,8.82503402362447,7.067705187657891,9.91491003998514,-0.2809689999999998,-0.07198144000000001,-0.500518,-0.0042445300839828864,0.1534162301387639,0.9881525915096662,-0.563085685913449,9.22236676400746,7.287945287618395,7.394571771638197,7.662152800961461
05/17/2023 13:14:45.194965,4776,True,True,True,True,Eyes,1.377652,0.121772,-1.912174,-0.2490017,-0.06209325,-0.9665105,0.0,0.0,0.0,0.0,0.0,0.0,0.0,1.954521,-0.4229544,-1.437088,1.499626,0.1277056,-1.949122,-0.01962403,0.9857411,-0.105966,-0.1292307,12.35582,194.866,359.3372,0.5696681,0.05146515,-0.8202617,0.1668001,0.003574101,-0.02778223,1.2104,0.05827531,-2.446591,0.07386587,0.09721621,0.5818041,-0.9658286,-0.01130031,0.2589349,-0.06607654,0.9767722,-0.203838,-0.250617,-0.2139821,-0.9441413,moving,-0.5257830051649373,8.790390808623037,7.235563664746108,9.486165794464405,-0.289226,-0.06943029,-0.49746900000000016,-0.00906873743035809,0.15281380942159056,0.9882133689442699,-0.6987379047085547,9.227349182526266,7.688649039747804,7.792471043350872,7.938521741084158
05/17/2023 13:14:45.214765,4777,True,True,True,True,Eyes,1.383102,0.1219309,-1.914211,-0.2589358,-0.06072897,-0.9639835,0.0,0.0,0.0,0.0,0.0,0.0,0.0,1.985607,-0.419714,-1.408364,1.508617,0.1273611,-1.951958,-0.01879874,0.9848236,-0.1052289,-0.136733,12.26331,195.7569,359.5162,0.5710862,0.05147935,-0.8192741,0.1567921,0.003359655,-0.02611529,1.211088,0.06062473,-2.446487,0.07472369,0.09983329,0.5778278,-0.9619015,-0.008250348,0.2732722,-0.06580342,0.977147,-0.202123,-0.2653595,-0.2124047,-0.9404621,moving,-0.8034380155646541,8.775057850615429,7.368497540451676,9.802416558344909,-0.29752900000000015,-0.06673637,-0.4945289999999998,-0.013858079274288462,0.15254096981797755,0.9881999548456624,-0.8296989551098359,9.239641093775028,8.12104279694375,8.236261084134687,8.217490006282873
05/17/2023 13:14:45.234659,4778,True,True,True,True,Eyes,1.388704,0.1220754,-1.916276,-0.2690647,-0.05943553,-0.9612864,0.0,0.0,0.0,0.0,0.0,0.0,0.0,2.017327,-0.4180267,-1.377281,1.517861,0.1266071,-1.954821,-0.01815281,0.983721,-0.1052936,-0.144488,12.26332,196.6783,359.69,0.5724729,0.05148825,-0.8183051,0.1473846,0.003158076,-0.02454838,1.211748,0.06287812,-2.446387,0.077848,0.09812625,0.5753236,-0.9575875,-0.005287279,0.2880945,-0.06614195,0.9771674,-0.2019134,-0.280449,-0.2124049,-0.936073,moving,-1.1002966802490888,8.849654529639198,7.705985077776923,9.679135556669792,-0.30611299999999986,-0.06372898,-0.49156600000000017,-0.01897410272113051,0.15381451191161327,0.9879175153770436,-0.9520002336293452,9.287849536345554,8.724098936284156,8.845260718370342,8.666822624366318
05/17/2023 13:14:45.244908,4779,True,True,True,True,Eyes,1.39449,0.1222211,-1.918362,-0.2793625,-0.05800023,-0.9584324,0.0,0.0,0.0,0.0,0.0,0.0,0.0,2.049838,-0.4159524,-1.343826,1.527266,0.1264125,-1.9576,-0.01804401,0.9824606,-0.105714,-0.152546,12.31139,197.6313,359.8122,0.5738348,0.05149157,-0.8173506,0.1385415,0.002968591,-0.02307547,1.212458,0.06529979,-2.44628,0.07866575,0.09910256,0.5714988,-0.9528083,-0.003202567,0.3035558,-0.06770754,0.9769979,-0.2022145,-0.2959259,-0.2132247,-0.9311085,moving,-1.4255457941248386,8.98088630838522,7.837406957155655,9.83772656552228,-0.314808,-0.061112710000000015,-0.4886799999999998,-0.024573096020872293,0.15605783621064873,0.9874422581423491,-1.0763591605666598,9.35974545942655,9.171544947189707,9.302497992405351,8.92657226146962
05/17/2023 13:14:45.264898,4780,True,True,True,True,Eyes,1.400446,0.1223575,-1.920468,-0.2898249,-0.056565,-0.9554067,0.0,0.0,0.0,0.0,0.0,0.0,0.0,2.080875,-0.4100617,-1.312127,1.536917,0.1265311,-1.960037,-0.01838824,0.9812878,-0.1053584,-0.1601118,12.27841,198.5192,359.8622,0.5751789,0.05148963,-0.8164053,0.130229,0.002790475,-0.02169094,1.213151,0.06766393,-2.446175,0.08108439,0.09849572,0.5687349,-0.9480522,-0.002350082,0.3181062,-0.06982654,0.977123,-0.2008854,-0.3103568,-0.2126621,-0.9265276,moving,-1.683743167204647,9.030483590990679,8.113964387705867,9.825250803122184,-0.323766,-0.05886717000000001,-0.4861380000000002,-0.029018743061710345,0.156893833401509,0.987189076054632,-1.1857087232083257,9.395785117625564,9.69185482699541,9.82988953412142,9.309584348663453
05/17/2023 13:14:45.284791,4781,True,True,True,True,Eyes,1.406605,0.1224794,-1.922599,-0.3003943,-0.05493842,-0.9522316,0.0,0.0,0.0,0.0,0.0,0.0,0.0,2.113172,-0.3976312,-1.279814,1.547082,0.1264294,-1.962672,-0.01971238,0.9800771,-0.1042259,-0.1679209,12.17621,199.4219,359.7869,0.57651,0.05148233,-0.8154663,0.1224153,0.002623047,-0.02038949,1.213811,0.06991782,-2.446075,0.08291609,0.09678984,0.5657251,-0.942828,-0.003635915,0.3332598,-0.07364269,0.9774967,-0.1976785,-0.3250417,-0.2109189,-0.9218792,moving,-1.9681951152988226,9.018055053371032,8.338247663907854,9.708725956986711,-0.3332710000000001,-0.05651157999999999,-0.483403,-0.03392068549047303,0.15665549384166982,0.9870706301213836,-1.319237039371268,9.409641911122552,10.187660990561568,10.329558996305833,9.662114782000922
05/17/2023 13:14:45.295007,4782,True,True,True,True,Eyes,1.412955,0.1225604,-1.924744,-0.3109362,-0.05326209,-0.9489372,0.0,0.0,0.0,0.0,0.0,0.0,0.0,2.142653,-0.3861106,-1.251335,1.558004,0.1261366,-1.965349,-0.02042081,0.9790474,-0.1026204,-0.1746951,12.00958,200.2086,359.758,0.577834,0.05146934,-0.8145294,0.1150704,0.002465664,-0.01916612,1.214525,0.0723519,-2.445968,0.0856017,0.0957288,0.5629748,-0.9381291,-0.004131341,0.3462606,-0.07584041,0.9781041,-0.1938055,-0.3378783,-0.2080752,-0.9179013,moving,-2.1268551178881046,8.945770200777378,8.645740093289227,9.650328645836684,-0.34347899999999987,-0.05378469999999999,-0.48061900000000013,-0.03666127720958573,0.1553950231986331,0.9871718785317511,-1.406441104550142,9.392184882260056,10.649404735453302,10.795610690756924,10.05549526561814
05/17/2023 13:14:45.314891,4783,True,True,True,True,Eyes,1.419487,0.1226049,-1.926902,-0.321421,-0.05138626,-0.9455411,0.0,0.0,0.0,0.0,0.0,0.0,0.0,2.16829,-0.3780974,-1.227012,1.569027,0.1252131,-1.96786,-0.02036777,0.9781801,-0.101252,-0.1802689,11.8546,200.8635,359.8044,0.5791561,0.05144927,-0.8135912,0.1081661,0.002317724,-0.01801615,1.215211,0.07469293,-2.445864,0.09055634,0.09648518,0.5601845,-0.9341767,-0.003341502,0.3567955,-0.07635187,0.9786664,-0.1907421,-0.3485464,-0.2054288,-0.9145024,moving,-2.1421308691839025,8.900038612083309,9.182682133515623,9.772637436584471,-0.3538159999999999,-0.05052016999999999,-0.4780039999999999,-0.0369290979846387,0.1546055202176171,0.9872858520141361,-1.4223867506877266,9.375561905407434,11.201822483849167,11.358380969778793,10.612499941868439
05/17/2023 13:14:45.335209,4784,True,True,True,True,Eyes,1.426197,0.1226206,-1.92905,-0.3318678,-0.0494848,-0.9420271,0.0,0.0,0.0,0.0,0.0,0.0,0.0,2.193041,-0.3713852,-1.202675,1.580209,0.1243849,-1.970088,-0.02001492,0.9773216,-0.0998877,-0.1856459,11.6935,201.4986,359.881,0.5804805,0.05142109,-0.8126487,0.1016762,0.002178661,-0.01693518,1.215895,0.07702859,-2.445761,0.0968872,0.09591985,0.5574895,-0.9302701,-0.002034542,0.36687,-0.07620952,0.9792436,-0.1878134,-0.3588731,-0.2026762,-0.9111162,moving,-2.1328508605595156,8.85087210428898,9.859073614907308,9.762541187559373,-0.364314,-0.04735631000000001,-0.475673,-0.03677410663906175,0.15375914025977983,0.9874238355993654,-1.4276831173614655,9.356005460907756,11.861329533847833,12.026528723729525,11.29407582896709
05/17/2023 13:14:45.345014,4785,True,True,True,True,Eyes,1.433094,0.1226122,-1.931177,-0.342331,-0.04755643,-0.9383751,0.0,0.0,0.0,0.0,0.0,0.0,0.0,2.217604,-0.3653698,-1.176946,1.5913,0.1236921,-1.972037,-0.0197385,0.9763796,-0.09881007,-0.1911274,11.56605,202.1467,359.9547,0.581811,0.05138423,-0.8116989,0.0,0.0,0.0,1.216551,0.07926497,-2.445662,0.1020444,0.09381409,0.554556,-0.9261612,-0.0007739074,0.3771266,-0.07631516,0.9796939,-0.1854071,-0.3693251,-0.2004974,-0.9074136,moving,-2.1340175369576406,8.83675822126396,10.426417727828124,9.601804322600257,-0.374749,-0.044427129999999995,-0.47362499999999996,-0.03679562036600534,0.15351577174150394,0.9874608579806323,-1.4309691006365566,9.35064263774334,12.415580067879603,12.58371286934201,11.860046567859161
05/17/2023 13:14:45.365016,4786,True,True,True,True,Eyes,1.440152,0.1225675,-1.933264,-0.3527795,-0.0455132,-0.9345989,0.0,0.0,0.0,0.0,0.0,0.0,0.0,2.2439,-0.3575249,-1.147657,1.602562,0.123016,-1.974003,-0.01974802,0.9752676,-0.09759837,-0.1973265,11.42954,202.8765,-9.995265e-05,0.5831522,0.0513384,-0.8107387,0.0,0.0,0.0,1.217266,0.08170683,-2.445554,0.1069003,0.09304205,0.551814,-0.9213447,-1.711393e-06,0.3887471,-0.07703669,0.9801691,-0.1825754,-0.3810376,-0.1981627,-0.9030737,moving,-2.220676080125771,8.819001752859528,10.963829404562208,9.570693239569973,-0.3852960000000001,-0.041309170000000006,-0.47155100000000005,-0.038290981089948606,0.15320112639097372,0.9874528578698861,-1.4743688705135933,9.34948023131893,13.030779622220953,13.20591628653462,12.440165253127393
05/17/2023 13:14:45.384817,4787,True,True,True,True,Eyes,1.447406,0.1224894,-1.93533,-0.363292,-0.04333486,-0.9306669,0.0,0.0,0.0,0.0,0.0,0.0,0.0,2.270983,-0.3495396,-1.115234,1.614244,0.1220666,-1.975502,-0.01985845,0.9740004,-0.09664795,-0.2039318,11.32476,203.6553,0.04294315,0.5845068,0.05128293,-0.8097662,0.0,0.0,0.0,1.217922,0.08394479,-2.445455,0.1118374,0.09516923,0.5488309,-0.9160349,0.0007349077,0.4010978,-0.07810345,0.9805296,-0.1801707,-0.3934207,-0.1963698,-0.898142,moving,-2.3508558041583516,8.840739949209526,11.517691544212422,9.837470053828394,-0.39632200000000006,-0.03812180999999999,-0.46995299999999984,-0.04053213717003609,0.15356216757394284,0.9873072838064403,-1.5301378459634332,9.366391470726983,13.711601489399369,13.904318626076416,13.056330526859131
05/17/2023 13:14:45.395066,4788,True,True,True,True,Eyes,1.454865,0.1224014,-1.93736,-0.3737887,-0.04114073,-0.9266011,0.0,0.0,0.0,0.0,0.0,0.0,0.0,2.297653,-0.3399075,-1.083712,1.626425,0.1211365,-1.97718,-0.0202859,0.972755,-0.09553229,-0.2102613,11.20907,204.3978,0.04130024,0.5858784,0.05121723,-0.8087786,0.0,0.0,0.0,1.218638,0.08638866,-2.445347,0.1153875,0.09621406,0.5463157,-0.9107575,0.0007070762,0.4129414,-0.07963992,0.9809241,-0.1773284,-0.4051896,-0.1943897,-0.8933277,moving,-2.449464892670937,8.850827691991373,11.926178767885999,9.988186690013773,-0.4077869999999999,-0.03474783999999999,-0.468167,-0.04223020749648887,0.1537251957755653,0.987210881317867,-1.573624001288265,9.376743241430306,14.215848319043898,14.42056573597906,13.513642658344224
05/17/2023 13:14:45.415291,4789,True,True,True,True,Eyes,1.462519,0.1222918,-1.939354,-0.3843924,-0.03874553,-0.9223564,0.0,0.0,0.0,0.0,0.0,0.0,0.0,2.322971,-0.3297601,-1.053384,1.638883,0.120788,-1.97839,-0.02075225,0.9715954,-0.09408806,-0.2161463,11.05797,205.0861,0.02031601,0.5872706,0.0511418,-0.807773,0.0,0.0,0.0,1.219278,0.08857294,-2.44525,0.1174575,0.09773128,0.5443961,-0.9057005,0.0003479948,0.4239185,-0.08099914,0.9814336,-0.17386,-0.4161084,-0.1918021,-0.8888567,moving,-2.4866826330454512,8.836271599103144,12.17535348573295,10.177464365515368,-0.419605,-0.032215060000000004,-0.46686000000000005,-0.04287318116543798,0.15347017480190797,0.9872228004238599,-1.5936125765163018,9.373573240137551,14.50792985663577,14.723250360740284,13.792413398852025
05/17/2023 13:14:45.435169,4790,True,True,True,True,Eyes,1.470356,0.1221432,-1.941298,-0.3949746,-0.03633893,-0.917973,0.0,0.0,0.0,0.0,0.0,0.0,0.0,2.346966,-0.3190464,-1.024833,1.651352,0.1200944,-1.97963,-0.02096594,0.9705364,-0.0921691,-0.2216408,10.8478,205.7289,0.009360922,0.5886861,0.05105661,-0.8067474,0.0,0.0,0.0,1.219977,0.0909564,-2.445144,0.1190457,0.09891222,0.5423399,-0.9008718,0.0001604615,0.4340858,-0.08155327,0.9821305,-0.1696131,-0.4263561,-0.1882007,-0.8847607,moving,-2.4740200101871217,8.763765945386615,12.380301165333524,10.336030629338223,-0.43137499999999984,-0.029137999999999997,-0.465514,-0.04266332791319219,0.15222211385628698,0.987425009665139,-1.6018944250523894,9.344800461259158,14.713789505707831,14.937298076356464,14.01728685494869
05/17/2023 13:14:45.445080,4791,True,True,True,True,Eyes,1.478355,0.1219521,-1.943192,-0.4057888,-0.03374377,-0.9133437,0.0,0.0,0.0,0.0,0.0,0.0,0.0,2.371277,-0.3085881,-0.9928637,1.663672,0.1189848,-1.980402,-0.02130041,0.9692823,-0.09071679,-0.2276153,10.69361,206.4305,0.0002823804,0.5901274,0.05096095,-0.8056998,0.0,0.0,0.0,1.220671,0.09332409,-2.44504,0.1207825,0.09961782,0.5407687,-0.8954753,4.842528e-06,0.4451115,-0.08258926,0.9826335,-0.1661637,-0.4373823,-0.1855569,-0.8799236,moving,-2.503158228732017,8.758068704460348,12.59055184242455,10.43773493658224,-0.443001,-0.025660710000000003,-0.4646380000000001,-0.043166168010828954,0.15212064108128426,0.9874188063052186,-1.6164340366832883,9.344514908876194,14.956069294959415,15.186881258621327,14.24898514976232
05/17/2023 13:14:45.465039,4792,True,True,True,True,Eyes,1.486434,0.1221695,-1.945154,-0.4167222,-0.03102226,-0.9085044,0.0,0.0,0.0,0.0,0.0,0.0,0.0,2.395407,-0.3031032,-0.957243,1.675552,0.1177026,-1.981118,-0.0204364,0.967859,-0.08938229,-0.2341841,10.5207,207.2162,0.1343084,0.5915958,0.05085414,-0.804629,0.0,0.0,0.0,1.221371,0.09571302,-2.444934,0.1225045,0.1006437,0.5392973,-0.8894804,0.002304713,0.4569678,-0.08142294,0.9831864,-0.1634471,-0.4496612,-0.1825907,-0.8743374,moving,-2.5840992780634746,8.747113176851656,12.797894542348256,10.570943512272446,-0.45418099999999995,-0.02198958000000001,-0.463816,-0.044562415408931855,0.15192251957753058,0.9873873386801374,-1.6558742525502823,9.345598697147802,15.249723477705265,15.489741475685959,14.505616232767762
05/17/2023 13:14:45.484863,4793,True,True,True,True,Eyes,1.494729,0.1226709,-1.947022,-0.4281719,-0.0287496,-0.9032399,0.0,0.0,0.0,0.0,0.0,0.0,0.0,2.422439,-0.3006797,-0.9157453,1.685669,0.1276718,-1.984799,-0.02035317,0.9661038,-0.08645156,-0.2423952,10.18979,208.1829,0.1504446,0.5930879,0.05075374,-0.8035361,0.0,0.0,0.0,1.222024,0.09794162,-2.444835,0.1236737,0.1019257,0.5377534,-0.8816608,0.002584329,0.4718769,-0.08123744,0.9842237,-0.1571753,-0.4648387,-0.1769094,-0.8675416,moving,-2.8279349297402363,8.547632742520664,12.951794874099331,10.732519018366704,-0.4636450000000001,-0.02973018000000001,-0.4600359999999999,-0.048790050103926036,0.14845456707899599,0.9877149411272585,-1.8071044981795321,9.284705682283194,15.680114025972353,15.930273089955586,14.829742888438581
05/17/2023 13:14:45.495284,4794,True,True,True,True,Eyes,1.503328,0.1227888,-1.948894,-0.4399049,-0.0259269,-0.89767,0.0,0.0,0.0,0.0,0.0,0.0,0.0,2.462159,-0.2606764,-0.8451817,1.69934,0.1350529,-1.984569,-0.02980032,0.9625188,-0.08655498,-0.2552997,10.47681,209.6399,359.2325,0.5946077,0.05067051,-0.8024174,0.0,0.0,0.0,1.222711,0.1002876,-2.444731,0.1249187,0.1031731,0.5368671,-0.8678682,-0.01317182,0.4966204,-0.1015617,0.9832404,-0.1514056,-0.4863029,-0.1818376,-0.8546608,moving,-3.6958558149366687,8.94073396639151,13.098563629058663,10.878263751730392,-0.47662899999999997,-0.0347653,-0.46016199999999996,-0.06368010854471678,0.1550972940090853,0.9858446263252705,-2.130598105887442,9.49309617601242,16.633861984276635,16.905813974190174,15.292025907706508
05/17/2023 13:14:45.515177,4795,True,True,True,True,Eyes,1.511972,0.123356,-1.950739,-0.451384,-0.02296738,-0.8920342,0.0,0.0,0.0,0.0,0.0,0.0,0.0,2.488805,-0.2788627,-0.7956715,1.715355,0.1258474,-1.986636,-0.0220466,0.9604728,-0.08613516,-0.2637934,10.20045,210.7312,0.1800891,0.5961587,0.05058682,-0.8012711,0.0,0.0,0.0,1.223423,0.1027146,-2.444624,0.1263796,0.1047302,0.5358429,-0.8598542,0.003093456,0.5105307,-0.08779408,0.9841894,-0.1538294,-0.5029347,-0.1770924,-0.8459878,moving,-3.9090757133612968,8.89341219185277,13.270801643525388,11.059015152082182,-0.49193200000000004,-0.023132799999999995,-0.45798800000000006,-0.06735746245259733,0.1542456893591267,0.9857338735864664,-2.2380888679830786,9.488836130929563,17.03141096085616,17.31583154743145,15.588173307236007
05/17/2023 13:14:45.534851,4796,True,True,True,True,Eyes,1.520757,0.1239862,-1.952555,-0.462969,-0.01962359,-0.8861572,0.0,0.0,0.0,0.0,0.0,0.0,0.0,2.504166,-0.2814633,-0.7722983,1.72514,0.1370742,-1.987866,-0.02146352,0.9596981,-0.08309132,-0.2676094,9.844387,211.1784,0.1904508,0.5977378,0.05052083,-0.8000979,0.0,0.0,0.0,1.224108,0.1050519,-2.444521,0.1277774,0.105691,0.5350858,-0.8558493,0.003275041,0.5172153,-0.08566901,0.9852703,-0.1479975,-0.5100815,-0.1709728,-0.8429623,moving,-3.6058522775933084,8.72952324575432,13.430594939884074,11.17332702912087,-0.5010319999999999,-0.032022300000000004,-0.45665500000000003,-0.06216673218725824,0.15147658921038684,0.9865039805736584,-2.130240890232763,9.405798414026687,16.924014515737422,17.210831203794005,15.660899371907883
05/17/2023 13:14:45.544992,4797,True,True,True,True,Eyes,1.529642,0.1245267,-1.954348,-0.4743438,-0.0158891,-0.8801963,0.0,0.0,0.0,0.0,0.0,0.0,0.0,2.527885,-0.2611152,-0.7343409,1.737924,0.1391283,-1.989448,-0.02265114,0.9581067,-0.07838417,-0.2745444,9.360063,211.9774,359.9788,0.5993447,0.05047312,-0.7988979,0.0,0.0,0.0,1.22481,0.1074473,-2.444415,0.1295191,0.1061181,0.5346559,-0.8482249,-0.0003645604,0.5296365,-0.08644428,0.9866857,-0.1377633,-0.5225345,-0.1626383,-0.8369629,moving,-3.699592852735379,8.446450263024575,13.617434519983844,11.226126509764756,-0.5131140000000001,-0.031681000000000015,-0.4549669999999997,-0.06382821703464475,0.1465854825904501,0.9871366094086689,-2.2285671020655022,9.30285081438917,17.248034194013705,17.538701122494746,15.96229171536509
05/17/2023 13:14:45.564780,4798,True,True,True,True,Eyes,1.538555,0.1250531,-1.956111,-0.4856579,-0.01213983,-0.8740647,0.0,0.0,0.0,0.0,0.0,0.0,0.0,2.544226,-0.2701708,-0.704205,1.749287,0.137468,-1.990748,-0.01705664,0.9570493,-0.07430039,-0.2797236,8.728968,212.6243,0.5170203,0.6009788,0.05043807,-0.7976717,0.0,0.0,0.0,1.225467,0.1096908,-2.444315,0.1305779,0.1058262,0.5344583,-0.8429275,0.008919063,0.5379532,-0.07421523,0.988377,-0.132676,-0.5328839,-0.1517605,-0.8324683,moving,-3.5285502179180366,8.063618294971413,13.729443702476438,11.200062603470196,-0.52382,-0.027777200000000002,-0.45356700000000005,-0.06093966226537609,0.1400118594858377,0.9882727902038122,-2.2242756863574655,9.14410018738969,17.25445156798917,17.540685193477678,16.0856502446743
05/17/2023 13:14:45.584855,4799,True,True,True,True,Eyes,1.547527,0.1255959,-1.957837,-0.4969187,-0.008481014,-0.8677557,0.0,0.0,0.0,0.0,0.0,0.0,0.0,2.560033,-0.2726871,-0.6727996,1.759,0.1376083,-1.991925,-0.01539364,0.955621,-0.07339206,-0.2848952,8.571363,213.2552,0.7183442,0.6026368,0.05041379,-0.7964213,0.0,0.0,0.0,1.226136,0.1119731,-2.444215,0.1315081,0.1062756,0.5343201,-0.8371955,0.01239712,0.5467633,-0.07123907,0.9887533,-0.1314988,-0.5422441,-0.1490411,-0.8268965,moving,-3.390202713199505,8.126881097757277,13.826947572878131,11.249249476000472,-0.532864,-0.025635199999999983,-0.45228999999999986,-0.05854385332473794,0.1411232398682734,0.9882595434892706,-2.1481907277527053,9.159411777363722,17.208671536958263,17.497984119973257,16.111252754858192
05/17/2023 13:14:45.595087,4800,True,True,True,True,Eyes,1.556514,0.1261712,-1.95953,-0.5082389,-0.005073701,-0.8612012,0.0,0.0,0.0,0.0,0.0,0.0,0.0,2.579063,-0.2613724,-0.633954,1.769495,0.1385318,-1.992857,-0.01661463,0.9537334,-0.0721053,-0.2914058,8.465951,214.0245,0.5985096,0.6043172,0.05039977,-0.7951479,0.0,0.0,0.0,1.226828,0.1143352,-2.44411,0.1318583,0.1077257,0.5344839,-0.8296132,0.01033194,0.5582429,-0.07371566,0.9890496,-0.1278552,-0.5534508,-0.1472217,-0.8197669,moving,-3.4272273764932835,8.210270174359856,13.858265170745778,11.395348124918781,-0.542667,-0.024196600000000013,-0.4512529999999997,-0.0591701811155306,0.1425561396527759,0.9880165309905198,-2.149018503548872,9.193975878887837,17.2790037469732,17.576489244208975,16.157944497829398
05/17/2023 13:14:45.615054,4801,True,True,True,True,Eyes,1.565554,0.1267589,-1.961204,-0.5195564,-0.001930466,-0.854434,0.0,0.0,0.0,0.0,0.0,0.0,0.0,2.600058,-0.2460688,-0.5861032,1.77967,0.1399063,-1.994384,-0.01862418,0.9512455,-0.07074453,-0.2996339,8.380812,214.9975,0.403237,0.6060174,0.05039624,-0.793853,0.0,0.0,0.0,1.22751,0.1166622,-2.444007,0.1323476,0.1095175,0.5348052,-0.8197454,0.006962602,0.5726859,-0.07782724,0.9892967,-0.12343,-0.5674157,-0.1457517,-0.8104294,moving,-3.675162663710286,8.295537451365682,13.899666202945662,11.573038365704074,-0.55216,-0.023244100000000018,-0.4496230000000001,-0.06343175305192858,0.14398858067426373,0.9875442983360835,-2.24669248073213,9.24308956912172,17.568212890315518,17.87782486589832,16.313600465154
05/17/2023 13:14:45.634741,4802,True,True,True,True,Eyes,1.574659,0.1273144,-1.962883,-0.5307659,0.001236673,-0.8475176,0.0,0.0,0.0,0.0,0.0,0.0,0.0,2.619469,-0.2336181,-0.5424547,1.790542,0.1408053,-1.996143,-0.01960707,0.9490226,-0.06875794,-0.306992,8.19509,215.8717,0.2895038,0.6077356,0.05040254,-0.792538,0.0,0.0,0.0,1.228189,0.1189778,-2.443904,0.132771,0.1111624,0.5354739,-0.8107428,0.00500118,0.5853808,-0.07943135,0.9897758,-0.1184673,-0.5799883,-0.1425441,-0.8020564,moving,-3.812446857782664,8.285098876287503,13.925667953160694,11.727810652695531,-0.5623530000000001,-0.0218275,-0.44776099999999985,-0.06579973872620803,0.14378656632084907,0.9874187915985305,-2.3120014506900546,9.24806602778978,17.750581599071566,18.069116785876023,16.42592588177299
05/17/2023 13:14:45.644686,4803,True,True,True,True,Eyes,1.583797,0.1278787,-1.964589,-0.5418021,0.00448519,-0.840494,0.0,0.0,0.0,0.0,0.0,0.0,0.0,2.636027,-0.2330451,-0.5035264,1.801287,0.1405496,-1.998023,-0.01836231,0.9470727,-0.06758984,-0.3132855,8.020667,216.6385,0.4379573,0.60947,0.05041621,-0.7912041,0.0,0.0,0.0,1.22891,0.1214392,-2.443796,0.1334481,0.1126005,0.5362287,-0.8030303,0.007568953,0.5958905,-0.07713071,0.9901888,-0.1165197,-0.5909261,-0.1395303,-0.7945679,moving,-3.8083249915185076,8.307010373919512,13.974975943589893,11.859008832075329,-0.5723770000000001,-0.0191104,-0.44577299999999975,-0.06572503928394105,0.14416486492858546,0.9873684760316146,-2.3058350298824584,9.256240226830737,17.808793386803373,18.134566032727903,16.48754713007319
05/17/2023 13:14:45.664769,4804,True,True,True,True,Eyes,1.592944,0.1284859,-1.966292,-0.5525611,0.007639603,-0.8334373,0.0,0.0,0.0,0.0,0.0,0.0,0.0,2.650437,-0.240711,-0.4688926,1.811277,0.1412746,-2.000483,-0.01570506,0.9453511,-0.06644344,-0.318826,7.795578,217.324,0.7329723,0.6112183,0.05043673,-0.7898531,0.0,0.0,0.0,1.229559,0.1236558,-2.443697,0.1340772,0.1141342,0.5373002,-0.7962068,0.0126742,0.604892,-0.07206138,0.9906772,-0.1156104,-0.600718,-0.1356391,-0.7878706,moving,-3.713210165122425,8.281508177339571,14.01136562465046,11.992604576147295,-0.581718,-0.017618800000000004,-0.4432139999999998,-0.06408985001660975,0.14374070042060416,0.9875378311568325,-2.266960923717596,9.240176989833635,17.777369501433082,18.108915577931405,16.50938438686327
05/17/2023 13:14:45.685185,4805,True,True,True,True,Eyes,1.602106,0.1291353,-1.968025,-0.5631223,0.01087126,-0.8263021,0.0,0.0,0.0,0.0,0.0,0.0,0.0,2.662969,-0.2503629,-0.4382198,1.820993,0.1428844,-2.002421,-0.0127428,0.9438847,-0.06497703,-0.3235696,7.522067,217.9124,1.03997,0.6129773,0.05046501,-0.7884869,0.0,0.0,0.0,1.230269,0.1260767,-2.44359,0.1345858,0.1171926,0.5382911,-0.7902807,0.01799372,0.6124808,-0.06610464,0.9912312,-0.1144153,-0.6091688,-0.130908,-0.7821615,moving,-3.526022900262284,8.210328784377705,14.037548291377972,12.282334968739491,-0.590724,-0.01680769999999998,-0.4411689999999999,-0.06087385817119967,0.14254252364889297,0.9879150124675934,-2.194543454661831,9.200474777167134,17.686131058517624,18.029427815915184,16.522065993460135
05/17/2023 13:14:45.694977,4806,True,True,True,True,Eyes,1.611272,0.1298027,-1.96978,-0.573419,0.01379973,-0.819146,0.0,0.0,0.0,0.0,0.0,0.0,0.0,2.675691,-0.2591976,-0.4063792,1.830558,0.1444962,-2.00495,-0.01018171,0.9422722,-0.06384913,-0.3285467,7.29724,218.5286,1.315217,0.6147445,0.05050177,-0.7871074,0.0,0.0,0.0,1.230952,0.1284087,-2.443487,0.1348299,0.1202664,0.5396752,-0.7839071,0.02276695,0.620461,-0.06114272,0.9916393,-0.1136362,-0.6178607,-0.1270168,-0.775961,moving,-3.3837623843351423,8.167765266543228,14.027360055538935,12.56305742465281,-0.5996059999999999,-0.016087500000000005,-0.4385370000000002,-0.05842680768687264,0.14182935496539611,0.9881653169579947,-2.137261348396638,9.174745808923326,17.602534127947425,17.957332145155256,16.51592082621673
05/17/2023 13:14:45.714921,4807,True,True,True,True,Eyes,1.620443,0.1305031,-1.971561,-0.5834185,0.01634442,-0.8120071,0.0,0.0,0.0,0.0,0.0,0.0,0.0,2.687418,-0.2671994,-0.3764219,1.839821,0.1456033,-2.007276,-0.00828319,0.9407123,-0.06371903,-0.3330643,7.203869,219.0912,1.55145,0.616517,0.05054674,-0.7857169,0.0,0.0,0.0,1.231627,0.1307122,-2.443385,0.1356648,0.1225004,0.5416952,-0.7779993,0.02686087,0.6276909,-0.05802926,0.9917426,-0.1143649,-0.6255797,-0.1254002,-0.7700163,moving,-3.2059675177567306,8.23012650681866,14.060232364004285,12.742683785727152,-0.6081939999999999,-0.01489109999999999,-0.4361090000000001,-0.05535129269732719,0.14292987559247614,0.9881837388449835,-2.0431700506603203,9.187124068701028,17.483063307212635,17.84614332432512,16.491257509055057
05/17/2023 13:14:45.734677,4808,True,True,True,True,Eyes,1.629578,0.1312423,-1.973354,-0.5931704,0.01884947,-0.8048562,0.0,0.0,0.0,0.0,0.0,0.0,0.0,2.698007,-0.2777322,-0.3504651,1.849043,0.1471234,-2.009627,-0.006320714,0.9393764,-0.06416337,-0.3367716,7.16946,219.5595,1.810201,0.6182926,0.05060023,-0.784317,0.0,0.0,0.0,1.232296,0.1329921,-2.443284,0.1365972,0.1246034,0.5440007,-0.7730898,0.03134173,0.6335216,-0.05509186,0.9916862,-0.1162898,-0.6318994,-0.1248044,-0.7649359,moving,-2.938880950643751,8.346261581030342,14.095409775294472,12.90106150799288,-0.6167469999999999,-0.014131299999999986,-0.43365699999999974,-0.050729050865045144,0.14496821446585542,0.9881349648842481,-1.8974520472426761,9.21437273579298,17.262777711858178,17.632732712499298,16.41229122876605
05/17/2023 13:14:45.744739,4809,True,True,True,True,Eyes,1.638677,0.1319808,-1.975173,-0.602715,0.02131782,-0.7976717,0.0,0.0,0.0,0.0,0.0,0.0,0.0,2.7079,-0.2829261,-0.3260305,1.85734,0.1487772,-2.011769,-0.005266412,0.9381008,-0.06411483,-0.3403359,7.115912,220.002,1.949714,0.6200686,0.05066285,-0.7829096,0.0,0.0,0.0,1.233023,0.1354749,-2.443175,0.1393835,0.1263856,0.5464574,-0.7682876,0.03376031,0.639214,-0.05352201,0.9917231,-0.1167077,-0.6378633,-0.1238771,-0.7601217,moving,-2.671390133335144,8.432851421192874,14.309180873458343,13.022491725408413,-0.624317,-0.01330229999999999,-0.43140599999999996,-0.046104836016620965,0.14649426942598592,0.9881364960250527,-1.757300743750373,9.230208564797373,17.210828843239664,17.589900222537796,16.507975137077217
05/17/2023 13:14:45.764785,4810,True,True,True,True,Eyes,1.647703,0.1327202,-1.976999,-0.6120362,0.0233084,-0.7904862,0.0,0.0,0.0,0.0,0.0,0.0,0.0,2.71863,-0.2814673,-0.300221,1.865642,0.1494834,-2.014284,-0.005086254,0.9367085,-0.06348971,-0.3442677,7.03322,220.481,1.973969,0.6218421,0.05073353,-0.7814971,0.0,0.0,0.0,1.233701,0.137787,-2.443072,0.1436585,0.1285515,0.5488763,-0.7629076,0.03418624,0.6456029,-0.05324358,0.9918864,-0.1154406,-0.6443111,-0.1224448,-0.7548975,moving,-2.4692951312699827,8.458566409013953,14.667130419338925,13.181567881162893,-0.6319410000000001,-0.011696399999999996,-0.42878799999999995,-0.04261620005907435,0.1469605323987345,0.9882239044978852,-1.6591448727622993,9.226870909702784,17.38122817476143,17.775371263562484,16.798419361640864
05/17/2023 13:14:45.784697,4811,True,True,True,True,Eyes,1.656661,0.1334361,-1.978846,-0.6212476,0.02492092,-0.783218,0.0,0.0,0.0,0.0,0.0,0.0,0.0,2.729858,-0.2672499,-0.2753129,1.87335,0.1503134,-2.016758,-0.00725417,0.9353231,-0.06228686,-0.3481931,6.982627,220.9426,1.720762,0.6236103,0.05081147,-0.7800818,0.0,0.0,0.0,1.234367,0.1400609,-2.442971,0.1482084,0.1305208,0.5517877,-0.757418,0.02980573,0.6522498,-0.0569457,0.9921355,-0.111465,-0.6504424,-0.1215684,-0.749764,moving,-2.292667252410307,8.483187312999556,15.034612979550372,13.308232360536758,-0.6389830000000001,-0.010252500000000025,-0.4262130000000002,-0.0395669299602992,0.14740367724472775,0.9882847172104078,-1.5729402264060368,9.224781047342654,17.578117187827004,17.986542189861247,17.10220448117434
05/17/2023 13:14:45.794697,4812,True,True,True,True,Eyes,1.665566,0.1341309,-1.980734,-0.6303645,0.02649097,-0.7758472,0.0,0.0,0.0,0.0,0.0,0.0,0.0,2.741347,-0.2539603,-0.245666,1.881135,0.1505418,-2.01953,-0.009068716,0.9336101,-0.0611305,-0.3529208,6.923567,221.5065,1.513227,0.6253706,0.05089501,-0.7786658,0.0,0.0,0.0,1.235089,0.1425243,-2.442863,0.1523338,0.1329285,0.555015,-0.7507294,0.02621515,0.6600896,-0.06008173,0.9923617,-0.107743,-0.657872,-0.1205452,-0.7434201,moving,-2.2135978811934374,8.503049951490736,15.34790364942579,13.468877617676508,-0.6460459999999999,-0.00801750000000001,-0.42333299999999996,-0.03820101907263029,0.1477541335054688,0.9882861176164985,-1.5326283098198743,9.227252634089734,17.825471155272254,18.250089874304663,17.405279133886413
05/17/2023 13:14:45.814630,4813,True,True,True,True,Eyes,1.674399,0.1347834,-1.982646,-0.6394433,0.02770518,-0.7683389,0.0,0.0,0.0,0.0,0.0,0.0,0.0,2.752613,-0.2419299,-0.2131045,1.888816,0.1507329,-2.022491,-0.01058423,0.931684,-0.05998076,-0.3581277,6.854432,222.1326,1.341218,0.6271203,0.05098264,-0.7772516,0.0,0.0,0.0,1.235743,0.1447569,-2.442764,0.1557372,0.1351524,0.5587887,-0.7432651,0.02323923,0.6685933,-0.06268386,0.9925806,-0.1041852,-0.666054,-0.1193472,-0.7362937,moving,-2.1895229968567556,8.495830170309517,15.573419091814955,13.596821403330317,-0.653073,-0.005976000000000009,-0.4202729999999999,-0.0377864474936746,0.14763192253256796,0.9883202800722437,-1.522937658648231,9.222892053852007,18.043379142489282,18.480860997390245,17.647001787650385
05/17/2023 13:14:45.835235,4814,True,True,True,True,Eyes,1.683181,0.1353971,-1.984616,-0.6484075,0.02893064,-0.7607435,0.0,0.0,0.0,0.0,0.0,0.0,0.0,2.763679,-0.2306169,-0.1778944,1.896528,0.1504811,-2.025657,-0.01181152,0.9295604,-0.05878476,-0.3637617,6.769831,222.8145,1.200684,0.6288574,0.05107233,-0.7758409,0.0,0.0,0.0,1.236412,0.1470391,-2.442663,0.1587483,0.1381649,0.5633193,-0.7350761,0.02080825,0.6776655,-0.06472632,0.9928097,-0.1006948,-0.6748881,-0.1178811,-0.7284439,moving,-2.219115974850376,8.476439054705212,15.73830006109032,13.780852891695547,-0.6601159999999999,-0.0034420000000000006,-0.4170060000000002,-0.03829885179759135,0.1472945500971236,0.9883508760769033,-1.5403533364761715,9.217358875849525,18.27167907257606,18.724465195084065,17.871131493721894
05/17/2023 13:14:45.845307,4815,True,True,True,True,Eyes,1.691883,0.1359665,-1.986623,-0.657239,0.02987326,-0.75309,0.0,0.0,0.0,0.0,0.0,0.0,0.0,2.773754,-0.2252876,-0.1455722,1.904135,0.1501482,-2.029132,-0.01202245,0.927604,-0.05791098,-0.3688535,6.678955,223.4383,1.177895,0.6305797,0.05116225,-0.7744358,0.0,0.0,0.0,1.237119,0.1494534,-2.442556,0.16241,0.1413053,0.5679712,-0.7276053,0.0204172,0.6856923,-0.06502547,0.9930035,-0.09856787,-0.6829074,-0.1163059,-0.721187,moving,-2.1765032135646862,8.43779413299742,15.957754022315852,13.970950921990706,-0.6670159999999998,-0.0006948000000000232,-0.413424,-0.037567513138936914,0.14663197527019703,0.9884775205683456,-1.5282373740358386,9.199672258965096,18.490207747676305,18.959617863993678,18.125258486254168
05/17/2023 13:14:45.864937,4816,True,True,True,True,Eyes,1.700509,0.1364883,-1.988683,-0.6659433,0.03078539,-0.7453669,0.0,0.0,0.0,0.0,0.0,0.0,0.0,2.782887,-0.223706,-0.113955,1.911446,0.1497404,-2.032594,-0.01168232,0.9256695,-0.05744493,-0.3737642,6.608407,224.0464,1.229452,0.6322847,0.05125065,-0.7730385,0.0,0.0,0.0,1.237809,0.1518054,-2.442452,0.1665395,0.1436101,0.5734266,-0.7203279,0.02131378,0.6933064,-0.06456966,0.9931272,-0.09761716,-0.6906222,-0.1150829,-0.7140009,moving,-2.1095508215039587,8.420168260834352,16.194809775821955,14.060075603769501,-0.673637,0.0020650000000000113,-0.40985799999999983,-0.03641403551820471,0.14633413363393757,0.9885648051690066,-1.5008100915867228,9.188490575028217,18.672900174218388,19.153542014829302,18.353945166750524
05/17/2023 13:14:45.884682,4817,True,True,True,True,Eyes,1.709067,0.1369647,-1.990794,-0.6745086,0.03161078,-0.73759,0.0,0.0,0.0,0.0,0.0,0.0,0.0,2.791341,-0.2217821,-0.08255839,1.918266,0.1491143,-2.036077,-0.0116324,0.9236923,-0.05754022,-0.3786108,6.609811,224.6499,1.27373,0.6339707,0.05133585,-0.7716507,0.0,0.0,0.0,1.238474,0.1540741,-2.442352,0.1710949,0.1455278,0.5790365,-0.7130368,0.0220812,0.7007785,-0.06506022,0.9931076,-0.09749063,-0.6981013,-0.1151072,-0.7066857,moving,-2.0417468684962117,8.46910956575525,16.461464898801168,14.10780747517137,-0.679792,0.0049597999999999864,-0.40627499999999994,-0.03523964563721432,0.14718470472922343,0.9884811232670572,-1.4600284027376462,9.202907169542776,18.85263730122485,19.343313051778537,18.580580431333573
05/17/2023 13:14:45.895186,4818,True,True,True,True,Eyes,1.717532,0.1373848,-1.992945,-0.6829284,0.03205069,-0.7297818,0.0,0.0,0.0,0.0,0.0,0.0,0.0,2.799493,-0.2192718,-0.05224848,1.925194,0.1485085,-2.039495,-0.01197357,0.9217632,-0.05822819,-0.3831695,6.691363,225.2206,1.300931,0.635636,0.05141638,-0.7702742,0.0,0.0,0.0,1.239162,0.1564222,-2.442248,0.1745663,0.1485892,0.5851153,-0.7060758,0.02254892,0.7077774,-0.06669612,0.9929322,-0.09816939,-0.7049887,-0.116521,-0.6995815,moving,-1.947324063968151,8.574730880384909,16.61221650605658,14.248973798048441,-0.686032,0.007913700000000023,-0.40275300000000014,-0.03360127556245318,0.14901505880535434,0.9882638253002527,-1.3959409918381311,9.23742254552037,18.904094265444822,19.40756499046309,18.692495350425986
05/17/2023 13:14:45.915184,4819,True,True,True,True,Eyes,1.725923,0.1377634,-1.995153,-0.6911281,0.03221593,-0.722014,0.0,0.0,0.0,0.0,0.0,0.0,0.0,2.807411,-0.212877,-0.02296782,1.931765,0.1476919,-2.043005,-0.01309988,0.9198468,-0.05907289,-0.3875832,6.824618,225.7715,1.251803,0.637279,0.05149062,-0.7689105,0.0,0.0,0.0,1.239841,0.1587384,-2.442145,0.1769771,0.1511764,0.5915236,-0.6992156,0.02169156,0.714582,-0.06989107,0.9926776,-0.09852143,-0.7114866,-0.1188306,-0.6925795,moving,-1.8547117976765242,8.71357988465784,16.656581948191164,14.336277163903567,-0.691924,0.011046500000000015,-0.39914000000000005,-0.03199200254552603,0.15141756609117096,0.9879521068369296,-1.326218015727667,9.284862114706403,18.836311009699415,19.346387798238656,18.678808541809474
05/17/2023 13:14:45.934875,4820,True,True,True,True,Eyes,1.734237,0.138095,-1.99742,-0.6992022,0.03232798,-0.7141927,0.0,0.0,0.0,0.0,0.0,0.0,0.0,2.815453,-0.2032715,0.004824162,1.938416,0.1471646,-2.046705,-0.01469323,0.9180162,-0.05943383,-0.391788,6.928794,226.2918,1.130968,0.6388984,0.05155759,-0.767561,0.0,0.0,0.0,1.240519,0.1610552,-2.442043,0.1767942,0.1408869,0.5976944,-0.6925724,0.01959368,0.7210822,-0.0735482,0.9925034,-0.09760918,-0.7175891,-0.1206357,-0.6859394,moving,-1.7460578341583977,8.817748571379946,16.477881826168314,13.263491432793472,-0.697897,0.013890600000000003,-0.39533799999999975,-0.03010994671367151,0.15322245186970154,0.9877329086655701,-1.255854101190799,9.317884776773253,18.321034565232154,18.75837429877755,18.16736639761907
05/17/2023 13:14:45.945295,4821,True,True,True,True,Eyes,1.742471,0.1383733,-1.999738,-0.7070741,0.03237671,-0.7063978,0.0,0.0,0.0,0.0,0.0,0.0,0.0,2.823277,-0.1906909,0.03333068,1.944869,0.1463926,-2.050468,-0.0164456,0.9161208,-0.05899334,-0.3961971,6.956829,226.8326,0.9589974,0.6404926,0.05161626,-0.7662273,0.0,0.0,0.0,1.240519,0.1610552,-2.442043,0.1706622,0.1414291,0.6093825,-0.6855147,0.01661367,0.7278691,-0.07687829,0.9924986,-0.09505863,-0.7239885,-0.1211214,-0.6790953,static,-1.6769946953288548,8.841755426383052,15.645306682472366,13.066222579432836,-0.70435,0.014662599999999998,-0.391575,-0.028917425318203738,0.1536416984510477,0.9877033446820547,-1.21934725109692,9.32260942447679,17.424923778130424,17.8299817092046,17.27516112089881
05/17/2023 13:14:45.965138,4822,True,True,True,True,Eyes,1.750625,0.1385942,-2.002124,-0.7148634,0.03251453,-0.6985078,0.0,0.0,0.0,0.0,0.0,0.0,0.0,2.83067,-0.1812256,0.06338954,1.951405,0.1454468,-2.054366,-0.01729333,0.9141366,-0.0579639,-0.4008684,6.882785,227.4085,0.8573305,0.6420607,0.05166546,-0.7649105,0.0,0.0,0.0,1.240519,0.1610552,-2.442043,0.1758998,0.1463939,0.6178448,-0.678011,0.01485485,0.7349015,-0.07808872,0.9926822,-0.09210915,-0.7308921,-0.1198385,-0.6718895,static,-1.6331171078667113,8.771764589982274,15.891600493089472,13.32999611285455,-0.7108860000000001,0.015608400000000022,-0.38767700000000005,-0.02816633856577816,0.15243831568842464,0.9879115543728575,-1.2127519631230643,9.292759598189427,17.682386597246932,18.10782155891122,17.57436063194588
05/17/2023 13:14:45.989808,4823,True,True,True,True,Eyes,1.7587,0.1387539,-2.004586,-0.7225164,0.03271883,-0.6905792,0.0,0.0,0.0,0.0,0.0,0.0,0.0,2.83742,-0.1742061,0.09631991,1.957659,0.1442698,-2.058478,-0.01745517,0.9119337,-0.05656977,-0.4060448,6.73924,228.0506,0.8137382,0.6436014,0.05170399,-0.763612,0.0,0.0,0.0,1.240519,0.1610552,-2.442043,0.179934,0.1323617,0.6259494,-0.669646,0.01410381,0.7425466,-0.07777561,0.9929904,-0.08900058,-0.7385969,-0.1173509,-0.6638552,static,-1.6516233724646245,8.638897984796454,16.03770682916338,11.939737463820233,-0.7171400000000001,0.016785400000000006,-0.38356499999999993,-0.028495543048598526,0.15014558525010907,0.988253210890021,-1.2471534647819296,9.2427677191022,17.64523359752348,17.9946643271974,17.49400014819743
05/17/2023 13:14:46.004915,4824,True,True,True,True,Eyes,1.76669,0.1388526,-2.007128,-0.7300693,0.03303261,-0.6825743,0.0,0.0,0.0,0.0,0.0,0.0,0.0,2.843529,-0.171477,0.1290457,1.963734,0.1429663,-2.062772,-0.01687065,0.9097252,-0.05535353,-0.4111583,6.579749,228.6912,0.8549477,0.6451132,0.05173064,-0.7623334,0.0,0.0,0.0,1.240519,0.1610552,-2.442043,0.1821923,0.1269838,0.6351502,-0.6613281,0.01482281,0.7499499,-0.07621344,0.9933028,-0.08683999,-0.7462145,-0.114586,-0.6557695,static,-1.6565732573683851,8.49874024822266,16.005493823162553,11.305921620892743,-0.7232150000000002,0.01808890000000002,-0.37927100000000014,-0.028591448296785615,0.1477272481984567,0.9886147886666454,-1.2767263477306747,9.189077278466701,17.569278291176477,17.883760253823596,17.411380301552484
05/17/2023 13:14:46.015209,4825,True,True,True,True,Eyes,1.774599,0.1388896,-2.009757,-0.7374178,0.03336255,-0.6746124,0.0,0.0,0.0,0.0,0.0,0.0,0.0,2.849374,-0.1705171,0.1607652,1.969708,0.1415696,-2.067379,-0.01602803,0.9075552,-0.05429094,-0.4161002,6.423848,229.3135,0.9276555,0.6465954,0.05174435,-0.7610757,0.0,0.0,0.0,1.240519,0.1610552,-2.442043,0.1862898,0.1209474,0.6432232,-0.6532078,0.01608828,0.7570081,-0.07427357,0.9935912,-0.0852055,-0.7535273,-0.1118826,-0.6478266,static,-1.6485755297942182,8.36386040066346,16.152032238275186,10.649172156621805,-0.7291890000000001,0.01948560000000002,-0.3746640000000001,-0.028463369515179193,0.14540007356776297,0.9889634052559451,-1.299303772181762,9.136572115112227,17.664016350402804,17.946706849296177,17.516765895434187
05/17/2023 13:14:46.034940,4826,True,True,True,True,Eyes,1.782424,0.1388648,-2.01246,-0.7445891,0.03373856,-0.6666699,0.0,0.0,0.0,0.0,0.0,0.0,0.0,2.855158,-0.1694428,0.1893187,1.975659,0.1401346,-2.072104,-0.01540235,0.9055813,-0.05361572,-0.4204887,6.318763,229.8684,0.9911822,0.648047,0.05174413,-0.7598401,0.0,0.0,0.0,1.240519,0.1610552,-2.442043,0.1882527,0.1193091,0.649849,-0.6459043,0.01719344,0.763225,-0.07298577,0.9937763,-0.08415375,-0.7599216,-0.1100598,-0.6406294,static,-1.5811837191385316,8.281081382365286,16.15560654009262,10.403368225960058,-0.7351400000000001,0.02092060000000001,-0.369939,-0.02730586959045528,0.14397575263512835,0.9892044005031271,-1.2843605249662193,9.100252474195653,17.593695663144775,17.863309607865297,17.48858375892209
05/17/2023 13:14:46.053737,4827,True,True,True,True,Eyes,1.790153,0.1387888,-2.015232,-0.7515331,0.03408084,-0.6588145,0.0,0.0,0.0,0.0,0.0,0.0,0.0,2.860765,-0.1695363,0.2140956,1.981525,0.1385228,-2.076759,-0.01469692,0.9038693,-0.05325648,-0.4242265,6.242886,230.3441,1.073126,0.6494668,0.05172915,-0.7586279,0.0,0.0,0.0,1.240519,0.1610552,-2.442043,0.1883233,0.1187014,0.6576743,-0.639632,0.01861742,0.7684559,-0.07175381,0.9938955,-0.08380415,-0.7653251,-0.1087434,-0.6343915,static,-1.4434273054704205,8.224606636895851,15.978925265402937,10.230976730201306,-0.741006,0.022532400000000008,-0.36528399999999994,-0.02493097580411785,0.14300953536950634,0.989407281507377,-1.231863211553617,9.069457560656225,17.28027209886832,17.53749953827877,17.24993816741849
05/17/2023 13:14:46.065010,4828,True,True,True,True,Eyes,1.797783,0.138673,-2.018074,-0.7583718,0.03437577,-0.6509151,0.0,0.0,0.0,0.0,0.0,0.0,0.0,2.86613,-0.1644684,0.2341001,1.986752,0.1372624,-2.080993,-0.015051,0.9024668,-0.05284188,-0.4272409,6.21369,230.7234,1.03669,0.6508542,0.05169908,-0.75744,0.0,0.0,0.0,1.240519,0.1610552,-2.442043,0.1857456,0.1181376,0.6656356,-0.6344773,0.01798636,0.7727321,-0.07231848,0.9939624,-0.08251526,-0.7695509,-0.1082369,-0.6293458,static,-1.2270402777438956,8.207300200041795,15.591759043474136,10.064107978324659,-0.7462330000000001,0.023792800000000003,-0.3610500000000001,-0.021195030656596392,0.14272297024839897,0.9895356852813766,-1.1354970263421773,9.04860314286395,16.67909120808707,16.92098536530588,16.75805315948278
05/17/2023 13:14:46.084963,4829,True,True,True,True,Eyes,1.805342,0.1385089,-2.021029,-0.765095,0.03454278,-0.6429902,0.0,0.0,0.0,0.0,0.0,0.0,0.0,2.871878,-0.1456053,0.2601399,1.992017,0.1362837,-2.08563,-0.017604,0.9005491,-0.05150314,-0.4313339,6.197075,231.2255,0.7333121,0.6522081,0.05165407,-0.7562776,0.0,0.0,0.0,1.240519,0.1610552,-2.442043,0.1850075,0.1165564,0.6737569,-0.6272823,0.01272357,0.7786878,-0.07613661,0.994075,-0.0775758,-0.7750612,-0.1079486,-0.622597,static,-1.1762519164510412,8.19252306481174,15.354456193061658,9.814728804635244,-0.751498,0.024771500000000002,-0.35641299999999987,-0.020318621380056967,0.14247034838114125,0.9895904776363493,-1.1149652883464287,9.03957891951433,16.38312283775455,16.610113246580386,16.487652994791866
05/17/2023 13:14:46.095215,4830,True,True,True,True,Eyes,1.81284,0.138308,-2.024068,-0.7717294,0.03469034,-0.6350043,0.0,0.0,0.0,0.0,0.0,0.0,0.0,2.877557,-0.1213576,0.2890463,1.997369,0.1350041,-2.09067,-0.02095986,0.8983594,-0.0499096,-0.4359133,6.196973,231.7866,0.3373564,0.6535285,0.05159383,-0.755141,0.0,0.0,0.0,1.240519,0.1610552,-2.442043,0.1858818,0.1152939,0.6813152,-0.6190806,0.005853539,0.7853057,-0.08117148,0.9941394,-0.07140013,-0.7811212,-0.1079469,-0.6149773,static,-1.1987152128361096,8.192500235241573,15.260485304213155,9.60474670665095,-0.75685,0.02605110000000002,-0.35137300000000016,-0.020706603694590542,0.1424688331197868,0.9895827482758011,-1.125323409588376,9.041042650447784,16.302794666582386,16.519676805447588,16.395502110892306
05/17/2023 13:14:46.114925,4831,True,True,True,True,Eyes,1.820278,0.1380817,-2.027204,-0.7781849,0.0348522,-0.6270674,0.0,0.0,0.0,0.0,0.0,0.0,0.0,2.883166,-0.1035548,0.3174231,2.003395,0.133937,-2.095851,-0.02319249,0.896258,-0.04841421,-0.4402727,6.154236,232.327,0.06096996,0.6548147,0.05151861,-0.7540311,0.0,0.0,0.0,1.240519,0.1610552,-2.442043,0.1875964,0.1117746,0.6880732,-0.6112446,0.001058001,0.7914414,-0.08420382,0.9942364,-0.06636122,-0.7869501,-0.1072053,-0.6076323,static,-1.191797993700567,8.153201602770592,15.250473934035321,9.22686056341299,-0.7628759999999999,0.02711820000000001,-0.34619199999999983,-0.020589156956633492,0.14179038339853134,0.989682531101324,-1.129787356960126,9.025444040407958,16.27661346745776,16.477288906533726,16.381499582670184
05/17/2023 13:14:46.134929,4832,True,True,True,True,Eyes,1.827645,0.1378254,-2.030421,-0.784588,0.0350404,-0.6190265,0.0,0.0,0.0,0.0,0.0,0.0,0.0,2.888062,-0.09010313,0.345618,2.009146,0.1331026,-2.100972,-0.02471029,0.8941661,-0.04703479,-0.4445717,6.089672,232.8651,359.8635,0.6560666,0.05142903,-0.7529482,0.0,0.0,0.0,1.240519,0.1610552,-2.442043,0.1898045,0.1066829,0.695083,-0.6034907,-0.00236953,0.7973664,-0.08601087,0.9943543,-0.06214284,-0.7927175,-0.1060848,-0.6002874,static,-1.1680813618398094,8.095439952996347,15.273255251817863,8.725792855751964,-0.768627,0.027952600000000022,-0.3410709999999999,-0.020182392619439937,0.14079375188354262,0.9898331968251625,-1.1301033031794965,9.001628783784676,16.27299219194978,16.453415889280038,16.405677594753556
05/17/2023 13:14:46.145171,4833,True,True,True,True,Eyes,1.834943,0.1375663,-2.033742,-0.7908846,0.0353354,-0.6109443,0.0,0.0,0.0,0.0,0.0,0.0,0.0,2.892063,-0.0776256,0.3785064,2.01482,0.1321261,-2.106267,-0.02595248,0.8916929,-0.04557812,-0.4495921,6.005239,233.4985,359.6946,0.6572844,0.0513255,-0.7518924,0.0,0.0,0.0,1.240519,0.1610552,-2.442043,0.1917135,0.1021667,0.7016256,-0.5943873,-0.005300175,0.8041617,-0.08726641,0.9944983,-0.05794731,-0.7994303,-0.1046194,-0.5915795,static,-1.2379899655845086,8.02430506645689,15.28255883614194,8.284854592980373,-0.7743009999999999,0.028929100000000013,-0.3357760000000001,-0.0213938779267413,0.1395612126422914,0.9899822971275184,-1.1761765746102193,8.978797044958243,16.35831914093737,16.522603268431908,16.47335811083472
05/17/2023 13:14:46.164805,4834,True,True,True,True,Eyes,1.842178,0.1373377,-2.037157,-0.7971698,0.03573482,-0.6026967,0.0,0.0,0.0,0.0,0.0,0.0,0.0,2.895303,-0.06726313,0.4139652,2.020233,0.1317749,-2.111863,-0.02682286,0.8889911,-0.04387682,-0.4550278,5.878685,234.1881,359.553,0.6584675,0.05120937,-0.7508644,0.0,0.0,0.0,1.240519,0.1610552,-2.442043,0.1937725,0.09982341,0.7077506,-0.5844606,-0.007760227,0.811385,-0.08762091,0.9947107,-0.0536019,-0.8066775,-0.1024225,-0.5820492,static,-1.3527072436257956,7.916969126217261,15.311586697068291,8.028223990247932,-0.7797140000000002,0.02928030000000001,-0.3301799999999999,-0.023382120269790363,0.1377002375136656,0.9901979098259762,-1.2499518884235639,8.944951232188211,16.508655259751922,16.664665318770254,16.586890882707678
05/17/2023 13:14:46.185090,4835,True,True,True,True,Eyes,1.849373,0.1370953,-2.040696,-0.8033228,0.03624495,-0.5944399,0.0,0.0,0.0,0.0,0.0,0.0,0.0,2.898133,-0.05433281,0.4521809,2.025991,0.132261,-2.117654,-0.02793906,0.8860728,-0.0411447,-0.4608704,5.662414,234.9273,359.3328,0.6596161,0.05108306,-0.7498643,0.0,0.0,0.0,1.240519,0.1610552,-2.442043,0.196935,0.09762628,0.7135574,-0.5736356,-0.01158733,0.8190286,-0.08743685,0.9950531,-0.04716181,-0.8144305,-0.09866697,-0.571811,static,-1.530589729932656,7.723209327035209,15.428994520006313,7.790626457695776,-0.785472,0.02879420000000002,-0.32438900000000004,-0.02646852727337118,0.13434051880665443,0.9905816746654921,-1.3696693966702007,8.881939467320095,16.810126637382872,16.95971824648878,16.834074773221865
05/17/2023 13:14:46.195690,4836,True,True,True,True,Eyes,1.856523,0.1368565,-2.044343,-0.8094128,0.03679395,-0.5860864,0.0,0.0,0.0,0.0,0.0,0.0,0.0,2.901087,-0.04547959,0.4896247,2.032076,0.1316495,-2.124015,-0.02839299,0.8831896,-0.03913563,-0.4665176,5.487006,235.6501,359.215,0.6607294,0.05094716,-0.7488928,0.0,0.0,0.0,1.240519,0.1610552,-2.442043,0.1992733,0.09540605,0.718986,-0.5631104,-0.01363787,0.8262692,-0.08666771,0.9953246,-0.04263669,-0.8218245,-0.09562001,-0.5616596,static,-1.6751612111555338,7.574543558535668,15.49118161302499,7.558721281809953,-0.7915570000000001,0.029405700000000007,-0.318028,-0.028978050249684806,0.13176063453692594,0.9908579876125316,-1.4652526800576693,8.834122713854317,17.023517094339745,17.166350115902183,17.00433217590419
05/17/2023 13:14:46.214922,4837,True,True,True,True,Eyes,1.863631,0.1365805,-2.048115,-0.8153275,0.03730183,-0.5777972,0.0,0.0,0.0,0.0,0.0,0.0,0.0,2.904248,-0.03950533,0.5232565,2.038181,0.1314861,-2.130386,-0.02872168,0.8805895,-0.03792945,-0.4714857,5.387105,236.2909,359.1472,0.6618085,0.05080267,-0.7479494,0.0,0.0,0.0,1.240519,0.1610552,-2.442043,0.201144,0.09414247,0.7242707,-0.5537528,-0.01481763,0.8325495,-0.08635041,0.9954728,-0.03971683,-0.8281919,-0.09388429,-0.5525254,static,-1.7401816953101241,7.501043845854548,15.521003968209083,7.405922514801018,-0.7976619999999999,0.029569100000000015,-0.31165699999999985,-0.030107598876824015,0.13048507199678133,0.9909930078367384,-1.5095334197297565,8.810059173322795,17.12325141699974,17.26144775440642,17.088323600569698
05/17/2023 13:14:46.235233,4838,True,True,True,True,Eyes,1.870676,0.1363357,-2.051968,-0.8211225,0.03769868,-0.5695057,0.0,0.0,0.0,0.0,0.0,0.0,0.0,2.907309,-0.0403655,0.5548835,2.044111,0.1302916,-2.13696,-0.02822663,0.8781168,-0.03842812,-0.4760647,5.414723,236.8927,359.2527,0.6628525,0.05064921,-0.7470346,0.0,0.0,0.0,1.240519,0.1610552,-2.442043,0.2022453,0.09409868,0.7291771,-0.5451317,-0.01298402,0.8382501,-0.08616109,0.9954531,-0.04061335,-0.8339113,-0.09436414,-0.5437717,static,-1.7490927148621338,7.5543030145310315,15.50194033726305,7.353253672788294,-0.8035920000000001,0.030763600000000002,-0.30508299999999977,-0.030258015179129738,0.1314056023157665,0.9908668492839654,-1.503270060619859,8.83116868641817,17.115587417369007,17.252204560673707,17.069312038385657
05/17/2023 13:14:46.244768,4839,True,True,True,True,Eyes,1.877656,0.1361774,-2.055906,-0.8267441,0.03787045,-0.5613021,0.0,0.0,0.0,0.0,0.0,0.0,0.0,2.910078,-0.04627383,0.5825217,2.049677,0.1308119,-2.142833,-0.02765049,0.8759598,-0.04043277,-0.4798909,5.587938,237.4048,359.4453,0.6638623,0.05048882,-0.7461483,0.0,0.0,0.0,1.240519,0.1610552,-2.442043,0.2023078,0.09444521,0.7342801,-0.5378806,-0.009634798,0.8429663,-0.08724808,0.9952013,-0.04429651,-0.8384944,-0.0973734,-0.53614,static,-1.6674939587064952,7.7436020168131545,15.403870249044797,7.329305793205558,-0.809158,0.0302433,-0.29921,-0.028834016964575604,0.13468426201728764,0.9904689668853679,-1.4287997949026812,8.89877297574159,16.94117251606592,17.07639063955224,16.905679756977072
05/17/2023 13:14:46.265734,4840,True,True,True,True,Eyes,1.884616,0.1360471,-2.059935,-0.8323336,0.03778162,-0.5529858,0.0,0.0,0.0,0.0,0.0,0.0,0.0,2.911307,-0.03659851,0.6174166,2.055039,0.1327749,-2.148822,-0.02988168,0.8730676,-0.04207528,-0.4848608,5.880041,238.0578,359.3447,0.6648378,0.05032541,-0.7452903,0.0,0.0,0.0,1.240519,0.1610552,-2.442043,0.2015871,0.09459455,0.7394821,-0.5280344,-0.01137614,0.8491471,-0.09297875,0.9946735,-0.0444922,-0.8441179,-0.102446,-0.5262796,static,-1.7648000772309913,8.026911355117386,15.248639784207663,7.289686471207646,-0.8145199999999999,0.028280300000000008,-0.29322099999999995,-0.030495255391945475,0.13957325994887076,0.9897420431638988,-1.4184838948107736,9.014335285286583,16.894336900321083,17.029405052680072,16.75611605544677
05/17/2023 13:14:46.285148,4841,True,True,True,True,Eyes,1.891569,0.1359615,-2.064027,-0.8376883,0.03756776,-0.5448549,0.0,0.0,0.0,0.0,0.0,0.0,0.0,2.912807,-0.02420668,0.6537142,2.06153,0.1333809,-2.15515,-0.03241338,0.8700584,-0.04412248,-0.4898991,6.230976,238.7233,359.2408,0.6657799,0.05016027,-0.7444599,0.0,0.0,0.0,1.240519,0.1610552,-2.442043,0.2002662,0.09488699,0.7447993,-0.5178967,-0.01317194,0.855342,-0.09963419,0.9940051,-0.04501969,-0.8496213,-0.1085368,-0.5161043,static,-1.8937986053133506,8.361131225300268,15.050074675463131,7.260337080165165,-0.8210109999999999,0.027674300000000013,-0.28689300000000006,-0.03269612882824913,0.14533413006254323,0.9888421716335362,-1.4128622504271904,9.151595355720731,16.843778952233784,16.97959332566522,16.571214502585516
05/17/2023 13:14:46.294776,4842,True,True,True,True,Eyes,1.898495,0.1359175,-2.068175,-0.8429478,0.03730576,-0.5367004,0.0,0.0,0.0,0.0,0.0,0.0,0.0,2.915408,-0.01828093,0.6820829,2.068319,0.1344035,-2.160826,-0.03385424,0.8678028,-0.04595039,-0.4936201,6.498317,239.22,359.2276,0.6666902,0.04999524,-0.7436559,0.0,0.0,0.0,1.240519,0.1610552,-2.442043,0.199944,0.09468231,0.7497052,-0.510386,-0.01339354,0.859841,-0.1041217,0.9934849,-0.04632948,-0.8536184,-0.113174,-0.5084555,static,-1.8400580501170891,8.613736791907602,14.933030640756062,7.197932692176114,-0.8277999999999999,0.0266517,-0.28121699999999983,-0.031747739225944316,0.1496968999053942,0.9882221166453081,-1.338905249399439,9.245423328570759,16.69878324126907,16.832736125797055,16.400247422507213
05/17/2023 13:14:46.315130,4843,True,True,True,True,Eyes,1.905393,0.1359322,-2.072378,-0.8479407,0.03718149,-0.5287854,0.0,0.0,0.0,0.0,0.0,0.0,0.0,2.917315,-0.01412723,0.7105193,2.074624,0.1353736,-2.16642,0.03453138,-0.8655652,0.04631633,0.4974528,6.576809,239.7278,359.2099,0.6675702,0.04983175,-0.7428771,0.0,0.0,0.0,1.240519,0.1610552,-2.442043,0.1996551,0.09452768,0.754401,-0.5026967,-0.01369796,0.8643544,-0.1058587,0.9933248,-0.04582414,-0.8579569,-0.1145351,-0.5007911,static,-1.8150439553287934,8.684903937920812,14.823691849477143,7.142032339677809,-0.8341050000000001,0.0256816,-0.27562299999999995,-0.0313103772463747,0.15092632854756702,0.9880489850185121,-1.3135182602815973,9.271210454877002,16.578453959530243,16.710116156113216,16.277068211835413
05/17/2023 13:14:46.334821,4844,True,True,True,True,Eyes,1.912255,0.1359726,-2.076641,-0.8528845,0.03714218,-0.5207769,0.0,0.0,0.0,0.0,0.0,0.0,0.0,2.918756,-0.01174144,0.7392495,2.080813,0.1367697,-2.171929,0.03458455,-0.8633515,0.0453448,0.5013702,6.486916,240.2431,359.1783,0.6684204,0.0496719,-0.7421229,0.0,0.0,0.0,1.240519,0.1610552,-2.442043,0.1990305,0.09553082,0.7586515,-0.4948634,-0.01424817,0.8688537,-0.1051863,0.9934955,-0.04361766,-0.8625808,-0.1129763,-0.4931433,static,-1.7935069941741155,8.592097891558979,14.700141658690566,7.177017421040867,-0.8402940000000001,0.024285500000000015,-0.27011399999999997,-0.030946578293492844,0.1493274256002892,0.9883034557789055,-1.3216626676310559,9.23403243933054,16.423177294140203,16.55424110680362,16.153313117017433
05/17/2023 13:14:46.345329,4845,True,True,True,True,Eyes,1.919084,0.1360119,-2.08094,-0.8577717,0.03717466,-0.5126849,0.0,0.0,0.0,0.0,0.0,0.0,0.0,2.918658,-0.01127202,0.7729037,2.086812,0.1374055,-2.177707,0.03415667,-0.8606895,0.04442508,0.5060371,6.375355,240.8618,359.2024,0.6692428,0.04951606,-0.7413918,0.0,0.0,0.0,1.240519,0.1610552,-2.442043,0.1988008,0.09764109,0.7628411,-0.4855196,-0.01383508,0.8741164,-0.103758,0.9937195,-0.0419033,-0.8680466,-0.1110415,-0.4839059,static,-1.8653742729026441,8.482164678577405,14.606722307706118,7.294006332337328,-0.8462930000000002,0.023649699999999996,-0.2643360000000001,-0.032195493239281725,0.14742507571449415,0.9885491129026776,-1.3761935021961063,9.196376740316104,16.38082545755799,16.51489285513663,16.09573269396506
05/17/2023 13:14:46.365194,4846,True,True,True,True,Eyes,1.925866,0.1360802,-2.085263,-0.862463,0.03728254,-0.5047451,0.0,0.0,0.0,0.0,0.0,0.0,0.0,2.917678,-0.0162334,0.8071382,2.092882,0.1373975,-2.183014,0.03293179,-0.8580003,0.0443702,0.5106685,6.302273,241.4854,359.3547,0.6700376,0.04936399,-0.7406836,0.0,0.0,0.0,1.240519,0.1610552,-2.442043,0.1984744,0.1008912,0.7665897,-0.4762663,-0.01119405,0.8792297,-0.1018279,0.9938936,-0.04250483,-0.873385,-0.1097737,-0.4744979,static,-1.9373123246924904,8.41915004571758,14.515468848071873,7.497630752584731,-0.852363,0.023657700000000004,-0.25902899999999995,-0.03344213399084783,0.14633177273788345,0.9886701502995772,-1.4216210076976012,9.17680747449753,16.338515028609557,16.47856808483327,16.0253070964111
05/17/2023 13:14:46.384531,4847,True,True,True,True,Eyes,1.932609,0.1362174,-2.08962,-0.8669944,0.0374627,-0.4969077,0.0,0.0,0.0,0.0,0.0,0.0,0.0,2.915696,-0.01466666,0.8433905,2.098722,0.1381643,-2.188397,0.03287084,-0.8550467,0.04403837,0.515631,6.269673,242.1496,359.3776,0.6708062,0.04921639,-0.7399973,0.0,0.0,0.0,1.240519,0.1610552,-2.442043,0.1985455,0.1037042,0.7703052,-0.4660884,-0.0107971,0.8846723,-0.1016273,0.9939603,-0.04141128,-0.878882,-0.1092082,-0.4643705,static,-2.080148614380819,8.396261949060635,14.45335114442971,7.667481440503186,-0.858203,0.02289090000000002,-0.2536459999999998,-0.03590893035518322,0.14592431503901465,0.9886438432737451,-1.4919131843620632,9.177350008618948,16.40324072014249,16.549553930672605,16.01659007429557
05/17/2023 13:14:46.396210,4848,True,True,True,True,Eyes,1.939322,0.136408,-2.094039,-0.8714433,0.0377395,-0.4890424,0.0,0.0,0.0,0.0,0.0,0.0,0.0,2.914522,-0.01044093,0.8770192,2.104755,0.1399522,-2.194112,0.03320335,-0.8523146,0.04272477,0.5202232,6.164085,242.7592,359.3,0.6715498,0.04907523,-0.7393319,0.0,0.0,0.0,1.240519,0.1610552,-2.442043,0.1980712,0.1059244,0.7740814,-0.456531,-0.01214656,0.8896248,-0.1010522,0.9941443,-0.03828358,-0.8839503,-0.1073762,-0.4550851,static,-2.182374119819221,8.302803423411708,14.352831736315446,7.791894370120867,-0.864236,0.02110300000000001,-0.2479309999999999,-0.03768184600101804,0.14430207112158425,0.9888160368465296,-1.5572286502931345,9.14803349689909,16.39305706835344,16.54309707296323,15.967752967675521
05/17/2023 13:14:46.414944,4849,True,True,True,True,Eyes,1.945978,0.1366374,-2.098491,-0.8757289,0.03808604,-0.4812986,0.0,0.0,0.0,0.0,0.0,0.0,0.0,2.914966,-0.01170559,0.9047382,2.110734,0.1414,-2.200118,0.03263861,-0.8501194,0.04151377,0.5239356,6.014743,243.2554,359.3091,0.6722687,0.04894179,-0.7386873,0.0,0.0,0.0,1.240519,0.1610552,-2.442043,0.1973157,0.106715,0.7781861,-0.4488526,-0.01199233,0.8935254,-0.0989945,0.9944226,-0.03638227,-0.8881056,-0.1047844,-0.4475363,static,-2.167431416756106,8.173802181663719,14.227975875435249,7.808438514110049,-0.870215,0.01965520000000001,-0.24192500000000017,-0.03743613568332671,0.14207669250353,0.9891474835899896,-1.5754603520718065,9.097338607957651,16.250806930159264,16.399477762612126,15.855909310058593
05/17/2023 13:14:46.434874,4850,True,True,True,True,Eyes,1.952568,0.1369109,-2.102979,-0.8799256,0.03855712,-0.4735443,0.0,0.0,0.0,0.0,0.0,0.0,0.0,2.91471,-0.01916943,0.9313321,2.116121,0.142526,-2.205675,0.03112038,-0.8480194,0.04076819,0.5274776,5.852913,243.7354,359.4371,0.6729633,0.04881668,-0.7380629,0.0,0.0,0.0,1.240519,0.1610552,-2.442043,0.1956523,0.1065812,0.7823388,-0.4415978,-0.009772753,0.8971598,-0.09578999,0.9947389,-0.03631383,-0.892085,-0.101975,-0.4402106,static,-2.1211267846893143,8.043942683574922,14.04090293974607,7.7578778916552436,-0.8756020000000002,0.018529199999999996,-0.23636800000000013,-0.03664851905397759,0.13983853056094875,0.9894958254193138,-1.5794039814875034,9.044257100183092,16.02019482260708,16.164561171857063,15.6731860124759
05/17/2023 13:14:46.445924,4851,True,True,True,True,Eyes,1.959074,0.1372062,-2.107501,-0.8840542,0.03894476,-0.4657591,0.0,0.0,0.0,0.0,0.0,0.0,0.0,2.913894,-0.02874754,0.9578338,2.121141,0.1438179,-2.211137,0.02931137,-0.8459013,0.04009059,0.5310226,5.679018,244.2179,359.5963,0.6736335,0.04870074,-0.7374588,0.0,0.0,0.0,1.240519,0.1610552,-2.442043,0.1941166,0.1060222,0.7863142,-0.434312,-0.007011024,0.9007354,-0.09216706,0.9950672,-0.03669536,-0.896035,-0.09895534,-0.4328158,static,-2.073770884156669,7.898163157715311,13.86727891252444,7.679128970238031,-0.8806220000000002,0.01723730000000001,-0.23090600000000006,-0.035843404840708304,0.13732449665818766,0.9898774141523328,-1.5859630006659873,8.984971312976976,15.803263091143913,15.94255451913371,15.50831744102742
05/17/2023 13:14:46.464943,4852,True,True,True,True,Eyes,1.965515,0.1375054,-2.112062,-0.8881235,0.03939657,-0.4579131,0.0,0.0,0.0,0.0,0.0,0.0,0.0,2.910326,-0.02991197,0.9913037,2.125719,0.1446333,-2.216747,0.02887174,-0.8430172,0.03973036,0.5356401,5.619202,244.8452,359.6479,0.6742788,0.04859394,-0.7368759,0.0,0.0,0.0,1.240519,0.1610552,-2.442043,0.193002,0.1054436,0.7900008,-0.4245126,-0.006116391,0.9054016,-0.09124107,0.9951758,-0.03605702,-0.9008132,-0.09791645,-0.4230228,static,-2.1878161407522727,7.865536163526387,13.728787456081038,7.602493160211878,-0.8852000000000002,0.016421900000000017,-0.22529600000000016,-0.03781667471072225,0.13675082326877636,0.9898833060420607,-1.6448813016498451,8.979873276918706,15.78202656586977,15.918777015848919,15.435247554164135
05/17/2023 13:14:46.484823,4853,True,True,True,True,Eyes,1.971858,0.137869,-2.116618,-0.8920881,0.03971831,-0.4501126,0.0,0.0,0.0,0.0,0.0,0.0,0.0,2.907413,-0.03820808,1.022183,2.130586,0.1449979,-2.222374,0.02730796,-0.840412,0.03985204,0.5397905,5.53567,245.4167,359.8344,0.6749009,0.04849532,-0.7363126,0.0,0.0,0.0,1.240519,0.1610552,-2.442043,0.1928425,0.1055768,0.7933396,-0.415761,-0.002876384,0.9094694,-0.08892338,0.9953322,-0.0375031,-0.9051161,-0.09646542,-0.4140761,static,-2.2318262232568666,7.807320812931635,13.662306343304406,7.58032231878234,-0.8900670000000002,0.016057299999999997,-0.21966900000000011,-0.03858242618536256,0.13574102132198762,0.9899928517467895,-1.6765018676738443,8.960322837289151,15.760096220859825,15.895753469394576,15.400760980037735
05/17/2023 13:14:46.494874,4854,True,True,True,True,Eyes,1.978116,0.1382224,-2.121211,-0.8960315,0.04002794,-0.4421825,0.0,0.0,0.0,0.0,0.0,0.0,0.0,2.902649,-0.04298968,1.055956,2.134901,0.14693,-2.227751,0.02654986,-0.8374619,0.03985356,0.5443936,5.489241,246.0489,359.938,0.6754996,0.04840649,-0.7357693,0.0,0.0,0.0,1.240519,0.1610552,-2.442043,0.1936861,0.1061771,0.7963923,-0.4058613,-0.001076956,0.9139339,-0.08786104,0.9954136,-0.03784452,-0.9097015,-0.09565882,-0.4040944,static,-2.342905264996208,7.7826713293478935,13.669205103386414,7.594039696502382,-0.8943820000000002,0.014125200000000004,-0.21429199999999993,-0.04050408537663114,0.13530479940409001,0.9899757969794841,-1.7324996203301426,8.958104783903686,15.876208446253196,16.013221423004687,15.461991526295051
05/17/2023 13:14:46.514560,4855,True,True,True,True,Eyes,1.984311,0.1385845,-2.125826,-0.8999472,0.04027039,-0.4341351,0.0,0.0,0.0,0.0,0.0,0.0,0.0,2.896994,-0.04334808,1.09123,2.13909,0.1470267,-2.233363,0.02628292,-0.8342858,0.04015761,0.5492395,5.501802,246.7173,0.0148142,0.6760746,0.04832624,-0.7352464,0.0,0.0,0.0,1.240519,0.1610552,-2.442043,0.1949008,0.1074078,0.7989141,-0.3952907,0.0002573607,0.9185562,-0.08796722,0.9953932,-0.03813462,-0.9143344,-0.09587708,-0.393447,static,-2.489072799384684,7.812525843665165,13.709919197361927,7.657060072457385,-0.898571,0.0140285,-0.20867999999999975,-0.04302650095164895,0.1358062779451928,0.9898006502509145,-1.794057218273997,8.979191987522677,16.05896550204575,16.19973800148255,15.560247989586449
05/17/2023 13:14:46.535171,4856,True,True,True,True,Eyes,1.990439,0.1389518,-2.130509,-0.903818,0.04023397,-0.4260215,0.0,0.0,0.0,0.0,0.0,0.0,0.0,2.891632,-0.03432204,1.125207,2.143746,0.1476161,-2.238609,0.02754555,-0.83121,0.03999552,0.5538334,5.566481,247.3467,359.9142,0.6766263,0.04825401,-0.7347434,0.0,0.0,0.0,1.240519,0.1610552,-2.442043,0.194183,0.1094902,0.8016841,-0.3850195,-0.001490574,0.9229071,-0.09009399,0.9952832,-0.03597806,-0.9185004,-0.09700065,-0.3833377,static,-2.6181901479058474,7.870842516147103,13.615879383938307,7.777068460777285,-0.9032270000000002,0.01343910000000001,-0.20343400000000011,-0.04525068408729427,0.13680019533903917,0.9895646265267587,-1.842213996212264,9.010130441298912,16.089070137943285,16.23434036658746,15.507194871970327
05/17/2023 13:14:46.545604,4857,True,True,True,True,Eyes,1.996516,0.1393326,-2.135251,-0.9076443,0.04022303,-0.4178085,0.0,0.0,0.0,0.0,0.0,0.0,0.0,2.885224,-0.01571558,1.16261,2.148219,0.1481734,-2.24491,0.03013036,-0.8276749,0.03883159,0.5590516,5.622212,248.0557,359.6282,0.6771552,0.04818913,-0.7342603,0.0,0.0,0.0,1.240519,0.1610552,-2.442043,0.1927682,0.1124212,0.8044657,-0.373107,-0.006458557,0.927766,-0.093294,0.9951686,-0.030591,-0.9230859,-0.0979687,-0.3719069,static,-2.849453017942566,7.912151633912679,13.475288294646566,7.955360019208768,-0.9077000000000002,0.012881799999999999,-0.197133,-0.049239749940717614,0.1374876401271507,0.9892788312579844,-1.940762900644654,9.041210322821554,16.17269718404839,16.324798494545476,15.454245544111684
05/17/2023 13:14:46.565182,4858,True,True,True,True,Eyes,2.002527,0.1397108,-2.140044,-0.9113943,0.040117,-0.4095741,0.0,0.0,0.0,0.0,0.0,0.0,0.0,2.880439,-0.01012534,1.195268,2.153048,0.1488788,-2.251202,0.03069083,-0.8246912,0.03793141,0.5634747,5.575101,248.664,359.5467,0.6776608,0.04813136,-0.7337974,0.0,0.0,0.0,1.240519,0.1610552,-2.442043,0.192342,0.1141726,0.8077946,-0.3631086,-0.007874137,0.9317135,-0.09336768,0.9952385,-0.02797638,-0.9270569,-0.0971504,-0.3621149,static,-2.950203362893754,7.854442573533762,13.393165790179241,8.044821242272526,-0.9125290000000001,0.012176400000000004,-0.19084099999999982,-0.05098642022846789,0.13647917075731603,0.9893299288174708,-1.9984373345240938,9.025574476602348,16.189721161096532,16.344477945505897,15.42281827860997
05/17/2023 13:14:46.584748,4859,True,True,True,True,Eyes,2.008462,0.1400774,-2.144886,-0.9150313,0.03995293,-0.4013995,0.0,0.0,0.0,0.0,0.0,0.0,0.0,2.874598,-0.01307079,1.228504,2.157467,0.1491931,-2.257385,0.02987571,-0.8216494,0.0374113,0.5679791,5.475235,249.2915,359.6203,0.6781434,0.0480799,-0.7333548,0.0,0.0,0.0,1.240519,0.1610552,-2.442043,0.1918351,0.1151001,0.8110784,-0.3530144,-0.00659705,0.9355946,-0.09159239,0.9954157,-0.02754037,-0.9311239,-0.09541549,-0.3520002,static,-3.0539673808377947,7.748347792305977,13.306977160276624,8.076910898867101,-0.9169480000000001,0.011862100000000014,-0.18465799999999977,-0.0527914880449426,0.1346343601541383,0.9894881116271237,-2.066922446195375,8.991488974442259,16.209023593601128,16.3642433369959,15.401079253292693
05/17/2023 13:14:46.595106,4860,True,True,True,True,Eyes,2.014328,0.1404322,-2.149797,-0.9186262,0.03989185,-0.3931088,0.0,0.0,0.0,0.0,0.0,0.0,0.0,2.867382,-0.0163573,1.263855,2.161624,0.1492826,-2.263752,0.02893013,-0.8183462,0.03671464,0.5728216,5.349696,249.9679,359.6957,0.6786034,0.04803371,-0.7329323,0.0,0.0,0.0,1.240519,0.1610552,-2.442043,0.1900629,0.1157976,0.8146107,-0.3420768,-0.005287842,0.9396572,-0.08941161,0.9956301,-0.02694697,-0.9354085,-0.09323418,-0.3410549,static,-3.201612476321486,7.622744840476918,13.133159826721313,8.090439954773808,-0.9211050000000003,0.011772600000000022,-0.17829099999999976,-0.05535757764548915,0.13244645775912622,0.9896430963153265,-2.159431631537477,8.952761805979517,16.186953947419482,16.341466424779362,15.316884555426949
05/17/2023 13:14:46.615132,4861,True,True,True,True,Eyes,2.020133,0.1407645,-2.154783,-0.922093,0.03977085,-0.3849191,0.0,0.0,0.0,0.0,0.0,0.0,0.0,2.860672,-0.01748283,1.297677,2.165792,0.1493282,-2.270409,0.02829127,-0.8151493,0.035705,0.577457,5.214453,250.6152,359.7188,0.6790401,0.04799187,-0.7325304,0.0,0.0,0.0,1.240519,0.1610552,-2.442043,0.187582,0.1151429,0.8181593,-0.3314864,-0.004887028,0.9434476,-0.08735943,0.9958495,-0.02553582,-0.939407,-0.09088379,-0.3305376,static,-3.335226880891947,7.481456779785603,12.913207826249538,8.01085764136658,-0.9252730000000002,0.011727000000000015,-0.17163400000000006,-0.057684210037354466,0.1299885021534697,0.9898360752790314,-2.248528049663313,8.907070056845177,16.106843889058634,16.257056797110682,15.188200402437438
05/17/2023 13:14:46.635192,4862,True,True,True,True,Eyes,2.025875,0.1410719,-2.159848,-0.9255112,0.03968465,-0.3766351,0.0,0.0,0.0,0.0,0.0,0.0,0.0,2.855007,-0.01785548,1.328709,2.170077,0.1491262,-2.277142,0.02783593,-0.8122063,0.03506729,0.5816498,5.125943,251.2042,359.7455,0.679454,0.04795314,-0.732149,0.0,0.0,0.0,1.240519,0.1610552,-2.442043,0.1845578,0.1126297,0.8223602,-0.3218174,-0.004423281,0.9467915,-0.0860108,0.9959909,-0.02458221,-0.9428869,-0.08934527,-0.3209077,static,-3.4063221515569784,7.389364001677666,12.648996309109911,7.798657182252909,-0.9295580000000001,0.011929000000000023,-0.16490099999999996,-0.05892478644943472,0.12838802558520107,0.9899718358374114,-2.2992291783287406,8.876239215846482,15.91901356550605,16.060534604461225,14.987015322019065
05/17/2023 13:14:46.645180,4863,True,True,True,True,Eyes,2.031557,0.1413454,-2.164975,-0.9287819,0.03945958,-0.3685202,0.0,0.0,0.0,0.0,0.0,0.0,0.0,2.848764,-0.0162733,1.360717,2.174274,0.148826,-2.284217,0.02772941,-0.8091061,0.03469044,0.5859823,5.085047,251.8159,359.7575,0.6798438,0.04791644,-0.7317895,0.0,0.0,0.0,1.240519,0.1610552,-2.442043,0.1825564,0.1114302,0.8263318,-0.3117119,-0.004216106,0.9501674,-0.08552802,0.9960553,-0.0236386,-0.9463196,-0.08863435,-0.3108429,static,-3.515002951416271,7.336034107940951,12.457897590668018,7.679963260560086,-0.9337550000000001,0.012229199999999996,-0.15782600000000002,-0.0608099014198753,0.1274520959031119,0.9899788549098588,-2.3597061718964287,8.862810904460058,15.839583494715132,15.97660286135128,14.864740489259939
05/17/2023 13:14:46.665099,4864,True,True,True,True,Eyes,2.037179,0.1415914,-2.170174,-0.932003,0.03929817,-0.3603139,0.0,0.0,0.0,0.0,0.0,0.0,0.0,2.842755,-0.01704757,1.391775,2.178623,0.1483248,-2.291328,0.02726296,-0.806108,0.03454388,0.5901301,5.041058,252.4057,359.8169,0.6802106,0.04788036,-0.731451,0.0,0.0,0.0,1.240519,0.1610552,-2.442043,0.1817995,0.1106916,0.8300386,-0.3020066,-0.003183025,0.9533006,-0.08472455,0.9961269,-0.0235148,-0.9495336,-0.08786958,-0.3011067,static,-3.591671524898278,7.286292473020712,12.35414269243787,7.595985338137123,-0.938104,0.012730400000000003,-0.15071499999999993,-0.06214153549034185,0.12658219237489254,0.9900077892865431,-2.4047295391494186,8.848666973034131,15.814758409965846,15.94882129577304,14.811938456080844
05/17/2023 13:14:46.685048,4865,True,True,True,True,Eyes,2.042743,0.1418231,-2.175475,-0.9351066,0.03909356,-0.3522033,0.0,0.0,0.0,0.0,0.0,0.0,0.0,2.835861,-0.01851114,1.423517,2.182769,0.1478938,-2.298369,0.02666633,-0.803008,0.03421506,0.5943874,4.970924,253.0124,359.8762,0.6805536,0.04784398,-0.7311342,0.0,0.0,0.0,1.240519,0.1610552,-2.442043,0.1819287,0.1122524,0.8331164,-0.2919851,-0.002152543,0.9564205,-0.08350055,0.9962365,-0.02324968,-0.9527709,-0.08665019,-0.291066,static,-3.6928851754374024,7.208095608486005,12.31837785187839,7.673701918295586,-0.94225,0.013161400000000018,-0.14367399999999986,-0.06390145000615033,0.12521696130990634,0.9900692610193229,-2.466606886938112,8.8251657717804,15.881910852019736,16.018031494713206,14.829755316016476
05/17/2023 13:14:46.700771,4866,True,True,True,True,Eyes,2.048249,0.1420105,-2.180865,-0.9381615,0.03899698,-0.3439947,0.0,0.0,0.0,0.0,0.0,0.0,0.0,2.827765,-0.01975032,1.457095,2.186748,0.1477783,-2.305659,0.02603869,-0.7996765,0.03322128,0.5989456,4.837158,253.6608,359.8936,0.6808729,0.04780668,-0.7308382,0.0,0.0,0.0,1.240519,0.1610552,-2.442043,0.1827155,0.1139496,0.8359473,-0.2811723,-0.001849575,0.9596556,-0.08144055,0.9964367,-0.02194104,-0.9561954,-0.08432408,-0.2803209,static,-3.836526473637655,7.06998684367515,12.329408084444031,7.762258208640354,-0.9462290000000002,0.013276900000000008,-0.13638400000000006,-0.0664035013619298,0.12280999600186819,0.9902062401582601,-2.5597057832332135,8.781356570484531,16.042050405644275,16.180750284796147,14.923949652681504
05/17/2023 13:14:46.715211,4867,True,True,True,True,Eyes,2.053696,0.1421611,-2.186357,-0.9410775,0.03883368,-0.335954,0.0,0.0,0.0,0.0,0.0,0.0,0.0,2.82081,-0.01815759,1.488384,2.190842,0.1468805,-2.313271,0.02570039,-0.7965506,0.0318433,0.6031854,4.688232,254.2635,359.8546,0.6811683,0.04776717,-0.7305646,0.0,0.0,0.0,1.240519,0.1610552,-2.442043,0.1807851,0.1169088,0.8389699,-0.2710138,-0.002528506,0.9625721,-0.07935815,0.996651,-0.0197254,-0.9592986,-0.08173381,-0.2703068,static,-3.9526159445570554,6.909106734048892,12.160416742155583,7.932969888714845,-0.950323,0.014174700000000012,-0.1287720000000001,-0.06843324560951891,0.12001262200461632,0.990410958784038,-2.644539640708829,8.72696550122577,16.003867921663318,16.145529354051927,14.826232243264108
05/17/2023 13:14:46.734827,4868,True,True,True,True,Eyes,2.059095,0.1422714,-2.191957,-0.943907,0.03871506,-0.327934,0.0,0.0,0.0,0.0,0.0,0.0,0.0,2.815367,-0.01483284,1.516903,2.194849,0.1461776,-2.321372,0.02572528,-0.7936671,0.03063539,0.6070359,4.580571,254.8127,359.7907,0.6814395,0.04772441,-0.7303138,0.0,0.0,0.0,1.240519,0.1610552,-2.442043,0.179443,0.1222249,0.8426108,-0.261692,-0.003641058,0.9651449,-0.07802816,0.9967993,-0.01739627,-0.9619924,-0.07986093,-0.2611385,static,-4.02097872588527,6.790208660941425,12.022153577161019,8.253472942668317,-0.9543300000000001,0.014877600000000019,-0.12067099999999975,-0.06963226493329688,0.11794729019687311,0.9905754758176066,-2.6992008295703345,8.685625135735581,15.960531663035034,16.10972490302752,14.72769605493546
05/17/2023 13:14:46.744969,4869,True,True,True,True,Eyes,2.064431,0.1423362,-2.197636,-0.9465957,0.0384671,-0.3201202,0.0,0.0,0.0,0.0,0.0,0.0,0.0,2.81334,-0.01316571,1.539242,2.199092,0.1453105,-2.329635,0.02560966,-0.7914603,0.03008546,0.6099424,4.523255,255.2309,359.7794,0.6816863,0.04767737,-0.7300861,0.0,0.0,0.0,1.240519,0.1610552,-2.442043,0.1803387,0.1256986,0.8465951,-0.254629,-0.003837265,0.9670314,-0.07723884,0.996878,-0.01638205,-0.9639494,-0.07886372,-0.2541305,static,-3.9654982899149225,6.7179244770336375,12.025209391386124,8.445319181105308,-0.9585729999999999,0.0157447,-0.11240799999999984,-0.06868319344872736,0.11670519150075251,0.9907888759485535,-2.68770417061073,8.654130886218077,15.92978183372157,16.083737893054437,14.714395258079179
05/17/2023 13:14:46.764682,4870,True,True,True,True,Eyes,2.069722,0.1423767,-2.203418,-0.9491974,0.03824238,-0.3123491,0.0,0.0,0.0,0.0,0.0,0.0,0.0,2.812264,-0.008622501,1.559256,2.203035,0.1443563,-2.337943,0.02599151,-0.7894487,0.02979411,0.6125419,4.5244,255.6063,359.7392,0.6819088,0.04762499,-0.7298815,0.0,0.0,0.0,1.240519,0.1610552,-2.442043,0.1807142,0.1264376,0.8507138,-0.2482339,-0.004537645,0.9686894,-0.07753821,0.9968734,-0.01520007,-0.965592,-0.07888363,-0.2478097,static,-3.8749963227049915,6.703582531629365,11.992872853243904,8.453719227341452,-0.9625159999999999,0.016698900000000017,-0.10409999999999986,-0.06711997174836665,0.11646960243145457,0.9909237534581516,-2.6487830861613246,8.642671046150353,15.810934380509421,15.964092540407897,14.642875108316387
05/17/2023 13:14:46.784743,4871,True,True,True,True,Eyes,2.07495,0.1423815,-2.20929,-0.9516858,0.03794648,-0.3047199,0.0,0.0,0.0,0.0,0.0,0.0,0.0,2.811502,-0.001873262,1.578894,2.20722,0.1438168,-2.346262,0.02668534,-0.787496,0.02886007,0.6150653,4.489754,255.9678,359.6248,0.6821069,0.04756699,-0.7297,0.0,0.0,0.0,1.240519,0.1610552,-2.442043,0.1807955,0.1242967,0.8552827,-0.2419656,-0.006527538,0.9702631,-0.07753085,0.9969099,-0.01262793,-0.9671825,-0.07828083,-0.241724,static,-3.788465891283882,6.644674945347901,11.935861285556967,8.268803931525879,-0.966701,0.017238400000000015,-0.09578100000000012,-0.06563112927472387,0.11546219401251821,0.9911412872774399,-2.6203703300721806,8.61429654838485,15.661869450322083,15.807980899788536,14.560331177419888
05/17/2023 13:14:46.794618,4872,True,True,True,True,Eyes,2.080128,0.1423438,-2.215286,-0.954096,0.03775004,-0.2971125,0.0,0.0,0.0,0.0,0.0,0.0,0.0,2.810155,0.005934168,1.599683,2.211074,0.143039,-2.355139,0.02740215,-0.785365,0.02726058,0.6178252,4.39767,256.3617,359.4623,0.6822805,0.04750277,-0.7295417,0.0,0.0,0.0,1.240519,0.1610552,-2.442043,0.1795044,0.1223875,0.8599098,-0.2350827,-0.009356841,0.9719306,-0.07672592,0.997012,-0.008959533,-0.9689426,-0.07667849,-0.2350981,static,-3.741574928388338,6.531095289358549,11.791054147226028,8.100275090372518,-0.9705550000000001,0.01801620000000001,-0.08690400000000009,-0.06483469043966167,0.11350311617941532,0.991419984630836,-2.620873712469252,8.567450638663416,15.472924743431482,15.611690851683267,14.419497828495341
05/17/2023 13:14:46.814893,4873,True,True,True,True,Eyes,2.085259,0.1422664,-2.221426,-0.9564272,0.03755178,-0.2895462,0.0,0.0,0.0,0.0,0.0,0.0,0.0,2.809183,0.01046972,1.619962,2.215011,0.1419715,-2.364203,0.02755055,-0.7833109,0.02554334,0.6204939,4.255639,256.744,359.3414,0.6824293,0.04743154,-0.7294073,0.0,0.0,0.0,1.240519,0.1610552,-2.442043,0.1779407,0.1213175,0.8647519,-0.2284569,-0.01146231,0.9734867,-0.07486026,0.997177,-0.00582686,-0.9706718,-0.07420664,-0.22867,static,-3.6804810377312296,6.370504291680543,11.627502873819129,7.986000716956336,-0.9744920000000001,0.01908370000000001,-0.07784000000000013,-0.06379759006581559,0.11073129980428842,0.9918006723938512,-2.6239847607629,8.501556146147873,15.26042258581714,15.392991916335285,14.260809836724327
05/17/2023 13:14:46.834967,4874,True,True,True,True,Eyes,2.090336,0.1421556,-2.227704,-0.958698,0.03737281,-0.2819599,0.0,0.0,0.0,0.0,0.0,0.0,0.0,2.807663,0.01288022,1.64155,2.218934,0.14095,-2.373665,0.02745854,-0.781104,0.02440267,0.6233196,4.149142,257.1537,359.2834,0.6825526,0.04735266,-0.7292971,0.0,0.0,0.0,1.240519,0.1610552,-2.442043,0.1753582,0.1204733,0.8695446,-0.2214379,-0.01247462,0.9750949,-0.07331727,0.997301,-0.003891175,-0.9724146,-0.07235292,-0.2217549,static,-3.6400396250296643,6.2504828245156805,11.401725604208197,7.887976340522185,-0.978415,0.020105200000000018,-0.06837800000000005,-0.0631120460373309,0.10865820134894096,0.9920737030402029,-2.628715183669035,8.452650433738947,15.003800075770405,15.13063403253388,14.04179922708195
05/17/2023 13:14:46.853733,4875,True,True,True,True,Eyes,2.095368,0.1420142,-2.234111,-0.9609209,0.03710445,-0.2743251,0.0,0.0,0.0,0.0,0.0,0.0,0.0,2.804798,0.01559673,1.665262,2.222702,0.1400357,-2.383322,0.02754511,-0.7786252,0.0240979,0.626421,4.130945,257.6086,359.2702,0.6826499,0.04726579,-0.7292118,0.0,0.0,0.0,1.240519,0.1610552,-2.442043,0.1737289,0.1178041,0.8745056,-0.213676,-0.01270377,0.976822,-0.07308552,0.9973211,-0.003016807,-0.9741668,-0.07203615,-0.2140321,static,-3.6398272248977848,6.21605247418663,11.236065969192072,7.672093416754988,-0.982183,0.021019499999999997,-0.0587209999999998,-0.06311249416357545,0.10806201932662604,0.9921387956410771,-2.6353215362589504,8.439367513398848,14.827449005908814,14.946981419283436,13.892591582054205
05/17/2023 13:14:46.864766,4876,True,True,True,True,Eyes,2.100358,0.1418595,-2.240655,-0.9630792,0.03681151,-0.2666897,0.0,0.0,0.0,0.0,0.0,0.0,0.0,2.80222,0.0186519,1.688849,2.226647,0.1392004,-2.393254,0.02778469,-0.7761598,0.02442755,0.62945,4.180428,258.0568,359.2888,0.682721,0.04717071,-0.7291515,0.0,0.0,0.0,1.240519,0.1610552,-2.442043,0.1741967,0.1144938,0.8790528,-0.2060416,-0.01237889,0.978465,-0.07388256,0.9972626,-0.002941214,-0.9757502,-0.07289751,-0.2063921,static,-3.6317162290043368,6.24994548016523,11.20875284180869,7.420816371259407,-0.9861279999999999,0.021854800000000008,-0.04878899999999975,-0.06296798565838596,0.10864989124966877,0.9920837982452746,-2.624983434777193,8.451897727540349,14.773421691052684,14.88658660960832,13.8721082800488
05/17/2023 13:14:46.884766,4877,True,True,True,True,Eyes,2.105299,0.1416982,-2.247322,-0.9651758,0.03641777,-0.259055,0.0,0.0,0.0,0.0,0.0,0.0,0.0,2.799895,0.02096884,1.711808,2.230602,0.1387329,-2.403186,0.02797947,-0.7737656,0.02484738,0.632366,4.234495,258.4901,359.3178,0.6827657,0.0470678,-0.7291166,0.0,0.0,0.0,1.240519,0.1610552,-2.442043,0.1744227,0.110889,0.8832729,-0.1986611,-0.01187381,0.9799964,-0.07472438,0.9971995,-0.003065567,-0.9772156,-0.07383863,-0.198992,static,-3.6085380981132222,6.283408417687969,11.17065673879475,7.155664529666815,-0.9900830000000003,0.022322300000000017,-0.03885700000000014,-0.06256263378615429,0.10923208016164747,0.9920455339447439,-2.6077844035854296,8.463274508057216,14.698383713655746,14.804912385832337,13.840349857197289
05/17/2023 13:14:46.895136,4878,True,True,True,True,Eyes,2.110199,0.1415244,-2.254109,-0.9671934,0.03598448,-0.2514797,0.0,0.0,0.0,0.0,0.0,0.0,0.0,2.798409,0.02363491,1.73345,2.234442,0.1384585,-2.413419,0.02825008,-0.7714959,0.02518355,0.6351076,4.286381,258.8986,359.3334,0.682784,0.04695763,-0.7291068,0.0,0.0,0.0,1.240519,0.1610552,-2.442043,0.1743584,0.1067898,0.887302,-0.1916806,-0.0116011,0.9813889,-0.07557817,0.9971355,-0.002974339,-0.9785431,-0.0747417,-0.1920083,static,-3.5661206355586197,6.3117652700652185,11.11720214397588,6.862732671669797,-0.9939230000000001,0.022596699999999997,-0.02862399999999976,-0.06182478063493985,0.10972810099738955,0.9920370132547821,-2.5827119239459666,8.47142228195236,14.594376059074506,14.693656213673561,13.794039572607947
05/17/2023 13:14:46.914789,4879,True,True,True,True,Eyes,2.115054,0.1413177,-2.261032,-0.96916,0.03541525,-0.2438742,0.0,0.0,0.0,0.0,0.0,0.0,0.0,2.798247,0.02599299,1.752115,2.238289,0.1379938,-2.423178,0.0285073,-0.7695708,0.02589707,0.637399,4.370193,259.2429,359.3758,0.6827757,0.04684054,-0.7291222,0.0,0.0,0.0,1.240519,0.1610552,-2.442043,0.1716952,0.1052327,0.8910972,-0.1858197,-0.01086323,0.9825239,-0.0768903,0.9970334,-0.003518207,-0.9795709,-0.07620031,-0.1861038,static,-3.4557862709948717,6.36641254611902,10.906009213184044,6.735059961403904,-0.99777,0.02306140000000001,-0.01886499999999991,-0.05990789240360772,0.1106871911778044,0.9920480639037246,-2.5212162575272563,8.485249899292358,14.27177751613061,14.36652603958863,13.540810487559607
05/17/2023 13:14:46.935042,4880,True,True,True,True,Eyes,2.119865,0.141066,-2.268053,-0.9710584,0.03471783,-0.2363057,0.0,0.0,0.0,0.0,0.0,0.0,0.0,2.797463,0.03519402,1.771484,2.241976,0.1371158,-2.433092,0.02979461,-0.7674902,0.02705828,0.6397961,4.568959,259.6051,359.3614,0.682741,0.04671614,-0.7291628,0.0,0.0,0.0,1.240519,0.1610552,-2.442043,0.170227,0.1033683,0.8950236,-0.1795466,-0.01111056,0.9836867,-0.08035769,0.9967602,-0.00340899,-0.980462,-0.07965887,-0.1798576,static,-3.374742772104925,6.525041290866081,10.76862569653789,6.588031235073377,-1.0014570000000003,0.0239394,-0.008951000000000153,-0.0584863150391306,0.11344293034712613,0.9918216474197159,-2.4529740070561257,8.541070679789607,14.05223667492474,14.143508736267359,13.365068716422481
05/17/2023 13:14:46.944774,4881,True,True,True,True,Eyes,2.124613,0.1408544,-2.27513,-0.9729089,0.03383834,-0.2286994,0.0,0.0,0.0,0.0,0.0,0.0,0.0,2.795741,0.04471077,1.791533,2.24572,0.1358187,-2.44255,0.03107724,-0.765334,0.02843135,0.6422537,4.786204,259.9789,359.3647,0.6826802,0.04658377,-0.7292283,0.0,0.0,0.0,1.240519,0.1610552,-2.442043,0.1671312,0.1007515,0.8988633,-0.1730888,-0.01104865,0.9848441,-0.0840892,0.9964517,-0.003600016,-0.98131,-0.0834379,-0.1734037,static,-3.3019888458313695,6.692664677044311,10.533073045634362,6.395456602184676,-1.005201,0.025236500000000023,0.0005070000000002572,-0.05720747354612127,0.11635273314824876,0.9915591374057964,-2.386801117438961,8.60090127855538,13.751697660423087,13.83825387035695,13.106759119255281
05/17/2023 13:14:46.964897,4882,True,True,True,True,Eyes,2.12931,0.140889,-2.282286,-0.9747967,0.03284016,-0.2206647,0.0,0.0,0.0,0.0,0.0,0.0,0.0,2.789688,0.06279526,1.815866,2.248881,0.1365516,-2.451032,0.03385731,-0.7625723,0.02924602,0.6453541,5.066063,260.4462,359.201,0.6825941,0.04644562,-0.7293177,0.0,0.0,0.0,1.240519,0.1610552,-2.442043,0.1635161,0.1009665,0.902353,-0.1647438,-0.01388922,0.9862387,-0.08938538,0.9959967,-0.0009045063,-0.982278,-0.08830433,-0.1653258,static,-3.3199374102881243,6.905938093470225,10.271155515651175,6.384410178331858,-1.008362,0.024503600000000014,0.008989000000000136,-0.05749265956175614,0.12004084134551857,0.9911028114032276,-2.353545450678035,8.68427057978824,13.514686803662155,13.601095481165693,12.832475690817452
05/17/2023 13:14:46.985427,4883,True,True,True,True,Eyes,2.133985,0.1408589,-2.289557,-0.976743,0.03148875,-0.2120886,0.0,0.0,0.0,0.0,0.0,0.0,0.0,2.774558,0.09408081,1.853829,2.25222,0.1425928,-2.459853,0.03902218,-0.7581466,0.02759387,0.6503302,5.312914,261.1831,358.6603,0.682483,0.04631019,-0.7294302,0.0,0.0,0.0,1.240519,0.1610552,-2.442043,0.1599889,0.1020701,0.9062941,-0.1510957,-0.02327882,0.988245,-0.09505932,0.9954317,0.008914207,-0.9839379,-0.092595,-0.1526183,static,-3.6247452281596386,7.038965370803231,10.011330206909998,6.425779621961631,-1.011701,0.018462400000000018,0.01780999999999988,-0.06274693225728434,0.1223028429532553,0.9905073653301995,-2.468133054453049,8.755518482419468,13.56095662886058,13.649855311815287,12.695065436997062
05/17/2023 13:14:46.994637,4884,True,True,True,True,Eyes,2.138706,0.1408264,-2.29691,-0.9786003,0.03011204,-0.2035554,0.0,0.0,0.0,0.0,0.0,0.0,0.0,2.749665,0.1461561,1.905885,2.256285,0.1412068,-2.470558,0.04638064,-0.751724,0.02862107,0.6572217,5.96927,262.229,358.1499,0.6823474,0.04617512,-0.7295655,0.0,0.0,0.0,1.240519,0.1610552,-2.442043,0.1556936,0.103533,0.9099377,-0.1318165,-0.03211011,0.9907538,-0.1073517,0.9940593,0.01793444,-0.9854439,-0.103995,-0.1344805,static,-4.260306977178945,7.567522176082652,9.709488651477548,6.491216334827204,-1.0157660000000002,0.019848400000000016,0.028515000000000068,-0.07364439103507137,0.13133690112516136,0.9885986066418082,-2.6581529871390632,9.000879984504058,13.913147628194983,14.011196386117447,12.619705675480418
