,Time,Frame,EyeTrackingEnabled,EyeCalibrationValid,EyeTrackingEnabledAndValid,EyeTrackingDataValid,GazeInputSource,EyeGazeOrigin.x,EyeGazeOrigin.y,EyeGazeOrigin.z,EyeGazeDirection.x,EyeGazeDirection.y,EyeGazeDirection.z,EyeHitInfo.distance,EyeHitPosition.x,EyeHitPosition.y,EyeHitPosition.z,EyeHitNormal.x,EyeHitNormal.y,EyeHitNormal.z,LocalEyeHitPosition.x,LocalEyeHitPosition.y,LocalEyeHitPosition.z,HeadGazeOrigin.x,HeadGazeOrigin.y,HeadGazeOrigin.z,HeadRotation.x,HeadRotation.y,HeadRotation.z,HeadRotation.w,HeadEulerAngles.x,HeadEulerAngles.y,HeadEulerAngles.z,HeadMovementDirection.x,HeadMovementDirection.y,HeadMovementDirection.z,HeadVelocity.x,HeadVelocity.y,HeadVelocity.z,transform.position.x,transform.position.y,transform.position.z,localTransform.position.x,localTransform.position.y,localTransform.position.z,localXAxis.x,localXAxis.y,localXAxis.z,localYAxis.x,localYAxis.y,localYAxis.z,localZAxis.x,localZAxis.y,localZAxis.z,Movement,GazeAngleX,GazeAngleY,TargetAngleX,TargetAngleY,globalTargetVector.x,globalTargetVector.y,globalTargetVector.z,localEyeGazeX,localEyeGazeY,localEyeGazeZ,CalibratedGazeAngleX,CalibratedGazeAngleY,cosineError,euclideanError,recalibratedEuclideanError
0,05/15/2023 12:46:04.822840,213,True,True,True,True,Eyes,1.339588,-0.3049264,-3.230556,0.2627646,-0.206264,0.942555,0.0,0.0,0.0,0.0,0.0,0.0,0.0,-1.40526,0.3538884,3.206598,1.340783,-0.3038385,-3.239173,0.006838049,0.01022389,0.00217385,0.9999221,0.7809988,1.173374,0.2571214,0.3828108,-0.08655708,-0.9197624,0,0,0,1.961155,-0.7280989,-1.342085,0.5796003,-0.4007999,1.915,0.9997815,0.004487184,-0.02041645,-0.004207538,0.999897,0.01371948,0.02047591,-0.01363058,0.9996974,static,14.315190058658166,-11.560384125452138,16.83913981006744,-11.821085513920774,0.6203719999999999,-0.4242604,1.897088,0.2425380099791095,-0.1944169885828352,0.9504616504625084,14.88268903682718,-11.379583066460018,2.47804068305342,2.5373780880248047,2.005648034732477
1,05/15/2023 12:46:04.843114,214,True,True,True,True,Eyes,1.33964,-0.3049268,-3.230561,0.263687,-0.2066171,0.94222,0.0,0.0,0.0,0.0,0.0,0.0,0.0,-1.404518,0.3552771,3.206779,1.3408,-0.3038284,-3.239178,0.006878999,0.01014874,0.002587267,0.9999215,0.785229,1.165098,0.3044858,0.3826886,-0.08658737,-0.9198104,0,0,0,1.961226,-0.7277492,-1.342031,0.5796002,-0.4007999,1.915,0.9997806,0.005313755,-0.0202603,-0.005034502,0.9998919,0.01380943,0.02033149,-0.0137044,0.9996994,static,14.371132973129924,-11.59289529174273,16.839137069198276,-11.821085513920774,0.6204259999999999,-0.4239208,1.897147,0.2434415883535888,-0.1949107881622062,0.9501294470224988,14.937402229957735,-11.411683909382942,2.4218948905984945,2.4785308139516498,1.945303336906456
2,05/15/2023 12:46:04.862721,215,True,True,True,True,Eyes,1.33969,-0.3049286,-3.230561,0.2645715,-0.2069526,0.9418983,0.0,0.0,0.0,0.0,0.0,0.0,0.0,-1.404426,0.3562145,3.206771,1.340817,-0.3036959,-3.239238,0.007111302,0.01011606,0.00243144,0.9999207,0.812039,1.161301,0.2868739,0.3825799,-0.08661458,-0.919853,0,0,0,1.96099,-0.7286888,-1.342248,0.5796,-0.4007999,1.915,0.9997835,0.005006371,-0.02019594,-0.004718617,0.999887,0.01427067,0.0202651,-0.01417228,0.9996942,static,14.431770542008776,-11.5854521208379,16.839131587459715,-11.821085513920774,0.6201730000000001,-0.4249929,1.89699,0.2444556289915541,-0.1947361168895509,0.9499048136708348,14.996661884860195,-11.403754396996588,2.362909174755849,2.41886549834636,1.8891426272651703
3,05/15/2023 12:46:04.872623,216,True,True,True,True,Eyes,1.339732,-0.304935,-3.230566,0.2656882,-0.2073943,0.9414868,0.0,0.0,0.0,0.0,0.0,0.0,0.0,-1.404789,0.3550234,3.206617,1.340812,-0.3037347,-3.239111,0.007008406,0.01015225,0.002225531,0.9999216,0.800478,1.165252,0.2631869,0.3824832,-0.08663908,-0.9198908,0,0,0,1.960953,-0.7285827,-1.342079,0.5796002,-0.4007999,1.915,0.9997839,0.004593015,-0.02027171,-0.00430841,0.9998919,0.0140609,0.02033411,-0.01397052,0.9996957,static,14.501993737491825,-11.621655449312865,16.839137069198276,-11.821085513920774,0.620141,-0.424848,1.897032,0.2455926913949081,-0.1952784171368359,0.9495001735649694,15.06533659739782,-11.43943817254805,2.2928442977487133,2.345636652086051,1.8143932338212656
4,05/15/2023 12:46:04.892747,217,True,True,True,True,Eyes,1.339773,-0.3049398,-3.23057,0.2667411,-0.2078203,0.9410951,0.0,0.0,0.0,0.0,0.0,0.0,0.0,-1.403352,0.3550921,3.207355,1.340779,-0.3038389,-3.23923,0.006978713,0.009938805,0.002281386,0.9999237,0.7970681,1.140826,0.2693827,0.3823972,-0.08666125,-0.9199245,0,0,0,1.960155,-0.7285104,-1.341908,0.5796001,-0.4007999,1.915,0.999792,0.004701144,-0.01984425,-0.004423704,0.9998922,0.01400171,0.01990793,-0.01391101,0.9997051,static,14.59052586754319,-11.65765208120736,16.839134328329035,-11.821085513920774,0.6193760000000001,-0.4246715,1.897322,0.2470333073205797,-0.1958009384615231,0.9490187650079176,15.15190634784916,-11.47477039354218,2.205234717206279,2.2545399745505006,1.7224030947246458
5,05/15/2023 12:46:04.912791,218,True,True,True,True,Eyes,1.339803,-0.3049395,-3.230578,0.26792,-0.208271,0.9406605,0.0,0.0,0.0,0.0,0.0,0.0,0.0,-1.401581,0.3556449,3.208054,1.340781,-0.3038014,-3.239218,0.007036001,0.009671204,0.002361673,0.9999258,0.8036154,1.110239,0.2784338,0.3823208,-0.08668129,-0.9199544,0,0,0,1.959206,-0.7285993,-1.341614,0.5796001,-0.4007999,1.915,0.9998018,0.004859089,-0.01930773,-0.004586902,0.9998899,0.01411664,0.0193742,-0.01402528,0.999714,static,14.691957785857298,-11.686819030625776,16.839134328329035,-11.821085513920774,0.618425,-0.4247978999999999,1.897604,0.2486928623081451,-0.1961980171878434,0.9485031947177568,15.251077224178132,-11.503164358506796,2.105431960778521,2.151370398856805,1.6195676049810048
6,05/15/2023 12:46:04.926975,219,True,True,True,True,Eyes,1.339836,-0.3049431,-3.230586,0.2690418,-0.2086987,0.9402453,0.0,0.0,0.0,0.0,0.0,0.0,0.0,-1.399677,0.3530867,3.209271,1.340793,-0.3036799,-3.239327,0.006645553,0.009374065,0.002389715,0.9999312,0.7589271,1.076092,0.2809866,0.3822526,-0.08669928,-0.9199809,0,0,0,1.958111,-0.7269626,-1.341024,0.5796003,-0.4007999,1.915,0.9998128,0.004903692,-0.01871508,-0.004654508,0.9999003,0.01333499,0.0187786,-0.01324539,0.999736,static,14.797070223427507,-11.764281115670444,16.83913981006744,-11.821085513920774,0.617318,-0.4232827,1.898303,0.2503712882933078,-0.1973919763247622,0.947813529858048,15.353896373542996,-11.579871432187414,2.002894787423201,2.042859499902127,1.5047033923552553
7,05/15/2023 12:46:04.942901,220,True,True,True,True,Eyes,1.339851,-0.3049414,-3.230589,0.2702733,-0.2091503,0.9397917,0.0,0.0,0.0,0.0,0.0,0.0,0.0,-1.398918,0.3528965,3.209655,1.34087,-0.3037767,-3.239318,0.006591993,0.009245887,0.002410738,0.9999327,0.7528034,1.061403,0.2832415,0.382192,-0.08671552,-0.9200047,0,0,0,1.957718,-0.7268324,-1.340812,0.5796002,-0.4007999,1.915,0.9998174,0.00494305,-0.01845875,-0.004699254,0.9999014,0.01322767,0.01852231,-0.01313852,0.9997421,static,14.887844022009494,-11.803855794012184,16.839137069198276,-11.821085513920774,0.6168480000000001,-0.4230557,1.898506,0.2518427351811107,-0.1979685150342856,0.9473033557754804,15.44266091542725,-11.618767474463098,1.9151182044871484,1.9513691140467024,1.4110557172348357
8,05/15/2023 12:46:04.962643,221,True,True,True,True,Eyes,1.339867,-0.3049395,-3.230594,0.2714547,-0.2095723,0.9393571,0.0,0.0,0.0,0.0,0.0,0.0,0.0,-1.398813,0.3503867,3.209926,1.340979,-0.3036479,-3.239235,0.00628872,0.009195765,0.002255215,0.9999354,0.7182301,1.055457,0.2650605,0.3821377,-0.08673006,-0.9200258,0,0,0,1.957509,-0.7257357,-1.34041,0.5796001,-0.4007999,1.915,0.9998207,0.004625798,-0.01836198,-0.00439448,0.9999107,0.0126181,0.01841871,-0.01253515,0.9997518,static,14.9721608527355,-11.864179576371068,16.839134328329035,-11.821085513920774,0.61653,-0.4220877999999999,1.898825,0.2531881365924389,-0.1988935880929788,0.946750797466862,15.52513625427007,-11.678483851641026,1.8358453949286333,1.867470764640849,1.3217133474076808
9,05/15/2023 12:46:04.972627,222,True,True,True,True,Eyes,1.33988,-0.3049477,-3.230597,0.2726907,-0.2100327,0.9388962,0.0,0.0,0.0,0.0,0.0,0.0,0.0,-1.399074,0.3488788,3.210012,1.341023,-0.303646,-3.239253,0.006103241,0.009217409,0.002141691,0.9999367,0.6970905,1.057806,0.25187,0.3820892,-0.08674308,-0.9200447,0,0,0,1.957541,-0.7251631,-1.340298,0.5796002,-0.4008,1.915,0.9998209,0.004395622,-0.01840751,-0.004170598,0.9999163,0.01224519,0.01845979,-0.01216623,0.9997556,static,15.050121805155404,-11.914381082911694,16.839137069198276,-11.821088380307142,0.6165179999999999,-0.4215170999999999,1.898955,0.2544359017374044,-0.1996554482406337,0.9462558328513097,15.601388650930268,-11.728118308188442,1.7637567556533058,1.7914461039444218,1.2412351031270077
10,05/15/2023 12:46:04.992654,223,True,True,True,True,Eyes,1.339896,-0.3049532,-3.230601,0.2738866,-0.2105079,0.9384416,0.0,0.0,0.0,0.0,0.0,0.0,0.0,-1.400404,0.3494012,3.209364,1.341021,-0.3038884,-3.23922,0.006144315,0.009425766,0.002147716,0.9999345,0.7017381,1.0817,0.2527502,0.3820459,-0.086755,-0.9200616,0,0,0,1.958336,-0.7255514,-1.340556,0.5796002,-0.4008,1.915,0.9998131,0.004410979,-0.0188239,-0.004179319,0.9999153,0.01232831,0.01887669,-0.01224734,0.9997468,static,15.10023884880452,-11.941860843357397,16.839137069198276,-11.821088380307142,0.6173150000000001,-0.4216629999999999,1.898664,0.255241728851017,-0.2000653241567819,0.9459522229773104,15.650402300978772,-11.75522887280384,1.7176618205513638,1.7430872062865344,1.1905577784813537
11,05/15/2023 12:46:05.013035,224,True,True,True,True,Eyes,1.339899,-0.3049551,-3.230601,0.2751066,-0.2109321,0.9379894,0.0,0.0,0.0,0.0,0.0,0.0,0.0,-1.400841,0.3532299,3.208791,1.341082,-0.3038216,-3.239237,0.006659555,0.009507352,0.002357408,0.99993,0.7605292,1.091347,0.277401,0.3820072,-0.08676586,-0.9200767,0,0,0,1.958881,-0.7271941,-1.341111,0.5796,-0.4007999,1.915,0.9998081,0.004841115,-0.01898197,-0.004587857,0.9999002,0.013363,0.01904477,-0.01327335,0.9997305,static,15.158593291627891,-11.919292971129307,16.839131587459715,-11.821085513920774,0.617799,-0.4233724999999999,1.898126,0.2562277769097169,-0.1996388437741635,0.945775747776792,15.70741447113578,-11.732177962272786,1.657974080104087,1.683405378513653,1.1352040275301174
12,05/15/2023 12:46:05.023153,225,True,True,True,True,Eyes,1.339904,-0.3049542,-3.230604,0.2762729,-0.2113692,0.937548,0.0,0.0,0.0,0.0,0.0,0.0,0.0,-1.401281,0.3513984,3.208734,1.341166,-0.303725,-3.239147,0.006380997,0.009564488,0.002379731,0.9999311,0.7285694,1.09783,0.2796956,0.3819724,-0.08677569,-0.9200902,0,0,0,1.959199,-0.726009,-1.340855,0.5796001,-0.4008,1.915,0.9998057,0.004881195,-0.01909729,-0.004637071,0.9999073,0.01280663,0.01915803,-0.01271559,0.9997356,static,15.22572480388427,-11.9824997194598,16.839134328329035,-11.821088380307142,0.6180329999999998,-0.422284,1.898292,0.2572828669423238,-0.2006238548967975,0.9452806469569432,15.773095822096693,-11.794915893253089,1.6002888427754762,1.6214635099119972,1.066359740354388
13,05/15/2023 12:46:05.042776,226,True,True,True,True,Eyes,1.339898,-0.3049556,-3.230609,0.2774401,-0.2117963,0.9371069,0.0,0.0,0.0,0.0,0.0,0.0,0.0,-1.402076,0.351421,3.208486,1.341227,-0.3036545,-3.239228,0.00661902,0.00962499,0.001853821,0.9999301,0.7564079,1.104436,0.2197375,0.3819413,-0.0867845,-0.9201023,0,0,0,1.959058,-0.7274746,-1.341213,0.5795999,-0.4007999,1.915,0.9998078,0.003834799,-0.01922409,-0.003579967,0.9999055,0.0132728,0.01927317,-0.01320143,0.9997271,static,15.302164425610435,-11.96906184949814,16.83912884659031,-11.821085513920774,0.617831,-0.4238201,1.898015,0.2585595636492825,-0.2003314803929002,0.944994324754594,15.847794172875584,-11.780860991325207,1.523683171147426,1.5440714449949866,0.9921504157773264
14,05/15/2023 12:46:05.062802,227,True,True,True,True,Eyes,1.339893,-0.3049559,-3.230615,0.2785564,-0.2121734,0.9366903,0.0,0.0,0.0,0.0,0.0,0.0,0.0,-1.402998,0.3535396,3.207891,1.341214,-0.3036957,-3.239271,0.006967478,0.009765156,0.001792788,0.9999266,0.7963748,1.120533,0.2132409,0.381913,-0.08679245,-0.9201133,0,0,0,1.959528,-0.7289137,-1.341725,0.5795999,-0.4007999,1.915,0.9998028,0.003721389,-0.0195039,-0.003449235,0.9998965,0.01396894,0.01955386,-0.01389892,0.9997122,static,15.354726517165956,-11.95361675700755,16.83912884659031,-11.821085513920774,0.618314,-0.425218,1.897546,0.2594428000795579,-0.2000276694676242,0.9448165444660878,15.899152375105832,-11.764985564670862,1.470160832706718,1.4903069502604382,0.94164907011596
15,05/15/2023 12:46:05.072585,228,True,True,True,True,Eyes,1.339874,-0.3049571,-3.230622,0.2796583,-0.212505,0.9362867,0.0,0.0,0.0,0.0,0.0,0.0,0.0,-1.402517,0.3511623,3.208404,1.341241,-0.3036733,-3.239303,0.006560975,0.009694786,0.001888808,0.9999298,0.7497024,1.112448,0.2237348,0.3818874,-0.08679961,-0.9201233,0,0,0,1.959367,-0.7272294,-1.341324,0.5796,-0.4008,1.915,0.9998049,0.003904565,-0.01936343,-0.003650136,0.9999068,0.01315765,0.019413,-0.0130844,0.9997259,static,15.431430685350897,-12.0279990960227,16.839131587459715,-11.821088380307142,0.6181260000000002,-0.4235561,1.897979,0.2606442811086348,-0.2011866472694514,0.9442395967478912,15.974201875228808,-11.838834342002055,1.4074790442157934,1.4228260167975226,0.8651117420636002
16,05/15/2023 12:46:05.093129,229,True,True,True,True,Eyes,1.339859,-0.304963,-3.230628,0.2807177,-0.2128275,0.9358964,0.0,0.0,0.0,0.0,0.0,0.0,0.0,-1.402008,0.3493317,3.208876,1.341283,-0.3036968,-3.239333,0.006367167,0.009585656,0.001667696,0.9999325,0.7277619,1.099734,0.1981012,0.3818638,-0.0868061,-0.9201325,0,0,0,1.958812,-0.7267816,-1.341055,0.5796,-0.4008,1.915,0.9998106,0.003457234,-0.01914878,-0.0032131,0.9999133,0.01276545,0.01919126,-0.0127015,0.9997351,static,15.516092632363604,-12.067710569333434,16.839131587459715,-11.821088380307142,0.617529,-0.4230848,1.898278,0.2620074855326502,-0.2017639008341646,0.9437390789977596,16.056992803159847,-11.8779156014955,1.3336823997450584,1.3458285852299057,0.7842004915670898
17,05/15/2023 12:46:05.112901,230,True,True,True,True,Eyes,1.339875,-0.3049664,-3.230634,0.2817363,-0.2131523,0.9355164,0.0,0.0,0.0,0.0,0.0,0.0,0.0,-1.402574,0.3490636,3.208677,1.341342,-0.3038143,-3.239316,0.006375848,0.009648198,0.001506892,0.999932,0.7289223,1.106786,0.1797294,0.3818422,-0.08681209,-0.9201409,0,0,0,1.958977,-0.727124,-1.341122,0.5795999,-0.4008,1.915,0.9998093,0.003136611,-0.01927587,-0.00289055,0.9999141,0.01277991,0.0193143,-0.01272175,0.9997325,static,15.575978205255812,-12.084959106191835,16.83912884659031,-11.821088380307142,0.6176349999999999,-0.4233097,1.898194,0.2629811017464989,-0.2019925625022882,0.9434193792899832,16.115543482968555,-11.894707794642418,1.2800126900897792,1.2904174916214783,0.7273208347178679
18,05/15/2023 12:46:05.122846,231,True,True,True,True,Eyes,1.339891,-0.3049681,-3.230637,0.2827148,-0.2134509,0.9351529,0.0,0.0,0.0,0.0,0.0,0.0,0.0,-1.403052,0.3495518,3.208396,1.341381,-0.3037379,-3.239288,0.006513077,0.00970509,0.001390638,0.9999309,0.7447662,1.113246,0.166602,0.381823,-0.08681756,-0.9201484,0,0,0,1.959136,-0.7277088,-1.341281,0.5796,-0.4008,1.915,0.9998078,0.002907504,-0.01939072,-0.002654664,0.9999113,0.01305224,0.01942695,-0.01299826,0.9997267,static,15.63213919641962,-12.08720784114452,16.839131587459715,-11.821088380307142,0.617755,-0.4239709,1.898007,0.2639065547756369,-0.2019766358189369,0.9431641745518,16.170437922803934,-11.896514999508438,1.2266289693574632,1.235981472136642,0.6729341661967496
19,05/15/2023 12:46:05.147511,232,True,True,True,True,Eyes,1.339906,-0.3049724,-3.23064,0.2836181,-0.2137596,0.9348089,0.0,0.0,0.0,0.0,0.0,0.0,0.0,-1.403661,0.3473106,3.20832,1.341408,-0.3037026,-3.239228,0.006268528,0.009771978,0.001161516,0.9999319,0.7169896,1.120704,0.1401214,0.3818061,-0.08682251,-0.9201549,0,0,0,1.959229,-0.727016,-1.341096,0.5796,-0.4008,1.915,0.9998063,0.002445385,-0.01952806,-0.002200362,0.9999187,0.0125589,0.01955718,-0.0125135,0.9997305,static,15.68773967445741,-12.129739714802083,16.839131587459715,-11.821088380307142,0.6178210000000002,-0.4233134,1.898132,0.2647854355208499,-0.2026261117530969,0.9427785555106966,16.224826980473253,-11.938649018201527,1.185184129258938,1.1920440359368507,0.6254523592943961
20,05/15/2023 12:46:05.162750,233,True,True,True,True,Eyes,1.339922,-0.3049768,-3.230643,0.2844909,-0.2140659,0.9344735,0.0,0.0,0.0,0.0,0.0,0.0,0.0,-1.404312,0.3463091,3.208158,1.341439,-0.3037713,-3.239222,0.006173437,0.00985143,0.0009951552,0.999932,0.7062701,1.129677,0.121007,0.3817913,-0.08682707,-0.9201607,0,0,0,1.959427,-0.726921,-1.341108,0.5796002,-0.4007998,1.915,0.9998039,0.002111809,-0.01968923,-0.001868541,0.9999218,0.01236564,0.0197138,-0.01232643,0.9997297,static,15.737640164399128,-12.156817172889475,16.839137069198276,-11.821082647534343,0.617988,-0.4231497,1.898114,0.2655839864203377,-0.2030253793055587,0.9424679545972828,16.273628545600406,-11.965358599471974,1.146360014149102,1.1515264229697642,0.5836226868185919
21,05/15/2023 12:46:05.179273,234,True,True,True,True,Eyes,1.339965,-0.304982,-3.230648,0.2853303,-0.2143821,0.9341451,0.0,0.0,0.0,0.0,0.0,0.0,0.0,-1.405062,0.3467004,3.207803,1.341455,-0.3037735,-3.239232,0.006277795,0.009955598,0.0008923167,0.9999304,0.718333,1.141555,0.1094154,0.3817783,-0.08683127,-0.9201657,0,0,0,1.959753,-0.7274427,-1.341334,0.5796001,-0.4007999,1.915,0.9998002,0.001909508,-0.0198986,-0.001659511,0.9999196,0.01257248,0.01992101,-0.01253695,0.999723,static,15.779932081045366,-12.16342315561666,16.839134328329035,-11.821085513920774,0.618298,-0.4236692,1.897898,0.2662757374856415,-0.2030938472343167,0.9422580610398362,16.31497186726806,-11.9716368750609,1.1088257062772642,1.1131506913139266,0.5453549283967667
22,05/15/2023 12:46:05.193614,235,True,True,True,True,Eyes,1.340006,-0.3049867,-3.230649,0.2861529,-0.2146839,0.9338239,0.0,0.0,0.0,0.0,0.0,0.0,0.0,-1.406098,0.3471502,3.207337,1.341376,-0.3037891,-3.2393,0.006349194,0.01012813,0.0008833679,0.9999283,0.726506,1.16133,0.1085969,0.3817675,-0.08683515,-0.9201698,0,0,0,1.960322,-0.727739,-1.341676,0.5796002,-0.4007999,1.915,0.9997932,0.00189522,-0.02024358,-0.001637998,0.9999178,0.01271537,0.02026601,-0.01267958,0.9997142,static,15.811353583528144,-12.175392438668384,16.839137069198276,-11.821085513920774,0.618946,-0.4239499,1.897624,0.2667829305470386,-0.2032610596803204,0.9420783114450716,16.34569603887634,-11.983369562047812,1.0836242600103376,1.0871394990250114,0.5194421649054612
23,05/15/2023 12:46:05.213042,236,True,True,True,True,Eyes,1.340077,-0.3049933,-3.230652,0.2869309,-0.2149567,0.9335225,0.0,0.0,0.0,0.0,0.0,0.0,0.0,-1.407631,0.346846,3.20656,1.34136,-0.3037834,-3.23917,0.006317317,0.01036647,0.000851073,0.999926,0.7228659,1.188618,0.1050314,0.3817589,-0.08683873,-0.9201731,0,0,0,1.961185,-0.7276481,-1.341815,0.5796001,-0.4007999,1.915,0.9997836,0.001832997,-0.02072065,-0.001571044,0.9999187,0.01265134,0.02074216,-0.01261605,0.9997053,static,15.833657227414678,-12.196011731284546,16.839134328329035,-11.821085513920774,0.6198249999999998,-0.4238647,1.897355,0.2671316065728104,-0.2035796989455353,0.941910820196384,16.36751748296374,-12.003832725086626,1.0704679177482876,1.0731047800330804,0.5057855197820589
24,05/15/2023 12:46:05.222584,237,True,True,True,True,Eyes,1.340189,-0.3050303,-3.230679,0.2876831,-0.2152118,0.9332322,0.0,0.0,0.0,0.0,0.0,0.0,0.0,-1.408005,0.3473645,3.2069,1.341144,-0.3042544,-3.23977,0.006276945,0.01046783,0.0009608288,0.9999251,0.7180973,1.200308,0.1176333,0.3817527,-0.08684206,-0.9201753,0,0,0,1.961445,-0.7278326,-1.342506,0.5796,-0.4008,1.915,0.999779,0.002052925,-0.02092202,-0.001790102,0.9999194,0.01257306,0.02094615,-0.01253283,0.9997021,static,15.86672247888009,-12.221971321386487,16.839131587459715,-11.821088380307142,0.6203010000000002,-0.4235782,1.897264,0.2676525991916048,-0.2039758377135125,0.9416772099699232,16.399863012684257,-12.02955636237919,1.0502330464327012,1.0518016005393065,0.4862260588804896
25,05/15/2023 12:46:05.242656,238,True,True,True,True,Eyes,1.340302,-0.3050804,-3.230724,0.2884073,-0.2154374,0.9329566,0.0,0.0,0.0,0.0,0.0,0.0,0.0,-1.409314,0.3481389,3.207348,1.342231,-0.3050223,-3.240343,0.006226246,0.01051275,0.001078813,0.9999248,0.7121403,1.205533,0.1311244,0.3817496,-0.08684594,-0.9201763,0,0,0,1.9628,-0.7282652,-1.343092,0.5796,-0.4007999,1.915,0.9997766,0.002288374,-0.02101048,-0.002026554,0.9999201,0.01247424,0.02103735,-0.01242887,0.9997014,static,15.904312414497694,-12.247894361294078,16.839131587459715,-11.821085513920774,0.6205690000000001,-0.4232428999999999,1.897251,0.2682480095152314,-0.2043667458680464,0.941423018663784,16.43663095565936,-12.055207664904902,1.0270590956314936,1.0276442372404588,0.4656392811835346
26,05/15/2023 12:46:05.263135,239,True,True,True,True,Eyes,1.34041,-0.3051273,-3.230767,0.2891071,-0.2156547,0.9326898,0.0,0.0,0.0,0.0,0.0,0.0,0.0,-1.409768,0.3488804,3.207036,1.342223,-0.3049549,-3.240322,0.006307771,0.01059552,0.001182261,0.9999233,0.7213455,1.215106,0.1431368,0.3817491,-0.08685064,-0.920176,0,0,0,1.963191,-0.7283829,-1.343243,0.5796,-0.4007998,1.915,0.9997726,0.002498009,-0.0211745,-0.002230672,0.9999176,0.01263963,0.02120433,-0.01258952,0.999696,static,15.935515264067332,-12.257397603447805,16.839131587459715,-11.821082647534343,0.620968,-0.4234280000000001,1.897079,0.2687534323947528,-0.2044929882205255,0.9412514745121088,16.46713881497571,-12.064473635958048,1.0033421214607423,1.003440681183961,0.4445422319939964
27,05/15/2023 12:46:05.272738,240,True,True,True,True,Eyes,1.340534,-0.305171,-3.230809,0.2897539,-0.2158168,0.9324514,0.0,0.0,0.0,0.0,0.0,0.0,0.0,-1.409772,0.3497407,3.206896,1.342187,-0.3049281,-3.240295,0.006372721,0.01061948,0.001352838,0.9999225,0.7285767,1.217986,0.1627801,0.3817508,-0.08685599,-0.9201748,0,0,0,1.963387,-0.7283981,-1.343301,0.5796,-0.4007999,1.915,0.9997708,0.002840815,-0.02122006,-0.002570115,0.9999151,0.01277319,0.02125455,-0.01271572,0.9996933,static,15.968532365032944,-12.26784115096534,16.839131587459715,-11.821085513920774,0.6212,-0.42347,1.896994,0.2692877096665454,-0.2046328082300588,0.9410682070433768,16.49942092510012,-12.074666494311488,0.978899559796776,0.9785364609053624,0.4239182087817284
28,05/15/2023 12:46:05.288304,241,True,True,True,True,Eyes,1.34065,-0.3052146,-3.230847,0.2903748,-0.2159608,0.932225,0.0,0.0,0.0,0.0,0.0,0.0,0.0,-1.409235,0.3492307,3.207181,1.342142,-0.3048922,-3.24031,0.006240909,0.01055633,0.001489048,0.9999237,0.713318,1.210823,0.1781828,0.3817549,-0.08686183,-0.9201726,0,0,0,1.963214,-0.7276974,-1.343126,0.5796,-0.4007999,1.915,0.9997727,0.003109631,-0.02109247,-0.002846107,0.9999176,0.0125123,0.02112964,-0.01244943,0.9996993,static,16.011998876913534,-12.299094361568518,16.839131587459715,-11.821085513920774,0.6210720000000001,-0.4228052,1.897184,0.2699743162356343,-0.205105175104371,0.9407687165053836,16.541938285898556,-12.105606730455165,0.9563905533233954,0.9553224478075428,0.4114318669610206
29,05/15/2023 12:46:05.312654,242,True,True,True,True,Eyes,1.340799,-0.3052545,-3.230879,0.2909026,-0.2160721,0.9320347,0.0,0.0,0.0,0.0,0.0,0.0,0.0,-1.408945,0.3488646,3.207289,1.342091,-0.3049389,-3.240269,0.006125387,0.01053134,0.00160981,0.9999245,0.6999393,1.208021,0.1918636,0.381761,-0.08686813,-0.9201695,0,0,0,1.963168,-0.7271595,-1.342956,0.5796,-0.4008,1.915,0.999773,0.003348395,-0.02104137,-0.003090361,0.9999198,0.01228376,0.02108081,-0.01221594,0.9997031,static,16.045536679120872,-12.325362507461724,16.839131587459715,-11.821088380307142,0.6210770000000001,-0.4222205999999999,1.897313,0.2705017853420113,-0.2055048730736063,0.9405300039653414,16.574746014656736,-12.131635490590837,0.941694010542621,0.9402580889622012,0.4078470777287873
30,05/15/2023 12:46:05.322600,243,True,True,True,True,Eyes,1.340902,-0.3052683,-3.230892,0.2914127,-0.2161951,0.9318467,0.0,0.0,0.0,0.0,0.0,0.0,0.0,-1.409031,0.3480093,3.20718,1.342046,-0.3048833,-3.24013,0.006009098,0.0105501,0.001592197,0.999925,0.6866319,1.210135,0.1897173,0.3817697,-0.08687471,-0.9201652,0,0,0,1.96318,-0.7266821,-1.342742,0.5796002,-0.4008,1.915,0.9997723,0.003310948,-0.02107948,-0.003057362,0.9999227,0.01205089,0.02111775,-0.0119837,0.9997052,static,16.07632896779747,-12.347546042610048,16.839137069198276,-11.821088380307142,0.6211339999999999,-0.4217988,1.897388,0.2709876937168676,-0.205839761839156,0.9403167644927972,16.60486595701929,-12.153597352434108,0.928435849226673,0.9268408006557252,0.4067495181884195
31,05/15/2023 12:46:05.342623,244,True,True,True,True,Eyes,1.341019,-0.305283,-3.230906,0.2919088,-0.2162919,0.9316689,0.0,0.0,0.0,0.0,0.0,0.0,0.0,-1.408404,0.3486205,3.206496,1.341047,-0.3042679,-3.239717,0.006216065,0.01060583,0.00155637,0.9999233,0.7103805,1.216539,0.1859024,0.3817799,-0.08688089,-0.9201604,0,0,0,1.962363,-0.7268969,-1.342574,0.5796002,-0.4008,1.915,0.9997702,0.003244354,-0.02119068,-0.002980648,0.9999179,0.01246419,0.02122938,-0.01239816,0.9996977,static,16.10019478594141,-12.330278976579416,16.839137069198276,-11.821088380307142,0.621316,-0.422629,1.897143,0.2713972901284762,-0.2055317185593216,0.9402659710567172,16.628174339194413,-12.136124902811208,0.8989360498925903,0.8973910860472045,0.3791481029388621
32,05/15/2023 12:46:05.362722,245,True,True,True,True,Eyes,1.341133,-0.3052939,-3.230919,0.2923915,-0.2163831,0.9314964,0.0,0.0,0.0,0.0,0.0,0.0,0.0,-1.408746,0.3488523,3.206336,1.341083,-0.3043025,-3.239715,0.006214018,0.01066149,0.001633025,0.9999226,0.7100419,1.222972,0.1947235,0.3817918,-0.08688673,-0.9201549,0,0,0,1.962673,-0.7268308,-1.342639,0.5796,-0.4008,1.915,0.9997674,0.003398299,-0.02130103,-0.003133296,0.9999174,0.01246189,0.02134163,-0.01239225,0.9996955,static,16.1219652084377,-12.340180757828314,16.839131587459715,-11.821088380307142,0.6215899999999999,-0.4225283,1.897076,0.2717463017977433,-0.2056731754296365,0.9401342833971962,16.649463311280133,-12.145864325668432,0.8868711897848387,0.8853160518143398,0.3761030040750192
33,05/15/2023 12:46:05.372983,246,True,True,True,True,Eyes,1.341262,-0.3053026,-3.230934,0.2928604,-0.2164456,0.9313346,0.0,0.0,0.0,0.0,0.0,0.0,0.0,-1.409365,0.3485633,3.206123,1.341111,-0.3042258,-3.239737,0.00618692,0.01075193,0.001619358,0.9999218,0.7069361,1.233321,0.1931881,0.3818051,-0.08689215,-0.9201489,0,0,0,1.963034,-0.7266662,-1.34275,0.5796002,-0.4008,1.915,0.9997635,0.003371506,-0.02148214,-0.003105421,0.9999182,0.01240769,0.02152221,-0.01233805,0.9996923,static,16.14112537199658,-12.347924702391351,16.839137069198276,-11.821088380307142,0.621923,-0.4224404,1.896987,0.2720543462393321,-0.2057816348758884,0.9400214892462708,16.66819872677885,-12.153464432857234,0.876032684812138,0.8745152026680895,0.3737562805062713
34,05/15/2023 12:46:05.392649,247,True,True,True,True,Eyes,1.341388,-0.3053113,-3.23095,0.2933199,-0.216494,0.9311787,0.0,0.0,0.0,0.0,0.0,0.0,0.0,-1.410402,0.3489855,3.205674,1.341113,-0.304179,-3.239794,0.006256609,0.01091406,0.001626797,0.9999196,0.7148809,1.251922,0.1942425,0.3818201,-0.08689712,-0.9201422,0,0,0,1.963657,-0.7268735,-1.343068,0.5796001,-0.4007999,1.915,0.9997565,0.003389902,-0.02180601,-0.003116762,0.9999164,0.01254772,0.02184672,-0.0124767,0.9996835,static,16.150300203401738,-12.343882572752513,16.839134328329035,-11.821085513920774,0.622544,-0.4226945,1.896726,0.2722092870668842,-0.2057059430744904,0.939993168126276,16.677161997475416,-12.149345875906455,0.8662542526273717,0.8647596292539732,0.3660463102028544
35,05/15/2023 12:46:05.412629,248,True,True,True,True,Eyes,1.341543,-0.305322,-3.230963,0.2937754,-0.2165071,0.9310321,0.0,0.0,0.0,0.0,0.0,0.0,0.0,-1.411335,0.3478029,3.205419,1.341143,-0.3041875,-3.239807,0.006089929,0.01104994,0.00158434,0.9999193,0.6958089,1.26743,0.1892629,0.3818364,-0.08690168,-0.920135,0,0,0,1.96417,-0.7262967,-1.343109,0.5796002,-0.4007999,1.915,0.9997507,0.003303011,-0.0220788,-0.003033838,0.9999208,0.01221389,0.02211739,-0.01214386,0.9996817,static,16.164898106824964,-12.36321662994962,16.839137069198276,-11.821085513920774,0.623027,-0.4221092,1.896698,0.2724309946405731,-0.2060097012829103,0.9398624566192938,16.691450452517667,-12.168583433452625,0.8665545547235242,0.865161444673144,0.377579317263975
36,05/15/2023 12:46:05.423204,249,True,True,True,True,Eyes,1.341692,-0.305341,-3.230974,0.2942233,-0.2165233,0.9308869,0.0,0.0,0.0,0.0,0.0,0.0,0.0,-1.413246,0.3462054,3.204652,1.341065,-0.3042431,-3.239737,0.005885843,0.0113472,0.001462464,0.9999173,0.6725258,1.301374,0.1752378,0.3818548,-0.08690591,-0.920127,0,0,0,1.965122,-0.7257184,-1.343237,0.5796001,-0.4007999,1.915,0.9997382,0.003058262,-0.02267531,-0.00279111,0.9999264,0.0118039,0.02270975,-0.01173752,0.9996732,static,16.16272468814768,-12.38317864416809,16.839134328329035,-11.821085513920774,0.6240570000000001,-0.4214753,1.8965,0.2723759452477912,-0.2063404849790616,0.939805862402639,16.689347184829455,-12.18858206793411,0.8807983563772322,0.8794763717130187,0.3968499786688168
37,05/15/2023 12:46:05.442656,250,True,True,True,True,Eyes,1.341848,-0.3053496,-3.230989,0.2946106,-0.2165452,0.9307593,0.0,0.0,0.0,0.0,0.0,0.0,0.0,-1.413035,0.3492452,3.204425,1.341057,-0.3044618,-3.23973,0.006100357,0.01136998,0.001985367,0.9999149,0.6964201,1.304389,0.2354531,0.3818748,-0.08691009,-0.9201183,0,0,0,1.965628,-0.726123,-1.34344,0.5795999,-0.4007999,1.915,0.9997336,0.004109118,-0.02271379,-0.003831674,0.9999177,0.01224482,0.02276224,-0.01215453,0.999667,static,16.17007141503199,-12.378689604374618,16.83912884659031,-11.821085513920774,0.624571,-0.4216611999999999,1.8962900000000005,0.2725012181949849,-0.2062592472434364,0.9397873763893136,16.696523184733334,-12.184030609043242,0.8722516770664073,0.8709535971647809,0.3899557883492993
38,05/15/2023 12:46:05.463186,251,True,True,True,True,Eyes,1.342,-0.3053532,-3.231,0.2949677,-0.2165428,0.9306467,0.0,0.0,0.0,0.0,0.0,0.0,0.0,-1.411594,0.3513553,3.204949,1.341154,-0.3042174,-3.239831,0.006411316,0.01114375,0.002112208,0.9999152,0.731943,1.278633,0.250229,0.3818964,-0.08691391,-0.9201089,0,0,0,1.96497,-0.7269129,-1.343523,0.5796002,-0.4008,1.915,0.9997427,0.00436695,-0.02225853,-0.004081165,0.9999089,0.01286862,0.0223127,-0.01277447,0.9996695,static,16.21276874672466,-12.350390241158816,16.839137069198276,-11.821088380307142,0.6238160000000001,-0.4226954999999999,1.896308,0.2732313561103988,-0.2057507403816095,0.9396867921634908,16.738225964104167,-12.155366328389588,0.8212266034905875,0.8200595925293835,0.3491773155654948
39,05/15/2023 12:46:05.472680,252,True,True,True,True,Eyes,1.342131,-0.3053629,-3.231007,0.2953227,-0.2165594,0.9305303,0.0,0.0,0.0,0.0,0.0,0.0,0.0,-1.411798,0.3461239,3.205345,1.34124,-0.3041037,-3.239724,0.005893263,0.01109462,0.001465405,0.99992,0.6734166,1.27243,0.1754144,0.3819195,-0.08691729,-0.920099,0,0,0,1.964339,-0.7256069,-1.342915,0.5796003,-0.4008,1.915,0.9997495,0.003061342,-0.02217019,-0.002799808,0.9999262,0.0118181,0.02220474,-0.01175307,0.9996844,static,16.25917835756181,-12.391040428988028,16.83913981006744,-11.821088380307142,0.6230990000000001,-0.4215032000000001,1.896809,0.273955729522877,-0.2063731747267868,0.9393393854707228,16.783629832708375,-12.195689443878464,0.8134905876124242,0.8131424378225361,0.3786915821815541
40,05/15/2023 12:46:05.493343,253,True,True,True,True,Eyes,1.342255,-0.3053755,-3.231014,0.2956757,-0.2166048,0.9304076,0.0,0.0,0.0,0.0,0.0,0.0,0.0,-1.413352,0.3455464,3.204647,1.341193,-0.3042588,-3.239653,0.006033981,0.01128426,0.0008710932,0.9999178,0.6902767,1.293781,0.107622,0.3819434,-0.08692046,-0.9200888,0,0,0,1.964523,-0.7270108,-1.343198,0.5796,-0.4007999,1.915,0.9997438,0.001878221,-0.02255616,-0.001605865,0.9999257,0.01208663,0.02257719,-0.01204731,0.9996725,static,16.27248939498731,-12.358114664544376,16.839131587459715,-11.821085513920774,0.6233299999999999,-0.4227519999999999,1.896455,0.274206706684363,-0.2058180233099723,0.939387930719456,16.796605405321504,-12.162626432072289,0.7812522413477585,0.7806943594707467,0.3441782604102565
41,05/15/2023 12:46:05.512770,254,True,True,True,True,Eyes,1.342348,-0.3053849,-3.231016,0.2960433,-0.216623,0.9302864,0.0,0.0,0.0,0.0,0.0,0.0,0.0,-1.414089,0.3487906,3.203958,1.341152,-0.3043358,-3.239651,0.006470844,0.01141968,0.001000059,0.9999135,0.7401517,1.30945,0.1230665,0.3819678,-0.08692354,-0.9200784,0,0,0,1.965101,-0.7285939,-1.343736,0.5796002,-0.4008,1.915,0.9997372,0.002147735,-0.02282444,-0.001852155,0.9999143,0.01296341,0.02285032,-0.01291773,0.9996554,static,16.273565642034146,-12.314125533224896,16.839137069198276,-11.821088380307142,0.6239490000000001,-0.4242581,1.895915,0.2742669839401625,-0.2050930640000284,0.939528819275011,16.797610961866997,-12.118585940251004,0.751245606709176,0.7503043871534512,0.3003817833402046
42,05/15/2023 12:46:05.523106,255,True,True,True,True,Eyes,1.342439,-0.3053931,-3.231019,0.2963964,-0.2166457,0.9301687,0.0,0.0,0.0,0.0,0.0,0.0,0.0,-1.413514,0.348923,3.204126,1.341196,-0.3042862,-3.239567,0.006304398,0.01136967,0.00145545,0.9999145,0.7204915,1.304024,0.1749959,0.381992,-0.08692648,-0.920068,0,0,0,1.96533,-0.7273629,-1.343449,0.5796002,-0.4008,1.915,0.9997372,0.003054009,-0.02271905,-0.002767293,0.9999163,0.01264081,0.02275576,-0.01257462,0.999662,static,16.291402241779682,-12.35147007386888,16.839137069198276,-11.821088380307142,0.624134,-0.4230767,1.896118,0.2745243355460898,-0.2056896886393121,0.9393232334513932,16.815083923612058,-12.155825939750043,0.762848422382579,0.7624422483261895,0.3356006369397755
43,05/15/2023 12:46:05.542755,256,True,True,True,True,Eyes,1.342489,-0.3054006,-3.231019,0.2967582,-0.2167064,0.9300392,0.0,0.0,0.0,0.0,0.0,0.0,0.0,-1.413455,0.3496125,3.204113,1.341242,-0.3042654,-3.239587,0.006391197,0.01135919,0.00151022,0.999914,0.7303683,1.302879,0.1813778,0.382016,-0.08692927,-0.9200578,0,0,0,1.965381,-0.7276065,-1.343529,0.5796002,-0.4007998,1.915,0.9997373,0.003165377,-0.02269711,-0.002874982,0.9999138,0.0128156,0.02273572,-0.01274699,0.9996603,static,16.313164493394464,-12.348677774577984,16.839137069198276,-11.821082647534343,0.624139,-0.4233411,1.896058,0.274885097018671,-0.205621869686691,0.9392325786238598,16.836351527320836,-12.152858979186483,0.7451411558971446,0.7449857505871437,0.3317880249317352
44,05/15/2023 12:46:05.562747,257,True,True,True,True,Eyes,1.342537,-0.3054115,-3.23102,0.2970985,-0.2167635,0.9299172,0.0,0.0,0.0,0.0,0.0,0.0,0.0,-1.413698,0.3520512,3.203707,1.341281,-0.3042583,-3.239539,0.006846902,0.01137395,0.001332984,0.9999111,0.7828144,1.304523,0.1616744,0.3820388,-0.08693194,-0.9200481,0,0,0,1.965329,-0.7295471,-1.343887,0.5796001,-0.4007999,1.915,0.9997377,0.002821484,-0.02272762,-0.002509979,0.9999027,0.01372291,0.02276413,-0.01366226,0.9996475,static,16.3336826135799,-12.295537273159251,16.839134328329035,-11.821085513920774,0.6240480000000002,-0.4252888,1.895652,0.2752741767038633,-0.2047269501991474,0.939314077395046,16.85635003283946,-12.099504593573002,0.6937656007905074,0.6932430365949076,0.2789508279180825
45,05/15/2023 12:46:05.572758,258,True,True,True,True,Eyes,1.342582,-0.3054167,-3.231027,0.2974019,-0.2168197,0.9298071,0.0,0.0,0.0,0.0,0.0,0.0,0.0,-1.412927,0.3523591,3.204045,1.341254,-0.3043494,-3.239572,0.006852484,0.01126452,0.001398159,0.9999122,0.7833873,1.292033,0.1690645,0.3820604,-0.08693461,-0.9200389,0,0,0,1.96494,-0.7295824,-1.343789,0.5796001,-0.4007999,1.915,0.9997423,0.002950453,-0.02250789,-0.002641693,0.9999022,0.01373526,0.02254621,-0.01367227,0.9996523,static,16.36347865217187,-12.30258633554958,16.839134328329035,-11.821085513920774,0.623686,-0.4252329999999999,1.895783,0.275757545824084,-0.2048129911176065,0.9391535179259284,16.88548027998065,-12.10632510887096,0.6768825296093901,0.6768244702208561,0.2889802307457035
46,05/15/2023 12:46:05.592808,259,True,True,True,True,Eyes,1.342626,-0.3054245,-3.23103,0.2976743,-0.2168519,0.9297125,0.0,0.0,0.0,0.0,0.0,0.0,0.0,-1.411137,0.3513026,3.205041,1.341188,-0.3042231,-3.239702,0.006716224,0.01099288,0.001377454,0.9999162,0.7678457,1.260861,0.1663069,0.3820809,-0.0869371,-0.9200302,0,0,0,1.963825,-0.7289662,-1.343464,0.5796002,-0.4007999,1.915,0.9997545,0.002902339,-0.02196542,-0.002607016,0.999906,0.01346161,0.02200243,-0.01340104,0.9996681,static,16.412857466515817,-12.322581826564887,16.839137069198276,-11.821085513920774,0.6226369999999999,-0.4247431,1.896238,0.2765503333303118,-0.205092134305563,0.9388595196573514,16.933764490622863,-12.125949945028072,0.6570611516566213,0.6581890695375892,0.3192125784486611
47,05/15/2023 12:46:05.612984,260,True,True,True,True,Eyes,1.342664,-0.305428,-3.231037,0.2979357,-0.2168304,0.9296337,0.0,0.0,0.0,0.0,0.0,0.0,0.0,-1.409301,0.3500327,3.205945,1.341217,-0.3042976,-3.239642,0.006459176,0.01071342,0.001490025,0.9999207,0.7382995,1.228869,0.1786756,0.3821004,-0.08693951,-0.9200218,0,0,0,1.962886,-0.7279305,-1.342838,0.5796001,-0.4008,1.915,0.999766,0.003118214,-0.02140588,-0.002841415,0.9999121,0.01294925,0.02144438,-0.0128854,0.9996871,static,16.459932506967203,-12.357574448027028,16.839134328329035,-11.821088380307142,0.6216689999999998,-0.4236329,1.896804,0.277290224872239,-0.2056198415052617,0.938525722526556,16.979812789669918,-12.160604724687236,0.6539255419069643,0.6569713252354912,0.3675075204488486
48,05/15/2023 12:46:05.622635,261,True,True,True,True,Eyes,1.342704,-0.3054352,-3.231041,0.298185,-0.2168036,0.9295601,0.0,0.0,0.0,0.0,0.0,0.0,0.0,-1.407642,0.3488878,3.206899,1.341309,-0.3042062,-3.239711,0.006279388,0.01044365,0.001526944,0.9999247,0.7177019,1.197943,0.1824912,0.3821188,-0.08694173,-0.920014,0,0,0,1.961984,-0.7271138,-1.34242,0.5796001,-0.4007999,1.915,0.9997772,0.003184817,-0.02086654,-0.002922499,0.9999165,0.01258972,0.0209049,-0.01252594,0.999703,static,16.506401966375737,-12.380780337799695,16.839134328329035,-11.821085513920774,0.6206749999999999,-0.4229076,1.897291,0.2780313755505521,-0.2059540342398006,0.9382332144513906,17.025256764810067,-12.183466073839869,0.6459958369720429,0.6511291120567998,0.4073833962852584
49,05/15/2023 12:46:05.642652,262,True,True,True,True,Eyes,1.342707,-0.3054367,-3.231039,0.2984614,-0.2167691,0.9294794,0.0,0.0,0.0,0.0,0.0,0.0,0.0,-1.407543,0.3485106,3.206978,1.341383,-0.3043024,-3.239666,0.006200738,0.01041774,0.001539132,0.9999254,0.70868,1.194968,0.1837751,0.3821363,-0.08694389,-0.9200065,0,0,0,1.96197,-0.7268963,-1.342276,0.5796002,-0.4007998,1.915,0.9997782,0.00320723,-0.02081484,-0.00294884,0.9999183,0.01243262,0.02085302,-0.01236848,0.999706,static,16.526490144065523,-12.38942869551306,16.839137069198276,-11.821082647534343,0.620587,-0.4225939000000001,1.89739,0.2783530138042525,-0.2060756564340674,0.9381110960651128,17.044900179982633,-12.191964143196484,0.6425483773616943,0.6486642660483068,0.4241362299830561
50,05/15/2023 12:46:05.662682,263,True,True,True,True,Eyes,1.342712,-0.305441,-3.231038,0.2987346,-0.216727,0.9294014,0.0,0.0,0.0,0.0,0.0,0.0,0.0,-1.408382,0.3479437,3.206553,1.341415,-0.3041764,-3.239548,0.006202178,0.01052715,0.001376133,0.9999245,0.7090214,1.20739,0.165176,0.3821521,-0.08694588,-0.9199997,0,0,0,1.962284,-0.7269703,-1.342295,0.5796,-0.4007999,1.915,0.9997746,0.00288264,-0.02103563,-0.002621475,0.9999193,0.01243239,0.02106977,-0.01237444,0.9997014,static,16.53447346888112,-12.381546361466,16.839131587459715,-11.821085513920774,0.6208689999999999,-0.4227938999999999,1.897253,0.2784919606001831,-0.2059379495334099,0.9381000505869088,17.052694817077715,-12.184011054393055,0.6317375713398501,0.6379129492704781,0.421098801912292
51,05/15/2023 12:46:05.672823,264,True,True,True,True,Eyes,1.342699,-0.3054459,-3.231039,0.2990089,-0.2166965,0.9293203,0.0,0.0,0.0,0.0,0.0,0.0,0.0,-1.409143,0.3471579,3.206339,1.341446,-0.304253,-3.239562,0.006076224,0.01063878,0.001357856,0.9999241,0.6945928,1.22015,0.1630068,0.3821665,-0.08694778,-0.9199936,0,0,0,1.962724,-0.7265879,-1.342341,0.5796,-0.4008,1.915,0.9997699,0.002844793,-0.02125945,-0.002586219,0.9999225,0.01218042,0.02129245,-0.01212263,0.9996998,static,16.53976189712819,-12.39377445104105,16.839131587459715,-11.821088380307142,0.621278,-0.4223348999999999,1.897221,0.2785668253416926,-0.2061334946177147,0.9380348722725024,17.057876647508614,-12.196209274196818,0.6394545339492739,0.6462132365572806,0.4342408160553152
52,05/15/2023 12:46:05.692722,265,True,True,True,True,Eyes,1.342689,-0.3054501,-3.231033,0.2992794,-0.2166635,0.929241,0.0,0.0,0.0,0.0,0.0,0.0,0.0,-1.409708,0.350056,3.205835,1.341443,-0.3042705,-3.23962,0.006421298,0.01075242,0.001597044,0.9999203,0.7338202,1.23341,0.1909212,0.3821791,-0.08694963,-0.9199882,0,0,0,1.963349,-0.72763,-1.342833,0.5796001,-0.4008,1.915,0.9997636,0.003331924,-0.02148262,-0.003055746,0.9999124,0.01287592,0.02152365,-0.01280723,0.9996863,static,16.535187185903617,-12.360674721542807,16.839134328329035,-11.821088380307142,0.6219060000000001,-0.4233595,1.896787,0.2785242379123605,-0.2055942191536965,0.938165941357674,17.053370405215226,-12.163113440907477,0.6137373002940496,0.619303871323819,0.4035817621229295
53,05/15/2023 12:46:05.713120,266,True,True,True,True,Eyes,1.342678,-0.3054537,-3.231032,0.2994885,-0.2166598,0.9291744,0.0,0.0,0.0,0.0,0.0,0.0,0.0,-1.41017,0.3502039,3.205461,1.341504,-0.3042609,-3.239444,0.006403684,0.01082581,0.001696479,0.9999195,0.7316644,1.24189,0.2023475,0.3821902,-0.08695145,-0.9199834,0,0,0,1.96377,-0.7274326,-1.342733,0.5796002,-0.4007998,1.915,0.9997599,0.003531336,-0.02162815,-0.003254035,0.9999123,0.01284307,0.02167161,-0.0127696,0.9996836,static,16.53739726748583,-12.366146872588308,16.839137069198276,-11.821082647534343,0.622266,-0.4231717,1.8967110000000005,0.2785551577218061,-0.2056818801550133,0.9381374549958702,17.05553632015359,-12.168573461717552,0.6171963227079053,0.6230103669852887,0.409363532518139
54,05/15/2023 12:46:05.723149,267,True,True,True,True,Eyes,1.342669,-0.3054558,-3.23103,0.2997013,-0.216703,0.9290957,0.0,0.0,0.0,0.0,0.0,0.0,0.0,-1.410225,0.3491419,3.205662,1.341488,-0.3042472,-3.23956,0.006400132,0.01079814,0.001323137,0.9999204,0.7317255,1.238444,0.1595408,0.3822,-0.0869532,-0.9199793,0,0,0,1.963342,-0.727855,-1.342811,0.5796,-0.4007999,1.915,0.9997633,0.002784282,-0.02157761,-0.002507844,0.9999146,0.01282782,0.02161148,-0.01277067,0.9996849,static,16.562704433662464,-12.357736724533948,16.839131587459715,-11.821085513920774,0.6218539999999999,-0.4236078,1.896749,0.2789793224218138,-0.2055178213817327,0.9380473559180004,17.08026282098854,-12.159955171173548,0.5971359256071735,0.6036609091278266,0.4159049367220163
55,05/15/2023 12:46:05.743410,268,True,True,True,True,Eyes,1.342633,-0.3054558,-3.231028,0.2999192,-0.2167268,0.9290199,0.0,0.0,0.0,0.0,0.0,0.0,0.0,-1.411634,0.3523298,3.204673,1.341511,-0.3042025,-3.239535,0.006974349,0.01099831,0.0011547,0.9999146,0.7977037,1.261352,0.1411112,0.3822086,-0.08695485,-0.9199756,0,0,0,1.963984,-0.7301959,-1.343524,0.5796,-0.4008,1.915,0.9997554,0.002462614,-0.02197863,-0.00215579,0.9999,0.01397291,0.02201084,-0.01392211,0.9996607,static,16.553283767058964,-12.287349034731498,16.839131587459715,-11.821088380307142,0.622473,-0.4259934,1.896011,0.2788935412535652,-0.2043705950221078,0.9383235366867044,17.070980805600165,-12.0895733363952,0.5428602690106555,0.5469076469497286,0.3547368483791121
56,05/15/2023 12:46:05.762965,269,True,True,True,True,Eyes,1.342601,-0.3054562,-3.231027,0.300115,-0.2167565,0.9289497,0.0,0.0,0.0,0.0,0.0,0.0,0.0,-1.411017,0.3518173,3.204995,1.341505,-0.3041661,-3.239535,0.006772281,0.01093335,0.001454287,0.9999162,0.7741829,1.254107,0.1751361,0.3822155,-0.08695637,-0.9199726,0,0,0,1.963979,-0.7290309,-1.343271,0.5796001,-0.4007999,1.915,0.9997567,0.003056418,-0.02184516,-0.002760243,0.999904,0.01357523,0.02188456,-0.01351163,0.9996692,static,16.56718380355277,-12.323668627864189,16.839134328329035,-11.821085513920774,0.622474,-0.4248648,1.896264,0.2790864161451718,-0.2049533865270967,0.938139019720243,17.08460506774081,-12.12581849210248,0.5658127046717152,0.5714428005908773,0.3913030435594078
57,05/15/2023 12:46:05.772611,270,True,True,True,True,Eyes,1.342543,-0.3054595,-3.231028,0.3002897,-0.216824,0.9288775,0.0,0.0,0.0,0.0,0.0,0.0,0.0,-1.41001,0.3522234,3.205456,1.34155,-0.3041725,-3.239577,0.006851841,0.01076512,0.001412503,0.9999177,0.7833802,1.23481,0.1703161,0.3822209,-0.08695779,-0.9199702,0,0,0,1.96335,-0.7293926,-1.343171,0.5796,-0.4007999,1.915,0.9997642,0.002972295,-0.02150911,-0.002677252,0.9999021,0.01373296,0.02154783,-0.01367214,0.9996743,static,16.597878273581397,-12.319312470827544,16.839131587459715,-11.821085513920774,0.6217999999999999,-0.4252200999999999,1.8964060000000005,0.2795951120947776,-0.2048504871117053,0.9380100277348564,17.114601423437875,-12.121215577837416,0.5468532283418577,0.5535641444727523,0.4073839537837018
58,05/15/2023 12:46:05.792723,271,True,True,True,True,Eyes,1.342491,-0.3054572,-3.231024,0.3004545,-0.216913,0.9288034,0.0,0.0,0.0,0.0,0.0,0.0,0.0,-1.409296,0.3547601,3.205586,1.341622,-0.3042459,-3.239635,0.007326458,0.01062123,0.001195746,0.9999161,0.8380543,1.218228,0.1459437,0.3822243,-0.08695921,-0.9199687,0,0,0,1.962696,-0.7315348,-1.343456,0.5796001,-0.4007999,1.915,0.9997715,0.002546923,-0.02122316,-0.00223566,0.9998898,0.01467709,0.0212582,-0.01462628,0.999667,static,16.62665483495356,-12.265002527016538,16.839134328329035,-11.821085513920774,0.6210739999999999,-0.4272889,1.896179,0.2801212536982818,-0.203928680270297,0.9380538836231784,17.14267054307946,-12.066625361571692,0.4860286162224278,0.492148198839499,0.39041522824994
59,05/15/2023 12:46:05.812876,272,True,True,True,True,Eyes,1.342441,-0.3054498,-3.23102,0.3005988,-0.2169871,0.9287394,0.0,0.0,0.0,0.0,0.0,0.0,0.0,-1.409819,0.3551361,3.205206,1.341695,-0.3041061,-3.239511,0.007548959,0.01065798,0.000863052,0.9999144,0.8639516,1.222188,0.108122,0.3822262,-0.08696047,-0.9199677,0,0,0,1.962631,-0.732641,-1.343568,0.5796,-0.4008,1.915,0.9997713,0.001886869,-0.0213011,-0.001565043,0.9998845,0.01511502,0.02132716,-0.01507823,0.9996588,static,16.637917959142257,-12.233198829994269,16.839131587459715,-11.821088380307142,0.6209359999999999,-0.4285349,1.895943,0.280337461405778,-0.2033945809389427,0.9381052528461004,17.153645656639952,-12.034701690687424,0.4530715256978382,0.4586087079003194,0.3801969832651672
60,05/15/2023 12:46:05.822807,273,True,True,True,True,Eyes,1.342395,-0.305447,-3.23101,0.3007446,-0.2170318,0.9286818,0.0,0.0,0.0,0.0,0.0,0.0,0.0,-1.409967,0.3510919,3.205539,1.341658,-0.3039806,-3.239491,0.00710294,0.01064686,0.0004828916,0.999918,0.8133084,1.220549,0.0640031,0.3822268,-0.08696146,-0.9199674,0,0,0,1.96224,-0.731275,-1.343152,0.5796002,-0.4008,1.915,0.9997728,0.001116952,-0.02128512,-0.000814456,0.9998986,0.014215,0.02129884,-0.01419443,0.9996724,static,16.660432175009436,-12.274697308059048,16.839137069198276,-11.821088380307142,0.620582,-0.4272944,1.896339,0.2806667664015798,-0.204053533737772,0.937863702196886,17.175694925824157,-12.076062717396958,0.4795930347822426,0.4875412788095781,0.4222358386387848
61,05/15/2023 12:46:05.842801,274,True,True,True,True,Eyes,1.342353,-0.3054475,-3.230999,0.3008885,-0.2170638,0.9286277,0.0,0.0,0.0,0.0,0.0,0.0,0.0,-1.411074,0.3479592,3.205276,1.341702,-0.3040994,-3.239345,0.006685002,0.01079196,0.0002811622,0.9999195,0.765658,1.23699,0.04048697,0.3822262,-0.08696233,-0.9199675,0,0,0,1.962671,-0.7300438,-1.34283,0.5796,-0.4007999,1.915,0.9997669,0.0007065677,-0.02157843,-0.0004179906,0.9999105,0.01337499,0.02158595,-0.01336286,0.9996777,static,16.660529534803754,-12.31708081845943,16.839131587459715,-11.821085513920774,0.6209690000000001,-0.4259444,1.896515,0.2806266785985267,-0.2047497443247213,0.9377239451820032,17.175834766571146,-12.118486751473188,0.5177084830751394,0.5271717323010757,0.4492399435952361
62,05/15/2023 12:46:05.862977,275,True,True,True,True,Eyes,1.342313,-0.3054476,-3.230986,0.3010485,-0.2171039,0.9285666,0.0,0.0,0.0,0.0,0.0,0.0,0.0,-1.412287,0.3478391,3.204739,1.341716,-0.3041735,-3.239317,0.006698031,0.01096881,0.0001813847,0.9999174,0.7672695,1.257182,0.02920504,0.3822248,-0.0869632,-0.919968,0,0,0,1.963275,-0.7302858,-1.343033,0.5796001,-0.4007999,1.915,0.9997593,0.0005096783,-0.02193338,-0.0002158005,0.9999102,0.01339894,0.02193825,-0.01339098,0.9996696,static,16.65255856648872,-12.314015074982017,16.839134328329035,-11.821085513920774,0.6215590000000002,-0.4261123,1.896284,0.2804987839023555,-0.2047075690689769,0.9377715482878493,17.168040665316003,-12.115480998761964,0.518088859597317,0.5270579352161601,0.4414159942787131
63,05/15/2023 12:46:05.872791,276,True,True,True,True,Eyes,1.34226,-0.3054468,-3.230977,0.3012463,-0.21713,0.9284962,0.0,0.0,0.0,0.0,0.0,0.0,0.0,-1.41437,0.3481863,3.203721,1.341727,-0.3041661,-3.239253,0.006794136,0.01128273,8.779357e-05,0.9999134,0.7783934,1.293091,0.01884544,0.3822227,-0.08696405,-0.9199688,0,0,0,1.9644,-0.7307539,-1.34344,0.5796,-0.4008,1.915,0.9997454,0.0003288845,-0.02256231,-2.225896e-05,0.9999077,0.01358907,0.0225647,-0.01358511,0.999653,static,16.630440299445546,-12.299960828959344,16.839131587459715,-11.821088380307142,0.622673,-0.4265877999999999,1.895813,0.2801491713578222,-0.204499254288241,0.9379213508398287,17.146407330477977,-12.10158781379308,0.5149106695253448,0.52237043922026,0.4160508555854168
64,05/15/2023 12:46:05.892649,277,True,True,True,True,Eyes,1.342206,-0.3054464,-3.230968,0.3014507,-0.2171531,0.9284245,0.0,0.0,0.0,0.0,0.0,0.0,0.0,-1.416447,0.348328,3.202858,1.341675,-0.3041461,-3.239345,0.006836717,0.01161046,4.871493e-05,0.9999093,0.7833186,1.330622,0.01467917,0.3822197,-0.08696487,-0.91997,0,0,0,1.965559,-0.7309402,-1.343978,0.5796,-0.4008,1.915,0.9997304,0.0002561759,-0.02321815,6.133388e-05,0.9999065,0.01367333,0.02321949,-0.01367106,0.9996369,static,16.6062245727204,-12.29361261425795,16.839131587459715,-11.821088380307142,0.6238840000000001,-0.4267941,1.895367,0.2797575025122216,-0.2044196620784698,0.9380556418007402,17.122732050433388,-12.09542473965245,0.5205917120456521,0.5268062539355224,0.3945752914941842
65,05/15/2023 12:46:05.913027,278,True,True,True,True,Eyes,1.342133,-0.3054456,-3.230959,0.3016545,-0.2171659,0.9283553,0.0,0.0,0.0,0.0,0.0,0.0,0.0,-1.417594,0.3481544,3.202328,1.341573,-0.3041572,-3.239345,0.006809692,0.01180501,4.614686e-05,0.9999072,0.7802225,1.352916,0.01450074,0.3822156,-0.08696567,-0.9199715,0,0,0,1.966195,-0.7308499,-1.344198,0.5796001,-0.4008,1.915,0.9997213,0.0002530619,-0.02360721,6.849202e-05,0.9999073,0.01361921,0.02360846,-0.01361703,0.9996285,static,16.59680617259794,-12.296799578389331,16.839134328329035,-11.821088380307142,0.624622,-0.4266927,1.895147,0.2795995995660693,-0.2044816337470294,0.9380892036015498,17.11352981278382,-12.098689222341203,0.5279397621723201,0.5338764642132364,0.390326926290253
66,05/15/2023 12:46:05.922917,279,True,True,True,True,Eyes,1.34206,-0.3054418,-3.230955,0.3018476,-0.2171663,0.9282924,0.0,0.0,0.0,0.0,0.0,0.0,0.0,-1.417818,0.3494664,3.202055,1.341488,-0.3041462,-3.239352,0.006923192,0.01187537,0.0002612301,0.9999055,0.7929342,1.361155,0.03935691,0.3822104,-0.08696644,-0.9199737,0,0,0,1.966553,-0.731011,-1.34439,0.5795999,-0.4007999,1.915,0.9997178,0.0006868419,-0.02374489,-0.0003579799,0.999904,0.01385128,0.02375212,-0.01383887,0.999622,static,16.594750714832294,-12.291429520002524,16.83912884659031,-11.821085513920774,0.625065,-0.4268648,1.894962,0.2795710746590288,-0.2043954704422222,0.9381164433352122,17.111515135661215,-12.093330171992031,0.5243575704063097,0.5300416543429077,0.3851122489900238
67,05/15/2023 12:46:05.942632,280,True,True,True,True,Eyes,1.34198,-0.3054414,-3.23095,0.3020359,-0.2171147,0.9282433,0.0,0.0,0.0,0.0,0.0,0.0,0.0,-1.417232,0.3489817,3.20241,1.34138,-0.3040757,-3.239445,0.006804546,0.01181298,0.0003871335,0.999907,0.779171,1.354095,0.05357416,0.3822039,-0.08696712,-0.9199763,0,0,0,1.966314,-0.730338,-1.344304,0.5796,-0.4007999,1.915,0.9997206,0.000934959,-0.02361848,-0.0006134312,0.9999071,0.01361697,0.02362902,-0.01359868,0.9996282,static,16.611138979539074,-12.30732263215321,16.839131587459715,-11.821085513920774,0.6249339999999999,-0.4262623,1.895141,0.2798248111450899,-0.2046399438603514,0.9379875640349594,17.127549872462843,-12.109109286668415,0.5301645648809326,0.537035533659961,0.4076061834564469
68,05/15/2023 12:46:05.962698,281,True,True,True,True,Eyes,1.341901,-0.305443,-3.230947,0.3022028,-0.2170697,0.9281995,0.0,0.0,0.0,0.0,0.0,0.0,0.0,-1.416348,0.3488388,3.202768,1.341297,-0.3041608,-3.239423,0.006650363,0.01171613,0.0006639793,0.9999091,0.7611372,1.343195,0.0850156,0.3821962,-0.0869678,-0.9199795,0,0,0,1.966092,-0.7295038,-1.34403,0.5795999,-0.4007999,1.915,0.9997246,0.001483671,-0.0234213,-0.001172005,0.9999107,0.01331507,0.02343896,-0.01328396,0.9996369,static,16.626859259381423,-12.332980196619715,16.83912884659031,-11.821085513920774,0.624795,-0.425343,1.895393,0.2800578737082593,-0.2050454462365864,0.9378294360585128,17.14294201078861,-12.134667644520064,0.5457255919737312,0.5541611172116664,0.4366190460474345
69,05/15/2023 12:46:05.972737,282,True,True,True,True,Eyes,1.341845,-0.3054408,-3.230948,0.3022964,-0.2170466,0.9281744,0.0,0.0,0.0,0.0,0.0,0.0,0.0,-1.414653,0.3502592,3.203385,1.341218,-0.304205,-3.239474,0.00677581,0.01148517,0.0008688733,0.9999108,0.7752615,1.316897,0.1084843,0.3821873,-0.08696855,-0.919983,0,0,0,1.965305,-0.729781,-1.3439,0.5796001,-0.4007999,1.915,0.9997346,0.001893234,-0.02295651,-0.001581949,0.9999067,0.01357037,0.02298006,-0.01353045,0.9996443,static,16.653226954134674,-12.326312565083636,16.839134328329035,-11.821085513920774,0.6240870000000001,-0.425576,1.895574,0.2804976253631929,-0.2049088924895907,0.9377278308678796,17.168706915192672,-12.127785189069176,0.5289060156552602,0.5383455442432505,0.4502030439125504
70,05/15/2023 12:46:05.992741,283,True,True,True,True,Eyes,1.341789,-0.3054385,-3.230949,0.3023778,-0.2170146,0.9281553,0.0,0.0,0.0,0.0,0.0,0.0,0.0,-1.413367,0.3516815,3.203843,1.34116,-0.3041033,-3.239553,0.006914879,0.01131686,0.001095928,0.9999115,0.7909204,1.297805,0.1345533,0.382178,-0.0869692,-0.9199868,0,0,0,1.964795,-0.729937,-1.343888,0.5796002,-0.4007999,1.915,0.9997414,0.002348172,-0.02261656,-0.002035153,0.999902,0.01385334,0.02264688,-0.01380373,0.9996482,static,16.6710233281978,-12.317791734800066,16.839137069198276,-11.821085513920774,0.6236350000000002,-0.4258336999999999,1.895665,0.2807983558896502,-0.2047506614861112,0.9376723209174724,17.186092208813104,-12.119115450289614,0.5143781703630498,0.5243846868219573,0.4573835500727581
71,05/15/2023 12:46:06.013103,284,True,True,True,True,Eyes,1.341726,-0.3054348,-3.230946,0.3024649,-0.2169559,0.9281406,0.0,0.0,0.0,0.0,0.0,0.0,0.0,-1.412206,0.3517433,3.204329,1.341135,-0.3040992,-3.239546,0.006842167,0.01115958,0.001289309,0.9999136,0.7823624,1.27992,0.1564957,0.3821682,-0.08696978,-0.9199908,0,0,0,1.964332,-0.7294254,-1.343623,0.5796001,-0.4008,1.915,0.9997476,0.002731107,-0.0222996,-0.002425684,0.999903,0.01371193,0.02233488,-0.01365437,0.9996573,static,16.69009089345925,-12.3306294196474,16.839134328329035,-11.821088380307142,0.623197,-0.4253262,1.895923,0.2810988805165295,-0.2049419548232024,0.9375404344191124,17.20474248803981,-12.13181499203908,0.5194375982856689,0.5308917180082338,0.4798128319308571
72,05/15/2023 12:46:06.023243,285,True,True,True,True,Eyes,1.341667,-0.3054317,-3.230944,0.3025513,-0.2168974,0.9281262,0.0,0.0,0.0,0.0,0.0,0.0,0.0,-1.411952,0.350486,3.2045,1.341119,-0.3040705,-3.239477,0.00662773,0.01112776,0.001344907,0.9999153,0.7577246,1.276278,0.1625676,0.3821579,-0.08697025,-0.9199951,0,0,0,1.964242,-0.7285141,-1.343331,0.5796001,-0.4007999,1.915,0.9997487,0.002837089,-0.02223581,-0.002542082,0.9999085,0.01328427,0.02227147,-0.01322441,0.9996645,static,16.69901247197894,-12.354034073422234,16.839134328329035,-11.821085513920774,0.6231230000000001,-0.4244436,1.896146,0.2812222880629003,-0.2053171945200011,0.9374214040206216,17.213487162363283,-12.155171959947635,0.5382592622500659,0.5510610689403468,0.5017507327033333
73,05/15/2023 12:46:06.042860,286,True,True,True,True,Eyes,1.341596,-0.3054299,-3.23094,0.3026382,-0.2168294,0.9281138,0.0,0.0,0.0,0.0,0.0,0.0,0.0,-1.412043,0.3506781,3.204449,1.341143,-0.3040802,-3.239476,0.00662207,0.01114653,0.001424433,0.999915,0.7569715,1.278489,0.1716877,0.3821472,-0.08697066,-0.9199995,0,0,0,1.964403,-0.7284063,-1.343349,0.5796002,-0.4007999,1.915,0.9997474,0.00299625,-0.02227231,-0.002700998,0.9999083,0.01327477,0.02231004,-0.01321126,0.9996638,static,16.70010774083762,-12.353447007687004,16.839137069198276,-11.821085513920774,0.6232599999999999,-0.4243260999999999,1.896127,0.2812408682827141,-0.2053064334743488,0.9374182294662654,17.21455706543209,-12.154575668670892,0.5373776136757443,0.5502162431166737,0.5021512291008094
74,05/15/2023 12:46:06.062854,287,True,True,True,True,Eyes,1.341528,-0.3054296,-3.230942,0.3027346,-0.2167564,0.9280993,0.0,0.0,0.0,0.0,0.0,0.0,0.0,-1.412566,0.3500485,3.204262,1.341145,-0.304119,-3.239446,0.006475391,0.01123763,0.001525247,0.9999148,0.7400182,1.288975,0.1831197,0.3821359,-0.08697105,-0.9200042,0,0,0,1.964835,-0.7277641,-1.343309,0.5796002,-0.4007999,1.915,0.9997427,0.00319577,-0.02245358,-0.002904698,0.9999115,0.01298396,0.02249309,-0.0129154,0.9996636,static,16.693976863402604,-12.368878902190714,16.839137069198276,-11.821085513920774,0.6236900000000001,-0.4236451,1.896137,0.2811248667617597,-0.2055661650646511,0.9373959924745808,17.208580979598416,-12.17007103727236,0.5536128277594088,0.5667001690302399,0.5082122572712372
75,05/15/2023 12:46:06.072599,288,True,True,True,True,Eyes,1.341467,-0.3054289,-3.230943,0.3028443,-0.2167221,0.9280716,0.0,0.0,0.0,0.0,0.0,0.0,0.0,-1.413598,0.3496259,3.203974,1.341146,-0.3041554,-3.239562,0.006386335,0.01140217,0.001566753,0.9999135,0.7297292,1.307845,0.187881,0.3821241,-0.08697145,-0.9200091,0,0,0,1.965495,-0.7274094,-1.343554,0.5796003,-0.4007999,1.915,0.9997351,0.003278871,-0.02278235,-0.002987599,0.9999136,0.01280729,0.02282237,-0.01273584,0.9996584,static,16.681406069208318,-12.37758117700723,16.83913981006744,-11.821085513920774,0.624349,-0.4232539999999999,1.896008,0.2809098123468588,-0.2057220521988359,0.937426342687153,17.196303388465644,-12.178881110708415,0.5656763850334166,0.5784179769331568,0.5055526785754716
76,05/15/2023 12:46:06.093043,289,True,True,True,True,Eyes,1.341412,-0.3054226,-3.230944,0.302958,-0.2166789,0.9280446,0.0,0.0,0.0,0.0,0.0,0.0,0.0,-1.414845,0.3508141,3.203321,1.34121,-0.3041424,-3.239564,0.006536833,0.01159569,0.001651432,0.9999102,0.7468251,1.330119,0.1979262,0.3821119,-0.08697186,-0.9200141,0,0,0,1.966363,-0.7278643,-1.343926,0.5796001,-0.4007999,1.915,0.9997256,0.003454165,-0.02316772,-0.003150968,0.9999091,0.01311079,0.0232109,-0.01303419,0.9996457,static,16.663031211695454,-12.359647541734482,16.839134328329035,-11.821085513920774,0.6251530000000001,-0.4237219,1.895638,0.2806257730093263,-0.2054464169028143,0.9375718747717868,17.178324793540042,-12.161075180714285,0.5554933281031306,0.5666227717722552,0.4802532094806039
77,05/15/2023 12:46:06.112687,290,True,True,True,True,Eyes,1.341378,-0.3054186,-3.230945,0.3030424,-0.2166495,0.9280238,0.0,0.0,0.0,0.0,0.0,0.0,0.0,-1.416146,0.3485768,3.203016,1.341259,-0.3040068,-3.239582,0.006319747,0.01176419,0.001396408,0.9999099,0.722261,1.349198,0.1685353,0.3820997,-0.08697208,-0.9200191,0,0,0,1.966842,-0.7272079,-1.343969,0.5796002,-0.4007999,1.915,0.9997193,0.002941258,-0.0235086,-0.002643872,0.9999162,0.01267121,0.0235439,-0.0126055,0.9996434,static,16.656400118142475,-12.373050825738714,16.839137069198276,-11.821085513920774,0.625583,-0.4232011,1.895613,0.2805035686556357,-0.2056733706704258,0.9375585784274858,17.171857655091028,-12.174543914550616,0.5701453685628953,0.5814279824117907,0.4854233505432362
78,05/15/2023 12:46:06.122926,291,True,True,True,True,Eyes,1.341345,-0.3054225,-3.23095,0.3031236,-0.2166178,0.9280047,0.0,0.0,0.0,0.0,0.0,0.0,0.0,-1.418113,0.3470447,3.202266,1.341239,-0.3040557,-3.23954,0.006110472,0.01206519,0.001312829,0.9999077,0.698346,1.383598,0.1588854,0.3820878,-0.0869722,-0.9200241,0,0,0,1.967898,-0.7265574,-1.344126,0.5796003,-0.4007999,1.915,0.9997054,0.002772864,-0.02411211,-0.002477968,0.9999219,0.01225149,0.02414419,-0.01218813,0.9996342,static,16.630279199086143,-12.390238570272286,16.83913981006744,-11.821085513920774,0.6266589999999999,-0.4225017,1.895414,0.2800575034514782,-0.2059825630931924,0.9376240663709384,17.146345040956398,-12.191954782665926,0.5956559138161996,0.606265582376031,0.4815797632636788
79,05/15/2023 12:46:06.142901,292,True,True,True,True,Eyes,1.341307,-0.3054167,-3.230955,0.3031564,-0.2166269,0.9279919,0.0,0.0,0.0,0.0,0.0,0.0,0.0,-1.416949,0.3495093,3.202643,1.341211,-0.3042499,-3.239662,0.006232353,0.01194299,0.001850672,0.9999076,0.7115947,1.369997,0.2205987,0.3820763,-0.08697245,-0.9200289,0,0,0,1.967847,-0.7265676,-1.3442,0.5796,-0.4007999,1.915,0.9997078,0.003849868,-0.02386071,-0.003552136,0.9999155,0.01250776,0.02390684,-0.01241935,0.9996371,static,16.63269766402308,-12.396220376373376,16.839131587459715,-11.821085513920774,0.626636,-0.4223176999999999,1.895462,0.2800913187381559,-0.2060783421545223,0.9375929570941456,17.14871516823868,-12.19792330866148,0.6001192191701723,0.6110606146314894,0.4876973621345153
80,05/15/2023 12:46:06.163124,293,True,True,True,True,Eyes,1.341275,-0.3054104,-3.230955,0.3031747,-0.21662,0.9279875,0.0,0.0,0.0,0.0,0.0,0.0,0.0,-1.41579,0.3495849,3.20317,1.341306,-0.3040089,-3.239667,0.006373031,0.01172562,0.001636335,0.9999096,0.7280505,1.344962,0.1960726,0.3820649,-0.08697252,-0.9200336,0,0,0,1.96694,-0.7271239,-1.344052,0.5796002,-0.4008,1.915,0.9997196,0.00342183,-0.02342826,-0.003122919,0.9999134,0.01278328,0.02346997,-0.01270654,0.9996438,static,16.662785213534406,-12.374177096641324,16.839137069198276,-11.821088380307142,0.6256339999999998,-0.423115,1.895615,0.2806073370592572,-0.205685305914836,0.9375249333194144,17.178099670621368,-12.175620834904064,0.5688754317438545,0.5805231305747292,0.4904986305037236
81,05/15/2023 12:46:06.173271,294,True,True,True,True,Eyes,1.341244,-0.3054085,-3.230952,0.3031598,-0.2166341,0.9279891,0.0,0.0,0.0,0.0,0.0,0.0,0.0,-1.416244,0.3448778,3.203386,1.341411,-0.3040044,-3.239532,0.005943126,0.01170804,0.0009351532,0.9999135,0.6797343,1.34238,0.1151331,0.3820539,-0.08697244,-0.9200381,0,0,0,1.966403,-0.726329,-1.343529,0.5796,-0.4008,1.915,0.9997241,0.002009309,-0.02340293,-0.001730979,0.9999276,0.01190712,0.02342517,-0.01186333,0.9996552,static,16.683596727870988,-12.4003373993187,16.839131587459715,-11.821088380307142,0.624992,-0.4223246,1.896003,0.2809232055556934,-0.2060935053001215,0.9373406995277022,17.198468540216737,-12.201642195562297,0.5860602220478606,0.5997670535909244,0.5233968398089132
82,05/15/2023 12:46:06.192641,295,True,True,True,True,Eyes,1.341214,-0.3054051,-3.230947,0.3031485,-0.2166743,0.9279834,0.0,0.0,0.0,0.0,0.0,0.0,0.0,-1.417669,0.3452595,3.202649,1.341365,-0.3041018,-3.239476,0.00621013,0.01188532,0.0004159076,0.99991,0.7110163,1.362364,0.05611748,0.3820433,-0.08697235,-0.9200425,0,0,0,1.966602,-0.7280668,-1.34392,0.5796001,-0.4007999,1.915,0.9997171,0.0009793593,-0.02376333,-0.0006841217,0.9999225,0.01242903,0.02377366,-0.01240926,0.9996404,static,16.673167328507592,-12.353254158887257,16.839134328329035,-11.821085513920774,0.625237,-0.423965,1.895556,0.2807985669543765,-0.2053309709684027,0.9375453659241466,17.18822515131672,-12.154595484808448,0.546035851694311,0.5574482143797672,0.4827973730000146
83,05/15/2023 12:46:06.212782,296,True,True,True,True,Eyes,1.341197,-0.3054031,-3.230943,0.3031402,-0.2166713,0.9279868,0.0,0.0,0.0,0.0,0.0,0.0,0.0,-1.417552,0.3483153,3.202289,1.341329,-0.3040565,-3.239416,0.006621224,0.01189055,0.0005809422,0.9999073,0.7578964,1.363119,0.07559332,0.382033,-0.08697221,-0.9200467,0,0,0,1.966718,-0.7293868,-1.344216,0.5796001,-0.4007999,1.915,0.9997165,0.001319237,-0.0237712,-0.001004317,0.9999117,0.01325504,0.02378659,-0.0132274,0.9996295,static,16.66522158655199,-12.311673916019982,16.839134328329035,-11.821085513920774,0.625389,-0.4253303,1.8952,0.2807090774063293,-0.2046561082576525,0.9377196944121896,17.18041510442694,-12.113037509947793,0.5110043381055397,0.5205022785989156,0.4491197347235477
84,05/15/2023 12:46:06.222798,297,True,True,True,True,Eyes,1.341181,-0.3054,-3.230939,0.3031321,-0.2166804,0.9279874,0.0,0.0,0.0,0.0,0.0,0.0,0.0,-1.416477,0.3478491,3.202809,1.341327,-0.3040891,-3.239408,0.006342276,0.01177061,0.001050758,0.9999102,0.7253079,1.349688,0.1289622,0.3820235,-0.08697206,-0.9200507,0,0,0,1.96665,-0.7277927,-1.343822,0.5796001,-0.4007999,1.915,0.9997206,0.002250633,-0.02352578,-0.001952023,0.9999174,0.01270815,0.02355244,-0.01265868,0.9996425,static,16.669341911039496,-12.360943258630442,16.839134328329035,-11.821085513920774,0.6253230000000001,-0.4237035999999999,1.895586,0.2807281476680787,-0.2054612114503066,0.9375379875234666,17.184494272584093,-12.162322299940769,0.5544307597937885,0.5659291912351172,0.4855059579748866
85,05/15/2023 12:46:06.242750,298,True,True,True,True,Eyes,1.341149,-0.3053968,-3.230935,0.3031518,-0.2166817,0.9279806,0.0,0.0,0.0,0.0,0.0,0.0,0.0,-1.416473,0.3489144,3.202732,1.341353,-0.3040562,-3.239436,0.006507333,0.01176731,0.001063447,0.9999092,0.7442045,1.349343,0.1306368,0.3820145,-0.08697186,-0.9200545,0,0,0,1.966674,-0.7283728,-1.343986,0.5796,-0.4007999,1.915,0.9997208,0.002279849,-0.02351864,-0.001973554,0.999913,0.01303851,0.02354632,-0.01298846,0.9996384,static,16.669474253776283,-12.34271544227728,16.839131587459715,-11.821085513920774,0.625321,-0.4243166,1.89545,0.2807483220829597,-0.2051616629954222,0.9375974821953424,17.184604409340075,-12.14407567918368,0.5376889900625449,0.5485265654731631,0.472941981129332
86,05/15/2023 12:46:06.263093,299,True,True,True,True,Eyes,1.341118,-0.305395,-3.23093,0.3031565,-0.216686,0.9279782,0.0,0.0,0.0,0.0,0.0,0.0,0.0,-1.416248,0.3499593,3.202682,1.34132,-0.3040553,-3.239416,0.00671529,0.0117271,0.0009570934,0.9999083,0.7681816,1.344684,0.1186997,0.3820057,-0.08697163,-0.9200581,0,0,0,1.966398,-0.7292919,-1.344092,0.5796,-0.4007999,1.915,0.9997231,0.002071513,-0.0234392,-0.001756509,0.999908,0.0134518,0.02346491,-0.0134069,0.9996347,static,16.675430868216402,-12.315929727762676,16.839131587459715,-11.821085513920774,0.625078,-0.4252366,1.895324,0.2808726349077311,-0.2047155853676272,0.9376578895477112,17.19039820033317,-12.117216805736437,0.5110585680957989,0.5212184968452181,0.4594365846468934
87,05/15/2023 12:46:06.272636,300,True,True,True,True,Eyes,1.341078,-0.3053874,-3.23093,0.3031317,-0.2166743,0.9279889,0.0,0.0,0.0,0.0,0.0,0.0,0.0,-1.414762,0.3507936,3.203245,1.341305,-0.3040853,-3.239417,0.006791163,0.01150954,0.001070722,0.9999103,0.7767515,1.319849,0.1316537,0.3819971,-0.0869714,-0.9200617,0,0,0,1.965651,-0.7294763,-1.343886,0.5796,-0.4007999,1.915,0.9997327,0.002297577,-0.02300247,-0.001984924,0.9999054,0.01360575,0.02303156,-0.01355646,0.9996428,static,16.695539673140622,-12.31194794937295,16.839131587459715,-11.821085513920774,0.6243460000000001,-0.4253909999999999,1.895531,0.281206835958883,-0.2046295258691743,0.9375763707032836,17.21004846197987,-12.113072270877687,0.500388385592474,0.5114338357948784,0.4720546515415528
88,05/15/2023 12:46:06.292698,301,True,True,True,True,Eyes,1.34104,-0.3053795,-3.230931,0.3030895,-0.2166406,0.9280106,0.0,0.0,0.0,0.0,0.0,0.0,0.0,-1.412252,0.3504024,3.204461,1.341275,-0.3039425,-3.239508,0.006745502,0.01112377,0.001085229,0.9999148,0.7715518,1.275641,0.132958,0.3819883,-0.08697103,-0.9200653,0,0,0,1.964169,-0.729147,-1.343457,0.5796001,-0.4007999,1.915,0.9997501,0.002320343,-0.02223099,-0.002020201,0.9999067,0.013514,0.02226027,-0.01346571,0.9996615,static,16.736938983776742,-12.31831431610719,16.839134328329035,-11.821085513920774,0.6228940000000001,-0.4252045,1.896051,0.2818804913268858,-0.2046915434143507,0.937360565073512,17.250519092900223,-12.11911774939174,0.4940871854898869,0.5076222711543482,0.5079966908367748
89,05/15/2023 12:46:06.312817,302,True,True,True,True,Eyes,1.340984,-0.3053736,-3.230935,0.303026,-0.2165727,0.9280472,0.0,0.0,0.0,0.0,0.0,0.0,0.0,-1.410584,0.3486358,3.205439,1.341274,-0.3039317,-3.239559,0.006454574,0.01086733,0.001126828,0.9999196,0.7381973,1.246239,0.137164,0.3819796,-0.0869705,-0.920069,0,0,0,1.963229,-0.7279818,-1.342942,0.5796002,-0.4007999,1.915,0.9997612,0.002393762,-0.02171837,-0.002113186,0.9999142,0.0129326,0.02174746,-0.01288362,0.9996805,static,16.763182792669824,-12.350464398932726,16.839137069198276,-11.821085513920774,0.6219549999999998,-0.4240501,1.896617,0.2822795687717684,-0.2051923933143855,0.9371309531058452,17.276203832236476,-12.151091805971094,0.5185224503482158,0.5348000149770541,0.5476600297132246
90,05/15/2023 12:46:06.322841,303,True,True,True,True,Eyes,1.340932,-0.3053661,-3.230934,0.3029605,-0.2164921,0.9280874,0.0,0.0,0.0,0.0,0.0,0.0,0.0,-1.409065,0.3477205,3.206302,1.34132,-0.3039868,-3.23963,0.006274343,0.01062984,0.001194853,0.9999232,0.7174948,1.219043,0.1445637,0.3819703,-0.0869699,-0.920073,0,0,0,1.962429,-0.727272,-1.342565,0.5796001,-0.4007999,1.915,0.9997711,0.002522913,-0.02124305,-0.002256132,0.9999184,0.01257312,0.02127304,-0.01252232,0.9996953,static,16.7856818401683,-12.369949119568874,16.839134328329035,-11.821085513920774,0.6211089999999999,-0.4232852,1.897065,0.2826295728119425,-0.2054889990045403,0.9369604643855955,17.298215068848425,-12.17041774779311,0.5330978399786784,0.5514602670144113,0.5768779211740274
91,05/15/2023 12:46:06.343312,304,True,True,True,True,Eyes,1.340886,-0.3053584,-3.230934,0.3029062,-0.2164092,0.9281244,0.0,0.0,0.0,0.0,0.0,0.0,0.0,-1.408875,0.3459683,3.206481,1.341352,-0.3039441,-3.239527,0.006043515,0.0105866,0.001114306,0.9999252,0.6911488,1.213995,0.1350221,0.3819606,-0.0869692,-0.920077,0,0,0,1.962232,-0.7264477,-1.342213,0.5796001,-0.4007999,1.915,0.9997734,0.002356406,-0.02115814,-0.002100485,0.9999245,0.01210972,0.02118508,-0.01206253,0.9997028,static,16.79050763088642,-12.388577963883089,16.839134328329035,-11.821085513920774,0.6208799999999999,-0.4225036,1.897314,0.2826902147410989,-0.2057897807963788,0.9368760955045496,17.302951462433178,-12.18902661362855,0.550196378019749,0.5695719765476575,0.5920363052573286
92,05/15/2023 12:46:06.362841,305,True,True,True,True,Eyes,1.340843,-0.3053541,-3.230932,0.3028697,-0.2163381,0.9281529,0.0,0.0,0.0,0.0,0.0,0.0,0.0,-1.409054,0.3450438,3.206545,1.341398,-0.3039332,-3.239552,0.005940631,0.01059776,0.001022974,0.9999257,0.6794692,1.215196,0.1244386,0.3819509,-0.0869684,-0.9200812,0,0,0,1.962246,-0.7261548,-1.342164,0.5796001,-0.4008,1.915,0.9997733,0.00217171,-0.02118178,-0.001919881,0.9999273,0.01190206,0.02120609,-0.0118587,0.9997048,static,16.789598313356375,-12.392610467446255,16.839134328329035,-11.821088380307142,0.6208479999999998,-0.4222216,1.8973880000000003,0.2826712706395651,-0.2058569189582937,0.936867074957874,17.302066941424474,-12.19307023033534,0.554186979781816,0.5736648088101797,0.5938662315856774
93,05/15/2023 12:46:06.372600,306,True,True,True,True,Eyes,1.340829,-0.3053497,-3.230932,0.3028176,-0.2162947,0.92818,0.0,0.0,0.0,0.0,0.0,0.0,0.0,-1.410358,0.3460124,3.205819,1.341429,-0.3040112,-3.239484,0.006066632,0.01079994,0.001052669,0.9999229,0.6938452,1.238405,0.1281351,0.381941,-0.08696761,-0.9200854,0,0,0,1.963068,-0.7266745,-1.342455,0.5796001,-0.4008,1.915,0.9997645,0.002236214,-0.02158545,-0.001974137,0.9999242,0.01215506,0.02161099,-0.01210959,0.9996932,static,16.76148253495265,-12.374820312822704,16.839134328329035,-11.821088380307142,0.621639,-0.4226633,1.897029,0.2822274385802626,-0.2055940176994001,0.9370585794476743,17.274567666789874,-12.175484882575011,0.5420303611828167,0.5591501176803851,0.5614259283849057
94,05/15/2023 12:46:06.393146,307,True,True,True,True,Eyes,1.340817,-0.3053441,-3.230931,0.3027664,-0.2162317,0.9282113,0.0,0.0,0.0,0.0,0.0,0.0,0.0,-1.41079,0.3490874,3.20536,1.341448,-0.3039886,-3.239542,0.006426891,0.01089363,0.001335106,0.9999192,0.7347613,1.249402,0.1610158,0.3819318,-0.08696678,-0.9200893,0,0,0,1.963675,-0.7276825,-1.342934,0.5796001,-0.4007999,1.915,0.9997591,0.002810021,-0.02176834,-0.002529972,0.9999139,0.01288183,0.02180266,-0.01282366,0.9996801,static,16.73814251455999,-12.338514354745108,16.839134328329035,-11.821085513920774,0.6222270000000001,-0.4236939,1.896608,0.2818802315527437,-0.2050219968334209,0.9372883091001124,17.251716725568578,-12.139327959337528,0.5128164774734685,0.5271925186923416,0.5210590068089829
95,05/15/2023 12:46:06.412715,308,True,True,True,True,Eyes,1.340812,-0.3053376,-3.230931,0.3026974,-0.2161428,0.9282546,0.0,0.0,0.0,0.0,0.0,0.0,0.0,-1.410725,0.3473113,3.205576,1.341506,-0.3039585,-3.239515,0.006147205,0.01087581,0.00135528,0.9999211,0.7026907,1.247324,0.162965,0.3819233,-0.08696589,-0.9200929,0,0,0,1.963683,-0.7265638,-1.342649,0.5796002,-0.4007999,1.915,0.9997597,0.002844058,-0.02173323,-0.002576634,0.9999208,0.01232292,0.02176655,-0.01226396,0.9996879,static,16.7370779371476,-12.365535269013806,16.839137069198276,-11.821085513920774,0.622177,-0.4226052999999999,1.896866,0.2818359783997298,-0.2054668057790243,0.9372043007702174,17.25070468707961,-12.166383610314623,0.5385821594439771,0.553932849951869,0.5372324259217176
96,05/15/2023 12:46:06.422853,309,True,True,True,True,Eyes,1.340807,-0.3053321,-3.230931,0.3026375,-0.2160843,0.9282877,0.0,0.0,0.0,0.0,0.0,0.0,0.0,-1.411524,0.3476634,3.205232,1.341542,-0.3039288,-3.239549,0.006412324,0.01094618,0.0008735843,0.9999192,0.7336631,1.255084,0.1081495,0.3819155,-0.08696491,-0.9200963,0,0,0,1.963588,-0.7281219,-1.342994,0.5796,-0.4008,1.915,0.9997588,0.001887408,-0.02187939,-0.001606647,0.9999163,0.01284274,0.0219018,-0.01280449,0.9996782,static,16.734626966265665,-12.314464011144596,16.839131587459715,-11.821088380307142,0.6220459999999999,-0.4241931,1.896555,0.2818463111578168,-0.2046306786208797,0.9373840607445376,17.24825525496223,-12.115281960160528,0.4910636680471998,0.5043220488489147,0.5039166972205422
97,05/15/2023 12:46:06.443079,310,True,True,True,True,Eyes,1.340802,-0.3053266,-3.230931,0.302544,-0.2159632,0.9283465,0.0,0.0,0.0,0.0,0.0,0.0,0.0,-1.41218,0.3497251,3.204711,1.341539,-0.3039424,-3.239541,0.006754373,0.01104386,0.0008177594,0.999916,0.7729174,1.266278,0.1022577,0.3819084,-0.08696388,-0.9200993,0,0,0,1.963909,-0.7295035,-1.343398,0.5796002,-0.4007999,1.915,0.9997547,0.00178457,-0.02207482,-0.001486193,0.9999074,0.01352567,0.02209691,-0.01348955,0.9996648,static,16.7161260114597,-12.26494210802487,16.839137069198276,-11.821085513920774,0.6223699999999999,-0.4255610999999999,1.896143,0.2815913189727569,-0.2038363360517715,0.937633871474715,17.23012011145097,-12.065857983155716,0.4502131736060578,0.4605870129038069,0.461282235756528
98,05/15/2023 12:46:06.462898,311,True,True,True,True,Eyes,1.340798,-0.3053196,-3.230933,0.302447,-0.2158511,0.928404,0.0,0.0,0.0,0.0,0.0,0.0,0.0,-1.41211,0.3479085,3.204924,1.341534,-0.3039463,-3.239527,0.006398445,0.01105061,0.0009893106,0.999918,0.7319148,1.267135,0.1214697,0.3819019,-0.0869628,-0.9201021,0,0,0,1.964072,-0.727946,-1.343091,0.5796002,-0.4007999,1.915,0.9997538,0.002119872,-0.02208675,-0.001837046,0.9999162,0.0128177,0.02211208,-0.01277397,0.9996739,static,16.70741096224405,-12.304110793948304,16.839137069198276,-11.821085513920774,0.622538,-0.4239997,1.896436,0.2814095400104107,-0.2044886037490655,0.937546241059126,17.22164326490495,-12.10513368639387,0.4892855432691459,0.5006647465110655,0.4764392448563602
99,05/15/2023 12:46:06.472663,312,True,True,True,True,Eyes,1.340812,-0.3053119,-3.230932,0.3022973,-0.2157421,0.9284781,0.0,0.0,0.0,0.0,0.0,0.0,0.0,-1.411779,0.3476369,3.205173,1.341563,-0.3039042,-3.239593,0.00641631,0.01098148,0.000863513,0.9999188,0.7341287,1.259122,0.1070263,0.3818959,-0.08696163,-0.9201047,0,0,0,1.963735,-0.7281241,-1.343085,0.5796002,-0.4008,1.915,0.9997573,0.001867807,-0.0219501,-0.001585964,0.9999162,0.01285054,0.02197227,-0.01281261,0.9996765,static,16.7085262110381,-12.290993067752234,16.839137069198276,-11.821088380307142,0.622172,-0.4242199,1.896508,0.2814407942162668,-0.2042720005815515,0.9375840882868252,17.22271948664146,-12.091994368574191,0.4767717452714452,0.4877187832677837,0.4696014538419827
100,05/15/2023 12:46:06.493193,313,True,True,True,True,Eyes,1.340825,-0.3053075,-3.230933,0.3021517,-0.2156392,0.9285495,0.0,0.0,0.0,0.0,0.0,0.0,0.0,-1.412216,0.3470239,3.205011,1.341608,-0.3038786,-3.23954,0.006392433,0.01102678,0.0007064267,0.9999186,0.7315865,1.264196,0.08902855,0.3818909,-0.08696035,-0.9201069,0,0,0,1.963822,-0.728196,-1.343069,0.5796,-0.4007999,1.915,0.9997558,0.001553714,-0.02204273,-0.001271762,0.9999173,0.01279941,0.02206079,-0.01276825,0.9996752,static,16.69784606687333,-12.281117422452809,16.839131587459715,-11.821085513920774,0.622214,-0.4243173999999999,1.896471,0.2812751139026398,-0.2041207477047813,0.937666848616969,17.212270242640503,-12.08219348422974,0.4712171614150939,0.4812389792971805,0.4554226917370221
101,05/15/2023 12:46:06.512906,314,True,True,True,True,Eyes,1.340827,-0.3053009,-3.230928,0.3020303,-0.215548,0.9286101,0.0,0.0,0.0,0.0,0.0,0.0,0.0,-1.412142,0.3470797,3.205077,1.341621,-0.3039529,-3.239567,0.006404546,0.01100946,0.0006711984,0.9999187,0.7330204,1.262187,0.08499432,0.3818867,-0.08695905,-0.9201087,0,0,0,1.963741,-0.728359,-1.343084,0.5796,-0.4008,1.915,0.9997566,0.001483309,-0.02200854,-0.001201266,0.9999171,0.01282283,0.02202574,-0.01279327,0.9996756,static,16.69274708490882,-12.272569325768288,16.839131587459715,-11.821088380307142,0.62212,-0.4244060999999999,1.896483,0.2811997427556723,-0.2039855336866425,0.9377188101796932,17.207277457525535,-12.073677345824946,0.4651730399006748,0.4746192860615369,0.4464667592865948
102,05/15/2023 12:46:06.523052,315,True,True,True,True,Eyes,1.340827,-0.305297,-3.230923,0.3019161,-0.2154478,0.9286705,0.0,0.0,0.0,0.0,0.0,0.0,0.0,-1.412626,0.3458603,3.204852,1.341632,-0.3039021,-3.239425,0.006248516,0.01107752,0.0006127242,0.999919,0.7152099,1.269929,0.07814524,0.381883,-0.08695771,-0.9201104,0,0,0,1.963963,-0.7277839,-1.342894,0.5796001,-0.4007999,1.915,0.9997538,0.001363785,-0.02214559,-0.001086913,0.9999211,0.01250959,0.02216091,-0.01248244,0.9996765,static,16.680013782872944,-12.281281198158965,16.839134328329035,-11.821085513920774,0.622331,-0.4238818,1.896531,0.280982000046665,-0.2041416809171083,0.9377501123947752,17.19484104043048,-12.08249831013988,0.4778014824095269,0.4869285530523958,0.4414339305729804
103,05/15/2023 12:46:06.543144,316,True,True,True,True,Eyes,1.340831,-0.3052955,-3.230917,0.3018094,-0.2153736,0.9287224,0.0,0.0,0.0,0.0,0.0,0.0,0.0,-1.412918,0.3445294,3.204854,1.341595,-0.3039659,-3.239421,0.006059366,0.01112198,0.0005489328,0.9999197,0.6936137,1.274962,0.07062577,0.3818797,-0.0869564,-0.9201119,0,0,0,1.964044,-0.7272038,-1.342785,0.5796002,-0.4007999,1.915,0.999752,0.001232561,-0.02223552,-0.0009629929,0.999926,0.01212997,0.02224882,-0.01210555,0.9996791,static,16.670904376710258,-12.295398377577335,16.839137069198276,-11.821085513920774,0.6224489999999998,-0.4232378999999999,1.896636,0.2808184658776129,-0.2043829224471033,0.9377465585120563,17.18595233786125,-12.09670121575344,0.4940749593336224,0.5032642759543493,0.4429953111202003
104,05/15/2023 12:46:06.562942,317,True,True,True,True,Eyes,1.340836,-0.3052934,-3.230911,0.3017231,-0.2153166,0.9287637,0.0,0.0,0.0,0.0,0.0,0.0,0.0,-1.4135,0.3449537,3.204535,1.341594,-0.3040238,-3.2394,0.006143851,0.0112066,0.0004849369,0.9999183,0.7033707,1.284623,0.06345973,0.3818769,-0.08695519,-0.9201131,0,0,0,1.964311,-0.7276596,-1.342941,0.5796002,-0.4008,1.915,0.9997483,0.001107498,-0.02240541,-0.0008320909,0.999924,0.01229757,0.02241733,-0.01227583,0.9996734,static,16.65659323260205,-12.279098438732596,16.839137069198276,-11.821088380307142,0.622717,-0.4236357999999999,1.896459,0.2805993820367782,-0.2041297728678772,0.9378673149099224,17.171947361559656,-12.080498466955016,0.4851229228272042,0.4930471234052163,0.4219671595708905
105,05/15/2023 12:46:06.572852,318,True,True,True,True,Eyes,1.340887,-0.3052903,-3.230904,0.3015897,-0.2152777,0.928816,0.0,0.0,0.0,0.0,0.0,0.0,0.0,-1.414724,0.3465629,3.20382,1.341608,-0.304004,-3.239395,0.006361536,0.0114043,0.0005683586,0.9999146,0.728193,1.307359,0.07344297,0.3818746,-0.08695406,-0.9201142,0,0,0,1.965143,-0.7283661,-1.343367,0.5796,-0.4008,1.915,0.9997392,0.001281718,-0.02279943,-0.0009915223,0.9999184,0.01273495,0.0228139,-0.01270902,0.9996589,static,16.62211126912985,-12.252675822324994,16.839131587459715,-11.821088380307142,0.6235350000000002,-0.4243621,1.896028,0.280058665876794,-0.2037307460056882,0.9381156239604244,17.138216641418126,-12.054322545509155,0.4775499973660819,0.4830792260856483,0.3792756851141217
106,05/15/2023 12:46:06.592900,319,True,True,True,True,Eyes,1.340933,-0.3052906,-3.2309,0.3014713,-0.2152441,0.9288622,0.0,0.0,0.0,0.0,0.0,0.0,0.0,-1.415564,0.3456991,3.203458,1.341554,-0.3039643,-3.239337,0.006202384,0.01155088,0.0006421785,0.999914,0.7098477,1.324195,0.08179788,0.3818738,-0.08695291,-0.9201146,0,0,0,1.965708,-0.7276303,-1.343357,0.5796,-0.4007999,1.915,0.9997323,0.001427532,-0.0230918,-0.00114096,0.9999222,0.01241853,0.02310774,-0.01238887,0.9996562,static,16.597300967360745,-12.2697280005318,16.839131587459715,-11.821085513920774,0.6241540000000001,-0.4236659999999999,1.89598,0.2796342370924392,-0.2040362228691272,0.9381758188635908,17.113984889090894,-12.071587360196702,0.5045695978494662,0.5096686468775333,0.3718810460418871
107,05/15/2023 12:46:06.613069,320,True,True,True,True,Eyes,1.340986,-0.3052915,-3.230896,0.3013591,-0.2152268,0.9289026,0.0,0.0,0.0,0.0,0.0,0.0,0.0,-1.416219,0.3463523,3.203164,1.341484,-0.3040481,-3.239424,0.006269077,0.01166908,0.0006931251,0.999912,0.7174121,1.337785,0.08780909,0.3818743,-0.08695186,-0.9201145,0,0,0,1.966128,-0.7279054,-1.343648,0.5796,-0.4008,1.915,0.9997267,0.001532437,-0.0233274,-0.00123982,0.9999204,0.01255323,0.02334479,-0.01252088,0.9996491,static,16.575135309590216,-12.261443378176091,16.839131587459715,-11.821088380307142,0.6246440000000002,-0.4238573,1.895776,0.2792780202798571,-0.2039225810888216,0.9383066083047944,17.092311316631463,-12.063469794483444,0.5093826248189885,0.5134262935194432,0.3504978248171931
108,05/15/2023 12:46:06.622826,321,True,True,True,True,Eyes,1.341033,-0.305289,-3.230895,0.3012574,-0.2152106,0.9289395,0.0,0.0,0.0,0.0,0.0,0.0,0.0,-1.416391,0.3478533,3.202879,1.341412,-0.3040558,-3.239408,0.0064419,0.01172167,0.0008314724,0.9999102,0.7370246,1.343932,0.1039326,0.381876,-0.0869509,-0.9201139,0,0,0,1.966368,-0.7284036,-1.343844,0.5796001,-0.4007999,1.915,0.9997238,0.001813815,-0.02343053,-0.001511776,0.9999156,0.01290214,0.02345195,-0.01286315,0.9996422,static,16.5583328168656,-12.24458718854298,16.839134328329035,-11.821085513920774,0.6249559999999998,-0.4243478,1.895564,0.2790183094104566,-0.2036625710491492,0.9384404926444466,17.075870695753967,-12.046729936792628,0.5051146043401167,0.5081369473360134,0.327046652994224
109,05/15/2023 12:46:06.642931,322,True,True,True,True,Eyes,1.341072,-0.3052857,-3.230895,0.3013399,-0.2152685,0.9288992,0.0,0.0,0.0,0.0,0.0,0.0,0.0,-1.416576,0.3484089,3.202769,1.341333,-0.3039743,-3.23948,0.006487489,0.01177534,0.0009560084,0.9999092,0.7420747,1.35018,0.1183045,0.3818787,-0.08694992,-0.9201129,0,0,0,1.966596,-0.7283448,-1.344023,0.5796002,-0.4008,1.915,0.9997208,0.002064628,-0.02353613,-0.001759058,0.999914,0.01299631,0.02356094,-0.01295128,0.9996385,static,16.55424469715013,-12.247087747388512,16.839137069198276,-11.821088380307142,0.6252629999999999,-0.4243705,1.895457,0.2789486353762714,-0.2037077953934052,0.9384512662373978,17.07187758059993,-12.049265231574816,0.5095192378671083,0.5124832918300349,0.3259337679681783
110,05/15/2023 12:46:06.663106,323,True,True,True,True,Eyes,1.341109,-0.3052855,-3.230894,0.3014184,-0.215306,0.9288651,0.0,0.0,0.0,0.0,0.0,0.0,0.0,-1.416172,0.3486518,3.20292,1.341277,-0.3039507,-3.239505,0.006460069,0.01173737,0.001116469,0.9999097,0.7387213,1.345944,0.1366267,0.3818821,-0.08694891,-0.9201116,0,0,0,1.966527,-0.7280238,-1.343977,0.5796001,-0.4007999,1.915,0.9997219,0.002384385,-0.02345819,-0.002081088,0.9999141,0.01294518,0.02348704,-0.01289276,0.9996411,static,16.559978659638528,-12.2585516832756,16.839134328329035,-11.821085513920774,0.6252499999999999,-0.4240731,1.895528,0.2790317303846755,-0.2038904466316775,0.938386955740242,17.077494073137263,-12.060695033089786,0.5154896934131291,0.5189456008986194,0.3379764631175501
111,05/15/2023 12:46:06.673190,324,True,True,True,True,Eyes,1.341152,-0.3052824,-3.230894,0.3015745,-0.2154051,0.9287914,0.0,0.0,0.0,0.0,0.0,0.0,0.0,-1.415662,0.3481665,3.203176,1.341267,-0.3040295,-3.239479,0.006283102,0.01168032,0.001325109,0.9999112,0.7181717,1.339528,0.1602553,0.3818861,-0.08694796,-0.92011,0,0,0,1.966474,-0.7271782,-1.34373,0.5796,-0.4007999,1.915,0.9997236,0.002796759,-0.02334191,-0.002503205,0.9999176,0.01259604,0.02337521,-0.01253413,0.9996482,static,16.572808084653232,-12.292970648848089,16.839131587459715,-11.821085513920774,0.6252070000000001,-0.4231487,1.895749,0.2792089496439398,-0.2044431430779713,0.9382139225983316,17.09006990994229,-12.095046168283217,0.5369531103964721,0.5418521834527236,0.3715164623930769
112,05/15/2023 12:46:06.692647,325,True,True,True,True,Eyes,1.341192,-0.3052804,-3.230893,0.30172,-0.2154829,0.9287261,0.0,0.0,0.0,0.0,0.0,0.0,0.0,-1.415262,0.3480042,3.203346,1.341244,-0.3039557,-3.239471,0.006243535,0.01162758,0.001385357,0.9999119,0.7135661,1.33352,0.1670684,0.3818907,-0.08694697,-0.9201082,0,0,0,1.9663,-0.7268818,-1.343623,0.5796,-0.4007999,1.915,0.9997258,0.002915664,-0.02323582,-0.002625275,0.9999182,0.01251819,0.02327041,-0.01245376,0.9996517,static,16.586949287048018,-12.30530193214832,16.839131587459715,-11.821085513920774,0.6250559999999998,-0.4229261,1.895848,0.2794292733706114,-0.2046314036217271,0.9381072845090768,17.103904600495298,-12.107277737690714,0.5401321844099625,0.5459500456287643,0.3898855439463281
113,05/15/2023 12:46:06.713099,326,True,True,True,True,Eyes,1.341206,-0.3052753,-3.230892,0.3018818,-0.2155989,0.9286466,0.0,0.0,0.0,0.0,0.0,0.0,0.0,-1.414574,0.3471858,3.203735,1.341211,-0.3039832,-3.239479,0.006053365,0.01153896,0.001522511,0.9999141,0.6916084,1.323424,0.1824697,0.3818959,-0.08694599,-0.9201062,0,0,0,1.966044,-0.7260213,-1.343359,0.5796,-0.4007999,1.915,0.999729,0.00318446,-0.02305751,-0.002905062,0.999922,0.01214083,0.02309437,-0.01207055,0.9996604,static,16.60557821334119,-12.340121620029295,16.839131587459715,-11.821085513920774,0.624833,-0.4220380999999999,1.89612,0.2797011782254551,-0.205184551257758,0.9379054138709586,17.122149324970493,-12.141984164470346,0.5614318306400429,0.5691622422529833,0.4278726255210257
114,05/15/2023 12:46:06.722815,327,True,True,True,True,Eyes,1.341219,-0.3052735,-3.230892,0.3020391,-0.2157059,0.9285706,0.0,0.0,0.0,0.0,0.0,0.0,0.0,-1.414417,0.3474885,3.203757,1.341211,-0.3039097,-3.239471,0.006126235,0.01151115,0.001488716,0.9999139,0.7000081,1.320228,0.1786742,0.3819009,-0.08694495,-0.9201042,0,0,0,1.96591,-0.7262663,-1.343378,0.5795999,-0.4008,1.915,0.9997305,0.003118215,-0.02300209,-0.002836135,0.9999205,0.01228569,0.02303857,-0.01221714,0.99966,static,16.619142548093535,-12.338087439821509,16.83912884659031,-11.821088380307142,0.6246990000000001,-0.4223566,1.896093,0.2799260479474938,-0.2051372478037083,0.9378486709762922,17.135405037754506,-12.139840832315558,0.5535939911179993,0.561855852568121,0.4351812347886121
115,05/15/2023 12:46:06.743134,328,True,True,True,True,Eyes,1.341238,-0.3052704,-3.230894,0.3021825,-0.2158379,0.9284933,0.0,0.0,0.0,0.0,0.0,0.0,0.0,-1.414512,0.3473366,3.203749,1.341215,-0.3039883,-3.239479,0.006077225,0.0115283,0.001519612,0.999914,0.6943483,1.322205,0.1821617,0.3819057,-0.08694395,-0.9201023,0,0,0,1.966006,-0.7261209,-1.343366,0.5796002,-0.4007999,1.915,0.9997296,0.003179084,-0.02303616,-0.002898843,0.9999215,0.01218844,0.0230731,-0.01211837,0.9996603,static,16.626121033006733,-12.353301130673229,16.839137069198276,-11.821085513920774,0.6247909999999999,-0.4221325999999999,1.896113,0.2800257118214829,-0.2053800547232403,0.9377658046486342,17.142241886517525,-12.155014209246106,0.5641536379948824,0.5732619771011788,0.4509777198973503
116,05/15/2023 12:46:06.763053,329,True,True,True,True,Eyes,1.341256,-0.3052712,-3.230896,0.3023281,-0.2159561,0.9284183,0.0,0.0,0.0,0.0,0.0,0.0,0.0,-1.415235,0.3474564,3.203472,1.341237,-0.3039492,-3.239529,0.006096015,0.01163917,0.001533404,0.9999126,0.6964628,1.334924,0.1838442,0.3819104,-0.08694296,-0.9201004,0,0,0,1.966459,-0.7261353,-1.343571,0.5796,-0.4008,1.915,0.9997243,0.003208444,-0.0232576,-0.002924634,0.999921,0.01222666,0.02329499,-0.01215527,0.9996548,static,16.622389346432396,-12.358652864127157,16.839131587459715,-11.821088380307142,0.6252219999999999,-0.4221861,1.895958,0.2799590953993965,-0.2054717808250432,0.9377654872831728,17.138600156834933,-12.160400640311632,0.5704922935822457,0.5796143315259049,0.4525640659983896
117,05/15/2023 12:46:06.772543,330,True,True,True,True,Eyes,1.341351,-0.3052761,-3.230912,0.3024434,-0.2160825,0.9283514,0.0,0.0,0.0,0.0,0.0,0.0,0.0,-1.416051,0.3471333,3.203754,1.341951,-0.3041653,-3.239814,0.005992411,0.01165827,0.001577834,0.999913,0.6845281,1.337123,0.1888099,0.3819152,-0.08694205,-0.9200985,0,0,0,1.967283,-0.7259032,-1.343792,0.5796,-0.4008,1.915,0.9997231,0.003295114,-0.0232956,-0.00301567,0.9999232,0.01202057,0.02333342,-0.01194699,0.9996563,static,16.627455185205257,-12.380084148389068,16.839131587459715,-11.821088380307142,0.625332,-0.4217378999999999,1.896022,0.280021166934267,-0.2058186666165038,0.9376709451789288,17.14357412907576,-12.181812779833082,0.5876182043579188,0.5977316856290069,0.472024738291318
118,05/15/2023 12:46:06.793048,331,True,True,True,True,Eyes,1.34147,-0.3052846,-3.230938,0.3025551,-0.2161985,0.9282881,0.0,0.0,0.0,0.0,0.0,0.0,0.0,-1.417659,0.3482284,3.203945,1.343507,-0.3042597,-3.24017,0.006142757,0.01166651,0.001586351,0.9999119,0.7017429,1.338104,0.1899932,0.3819216,-0.08694125,-0.9200959,0,0,0,1.968877,-0.7265593,-1.344285,0.5796002,-0.4007999,1.915,0.9997227,0.003315752,-0.02331148,-0.003029094,0.9999195,0.01232145,0.02335046,-0.01224742,0.9996523,static,16.63257789250532,-12.370727071602344,16.839137069198276,-11.821085513920774,0.62537,-0.4222996,1.895885,0.2801145953753116,-0.2056597137317885,0.9376780215752918,17.148571227817133,-12.172406112875864,0.5771463078710528,0.5871733435764042,0.4681620037661346
119,05/15/2023 12:46:06.812827,332,True,True,True,True,Eyes,1.341558,-0.3052906,-3.230962,0.3026775,-0.2162974,0.928225,0.0,0.0,0.0,0.0,0.0,0.0,0.0,-1.418575,0.3470179,3.203638,1.343516,-0.3042358,-3.240136,0.006025112,0.011792,0.001431448,0.9999114,0.6884481,1.352355,0.1721715,0.38193,-0.08694059,-0.9200925,0,0,0,1.969235,-0.7262729,-1.344308,0.5796001,-0.4007998,1.915,0.9997178,0.003004738,-0.02356465,-0.002720546,0.9999233,0.01208291,0.02359915,-0.0120154,0.9996493,static,16.630627814917606,-12.384540133170171,16.839134328329035,-11.821082647534343,0.6257190000000001,-0.4220371,1.895828,0.2800688641980356,-0.2058885954790908,0.9376412973181588,17.14667977273683,-12.186248039388136,0.5903748199154681,0.600798888359524,0.4774201124625156
120,05/15/2023 12:46:06.822861,333,True,True,True,True,Eyes,1.341639,-0.3053057,-3.230987,0.3028021,-0.2163852,0.928164,0.0,0.0,0.0,0.0,0.0,0.0,0.0,-1.420278,0.3451957,3.203038,1.343479,-0.3041921,-3.240112,0.005849071,0.01203912,0.001198887,0.9999097,0.6685549,1.380489,0.1454493,0.3819394,-0.08694004,-0.9200887,0,0,0,1.969947,-0.7258368,-1.344445,0.5796,-0.4007999,1.915,0.9997072,0.002538393,-0.02406205,-0.002256722,0.9999287,0.01172595,0.0240901,-0.01166822,0.9996417,static,16.617104467006346,-12.400793154909428,16.839131587459715,-11.821085513920774,0.6264679999999998,-0.4216446999999999,1.895667,0.2798306621231577,-0.2061695051590027,0.937650794868568,17.133479110237996,-12.202623742206626,0.6104199487601375,0.6207712873816282,0.4818836828625942
121,05/15/2023 12:46:07.362895,365,True,True,True,True,Eyes,1.336968,-0.302431,-3.230699,-0.001610994,0.1645871,0.9863612,0.0,0.0,0.0,0.0,0.0,0.0,0.0,-1.417048,0.3463672,3.203328,1.342071,-0.3041269,-3.2397,0.005889819,0.01179288,0.00155422,0.999912,0.6727791,1.352513,0.1860573,0.3817614,-0.08669017,-0.9201858,0,0,0,1.390705,0.07185615,-1.124698,-7.450581e-09,0.4008,2.111,0.999717,0.003247082,-0.02356538,-0.002969251,0.9999259,0.01181526,0.023602,-0.01174194,0.9996524,static,-1.4157383919046218,10.15349984629112,-2.022202019044815e-07,10.750370096520475,0.048634,0.37598305,2.115002,-0.0243200789080881,0.1762337799902029,0.9840478210970172,-0.5156998670242474,10.231167954886162,1.5159932339376725,1.536414240151324,0.7317902760741374
122,05/15/2023 12:46:07.372518,366,True,True,True,True,Eyes,1.336898,-0.3024275,-3.230698,-0.001368427,0.1647827,0.986329,0.0,0.0,0.0,0.0,0.0,0.0,0.0,-1.416459,0.3461684,3.20361,1.342039,-0.3041036,-3.239715,0.005815338,0.0117169,0.001664326,0.9999132,0.664111,1.343864,0.1985228,0.3816813,-0.08663872,-0.9202238,0,0,0,1.390265,0.07219923,-1.124761,1.266599e-07,0.4008,2.111,0.9997199,0.003464638,-0.02341242,-0.003192087,0.9999268,0.01166867,0.02345113,-0.01159066,0.9996578,static,-1.390678680443122,10.156325232697704,3.4377440566314765e-06,10.750370096520475,0.0482260000000001,0.37630283,2.114954,-0.0238894625270996,0.1762841522986623,0.9840494389415873,-0.4912093423613763,10.2341940876184,1.4922152578625325,1.5122453683446315,0.7125501157848364
123,05/15/2023 12:46:07.393091,367,True,True,True,True,Eyes,1.33683,-0.3024239,-3.230698,-0.001138091,0.1649812,0.9862961,0.0,0.0,0.0,0.0,0.0,0.0,0.0,-1.416419,0.3453851,3.20365,1.342016,-0.3041256,-3.239662,0.005686164,0.01171514,0.001674222,0.9999139,0.6492965,1.34364,0.1994818,0.3816075,-0.08659239,-0.9202588,0,0,0,1.390224,0.07272416,-1.124805,6.705523e-08,0.4008,2.111,0.9997199,0.003481383,-0.02340922,-0.003214926,0.9999297,0.01141058,0.0234473,-0.01133212,0.9996608,static,-1.3768285179626156,10.152967074001513,1.819981844281867e-06,10.750370096520475,0.0482079999999998,0.37684976,2.114857,-0.023651830280706,0.1762274703206468,0.984065322073963,-0.4776685753366876,10.230942085574352,1.4810815972116278,1.50085047582997,0.7056730582353338
124,05/15/2023 12:46:07.412929,368,True,True,True,True,Eyes,1.336772,-0.3024196,-3.230696,-0.0008517742,0.1652775,0.9862468,0.0,0.0,0.0,0.0,0.0,0.0,0.0,-1.416238,0.3445386,3.203851,1.342026,-0.3041238,-3.239687,0.005548471,0.01168641,0.001689293,0.9999149,0.6335045,1.340328,0.2010053,0.3815394,-0.08655065,-0.9202909,0,0,0,1.3901,0.0733089,-1.12493,8.940697e-08,0.4008,2.111,0.9997211,0.003507982,-0.02335208,-0.003248615,0.9999327,0.01113548,0.02338957,-0.01105651,0.9996653,static,-1.3565048511081583,10.154280631684935,2.426642368570707e-06,10.750370096520475,0.0480739999999999,0.3774327,2.114757,-0.0233026648757456,0.176251479953834,0.9840693723816168,-0.4578054935879685,10.232417497761595,1.4622577220040704,1.4816999172160554,0.6912763458897622
125,05/15/2023 12:46:07.432842,369,True,True,True,True,Eyes,1.336716,-0.3024182,-3.230695,-0.0005737543,0.1655754,0.986197,0.0,0.0,0.0,0.0,0.0,0.0,0.0,-1.416587,0.3437313,3.203725,1.342047,-0.3041133,-3.239622,0.005426086,0.01173719,0.001686516,0.999915,0.6194746,1.346119,0.2005542,0.3814768,-0.08651303,-0.9203205,0,0,0,1.390335,0.07383738,-1.124963,9.685755e-08,0.4008,2.111,0.9997188,0.003500119,-0.02345408,-0.003245371,0.9999354,0.01089084,0.02349067,-0.01081166,0.9996656,static,-1.3461395786626225,10.15747585736842,2.6288625433336536e-06,10.750370096520475,0.0482880000000001,0.37795068,2.114659,-0.023124403664777,0.1763070828929117,0.9840635851229824,-0.4476777863037686,10.235697731171054,1.451627389013783,1.470925702304648,0.6821329766092894
126,05/15/2023 12:46:07.442942,370,True,True,True,True,Eyes,1.336634,-0.3024132,-3.230693,-0.0002627969,0.1659494,0.9861342,0.0,0.0,0.0,0.0,0.0,0.0,0.0,-1.416881,0.3428811,3.203717,1.342042,-0.3041817,-3.239647,0.005255651,0.01178982,0.001751459,0.9999152,0.5998467,1.352153,0.2077976,0.381419,-0.08647919,-0.9203476,0,0,0,1.390499,0.07449343,-1.125122,7.450581e-09,0.4008,2.111,0.9997159,0.003626546,-0.02355922,-0.003378694,0.9999386,0.01055171,0.02359605,-0.01046911,0.9996668,static,-1.3327026098271373,10.159658893732974,2.022202019044815e-07,10.750370096520475,0.0484569999999999,0.3786751299999999,2.1145250000000004,-0.0228934594516,0.1763455026286159,0.9840620336387386,-0.43454671860887,10.237989058206256,1.4386567654916484,1.4577504965999986,0.6718372978824447
127,05/15/2023 12:46:07.463022,371,True,True,True,True,Eyes,1.336556,-0.3024111,-3.230691,4.086495e-05,0.1663075,0.986074,0.0,0.0,0.0,0.0,0.0,0.0,0.0,-1.417377,0.3422589,3.203555,1.342056,-0.3041079,-3.23964,0.005181734,0.01186204,0.001725295,0.9999148,0.5913977,1.360398,0.2047422,0.3813651,-0.08644866,-0.9203729,0,0,0,1.390837,0.07487921,-1.125178,7.450581e-09,0.4008,2.111,0.9997126,0.003573228,-0.02370418,-0.003327365,0.9999403,0.01040352,0.02373993,-0.01032166,0.9996648,static,-1.323757924275346,10.17188241976856,2.022202019044815e-07,10.750370096520475,0.0487810000000001,0.3789871099999999,2.114462,-0.0227389632334098,0.176556078362839,0.9840279520655896,-0.425817018601764,10.25029516407398,1.4255849945779036,1.4446395985216631,0.6568068541130726
128,05/15/2023 12:46:07.472640,372,True,True,True,True,Eyes,1.33648,-0.3024112,-3.23069,0.000360322,0.1667065,0.9860066,0.0,0.0,0.0,0.0,0.0,0.0,0.0,-1.417813,0.3425702,3.203335,1.342043,-0.3041739,-3.239646,0.00519396,0.0119383,0.001785712,0.9999137,0.5927002,1.369177,0.2117272,0.3813147,-0.08642121,-0.9203964,0,0,0,1.3911,0.07476491,-1.125181,-1.490116e-08,0.4008,2.111,0.9997086,0.00369513,-0.023856,-0.003447101,0.9999396,0.01042966,0.02389309,-0.01034439,0.999661,static,-1.3126203634821845,10.196457754334237,-4.0444034952589373e-07,10.750370096520475,0.0490569999999999,0.37893881,2.114465,-0.0225459418368605,0.1769789130560819,0.9839564762010212,-0.4149570112652778,10.27498243807782,1.4056182996202031,1.424707001351939,0.6310169659741711
129,05/15/2023 12:46:07.493170,373,True,True,True,True,Eyes,1.336408,-0.3024067,-3.230687,0.0006733418,0.1670846,0.9859424,0.0,0.0,0.0,0.0,0.0,0.0,0.0,-1.418045,0.3434942,3.203156,1.342068,-0.304231,-3.239653,0.005322639,0.01197248,0.001799531,0.9999126,0.6074187,1.373131,0.2135079,0.3812675,-0.08639657,-0.9204183,0,0,0,1.391261,0.07416438,-1.125094,2.235174e-08,0.4008,2.111,0.9997068,0.003726198,-0.0239237,-0.003471297,0.9999369,0.01068744,0.02396202,-0.01060126,0.9996566,static,-1.297963518436995,10.233085932821508,6.066605242888407e-07,10.750370096520475,0.049193,0.3783953799999999,2.114559,-0.0222916633895405,0.1776089096642874,0.9838487129713032,-0.4006699417896411,10.311762104129071,1.378077126138027,1.3972450665698948,0.5940655345877037
130,05/15/2023 12:46:07.513350,374,True,True,True,True,Eyes,1.33634,-0.3024045,-3.230685,0.0009875059,0.1675076,0.9858702,0.0,0.0,0.0,0.0,0.0,0.0,0.0,-1.41852,0.3435989,3.202893,1.342062,-0.3041169,-3.239625,0.005384311,0.0120412,0.001735147,0.9999116,0.6145595,1.380982,0.2062573,0.3812233,-0.08637436,-0.9204386,0,0,0,1.391596,0.07401512,-1.125027,1.713634e-07,0.4008,2.111,0.9997039,0.003599653,-0.02406159,-0.003340319,0.999936,0.01080946,0.02409896,-0.01072588,0.999652,static,-1.2887595160062335,10.264580735600072,4.651065648039843e-06,10.750370096520475,0.0495339999999999,0.37813202,2.114598,-0.0221314128977985,0.1781502993835467,0.9837542853103118,-0.3917070998014109,10.343360310960694,1.357992610463008,1.377281518612638,0.5648849983038636
131,05/15/2023 12:46:07.532747,375,True,True,True,True,Eyes,1.336271,-0.3023984,-3.230685,0.001304638,0.1679165,0.9858004,0.0,0.0,0.0,0.0,0.0,0.0,0.0,-1.418338,0.3435447,3.203004,1.342078,-0.304177,-3.239636,0.005398292,0.01200263,0.001660969,0.9999121,0.6162716,1.376518,0.1977529,0.3811818,-0.08635437,-0.9204577,0,0,0,1.391508,0.073892,-1.125024,1.937151e-07,0.4008,2.111,0.9997063,0.003451234,-0.02398521,-0.003192059,0.9999362,0.01083551,0.02402108,-0.01075576,0.9996536,static,-1.2672787348117778,10.289712680230044,5.257725086667295e-06,10.750370096520475,0.0494299999999998,0.378069,2.114612,-0.0217608587724522,0.1785832676022746,0.983684178611561,-0.3707381573420252,10.36868645780526,1.3292680561004602,1.348411648171118,0.5321025088068194
132,05/15/2023 12:46:07.542847,376,True,True,True,True,Eyes,1.336222,-0.302402,-3.230684,0.001589346,0.1683405,0.9857276,0.0,0.0,0.0,0.0,0.0,0.0,0.0,-1.419384,0.3424835,3.202666,1.342001,-0.3040816,-3.239688,0.005364578,0.01214998,0.001389878,0.9999109,0.6127571,1.393232,0.1667329,0.3811429,-0.08633626,-0.9204756,0,0,0,1.392263,0.07411789,-1.12512,2.980232e-08,0.4008,2.111,0.9997009,0.002909867,-0.02428289,-0.002649149,0.9999386,0.01076197,0.02431271,-0.01069442,0.9996472,static,-1.2729952993948357,10.310183649338803,8.088806990517875e-07,10.750370096520475,0.050262,0.37819949,2.114568,-0.0218575852090519,0.1789343232840964,0.98361817047186,-0.376347140291305,10.389132205265982,1.3275387408981918,1.3469533028160552,0.5216613776425915
133,05/15/2023 12:46:07.562971,377,True,True,True,True,Eyes,1.33618,-0.3023954,-3.230687,0.001836133,0.1687344,0.9856599,0.0,0.0,0.0,0.0,0.0,0.0,0.0,-1.418614,0.3434365,3.202884,1.341972,-0.3043143,-3.239657,0.005243045,0.01208962,0.001934431,0.9999114,0.5980864,1.386619,0.2289264,0.3811066,-0.08632012,-0.9204922,0,0,0,1.391553,0.07442525,-1.125169,5.215406e-08,0.4008,2.111,0.9997002,0.003995291,-0.02415682,-0.003741745,0.9999375,0.01053193,0.02419738,-0.01043839,0.9996527,static,-1.2405927102695482,10.319585478830172,1.4155412233406275e-06,10.750370096520475,0.0495810000000001,0.37873955,2.114488,-0.0213006716652112,0.1790978929461591,0.9836006983144232,-0.344686578516846,10.398799203458688,1.2943130287117623,1.3132589888650197,0.4923534361574397
134,05/15/2023 12:46:07.572922,378,True,True,True,True,Eyes,1.336174,-0.3023827,-3.230683,0.002061021,0.1691554,0.9855872,0.0,0.0,0.0,0.0,0.0,0.0,0.0,-1.416674,0.3447282,3.203743,1.342103,-0.3040558,-3.239766,0.005407357,0.01178476,0.002112007,0.9999138,0.6167437,1.35183,0.2493147,0.3810729,-0.08630544,-0.9205075,0,0,0,1.39026,0.07399444,-1.125121,5.960464e-08,0.4008,2.111,0.9997133,0.004351097,-0.02354465,-0.004096199,0.9999326,0.01086356,0.02359034,-0.010764,0.9996638,static,-1.1888083562516998,10.362771009664936,1.6177613981035745e-06,10.750370096520475,0.048157,0.37805024,2.114645,-0.0204088570505809,0.1798425409656704,0.9834836373694592,-0.2941177853337566,10.442435950275296,1.231976113386804,1.2504008183155797,0.4258282067932999
135,05/15/2023 12:46:07.593199,379,True,True,True,True,Eyes,1.336168,-0.3023777,-3.230682,0.002295577,0.1695724,0.985515,0.0,0.0,0.0,0.0,0.0,0.0,0.0,-1.41657,0.3408301,3.204029,1.342209,-0.303915,-3.23956,0.005058561,0.01169593,0.001564753,0.9999177,0.5775331,1.341242,0.1860822,0.3810425,-0.08629188,-0.9205213,0,0,0,1.390412,0.07558437,-1.125176,1.490116e-07,0.4008,2.111,0.9997215,0.003247577,-0.0233741,-0.003010919,0.9999439,0.01015289,0.02340577,-0.01007968,0.9996752,static,-1.1759903703400092,10.346369985803864,4.044403495258931e-06,10.750370096520475,0.0482029999999999,0.37949937,2.1143840000000003,-0.0201898875413076,0.1795618042512441,0.9835394301377194,-0.2815721237031046,10.426120220720724,1.225381815928764,1.2434544434626276,0.429445130839494
136,05/15/2023 12:46:07.614152,380,True,True,True,True,Eyes,1.336165,-0.3023787,-3.230685,0.002525151,0.1699362,0.9854518,0.0,0.0,0.0,0.0,0.0,0.0,0.0,-1.417756,0.3384449,3.203859,1.342177,-0.3041052,-3.239657,0.004899704,0.01182844,0.001002016,0.9999176,0.5600691,1.356081,0.1214603,0.381015,-0.08627954,-0.9205338,0,0,0,1.391376,0.07603995,-1.125412,-7.450581e-09,0.4008,2.111,0.9997181,0.002119779,-0.02364511,-0.001887956,0.99995,0.009822306,0.02366474,-0.009774897,0.9996722,static,-1.1891975380737916,10.34877919544292,-2.022202019044815e-07,10.750370096520475,0.0491989999999999,0.38014515,2.1142449999999995,-0.020416448269924,0.1796023390197204,0.9835273799137166,-0.294483423656263,10.42842742939778,1.23685862737785,1.2551755078193485,0.4363111832413128
137,05/15/2023 12:46:07.623003,381,True,True,True,True,Eyes,1.336162,-0.3023732,-3.23068,0.002740741,0.1703026,0.985388,0.0,0.0,0.0,0.0,0.0,0.0,0.0,-1.418336,0.3427229,3.203225,1.342128,-0.3042506,-3.23974,0.005511711,0.01193475,0.001071256,0.9999131,0.6300883,1.368392,0.1302921,0.3809901,-0.08626846,-0.9205452,0,0,0,1.391731,0.07330968,-1.125041,6.705523e-08,0.4008,2.111,0.9997128,0.002273887,-0.02385561,-0.002010764,0.9999369,0.01104803,0.02387923,-0.01099689,0.9996544,static,-1.1874121181008506,10.440280921240287,1.819981844281867e-06,10.750370096520475,0.049603,0.3775602799999999,2.114699,-0.0203798316679403,0.1811729495678903,0.9832400635541894,-0.2928348053173322,10.520032408789955,1.2082250121240865,1.2272355751765838,0.3725704490504474
138,05/15/2023 12:46:07.642638,382,True,True,True,True,Eyes,1.336164,-0.3023689,-3.230679,0.002949905,0.1706473,0.9853277,0.0,0.0,0.0,0.0,0.0,0.0,0.0,-1.418207,0.342393,3.203113,1.342138,-0.3040883,-3.239549,0.005293636,0.01195856,0.001520198,0.9999134,0.6044814,1.371361,0.1814513,0.3809678,-0.08625835,-0.9205554,0,0,0,1.391489,0.07441632,-1.125013,2.980232e-08,0.4008,2.111,0.9997094,0.00316674,-0.02389895,-0.002913523,0.9999393,0.01062271,0.02393113,-0.01055,0.9996579,static,-1.1686911175051873,10.435682724164312,8.088806990517875e-07,10.750370096520475,0.0493509999999999,0.3785046199999999,2.114536,-0.0200588545026437,0.1810952053983018,0.983260925828886,-0.2745319464233156,10.515577644118167,1.191661136558244,1.210317710818106,0.3612419264702038
139,05/15/2023 12:46:07.662808,383,True,True,True,True,Eyes,1.336164,-0.3023646,-3.230679,0.003164482,0.1709466,0.9852753,0.0,0.0,0.0,0.0,0.0,0.0,0.0,-1.418437,0.3423023,3.203135,1.342179,-0.3041232,-3.239641,0.005184691,0.01200871,0.00172859,0.999913,0.591702,1.37721,0.2052106,0.3809477,-0.08624914,-0.9205645,0,0,0,1.391577,0.07485264,-1.125191,1.043081e-07,0.4008,2.111,0.9997056,0.003581402,-0.02399741,-0.003332356,0.9999402,0.01041,0.02403325,-0.01032696,0.9996578,static,-1.1576043537369172,10.440730946248356,2.831081903850562e-06,10.750370096520475,0.049398,0.3789758399999999,2.11445,-0.0198682705832396,0.1811825539834931,0.9832488518905212,-0.2637010028853488,10.520718379656095,1.1797975536338972,1.1983032995554157,0.3496850341489965
140,05/15/2023 12:46:07.673132,384,True,True,True,True,Eyes,1.336192,-0.3023602,-3.230683,0.003373992,0.1712234,0.9852265,0.0,0.0,0.0,0.0,0.0,0.0,0.0,-1.419428,0.3443772,3.20251,1.342165,-0.3041152,-3.239684,0.005588436,0.0121474,0.001541344,0.9999095,0.6381972,1.393074,0.1843998,0.3809296,-0.08624071,-0.9205728,0,0,0,1.392302,0.07314473,-1.124944,0.0,0.4008,2.111,0.9997001,0.003218178,-0.02427537,-0.002946638,0.9999328,0.01121331,0.02430982,-0.01113841,0.9996424,static,-1.1650905196760286,10.502942464119757,0.0,10.750370096520475,0.0501369999999998,0.3772599299999999,2.1147400000000003,-0.0199927298340883,0.1822495951005877,0.9830490672755248,-0.2710836070959881,10.582931360967128,1.171987658134373,1.1910736133062407,0.3186252535501159
141,05/15/2023 12:46:07.692803,385,True,True,True,True,Eyes,1.336218,-0.3023552,-3.230686,0.003554165,0.171495,0.9851786,0.0,0.0,0.0,0.0,0.0,0.0,0.0,-1.418616,0.3450841,3.202837,1.342089,-0.3040994,-3.239759,0.005615226,0.01205258,0.001740294,0.9999102,0.6410094,1.38234,0.2071738,0.380914,-0.08623298,-0.92058,0,0,0,1.391671,0.07305618,-1.124988,2.235174e-08,0.4008,2.111,0.9997033,0.003615631,-0.02408345,-0.00334492,0.9999309,0.01127139,0.02412254,-0.01118749,0.9996464,static,-1.1395504163030192,10.521851103418626,6.066605242888407e-07,10.750370096520475,0.049582,0.37715558,2.114771,-0.0195533216596165,0.1825755912460872,0.9829973866216654,-0.2461404996518259,10.602060211508686,1.1434591114637018,1.162238127126081,0.2873695638178787
142,05/15/2023 12:46:07.712971,386,True,True,True,True,Eyes,1.336277,-0.3023486,-3.230698,0.003686571,0.171786,0.9851274,0.0,0.0,0.0,0.0,0.0,0.0,0.0,-1.41694,0.34486,3.203583,1.342063,-0.3040801,-3.239752,0.005540803,0.01180512,0.001839486,0.9999134,0.6323986,1.354027,0.2182805,0.3809005,-0.08622583,-0.9205863,0,0,0,1.390521,0.07339308,-1.125011,1.490116e-08,0.4008,2.111,0.9997145,0.003809473,-0.02358782,-0.003547834,0.9999318,0.01112408,0.02362859,-0.01103721,0.9996599,static,-1.1013293324876448,10.530124769555778,4.0444034952589373e-07,10.750370096520475,0.0484579999999998,0.37747318,2.1147410000000004,-0.0188970604457798,0.182719840609273,0.9829834056517578,-0.2087917190706438,10.610643918411402,1.1049566302388765,1.1231363200839295,0.2512320753590164
143,05/15/2023 12:46:07.722996,387,True,True,True,True,Eyes,1.336334,-0.3023419,-3.230709,0.00378617,0.1720668,0.985078,0.0,0.0,0.0,0.0,0.0,0.0,0.0,-1.41473,0.344639,3.204762,1.342017,-0.3040327,-3.239952,0.005536897,0.01146126,0.001784405,0.9999174,0.6320985,1.314583,0.2117462,0.3808897,-0.08621913,-0.9205914,0,0,0,1.389064,0.07345165,-1.125182,0.0,0.4008,2.111,0.9997309,0.003695435,-0.02290088,-0.003441596,0.9999323,0.01111378,0.02294039,-0.01103198,0.9996759,static,-1.0571472669007724,10.545726177096745,0.0,10.750370096520475,0.047047,0.3774843499999999,2.11477,-0.0181381267161049,0.1829900660046457,0.9829474192103844,-0.165624366229018,10.626609602873248,1.0592491981786258,1.0767727140269108,0.2067561135167934
144,05/15/2023 12:46:07.743017,388,True,True,True,True,Eyes,1.336404,-0.302336,-3.230723,0.003858495,0.1723727,0.9850243,0.0,0.0,0.0,0.0,0.0,0.0,0.0,-1.412528,0.3445437,3.205752,1.342051,-0.3040252,-3.239947,0.005517333,0.01111393,0.001797813,0.9999215,0.6299131,1.274781,0.213038,0.3808813,-0.08621284,-0.9205955,0,0,0,1.387621,0.07353984,-1.125159,4.470348e-08,0.4008,2.111,0.9997464,0.003717982,-0.02220627,-0.003472705,0.9999326,0.01107376,0.02224595,-0.01099384,0.999692,static,-1.0127347990379998,10.561059892694043,1.2133210485776811e-06,10.750370096520475,0.0455699999999998,0.37756504,2.114788,-0.0173753225895476,0.1832556137642603,0.9829117892609888,-0.1222315347035749,10.64230915496723,1.0134209528432232,1.030277915905078,0.1631502736100224
145,05/15/2023 12:46:07.762908,389,True,True,True,True,Eyes,1.336475,-0.3023286,-3.230736,0.003912687,0.172682,0.9849699,0.0,0.0,0.0,0.0,0.0,0.0,0.0,-1.410836,0.3430065,3.206738,1.342056,-0.3040422,-3.240019,0.005281897,0.01084725,0.001783681,0.9999257,0.6030098,1.244157,0.2109571,0.3808753,-0.08620692,-0.9205985,0,0,0,1.386505,0.07451602,-1.125384,-7.450581e-09,0.4008,2.111001,0.9997583,0.003681684,-0.02167405,-0.003452508,0.9999378,0.01060171,0.02171173,-0.01052431,0.9997089,static,-0.979214797965988,10.551891092941716,-2.0222010611096842e-07,10.750365122656772,0.0444490000000001,0.37855822,2.1146350000000003,-0.0168007774271794,0.1831001164599001,0.982950745144325,-0.0894592310217109,10.63339625967587,0.9829038547356111,0.9991262007339732,0.1472570295136077
146,05/15/2023 12:46:07.774539,390,True,True,True,True,Eyes,1.336592,-0.3023257,-3.230744,0.003964269,0.1729927,0.9849151,0.0,0.0,0.0,0.0,0.0,0.0,0.0,-1.409608,0.3414045,3.207459,1.342123,-0.304005,-3.240004,0.005084921,0.01063385,0.001676013,0.9999292,0.5806153,1.219594,0.1982502,0.3808715,-0.08620128,-0.9206007,0,0,0,1.385752,0.07538023,-1.125501,0.0,0.4008,2.111,0.9997682,0.003459934,-0.02124915,-0.003243645,0.9999427,0.01020477,0.02128324,-0.01013348,0.9997221,static,-0.9538991192786214,10.547188895674584,0.0,10.750370096520475,0.0436290000000001,0.37938523,2.114503,-0.0163667117567936,0.1830207510301356,0.9829727764941611,-0.0647105869643712,10.62888949721452,0.9595417550303048,0.9752979699239142,0.1376408226980907
147,05/15/2023 12:46:07.793065,391,True,True,True,True,Eyes,1.336708,-0.302324,-3.230753,0.004017723,0.1732758,0.9848652,0.0,0.0,0.0,0.0,0.0,0.0,0.0,-1.410012,0.3401811,3.207335,1.342166,-0.3041035,-3.239902,0.004939397,0.01067608,0.001536814,0.9999297,0.5641023,1.224325,0.1821455,0.3808709,-0.086196,-0.9206014,0,0,0,1.38608,0.07589168,-1.125514,-1.490116e-08,0.4008,2.111,0.9997673,0.003178879,-0.02133548,-0.002967945,0.9999464,0.009910914,0.02136585,-0.009845284,0.9997232,static,-0.9584587576228611,10.546896512392609,-4.0444034952589373e-07,10.750370096520475,0.043914,0.37999518,2.114388,-0.0164449550628066,0.1830155148191524,0.9829725285699736,-0.0691668949437531,10.628560803941337,0.963985362266628,0.9798183067401692,0.1400767902515903
148,05/15/2023 12:46:07.813048,392,True,True,True,True,Eyes,1.336858,-0.3023199,-3.230757,0.004073596,0.1735521,0.9848163,0.0,0.0,0.0,0.0,0.0,0.0,0.0,-1.410445,0.3417622,3.207021,1.34222,-0.304125,-3.239922,0.005132051,0.01074738,0.001652365,0.9999278,0.5860224,1.232602,0.1956644,0.3808731,-0.08619107,-0.920601,0,0,0,1.386348,0.07506075,-1.125394,-9.685755e-08,0.4008,2.111,0.9997635,0.003414803,-0.02147626,-0.003194178,0.9999418,0.01029888,0.02151018,-0.01022784,0.9997163,static,-0.9609053148420978,10.585142360218578,-2.6288625433336536e-06,10.750370096520475,0.0441279999999999,0.37918575,2.114528,-0.0164848763938222,0.1836714997174221,0.9828494795167289,-0.0715984925633446,10.666824583535735,0.9588952037339444,0.975004706022577,0.1100264533598478
149,05/15/2023 12:46:07.822909,393,True,True,True,True,Eyes,1.337004,-0.3023162,-3.230762,0.004135775,0.17383,0.984767,0.0,0.0,0.0,0.0,0.0,0.0,0.0,-1.411333,0.3421511,3.206509,1.342319,-0.3040599,-3.239809,0.005115132,0.01089144,0.001857416,0.999926,0.5837994,1.249227,0.2192244,0.3808786,-0.08618636,-0.9205991,0,0,0,1.386895,0.07520735,-1.125304,1.490116e-07,0.4008,2.111,0.9997558,0.003825979,-0.02176226,-0.003603135,0.9999408,0.01026997,0.02180026,-0.01018905,0.9997104,static,-0.9694646443142896,10.599557703567337,4.044403495258931e-06,10.750370096520475,0.0445759999999999,0.37926725,2.1145050000000003,-0.0166309212887986,0.1839183244128908,0.9828008344655038,-0.0799796260873326,10.68118634510392,0.9647885281974574,0.9811288989080048,0.1057533876774306
150,05/15/2023 12:46:07.842991,394,True,True,True,True,Eyes,1.337168,-0.3023129,-3.230768,0.00422486,0.1740402,0.9847295,0.0,0.0,0.0,0.0,0.0,0.0,0.0,-1.411952,0.3405566,3.206457,1.342351,-0.3040664,-3.239845,0.004957068,0.01096086,0.00164568,0.9999264,0.5659384,1.257026,0.1948032,0.3808872,-0.08618188,-0.920596,0,0,0,1.387383,0.07586068,-1.125468,2.30968e-07,0.4008,2.111,0.9997543,0.003399785,-0.02190379,-0.00318245,0.9999454,0.009949483,0.02193643,-0.00987733,0.9997105,static,-0.9766080666915232,10.593544684837704,6.26882596048202e-06,10.750370096520475,0.0450319999999999,0.37992708,2.114377,-0.0167537832085716,0.1838148053546476,0.9828181199535057,-0.0869553084404313,10.675111028796236,0.9726964536817534,0.9891257605015282,0.1150054050702848
151,05/15/2023 12:46:07.862804,395,True,True,True,True,Eyes,1.337325,-0.3023073,-3.230773,0.004316497,0.1742366,0.9846944,0.0,0.0,0.0,0.0,0.0,0.0,0.0,-1.413481,0.3427175,3.205586,1.342334,-0.3040597,-3.239885,0.005440874,0.01116793,0.001301175,0.9999221,0.6217766,1.280643,0.1560643,0.3808987,-0.08617758,-0.9205917,0,0,0,1.388517,0.07380702,-1.125163,0.0,0.4008,2.111,0.9997472,0.002723673,-0.02231996,-0.00248062,0.9999374,0.01090996,0.02234827,-0.01085184,0.9996914,static,-1.0021618928951606,10.66027441371448,0.0,10.750370096520475,0.046183,0.37786672,2.1147220000000004,-0.0171883664172761,0.184957963764004,0.9825961520469382,-0.1120021087026321,10.74170387274071,0.9889812881319114,1.0062036034677524,0.1123368852534073
152,05/15/2023 12:46:07.872990,396,True,True,True,True,Eyes,1.337504,-0.3023009,-3.23078,0.004420471,0.1744448,0.984657,0.0,0.0,0.0,0.0,0.0,0.0,0.0,-1.413994,0.3432133,3.205257,1.342329,-0.3040014,-3.239844,0.005509614,0.01125324,0.001341897,0.9999207,0.6295874,1.290458,0.1608725,0.3809129,-0.08617339,-0.9205862,0,0,0,1.388842,0.07357684,-1.125078,-6.705523e-08,0.4008,2.111,0.9997431,0.002807582,-0.0224899,-0.002559578,0.9999357,0.01104856,0.02251947,-0.01098815,0.999686,static,-1.0049903779216405,10.680304944696315,-1.819981844281867e-06,10.750370096520475,0.0465129999999998,0.3775782399999999,2.1147660000000004,-0.0172357378146261,0.1853013017875228,0.9825305559410032,-0.1147878021094152,10.761731571324544,0.9900642392027484,1.0074279761303302,0.115346889003191
153,05/15/2023 12:46:07.893294,397,True,True,True,True,Eyes,1.337677,-0.3022991,-3.230786,0.004517841,0.1746366,0.9846226,0.0,0.0,0.0,0.0,0.0,0.0,0.0,-1.413999,0.3404713,3.205615,1.34235,-0.3039752,-3.239904,0.005054993,0.01125702,0.001419024,0.9999229,0.5773941,1.290857,0.1691252,0.38093,-0.08616926,-0.9205795,0,0,0,1.388812,0.07552969,-1.125482,-2.980232e-08,0.4008,2.111,0.9997425,0.002951637,-0.02249797,-0.002724021,0.9999448,0.01014115,0.02252666,-0.01007726,0.9996954,static,-0.9980985451984252,10.639382415192784,-8.088806990517875e-07,10.750370096520475,0.046462,0.37950489,2.114422,-0.0171198540077581,0.1845998740054158,0.9826646500681492,-0.108008545403924,10.720823623811947,0.9872007128538912,1.004249648568057,0.1119761813886604
154,05/15/2023 12:46:07.912807,398,True,True,True,True,Eyes,1.337842,-0.3022958,-3.230789,0.004649949,0.1747622,0.9845997,0.0,0.0,0.0,0.0,0.0,0.0,0.0,-1.41379,0.3410738,3.205643,1.342379,-0.3040839,-3.239882,0.005157716,0.01121417,0.001357991,0.999923,0.5892504,1.285928,0.162239,0.3809496,-0.08616532,-0.9205718,0,0,0,1.388709,0.0749834,-1.125379,0.0,0.4008,2.111,0.9997448,0.002831452,-0.0224126,-0.002600094,0.9999431,0.01034509,0.02244061,-0.01028418,0.9996953,static,-0.986731584953208,10.658358949055794,0.0,10.750370096520475,0.0463299999999999,0.3790673,2.114503,-0.0169238463166785,0.1849259425588921,0.9826067356827892,-0.0969184194895673,10.739908454836378,0.9740662995734912,0.9910122461413065,0.097481413526283
155,05/15/2023 12:46:07.923001,399,True,True,True,True,Eyes,1.337999,-0.3022908,-3.230791,0.004772723,0.1748832,0.9845777,0.0,0.0,0.0,0.0,0.0,0.0,0.0,-1.413895,0.3414724,3.205494,1.342402,-0.3040427,-3.239816,0.005277058,0.01121535,0.001238804,0.9999225,0.6030784,1.286013,0.1487359,0.3809712,-0.08616151,-0.9205632,0,0,0,1.388832,0.07451442,-1.125223,8.195639e-08,0.4008,2.111,0.9997454,0.002595784,-0.02241589,-0.002359048,0.9999412,0.01058108,0.02244204,-0.01052551,0.9996927,static,-0.982183780448482,10.67896403682555,2.22442219380776e-06,10.750370096520475,0.0464299999999999,0.3785571199999999,2.114593,-0.0168447121696052,0.1852795629261196,0.982541550825304,-0.0924950916432568,10.76056954912026,0.9678162059532586,0.984778235708413,0.09305795136713
156,05/15/2023 12:46:07.944472,400,True,True,True,True,Eyes,1.338138,-0.3022853,-3.230793,0.004940283,0.1749671,0.9845619,0.0,0.0,0.0,0.0,0.0,0.0,0.0,-1.413515,0.3411638,3.205684,1.342398,-0.3039954,-3.239813,0.005271771,0.01114859,0.001156208,0.9999234,0.6025881,1.278311,0.1392242,0.3809944,-0.0861578,-0.920554,0,0,0,1.38861,0.07457998,-1.125219,1.564622e-07,0.4008,2.111,0.9997487,0.002429784,-0.02228328,-0.002194693,0.9999418,0.01056851,0.02230766,-0.01051695,0.9996958,static,-0.9664745673607784,10.68310627524994,4.246624212852569e-06,10.750370096520475,0.0462119999999999,0.37857538,2.114594,-0.0165750910601131,0.1853514189941833,0.982532516125208,-0.0771451850053034,10.76483993972068,0.9521091655617256,0.968816659401432,0.0784946569073075
157,05/15/2023 12:46:07.963076,401,True,True,True,True,Eyes,1.338271,-0.3022859,-3.230788,0.005105448,0.1750511,0.9845461,0.0,0.0,0.0,0.0,0.0,0.0,0.0,-1.413369,0.3393572,3.20593,1.342417,-0.3039836,-3.239796,0.00500062,0.01112053,0.001138804,0.999925,0.5715442,1.275044,0.1368669,0.3810187,-0.08615416,-0.9205443,0,0,0,1.38852,0.07573771,-1.125405,-2.235174e-08,0.4008,2.111,0.9997501,0.002388657,-0.02222799,-0.002166219,0.9999474,0.01002582,0.02225077,-0.009975161,0.9997026,static,-0.9539768643226676,10.656845487851005,-6.066605242888407e-07,10.750370096520475,0.046103,0.37972131,2.1143910000000004,-0.0163621847575895,0.1849017120936814,0.982620787491535,-0.0649021754882642,10.73865231006,0.9421782803599762,0.9585497131655958,0.0659508920018156
158,05/15/2023 12:46:07.973077,402,True,True,True,True,Eyes,1.338381,-0.3022848,-3.230784,0.005317009,0.1750639,0.9845427,0.0,0.0,0.0,0.0,0.0,0.0,0.0,-1.413753,0.3393751,3.205617,1.342423,-0.3041351,-3.239639,0.00495801,0.01118513,0.001190668,0.9999245,0.5665863,1.282471,0.1427921,0.3810438,-0.0861508,-0.9205342,0,0,0,1.388758,0.07576916,-1.125286,-5.215406e-08,0.4008,2.111,0.9997469,0.002492068,-0.02235677,-0.002270244,0.999948,0.009941906,0.02238038,-0.009888636,0.9997006,static,-0.9479621134628564,10.652701774981928,-1.4155412233406275e-06,10.750370096520475,0.046335,0.37990426,2.114353,-0.0162592520113332,0.1848309566826286,0.9826358033203462,-0.0590189558003403,10.734552081896783,0.9367313516243664,0.9529787961105044,0.0611005699226433
159,05/15/2023 12:46:07.992811,403,True,True,True,True,Eyes,1.338488,-0.3022849,-3.23078,0.005522931,0.1750665,0.9845411,0.0,0.0,0.0,0.0,0.0,0.0,0.0,-1.413883,0.3397913,3.205535,1.342382,-0.3040903,-3.239679,0.005055338,0.0112058,0.001130344,0.9999238,0.5778133,1.28482,0.1360166,0.3810692,-0.08614764,-0.920524,0,0,0,1.388853,0.07539967,-1.125255,-2.235174e-08,0.4008,2.111,0.9997463,0.002373814,-0.02239846,-0.002147218,0.9999464,0.01013524,0.02242132,-0.01008457,0.9996977,static,-0.939591730769546,10.66392144753062,-6.066605242888407e-07,10.750370096520475,0.0464709999999999,0.3794899699999999,2.1144240000000005,-0.0161151027117239,0.1850238042039412,0.9826018802754162,-0.0508495243799055,10.745848818760194,0.9274043892833472,0.943559669240174,0.0510495287521639
160,05/15/2023 12:46:08.012766,404,True,True,True,True,Eyes,1.338601,-0.3022836,-3.230773,0.005743337,0.1750305,0.9845463,0.0,0.0,0.0,0.0,0.0,0.0,0.0,-1.414164,0.340863,3.205277,1.34239,-0.3041158,-3.239654,0.005179615,0.0112577,0.001219665,0.9999226,0.5919312,1.290839,0.1464424,0.3810946,-0.08614471,-0.9205137,0,0,0,1.389012,0.07485284,-1.125139,-2.235174e-08,0.4008,2.111,0.9997435,0.002555762,-0.02250101,-0.00232252,0.9999433,0.01038589,0.02252628,-0.01033097,0.9996929,static,-0.9308234970799628,10.676071862384752,-6.066605242888407e-07,10.750370096520475,0.0466219999999999,0.3789686399999999,2.114515,-0.0159640923772001,0.185232635050387,0.982565060115969,-0.0422922123433103,10.758080348092504,0.9177255875531156,0.9337834229222988,0.0429886949154336
161,05/15/2023 12:46:08.023178,405,True,True,True,True,Eyes,1.338708,-0.3022839,-3.230768,0.005960298,0.1749866,0.9845527,0.0,0.0,0.0,0.0,0.0,0.0,0.0,-1.414728,0.3404134,3.204999,1.342339,-0.3040762,-3.239603,0.00512989,0.01135046,0.001187615,0.9999217,0.5862617,1.301444,0.14276,0.3811204,-0.08614194,-0.9205034,0,0,0,1.389377,0.07510182,-1.125135,7.450581e-08,0.4008,2.111,0.9997395,0.002491498,-0.02268696,-0.002258591,0.9999445,0.01028594,0.02271133,-0.01023202,0.9996897,static,-0.9294973139440674,10.667780033894674,2.022202019044814e-06,10.750370096520475,0.0470380000000001,0.37917802,2.114468,-0.0159417823132563,0.1850904817131404,0.9825920962255766,-0.040987252220391,10.749790919145058,0.9171634382632338,0.9331613656493444,0.0409933660987706
162,05/15/2023 12:46:08.042758,406,True,True,True,True,Eyes,1.338807,-0.3022814,-3.230764,0.006154775,0.1749122,0.9845648,0.0,0.0,0.0,0.0,0.0,0.0,0.0,-1.415125,0.3412757,3.20474,1.342291,-0.304113,-3.239627,0.005249087,0.01142212,0.001208616,0.9999204,0.5998821,1.309687,0.1453647,0.3811462,-0.08613937,-0.9204929,0,0,0,1.389617,0.07456218,-1.125075,-1.490116e-08,0.4008,2.111,0.9997361,0.002536952,-0.02282974,-0.002297129,0.999942,0.01052495,0.02285511,-0.01046973,0.9996839,static,-0.925949348168071,10.677093947396276,-4.0444034952589373e-07,10.750370096520475,0.0473260000000002,0.37867518,2.114552,-0.0158804508264353,0.1852504026375704,0.9825630279871864,-0.0375292692151463,10.759141938928984,0.912866116232034,0.9288438191757292,0.0385403802592124
163,05/15/2023 12:46:08.063011,407,True,True,True,True,Eyes,1.338901,-0.3022803,-3.23076,0.00634129,0.174848,0.984575,0.0,0.0,0.0,0.0,0.0,0.0,0.0,-1.415424,0.3420494,3.204537,1.342252,-0.3040388,-3.239661,0.005360214,0.01147983,0.001256581,0.9999191,0.6125441,1.316348,0.151042,0.3811718,-0.08613691,-0.9204825,0,0,0,1.389786,0.0741688,-1.125031,2.980232e-08,0.4008,2.111,0.9997333,0.002636027,-0.02294434,-0.002389889,0.9999394,0.01074841,0.02297129,-0.01069071,0.999679,static,-0.9206967479366532,10.686085552982783,8.088806990517875e-07,10.750370096520475,0.0475339999999999,0.3782076,2.11463,-0.0157899057418243,0.1854048593531569,0.9825353340683298,-0.0324048271106762,10.768183804886828,0.907014124419812,0.9229390519786724,0.0369790947667324
164,05/15/2023 12:46:08.072946,408,True,True,True,True,Eyes,1.338987,-0.3022797,-3.230756,0.006511366,0.1747897,0.9845842,0.0,0.0,0.0,0.0,0.0,0.0,0.0,-1.41548,0.3419732,3.204504,1.342229,-0.3040702,-3.239651,0.00526896,0.01150962,0.001430861,0.9999189,0.6018533,1.319852,0.1709102,0.3811972,-0.08613459,-0.9204722,0,0,0,1.389752,0.07453172,-1.125091,1.490116e-08,0.4008,2.111,0.9997309,0.002982777,-0.0230023,-0.002740202,0.9999404,0.01057,0.02303246,-0.01050413,0.9996795,static,-0.9105563776944776,10.672273449629854,4.0444034952589373e-07,10.750370096520475,0.0475230000000002,0.37860192,2.11456,-0.0156167211734577,0.185168493575074,0.9825826331712992,-0.0224790113654839,10.754438362637083,0.8982103325467934,0.9138997427219736,0.0228445819433645
165,05/15/2023 12:46:08.093161,409,True,True,True,True,Eyes,1.33907,-0.3022782,-3.230754,0.006673706,0.1747361,0.9845926,0.0,0.0,0.0,0.0,0.0,0.0,0.0,-1.415538,0.341715,3.204492,1.342214,-0.3040787,-3.239643,0.005177065,0.01153268,0.001548932,0.999919,0.5911633,1.322548,0.184332,0.3812223,-0.08613241,-0.9204621,0,0,0,1.389741,0.07491753,-1.125154,1.490116e-08,0.4008,2.111,0.9997292,0.003217024,-0.02304746,-0.002978202,0.9999416,0.01038902,0.02307953,-0.01031756,0.9996804,static,-0.901279421354712,10.6586302557659,4.0444034952589373e-07,10.750370096520475,0.0475269999999998,0.37899623,2.114489,-0.0154583189118416,0.1849349674365643,0.9826290903313422,-0.0133972792981709,10.740855172714342,0.8904701155541291,0.9059368205161168,0.0164326414369064
166,05/15/2023 12:46:08.112820,410,True,True,True,True,Eyes,1.339142,-0.3022786,-3.230752,0.006827342,0.1746913,0.9845996,0.0,0.0,0.0,0.0,0.0,0.0,0.0,-1.415481,0.3416673,3.204577,1.342199,-0.304057,-3.239706,0.005146524,0.01153212,0.00161063,0.9999191,0.5875823,1.322513,0.1913611,0.3812468,-0.08613033,-0.9204521,0,0,0,1.389675,0.07507125,-1.125239,2.235174e-08,0.4008,2.111,0.9997288,0.0033397,-0.0230458,-0.003102298,0.9999418,0.01032936,0.02307895,-0.01025507,0.9996811,static,-0.8909786954310741,10.65249367559249,6.066605242888407e-07,10.750370096520475,0.047476,0.37912825,2.114467,-0.0152819680187996,0.1848302433199035,0.9826516563983458,-0.0033228225499084,10.734793998611885,0.8810797792295212,0.8963391715914818,0.015926707373929
167,05/15/2023 12:46:08.132802,411,True,True,True,True,Eyes,1.339212,-0.302278,-3.230749,0.006977928,0.1746497,0.9846059,0.0,0.0,0.0,0.0,0.0,0.0,0.0,-1.415407,0.3416102,3.204623,1.342218,-0.3041024,-3.2397,0.005112933,0.01152176,0.001651888,0.9999192,0.5836808,1.321343,0.1960383,0.3812707,-0.08612841,-0.9204424,0,0,0,1.389618,0.0751697,-1.125258,2.980232e-08,0.4008,2.111,0.999729,0.00342133,-0.02302476,-0.003185689,0.9999422,0.0102631,0.02305855,-0.01018697,0.9996822,static,-0.8801609403882984,10.646181433165456,8.088806990517875e-07,10.750370096520475,0.0474000000000001,0.3792721,2.114442,-0.0150967485682811,0.1847224994450819,0.9826747548835782,0.00725716655604,10.728561076095982,0.8712651981817562,0.8863069346721638,0.0229845186721073
168,05/15/2023 12:46:08.142785,412,True,True,True,True,Eyes,1.339281,-0.3022777,-3.230747,0.007117248,0.1746186,0.9846104,0.0,0.0,0.0,0.0,0.0,0.0,0.0,-1.415682,0.3415027,3.204501,1.342234,-0.3040785,-3.239684,0.005093885,0.01156363,0.001666206,0.9999188,0.5814709,1.326146,0.1976781,0.381294,-0.0861266,-0.920433,0,0,0,1.389799,0.07527523,-1.12526,2.160668e-07,0.4008,2.111,0.999727,0.00344995,-0.02310842,-0.003214335,0.9999425,0.01022548,0.02314237,-0.01014841,0.9996806,static,-0.876551851824232,10.642166200701888,5.864384525294747e-06,10.750370096520475,0.047565,0.3793537299999999,2.114424,-0.0150350465900636,0.1846538023736957,0.982688593154609,0.010788942916624,10.724570446676127,0.8682511640705655,0.8832109107769403,0.0279624161102074
169,05/15/2023 12:46:08.162799,413,True,True,True,True,Eyes,1.339349,-0.3022767,-3.230743,0.007261205,0.1745975,0.9846131,0.0,0.0,0.0,0.0,0.0,0.0,0.0,-1.416154,0.3407928,3.204355,1.342199,-0.3040804,-3.239685,0.004995892,0.01163935,0.001637088,0.9999185,0.5702662,1.334787,0.1942545,0.3813166,-0.0861249,-0.9204237,0,0,0,1.390105,0.07568695,-1.125342,-7.450581e-09,0.4008,2.111,0.9997237,0.003390206,-0.02326044,-0.003157611,0.9999447,0.01002908,0.02329316,-0.00995286,0.9996791,static,-0.8774703759461084,10.629684684005596,-2.022202019044815e-07,10.750370096520475,0.047906,0.3797673499999999,2.114343,-0.0150514161952465,0.1844396818716929,0.9827285624308972,0.0099043302905608,10.712069512491864,0.8708177229447255,0.8857307009314171,0.0395605169479541
170,05/15/2023 12:46:08.173007,414,True,True,True,True,Eyes,1.339417,-0.3022799,-3.230745,0.007424211,0.1745603,0.9846185,0.0,0.0,0.0,0.0,0.0,0.0,0.0,-1.416995,0.3399747,3.204045,1.342222,-0.3040665,-3.239652,0.004885677,0.01176337,0.001603155,0.9999176,0.5576591,1.348958,0.1902881,0.3813386,-0.0861233,-0.9204147,0,0,0,1.390677,0.07616636,-1.125406,-1.341105e-07,0.4008,2.111,0.9997181,0.003320989,-0.02350913,-0.003091101,0.9999471,0.009808265,0.02354045,-0.00973283,0.9996756,static,-0.8829244860785908,10.61488179052459,-3.639964774225114e-06,10.750370096520475,0.0484549999999999,0.38023286,2.114246,-0.0151456989424576,0.1841855200615556,0.982774801157677,0.0045890575383449,10.697209104782448,0.8783263699405472,0.8932560112106563,0.0533590096696492
171,05/15/2023 12:46:08.197498,415,True,True,True,True,Eyes,1.339484,-0.3022831,-3.230747,0.007588899,0.1745166,0.984625,0.0,0.0,0.0,0.0,0.0,0.0,0.0,-1.417664,0.3403901,3.203833,1.342179,-0.3041649,-3.239787,0.004919156,0.01187778,0.001639572,0.9999161,0.5614238,1.362097,0.1945705,0.3813601,-0.08612186,-0.920406,0,0,0,1.391089,0.07592887,-1.125527,4.470348e-08,0.4008,2.111,0.9997125,0.003395727,-0.02373743,-0.003162012,0.9999462,0.009876435,0.02376969,-0.009798537,0.9996695,static,-0.8856941576682947,10.616188536718298,1.2133210485776811e-06,10.750370096520475,0.04891,0.38009377,2.1142600000000003,-0.0151931417395134,0.1842078032296803,0.9827699015344185,0.0018805873471147,10.698495241268976,0.8808172184557406,0.8958018649137185,0.0519088880067169
172,05/15/2023 12:46:08.214468,416,True,True,True,True,Eyes,1.339539,-0.3022797,-3.230748,0.007759022,0.1744693,0.984632,0.0,0.0,0.0,0.0,0.0,0.0,0.0,-1.418398,0.3412748,3.203441,1.342208,-0.3041674,-3.239802,0.005020784,0.01199643,0.001722118,0.999914,0.5729322,1.375763,0.2042359,0.381381,-0.08612061,-0.9203975,0,0,0,1.391557,0.07550134,-1.125476,1.266599e-07,0.4008,2.111,0.9997062,0.003564403,-0.02397351,-0.003323477,0.9999436,0.01008202,0.02400809,-0.009999384,0.9996617,static,-0.8876623014478637,10.625112345904467,3.4377440566314765e-06,10.750370096520475,0.0493489999999998,0.3796687399999999,2.114326,-0.0152264552780106,0.1843607635730208,0.9827406465610988,-5.24949608500247e-05,10.70741219458052,0.881393849889354,0.8964596860007261,0.0429579383531196
173,05/15/2023 12:46:08.222634,417,True,True,True,True,Eyes,1.33959,-0.30228,-3.230748,0.00793885,0.174443,0.9846352,0.0,0.0,0.0,0.0,0.0,0.0,0.0,-1.41961,0.3407637,3.202919,1.342192,-0.3040036,-3.239785,0.005023928,0.0121743,0.001589238,0.9999121,0.5734416,1.396072,0.1891158,0.3814012,-0.08611932,-0.9203892,0,0,0,1.392397,0.0756467,-1.125474,3.72529e-08,0.4008,2.111,0.9996985,0.003300523,-0.02433049,-0.003055871,0.9999444,0.01008567,0.02436243,-0.01000828,0.999653,static,-0.9003679362048151,10.623923737034152,1.011100873814734e-06,10.750370096520475,0.050205,0.3796503,2.114311,-0.0154444442157119,0.1843397552789976,0.98274115942801,-0.0124698009328755,10.706122042057531,0.8939251406460356,0.9092045551468046,0.0459718552653334
174,05/15/2023 12:46:08.242668,418,True,True,True,True,Eyes,1.339629,-0.3022868,-3.230748,0.008097326,0.1744159,0.9846388,0.0,0.0,0.0,0.0,0.0,0.0,0.0,-1.420886,0.339128,3.202473,1.342146,-0.3040981,-3.239742,0.004781482,0.01237415,0.001528548,0.999911,0.5457094,1.418893,0.1819317,0.3814206,-0.08611813,-0.9203812,0,0,0,1.393238,0.07657596,-1.125637,5.215406e-08,0.4008,2.111,0.9996891,0.003175158,-0.02473147,-0.002938491,0.9999496,0.009599942,0.0247607,-0.009524284,0.9996481,static,-0.9153519944731932,10.594585058239554,1.4155412233406275e-06,10.750370096520475,0.0510919999999999,0.38067406,2.1141050000000003,-0.0157029605791746,0.1838357880206736,0.9828315518940502,-0.0270843750538665,10.676636392355489,0.913137525516308,0.928515397490644,0.0785512519445176
175,05/15/2023 12:46:08.262600,419,True,True,True,True,Eyes,1.339668,-0.3022878,-3.23075,0.00821799,0.1743781,0.9846445,0.0,0.0,0.0,0.0,0.0,0.0,0.0,-1.420984,0.3408886,3.202233,1.342047,-0.3042601,-3.239758,0.004838886,0.01245009,0.001973582,0.9999089,0.5516379,1.427853,0.2330502,0.381439,-0.08611722,-0.9203737,0,0,0,1.393113,0.07619382,-1.125613,8.195639e-08,0.4008,2.111,0.9996822,0.004067294,-0.02487881,-0.003826316,0.9999454,0.009726031,0.02491701,-0.009627745,0.9996432,static,-0.9077400662321738,10.599111790506068,2.22442219380776e-06,10.750370096520475,0.051066,0.38045392,2.114145,-0.015572156952977,0.183913814534,0.9828190399309968,-0.019649205585039,10.681227675764674,0.9049861629646524,0.9202581927811276,0.0718808253242922
176,05/15/2023 12:46:08.282687,420,True,True,True,True,Eyes,1.339726,-0.3022841,-3.230748,0.008227181,0.174316,0.9846554,0.0,0.0,0.0,0.0,0.0,0.0,0.0,-1.418594,0.3424357,3.203199,1.342087,-0.304118,-3.239825,0.004987363,0.01209792,0.002238816,0.999912,0.5683649,1.38768,0.2634547,0.3814565,-0.08611637,-0.9203665,0,0,0,1.391461,0.07571763,-1.125529,9.685755e-08,0.4008,2.111,0.9996972,0.00459791,-0.02417137,-0.004356564,0.9999402,0.01002802,0.02421603,-0.009919676,0.9996576,static,-0.8612647644274531,10.612394407888509,2.6288625433336536e-06,10.750370096520475,0.049374,0.37983563,2.1142960000000004,-0.0147742934184898,0.1841438783463786,0.9827882597151356,0.0257620137284422,10.694890429516796,0.857707730006348,0.8722492839767834,0.0611681237206832
177,05/15/2023 12:46:08.293991,421,True,True,True,True,Eyes,1.33978,-0.3022847,-3.230746,0.008245992,0.1742584,0.9846654,0.0,0.0,0.0,0.0,0.0,0.0,0.0,-1.418522,0.3384903,3.203542,1.342177,-0.3040071,-3.239692,0.004612309,0.01201979,0.001724966,0.9999157,0.5261186,1.378353,0.2040117,0.3814737,-0.08611546,-0.9203595,0,0,0,1.391616,0.07738949,-1.125678,4.470348e-08,0.4008,2.111,0.9997051,0.003560519,-0.02402164,-0.003338763,0.9999515,0.009265306,0.02405346,-0.009182372,0.9996685,static,-0.8620067840640535,10.565864292782218,1.2133210485776811e-06,10.750370096520475,0.049439,0.38139659,2.114014,-0.0147892654126029,0.1833456442754485,0.9829372251906836,0.0250858116444331,10.64830911899809,0.8672470931876666,0.8815328576797208,0.1050984310342939
178,05/15/2023 12:46:08.312990,422,True,True,True,True,Eyes,1.339823,-0.3022888,-3.230744,0.008074557,0.1740917,0.9846964,0.0,0.0,0.0,0.0,0.0,0.0,0.0,-1.419071,0.3370806,3.203452,1.342161,-0.3041102,-3.239693,0.004587204,0.01205867,0.001235536,0.999916,0.5239108,1.382548,0.1479152,0.3814905,-0.08611462,-0.9203526,0,0,0,1.392146,0.07736907,-1.125707,8.195639e-08,0.4008,2.111,0.9997061,0.002581496,-0.02410399,-0.002360234,0.9999549,0.009203436,0.02412665,-0.00914384,0.9996671,static,-0.8866989006206667,10.553208451656133,2.22442219380776e-06,10.750370096520475,0.0499850000000001,0.38147927,2.113986,-0.0152135004352683,0.1831273736273901,0.9829715321846492,0.000964939587262,10.635445858368929,0.8937222979641622,0.908356537576456,0.1149282703915902
179,05/15/2023 12:46:08.323562,423,True,True,True,True,Eyes,1.339864,-0.3022905,-3.230738,0.007907212,0.1739242,0.9847273,0.0,0.0,0.0,0.0,0.0,0.0,0.0,-1.419242,0.3399974,3.203051,1.342092,-0.3041933,-3.239697,0.005023841,0.012098,0.001243504,0.9999135,0.5739257,1.387129,0.1494551,0.3815066,-0.08611393,-0.920346,0,0,0,1.392243,0.07543997,-1.125382,3.72529e-08,0.4008,2.111,0.9997042,0.00260835,-0.0241814,-0.002365237,0.9999464,0.0100769,0.02420639,-0.01001672,0.9996568,static,-0.900810301161272,10.593575285814383,1.011100873814734e-06,10.750370096520475,0.0501509999999998,0.37963327,2.114315,-0.0154535655832863,0.1838191780499262,0.9828385949912404,-0.0128701775689009,10.675740528238851,0.8992344731832418,0.914355310021114,0.0757313670791341
180,05/15/2023 12:46:08.342935,424,True,True,True,True,Eyes,1.339859,-0.3022957,-3.230734,0.007668269,0.1736875,0.984771,0.0,0.0,0.0,0.0,0.0,0.0,0.0,-1.4192,0.3415076,3.202812,1.342106,-0.3041338,-3.239601,0.005115535,0.01212577,0.001598584,0.9999121,0.5839345,1.390535,0.1902865,0.3815222,-0.08611334,-0.9203395,0,0,0,1.392099,0.07512917,-1.125216,-8.940697e-08,0.4008,2.111,0.9997008,0.003320947,-0.02423306,-0.003072828,0.9999425,0.01026894,0.02426577,-0.0101914,0.9996536,static,-0.9105751861535574,10.59053264023213,-2.426642368570707e-06,10.750370096520475,0.0499929999999999,0.37926297,2.114385,-0.0156212269687306,0.1837665121592232,0.9828458265280124,-0.0224112236233399,10.672617767170628,0.9092228283009036,0.9244948689941712,0.0809171113020077
181,05/15/2023 12:46:08.363050,425,True,True,True,True,Eyes,1.339854,-0.3023002,-3.230731,0.007444465,0.1734322,0.9848177,0.0,0.0,0.0,0.0,0.0,0.0,0.0,-1.419438,0.3425679,3.20266,1.342129,-0.3042278,-3.23965,0.005191789,0.01217694,0.001770568,0.999911,0.592422,1.396517,0.2101303,0.3815362,-0.08611297,-0.9203337,0,0,0,1.392205,0.07472134,-1.12521,7.450581e-09,0.4008,2.111,0.9996972,0.003667261,-0.02433333,-0.003414381,0.9999398,0.01042577,0.0243701,-0.01033953,0.9996495,static,-0.9259719742203018,10.584591358525005,2.022202019044815e-07,10.750370096520475,0.050076,0.37894914,2.11444,-0.0158856512587384,0.1836638277493044,0.982860770785886,-0.037453867732295,10.6665490489679,0.9251915102950188,0.9406949885660786,0.0918083621943974
182,05/15/2023 12:46:08.372921,426,True,True,True,True,Eyes,1.339812,-0.3023063,-3.230727,0.00714494,0.1731325,0.9848726,0.0,0.0,0.0,0.0,0.0,0.0,0.0,-1.419821,0.3445526,3.202301,1.342124,-0.3042113,-3.239676,0.005549222,0.01222735,0.001661737,0.9999085,0.6335204,1.402305,0.1981914,0.3815487,-0.08611277,-0.9203286,0,0,0,1.392505,0.07322092,-1.124973,3.72529e-08,0.4008,2.111,0.9996955,0.003458874,-0.02443402,-0.003187465,0.9999329,0.01113806,0.0244709,-0.01105679,0.9996394,static,-0.9515280449034752,10.608210992635335,1.011100873814734e-06,10.750370096520475,0.050381,0.37743222,2.114703,-0.0163227871573843,0.1840676817600712,0.982778004488044,-0.062457415060109,10.689989779621198,0.9460106765246848,0.9620897854347866,0.0868725368995521
183,05/15/2023 12:46:08.393149,427,True,True,True,True,Eyes,1.339771,-0.3023096,-3.230725,0.006839812,0.1728445,0.9849254,0.0,0.0,0.0,0.0,0.0,0.0,0.0,-1.419401,0.3450118,3.202425,1.342051,-0.3042597,-3.239689,0.005584441,0.01217994,0.001728371,0.9999088,0.6374722,1.396922,0.2058461,0.3815589,-0.08611282,-0.9203243,0,0,0,1.39218,0.07302649,-1.124954,-1.192093e-07,0.4008,2.111,0.9996973,0.003592463,-0.02433835,-0.003320391,0.9999317,0.01120997,0.02437696,-0.01112576,0.9996409,static,-0.9625649031829732,10.595609041142684,-3.235523339037838e-06,10.750370096520475,0.0501289999999998,0.37728619,2.114735,-0.0165127811242981,0.1838509549295024,0.982815446665678,-0.0732316175436932,10.677288349613857,0.9587248288666632,0.9749235602391316,0.1034569362790249
184,05/15/2023 12:46:08.412740,428,True,True,True,True,Eyes,1.339713,-0.3023154,-3.230728,0.006445003,0.1725524,0.9849793,0.0,0.0,0.0,0.0,0.0,0.0,0.0,-1.417977,0.3451304,3.203032,1.342029,-0.3041945,-3.239693,0.005587098,0.01196742,0.001788455,0.9999112,0.6377379,1.372605,0.2125993,0.3815671,-0.086113,-0.9203209,0,0,0,1.391213,0.07308163,-1.124934,6.705523e-08,0.4008,2.111,0.9997072,0.003710319,-0.02391273,-0.003442866,0.9999312,0.01121601,0.0239527,-0.0111304,0.9996511,static,-0.960030644208412,10.578982071739484,1.819981844281867e-06,10.750370096520475,0.0491840000000001,0.37727613,2.114759,-0.0164702030842888,0.1835658715381016,0.9828694691843568,-0.0707370903756762,10.660665203947042,0.9591527477794652,0.9752108425040942,0.1142408035256252
185,05/15/2023 12:46:08.423233,429,True,True,True,True,Eyes,1.339658,-0.3023179,-3.230732,0.006052136,0.1722871,0.9850281,0.0,0.0,0.0,0.0,0.0,0.0,0.0,-1.415669,0.344249,3.204318,1.342057,-0.3042637,-3.239843,0.005452015,0.01159891,0.001758075,0.9999164,0.6223781,1.330323,0.2087029,0.3815731,-0.08611337,-0.9203184,0,0,0,1.389706,0.07357961,-1.125151,7.450581e-09,0.4008,2.111,0.9997247,0.00364233,-0.02317672,-0.003389381,0.9999344,0.0109439,0.02321506,-0.01086233,0.9996715,static,-0.9413697691520264,10.548001915014774,2.022202019044815e-07,10.750370096520475,0.047649,0.37784331,2.114692,-0.0161517109077621,0.1830353289377161,0.9829735609677384,-0.0524651866365509,10.629802301479687,0.9473307233326193,0.96287605842459,0.1314884414269458
186,05/15/2023 12:46:08.443268,430,True,True,True,True,Eyes,1.339569,-0.3023174,-3.230733,0.005634046,0.1720678,0.985069,0.0,0.0,0.0,0.0,0.0,0.0,0.0,-1.41455,0.342778,3.204991,1.342083,-0.3041914,-3.23986,0.005260515,0.01141363,0.001697835,0.9999197,0.6005526,1.30901,0.2014337,0.3815771,-0.08611382,-0.9203168,0,0,0,1.388993,0.07445789,-1.125295,2.235174e-08,0.4008,2.111,0.9997337,0.00351548,-0.02280757,-0.003275314,0.9999389,0.01055894,0.0228433,-0.01048143,0.9996841,static,-0.9458016616245454,10.51332242087395,6.066605242888407e-07,10.750370096520475,0.04691,0.37864929,2.114565,-0.0162295725607656,0.1824401155389068,0.9830830128981052,-0.0567603841573771,10.595054004385622,0.9596622812520208,0.9750556554487562,0.1653629298079597
187,05/15/2023 12:46:08.462862,431,True,True,True,True,Eyes,1.339486,-0.3023185,-3.230732,0.005226612,0.1718779,0.9851044,0.0,0.0,0.0,0.0,0.0,0.0,0.0,-1.413856,0.3416735,3.205371,1.342119,-0.3041284,-3.239808,0.005101938,0.01129877,0.001690584,0.9999217,0.5824144,1.295808,0.200328,0.3815785,-0.08611429,-0.9203161,0,0,0,1.388546,0.07519041,-1.125352,9.685755e-08,0.4008,2.111,0.9997389,0.003496195,-0.02257852,-0.003265613,0.9999422,0.01024128,0.02261302,-0.01016487,0.9996926,static,-0.9565787549437962,10.484187012216,2.6288625433336536e-06,10.750370096520475,0.0464269999999999,0.37931881,2.114456,-0.0164160342360522,0.1819396320540953,0.983172666925169,-0.0672632613194382,10.565805061563015,0.9775491513002604,0.9929256660066228,0.1964407088941161
188,05/15/2023 12:46:08.472654,432,True,True,True,True,Eyes,1.339369,-0.3023233,-3.230728,0.00482707,0.1717017,0.9851372,0.0,0.0,0.0,0.0,0.0,0.0,0.0,-1.41345,0.3401284,3.205697,1.342181,-0.3041722,-3.239761,0.004839653,0.01122915,0.001727278,0.9999238,0.552327,1.287794,0.2041538,0.3815777,-0.08611482,-0.9203163,0,0,0,1.388281,0.07625709,-1.125497,7.450581e-09,0.4008,2.111,0.9997418,0.003562982,-0.02243987,-0.003345601,0.9999471,0.009717359,0.02247331,-0.009639775,0.999701,static,-0.9711804634523552,10.444010031077038,2.022202019044815e-07,10.750370096520475,0.0461,0.38042929,2.1142640000000004,-0.0166687541312768,0.1812494147034045,0.983295926726486,-0.0814926988824904,10.525473571001626,1.0030212790149589,1.0183557212853955,0.2392060620481503
189,05/15/2023 12:46:08.493268,433,True,True,True,True,Eyes,1.339256,-0.3023297,-3.230727,0.004450607,0.1714914,0.9851755,0.0,0.0,0.0,0.0,0.0,0.0,0.0,-1.414461,0.3396001,3.205266,1.342238,-0.3042756,-3.239687,0.004770084,0.01137124,0.001660991,0.9999226,0.5444129,1.304026,0.1965457,0.3815742,-0.08611555,-0.9203177,0,0,0,1.388989,0.07644597,-1.12549,5.215406e-08,0.4008,2.111,0.9997358,0.003430208,-0.02272487,-0.003213241,0.999949,0.009577205,0.02275656,-0.009501657,0.9996959,static,-1.0108287410938357,10.423982265161268,1.4155412233406275e-06,10.750370096520475,0.0467509999999999,0.3807215699999999,2.114197,-0.0173503054797459,0.1809035758976285,0.9833477193262252,-0.1202240355684589,10.505113036595816,1.0463526020780805,1.062217784647868,0.2731394964801221
190,05/15/2023 12:46:08.513111,434,True,True,True,True,Eyes,1.339123,-0.3023306,-3.230721,0.004072678,0.1712774,0.9852144,0.0,0.0,0.0,0.0,0.0,0.0,0.0,-1.415088,0.3433652,3.204667,1.342243,-0.3043083,-3.23976,0.005290565,0.01148346,0.001798486,0.9999185,0.6038492,1.317079,0.2130487,0.3815684,-0.08611649,-0.9203201,0,0,0,1.389369,0.07421895,-1.125178,2.235174e-08,0.4008,2.111,0.9997298,0.003718187,-0.02294601,-0.003475171,0.9999376,0.01062157,0.02298407,-0.01053896,0.9996803,static,-1.042918930983666,10.47148725731196,6.066605242888407e-07,10.750370096520475,0.047126,0.37852725,2.114582,-0.0178983264141288,0.1817170765329815,0.9831879283392834,-0.1516392477933124,10.552410770775063,1.0627926564802108,1.079563245023178,0.2493642719163236
191,05/15/2023 12:46:08.522844,435,True,True,True,True,Eyes,1.338996,-0.3023353,-3.230718,0.003710246,0.1710897,0.9852484,0.0,0.0,0.0,0.0,0.0,0.0,0.0,-1.415303,0.3436775,3.204438,1.342303,-0.3041757,-3.239648,0.005286789,0.01152533,0.001969093,0.9999177,0.6031822,1.32198,0.2326187,0.3815599,-0.08611751,-0.9203235,0,0,0,1.389473,0.07437561,-1.125071,-2.235174e-08,0.4008,2.111,0.9997265,0.004059727,-0.02302795,-0.003815999,0.9999363,0.0106181,0.02306959,-0.01052732,0.9996784,static,-1.0653814184245491,10.460433340912918,-6.066605242888407e-07,10.750370096520475,0.0471699999999999,0.37855131,2.114577,-0.0182844332702471,0.1815261130746131,0.983216055018448,-0.1735825565398676,10.541168611597552,1.0870531934677548,1.1041284328950185,0.2718381036901762
192,05/15/2023 12:46:08.542860,436,True,True,True,True,Eyes,1.338837,-0.3023382,-3.230713,0.003394747,0.1708713,0.9852875,0.0,0.0,0.0,0.0,0.0,0.0,0.0,-1.415318,0.3419555,3.204728,1.34234,-0.3042795,-3.239734,0.005063983,0.01150643,0.001827031,0.9999194,0.5778435,1.319677,0.2160339,0.3815492,-0.08611868,-0.9203278,0,0,0,1.389538,0.07520763,-1.125326,8.195639e-08,0.4008,2.111,0.9997285,0.003770303,-0.0229925,-0.00353723,0.999942,0.01016919,0.02302951,-0.0100851,0.9996839,static,-1.0845787089494765,10.422205115474863,2.22442219380776e-06,10.750370096520475,0.0471979999999998,0.37948713,2.114408,-0.0186161575772221,0.1808689663752424,0.9833309914807654,-0.1923057962407395,10.502751466229691,1.1160240394561936,1.1331407925840589,0.3135240993582125
193,05/15/2023 12:46:08.562863,437,True,True,True,True,Eyes,1.338683,-0.3023407,-3.230709,0.003089392,0.1706682,0.9853237,0.0,0.0,0.0,0.0,0.0,0.0,0.0,-1.416643,0.3447354,3.203775,1.342316,-0.3042417,-3.239679,0.005657233,0.01168168,0.001463619,0.9999148,0.6462703,1.339664,0.1752884,0.3815358,-0.08611998,-0.9203333,0,0,0,1.390547,0.07272033,-1.124842,8.195639e-08,0.4008,2.111,0.9997228,0.003059161,-0.02334481,-0.002794817,0.9999317,0.0113477,0.02337793,-0.01127931,0.9996631,static,-1.1299624333954463,10.47830837385536,2.22442219380776e-06,10.750370096520475,0.0482309999999999,0.37696203,2.1148370000000005,-0.019391552081756,0.1818290627390786,0.9831389180920204,-0.2367232483466983,10.55855081310388,1.1439445570302265,1.1622554404503538,0.3046860465267668
194,05/15/2023 12:46:08.582901,438,True,True,True,True,Eyes,1.338553,-0.3023443,-3.230707,0.00288887,0.1705536,0.9853441,0.0,0.0,0.0,0.0,0.0,0.0,0.0,-1.416426,0.3442647,3.203948,1.342281,-0.3042343,-3.239721,0.005572284,0.01165595,0.001493836,0.9999155,0.6365006,1.336718,0.1786206,0.3815199,-0.08612137,-0.9203397,0,0,0,1.390378,0.07308837,-1.124945,1.192093e-07,0.4008,2.111,0.9997238,0.00311732,-0.02329328,-0.002857519,0.9999335,0.01117845,0.02332658,-0.0111088,0.9996662,static,-1.138096482464094,10.461994008547466,3.235523339037838e-06,10.750370096520475,0.0480969999999998,0.37732267,2.114776,-0.0195321523119966,0.181548610841185,0.9831879110197316,-0.2446563151209391,10.542156287126852,1.1557351414701988,1.1740663252975496,0.3212651337192757
195,05/15/2023 12:46:08.593141,439,True,True,True,True,Eyes,1.33843,-0.3023479,-3.230704,0.002693832,0.1704493,0.9853628,0.0,0.0,0.0,0.0,0.0,0.0,0.0,-1.416071,0.3433629,3.204236,1.342299,-0.3042591,-3.239744,0.005407563,0.01160231,0.001542329,0.9999169,0.6175711,1.330569,0.1839237,0.3815026,-0.08612286,-0.9203468,0,0,0,1.390129,0.07376233,-1.125087,1.490116e-07,0.4008,2.111,0.9997259,0.003209882,-0.02318601,-0.002958921,0.9999368,0.01085002,0.02321937,-0.01077844,0.9996723,static,-1.142332675733954,10.437133886234014,4.044403495258931e-06,10.750370096520475,0.04783,0.37802143,2.114657,-0.019606415925786,0.1811217518968281,0.9832652580405468,-0.2487705867291312,10.517238474756068,1.1662862379833103,1.184504160232884,0.3409386604092839
196,05/15/2023 12:46:08.613036,440,True,True,True,True,Eyes,1.338289,-0.3023507,-3.2307,0.002623975,0.1703804,0.9853748,0.0,0.0,0.0,0.0,0.0,0.0,0.0,-1.415868,0.3427838,3.20438,1.342322,-0.3042668,-3.239727,0.005335059,0.01156255,0.001498865,0.9999179,0.609328,1.325971,0.1788224,0.3814839,-0.08612441,-0.9203544,0,0,0,1.390017,0.07405902,-1.125121,9.685755e-08,0.4008,2.111,0.9997281,0.003120858,-0.0231072,-0.00287411,0.9999385,0.0107039,0.02313919,-0.01063458,0.9996757,static,-1.142744625722111,10.42478319207405,2.6288625433336536e-06,10.750370096520475,0.047695,0.37832582,2.114606,-0.0196142616023929,0.1809097482903627,0.9833040252837936,-0.2491602088557134,10.504872492943148,1.1700940277286436,1.1882247768026766,0.3497873540624715
197,05/15/2023 12:46:08.622991,441,True,True,True,True,Eyes,1.338154,-0.3023518,-3.230696,0.002564657,0.1703096,0.9853872,0.0,0.0,0.0,0.0,0.0,0.0,0.0,-1.416187,0.3423289,3.204287,1.342351,-0.3042585,-3.239715,0.005304647,0.01159852,0.001408067,0.9999177,0.6059575,1.330033,0.1683993,0.3814638,-0.08612603,-0.9203625,0,0,0,1.390268,0.074192,-1.125137,0.0,0.4008,2.111,0.999727,0.002938953,-0.02318019,-0.002692849,0.9999397,0.01064108,0.02321007,-0.01057576,0.9996746,static,-1.1521973206658345,10.417141435280923,0.0,10.750370096520475,0.0479169999999999,0.3784504999999999,2.114578,-0.0197769746140544,0.180778020897016,0.9833249969756694,-0.2583912702103281,10.497148606471054,1.1811834431274018,1.1994165274920263,0.3617833212625425
198,05/15/2023 12:46:08.642803,442,True,True,True,True,Eyes,1.338051,-0.3023516,-3.230694,0.002564418,0.1702718,0.9853938,0.0,0.0,0.0,0.0,0.0,0.0,0.0,-1.416751,0.3422499,3.20402,1.342362,-0.3042177,-3.239688,0.005364793,0.01166923,0.001253993,0.9999169,0.6130437,1.338053,0.1508677,0.3814425,-0.08612766,-0.9203712,0,0,0,1.390699,0.07397152,-1.125072,7.450581e-09,0.4008,2.111,0.9997245,0.002632984,-0.02332307,-0.002382572,0.9999393,0.01075796,0.02334998,-0.01069943,0.9996701,static,-1.163482472635187,10.421735277990663,2.022202019044815e-07,10.750370096520475,0.0483369999999998,0.37818922,2.114616,-0.0199703625263669,0.1808561776048094,0.9833067836825404,-0.2694262841674262,10.501657762243005,1.1905438586143098,1.2090048712221024,0.3666721380046922
199,05/15/2023 12:46:08.662963,443,True,True,True,True,Eyes,1.337952,-0.3023537,-3.230689,0.002573621,0.1702604,0.9853957,0.0,0.0,0.0,0.0,0.0,0.0,0.0,-1.416824,0.3413179,3.204138,1.342362,-0.304186,-3.239742,0.00524411,0.01167562,0.001209225,0.9999174,0.5992742,1.338739,0.1455799,0.3814207,-0.08612923,-0.9203801,0,0,0,1.390759,0.07451165,-1.125219,7.450581e-08,0.4008,2.111,0.9997244,0.002540707,-0.02333663,-0.002295794,0.9999421,0.01051559,0.02336199,-0.01045912,0.9996724,static,-1.1645909917104134,10.40720045559005,2.022202019044814e-06,10.750370096520475,0.048397,0.37869765,2.114523,-0.0199903178767103,0.1806066458292982,0.9833521950884028,-0.2704944343347175,10.48710002075778,1.1957343461023031,1.214101433369535,0.3774645225594404
200,05/15/2023 12:46:08.682940,444,True,True,True,True,Eyes,1.337904,-0.3023587,-3.230686,0.002627552,0.1702462,0.9853981,0.0,0.0,0.0,0.0,0.0,0.0,0.0,-1.417609,0.3393483,3.20394,1.342369,-0.304249,-3.239673,0.004928637,0.01179648,0.001209504,0.9999176,0.5631077,1.352539,0.1452571,0.3813988,-0.08613079,-0.9203891,0,0,0,1.391272,0.07578366,-1.125401,5.960464e-08,0.4008,2.111,0.9997187,0.002535091,-0.02357909,-0.002302528,0.9999484,0.009884995,0.02360293,-0.009827925,0.9996731,static,-1.175293460664912,10.370264973647457,1.6177613981035745e-06,10.750370096520475,0.0489030000000001,0.38003266,2.114272,-0.0201763888341877,0.1799720374704109,0.9834648276323475,-0.280916150377789,10.450043994885482,1.216976551791236,1.235232134380992,0.4112305433446971
201,05/15/2023 12:46:08.692888,445,True,True,True,True,Eyes,1.337858,-0.3023606,-3.230681,0.002695453,0.1702306,0.9854006,0.0,0.0,0.0,0.0,0.0,0.0,0.0,-1.418264,0.3398273,3.203664,1.342365,-0.3043138,-3.239732,0.005022479,0.01189237,0.001140545,0.9999161,0.5739406,1.363504,0.1375373,0.3813779,-0.08613239,-0.9203975,0,0,0,1.391728,0.07531906,-1.125399,8.195639e-08,0.4008,2.111,0.9997146,0.002400357,-0.02377128,-0.00216144,0.9999469,0.01007124,0.02379419,-0.01001699,0.9996666,static,-1.183751884786701,10.380078406946303,2.22442219380776e-06,10.750370096520475,0.049363,0.37963286,2.114333,-0.020320939707573,0.1801399499090172,0.9834310972202236,-0.2891938071059325,10.45980016015,1.2218398783561495,1.2403183972015563,0.409957598507406
202,05/15/2023 12:46:08.712833,446,True,True,True,True,Eyes,1.337829,-0.3023644,-3.230675,0.002809477,0.1702206,0.985402,0.0,0.0,0.0,0.0,0.0,0.0,0.0,-1.419572,0.3399686,3.202966,1.342353,-0.3042392,-3.239642,0.005048557,0.0121004,0.001158779,0.9999135,0.576875,1.387359,0.1397823,0.3813581,-0.08613394,-0.9204056,0,0,0,1.392581,0.07528536,-1.125309,1.490116e-08,0.4008,2.111,0.9997045,0.002439536,-0.024187,-0.002195178,0.9999464,0.01012428,0.0242104,-0.0100682,0.9996561,static,-1.200602984805227,10.38257802951046,4.0444034952589373e-07,10.750370096520475,0.0502280000000001,0.37952456,2.114333,-0.0206100122283466,0.18018178553457,0.9834174083200352,-0.305666802320254,10.462169079585976,1.236889812362863,1.2556749192460073,0.4201098278437556
203,05/15/2023 12:46:08.722863,447,True,True,True,True,Eyes,1.337799,-0.3023688,-3.230667,0.002932954,0.1701962,0.9854058,0.0,0.0,0.0,0.0,0.0,0.0,0.0,-1.420493,0.3403012,3.202479,1.342288,-0.3042876,-3.239622,0.005052361,0.01226401,0.001253301,0.9999113,0.577155,1.406165,0.1507131,0.3813396,-0.08613549,-0.9204131,0,0,0,1.393134,0.07522643,-1.125303,1.043081e-07,0.4008,2.111,0.999696,0.002630304,-0.02451318,-0.002382455,0.9999458,0.01013457,0.02453851,-0.01007308,0.9996481,static,-1.2102527660978344,10.381732684537337,2.831081903850562e-06,10.750370096520475,0.0508460000000001,0.37951403,2.114319,-0.0207756969462481,0.1801666484201155,0.9834166403924156,-0.3150976617663581,10.461246669306751,1.2462106346657464,1.2651530152588306,0.4276455036090361
204,05/15/2023 12:46:08.743648,448,True,True,True,True,Eyes,1.337788,-0.3023734,-3.230661,0.003059363,0.1701656,0.9854108,0.0,0.0,0.0,0.0,0.0,0.0,0.0,-1.421623,0.3418378,3.20175,1.342229,-0.3043043,-3.239581,0.005239137,0.01246184,0.001368781,0.9999077,0.5983617,1.428937,0.164327,0.3813223,-0.08613706,-0.9204202,0,0,0,1.393824,0.0744267,-1.12514,9.685755e-08,0.4008,2.111,0.9996856,0.002867887,-0.02490704,-0.00260673,0.9999413,0.01051142,0.02493572,-0.01044319,0.9996344,static,-1.2232378437279283,10.401535601413643,2.6288625433336536e-06,10.750370096520475,0.051595,0.378731,2.114441,-0.0209972454823942,0.180505714220667,0.983349855696234,-0.3278102260628268,10.480966286061763,1.252686803603172,1.272007373704963,0.4243108305758828
205,05/15/2023 12:46:08.762845,449,True,True,True,True,Eyes,1.337774,-0.3023771,-3.230656,0.00317812,0.1701315,0.9854162,0.0,0.0,0.0,0.0,0.0,0.0,0.0,-1.422171,0.3427894,3.201391,1.342147,-0.3043056,-3.239602,0.005340816,0.01257121,0.001475979,0.9999056,0.60984,1.441556,0.1768228,0.3813065,-0.08613861,-0.9204265,0,0,0,1.394122,0.07400138,-1.125093,-1.490116e-08,0.4008,2.111,0.9996796,0.00308596,-0.02512428,-0.002817398,0.9999386,0.01071773,0.02515582,-0.01064351,0.9996269,static,-1.2266854591093264,10.41132767208082,-4.0444034952589373e-07,10.750370096520475,0.0519750000000001,0.37830698,2.114509,-0.0210557537793765,0.1806735275497261,0.9833176733065184,-0.3311902675729268,10.490740657653967,1.2532206874909873,1.2726767024339491,0.4208255825967725
206,05/15/2023 12:46:08.773056,450,True,True,True,True,Eyes,1.337785,-0.3023807,-3.230652,0.003302872,0.1701145,0.9854188,0.0,0.0,0.0,0.0,0.0,0.0,0.0,-1.421984,0.3436225,3.201392,1.342091,-0.3042856,-3.239634,0.005400453,0.01256808,0.001645659,0.9999052,0.6164295,1.441313,0.1963502,0.381292,-0.08614014,-0.9204324,0,0,0,1.393922,0.07377765,-1.125079,5.215406e-08,0.4008,2.111,0.9996787,0.003426753,-0.02511599,-0.003155259,0.9999363,0.01084125,0.02515154,-0.01075852,0.9996257,static,-1.2155953614865718,10.417279036137993,1.4155412233406275e-06,10.750370096520475,0.0518310000000001,0.3780632499999999,2.114555,-0.0208650242591902,0.180776401111203,0.9833029070592048,-0.3203570175998953,10.496785441407834,1.2410928532021848,1.2604067513414432,0.4085764347013052
207,05/15/2023 12:46:08.793084,451,True,True,True,True,Eyes,1.337795,-0.3023849,-3.230649,0.003418195,0.1701008,0.9854207,0.0,0.0,0.0,0.0,0.0,0.0,0.0,-1.421938,0.3438058,3.201394,1.342062,-0.3042841,-3.239647,0.005375473,0.01257808,0.001770743,0.999905,0.6133847,1.44253,0.2106533,0.3812792,-0.08614162,-0.9204375,0,0,0,1.393837,0.07389122,-1.125111,-7.450581e-09,0.4008,2.111,0.9996773,0.003676375,-0.02513473,-0.003405923,0.9999359,0.01079447,0.02517281,-0.01070538,0.9996258,static,-1.2074712354376282,10.413692062757724,-2.022202019044815e-07,10.750370096520475,0.0517749999999999,0.37817532,2.114536,-0.0207258337333695,0.1807153521158672,0.9833170005302884,-0.3124126696315796,10.493259161056152,1.234382584683828,1.2535303723793494,0.4046079373040078
208,05/15/2023 12:46:08.813301,452,True,True,True,True,Eyes,1.337816,-0.3023881,-3.230645,0.003533554,0.1701138,0.9854181,0.0,0.0,0.0,0.0,0.0,0.0,0.0,-1.42162,0.3439339,3.201535,1.342044,-0.3043006,-3.239666,0.005340614,0.01254335,0.001892265,0.9999053,0.6092229,1.438616,0.2245068,0.381268,-0.08614307,-0.920442,0,0,0,1.393577,0.07402793,-1.125151,-8.195639e-08,0.4008,2.111,0.9996782,0.00391815,-0.02506411,-0.003650194,0.9999358,0.01072769,0.02510453,-0.01063275,0.9996283,static,-1.194281688257473,10.410489237747866,-2.22442219380776e-06,10.750370096520475,0.051533,0.37832853,2.114515,-0.0204996808824507,0.1806612361884515,0.9833317362846066,-0.2995177554767738,10.490157424596346,1.222803073113042,1.2417014278395142,0.3967621302150722
209,05/15/2023 12:46:08.822965,453,True,True,True,True,Eyes,1.337838,-0.3023914,-3.230641,0.003646612,0.1701357,0.9854139,0.0,0.0,0.0,0.0,0.0,0.0,0.0,-1.421644,0.3427969,3.201602,1.342047,-0.3042854,-3.239622,0.005155908,0.0125488,0.001916855,0.9999062,0.5880221,1.439211,0.2270615,0.3812585,-0.08614445,-0.9204459,0,0,0,1.39358,0.07482575,-1.125247,3.72529e-08,0.4008,2.111,0.9996777,0.003962751,-0.02507547,-0.00370395,0.9999394,0.01035896,0.02511501,-0.01026274,0.9996318,static,-1.1878199379545733,10.390569391151276,1.011100873814734e-06,10.750370096520475,0.051533,0.3791111499999999,2.114375,-0.0203900806077707,0.1803197563078472,0.9833966842554764,-0.2931810047998384,10.470269224207938,1.2224870255281173,1.2411185094901924,0.4054777344292163
210,05/15/2023 12:46:08.842765,454,True,True,True,True,Eyes,1.337855,-0.3023944,-3.230637,0.003777444,0.1701663,0.9854081,0.0,0.0,0.0,0.0,0.0,0.0,0.0,-1.421888,0.3421873,3.20156,1.342069,-0.3042918,-3.239614,0.005033994,0.01258943,0.001977983,0.9999062,0.5739552,1.443873,0.2339135,0.3812505,-0.08614577,-0.9204491,0,0,0,1.393724,0.07533829,-1.125336,1.043081e-07,0.4008,2.111,0.9996752,0.004082345,-0.02515658,-0.003828845,0.9999415,0.01011685,0.02519641,-0.01001724,0.9996324,static,-1.183609461928528,10.378397755738,2.831081903850562e-06,10.750370096520475,0.051655,0.37963009,2.114278,-0.0203186031857069,0.1801111022379962,0.9834363769454888,-0.2890528304577955,10.45811899680195,1.2222232730941565,1.2406858919455022,0.4110521630582189
211,05/15/2023 12:46:08.862948,455,True,True,True,True,Eyes,1.33787,-0.3023992,-3.230633,0.003915322,0.1702066,0.9854006,0.0,0.0,0.0,0.0,0.0,0.0,0.0,-1.422681,0.3421323,3.201198,1.342037,-0.3042945,-3.239612,0.005003098,0.01272335,0.002029202,0.9999046,0.5703089,1.459243,0.2398143,0.3812437,-0.08614705,-0.9204518,0,0,0,1.394217,0.07547011,-1.125371,2.235174e-08,0.4008,2.111,0.999668,0.004185329,-0.02542396,-0.003930705,0.9999417,0.01005688,0.02546457,-0.009953604,0.9996262,static,-1.1898850996910817,10.377269379252388,6.066605242888407e-07,10.750370096520475,0.0521800000000001,0.37976461,2.1142410000000003,-0.0204263944912205,0.1800913385750016,0.9834377616751536,-0.2951854846330737,10.456939937947103,1.2284490179958607,1.2470092779950843,0.4162163937828334
212,05/15/2023 12:46:08.872646,456,True,True,True,True,Eyes,1.337909,-0.3024046,-3.230633,0.004054153,0.1702266,0.9853966,0.0,0.0,0.0,0.0,0.0,0.0,0.0,-1.423764,0.3416677,3.200786,1.342043,-0.3043432,-3.239625,0.004862561,0.01290524,0.002170767,0.9999027,0.5539526,1.480131,0.255931,0.381238,-0.08614832,-0.920454,0,0,0,1.394879,0.07602459,-1.125508,-2.980232e-08,0.4008,2.111,0.9996575,0.004466617,-0.02578686,-0.004215606,0.9999433,0.009780205,0.02582909,-0.009668147,0.9996197,static,-1.1997780534385405,10.36250186119782,-8.088806990517875e-07,10.750370096520475,0.0528359999999998,0.38036779,2.114117,-0.0205971728424418,0.1798372322027684,0.9834807152050384,-0.3048393454391707,10.442079869381802,1.2423063115958697,1.2609152249580926,0.4335543766591748
213,05/15/2023 12:46:08.893268,457,True,True,True,True,Eyes,1.337946,-0.3024081,-3.230628,0.004204023,0.1702559,0.9853908,0.0,0.0,0.0,0.0,0.0,0.0,0.0,-1.424861,0.3429748,3.200233,1.342035,-0.3043568,-3.239701,0.005046933,0.01308199,0.002209039,0.9998993,0.5749759,1.500459,0.2606915,0.3812338,-0.08614959,-0.9204556,0,0,0,1.395591,0.07523488,-1.125463,4.470348e-08,0.4008,2.111,0.9996479,0.00454968,-0.02613904,-0.004285584,0.9999393,0.01015065,0.02618363,-0.01003505,0.9996068,static,-1.210519084356138,10.385419753674254,1.2133210485776811e-06,10.750370096520475,0.0535559999999999,0.37959168,2.1142380000000003,-0.0207800214166834,0.1802299012693675,0.9834048746153292,-0.3153618496443187,10.464935226490416,1.2453606308227865,1.264337037277655,0.4253550593468648
214,05/15/2023 12:46:08.913205,458,True,True,True,True,Eyes,1.337956,-0.3024158,-3.230627,0.004358864,0.1702553,0.9853904,0.0,0.0,0.0,0.0,0.0,0.0,0.0,-1.426133,0.3417075,3.19969,1.342026,-0.3043193,-3.239598,0.00491802,0.01326748,0.002064882,0.9998978,0.5603756,1.521601,0.2440833,0.381231,-0.0861508,-0.9204566,0,0,0,1.396475,0.07581187,-1.125479,4.470348e-08,0.4008,2.111,0.9996394,0.004259841,-0.02651193,-0.003998842,0.9999431,0.009889826,0.02655255,-0.009780243,0.9995996,static,-1.2257271246180543,10.37053843922902,1.2133210485776811e-06,10.750370096520475,0.0544489999999999,0.38013117,2.114119,-0.0210420539858053,0.1799735209034122,0.983446425090512,-0.3302105859945978,10.449919256833375,1.2641162147917822,1.2832310962206803,0.4464420897226875
215,05/15/2023 12:46:08.922792,459,True,True,True,True,Eyes,1.337964,-0.3024276,-3.230629,0.004484034,0.1702532,0.9853902,0.0,0.0,0.0,0.0,0.0,0.0,0.0,-1.427867,0.3422052,3.198922,1.341949,-0.3044289,-3.239677,0.004958868,0.01355481,0.002109945,0.9998936,0.5649158,1.554566,0.2494715,0.3812287,-0.0861521,-0.9204575,0,0,0,1.397578,0.0755345,-1.12556,1.490116e-07,0.4008,2.111,0.9996236,0.004353874,-0.02708579,-0.004085008,0.9999419,0.00997388,0.02712765,-0.00985948,0.9995834,static,-1.2504731699030989,10.375272827268386,4.044403495258931e-06,10.750370096520475,0.0556289999999999,0.3799634,2.114117,-0.0214664844164352,0.1800531579096314,0.9834226737780462,-0.3544025010903049,10.454462742031572,1.285950318988171,1.3055233528743766,0.4616981285747981
216,05/15/2023 12:46:08.943214,460,True,True,True,True,Eyes,1.337973,-0.3024277,-3.230635,0.004579663,0.1702526,0.9853898,0.0,0.0,0.0,0.0,0.0,0.0,0.0,-1.426237,0.3441262,3.199537,1.341927,-0.3045359,-3.239768,0.004974561,0.01336651,0.002728664,0.9998946,0.5658123,1.533341,0.3202857,0.3812268,-0.08615359,-0.9204581,0,0,0,1.396278,0.07539193,-1.125611,1.862645e-07,0.4008,2.111,0.9996278,0.005589738,-0.02670304,-0.005323769,0.9999356,0.01002102,0.02675734,-0.009875127,0.9995932,static,-1.2106782759229335,10.377377221075593,5.055504369073658e-06,10.750370096520475,0.0543509999999998,0.37992783,2.1141570000000005,-0.0207832901079984,0.1800918664887009,0.9834301975945704,-0.3155089659334886,10.456883600555935,1.2479230727904995,1.2668377220972518,0.4309099918050555
217,05/15/2023 12:46:08.962879,461,True,True,True,True,Eyes,1.337985,-0.3024235,-3.230633,0.004669011,0.170279,0.9853848,0.0,0.0,0.0,0.0,0.0,0.0,0.0,-1.425102,0.3436595,3.20019,1.341994,-0.3042557,-3.239864,0.004967333,0.01317308,0.002677849,0.9998974,0.5651228,1.511142,0.3143426,0.3812253,-0.08615492,-0.9204586,0,0,0,1.395567,0.07569779,-1.125691,5.960464e-08,0.4008,2.111,0.9996386,0.005486019,-0.02631685,-0.005224279,0.9999363,0.0100042,0.02637006,-0.009863095,0.9996036,static,-1.1843148176250995,10.377855306426406,1.6177613981035745e-06,10.750370096520475,0.053573,0.37995349,2.114173,-0.020330745246132,0.1801017451898424,0.9834378291244786,-0.2897416772395709,10.457570446072262,1.2230500737351468,1.2415203131505377,0.411925736390207
218,05/15/2023 12:46:08.973099,462,True,True,True,True,Eyes,1.33797,-0.3024262,-3.230631,0.004767811,0.1702933,0.9853819,0.0,0.0,0.0,0.0,0.0,0.0,0.0,-1.424727,0.3399581,3.200583,1.342054,-0.3041599,-3.23968,0.004628692,0.0130519,0.002163031,0.9999018,0.5271293,1.496872,0.2547752,0.3812242,-0.08615598,-0.9204589,0,0,0,1.395511,0.07719796,-1.125757,4.470348e-08,0.4008,2.111,0.9996499,0.004446463,-0.02608122,-0.004204811,0.9999478,0.009312937,0.02612127,-0.009200011,0.9996164,static,-1.1751904013559844,10.339338523606244,1.2133210485776811e-06,10.750370096520475,0.0534569999999998,0.38135786,2.113923,-0.020176608259745,0.1794411619514207,0.9835617940784852,-0.2807828169366093,10.41908822844834,1.2269979184490385,1.2449989096941243,0.4342664478878114
219,05/15/2023 12:46:08.992957,463,True,True,True,True,Eyes,1.337955,-0.3024379,-3.230626,0.004850769,0.1702542,0.9853883,0.0,0.0,0.0,0.0,0.0,0.0,0.0,-1.425246,0.3390765,3.200423,1.342018,-0.3043357,-3.239656,0.004565978,0.01311474,0.00192689,0.9999018,0.5202824,1.503933,0.2276555,0.3812229,-0.08615704,-0.9204594,0,0,0,1.395923,0.07727572,-1.12579,1.043081e-07,0.4008,2.111,0.9996486,0.003973165,-0.0262093,-0.003733638,0.9999509,0.0091816,0.0262445,-0.009080517,0.9996144,static,-1.182390243327154,10.32969461714064,2.831081903850562e-06,10.750370096520475,0.053905,0.38161142,2.113866,-0.0203008288999523,0.1792751659998164,0.9835895564493018,-0.2878098164335598,10.409378041182332,1.2369550892926249,1.2549985025337516,0.446219342782887
220,05/15/2023 12:46:09.013146,464,True,True,True,True,Eyes,1.337917,-0.3024457,-3.230625,0.004921937,0.1701594,0.9854042,0.0,0.0,0.0,0.0,0.0,0.0,0.0,-1.424335,0.3442519,3.200233,1.341991,-0.3045473,-3.239605,0.005234111,0.01300364,0.00216668,0.9998995,0.5965067,1.491506,0.2560724,0.3812214,-0.08615834,-0.9204599,0,0,0,1.395253,0.07424976,-1.125217,-7.450581e-09,0.4008,2.111,0.9996524,0.00446905,-0.02598199,-0.004196799,0.9999358,0.01052352,0.02602735,-0.01041082,0.999607,static,-1.1605912091231432,10.400840909114176,-2.022202019044815e-07,10.750370096520475,0.0532620000000001,0.37879706,2.114388,-0.0199220752549928,0.1804977408388677,0.9833735611248816,-0.2665783200564129,10.480765880159735,1.1938327318755468,1.2120817374058943,0.3791442026308521
221,05/15/2023 12:46:09.023259,465,True,True,True,True,Eyes,1.337883,-0.3024479,-3.230624,0.004983139,0.1700577,0.9854215,0.0,0.0,0.0,0.0,0.0,0.0,0.0,-1.423032,0.346373,3.200667,1.341971,-0.3044589,-3.239704,0.005485707,0.01282557,0.002379725,0.9999,0.6250676,1.4713,0.2807493,0.3812191,-0.08615977,-0.9204606,0,0,0,1.39432,0.07328299,-1.125104,1.564622e-07,0.4008,2.111,0.9996597,0.004899689,-0.02562247,-0.004618259,0.9999285,0.01103136,0.02567469,-0.01090927,0.9996108,static,-1.1322519794558097,10.42377316188772,4.246624212852569e-06,10.750370096520475,0.0523489999999999,0.3777418899999999,2.1146000000000003,-0.019434249492835,0.1808930613920634,0.9833107321455872,-0.2389035724967925,10.503944379800624,1.1604744161835197,1.1784183124886032,0.3432238043872347
222,05/15/2023 12:46:09.042769,466,True,True,True,True,Eyes,1.337837,-0.3024508,-3.230627,0.005057049,0.1699747,0.9854355,0.0,0.0,0.0,0.0,0.0,0.0,0.0,-1.422434,0.3467467,3.200874,1.342024,-0.3043276,-3.239677,0.005624029,0.01271018,0.002240261,0.9999009,0.6411529,1.458028,0.2648984,0.3812163,-0.08616116,-0.9204617,0,0,0,1.393996,0.07282098,-1.124962,7.450581e-09,0.4008,2.111,0.9996669,0.004623043,-0.02539265,-0.004337113,0.9999267,0.01130389,0.02544305,-0.01118999,0.9996136,static,-1.1175722159965271,10.434588479043631,2.022202019044815e-07,10.750370096520475,0.0519719999999999,0.3771485799999999,2.114715,-0.0191816463123074,0.181079564333012,0.9832814209933212,-0.2245668904920572,10.514886216947916,1.1435538737879458,1.1613294708630617,0.3253967373342577
223,05/15/2023 12:46:09.062976,467,True,True,True,True,Eyes,1.337791,-0.3024545,-3.230633,0.005111062,0.1699036,0.9854474,0.0,0.0,0.0,0.0,0.0,0.0,0.0,-1.422174,0.3455436,3.201262,1.342045,-0.3043551,-3.239805,0.005475877,0.01265487,0.002139497,0.9999027,0.624338,1.451584,0.253101,0.3812125,-0.08616252,-0.9204631,0,0,0,1.393859,0.07341464,-1.125197,3.72529e-08,0.4008,2.111,0.9996705,0.00441717,-0.02528385,-0.004139984,0.9999309,0.01100484,0.02533072,-0.01089654,0.9996197,static,-1.1101768135806325,10.413343974831642,1.011100873814734e-06,10.750370096520475,0.051814,0.3777697399999999,2.114608,-0.0190560261906372,0.1807153838554068,0.9833507778602216,-0.2173161865237092,10.493679445040824,1.1427212708297765,1.160207485372844,0.3363284926087142
224,05/15/2023 12:46:09.073193,468,True,True,True,True,Eyes,1.337725,-0.3024546,-3.230638,0.005165326,0.1698819,0.9854509,0.0,0.0,0.0,0.0,0.0,0.0,0.0,-1.420795,0.3449019,3.202023,1.342028,-0.3043776,-3.239889,0.005365273,0.01244342,0.002156425,0.9999059,0.6116939,1.427331,0.2547506,0.381208,-0.08616389,-0.9204649,0,0,0,1.392934,0.07385881,-1.125343,1.266599e-07,0.4008,2.111,0.999681,0.004445969,-0.02486136,-0.00417892,0.9999331,0.0107832,0.02490764,-0.01067587,0.9996327,static,-1.0824318052291564,10.399259329695054,3.4377440566314765e-06,10.750370096520475,0.0509059999999998,0.37823641,2.114546,-0.0185806781356791,0.1804752701406796,0.9834040126615172,-0.1901832109788661,10.479800287519508,1.121054647491614,1.1379564252690937,0.3307249353999128
225,05/15/2023 12:46:09.093575,469,True,True,True,True,Eyes,1.337663,-0.3024598,-3.230646,0.005202591,0.1698753,0.9854518,0.0,0.0,0.0,0.0,0.0,0.0,0.0,-1.41999,0.3424534,3.202599,1.342018,-0.304306,-3.239857,0.005039739,0.01230801,0.002054879,0.9999096,0.5745706,1.411667,0.2425713,0.3812022,-0.08616517,-0.9204672,0,0,0,1.392424,0.07530116,-1.125544,7.450581e-08,0.4008,2.111,0.9996886,0.004233444,-0.02459308,-0.003985327,0.9999407,0.01012915,0.02463451,-0.01002798,0.9996462,static,-1.0668332401115943,10.361399246172722,2.022202019044814e-06,10.750370096520475,0.0504060000000001,0.37960716,2.114313,-0.0183151615525671,0.1798262877552094,0.9835278316936064,-0.1748971734041906,10.442026560433826,1.119200715702267,1.1355332665034568,0.3544932508103901
226,05/15/2023 12:46:09.112986,470,True,True,True,True,Eyes,1.3376,-0.302463,-3.230654,0.005230629,0.1698435,0.9854571,0.0,0.0,0.0,0.0,0.0,0.0,0.0,-1.41885,0.3416193,3.203283,1.342038,-0.3044349,-3.239925,0.004856634,0.01213424,0.002132957,0.9999124,0.5535232,1.391748,0.251163,0.3811954,-0.0861665,-0.9204699,0,0,0,1.391645,0.07594892,-1.125732,7.450581e-09,0.4008,2.111,0.9996964,0.004383404,-0.02424564,-0.004147677,0.9999437,0.009764182,0.02428707,-0.009660654,0.9996584,static,-1.0437078072781305,10.338497467821355,2.022202019044815e-07,10.750370096520475,0.0496069999999999,0.38038382,2.114193,-0.0179194963069782,0.179434426944941,0.9836066530841688,-0.1522701019709291,10.419285180758246,1.1062869523905752,1.1220363057238807,0.3644221000210361
227,05/15/2023 12:46:09.122943,471,True,True,True,True,Eyes,1.337541,-0.3024654,-3.230661,0.005250311,0.1698232,0.9854606,0.0,0.0,0.0,0.0,0.0,0.0,0.0,-1.418199,0.341616,3.203619,1.342082,-0.3043897,-3.239958,0.004844865,0.01203003,0.002175443,0.9999136,0.5521422,1.379826,0.2559574,0.3811877,-0.08616784,-0.9204729,0,0,0,1.391216,0.07604499,-1.125764,8.940697e-08,0.4008,2.111,0.9997011,0.004467078,-0.02403691,-0.004233941,0.9999436,0.009741234,0.02407907,-0.009636551,0.9996637,static,-1.0297521857164031,10.33592170648575,2.426642368570707e-06,10.750370096520475,0.049134,0.3804346899999999,2.1141940000000004,-0.0176800614560217,0.1793909917797625,0.9836190150009206,-0.1386270834500325,10.416817171558591,1.094539116168353,1.1100279409440736,0.3612141952070646
228,05/15/2023 12:46:09.143001,472,True,True,True,True,Eyes,1.337477,-0.3024659,-3.230666,0.00526644,0.1698123,0.9854624,0.0,0.0,0.0,0.0,0.0,0.0,0.0,-1.41765,0.3406926,3.203958,1.342129,-0.3043762,-3.239937,0.00471457,0.01193404,0.002149874,0.9999155,0.537272,1.368776,0.2527958,0.3811792,-0.08616915,-0.9204763,0,0,0,1.390875,0.07660739,-1.125833,5.960464e-08,0.4008,2.111,0.9997059,0.004411911,-0.02384579,-0.004186856,0.9999463,0.009479654,0.02388634,-0.009377028,0.9996707,static,-1.0183414485082682,10.320274205314185,1.6177613981035745e-06,10.750370096520475,0.0487460000000001,0.38098359,2.114104,-0.0174850365839565,0.1791229741066417,0.9836713516607934,-0.1274576689960458,10.401244580330903,1.0902797430937987,1.1054433844625609,0.3716644936435953
229,05/15/2023 12:46:09.162932,473,True,True,True,True,Eyes,1.337418,-0.3024725,-3.230669,0.005284285,0.1697848,0.985467,0.0,0.0,0.0,0.0,0.0,0.0,0.0,-1.417478,0.339374,3.204148,1.342186,-0.3043351,-3.239892,0.004545467,0.01189099,0.002081724,0.9999169,0.5179992,1.363763,0.2447325,0.38117,-0.0861704,-0.92048,0,0,0,1.3908,0.07736006,-1.125913,-1.043081e-07,0.4008,2.111,0.9997085,0.004271201,-0.02376109,-0.004055001,0.9999501,0.009139685,0.02379894,-0.00904067,0.9996759,static,-1.013776431832068,10.299220675335851,-2.831081903850562e-06,10.750370096520475,0.0486139999999999,0.38169516,2.1139790000000005,-0.0174078245972977,0.1787617419575967,0.9837383886598488,-0.1229736013234175,10.380206606194337,1.0947176474485176,1.1096272859898375,0.3900548934499098
230,05/15/2023 12:46:09.173318,474,True,True,True,True,Eyes,1.337352,-0.3024734,-3.230677,0.005319822,0.169722,0.9854776,0.0,0.0,0.0,0.0,0.0,0.0,0.0,-1.417685,0.3409051,3.203871,1.342214,-0.3044852,-3.239844,0.004761365,0.01191947,0.002078348,0.9999155,0.5427355,1.36708,0.2446561,0.3811603,-0.08617175,-0.9204839,0,0,0,1.390955,0.07629704,-1.125703,1.490116e-08,0.4008,2.111,0.9997072,0.00426985,-0.02381713,-0.004042839,0.9999461,0.00957147,0.02385671,-0.009472379,0.9996706,static,-1.0150368599491637,10.320312728798402,4.0444034952589373e-07,10.750370096520475,0.0487409999999999,0.38078224,2.114141,-0.0174282984790476,0.1791238007253085,0.983672138630406,-0.1242277861293219,10.40130925048766,1.0872765824287525,1.102383775112544,0.3705079183571644
231,05/15/2023 12:46:09.192722,475,True,True,True,True,Eyes,1.337291,-0.3024718,-3.230681,0.005349827,0.1696937,0.9854823,0.0,0.0,0.0,0.0,0.0,0.0,0.0,-1.417336,0.3440205,3.203802,1.342198,-0.3043393,-3.239972,0.005234654,0.01187636,0.00215504,0.9999135,0.5968732,1.362308,0.2540666,0.3811498,-0.08617304,-0.9204881,0,0,0,1.390705,0.07444434,-1.125467,0.0,0.4008,2.111,0.9997086,0.004434044,-0.02372811,-0.004185369,0.9999359,0.01051959,0.02377323,-0.01041721,0.9996631,static,-1.0067381992378197,10.372916877298431,0.0,10.750370096520475,0.048507,0.37878364,2.114505,-0.0172829262785904,0.1800273022165521,0.9835097391474008,-0.1161720837305964,10.454030216211974,1.0597769601231737,1.0751710257004194,0.318297467315663
232,05/15/2023 12:46:09.213269,476,True,True,True,True,Eyes,1.337236,-0.3024774,-3.230688,0.005370605,0.1696621,0.9854876,0.0,0.0,0.0,0.0,0.0,0.0,0.0,-1.417042,0.3411326,3.204175,1.342258,-0.3042864,-3.239887,0.004827465,0.01181239,0.002078307,0.9999165,0.5503359,1.354826,0.244683,0.3811388,-0.0861742,-0.9204926,0,0,0,1.390548,0.07621532,-1.125686,9.685755e-08,0.4008,2.111,0.9997123,0.004270315,-0.02360274,-0.004042219,0.9999447,0.009703223,0.02364287,-0.009605024,0.9996744,static,-0.9998087479145462,10.324321126727776,2.6288625433336536e-06,10.750370096520475,0.0482899999999999,0.38050172,2.114201,-0.0171666348975124,0.1791934221650594,0.9836640206022106,-0.1093479692767697,10.405441869077368,1.0719241326684017,1.08680288635719,0.3618467015193997
233,05/15/2023 12:46:09.228411,477,True,True,True,True,Eyes,1.337184,-0.3024851,-3.230694,0.005393958,0.1696053,0.9854973,0.0,0.0,0.0,0.0,0.0,0.0,0.0,-1.417347,0.341475,3.204114,1.342289,-0.3044672,-3.239967,0.004959031,0.01183,0.001829342,0.9999161,0.5657446,1.356736,0.2163432,0.3811275,-0.08617543,-0.9204971,0,0,0,1.39085,0.07546653,-1.12567,0.0,0.4008,2.111,0.9997134,0.003775708,-0.02363986,-0.003541047,0.9999441,0.009960512,0.02367615,-0.009873946,0.9996709,static,-1.0055307889239051,10.335950416095937,0.0,10.750370096520475,0.0485609999999998,0.3799337299999999,2.114297,-0.0172642351161179,0.1793927795791325,0.983626025326198,-0.1149529840091049,10.417037279362152,1.0725095826663793,1.0875825665194847,0.3525974411808769
234,05/15/2023 12:46:09.242988,478,True,True,True,True,Eyes,1.337131,-0.302484,-3.230697,0.00542934,0.1695562,0.9855056,0.0,0.0,0.0,0.0,0.0,0.0,0.0,-1.417609,0.3435907,3.203784,1.342306,-0.3045159,-3.239967,0.005294971,0.01186559,0.001794267,0.9999141,0.6042784,1.360872,0.212802,0.3811161,-0.08617681,-0.9205018,0,0,0,1.391051,0.07399553,-1.125418,6.705523e-08,0.4008,2.111,0.999712,0.00371388,-0.02371014,-0.003462569,0.9999375,0.01063161,0.02374814,-0.01054645,0.9996623,static,-1.0082517508319324,10.371581579681452,1.819981844281867e-06,10.750370096520475,0.048745,0.37851143,2.114549,-0.0173089823513785,0.1800043120785913,0.9835135571438292,-0.1176500299152056,10.4526816592755,1.0616495485480095,1.077058960107495,0.3200943040004829
235,05/15/2023 12:46:09.263056,479,True,True,True,True,Eyes,1.337082,-0.3024867,-3.230699,0.005459142,0.1695237,0.985511,0.0,0.0,0.0,0.0,0.0,0.0,0.0,-1.417811,0.3414751,3.203839,1.342333,-0.3043131,-3.239894,0.005021704,0.01188669,0.001739154,0.9999153,0.5730368,1.363197,0.2061264,0.3811044,-0.08617805,-0.9205065,0,0,0,1.391205,0.07535174,-1.125556,8.195639e-08,0.4008,2.111,0.9997114,0.003597396,-0.02375391,-0.00335863,0.9999435,0.0100839,0.02378884,-0.01000121,0.999667,static,-1.0100865700554622,10.338341260803904,2.22442219380776e-06,10.750370096520475,0.048872,0.37966484,2.114338,-0.017342315639319,0.1794335851343027,0.9836172278016398,-0.1194083505884772,10.419394458737775,1.075721840853828,1.0908928151708026,0.3518575823114291
236,05/15/2023 12:46:09.282800,480,True,True,True,True,Eyes,1.337042,-0.3024899,-3.230705,0.005473352,0.1694781,0.9855188,0.0,0.0,0.0,0.0,0.0,0.0,0.0,-1.417526,0.3404236,3.204069,1.34237,-0.304407,-3.239862,0.004835327,0.01183816,0.001759183,0.9999169,0.5516636,1.357605,0.2081402,0.3810927,-0.08617929,-0.9205112,0,0,0,1.391018,0.0760467,-1.12566,2.980232e-08,0.4008,2.111,0.9997135,0.003632556,-0.02365735,-0.003403591,0.999947,0.009711499,0.02369137,-0.009628197,0.9996729,static,-1.003311494021201,10.314308939249353,8.088806990517875e-07,10.750370096520475,0.048648,0.3804537,2.114202,-0.0172273209668953,0.1790213601538703,0.9836943941774438,-0.112761018201333,10.395392252285484,1.0791207516510009,1.093976649675369,0.3724573795007956
237,05/15/2023 12:46:09.293317,481,True,True,True,True,Eyes,1.337005,-0.3024922,-3.230707,0.00549382,0.1694271,0.9855274,0.0,0.0,0.0,0.0,0.0,0.0,0.0,-1.418054,0.3404901,3.203916,1.342349,-0.3044224,-3.239955,0.00492218,0.01190497,0.001574684,0.9999158,0.5618536,1.365177,0.1871545,0.3810811,-0.08618052,-0.9205158,0,0,0,1.391425,0.07565568,-1.125696,8.940697e-08,0.4008,2.111,0.9997116,0.003266299,-0.02379242,-0.003031905,0.9999465,0.009881022,0.02382342,-0.009806038,0.9996681,static,-1.013534705158743,10.321217282141314,2.426642368570707e-06,10.750370096520475,0.0490759999999999,0.38007808,2.114259,-0.0174024589229051,0.1791394130189847,0.9836697644789196,-0.1227605251538526,10.402226553444931,1.0855607201863828,1.1006496516281554,0.3691539907936991
238,05/15/2023 12:46:09.312915,482,True,True,True,True,Eyes,1.336972,-0.3024897,-3.230709,0.005514276,0.1693626,0.9855384,0.0,0.0,0.0,0.0,0.0,0.0,0.0,-1.418582,0.3407827,3.203588,1.342374,-0.304402,-3.239885,0.005013975,0.01197366,0.001474221,0.9999146,0.572497,1.37301,0.1758074,0.3810698,-0.08618171,-0.9205204,0,0,0,1.391821,0.07528348,-1.125564,5.215406e-08,0.4008,2.111,0.9997089,0.003068261,-0.02393049,-0.002828118,0.9999453,0.0100624,0.02396006,-0.009991788,0.9996629,static,-1.0222727072403268,10.327955612326322,1.4155412233406275e-06,10.750370096520475,0.049447,0.37968548,2.1143210000000003,-0.0175521012232904,0.1792546332657884,0.9836461434827668,-0.1313082011787376,10.4089024107102,1.0908148335076593,1.106109568969458,0.3658447702178714
239,05/15/2023 12:46:09.323383,483,True,True,True,True,Eyes,1.336942,-0.3024935,-3.230709,0.005540359,0.1693181,0.9855459,0.0,0.0,0.0,0.0,0.0,0.0,0.0,-1.418882,0.3392119,3.203597,1.342361,-0.3042881,-3.239876,0.004835245,0.01201088,0.001363525,0.9999152,0.5521631,1.377181,0.162898,0.3810588,-0.08618274,-0.9205249,0,0,0,1.392048,0.07614811,-1.125695,5.215406e-08,0.4008,2.111,0.9997078,0.00284297,-0.02400653,-0.002610668,0.9999495,0.009702424,0.02403291,-0.009636915,0.9996647,static,-1.027284537188141,10.304826977579284,1.4155412233406275e-06,10.750370096520475,0.049687,0.38043621,2.1141810000000003,-0.0176394401314782,0.1788572744824189,0.9837169110515674,-0.1361824097822606,10.385711644630732,1.104554892310645,1.1197433185828451,0.3892580388564383
240,05/15/2023 12:46:09.342941,484,True,True,True,True,Eyes,1.336901,-0.3024998,-3.230711,0.005593276,0.169253,0.9855568,0.0,0.0,0.0,0.0,0.0,0.0,0.0,-1.419445,0.3380065,3.203451,1.342383,-0.3044437,-3.239829,0.004616025,0.01209678,0.00138229,0.9999152,0.527004,1.386996,0.1647912,0.3810481,-0.08618382,-0.9205292,0,0,0,1.392415,0.07692111,-1.125823,2.235174e-08,0.4008,2.111,0.9997035,0.002876023,-0.02417874,-0.002652667,0.9999536,0.00926471,0.02420427,-0.009197826,0.9996648,static,-1.0336955511740624,10.275955292444516,6.066605242888407e-07,10.750370096520475,0.0500319999999998,0.38136481,2.114006,-0.0177511362210703,0.1783612012960277,0.9838049846421552,-0.1424181344197177,10.356761178114729,1.1223088555230545,1.1373641250929356,0.4185822242516087
241,05/15/2023 12:46:09.882719,516,True,True,True,True,Eyes,1.331035,-0.3052321,-3.231361,-0.2679806,-0.1781144,0.9468166,0.0,0.0,0.0,0.0,0.0,0.0,0.0,-1.41561,0.341657,3.204751,1.342167,-0.3044305,-3.23991,0.004837164,0.01161498,0.002193671,0.9999185,0.5513417,1.332267,0.2578066,0.3801923,-0.08657931,-0.9208456,0,0,0,0.8089643,-0.726243,-1.315964,-0.5796,-0.4008001,1.915,0.9997205,0.004499353,-0.02320684,-0.004274618,0.9999436,0.009724498,0.02324928,-0.009622579,0.9996834,static,-17.14902729621832,-10.0973880661267,-16.839131587459715,-11.82109124669345,-0.5332027000000001,-0.4218125,1.923946,-0.2906797375713241,-0.1677515209021332,0.942000389012535,-15.872156590769857,-10.163756497374573,1.6980594292937308,1.7513389178005876,1.9188014789245973
242,05/15/2023 12:46:09.893308,517,True,True,True,True,Eyes,1.331098,-0.305234,-3.231366,-0.2682176,-0.1790682,0.9465696,0.0,0.0,0.0,0.0,0.0,0.0,0.0,-1.415253,0.3389737,3.205229,1.342197,-0.3044437,-3.239932,0.004525829,0.01152817,0.001942949,0.9999214,0.5160213,1.322105,0.2286167,0.3801152,-0.08662225,-0.9208733,0,0,0,0.8084537,-0.7247837,-1.315813,-0.5796,-0.4008001,1.915,0.9997267,0.003989942,-0.02303693,-0.003781244,0.9999515,0.009095743,0.0230721,-0.009006148,0.9996933,static,-17.15328645595946,-10.199784352673683,-16.839131587459715,-11.82109124669345,-0.5337433,-0.42034,1.924119,-0.2906648237773356,-0.1694355612451962,0.9417035943698928,-15.876211571241232,-10.266286196447778,1.6026481173900642,1.6514627837157327,1.82883397330202
243,05/15/2023 12:46:09.912837,518,True,True,True,True,Eyes,1.331173,-0.3052403,-3.231368,-0.2684855,-0.1801401,0.9462902,0.0,0.0,0.0,0.0,0.0,0.0,0.0,-1.415627,0.3405879,3.204971,1.342243,-0.3043362,-3.24,0.004952768,0.01154239,0.001569461,0.9999199,0.5654333,1.323627,0.1863928,0.3800474,-0.08666088,-0.9208978,0,0,0,0.8082464,-0.7258983,-1.316219,-0.5796,-0.4008,1.915,0.9997286,0.003253005,-0.02306739,-0.003024338,0.999946,0.009940974,0.02309848,-0.009868513,0.9996845,static,-17.164629827009673,-10.229266301960076,-16.839131587459715,-11.821088380307142,-0.5339966,-0.4215621,1.923781,-0.2908270742662185,-0.1699113390032513,0.9415677414324334,-15.887267566124924,-10.295886491611748,1.5777326048440208,1.6247604848294688,1.797855922033698
244,05/15/2023 12:46:09.923154,519,True,True,True,True,Eyes,1.331243,-0.3052476,-3.231374,-0.2687457,-0.1811405,0.9460253,0.0,0.0,0.0,0.0,0.0,0.0,0.0,-1.416161,0.3407535,3.204654,1.342245,-0.3044211,-3.239929,0.004892973,0.01164272,0.001738764,0.9999188,0.558337,1.335209,0.2057697,0.379988,-0.08669575,-0.920919,0,0,0,0.808774,-0.725942,-1.315993,-0.5796,-0.4008,1.915,0.9997228,0.00359118,-0.02326654,-0.00336331,0.9999461,0.009825638,0.02330057,-0.009744664,0.9996811,static,-17.19856123398554,-10.293026526745363,-16.839131587459715,-11.821088380307142,-0.5334709999999999,-0.4215209,1.923936,-0.2913324515181509,-0.1709315539507856,0.9412267563160454,-15.920365098411018,-10.359976923748826,1.5270547628303262,1.5697651732384492,1.7259717697241836
245,05/15/2023 12:46:09.943347,520,True,True,True,True,Eyes,1.331359,-0.3052585,-3.231381,-0.2691059,-0.1822014,0.9457191,0.0,0.0,0.0,0.0,0.0,0.0,0.0,-1.415688,0.3384142,3.205208,1.34219,-0.3044572,-3.240044,0.004496938,0.01158227,0.001802266,0.9999212,0.5128854,1.328227,0.2124856,0.3799363,-0.08672725,-0.9209374,0,0,0,0.8085397,-0.7245298,-1.315841,-0.5796,-0.4008001,1.915,0.9997252,0.003708417,-0.02314652,-0.003500078,0.9999531,0.009034916,0.02317893,-0.008951419,0.9996913,static,-17.220289702969513,-10.401978997130657,-16.839131587459715,-11.82109124669345,-0.5336503,-0.4200726,1.924203,-0.291597721649619,-0.1727064631462351,0.9408204919100398,-15.94148776863662,-10.469207216965737,1.432249882852542,1.469408413572671,1.6227614905783756
246,05/15/2023 12:46:09.963006,521,True,True,True,True,Eyes,1.331469,-0.3052642,-3.23139,-0.2694559,-0.1832244,0.9454218,0.0,0.0,0.0,0.0,0.0,0.0,0.0,-1.41585,0.3385804,3.205144,1.342207,-0.3045239,-3.240056,0.004546057,0.011597,0.001723493,0.999921,0.5186152,1.329884,0.2035322,0.3798925,-0.08675579,-0.9209528,0,0,0,0.8085487,-0.7246974,-1.315877,-0.5796,-0.4008001,1.915,0.999725,0.003552153,-0.02317649,-0.003341271,0.9999527,0.009131369,0.02320783,-0.009051419,0.9996897,static,-17.244490891133655,-10.462588701468423,-16.839131587459715,-11.82109124669345,-0.5336582999999999,-0.4201735,1.924179,-0.2919442251468381,-0.1736824172711244,0.9405333752981236,-15.96507825151027,-10.530067181963435,1.3841773237413475,1.417690139084664,1.5590742027871407
247,05/15/2023 12:46:09.972942,522,True,True,True,True,Eyes,1.33161,-0.3052693,-3.231393,-0.2698742,-0.1842408,0.9451049,0.0,0.0,0.0,0.0,0.0,0.0,0.0,-1.415667,0.3387806,3.205246,1.342187,-0.3044056,-3.240118,0.004641497,0.01156079,0.001615834,0.9999212,0.5297012,1.325699,0.1913038,0.3798556,-0.08678151,-0.9209656,0,0,0,0.8082998,-0.7248254,-1.316056,-0.5795999,-0.4008001,1.915,0.9997275,0.003338732,-0.02310476,-0.003124095,0.9999517,0.009319623,0.02313476,-0.009244901,0.9996896,static,-17.266125882663808,-10.518365882026734,-16.83912884659031,-11.82109124669345,-0.5338872,-0.4204197999999999,1.924062,-0.292252198523785,-0.1745807675733629,0.9402713630999294,-15.986165613784962,-10.586069639809567,1.340694366973153,1.370919342835888,1.5009412533433126
248,05/15/2023 12:46:09.993397,523,True,True,True,True,Eyes,1.331743,-0.3052757,-3.231398,-0.2702757,-0.1852037,0.9448019,0.0,0.0,0.0,0.0,0.0,0.0,0.0,-1.416288,0.3375617,3.204962,1.342178,-0.3043741,-3.239988,0.004472867,0.01165541,0.00157973,0.9999209,0.5104092,1.336489,0.1869912,0.3798259,-0.08680467,-0.9209757,0,0,0,0.8086263,-0.7241069,-1.315683,-0.5796,-0.4008001,1.915,0.9997233,0.003263476,-0.02329485,-0.003054944,0.9999551,0.00898185,0.02332311,-0.0089082,0.9996883,static,-17.30458728978407,-10.599694112508873,-16.839131587459715,-11.82109124669345,-0.5335517000000001,-0.4197328,1.924305,-0.2928143353594141,-0.1758836193515248,0.9398535589120376,-16.023672273529954,-10.667780984555336,1.2818754271256572,1.3070807053202809,1.4124795408882496
249,05/15/2023 12:46:10.013123,524,True,True,True,True,Eyes,1.331907,-0.305285,-3.2314,-0.2706592,-0.186167,0.9445027,0.0,0.0,0.0,0.0,0.0,0.0,0.0,-1.416165,0.3365309,3.205141,1.34214,-0.3044181,-3.240015,0.004293333,0.01164456,0.001609374,0.9999217,0.4897997,1.335225,0.1901424,0.3798023,-0.08682555,-0.9209835,0,0,0,0.8085719,-0.7234951,-1.315572,-0.5796,-0.4008001,1.915,0.9997236,0.003318483,-0.02327348,-0.003118508,0.9999579,0.008623474,0.02330112,-0.008548513,0.999692,static,-17.331319285312045,-10.679419634078403,-16.839131587459715,-11.82109124669345,-0.5335681000000001,-0.4190769999999999,1.924443,-0.2931840512424399,-0.1771702248214174,0.9394965291445884,-16.04971622986948,-10.747795386308312,1.2223313196273058,1.2432468785274366,1.3323440286649644
250,05/15/2023 12:46:10.022851,525,True,True,True,True,Eyes,1.332063,-0.3052961,-3.231403,-0.2710207,-0.1870996,0.9442147,0.0,0.0,0.0,0.0,0.0,0.0,0.0,-1.416042,0.3366883,3.205139,1.342139,-0.304453,-3.239972,0.004324068,0.011623,0.001582112,0.9999219,0.4933619,1.332747,0.1870489,0.379785,-0.08684445,-0.9209889,0,0,0,0.8084655,-0.7236176,-1.315578,-0.5796,-0.4008,1.915,0.9997248,0.003264493,-0.0232305,-0.003063458,0.9999576,0.008684238,0.02325786,-0.008610683,0.9996924,static,-17.352996018285108,-10.734858752973416,-16.839131587459715,-11.821088380307142,-0.5336735,-0.4191646,1.924394,-0.2934914815368272,-0.1780616211717295,0.9392319677139152,-16.07084474685059,-10.803459782922353,1.183747551734296,1.2016453122968815,1.2750814215839257
251,05/15/2023 12:46:10.042810,526,True,True,True,True,Eyes,1.332232,-0.3053065,-3.231404,-0.2713551,-0.1880172,0.9439365,0.0,0.0,0.0,0.0,0.0,0.0,0.0,-1.416603,0.3374154,3.204842,1.34211,-0.304505,-3.240006,0.004438561,0.01171289,0.001559412,0.9999204,0.5064946,1.34306,0.1846462,0.3797733,-0.08686162,-0.9209921,0,0,0,0.8087634,-0.7240834,-1.315611,-0.5796,-0.4008,1.915,0.9997208,0.003222553,-0.02341008,-0.003014599,0.9999557,0.008912945,0.02343776,-0.008839885,0.9996862,static,-17.385336737479772,-10.78025976158338,-16.839131587459715,-11.821088380307142,-0.5333465999999999,-0.4195784,1.924395,-0.2939828388436644,-0.1787775968975238,0.9389424024598452,-16.102406886238686,-10.849160544259975,1.1604999094001822,1.1754421633848458,1.219592966473873
252,05/15/2023 12:46:10.063059,527,True,True,True,True,Eyes,1.332391,-0.3053142,-3.231405,-0.2716638,-0.1889044,0.9436705,0.0,0.0,0.0,0.0,0.0,0.0,0.0,-1.417719,0.337857,3.204246,1.342105,-0.3044626,-3.239957,0.004517416,0.0118873,0.001551014,0.999918,0.5155093,1.363059,0.1838798,0.3797668,-0.0868772,-0.9209933,0,0,0,0.8094227,-0.7243341,-1.315442,-0.5796,-0.4008001,1.915,0.9997126,0.003209173,-0.02375863,-0.002994374,0.9999544,0.009070965,0.02378667,-0.008997216,0.9996766,static,-17.426228815521625,-10.827929832514377,-16.839131587459715,-11.82109124669345,-0.5326823,-0.4198714999999999,1.924515,-0.2946122656868187,-0.1795223164646151,0.9386029277272194,-16.14232477990126,-10.897200141808993,1.1419492131800009,1.1537125941117905,1.1572011496470402
253,05/15/2023 12:46:10.073193,528,True,True,True,True,Eyes,1.332584,-0.3053242,-3.231408,-0.2720141,-0.1897494,0.9434,0.0,0.0,0.0,0.0,0.0,0.0,0.0,-1.41857,0.3383945,3.203776,1.342027,-0.3044011,-3.23996,0.004588977,0.01203752,0.001601229,0.9999157,0.5236124,1.380315,0.1898102,0.3797648,-0.0868913,-0.9209928,0,0,0,0.8099647,-0.7246028,-1.315345,-0.5796,-0.4008001,1.915,0.999705,0.003312668,-0.02405832,-0.003091708,0.9999528,0.00921573,0.02408771,-0.009138632,0.9996681,static,-17.468005443563353,-10.871925428240823,-16.839131587459715,-11.82109124669345,-0.5320623000000001,-0.4202017,1.924615,-0.2952590666270455,-0.1802053267158368,0.938268719076222,-16.183111111353053,-10.941568672948144,1.1296717023949896,1.1385947820930435,1.097234169536649
254,05/15/2023 12:46:10.093354,529,True,True,True,True,Eyes,1.332768,-0.3053362,-3.231407,-0.272341,-0.1905597,0.9431423,0.0,0.0,0.0,0.0,0.0,0.0,0.0,-1.419297,0.3387716,3.203432,1.341963,-0.3044265,-3.240001,0.004584934,0.01217449,0.00173812,0.999914,0.5229318,1.396083,0.2055621,0.3797677,-0.08690408,-0.9209904,0,0,0,0.8105411,-0.7247643,-1.315239,-0.5796,-0.4008001,1.915,0.9996975,0.003587579,-0.02433095,-0.003364303,0.999952,0.0092114,0.02436283,-0.009126757,0.9996615,static,-17.509027581516882,-10.91945555175388,-16.839131587459715,-11.82109124669345,-0.5314219,-0.4203378,1.924762,-0.2958898103845725,-0.1809466401438505,0.9379272632382608,-16.22315627383885,-10.989469214319984,1.1169841630949398,1.123257570303001,1.0349013439547248
255,05/15/2023 12:46:10.113077,530,True,True,True,True,Eyes,1.333006,-0.3053507,-3.231409,-0.2726761,-0.1913503,0.9428854,0.0,0.0,0.0,0.0,0.0,0.0,0.0,-1.419733,0.3388845,3.203127,1.341936,-0.304484,-3.239908,0.004525124,0.0122631,0.001898112,0.9999128,0.5158355,1.406308,0.2238572,0.3797748,-0.08691575,-0.9209864,0,0,0,0.8109878,-0.7247698,-1.315004,-0.5795999,-0.4008002,1.915,0.999692,0.003906876,-0.02450689,-0.003684908,0.9999518,0.009096012,0.02454125,-0.009002904,0.9996583,static,-17.545822832794673,-10.97114209404258,-16.83912884659031,-11.8210941130797,-0.5309482,-0.4202858,1.924904,-0.29644688568101,-0.1817598016411421,0.937594095988164,-16.259065671769836,-11.041496827831573,1.1014287521538149,1.105366375824184,0.9717228071569874
256,05/15/2023 12:46:10.123136,531,True,True,True,True,Eyes,1.333233,-0.3053648,-3.231411,-0.272998,-0.1921067,0.9426384,0.0,0.0,0.0,0.0,0.0,0.0,0.0,-1.419579,0.3398124,3.203146,1.341879,-0.3045107,-3.239978,0.004574036,0.01226935,0.002110295,0.9999121,0.52114,1.407146,0.2482426,0.379787,-0.08692642,-0.9209804,0,0,0,0.8111298,-0.7252194,-1.315112,-0.5795999,-0.4008,1.915,0.99969,0.004332459,-0.02451724,-0.004107977,0.9999493,0.009199053,0.02455585,-0.009095485,0.9996571,static,-17.57271893108407,-11.005890811983782,-16.83912884659031,-11.821088380307142,-0.5307492,-0.4207086999999999,1.924866,-0.296856557559145,-0.1823041024411691,0.9373587593929572,-16.28531743766058,-11.076491903045255,1.0941589505676164,1.0966774765024945,0.927971438467553
257,05/15/2023 12:46:10.143438,532,True,True,True,True,Eyes,1.333493,-0.3053745,-3.231415,-0.2732891,-0.1928037,0.9424117,0.0,0.0,0.0,0.0,0.0,0.0,0.0,-1.419263,0.3396993,3.203297,1.341856,-0.3045151,-3.239986,0.004501598,0.01223632,0.002236767,0.9999126,0.5126706,1.403406,0.2626157,0.3798034,-0.08693622,-0.9209727,0,0,0,0.8110831,-0.7250862,-1.315096,-0.5796,-0.4008,1.915,0.9996905,0.004583309,-0.02445036,-0.004362977,0.9999495,0.009057149,0.02449063,-0.008947671,0.99966,static,-17.592081077624428,-11.053466727301451,-16.839131587459715,-11.821088380307142,-0.5307729,-0.4205711,1.92489,-0.2971305098969266,-0.1830660416526747,0.9371234154002364,-16.304191954216634,-11.124267147955798,1.0740941528574002,1.0752562191880073,0.8784760902095666
258,05/15/2023 12:46:10.162888,533,True,True,True,True,Eyes,1.333742,-0.3053864,-3.231416,-0.2735677,-0.1934704,0.9421942,0.0,0.0,0.0,0.0,0.0,0.0,0.0,-1.418626,0.3393069,3.203634,1.341831,-0.3044113,-3.240019,0.00442713,0.0121472,0.002306045,0.9999138,0.5040646,1.393207,0.2704044,0.3798245,-0.08694506,-0.9209632,0,0,0,0.8107727,-0.7247738,-1.315162,-0.5796,-0.4008,1.915,0.9996942,0.004719246,-0.02427188,-0.004504137,0.9999502,0.00890952,0.02431271,-0.008797471,0.9996657,static,-17.60301084631745,-11.100924382709447,-16.839131587459715,-11.821088380307142,-0.5310583,-0.4203625,1.9248570000000005,-0.2972659224819676,-0.183834073800839,0.9369300920099763,-16.31482474182003,-11.171857394578518,1.049674865318743,1.0498322273339364,0.8345049677592081
259,05/15/2023 12:46:10.182756,534,True,True,True,True,Eyes,1.33402,-0.3053957,-3.231419,-0.2738686,-0.1941004,0.9419772,0.0,0.0,0.0,0.0,0.0,0.0,0.0,-1.418467,0.3392344,3.203654,1.34181,-0.3044763,-3.239964,0.004367992,0.01213477,0.002394474,0.9999141,0.4971686,1.39181,0.2804485,0.3798495,-0.08695311,-0.9209521,0,0,0,0.8107765,-0.72471,-1.315072,-0.5796,-0.4008,1.915,0.999694,0.004894546,-0.02424653,-0.004682528,0.9999504,0.008793347,0.02428836,-0.008677119,0.9996673,static,-17.624281161429277,-11.144330424091804,-16.839131587459715,-11.821088380307142,-0.5310334999999999,-0.4202337,1.924892,-0.2975745158048734,-0.1845252412131705,0.9366962493597782,-16.33556870897482,-11.21547377917937,1.0372731999411269,1.0365621953386803,0.7876195894511164
260,05/15/2023 12:46:10.193319,535,True,True,True,True,Eyes,1.334288,-0.305406,-3.231419,-0.2741545,-0.1947006,0.9417701,0.0,0.0,0.0,0.0,0.0,0.0,0.0,-1.4184,0.3384394,3.203797,1.341808,-0.3044162,-3.239999,0.004290315,0.01211553,0.00230937,0.9999148,0.4883918,1.389542,0.270579,0.3798787,-0.08696035,-0.9209393,0,0,0,0.8106301,-0.7242577,-1.315061,-0.5796,-0.4008001,1.915,0.9996957,0.004722305,-0.02420919,-0.004514387,0.9999526,0.008635857,0.02424882,-0.008523941,0.9996696,static,-17.640238353472572,-11.19379115407171,-16.839131587459715,-11.82109124669345,-0.5311778999999999,-0.4198415,1.924938,-0.2977900057321891,-0.1853207248929939,0.9364706488597376,-16.351113216846016,-11.26510877294796,1.018822992014461,1.0174858508867946,0.7397826986139947
261,05/15/2023 12:46:10.213420,536,True,True,True,True,Eyes,1.334522,-0.305417,-3.231416,-0.2744179,-0.1952633,0.9415768,0.0,0.0,0.0,0.0,0.0,0.0,0.0,-1.418688,0.3380938,3.203669,1.341854,-0.30445,-3.239941,0.004232023,0.01215315,0.002308006,0.9999146,0.4817041,1.393835,0.2703596,0.3799116,-0.08696691,-0.9209251,0,0,0,0.8108206,-0.7240661,-1.314914,-0.5795999,-0.4008,1.915,0.9996939,0.004718482,-0.02428468,-0.004512752,0.9999535,0.008519421,0.02432375,-0.008407223,0.9996688,static,-17.662863710948535,-11.236229637428902,-16.83912884659031,-11.821088380307142,-0.5310334000000001,-0.4196161,1.925027,-0.298121156893059,-0.1859941561561853,0.9362316808109156,-16.373182630043402,-11.307767362882707,1.0119317232955722,1.0102469380702817,0.6932563332880792
262,05/15/2023 12:46:10.222956,537,True,True,True,True,Eyes,1.334746,-0.305425,-3.231416,-0.2746595,-0.1958184,0.9413912,0.0,0.0,0.0,0.0,0.0,0.0,0.0,-1.419781,0.3372313,3.203238,1.341873,-0.304487,-3.239892,0.004097839,0.01231924,0.002295182,0.9999131,0.466302,1.412826,0.2687804,0.3799469,-0.08697291,-0.9209101,0,0,0,0.8114685,-0.7235734,-1.314577,-0.5795999,-0.4008001,1.915,0.9996859,0.00469093,-0.02461754,-0.004489001,0.9999558,0.008251516,0.02465516,-0.008138416,0.9996629,static,-17.69911699590013,-11.288136674706868,-16.83912884659031,-11.82109124669345,-0.5304045000000001,-0.4190864,1.925315,-0.2986665337226384,-0.1868089099007776,0.9358957265486564,-16.408562074587294,-11.360011404196738,1.0134771845901864,1.0117411688543332,0.6308584360297398
263,05/15/2023 12:46:10.248985,538,True,True,True,True,Eyes,1.334944,-0.3054319,-3.231415,-0.274849,-0.1963542,0.9412242,0.0,0.0,0.0,0.0,0.0,0.0,0.0,-1.420568,0.3385208,3.202813,1.341866,-0.3044203,-3.239961,0.004276016,0.01245096,0.002370387,0.9999107,0.4865753,1.428007,0.277714,0.3799841,-0.08697832,-0.9208942,0,0,0,0.8120311,-0.7242731,-1.314655,-0.5796,-0.4008,1.915,0.9996787,0.00484683,-0.02487942,-0.004633869,0.9999522,0.008610295,0.02491996,-0.008492242,0.9996533,static,-17.72802400669845,-11.299554501062078,-16.839131587459715,-11.821088380307142,-0.5298349,-0.4198528,1.925306,-0.2991294977945538,-0.1869669833179169,0.9357162123328076,-16.436803913142512,-11.371668745248211,1.0322513014880172,1.0305956142835553,0.6031961255661308
264,05/15/2023 12:46:10.263047,539,True,True,True,True,Eyes,1.335134,-0.3054387,-3.231415,-0.2750174,-0.1968605,0.9410692,0.0,0.0,0.0,0.0,0.0,0.0,0.0,-1.421577,0.3381995,3.202363,1.341859,-0.304409,-3.239929,0.004250085,0.01260436,0.002318539,0.9999089,0.4836365,1.445556,0.2718101,0.3800225,-0.0869832,-0.9208779,0,0,0,0.8125728,-0.7241042,-1.314438,-0.5796,-0.4008001,1.915,0.9996715,0.004743794,-0.02518672,-0.004529515,0.9999532,0.008557841,0.02522614,-0.008440947,0.9996461,static,-17.756676314695092,-11.337020940941548,-16.839131587459715,-11.82109124669345,-0.5292861999999999,-0.4196952,1.925491,-0.2995633644036466,-0.1875520544126104,0.935460252252562,-16.464769343271975,-11.409398065782977,1.0386591477579896,1.0374065680282651,0.5564515837711909
265,05/15/2023 12:46:10.272823,540,True,True,True,True,Eyes,1.335287,-0.3054512,-3.231416,-0.2752128,-0.1973051,0.940919,0.0,0.0,0.0,0.0,0.0,0.0,0.0,-1.422894,0.337462,3.201884,1.341845,-0.3044147,-3.239962,0.004172903,0.01280253,0.002229135,0.9999069,0.4748701,1.468203,0.2615481,0.3800616,-0.0869876,-0.9208614,0,0,0,0.8132494,-0.7237141,-1.314195,-0.5795999,-0.4008001,1.915,0.9996622,0.004564703,-0.02558408,-0.004351007,0.9999552,0.008402105,0.02562129,-0.008287951,0.9996374,static,-17.79141467037758,-11.378298994597536,-16.83912884659031,-11.82109124669345,-0.5285955999999999,-0.4192994,1.925767,-0.300093023874708,-0.1881931143758057,0.9351617405850812,-16.498679292496245,-11.450990798728617,1.0506903155516616,1.0501967761816704,0.5028719921278357
266,05/15/2023 12:46:10.292797,541,True,True,True,True,Eyes,1.335438,-0.305459,-3.231419,-0.2754185,-0.1977452,0.9407665,0.0,0.0,0.0,0.0,0.0,0.0,0.0,-1.422566,0.3386053,3.201941,1.341794,-0.3045717,-3.24,0.004137788,0.01280366,0.002667903,0.999906,0.4702018,1.468529,0.3117734,0.3801005,-0.08699177,-0.9208449,0,0,0,0.8135634,-0.7242216,-1.31421,-0.5795999,-0.4008001,1.915,0.9996579,0.005441262,-0.02558284,-0.005229347,0.9999515,0.008343115,0.02562699,-0.008206479,0.9996379,static,-17.81528284662086,-11.395246737323337,-16.83912884659031,-11.82109124669345,-0.5282305999999999,-0.4196499,1.92579,-0.3004677311169895,-0.1884464325701818,0.9349904846556036,-16.521990316121872,-11.468143632571213,1.0650137178808043,1.0649977361179308,0.474498541433227
267,05/15/2023 12:46:10.313011,542,True,True,True,True,Eyes,1.33559,-0.3054596,-3.231418,-0.2757046,-0.198156,0.9405962,0.0,0.0,0.0,0.0,0.0,0.0,0.0,-1.420641,0.3398086,3.202734,1.341872,-0.3044646,-3.240043,0.004246717,0.01251374,0.0028887,0.9999086,0.4824568,1.435444,0.3370939,0.3801391,-0.0869956,-0.9208286,0,0,0,0.8127059,-0.7247784,-1.314655,-0.5796,-0.4008,1.915,0.9996701,0.005883155,-0.02500065,-0.005670586,0.9999472,0.008564955,0.02504971,-0.008420361,0.9996508,static,-17.804982260595942,-11.399462693856533,-16.839131587459715,-11.821088380307142,-0.5291661,-0.4203138,1.925388,-0.3002949532808416,-0.1885259766128852,0.9350299115150352,-16.511918020834607,-11.472282312936375,1.0538833837284236,1.053867042027908,0.4782618433642627
268,05/15/2023 12:46:10.322980,543,True,True,True,True,Eyes,1.335736,-0.3054633,-3.231417,-0.2759854,-0.1985287,0.9404352,0.0,0.0,0.0,0.0,0.0,0.0,0.0,-1.420081,0.3367155,3.203239,1.341932,-0.304301,-3.239965,0.004013643,0.01236389,0.002371822,0.9999128,0.4565338,1.417954,0.2774634,0.3801776,-0.08699892,-0.9208124,0,0,0,0.8117627,-0.7231489,-1.314532,-0.5796,-0.4008001,1.915,0.999683,0.004842478,-0.02470659,-0.004643981,0.9999565,0.008085235,0.02474466,-0.007967935,0.999662,static,-17.796681859953125,-11.466644551010544,-16.839131587459715,-11.82109124669345,-0.5301693,-0.4188479,1.925433,-0.3000942251120367,-0.1896347602132933,0.9348700791602768,-16.50373433930033,-11.539464042806756,1.0196380377192251,1.0210460246397988,0.4379557010040237
269,05/15/2023 12:46:10.342962,544,True,True,True,True,Eyes,1.335911,-0.305474,-3.231416,-0.2763374,-0.1989301,0.9402469,0.0,0.0,0.0,0.0,0.0,0.0,0.0,-1.420467,0.3346022,3.203279,1.34193,-0.3043817,-3.239947,0.003866276,0.01237854,0.001921046,0.9999142,0.4402838,1.419392,0.2256082,0.3802159,-0.08700188,-0.9207964,0,0,0,0.8114474,-0.7221645,-1.31437,-0.5796001,-0.4008001,1.915,0.9996861,0.00393748,-0.02474009,-0.003746044,0.9999627,0.007779448,0.0247698,-0.007684329,0.9996637,static,-17.81244122472051,-11.524925255248949,-16.839134328329035,-11.82109124669345,-0.5304826,-0.4177828,1.925577,-0.3002957552486013,-0.1905729126330774,0.9346144663092892,-16.51907619165242,-11.59792604084514,1.0141006373149888,1.0173694555329975,0.3901793433207674
270,05/15/2023 12:46:10.362819,545,True,True,True,True,Eyes,1.336082,-0.3054788,-3.231411,-0.2766752,-0.1993317,0.9400626,0.0,0.0,0.0,0.0,0.0,0.0,0.0,-1.42045,0.3377957,3.202943,1.341901,-0.3045501,-3.239935,0.004293563,0.012392,0.002019955,0.999912,0.4891004,1.421085,0.2375557,0.3802545,-0.08700468,-0.9207802,0,0,0,0.8115503,-0.7240821,-1.314702,-0.5796,-0.4008001,1.915,0.9996847,0.004145965,-0.02476447,-0.003933143,0.9999549,0.008636432,0.02479916,-0.008536307,0.999656,static,-17.83522377179104,-11.498433607912512,-16.839131587459715,-11.82109124669345,-0.5303507000000001,-0.4195319999999999,1.925233,-0.3006945445097931,-0.1901157342683104,0.9345794687047002,-16.54137190905208,-11.571588585592082,1.0443233231698008,1.0470470818208892,0.3884744573097203
271,05/15/2023 12:46:10.372664,546,True,True,True,True,Eyes,1.336257,-0.305482,-3.231407,-0.2770291,-0.1997474,0.9398701,0.0,0.0,0.0,0.0,0.0,0.0,0.0,-1.419852,0.3392812,3.202976,1.341944,-0.304408,-3.239856,0.004410456,0.01232449,0.002336976,0.9999117,0.5020623,1.413536,0.2740144,0.3802935,-0.08700719,-0.9207639,0,0,0,0.8115945,-0.7247402,-1.314797,-0.5796,-0.4008001,1.915,0.9996852,0.004782252,-0.02462618,-0.004564825,0.9999502,0.008877737,0.02466741,-0.008762528,0.9996573,static,-17.856609842141765,-11.500585500662345,-16.839131587459715,-11.82109124669345,-0.5303495,-0.4203321999999999,1.925059,-0.301042572742586,-0.1901289398266187,0.9344647165968926,-16.56227250619084,-11.573911543525838,1.063717693250796,1.06676423449129,0.371145196033943
272,05/15/2023 12:46:10.393171,547,True,True,True,True,Eyes,1.336426,-0.3054859,-3.231407,-0.2773688,-0.2001453,0.9396852,0.0,0.0,0.0,0.0,0.0,0.0,0.0,-1.419597,0.3398144,3.203064,1.341987,-0.3043687,-3.239873,0.004483846,0.01228185,0.00237306,0.9999118,0.5104325,1.408689,0.2782312,0.3803329,-0.08700939,-0.9207473,0,0,0,0.8115026,-0.7250226,-1.314922,-0.5796,-0.4008001,1.915,0.999687,0.00485584,-0.02454026,-0.00463556,0.9999486,0.009025194,0.02458282,-0.008908611,0.9996581,static,-17.874125781209706,-11.51631808570154,-16.839131587459715,-11.82109124669345,-0.5304844000000001,-0.4206538999999999,1.924951,-0.3013139787782176,-0.1903684001778729,0.9343284357393428,-16.579376098428334,-11.589797847562073,1.0751662925145435,1.0789345025334929,0.3478067718772586
273,05/15/2023 12:46:10.412947,548,True,True,True,True,Eyes,1.336554,-0.3054923,-3.231405,-0.2777015,-0.200546,0.9395016,0.0,0.0,0.0,0.0,0.0,0.0,0.0,-1.420091,0.33957,3.20296,1.341998,-0.3043908,-3.239955,0.004545574,0.0123329,0.002132187,0.9999114,0.517832,1.414433,0.250744,0.3803725,-0.08701131,-0.9207308,0,0,0,0.8115113,-0.7250143,-1.314998,-0.5796,-0.4008001,1.915,0.9996867,0.004376115,-0.02464423,-0.004151875,0.9999496,0.009142935,0.02468299,-0.009037751,0.9996545,static,-17.896002677156396,-11.54364827784729,-16.839131587459715,-11.82109124669345,-0.5304867,-0.4206235,1.9249570000000005,-0.301645401890696,-0.1907931063375341,0.9341349579761402,-16.60072988828402,-11.617327513257958,1.08767714969033,1.0926806949877088,0.3136160538515654
274,05/15/2023 12:46:10.432803,549,True,True,True,True,Eyes,1.336676,-0.3054992,-3.231407,-0.2780412,-0.2009417,0.9393166,0.0,0.0,0.0,0.0,0.0,0.0,0.0,-1.419886,0.3393901,3.20302,1.341965,-0.3044698,-3.239912,0.004495093,0.01230846,0.002156395,0.9999119,0.5120198,1.411631,0.2534339,0.3804112,-0.0870131,-0.9207147,0,0,0,0.8114043,-0.7249266,-1.314938,-0.5796001,-0.4008,1.915,0.9996877,0.004423065,-0.02459537,-0.004201754,0.9999503,0.009042478,0.02463414,-0.008936311,0.9996566,static,-17.91618923197185,-11.574052669269086,-16.839134328329035,-11.821088380307142,-0.5305607000000001,-0.4204567999999999,1.924974,-0.3019459776219154,-0.191269702000719,0.9339404041085232,-16.62042828836969,-11.647921018150694,1.0985828159092348,1.105022130090212,0.2789610496662938
275,05/15/2023 12:46:10.443685,550,True,True,True,True,Eyes,1.33681,-0.305502,-3.23141,-0.2784259,-0.2013076,0.9391242,0.0,0.0,0.0,0.0,0.0,0.0,0.0,-1.417856,0.3404559,3.203923,1.341948,-0.3044829,-3.240033,0.004602225,0.01200764,0.002287637,0.9999148,0.5241908,1.377253,0.2684663,0.3804491,-0.08701479,-0.9206989,0,0,0,0.8103365,-0.7254972,-1.315471,-0.5795999,-0.4008002,1.915,0.9997011,0.004685408,-0.02399217,-0.00446436,0.9999472,0.009258603,0.02403428,-0.009148726,0.9996693,static,-17.90863946496537,-11.579030865246922,-16.83912884659031,-11.8210941130797,-0.5316114999999999,-0.4210142999999999,1.924562,-0.3018175349411778,-0.1913589947759808,0.9339635460522894,-16.61304385553772,-11.652844414462642,1.0900339278561764,1.096561707688333,0.2818197726632764
276,05/15/2023 12:46:10.463034,551,True,True,True,True,Eyes,1.336939,-0.305506,-3.231416,-0.2788104,-0.2016478,0.9389371,0.0,0.0,0.0,0.0,0.0,0.0,0.0,-1.416385,0.3389193,3.204742,1.341973,-0.3043912,-3.240037,0.004417768,0.01176425,0.002194719,0.9999187,0.5032456,1.349262,0.2574421,0.3804863,-0.08701626,-0.9206833,0,0,0,0.8093469,-0.7245957,-1.315579,-0.5796,-0.4008001,1.915,0.9997135,0.004493024,-0.02350719,-0.004285137,0.9999513,0.008886456,0.02354598,-0.008783179,0.9996842,static,-17.904668202143874,-11.624030503380562,-16.839131587459715,-11.82109124669345,-0.5326261000000001,-0.4202045,1.924458,-0.3017083241403879,-0.1920994234472518,0.9338468026421904,-16.609114882219217,-11.69785651785936,1.075251489603445,1.0836056541877248,0.2609491963591884
277,05/15/2023 12:46:10.472632,552,True,True,True,True,Eyes,1.337115,-0.3055096,-3.231421,-0.2792838,-0.201968,0.9387276,0.0,0.0,0.0,0.0,0.0,0.0,0.0,-1.415038,0.3380042,3.205551,1.341976,-0.3044249,-3.240149,0.004262308,0.01155475,0.00221367,0.9999217,0.485461,1.32522,0.2593018,0.380523,-0.08701755,-0.920668,0,0,0,0.8085588,-0.7240548,-1.315784,-0.5796,-0.4008,1.915,0.9997231,0.004525493,-0.02308882,-0.004328493,0.9999539,0.008575104,0.02312656,-0.008472792,0.9996967,static,-17.91218381509905,-11.661226430651109,-16.839131587459715,-11.821088380307142,-0.5334172,-0.4196299,1.924365,-0.3017946047659905,-0.1927001158665656,0.9336951873322212,-16.616421472689694,-11.73514806385307,1.0747236474769262,1.0848948917704262,0.2387164284524669
278,05/15/2023 12:46:10.493096,553,True,True,True,True,Eyes,1.337285,-0.305512,-3.231424,-0.2797491,-0.2022492,0.9385284,0.0,0.0,0.0,0.0,0.0,0.0,0.0,-1.414344,0.3372167,3.205889,1.342038,-0.3044109,-3.240073,0.004141935,0.01143689,0.002214681,0.9999236,0.4716974,1.311681,0.2592023,0.3805602,-0.08701865,-0.9206525,0,0,0,0.8081676,-0.7235807,-1.315734,-0.5796,-0.4008001,1.915,0.9997286,0.004523765,-0.02285369,-0.004334281,0.9999558,0.008333894,0.02289037,-0.008232578,0.9997041,static,-17.928936361921348,-11.693237490396143,-16.839131587459715,-11.82109124669345,-0.5338704000000001,-0.4191698,1.924339,-0.3020369320622125,-0.1932061683891024,0.933512144337104,-16.632761760261843,-11.767322670727712,1.0852709314166171,1.097278920529645,0.2132593851136746
279,05/15/2023 12:46:10.512969,554,True,True,True,True,Eyes,1.337411,-0.3055167,-3.231425,-0.2801133,-0.2025488,0.9383553,0.0,0.0,0.0,0.0,0.0,0.0,0.0,-1.413886,0.334778,3.206355,1.342075,-0.3043891,-3.240069,0.003858755,0.01133713,0.001999827,0.9999263,0.4395545,1.300077,0.234167,0.3805977,-0.08701953,-0.9206369,0,0,0,0.8076444,-0.7222339,-1.315597,-0.5796,-0.4008,1.915,0.9997349,0.004086853,-0.02265715,-0.003911864,0.9999622,0.007762285,0.02268801,-0.007671596,0.9997132,static,-17.93804597864195,-11.752241047990156,-16.839131587459715,-11.821088380307142,-0.5344305999999999,-0.4178447999999999,1.924472,-0.302127301697281,-0.1941616008045558,0.9332847971538768,-16.641603349370634,-11.826455687548204,1.0857906008122191,1.101068932589865,0.197601145820556
280,05/15/2023 12:46:10.523462,555,True,True,True,True,Eyes,1.337533,-0.3055254,-3.231424,-0.2804546,-0.2028436,0.9381896,0.0,0.0,0.0,0.0,0.0,0.0,0.0,-1.413828,0.3359067,3.206233,1.342111,-0.3044581,-3.240018,0.004025612,0.01132271,0.00199427,0.9999259,0.4586843,1.298463,0.2337408,0.3806346,-0.08702033,-0.9206216,0,0,0,0.8076198,-0.7229369,-1.315701,-0.5796,-0.4008001,1.915,0.9997356,0.004079406,-0.02262769,-0.003897082,0.9999596,0.008095787,0.0226598,-0.008005464,0.9997112,static,-17.957006208841452,-11.752578053226204,-16.839131587459715,-11.82109124669345,-0.5344912,-0.4184788,1.924317,-0.3024369950947517,-0.1941470744680905,0.9331874472708144,-16.660134829932655,-11.8269428235219,1.1043538889411006,1.1199721991230156,0.1790923788344444
281,05/15/2023 12:46:10.543119,556,True,True,True,True,Eyes,1.337649,-0.30553,-3.231426,-0.2806838,-0.2031607,0.9380524,0.0,0.0,0.0,0.0,0.0,0.0,0.0,-1.41436,0.3366884,3.205867,1.342113,-0.3045597,-3.239959,0.004093724,0.01141464,0.002081953,0.9999243,0.4663526,1.309057,0.2439197,0.3806708,-0.08702119,-0.9206066,0,0,0,0.8080478,-0.723397,-1.315601,-0.5795999,-0.4008001,1.915,0.9997307,0.004257048,-0.02281051,-0.004070134,0.9999579,0.008234357,0.0228446,-0.008139297,0.9997059,static,-17.984146934707972,-11.7627977760761,-16.83912884659031,-11.82109124669345,-0.5340651999999999,-0.4188372999999999,1.924358,-0.3028705386681521,-0.194285449672005,0.9330179910405269,-16.686651554684758,-11.837386938597962,1.1298506362897005,1.146501003415716,0.153345603528427
282,05/15/2023 12:46:10.563027,557,True,True,True,True,Eyes,1.337762,-0.3055313,-3.231427,-0.2809109,-0.2034334,0.9379253,0.0,0.0,0.0,0.0,0.0,0.0,0.0,-1.414312,0.3401415,3.205617,1.342155,-0.3044586,-3.240044,0.004569337,0.01141973,0.002259333,0.9999218,0.5206171,1.309853,0.2648716,0.3807062,-0.08702198,-0.9205918,0,0,0,0.8082552,-0.7253175,-1.316082,-0.5796001,-0.4008,1.915,0.999729,0.004622674,-0.02281703,-0.004413951,0.9999481,0.009189559,0.02285832,-0.009086355,0.9996974,static,-18.0001888241402,-11.719695056296718,-16.839134328329035,-11.821088380307142,-0.5338998,-0.4208588999999999,1.923962,-0.3031758376423771,-0.1935637790892697,0.9330688212822156,-16.70237642673455,-11.794368970171698,1.15091387258333,1.1654733580812564,0.1393436418589418
283,05/15/2023 12:46:10.572967,558,True,True,True,True,Eyes,1.337898,-0.3055374,-3.231428,-0.2810998,-0.2036857,0.9378139,0.0,0.0,0.0,0.0,0.0,0.0,0.0,-1.414079,0.3372316,3.206031,1.342199,-0.3043876,-3.240035,0.00419561,0.01135944,0.002102954,0.9999245,0.4780134,1.302766,0.2464333,0.3807407,-0.08702262,-0.9205775,0,0,0,0.8079382,-0.7236392,-1.315822,-0.5795999,-0.4008,1.915,0.9997331,0.00430091,-0.02269951,-0.004110271,0.999956,0.008438363,0.02273481,-0.008342809,0.9997067,static,-18.00490125569519,-11.783858252901387,-16.83912884659031,-11.821088380307142,-0.5342607999999999,-0.4192516,1.924213,-0.3031887254561414,-0.194607717386341,0.932847418427954,-16.706914742989248,-11.858631911265409,1.1481582235578889,1.166366748590189,0.137441208914381
284,05/15/2023 12:46:10.593212,559,True,True,True,True,Eyes,1.338025,-0.30554,-3.231431,-0.2812727,-0.2039464,0.9377054,0.0,0.0,0.0,0.0,0.0,0.0,0.0,-1.414915,0.3377721,3.205617,1.342239,-0.3044993,-3.24002,0.004397171,0.01145243,0.001787213,0.9999232,0.501501,1.313316,0.2105629,0.3807751,-0.08702324,-0.9205632,0,0,0,0.8080764,-0.7241728,-1.315872,-0.5795999,-0.4008001,1.915,0.9997313,0.003674868,-0.02288738,-0.003473435,0.9999549,0.008834603,0.02291881,-0.008752731,0.999699,static,-18.018640325719645,-11.788927283950226,-16.83912884659031,-11.82109124669345,-0.5341625999999999,-0.4196735,1.924148,-0.30340821793084,-0.1946759745050037,0.9327618137927652,-16.720338043670274,-11.863814431581195,1.1612113464284883,1.179949935335063,0.1262399516212644
285,05/15/2023 12:46:10.615018,560,True,True,True,True,Eyes,1.338146,-0.3055425,-3.231431,-0.2814101,-0.2041779,0.9376138,0.0,0.0,0.0,0.0,0.0,0.0,0.0,-1.415936,0.3391508,3.205033,1.342174,-0.3044128,-3.240067,0.004701281,0.01160424,0.001608002,0.9999204,0.5365539,1.330686,0.190509,0.3808091,-0.08702374,-0.9205491,0,0,0,0.808448,-0.7250533,-1.316009,-0.5796,-0.4008001,1.915,0.9997255,0.003324858,-0.02319152,-0.003106639,0.9999506,0.009439132,0.02322176,-0.009364493,0.9996865,static,-18.039150894784168,-11.776027167137084,-16.839131587459715,-11.82109124669345,-0.5337259999999999,-0.4206405,1.924058,-0.3037563981888591,-0.1944433194752262,0.9326970265052024,-16.740398788760913,-11.851063798032772,1.1825235624216093,1.20086515030528,0.1031819721302433
286,05/15/2023 12:46:10.623287,561,True,True,True,True,Eyes,1.338261,-0.3055483,-3.231434,-0.2815445,-0.2043931,0.9375266,0.0,0.0,0.0,0.0,0.0,0.0,0.0,-1.415916,0.3367357,3.205228,1.342163,-0.3044225,-3.240004,0.004208907,0.0116292,0.001879317,0.9999218,0.4797687,1.333577,0.2209541,0.3808427,-0.08702414,-0.9205352,0,0,0,0.8087572,-0.7234757,-1.31551,-0.5796,-0.4008,1.915,0.9997224,0.003856232,-0.02324075,-0.003660447,0.9999575,0.008460865,0.02327239,-0.008373446,0.9996941,static,-18.06048330226046,-11.83727998979766,-16.839131587459715,-11.821088380307142,-0.5334058,-0.4190532,1.924494,-0.3040433774027685,-0.1954215499586291,0.9323990631616405,-16.761184631249463,-11.912544842046044,1.199096865781448,1.2214590371619582,0.1201666025825899
287,05/15/2023 12:46:10.642931,562,True,True,True,True,Eyes,1.338359,-0.3055517,-3.231435,-0.281736,-0.2046126,0.9374212,0.0,0.0,0.0,0.0,0.0,0.0,0.0,-1.415488,0.3362865,3.205546,1.342147,-0.3045072,-3.240083,0.004085892,0.01157377,0.001972964,0.9999229,0.465561,1.32724,0.2314947,0.3808757,-0.08702455,-0.9205216,0,0,0,0.808605,-0.7231928,-1.315547,-0.5795999,-0.4008,1.915,0.9997243,0.004040202,-0.02312963,-0.003851045,0.9999588,0.008216823,0.02316188,-0.008125486,0.9996987,static,-18.069594343161945,-11.862054528491123,-16.83912884659031,-11.821088380307142,-0.533542,-0.4186856,1.924536,-0.3041672048967465,-0.1958165758617815,0.9322758047205064,-16.770063696623705,-11.937415502976048,1.2070821372152014,1.231147255022853,0.1352848639291785
288,05/15/2023 12:46:10.662888,563,True,True,True,True,Eyes,1.338452,-0.3055499,-3.231437,-0.2819205,-0.2048257,0.9373192,0.0,0.0,0.0,0.0,0.0,0.0,0.0,-1.415861,0.3364672,3.205321,1.342159,-0.304454,-3.240042,0.004196567,0.01161294,0.001799205,0.9999222,0.478465,1.331673,0.2117501,0.3809077,-0.08702493,-0.9205083,0,0,0,0.808625,-0.723371,-1.315555,-0.5796,-0.4008001,1.915,0.9997238,0.0036956,-0.02320897,-0.003500662,0.9999583,0.008434268,0.02323917,-0.008350692,0.9996951,static,-18.08147411341029,-11.869449882471208,-16.839131587459715,-11.82109124669345,-0.5335340000000001,-0.418917,1.924487,-0.3043538011608184,-0.195924649961122,0.9321922085310262,-16.781667254815105,-11.944911922590704,1.218544312515053,1.2432833584664214,0.1365053453383529
289,05/15/2023 12:46:10.672895,564,True,True,True,True,Eyes,1.338513,-0.3055497,-3.231438,-0.2821764,-0.2050424,0.9371948,0.0,0.0,0.0,0.0,0.0,0.0,0.0,-1.415979,0.3364664,3.20528,1.342146,-0.3043273,-3.24007,0.004255485,0.01162395,0.001707124,0.999922,0.4853364,1.332903,0.2012827,0.3809388,-0.08702512,-0.9204954,0,0,0,0.8085792,-0.7233678,-1.315618,-0.5796,-0.4008,1.915,0.9997239,0.003512912,-0.02323155,-0.00331505,0.9999579,0.008549994,0.0232606,-0.008470619,0.9996936,static,-18.096685046602847,-11.88028744971766,-16.839131587459715,-11.821088380307142,-0.5335668,-0.4190405,1.924452,-0.3045912896844041,-0.1960853417144789,0.932080835912244,-16.79652308165409,-11.955880228211626,1.2332512596164718,1.258946080029613,0.1413659330549392
290,05/15/2023 12:46:10.693651,565,True,True,True,True,Eyes,1.338571,-0.3055515,-3.231439,-0.2824217,-0.2052441,0.9370767,0.0,0.0,0.0,0.0,0.0,0.0,0.0,-1.41568,0.3350522,3.205521,1.342121,-0.3043768,-3.240037,0.004029008,0.01158063,0.001705616,0.9999234,0.4593965,1.32789,0.2007878,0.3809682,-0.08702523,-0.9204832,0,0,0,0.8083865,-0.722547,-1.315443,-0.5795999,-0.4008002,1.915,0.9997259,0.003504289,-0.02314574,-0.003317655,0.9999617,0.008096904,0.02317322,-0.008017896,0.9996993,static,-18.10901683884581,-11.91945892378832,-16.83912884659031,-11.8210941130797,-0.5337344999999999,-0.4181702,1.924594,-0.304752873631972,-0.1967118463820077,0.9318959353944118,-16.8085349502752,-11.995187297747098,1.2452302384900336,1.2736919364039532,0.1767609216975764
291,05/15/2023 12:46:10.712814,566,True,True,True,True,Eyes,1.338645,-0.3055525,-3.231437,-0.2827169,-0.2054884,0.9369342,0.0,0.0,0.0,0.0,0.0,0.0,0.0,-1.415893,0.3344859,3.205502,1.342115,-0.3044276,-3.240051,0.003974488,0.01160508,0.00160925,0.9999235,0.4532727,1.330637,0.189684,0.3809961,-0.08702531,-0.9204717,0,0,0,0.8083952,-0.7222812,-1.315384,-0.5796,-0.4008001,1.915,0.9997255,0.003310502,-0.0231956,-0.003126005,0.9999632,0.007985721,0.02322118,-0.007911019,0.9996991,static,-18.12897515448269,-11.945464892220835,-16.839131587459715,-11.82109124669345,-0.5337198,-0.4178535999999999,1.924667,-0.3050522964665964,-0.1971149766396054,0.9317128343082074,-16.82801490492319,-12.02137629111805,1.2652809056205678,1.2958260805726671,0.2005933190581926
292,05/15/2023 12:46:10.723145,567,True,True,True,True,Eyes,1.338714,-0.3055569,-3.231435,-0.2829861,-0.2057321,0.9367994,0.0,0.0,0.0,0.0,0.0,0.0,0.0,-1.416462,0.3350841,3.205089,1.342105,-0.3043994,-3.23996,0.004089665,0.01169177,0.001567543,0.9999222,0.4665095,1.340575,0.1850988,0.381023,-0.08702536,-0.9204605,0,0,0,0.8086845,-0.7226485,-1.315296,-0.5796,-0.4008,1.915,0.9997216,0.003230472,-0.0233689,-0.00303921,0.9999616,0.008215347,0.02339455,-0.008142038,0.9996932,static,-18.15449490967577,-11.950407630362612,-16.839131587459715,-11.821088380307142,-0.5334205000000001,-0.4182491,1.924664,-0.3054639187231952,-0.1971680215723143,0.9315666971460008,-16.85295284680741,-12.0265254732017,1.2903835974907154,1.3217050116671891,0.2059014967087984
293,05/15/2023 12:46:10.742953,568,True,True,True,True,Eyes,1.338781,-0.3055591,-3.231436,-0.2832548,-0.2059653,0.936667,0.0,0.0,0.0,0.0,0.0,0.0,0.0,-1.417391,0.3360341,3.20456,1.34206,-0.3044842,-3.239952,0.004174035,0.01185567,0.001684329,0.9999196,0.4759879,1.359431,0.1986723,0.381049,-0.08702546,-0.9204497,0,0,0,0.8093671,-0.7231865,-1.315185,-0.5796,-0.4008001,1.915,0.9997132,0.00346736,-0.02369538,-0.003269416,0.9999595,0.008387337,0.02372349,-0.008307462,0.999684,static,-18.1925631327472,-11.953350089588984,-16.839131587459715,-11.82109124669345,-0.5326929,-0.4187022999999999,1.924767,-0.3060823948039928,-0.197174735802952,0.9313623068216894,-16.890157840599326,-12.02977157143506,1.3276983715883373,1.359878431810482,0.2148282021610081
294,05/15/2023 12:46:10.763160,569,True,True,True,True,Eyes,1.338844,-0.3055595,-3.231434,-0.2834991,-0.2061974,0.9365419,0.0,0.0,0.0,0.0,0.0,0.0,0.0,-1.418341,0.3368056,3.204112,1.342016,-0.3044327,-3.240027,0.004267996,0.01201854,0.001763032,0.9999172,0.4866135,1.378154,0.2078977,0.381074,-0.08702556,-0.9204393,0,0,0,0.8100148,-0.7235826,-1.315166,-0.5796,-0.4008001,1.915,0.9997049,0.003628361,-0.02402005,-0.003423181,0.9999573,0.008577663,0.02405014,-0.008492908,0.9996747,static,-18.228102124431192,-11.95633715919332,-16.839131587459715,-11.82109124669345,-0.5320012000000001,-0.4191498999999999,1.924861,-0.306659366524077,-0.1971847975279792,0.931170245696286,-16.924890702353263,-12.033042340368423,1.362541301644779,1.3955395406160147,0.228643591419796
295,05/15/2023 12:46:10.773032,570,True,True,True,True,Eyes,1.338889,-0.3055615,-3.231434,-0.2837523,-0.2064104,0.9364184,0.0,0.0,0.0,0.0,0.0,0.0,0.0,-1.419295,0.3375211,3.20353,1.341955,-0.3043844,-3.239974,0.004356399,0.01218447,0.001833774,0.9999146,0.4966098,1.397224,0.2162082,0.381098,-0.08702559,-0.9204293,0,0,0,0.8106516,-0.7239516,-1.315011,-0.5796,-0.4008001,1.915,0.9996963,0.003773395,-0.02435088,-0.003561073,0.9999554,0.008756742,0.02438283,-0.008667368,0.9996651,static,-18.264322780502447,-11.959120530195458,-16.839131587459715,-11.82109124669345,-0.5313034,-0.4195672,1.924963,-0.3072476206127356,-0.1971907409068002,0.9309751619514076,-16.960290041459576,-12.036114597987485,1.3980450884972893,1.431859636916497,0.24680845321292
296,05/15/2023 12:46:10.798428,571,True,True,True,True,Eyes,1.338928,-0.3055659,-3.231436,-0.2839932,-0.2066237,0.9362983,0.0,0.0,0.0,0.0,0.0,0.0,0.0,-1.419296,0.3368692,3.203617,1.341889,-0.3044325,-3.240016,0.00416268,0.01221427,0.002032134,0.9999148,0.4741283,1.400689,0.2386806,0.3811207,-0.08702563,-0.9204199,0,0,0,0.8108634,-0.7234764,-1.314862,-0.5796,-0.4008,1.915,0.9996933,0.004165608,-0.02440954,-0.003962232,0.9999571,0.008374292,0.02444338,-0.008275008,0.9996669,static,-18.28911240137267,-11.988854147438683,-16.839131587459715,-11.821088380307142,-0.5310256000000001,-0.4190439,1.925154,-0.3076214364560593,-0.1976487515856954,0.9307545436150966,-16.984488211375083,-12.066073043436148,1.4233714586140185,1.4596539704111071,0.2848614282146774
297,05/15/2023 12:46:10.813193,572,True,True,True,True,Eyes,1.338933,-0.3055676,-3.23144,-0.2842694,-0.2068296,0.936169,0.0,0.0,0.0,0.0,0.0,0.0,0.0,-1.419032,0.3378138,3.203647,1.341811,-0.3044909,-3.240055,0.00422342,0.01220331,0.002211493,0.9999142,0.4808399,1.399534,0.2593126,0.3811421,-0.08702576,-0.9204111,0,0,0,0.8108909,-0.7239667,-1.314966,-0.5796,-0.4008,1.915,0.9996923,0.004525685,-0.02438583,-0.004319526,0.9999546,0.00850009,0.02442319,-0.00839214,0.9996665,static,-18.30911706209955,-11.98934138338398,-16.839131587459715,-11.821088380307142,-0.5309201000000001,-0.4194757999999999,1.925089,-0.3079472695488959,-0.1976347684371057,0.9306497457452568,-17.00404036584632,-12.066718808398871,1.4429207929724115,1.479583173970451,0.2958533629916839
298,05/15/2023 12:46:10.822964,573,True,True,True,True,Eyes,1.338936,-0.305567,-3.231445,-0.2845411,-0.2070318,0.9360417,0.0,0.0,0.0,0.0,0.0,0.0,0.0,-1.418533,0.3382971,3.203836,1.34177,-0.3044332,-3.240096,0.004243003,0.01214697,0.002361846,0.9999145,0.4828889,1.393156,0.2765413,0.3811614,-0.08702591,-0.9204031,0,0,0,0.8107566,-0.7241511,-1.315086,-0.5796,-0.4008,1.915,0.9996938,0.004826366,-0.02427181,-0.004620208,0.9999529,0.008542658,0.02431189,-0.008427902,0.9996689,static,-18.323289317176144,-11.994975874715422,-16.839131587459715,-11.821088380307142,-0.5310133999999999,-0.4197179,1.92501,-0.3081726021829272,-0.1977111127293831,0.9305588810529144,-17.01788646792945,-12.07247076244804,1.4570116537182118,1.494309548717606,0.3084581160264421
299,05/15/2023 12:46:10.843609,574,True,True,True,True,Eyes,1.338932,-0.3055653,-3.231447,-0.2847628,-0.2072343,0.9359296,0.0,0.0,0.0,0.0,0.0,0.0,0.0,-1.417838,0.3386559,3.204161,1.341753,-0.3043769,-3.240162,0.004285793,0.01204611,0.002412353,0.9999154,0.4877501,1.381635,0.2823393,0.3811787,-0.08702601,-0.9203959,0,0,0,0.8103929,-0.7243155,-1.315296,-0.5795999,-0.4008,1.915,0.9996981,0.004927551,-0.02406951,-0.004721044,0.9999517,0.008628977,0.02411086,-0.00851274,0.9996731,static,-18.32689709846802,-12.000898736037724,-16.83912884659031,-11.821088380307142,-0.5313601,-0.4199386,1.924866,-0.3082253592537526,-0.1978037808483995,0.9305218512810238,-17.02140648980727,-12.0784278988535,1.4608228099802905,1.498594720170606,0.315354985726247
300,05/15/2023 12:46:10.863093,575,True,True,True,True,Eyes,1.338927,-0.3055626,-3.231452,-0.2849801,-0.20742,0.9358222,0.0,0.0,0.0,0.0,0.0,0.0,0.0,-1.417759,0.3378452,3.204198,1.341778,-0.3043519,-3.240072,0.004161648,0.01203049,0.002417708,0.9999161,0.4735221,1.379811,0.2827736,0.3811943,-0.08702605,-0.9203895,0,0,0,0.8103618,-0.7238202,-1.315119,-0.5796,-0.4008,1.915,0.9996988,0.004935143,-0.02403885,-0.004734876,0.9999536,0.00838077,0.0240791,-0.008264424,0.9996759,static,-18.34013683297131,-12.02719932179572,-16.839131587459715,-11.821088380307142,-0.5314161999999999,-0.4194683,1.924953,-0.3084139998280681,-0.1982181349197195,0.9303710439968834,-17.034319354811885,-12.104858713918118,1.4752464689210314,1.5150902505311803,0.3444181568407934
301,05/15/2023 12:46:10.872647,576,True,True,True,True,Eyes,1.338949,-0.3055631,-3.231456,-0.2851862,-0.2075583,0.9357288,0.0,0.0,0.0,0.0,0.0,0.0,0.0,-1.417557,0.3370053,3.204424,1.341755,-0.3043288,-3.240131,0.0040787,0.01199165,0.002315216,0.9999171,0.4641695,1.375287,0.2708968,0.3812081,-0.08702601,-0.9203838,0,0,0,0.8101043,-0.7233652,-1.315148,-0.5796,-0.4008,1.915,0.9997016,0.004727868,-0.02396242,-0.004532227,0.999956,0.008212252,0.02400019,-0.008101199,0.9996791,static,-18.34711486614968,-12.049382689078538,-16.839131587459715,-11.821088380307142,-0.5316507,-0.4190364,1.924983,-0.308504763459123,-0.1985722012942582,0.9302654973258726,-17.041116338033856,-12.127118826314875,1.4836286728567731,1.525166174626867,0.3666776150083223
302,05/15/2023 12:46:10.893185,577,True,True,True,True,Eyes,1.338971,-0.305563,-3.231461,-0.2853774,-0.2076937,0.9356405,0.0,0.0,0.0,0.0,0.0,0.0,0.0,-1.417843,0.3366836,3.204319,1.341765,-0.304399,-3.240109,0.004028474,0.01203216,0.002290445,0.9999169,0.4584377,1.379905,0.2680078,0.3812211,-0.08702596,-0.9203784,0,0,0,0.8102505,-0.7232151,-1.315041,-0.5796,-0.4008,1.915,0.9997,0.004677451,-0.02404387,-0.004483566,0.999957,0.008111397,0.02408078,-0.008001161,0.999678,static,-18.363773405628663,-12.065458336500312,-16.839131587459715,-11.821088380307142,-0.5315145000000001,-0.4188161,1.925068,-0.3087596669760617,-0.1988159204514786,0.9301289031712554,-17.057381541425187,-12.143341752761662,1.501126224286864,1.544101469852085,0.3892046742579572
303,05/15/2023 12:46:10.913061,578,True,True,True,True,Eyes,1.339014,-0.3055629,-3.231471,-0.2855478,-0.2078502,0.9355537,0.0,0.0,0.0,0.0,0.0,0.0,0.0,-1.418336,0.3369308,3.20412,1.341764,-0.3043852,-3.240155,0.004052499,0.01211296,0.002328692,0.9999157,0.4611157,1.389189,0.2724608,0.3812332,-0.08702587,-0.9203734,0,0,0,0.8105924,-0.7233356,-1.315021,-0.5796,-0.4008,1.915,0.9996957,0.004755166,-0.024205,-0.004558815,0.9999563,0.00816073,0.02424275,-0.0080479,0.9996737,static,-18.38474174767755,-12.07231974184927,-16.839131587459715,-11.821088380307142,-0.5311716,-0.4189503999999999,1.925134,-0.3090943534680929,-0.1989045581064203,0.9299987283470884,-17.077868883795443,-12.15037551120358,1.522064659689605,1.565895259712765,0.4067253511101834
304,05/15/2023 12:46:10.923175,579,True,True,True,True,Eyes,1.339057,-0.3055599,-3.231478,-0.2857056,-0.2079792,0.9354769,0.0,0.0,0.0,0.0,0.0,0.0,0.0,-1.418373,0.3381717,3.204089,1.34179,-0.3043754,-3.24026,0.004202352,0.01212517,0.002431767,0.9999147,0.4781397,1.390679,0.2844862,0.381245,-0.08702573,-0.9203684,0,0,0,0.8107501,-0.724015,-1.31524,-0.5796,-0.4008001,1.915,0.9996941,0.004965027,-0.02422783,-0.00476121,0.9999529,0.008462958,0.02426871,-0.008345016,0.9996706,static,-18.39752282831477,-12.060160812629624,-16.839131587459715,-11.82109124669345,-0.5310399,-0.4196395999999999,1.92502,-0.3093154129597367,-0.1986921880035995,0.9299706757040784,-17.090374001982823,-12.138305717644094,1.5334440124829962,1.5766221858551497,0.4046575977735971
305,05/15/2023 12:46:10.943091,580,True,True,True,True,Eyes,1.339112,-0.3055572,-3.231484,-0.2858236,-0.2080867,0.9354169,0.0,0.0,0.0,0.0,0.0,0.0,0.0,-1.41924,0.3361697,3.203857,1.341824,-0.3043088,-3.240193,0.003970587,0.01223821,0.002271419,0.9999146,0.4517762,1.403494,0.2658408,0.3812567,-0.08702546,-0.9203637,0,0,0,0.8110886,-0.7228808,-1.314857,-0.5796,-0.4008001,1.915,0.9996901,0.004639636,-0.0244563,-0.004445265,0.9999582,0.007996093,0.02449237,-0.0078849,0.999669,static,-18.416172361715624,-12.100422284658585,-16.839131587459715,-11.82109124669345,-0.5307353999999999,-0.418572,1.925336,-0.3095773104760696,-0.1993277497280904,0.9297474489699872,-17.108559717333733,-12.178753762769778,1.5551801128720228,1.6015877848049278,0.4477878879262597
306,05/15/2023 12:46:10.966100,581,True,True,True,True,Eyes,1.339161,-0.3055593,-3.231493,-0.2859403,-0.2081966,0.9353568,0.0,0.0,0.0,0.0,0.0,0.0,0.0,-1.420734,0.335806,3.20321,1.341797,-0.3043093,-3.240182,0.003925355,0.01247282,0.002244786,0.9999121,0.446569,1.430356,0.2628302,0.3812685,-0.08702508,-0.9203588,0,0,0,0.8119438,-0.7226772,-1.314559,-0.5795999,-0.4008,1.915,0.9996788,0.004587098,-0.02492583,-0.004391257,0.9999591,0.007906017,0.02496107,-0.007794022,0.999658,static,-18.45032808724536,-12.115627570076802,-16.83912884659031,-11.821088380307142,-0.5298531999999999,-0.4183679,1.925623,-0.3101180018678969,-0.1995375031902888,0.9295222603358878,-17.14192768649985,-12.19424372232265,1.5897924134987311,1.6378999747840464,0.4805538957549665
307,05/15/2023 12:46:10.972761,582,True,True,True,True,Eyes,1.339171,-0.3055568,-3.231502,-0.2860151,-0.2083123,0.9353082,0.0,0.0,0.0,0.0,0.0,0.0,0.0,-1.419347,0.3368404,3.203774,1.34173,-0.3044266,-3.240256,0.003854747,0.01231666,0.002741992,0.999913,0.4378173,1.412658,0.3196333,0.3812802,-0.08702473,-0.9203541,0,0,0,0.8116834,-0.7230751,-1.314747,-0.5796,-0.4008,1.915,0.9996815,0.005578462,-0.02461004,-0.00538855,0.9999552,0.007776368,0.02465231,-0.00764128,0.9996669,static,-18.44927291224557,-12.112545940413124,-16.839131587459715,-11.821088380307142,-0.5300466,-0.4186485,1.925509,-0.3101040522558272,-0.1994884701290522,0.929537469823904,-17.14089960116621,-12.191150753519883,1.5884437854319544,1.6363076101778895,0.4775040252858719
308,05/15/2023 12:46:10.993169,583,True,True,True,True,Eyes,1.339184,-0.3055494,-3.231508,-0.2861105,-0.2083928,0.9352611,0.0,0.0,0.0,0.0,0.0,0.0,0.0,-1.417629,0.3379228,3.204473,1.341819,-0.3043224,-3.24028,0.0040365,0.01203587,0.002748144,0.9999157,0.4587245,1.380542,0.3204666,0.3812908,-0.08702432,-0.9203497,0,0,0,0.8106959,-0.7236768,-1.315221,-0.5796,-0.4008001,1.915,0.9996951,0.005592989,-0.02404754,-0.005398658,0.9999523,0.008138471,0.02409191,-0.008006167,0.9996777,static,-18.42207056204849,-12.094621258301968,-16.839131587459715,-11.82109124669345,-0.5311231000000001,-0.4193544,1.925059,-0.3096795361032666,-0.1992266531634842,0.9297351386623194,-17.11433076702128,-12.172993685600192,1.5603103240620444,1.6063979782490716,0.446732486998508
309,05/15/2023 12:46:11.012942,584,True,True,True,True,Eyes,1.339193,-0.3055454,-3.231512,-0.2862041,-0.2084215,0.9352261,0.0,0.0,0.0,0.0,0.0,0.0,0.0,-1.416873,0.3347608,3.20508,1.341922,-0.3042022,-3.240191,0.003806124,0.01184452,0.002183815,0.9999202,0.433155,1.358292,0.255401,0.3813007,-0.08702371,-0.9203457,0,0,0,0.809597,-0.7220476,-1.315136,-0.5796,-0.4008,1.915,0.9997098,0.004457446,-0.02367053,-0.004277118,0.9999614,0.007663374,0.02370378,-0.007559909,0.9996904,static,-18.39489540796533,-12.141585208269534,-16.839131587459715,-11.821088380307142,-0.532325,-0.4178454,1.925055,-0.3091873874814285,-0.2000223578607315,0.929728122850176,-17.08772010885605,-12.2197886835585,1.5393725401900336,1.5884329642538175,0.4698491085260685
310,05/15/2023 12:46:11.033499,585,True,True,True,True,Eyes,1.339201,-0.3055457,-3.231512,-0.2862868,-0.2084766,0.9351884,0.0,0.0,0.0,0.0,0.0,0.0,0.0,-1.417128,0.333321,3.205101,1.341912,-0.3042877,-3.240171,0.003755818,0.01184199,0.001748319,0.9999214,0.4279827,1.357802,0.2054296,0.3813098,-0.08702302,-0.920342,0,0,0,0.8092204,-0.7214564,-1.315071,-0.5795999,-0.4008,1.915,0.9997134,0.003585317,-0.02366898,-0.003407411,0.9999656,0.007552453,0.02369525,-0.007469638,0.9996913,static,-18.39034482845254,-12.166346675584103,-16.83912884659031,-11.821088380307142,-0.5326916,-0.4171687,1.9251,-0.309087167038929,-0.2004309827186763,0.929673336411578,-17.083246243237365,-12.244538321622702,1.5383551762138952,1.5891740977131366,0.488777205018695
311,05/15/2023 12:46:11.042865,586,True,True,True,True,Eyes,1.339153,-0.3055451,-3.231509,-0.2863288,-0.2085141,0.9351672,0.0,0.0,0.0,0.0,0.0,0.0,0.0,-1.417623,0.3358282,3.204513,1.341906,-0.3043846,-3.240058,0.004110347,0.01192619,0.00179435,0.9999189,0.4685259,1.367551,0.2112255,0.3813181,-0.08702241,-0.9203386,0,0,0,0.8095754,-0.7229646,-1.315164,-0.5796,-0.4008001,1.915,0.9997091,0.00368645,-0.0238357,-0.003490366,0.9999598,0.008262828,0.0238652,-0.008177228,0.9996817,static,-18.40115163005613,-12.12709471291203,-16.839131587459715,-11.82109124669345,-0.5323306000000001,-0.4185799999999999,1.924894,-0.3093045381159957,-0.1997791956522587,0.9297413507258228,-17.093850251473345,-12.205333500200387,1.5436112069033152,1.5917112598743228,0.4610029361912775
312,05/15/2023 12:46:11.063028,587,True,True,True,True,Eyes,1.33911,-0.3055429,-3.231506,-0.2863694,-0.2085666,0.9351431,0.0,0.0,0.0,0.0,0.0,0.0,0.0,-1.416948,0.3358272,3.20476,1.341939,-0.3043818,-3.239994,0.003964254,0.0118501,0.002136462,0.9999197,0.451337,1.358953,0.2501925,0.3813245,-0.08702189,-0.920336,0,0,0,0.8095962,-0.7227813,-1.315064,-0.5796,-0.4008001,1.915,0.99971,0.004366535,-0.02368136,-0.004178628,0.9999594,0.007978505,0.02371524,-0.007877235,0.9996877,static,-18.40397329219013,-12.13472773698962,-16.839131587459715,-11.82109124669345,-0.5323428,-0.4183995,1.92493,-0.3093425281365256,-0.1999004658517683,0.9297026844146888,-17.09660011320153,-12.212996254489196,1.5472521642147885,1.595962846970099,0.4689131869366084
313,05/15/2023 12:46:11.072656,588,True,True,True,True,Eyes,1.339073,-0.3055407,-3.231503,-0.2864315,-0.2086638,0.9351023,0.0,0.0,0.0,0.0,0.0,0.0,0.0,-1.416847,0.3372558,3.204682,1.342005,-0.3043354,-3.239998,0.004164048,0.01183152,0.002204445,0.9999189,0.4741427,1.356907,0.2582457,0.3813292,-0.08702142,-0.9203341,0,0,0,0.8096461,-0.7235771,-1.315256,-0.5796,-0.4008001,1.915,0.9997103,0.004507066,-0.02364276,-0.004309998,0.9999556,0.008379585,0.02367947,-0.008275257,0.9996854,static,-18.406101589344587,-12.115472592876012,-16.839131587459715,-11.82109124669345,-0.5323588999999999,-0.4192417,1.924742,-0.3093973870333564,-0.1995842476983242,0.92975226918551,-17.09870062162326,-12.19373916611162,1.5470497301479125,1.5943824396258677,0.454139356743375
314,05/15/2023 12:46:11.092792,589,True,True,True,True,Eyes,1.339035,-0.305536,-3.231502,-0.2865005,-0.2087523,0.9350615,0.0,0.0,0.0,0.0,0.0,0.0,0.0,-1.417206,0.3386101,3.204362,1.341982,-0.3043293,-3.239989,0.004447869,0.01187477,0.002034756,0.9999176,0.5068842,1.361854,0.2392091,0.3813326,-0.08702096,-0.9203327,0,0,0,0.8096506,-0.7244713,-1.315436,-0.5796,-0.4008001,1.915,0.9997097,0.004174811,-0.02372948,-0.003963541,0.9999522,0.00894333,0.02376568,-0.008846682,0.9996784,static,-18.40968099410135,-12.094852441966172,-16.839131587459715,-11.82109124669345,-0.5323314,-0.420142,1.924553,-0.3094773523412173,-0.1992441932310051,0.9297986813764504,-17.10222088978354,-12.17312720607462,1.5483398549372849,1.5942304195879415,0.4394829890845124
315,05/15/2023 12:46:11.113494,590,True,True,True,True,Eyes,1.33895,-0.3055319,-3.231504,-0.2865497,-0.2088079,0.935034,0.0,0.0,0.0,0.0,0.0,0.0,0.0,-1.416409,0.3381097,3.204809,1.341929,-0.3042686,-3.240058,0.004391856,0.01175545,0.002006065,0.9999193,0.5005331,1.348152,0.2357854,0.3813348,-0.08702046,-0.9203319,0,0,0,0.809114,-0.7241642,-1.315585,-0.5796,-0.4008001,1.915,0.9997155,0.004115063,-0.02349139,-0.003908549,0.9999534,0.008830168,0.02352664,-0.00873584,0.999685,static,-18.399004598412223,-12.10501248809964,-16.839131587459715,-11.82109124669345,-0.5328149999999999,-0.4198956,1.924473,-0.3092926926821936,-0.1994216646437779,0.9298220694050036,-17.091775009748186,-12.183212797952022,1.539055669827743,1.5855015236888563,0.4415435615106908
316,05/15/2023 12:46:11.122851,591,True,True,True,True,Eyes,1.338869,-0.3055276,-3.231508,-0.2866212,-0.2088532,0.935002,0.0,0.0,0.0,0.0,0.0,0.0,0.0,-1.414545,0.3372172,3.205786,1.341921,-0.3042926,-3.240119,0.004219833,0.01147244,0.002075631,0.9999232,0.4807969,1.315709,0.2433884,0.3813346,-0.08701997,-0.920332,0,0,0,0.8080727,-0.7236065,-1.315805,-0.5796,-0.4008,1.915,0.9997281,0.004247767,-0.02292559,-0.004054119,0.9999558,0.008486643,0.02296063,-0.008391393,0.9997011,static,-18.373994928013136,-12.123261233599395,-16.839131587459715,-11.821088380307142,-0.5338482999999999,-0.4193139,1.924314,-0.3088659206023844,-0.1997469388307608,0.9298941418042492,-17.067311179132552,-12.20128172434936,1.5169752082977188,1.5643253841325948,0.4434105376623188
317,05/15/2023 12:46:11.142997,592,True,True,True,True,Eyes,1.338732,-0.30552,-3.23151,-0.286679,-0.2088517,0.9349845,0.0,0.0,0.0,0.0,0.0,0.0,0.0,-1.412479,0.3365013,3.206843,1.34194,-0.304287,-3.240182,0.004108924,0.01114709,0.002077257,0.9999273,0.4681656,1.278396,0.2432762,0.3813325,-0.08701947,-0.920333,0,0,0,0.8068398,-0.7231783,-1.316124,-0.5796,-0.4008001,1.915,0.9997428,0.004245817,-0.02227549,-0.004062607,0.9999576,0.00826356,0.02230963,-0.00817094,0.9997177,static,-18.34112814329408,-12.133593561674266,-16.839131587459715,-11.82109124669345,-0.5351001999999999,-0.4188913000000001,1.924058,-0.3083192632511047,-0.1999518801514303,0.9300313835599012,-17.03517610620216,-12.211364442532416,1.4866179328777804,1.5341614486769863,0.4367454873485436
318,05/15/2023 12:46:11.163086,593,True,True,True,True,Eyes,1.338603,-0.3055129,-3.231511,-0.2867465,-0.208828,0.9349691,0.0,0.0,0.0,0.0,0.0,0.0,0.0,-1.41137,0.3353647,3.207409,1.342006,-0.3042209,-3.24012,0.003936802,0.01096495,0.002091607,0.9999299,0.4484692,1.257486,0.2446185,0.3813272,-0.08701894,-0.9203352,0,0,0,0.8062169,-0.7224686,-1.316114,-0.5796,-0.4008001,1.915,0.9997508,0.004269254,-0.0219119,-0.004096587,0.9999602,0.007918919,0.02194484,-0.007827182,0.9997286,static,-18.32590163866596,-12.150293716420878,-16.839131587459715,-11.82109124669345,-0.5357891,-0.4182477,1.924006,-0.3080535257794606,-0.2002410707842755,0.9300572270710388,-17.0202760294626,-12.227960565001483,1.4742647141137806,1.522780171672343,0.445371699874365
319,05/15/2023 12:46:11.172961,594,True,True,True,True,Eyes,1.338479,-0.3055058,-3.231511,-0.2867578,-0.208814,0.9349688,0.0,0.0,0.0,0.0,0.0,0.0,0.0,-1.410492,0.33341,3.208022,1.342046,-0.3042312,-3.240125,0.003652268,0.01081619,0.002044115,0.9999328,0.4159611,1.240346,0.2387564,0.3813193,-0.08701837,-0.9203385,0,0,0,0.8056456,-0.721335,-1.31604,-0.5795999,-0.4008001,1.915,0.9997576,0.004166963,-0.021616,-0.004008948,0.999965,0.007348265,0.02164586,-0.007259827,0.9997393,static,-18.31051676413106,-12.182709506711513,-16.83912884659031,-11.82109124669345,-0.5364004000000001,-0.4171037999999999,1.924085,-0.3077687067067192,-0.2007866902303589,0.930033928213746,-17.005204593646422,-12.260286382996616,1.46450894961722,1.515173313473872,0.469546080286698
320,05/15/2023 12:46:11.193323,595,True,True,True,True,Eyes,1.33836,-0.3055033,-3.231513,-0.2867649,-0.2088096,0.9349676,0.0,0.0,0.0,0.0,0.0,0.0,0.0,-1.410856,0.3337443,3.207805,1.342099,-0.3042277,-3.240082,0.003752214,0.01085407,0.001932734,0.9999322,0.427543,1.244664,0.2261338,0.3813092,-0.08701778,-0.9203427,0,0,0,0.8057522,-0.7215906,-1.316038,-0.5796,-0.4008001,1.915,0.9997569,0.003946659,-0.02169216,-0.003783752,0.9999644,0.007545876,0.02172117,-0.007461964,0.9997362,static,-18.3119968832992,-12.175160518393154,-16.839131587459715,-11.82109124669345,-0.5363467999999999,-0.4173629,1.924044,-0.307800759969807,-0.2006619642961362,0.9300502342458472,-17.006659228611856,-12.252741734175707,1.4647001196315903,1.5148258080882722,0.4630201441553815
321,05/15/2023 12:46:11.212714,596,True,True,True,True,Eyes,1.338209,-0.3055018,-3.231512,-0.2867092,-0.2088331,0.9349794,0.0,0.0,0.0,0.0,0.0,0.0,0.0,-1.411044,0.3346709,3.207697,1.342114,-0.3043309,-3.240137,0.003848577,0.01088862,0.002006059,0.9999313,0.4384854,1.248678,0.2346712,0.3812971,-0.08701729,-0.9203478,0,0,0,0.8059602,-0.722145,-1.316138,-0.5796,-0.4008,1.915,0.9997548,0.004095653,-0.0217603,-0.00392803,0.9999623,0.007740312,0.02179118,-0.00765294,0.9997333,static,-18.313600875008376,-12.163005627425978,-16.839131587459715,-11.821088380307142,-0.5361538,-0.4178141,1.923999,-0.3078396497686365,-0.200461998389476,0.9300804506474863,-17.008239792843682,-12.240587674023256,1.4643464198736595,1.513594094796085,0.4523021584698701
322,05/15/2023 12:46:11.222627,597,True,True,True,True,Eyes,1.338065,-0.3054977,-3.231514,-0.2866566,-0.2088773,0.9349858,0.0,0.0,0.0,0.0,0.0,0.0,0.0,-1.411859,0.3347253,3.207298,1.342142,-0.3043644,-3.240087,0.003810814,0.01102081,0.002102013,0.9999298,0.434006,1.263859,0.2456765,0.3812827,-0.08701695,-0.9203538,0,0,0,0.8065768,-0.7221401,-1.315916,-0.5796,-0.4008,1.915,0.9997482,0.004287727,-0.02202404,-0.004119734,0.9999621,0.007667425,0.02205608,-0.007574762,0.9997281,static,-18.328153678114425,-12.16752383852088,-16.839131587459715,-11.821088380307142,-0.5355652,-0.4177756999999999,1.924171,-0.3080722178568117,-0.2005195051486321,0.9299911911519502,-17.022459021498747,-12.245225266941942,1.478957084053443,1.5287917821487291,0.4620617347017572
323,05/15/2023 12:46:11.242928,598,True,True,True,True,Eyes,1.337887,-0.3054946,-3.231517,-0.286637,-0.2089024,0.9349861,0.0,0.0,0.0,0.0,0.0,0.0,0.0,-1.411676,0.3365702,3.207242,1.34216,-0.3042898,-3.240143,0.004081423,0.01099658,0.002165583,0.999929,0.4649396,1.261182,0.2532921,0.3812661,-0.08701666,-0.9203606,0,0,0,0.8065531,-0.7231745,-1.316224,-0.5796,-0.4008,1.915,0.9997488,0.004420622,-0.02197393,-0.004241095,0.9999573,0.008209894,0.02200928,-0.008114639,0.9997249,static,-18.32373694321429,-12.13546386015683,-16.839131587459715,-11.821088380307142,-0.5356069,-0.4188847,1.923919,-0.3080337718929326,-0.2000016913024683,0.9301153200208752,-17.01817587757865,-12.213099157493469,1.4701440243597623,1.5175259485972188,0.4309632319054837
324,05/15/2023 12:46:11.262885,599,True,True,True,True,Eyes,1.337717,-0.3054885,-3.231519,-0.2866235,-0.2089267,0.9349848,0.0,0.0,0.0,0.0,0.0,0.0,0.0,-1.411252,0.3355365,3.207602,1.3422,-0.3043275,-3.240187,0.003908813,0.01092502,0.002180371,0.9999304,0.4451607,1.252941,0.2547368,0.3812469,-0.08701647,-0.9203686,0,0,0,0.80633,-0.7225668,-1.316201,-0.5796,-0.4008,1.915,0.9997517,0.004445846,-0.02183146,-0.00427503,0.9999599,0.007864724,0.02186555,-0.007769441,0.9997307,static,-18.31642075483382,-12.15569099056382,-16.839131587459715,-11.821088380307142,-0.5358700000000001,-0.4182393,1.923986,-0.3078933023957093,-0.2003396100499054,0.9300890967757312,-17.011003670371274,-12.233288190260858,1.4659559537584577,1.5147086158173997,0.4465967937751426
325,05/15/2023 12:46:11.273145,600,True,True,True,True,Eyes,1.337554,-0.3054809,-3.23152,-0.286604,-0.2089542,0.9349847,0.0,0.0,0.0,0.0,0.0,0.0,0.0,-1.41199,0.3350884,3.207317,1.342241,-0.3042542,-3.24017,0.004089688,0.0109781,0.001620716,0.9999301,0.4665773,1.258812,0.1908589,0.3812253,-0.08701628,-0.9203775,0,0,0,0.8061149,-0.7225636,-1.316271,-0.5796,-0.4008,1.915,0.9997537,0.003331,-0.02194141,-0.003151412,0.9999613,0.008214389,0.02196792,-0.008143218,0.9997255,static,-18.307332841458475,-12.156479734329263,-16.839131587459715,-11.821088380307142,-0.5361261,-0.4183094,1.923899,-0.3077443183293168,-0.2003625779991215,0.9301335235444966,-17.00212026113565,-12.234005900008825,1.4573673036055363,1.5060220060133,0.4439213734697064
326,05/15/2023 12:46:11.293380,601,True,True,True,True,Eyes,1.337398,-0.3054743,-3.23152,-0.2865787,-0.2089555,0.9349921,0.0,0.0,0.0,0.0,0.0,0.0,0.0,-1.413084,0.3359326,3.206727,1.342218,-0.3042101,-3.240164,0.004246623,0.01114787,0.001576133,0.9999276,0.4845844,1.278279,0.1860303,0.381202,-0.08701605,-0.9203871,0,0,0,0.8067095,-0.7230716,-1.316213,-0.5796,-0.4008001,1.915,0.9997465,0.003246719,-0.02228075,-0.003057356,0.9999589,0.008527772,0.02230752,-0.00845749,0.9997154,static,-18.323068714520733,-12.141285528721976,-16.839131587459715,-11.82109124669345,-0.5355084999999999,-0.4188615,1.923951,-0.3080167821652088,-0.2000973525459921,0.9301003659525272,-17.017516609879937,-12.218921218333536,1.4702888413706685,1.5180888561984351,0.4359930074657328
327,05/15/2023 12:46:11.313148,602,True,True,True,True,Eyes,1.33729,-0.3054695,-3.231526,-0.2865442,-0.2089428,0.9350055,0.0,0.0,0.0,0.0,0.0,0.0,0.0,-1.412909,0.3340431,3.20696,1.342216,-0.3042291,-3.240122,0.00379592,0.01115617,0.001937923,0.9999288,0.432476,1.279297,0.2269136,0.3811772,-0.0870158,-0.9203974,0,0,0,0.8070371,-0.7217646,-1.315791,-0.5796,-0.4008001,1.915,0.9997435,0.003960266,-0.02229603,-0.003790874,0.9999636,0.007634537,0.02232546,-0.007548058,0.9997222,static,-18.333404825115696,-12.17960696964602,-16.839131587459715,-11.82109124669345,-0.5351789000000001,-0.4175355,1.924331,-0.3081451042225153,-0.2007106221668549,0.9299256949610648,-17.027578784118834,-12.257361658931432,1.485853573846338,1.5366801984730245,0.4752307003161503
328,05/15/2023 12:46:11.323002,603,True,True,True,True,Eyes,1.337188,-0.305465,-3.231528,-0.2865074,-0.2089341,0.9350187,0.0,0.0,0.0,0.0,0.0,0.0,0.0,-1.412753,0.3332532,3.207254,1.342216,-0.3042608,-3.240261,0.003686344,0.01112681,0.001895676,0.9999296,0.4199808,1.275889,0.2219199,0.3811523,-0.08701552,-0.9204078,0,0,0,0.8068901,-0.721329,-1.315869,-0.5796,-0.4008001,1.915,0.9997452,0.00387312,-0.02223808,-0.003709051,0.9999656,0.007414354,0.02226603,-0.007329984,0.9997252,static,-18.327600412258008,-12.192771244257209,-16.839131587459715,-11.82109124669345,-0.5353259,-0.4170682,1.924392,-0.308036638752197,-0.200931690781397,0.9299138683626766,-17.02189164049495,-12.270492899136784,1.482460239363561,1.5341725662341266,0.4851423319029599
329,05/15/2023 12:46:11.343269,604,True,True,True,True,Eyes,1.337046,-0.3054611,-3.231529,-0.2864082,-0.2088979,0.9350573,0.0,0.0,0.0,0.0,0.0,0.0,0.0,-1.413274,0.3335018,3.206924,1.342236,-0.3042619,-3.240179,0.003762167,0.01119669,0.001808289,0.9999287,0.4287657,1.283877,0.2120333,0.3811273,-0.08701524,-0.9204181,0,0,0,0.8071072,-0.7215234,-1.315775,-0.5796,-0.4008,1.915,0.9997427,0.003700567,-0.02237817,-0.003532072,0.9999651,0.007564291,0.02240539,-0.007483304,0.999721,static,-18.32683938629407,-12.185005411126804,-16.839131587459715,-11.821088380307142,-0.5351288,-0.4172615,1.924404,-0.3080324298772908,-0.2008059617312735,0.9299425422100068,-17.02115599617799,-12.262713487231837,1.480453611186635,1.531571121441364,0.4776668508861437
330,05/15/2023 12:46:11.363205,605,True,True,True,True,Eyes,1.336909,-0.3054546,-3.231531,-0.2863154,-0.2088588,0.9350944,0.0,0.0,0.0,0.0,0.0,0.0,0.0,-1.413336,0.3333431,3.206883,1.342196,-0.3042889,-3.240163,0.003716105,0.01121658,0.001848725,0.9999285,0.4234315,1.286164,0.216616,0.3811014,-0.08701501,-0.9204289,0,0,0,0.8071771,-0.7214186,-1.3157,-0.5795999,-0.4008001,1.915,0.9997416,0.00378055,-0.02241782,-0.003613821,0.9999655,0.007473152,0.0224453,-0.007390206,0.9997208,static,-18.32454941430029,-12.186251031158148,-16.83912884659031,-11.82109124669345,-0.5350189,-0.4171297,1.924463,-0.3079937734610681,-0.2008288094785948,0.9299503579861575,-17.018916451514063,-12.263942228049158,1.478474530110929,1.5296456881141278,0.477954573753545
331,05/15/2023 12:46:11.373136,606,True,True,True,True,Eyes,1.336803,-0.3054501,-3.23153,-0.2861943,-0.2087834,0.9351484,0.0,0.0,0.0,0.0,0.0,0.0,0.0,-1.413231,0.3328501,3.206985,1.342174,-0.3042198,-3.240182,0.003677756,0.01119691,0.001784522,0.999929,0.419124,1.283874,0.2092015,0.3810747,-0.08701474,-0.92044,0,0,0,0.8070271,-0.721131,-1.315707,-0.5796,-0.4008,1.915,0.9997429,0.00365115,-0.02237909,-0.003486432,0.9999666,0.007394952,0.02240535,-0.007315028,0.9997222,static,-18.313411298460323,-12.187601488798204,-16.839131587459715,-11.821088380307142,-0.5351469,-0.4169112,1.924475,-0.3078107972357244,-0.2008632485700203,0.930003593525109,-17.008028570677844,-12.265206000538765,1.4680746446656114,1.5191552010784874,0.4751490834889439
332,05/15/2023 12:46:11.393797,607,True,True,True,True,Eyes,1.336701,-0.305446,-3.231528,-0.2860746,-0.2087186,0.9351994,0.0,0.0,0.0,0.0,0.0,0.0,0.0,-1.413402,0.3324627,3.206871,1.342203,-0.3042627,-3.240088,0.003633752,0.01121407,0.0017315,0.9999291,0.4141463,1.285809,0.2030764,0.3810481,-0.08701448,-0.920451,0,0,0,0.8070784,-0.720946,-1.315558,-0.5796,-0.4008001,1.915,0.9997425,0.003544252,-0.02241397,-0.003381256,0.9999676,0.007305821,0.02243913,-0.007228152,0.9997221,static,-18.306917221022218,-12.190158141956188,-16.839131587459715,-11.82109124669345,-0.5351246000000001,-0.4166833,1.92453,-0.3077022094770339,-0.2009121450011108,0.9300288752428518,-17.001678527571208,-12.267713835669928,1.462314447924674,1.5134744924415986,0.4752822789918232
333,05/15/2023 12:46:11.412948,608,True,True,True,True,Eyes,1.336606,-0.3054414,-3.231523,-0.2859589,-0.2086549,0.935249,0.0,0.0,0.0,0.0,0.0,0.0,0.0,-1.41372,0.3330954,3.206658,1.342172,-0.3042643,-3.240094,0.003745344,0.01126548,0.001699526,0.9999281,0.426964,1.29171,0.1995783,0.3810216,-0.08701423,-0.920462,0,0,0,0.807219,-0.7213399,-1.3156,-0.5796,-0.4008,1.915,0.9997404,0.003483193,-0.0225166,-0.003314422,0.9999661,0.007528442,0.02254207,-0.007451858,0.9997181,static,-18.3039347157676,-12.1744335284146,-16.839131587459715,-11.821088380307142,-0.5349529999999999,-0.4170756,1.924494,-0.3076700865816988,-0.2006590854831419,0.9300941355691366,-16.998779987031632,-12.251950337738045,1.4568853999725755,1.5068181703150645,0.4594884523544238
334,05/15/2023 12:46:11.423307,609,True,True,True,True,Eyes,1.336514,-0.3054379,-3.231522,-0.2858368,-0.2086043,0.9352976,0.0,0.0,0.0,0.0,0.0,0.0,0.0,-1.414597,0.3334521,3.206127,1.342109,-0.3042527,-3.240016,0.003782555,0.01141711,0.001746401,0.9999262,0.4311361,1.309116,0.205063,0.3809956,-0.08701397,-0.9204729,0,0,0,0.8077783,-0.721523,-1.315392,-0.5796,-0.4008001,1.915,0.9997332,0.003578915,-0.02281933,-0.003406172,0.9999653,0.007604428,0.02284575,-0.007524672,0.9997107,static,-18.314429798443037,-12.166069589674702,-16.839131587459715,-11.82109124669345,-0.5343307,-0.4172703,1.924624,-0.3078499714600989,-0.2005110451369901,0.9300665280659112,-17.00904675724769,-12.243661170612988,1.4656058641048366,1.515095663137041,0.4554519793846995
335,05/15/2023 12:46:11.443159,610,True,True,True,True,Eyes,1.336433,-0.3054369,-3.231519,-0.2856838,-0.2085467,0.9353572,0.0,0.0,0.0,0.0,0.0,0.0,0.0,-1.415262,0.3344624,3.205797,1.342067,-0.3042681,-3.240099,0.003885306,0.01153934,0.001866929,0.9999241,0.4427252,1.323199,0.2190628,0.38097,-0.08701374,-0.9204835,0,0,0,0.8083065,-0.7220663,-1.315431,-0.5796,-0.4008001,1.915,0.9997267,0.003823243,-0.02306241,-0.003643907,0.9999628,0.007813108,0.02309143,-0.007726936,0.9997035,static,-18.320838967075176,-12.146809221458351,-16.839131587459715,-11.82109124669345,-0.5337604999999999,-0.4177982,1.924668,-0.3079746548162623,-0.2001898970815062,0.930094440555619,-17.015331419080635,-12.224432675672391,1.4689155259566709,1.517085679153246,0.4401484851661036
336,05/15/2023 12:46:11.463122,611,True,True,True,True,Eyes,1.336354,-0.3054368,-3.231518,-0.2855258,-0.2085022,0.9354154,0.0,0.0,0.0,0.0,0.0,0.0,0.0,-1.415999,0.3339216,3.205478,1.342021,-0.3043312,-3.240063,0.003746755,0.01167185,0.001971794,0.999923,0.4266802,1.338398,0.2309518,0.380945,-0.08701357,-0.9204938,0,0,0,0.8088568,-0.7217139,-1.31514,-0.5796,-0.4008,1.915,0.9997197,0.004030746,-0.02332713,-0.00385582,0.9999642,0.007538962,0.02335668,-0.007446905,0.9996995,static,-18.329577330447798,-12.15671692911916,-16.839131587459715,-11.821088380307142,-0.5331641999999999,-0.4173827,1.924923,-0.3081067539455202,-0.2003417284959404,0.9300180323112308,-17.02386189996509,-12.234419076811603,1.4787125295355956,1.5277679914073832,0.4527334238061054
337,05/15/2023 12:46:11.473120,612,True,True,True,True,Eyes,1.336286,-0.3054339,-3.231517,-0.2853389,-0.2084423,0.9354857,0.0,0.0,0.0,0.0,0.0,0.0,0.0,-1.416672,0.3349489,3.205087,1.341968,-0.3043481,-3.240097,0.003857452,0.01179602,0.002079411,0.9999208,0.43919,1.352702,0.2434862,0.3809205,-0.0870135,-0.920504,0,0,0,0.8093701,-0.7222748,-1.315135,-0.5796,-0.4008002,1.915,0.9997131,0.004249499,-0.02357413,-0.004067488,0.9999616,0.007763352,0.02360622,-0.007665237,0.999692,static,-18.333772061780323,-12.136729082432051,-16.839131587459715,-11.8210941130797,-0.5325979000000001,-0.4179267,1.924962,-0.3081960615463792,-0.200011178027144,0.9300595096543472,-17.027982925212047,-12.214444898649395,1.479956741088676,1.5276045238723908,0.4363366455835953
338,05/15/2023 12:46:11.492792,613,True,True,True,True,Eyes,1.33622,-0.305432,-3.231516,-0.285157,-0.2083739,0.9355564,0.0,0.0,0.0,0.0,0.0,0.0,0.0,-1.416728,0.3355519,3.204948,1.341903,-0.304274,-3.24008,0.003905447,0.01182844,0.002212936,0.99992,0.4445004,1.356489,0.2588658,0.3808969,-0.08701342,-0.9205137,0,0,0,0.8095402,-0.7225329,-1.315126,-0.5796,-0.4008001,1.915,0.9997104,0.004517909,-0.0236377,-0.004333127,0.9999596,0.00786262,0.02367226,-0.007757917,0.9996897,static,-18.32877906605056,-12.121839773301964,-16.839131587459715,-11.82109124669345,-0.5323628,-0.4182589,1.924954,-0.3081302298324014,-0.1997739569853237,0.9301323034950608,-17.02311843937477,-12.19950163430603,1.473237609574536,1.5197036838572342,0.4207678494499249
339,05/15/2023 12:46:11.512823,614,True,True,True,True,Eyes,1.336174,-0.3054278,-3.231514,-0.2850139,-0.2082776,0.9356214,0.0,0.0,0.0,0.0,0.0,0.0,0.0,-1.416504,0.3347825,3.205124,1.341852,-0.3042984,-3.240096,0.003700507,0.01181995,0.002403994,0.9999204,0.4207608,1.355541,0.2804764,0.380874,-0.08701336,-0.9205232,0,0,0,0.8096138,-0.721983,-1.314982,-0.5795999,-0.4008,1.915,0.999709,0.004895086,-0.02362022,-0.004720126,0.9999611,0.007457256,0.02365581,-0.007343596,0.9996932,static,-18.324527216088494,-12.132165178538669,-16.83912884659031,-11.821088380307142,-0.5322382,-0.4176846,1.925114,-0.3080500923498254,-0.1999470195247531,0.9301216135427464,-17.018951772212073,-12.209803505921938,1.4704697621848957,1.5176221830567231,0.4282939801828846
340,05/15/2023 12:46:11.532792,615,True,True,True,True,Eyes,1.336132,-0.3054243,-3.231511,-0.2848789,-0.2081806,0.9356842,0.0,0.0,0.0,0.0,0.0,0.0,0.0,-1.415602,0.334415,3.205546,1.341872,-0.3042387,-3.240078,0.003628189,0.01168171,0.002461693,0.9999222,0.4124357,1.339701,0.2869327,0.3808523,-0.08701323,-0.9205322,0,0,0,0.8091484,-0.7217107,-1.315052,-0.5796,-0.4008001,1.915,0.999715,0.005007769,-0.02334373,-0.004838236,0.9999615,0.007313326,0.02337946,-0.007198299,0.9997007,static,-18.301905168686485,-12.130889459911408,-16.839131587459715,-11.82109124669345,-0.5327236,-0.417472,1.925026,-0.3076825833333795,-0.1999513208509667,0.9302424249702128,-16.996842200475395,-12.208347810439388,1.4485510639001913,1.495219543360783,0.4181390721065102
341,05/15/2023 12:46:11.543396,616,True,True,True,True,Eyes,1.336106,-0.3054218,-3.231511,-0.2847327,-0.208065,0.9357544,0.0,0.0,0.0,0.0,0.0,0.0,0.0,-1.41529,0.3340815,3.205673,1.341884,-0.3042518,-3.240027,0.003552224,0.01163647,0.002513773,0.9999229,0.4036748,1.334515,0.2927801,0.3808318,-0.08701307,-0.9205408,0,0,0,0.8090284,-0.7214903,-1.314987,-0.5796,-0.4008001,1.915,0.9997165,0.005109828,-0.02325329,-0.004944487,0.9999622,0.007162403,0.023289,-0.007045398,0.9997039,static,-18.28907437691369,-12.129753886111152,-16.839131587459715,-11.82109124669345,-0.5328556000000001,-0.4172385,1.92504,-0.3074745301580597,-0.1999470132484483,0.9303121287991224,-16.984302509421234,-12.207109755806933,1.4360688342798944,1.4824327025743445,0.4124134890632856
342,05/15/2023 12:46:11.562902,617,True,True,True,True,Eyes,1.336083,-0.3054199,-3.231507,-0.2845901,-0.2079522,0.9358228,0.0,0.0,0.0,0.0,0.0,0.0,0.0,-1.41522,0.3338998,3.205789,1.341906,-0.3042774,-3.240081,0.003527628,0.01161998,0.002495912,0.9999232,0.4008852,1.332611,0.290694,0.3808127,-0.08701287,-0.9205487,0,0,0,0.8089727,-0.7214017,-1.315038,-0.5795999,-0.4008001,1.915,0.9997175,0.005073422,-0.02322056,-0.004909458,0.9999627,0.00711272,0.02325578,-0.00699671,0.9997051,static,-18.27780201482618,-12.12555526552538,-16.83912884659031,-11.82109124669345,-0.5329333,-0.4171243,1.925043,-0.307295063302315,-0.1998910063468835,0.930383407609114,-16.973289265389564,-12.202817983117855,1.424676043835878,1.470536916831782,0.4046162617513267
343,05/15/2023 12:46:11.573183,618,True,True,True,True,Eyes,1.336094,-0.3054175,-3.231507,-0.2844601,-0.2078519,0.9358847,0.0,0.0,0.0,0.0,0.0,0.0,0.0,-1.415541,0.3337225,3.205611,1.341953,-0.3042907,-3.240005,0.003515203,0.01165891,0.002455782,0.9999228,0.3995039,1.337052,0.2860947,0.3807951,-0.08701268,-0.920556,0,0,0,0.8091365,-0.7213227,-1.31491,-0.5796,-0.4008001,1.915,0.999716,0.00499315,-0.02329875,-0.004829217,0.9999632,0.007087127,0.02333329,-0.0069726,0.9997034,static,-18.27309879951391,-12.121973058740872,-16.839131587459715,-11.82109124669345,-0.5328164999999999,-0.4170319999999999,1.925095,-0.3072221213687944,-0.1998378023260282,0.9304190203466772,-16.968696092607555,-12.199195126788304,1.4196768366230084,1.4651934445892876,0.3996867587711505
344,05/15/2023 12:46:11.593383,619,True,True,True,True,Eyes,1.336105,-0.3054168,-3.231508,-0.2843224,-0.207751,0.9359488,0.0,0.0,0.0,0.0,0.0,0.0,0.0,-1.416252,0.3339689,3.205365,1.341935,-0.3042712,-3.240108,0.003575373,0.01176798,0.002411154,0.9999215,0.4064273,1.349552,0.2811058,0.3807794,-0.08701242,-0.9205625,0,0,0,0.8095017,-0.7214838,-1.314945,-0.5796,-0.4008001,1.915,0.9997113,0.004906079,-0.02351688,-0.004737779,0.9999628,0.007206933,0.02355136,-0.007093435,0.9996974,static,-18.27532477588236,-12.110665769817954,-16.839131587459715,-11.82109124669345,-0.5324333000000001,-0.4172126,1.925163,-0.3072701730390461,-0.1996508960219774,0.9304431319765738,-16.970883694607235,-12.187894408694662,1.420369107018122,1.4650953139350318,0.389747581637011
345,05/15/2023 12:46:11.613145,620,True,True,True,True,Eyes,1.336097,-0.3054123,-3.231508,-0.2841805,-0.2076222,0.9360206,0.0,0.0,0.0,0.0,0.0,0.0,0.0,-1.417363,0.333622,3.204943,1.341966,-0.3043135,-3.240124,0.003507851,0.01193769,0.002427335,0.9999197,0.3986206,1.368987,0.2829363,0.3807656,-0.08701216,-0.9205682,0,0,0,0.8102004,-0.721284,-1.314724,-0.5796,-0.4008001,1.915,0.9997032,0.004938032,-0.02385643,-0.004770529,0.9999636,0.007073092,0.02389049,-0.006957185,0.9996904,static,-18.28644015682721,-12.110650964480064,-16.839131587459715,-11.82109124669345,-0.5317656,-0.4169705,1.9254,-0.3074515104069767,-0.1996383934246241,0.9303860374902206,-16.981747946182985,-12.187967410165136,1.4310735347974024,1.4759901507561846,0.3936210679056539
346,05/15/2023 12:46:11.622988,621,True,True,True,True,Eyes,1.336088,-0.3054076,-3.231507,-0.2840357,-0.2074609,0.9361003,0.0,0.0,0.0,0.0,0.0,0.0,0.0,-1.418173,0.3348114,3.204455,1.342018,-0.304225,-3.240105,0.003686912,0.0120611,0.002472018,0.9999175,0.4190412,1.383202,0.2883537,0.3807529,-0.0870118,-0.9205735,0,0,0,0.8107644,-0.7219318,-1.314724,-0.5795999,-0.4008001,1.915,0.9996968,0.005032565,-0.02410199,-0.004854692,0.9999605,0.007432847,0.02413845,-0.007313586,0.9996818,static,-18.290791107881542,-12.078911418834435,-16.83912884659031,-11.82109124669345,-0.5312535999999999,-0.4177068,1.925381,-0.3075555195686074,-0.1991159305287126,0.9304636071098956,-16.98603405011808,-12.156231318011104,1.431695122483004,1.4743793819841562,0.3659234977783445
347,05/15/2023 12:46:11.643005,622,True,True,True,True,Eyes,1.336064,-0.3054086,-3.231508,-0.2838946,-0.2072802,0.9361831,0.0,0.0,0.0,0.0,0.0,0.0,0.0,-1.419182,0.3314547,3.204313,1.341998,-0.3042229,-3.24007,0.003225584,0.01220624,0.0023333,0.9999176,0.3663332,1.399647,0.2718727,0.3807413,-0.08701135,-0.9205783,0,0,0,0.8111901,-0.7200043,-1.314149,-0.5796,-0.4008001,1.915,0.9996911,0.00474496,-0.02439542,-0.004587471,0.9999683,0.006507599,0.02442553,-0.006393675,0.9996812,static,-18.29832137218888,-12.126209430195129,-16.839131587459715,-11.82109124669345,-0.5308079,-0.4157814,1.925921,-0.3076290237792789,-0.1998789685542199,0.9302756600089672,-16.993344311276424,-12.203634905992024,1.4444864529766483,1.4907487829145798,0.4124575317005531
348,05/15/2023 12:46:11.653042,623,True,True,True,True,Eyes,1.336042,-0.3054136,-3.231511,-0.283778,-0.2071315,0.9362513,0.0,0.0,0.0,0.0,0.0,0.0,0.0,-1.419959,0.332766,3.203858,1.341903,-0.3043679,-3.240121,0.003351368,0.01235541,0.002461948,0.9999151,0.3805229,1.416827,0.286847,0.3807303,-0.087011,-0.920583,0,0,0,0.8117762,-0.7207739,-1.314147,-0.5796,-0.4008,1.915,0.9996825,0.005006293,-0.02469222,-0.004840663,0.9999654,0.006763002,0.02472522,-0.006641328,0.9996722,static,-18.309687499265006,-12.098762732043417,-16.839131587459715,-11.821088380307142,-0.5301268000000001,-0.4164059999999999,1.925974,-0.3078429995626565,-0.1994187927773274,0.9303035746655172,-17.00448256226027,-12.176251269743563,1.4520919448081582,1.4965419256932475,0.3917673070846051
349,05/15/2023 12:46:11.672634,624,True,True,True,True,Eyes,1.336062,-0.3054069,-3.231513,-0.2836775,-0.2069564,0.9363205,0.0,0.0,0.0,0.0,0.0,0.0,0.0,-1.417426,0.3353276,3.204788,1.341926,-0.3044584,-3.240176,0.003535639,0.01200421,0.002928101,0.9999174,0.4010964,1.376819,0.3403818,0.3807199,-0.08701085,-0.9205873,0,0,0,0.8108283,-0.7220904,-1.314736,-0.5796,-0.4008,1.915,0.9996946,0.005940603,-0.02398572,-0.005770832,0.9999579,0.007140994,0.02402713,-0.007000396,0.9996868,static,-18.271819025145398,-12.047494924787944,-16.839131587459715,-11.821088380307142,-0.5310977,-0.417632,1.92544,-0.3072786575755694,-0.1986243631854237,0.9306600577951116,-16.967523748845487,-12.124634319826136,1.4103641312089863,1.4504665516605662,0.3295825913239046
350,05/15/2023 12:46:11.692975,625,True,True,True,True,Eyes,1.336084,-0.3053999,-3.231509,-0.2835952,-0.2067403,0.9363931,0.0,0.0,0.0,0.0,0.0,0.0,0.0,-1.41699,0.3341524,3.205071,1.341997,-0.3041694,-3.240143,0.003562498,0.0118865,0.002544269,0.9999198,0.4047374,1.363185,0.2963895,0.3807109,-0.08701049,-0.920591,0,0,0,0.8101302,-0.7214797,-1.314845,-0.5796,-0.4008001,1.915,0.9997044,0.00517282,-0.02375298,-0.005003438,0.9999617,0.007184911,0.02378923,-0.007063941,0.999692,static,-18.243614346067,-12.043216077124198,-16.839131587459715,-11.82109124669345,-0.5318668000000001,-0.4173102999999999,1.925298,-0.3068229329092247,-0.1985855254155754,0.9308186202322885,-16.93996084735293,-12.1201284617805,1.3826287451615624,1.421939260137019,0.3155785094990345
351,05/15/2023 12:46:11.712754,626,True,True,True,True,Eyes,1.336111,-0.3053993,-3.231505,-0.2835184,-0.2065151,0.9364661,0.0,0.0,0.0,0.0,0.0,0.0,0.0,-1.41701,0.3295797,3.205441,1.342062,-0.3041696,-3.240023,0.00309963,0.01182071,0.001967901,0.9999235,0.3525009,1.3553,0.2296911,0.3807034,-0.08700996,-0.9205942,0,0,0,0.8094693,-0.719064,-1.314404,-0.5795999,-0.4008001,1.915,0.9997128,0.00400878,-0.0236274,-0.003862221,0.9999731,0.00624531,0.0236518,-0.006152262,0.9997013,static,-18.22086794946989,-12.101779198349435,-16.83912884659031,-11.82109124669345,-0.5325927000000001,-0.4148944,1.925619,-0.3063911115535099,-0.1995660020711016,0.9307512147153728,-16.91766665385258,-12.178568922757592,1.3668211390603149,1.4099605223662486,0.3660033825715067
352,05/15/2023 12:46:11.722926,627,True,True,True,True,Eyes,1.336136,-0.3054004,-3.231502,-0.2834373,-0.2063348,0.9365304,0.0,0.0,0.0,0.0,0.0,0.0,0.0,-1.417946,0.3305786,3.2049,1.342024,-0.3043246,-3.24,0.003340927,0.01194765,0.001710147,0.9999216,0.3804735,1.369808,0.200532,0.3806974,-0.08700944,-0.9205967,0,0,0,0.8097097,-0.7198585,-1.314441,-0.5795999,-0.4008002,1.915,0.9997087,0.003499859,-0.023882,-0.003340194,0.9999719,0.006722195,0.02390485,-0.006640465,0.9996922,static,-18.222190426661104,-12.072491652957384,-16.83912884659031,-11.8210941130797,-0.5323143000000001,-0.4155338999999999,1.925559,-0.3064430832010553,-0.1990867122420781,0.9308367529343484,-16.918990125468248,-12.149263292170142,1.364686195449878,1.4057240331318506,0.3377467009001199
353,05/15/2023 12:46:11.742908,628,True,True,True,True,Eyes,1.33618,-0.3054026,-3.231498,-0.2833912,-0.2061199,0.9365917,0.0,0.0,0.0,0.0,0.0,0.0,0.0,-1.417907,0.3339506,3.204562,1.342002,-0.3043568,-3.24,0.003721567,0.01197847,0.002031772,0.9999194,0.4236408,1.373556,0.2379206,0.3806926,-0.087009,-0.9205987,0,0,0,0.8100683,-0.7217084,-1.31473,-0.5796,-0.4008,1.915,0.9997047,0.004152372,-0.02393988,-0.003974058,0.999964,0.007491208,0.02397013,-0.007393858,0.9996853,static,-18.226590163186398,-12.004353817284752,-16.839131587459715,-11.821088380307142,-0.5319337,-0.4173516,1.9252700000000005,-0.3065853156866779,-0.1979700732039545,0.9310280834879586,-16.92336228370819,-12.081093833743072,1.3632322512380888,1.399509742641365,0.2733087009352732
354,05/15/2023 12:46:11.762978,629,True,True,True,True,Eyes,1.336223,-0.3054036,-3.231493,-0.2833446,-0.2059292,0.9366478,0.0,0.0,0.0,0.0,0.0,0.0,0.0,-1.417496,0.3340154,3.204759,1.342063,-0.3043853,-3.239993,0.003552338,0.01194533,0.002440165,0.9999195,0.4036982,1.369881,0.2844705,0.3806894,-0.08700863,-0.9206001,0,0,0,0.8103374,-0.7215408,-1.314623,-0.5796,-0.4008,1.915,0.9997027,0.004964804,-0.0238714,-0.004795068,0.9999629,0.0071624,0.02390607,-0.007045806,0.9996894,static,-18.22961817652963,-11.997458281704391,-16.839131587459715,-11.821088380307142,-0.5317256,-0.4171554999999999,1.92537,-0.3066418507811955,-0.1978542481494224,0.9310341405369352,-16.9263291502919,-12.074215504016353,1.365777778840894,1.401627374341042,0.267725149586605
355,05/15/2023 12:46:11.772831,630,True,True,True,True,Eyes,1.336283,-0.3054024,-3.23149,-0.2832639,-0.205732,0.9367155,0.0,0.0,0.0,0.0,0.0,0.0,0.0,-1.417785,0.335297,3.204497,1.342099,-0.3043529,-3.239981,0.003768099,0.01198288,0.002412439,0.9999182,0.4284484,1.374237,0.2816057,0.3806876,-0.08700829,-0.9206009,0,0,0,0.8104951,-0.7223055,-1.31475,-0.5796,-0.4008001,1.915,0.9997011,0.004914789,-0.02394562,-0.004734179,0.9999599,0.007593397,0.02398198,-0.007477765,0.9996845,static,-18.226045484376623,-11.961412508711728,-16.839131587459715,-11.82109124669345,-0.5316038999999999,-0.4179526,1.925231,-0.3066206169159196,-0.1972698884334913,0.9311650816085189,-16.92287518033716,-12.03810638538262,1.360686823088169,1.393994337877901,0.2326124669236423
356,05/15/2023 12:46:11.793756,631,True,True,True,True,Eyes,1.336337,-0.3054059,-3.231491,-0.2832028,-0.2055468,0.9367746,0.0,0.0,0.0,0.0,0.0,0.0,0.0,-1.417938,0.3360917,3.204345,1.342076,-0.3042997,-3.239995,0.003998125,0.01198789,0.002182649,0.9999177,0.4551202,1.374773,0.2555937,0.3806875,-0.0870079,-0.920601,0,0,0,0.8103022,-0.7228799,-1.314947,-0.5796,-0.4008,1.915,0.999703,0.004460797,-0.02395635,-0.004269081,0.9999585,0.008047923,0.02399126,-0.00794326,0.9996806,static,-18.215374351451302,-11.93130941238277,-16.839131587459715,-11.821088380307142,-0.5317738000000001,-0.4185802,1.925048,-0.3064773131994942,-0.1967901639902213,0.9313137237118118,-16.912476889598416,-12.007889649281552,1.3495558759463535,1.3806494201465562,0.2006844474199912
357,05/15/2023 12:46:11.812803,632,True,True,True,True,Eyes,1.336419,-0.3054076,-3.231491,-0.2831722,-0.2053473,0.9368275,0.0,0.0,0.0,0.0,0.0,0.0,0.0,-1.416242,0.3362609,3.204847,1.341894,-0.3038059,-3.239889,0.004040729,0.01176617,0.002324415,0.99992,0.4598673,1.34944,0.2717949,0.3806887,-0.0870076,-0.9206005,0,0,0,0.8093825,-0.7227079,-1.315115,-0.5796,-0.4008,1.915,0.9997123,0.004743546,-0.02351166,-0.00455337,0.9999565,0.008135512,0.02354923,-0.008026113,0.9996905,static,-18.19022593878702,-11.907418135250412,-16.839131587459715,-11.821088380307142,-0.5325114999999999,-0.4189019999999999,1.924774,-0.3060911856471753,-0.1964274192880925,0.931517164762575,-16.887921875561407,-11.9837764011805,1.32477292907578,1.353849612319299,0.1698466495069482
358,05/15/2023 12:46:11.823350,633,True,True,True,True,Eyes,1.336499,-0.3054074,-3.231496,-0.2831698,-0.2051363,0.9368746,0.0,0.0,0.0,0.0,0.0,0.0,0.0,-1.414328,0.3352013,3.205761,1.341843,-0.3037667,-3.239872,0.003880772,0.01147557,0.002328654,0.999924,0.441612,1.316094,0.2719361,0.3806918,-0.0870073,-0.9205993,0,0,0,0.8082152,-0.722061,-1.315275,-0.5796,-0.4008,1.915,0.9997258,0.004746021,-0.02293133,-0.004567885,0.9999591,0.0078144,0.02296748,-0.007707509,0.9997065,static,-18.15723806667292,-11.910489797640905,-16.839131587459715,-11.821088380307142,-0.5336277999999999,-0.4182942999999999,1.924597,-0.3055494987832173,-0.1965132982712392,0.9316770259756189,-16.855676105329206,-11.986590423147655,1.2924281698267055,1.3211348545720532,0.1663269288357048
359,05/15/2023 12:46:11.843162,634,True,True,True,True,Eyes,1.336612,-0.3054069,-3.231498,-0.2832018,-0.2049177,0.9369127,0.0,0.0,0.0,0.0,0.0,0.0,0.0,-1.412138,0.3334353,3.207036,1.341876,-0.3037211,-3.239987,0.003630136,0.01112397,0.002290646,0.999929,0.4130371,1.275714,0.2671053,0.3806964,-0.08700694,-0.9205974,0,0,0,0.8068631,-0.7210132,-1.315557,-0.5796,-0.4008002,1.915,0.999742,0.00466173,-0.02222973,-0.004500203,0.9999631,0.007310719,0.02226299,-0.007208795,0.9997262,static,-18.119043975000626,-11.92467324179249,-16.839131587459715,-11.8210941130797,-0.5350129,-0.4172921,1.92443,-0.3049113229836432,-0.1967861792531682,0.931828425993286,-16.818330032714556,-12.000485919042053,1.2551153798171413,1.2840967080736465,0.1805938114284389
360,05/15/2023 12:46:11.862911,635,True,True,True,True,Eyes,1.336723,-0.3054049,-3.231499,-0.2832335,-0.2046897,0.9369529,0.0,0.0,0.0,0.0,0.0,0.0,0.0,-1.411019,0.3322,3.207636,1.341934,-0.3037151,-3.239943,0.003444549,0.01093888,0.002278978,0.9999318,0.3918355,1.254446,0.2654587,0.3807034,-0.08700649,-0.9205946,0,0,0,0.8061984,-0.7202831,-1.315557,-0.5796,-0.4008001,1.915,0.9997503,0.004633003,-0.02186055,-0.004482286,0.9999659,0.006938485,0.02189196,-0.006838767,0.9997369,static,-18.09998205405579,-11.931126594272834,-16.839131587459715,-11.82109124669345,-0.5357356,-0.4165679999999999,1.924386,-0.3045934187618541,-0.1969121498478458,0.9319057249078444,-16.799692000643734,-12.006794952968018,1.2365622131452811,1.2656427919568998,0.1898455886564822
361,05/15/2023 12:46:12.372663,666,True,True,True,True,Eyes,1.337944,-0.3035489,-3.23122,-0.149914,0.04922883,0.9874727,0.0,0.0,0.0,0.0,0.0,0.0,0.0,-1.41797,0.3339702,3.204404,1.341749,-0.3040444,-3.240007,0.003337701,0.01212834,0.003048801,0.9999162,0.3782058,1.391022,0.3539864,0.3811106,-0.08670638,-0.9204542,0,0,0,1.046788,-0.1121627,-1.077896,-0.34608,0.20824,2.153,0.9996872,0.006178053,-0.02423429,-0.00601613,0.9999592,0.006748795,0.02427499,-0.006600888,0.9996835,static,-10.007329195755602,3.305938476463783,-9.131788585510678,5.524512396302768,-0.294961,0.1918817,2.162111,-0.1734936775207261,0.0567929726643392,0.9831960742704074,-8.905950424758608,3.3090541413417007,2.366094467284316,2.385087335503204,2.226939189633838
362,05/15/2023 12:46:12.393835,667,True,True,True,True,Eyes,1.338049,-0.303542,-3.231221,-0.1501524,0.05028922,0.9873831,0.0,0.0,0.0,0.0,0.0,0.0,0.0,-1.417218,0.3333055,3.204824,1.341831,-0.303757,-3.240018,0.003440052,0.01196058,0.002673179,0.9999191,0.3905082,1.371687,0.3110225,0.3811131,-0.08668283,-0.9204554,0,0,0,1.046296,-0.1120776,-1.077968,-0.3460798,0.20824,2.153,0.9996995,0.005428214,-0.02390082,-0.005263634,0.9999621,0.006943491,0.02393761,-0.0068156,0.9996902,static,-10.004490249850248,3.372371073271505,-9.131783397155848,5.524512396302768,-0.2955350000000001,0.1916794,2.16205,-0.1734335860640081,0.0579335442689457,0.9831401887386122,-8.903245656338267,3.375573891467276,2.304299908678121,2.322354306525712,2.1610567314493627
363,05/15/2023 12:46:12.413394,668,True,True,True,True,Eyes,1.338151,-0.3035382,-3.23122,-0.1504068,0.05147894,0.9872829,0.0,0.0,0.0,0.0,0.0,0.0,0.0,-1.417127,0.3288794,3.205272,1.341882,-0.3037803,-3.239947,0.002958094,0.01188831,0.002186135,0.9999226,0.3359701,1.363087,0.2545282,0.3811179,-0.08666134,-0.9204555,0,0,0,1.046222,-0.109708,-1.078127,-0.3460799,0.20824,2.153,0.9997078,0.004442265,-0.02376184,-0.004301597,0.9999729,0.005967708,0.02378771,-0.00586375,0.9996998,static,-10.013879364289568,3.37729454680528,-9.131785991333285,5.524512396302768,-0.29566,0.1940723,2.16182,-0.1735938274648756,0.0580163532327604,0.9831068595050289,-8.91242782002692,3.380427979567128,2.303455107998881,2.3213429759115765,2.155276314862547
364,05/15/2023 12:46:12.423287,669,True,True,True,True,Eyes,1.338249,-0.3035381,-3.231219,-0.150649,0.05258327,0.9871879,0.0,0.0,0.0,0.0,0.0,0.0,0.0,-1.418022,0.3285497,3.204871,1.341869,-0.3038652,-3.239904,0.003051343,0.01199368,0.001817956,0.9999219,0.3471344,1.375059,0.2125042,0.3811247,-0.0866418,-0.9204545,0,0,0,1.046813,-0.1099582,-1.077987,-0.3460801,0.20824,2.153,0.9997057,0.003708821,-0.02397438,-0.003562434,0.9999748,0.006145817,0.02399657,-0.006058601,0.9996936,static,-10.042728499198336,3.4457448096051246,-9.131791179688037,5.524512396302768,-0.295056,0.193907,2.161917,-0.1740768645593739,0.059185695166049,0.9829518656089888,-8.940697287374206,3.448716997874669,2.252995112486873,2.269599409495286,2.08457271684509
365,05/15/2023 12:46:12.443136,670,True,True,True,True,Eyes,1.338328,-0.3035362,-3.231215,-0.150887,0.05374876,0.9870888,0.0,0.0,0.0,0.0,0.0,0.0,0.0,-1.418098,0.3321052,3.204435,1.341853,-0.3039435,-3.239869,0.003490787,0.01203287,0.002052153,0.9999195,0.397156,1.379741,0.2399603,0.3811332,-0.08662412,-0.9204527,0,0,0,1.046879,-0.1120834,-1.077758,-0.34608,0.20824,2.153,0.999702,0.004187984,-0.02404948,-0.004019967,0.9999672,0.007030398,0.02407813,-0.006931624,0.999686,static,-10.060288603159956,3.568776406037266,-9.131788585510678,5.524512396302768,-0.294974,0.1918600999999999,2.1621110000000003,-0.174355899662775,0.0612931843897825,0.982773260145046,-8.957990331954669,3.571729719887966,2.150292513163344,2.164951626802431,1.9605014700950565
366,05/15/2023 12:46:12.462963,671,True,True,True,True,Eyes,1.338405,-0.303532,-3.231213,-0.1511125,0.05484787,0.9869938,0.0,0.0,0.0,0.0,0.0,0.0,0.0,-1.417886,0.3329171,3.204426,1.341872,-0.3039132,-3.239845,0.00344822,0.01203742,0.002456839,0.9999186,0.3917189,1.380411,0.2862744,0.3811428,-0.08660809,-0.9204502,0,0,0,1.046756,-0.1121293,-1.077747,-0.34608,0.20824,2.153,0.9996981,0.004996294,-0.02405595,-0.004830263,0.9999642,0.006955028,0.02408983,-0.006836731,0.9996864,static,-10.071508642482822,3.635778794677127,-9.131788585510678,5.524512396302768,-0.2951159999999999,0.1917839,2.162098,-0.1745359072383137,0.0624403845553637,0.9826690456096114,-8.969027495590396,3.638708738694192,2.0959999452813727,2.1095943693955705,1.892814467252912
367,05/15/2023 12:46:12.472731,672,True,True,True,True,Eyes,1.338431,-0.3035292,-3.231208,-0.1513472,0.05598131,0.9868942,0.0,0.0,0.0,0.0,0.0,0.0,0.0,-1.418122,0.3343583,3.204182,1.341897,-0.303847,-3.239851,0.003709906,0.0120647,0.002391998,0.9999174,0.4217858,1.383588,0.2792178,0.3811534,-0.08659348,-0.9204472,0,0,0,1.046928,-0.1131509,-1.077637,-0.34608,0.20824,2.153,0.9996974,0.004873118,-0.02410967,-0.004694083,0.999961,0.007476918,0.02414516,-0.007361483,0.9996814,static,-10.089261103644237,3.730905473479716,-9.131788585510678,5.524512396302768,-0.2949689999999998,0.1906960999999999,2.162214,-0.1748222911555079,0.0640684915747945,0.9825133276008348,-8.98647913379213,3.733787836415897,2.021086597653785,2.033169795314645,1.7966104992849103
368,05/15/2023 12:46:12.493422,673,True,True,True,True,Eyes,1.338453,-0.3035251,-3.231208,-0.1515913,0.0570722,0.9867942,0.0,0.0,0.0,0.0,0.0,0.0,0.0,-1.41839,0.3353277,3.203946,1.341854,-0.3039072,-3.239847,0.003848033,0.0121144,0.002399042,0.9999164,0.4375891,1.389326,0.2802382,0.3811636,-0.08658024,-0.9204443,0,0,0,1.0471,-0.1138115,-1.077551,-0.3460801,0.20824,2.153,0.9996949,0.004890916,-0.02420832,-0.00470445,0.9999589,0.007753547,0.02424524,-0.007637295,0.9996769,static,-10.109544746516296,3.810777975045926,-9.131791179688037,5.524512396302768,-0.2947540000000002,0.1900956999999999,2.1622960000000004,-0.1751545431829032,0.0654341621482104,0.9823640912759992,-9.006388682292844,3.813577896692818,1.9622561491626287,1.9730402185576208,1.715524015660667
369,05/15/2023 12:46:12.513171,674,True,True,True,True,Eyes,1.338474,-0.3035181,-3.231208,-0.1518423,0.0582015,0.9866897,0.0,0.0,0.0,0.0,0.0,0.0,0.0,-1.416782,0.3350643,3.204753,1.341792,-0.3038719,-3.239944,0.003810549,0.01187339,0.00240417,0.9999194,0.4333546,1.361697,0.2806691,0.3811733,-0.08656818,-0.9204413,0,0,0,1.045993,-0.1136196,-1.077804,-0.34608,0.20824,2.153,0.9997064,0.00489844,-0.02372653,-0.004717464,0.9999594,0.007677575,0.02376318,-0.007563392,0.999689,static,-10.096775615333856,3.872247646550073,-9.131788585510678,5.524512396302768,-0.2957990000000001,0.1902522999999999,2.16214,-0.1749233696708293,0.066490831103888,0.9823343864895226,-8.993972862908127,3.875208343445064,1.9033501030278064,1.913420698906096,1.6550519726489898
370,05/15/2023 12:46:12.532840,675,True,True,True,True,Eyes,1.338494,-0.3035113,-3.23121,-0.1521089,0.05929875,0.9865832,0.0,0.0,0.0,0.0,0.0,0.0,0.0,-1.414739,0.3340272,3.205794,1.341783,-0.3038146,-3.239983,0.003689723,0.01154826,0.002331626,0.9999239,0.4196971,1.324372,0.2720553,0.3811825,-0.08655711,-0.9204385,0,0,0,1.044606,-0.1129966,-1.078081,-0.34608,0.20824,2.153,0.9997224,0.004748116,-0.02307756,-0.004577676,0.9999619,0.007432736,0.02311197,-0.007325032,0.999706,static,-10.075748853452478,3.9206882935148464,-9.131788585510678,5.524512396302768,-0.297177,0.190818,2.161902,-0.1745530419244554,0.067325807694368,0.9823432907625684,-8.973472253538947,3.92386231440052,1.8513785950656945,1.86099778079831,1.6084603649647873
371,05/15/2023 12:46:12.542861,676,True,True,True,True,Eyes,1.338523,-0.3035014,-3.231212,-0.1523699,0.06042649,0.9864746,0.0,0.0,0.0,0.0,0.0,0.0,0.0,-1.412667,0.3329204,3.206852,1.341803,-0.3038122,-3.240004,0.003523505,0.01122036,0.002320059,0.9999282,0.4007552,1.286742,0.270378,0.3811913,-0.08654693,-0.9204358,0,0,0,1.043211,-0.1122718,-1.078361,-0.3460799,0.20824,2.153,0.9997374,0.004718855,-0.02242275,-0.004560715,0.9999645,0.007098568,0.02245545,-0.006994441,0.9997234,static,-10.05362100688344,3.966838716953083,-9.131785991333285,5.524512396302768,-0.2985919999999999,0.1915403999999999,2.161643,-0.174164230506024,0.068121810838228,0.9823575333173024,-8.951893023435979,3.9702325300698647,1.800793409050323,1.810007482645623,1.5646556753726593
372,05/15/2023 12:46:12.562890,677,True,True,True,True,Eyes,1.338553,-0.3034922,-3.231212,-0.1526321,0.0615308,0.9863657,0.0,0.0,0.0,0.0,0.0,0.0,0.0,-1.411342,0.3314574,3.20761,1.341822,-0.3037549,-3.240024,0.003307151,0.01100962,0.002316387,0.9999313,0.3760258,1.26253,0.2695993,0.3811999,-0.08653746,-0.9204332,0,0,0,1.042318,-0.1112798,-1.078591,-0.34608,0.20824,2.153,0.9997469,0.004705277,-0.02200241,-0.004559636,0.9999675,0.006664854,0.02203305,-0.006562843,0.9997357,static,-10.044886711568015,4.006206993450213,-9.131788585510678,5.524512396302768,-0.299504,0.1924751,2.161433,-0.1740063570586205,0.0687987215811417,0.9823382386161748,-8.94339757605216,4.009708170397473,1.7629461423224215,1.7717221802925769,1.5264740467054592
373,05/15/2023 12:46:12.573066,678,True,True,True,True,Eyes,1.338579,-0.3034836,-3.23121,-0.1528799,0.06261753,0.986259,0.0,0.0,0.0,0.0,0.0,0.0,0.0,-1.410441,0.3296963,3.208149,1.341881,-0.3037663,-3.239961,0.003029343,0.01086015,0.002323396,0.9999339,0.3442248,1.245326,0.2699997,0.3812084,-0.08652864,-0.9204305,0,0,0,1.041723,-0.110098,-1.078725,-0.3460801,0.20824,2.153,0.9997533,0.004712283,-0.02170479,-0.004580686,0.9999709,0.00610875,0.02173295,-0.00600782,0.9997457,static,-10.042193580968274,4.037786721086201,-9.131791179688037,5.524512396302768,-0.3001580000000001,0.1936683,2.161236,-0.173953651027841,0.0693408074716096,0.9823095304849588,-8.940798586406597,4.041339943243201,1.734938918907834,1.7433260640525563,1.4954192376063322
374,05/15/2023 12:46:12.598591,679,True,True,True,True,Eyes,1.338605,-0.30348,-3.231206,-0.153106,0.06365836,0.9861573,0.0,0.0,0.0,0.0,0.0,0.0,0.0,-1.410999,0.3291619,3.207912,1.341878,-0.3037993,-3.239913,0.002999879,0.01093391,0.002186156,0.9999334,0.3410008,1.253724,0.2542623,0.3812167,-0.08652045,-0.9204279,0,0,0,1.042094,-0.1099146,-1.078644,-0.34608,0.2082399,2.153,0.9997513,0.004437621,-0.02185325,-0.004306419,0.9999724,0.006047165,0.02187949,-0.005951552,0.9997429,static,-10.065175483424362,4.092816005379288,-9.131788585510678,5.52450975976074,-0.2997839999999998,0.1938847,2.161269,-0.1743361734695174,0.0702793994085572,0.9821750144531056,-8.963319239286399,4.096241263681145,1.7016162332805551,1.7090810710822892,1.4381699543206643
375,05/15/2023 12:46:12.614596,680,True,True,True,True,Eyes,1.338612,-0.3034745,-3.231204,-0.1532993,0.06464481,0.9860631,0.0,0.0,0.0,0.0,0.0,0.0,0.0,-1.41196,0.3294754,3.207425,1.341901,-0.3039147,-3.239861,0.003030187,0.0110806,0.002186931,0.9999317,0.3444354,1.270542,0.2544396,0.3812249,-0.08651296,-0.9204252,0,0,0,1.04275,-0.1101601,-1.078492,-0.34608,0.2082399,2.153,0.9997448,0.004440715,-0.02214643,-0.00430641,0.999972,0.006108426,0.02217293,-0.006011496,0.999736,static,-10.09362984009136,4.154255297050502,-9.131788585510678,5.52450975976074,-0.2991509999999999,0.1937546,2.161369,-0.1748108972706687,0.0713264658388133,0.9820151472805316,-8.991195457183526,4.157515599387775,1.667693113342311,1.6741373574443237,1.3742050291810906
376,05/15/2023 12:46:12.622759,681,True,True,True,True,Eyes,1.338622,-0.3034671,-3.231199,-0.1534822,0.06557107,0.9859735,0.0,0.0,0.0,0.0,0.0,0.0,0.0,-1.413018,0.33232,3.206722,1.341895,-0.3038782,-3.239922,0.003407398,0.01126366,0.002349819,0.9999281,0.3874009,1.291684,0.2736553,0.3812324,-0.08650605,-0.9204227,0,0,0,1.043476,-0.1118554,-1.078298,-0.34608,0.20824,2.153,0.9997352,0.004776059,-0.0225097,-0.00462254,0.9999657,0.006867242,0.02254172,-0.006761371,0.999723,static,-10.124750195245472,4.255169546136157,-9.131788585510678,5.524512396302768,-0.298419,0.1920228,2.161624,-0.1753223392262609,0.0730492171980944,0.9817973227071932,-9.02171905156042,4.258282287981607,1.606597128963943,1.6115843228563025,1.271005109951587
377,05/15/2023 12:46:12.642611,682,True,True,True,True,Eyes,1.338574,-0.3034579,-3.231195,-0.1536512,0.0665113,0.9858841,0.0,0.0,0.0,0.0,0.0,0.0,0.0,-1.413262,0.33433,3.206327,1.34197,-0.303821,-3.239819,0.003631671,0.01131381,0.002575635,0.9999261,0.4127925,1.297588,0.2998418,0.3812395,-0.08649964,-0.9204203,0,0,0,1.043682,-0.1129117,-1.078079,-0.3460802,0.20824,2.153,0.9997307,0.005233066,-0.02260725,-0.005068714,0.9999604,0.007321086,0.02264467,-0.007204525,0.9997177,static,-10.139137251461433,4.340323214235808,-9.131793773865358,5.524512396302768,-0.2982880000000001,0.1909093,2.16174,-0.1755498858811627,0.074505218745317,0.981647142749758,-9.03587081044823,4.343405248256877,1.5507510420405006,1.5546848236153097,1.184995911417344
378,05/15/2023 12:46:12.662828,683,True,True,True,True,Eyes,1.338529,-0.3034482,-3.231192,-0.1537959,0.06739968,0.9858012,0.0,0.0,0.0,0.0,0.0,0.0,0.0,-1.413421,0.3319011,3.206571,1.341974,-0.3037869,-3.239882,0.003367909,0.01131145,0.002323114,0.9999277,0.3828977,1.297139,0.2705625,0.3812448,-0.08649366,-0.9204187,0,0,0,1.043772,-0.1115761,-1.078245,-0.34608,0.20824,2.153,0.9997333,0.004722083,-0.02260562,-0.0045697,0.9999665,0.006787887,0.02263691,-0.006682776,0.9997213,static,-10.149360519870172,4.3571818213318245,-9.131788585510678,5.524512396302768,-0.2982020000000001,0.1922108,2.1616370000000003,-0.1757212586009042,0.074791730698436,0.9815946912739488,-9.045880862955569,4.360199507393176,1.5449006440279756,1.5485842931071314,1.1674778970394282
379,05/15/2023 12:46:12.673017,684,True,True,True,True,Eyes,1.33847,-0.3034414,-3.231188,-0.1539202,0.06826735,0.9857222,0.0,0.0,0.0,0.0,0.0,0.0,0.0,-1.414858,0.3322696,3.205909,1.341987,-0.3037664,-3.239888,0.003629473,0.01148711,0.001852193,0.9999257,0.4134416,1.317149,0.2170137,0.3812484,-0.08648805,-0.9204177,0,0,0,1.044735,-0.1123799,-1.078047,-0.3460801,0.20824,2.153,0.9997292,0.003787496,-0.02295907,-0.003620727,0.9999667,0.007300959,0.02298597,-0.007215854,0.9997097,static,-10.181252824704307,4.4292538003957045,-9.131791179688037,5.524512396302768,-0.297252,0.1913865,2.161841,-0.1762512248793619,0.0760191039594019,0.981405480002347,-9.077128559752024,4.432089726783034,1.5141355746867702,1.5168919329565218,1.0937894179863374
380,05/15/2023 12:46:12.693663,685,True,True,True,True,Eyes,1.338413,-0.3034313,-3.231186,-0.1540443,0.06912338,0.9856431,0.0,0.0,0.0,0.0,0.0,0.0,0.0,-1.415226,0.3326482,3.205693,1.341929,-0.3038326,-3.239892,0.003590503,0.01157392,0.002056659,0.9999245,0.408686,1.327172,0.2404268,0.3812504,-0.08648288,-0.9204174,0,0,0,1.044971,-0.112409,-1.078014,-0.34608,0.20824,2.153,0.9997236,0.004196119,-0.02313133,-0.004029895,0.9999658,0.00722807,0.02316087,-0.007132856,0.9997063,static,-10.19708534211308,4.478916235286255,-9.131788585510678,5.524512396302768,-0.2969579999999998,0.1914236,2.161878,-0.1765109041437353,0.076866093075534,0.98129277642118,-9.092655705664,4.481675455463971,1.4904808832919534,1.4926917001042337,1.043570921146769
381,05/15/2023 12:46:12.713148,686,True,True,True,True,Eyes,1.338325,-0.3034227,-3.231185,-0.1541706,0.0699577,0.9855644,0.0,0.0,0.0,0.0,0.0,0.0,0.0,-1.414816,0.3309131,3.206058,1.341897,-0.303748,-3.239917,0.003271292,0.01152845,0.002204229,0.9999259,0.3719253,1.321937,0.2568951,0.3812507,-0.08647799,-0.9204177,0,0,0,1.044679,-0.1110418,-1.078189,-0.34608,0.20824,2.153,0.9997244,0.004483556,-0.02304078,-0.004332704,0.9999689,0.006592921,0.02306962,-0.006491276,0.9997128,static,-10.19797392048636,4.493824266695745,-9.131788585510678,5.524512396302768,-0.297218,0.1927062,2.161728,-0.176522619140684,0.0771212458835918,0.9812705634054686,-9.093539923233312,4.496590990746892,1.48084951184869,1.4829258879087757,1.0286327703150313
382,05/15/2023 12:46:12.722855,687,True,True,True,True,Eyes,1.33824,-0.3034179,-3.231179,-0.154288,0.07075185,0.9854895,0.0,0.0,0.0,0.0,0.0,0.0,0.0,-1.414446,0.329897,3.206368,1.341883,-0.3037876,-3.239962,0.003132956,0.01146657,0.002144701,0.9999271,0.3561684,1.314787,0.2498689,0.3812489,-0.08647344,-0.9204189,0,0,0,1.044419,-0.1104464,-1.078324,-0.3460801,0.20824,2.153,0.9997278,0.004360936,-0.02291803,-0.00421724,0.9999712,0.00631464,0.0229449,-0.00621627,0.9997174,static,-10.198393875666277,4.523150112369452,-9.131791179688037,5.524512396302768,-0.2974639999999999,0.1933412,2.161638,-0.1765229392648726,0.07762349050293,0.981231069355279,-9.093981305125835,4.52594208964412,1.4611720342008023,1.4629995675844192,0.9992858669843956
383,05/15/2023 12:46:12.743099,688,True,True,True,True,Eyes,1.338132,-0.3034097,-3.231174,-0.1544043,0.07153022,0.985415,0.0,0.0,0.0,0.0,0.0,0.0,0.0,-1.41475,0.3305384,3.206058,1.341885,-0.3038725,-3.239843,0.003218633,0.01151442,0.002146448,0.9999263,0.3659713,1.320293,0.2501994,0.3812453,-0.08646929,-0.9204208,0,0,0,1.044629,-0.110902,-1.078144,-0.3460801,0.20824,2.153,0.9997256,0.004366701,-0.02301332,-0.004218458,0.9999701,0.006486222,0.02304095,-0.006387362,0.9997141,static,-10.211093882600652,4.578652991714057,-9.131791179688037,5.524512396302768,-0.2972559999999999,0.1929705,2.161699,-0.1767272564651797,0.0785710460787399,0.9811187746634564,-9.106452874651094,4.581398702510938,1.4337748377412194,1.4351112631999614,0.9434540100714048
384,05/15/2023 12:46:12.763217,689,True,True,True,True,Eyes,1.338026,-0.303403,-3.23117,-0.1545226,0.07229231,0.9853409,0.0,0.0,0.0,0.0,0.0,0.0,0.0,-1.414441,0.330485,3.206199,1.341841,-0.3037899,-3.239869,0.003233737,0.01147052,0.002121814,0.9999267,0.3677454,1.315257,0.2473805,0.3812395,-0.08646545,-0.9204236,0,0,0,1.044405,-0.110869,-1.07819,-0.3460802,0.20824,2.153,0.9997278,0.004317502,-0.02292563,-0.004169132,0.9999701,0.006515676,0.02295307,-0.006418323,0.9997159,static,-10.213530838186218,4.62443468741097,-9.131793773865358,5.524512396302768,-0.297436,0.1929209,2.1616790000000004,-0.176757992340627,0.0793545352419415,0.9810502388200883,-9.10888303187755,4.627205747773998,1.406221668374397,1.4072295329367634,0.8975990884533946
385,05/15/2023 12:46:12.773090,690,True,True,True,True,Eyes,1.337926,-0.3033993,-3.231161,-0.1546401,0.07301947,0.9852688,0.0,0.0,0.0,0.0,0.0,0.0,0.0,-1.413865,0.3293152,3.206569,1.341809,-0.3038245,-3.239875,0.003042544,0.01138622,0.002132052,0.9999284,0.345845,1.305551,0.2482727,0.3812317,-0.0864619,-0.9204272,0,0,0,1.044002,-0.1100856,-1.07832,-0.34608,0.20824,2.153,0.9997316,0.004333084,-0.02275783,-0.004194512,0.9999724,0.006133202,0.02278378,-0.006036099,0.9997222,static,-10.2107161848213,4.645088558152462,-9.131788585510678,5.524512396302768,-0.2978069999999999,0.1937389,2.161555,-0.1767047775584107,0.0797089472801204,0.981031047975577,-9.106153747148223,4.647901979147222,1.3910452821026442,1.3919306921183952,0.8769851585993286
386,05/15/2023 12:46:12.793338,691,True,True,True,True,Eyes,1.337832,-0.3033949,-3.231152,-0.1547454,0.07369559,0.985202,0.0,0.0,0.0,0.0,0.0,0.0,0.0,-1.414572,0.3296997,3.206121,1.341827,-0.3038926,-3.239765,0.003113028,0.01148939,0.00208205,0.999927,0.3539618,1.317374,0.2426718,0.3812223,-0.08645872,-0.9204314,0,0,0,1.044487,-0.110425,-1.078122,-0.34608,0.20824,2.153,0.9997273,0.004235329,-0.02296414,-0.004092262,0.999972,0.006273445,0.02299006,-0.006177759,0.9997166,static,-10.229522654614833,4.691988447597176,-9.131788585510678,5.524512396302768,-0.2973400000000001,0.1934676,2.161643,-0.177015394017229,0.0805073912786866,0.9809099193305334,-9.12458473860062,4.694698974097009,1.3771695083133206,1.3777213838945497,0.8298446909411041
387,05/15/2023 12:46:12.813132,692,True,True,True,True,Eyes,1.337744,-0.3033895,-3.231145,-0.1548325,0.07435361,0.9851388,0.0,0.0,0.0,0.0,0.0,0.0,0.0,-1.415178,0.3315029,3.20566,1.341846,-0.3038685,-3.239752,0.003389235,0.01158354,0.002099092,0.999925,0.3855652,1.328241,0.2450252,0.3812117,-0.08645584,-0.920436,0,0,0,1.044909,-0.1116034,-1.077946,-0.3460802,0.20824,2.153,0.9997228,0.004276386,-0.02315112,-0.004119349,0.9999682,0.00682659,0.02317957,-0.00672933,0.9997087,static,-10.245922883941594,4.762712683050594,-9.131793773865358,5.524512396302768,-0.296937,0.1922650999999999,2.1618060000000003,-0.1772786791050897,0.0817141954494197,0.9807624981811504,-9.140688972709576,4.765362537761083,1.3494835512907086,1.3496749523608862,0.7592019706812793
388,05/15/2023 12:46:12.822928,693,True,True,True,True,Eyes,1.337656,-0.3033872,-3.231138,-0.1549023,0.07499325,0.9850794,0.0,0.0,0.0,0.0,0.0,0.0,0.0,-1.415915,0.3315245,3.205358,1.341805,-0.3038414,-3.239797,0.003384317,0.01170755,0.002128032,0.9999235,0.3849324,1.342462,0.2483826,0.3812001,-0.08645319,-0.9204411,0,0,0,1.045393,-0.1115728,-1.077919,-0.34608,0.20824,2.153,0.9997168,0.004334982,-0.02339891,-0.004176494,0.9999681,0.006817943,0.02342772,-0.006718287,0.9997029,static,-10.264256156455216,4.800359927334627,-9.131788585510678,5.524512396302768,-0.2964119999999999,0.1922685999999999,2.161878,-0.1775831166466649,0.0823540175284653,0.9806539587816852,-9.158647704327244,4.802901611665343,1.344165163766349,1.344202216020221,0.7221104740748766
389,05/15/2023 12:46:12.843089,694,True,True,True,True,Eyes,1.337564,-0.3033835,-3.231131,-0.154977,0.07558969,0.9850219,0.0,0.0,0.0,0.0,0.0,0.0,0.0,-1.416945,0.3310563,3.204897,1.341711,-0.3039136,-3.239775,0.00327179,0.01188923,0.00219487,0.9999216,0.3719024,1.363279,0.2559575,0.3811876,-0.08645085,-0.9204465,0,0,0,1.046056,-0.111201,-1.077833,-0.34608,0.20824,2.153,0.9997076,0.004467193,-0.02376223,-0.004311597,0.9999689,0.006595257,0.02379096,-0.006490876,0.9996959,static,-10.288979471749215,4.823984904747435,-9.131788585510678,5.524512396302768,-0.295655,0.1927126,2.161942,-0.1780003382949912,0.0827520144597942,0.9805446440181196,-9.182837317478224,4.826354270322961,1.3527614520285374,1.3527119107993164,0.7000219581606929
390,05/15/2023 12:46:12.862968,695,True,True,True,True,Eyes,1.337474,-0.3033825,-3.231128,-0.1550452,0.07614347,0.9849685,0.0,0.0,0.0,0.0,0.0,0.0,0.0,-1.417662,0.3315181,3.204531,1.341652,-0.3038768,-3.239803,0.003343716,0.01201157,0.002207442,0.9999199,0.3800954,1.377323,0.2575428,0.3811741,-0.08644874,-0.9204523,0,0,0,1.046522,-0.1114818,-1.077761,-0.3460801,0.20824,2.153,0.9997017,0.004494857,-0.02400646,-0.004334203,0.9999679,0.006739926,0.02403599,-0.006633867,0.999689,static,-10.307234127879092,4.865137890220758,-9.131791179688037,5.524512396302768,-0.2951300000000001,0.1923949999999999,2.1620420000000005,-0.1783022932464051,0.0834516366205048,0.980430469042738,-9.200722904755004,4.867403122086625,1.3478744756218866,1.3477540071255485,0.660714901437507
391,05/15/2023 12:46:12.873388,696,True,True,True,True,Eyes,1.337378,-0.3033791,-3.231128,-0.1551234,0.07668,0.9849147,0.0,0.0,0.0,0.0,0.0,0.0,0.0,-1.417901,0.3334875,3.20429,1.341624,-0.303936,-3.239877,0.003543982,0.01207621,0.002431923,0.9999179,0.4027151,1.384875,0.2835674,0.3811599,-0.0864469,-0.9204584,0,0,0,1.046687,-0.1125492,-1.077718,-0.3460801,0.20824,2.153,0.9996965,0.004949043,-0.02413321,-0.004777851,0.999963,0.00714612,0.02416769,-0.007028646,0.9996832,static,-10.317684212407803,4.924020434757183,-9.131791179688037,5.524512396302768,-0.294937,0.1913867999999999,2.162159,-0.1784659682020246,0.0844566399574649,0.9803147617293434,-9.210998950289344,4.926260469200487,1.3293859975151698,1.3292602758429797,0.6034726499231111
392,05/15/2023 12:46:12.893458,697,True,True,True,True,Eyes,1.337284,-0.3033741,-3.23113,-0.1552038,0.07720033,0.9848614,0.0,0.0,0.0,0.0,0.0,0.0,0.0,-1.417591,0.3334184,3.204476,1.341562,-0.3038778,-3.239949,0.003489701,0.01204932,0.002554777,0.9999181,0.3963332,1.381826,0.2975588,0.3811447,-0.08644523,-0.9204648,0,0,0,1.046459,-0.1123357,-1.077828,-0.3460801,0.20824,2.153,0.9996966,0.005193233,-0.02407885,-0.005025038,0.9999626,0.007040397,0.02411451,-0.006917264,0.9996853,static,-10.3183300180211,4.950589780481285,-9.131791179688037,5.524512396302768,-0.2951029999999999,0.1915421,2.162121,-0.1784701012367443,0.08491116154855,0.9802747601083744,-9.211658173763295,4.952850598162074,1.318150397683631,1.3180521931335445,0.5772139535701376
393,05/15/2023 12:46:12.912808,698,True,True,True,True,Eyes,1.337193,-0.3033718,-3.231129,-0.1552693,0.07772423,0.9848098,0.0,0.0,0.0,0.0,0.0,0.0,0.0,-1.417123,0.3329585,3.204795,1.341526,-0.3038322,-3.240031,0.003420166,0.0119825,0.002567024,0.9999191,0.3883686,1.374152,0.2988399,0.3811288,-0.08644368,-0.9204715,0,0,0,1.046128,-0.1119985,-1.077976,-0.34608,0.20824,2.153,0.9996996,0.005215598,-0.02394551,-0.005051669,0.9999635,0.006901296,0.02398063,-0.006778258,0.9996895,static,-10.314527551030658,4.973382146431872,-9.131788585510678,5.524512396302768,-0.295398,0.1918337,2.162055,-0.1783990514481156,0.0853022210034087,0.980253672863265,-9.207965648833898,4.975695212803858,1.3049068300778317,1.3048432905456604,0.5540787361740442
394,05/15/2023 12:46:12.922870,699,True,True,True,True,Eyes,1.337104,-0.303369,-3.23113,-0.1553391,0.07822733,0.984759,0.0,0.0,0.0,0.0,0.0,0.0,0.0,-1.416918,0.3319578,3.204892,1.341531,-0.3039036,-3.239927,0.00320016,0.01196205,0.002692632,0.9999197,0.3629934,1.371786,0.3129225,0.3811122,-0.0864423,-0.9204785,0,0,0,1.045991,-0.1112011,-1.077968,-0.3460799,0.20824,2.153,0.9996993,0.005461392,-0.02390494,-0.00530827,0.999965,0.006464225,0.02393941,-0.006335387,0.9996933,static,-10.315020954273791,4.979973000199364,-9.131785991333285,5.524512396302768,-0.2955400000000001,0.1927025,2.1619589999999995,-0.1784057723900679,0.0854148790700521,0.9802426832372128,-9.208454852028016,4.982288589512891,1.302573820767797,1.302523754652285,0.5476173580612048
395,05/15/2023 12:46:12.942642,700,True,True,True,True,Eyes,1.337047,-0.303365,-3.23113,-0.1554083,0.07874285,0.984707,0.0,0.0,0.0,0.0,0.0,0.0,0.0,-1.416322,0.3319323,3.205215,1.341502,-0.3038856,-3.239995,0.0031966,0.01187379,0.002698406,0.9999208,0.3626052,1.361673,0.3135473,0.3810951,-0.08644106,-0.9204857,0,0,0,1.045578,-0.1111722,-1.07809,-0.34608,0.20824,2.153,0.9997035,0.005472296,-0.02372846,-0.005320473,0.999965,0.006456774,0.02376297,-0.006328613,0.9996976,static,-10.309114795133675,5.0096880121356335,-9.131788585510678,5.524512396302768,-0.2959240000000001,0.1927133999999999,2.161905,-0.1782968780330511,0.0859249698845347,0.9802179221061108,-9.202713464397466,5.012079215661916,1.2849510612960169,1.2849673732816418,0.5173181835841513
396,05/15/2023 12:46:12.963238,701,True,True,True,True,Eyes,1.336993,-0.3033619,-3.231133,-0.1554703,0.07923653,0.9846576,0.0,0.0,0.0,0.0,0.0,0.0,0.0,-1.416262,0.3311264,3.205277,1.341522,-0.3038565,-3.239943,0.003104861,0.01185445,0.002631191,0.9999215,0.3521909,1.359403,0.3057136,0.3810784,-0.08643989,-0.9204928,0,0,0,1.04554,-0.1107041,-1.078085,-0.34608,0.20824,2.153,0.9997051,0.005335582,-0.0236907,-0.005188356,0.9999669,0.006271617,0.02372338,-0.006146851,0.9996997,static,-10.31124989021006,5.026725545813574,-9.131788585510678,5.524512396302768,-0.2959820000000002,0.1931523999999999,2.161858,-0.1783289039325366,0.0862159352738933,0.9801865361416464,-9.204818279339449,5.029116479347124,1.2801330006821825,1.280203389232789,0.5007498883844582
397,05/15/2023 12:46:12.978304,702,True,True,True,True,Eyes,1.33695,-0.3033606,-3.231136,-0.1555454,0.07971487,0.9846071,0.0,0.0,0.0,0.0,0.0,0.0,0.0,-1.416609,0.3311248,3.205204,1.341513,-0.3038752,-3.240025,0.003132557,0.01190263,0.002558754,0.999921,0.3554486,1.364907,0.2974681,0.381062,-0.08643879,-0.9204997,0,0,0,1.045769,-0.1107954,-1.078127,-0.3460799,0.20824,2.153,0.9997035,0.005191674,-0.02378735,-0.005042532,0.9999673,0.006325531,0.02381941,-0.006203708,0.999697,static,-10.322101615172327,5.056635631352516,-9.131785991333285,5.524512396302768,-0.295744,0.1930798,2.161898,-0.1785066278022282,0.0867247667474323,0.9801092653342112,-9.215456347703912,5.058969967209316,1.2787707839400346,1.278968315297782,0.4730015664048275
398,05/15/2023 12:46:12.993374,703,True,True,True,True,Eyes,1.336911,-0.3033583,-3.231135,-0.1556098,0.080178,0.9845594,0.0,0.0,0.0,0.0,0.0,0.0,0.0,-1.417126,0.3315686,3.204964,1.341516,-0.3039163,-3.240053,0.003219467,0.01197722,0.00250141,0.99992,0.3654636,1.373461,0.2910434,0.3810461,-0.0864378,-0.9205063,0,0,0,1.046119,-0.1111741,-1.078079,-0.3460798,0.20824,2.153,0.9997006,0.00507954,-0.02393642,-0.004925299,0.9999667,0.006498339,0.02396863,-0.006378499,0.9996923,static,-10.335299460944444,5.092791408510622,-9.131783397155848,5.524512396302768,-0.2953969999999999,0.1927421999999999,2.161974,-0.1787227623530997,0.0873397593126407,0.9800153439250262,-9.228394111981554,5.095056695262275,1.2782134467233497,1.2786062439615329,0.4401884021363073
399,05/15/2023 12:46:13.012958,704,True,True,True,True,Eyes,1.336882,-0.3033565,-3.231136,-0.1556801,0.0806086,0.9845131,0.0,0.0,0.0,0.0,0.0,0.0,0.0,-1.417788,0.3312549,3.204592,1.341549,-0.3038882,-3.239932,0.003165734,0.0120777,0.002523358,0.9999189,0.359247,1.384968,0.2935205,0.3810309,-0.08643688,-0.9205127,0,0,0,1.046576,-0.1109272,-1.077919,-0.34608,0.20824,2.153,0.9996955,0.005122776,-0.02413747,-0.004969837,0.9999673,0.006391908,0.02416943,-0.006270003,0.9996882,static,-10.350845627863324,5.112496684364425,-9.131788585510678,5.524512396302768,-0.2949730000000001,0.192961,2.162013,-0.1789834076539426,0.0876725784617921,0.97993803006722,-9.24360979644674,5.114658341020529,1.2862642456093056,1.2868010799628815,0.4248344734676134
400,05/15/2023 12:46:13.022872,705,True,True,True,True,Eyes,1.336855,-0.3033525,-3.23114,-0.1557527,0.0810119,0.9844685,0.0,0.0,0.0,0.0,0.0,0.0,0.0,-1.418208,0.3310321,3.204481,1.341524,-0.3039016,-3.239993,0.003142636,0.01214368,0.002491449,0.9999182,0.3566254,1.392511,0.2898557,0.3810166,-0.08643603,-0.9205188,0,0,0,1.046849,-0.1108198,-1.07795,-0.3460801,0.20824,2.153,0.9996926,0.005058817,-0.02426973,-0.004906164,0.9999679,0.006345269,0.02430104,-0.006224248,0.9996853,static,-10.363117466134604,5.1330143314410845,-9.131791179688037,5.524512396302768,-0.294675,0.1930818,2.162043,-0.1791877744093668,0.0880201597246062,0.9798695076261036,-9.255625990044209,5.1350990195295925,1.2913713161628655,1.292066236105851,0.4086292185659712
401,05/15/2023 12:46:13.042678,706,True,True,True,True,Eyes,1.336843,-0.3033468,-3.231142,-0.1558076,0.08142666,0.9844255,0.0,0.0,0.0,0.0,0.0,0.0,0.0,-1.417803,0.3318034,3.204657,1.341542,-0.3038415,-3.240066,0.003270044,0.01207818,0.002495179,0.9999187,0.371238,1.385043,0.2904364,0.3810029,-0.08643517,-0.9205245,0,0,0,1.046584,-0.1113127,-1.078012,-0.34608,0.20824,2.153,0.9996958,0.005068945,-0.02413807,-0.00491096,0.9999662,0.00659983,0.02417071,-0.006479282,0.9996868,static,-10.359167744845696,5.171880973363972,-9.131788585510678,5.524512396302768,-0.294958,0.1925288,2.1620540000000004,-0.179109587554907,0.0886861097050854,0.9798236595520916,-9.251806483450178,5.174034734236227,1.2760679583533072,1.27703113556944,0.3704576729309902
402,05/15/2023 12:46:13.062949,707,True,True,True,True,Eyes,1.336827,-0.3033489,-3.231143,-0.1558638,0.08181489,0.9843845,0.0,0.0,0.0,0.0,0.0,0.0,0.0,-1.41841,0.329879,3.204505,1.341514,-0.3038023,-3.240001,0.003092294,0.01215003,0.00222699,0.999919,0.3512236,1.39313,0.2594847,0.3809903,-0.08643425,-0.9205298,0,0,0,1.046971,-0.1103335,-1.077974,-0.34608,0.20824,2.153,0.9996948,0.004528763,-0.02428431,-0.004378477,0.999971,0.006238202,0.02431186,-0.00612997,0.9996856,static,-10.37322611299154,5.169167193526955,-9.131788585510678,5.524512396302768,-0.294543,0.1934688,2.162027,-0.1793508189207471,0.0886357491062064,0.9797841762088428,-9.265544350822204,5.171207237043985,1.290312093444388,1.291292897747672,0.3777765745952833
403,05/15/2023 12:46:13.073701,708,True,True,True,True,Eyes,1.336833,-0.3033486,-3.231148,-0.1559434,0.0821721,0.9843421,0.0,0.0,0.0,0.0,0.0,0.0,0.0,-1.418029,0.3314007,3.204513,1.341437,-0.3039852,-3.240012,0.003163767,0.01213486,0.002545533,0.9999182,0.358974,1.391526,0.2960792,0.3809786,-0.08643348,-0.9205347,0,0,0,1.046702,-0.1110294,-1.077965,-0.3460801,0.20824,2.153,0.9996925,0.005167433,-0.02425163,-0.005013865,0.999967,0.006388796,0.02428384,-0.006265237,0.9996855,static,-10.373321528694118,5.204497616647092,-9.131791179688037,5.524512396302768,-0.2947349999999999,0.1929558,2.1620470000000003,-0.1793427280750215,0.0892400289744477,0.9797307645315771,-9.265674856031914,5.206571327601844,1.2808391833446522,1.2821103956762985,0.3449802341555789
404,05/15/2023 12:46:13.093717,709,True,True,True,True,Eyes,1.336841,-0.3033407,-3.231156,-0.1560319,0.08252494,0.9842986,0.0,0.0,0.0,0.0,0.0,0.0,0.0,-1.415955,0.3328987,3.205355,1.341448,-0.3039217,-3.240092,0.003282864,0.01183874,0.002834239,0.9999205,0.3723163,1.357734,0.3292164,0.3809681,-0.08643276,-0.9205391,0,0,0,1.04532,-0.1116684,-1.078174,-0.34608,0.20824,2.153,0.9997036,0.005745757,-0.02365699,-0.005590297,0.9999624,0.006632314,0.02369421,-0.006498098,0.9996981,static,-10.342053769090104,5.243866414906871,-9.131788585510678,5.524512396302768,-0.2961279999999999,0.1922533,2.161918,-0.1787970289892714,0.0899222773783135,0.9797681664339176,-9.23515507423192,5.246225524279642,1.2408445723883337,1.2423783568052873,0.2968639656997363
405,05/15/2023 12:46:13.112796,710,True,True,True,True,Eyes,1.336858,-0.3033358,-3.231158,-0.1561276,0.08290927,0.9842511,0.0,0.0,0.0,0.0,0.0,0.0,0.0,-1.415092,0.3312272,3.205992,1.341544,-0.3037357,-3.240152,0.003226945,0.01164771,0.002426184,0.9999241,0.3665168,1.335673,0.2823131,0.3809588,-0.08643187,-0.920543,0,0,0,1.044752,-0.1109802,-1.078369,-0.34608,0.20824,2.153,0.9997168,0.004927173,-0.02327799,-0.004776827,0.9999674,0.00650992,0.02330931,-0.006396882,0.9997078,static,-10.329859994044195,5.251701300327415,-9.131788585510678,5.524512396302768,-0.2967920000000001,0.1927555,2.161783,-0.1785862771006561,0.090059755528913,0.9797939499967852,-9.223245069336487,5.25416438446881,1.2271697252850997,1.2287395956966485,0.2853985562968998
406,05/15/2023 12:46:13.122819,711,True,True,True,True,Eyes,1.336874,-0.3033362,-3.231158,-0.1562074,0.08325282,0.9842094,0.0,0.0,0.0,0.0,0.0,0.0,0.0,-1.415434,0.3266365,3.206197,1.341578,-0.3038189,-3.240016,0.002674751,0.01165425,0.002021703,0.9999265,0.3037829,1.33614,0.2352291,0.3809508,-0.08643091,-0.9205464,0,0,0,1.044968,-0.1084196,-1.078446,-0.3460802,0.20824,2.153,0.9997202,0.004105452,-0.02329598,-0.003980763,0.9999775,0.005396232,0.02331761,-0.005301986,0.9997141,static,-10.338608125935068,5.200637293157681,-9.131793773865358,5.524512396302768,-0.29661,0.1953993,2.16157,-0.1787500126574971,0.0891837946010665,0.9798441767222844,-9.231741711017143,5.202981509369905,1.2483828662109904,1.2495182923025476,0.3367071448495428
407,05/15/2023 12:46:13.143047,712,True,True,True,True,Eyes,1.336909,-0.3033378,-3.231157,-0.1562748,0.08357252,0.9841717,0.0,0.0,0.0,0.0,0.0,0.0,0.0,-1.416395,0.3284084,3.20556,1.34156,-0.3039417,-3.239981,0.003044295,0.01178169,0.001755915,0.9999245,0.3464555,1.350742,0.205312,0.380944,-0.08643004,-0.9205493,0,0,0,1.045613,-0.1099657,-1.078192,-0.3460801,0.20824,2.153,0.9997162,0.003583299,-0.02355091,-0.003439831,0.9999753,0.006129505,0.02357228,-0.006046754,0.9997038,static,-10.36051231033539,5.2569319228061975,-9.131791179688037,5.524512396302768,-0.2959470000000002,0.1939759999999999,2.161789,-0.1791091218623191,0.0901404993619653,0.9796911386429727,-9.253210330124794,5.259157922864316,1.255796427489957,1.257519354402133,0.2918143359511014
408,05/15/2023 12:46:13.163097,713,True,True,True,True,Eyes,1.336944,-0.3033395,-3.231158,-0.1563378,0.08388585,0.984135,0.0,0.0,0.0,0.0,0.0,0.0,0.0,-1.416659,0.331477,3.205106,1.341547,-0.3039613,-3.239964,0.003356629,0.01186351,0.002131774,0.9999218,0.3817161,1.36033,0.2488337,0.3809388,-0.08642927,-0.9205515,0,0,0,1.045807,-0.1115745,-1.078004,-0.3460799,0.20824,2.153,0.9997094,0.004342858,-0.02371086,-0.004183572,0.9999684,0.006763314,0.02373949,-0.006662152,0.999696,static,-10.370506309210054,5.318656029884722,-9.131785991333285,5.524512396302768,-0.2957400000000001,0.1923868,2.16196,-0.1792627449448029,0.0911932602248477,0.9795655666306776,-9.263043590548763,5.320863204439732,1.2532739964472928,1.2557089111396675,0.2422840289789648
409,05/15/2023 12:46:13.173371,714,True,True,True,True,Eyes,1.337009,-0.3033397,-3.231158,-0.1563854,0.08416885,0.9841033,0.0,0.0,0.0,0.0,0.0,0.0,0.0,-1.416831,0.3316087,3.205067,1.341573,-0.3039652,-3.240003,0.003206001,0.01192547,0.002529853,0.9999206,0.3638967,1.367536,0.2942652,0.3809349,-0.08642859,-0.9205532,0,0,0,1.04594,-0.1111836,-1.078064,-0.3460799,0.20824,2.153,0.9997028,0.005135771,-0.02383282,-0.004982838,0.9999666,0.006471831,0.02386527,-0.006351152,0.999695,static,-10.376346767981918,5.325828774086232,-9.131785991333285,5.524512396302768,-0.2956329999999998,0.1927816,2.1619390000000003,-0.1793606042659112,0.0913142362522151,0.9795364095373966,-9.268759649375436,5.327996792084032,1.2577777721379362,1.2603200817686502,0.2395415740511524
410,05/15/2023 12:46:13.193074,715,True,True,True,True,Eyes,1.33707,-0.3033403,-3.23116,-0.1564296,0.08443291,0.9840736,0.0,0.0,0.0,0.0,0.0,0.0,0.0,-1.41756,0.3331904,3.204559,1.341579,-0.3039222,-3.239982,0.003518479,0.01202507,0.002388753,0.9999186,0.3998668,1.378989,0.278565,0.380933,-0.08642793,-0.9205541,0,0,0,1.046438,-0.1123979,-1.077864,-0.3460801,0.20824,2.152999,0.9996994,0.004861738,-0.02403136,-0.004692499,0.9999638,0.007093834,0.02406499,-0.006978935,0.999686,static,-10.392370225806893,5.374670550349801,-9.131795349653478,5.524514946389912,-0.2951410000000001,0.1915242999999999,2.162118,-0.1796207259635015,0.0921447579732393,0.9794109069469188,-9.284472556387032,5.376759554000127,1.2662228901328323,1.2694496293330502,0.212466433669463
411,05/15/2023 12:46:13.213513,716,True,True,True,True,Eyes,1.337144,-0.3033424,-3.231163,-0.1564504,0.08469249,0.984048,0.0,0.0,0.0,0.0,0.0,0.0,0.0,-1.417625,0.3337557,3.204478,1.341528,-0.3039291,-3.240009,0.003622368,0.01203948,0.002348506,0.9999183,0.4118223,1.380653,0.2741026,0.3809328,-0.08642729,-0.9205543,0,0,0,1.046466,-0.1128273,-1.077843,-0.34608,0.20824,2.153,0.9996991,0.004783851,-0.02405997,-0.004609406,0.9999627,0.007300692,0.024094,-0.007187593,0.9996839,static,-10.395946727293731,5.401047142817984,-9.131788585510678,5.524512396302768,-0.2950620000000001,0.1911018,2.162166,-0.1796743324466143,0.0925947079835537,0.9793586504135572,-9.287996055320884,5.40313358685139,1.2665684112425375,1.270173010362936,0.1978221145583592
412,05/15/2023 12:46:13.230304,717,True,True,True,True,Eyes,1.337213,-0.3033408,-3.231171,-0.1564948,0.08495154,0.9840186,0.0,0.0,0.0,0.0,0.0,0.0,0.0,-1.416016,0.3332962,3.20525,1.341443,-0.3039686,-3.240054,0.003523228,0.01180656,0.002399675,0.9999213,0.400457,1.353953,0.2797355,0.3809343,-0.08642669,-0.9205537,0,0,0,1.045353,-0.1124737,-1.078063,-0.3460801,0.20824,2.153,0.9997097,0.004882166,-0.02359435,-0.004715777,0.9999637,0.007102564,0.02362817,-0.006989237,0.9996964,static,-10.371313173411457,5.405349255958077,-9.131791179688037,5.524512396302768,-0.2960899999999999,0.1914948999999999,2.1619910000000004,-0.1792518986780401,0.0926755022982465,0.9794284046398986,-9.263923616243916,5.407634518027267,1.2416710621667573,1.2452367754531226,0.1764069704415784
413,05/15/2023 12:46:13.243339,718,True,True,True,True,Eyes,1.337301,-0.3033407,-3.231181,-0.1565629,0.08522808,0.9839839,0.0,0.0,0.0,0.0,0.0,0.0,0.0,-1.414012,0.3323622,3.206332,1.341424,-0.3038802,-3.240169,0.003400638,0.01149418,0.002379907,0.9999254,0.3865236,1.318111,0.2771833,0.3809373,-0.08642602,-0.9205525,0,0,0,1.04399,-0.1118459,-1.078411,-0.34608,0.2082399,2.153,0.9997244,0.004837632,-0.02297045,-0.004681283,0.9999655,0.006855478,0.02300283,-0.006746058,0.9997126,static,-10.339642036509645,5.406457437493273,-9.131788585510678,5.52450975976074,-0.297434,0.1920343,2.161758,-0.1787100134060393,0.0927037383308566,0.9795247984323846,-9.232969236822974,5.408994008914513,1.2101557690881255,1.2136087960635624,0.1535624071625209
414,05/15/2023 12:46:13.263120,719,True,True,True,True,Eyes,1.337389,-0.3033376,-3.231188,-0.1566382,0.08550875,0.9839476,0.0,0.0,0.0,0.0,0.0,0.0,0.0,-1.411969,0.3311091,3.207428,1.341411,-0.3039163,-3.240237,0.003196351,0.01117774,0.00239048,0.9999295,0.3631896,1.281793,0.2780104,0.380942,-0.08642531,-0.9205506,0,0,0,1.042602,-0.1110096,-1.078746,-0.34608,0.20824,2.153,0.9997387,0.004852078,-0.02233862,-0.004709166,0.9999682,0.006445691,0.02236918,-0.006338811,0.9997297,static,-10.30749732179951,5.399017069447091,-9.131788585510678,5.524512396302768,-0.2988089999999999,0.1929067,2.161491,-0.1781624097131607,0.0925858846363554,0.9796357288823564,-9.201542967894898,5.401800363319925,1.1791677775522895,1.1823874617266936,0.1411521055478321
415,05/15/2023 12:46:13.273171,720,True,True,True,True,Eyes,1.337486,-0.3033359,-3.231195,-0.1567171,0.08577573,0.9839117,0.0,0.0,0.0,0.0,0.0,0.0,0.0,-1.411258,0.3298531,3.207827,1.341497,-0.3038462,-3.240164,0.002996041,0.01105696,0.002429101,0.9999315,0.3402218,1.267908,0.2821376,0.3809484,-0.08642449,-0.920548,0,0,0,1.042147,-0.1101009,-1.078823,-0.34608,0.20824,2.153,0.9997437,0.004924123,-0.02209786,-0.004791615,0.9999703,0.006045388,0.02212697,-0.005937954,0.9997376,static,-10.2977074024749,5.392205913524803,-9.131788585510678,5.524512396302768,-0.29935,0.1937453,2.161341,-0.1779968910178331,0.0924722334126901,0.9796764524688684,-9.191967065256424,5.395059920431971,1.1703142372683435,1.1734017611782943,0.1427564111820843
416,05/15/2023 12:46:13.292942,721,True,True,True,True,Eyes,1.33758,-0.3033351,-3.2312,-0.156785,0.08603071,0.9838786,0.0,0.0,0.0,0.0,0.0,0.0,0.0,-1.410689,0.3279753,3.208305,1.341514,-0.3038846,-3.240189,0.002687696,0.01096715,0.002455314,0.9999333,0.3048825,1.257534,0.2847224,0.3809564,-0.0864236,-0.9205448,0,0,0,1.041761,-0.1088263,-1.079022,-0.3460802,0.20824,2.153,0.9997473,0.004969253,-0.02191964,-0.004851347,0.9999735,0.005428889,0.02194603,-0.005321177,0.999745,static,-10.290782825784408,5.372103701720674,-9.131793773865358,5.524512396302768,-0.2997530000000001,0.1950583,2.161167,-0.1778841461436357,0.0921304152875397,0.9797291135593345,-9.185177753210771,5.374992833896737,1.1661730764199063,1.1689670793706886,0.1587638144944959
417,05/15/2023 12:46:13.312872,722,True,True,True,True,Eyes,1.337675,-0.303337,-3.231203,-0.1568222,0.08626363,0.9838523,0.0,0.0,0.0,0.0,0.0,0.0,0.0,-1.411367,0.3279889,3.207958,1.34156,-0.3039021,-3.240122,0.002717028,0.01105904,0.00238495,0.9999324,0.3083065,1.268051,0.2767249,0.3809658,-0.08642267,-0.920541,0,0,0,1.042232,-0.1089241,-1.078888,-0.3460802,0.20824,2.153,0.999744,0.004829673,-0.02210363,-0.004709481,0.9999738,0.00548644,0.02212955,-0.005380938,0.9997407,static,-10.30437479733725,5.387965540039482,-9.131793773865358,5.524512396302768,-0.299328,0.194978,2.161234,-0.1781121298091963,0.0923977710872517,0.9796625365919872,-9.198479344358416,5.39076273743414,1.177447800547304,1.1805046804489072,0.14945212129461
418,05/15/2023 12:46:13.323091,723,True,True,True,True,Eyes,1.337769,-0.3033366,-3.231204,-0.1568385,0.08645165,0.9838332,0.0,0.0,0.0,0.0,0.0,0.0,0.0,-1.41208,0.3278669,3.207641,1.341574,-0.303974,-3.240094,0.00266697,0.01117255,0.002431463,0.9999312,0.3024796,1.281059,0.2820255,0.3809766,-0.0864218,-0.9205366,0,0,0,1.042717,-0.1088091,-1.078812,-0.3460801,0.20824,2.153,0.9997385,0.004922186,-0.02233059,-0.004802998,0.999974,0.005387903,0.02235653,-0.005279241,0.9997361,static,-10.31789459658054,5.394377045633679,-9.131791179688037,5.524512396302768,-0.2988570000000001,0.1951649,2.161282,-0.1783415331566125,0.0925034905291555,0.9796108258300762,-9.211700431334624,5.397073671313325,1.1900233028282032,1.1932210713266151,0.1504198029703952
419,05/15/2023 12:46:13.343227,724,True,True,True,True,Eyes,1.33786,-0.3033361,-3.231204,-0.1568226,0.08662634,0.9838203,0.0,0.0,0.0,0.0,0.0,0.0,0.0,-1.413679,0.3310037,3.206589,1.341622,-0.3039077,-3.240055,0.003091037,0.01143292,0.002601246,0.9999265,0.350775,1.31108,0.3021156,0.3809885,-0.0864209,-0.9205317,0,0,0,1.04383,-0.1106803,-1.078452,-0.34608,0.20824,2.153,0.999725,0.005272788,-0.02284807,-0.00513143,0.9999673,0.0062411,0.02288024,-0.00612214,0.9997194,static,-10.345822200777818,5.457126843988311,-9.131788585510678,5.524512396302768,-0.297792,0.1932274,2.161603,-0.1788011206252686,0.0935683565250296,0.979425829384236,-9.23906317993707,5.45966395229356,1.211676907472699,1.2159023117254628,0.1253521411853908
420,05/15/2023 12:46:13.363147,725,True,True,True,True,Eyes,1.337951,-0.3033369,-3.231209,-0.1568035,0.08679412,0.9838086,0.0,0.0,0.0,0.0,0.0,0.0,0.0,-1.41404,0.3317752,3.206312,1.341646,-0.3039068,-3.240008,0.003149971,0.01150002,0.002743619,0.9999251,0.3573199,1.318839,0.3185309,0.3810015,-0.08642,-0.9205264,0,0,0,1.044088,-0.1110249,-1.078342,-0.3460798,0.20824,2.153,0.9997205,0.005559277,-0.02298103,-0.005414378,0.9999651,0.006362574,0.02301561,-0.006236367,0.9997156,static,-10.351120397273109,5.476592991519839,-9.131783397155848,5.524512396302768,-0.297558,0.1928819,2.1616660000000003,-0.1788860918056154,0.0938996394540435,0.9793786510751078,-9.24426218827614,5.479107204685274,1.2157258858321625,1.2202782425372132,0.1212976087056265
421,05/15/2023 12:46:13.372963,726,True,True,True,True,Eyes,1.338024,-0.3033393,-3.231215,-0.1567423,0.08693651,0.9838058,0.0,0.0,0.0,0.0,0.0,0.0,0.0,-1.414428,0.3313253,3.206375,1.341712,-0.3039359,-3.240163,0.003198196,0.01152105,0.00245637,0.9999255,0.3632185,1.32116,0.2856876,0.3810154,-0.08641911,-0.9205208,0,0,0,1.044361,-0.1110768,-1.078467,-0.3460801,0.20824,2.153,0.9997225,0.004986067,-0.02302466,-0.004838681,0.9999675,0.006452516,0.02305608,-0.006339316,0.9997141,static,-10.35307554732287,5.48484352747024,-9.131791179688037,5.524512396302768,-0.2973509999999999,0.1928590999999999,2.161696,-0.1789171322548411,0.0940401304559173,0.9793595208826268,-9.246181860674112,5.487350331474224,1.2172358507182992,1.2219284454433768,0.1202757122563788
422,05/15/2023 12:46:13.392759,727,True,True,True,True,Eyes,1.338092,-0.3033352,-3.231219,-0.1566799,0.08709445,0.9838017,0.0,0.0,0.0,0.0,0.0,0.0,0.0,-1.415929,0.3332011,3.205528,1.341687,-0.3039779,-3.24018,0.003625515,0.01172706,0.002122099,0.9999225,0.4125731,1.344758,0.248035,0.3810296,-0.0864183,-0.9205151,0,0,0,1.045365,-0.1127465,-1.078197,-0.34608,0.20824,2.153,0.9997159,0.004328902,-0.02343693,-0.004158835,0.9999647,0.00730024,0.0234677,-0.007200696,0.9996986,static,-10.377276422259651,5.537021764704342,-9.131788585510678,5.524512396302768,-0.296322,0.1912314,2.161983,-0.1793156437073644,0.0949249690931908,0.979201189425428,-9.26989093854874,5.539388196219997,1.239880634204781,1.245550655648915,0.1389012215130851
423,05/15/2023 12:46:13.433097,728,True,True,True,True,Eyes,1.338153,-0.3033346,-3.231224,-0.15662,0.08726721,0.983796,0.0,0.0,0.0,0.0,0.0,0.0,0.0,-1.416178,0.3314884,3.205528,1.341626,-0.3038208,-3.240152,0.003335874,0.01178552,0.002234922,0.9999226,0.3792179,1.351426,0.2605951,0.381044,-0.08641738,-0.9205092,0,0,0,1.045508,-0.1114113,-1.078246,-0.34608,0.20824,2.153,0.9997122,0.004548129,-0.02355431,-0.004390869,0.9999678,0.00672391,0.02358413,-0.006618551,0.9997,static,-10.378964904093731,5.5161147177867695,-9.131788585510678,5.524512396302768,-0.2961179999999999,0.1924095,2.161906,-0.1793506500402405,0.0945670488699297,0.9792294815595368,-9.271519229979567,5.518447439749435,1.2418849417300843,1.2472045905298916,0.1398622061233301
424,05/15/2023 12:46:13.443286,729,True,True,True,True,Eyes,1.338204,-0.303333,-3.23123,-0.1565257,0.08742068,0.9837974,0.0,0.0,0.0,0.0,0.0,0.0,0.0,-1.415606,0.3296173,3.20602,1.341645,-0.3039127,-3.240182,0.002982988,0.01170351,0.002347861,0.9999245,0.3386526,1.34197,0.273031,0.3810584,-0.08641647,-0.9205033,0,0,0,1.045122,-0.1100533,-1.078461,-0.3460801,0.20824,2.153,0.999715,0.004765189,-0.02339124,-0.004625543,0.9999712,0.006020482,0.02341926,-0.005910569,0.9997082,static,-10.36243887549129,5.486467195304017,-9.131791179688037,5.524512396302768,-0.2965229999999998,0.1938593999999999,2.161721,-0.1790767565500702,0.0940651089826635,0.9793279659207628,-9.255335342058103,5.488901602712649,1.2264768351180135,1.2312356348420437,0.1285740591092909
425,05/15/2023 12:46:13.463193,730,True,True,True,True,Eyes,1.338253,-0.3033302,-3.231236,-0.1564371,0.08757544,0.9837977,0.0,0.0,0.0,0.0,0.0,0.0,0.0,-1.415613,0.3307482,3.205927,1.34164,-0.3038884,-3.240213,0.003184435,0.01170081,0.002295936,0.9999239,0.3618056,1.341699,0.2673509,0.3810725,-0.08641554,-0.9204975,0,0,0,1.045128,-0.1108651,-1.078416,-0.3460801,0.20824,2.153,0.9997156,0.004666043,-0.02338522,-0.004517001,0.9999692,0.006422115,0.02341447,-0.006314658,0.9997059,static,-10.357911857434743,5.517523055416651,-9.131791179688037,5.524512396302768,-0.2965119999999999,0.1930233,2.161797,-0.1789903041136208,0.0945974272622229,0.9792924671728952,-9.250943348217133,5.520023486962708,1.220888430418029,1.2261405984976053,0.1192366955775317
426,05/15/2023 12:46:13.473469,731,True,True,True,True,Eyes,1.338288,-0.3033281,-3.231242,-0.1563468,0.08775723,0.9837959,0.0,0.0,0.0,0.0,0.0,0.0,0.0,-1.415483,0.3301331,3.206065,1.341663,-0.303857,-3.240222,0.003087317,0.01167794,0.002311246,0.9999244,0.350663,1.339057,0.2689668,0.3810864,-0.08641457,-0.9204919,0,0,0,1.045046,-0.1104245,-1.078476,-0.3460802,0.20824,2.153,0.9997165,0.00469425,-0.02333985,-0.004550036,0.9999703,0.006228149,0.02336839,-0.006120186,0.9997082,static,-10.349825611473102,5.51713590158939,-9.131793773865358,5.524512396302768,-0.2966170000000001,0.1934325,2.161746,-0.17885217277558,0.0945932294794234,0.9793181543167832,-9.243039397712293,5.519699844360416,1.2128436001614618,1.2180541737132862,0.1113496721202682
427,05/15/2023 12:46:13.492648,732,True,True,True,True,Eyes,1.338323,-0.3033258,-3.231246,-0.1562531,0.08793717,0.9837947,0.0,0.0,0.0,0.0,0.0,0.0,0.0,-1.415556,0.3294738,3.206109,1.341653,-0.3038819,-3.240232,0.003002013,0.01168564,0.002262437,0.9999248,0.3409519,1.339899,0.2632622,0.3810996,-0.08641358,-0.9204865,0,0,0,1.045088,-0.1100497,-1.078515,-0.3460801,0.20824,2.153,0.9997166,0.004594694,-0.02335594,-0.004454373,0.9999717,0.00605645,0.02338311,-0.005950698,0.9997088,static,-10.3457292087215,5.5168168403687705,-9.131791179688037,5.524512396302768,-0.2965649999999999,0.1938321999999999,2.161717,-0.1787822241383747,0.0945889963523825,0.9793313162441476,-9.239035214226018,5.519412837453716,1.2087749675774817,1.2139624211295774,0.1073652105872224
428,05/15/2023 12:46:13.513154,733,True,True,True,True,Eyes,1.338353,-0.303324,-3.231252,-0.1561626,0.08808963,0.9837955,0.0,0.0,0.0,0.0,0.0,0.0,0.0,-1.416154,0.3289151,3.205878,1.341681,-0.3038732,-3.240198,0.002943922,0.0117682,0.002198561,0.9999241,0.3343601,1.349323,0.2558926,0.3811124,-0.08641259,-0.9204813,0,0,0,1.045497,-0.1097486,-1.078454,-0.34608,0.20824,2.153,0.9997134,0.004466077,-0.02352167,-0.004327498,0.999973,0.005939144,0.02354756,-0.005835651,0.9997056,static,-10.35058407390449,5.517892662498265,-9.131788585510678,5.524512396302768,-0.296184,0.1941246,2.161744,-0.1788649285748516,0.09460594619805,0.979314647415442,-9.24378152094452,5.520451350040647,1.2135868220601174,1.218813465385393,0.1120665413218042
429,05/15/2023 12:46:13.522866,734,True,True,True,True,Eyes,1.338382,-0.3033203,-3.231256,-0.1560589,0.08822937,0.9837993,0.0,0.0,0.0,0.0,0.0,0.0,0.0,-1.4167,0.3293379,3.205634,1.341672,-0.3038875,-3.24024,0.002985229,0.01185969,0.002249854,0.9999228,0.3389999,1.359837,0.2618569,0.3811245,-0.08641161,-0.9204764,0,0,0,1.045864,-0.1099735,-1.078426,-0.3460799,0.20824,2.153,0.9997085,0.004570168,-0.02370412,-0.004428553,0.999972,0.006023361,0.02373099,-0.005916631,0.9997008,static,-10.354647199085386,5.531876320371616,-9.131785991333285,5.524512396302768,-0.295808,0.1939139999999999,2.161814,-0.17893028459146,0.0948437973563417,0.979279567865758,-9.247767583975964,5.534416529503014,1.217400889316684,1.222883379886498,0.116403701343132
430,05/15/2023 12:46:13.542962,735,True,True,True,True,Eyes,1.338412,-0.3033171,-3.231261,-0.155937,0.08833619,0.9838091,0.0,0.0,0.0,0.0,0.0,0.0,0.0,-1.418063,0.3298853,3.204914,1.341683,-0.3038356,-3.240181,0.003064229,0.01207436,0.002282245,0.9999199,0.3479511,1.38447,0.2657506,0.3811361,-0.08641059,-0.9204717,0,0,0,1.04679,-0.1102817,-1.07821,-0.34608,0.20824,2.153,0.999698,0.004638121,-0.0241328,-0.004490126,0.9999708,0.006183081,0.02416077,-0.006072855,0.9996896,static,-10.37200412848699,5.5481472127243645,-9.131788585510678,5.524512396302768,-0.2948929999999998,0.1935539,2.1619710000000003,-0.1792222561809535,0.095116757322142,0.9791997554337192,-9.264749497364736,5.550566139142234,1.2345994967849137,1.2404407271560018,0.1354894888801619
431,05/15/2023 12:46:13.562980,736,True,True,True,True,Eyes,1.338439,-0.303314,-3.231269,-0.1558131,0.08842938,0.9838203,0.0,0.0,0.0,0.0,0.0,0.0,0.0,-1.419042,0.3298886,3.20452,1.341658,-0.3038477,-3.240229,0.003035147,0.01223712,0.002346495,0.9999179,0.3444852,1.403136,0.2731284,0.3811473,-0.08640953,-0.9204671,0,0,0,1.047443,-0.1102082,-1.078174,-0.3460802,0.20824,2.153,0.9996895,0.004766887,-0.02445798,-0.004618321,0.9999706,0.006127222,0.02448647,-0.006012366,0.999682,static,-10.382781902857364,5.551712786442303,-9.131793773865358,5.524512396302768,-0.2942150000000001,0.1936395,2.162055,-0.179405443580552,0.0951744578247634,0.9791605432523884,-9.275287513595533,5.554050032839539,1.2453325334057666,1.2512838047791806,0.1465023048075683
432,05/15/2023 12:46:13.572938,737,True,True,True,True,Eyes,1.338453,-0.3033105,-3.231279,-0.1556771,0.08849458,0.9838361,0.0,0.0,0.0,0.0,0.0,0.0,0.0,-1.419574,0.3307736,3.204277,1.34163,-0.3038439,-3.240324,0.003142069,0.01233159,0.002418556,0.9999161,0.3566091,1.41402,0.2815695,0.3811578,-0.08640845,-0.9204628,0,0,0,1.047796,-0.1107113,-1.078171,-0.3460802,0.20824,2.153,0.9996842,0.004914199,-0.02464592,-0.004759213,0.9999686,0.006343261,0.02467632,-0.006223962,0.9996761,static,-10.385139105977672,5.569242880837411,-9.131793773865358,5.524512396302768,-0.2938340000000001,0.1931326,2.162153,-0.1794405899139382,0.0954734260557867,0.9791251306270844,-9.277609937449132,5.571578582280287,1.2478685810808152,1.2541432684404263,0.1532239518638007
433,05/15/2023 12:46:13.593081,738,True,True,True,True,Eyes,1.338466,-0.3033081,-3.231289,-0.1555491,0.08855709,0.9838507,0.0,0.0,0.0,0.0,0.0,0.0,0.0,-1.419814,0.3310954,3.204151,1.341581,-0.3038324,-3.240359,0.003157747,0.01238503,0.00250256,0.9999151,0.3582712,1.420178,0.2912364,0.3811676,-0.08640734,-0.9204589,0,0,0,1.047945,-0.1108209,-1.078169,-0.34608,0.20824,2.153,0.9996806,0.005082913,-0.02475215,-0.004926478,0.9999675,0.006376947,0.02478375,-0.006252971,0.9996733,static,-10.38298794195111,5.57628697498056,-9.131788585510678,5.524512396302768,-0.293636,0.1930115,2.1621900000000003,-0.1794017309031,0.0955944881861249,0.9791204182162544,-9.275514803498773,5.578646535337415,1.2458772644705387,1.252270113256008,0.1535829767460694
434,05/15/2023 12:46:13.612961,739,True,True,True,True,Eyes,1.338453,-0.3033047,-3.231294,-0.1554273,0.08858061,0.9838678,0.0,0.0,0.0,0.0,0.0,0.0,0.0,-1.419555,0.3313819,3.204241,1.341541,-0.3038598,-3.240378,0.003132982,0.01236584,0.002654325,0.9999151,0.3552239,1.418026,0.3085843,0.3811766,-0.08640625,-0.9204552,0,0,0,1.047761,-0.1108389,-1.078207,-0.3460802,0.20824,2.153,0.99968,0.005385682,-0.02471296,-0.005230715,0.9999663,0.006331078,0.02474622,-0.006199786,0.9996745,static,-10.372074113774136,5.577560664601614,-9.131793773865358,5.524512396302768,-0.2937800000000001,0.1930209,2.1621710000000003,-0.1792147833412903,0.0956195626971199,0.979152173357976,-9.264848909066613,5.580007694663228,1.23504643202445,1.2414142903695518,0.1441644794793098
435,05/15/2023 12:46:13.632909,740,True,True,True,True,Eyes,1.338441,-0.3033013,-3.231301,-0.1553211,0.08860365,0.9838825,0.0,0.0,0.0,0.0,0.0,0.0,0.0,-1.419313,0.330963,3.204294,1.341543,-0.3038371,-3.240283,0.003039183,0.0123354,0.002730078,0.9999157,0.3443783,1.414533,0.3171208,0.3811844,-0.08640517,-0.9204521,0,0,0,1.047599,-0.1104601,-1.078167,-0.3460802,0.20824,2.153,0.9996807,0.005534675,-0.02465212,-0.005384717,0.9999666,0.006145206,0.02468531,-0.006010499,0.9996772,static,-10.361469807263571,5.569397106893815,-9.131793773865358,5.524512396302768,-0.293944,0.193377,2.162116,-0.1790359133817424,0.0954832121765402,0.9791982039489234,-9.254475594100516,5.571919966758967,1.2243217031437938,1.2304949347148106,0.131523027462004
436,05/15/2023 12:46:13.643244,741,True,True,True,True,Eyes,1.338405,-0.3033005,-3.231306,-0.155232,0.08860123,0.9838967,0.0,0.0,0.0,0.0,0.0,0.0,0.0,-1.418413,0.3310092,3.20471,1.341522,-0.3038353,-3.240314,0.0030241,0.01220347,0.002783102,0.9999173,0.3426177,1.399427,0.32313,0.381191,-0.08640409,-0.9204494,0,0,0,1.046987,-0.1104286,-1.078281,-0.34608,0.20824,2.153,0.9996867,0.005639553,-0.02438807,-0.005491935,0.9999662,0.006115625,0.02442174,-0.00597977,0.9996839,static,-10.34057409658358,5.5681334465078205,-9.131788585510678,5.524512396302768,-0.2945350000000002,0.1934067,2.162033,-0.1786790383698365,0.0954679030451349,0.9792648001372242,-9.234050676587746,5.570820169621991,1.2035138430678918,1.209572324336484,0.1122583856165716
437,05/15/2023 12:46:13.663122,742,True,True,True,True,Eyes,1.338372,-0.3032977,-3.231309,-0.15515,0.08860075,0.9839097,0.0,0.0,0.0,0.0,0.0,0.0,0.0,-1.417856,0.3308285,3.204982,1.341595,-0.3039026,-3.240284,0.002975408,0.01210764,0.002807216,0.9999185,0.3370358,1.388436,0.3257925,0.381196,-0.08640312,-0.9204475,0,0,0,1.046635,-0.1103021,-1.078326,-0.3460801,0.20824,2.153,0.999691,0.005686023,-0.02419659,-0.005541923,0.9999665,0.006018308,0.02423001,-0.005882353,0.999689,static,-10.324483060752316,5.562655176118346,-9.131791179688037,5.524512396302768,-0.2949600000000001,0.1936005,2.1619580000000003,-0.1784055430855229,0.0953790841868542,0.979323340705555,-9.218317432299571,5.565463695187098,1.1874120910865942,1.1933016361376148,0.0957277455668356
438,05/15/2023 12:46:13.673127,743,True,True,True,True,Eyes,1.338323,-0.3032956,-3.23131,-0.1550861,0.08854184,0.9839252,0.0,0.0,0.0,0.0,0.0,0.0,0.0,-1.417584,0.3305816,3.205085,1.341614,-0.3038553,-3.240238,0.00295662,0.01205945,0.002778975,0.9999191,0.3349379,1.382898,0.3225143,0.3811997,-0.08640219,-0.920446,0,0,0,1.046457,-0.1101561,-1.078316,-0.3460799,0.20824,2.153,0.9996936,0.00562881,-0.02410051,-0.00548619,0.999967,0.005979787,0.02413338,-0.005845735,0.9996917,static,-10.315469652084053,5.55631624264834,-9.131785991333285,5.524512396302768,-0.2951570000000001,0.1936992,2.161922,-0.1782533136375296,0.0952734191128582,0.9793614689309668,-9.2095009933694,5.5591897997092685,1.178373507004134,1.1841108450524032,0.085100786415231
439,05/15/2023 12:46:13.692703,744,True,True,True,True,Eyes,1.338277,-0.3032926,-3.231312,-0.1550198,0.0884778,0.9839414,0.0,0.0,0.0,0.0,0.0,0.0,0.0,-1.417536,0.3304049,3.205105,1.341639,-0.3038755,-3.240207,0.002941939,0.01204439,0.002741972,0.9999195,0.3333116,1.381155,0.3182489,0.3812019,-0.08640134,-0.9204452,0,0,0,1.046431,-0.1100893,-1.078299,-0.3460799,0.20824,2.153,0.9996948,0.00555437,-0.02407071,-0.005412634,0.9999677,0.005949454,0.02410298,-0.005817353,0.9996925,static,-10.310209991029945,5.550053841368962,-9.131785991333285,5.524512396302768,-0.2952080000000001,0.1937862,2.161908,-0.17816521375667,0.0951679171253246,0.9793877486858344,-9.204353569189053,5.552962853095169,1.173096833254559,1.1787007629068302,0.07794537733278
440,05/15/2023 12:46:13.712691,745,True,True,True,True,Eyes,1.338238,-0.3032913,-3.231315,-0.1549134,0.08841959,0.9839633,0.0,0.0,0.0,0.0,0.0,0.0,0.0,-1.417953,0.3308689,3.20489,1.341658,-0.3038501,-3.240218,0.003049817,0.01209933,0.002667139,0.9999186,0.3457591,1.387461,0.3098423,0.3812026,-0.08640054,-0.920445,0,0,0,1.04672,-0.1104809,-1.078237,-0.34608,0.20824,2.153,0.999693,0.005407645,-0.02418041,-0.005260042,0.9999672,0.006163679,0.02421295,-0.006034597,0.9996886,static,-10.311224787622052,5.557584725050695,-9.131788585510678,5.524512396302768,-0.2949379999999999,0.1933692,2.161981,-0.178180344640645,0.095296371727643,0.979372415101378,-9.205353376160776,5.560493056096078,1.1741586646803606,1.179899798194623,0.0818925289788672
441,05/15/2023 12:46:13.722904,746,True,True,True,True,Eyes,1.338201,-0.3032879,-3.231317,-0.1548037,0.08836471,0.9839855,0.0,0.0,0.0,0.0,0.0,0.0,0.0,-1.418575,0.3309173,3.204635,1.341679,-0.3038931,-3.240231,0.00305814,0.01219139,0.002649301,0.9999176,0.346709,1.398007,0.3078419,0.3812023,-0.0863998,-0.9204451,0,0,0,1.047145,-0.1105475,-1.078192,-0.3460801,0.20824,2.153,0.9996887,0.005372731,-0.02436456,-0.005223599,0.9999672,0.006180373,0.02439697,-0.006051179,0.999684,static,-10.315555011365092,5.555056511402966,-9.131791179688037,5.524512396302768,-0.2945340000000001,0.1933456,2.162039,-0.178255125897425,0.0952518456024766,0.9793631439450534,-9.209583096001833,5.557928166734902,1.1784424011379957,1.184157824005735,0.084665199210453
442,05/15/2023 12:46:13.743080,747,True,True,True,True,Eyes,1.338144,-0.3032847,-3.231319,-0.1546727,0.08830976,0.9840111,0.0,0.0,0.0,0.0,0.0,0.0,0.0,-1.419211,0.3306877,3.204377,1.341697,-0.303838,-3.240229,0.003055307,0.01228203,0.002592356,0.9999166,0.3464368,1.408374,0.3013443,0.3812012,-0.08639907,-0.9204457,0,0,0,1.047578,-0.1104427,-1.078138,-0.3460802,0.20824,2.153,0.9996849,0.005259331,-0.02454616,-0.00510923,0.9999679,0.006173783,0.02457784,-0.006046426,0.9996796,static,-10.318872561125408,5.550459285688111,-9.131793773865358,5.524512396302768,-0.294119,0.1933953,2.162091,-0.1783132082824179,0.0951722529613584,0.9793603753358864,-9.212820841431594,5.553300250544392,1.1817133262624913,1.187362323906047,0.0859891052995687
443,05/15/2023 12:46:13.762896,748,True,True,True,True,Eyes,1.338088,-0.3032824,-3.23132,-0.1545299,0.08825527,0.9840384,0.0,0.0,0.0,0.0,0.0,0.0,0.0,-1.419662,0.3297175,3.204298,1.341716,-0.3038535,-3.24024,0.002956035,0.01233634,0.002466751,0.9999166,0.3352231,1.414525,0.2868302,0.3811987,-0.08639837,-0.9204468,0,0,0,1.047881,-0.1099487,-1.078156,-0.34608,0.20824,2.153,0.9996834,0.005006024,-0.02465603,-0.004860158,0.9999704,0.005972437,0.0246852,-0.005850715,0.9996781,static,-10.317905719169858,5.533396936782324,-9.131788585510678,5.524512396302768,-0.2938349999999998,0.1939048,2.162084,-0.1783016608239345,0.0948808003902811,0.979390732453636,-9.2118578575125,5.536228917233058,1.1808019956939586,1.1861504077558631,0.0809219697091672
444,05/15/2023 12:46:13.773161,749,True,True,True,True,Eyes,1.338007,-0.3032837,-3.231322,-0.1543713,0.08816665,0.9840713,0.0,0.0,0.0,0.0,0.0,0.0,0.0,-1.421012,0.3296938,3.203655,1.341677,-0.3038712,-3.240208,0.002996848,0.01254228,0.002356089,0.9999142,0.3399997,1.438101,0.2742777,0.3811952,-0.08639772,-0.9204483,0,0,0,1.048777,-0.1100699,-1.077988,-0.34608,0.20824,2.153,0.9996743,0.004786947,-0.02506829,-0.004636598,0.9999709,0.006052282,0.02509653,-0.005934079,0.9996674,static,-10.333438314038856,5.531031709797769,-9.131788585510678,5.524512396302768,-0.2928999999999999,0.1938013,2.16222,-0.178567943846487,0.0948357218444302,0.979346647113414,-9.227037009835374,5.533738664796509,1.196291862829753,1.2016674130225429,0.0956942337168543
445,05/15/2023 12:46:13.793437,750,True,True,True,True,Eyes,1.337933,-0.303281,-3.231325,-0.1542333,0.08807693,0.9841009,0.0,0.0,0.0,0.0,0.0,0.0,0.0,-1.420576,0.3310164,3.203746,1.341669,-0.3039613,-3.240236,0.00303231,0.012512,0.002719743,0.9999136,0.3435495,1.434766,0.3159875,0.3811899,-0.08639725,-0.9204505,0,0,0,1.048493,-0.1105462,-1.078019,-0.34608,0.20824,2.153,0.9996721,0.005514896,-0.02500535,-0.005363136,0.9999669,0.006132154,0.02503833,-0.005996036,0.9996685,static,-10.318142420356756,5.53661995624292,-9.131788585510678,5.524512396302768,-0.2931760000000001,0.1934151,2.162217,-0.1783047654685227,0.094935838083646,0.9793848248091734,-9.212092608296388,5.539453206632361,1.1810106950940786,1.1864156162414998,0.0816820903801597
446,05/15/2023 12:46:13.813033,751,True,True,True,True,Eyes,1.337857,-0.3032738,-3.231325,-0.154099,0.08800374,0.9841285,0.0,0.0,0.0,0.0,0.0,0.0,0.0,-1.419499,0.3313381,3.204255,1.341764,-0.3038624,-3.24027,0.003086167,0.01233186,0.002746762,0.9999155,0.3497394,1.414149,0.3190978,0.3811834,-0.08639681,-0.9204533,0,0,0,1.047799,-0.1106989,-1.078137,-0.34608,0.20824,2.153,0.9996808,0.005569175,-0.02464468,-0.005416942,0.9999659,0.006239558,0.02467859,-0.006104067,0.9996768,static,-10.289427774919348,5.538467629631938,-9.131788585510678,5.524512396302768,-0.293965,0.1931635,2.1621330000000003,-0.1778132275986507,0.094976006884512,0.9794703052030014,-9.18402869986485,5.541529550967992,1.152411958884972,1.1577233008763508,0.0549419065981249
447,05/15/2023 12:46:13.822934,752,True,True,True,True,Eyes,1.337784,-0.3032681,-3.231322,-0.1539681,0.08796661,0.9841522,0.0,0.0,0.0,0.0,0.0,0.0,0.0,-1.419247,0.3292145,3.204538,1.341805,-0.3037588,-3.240216,0.002924073,0.01225028,0.002393533,0.9999179,0.3316885,1.404629,0.2783666,0.3811757,-0.08639628,-0.9204565,0,0,0,1.047627,-0.1096699,-1.078195,-0.34608,0.20824,2.153,0.9996884,0.004858313,-0.02448454,-0.00471503,0.9999714,0.005906309,0.02451254,-0.005789023,0.9996827,static,-10.275858748510217,5.5105588112076695,-9.131788585510678,5.524512396302768,-0.2941779999999998,0.1940889,2.162021,-0.1775892754375695,0.0945027680148557,0.9795565982343396,-9.170736835492516,5.513700749049653,1.13937493935921,1.144155251879218,0.040421008064786
448,05/15/2023 12:46:13.843184,753,True,True,True,True,Eyes,1.337687,-0.3032666,-3.231318,-0.1538419,0.08792352,0.9841759,0.0,0.0,0.0,0.0,0.0,0.0,0.0,-1.419426,0.3261605,3.204673,1.341806,-0.3038002,-3.240114,0.002539567,0.01225494,0.00216987,0.9999194,0.2879435,1.404989,0.252199,0.381167,-0.08639573,-0.9204601,0,0,0,1.047732,-0.1079081,-1.078242,-0.3460801,0.20824,2.153,0.9996902,0.004401634,-0.02449688,-0.004277145,0.9999776,0.005131907,0.02451892,-0.00502554,0.9996867,static,-10.270739576317103,5.459453011645882,-9.131791179688037,5.524512396302768,-0.2940739999999999,0.1958921,2.161872,-0.1775164738691932,0.0936302613797905,0.9796536905277344,-9.165679451965048,5.462585604674495,1.1368601612648854,1.1408050550886677,0.0705927936781959
449,05/15/2023 12:46:13.863472,754,True,True,True,True,Eyes,1.337596,-0.3032664,-3.231313,-0.153733,0.08785564,0.9841989,0.0,0.0,0.0,0.0,0.0,0.0,0.0,-1.419336,0.3286557,3.20444,1.341801,-0.303901,-3.240089,0.002898596,0.012246,0.002199317,0.9999185,0.329043,1.404068,0.2560753,0.3811569,-0.08639529,-0.9204643,0,0,0,1.047681,-0.1095776,-1.078081,-0.34608,0.20824,2.153,0.9996904,0.004469268,-0.02447725,-0.004327284,0.9999735,0.005850584,0.02450275,-0.005742852,0.9996833,static,-10.263583605088764,5.49712737461892,-9.131788585510678,5.524512396302768,-0.2941199999999999,0.1943233999999999,2.162008,-0.1773832349381384,0.0942766981670293,0.9796157489932588,-9.158724881712228,5.500353211011112,1.127619050118667,1.1321262764172482,0.0361832873992147
450,05/15/2023 12:46:13.872897,755,True,True,True,True,Eyes,1.337507,-0.3032632,-3.231307,-0.1512598,0.08788284,0.9845797,0.0,0.0,0.0,0.0,0.0,0.0,0.0,-1.418337,0.3312676,3.204608,1.341834,-0.3039231,-3.240068,0.003194406,0.01211102,0.002447447,0.9999186,0.362628,1.388767,0.2848741,0.3811455,-0.08639498,-0.920469,0,0,0,1.047036,-0.1110369,-1.078025,-0.3460801,0.20824,2.153,0.9996946,0.00497187,-0.02420443,-0.00481712,0.9999676,0.006447574,0.0242357,-0.006329009,0.9996862,static,-10.10196088264461,5.534105857477157,-9.131791179688037,5.524512396302768,-0.2947979999999999,0.1928862,2.162043,-0.1746078638234001,0.0949567803315033,0.9800486774006172,-9.000792904841312,5.538644681714714,0.965800074446098,0.9702171339613366,0.1317583754597132
451,05/15/2023 12:46:13.893162,756,True,True,True,True,Eyes,1.337422,-0.3032586,-3.231303,-0.1488826,0.08789653,0.9849407,0.0,0.0,0.0,0.0,0.0,0.0,0.0,-1.418086,0.3335254,3.204523,1.341874,-0.3038583,-3.240096,0.003535371,0.01207138,0.002492995,0.9999177,0.4016452,1.384344,0.2905515,0.3811333,-0.0863947,-0.9204742,0,0,0,1.046891,-0.1124735,-1.077944,-0.34608,0.20824,2.153,0.9996961,0.005070933,-0.02412315,-0.004900225,0.9999626,0.007130348,0.02415841,-0.007009972,0.9996836,static,-9.959056325611,5.571932510236493,-9.131788585510678,5.524512396302768,-0.294983,0.1913848,2.162152,-0.1721515139181576,0.0956457696835989,0.9804161127208229,-8.861157062456428,5.577637258783713,0.8241820893674238,0.8286257182927528,0.275796432689552
452,05/15/2023 12:46:13.912836,757,True,True,True,True,Eyes,1.337373,-0.3032518,-3.231303,-0.1466619,0.08789219,0.9852742,0.0,0.0,0.0,0.0,0.0,0.0,0.0,-1.418242,0.3342348,3.204424,1.341878,-0.3038193,-3.240142,0.003696664,0.01208485,0.002387428,0.9999173,0.4202691,1.385892,0.2786843,0.3811202,-0.08639442,-0.9204796,0,0,0,1.046998,-0.1130629,-1.07792,-0.34608,0.20824,2.153,0.9996965,0.004863809,-0.02415006,-0.004685114,0.9999612,0.00745042,0.02418536,-0.007335014,0.9996806,static,-9.83268947313264,5.585620903551397,-9.131788585510678,5.524512396302768,-0.2948799999999998,0.1907564,2.162222,-0.1699843202316693,0.0959166200823454,0.9807677258289051,-8.737659819114576,5.592337396938935,0.6994277771993611,0.7035597372841986,0.3999221364368437
453,05/15/2023 12:46:13.923140,758,True,True,True,True,Eyes,1.337325,-0.3032454,-3.231303,-0.1445412,0.08790366,0.9855865,0.0,0.0,0.0,0.0,0.0,0.0,0.0,-1.417742,0.3329108,3.204837,1.341873,-0.3037754,-3.2402,0.003520286,0.0120015,0.002335367,0.9999191,0.4001539,1.376267,0.2724407,0.3811072,-0.08639402,-0.920485,0,0,0,1.046651,-0.1122248,-1.078096,-0.34608,0.20824,2.153,0.999701,0.004754853,-0.02398462,-0.004585858,0.9999643,0.007096058,0.0240175,-0.006983946,0.9996871,static,-9.70003315966516,5.5624236880710685,-9.131788585510678,5.524512396302768,-0.2952220000000001,0.1915505999999999,2.162104,-0.1677189275750158,0.0955571465180698,0.9811927201133812,-8.607976336319851,5.570165682069418,0.5663736428935404,0.5695078244410238,0.5257979601554622
454,05/15/2023 12:46:13.943161,759,True,True,True,True,Eyes,1.337281,-0.3032416,-3.231304,-0.1425399,0.08790584,0.9858778,0.0,0.0,0.0,0.0,0.0,0.0,0.0,-1.41679,0.3316268,3.20541,1.341883,-0.3037813,-3.240215,0.003315293,0.01185191,0.002346858,0.9999216,0.3766901,1.359071,0.2734185,0.3810945,-0.08639352,-0.9204904,0,0,0,1.046006,-0.1113544,-1.078278,-0.34608,0.20824,2.153,0.999708,0.004771933,-0.02368641,-0.004614763,0.999967,0.006685696,0.02371753,-0.006574437,0.9996971,static,-9.566063581051704,5.536588150201196,-9.131788585510678,5.524512396302768,-0.2958769999999999,0.1924268999999999,2.161937,-0.165430697074806,0.0951520048198161,0.9816205360398028,-8.477006479449653,5.545363450320382,0.432337095155595,0.4344428565235864,0.6551140151693885
455,05/15/2023 12:46:13.963000,760,True,True,True,True,Eyes,1.337239,-0.3032375,-3.231309,-0.1406257,0.08789664,0.9861534,0.0,0.0,0.0,0.0,0.0,0.0,0.0,-1.41621,0.3306014,3.205822,1.341886,-0.3038467,-3.240257,0.003164382,0.01175605,0.002304046,0.9999233,0.3594821,1.348027,0.2682731,0.3810818,-0.08639301,-0.9204956,0,0,0,1.04561,-0.1107416,-1.078435,-0.3460799,0.20824,2.153,0.9997129,0.00468214,-0.02349572,-0.004533338,0.9999694,0.006382451,0.02352488,-0.006274106,0.9997035,static,-9.444000137496602,5.515582032240265,-9.131785991333285,5.524512396302768,-0.296276,0.1931051,2.161822,-0.1633441683958444,0.0948255256077585,0.9820013938379224,-8.357678837252525,5.525301274748239,0.3111029648670038,0.3123418391230656,0.7741075560464526
456,05/15/2023 12:46:13.973037,761,True,True,True,True,Eyes,1.337182,-0.3032325,-3.231313,-0.1387987,0.08789182,0.9864127,2.171098,1.035836,-0.1124107,-1.089714,-0.6507872,-0.1111444,-0.7510812,-0.3551831,0.2071293,2.141592,1.341899,-0.3038334,-3.240332,0.003296739,0.01166154,0.002351894,0.9999238,0.3746095,1.337251,0.2738991,0.3810694,-0.08639245,-0.9205008,0,0,0,1.045198,-0.1113312,-1.078514,-0.3460801,0.20824,2.153,0.9997169,0.00478032,-0.0233058,-0.00462654,0.9999672,0.00664783,0.02333681,-0.006538123,0.9997063,static,-9.326644570534516,5.52906667587435,-9.131791179688037,5.524512396302768,-0.2967009999999999,0.1925021999999999,2.161818,-0.1613283954543358,0.0950885977922413,0.982309204505347,-8.242989060357566,5.539726267677551,0.1939765137023906,0.1949066068320606,0.8889323198132382
457,05/15/2023 12:46:13.992900,762,True,True,True,True,Eyes,1.337129,-0.3032241,-3.231318,-0.1370423,0.08790868,0.9866568,2.167611,1.040074,-0.1126723,-1.09263,-0.3299511,-0.138737,-0.9337475,-0.3507181,0.2060916,2.13888,1.341922,-0.3038182,-3.240335,0.003121857,0.01162175,0.002394484,0.9999247,0.354525,1.332657,0.278531,0.3810568,-0.08639185,-0.9205061,0,0,0,1.045029,-0.1105889,-1.078608,-0.3460801,0.20824,2.153,0.9997184,0.004861171,-0.0232268,-0.004716045,0.999969,0.006298902,0.0232567,-0.006187589,0.9997104,static,-9.2193343821899,5.508645140319187,-9.131791179688037,5.524512396302768,-0.2968930000000001,0.1932293,2.161727,-0.1594932507816488,0.0947671089086819,0.982639947803398,-8.138081949201453,5.520132680429497,0.0887913628495326,0.0889695572470208,0.9937188821117212
458,05/15/2023 12:46:14.012956,763,True,True,True,True,Eyes,1.337055,-0.3032182,-3.23132,-0.1353422,0.08790324,0.9868919,2.166451,1.043843,-0.1127801,-1.093266,-0.08782219,-0.2316315,-0.9688312,-0.3470761,0.2046849,2.138448,1.341948,-0.303733,-3.240355,0.002855717,0.01163977,0.002313559,0.9999256,0.3241326,1.334619,0.2689088,0.3810441,-0.08639111,-0.9205115,0,0,0,1.045161,-0.1093027,-1.078722,-0.34608,0.20824,2.153,0.9997183,0.004693253,-0.02326459,-0.004560293,0.9999729,0.005764868,0.02329101,-0.00565715,0.9997127,static,-9.12310954822456,5.474540742775405,-9.131788585510678,5.524512396302768,-0.2967869999999999,0.1944302999999999,2.161633,-0.1578511606745625,0.09420736543306,0.9829588477453176,-8.04399530139328,5.486755316419874,0.0499715491484267,0.0507197382137629,1.088448357090127
459,05/15/2023 12:46:14.022912,764,True,True,True,True,Eyes,1.336983,-0.3032232,-3.231323,-0.1337048,0.08788963,0.9871162,2.166101,1.047365,-0.1128453,-1.093129,0.1246229,-0.212993,-0.9690733,-0.3438779,0.2049394,2.138522,1.341967,-0.3036438,-3.240298,0.002960844,0.01170683,0.002271842,0.9999246,0.3362163,1.34232,0.2642917,0.3810309,-0.08639035,-0.920517,0,0,0,1.045488,-0.1096399,-1.078584,-0.3460799,0.2082399,2.153,0.9997156,0.004612665,-0.02339845,-0.004474017,0.9999722,0.005974433,0.02342535,-0.005868048,0.9997084,static,-9.036257954203611,5.483446668183805,-9.131785991333285,5.52450975976074,-0.2964789999999999,0.1940039,2.161714,-0.156358342379629,0.0943828383887404,0.9831805030069486,-7.959115452644462,5.496356122154438,0.1028293430396869,0.1039797257531645,1.1730084482301038
460,05/15/2023 12:46:14.042887,765,True,True,True,True,Eyes,1.33691,-0.3032196,-3.231329,-0.1321111,0.08783725,0.9873354,2.166329,1.050714,-0.1129352,-1.092436,0.3318851,-0.1718166,-0.9275405,-0.3407898,0.2055542,2.139228,1.341954,-0.3037594,-3.240331,0.003095467,0.01177015,0.002307219,0.9999234,0.3515774,1.349625,0.2685486,0.3810172,-0.08638987,-0.9205227,0,0,0,1.045737,-0.1103588,-1.078527,-0.3460801,0.20824,2.153,0.9997123,0.004686952,-0.02352421,-0.004541215,0.9999701,0.006244771,0.02355278,-0.006136146,0.9997038,static,-8.950751246313278,5.494824418532547,-9.131791179688037,5.524512396302768,-0.2962170000000002,0.1934006,2.161804,-0.1548876826233629,0.0946002598067508,0.9833923499499028,-7.87555270897792,5.508420535272721,0.1821773777165042,0.1834579883799621,1.256341531305681
461,05/15/2023 12:46:14.063158,766,True,True,True,True,Eyes,1.336841,-0.3032102,-3.231329,-0.1305844,0.08781192,0.9875408,2.167387,1.053814,-0.1128877,-1.090945,0.5374377,-0.168275,-0.8263439,-0.3377669,0.2077549,2.140663,1.34197,-0.303837,-3.240408,0.003555322,0.01179334,0.002478794,0.9999211,0.4040312,1.35248,0.2888395,0.3810031,-0.08638939,-0.9205286,0,0,0,1.045792,-0.1125316,-1.078413,-0.3460799,0.20824,2.153,0.9997095,0.005041054,-0.02356719,-0.004873338,0.9999624,0.007168549,0.02360245,-0.007051616,0.9996965,static,-8.863557207585224,5.547333469511611,-9.131785991333285,5.524512396302768,-0.296178,0.1913054,2.161995,-0.153377369570422,0.0955242374802929,0.9835398075520654,-7.790384119297639,5.561669653326269,0.268327284307121,0.2691978488275238,1.3419164072513017
462,05/15/2023 12:46:14.072740,767,True,True,True,True,Eyes,1.336775,-0.3032019,-3.23133,-0.1291015,0.0877866,0.987738,2.16951,1.056689,-0.1127481,-1.088423,0.7363505,-0.1158128,-0.6666148,-0.3348128,0.2063843,2.143275,1.342026,-0.3036937,-3.24027,0.003240534,0.0117448,0.002449523,0.9999229,0.3680149,1.346812,0.2850413,0.3809887,-0.08638874,-0.9205346,0,0,0,1.045644,-0.111011,-1.078425,-0.3460799,0.20824,2.153,0.9997121,0.004974787,-0.02347191,-0.004822548,0.999967,0.006538107,0.02350366,-0.00642303,0.9997031,static,-8.771800978720778,5.507535058043343,-9.131785991333285,5.524512396302768,-0.2963819999999999,0.1926827,2.1618450000000005,-0.1518117096893228,0.0948642358034074,0.983846544260054,-7.700659108659889,5.522557422006623,0.3585398632577005,0.3603851263856489,1.4311282179577638
463,05/15/2023 12:46:14.093530,768,True,True,True,True,Eyes,1.336711,-0.3031981,-3.231334,-0.1276732,0.08774066,0.9879277,2.172551,1.059335,-0.1125771,-1.085011,0.8869765,-0.1516663,-0.4361996,-0.3326219,0.2058655,2.146781,1.342054,-0.3037192,-3.240288,0.003114842,0.01179708,0.002148432,0.9999234,0.354005,1.35266,0.2503896,0.3809741,-0.086388,-0.9205408,0,0,0,1.046017,-0.1102999,-1.078461,-0.34608,0.20824,2.153,0.9997124,0.004370026,-0.02357896,-0.004223042,0.9999713,0.006279896,0.02360573,-0.006178515,0.9997023,static,-8.69785681549695,5.484164332579834,-9.131788585510678,5.524512396302768,-0.2960370000000001,0.1934193,2.161827,-0.1505473650005686,0.0944813993064057,0.984077621897406,-7.628361029427514,5.49974815076284,0.4332715795204602,0.4358035650077193,1.5036314988212236
464,05/15/2023 12:46:14.112832,769,True,True,True,True,Eyes,1.336637,-0.3031923,-3.231333,-0.1262785,0.0877233,0.9881085,0.0,0.0,0.0,0.0,0.0,0.0,0.0,-1.41705,0.3314794,3.205512,1.342016,-0.3038188,-3.240355,0.003390665,0.01184702,0.002103121,0.9999219,0.3856591,1.358438,0.2455905,0.3809594,-0.08638727,-0.9205469,0,0,0,1.046217,-0.1115606,-1.078392,-0.34608,0.20824,2.153,0.9997104,0.004286252,-0.02367793,-0.004125575,0.9999682,0.006830633,0.02370645,-0.00673097,0.9996963,static,-8.623466691339367,5.512738707865692,-9.131788585510678,5.524512396302768,-0.2957990000000001,0.1922582,2.161963,-0.1492622915626972,0.0949908831413988,0.9842243367926128,-7.5556818260383265,5.528938112206039,0.50603838874091,0.50845822624216,1.5761129731766357
465,05/15/2023 12:46:14.122936,770,True,True,True,True,Eyes,1.336565,-0.3031881,-3.231333,-0.1249369,0.08772146,0.9882792,0.0,0.0,0.0,0.0,0.0,0.0,0.0,-1.417867,0.3301253,3.205191,1.342023,-0.3037711,-3.240258,0.003163108,0.01197864,0.002161126,0.999921,0.3594727,1.373484,0.2519748,0.3809443,-0.08638652,-0.9205532,0,0,0,1.046767,-0.1105669,-1.078305,-0.34608,0.20824,2.153,0.9997037,0.00439769,-0.02394171,-0.004246131,0.9999707,0.00637749,0.02396906,-0.006273941,0.999693,static,-8.559826110058905,5.486287342873098,-9.131788585510678,5.524512396302768,-0.2952559999999999,0.1932042,2.161953,-0.1481752029583707,0.0945521241773707,0.9844308333857558,-7.49345127824255,5.502963792753771,0.570143460999058,0.5732383692972944,1.638479012591096
466,05/15/2023 12:46:14.143374,771,True,True,True,True,Eyes,1.336497,-0.3031859,-3.231333,-0.1236354,0.08770638,0.9884441,0.0,0.0,0.0,0.0,0.0,0.0,0.0,-1.418083,0.3290747,3.20522,1.342028,-0.3038095,-3.240269,0.002967532,0.01201705,0.002223078,0.999921,0.3369679,1.377856,0.2588176,0.3809291,-0.08638579,-0.9205596,0,0,0,1.04691,-0.1098007,-1.078369,-0.3460802,0.20824,2.153,0.9997013,0.004517126,-0.024019,-0.004374483,0.9999725,0.005988025,0.02404539,-0.005881166,0.9996936,static,-8.487843397004317,5.462659645313177,-9.131793773865358,5.524512396302768,-0.295118,0.1940088,2.1619,-0.1469437310133603,0.094163636032462,0.9846525324274008,-7.423070060557664,5.479881801881723,0.6431458027168636,0.6469140983658158,1.7093064729235683
467,05/15/2023 12:46:14.162907,772,True,True,True,True,Eyes,1.336432,-0.3031811,-3.231332,-0.1223817,0.08768273,0.9886023,0.0,0.0,0.0,0.0,0.0,0.0,0.0,-1.418395,0.3302136,3.204988,1.342031,-0.3038526,-3.240287,0.003135203,0.01206645,0.002228499,0.99992,0.3561599,1.383564,0.2596877,0.3809137,-0.08638514,-0.920566,0,0,0,1.047127,-0.1105706,-1.078293,-0.34608,0.20824,2.153,0.9996988,0.004532304,-0.02411699,-0.00438098,0.9999704,0.006323684,0.02414494,-0.006216124,0.9996891,static,-8.420933616040665,5.479414859858749,-9.131788585510678,5.524512396302768,-0.294904,0.1932819999999999,2.161994,-0.1457895504942104,0.0944678934411178,0.98479504125271,-7.357689726986064,5.497181986298292,0.7084829536198443,0.7122840552852021,1.774309361731869
468,05/15/2023 12:46:14.172962,773,True,True,True,True,Eyes,1.336378,-0.3031741,-3.23133,-0.1211678,0.08764386,0.9887552,0.0,0.0,0.0,0.0,0.0,0.0,0.0,-1.418727,0.3307217,3.204744,1.342036,-0.3037814,-3.240247,0.003257299,0.01211036,0.002153307,0.9999192,0.370243,1.388601,0.2512572,0.3808982,-0.08638448,-0.9205725,0,0,0,1.047354,-0.1109779,-1.078181,-0.3460801,0.20824,2.153,0.9996974,0.00438516,-0.02420473,-0.004227372,0.9999695,0.006566224,0.02423279,-0.006461916,0.9996855,static,-8.356490622659365,5.488858852190871,-9.131791179688037,5.524512396302768,-0.2946820000000001,0.1928034999999999,2.1620660000000003,-0.1446793531022616,0.0946457969547173,0.984941615215997,-7.294712738000055,5.507144335630882,0.7721774133290252,0.7761199191727447,1.837160540194091
469,05/15/2023 12:46:14.198533,774,True,True,True,True,Eyes,1.336325,-0.3031685,-3.231328,-0.1200027,0.08761798,0.9888996,0.0,0.0,0.0,0.0,0.0,0.0,0.0,-1.419127,0.3300206,3.204615,1.342031,-0.3037257,-3.240231,0.003194554,0.01216454,0.002065922,0.9999188,0.3631618,1.394763,0.2411766,0.3808831,-0.08638374,-0.9205788,0,0,0,1.047617,-0.1105948,-1.078157,-0.34608,0.20824,2.153,0.9996955,0.00420923,-0.02431391,-0.004053788,0.999971,0.006438849,0.02434031,-0.006338326,0.9996836,static,-8.295972855947312,5.477751171027548,-9.131788585510678,5.524512396302768,-0.2944139999999999,0.1931309,2.162074,-0.1436413661427883,0.0944692862504801,0.9851104959316432,-7.235550622085262,5.496503975903226,0.8327544163404895,0.837122778315572,1.8964448016088016
470,05/15/2023 12:46:14.214605,775,True,True,True,True,Eyes,1.336275,-0.3031656,-3.231324,-0.1188837,0.0876262,0.9890341,0.0,0.0,0.0,0.0,0.0,0.0,0.0,-1.419053,0.3291448,3.20472,1.341995,-0.3037561,-3.240226,0.003047217,0.01215989,0.002081658,0.9999194,0.3462586,1.394198,0.2427724,0.3808681,-0.08638297,-0.920585,0,0,0,1.047552,-0.1099994,-1.078212,-0.34608,0.20824,2.153,0.9996956,0.004237087,-0.02430514,-0.004088873,0.9999728,0.006144567,0.02433051,-0.006043316,0.9996857,static,-8.23023380924999,5.460437127709594,-9.131788585510678,5.524512396302768,-0.294443,0.1937566999999999,2.162014,-0.1425148315969494,0.0941870992341755,0.9853011971613984,-7.171278654939573,5.479692460039333,0.8989225733164292,0.903828885709982,1.961022186145424
471,05/15/2023 12:46:14.232699,776,True,True,True,True,Eyes,1.336225,-0.3031608,-3.231318,-0.1178017,0.08762974,0.9891632,0.0,0.0,0.0,0.0,0.0,0.0,0.0,-1.419248,0.3286812,3.204625,1.341991,-0.3038218,-3.240165,0.002968889,0.01218984,0.002072818,0.9999193,0.3372886,1.397608,0.2416601,0.3808535,-0.08638225,-0.9205911,0,0,0,1.047681,-0.1097211,-1.078163,-0.34608,0.20824,2.153,0.9996942,0.004217681,-0.0243654,-0.00407292,0.9999738,0.005987834,0.02439002,-0.005886765,0.9996852,static,-8.170954082978385,5.45050643985422,-9.131788585510678,5.524512396302768,-0.2943099999999998,0.1941006999999999,2.162002,-0.1414974387810041,0.0940301817243621,0.9854627582171214,-7.113327847514752,5.470220458724231,0.9583738258354948,0.9636803530457306,2.019190769916773
472,05/15/2023 12:46:14.242858,777,True,True,True,True,Eyes,1.336165,-0.3031553,-3.231314,-0.1167449,0.08763298,0.9892882,0.0,0.0,0.0,0.0,0.0,0.0,0.0,-1.419842,0.3289227,3.204283,1.34198,-0.3037721,-3.240121,0.003025908,0.01228203,0.002045141,0.999918,0.3438387,1.408178,0.2386004,0.3808392,-0.08638154,-0.9205971,0,0,0,1.048079,-0.1098991,-1.078043,-0.3460801,0.20824,2.153,0.9996899,0.004164276,-0.02454967,-0.004015618,0.9999734,0.006101556,0.02457443,-0.006001082,0.99968,static,-8.120632492373385,5.455955104592914,-9.131791179688037,5.524512396302768,-0.2939009999999999,0.193873,2.162078,-0.140630467190739,0.0941356419018993,0.985576788556002,-7.064148985294941,5.476072016508311,1.0080365135138305,1.0134801395086532,2.068209543162715
473,05/15/2023 12:46:14.262903,778,True,True,True,True,Eyes,1.336105,-0.3031511,-3.231309,-0.1157208,0.08763935,0.9894079,0.0,0.0,0.0,0.0,0.0,0.0,0.0,-1.420299,0.3295828,3.204067,1.341951,-0.3037505,-3.240189,0.003113203,0.01236191,0.002088086,0.9999167,0.3537612,1.417368,0.2436725,0.3808249,-0.0863808,-0.920603,0,0,0,1.04838,-0.1102814,-1.07803,-0.3460801,0.20824,2.153,0.9996856,0.004252794,-0.02470875,-0.004098854,0.9999719,0.00627751,0.02473475,-0.00617426,0.999675,static,-8.070103316435508,5.466119033873492,-9.131791179688037,5.524512396302768,-0.2935709999999998,0.1934690999999999,2.162159,-0.1397587455391749,0.0943222285226242,0.9856828912258316,-7.014772198837275,5.486645072871957,1.0577755774638806,1.0632924826939745,2.1173576220058363
474,05/15/2023 12:46:14.273341,779,True,True,True,True,Eyes,1.33605,-0.3031479,-3.231307,-0.1147552,0.08764586,0.9895198,0.0,0.0,0.0,0.0,0.0,0.0,0.0,-1.420996,0.3295151,3.2037,1.341896,-0.3037761,-3.240144,0.003062556,0.01248773,0.002172423,0.9999151,0.3478066,1.431804,0.2533081,0.3808106,-0.08638009,-0.920609,0,0,0,1.048835,-0.1101414,-1.077932,-0.34608,0.20824,2.153,0.9996787,0.004420965,-0.02496004,-0.004267988,0.9999718,0.006178848,0.02498665,-0.006070334,0.9996694,static,-8.027645842688372,5.4611928002588135,-9.131788585510678,5.524512396302768,-0.293061,0.1936347,2.162212,-0.1390292879136864,0.0942472544999162,0.985793233602088,-6.973268831519378,5.482049490967479,1.1001862043221928,1.105956856197535,2.1589373836913794
475,05/15/2023 12:46:14.294297,780,True,True,True,True,Eyes,1.335995,-0.3031438,-3.231306,-0.1138275,0.08764728,0.9896268,0.0,0.0,0.0,0.0,0.0,0.0,0.0,-1.421219,0.3301269,3.203592,1.341859,-0.3037939,-3.240212,0.003098743,0.01254122,0.002302869,0.999914,0.351752,1.43799,0.2683258,0.3807965,-0.08637941,-0.9206149,0,0,0,1.048977,-0.1103985,-1.077953,-0.34608,0.20824,2.153,0.9996748,0.004683065,-0.02506601,-0.004527617,0.9999701,0.006254714,0.02509455,-0.006139191,0.9996663,static,-7.978715360348369,5.466503416106491,-9.131788585510678,5.524512396302768,-0.2928819999999998,0.1933954,2.162259,-0.1381860200450744,0.0943498664625519,0.985901960282304,-6.925449500825062,5.487751874391732,1.1486228642036664,1.154531465300804,2.206645302848316
476,05/15/2023 12:46:14.313006,781,True,True,True,True,Eyes,1.335951,-0.3031388,-3.231304,-0.1129376,0.08765411,0.9897282,0.0,0.0,0.0,0.0,0.0,0.0,0.0,-1.421213,0.3306849,3.203554,1.341815,-0.3037663,-3.24025,0.003148743,0.01255668,0.002398234,0.9999135,0.3573396,1.439809,0.2793307,0.3807824,-0.08637874,-0.9206208,0,0,0,1.048963,-0.1106477,-1.077962,-0.3460801,0.20824,2.153,0.9996731,0.004875127,-0.02509608,-0.004716977,0.9999686,0.006357168,0.02512628,-0.006236712,0.9996648,static,-7.928000211634494,5.473156755775088,-9.131791179688037,5.524512396302768,-0.2928519999999999,0.1931185999999999,2.162288,-0.1373116565266081,0.094475954798059,0.9860120979561084,-6.875887242661445,5.494812390235434,1.198848272651722,1.204885926791949,2.2560994356305475
477,05/15/2023 12:46:14.322725,782,True,True,True,True,Eyes,1.335909,-0.3031346,-3.231302,-0.1120888,0.08766156,0.989824,0.0,0.0,0.0,0.0,0.0,0.0,0.0,-1.421028,0.3305571,3.203602,1.341805,-0.3037384,-3.24021,0.003066943,0.01254472,0.002553013,0.9999135,0.3477474,1.438469,0.2969439,0.3807687,-0.08637804,-0.9206265,0,0,0,1.048837,-0.1103658,-1.077961,-0.34608,0.20824,2.153,0.9996722,0.005182531,-0.02507161,-0.005028635,0.9999682,0.006197408,0.02510293,-0.006069302,0.9996665,static,-7.8757652466370685,5.465544705316511,-9.131788585510678,5.524512396302768,-0.2929679999999999,0.1933726,2.162249,-0.1364142249877146,0.0943567642088701,0.9861480413366476,-6.824824468911174,5.487605625515121,1.2510368184177656,1.2574067823800943,2.307259314643177
478,05/15/2023 12:46:14.343286,783,True,True,True,True,Eyes,1.335888,-0.3031299,-3.2313,-0.111275,0.0876646,0.9899155,0.0,0.0,0.0,0.0,0.0,0.0,0.0,-1.420553,0.330711,3.203805,1.341786,-0.3037522,-3.240224,0.003043403,0.01248402,0.002658891,0.9999141,0.3449166,1.431542,0.3090211,0.3807554,-0.08637733,-0.9206321,0,0,0,1.048514,-0.1103464,-1.078019,-0.34608,0.2082399,2.153,0.9996741,0.005393313,-0.02494971,-0.005241337,0.9999674,0.00615267,0.02498208,-0.006019895,0.9996698,static,-7.8205468734063475,5.46359335183793,-9.131788585510678,5.52450975976074,-0.293272,0.1934058,2.162205,-0.1354640357177524,0.094335587574096,0.986280992822289,-6.77085166265484,5.486088644346263,1.306018890380296,1.3126559474273962,2.361249528494117
479,05/15/2023 12:46:14.362805,784,True,True,True,True,Eyes,1.335868,-0.3031235,-3.231301,-0.110504,0.08767407,0.9900011,0.0,0.0,0.0,0.0,0.0,0.0,0.0,-1.420177,0.3308983,3.203923,1.341777,-0.3037335,-3.240201,0.003051229,0.01243259,0.002715432,0.9999145,0.3457486,1.42567,0.3154933,0.3807429,-0.08637659,-0.9206374,0,0,0,1.048259,-0.1103982,-1.078023,-0.3460799,0.20824,2.153,0.9996761,0.005506269,-0.02484647,-0.00535453,0.9999666,0.006169455,0.02487962,-0.006034416,0.9996722,static,-7.769422251526328,5.464963496823453,-9.131785991333285,5.524512396302768,-0.2935179999999999,0.1933353,2.162178,-0.1345834917673163,0.0943706080137118,0.9863982596570282,-6.720883613562686,5.487864053454892,1.3568231753712594,1.3636645595490078,2.411180909051292
480,05/15/2023 12:46:14.372826,785,True,True,True,True,Eyes,1.33586,-0.3031187,-3.231301,-0.1097494,0.08769796,0.9900829,0.0,0.0,0.0,0.0,0.0,0.0,0.0,-1.419335,0.330301,3.204417,1.341767,-0.3036888,-3.240268,0.00296815,0.01230162,0.002709504,0.9999164,0.3362789,1.410632,0.3146513,0.3807312,-0.08637575,-0.9206423,0,0,0,1.047684,-0.1099923,-1.078199,-0.34608,0.20824,2.153,0.9996827,0.005491581,-0.0245851,-0.005345528,0.9999678,0.006002467,0.02461727,-0.005869141,0.9996797,static,-7.710696188943333,5.455736299277158,-9.131788585510678,5.524512396302768,-0.2940829999999999,0.1936965,2.162069,-0.1335742503819209,0.0942247330719008,0.9865493556702412,-6.663474701766997,5.479091853409595,1.415534564601424,1.4227556891833526,2.468731750190474
481,05/15/2023 12:46:14.912857,817,True,True,True,True,Eyes,1.332419,-0.3020718,-3.231948,-0.2729621,0.1850912,0.9440514,0.0,0.0,0.0,0.0,0.0,0.0,0.0,-1.41445,0.324983,3.207089,1.342112,-0.3035971,-3.240103,0.002360928,0.01143723,0.002235774,0.9999294,0.267594,1.311251,0.2592807,0.3800711,-0.08618127,-0.9209332,0,0,0,0.8047212,0.08562783,-1.310462,-0.5795999,0.4008,1.915,0.9997284,0.004525237,-0.02286229,-0.004417228,0.9999789,0.004772664,0.0228834,-0.00467038,0.9997272,static,-17.405282505105866,11.51341040328458,-16.83912884659031,11.821088380307142,-0.5373908,0.38922493,1.929641,-0.2936335481981169,0.1907986616161331,0.936683146156632,-16.145403999384214,11.46607204392081,0.6451644701574343,0.6443568131053213,0.77928862607656
482,05/15/2023 12:46:14.923166,818,True,True,True,True,Eyes,1.332357,-0.3020745,-3.23194,-0.2730495,0.1851789,0.9440088,0.0,0.0,0.0,0.0,0.0,0.0,0.0,-1.414946,0.3251881,3.206804,1.34213,-0.3036829,-3.240042,0.002336489,0.01152186,0.002336064,0.9999282,0.2646393,1.32097,0.2707627,0.380037,-0.08617198,-0.9209482,0,0,0,0.8049858,0.08552433,-1.310329,-0.5795999,0.4008,1.915,0.9997236,0.004725633,-0.02303116,-0.00461795,0.9999782,0.004726474,0.023053,-0.00461881,0.9997236,static,-17.418299002990427,11.520242153180329,-16.83912884659031,11.821088380307142,-0.5371442000000001,0.3892072299999999,1.929713,-0.2938405415708007,0.1908976189870672,0.9365979415562188,-16.15813359979835,11.472807608053175,0.6533154139925912,0.6526457863504334,0.7648882418203712
483,05/15/2023 12:46:14.942833,819,True,True,True,True,Eyes,1.332283,-0.3020768,-3.231929,-0.273142,0.1852831,0.9439617,0.0,0.0,0.0,0.0,0.0,0.0,0.0,-1.415416,0.3255755,3.206583,1.342115,-0.3036367,-3.240078,0.002395557,0.01159934,0.002354973,0.9999272,0.2713614,1.32987,0.2730286,0.3800049,-0.08616377,-0.9209622,0,0,0,0.8052562,0.08532269,-1.310235,-0.5795999,0.4008,1.915,0.9997198,0.004765176,-0.02318571,-0.004654028,0.9999774,0.004845397,0.02320828,-0.004736132,0.9997194,static,-17.433079624460188,11.5349492124604,-16.83912884659031,11.821088380307142,-0.5368588,0.38895939,1.929843,-0.294068979622074,0.191123997462827,0.9364801776836292,-16.17259576670342,11.487412216113306,0.6596581358051242,0.659282299101272,0.7453899175160703
484,05/15/2023 12:46:14.962895,820,True,True,True,True,Eyes,1.33221,-0.3020796,-3.231919,-0.2732252,0.1853826,0.943918,0.0,0.0,0.0,0.0,0.0,0.0,0.0,-1.415928,0.3251719,3.206324,1.342092,-0.3036307,-3.240015,0.002321284,0.01168554,0.002384264,0.9999262,0.2627882,1.339736,0.2763087,0.3799742,-0.08615653,-0.9209755,0,0,0,0.8055416,0.08558213,-1.310138,-0.5795998,0.4008,1.915,0.9997155,0.004822427,-0.02335829,-0.004713926,0.9999778,0.004697949,0.02338043,-0.004586504,0.9997162,static,-17.447242933210763,11.534415921898129,-16.83912610572083,11.821088380307142,-0.5365504000000001,0.3892128299999999,1.929877,-0.2943017867850944,0.1911009353347803,0.9364116615202278,-16.18643850228761,11.486766503454442,0.6725871670300292,0.6722999139421995,0.7333295473507868
485,05/15/2023 12:46:14.973195,821,True,True,True,True,Eyes,1.33211,-0.3020825,-3.231908,-0.2733535,0.1854893,0.9438599,0.0,0.0,0.0,0.0,0.0,0.0,0.0,-1.416362,0.3252489,3.206123,1.342053,-0.3036424,-3.24003,0.002324108,0.01176116,0.002401165,0.9999254,0.263068,1.348407,0.2782689,0.379945,-0.08615019,-0.9209881,0,0,0,0.8057805,0.08554126,-1.310069,-0.5795998,0.4008,1.915,0.9997118,0.00485664,-0.02350939,-0.004747303,0.9999777,0.004704349,0.02353172,-0.004591386,0.9997125,static,-17.463690467390737,11.542877470798857,-16.83912610572083,11.821088380307142,-0.5362724999999999,0.38918366,1.929961,-0.2945634474375471,0.1912230950546213,0.9363044539871572,-16.202523335045534,11.495106346264956,0.6837392772327684,0.6837265184542476,0.7152114191969702
486,05/15/2023 12:46:14.998195,822,True,True,True,True,Eyes,1.332012,-0.3020829,-3.231896,-0.2734805,0.1855859,0.9438041,0.0,0.0,0.0,0.0,0.0,0.0,0.0,-1.416397,0.3264919,3.205955,1.342021,-0.303632,-3.240018,0.002467167,0.01178398,0.002521314,0.9999243,0.2792917,1.351097,0.2922357,0.3799164,-0.08614469,-0.9210005,0,0,0,0.8057448,0.08486707,-1.30992,-0.5795999,0.4008,1.915,0.9997095,0.005100392,-0.02355373,-0.0049841,0.9999751,0.004993384,0.02357862,-0.004874539,0.9997101,static,-17.472661599503056,11.569896504911588,-16.83912884659031,11.821088380307142,-0.5362761999999999,0.38849907,1.930098,-0.2946846232866826,0.191657110969439,0.9361775547133696,-16.21132025361272,11.522080824370253,0.6808751791694729,0.6815138349864499,0.6953769825956672
487,05/15/2023 12:46:15.013109,823,True,True,True,True,Eyes,1.331928,-0.3020848,-3.231884,-0.2737704,0.1858591,0.9436663,0.0,0.0,0.0,0.0,0.0,0.0,0.0,-1.41612,0.3270253,3.205977,1.342,-0.303566,-3.239987,0.002510054,0.01175578,0.002638667,0.9999243,0.2840559,1.347911,0.3057325,0.3798884,-0.08613986,-0.9210125,0,0,0,0.8055242,0.08463666,-1.309885,-0.5795999,0.4008,1.915,0.9997097,0.005335949,-0.02349653,-0.005217918,0.9999735,0.005081768,0.02352303,-0.004957689,0.999711,static,-17.485647541472797,11.5963787443079,-16.83912884659031,11.821088380307142,-0.5364758000000001,0.38820266,1.930102,-0.29487206932621,0.1920781737500678,0.936032243368132,-16.224040704067537,11.548486264267282,0.682997574453288,0.6844566044268016,0.6727892216300164
488,05/15/2023 12:46:15.022778,824,True,True,True,True,Eyes,1.331847,-0.302087,-3.231874,-0.2740563,0.1861171,0.9435325,0.0,0.0,0.0,0.0,0.0,0.0,0.0,-1.415939,0.3264336,3.20613,1.342,-0.3036056,-3.239996,0.002363877,0.01173838,0.002751498,0.9999245,0.2671598,1.345902,0.3184595,0.3798612,-0.08613568,-0.9210241,0,0,0,0.8053649,0.08503315,-1.310026,-0.5795999,0.4008,1.915,0.9997092,0.005558077,-0.02346198,-0.005447085,0.9999737,0.004791994,0.023488,-0.004662801,0.9997133,static,-17.498506687414796,11.60011837887615,-16.83912884659031,11.821088380307142,-0.5366351,0.38863875,1.92997,-0.2950793138311028,0.1921264113885602,0.9359570768118958,-16.236613248095566,11.552127943740723,0.6937008649070021,0.6954184916313157,0.6598217659849339
489,05/15/2023 12:46:15.043142,825,True,True,True,True,Eyes,1.331785,-0.3020874,-3.231863,-0.2745283,0.1864789,0.9433238,0.0,0.0,0.0,0.0,0.0,0.0,0.0,-1.415289,0.3268276,3.206388,1.341984,-0.3036122,-3.240013,0.002404749,0.01164419,0.002796851,0.9999255,0.2718125,1.335133,0.3236856,0.3798348,-0.08613207,-0.9210353,0,0,0,0.8049507,0.08481777,-1.310111,-0.5795999,0.4008,1.915,0.9997131,0.005649286,-0.02327319,-0.005537281,0.9999728,0.004874274,0.02330009,-0.004744006,0.9997172,static,-17.516774684216863,11.629653900576791,-16.83912884659031,11.821088380307142,-0.5370333,0.38842997,1.929902,-0.295350240312179,0.1925919838985888,0.9357758933516528,-16.254499627479586,11.58154790780403,0.7012784141394899,0.7041669129419691,0.6317997798393324
490,05/15/2023 12:46:15.063371,826,True,True,True,True,Eyes,1.331726,-0.3020888,-3.231851,-0.2749829,0.1868257,0.9431227,0.0,0.0,0.0,0.0,0.0,0.0,0.0,-1.415196,0.3268135,3.206378,1.341951,-0.30357,-3.239979,0.002402981,0.01163628,0.002811329,0.9999255,0.2715932,1.334229,0.3253401,0.3798097,-0.08612893,-0.921046,0,0,0,0.8048757,0.08485051,-1.310087,-0.5795998,0.4008,1.915,0.9997134,0.005678162,-0.0232573,-0.005566315,0.9999726,0.004871031,0.02328433,-0.004740178,0.9997177,static,-17.544234597969922,11.652918617016914,-16.83912610572083,11.821088380307142,-0.5370752999999999,0.38842051,1.929892,-0.2957777595427879,0.1929452100124915,0.9355680240481044,-16.281363627597063,11.604618332976491,0.7207632713279767,0.7248855462256641,0.5982961335276191
491,05/15/2023 12:46:15.072916,827,True,True,True,True,Eyes,1.331654,-0.3020871,-3.231838,-0.2755442,0.1872347,0.9428779,0.0,0.0,0.0,0.0,0.0,0.0,0.0,-1.4151,0.3269015,3.206385,1.341963,-0.3035942,-3.239945,0.002396517,0.01162347,0.002849717,0.9999256,0.2708054,1.33277,0.3297267,0.3797858,-0.08612622,-0.9210561,0,0,0,0.804808,0.08480813,-1.310073,-0.5795999,0.4008,1.915,0.9997135,0.00575472,-0.02323155,-0.005643297,0.9999723,0.004858923,0.02325887,-0.004726429,0.9997184,static,-17.577277520214814,11.680656427327833,-16.83912884659031,11.821088380307142,-0.537155,0.3884023299999999,1.929872,-0.2962922992585995,0.1933658579472064,0.9353184974790854,-16.31368920721299,11.63212209936168,0.745633577174448,0.7513884466713593,0.5583861298092251
492,05/15/2023 12:46:15.097837,828,True,True,True,True,Eyes,1.331586,-0.3020851,-3.231826,-0.2760833,0.1876339,0.9426407,0.0,0.0,0.0,0.0,0.0,0.0,0.0,-1.415083,0.3264886,3.206397,1.341949,-0.3035258,-3.23992,0.002357027,0.01161953,0.002817152,0.9999259,0.2663252,1.332296,0.3259415,0.3797626,-0.08612383,-0.9210659,0,0,0,0.8048038,0.08506487,-1.310082,-0.5795998,0.4008,1.915,0.9997141,0.005688661,-0.02322404,-0.005579111,0.9999731,0.004779172,0.02325061,-0.004648236,0.9997188,static,-17.611282109656873,11.701615947422194,-16.83912610572083,11.821088380307142,-0.5371452000000001,0.38859067,1.929838,-0.2968289177544987,0.19367417718147,0.9350844159445516,-16.346947580086443,11.652833373646102,0.7741098264360486,0.7813440705821778,0.5201436804981343
493,05/15/2023 12:46:15.113273,829,True,True,True,True,Eyes,1.331515,-0.3020854,-3.231815,-0.2766761,0.1880596,0.942382,0.0,0.0,0.0,0.0,0.0,0.0,0.0,-1.415075,0.3258888,3.206471,1.341969,-0.3035183,-3.239922,0.002272564,0.01161307,0.002799734,0.9999261,0.2566725,1.331524,0.3238313,0.3797403,-0.08612171,-0.9210753,0,0,0,0.8048112,0.0854167,-1.310157,-0.5795999,0.4008,1.915,0.9997146,0.005651837,-0.0232117,-0.00554627,0.999974,0.004609819,0.02323715,-0.004479765,0.9997199,static,-17.64775297697022,11.71974756753161,-16.83912884659031,11.821088380307142,-0.5371578,0.388935,1.929765,-0.2974085386718124,0.1939334401637936,0.9348464543970328,-16.382613525673417,11.670694507060167,0.8062517239966616,0.814949657688543,0.4806501381900149
494,05/15/2023 12:46:15.122671,830,True,True,True,True,Eyes,1.331448,-0.3020847,-3.231805,-0.2772443,0.1884749,0.9421321,0.0,0.0,0.0,0.0,0.0,0.0,0.0,-1.415114,0.3265381,3.206417,1.34197,-0.3035812,-3.239944,0.002335996,0.01162574,0.002864098,0.9999257,0.2638509,1.333013,0.3312944,0.3797185,-0.0861199,-0.9210845,0,0,0,0.804811,0.08503788,-1.310116,-0.5795999,0.4008,1.915,0.9997132,0.005782085,-0.02323637,-0.005673454,0.9999727,0.00473824,0.02326313,-0.004605052,0.9997188,static,-17.684080830623305,11.757059117568126,-16.83912884659031,11.821088380307142,-0.537159,0.38861908,1.929828,-0.2979667567168366,0.1945067300373816,0.9345496388767828,-16.41815990840267,11.707755386728804,0.8361478000781047,0.8473745345525776,0.4359578125831155
495,05/15/2023 12:46:15.142746,831,True,True,True,True,Eyes,1.331392,-0.3020854,-3.231797,-0.2778482,0.1889346,0.941862,0.0,0.0,0.0,0.0,0.0,0.0,0.0,-1.414871,0.326008,3.206875,1.341231,-0.3039013,-3.240514,0.002195308,0.01170264,0.002884879,0.999925,0.247677,1.341784,0.3335069,0.3796974,-0.08611833,-0.9210933,0,0,0,0.8043501,0.0852364,-1.310713,-0.5795999,0.4008,1.915,0.9997094,0.005820706,-0.02339086,-0.005717942,0.9999737,0.004457809,0.0234162,-0.004322766,0.9997165,static,-17.729741064903127,11.772813282668784,-16.83912884659031,11.821088380307142,-0.5368809000000001,0.3891377,1.929801,-0.2986986970505795,0.1947169938627079,0.9342720765632224,-16.462805086727265,11.723164144817964,0.87905400837507,0.8919196199546632,0.3888556649112865
496,05/15/2023 12:46:15.162851,832,True,True,True,True,Eyes,1.331309,-0.3020981,-3.231812,-0.2784247,0.1893706,0.9416043,0.0,0.0,0.0,0.0,0.0,0.0,0.0,-1.415126,0.325566,3.20682,1.341186,-0.3039455,-3.240541,0.00211212,0.01175095,0.002902885,0.9999247,0.2381046,1.347296,0.3354699,0.3796771,-0.08611702,-0.9211018,0,0,0,0.8044748,0.08549246,-1.310753,-0.5795999,0.4008,1.915,0.999707,0.005854971,-0.02348786,-0.005755693,0.9999743,0.004292144,0.02351239,-0.004155698,0.9997149,static,-17.77081246933383,11.793326441342783,-16.83912884659031,11.821088380307142,-0.5367111999999999,0.3894379599999999,1.929788,-0.2993506250506124,0.1950097465046743,0.9340024612081762,-16.502970133835774,11.743372788786154,0.9173659459958344,0.9320971505929792,0.3450252067983489
497,05/15/2023 12:46:15.172933,833,True,True,True,True,Eyes,1.331255,-0.302107,-3.231822,-0.2790204,0.1898434,0.9413326,0.0,0.0,0.0,0.0,0.0,0.0,0.0,-1.415016,0.3262499,3.206814,1.34121,-0.3038992,-3.24055,0.002228271,0.01172978,0.002896165,0.9999246,0.2514298,1.344908,0.3348513,0.3796567,-0.08611624,-0.9211103,0,0,0,0.8044247,0.08509924,-1.310694,-0.5795999,0.4008,1.915,0.9997081,0.005844167,-0.02344487,-0.005739619,0.9999733,0.004524149,0.02347069,-0.004388264,0.9997149,static,-17.807025401493352,11.837751292825152,-16.83912884659031,11.821088380307142,-0.5367853,0.38899844,1.929856,-0.2998988938865395,0.1956985286784129,0.9336823353160404,-16.538411690498556,11.787554808143865,0.9500435175272752,0.968039975231788,0.3025810774485771
498,05/15/2023 12:46:15.198051,834,True,True,True,True,Eyes,1.331203,-0.302118,-3.231833,-0.2795905,0.1903,0.9410712,0.0,0.0,0.0,0.0,0.0,0.0,0.0,-1.415307,0.3248715,3.206719,1.341299,-0.3038318,-3.240414,0.002062145,0.01175225,0.002808961,0.9999251,0.2325044,1.347407,0.3246405,0.3796369,-0.08611581,-0.9211185,0,0,0,0.8046666,0.0859035,-1.310665,-0.5795997,0.4008,1.915,0.9997079,0.005665969,-0.02349116,-0.005569029,0.9999757,0.004190004,0.02351433,-0.004057958,0.9997153,static,-17.846580043737255,11.84623512324738,-16.839123364851268,11.821088380307142,-0.5366324,0.3897353,1.929749,-0.3005374614383025,0.1957955166370379,0.9334566358951798,-16.577081564370257,11.795734387817223,0.9885645732670294,1.0077704691607532,0.2632655126189318
499,05/15/2023 12:46:15.213204,835,True,True,True,True,Eyes,1.331194,-0.3021311,-3.231839,-0.2802088,0.1907651,0.9407932,0.0,0.0,0.0,0.0,0.0,0.0,0.0,-1.415497,0.3247338,3.206667,1.341285,-0.3038905,-3.240433,0.001995102,0.0117923,0.002894356,0.9999244,0.224694,1.351993,0.3343441,0.3796177,-0.08611577,-0.9211264,0,0,0,0.8047379,0.08600755,-1.310692,-0.5795999,0.4008,1.915,0.9997051,0.005835327,-0.02357126,-0.00574122,0.9999753,0.004058164,0.02359436,-0.00392164,0.9997139,static,-17.888030245296733,11.872860023501753,-16.83912884659031,11.821088380307142,-0.5365471,0.38989805,1.929741,-0.3011886814687011,0.1961870181422017,0.9331646008123684,-16.61762329293042,11.822057735012148,1.0285817595586668,1.0501782930756858,0.2215076746993605
500,05/15/2023 12:46:15.222724,836,True,True,True,True,Eyes,1.331187,-0.3021356,-3.231847,-0.2808162,0.1912034,0.940523,0.0,0.0,0.0,0.0,0.0,0.0,0.0,-1.41399,0.3259032,3.207148,1.341362,-0.3039552,-3.24033,0.002010433,0.01158224,0.003260615,0.9999256,0.2260345,1.328008,0.376285,0.3796,-0.08611609,-0.9211336,0,0,0,0.8037174,0.08547187,-1.3108,-0.5795999,0.4008,1.915,0.9997104,0.006567315,-0.02314964,-0.006474174,0.9999707,0.004096096,0.02317586,-0.003945035,0.9997236,static,-17.89449380849326,11.914948949864378,-16.83912884659031,11.821088380307142,-0.5376445999999999,0.38942707,1.92953,-0.3012519678872296,0.1968683153304688,0.9330005949333656,-16.623985186203967,11.864136599471015,1.035092055892227,1.0595305608287202,0.2194081670713623
501,05/15/2023 12:46:15.243047,837,True,True,True,True,Eyes,1.331211,-0.3021354,-3.231851,-0.2814385,0.1917037,0.9402351,0.0,0.0,0.0,0.0,0.0,0.0,0.0,-1.412731,0.3263117,3.207711,1.341417,-0.3037524,-3.240375,0.002162506,0.01136453,0.00312753,0.9999284,0.2437149,1.303084,0.3611845,0.3795839,-0.08611649,-0.9211403,0,0,0,0.8030399,0.08523664,-1.310961,-0.5795998,0.4008,1.915,0.9997221,0.006303762,-0.02271389,-0.006205459,0.9999711,0.004395787,0.02274095,-0.004253615,0.9997323,static,-17.912928400353923,11.959545992642704,-16.83912610572083,11.821088380307142,-0.5383771,0.38898904,1.929414,-0.301508245731922,0.1975776840789379,0.9327678262341664,-16.642050274406277,11.908631442325277,1.0549360873408888,1.082691959133789,0.2156447796628362
502,05/15/2023 12:46:15.262849,838,True,True,True,True,Eyes,1.331235,-0.302137,-3.231853,-0.2820242,0.1922062,0.939957,0.0,0.0,0.0,0.0,0.0,0.0,0.0,-1.412714,0.3228493,3.208012,1.341551,-0.3036638,-3.240272,0.001769586,0.0113094,0.002822308,0.9999306,0.1991083,1.296563,0.3256872,0.37957,-0.08611682,-0.921146,0,0,0,0.803194,0.08717795,-1.311227,-0.5795999,0.4008,1.915,0.9997282,0.005684249,-0.02260724,-0.005604197,0.9999778,0.003602762,0.02262722,-0.003475088,0.999738,static,-17.948020029986544,11.936836034533522,-16.83912884659031,11.821088380307142,-0.538357,0.39084175,1.929045,-0.302104846686288,0.1971688956406909,0.9326613119206588,-16.676325090083328,11.88562210405692,1.0880897078974163,1.1149157708422694,0.1751275667443512
503,05/15/2023 12:46:15.273645,839,True,True,True,True,Eyes,1.331303,-0.3021419,-3.231853,-0.2826302,0.1926665,0.9396807,0.0,0.0,0.0,0.0,0.0,0.0,0.0,-1.413513,0.3208089,3.207804,1.341542,-0.3037161,-3.24021,0.001549387,0.01141057,0.002577488,0.9999305,0.1741644,1.308041,0.2973664,0.379558,-0.08611713,-0.9211509,0,0,0,0.8037637,0.08824744,-1.311231,-0.5795999,0.4008,1.915,0.9997263,0.005189976,-0.02281157,-0.005119259,0.9999819,0.00315738,0.02282754,-0.003039738,0.9997348,static,-18.00196164262429,11.934741796594077,-16.83912884659031,11.821088380307142,-0.5377783,0.39196354,1.928979,-0.3029884966278557,0.1970768000173731,0.9323940872468486,-16.729045718475685,11.883099639842508,1.1407520215389004,1.1683737460957857,0.1263475025659915
504,05/15/2023 12:46:15.298021,840,True,True,True,True,Eyes,1.331369,-0.302147,-3.231851,-0.2832171,0.1930951,0.9394159,0.0,0.0,0.0,0.0,0.0,0.0,0.0,-1.413746,0.3241955,3.207332,1.341578,-0.3037945,-3.24016,0.00199901,0.01145794,0.002725988,0.9999287,0.2254748,1.31364,0.3149816,0.3795488,-0.08611749,-0.9211546,0,0,0,0.8038741,0.08627402,-1.310776,-0.5795999,0.4008,1.915,0.9997225,0.005497396,-0.02290335,-0.005405777,0.9999772,0.004060203,0.02292515,-0.003935267,0.9997295,static,-18.0443200973022,12.020735764981676,-16.83912884659031,11.821088380307142,-0.5377038999999999,0.39006852,1.929384,-0.3035927730272085,0.1984359147766023,0.931909058031766,-16.77053776567751,11.968842720567466,1.187337393561043,1.2216157452324627,0.1628989915455273
505,05/15/2023 12:46:15.313315,841,True,True,True,True,Eyes,1.331469,-0.3021507,-3.231852,-0.2837983,0.193515,0.9391541,0.0,0.0,0.0,0.0,0.0,0.0,0.0,-1.413562,0.3255392,3.207232,1.341602,-0.3037979,-3.240105,0.002064212,0.0114592,0.003060105,0.9999276,0.2325064,1.313882,0.3533525,0.3795422,-0.0861179,-0.9211573,0,0,0,0.8036407,0.08564571,-1.310667,-0.5795999,0.4008,1.915,0.9997186,0.006167075,-0.0229041,-0.006072459,0.9999728,0.004198257,0.02292937,-0.004057991,0.9997289,static,-18.074405871293724,12.068049521471632,-16.83912884659031,11.821088380307142,-0.5379613,0.38944361,1.929438,-0.3040355137083455,0.1991758902453297,0.9316068510931974,-16.799993648908163,12.015964869410146,1.2215482903946542,1.2597218474748253,0.1987672249208454
506,05/15/2023 12:46:15.323040,842,True,True,True,True,Eyes,1.331565,-0.302154,-3.231852,-0.2843536,0.1939076,0.9389051,0.0,0.0,0.0,0.0,0.0,0.0,0.0,-1.41307,0.3268277,3.207419,1.341657,-0.3037727,-3.240185,0.002243894,0.01138001,0.003116661,0.9999279,0.2530493,1.304886,0.3600493,0.3795387,-0.08611828,-0.9211587,0,0,0,0.8033499,0.08491559,-1.310691,-0.5795999,0.4008,1.915,0.9997215,0.006283943,-0.0227444,-0.006181801,0.9999705,0.004558399,0.02277238,-0.004416529,0.9997309,static,-18.1004576334281,12.11657106277194,-16.83912884659031,11.821088380307142,-0.5383071000000001,0.38868829,1.929494,-0.3044107457296117,0.1999396021381072,0.9313206576458654,-16.825507939466814,12.064327851991877,1.2533247352602823,1.2954768713266491,0.243620544487397
507,05/15/2023 12:46:15.342777,843,True,True,True,True,Eyes,1.331671,-0.302157,-3.231853,-0.2848738,0.1942808,0.9386703,0.0,0.0,0.0,0.0,0.0,0.0,0.0,-1.413224,0.327672,3.207223,1.341652,-0.3037647,-3.240147,0.002403378,0.01139913,0.003052794,0.9999276,0.2714001,1.307118,0.3529446,0.3795379,-0.08611863,-0.921159,0,0,0,0.8034725,0.08438187,-1.310508,-0.5795999,0.4008,1.915,0.9997215,0.006159939,-0.02278193,-0.006050353,0.9999698,0.004876005,0.02281127,-0.004736809,0.9997286,static,-18.138119663774876,12.158063000344567,-16.83912884659031,11.821088380307142,-0.5381795,0.3881465699999999,1.929639,-0.3049824205331658,0.2005754823004652,0.930996907805196,-16.862362760982606,12.105562650852008,1.296124355664643,1.341986973736775,0.2854214872430283
508,05/15/2023 12:46:15.363000,844,True,True,True,True,Eyes,1.331771,-0.3021592,-3.231853,-0.2853912,0.1946456,0.9384375,0.0,0.0,0.0,0.0,0.0,0.0,0.0,-1.412088,0.3272058,3.207788,1.341626,-0.3037589,-3.240175,0.002348094,0.0112222,0.003015839,0.9999298,0.2651756,1.286812,0.3485908,0.3795398,-0.08611893,-0.9211582,0,0,0,0.8027916,0.08464011,-1.310769,-0.5795999,0.4008,1.915,0.9997299,0.006083955,-0.02242866,-0.005978552,0.9999708,0.004763547,0.02245698,-0.00462817,0.9997371,static,-18.15109141875273,12.173704611241478,-16.83912884659031,11.821088380307142,-0.5388343999999999,0.38839901,1.929406,-0.3051778042015575,0.2008164295558875,0.9308809040291844,-16.875057916791143,12.121117012660434,1.3112731347626805,1.3585227260054886,0.3021722659631151
509,05/15/2023 12:46:15.372979,845,True,True,True,True,Eyes,1.331862,-0.3021604,-3.231852,-0.285871,0.1950011,0.9382176,0.0,0.0,0.0,0.0,0.0,0.0,0.0,-1.410546,0.3266146,3.208484,1.341623,-0.3037449,-3.240135,0.002256334,0.01098277,0.003022319,0.9999327,0.2547365,1.259343,0.3491541,0.3795439,-0.08611917,-0.9211565,0,0,0,0.801858,0.08499767,-1.311059,-0.5795999,0.4008,1.915,0.9997405,0.006093793,-0.02195042,-0.005994669,0.9999715,0.004578752,0.02197769,-0.004445978,0.9997485,static,-18.153371769316124,12.185423092116938,-16.83912884659031,11.821088380307142,-0.539765,0.38874257,1.929076,-0.305202785274983,0.2010051176566332,0.9308319532161566,-16.877299097914275,12.13282889371413,1.3156448054326952,1.3638087263851986,0.3140686482051135
510,05/15/2023 12:46:15.398099,846,True,True,True,True,Eyes,1.331951,-0.3021613,-3.231852,-0.2863457,0.1953518,0.9379999,0.0,0.0,0.0,0.0,0.0,0.0,0.0,-1.409005,0.325977,3.209245,1.341652,-0.3037215,-3.240144,0.002139687,0.01074275,0.003073572,0.9999353,0.2413913,1.231808,0.354822,0.3795498,-0.08611933,-0.921154,0,0,0,0.8009189,0.08540993,-1.311418,-0.5795999,0.4008,1.915,0.9997503,0.006192719,-0.02147095,-0.006100774,0.9999719,0.004345135,0.02149726,-0.004213061,0.99976,static,-18.154102855473187,12.195515283267532,-16.83912884659031,11.821088380307142,-0.5407331000000001,0.3891314299999999,1.928726,-0.3052041935200829,0.2011689861342936,0.9307961309262068,-16.87802430484082,12.142925141144753,1.3183104907780512,1.367242535067578,0.3241785885880832
511,05/15/2023 12:46:15.413099,847,True,True,True,True,Eyes,1.332042,-0.3021605,-3.231853,-0.2867618,0.1956471,0.9378113,0.0,0.0,0.0,0.0,0.0,0.0,0.0,-1.407891,0.3251868,3.209828,1.341687,-0.3037195,-3.240143,0.001987375,0.01057025,0.003145055,0.9999373,0.2239132,1.212002,0.3627866,0.3795573,-0.08611942,-0.921151,0,0,0,0.8002298,0.08591575,-1.311722,-0.5795997,0.4008,1.915,0.9997567,0.00633173,-0.02112668,-0.006247702,0.9999723,0.004040989,0.02115168,-0.003908013,0.9997686,static,-18.15812434415818,12.199095355057093,-16.839123364851268,11.821088380307142,-0.5414572000000001,0.38963525,1.928421,-0.3052660926819935,0.20122297021614,0.9307642456612752,-16.88195870465659,12.146476927605711,1.3228282713076054,1.3720979762291747,0.3281959369786772
512,05/15/2023 12:46:15.422945,848,True,True,True,True,Eyes,1.332131,-0.3021606,-3.231854,-0.2871648,0.195941,0.9376265,0.0,0.0,0.0,0.0,0.0,0.0,0.0,-1.407373,0.3249674,3.210126,1.341736,-0.3036755,-3.240175,0.001969662,0.0104796,0.003123082,0.9999383,0.2219428,1.201601,0.3602272,0.3795663,-0.08611938,-0.9211473,0,0,0,0.7999456,0.08605162,-1.311866,-0.5795998,0.4008,1.915,0.9997609,0.006287061,-0.02094559,-0.006204496,0.9999728,0.004004538,0.0209702,-0.003873623,0.9997726,static,-18.17371745062675,12.215426221006796,-16.83912610572083,11.821088380307142,-0.5417904,0.38972712,1.928309,-0.3055033833841906,0.2014721311154379,0.9306323734251384,-16.897216710796126,12.162700505016344,1.3408658070147053,1.3916308384429612,0.346516034472214
513,05/15/2023 12:46:15.443113,849,True,True,True,True,Eyes,1.332246,-0.3021603,-3.231852,-0.2875633,0.1961974,0.9374508,0.0,0.0,0.0,0.0,0.0,0.0,0.0,-1.407126,0.3240806,3.210322,1.341783,-0.303699,-3.240151,0.001824933,0.01043406,0.003131702,0.999939,0.2053651,1.196332,0.3610315,0.3795765,-0.08611927,-0.9211431,0,0,0,0.799808,0.08657446,-1.312005,-0.5795999,0.4008,1.915,0.9997626,0.006301105,-0.02085541,-0.00622494,0.9999737,0.003714995,0.02087828,-0.00358429,0.9997756,static,-18.192548403513253,12.216263434305716,-16.83912884659031,11.821088380307142,-0.541975,0.39027346,1.928146,-0.3058097121289251,0.2014649347443983,0.930533381308994,-16.915623072846227,12.16338975298517,1.3587795491519683,1.4099318495460242,0.3507443461949938
514,05/15/2023 12:46:15.462687,850,True,True,True,True,Eyes,1.332357,-0.3021598,-3.231847,-0.2879415,0.1964469,0.9372824,0.0,0.0,0.0,0.0,0.0,0.0,0.0,-1.407412,0.3239944,3.210172,1.341844,-0.3036869,-3.240095,0.001826918,0.01046629,0.003099803,0.9999388,0.2056192,1.20002,0.3573852,0.3795885,-0.08611906,-0.9211382,0,0,0,0.8000176,0.08661505,-1.311912,-0.5795999,0.4008,1.915,0.9997617,0.006237469,-0.02091998,-0.006160985,0.9999741,0.003718499,0.02094263,-0.003588725,0.9997743,static,-18.22093408864464,12.232675354690285,-16.83912884659031,11.821088380307142,-0.5418264,0.39030195,1.928183,-0.3062554715585883,0.2017010999680435,0.9303355532837212,-16.943384702901504,12.179593391237573,1.3889212473877104,1.4418008060930902,0.3733565674223604
515,05/15/2023 12:46:15.472894,851,True,True,True,True,Eyes,1.332497,-0.3021618,-3.231846,-0.2883016,0.1966206,0.9371353,0.0,0.0,0.0,0.0,0.0,0.0,0.0,-1.407821,0.3236899,3.209989,1.341881,-0.3036844,-3.240046,0.001782028,0.0105237,0.003094948,0.9999382,0.2004609,1.206582,0.3567865,0.3796021,-0.08611876,-0.9211326,0,0,0,0.8002791,0.08679625,-1.311836,-0.5796,0.4008,1.915,0.9997593,0.00622702,-0.02103508,-0.006152006,0.9999745,0.003628976,0.02105714,-0.003498695,0.9997721,static,-18.249932736044205,12.24010909232259,-16.839131587459715,11.821088380307142,-0.5416019000000001,0.39048065,1.92821,-0.3067205657191665,0.201790060088055,0.9301630553981294,-16.971735980923125,12.186805256642284,1.4177705286022928,1.4717126886540215,0.3890151138479487
516,05/15/2023 12:46:15.498112,852,True,True,True,True,Eyes,1.332633,-0.3021642,-3.231841,-0.2886498,0.196779,0.9369949,0.0,0.0,0.0,0.0,0.0,0.0,0.0,-1.408228,0.3256418,3.209685,1.3419,-0.3037367,-3.240105,0.002029612,0.01059582,0.003204635,0.9999368,0.2286712,1.21496,0.3696707,0.3796177,-0.08611842,-0.9211262,0,0,0,0.8004954,0.08566938,-1.311622,-0.5795999,0.4008,1.915,0.9997549,0.006451875,-0.02117728,-0.006365853,0.9999712,0.004126879,0.0212033,-0.003991056,0.9997672,static,-18.27928088515349,12.284294851239318,-16.83912884659031,11.821088380307142,-0.5414046000000001,0.38940608,1.928483,-0.3071524734652273,0.2024777026124933,0.9298710999359048,-17.000467607899637,12.230802188285203,1.455002911848956,1.5128113328803183,0.4403357813631681
517,05/15/2023 12:46:15.512978,853,True,True,True,True,Eyes,1.332773,-0.3021655,-3.231838,-0.2889548,0.196913,0.9368727,0.0,0.0,0.0,0.0,0.0,0.0,0.0,-1.408129,0.3264322,3.209602,1.341949,-0.3037446,-3.240037,0.002102597,0.01058469,0.003318137,0.9999363,0.2369006,1.213739,0.3827627,0.3796352,-0.08611807,-0.921119,0,0,0,0.8004132,0.08525318,-1.311509,-0.5795999,0.4008,1.915,0.9997539,0.006680362,-0.02115408,-0.006591341,0.9999691,0.00427517,0.02118198,-0.004134684,0.9997671,static,-18.29508529114168,12.306185158329596,-16.83912884659031,11.821088380307142,-0.5415358,0.3889977799999999,1.928528,-0.3073869175634366,0.2028168111318912,0.9297196814365444,-17.015938000148207,12.25258895377168,1.474887017594808,1.53464264650714,0.4663198705632076
518,05/15/2023 12:46:15.533033,854,True,True,True,True,Eyes,1.332909,-0.3021656,-3.231835,-0.289238,0.1970283,0.936761,0.0,0.0,0.0,0.0,0.0,0.0,0.0,-1.407755,0.3252721,3.20993,1.341974,-0.3037209,-3.240075,0.002018358,0.01050057,0.003102643,0.999938,0.2275397,1.204018,0.3579485,0.3796543,-0.08611768,-0.9211112,0,0,0,0.8002818,0.08584215,-1.311705,-0.5796,0.4008,1.915,0.9997602,0.00624729,-0.02098732,-0.006162515,0.9999726,0.004101625,0.02101237,-0.003971307,0.9997714,static,-18.30740791425912,12.296651390447815,-16.839131587459715,11.821088380307142,-0.5416922,0.38956305,1.92837,-0.3075978520602148,0.2026475767331023,0.9296867557505772,-17.027972150911328,12.242948537941766,1.4841310515121084,1.5433714875083062,0.462197740154831
519,05/15/2023 12:46:15.543412,855,True,True,True,True,Eyes,1.333017,-0.3021657,-3.231831,-0.2894259,0.197109,0.9366859,0.0,0.0,0.0,0.0,0.0,0.0,0.0,-1.408356,0.326208,3.209563,1.341992,-0.3036909,-3.240062,0.002290804,0.01056391,0.002814488,0.9999377,0.2590843,1.211301,0.3252746,0.3796749,-0.0861172,-0.9211028,0,0,0,0.8007758,0.08514875,-1.311412,-0.5795999,0.4008,1.915,0.999761,0.005677025,-0.02111361,-0.005580225,0.9999737,0.004640786,0.0211394,-0.004521858,0.9997663,static,-18.334771594052047,12.324203684215002,-16.83912884659031,11.821088380307142,-0.5412162,0.38883965,1.92865,-0.3080145409042732,0.2030658286452837,0.9294574205194954,-17.054746611381862,12.270311478023698,1.5161679273388524,1.5779962728286754,0.4982894861581611
520,05/15/2023 12:46:15.562839,856,True,True,True,True,Eyes,1.333122,-0.3021656,-3.231827,-0.289618,0.197212,0.936605,0.0,0.0,0.0,0.0,0.0,0.0,0.0,-1.408307,0.3256548,3.209618,1.341959,-0.3036912,-3.240052,0.002154108,0.01057262,0.002933874,0.9999375,0.2432734,1.212283,0.3387909,0.379696,-0.08611668,-0.9210941,0,0,0,0.8006802,0.08554007,-1.311499,-0.5795999,0.4008,1.915,0.9997592,0.00591293,-0.02113127,-0.005821831,0.9999735,0.004369984,0.02115655,-0.00424591,0.9997672,static,-18.344266147992485,12.319948735915926,-16.83912884659031,11.821088380307142,-0.5412788,0.38923127,1.928553,-0.3081738268142684,0.2029858310027038,0.9294222559051356,-17.064022156332342,12.265977368982538,1.5239873217277764,1.5856544234070504,0.4985009659081342
521,05/15/2023 12:46:15.573149,857,True,True,True,True,Eyes,1.333233,-0.3021699,-3.231822,-0.2898041,0.1972933,0.9365302,0.0,0.0,0.0,0.0,0.0,0.0,0.0,-1.407443,0.323518,3.210229,1.341985,-0.3036888,-3.240058,0.001773711,0.01044398,0.003050505,0.9999393,0.1995895,1.197434,0.351668,0.3797177,-0.08611611,-0.9210852,0,0,0,0.8001112,0.08687295,-1.311941,-0.5795999,0.4008,1.915,0.9997633,0.006137689,-0.02087587,-0.006063591,0.9999751,0.003610925,0.02089751,-0.003483487,0.9997755,static,-18.33596131952542,12.285107867538876,-16.83912884659031,11.821088380307142,-0.5418738,0.39056175,1.928117,-0.3080754406800604,0.2024273802312058,0.9295765469805364,-17.05586824091765,12.231168171667438,1.5082525582878272,1.5671061025226856,0.4638333756161651
522,05/15/2023 12:46:15.598415,858,True,True,True,True,Eyes,1.333341,-0.3021723,-3.231818,-0.2899849,0.1973635,0.9364594,0.0,0.0,0.0,0.0,0.0,0.0,0.0,-1.407445,0.3231295,3.210241,1.342022,-0.3037986,-3.240006,0.001741695,0.01042824,0.002944352,0.9999399,0.1960534,1.195598,0.3394628,0.37974,-0.08611564,-0.9210761,0,0,0,0.8001699,0.08700535,-1.311932,-0.5795999,0.4008,1.915,0.9997652,0.005924675,-0.02084498,-0.005852024,0.9999766,0.003544589,0.02086549,-0.003421771,0.9997764,static,-18.34761901051119,12.28271250162297,-16.83912884659031,11.821088380307142,-0.5418521000000001,0.3908039499999999,1.928074,-0.308267950351958,0.2023752422025563,0.9295240359118632,-17.067260008578433,12.228678366066418,1.518669574765762,1.5775422035643454,0.4670903805060631
523,05/15/2023 12:46:15.612690,859,True,True,True,True,Eyes,1.333457,-0.302173,-3.231811,-0.2901795,0.1974103,0.9363893,0.0,0.0,0.0,0.0,0.0,0.0,0.0,-1.407229,0.3237268,3.210324,1.342038,-0.303754,-3.240052,0.00186594,0.01038659,0.002886417,0.9999403,0.2103731,1.190855,0.3329642,0.3797627,-0.08611518,-0.9210668,0,0,0,0.800074,0.08663696,-1.311925,-0.5795999,0.4008,1.915,0.9997675,0.00581125,-0.02076116,-0.005733727,0.9999763,0.003791616,0.02078271,-0.003671696,0.9997773,static,-18.357071813547662,12.2983763390781,-16.83912884659031,11.821088380307142,-0.5419640000000001,0.39039096,1.928127,-0.308405384376833,0.2026198744987799,0.929425196164977,-17.076515744362286,12.24428277888626,1.5309765308066807,1.5912116912978735,0.4852278209486187
524,05/15/2023 12:46:15.623202,860,True,True,True,True,Eyes,1.333567,-0.3021708,-3.231804,-0.2903711,0.1974596,0.9363195,0.0,0.0,0.0,0.0,0.0,0.0,0.0,-1.407522,0.3238789,3.210085,1.342062,-0.3037085,-3.239953,0.001901917,0.0104278,0.002873803,0.9999398,0.2144969,1.195587,0.3315705,0.379786,-0.0861147,-0.9210572,0,0,0,0.8002671,0.0865588,-1.311754,-0.5795999,0.4008,1.915,0.999766,0.005786926,-0.02084341,-0.005707595,0.9999763,0.003863538,0.02086527,-0.003743669,0.9997753,static,-18.37423171818392,12.306304922051677,-16.83912884659031,11.821088380307142,-0.5417949000000001,0.3902673,1.928199,-0.3086765605059057,0.2027297369740121,0.9293112020030274,-17.093296290165046,12.25208350816815,1.5488202269950908,1.6099614649914689,0.5003577616198672
525,05/15/2023 12:46:15.643102,861,True,True,True,True,Eyes,1.333682,-0.3021733,-3.231795,-0.2905645,0.1974739,0.9362565,0.0,0.0,0.0,0.0,0.0,0.0,0.0,-1.407052,0.3233966,3.210341,1.342057,-0.3036409,-3.239962,0.001865335,0.01034873,0.002809103,0.9999408,0.2104082,1.1865,0.3240964,0.3798098,-0.08611412,-0.9210474,0,0,0,0.8000076,0.08683903,-1.311877,-0.5795998,0.4008,1.915,0.99977,0.005656481,-0.02068575,-0.005579266,0.9999772,0.003788589,0.02070671,-0.003672307,0.9997789,static,-18.37825568129247,12.300930385916663,-16.83912610572083,11.821088380307142,-0.5420494,0.39047993,1.928085,-0.3087478413594562,0.2026376378463715,0.9293076249647524,-17.09722366854048,12.246671942965325,1.5513946720894678,1.612193599027953,0.4977305704276892
526,05/15/2023 12:46:15.662899,862,True,True,True,True,Eyes,1.333792,-0.3021747,-3.231785,-0.2907476,0.1974864,0.9361971,0.0,0.0,0.0,0.0,0.0,0.0,0.0,-1.407311,0.323342,3.210176,1.342053,-0.3037497,-3.239897,0.00181849,0.01039477,0.002859497,0.9999403,0.2049654,1.191771,0.3298246,0.3798341,-0.08611358,-0.9210374,0,0,0,0.8001407,0.08685413,-1.311799,-0.5795999,0.4008,1.915,0.9997675,0.005756457,-0.02077791,-0.005680846,0.999977,0.00369621,0.02079871,-0.003577314,0.9997773,static,-18.39334185574793,12.299290904050627,-16.83912884659031,11.821088380307142,-0.5419122999999999,0.39060383,1.928098,-0.3089953979964672,0.2025939377553201,0.9292349517430608,-17.111967252116862,12.244911669829408,1.5651815860607037,1.626116764426663,0.5040505691612167
527,05/15/2023 12:46:15.673035,863,True,True,True,True,Eyes,1.333884,-0.3021759,-3.231776,-0.290876,0.1974709,0.9361604,0.0,0.0,0.0,0.0,0.0,0.0,0.0,-1.407513,0.3233969,3.210053,1.342062,-0.3037274,-3.239867,0.001844135,0.01042196,0.002827265,0.99994,0.2079335,1.194889,0.3261675,0.3798587,-0.08611306,-0.9210273,0,0,0,0.8002798,0.08681429,-1.31172,-0.5795999,0.4008,1.915,0.9997668,0.005692629,-0.02083224,-0.005615751,0.9999772,0.003746979,0.02085309,-0.003629117,0.999776,static,-18.40517315856878,12.30095344057555,-16.83912884659031,11.821088380307142,-0.5417822000000001,0.39054169,1.928147,-0.3091863521863039,0.2026076615368631,0.9291683557672747,-17.123532986807977,12.24648234846887,1.5766467002359636,1.637914913280455,0.5117086506219451
528,05/15/2023 12:46:15.698405,864,True,True,True,True,Eyes,1.333972,-0.3021766,-3.231765,-0.2909905,0.1974549,0.9361283,0.0,0.0,0.0,0.0,0.0,0.0,0.0,-1.407797,0.3241737,3.209859,1.342049,-0.3037183,-3.239882,0.00196041,0.01046986,0.002840157,0.9999394,0.2212258,1.200419,0.3277944,0.3798832,-0.08611256,-0.9210172,0,0,0,0.8004436,0.08636222,-1.311592,-0.5795999,0.4008,1.915,0.9997646,0.005721019,-0.0209273,-0.005638918,0.9999762,0.003980054,0.02094958,-0.00386111,0.9997731,static,-18.4181422842518,12.314696471878625,-16.83912884659031,11.821088380307142,-0.5416054,0.39008052,1.92829,-0.3093830124160388,0.2028169085678598,0.9290573480213716,-17.136223571244575,12.2601363017316,1.591818092462791,1.6543676690447011,0.5301210736468901
529,05/15/2023 12:46:15.713051,865,True,True,True,True,Eyes,1.334063,-0.3021797,-3.231757,-0.2911102,0.197415,0.9360994,0.0,0.0,0.0,0.0,0.0,0.0,0.0,-1.408548,0.3242573,3.209471,1.342046,-0.3037052,-3.239835,0.001971299,0.01058839,0.002849339,0.9999381,0.2224236,1.214008,0.3288861,0.3799075,-0.08611207,-0.9210073,0,0,0,0.8008905,0.08632423,-1.311408,-0.5795999,0.4008,1.915,0.9997596,0.005740071,-0.02116423,-0.005656579,0.999976,0.004002694,0.02118669,-0.003882014,0.999768,static,-18.438803701530663,12.31533145883297,-16.83912884659031,11.821088380307142,-0.5411555000000001,0.39002943,1.928427,-0.3097188439469772,0.2028038656551382,0.9289481940500672,-17.156418826318788,12.26060866406326,1.6113287968454395,1.6742866726457355,0.5420802625711045
530,05/15/2023 12:46:15.722819,866,True,True,True,True,Eyes,1.33415,-0.3021803,-3.231748,-0.2912228,0.1973764,0.9360725,0.0,0.0,0.0,0.0,0.0,0.0,0.0,-1.408835,0.324908,3.209331,1.341979,-0.3037626,-3.239908,0.002025023,0.0106523,0.002938839,0.9999371,0.2284491,1.221371,0.3392213,0.3799316,-0.08611165,-0.9209974,0,0,0,0.8010005,0.08596019,-1.31137,-0.5795999,0.4008,1.915,0.9997558,0.005920448,-0.02129136,-0.005834164,0.9999745,0.0041124,0.02131517,-0.003987178,0.9997649,static,-18.4512716551348,12.323324082833812,-16.83912884659031,11.821088380307142,-0.5409785,0.38972279,1.928538,-0.3099133678821127,0.202919918164835,0.9288579541528365,-17.168613500256868,12.268510567283023,1.6247724749817432,1.6885630388096786,0.5556498451363523
531,05/15/2023 12:46:15.743075,867,True,True,True,True,Eyes,1.334233,-0.3021832,-3.23174,-0.2913377,0.1973443,0.9360436,0.0,0.0,0.0,0.0,0.0,0.0,0.0,-1.409051,0.3249096,3.20918,1.34196,-0.3037031,-3.239867,0.002007521,0.01069523,0.003002008,0.9999363,0.2263517,1.226298,0.3464481,0.3799556,-0.08611123,-0.9209875,0,0,0,0.8010972,0.08601651,-1.311295,-0.5795999,0.4008,1.915,0.9997532,0.006046575,-0.02137703,-0.005960693,0.999974,0.004079001,0.02140114,-0.003950572,0.9997632,static,-18.46159053521328,12.322440379478952,-16.83912884659031,11.821088380307142,-0.5408628000000001,0.38971961,1.928572,-0.3100823854856021,0.2028938488109047,0.9288073264197456,-17.17869830018905,12.267544474785009,1.6342544865055475,1.6981565764448432,0.5609192973269665
532,05/15/2023 12:46:15.762675,868,True,True,True,True,Eyes,1.334313,-0.3021852,-3.23173,-0.2914477,0.1973171,0.936015,0.0,0.0,0.0,0.0,0.0,0.0,0.0,-1.408771,0.3247061,3.209343,1.341965,-0.3037587,-3.239878,0.001915789,0.0106625,0.00312309,0.9999365,0.2157039,1.222542,0.3602027,0.3799793,-0.08611088,-0.9209778,0,0,0,0.8008787,0.08617737,-1.311414,-0.5795999,0.4008,1.915,0.9997531,0.006286637,-0.02131169,-0.006204927,0.9999732,0.003897934,0.02133562,-0.003764734,0.9997653,static,-18.461144533218917,12.31472805165963,-16.83912884659031,11.821088380307142,-0.5410863,0.3899360699999999,1.928464,-0.3100833342928494,0.2027687393963358,0.928834239318378,-17.178254244983606,12.259828156896386,1.6321689452197417,1.6954689654494577,0.554525587684637
533,05/15/2023 12:46:15.773296,869,True,True,True,True,Eyes,1.334375,-0.3021895,-3.231723,-0.2915595,0.1972758,0.935989,0.0,0.0,0.0,0.0,0.0,0.0,0.0,-1.408821,0.3243957,3.209306,1.341955,-0.3037395,-3.239839,0.001851667,0.010676,0.003167541,0.9999364,0.2082972,1.224075,0.3652204,0.3800026,-0.08611055,-0.9209682,0,0,0,0.8008851,0.08639325,-1.311409,-0.5795998,0.4008,1.915,0.999752,0.006374214,-0.02133892,-0.006295141,0.9999731,0.003770731,0.02136238,-0.003635464,0.9997652,static,-18.467965230986707,12.307004852851492,-16.83912610572083,11.821088380307142,-0.5410699,0.39013275,1.92843,-0.3102026906577611,0.2026352592791145,0.9288236290235412,-17.184912691611558,12.252043544142971,1.636949881361576,1.6997740185938992,0.5525311902677825
534,05/15/2023 12:46:15.798849,870,True,True,True,True,Eyes,1.334435,-0.3021924,-3.231716,-0.2916726,0.1972377,0.9359617,0.0,0.0,0.0,0.0,0.0,0.0,0.0,-1.408007,0.3248306,3.209673,1.341941,-0.3037961,-3.239892,0.001862055,0.01056274,0.003281424,0.9999372,0.2093909,1.211124,0.3782589,0.3800252,-0.08611035,-0.9209589,0,0,0,0.8003442,0.08616766,-1.311576,-0.5795999,0.4008,1.915,0.9997553,0.006601771,-0.02111194,-0.006523098,0.9999716,0.003793197,0.02113638,-0.003654554,0.9997699,static,-18.459308847794365,12.309457048825196,-16.83912884659031,11.821088380307142,-0.5415968000000001,0.38996376,1.928316,-0.3100590723204766,0.2026849806041737,0.9288606408219646,-17.176454479010005,12.254566522212516,1.6293218213983802,1.6921841485759366,0.5492648557818738
535,05/15/2023 12:46:15.813202,871,True,True,True,True,Eyes,1.334462,-0.3021957,-3.231709,-0.2917623,0.1971882,0.9359442,0.0,0.0,0.0,0.0,0.0,0.0,0.0,-1.407564,0.324681,3.20987,1.341961,-0.303767,-3.239874,0.00182784,0.01049413,0.003318248,0.9999379,0.2054521,1.203255,0.3824229,0.380047,-0.0861102,-0.9209499,0,0,0,0.8000703,0.0862862,-1.311659,-0.5795998,0.4008,1.915,0.9997577,0.006674447,-0.02097483,-0.00659772,0.9999713,0.003725097,0.02099909,-0.003585808,0.9997731,static,-18.45571340913712,12.303619699657563,-16.83912610572083,11.821088380307142,-0.5418907,0.3900532,1.928215,-0.3100067528216426,0.2025939877891464,0.9288979818854392,-17.172934123268163,12.248751893012164,1.6247148539418126,1.68706579116548,0.5425162418564811
536,05/15/2023 12:46:15.822828,872,True,True,True,True,Eyes,1.334489,-0.3021984,-3.2317,-0.291847,0.1971514,0.9359256,0.0,0.0,0.0,0.0,0.0,0.0,0.0,-1.407308,0.3246176,3.209992,1.341956,-0.3037787,-3.239879,0.001836431,0.01045025,0.003271028,0.9999384,0.2065099,1.19822,0.3770134,0.3800674,-0.08611016,-0.9209415,0,0,0,0.799934,0.08629405,-1.311704,-0.5795999,0.4008,1.915,0.9997602,0.006580036,-0.02088721,-0.006503271,0.9999718,0.003741001,0.02091124,-0.003604268,0.9997749,static,-18.45686311975672,12.300697827497729,-16.83912884659031,11.821088380307142,-0.5420219999999999,0.39007275,1.928175,-0.310028609884388,0.2025451103404821,0.9289014016550062,-17.174054776665795,12.245818090445791,1.6251857344289118,1.6873320362073705,0.540898054453323
537,05/15/2023 12:46:15.842975,873,True,True,True,True,Eyes,1.334509,-0.302204,-3.231692,-0.29191,0.1970781,0.9359214,0.0,0.0,0.0,0.0,0.0,0.0,0.0,-1.40742,0.3236426,3.21001,1.341993,-0.3037717,-3.239832,0.001717458,0.01045439,0.003197935,0.9999389,0.1929634,1.198636,0.368496,0.3800865,-0.08611019,-0.9209335,0,0,0,0.8000417,0.08684071,-1.311747,-0.5795998,0.4008,1.915,0.999761,0.006431389,-0.02089653,-0.006359569,0.9999736,0.003501571,0.0209185,-0.003367841,0.9997755,static,-18.46176427048506,12.280248779371542,-16.83912610572083,11.821088380307142,-0.5419513,0.3906124099999999,1.928085,-0.310130228485902,0.2022065221514385,0.9289412556003056,-17.178823631599222,12.22531039608567,1.625689190810184,1.6863519460119838,0.5280055370239571
538,05/15/2023 12:46:15.862831,874,True,True,True,True,Eyes,1.334529,-0.3022117,-3.231682,-0.29196,0.1970021,0.9359218,0.0,0.0,0.0,0.0,0.0,0.0,0.0,-1.407735,0.323176,3.209939,1.341984,-0.3038469,-3.23985,0.001656607,0.01049925,0.00314331,0.9999386,0.18604,1.203743,0.3621721,0.3801043,-0.08611037,-0.9209262,0,0,0,0.8002473,0.08706132,-1.311764,-0.5795999,0.4008,1.915,0.9997597,0.006321019,-0.0209868,-0.006251447,0.9999748,0.003379014,0.02100763,-0.003247004,0.999774,static,-18.470515713977797,12.267241882755636,-16.83912884659031,11.821088380307142,-0.5417367000000001,0.39090822,1.928086,-0.3102866073452063,0.2019847923083259,0.92893726897892,-17.18736362989895,12.212221683205945,1.6314747111361214,1.6912941964162846,0.5236914405855239
539,05/15/2023 12:46:15.872913,875,True,True,True,True,Eyes,1.334572,-0.3022186,-3.231675,-0.2920333,0.196881,0.9359244,0.0,0.0,0.0,0.0,0.0,0.0,0.0,-1.408633,0.3237137,3.209444,1.342011,-0.3039059,-3.239786,0.001740723,0.01063313,0.003119345,0.9999372,0.1956591,1.219111,0.3595536,0.3801208,-0.08611076,-0.9209194,0,0,0,0.8008113,0.08670718,-1.31149,-0.5795998,0.4008,1.915,0.9997544,0.006275316,-0.02125406,-0.006201279,0.9999745,0.003547563,0.02127578,-0.00341489,0.9997678,static,-18.491065009423306,12.270044419647158,-16.83912610572083,11.821088380307142,-0.5411997000000001,0.39061308,1.928296,-0.3106182830686107,0.2020072062531858,0.9288215274370748,-17.207451581494595,12.214864593110164,1.6514700904606914,1.7118597100304722,0.5391876870566148
540,05/15/2023 12:46:15.898613,876,True,True,True,True,Eyes,1.334614,-0.3022229,-3.231668,-0.292102,0.1967567,0.9359291,0.0,0.0,0.0,0.0,0.0,0.0,0.0,-1.409334,0.3246191,3.209102,1.342033,-0.3038846,-3.239836,0.001875133,0.01074136,0.003140462,0.9999358,0.2109955,1.231568,0.3621601,0.3801368,-0.08611128,-0.9209127,0,0,0,0.8012365,0.08618908,-1.311318,-0.5795999,0.4008,1.915,0.9997495,0.006320802,-0.02146956,-0.006240235,0.9999733,0.003817489,0.02149311,-0.003682558,0.9997622,static,-18.50772350054916,12.279794385903312,-16.83912884659031,11.821088380307142,-0.5407965,0.39007368,1.928518,-0.3108791564593176,0.2021471201586215,0.9287038007440362,-17.223743963010868,12.224492441795665,1.6690722771197382,1.7304968416007165,0.5573720701691415
541,05/15/2023 12:46:15.913149,877,True,True,True,True,Eyes,1.334638,-0.3022278,-3.23166,-0.2921466,0.1966455,0.9359385,0.0,0.0,0.0,0.0,0.0,0.0,0.0,-1.409506,0.3252608,3.208992,1.342059,-0.3038275,-3.239861,0.001974727,0.01076642,0.003160861,0.9999353,0.2223732,1.234481,0.3646259,0.3801523,-0.08611185,-0.9209062,0,0,0,0.8013448,0.08584055,-1.311237,-0.5795999,0.4008,1.915,0.9997482,0.006363833,-0.02151896,-0.006278791,0.9999722,0.00401726,0.02154393,-0.003881135,0.9997604,static,-18.513189968078567,12.285527733777858,-16.83912884659031,11.821088380307142,-0.5407141999999999,0.38966805,1.928624,-0.3109620324452958,0.2022342712845318,0.9286570293922104,-17.229092963276887,12.230188185613,1.6753333473901313,1.7372923045736488,0.5651855120263017
542,05/15/2023 12:46:15.922711,878,True,True,True,True,Eyes,1.334659,-0.3022353,-3.231653,-0.2921859,0.1965372,0.935949,0.0,0.0,0.0,0.0,0.0,0.0,0.0,-1.409991,0.3229398,3.208938,1.342041,-0.3038514,-3.239791,0.001675996,0.01082864,0.003008377,0.9999354,0.18831,1.241472,0.346796,0.3801669,-0.0861125,-0.9209001,0,0,0,0.801681,0.08713706,-1.311336,-0.5795998,0.4008,1.915,0.9997474,0.006052662,-0.0216458,-0.005980067,0.9999762,0.00341693,0.02166597,-0.003286623,0.9997599,static,-18.523698286076968,12.239806554989512,-16.83912610572083,11.821088380307142,-0.5403600000000001,0.39098846,1.928455,-0.3111818781351927,0.2014779013114137,0.9287478106284032,-17.239315653191824,12.184339437232907,1.6771814673954917,1.7358307350197395,0.5404655440106471
543,05/15/2023 12:46:15.943064,879,True,True,True,True,Eyes,1.334648,-0.3022453,-3.231646,-0.2922037,0.19648,0.9359555,0.0,0.0,0.0,0.0,0.0,0.0,0.0,-1.410213,0.3231429,3.208846,1.341977,-0.3039212,-3.239836,0.001699923,0.01087249,0.003000565,0.999935,0.1910461,1.246504,0.345939,0.3801806,-0.08611329,-0.9208944,0,0,0,0.8017925,0.08698444,-1.311315,-0.5795999,0.4008,1.915,0.9997456,0.006037705,-0.02173336,-0.005963774,0.9999762,0.003464871,0.02175376,-0.003334376,0.9997578,static,-18.529961641145608,12.239198572915816,-16.83912884659031,11.821088380307142,-0.5401845,0.39090564,1.928521,-0.3112845272701179,0.20146092932272,0.9287171408521464,-17.245436850793126,12.183681376837692,1.6830497233316386,1.741761083589521,0.5445731130089705
544,05/15/2023 12:46:15.963047,880,True,True,True,True,Eyes,1.334639,-0.302255,-3.231642,-0.292235,0.1964195,0.9359584,0.0,0.0,0.0,0.0,0.0,0.0,0.0,-1.408758,0.3237126,3.209431,1.34198,-0.3039913,-3.239832,0.001651899,0.01067452,0.003296023,0.9999363,0.1852502,1.223855,0.3796977,0.3801928,-0.08611431,-0.9208893,0,0,0,0.8007984,0.08676526,-1.31156,-0.5795998,0.4008,1.915,0.9997504,0.006626893,-0.02133678,-0.00655636,0.9999728,0.003373954,0.02135856,-0.00323322,0.9997666,static,-18.502078336570424,12.238928975597332,-16.83912610572083,11.821088380307142,-0.5411815999999999,0.39075656,1.928272,-0.3108307476973359,0.2014880383895683,0.9288632075863748,-17.21818326757601,12.183631819356416,1.656434396495208,1.714643078066133,0.5245208071672464
545,05/15/2023 12:46:15.973043,881,True,True,True,True,Eyes,1.334618,-0.3022615,-3.231636,-0.2922736,0.1963872,0.9359531,0.0,0.0,0.0,0.0,0.0,0.0,0.0,-1.407546,0.3241672,3.21001,1.342023,-0.3039917,-3.239906,0.001735877,0.01047604,0.003265232,0.9999384,0.1949851,1.201136,0.3762336,0.3802035,-0.08611552,-0.9208847,0,0,0,0.8001027,0.08647444,-1.311783,-0.5795998,0.4008,1.915,0.9997592,0.006566432,-0.02093945,-0.006493691,0.9999726,0.003539953,0.02096213,-0.003403127,0.9997745,static,-18.48284026323571,12.244040440735777,-16.83912610572083,11.821088380307142,-0.5419203,0.3904661399999999,1.928123,-0.310511994054211,0.2015929927094057,0.9289470177676188,-17.199385254808057,12.188900262040436,1.6389935474068622,1.6972579877660536,0.5148516629527767
546,05/15/2023 12:46:15.998792,882,True,True,True,True,Eyes,1.334594,-0.3022713,-3.231631,-0.2923045,0.1963673,0.9359476,0.0,0.0,0.0,0.0,0.0,0.0,0.0,-1.407283,0.3212072,3.210366,1.342085,-0.3039335,-3.23983,0.001396729,0.01039849,0.00300559,0.9999405,0.1564627,1.19208,0.3460625,0.3802127,-0.08611682,-0.9208808,0,0,0,0.8000638,0.08812751,-1.312058,-0.5795998,0.4008,1.915,0.9997656,0.00603987,-0.02078734,-0.005981774,0.999978,0.002855799,0.02080414,-0.002730784,0.9997799,static,-18.479214233082608,12.194144476268535,-16.83912610572083,11.821088380307142,-0.5420212,0.39206101,1.927772,-0.3105058379936544,0.2007843633581855,0.9291241634883934,-17.195788552133244,12.13898433433535,1.627549978331075,1.6819809500250065,0.4777718475050542
547,05/15/2023 12:46:16.013160,883,True,True,True,True,Eyes,1.334586,-0.3022802,-3.231625,-0.2923309,0.1963105,0.9359514,0.0,0.0,0.0,0.0,0.0,0.0,0.0,-1.407542,0.3201751,3.210358,1.342006,-0.3040258,-3.239857,0.0013328,0.01042547,0.002746432,0.9999411,0.1494377,1.19511,0.3162943,0.3802205,-0.0861183,-0.9208775,0,0,0,0.8002922,0.08857248,-1.312109,-0.5795999,0.4008,1.915,0.9997675,0.00552033,-0.02084238,-0.00546475,0.9999814,0.002722709,0.02085702,-0.002608177,0.999779,static,-18.48903722029713,12.174458298362689,-16.83912884659031,11.821088380307142,-0.5417138,0.39259828,1.927748,-0.3106867050754415,0.2004526785759737,0.92913545062499,-17.205368842000095,12.11920136662205,1.6341991464287176,1.6873256771040002,0.4722320264947647
548,05/15/2023 12:46:16.022786,884,True,True,True,True,Eyes,1.334578,-0.3022928,-3.231618,-0.2923576,0.1962481,0.9359561,0.0,0.0,0.0,0.0,0.0,0.0,0.0,-1.408016,0.3224086,3.209904,1.342009,-0.3040087,-3.239835,0.001678709,0.01050085,0.002753276,0.9999397,0.1890416,1.203861,0.3175065,0.3802273,-0.08611991,-0.9208745,0,0,0,0.8005865,0.08725278,-1.311733,-0.5795999,0.4008,1.915,0.9997643,0.005541475,-0.02099118,-0.005470963,0.9999792,0.00341504,0.02100967,-0.003299392,0.9997739,static,-18.50134042650088,12.21135605807973,-16.83912884659031,11.821088380307142,-0.5414225,0.39126148,1.928102,-0.3108480189336845,0.2010398228293384,0.928954575272834,-17.21743296272123,12.156037868559087,1.6513036599781217,1.707412134401884,0.5052773139196316
549,05/15/2023 12:46:16.043372,885,True,True,True,True,Eyes,1.334583,-0.3023038,-3.23161,-0.2924024,0.1961674,0.935959,0.0,0.0,0.0,0.0,0.0,0.0,0.0,-1.408219,0.323456,3.209675,1.342025,-0.3041019,-3.239785,0.001649422,0.01057115,0.003168831,0.9999379,0.1851597,1.211985,0.365101,0.3802333,-0.08612174,-0.9208719,0,0,0,0.8005453,0.086806,-1.311627,-0.5795999,0.4008,1.915,0.9997564,0.006372139,-0.02113053,-0.006302394,0.9999744,0.003365634,0.02115143,-0.003231641,0.999771,static,-18.502449995308467,12.21852493599887,-16.83912884659031,11.821088380307142,-0.5414797,0.3909079,1.928158,-0.3108584771454938,0.2011553239462685,0.928926049190341,-17.218525018963575,12.163204964323324,1.65347518042962,1.7101441633889218,0.5108671184078949
550,05/15/2023 12:46:16.062994,886,True,True,True,True,Eyes,1.334586,-0.3023154,-3.231606,-0.2924444,0.1960725,0.9359657,0.0,0.0,0.0,0.0,0.0,0.0,0.0,-1.407984,0.3244274,3.20967,1.342051,-0.3040717,-3.239767,0.001788779,0.01053501,0.003206458,0.9999379,0.2010957,1.207902,0.3695745,0.3802389,-0.0861237,-0.9208694,0,0,0,0.800405,0.08625776,-1.311539,-0.5795999,0.4008,1.915,0.9997575,0.006450207,-0.02105723,-0.006374828,0.999973,0.003644896,0.02108018,-0.003509776,0.9997717,static,-18.500685345395794,12.229926694314818,-16.83912884659031,11.821088380307142,-0.5416460000000001,0.39032946,1.928228,-0.310817613168693,0.2013429924213798,0.9288990013295424,-17.216812259939605,12.174631773286968,1.6536147540935493,1.7111162338436805,0.5173371158527704
551,05/15/2023 12:46:16.073261,887,True,True,True,True,Eyes,1.334583,-0.302327,-3.231602,-0.2924643,0.1959591,0.9359833,0.0,0.0,0.0,0.0,0.0,0.0,0.0,-1.407945,0.3258893,3.209614,1.342015,-0.3040938,-3.239854,0.002056332,0.01052484,0.003102556,0.9999378,0.2318824,1.206813,0.3579898,0.380244,-0.08612581,-0.9208671,0,0,0,0.8004177,0.08532359,-1.311428,-0.5795999,0.4008,1.915,0.9997592,0.006248009,-0.0210356,-0.006161439,0.9999723,0.004177716,0.02106113,-0.0040471,0.99977,static,-18.504506517993093,12.25002158364731,-16.83912884659031,11.821088380307142,-0.5415973,0.38941739,1.928426,-0.310858497360648,0.2016659428251727,0.9288153291420764,-17.220568279618288,12.194716049823578,1.660634298861107,1.7197286068838349,0.5339416414712272
552,05/15/2023 12:46:16.099026,888,True,True,True,True,Eyes,1.334578,-0.3023393,-3.2316,-0.2924987,0.1958594,0.9359934,0.0,0.0,0.0,0.0,0.0,0.0,0.0,-1.407375,0.3264177,3.209808,1.342005,-0.3041054,-3.239855,0.002126332,0.01044044,0.003126814,0.9999385,0.2399044,1.197172,0.3608338,0.3802486,-0.08612805,-0.920865,0,0,0,0.800064,0.08501468,-1.311466,-0.5795998,0.4008,1.915,0.9997624,0.006297641,-0.0208663,-0.006208842,0.9999714,0.004317692,0.0208929,-0.004187111,0.9997729,static,-18.49654532717525,12.25224898418929,-16.83912610572083,11.821088380307142,-0.5419409999999999,0.38912008,1.928389,-0.3107264737135209,0.2017112082722872,0.928849657320551,-17.21278931498126,12.197008520822491,1.6534559850381745,1.712582243860601,0.5300378722316785
553,05/15/2023 12:46:16.113198,889,True,True,True,True,Eyes,1.334582,-0.3023508,-3.2316,-0.2925663,0.1957824,0.9359884,0.0,0.0,0.0,0.0,0.0,0.0,0.0,-1.406005,0.3256381,3.210501,1.341956,-0.3041371,-3.239886,0.002011087,0.01023181,0.00310318,0.9999409,0.2268021,1.173216,0.3579402,0.3802526,-0.08613043,-0.9208632,0,0,0,0.7992272,0.08545069,-1.311812,-0.5795999,0.4008,1.915,0.9997714,0.006247146,-0.02044993,-0.006164838,0.9999727,0.004085438,0.0204749,-0.003958433,0.9997825,static,-18.47623652938568,12.23201546582122,-16.83912884659031,11.821088380307142,-0.5427287999999999,0.38958779,1.928074,-0.3104172197408535,0.201404592009489,0.9290195977404672,-17.19291805139306,12.17691574685015,1.6306557340500305,1.6878929571144976,0.5017767593421363
554,05/15/2023 12:46:16.122806,890,True,True,True,True,Eyes,1.334586,-0.3023627,-3.2316,-0.2926435,0.1957146,0.9359784,0.0,0.0,0.0,0.0,0.0,0.0,0.0,-1.404429,0.3247634,3.211341,1.341974,-0.3041302,-3.23994,0.001863236,0.009986196,0.003135671,0.9999436,0.2099113,1.145022,0.3614381,0.3802563,-0.08613288,-0.9208614,0,0,0,0.7982697,0.08598708,-1.312248,-0.5795999,0.4008,1.915,0.9997809,0.0063082,-0.01995958,-0.006233774,0.9999734,0.003788888,0.01998295,-0.003663634,0.9997936,static,-18.450840723381734,12.21033409662177,-16.83912884659031,11.821088380307142,-0.5437043,0.39011728,1.927692,-0.3100265030930699,0.2010799828538875,0.9292203161184828,-17.168073190986423,12.155413903266304,1.6028900788102771,1.6580492759444263,0.4690180561685295
555,05/15/2023 12:46:16.143079,891,True,True,True,True,Eyes,1.334612,-0.3023725,-3.231601,-0.2927135,0.195646,0.9359709,0.0,0.0,0.0,0.0,0.0,0.0,0.0,-1.403404,0.3242542,3.211832,1.341985,-0.304153,-3.239925,0.00177184,0.009826801,0.003157517,0.9999453,0.1994715,1.126727,0.3638048,0.3802597,-0.08613542,-0.9208598,0,0,0,0.7976478,0.08628941,-1.312478,-0.5795999,0.4008,1.915,0.9997869,0.006349511,-0.01964133,-0.006279865,0.9999738,0.003605542,0.01966371,-0.003481428,0.9998006,static,-18.43551246321224,12.195391463711202,-16.83912884659031,11.821088380307142,-0.5443372,0.39044241,1.927447,-0.309792590229037,0.2008537534792227,0.9293472961156944,-17.153075510588483,12.14057781888858,1.5859076533817869,1.6396778493547763,0.4479241109838403
556,05/15/2023 12:46:16.162834,892,True,True,True,True,Eyes,1.334638,-0.3023854,-3.231601,-0.2927812,0.1955882,0.9359618,0.0,0.0,0.0,0.0,0.0,0.0,0.0,-1.402713,0.3228636,3.21232,1.342034,-0.3041168,-3.239953,0.001591458,0.009703783,0.003088544,0.999947,0.1789238,1.112551,0.355676,0.3802634,-0.08613797,-0.920858,0,0,0,0.7972738,0.0870954,-1.312782,-0.5795999,0.4008,1.915,0.9997926,0.006207647,-0.01939671,-0.006145874,0.9999759,0.003242688,0.01941637,-0.003122805,0.9998066,static,-18.42565488963966,12.167964793767442,-16.83912884659031,11.821088380307142,-0.5447601999999999,0.3912122,1.927171,-0.3096609058325825,0.2004179055764167,0.9294852621936652,-17.14341174941309,12.113202311468616,1.57245530764966,1.6240037350600245,0.4218040228931785
557,05/15/2023 12:46:16.173514,893,True,True,True,True,Eyes,1.334683,-0.3023957,-3.2316,-0.2928455,0.1955646,0.9359466,0.0,0.0,0.0,0.0,0.0,0.0,0.0,-1.402664,0.3222376,3.212397,1.34204,-0.3042061,-3.239935,0.001494492,0.009691877,0.003055923,0.9999474,0.1678534,1.111146,0.3518279,0.3802673,-0.0861406,-0.9208561,0,0,0,0.7972575,0.08741547,-1.312853,-0.5795999,0.4008,1.915,0.9997935,0.006140493,-0.0193736,-0.006082555,0.9999769,0.003048062,0.01939186,-0.002929591,0.9998077,static,-18.428209322109264,12.154408440266122,-16.83912884659031,11.821088380307142,-0.5447825,0.39162157,1.927082,-0.3097168020405986,0.2001941447157022,0.9295148436954962,-17.14589417498222,12.09961256819311,1.5730776795964994,1.6236622247396797,0.414343685774184
558,05/15/2023 12:46:16.193137,894,True,True,True,True,Eyes,1.334725,-0.302408,-3.231601,-0.2929053,0.1955442,0.9359322,0.0,0.0,0.0,0.0,0.0,0.0,0.0,-1.402994,0.3221738,3.212233,1.342079,-0.3041518,-3.239898,0.001520431,0.009730853,0.002991184,0.9999472,0.1708842,1.115611,0.3444452,0.380272,-0.0861432,-0.9208539,0,0,0,0.7974985,0.08744334,-1.312754,-0.5795999,0.4008,1.915,0.9997927,0.006011641,-0.01945158,-0.005952461,0.9999775,0.003098915,0.01946977,-0.002982488,0.999806,static,-18.437881585406323,12.15442900827488,-16.83912884659031,11.821088380307142,-0.5445805,0.39159514,1.927144,-0.3098744033250542,0.2001836771222935,0.9294646208954426,-17.155347921312416,12.09955673689969,1.5823809496771652,1.633133887385119,0.4213539234912369
559,05/15/2023 12:46:16.213176,895,True,True,True,True,Eyes,1.334764,-0.3024205,-3.231603,-0.2929288,0.1954925,0.9359356,0.0,0.0,0.0,0.0,0.0,0.0,0.0,-1.403148,0.3220562,3.212234,1.342045,-0.3042159,-3.239963,0.001484993,0.009761605,0.003008103,0.9999468,0.166794,1.119126,0.3463494,0.3802772,-0.08614586,-0.9208515,0,0,0,0.7975687,0.08749665,-1.312813,-0.5795999,0.4008,1.915,0.9997913,0.006044876,-0.01951324,-0.005986894,0.9999775,0.003028557,0.01953111,-0.002911101,0.999805,static,-18.442058131905537,12.148130351553514,-16.83912884659031,11.821088380307142,-0.5444762999999999,0.39171255,1.92715,-0.3099490757678181,0.2000763661493204,0.9294627829623991,-17.15942346134489,12.093218945227012,1.5855937923470722,1.6359519383765213,0.4202900006000539
560,05/15/2023 12:46:16.222755,896,True,True,True,True,Eyes,1.334803,-0.3024317,-3.231603,-0.2929532,0.1954373,0.9359394,0.0,0.0,0.0,0.0,0.0,0.0,0.0,-1.403612,0.3243135,3.211831,1.342087,-0.3042262,-3.239971,0.001798093,0.009836717,0.003090404,0.9999453,0.2025519,1.12786,0.3561462,0.3802828,-0.08614857,-0.920849,0,0,0,0.797841,0.08619098,-1.312493,-0.5795999,0.4008,1.915,0.9997873,0.006215844,-0.01966124,-0.006145095,0.9999744,0.003656788,0.01968347,-0.003535191,0.9998,static,-18.45230647280089,12.184353211454104,-16.83912884659031,11.821088380307142,-0.544246,0.39041718,1.927478,-0.3100778340393381,0.2006550598132663,0.9292949800266316,-17.169478433654934,12.129396125047665,1.600340590356218,1.653572916824241,0.4518678071524393
561,05/15/2023 12:46:16.248750,897,True,True,True,True,Eyes,1.334835,-0.3024437,-3.231604,-0.2929264,0.1954078,0.935954,0.0,0.0,0.0,0.0,0.0,0.0,0.0,-1.403556,0.324828,3.211795,1.342137,-0.3042038,-3.239944,0.001845177,0.009828838,0.003175331,0.9999451,0.2078542,1.126991,0.3659291,0.3802887,-0.08615129,-0.9208462,0,0,0,0.7977946,0.08593661,-1.312437,-0.5795998,0.4008,1.915,0.9997866,0.006386584,-0.01964487,-0.00631404,0.999973,0.003752571,0.01966831,-0.003627732,0.9998,static,-18.44810401410888,12.190769080551156,-16.83912610572083,11.821088380307142,-0.5443423999999999,0.39014041,1.927507,-0.3100026052405583,0.2007643106205839,0.92929653532062,-17.16537769046461,12.135851448021295,1.5972602496844084,1.6509008843094417,0.4533385990015118
562,05/15/2023 12:46:16.264583,898,True,True,True,True,Eyes,1.334864,-0.3024533,-3.231608,-0.2928897,0.1953603,0.9359754,0.0,0.0,0.0,0.0,0.0,0.0,0.0,-1.403536,0.3233043,3.21198,1.342171,-0.3042411,-3.239949,0.00169204,0.009799186,0.002966552,0.9999463,0.1905522,1.123497,0.3418274,0.3802948,-0.08615404,-0.9208434,0,0,0,0.7978758,0.08672287,-1.312596,-0.5795999,0.4008,1.915,0.9997904,0.005965946,-0.01958728,-0.005899623,0.9999766,0.003442037,0.01960736,-0.003325758,0.9998022,static,-18.44586372677397,12.162444975591056,-16.83912884659031,11.821088380307142,-0.5442952,0.39096397,1.927353,-0.3099959946098301,0.2003053433400334,0.929397775628193,-17.163158161702643,12.107517448018102,1.5911097466831252,1.6425959029361488,0.4324772917529175
563,05/15/2023 12:46:16.273114,899,True,True,True,True,Eyes,1.334916,-0.3024614,-3.231611,-0.2928724,0.1953328,0.9359866,0.0,0.0,0.0,0.0,0.0,0.0,0.0,-1.404234,0.3247205,3.211602,1.342151,-0.3041937,-3.240031,0.002038469,0.009884016,0.002685064,0.9999455,0.230538,1.133273,0.3099817,0.380301,-0.08615675,-0.9208406,0,0,0,0.7984118,0.08575624,-1.312315,-0.5795998,0.4008,1.915,0.9997902,0.005410132,-0.019756,-0.005329539,0.9999773,0.004129794,0.0197779,-0.004023637,0.9997963,static,-18.463043028468103,12.19120566357894,-16.83912610572083,11.821088380307142,-0.5437392000000001,0.38994994,1.927716,-0.3102455347127639,0.2007546666695382,0.929217591750368,-17.179979627523227,12.136170425116555,1.6116296239919647,1.6655608590986613,0.4641743404006503
564,05/15/2023 12:46:16.299446,900,True,True,True,True,Eyes,1.334965,-0.3024736,-3.231615,-0.292866,0.1953219,0.9359909,0.0,0.0,0.0,0.0,0.0,0.0,0.0,-1.404197,0.323394,3.211736,1.342143,-0.3041632,-3.240021,0.001772017,0.009893823,0.00283912,0.9999456,0.1998286,1.134344,0.3273342,0.3803078,-0.08615936,-0.9208375,0,0,0,0.7983151,0.08663775,-1.312503,-0.5795999,0.4008,1.915,0.9997881,0.005712995,-0.01977651,-0.005642867,0.9999776,0.00360002,0.01979663,-0.003487661,0.9997979,static,-18.45849623421773,12.165421911742117,-16.83912884659031,11.821088380307142,-0.5438279,0.39080095,1.927518,-0.3101986957131526,0.2003397135996351,0.9293228027930308,-17.17550838394807,12.110397476643984,1.6036456223566806,1.6555712962544789,0.4436788775412487
565,05/15/2023 12:46:16.315070,901,True,True,True,True,Eyes,1.335006,-0.3024859,-3.231618,-0.2928386,0.1953269,0.9359983,0.0,0.0,0.0,0.0,0.0,0.0,0.0,-1.403436,0.3222839,3.212212,1.342128,-0.3042776,-3.240048,0.001511995,0.009792997,0.003004685,0.9999464,0.169881,1.122732,0.3459934,0.3803151,-0.08616199,-0.9208343,0,0,0,0.7977762,0.08733537,-1.312842,-0.5795999,0.4008,1.915,0.9997901,0.006038661,-0.01957586,-0.005979433,0.9999774,0.003082678,0.01959403,-0.002964978,0.9998036,static,-18.439836990545203,12.140768450071588,-16.83912884659031,11.821088380307142,-0.5443517999999999,0.3916129699999999,1.927206,-0.3099206007759227,0.1999588700680524,0.9294974624022694,-17.15724474434043,12.08586742023881,1.5825425732492635,1.632317955892209,0.4138908846405073
566,05/15/2023 12:46:16.322986,902,True,True,True,True,Eyes,1.335045,-0.3024962,-3.231621,-0.292811,0.1953277,0.9360068,0.0,0.0,0.0,0.0,0.0,0.0,0.0,-1.40338,0.322414,3.212202,1.342143,-0.304289,-3.24002,0.001563084,0.009774704,0.002927918,0.9999468,0.1758274,1.12064,0.3372512,0.3803225,-0.08616468,-0.920831,0,0,0,0.7977824,0.08721393,-1.312794,-0.5795998,0.4008,1.915,0.9997918,0.005886082,-0.01953921,-0.005824967,0.9999779,0.003183241,0.01955752,-0.003068762,0.999804,static,-18.438095190212437,12.143697166605271,-16.83912610572083,11.821088380307142,-0.5443606000000001,0.3915029299999999,1.927226,-0.3098891467824841,0.2000085452312232,0.9294972943992056,-17.155545386336215,12.088812751873956,1.5812275044372133,1.6311893091105856,0.4144846200717262
567,05/15/2023 12:46:16.343508,903,True,True,True,True,Eyes,1.335093,-0.3025058,-3.231623,-0.2927865,0.1953457,0.9360107,0.0,0.0,0.0,0.0,0.0,0.0,0.0,-1.403443,0.3226976,3.21214,1.342139,-0.3042538,-3.240019,0.001636597,0.009779889,0.002871256,0.9999468,0.1843127,1.121249,0.3308418,0.3803302,-0.08616734,-0.9208276,0,0,0,0.7978439,0.08703049,-1.312731,-0.5795998,0.4008,1.915,0.9997922,0.005774217,-0.01954934,-0.005710193,0.9999781,0.00332918,0.01956814,-0.003216858,0.9998033,static,-18.43900428438778,12.151179409741326,-16.83912610572083,11.821088380307142,-0.5442950999999999,0.39128429,1.927288,-0.3098960837422517,0.2001294488784729,0.9294689497654262,-17.15644182789328,12.096295102081807,1.583044540186051,1.633575916291497,0.4200333406383127
568,05/15/2023 12:46:16.363184,904,True,True,True,True,Eyes,1.335139,-0.3025151,-3.231625,-0.292763,0.1953627,0.9360145,0.0,0.0,0.0,0.0,0.0,0.0,0.0,-1.403111,0.3219431,3.212353,1.342136,-0.3042497,-3.240012,0.001525777,0.009727037,0.002858615,0.9999476,0.1716459,1.115153,0.3292599,0.3803382,-0.08616995,-0.920824,0,0,0,0.7976451,0.08747422,-1.312869,-0.5795999,0.4008,1.915,0.9997944,0.005746612,-0.01944433,-0.005687247,0.999979,0.003107004,0.01946178,-0.002995781,0.9998061,static,-18.43108159023455,12.138507820381236,-16.83912884659031,11.821088380307142,-0.5444909,0.39172392,1.927143,-0.3097803124667174,0.1999318142839847,0.929550068891223,-17.148684783584383,12.083673763410308,1.573832049021002,1.623289450139248,0.405926054285401
569,05/15/2023 12:46:16.378471,905,True,True,True,True,Eyes,1.335163,-0.3025259,-3.231626,-0.2927007,0.1953967,0.9360269,0.0,0.0,0.0,0.0,0.0,0.0,0.0,-1.403063,0.3219414,3.212383,1.342133,-0.3042492,-3.240023,0.001546482,0.00971511,0.002809555,0.9999478,0.174077,1.113784,0.3236593,0.3803465,-0.08617252,-0.9208203,0,0,0,0.7976352,0.0874503,-1.312876,-0.5795999,0.4008,1.915,0.9997954,0.005648864,-0.01942052,-0.005588767,0.9999794,0.003147393,0.0194379,-0.003038212,0.9998064,static,-18.4272365793701,12.14086736496536,-16.83912884659031,11.821088380307142,-0.5444978,0.3916995,1.927147,-0.3097151779799748,0.1999745600743567,0.9295625915057524,-17.14492913573383,12.086065985772803,1.5704176667979863,1.6199829535967365,0.4046318675519464
570,05/15/2023 12:46:16.393382,906,True,True,True,True,Eyes,1.335185,-0.3025346,-3.231626,-0.2926373,0.1954269,0.9360404,0.0,0.0,0.0,0.0,0.0,0.0,0.0,-1.403524,0.3221934,3.21211,1.342138,-0.3043012,-3.239969,0.001583978,0.00978501,0.00279398,0.9999471,0.1783683,1.121804,0.3219289,0.3803546,-0.08617512,-0.9208168,0,0,0,0.7979226,0.08727232,-1.312717,-0.5795999,0.4008,1.915,0.9997929,0.005618663,-0.01956013,-0.005556666,0.9999794,0.003222466,0.01957783,-0.003113109,0.9998035,static,-18.432069723702284,12.14676800426546,-16.83912884659031,11.821088380307142,-0.5442154,0.39157352,1.927252,-0.3097877260264833,0.2000653136863176,0.9295188691414478,-17.14965929869704,12.091934187809658,1.5758079803278269,1.625892940951494,0.412051711715046
571,05/15/2023 12:46:16.413285,907,True,True,True,True,Eyes,1.335207,-0.3025436,-3.231627,-0.2925475,0.1954699,0.9360596,0.0,0.0,0.0,0.0,0.0,0.0,0.0,-1.403847,0.3223695,3.211961,1.342134,-0.304255,-3.239985,0.001605049,0.009838938,0.002825137,0.9999464,0.1807302,1.127997,0.3255324,0.3803623,-0.08617768,-0.9208133,0,0,0,0.7981018,0.08720297,-1.312658,-0.5795999,0.4008,1.915,0.9997904,0.005681554,-0.01966775,-0.005618386,0.9999788,0.003265518,0.01968589,-0.003154332,0.9998013,static,-18.432350495333303,12.152973334534236,-16.83912884659031,11.821088380307142,-0.5440322,0.39145797,1.927327,-0.3097858026725615,0.2001661370387773,0.9294979130476356,-17.14994026813612,12.098143345392456,1.576872613157551,1.6274221470981838,0.4163690591791752
572,05/15/2023 12:46:16.422768,908,True,True,True,True,Eyes,1.335227,-0.3025522,-3.231629,-0.2924556,0.1955117,0.9360795,0.0,0.0,0.0,0.0,0.0,0.0,0.0,-1.404512,0.3224757,3.211656,1.342128,-0.3042744,-3.239982,0.00159408,0.009948894,0.002882009,0.9999452,0.1793727,1.140604,0.3320565,0.3803698,-0.08618022,-0.92081,0,0,0,0.798475,0.08716271,-1.312543,-0.5795999,0.4008,1.915,0.9997854,0.00579542,-0.01988751,-0.005731982,0.9999783,0.003245331,0.01990588,-0.00313064,0.9997969,static,-18.43813715927753,12.156781005652176,-16.83912884659031,11.821088380307142,-0.5436529999999999,0.39143711,1.927439,-0.3098760601120537,0.2002216958403689,0.9294557724887924,-17.155600200132017,12.101909006495925,1.582933780763312,1.6338656991178548,0.4231008646949091
573,05/15/2023 12:46:16.443097,909,True,True,True,True,Eyes,1.335224,-0.3025617,-3.231631,-0.2923476,0.1955624,0.9361027,0.0,0.0,0.0,0.0,0.0,0.0,0.0,-1.404951,0.3224395,3.211502,1.342084,-0.3042734,-3.240035,0.001582684,0.0100252,0.002895623,0.9999444,0.1780259,1.149347,0.3336172,0.3803771,-0.08618271,-0.9208068,0,0,0,0.7987139,0.08719293,-1.312522,-0.5795999,0.4008,1.915,0.9997822,0.005822658,-0.02004012,-0.005759191,0.9999782,0.003223251,0.02005845,-0.003107134,0.9997939,static,-18.440059805911208,12.159209055765936,-16.83912884659031,11.821088380307142,-0.5433701000000001,0.39146633,1.9275130000000005,-0.3099048465972805,0.2002591188566177,0.9294381678396348,-17.157481965438066,12.104324231591267,1.5851019494530985,1.6362473919566207,0.4261117878359363
574,05/15/2023 12:46:16.462833,910,True,True,True,True,Eyes,1.33522,-0.3025697,-3.231632,-0.2922416,0.1956102,0.9361258,0.0,0.0,0.0,0.0,0.0,0.0,0.0,-1.405555,0.3229659,3.21117,1.342062,-0.3043048,-3.240026,0.001646476,0.01012588,0.00292558,0.9999432,0.1852672,1.160911,0.3371419,0.3803834,-0.08618523,-0.9208039,0,0,0,0.7990581,0.08688353,-1.312354,-0.5795999,0.4008,1.915,0.9997778,0.005884171,-0.02024097,-0.005817482,0.9999775,0.003352014,0.02026024,-0.003233518,0.9997895,static,-18.445044956480128,12.170886613959697,-16.83912884659031,11.821088380307142,-0.5430039000000001,0.39118833,1.927672,-0.3099737604191273,0.2004438066553255,0.929375362684738,-17.16236679018676,12.115973779807511,1.5914701649659186,1.6435709161061764,0.4375387605903665
575,05/15/2023 12:46:16.472924,911,True,True,True,True,Eyes,1.335201,-0.3025771,-3.231635,-0.2921639,0.1956425,0.9361433,0.0,0.0,0.0,0.0,0.0,0.0,0.0,-1.405774,0.3230617,3.211036,1.34203,-0.3042747,-3.240015,0.001632925,0.01017266,0.003003078,0.9999425,0.1836083,1.166283,0.346015,0.3803891,-0.08618773,-0.9208013,0,0,0,0.7991444,0.08687896,-1.312302,-0.5795999,0.4008,1.915,0.999775,0.006039034,-0.02033435,-0.005972588,0.9999766,0.003326761,0.02035396,-0.003204563,0.9997877,static,-18.443949141977047,12.174089997109228,-16.83912884659031,11.821088380307142,-0.5428856000000001,0.39115366,1.927713,-0.309952526217658,0.2004972265449366,0.9293709184407648,-17.161299111926247,12.119188941804296,1.5908645717622392,1.6431854192239117,0.4389278125518447
576,05/15/2023 12:46:16.493799,912,True,True,True,True,Eyes,1.335181,-0.3025846,-3.231638,-0.2920932,0.1956802,0.9361574,0.0,0.0,0.0,0.0,0.0,0.0,0.0,-1.405458,0.3234753,3.211166,1.342,-0.3042696,-3.24006,0.001660885,0.01013665,0.003090089,0.9999425,0.1867234,1.162182,0.3560111,0.3803937,-0.08619019,-0.9207992,0,0,0,0.7989079,0.08667835,-1.312364,-0.5795999,0.4008,1.915,0.9997754,0.006213494,-0.02026188,-0.00614615,0.9999754,0.003384225,0.02028241,-0.003258932,0.9997889,static,-18.43388197051821,12.18208783417535,-16.83912884659031,11.821088380307142,-0.5430921000000001,0.39094795,1.927696,-0.3097800360559598,0.200638799621841,0.9293977927026268,-17.151467833143485,12.127274110369038,1.5823570286446933,1.635101872046799,0.4373846634423769
577,05/15/2023 12:46:16.513141,913,True,True,True,True,Eyes,1.335168,-0.3025945,-3.231641,-0.292087,0.1957108,0.9361531,0.0,0.0,0.0,0.0,0.0,0.0,0.0,-1.405125,0.3229245,3.211358,1.341983,-0.3042805,-3.240057,0.001557849,0.01009074,0.003127866,0.9999431,0.1748897,1.15689,0.3602119,0.3803973,-0.08619265,-0.9207975,0,0,0,0.7986823,0.08702049,-1.312492,-0.5795998,0.4008,1.915,0.9997768,0.006286815,-0.02017058,-0.006223936,0.9999756,0.003178646,0.02019007,-0.003052396,0.9997915,static,-18.42679671097777,12.17305918945203,-16.83912610572083,11.821088380307142,-0.5433007,0.39130099,1.927565,-0.3096741572242938,0.2004996493424726,0.9294632679166074,-17.144533142539434,12.118292649073169,1.5742688683173676,1.6262168985984131,0.426150015265832
578,05/15/2023 12:46:16.532730,914,True,True,True,True,Eyes,1.335154,-0.3026029,-3.231645,-0.2920832,0.195742,0.9361477,0.0,0.0,0.0,0.0,0.0,0.0,0.0,-1.404681,0.3226685,3.211589,1.341978,-0.3043471,-3.240064,0.001479567,0.01002884,0.003194695,0.9999436,0.1658652,1.149779,0.3677689,0.3804001,-0.08619513,-0.9207961,0,0,0,0.7983842,0.08717897,-1.312627,-0.5795999,0.4008,1.915,0.9997784,0.006418706,-0.02004709,-0.006359353,0.9999752,0.003023046,0.020066,-0.00289489,0.9997944,static,-18.417558010809557,12.16782154722813,-16.83912884659031,11.821088380307142,-0.5435937999999999,0.3915260699999999,1.927437,-0.3095291124754962,0.2004246236980918,0.929527697945112,-17.135497663409982,12.11312289779433,1.5646658087356695,1.6160638958596036,0.4160752756257785
579,05/15/2023 12:46:16.543481,915,True,True,True,True,Eyes,1.335141,-0.3026118,-3.231649,-0.2920744,0.1957746,0.9361436,0.0,0.0,0.0,0.0,0.0,0.0,0.0,-1.404488,0.3224832,3.21172,1.341956,-0.3043181,-3.240104,0.001452498,0.01000269,0.003201551,0.9999439,0.1627651,1.146773,0.3685189,0.3804023,-0.08619761,-0.920795,0,0,0,0.798255,0.08730403,-1.312716,-0.5795998,0.4008,1.915,0.9997793,0.006431799,-0.01999495,-0.006373684,0.9999753,0.00296888,0.02001355,-0.002840784,0.9997957,static,-18.41379332333713,12.166706051768946,-16.83912610572083,11.821088380307142,-0.5437009999999999,0.39162213,1.927388,-0.3094689304747655,0.2004106490025682,0.9295507204013422,-17.131816860705015,12.112036059867696,1.5609001440534032,1.6121502476699112,0.4126965353560443
580,05/15/2023 12:46:16.562717,916,True,True,True,True,Eyes,1.335126,-0.3026184,-3.231654,-0.2920642,0.1958072,0.9361399,0.0,0.0,0.0,0.0,0.0,0.0,0.0,-1.404733,0.3222164,3.211636,1.341966,-0.3043438,-3.240094,0.001413897,0.01003756,0.00318546,0.9999436,0.1583478,1.150753,0.3666365,0.3804039,-0.08620009,-0.9207941,0,0,0,0.7984117,0.08744511,-1.312699,-0.5795999,0.4008,1.915,0.9997782,0.006398946,-0.02006498,-0.006342177,0.9999757,0.002891584,0.020083,-0.002763687,0.9997945,static,-18.417369151361303,12.163947782992818,-16.83912884659031,11.821088380307142,-0.5435543,0.39178891,1.927395,-0.3095300873572668,0.2003616918231567,0.929540847050766,-17.135308987395288,12.109246851628832,1.5639462513800415,1.615052639889368,0.4132287264962468
581,05/15/2023 12:46:16.573143,917,True,True,True,True,Eyes,1.335132,-0.3026255,-3.231657,-0.2920298,0.1958346,0.936145,0.0,0.0,0.0,0.0,0.0,0.0,0.0,-1.404864,0.3220772,3.211605,1.341926,-0.3042956,-3.240127,0.001389896,0.01006619,0.003208603,0.9999433,0.1555603,1.154028,0.369265,0.380405,-0.08620252,-0.9207935,0,0,0,0.7984634,0.08755992,-1.31272,-0.5795999,0.4008,1.915,0.9997768,0.006444823,-0.02012232,-0.006388859,0.9999755,0.002844231,0.02014016,-0.002715037,0.9997935,static,-18.417957552355464,12.163770306850669,-16.83912884659031,11.821088380307142,-0.5434625999999999,0.39185552,1.927407,-0.3095398915672048,0.2003581607588556,0.9295384438613022,-17.13588390674696,12.109064553694772,1.5644866496200382,1.615589980449141,0.4135140168936969
582,05/15/2023 12:46:16.592949,918,True,True,True,True,Eyes,1.335137,-0.3026323,-3.231661,-0.2919916,0.1958611,0.9361513,0.0,0.0,0.0,0.0,0.0,0.0,0.0,-1.405605,0.3220411,3.211236,1.341948,-0.304315,-3.240067,0.001384628,0.01017741,0.003200082,0.9999422,0.1549256,1.16677,0.3682998,0.380406,-0.08620489,-0.9207929,0,0,0,0.7989205,0.08757151,-1.312544,-0.5795999,0.4008,1.915,0.9997724,0.006427977,-0.02034478,-0.00637161,0.9999757,0.002834233,0.0203625,-0.002703958,0.999789,static,-18.42861100791959,12.16523263429935,-16.83912884659031,11.821088380307142,-0.5430274999999999,0.39188651,1.927523,-0.3097119313803165,0.2003700645142143,0.9294784980098808,-17.146298195831886,12.11044413422433,1.5749154715192373,1.6263114119810664,0.421994977977793
583,05/15/2023 12:46:16.613992,919,True,True,True,True,Eyes,1.335126,-0.3026392,-3.231666,-0.2919191,0.1958369,0.936179,0.0,0.0,0.0,0.0,0.0,0.0,0.0,-1.406065,0.322012,3.211075,1.341962,-0.3043128,-3.2401,0.001382211,0.01024641,0.003195454,0.9999415,0.1546286,1.174676,0.3677773,0.380407,-0.0862072,-0.9207923,0,0,0,0.7992039,0.08758891,-1.312503,-0.5795997,0.4008,1.915,0.9997696,0.006418859,-0.02048278,-0.006362207,0.9999757,0.002829743,0.02050045,-0.002698776,0.9997862,static,-18.432085768166772,12.163536749246868,-16.839123364851268,11.821088380307142,-0.5427581000000001,0.39190171,1.927597,-0.3097703459469703,0.2003385491304485,0.9294658524613054,-17.149692658273334,12.108719143279563,1.578025976044738,1.6293557327257284,0.4233021873612038
584,05/15/2023 12:46:16.622921,920,True,True,True,True,Eyes,1.335115,-0.3026446,-3.231672,-0.2918461,0.195809,0.9362077,0.0,0.0,0.0,0.0,0.0,0.0,0.0,-1.406588,0.3223389,3.210858,1.341976,-0.3043224,-3.240137,0.001435381,0.01032471,0.003185615,0.9999407,0.160704,1.183667,0.3667251,0.3804076,-0.08620947,-0.9207919,0,0,0,0.7995284,0.08738688,-1.312414,-0.5795999,0.4008,1.915,0.9997665,0.006400492,-0.02063904,-0.006341212,0.9999756,0.002936373,0.02065733,-0.002804811,0.9997827,static,-18.43707694071574,12.167890847314302,-16.83912884659031,11.821088380307142,-0.5424476,0.39170928,1.927723,-0.3098471153455271,0.2004039309699692,0.9294262733909232,-17.154575648540895,12.113038048776774,1.5834083632187808,1.6351483304707717,0.4298154182674003
585,05/15/2023 12:46:16.643145,921,True,True,True,True,Eyes,1.3351,-0.3026483,-3.231677,-0.2917532,0.1957873,0.9362411,0.0,0.0,0.0,0.0,0.0,0.0,0.0,-1.406922,0.3227432,3.21071,1.341981,-0.3042935,-3.240176,0.001486132,0.0103797,0.003223752,0.9999399,0.1664538,1.189994,0.3711644,0.3804078,-0.08621167,-0.9207916,0,0,0,0.7997167,0.08717843,-1.312353,-0.5795998,0.4008,1.915,0.9997637,0.006477968,-0.02074858,-0.006416265,0.9999748,0.003039009,0.02076774,-0.002905163,0.9997801,static,-18.437121935717627,12.173765006384844,-16.83912610572083,11.821088380307142,-0.5422643000000001,0.39147193,1.927823,-0.3098416280432641,0.2004995756460027,0.9294073808497612,-17.154625819453138,12.118917575353407,1.5842720399274397,1.6364508777438769,0.4338689880448656
586,05/15/2023 12:46:16.662842,922,True,True,True,True,Eyes,1.335083,-0.3026533,-3.231682,-0.2916531,0.1957749,0.9362749,0.0,0.0,0.0,0.0,0.0,0.0,0.0,-1.407469,0.321474,3.210541,1.342095,-0.3041256,-3.240088,0.001364528,0.01043533,0.003107895,0.9999399,0.1526377,1.196306,0.3577523,0.3804076,-0.08621375,-0.9207915,0,0,0,0.8001341,0.08794459,-1.312302,-0.5795999,0.4008,1.915,0.9997629,0.006243894,-0.02086093,-0.006186937,0.999977,0.002793756,0.0208779,-0.002664028,0.9997785,static,-18.43906274504851,12.154932544383596,-16.83912884659031,11.821088380307142,-0.5419609000000001,0.39207019,1.927786,-0.3098931036934506,0.2001905510342807,0.9294568511445064,-17.15650292423046,12.100051431393188,1.5835822984573802,1.6343929776291752,0.4225478541291765
587,05/15/2023 12:46:16.673362,923,True,True,True,True,Eyes,1.335048,-0.3026571,-3.231683,-0.2915258,0.1957242,0.9363251,0.0,0.0,0.0,0.0,0.0,0.0,0.0,-1.408314,0.320733,3.210222,1.342056,-0.3041641,-3.240079,0.001278932,0.0105644,0.003024457,0.9999389,0.1428846,1.211054,0.3481075,0.3804069,-0.08621577,-0.9207916,0,0,0,0.8006568,0.08833026,-1.312221,-0.5795998,0.4008,1.915,0.9997585,0.006075567,-0.02111977,-0.006021522,0.9999784,0.002621611,0.02113524,-0.002493805,0.9997736,static,-18.447157428916903,12.139503468382598,-16.83912610572083,11.821088380307142,-0.5413992,0.39249436,1.927858,-0.3100412286944993,0.199930087299442,0.9294634711075702,-17.16439844850896,12.08454336825173,1.5894454323789515,1.6392537645812542,0.4185816857624813
588,05/15/2023 12:46:16.693036,924,True,True,True,True,Eyes,1.335015,-0.3026593,-3.231688,-0.2914174,0.1956633,0.9363716,0.0,0.0,0.0,0.0,0.0,0.0,0.0,-1.407595,0.3216632,3.21044,1.342028,-0.3042692,-3.240077,0.001270486,0.01048857,0.003345062,0.9999387,0.1415577,1.202406,0.3848234,0.3804054,-0.08621773,-0.920792,0,0,0,0.8000829,0.08789644,-1.312305,-0.5795998,0.4008,1.915,0.9997576,0.006716365,-0.02096735,-0.006663063,0.9999744,0.002610986,0.02098434,-0.002470646,0.9997768,static,-18.42447477984581,12.144992517634591,-16.83912610572083,11.821088380307142,-0.5419451,0.39216564,1.927772,-0.3096658457512272,0.20004487429174,0.9295639372958642,-17.142234086056437,12.090216978078956,1.568276369126281,1.6180989798920395,0.4053450997381774
589,05/15/2023 12:46:16.713155,925,True,True,True,True,Eyes,1.334988,-0.3026588,-3.23169,-0.2913046,0.1956059,0.9364187,0.0,0.0,0.0,0.0,0.0,0.0,0.0,-1.406535,0.3227441,3.210886,1.342081,-0.3042303,-3.240147,0.001406454,0.01032441,0.0034343,0.9999399,0.1570952,1.183661,0.3951867,0.3804033,-0.08621958,-0.9207927,0,0,0,0.7994363,0.08731043,-1.312445,-0.5795998,0.4008,1.915,0.9997632,0.00689723,-0.02063792,-0.006839146,0.9999724,0.002883654,0.02065724,-0.002741826,0.9997829,static,-18.397502807605782,12.158375922828116,-16.83912610572083,11.821088380307142,-0.5426447000000001,0.39154073,1.927702,-0.3092122173981377,0.2002930925655337,0.9296614983357768,-17.11588563720658,12.10382652447226,1.5441098867876826,1.5944594166417885,0.3956471868143996
590,05/15/2023 12:46:16.722853,926,True,True,True,True,Eyes,1.334963,-0.3026581,-3.231689,-0.291186,0.1955734,0.9364624,0.0,0.0,0.0,0.0,0.0,0.0,0.0,-1.4062,0.3209599,3.211182,1.342135,-0.3041689,-3.240101,0.001239897,0.01023999,0.003198683,0.9999418,0.1383202,1.173889,0.3679792,0.3804006,-0.08622124,-0.9207937,0,0,0,0.7993469,0.08827616,-1.312624,-0.5795999,0.4008,1.915,0.9997698,0.006422387,-0.02047086,-0.0063716,0.9999765,0.002545159,0.02048673,-0.002414141,0.9997872,static,-18.38453733112084,12.127699916554151,-16.83912884659031,11.821088380307142,-0.5427881000000001,0.39244506,1.927477,-0.3090331102279826,0.1998075619157577,0.929825544379923,-17.103180768759042,12.073223070148936,1.527672797738534,1.5755310273741676,0.3650963152684784
591,05/15/2023 12:46:16.743714,927,True,True,True,True,Eyes,1.334947,-0.302661,-3.231687,-0.2910215,0.1954949,0.9365298,0.0,0.0,0.0,0.0,0.0,0.0,0.0,-1.40691,0.318804,3.210998,1.342157,-0.3041741,-3.240005,0.001034328,0.01031652,0.0028943,0.9999421,0.1150969,1.182547,0.3328685,0.3803976,-0.08622275,-0.9207947,0,0,0,0.7999006,0.08940421,-1.312609,-0.5795998,0.4008,1.915,0.9997703,0.005809606,-0.02062587,-0.005766924,0.9999811,0.002128255,0.02063784,-0.002008819,0.999785,static,-18.38830672837878,12.088396798762092,-16.83912610572083,11.821088380307142,-0.5422564000000001,0.39357831,1.927396,-0.3091356579260156,0.1991626785267083,0.9299296791462331,-17.106823565495855,12.033851879046184,1.5270197877488492,1.572073278252563,0.341950634398709
592,05/15/2023 12:46:16.763503,928,True,True,True,True,Eyes,1.334932,-0.3026609,-3.231683,-0.2908656,0.1954107,0.9365959,0.0,0.0,0.0,0.0,0.0,0.0,0.0,-1.407588,0.3210198,3.210456,1.342136,-0.3042543,-3.239983,0.001375353,0.01042461,0.002870442,0.9999406,0.1541657,1.195045,0.3305548,0.3803945,-0.08622421,-0.9207958,0,0,0,0.8003215,0.08804111,-1.312201,-0.5795999,0.4008,1.915,0.9997662,0.005769218,-0.02084009,-0.005711868,0.9999798,0.002810389,0.02085588,-0.002690696,0.9997789,static,-18.393716475912825,12.121747871876083,-16.83912884659031,11.821088380307142,-0.5418145,0.39229541,1.927782,-0.3091889605487209,0.1997003253390466,0.929796744223672,-17.112146241950015,12.067192703310049,1.535815440333198,1.5833947161441122,0.3675674577131603
593,05/15/2023 12:46:16.773625,929,True,True,True,True,Eyes,1.334944,-0.3026624,-3.23168,-0.2907694,0.1953162,0.9366455,0.0,0.0,0.0,0.0,0.0,0.0,0.0,-1.407614,0.3218968,3.210306,1.342136,-0.3041764,-3.239939,0.001404521,0.01045637,0.003149315,0.9999394,0.1571631,1.198737,0.3625497,0.3803914,-0.08622555,-0.920797,0,0,0,0.8002239,0.08769374,-1.312099,-0.5795999,0.4008,1.915,0.9997615,0.00632762,-0.02090262,-0.006268876,0.9999762,0.002874732,0.02092031,-0.00274301,0.9997774,static,-18.38519370977931,12.128934723131175,-16.83912884659031,11.821088380307142,-0.5419121,0.39187014,1.92784,-0.3090425125775415,0.1998269575297167,0.9298182441172186,-17.103823618692584,12.07445389379308,1.5284551500239765,1.5764155327760987,0.3664115252039273
594,05/15/2023 12:46:16.793147,930,True,True,True,True,Eyes,1.334953,-0.3026608,-3.231678,-0.2906702,0.1952048,0.9366995,0.0,0.0,0.0,0.0,0.0,0.0,0.0,-1.407563,0.3231289,3.210236,1.342156,-0.304211,-3.239959,0.001516895,0.01046273,0.003321252,0.9999387,0.1698309,1.199538,0.3823872,0.380389,-0.08622678,-0.9207979,0,0,0,0.8001357,0.08703389,-1.312021,-0.5795997,0.4008,1.915,0.999759,0.006673838,-0.02091411,-0.006610354,0.9999733,0.003103102,0.02093426,-0.002964105,0.9997765,static,-18.376444598860434,12.14065295061164,-16.839123364851268,11.821088380307142,-0.5420202999999999,0.39124489,1.927938,-0.3088876079937343,0.2000277022318096,0.9298265410167108,-17.095284541747507,12.086252663598716,1.5215105644675366,1.5701840946619483,0.3686877346514269
595,05/15/2023 12:46:16.813267,931,True,True,True,True,Eyes,1.334969,-0.3026603,-3.231676,-0.2905997,0.195081,0.9367472,0.0,0.0,0.0,0.0,0.0,0.0,0.0,-1.408018,0.3247552,3.209852,1.3421,-0.3041315,-3.239969,0.001823489,0.01053374,0.003222153,0.9999377,0.2050544,1.207773,0.3714145,0.380387,-0.08622785,-0.9207986,0,0,0,0.8004375,0.08604685,-1.311715,-0.5795999,0.4008,1.915,0.9997573,0.006482321,-0.02105443,-0.006405488,0.9999726,0.003714633,0.02107793,-0.003578867,0.9997714,static,-18.384129975324942,12.165047444678784,-16.83912884659031,11.821088380307142,-0.5416625,0.39017835,1.928254,-0.3089872627834429,0.20041675694291,0.9297096825800044,-17.102821988707092,12.110610203247049,1.5322103923915145,1.5828254249141678,0.3916081704431975
596,05/15/2023 12:46:16.822776,932,True,True,True,True,Eyes,1.334983,-0.3026595,-3.231676,-0.2905484,0.1949647,0.9367873,0.0,0.0,0.0,0.0,0.0,0.0,0.0,-1.407329,0.3243285,3.210202,1.342067,-0.3041554,-3.239985,0.001758639,0.01043004,0.003211022,0.9999389,0.1976755,1.195862,0.3700402,0.3803857,-0.08622878,-0.9207991,0,0,0,0.8000128,0.08628374,-1.311894,-0.5795997,0.4008,1.915,0.9997618,0.006458337,-0.0208475,-0.006384967,0.9999732,0.003584046,0.0208701,-0.003450081,0.9997762,static,-18.36852120813013,12.148970373903008,-16.839123364851268,11.821088380307142,-0.5420541999999999,0.39043914,1.928091,-0.3087497297736201,0.2001721034518152,0.9298412691391648,-17.08754894323658,12.094640792008336,1.5149975353609015,1.5641497258096555,0.3695215689829427
597,05/15/2023 12:46:16.843033,933,True,True,True,True,Eyes,1.33498,-0.302658,-3.231675,-0.2904981,0.1948697,0.9368226,0.0,0.0,0.0,0.0,0.0,0.0,0.0,-1.405887,0.3241029,3.210864,1.34201,-0.304145,-3.240017,0.001716749,0.01021619,0.003232379,0.9999411,0.1929296,1.171344,0.372396,0.3803848,-0.08622959,-0.9207994,0,0,0,0.7991138,0.08642892,-1.312191,-0.5795999,0.4008,1.915,0.9997703,0.006499453,-0.02042007,-0.006429299,0.9999732,0.00349934,0.02044227,-0.00336725,0.9997854,static,-18.33985459322316,12.137098499130673,-16.83912884659031,11.821088380307142,-0.5428961999999999,0.39057392,1.927826,-0.3082948352214363,0.2000104405234977,0.9300269072504536,-17.059517516955918,12.082983842180884,1.485855961288248,1.533636254724566,0.3422870125721706
598,05/15/2023 12:46:16.863404,934,True,True,True,True,Eyes,1.334978,-0.302655,-3.231676,-0.2904642,0.1947918,0.9368494,0.0,0.0,0.0,0.0,0.0,0.0,0.0,-1.404457,0.3234555,3.211537,1.342026,-0.3041311,-3.239994,0.001628459,0.009988759,0.003210402,0.9999437,0.1829228,1.145244,0.3697326,0.3803839,-0.08623027,-0.9207997,0,0,0,0.798268,0.08680452,-1.312483,-0.5795998,0.4008,1.915,0.9997798,0.006452975,-0.01996594,-0.006387909,0.9999741,0.003320871,0.01998685,-0.0031926,0.9997951,static,-18.311333056470705,12.119390348200255,-16.83912610572083,11.821088380307142,-0.543758,0.39093562,1.927511,-0.3078483375670167,0.1997533655627729,0.9302301269647256,-17.031621738273284,12.065483783853171,1.4561383317976675,1.5021242857650463,0.3111007583182607
599,05/15/2023 12:46:16.874095,935,True,True,True,True,Eyes,1.334967,-0.3026532,-3.231677,-0.290422,0.194712,0.936879,0.0,0.0,0.0,0.0,0.0,0.0,0.0,-1.403259,0.3222584,3.21225,1.342062,-0.304096,-3.240052,0.001459596,0.009793147,0.003184936,0.999946,0.1636743,1.122761,0.366589,0.3803831,-0.08623081,-0.9208,0,0,0,0.7975677,0.08751536,-1.312886,-0.5795999,0.4008,1.915,0.9997879,0.006398115,-0.01957594,-0.006340939,0.9999754,0.002981415,0.01959454,-0.002856653,0.9998039,static,-18.285484012878637,12.092413466512452,-16.83912884659031,11.821088380307142,-0.5444943000000001,0.3916113599999999,1.927166,-0.3074548947211858,0.1993419932642575,0.9304483967971664,-17.006328298360017,12.038684849505344,1.428013339183917,1.4715843738818528,0.2744155244872548
600,05/15/2023 12:46:16.893281,936,True,True,True,True,Eyes,1.334958,-0.3026498,-3.23168,-0.2903809,0.194644,0.936906,0.0,0.0,0.0,0.0,0.0,0.0,0.0,-1.402612,0.3214593,3.212618,1.342086,-0.3041213,-3.240044,0.00133982,0.009686477,0.003166726,0.9999472,0.1500091,1.110489,0.3643518,0.3803821,-0.08623124,-0.9208004,0,0,0,0.7971922,0.08796977,-1.313089,-0.5795998,0.4008,1.915,0.9997923,0.006359074,-0.01936345,-0.006307161,0.9999763,0.002740847,0.01938042,-0.00261815,0.9998088,static,-18.27010859132211,12.072783697238856,-16.83912610572083,11.821088380307142,-0.5448937999999999,0.39209107,1.926955,-0.3072245561238916,0.1990387926161194,0.9305895109043544,-16.991279580973217,12.019157434853229,1.4110636191617376,1.4529492099392098,0.2497639493605102
601,05/15/2023 12:46:17.413220,967,True,True,True,True,Eyes,1.346327,-0.3034895,-3.23154,0.1640036,0.07725395,0.98343,0.0,0.0,0.0,0.0,0.0,0.0,0.0,-1.413939,0.3208088,3.207879,1.341969,-0.3040707,-3.240261,0.001329836,0.01144756,0.002961605,0.9999293,0.1484924,1.312271,0.3410985,0.3813918,-0.08628466,-0.9203765,0,0,0,1.736032,-0.09935474,-1.095186,0.3460799,0.20824,2.152999,0.9997203,0.005953237,-0.02288562,-0.005892343,0.999979,0.002727291,0.02290137,-0.002591678,0.9997343,static,8.184189638789785,4.5756578106198855,9.131790161296436,5.524514946389912,0.394063,0.20471596,2.145075,0.1419112445295087,0.0789680545829373,0.9867244618104056,8.873204049594866,4.723739434544412,1.3221163180399285,1.3409983647851984,0.8414916503069768
602,05/15/2023 12:46:17.422964,968,True,True,True,True,Eyes,1.346351,-0.3034871,-3.231547,0.164193,0.07744896,0.9833831,0.0,0.0,0.0,0.0,0.0,0.0,0.0,-1.413141,0.3218324,3.208166,1.341972,-0.3041412,-3.240291,0.001306862,0.01136219,0.003362029,0.999929,0.1453674,1.302538,0.3869385,0.3815669,-0.086293,-0.920303,0,0,0,1.735501,-0.09903196,-1.095155,0.3460801,0.20824,2.152999,0.9997192,0.006753278,-0.02271397,-0.006693883,0.999974,0.002689937,0.02273155,-0.002537138,0.9997385,static,8.208718909068539,4.577392541808638,9.131795349653478,5.524514946389912,0.393529,0.20510924,2.145136,0.1423333874188702,0.0789930957116091,0.9866616956563472,8.897177267826542,4.725669658518847,1.3037635099814149,1.3225395889812812,0.8325859945218602
603,05/15/2023 12:46:17.443203,969,True,True,True,True,Eyes,1.346392,-0.3034821,-3.231552,0.1643689,0.07772107,0.9833323,0.0,0.0,0.0,0.0,0.0,0.0,0.0,-1.412558,0.3212825,3.208468,1.341953,-0.30398,-3.240304,0.001292094,0.01126351,0.003256092,0.9999306,0.1438503,1.291209,0.3747662,0.3817249,-0.08630041,-0.9202368,0,0,0,1.735103,-0.09888694,-1.095097,0.34608,0.20824,2.153,0.999725,0.006540838,-0.02251705,-0.006482624,0.9999755,0.002657359,0.02253388,-0.002510658,0.999743,static,8.229628019000627,4.593519006447278,9.131788585510678,5.524512396302768,0.3931500000000001,0.2050930599999999,2.145207,0.1426903422964558,0.0792666866438077,0.9865882478705478,8.917596949158106,4.741977034916893,1.277916485470159,1.2963959193550223,0.8113196958676122
604,05/15/2023 12:46:17.463146,970,True,True,True,True,Eyes,1.346432,-0.3034778,-3.231552,0.1645406,0.07800446,0.9832811,0.0,0.0,0.0,0.0,0.0,0.0,0.0,-1.412017,0.3188228,3.208927,1.34198,-0.3039177,-3.240274,0.001068193,0.01114009,0.002910364,0.9999332,0.1186826,1.27694,0.3348471,0.3818681,-0.08630688,-0.9201767,0,0,0,1.73474,-0.09811887,-1.095063,0.3460801,0.20824,2.152999,0.9997349,0.005844139,-0.02227247,-0.005796539,0.9999807,0.002201087,0.02228491,-0.0020714,0.9997495,static,8.250639914785806,4.590672487274149,9.131795349653478,5.524514946389912,0.39276,0.20579883,2.145211,0.1430527417530676,0.0792134812802504,0.9865399961004392,8.938137095298543,4.739293754827877,1.2654922275446443,1.2839379419754728,0.8087495528022897
605,05/15/2023 12:46:17.473388,971,True,True,True,True,Eyes,1.346472,-0.3034751,-3.231549,0.1647257,0.07829124,0.9832274,0.0,0.0,0.0,0.0,0.0,0.0,0.0,-1.412318,0.3161542,3.208946,1.342016,-0.3039315,-3.240146,0.0007499992,0.01115822,0.002681256,0.999934,0.08250958,1.278891,0.3081897,0.381998,-0.08631253,-0.9201223,0,0,0,1.734944,-0.09693366,-1.095081,0.34608,0.20824,2.153,0.9997365,0.005378895,-0.02231095,-0.00534542,0.9999845,0.001559736,0.02231899,-0.001440063,0.9997498,static,8.257079122162914,4.575043940764234,9.131788585510678,5.524512396302768,0.3929279999999999,0.20699784,2.145065,0.1431667062553842,0.0789430725519334,0.9865452245731224,8.94444728850031,4.723700857294218,1.2723319895136982,1.290971337146129,0.8224329046036337
606,05/15/2023 12:46:17.500315,972,True,True,True,True,Eyes,1.346511,-0.3034751,-3.231546,0.1648981,0.07855175,0.9831777,0.0,0.0,0.0,0.0,0.0,0.0,0.0,-1.412472,0.3191851,3.208532,1.342026,-0.3039646,-3.240093,0.001220553,0.01118138,0.002667892,0.9999333,0.1364375,1.28169,0.3072637,0.3821158,-0.08631752,-0.920073,0,0,0,1.735067,-0.09899911,-1.094854,0.3460801,0.20824,2.153,0.9997357,0.005362723,-0.02235476,-0.005308133,0.9999828,0.002500604,0.02236779,-0.002381281,0.999747,static,8.265444239762418,4.644280663359466,9.131791179688037,5.524512396302768,0.393041,0.2049654899999999,2.145239,0.1432970794007249,0.0801336349875162,0.9864302804394603,8.952550412161166,4.793071126768134,1.2174158340833008,1.2350566480930545,0.7530827202386593
607,05/15/2023 12:46:17.513284,973,True,True,True,True,Eyes,1.346561,-0.303471,-3.231543,0.1650521,0.07887326,0.983126,0.0,0.0,0.0,0.0,0.0,0.0,0.0,-1.412035,0.3214412,3.208499,1.342043,-0.3040283,-3.240081,0.001449962,0.01113711,0.002927119,0.9999328,0.1624068,1.27673,0.3372543,0.3822229,-0.08632199,-0.9200281,0,0,0,1.73479,-0.09985843,-1.094712,0.34608,0.20824,2.153,0.9997348,0.00588614,-0.02226424,-0.005821546,0.9999787,0.002964929,0.02228121,-0.00283453,0.9997477,static,8.28258117206803,4.684672668686086,9.131788585510678,5.524512396302768,0.3927469999999999,0.2041698699999999,2.145369,0.1435840448761759,0.0808256156957576,0.9863319728356352,8.969257565070127,4.833637881494099,1.1773497445211432,1.1943550557222156,0.7097351110221063
608,05/15/2023 12:46:17.523172,974,True,True,True,True,Eyes,1.34661,-0.3034669,-3.231542,0.1651995,0.07917906,0.9830768,0.0,0.0,0.0,0.0,0.0,0.0,0.0,-1.411919,0.3225799,3.208419,1.342057,-0.3039246,-3.240067,0.001645793,0.01111688,0.002919834,0.9999327,0.184862,1.274477,0.336666,0.3823205,-0.08632585,-0.9199873,0,0,0,1.734723,-0.1006023,-1.094604,0.34608,0.20824,2.152999,0.9997358,0.005875867,-0.02222265,-0.005802683,0.9999775,0.003356284,0.02224187,-0.003226446,0.9997474,static,8.29411787001439,4.725035493651763,9.131792755474976,5.524514946389912,0.3926659999999999,0.2033222999999999,2.145463,0.1437745268823971,0.0815181644803728,0.986247366191904,8.98049104812237,4.8741311806793375,1.1415754225229555,1.1579579478901196,0.6677508886910455
609,05/15/2023 12:46:17.543319,975,True,True,True,True,Eyes,1.346673,-0.3034618,-3.231542,0.16533,0.07953309,0.9830262,0.0,0.0,0.0,0.0,0.0,0.0,0.0,-1.411899,0.3225027,3.208504,1.342077,-0.3039192,-3.240127,0.001669028,0.01110245,0.002839268,0.9999329,0.1876318,1.272816,0.3274612,0.3824096,-0.08632915,-0.91995,0,0,0,1.734716,-0.1007564,-1.094643,0.3460802,0.20824,2.153,0.9997373,0.005715215,-0.02219393,-0.005641094,0.9999783,0.003400877,0.02221289,-0.003274786,0.9997479,static,8.303088276826744,4.749756105346696,9.131793773865358,5.524512396302768,0.3926389999999999,0.2031628,2.145484,0.1439239057086578,0.0819418745246854,0.9861903821049636,8.989232713795353,4.898946750939131,1.11846958961104,1.134460273080563,0.6416042647204796
610,05/15/2023 12:46:17.563997,976,True,True,True,True,Eyes,1.346732,-0.3034576,-3.231543,0.1654445,0.07988688,0.9829782,0.0,0.0,0.0,0.0,0.0,0.0,0.0,-1.411206,0.3212985,3.208935,1.342058,-0.3038918,-3.240144,0.001513079,0.01099076,0.002777634,0.9999346,0.1698767,1.259954,0.3201814,0.3824912,-0.08633193,-0.9199159,0,0,0,1.73424,-0.1001055,-1.094635,0.3460801,0.20824,2.153,0.9997429,0.005588165,-0.02197167,-0.005521646,0.99998,0.003087016,0.02198848,-0.002964903,0.9997538,static,8.322120843861818,4.753724149065143,9.131791179688037,5.524512396302768,0.392182,0.2037862999999999,2.145509,0.144250718559504,0.0820062258503332,0.9861372353625412,9.007831068943968,4.903069034524571,1.1020243971408614,1.117891128328959,0.6336860113288509
611,05/15/2023 12:46:17.572731,977,True,True,True,True,Eyes,1.3468,-0.3034561,-3.231545,0.1655369,0.08025993,0.9829323,0.0,0.0,0.0,0.0,0.0,0.0,0.0,-1.410329,0.3199992,3.209477,1.342049,-0.3039137,-3.240171,0.00132847,0.01084996,0.002730855,0.9999366,0.1488267,1.243753,0.3145674,0.3825662,-0.08633424,-0.9198845,0,0,0,1.733644,-0.09936988,-1.094627,0.3460801,0.20824,2.152999,0.9997496,0.005490191,-0.0216913,-0.005432535,0.9999816,0.002716032,0.02170581,-0.002597513,0.9997611,static,8.343303886952084,4.755293895126409,9.131795349653478,5.524514946389912,0.3915949999999999,0.20454382,2.145544,0.1446150338205273,0.0820288386698477,0.9860820400088772,9.02853383979392,4.904807674509843,1.0857845701967266,1.101553363419091,0.6282515755965234
612,05/15/2023 12:46:17.593174,978,True,True,True,True,Eyes,1.346866,-0.3034516,-3.231545,0.1656188,0.08062392,0.9828887,0.0,0.0,0.0,0.0,0.0,0.0,0.0,-1.409913,0.3200723,3.209674,1.342048,-0.3039838,-3.240186,0.001330724,0.01078506,0.002726971,0.9999374,0.1491101,1.236315,0.3141155,0.3826352,-0.08633623,-0.9198557,0,0,0,1.733366,-0.09945342,-1.094591,0.3460799,0.20824,2.153,0.9997525,0.005482303,-0.02156151,-0.005424895,0.9999816,0.002720102,0.02157603,-0.002602459,0.9997638,static,8.355891918235416,4.776866985394002,9.131785991333285,5.524512396302768,0.391318,0.20453038,2.145595,0.1448272532491089,0.0823975278891636,0.986020138785902,9.04081471012923,4.926501239210348,1.0620827053524624,1.0774902659056067,0.6048909968010117
613,05/15/2023 12:46:17.612976,979,True,True,True,True,Eyes,1.346952,-0.303446,-3.231547,0.1656692,0.08103354,0.9828466,0.0,0.0,0.0,0.0,0.0,0.0,0.0,-1.409366,0.3197671,3.209933,1.342059,-0.3039086,-3.240178,0.001266768,0.01070442,0.002793712,0.9999381,0.1417253,1.227063,0.3216725,0.382699,-0.08633782,-0.919829,0,0,0,1.733003,-0.09905522,-1.094544,0.3460799,0.20824,2.153,0.9997552,0.005614197,-0.02140044,-0.005559957,0.9999812,0.00259319,0.02141459,-0.002473569,0.9997677,static,8.369032573759386,4.79225433843451,9.131785991333285,5.524512396302768,0.3909440000000002,0.2048533799999999,2.145634,0.1450502435447927,0.0826596081859585,0.9859655032440392,9.053642239521082,4.942007406332047,1.042218986479627,1.0573526560867252,0.5877231570119354
614,05/15/2023 12:46:17.622972,980,True,True,True,True,Eyes,1.347035,-0.3034426,-3.23155,0.1657166,0.0814231,0.9828063,0.0,0.0,0.0,0.0,0.0,0.0,0.0,-1.409089,0.3183462,3.210231,1.342099,-0.3038877,-3.240198,0.001037207,0.01065713,0.002823217,0.9999388,0.1154002,1.221573,0.324766,0.3827585,-0.086339,-0.9198042,0,0,0,1.732823,-0.09802625,-1.094621,0.3460799,0.20824,2.153,0.9997569,0.005668195,-0.0213071,-0.00562398,0.9999819,0.002134461,0.02131881,-0.002014112,0.9997707,static,8.377516452701617,4.788163378635326,9.131785991333285,5.524512396302768,0.390724,0.20586145,2.145577,0.1451970914581414,0.0825874020724248,0.9859498271716892,9.06193874329736,4.937979490906096,1.0389396592883426,1.0541026575848456,0.5906771429226404
615,05/15/2023 12:46:17.643186,981,True,True,True,True,Eyes,1.347167,-0.3034376,-3.231551,0.1657831,0.08179653,0.9827641,0.0,0.0,0.0,0.0,0.0,0.0,0.0,-1.409027,0.31876,3.210264,1.342117,-0.3039371,-3.240233,0.00108633,0.0106465,0.002840525,0.9999388,0.1210113,1.220372,0.3268081,0.382814,-0.08633989,-0.9197811,0,0,0,1.732789,-0.09827416,-1.094628,0.34608,0.20824,2.153,0.9997571,0.005703834,-0.02128552,-0.005657571,0.9999815,0.00223301,0.02129786,-0.002112043,0.9997709,static,8.383285853216243,4.815207005931269,9.131788585510678,5.524512396302768,0.3906719999999999,0.20566294,2.145605,0.1452907500895006,0.0830516094407821,0.9858970600028116,9.067549278452889,4.965095049257105,1.0164562041877545,1.031198563353489,0.5630936482920698
616,05/15/2023 12:46:17.653312,982,True,True,True,True,Eyes,1.347293,-0.3034359,-3.231555,0.165847,0.08215925,0.9827231,0.0,0.0,0.0,0.0,0.0,0.0,0.0,-1.409476,0.3195148,3.209934,1.342114,-0.3038921,-3.240181,0.001227741,0.01071341,0.002799373,0.999938,0.1372435,1.228081,0.3222744,0.3828671,-0.08634042,-0.919759,0,0,0,1.733092,-0.09886658,-1.09457,0.3460799,0.20824,2.153,0.9997547,0.005624705,-0.02141861,-0.005572092,0.9999813,0.002515311,0.02143236,-0.002395347,0.9997675,static,8.379630437243744,4.853155164193628,9.131785991333285,5.524512396302768,0.390978,0.20502552,2.145611,0.1452198835370646,0.0837054542888688,0.9858522421696608,9.06393644930084,5.0030512982168345,0.9940091015495436,1.008195670816428,0.5258566697979591
617,05/15/2023 12:46:17.672837,983,True,True,True,True,Eyes,1.347447,-0.3034315,-3.231561,0.1658839,0.0824969,0.9826886,0.0,0.0,0.0,0.0,0.0,0.0,0.0,-1.409472,0.3196283,3.209988,1.342104,-0.3039695,-3.24024,0.001189942,0.010724,0.002901055,0.9999376,0.1327839,1.229297,0.3338807,0.3829179,-0.08634073,-0.9197378,0,0,0,1.733086,-0.09870648,-1.094653,0.34608,0.20824,2.152999,0.9997531,0.005827269,-0.02143976,-0.005776226,0.9999804,0.002441957,0.02145357,-0.002317513,0.9997672,static,8.38184073378225,4.866624798255737,9.131792755474976,5.524514946389912,0.3909819999999999,0.20526302,2.145587,0.1452550803911918,0.0839367784243235,0.9858274038629044,9.06608260589151,5.016551518590252,0.9836461747479772,0.99762091089402,0.5121959271023754
618,05/15/2023 12:46:17.697943,984,True,True,True,True,Eyes,1.347596,-0.3034244,-3.231566,0.1659109,0.08284856,0.9826545,0.0,0.0,0.0,0.0,0.0,0.0,0.0,-1.409386,0.3222072,3.209832,1.342129,-0.3038907,-3.240301,0.00158006,0.01071308,0.002952452,0.9999371,0.1774259,1.228186,0.3402481,0.3829674,-0.08634072,-0.9197173,0,0,0,1.733049,-0.1002673,-1.094546,0.3460799,0.20824,2.153,0.999753,0.005938385,-0.02141549,-0.005870676,0.9999776,0.003223181,0.02143414,-0.003096661,0.9997655,static,8.386284050615979,4.930790385784388,9.131785991333285,5.524512396302768,0.3909200000000001,0.2036234,2.1457550000000003,0.1453178950487951,0.0850399653218581,0.985723638085127,9.070357885380735,5.080814726695636,0.9400665031565824,0.9530367093597468,0.4479297201746236
619,05/15/2023 12:46:17.713039,985,True,True,True,True,Eyes,1.347759,-0.3034214,-3.231575,0.1659404,0.08320817,0.982619,0.0,0.0,0.0,0.0,0.0,0.0,0.0,-1.408729,0.3202918,3.210301,1.342146,-0.3038251,-3.240289,0.001247649,0.01061753,0.003059928,0.9999382,0.1392384,1.217136,0.3521415,0.3830155,-0.08634036,-0.9196973,0,0,0,1.732605,-0.09869488,-1.094594,0.3460801,0.20824,2.153,0.9997558,0.006145972,-0.02122611,-0.006092984,0.9999782,0.002560121,0.02124138,-0.002430166,0.9997715,static,8.399776602560836,4.911837262780252,9.131791179688037,5.524512396302768,0.3904589999999999,0.20513022,2.145695,0.1455540939854499,0.0847109045739996,0.9857169895250047,9.083565562078473,5.0619497412308885,0.9413567613591032,0.9545764298177214,0.465069801278228
620,05/15/2023 12:46:17.722792,986,True,True,True,True,Eyes,1.347916,-0.3034207,-3.23158,0.1659759,0.08352561,0.9825861,0.0,0.0,0.0,0.0,0.0,0.0,0.0,-1.408544,0.3189002,3.21063,1.342181,-0.3039194,-3.240373,0.001097743,0.01056387,0.002871346,0.9999394,0.1223087,1.210911,0.3303436,0.3830626,-0.08633978,-0.9196777,0,0,0,1.732486,-0.09828404,-1.094699,0.34608,0.20824,2.153,0.9997603,0.005765537,-0.02112016,-0.005719152,0.9999811,0.002256018,0.02113276,-0.002134688,0.9997744,static,8.40629948721655,4.916604671082887,9.131788585510678,5.524512396302768,0.3903049999999999,0.20563536,2.145674,0.1456653144302542,0.0847915222846883,0.98569365664007,9.08993604048963,5.066773330762215,0.9333890997135624,0.9465126698178096,0.4596484391865997
621,05/15/2023 12:46:17.743143,987,True,True,True,True,Eyes,1.348077,-0.3034184,-3.231586,0.166013,0.08382903,0.9825541,0.0,0.0,0.0,0.0,0.0,0.0,0.0,-1.409133,0.320742,3.210146,1.342209,-0.3039649,-3.240317,0.001430689,0.01064025,0.002743205,0.9999387,0.1605903,1.219755,0.3160761,0.3831088,-0.08633908,-0.9196585,0,0,0,1.7329,-0.09985417,-1.094567,0.34608,0.20824,2.153,0.9997585,0.00551652,-0.02127135,-0.005455628,0.9999808,0.002919579,0.02128705,-0.002802826,0.9997694,static,8.399456275935288,4.974570142059894,9.131788585510678,5.524512396302768,0.3906910000000001,0.2041107299999999,2.14575,0.1455351111496065,0.0857903643217344,0.9856265655301536,9.083186339970986,5.124741208294916,0.9035949894081184,0.915831368020205,0.4027147638623522
622,05/15/2023 12:46:17.763112,988,True,True,True,True,Eyes,1.348231,-0.3034138,-3.231592,0.1660506,0.08414641,0.9825205,0.0,0.0,0.0,0.0,0.0,0.0,0.0,-1.409055,0.3209357,3.210152,1.342189,-0.3039302,-3.240319,0.001416401,0.01064244,0.002859811,0.9999383,0.1588101,1.220019,0.3294204,0.3831542,-0.08633821,-0.9196398,0,0,0,1.732841,-0.09967233,-1.094576,0.34608,0.20824,2.153,0.9997571,0.005749417,-0.02127546,-0.005689121,0.9999796,0.002893497,0.02129166,-0.002771756,0.9997695,static,8.402861099356317,4.989294345174647,9.131788585510678,5.524512396302768,0.390652,0.2042578699999999,2.145743,0.1455904824941293,0.0860429349596318,0.985596254937668,9.086498711299654,5.139506657814914,0.8923291213448696,0.9043194359985308,0.3876604072827512
623,05/15/2023 12:46:17.773307,989,True,True,True,True,Eyes,1.348394,-0.3034129,-3.2316,0.1660748,0.08443549,0.9824917,0.0,0.0,0.0,0.0,0.0,0.0,0.0,-1.409243,0.3188091,3.210296,1.342201,-0.303875,-3.240334,0.001087663,0.01067016,0.002877433,0.9999384,0.1211111,1.22309,0.3310417,0.3831988,-0.08633715,-0.9196213,0,0,0,1.73296,-0.09819037,-1.094747,0.3460799,0.20824,2.152999,0.9997557,0.005777722,-0.02133276,-0.0057313,0.999981,0.002236597,0.02134527,-0.002113786,0.9997699,static,8.400987110907439,4.968146471815349,9.131790161296436,5.524514946389912,0.3907590000000001,0.20568463,2.145587,0.1455628352358093,0.0856795056405085,0.9856320890914524,9.084689358537693,5.118323374608569,0.9061538486073532,0.918487331408708,0.408913289838709
624,05/15/2023 12:46:17.793327,990,True,True,True,True,Eyes,1.34855,-0.3034102,-3.231608,0.1660968,0.08470495,0.9824647,0.0,0.0,0.0,0.0,0.0,0.0,0.0,-1.409361,0.3195568,3.210228,1.342162,-0.3039592,-3.240399,0.001194555,0.0106939,0.002867886,0.9999381,0.1333632,1.225844,0.3300817,0.3832428,-0.08633599,-0.9196031,0,0,0,1.733028,-0.09874083,-1.094787,0.34608,0.20824,2.152999,0.9997548,0.005760966,-0.02137963,-0.005709867,0.9999807,0.0024503,0.02139333,-0.002327625,0.9997684,static,8.399975500186308,4.996192817886604,9.131792755474976,5.524514946389912,0.3908659999999999,0.2052183699999999,2.145612,0.1455393387647695,0.0861622569184582,0.9855933890938312,9.083671038035,5.1463890527313305,0.8907075799027959,0.902596679921052,0.3811756696648855
625,05/15/2023 12:46:17.813306,991,True,True,True,True,Eyes,1.348696,-0.3034066,-3.231616,0.1661242,0.08495269,0.9824387,0.0,0.0,0.0,0.0,0.0,0.0,0.0,-1.409266,0.3198634,3.210237,1.342165,-0.3039088,-3.240401,0.001283987,0.0106711,0.002788064,0.9999384,0.1437158,1.22325,0.3210417,0.3832861,-0.08633471,-0.9195852,0,0,0,1.732968,-0.09913392,-1.094735,0.3460799,0.20824,2.153,0.9997566,0.005603187,-0.02133372,-0.005548381,0.9999812,0.002627318,0.02134804,-0.002508312,0.999769,static,8.403873503150383,5.022299848992866,9.131785991333285,5.524512396302768,0.390803,0.20477488,2.145666,0.1456007136042293,0.086610548671058,0.9855450541088436,9.087453446040309,5.172552316719172,0.8728944861333245,0.8843494971605523,0.3547411340578434
626,05/15/2023 12:46:17.832707,992,True,True,True,True,Eyes,1.348835,-0.3034028,-3.231621,0.1661528,0.08519397,0.982413,0.0,0.0,0.0,0.0,0.0,0.0,0.0,-1.40951,0.3193466,3.210191,1.342175,-0.3038896,-3.240408,0.001223678,0.01070347,0.002748357,0.9999382,0.1368437,1.226935,0.3164224,0.3833285,-0.0863333,-0.9195677,0,0,0,1.733132,-0.0988843,-1.094792,0.34608,0.20824,2.153,0.9997557,0.00552257,-0.0213989,-0.005470179,0.9999819,0.002506038,0.02141235,-0.00238837,0.9997679,static,8.401615429341506,5.030115293224673,9.131788585510678,5.524512396302768,0.390957,0.2050053,2.145616,0.1455601610533229,0.0867455072047722,0.9855392049711258,9.08523815292736,5.180357534530853,0.8704705732121079,0.8818057232304987,0.34728880151099
627,05/15/2023 12:46:17.842804,993,True,True,True,True,Eyes,1.348982,-0.3034016,-3.231627,0.1661547,0.08541623,0.9823934,0.0,0.0,0.0,0.0,0.0,0.0,0.0,-1.409699,0.318808,3.210121,1.342173,-0.3038819,-3.240369,0.001169453,0.01072666,0.002682397,0.9999382,0.1307041,1.229566,0.3088008,0.38337,-0.08633178,-0.9195505,0,0,0,1.733256,-0.09869179,-1.094794,0.34608,0.20824,2.153,0.9997554,0.005389552,-0.02144572,-0.005339374,0.9999829,0.002396308,0.02145827,-0.002281216,0.9997671,static,8.398584456032962,5.037993832518518,9.131788585510678,5.524512396302768,0.3910829999999998,0.2051901099999999,2.145575,0.1455062946419809,0.086881722033585,0.9855351813299728,9.082267356973473,5.188219802293932,0.8687204700670449,0.8799367070362872,0.3399191975470438
628,05/15/2023 12:46:17.862827,994,True,True,True,True,Eyes,1.349123,-0.3034011,-3.231633,0.1661649,0.0856195,0.9823739,0.0,0.0,0.0,0.0,0.0,0.0,0.0,-1.410069,0.3187009,3.209972,1.342142,-0.303943,-3.24038,0.001143672,0.01078893,0.002681443,0.9999377,0.1277319,1.236694,0.3086677,0.3834109,-0.08633023,-0.9195337,0,0,0,1.733492,-0.0986419,-1.094864,0.34608,0.20824,2.153,0.9997528,0.005387228,-0.02157038,-0.005337873,0.999983,0.002345061,0.02158265,-0.002229341,0.9997646,static,8.392222704379208,5.046810235496614,9.131788585510678,5.524512396302768,0.3913500000000001,0.2053011,2.145516,0.1453949046006568,0.0870348040938761,0.9855380341549363,9.076040050800096,5.196994531409406,0.8693380769683073,0.8804300352513181,0.3322286124744276
629,05/15/2023 12:46:17.873366,995,True,True,True,True,Eyes,1.349263,-0.3033999,-3.231641,0.16616,0.08580817,0.9823583,0.0,0.0,0.0,0.0,0.0,0.0,0.0,-1.410754,0.3194631,3.209605,1.34214,-0.3039553,-3.240389,0.001268611,0.01089427,0.002660596,0.9999363,0.1420415,1.248801,0.3064485,0.383451,-0.08632867,-0.9195171,0,0,0,1.733953,-0.09920537,-1.094904,0.3460799,0.20824,2.153,0.9997484,0.005348493,-0.0217804,-0.005293211,0.9999827,0.00259503,0.02179391,-0.002479089,0.9997594,static,8.38011420054442,5.072322497036503,9.131785991333285,5.524512396302768,0.3918129999999999,0.2047499299999999,2.145485,0.1451809919324219,0.0874764090528088,0.985530504174469,9.06417823587407,5.222435980960315,0.8664942621878079,0.8772036172213222,0.3095496233310243
630,05/15/2023 12:46:17.893324,996,True,True,True,True,Eyes,1.349398,-0.3033982,-3.231647,0.166163,0.08599216,0.9823416,0.0,0.0,0.0,0.0,0.0,0.0,0.0,-1.411168,0.3194569,3.20945,1.342122,-0.3039359,-3.240424,0.001278984,0.01095959,0.00264075,0.9999357,0.1432351,1.256288,0.3041967,0.3834904,-0.08632708,-0.9195008,0,0,0,1.734224,-0.09924436,-1.094987,0.3460802,0.20824,2.153,0.9997458,0.005309194,-0.02191102,-0.005253125,0.9999828,0.002615688,0.02192453,-0.002499921,0.9997566,static,8.372843567480217,5.084487245406914,9.131793773865358,5.524512396302768,0.3921019999999999,0.2046915399999999,2.1454370000000003,0.1450532155767046,0.0876873016729108,0.9855304739160567,9.057059054060025,5.234555136696112,0.8667539799334137,0.8772841895263853,0.2994336165880241
631,05/15/2023 12:46:17.913022,997,True,True,True,True,Eyes,1.349508,-0.3033948,-3.231653,0.1661812,0.08619244,0.9823211,0.0,0.0,0.0,0.0,0.0,0.0,0.0,-1.411771,0.3193642,3.209163,1.342102,-0.3039248,-3.240403,0.001248978,0.01106054,0.002680976,0.9999345,0.1397151,1.267853,0.3087825,0.3835291,-0.08632547,-0.9194849,0,0,0,1.734619,-0.09907337,-1.095057,0.34608,0.20824,2.153,0.999741,0.005389229,-0.02211294,-0.005333972,0.9999825,0.002557098,0.02212633,-0.002438486,0.9997522,static,8.362907044648026,5.091862590150828,9.131788585510678,5.524512396302768,0.392517,0.20485143,2.145346,0.1448806623127989,0.087816417812122,0.985544490067422,9.047339265558794,5.241859159780926,0.8718114579741791,0.8822497824554217,0.294999219925423
632,05/15/2023 12:46:17.922766,998,True,True,True,True,Eyes,1.349614,-0.3033928,-3.231658,0.1662033,0.0863822,0.9823006,0.0,0.0,0.0,0.0,0.0,0.0,0.0,-1.41253,0.3186195,3.208883,1.342046,-0.3038902,-3.240409,0.001118157,0.01119165,0.002728918,0.9999331,0.1246231,1.282843,0.3141263,0.3835666,-0.0863238,-0.9194694,0,0,0,1.735104,-0.09843943,-1.09522,0.3460802,0.20824,2.153,0.9997345,0.005482499,-0.02237571,-0.005432444,0.9999826,0.002297246,0.02238791,-0.002175082,0.999747,static,8.349618579986835,5.086922921621599,9.131793773865358,5.524512396302768,0.3930579999999999,0.20545077,2.145189,0.1446531199116418,0.0877343939821255,0.985585126298336,9.034356252724784,5.236809688195069,0.8856986896845744,0.8962603317511302,0.3037547016566552
633,05/15/2023 12:46:17.943348,999,True,True,True,True,Eyes,1.349705,-0.3033895,-3.231663,0.1662461,0.08653364,0.9822801,0.0,0.0,0.0,0.0,0.0,0.0,0.0,-1.412879,0.3191504,3.208649,1.342017,-0.3039227,-3.240391,0.001162442,0.01125825,0.002805922,0.9999322,0.1295772,1.290499,0.3230153,0.3836028,-0.08632213,-0.9194545,0,0,0,1.73533,-0.09860459,-1.095235,0.34608,0.20824,2.153,0.9997307,0.005637637,-0.02250846,-0.005585289,0.9999816,0.002387905,0.0225215,-0.002261547,0.9997438,static,8.345503214146106,5.099348982945597,9.131788585510678,5.524512396302768,0.393313,0.20531811,2.145156,0.1445795904614354,0.0879491028949327,0.985576850780724,9.030320771397763,5.249215340844496,0.8835053421274526,0.8938728171722441,0.2934010668774869
634,05/15/2023 12:46:17.962827,1000,True,True,True,True,Eyes,1.349792,-0.3033865,-3.231667,0.1662889,0.08667956,0.9822599,0.0,0.0,0.0,0.0,0.0,0.0,0.0,-1.413214,0.3197048,3.208453,1.34199,-0.3038932,-3.240412,0.001235188,0.01131898,0.002847322,0.9999312,0.1378394,1.297488,0.3278614,0.3836376,-0.08632044,-0.9194402,0,0,0,1.735547,-0.09885649,-1.095274,0.3460801,0.20824,2.153,0.9997275,0.005722213,-0.02262937,-0.005666289,0.9999807,0.002534664,0.02264344,-0.002405748,0.9997407,static,8.341761804355496,5.115357469963474,9.131791179688037,5.524512396302768,0.3935569999999999,0.2050367099999999,2.145138,0.1445116752221704,0.0882253470715465,0.9855620322392704,9.02664702022484,5.265209864010899,0.8795816128478435,0.8896932997589887,0.2798090375992136
635,05/15/2023 12:46:17.972944,1001,True,True,True,True,Eyes,1.349853,-0.3033805,-3.231667,0.1663158,0.08680477,0.9822444,0.0,0.0,0.0,0.0,0.0,0.0,0.0,-1.413327,0.3198482,3.208358,1.341976,-0.3038964,-3.240386,0.001236156,0.01134368,0.002895858,0.9999307,0.1378791,1.300325,0.3334275,0.383671,-0.08631874,-0.9194264,0,0,0,1.735619,-0.09882765,-1.095267,0.3460801,0.20824,2.153,0.9997259,0.005819359,-0.02267863,-0.005763269,0.9999802,0.002537841,0.02269295,-0.002406442,0.9997396,static,8.341130955130906,5.121856325930264,9.131791179688037,5.524512396302768,0.3936429999999999,0.20506875,2.145119,0.1444994003178551,0.0883373052137032,0.9855539145937752,9.026023573538136,5.27171006734522,0.8772806361847831,0.8872854679890568,0.2740361363708094
636,05/15/2023 12:46:17.992913,1002,True,True,True,True,Eyes,1.349911,-0.3033771,-3.231668,0.166344,0.08693357,0.9822282,0.0,0.0,0.0,0.0,0.0,0.0,0.0,-1.413611,0.3192894,3.208207,1.341989,-0.3038251,-3.240307,0.001155002,0.01138701,0.002908662,0.9999303,0.128549,1.305265,0.3347948,0.3837025,-0.08631698,-0.9194134,0,0,0,1.735811,-0.09839745,-1.095255,0.34608,0.20824,2.153,0.9997237,0.005843223,-0.02276571,-0.005790615,0.9999804,0.002376085,0.02277915,-0.002243601,0.999738,static,8.337936544855108,5.11979125014059,9.131788585510678,5.524512396302768,0.3938219999999999,0.20542765,2.145052,0.1444448953610554,0.0883024906348082,0.985564990833181,9.02290351593964,5.269617740982505,0.8810175622955017,0.8910669271181827,0.2771772784452684
637,05/15/2023 12:46:18.013155,1003,True,True,True,True,Eyes,1.349949,-0.3033735,-3.231668,0.1663686,0.0870561,0.9822132,0.0,0.0,0.0,0.0,0.0,0.0,0.0,-1.413794,0.3188067,3.208184,1.34198,-0.3038903,-3.240314,0.001052555,0.01142065,0.002949454,0.9999299,0.1167455,1.30909,0.339339,0.3837323,-0.08631525,-0.9194011,0,0,0,1.735927,-0.09799163,-1.095331,0.34608,0.20824,2.152999,0.9997217,0.005922536,-0.02283348,-0.005874453,0.9999804,0.002172331,0.02284589,-0.002037592,0.9997369,static,8.335870923887612,5.114432487036167,9.131792755474976,5.524514946389912,0.393947,0.20589867,2.144983,0.1444105447726371,0.088210760887842,0.9855782577195322,9.020890215579708,5.264237436793415,0.8852086985951666,0.8953542234596321,0.2829200511751966
638,05/15/2023 12:46:18.023773,1004,True,True,True,True,Eyes,1.349985,-0.3033704,-3.231668,0.1664004,0.08717456,0.9821973,0.0,0.0,0.0,0.0,0.0,0.0,0.0,-1.413882,0.3182097,3.20822,1.341982,-0.3038878,-3.240329,0.0009526348,0.01143522,0.002967434,0.9999299,0.1052678,1.310728,0.3412699,0.38376,-0.08631355,-0.9193897,0,0,0,1.735983,-0.0975461,-1.095398,0.34608,0.20824,2.152999,0.9997209,0.00595624,-0.02286318,-0.005912665,0.9999806,0.001973002,0.02287449,-0.001837269,0.9997367,static,8.33618559109589,5.109560761009549,9.131792755474976,5.524514946389912,0.394001,0.2063417,2.144931,0.144417033120117,0.0881268742503833,0.9855848049449036,9.021202908860186,5.259363450545599,0.8870909931978365,0.8973169651667181,0.28728980128567
639,05/15/2023 12:46:18.043318,1005,True,True,True,True,Eyes,1.349993,-0.3033663,-3.231671,0.1664441,0.08725913,0.9821824,0.0,0.0,0.0,0.0,0.0,0.0,0.0,-1.414548,0.3180088,3.207922,1.341987,-0.3038979,-3.240302,0.0009361584,0.01153464,0.002928794,0.9999289,0.103397,1.322111,0.3368309,0.3837858,-0.08631191,-0.9193791,0,0,0,1.73643,-0.09751265,-1.095457,0.34608,0.20824,2.153,0.9997167,0.005878767,-0.02306215,-0.005835573,0.999981,0.001939749,0.02307311,-0.001804618,0.9997321,static,8.327028760372897,5.113190412342685,9.131788585510678,5.524512396302768,0.3944429999999999,0.20638525,2.144845,0.144258693585731,0.0881913699234024,0.98560223856224,9.012249144533278,5.262924291159628,0.8935895668583739,0.9037832431754036,0.2876073968130302
640,05/15/2023 12:46:18.063084,1006,True,True,True,True,Eyes,1.35,-0.3033622,-3.231675,0.166495,0.08734781,0.9821659,0.0,0.0,0.0,0.0,0.0,0.0,0.0,-1.414922,0.3181802,3.207837,1.341996,-0.3038746,-3.240396,0.000989974,0.01158578,0.002873154,0.9999283,0.1096201,1.327984,0.3305324,0.3838092,-0.08631029,-0.9193695,0,0,0,1.736683,-0.09776115,-1.095569,0.34608,0.20824,2.152999,0.999715,0.005768835,-0.0231642,-0.005722957,0.9999815,0.002046381,0.02317557,-0.001913231,0.9997296,static,8.323795273994053,5.125462856144411,9.131792755474976,5.524514946389912,0.394687,0.2061134499999999,2.1448270000000003,0.1442003534436714,0.0884032390426675,0.9855918046803612,9.00907577910521,5.275183144241307,0.8911687519804978,0.90116729901213,0.2778953109572179
641,05/15/2023 12:46:18.072854,1007,True,True,True,True,Eyes,1.349993,-0.3033568,-3.23168,0.1666504,0.08742549,0.9821326,0.0,0.0,0.0,0.0,0.0,0.0,0.0,-1.41564,0.3177165,3.207589,1.341986,-0.3038743,-3.240423,0.0009010716,0.01170266,0.00291234,0.999927,0.09934216,1.341354,0.334916,0.3838304,-0.08630871,-0.9193608,0,0,0,1.737157,-0.09734818,-1.095725,0.34608,0.20824,2.152999,0.9997091,0.005845344,-0.02339836,-0.005803165,0.9999814,0.001870176,0.02340886,-0.001733847,0.9997244,static,8.319779011441087,5.119033903513956,9.131792755474976,5.524514946389912,0.3951710000000001,0.2065261199999999,2.144698,0.1441326694710728,0.0882935257330775,0.9856115071413408,9.005157038863029,5.268716196099774,0.8975053186031574,0.9076239290761936,0.2854288096387919
642,05/15/2023 12:46:18.093164,1008,True,True,True,True,Eyes,1.349985,-0.3033504,-3.231684,0.1668107,0.08751117,0.9820977,0.0,0.0,0.0,0.0,0.0,0.0,0.0,-1.416202,0.3173895,3.207386,1.341944,-0.3038443,-3.240456,0.0008471477,0.01179817,0.002930181,0.9999259,0.09310728,1.352282,0.3368968,0.3838493,-0.08630712,-0.9193531,0,0,0,1.737515,-0.09707202,-1.095855,0.3460801,0.2082399,2.152999,0.9997044,0.005879917,-0.02358963,-0.005839938,0.9999813,0.001763311,0.02359955,-0.001625028,0.9997202,static,8.318363114482692,5.117481100746487,9.131795349653478,5.524512309846682,0.3955709999999999,0.20677228,2.144601,0.1441086435527439,0.0882671213248184,0.9856173299008936,9.003774770163758,5.26715069366152,0.8994369184899922,0.9095858433355856,0.2874443776773556
643,05/15/2023 12:46:18.113059,1009,True,True,True,True,Eyes,1.349932,-0.3033455,-3.231686,0.1671071,0.08759224,0.9820401,0.0,0.0,0.0,0.0,0.0,0.0,0.0,-1.417106,0.3160085,3.207094,1.341935,-0.3038163,-3.240433,0.0006872095,0.0119284,0.002812749,0.9999247,0.07489777,1.367144,0.3232343,0.383866,-0.08630551,-0.9193462,0,0,0,1.738112,-0.09644181,-1.096002,0.3460802,0.20824,2.153,0.9996996,0.005641469,-0.02385114,-0.00560868,0.9999832,0.001441419,0.02385888,-0.001307212,0.9997145,static,8.319356932056174,5.105981767839185,9.131793773865358,5.524512396302768,0.396177,0.2073744899999999,2.144431,0.144128278620842,0.0880690519976071,0.9856321944664111,9.00475825566727,5.255648009348839,0.9035667736261964,0.913904540360208,0.2973652324263361
644,05/15/2023 12:46:18.122783,1010,True,True,True,True,Eyes,1.349881,-0.3033416,-3.23169,0.167376,0.08767819,0.9819867,0.0,0.0,0.0,0.0,0.0,0.0,0.0,-1.418279,0.3170325,3.206455,1.341935,-0.3038645,-3.240411,0.000760273,0.01212957,0.002994535,0.9999217,0.08295184,1.390236,0.3441807,0.3838798,-0.08630398,-0.9193407,0,0,0,1.738899,-0.09666666,-1.096109,0.3460801,0.20824,2.153,0.9996879,0.006007045,-0.02425268,-0.005970158,0.9999809,0.001593072,0.02426179,-0.001447782,0.9997046,static,8.314040322247672,5.115942973844589,9.131791179688037,5.524512396302768,0.3969639999999999,0.2071978399999999,2.144302,0.1440346196850433,0.0882416303603612,0.985630515131353,8.999551270170166,5.26557691437155,0.9039484143556088,0.914136443761138,0.2907489939316157
645,05/15/2023 12:46:18.142664,1011,True,True,True,True,Eyes,1.349842,-0.3033321,-3.231695,0.1677004,0.08779675,0.9819207,0.0,0.0,0.0,0.0,0.0,0.0,0.0,-1.416989,0.3176531,3.207021,1.341932,-0.3038874,-3.240466,0.0007114342,0.01196115,0.003326565,0.9999227,0.07695853,1.370944,0.3821451,0.3838909,-0.08630252,-0.9193362,0,0,0,1.738034,-0.09623583,-1.096049,0.3460802,0.20824,2.153,0.9996917,0.006669635,-0.02391572,-0.006635597,0.9999768,0.001502338,0.02392519,-0.001343179,0.9997129,static,8.355620170435062,5.11157093334512,9.131793773865358,5.524512396302768,0.3961020000000002,0.2076515699999999,2.144417,0.1447509381880891,0.088157102073253,0.9855330769725218,9.040196257089873,5.26152913150534,0.8690529531820549,0.8791849148453202,0.2784785496998818
646,05/15/2023 12:46:18.162742,1012,True,True,True,True,Eyes,1.349805,-0.3033237,-3.231699,0.1680077,0.0879317,0.9818562,0.0,0.0,0.0,0.0,0.0,0.0,0.0,-1.416838,0.3173791,3.207126,1.34199,-0.3037482,-3.240465,0.0007737054,0.01190955,0.003132254,0.999924,0.08437869,1.365038,0.3599612,0.3838999,-0.08630097,-0.9193326,0,0,0,1.737954,-0.09650901,-1.095982,0.3460802,0.20824,2.153,0.9996967,0.00628246,-0.02381244,-0.006245602,0.9999791,0.0016219,0.02382213,-0.001472685,0.9997151,static,8.37782382851177,5.130225607879868,9.131793773865358,5.524512396302768,0.395964,0.20723919,2.144483,0.1451287823871103,0.0884730330324447,0.9854493023750608,9.061878571831262,5.280377409016578,0.8410928515075905,0.8508423767192935,0.2539488678704767
647,05/15/2023 12:46:18.173387,1013,True,True,True,True,Eyes,1.349741,-0.3033195,-3.231703,0.1683536,0.08809253,0.9817824,0.0,0.0,0.0,0.0,0.0,0.0,0.0,-1.416546,0.3145581,3.207542,1.342004,-0.3037656,-3.240468,0.0004567286,0.01183242,0.002844506,0.9999259,0.04847651,1.35607,0.3265534,0.3839071,-0.08629936,-0.9193298,0,0,0,1.737751,-0.09537825,-1.096056,0.34608,0.20824,2.153,0.9997038,0.005699399,-0.02366047,-0.005677783,0.9999834,0.0009807042,0.02366567,-0.0008460747,0.9997196,static,8.403566372178371,5.108763787011939,9.131788585510678,5.524512396302768,0.395747,0.20838735,2.144412,0.1455763607573131,0.0880980308639877,0.985416749183342,9.087062104135114,5.25909806719404,0.8285138813208915,0.8385430806570779,0.2691565050903937
648,05/15/2023 12:46:18.193346,1014,True,True,True,True,Eyes,1.34968,-0.303317,-3.231704,0.1686978,0.08822176,0.9817117,0.0,0.0,0.0,0.0,0.0,0.0,0.0,-1.417385,0.3137302,3.207254,1.341971,-0.303874,-3.240473,0.0003920323,0.01194981,0.002655562,0.9999251,0.04128383,1.369495,0.3048205,0.383912,-0.08629784,-0.9193279,0,0,0,1.7383,-0.0953472,-1.096182,0.3460801,0.20824,2.153,0.9997002,0.005320095,-0.02389576,-0.005301355,0.9999856,0.0008474728,0.02389992,-0.000720539,0.9997141,static,8.408350318318078,5.112320698258928,9.131791179688037,5.524512396302768,0.3963289999999999,0.2085267999999999,2.144291,0.1456578591183474,0.0881581353491943,0.9853993199855786,9.091734210349337,5.262696241185592,0.8226730111409434,0.8326275733099235,0.2648627189185796
649,05/15/2023 12:46:18.213072,1015,True,True,True,True,Eyes,1.349585,-0.3033161,-3.231704,0.1690835,0.08839214,0.9816301,0.0,0.0,0.0,0.0,0.0,0.0,0.0,-1.418365,0.3161068,3.206524,1.341972,-0.3039087,-3.240406,0.0007246205,0.01211095,0.002726324,0.9999228,0.07924537,1.388069,0.313397,0.3839149,-0.08629646,-0.9193267,0,0,0,1.738967,-0.09675682,-1.096106,0.3460799,0.20824,2.153,0.9996918,0.005469779,-0.02421607,-0.005434675,0.9999841,0.001515166,0.02422397,-0.001383092,0.9997056,static,8.413943547137691,5.158962890318906,9.131785991333285,5.524512396302768,0.396995,0.2071518799999999,2.1443000000000003,0.1457436447824482,0.0889591515172687,0.9853147278808404,9.09715189347257,5.309428066647167,0.7964088483652713,0.8055583256436161,0.2178549737738949
650,05/15/2023 12:46:18.222759,1016,True,True,True,True,Eyes,1.349494,-0.3033105,-3.231707,0.1694585,0.08854311,0.9815518,0.0,0.0,0.0,0.0,0.0,0.0,0.0,-1.418692,0.3177162,3.206218,1.342006,-0.3039638,-3.240385,0.0008174392,0.01219087,0.003072251,0.9999208,0.08937237,1.397288,0.3531707,0.3839152,-0.08629528,-0.9193267,0,0,0,1.739202,-0.09695315,-1.096107,0.34608,0.20824,2.153,0.9996839,0.006163945,-0.02437479,-0.006124084,0.9999798,0.001709656,0.02438483,-0.001559842,0.9997014,static,8.430509349854395,5.172119776243102,9.131788585510678,5.524512396302768,0.3971959999999999,0.20701065,2.144278,0.1460255995323302,0.0891816574438157,0.9852528395750804,9.113329532390946,5.322728655238527,0.7759668651193802,0.7848395536892728,0.2026262934565939
651,05/15/2023 12:46:18.242966,1017,True,True,True,True,Eyes,1.349381,-0.3033057,-3.231709,0.1698522,0.08869463,0.98147,0.0,0.0,0.0,0.0,0.0,0.0,0.0,-1.419063,0.3181644,3.206064,1.341994,-0.3038419,-3.240455,0.0009572505,0.01223904,0.002951897,0.9999203,0.1055441,1.402845,0.3395805,0.3839133,-0.08629414,-0.9193276,0,0,0,1.739449,-0.09752086,-1.09616,0.3460799,0.20824,2.153,0.999683,0.005926754,-0.02447048,-0.005879891,0.9999807,0.001986605,0.02448178,-0.001842092,0.9996986,static,8.447228458075793,5.199226738353274,9.131785991333285,5.524512396302768,0.3974550000000001,0.20632104,2.144295,0.1463069865387566,0.0896440025390166,0.9851690650007284,9.129642306790366,5.349994122378082,0.749556512265501,0.7579114563108372,0.1745314393370759
652,05/15/2023 12:46:18.262878,1018,True,True,True,True,Eyes,1.349271,-0.3032996,-3.231713,0.170224,0.0888384,0.9813927,0.0,0.0,0.0,0.0,0.0,0.0,0.0,-1.419609,0.3179314,3.205828,1.341941,-0.3038654,-3.240458,0.0009773013,0.01231864,0.002811792,0.9999198,0.1080124,1.411959,0.3235636,0.3839087,-0.08629309,-0.9193296,0,0,0,1.739797,-0.09773347,-1.096218,0.34608,0.2082399,2.153,0.9996808,0.00564721,-0.02462981,-0.005599054,0.9999822,0.002023721,0.0246408,-0.001885171,0.9996946,static,8.458616924921577,5.212508848774692,9.131788585510678,5.52450975976074,0.397856,0.20613193,2.14424,0.1464998261590478,0.0898697965705897,0.9851199539668152,9.140759456443703,5.363379151986604,0.7338705988886987,0.7419600077338483,0.1613801390721901
653,05/15/2023 12:46:18.273026,1019,True,True,True,True,Eyes,1.349124,-0.3032938,-3.231721,0.170591,0.08896462,0.9813174,0.0,0.0,0.0,0.0,0.0,0.0,0.0,-1.419065,0.3178203,3.206115,1.341905,-0.3038258,-3.240511,0.0009892543,0.01223426,0.002758461,0.9999208,0.1094841,1.402287,0.3174604,0.383902,-0.08629206,-0.9193326,0,0,0,1.73942,-0.09778593,-1.096199,0.34608,0.20824,2.153,0.9996855,0.005540689,-0.02446112,-0.005492278,0.9999828,0.002045847,0.02447204,-0.001910856,0.9996986,static,8.489357085799158,5.222460775603886,9.131788585510678,5.524512396302768,0.397515,0.2060398699999999,2.144312,0.147026132121634,0.090033784294424,0.9850264293888166,9.17079457156836,5.373583648822061,0.7020799035341702,0.7098967624862185,0.155887631852008
654,05/15/2023 12:46:18.301253,1020,True,True,True,True,Eyes,1.348983,-0.303287,-3.231728,0.1709267,0.0890967,0.9812471,0.0,0.0,0.0,0.0,0.0,0.0,0.0,-1.417942,0.3175181,3.206716,1.341829,-0.303847,-3.240613,0.0009041365,0.01207811,0.002841091,0.9999227,0.09966625,1.384374,0.3267935,0.3838922,-0.08629108,-0.9193367,0,0,0,1.73864,-0.09738193,-1.096212,0.3460801,0.20824,2.153,0.9996921,0.005703584,-0.02414922,-0.005659902,0.9999822,0.001876763,0.02415949,-0.001739503,0.9997066,static,8.527684276116075,5.219226944146568,9.131791179688037,5.524512396302768,0.396811,0.2064650699999999,2.144401,0.1476858979026974,0.0899692559117807,0.9849337229141586,9.208259192456524,5.370649485076332,0.6691166187156123,0.6768636186422781,0.1718172064370607
655,05/15/2023 12:46:18.312844,1021,True,True,True,True,Eyes,1.348817,-0.3032798,-3.231735,0.1711192,0.08923551,0.9812009,0.0,0.0,0.0,0.0,0.0,0.0,0.0,-1.416575,0.3166837,3.207398,1.341824,-0.3038177,-3.240614,0.0007685206,0.01186792,0.002867484,0.9999253,0.08415975,1.360244,0.3296122,0.38388,-0.08629013,-0.919342,0,0,0,1.737719,-0.09675288,-1.096101,0.3460802,0.20824,2.153,0.9997019,0.005752782,-0.02372966,-0.005716299,0.9999824,0.001604988,0.02373848,-0.001468864,0.9997171,static,8.563183836328877,5.211644337515759,9.131793773865358,5.524512396302768,0.3958950000000001,0.20706482,2.144513,0.1482979777037583,0.0898305847848442,0.984854374443551,9.242964656230686,5.363339968532745,0.6412404610766992,0.6490020672342978,0.1957945774508807
656,05/15/2023 12:46:18.322859,1022,True,True,True,True,Eyes,1.34866,-0.3032742,-3.23174,0.1712964,0.08937625,0.9811572,0.0,0.0,0.0,0.0,0.0,0.0,0.0,-1.415392,0.3158239,3.208061,1.341898,-0.3038175,-3.240639,0.0006493734,0.01166833,0.00283538,0.9999278,0.07061618,1.337329,0.3257574,0.3838649,-0.0862892,-0.9193484,0,0,0,1.736949,-0.09626688,-1.096017,0.34608,0.20824,2.153,0.9997116,0.005685506,-0.02333129,-0.005655197,0.9999831,0.001364821,0.02333866,-0.001232485,0.9997268,static,8.596017758912101,5.207121147237254,9.131788585510678,5.524512396302768,0.395051,0.20755062,2.144622,0.1488634899575368,0.0897451269791938,0.9847768759318088,9.27506148552597,5.359071788164248,0.6149952729017185,0.6227259297776911,0.2188554744575408
657,05/15/2023 12:46:18.342705,1023,True,True,True,True,Eyes,1.348487,-0.3032668,-3.231744,0.1714024,0.0895256,0.9811251,0.0,0.0,0.0,0.0,0.0,0.0,0.0,-1.41481,0.3149263,3.208367,1.341933,-0.3038518,-3.240582,0.0005401119,0.01156394,0.002753435,0.9999292,0.05823924,1.325326,0.3162155,0.3838474,-0.08628836,-0.9193558,0,0,0,1.736569,-0.09589358,-1.095924,0.34608,0.20824,2.153,0.9997174,0.005518972,-0.02312328,-0.005493988,0.9999843,0.001143829,0.02312923,-0.001016466,0.999732,static,8.613309172099548,5.205008414972703,9.131788585510678,5.524512396302768,0.394636,0.20795822,2.144658,0.1491612300627864,0.0897047462846898,0.9847355297597856,9.291964437452542,5.357093614821966,0.6013097810082627,0.6090186337189631,0.231700996842522
658,05/15/2023 12:46:18.362675,1024,True,True,True,True,Eyes,1.348323,-0.303262,-3.231745,0.1715098,0.0896677,0.9810933,0.0,0.0,0.0,0.0,0.0,0.0,0.0,-1.41491,0.3138718,3.208409,1.341932,-0.3038161,-3.240569,0.000432236,0.01156788,0.002636155,0.9999295,0.04603267,1.325738,0.3026343,0.3838275,-0.08628755,-0.9193642,0,0,0,1.736631,-0.09548093,-1.09596,0.3460799,0.20824,2.153,0.9997184,0.005281939,-0.02313186,-0.005261938,0.9999857,0.0009254005,0.02313642,-0.0008034216,0.999732,static,8.617903639108729,5.203157912471505,9.131785991333285,5.524512396302768,0.3946990000000001,0.2083351699999999,2.144609,0.1492406300036915,0.0896718505046391,0.9847264416107628,9.296457046197444,5.355277609743576,0.598363789462314,0.6060889177392196,0.2361291368971869
659,05/15/2023 12:46:18.372972,1025,True,True,True,True,Eyes,1.348151,-0.3032594,-3.231747,0.1715942,0.08979648,0.9810668,0.0,0.0,0.0,0.0,0.0,0.0,0.0,-1.415396,0.3139506,3.208136,1.341955,-0.3038724,-3.240504,0.0004450137,0.01163812,0.002614027,0.9999288,0.04750505,1.33379,0.3001191,0.3838055,-0.08628684,-0.9193734,0,0,0,1.736966,-0.09560764,-1.095944,0.34608,0.20824,2.153,0.9997154,0.00523804,-0.02327226,-0.005217324,0.9999859,0.0009508088,0.02327691,-0.0008291194,0.9997287,static,8.614740141487193,5.212475221804201,9.131788585510678,5.524512396302768,0.395011,0.20826476,2.14456,0.1491840930053156,0.0898327616902341,0.984720378928738,9.293355203480598,5.364579002235302,0.5963341699534697,0.6039091750720107,0.2273377720049559
660,05/15/2023 12:46:18.393344,1026,True,True,True,True,Eyes,1.347987,-0.3032553,-3.231752,0.1716746,0.08989138,0.981044,0.0,0.0,0.0,0.0,0.0,0.0,0.0,-1.415968,0.3143814,3.207886,1.341975,-0.3039308,-3.240535,0.0004716959,0.01173127,0.002686117,0.9999275,0.0504375,1.344476,0.3084197,0.3837816,-0.08628627,-0.9193834,0,0,0,1.737356,-0.09572624,-1.096037,0.3460801,0.20824,2.153,0.9997103,0.005382911,-0.0234583,-0.005360777,0.9999852,0.001006347,0.02346336,-0.0008803002,0.9997243,static,8.60966132367202,5.219633458104306,9.131791179688037,5.524512396302768,0.395381,0.2082045599999999,2.144498,0.1490951195823344,0.0899570037447132,0.9847224691320228,9.2883835921109,5.371704085473419,0.5971564226520355,0.604624473123879,0.2187957117654074
661,05/15/2023 12:46:18.417314,1027,True,True,True,True,Eyes,1.347838,-0.3032472,-3.231753,0.1717151,0.08997516,0.9810292,0.0,0.0,0.0,0.0,0.0,0.0,0.0,-1.41592,0.3170514,3.207734,1.341998,-0.3038864,-3.240618,0.0008524292,0.01173054,0.002780118,0.999927,0.09393702,1.344519,0.3197027,0.3837561,-0.08628579,-0.9193941,0,0,0,1.737343,-0.0972487,-1.095963,0.3460801,0.20824,2.152999,0.9997093,0.005579829,-0.02345463,-0.005539832,0.9999831,0.001769959,0.0234641,-0.001639509,0.9997233,static,8.613928648889228,5.266334830610369,9.131795349653478,5.524514946389912,0.395345,0.2066377,2.144655,0.1491575606272775,0.0907587466632229,0.9846394102662744,9.29250526719392,5.418484673240397,0.572020256791003,0.578656108534583,0.1925359613683028
662,05/15/2023 12:46:18.422766,1028,True,True,True,True,Eyes,1.347696,-0.3032414,-3.231754,0.1717506,0.09005389,0.9810158,0.0,0.0,0.0,0.0,0.0,0.0,0.0,-1.415986,0.3153661,3.207784,1.342084,-0.3037897,-3.240505,0.0006085653,0.01172612,0.002774138,0.9999273,0.06600375,1.343934,0.3186892,0.3837295,-0.08628527,-0.9194052,0,0,0,1.737408,-0.09610839,-1.095947,0.3460802,0.20824,2.153,0.9997095,0.005562145,-0.02344715,-0.0055336,0.9999838,0.001282102,0.0234539,-0.001151982,0.9997243,static,8.616057638901092,5.243154235590731,9.131793773865358,5.524512396302768,0.395324,0.20768131,2.144558,0.1491995881090051,0.0903598001568939,0.9846697725521192,9.294610591032324,5.395298314989259,0.5804551606612484,0.5874914259009575,0.2078595553783262
663,05/15/2023 12:46:18.443135,1029,True,True,True,True,Eyes,1.347578,-0.3032362,-3.231759,0.1717464,0.0900899,0.9810132,0.0,0.0,0.0,0.0,0.0,0.0,0.0,-1.41574,0.314545,3.208015,1.34211,-0.3038386,-3.240532,0.0005868636,0.01165795,0.002509648,0.9999288,0.0638922,1.336098,0.2883494,0.383702,-0.08628476,-0.9194167,0,0,0,1.737251,-0.09626055,-1.09593,0.3460801,0.20824,2.153,0.9997156,0.005032622,-0.02331129,-0.005005255,0.9999868,0.001232158,0.02331718,-0.001115129,0.9997275,static,8.620930063196772,5.24776131642094,9.131791179688037,5.524512396302768,0.3951410000000002,0.20757805,2.144602,0.1492822577314188,0.0904378320551265,0.9846500498293742,9.299368069205016,5.3999483807656175,0.57406885728381,0.5810079522334094,0.2088018387536984
664,05/15/2023 12:46:18.462933,1030,True,True,True,True,Eyes,1.347464,-0.3032301,-3.231763,0.1717427,0.09013639,0.9810096,0.0,0.0,0.0,0.0,0.0,0.0,0.0,-1.415995,0.3153393,3.207932,1.342117,-0.3038418,-3.240634,0.0008156779,0.01167282,0.002261228,0.9999291,0.09043855,1.337846,0.2601914,0.3836744,-0.08628426,-0.9194282,0,0,0,1.737429,-0.09743108,-1.095951,0.34608,0.20824,2.152999,0.9997172,0.004541177,-0.02334029,-0.004503092,0.9999884,0.00168403,0.02334767,-0.00157845,0.9997262,static,8.616974530465722,5.2812288254048045,9.131792755474976,5.524514946389912,0.3953119999999999,0.20641072,2.144683,0.149206418576101,0.0910140243152569,0.9846084760610776,9.295466627746649,5.43341724390814,0.5630460942368779,0.5694084135887519,0.1873177190280228
665,05/15/2023 12:46:18.473049,1031,True,True,True,True,Eyes,1.347348,-0.3032252,-3.231765,0.1717049,0.09022818,0.9810078,0.0,0.0,0.0,0.0,0.0,0.0,0.0,-1.416028,0.3145695,3.207947,1.342117,-0.3038148,-3.240591,0.0006741029,0.01168355,0.002322921,0.999929,0.074131,1.339043,0.2670719,0.3836468,-0.08628374,-0.9194398,0,0,0,1.737447,-0.09674968,-1.095974,0.3460801,0.20824,2.153,0.9997162,0.004661263,-0.02336231,-0.004629759,0.9999883,0.00140239,0.02336858,-0.00129383,0.9997261,static,8.614001425973305,5.269196815451136,9.131791179688037,5.524512396302768,0.3953299999999999,0.20706512,2.144617,0.1491581476886632,0.0908079270544392,0.984634840015894,9.29257338281894,5.421350021424408,0.5707296783562525,0.5773147104288693,0.1910324381726058
666,05/15/2023 12:46:18.497937,1032,True,True,True,True,Eyes,1.347237,-0.3032212,-3.231766,0.1716717,0.0902977,0.9810072,0.0,0.0,0.0,0.0,0.0,0.0,0.0,-1.415872,0.3131759,3.208138,1.342111,-0.3038478,-3.240577,0.0004628591,0.01165725,0.00229969,0.9999294,0.04996403,1.335972,0.2641257,0.3836192,-0.08628324,-0.9194514,0,0,0,1.737335,-0.0958923,-1.096027,0.34608,0.20824,2.153,0.9997177,0.004609845,-0.02331073,-0.004588263,0.999989,0.0009792687,0.02331499,-0.0008720366,0.9997278,static,8.614510243334694,5.2495265925084205,9.131788585510678,5.524512396302768,0.395224,0.2079555,2.14455,0.1491715006000718,0.0904697010169891,0.9846639377293348,9.293091440142042,5.401664654512631,0.5788980088024259,0.5858276841979716,0.2027564513774176
667,05/15/2023 12:46:18.513067,1033,True,True,True,True,Eyes,1.34713,-0.3032164,-3.231768,0.1716387,0.09035115,0.9810081,0.0,0.0,0.0,0.0,0.0,0.0,0.0,-1.416113,0.3143508,3.207898,1.342119,-0.3038626,-3.240553,0.0006837779,0.01168518,0.002203656,0.9999291,0.07539889,1.339223,0.2534192,0.3835915,-0.08628277,-0.919463,0,0,0,1.737506,-0.09692739,-1.095935,0.34608,0.20824,2.153,0.9997172,0.00442298,-0.02336569,-0.00439102,0.9999894,0.001418959,0.02337171,-0.001315959,0.999726,static,8.608890531404978,5.279633049869288,9.131788585510678,5.524512396302768,0.3953869999999999,0.2069352099999999,2.1446179999999995,0.1490678530804972,0.0909885294442967,0.9846318746603516,9.287566963781352,5.431756042995256,0.5709799766369081,0.5773978431698692,0.1813026315737002
668,05/15/2023 12:46:18.532905,1034,True,True,True,True,Eyes,1.347025,-0.3032108,-3.231769,0.1716101,0.09041126,0.9810075,0.0,0.0,0.0,0.0,0.0,0.0,0.0,-1.416195,0.314721,3.207833,1.342093,-0.3038397,-3.240573,0.0007428408,0.0117024,0.002208039,0.9999289,0.08215629,1.341213,0.2540019,0.3835641,-0.08628232,-0.9194745,0,0,0,1.737553,-0.09715489,-1.095944,0.3460801,0.20824,2.153,0.9997163,0.004433151,-0.02339986,-0.004398379,0.9999892,0.001537255,0.02340642,-0.001433897,0.999725,static,8.605477836904754,5.289767453196832,9.131791179688037,5.524512396302768,0.3954599999999999,0.20668481,2.144629,0.1490068009571651,0.0911635307823051,0.984624863253444,9.284220693249878,5.441873356677139,0.5700405225441488,0.5762906585270337,0.1733896406217684
669,05/15/2023 12:46:18.543133,1035,True,True,True,True,Eyes,1.346932,-0.3032052,-3.231769,0.1715542,0.09047426,0.9810115,0.0,0.0,0.0,0.0,0.0,0.0,0.0,-1.416424,0.3140905,3.207743,1.342073,-0.3038168,-3.240534,0.0006360128,0.01174389,0.002237376,0.9999284,0.06986554,1.345942,0.257223,0.3835368,-0.08628184,-0.9194859,0,0,0,1.737697,-0.09665072,-1.095981,0.34608,0.20824,2.153,0.9997141,0.004489371,-0.02348325,-0.004459493,0.9999892,0.001324485,0.02348894,-0.001219383,0.9997234,static,8.597625591554008,5.280584898171041,9.131788585510678,5.524512396302768,0.395624,0.20716608,2.144553,0.1488739962498597,0.0910075716883959,0.9846594099120852,9.276555544656484,5.432619815773557,0.5807837072391591,0.5872228950386363,0.1714692940926779
670,05/15/2023 12:46:18.562874,1036,True,True,True,True,Eyes,1.34684,-0.3031995,-3.231769,0.1715013,0.09053019,0.9810156,0.0,0.0,0.0,0.0,0.0,0.0,0.0,-1.416135,0.3139862,3.207864,1.342051,-0.3038212,-3.240526,0.0006153572,0.01170322,0.002246487,0.9999289,0.06749699,1.341277,0.2582364,0.38351,-0.08628134,-0.9194971,0,0,0,1.737496,-0.09656003,-1.09595,0.3460801,0.20824,2.153,0.9997159,0.004507058,-0.02340202,-0.004478251,0.9999892,0.001283209,0.02340755,-0.001178045,0.9997253,static,8.599316162178445,5.281333060004347,9.131791179688037,5.524512396302768,0.3954449999999998,0.20726117,2.144576,0.148902880842947,0.0910200298809073,0.9846539010655654,9.278207129197874,5.433382063503866,0.5789564089510123,0.5853766598305578,0.1724597571229468
671,05/15/2023 12:46:18.572881,1037,True,True,True,True,Eyes,1.346796,-0.3031956,-3.231767,0.1712899,0.09054203,0.9810514,0.0,0.0,0.0,0.0,0.0,0.0,0.0,-1.416155,0.314466,3.207781,1.34201,-0.30381,-3.240518,0.0006782615,0.01171599,0.002277461,0.9999287,0.07465989,1.342759,0.2618709,0.3834836,-0.08628082,-0.9195082,0,0,0,1.737498,-0.09679605,-1.095925,0.3460801,0.20824,2.153,0.9997151,0.004570489,-0.02342721,-0.004538703,0.9999887,0.001409792,0.02343339,-0.001303061,0.9997246,static,8.585960625237854,5.288514633060866,9.131791179688037,5.524512396302768,0.395488,0.20701395,2.1445929999999995,0.1486716208466165,0.0911466511798739,0.9846770920530372,9.26514578131608,5.440465112913441,0.588325776728118,0.5946645595851279,0.1576305668977299
672,05/15/2023 12:46:18.601137,1038,True,True,True,True,Eyes,1.346751,-0.3031888,-3.231767,0.1710839,0.09054399,0.9810872,0.0,0.0,0.0,0.0,0.0,0.0,0.0,-1.415681,0.3149694,3.207887,1.34201,-0.303858,-3.24046,0.0006790648,0.01165825,0.002441068,0.9999289,0.07454847,1.336154,0.2806143,0.3834589,-0.08628029,-0.9195185,0,0,0,1.737183,-0.09672706,-1.09582,0.3460801,0.20824,2.153,0.9997162,0.004897622,-0.02331152,-0.004865955,0.9999872,0.00141495,0.02331816,-0.001301116,0.9997272,static,8.5822299566648,5.285663292959056,9.131791179688037,5.524512396302768,0.395173,0.20713094,2.14464,0.1486081681622936,0.0910985302387369,0.9846911592534788,9.261502410716716,5.4375815192966845,0.5928197136277876,0.5992215216586353,0.1561473049143731
673,05/15/2023 12:46:18.613248,1039,True,True,True,True,Eyes,1.346724,-0.3031834,-3.23177,0.1708736,0.0905591,0.9811225,0.0,0.0,0.0,0.0,0.0,0.0,0.0,-1.41539,0.3155921,3.207966,1.341973,-0.3037798,-3.240494,0.0007956476,0.01161716,0.002422883,0.9999294,0.08794265,1.331477,0.2786829,0.3834355,-0.08627965,-0.9195284,0,0,0,1.736979,-0.0971638,-1.095774,0.3460801,0.20824,2.153,0.9997183,0.004863909,-0.02322883,-0.004826937,0.999987,0.001647477,0.02323654,-0.001534889,0.9997288,static,8.574717014173363,5.300159415345147,9.131791179688037,5.524512396302768,0.3950059999999999,0.206616,2.14472,0.1484756274633228,0.0913495023528489,0.9846879476490404,9.254143936566514,5.452032405975126,0.5943827675580122,0.6005546485944816,0.1422095148492492
674,05/15/2023 12:46:18.622753,1040,True,True,True,True,Eyes,1.346697,-0.3031782,-3.231773,0.1706741,0.09058174,0.9811551,0.0,0.0,0.0,0.0,0.0,0.0,0.0,-1.415304,0.316142,3.20799,1.341936,-0.303834,-3.240544,0.0008099922,0.01162362,0.00256918,0.999929,0.08938961,1.332234,0.2954659,0.3834138,-0.08627895,-0.9195375,0,0,0,1.736909,-0.09717135,-1.095823,0.34608,0.20824,2.153,0.9997166,0.005156825,-0.02324143,-0.005119165,0.9999855,0.001679595,0.02324976,-0.001560142,0.9997285,static,8.563885899597635,5.300309522649621,9.131788585510678,5.524512396302768,0.394973,0.20666265,2.144721,0.1482894052664098,0.0913546600680786,0.9847154963022712,9.24355738590626,5.452097084244613,0.6043508278108581,0.6105574413776138,0.1331774836913037
675,05/15/2023 12:46:18.642692,1041,True,True,True,True,Eyes,1.346697,-0.3031723,-3.231777,0.170565,0.09073457,0.98116,0.0,0.0,0.0,0.0,0.0,0.0,0.0,-1.415463,0.3157712,3.207968,1.34189,-0.3038338,-3.240575,0.0007191497,0.01166281,0.002647151,0.9999283,0.07886479,1.336704,0.3042822,0.3833936,-0.08627819,-0.919546,0,0,0,1.736997,-0.0967225,-1.095921,0.3460801,0.20824,2.153,0.9997139,0.005310695,-0.02332013,-0.005277147,0.9999849,0.001499943,0.02332775,-0.00137645,0.9997269,static,8.553831319045274,5.297269102734697,9.131791179688037,5.524512396302768,0.3951069999999999,0.2071113,2.144654,0.148117287151714,0.0913047915134964,0.9847460745347394,9.233733187432744,5.448974262163779,0.614734288698527,0.6210290774077053,0.1268786138489139
676,05/15/2023 12:46:18.662757,1042,True,True,True,True,Eyes,1.346696,-0.3031653,-3.231782,0.1704643,0.09088222,0.9811638,0.0,0.0,0.0,0.0,0.0,0.0,0.0,-1.416067,0.3162411,3.207621,1.341853,-0.3038358,-3.240556,0.00075355,0.01177155,0.002735881,0.9999268,0.08265366,1.349184,0.3145042,0.3833753,-0.08627733,-0.9195537,0,0,0,1.73739,-0.09680535,-1.095974,0.3460801,0.20824,2.153,0.9997079,0.005489101,-0.02353726,-0.005453619,0.9999838,0.001571401,0.0235455,-0.001442579,0.9997217,static,8.536653252034212,5.307974912910033,9.131791179688037,5.524512396302768,0.395537,0.2070304499999999,2.144582,0.1478194718436934,0.0914929101019066,0.9847733287726644,9.21693196186705,5.459554780912731,0.6271399923673228,0.6333069039937499,0.1070908240103432
677,05/15/2023 12:46:18.672910,1043,True,True,True,True,Eyes,1.346687,-0.3031573,-3.231786,0.1704129,0.09118421,0.9811447,0.0,0.0,0.0,0.0,0.0,0.0,0.0,-1.416374,0.3163849,3.207468,1.341825,-0.3038047,-3.240567,0.0007522991,0.01183012,0.002802005,0.9999259,0.08240226,1.355901,0.3220842,0.3833589,-0.08627635,-0.9195607,0,0,0,1.737585,-0.09671916,-1.096032,0.34608,0.20824,2.152999,0.9997044,0.005621395,-0.02365427,-0.005585796,0.9999831,0.001570783,0.0236627,-0.001438191,0.999719,static,8.527995103616083,5.324087020305687,9.131792755474976,5.524514946389912,0.3957599999999999,0.2070855399999999,2.1445350000000003,0.1476668487908123,0.0917719485543569,0.9847702524977852,9.208452453418277,5.475614178874829,0.6302775366808158,0.6361941197030476,0.0909285123177656
678,05/15/2023 12:46:18.693076,1044,True,True,True,True,Eyes,1.346677,-0.3031506,-3.231791,0.1703668,0.09147811,0.9811254,0.0,0.0,0.0,0.0,0.0,0.0,0.0,-1.416833,0.3165312,3.207222,1.341801,-0.3038052,-3.240549,0.0007398963,0.01191346,0.002883449,0.9999247,0.08084308,1.365454,0.3314063,0.3833438,-0.08627524,-0.919567,0,0,0,1.737885,-0.09660494,-1.096084,0.3460801,0.20824,2.153,0.9996995,0.005784093,-0.02382086,-0.005748834,0.9999822,0.001548385,0.02382939,-0.001410977,0.999715,static,8.516938475830093,5.338143938508525,9.131791179688037,5.524512396302768,0.3960839999999999,0.20720026,2.1444650000000003,0.1474734792487536,0.0920162378169768,0.9847764855909432,9.197630824302834,5.489597435253685,0.6367645292405613,0.6424772754751942,0.0745245819046426
679,05/15/2023 12:46:18.713270,1045,True,True,True,True,Eyes,1.346661,-0.3031432,-3.231795,0.170389,0.09188703,0.9810833,0.0,0.0,0.0,0.0,0.0,0.0,0.0,-1.417087,0.3164915,3.207133,1.341783,-0.3038303,-3.240573,0.0007001325,0.01196242,0.002952634,0.9999239,0.07617573,1.371056,0.3392832,0.3833299,-0.08627406,-0.9195729,0,0,0,1.738047,-0.09640723,-1.096163,0.3460802,0.20824,2.153,0.9996964,0.005921569,-0.02391888,-0.005888068,0.9999816,0.0014708,0.02392714,-0.001329517,0.9997128,static,8.513780445389267,5.356064315243755,9.131793773865358,5.524512396302768,0.3962639999999999,0.20742307,2.14441,0.1474149634534723,0.0923250527472491,0.984756311138619,9.194525255877696,5.507510320037838,0.6351425135794534,0.6405585298679269,0.0649946877274049
680,05/15/2023 12:46:18.722679,1046,True,True,True,True,Eyes,1.346645,-0.3031363,-3.231802,0.1704129,0.09227285,0.9810429,0.0,0.0,0.0,0.0,0.0,0.0,0.0,-1.41752,0.3162765,3.206949,1.341781,-0.3038349,-3.240559,0.0006679762,0.01202965,0.002947792,0.9999231,0.07247505,1.37875,0.3386892,0.3833171,-0.08627278,-0.9195784,0,0,0,1.738335,-0.09627639,-1.096216,0.34608,0.20824,2.152999,0.9996932,0.005911201,-0.0240535,-0.00587906,0.9999818,0.001406771,0.02406138,-0.001264928,0.9997097,static,8.507847804076254,5.374849758982563,9.131792755474976,5.524514946389912,0.3965540000000001,0.20755851,2.144343,0.147308534426578,0.0926493996068322,0.9847417384327372,9.188706855197406,5.526267192779777,0.6365255867802863,0.6416439594491868,0.0569410670309709
681,05/15/2023 12:46:18.742599,1047,True,True,True,True,Eyes,1.346575,-0.3031261,-3.231807,0.1705152,0.09278152,0.9809772,0.0,0.0,0.0,0.0,0.0,0.0,0.0,-1.417721,0.3164691,3.206911,1.341767,-0.3038402,-3.240633,0.0007382271,0.01205355,0.0028513,0.9999231,0.08064979,1.381505,0.3277315,0.383305,-0.08627144,-0.9195836,0,0,0,1.738465,-0.09665488,-1.09628,0.34608,0.20824,2.153,0.9996932,0.005719958,-0.02410104,-0.005684365,0.9999826,0.001545077,0.02410946,-0.001407604,0.9997083,static,8.510863885636294,5.414271429013792,9.131788585510678,5.524512396302768,0.396698,0.20718532,2.144353,0.1473510229572169,0.0933263250812743,0.9846715106494532,9.191613231948466,5.565751099770383,0.6261876661426216,0.6306350400849162,0.0726609866785206
682,05/15/2023 12:46:18.762636,1048,True,True,True,True,Eyes,1.346508,-0.3031177,-3.231811,0.1706195,0.09328043,0.9809117,0.0,0.0,0.0,0.0,0.0,0.0,0.0,-1.418473,0.3158753,3.206584,1.341745,-0.3037866,-3.240596,0.0006853075,0.01216727,0.002778566,0.9999219,0.0746503,1.394515,0.3193328,0.3832924,-0.08627,-0.9195889,0,0,0,1.73896,-0.09642631,-1.096356,0.34608,0.20824,2.153,0.9996885,0.005573375,-0.02432884,-0.005540022,0.9999835,0.001438123,0.02433646,-0.001302893,0.999703,static,8.503683093222707,5.438489280941911,9.131788585510678,5.524512396302768,0.3972150000000001,0.20736029,2.14424,0.1472218002128672,0.0937443381183008,0.984651083486414,9.184569154499766,5.589935811838272,0.6298858214658319,0.6339688366305577,0.0840595727037854
683,05/15/2023 12:46:18.782564,1049,True,True,True,True,Eyes,1.34642,-0.3031113,-3.231815,0.1707502,0.09374447,0.9808447,0.0,0.0,0.0,0.0,0.0,0.0,0.0,-1.418967,0.314883,3.206453,1.341743,-0.3038235,-3.240583,0.0005436151,0.01223991,0.002736224,0.9999213,0.058451,1.40279,0.3142876,0.3832794,-0.08626852,-0.9195945,0,0,0,1.739285,-0.0958848,-1.09646,0.34608,0.20824,2.153,0.9996854,0.005485325,-0.02447492,-0.005458709,0.9999844,0.001154127,0.02448087,-0.001020163,0.9996998,static,8.502844077805667,5.450032607945438,9.131788585510678,5.524512396302768,0.397542,0.2079387,2.144123,0.1472046107506811,0.0939429543209127,0.9846347068232514,9.18373692711762,5.601483756181673,0.6294365113856483,0.6333391134661205,0.0928612967673805
684,05/15/2023 12:46:18.792749,1050,True,True,True,True,Eyes,1.346335,-0.3031027,-3.23182,0.1708799,0.09417651,0.9807807,0.0,0.0,0.0,0.0,0.0,0.0,0.0,-1.419765,0.3150331,3.206087,1.341774,-0.3038923,-3.240565,0.0005541714,0.01236,0.00274031,0.9999198,0.05961704,1.416557,0.3147779,0.3832655,-0.08626708,-0.9196004,0,0,0,1.739829,-0.09599443,-1.096533,0.3460801,0.20824,2.152999,0.9996794,0.00549388,-0.02471499,-0.005466482,0.9999844,0.001175994,0.02472106,-0.001040513,0.9996938,static,8.497272299761702,5.476213814448827,9.131795349653478,5.524514946389912,0.398055,0.2078978699999999,2.144032,0.14710254646243,0.094394318515798,0.984606769328998,9.178263439610005,5.627646448279639,0.6328394925297531,0.6363587825988977,0.1131167099337598
685,05/15/2023 12:46:18.813141,1051,True,True,True,True,Eyes,1.346243,-0.3030899,-3.23182,0.1710144,0.09462259,0.9807143,0.0,0.0,0.0,0.0,0.0,0.0,0.0,-1.420111,0.3159959,3.205869,1.341773,-0.3038274,-3.240602,0.0007218993,0.01241267,0.002720532,0.9999191,0.07884724,1.422644,0.3127534,0.383251,-0.08626562,-0.9196066,0,0,0,1.740065,-0.09666446,-1.096543,0.3460799,0.20824,2.153,0.9996771,0.005458545,-0.0248194,-0.005422702,0.9999841,0.00151122,0.02482725,-0.001376144,0.9996908,static,8.499797091783497,5.521718556087944,9.131785991333285,5.524512396302768,0.3982919999999998,0.20716294,2.144059,0.1471349330565893,0.0951758053985094,0.9845266757743724,9.180683214418432,5.673215471803816,0.6291571447114108,0.6319950748995556,0.1565360759981847
686,05/15/2023 12:46:18.822962,1052,True,True,True,True,Eyes,1.346153,-0.3030826,-3.231821,0.1711525,0.09505022,0.9806489,0.0,0.0,0.0,0.0,0.0,0.0,0.0,-1.421396,0.3140835,3.205359,1.341762,-0.3037392,-3.240487,0.0005170823,0.01259636,0.002537122,0.9999174,0.05558621,1.443621,0.2914565,0.3832356,-0.08626402,-0.9196131,0,0,0,1.740915,-0.09583031,-1.09666,0.3460801,0.20824,2.152999,0.9996698,0.005086851,-0.02518801,-0.005060798,0.9999866,0.001097996,0.02519326,-0.0009701621,0.9996821,static,8.484965288247974,5.526377275397787,9.131795349653478,5.524514946389912,0.3991530000000001,0.2079088899999999,2.143827,0.1468788948802257,0.0952595259517664,0.984556854937142,9.166181614843076,5.67776154573324,0.6439944170955249,0.6468327423740869,0.1570571088616617
687,05/15/2023 12:46:18.843032,1053,True,True,True,True,Eyes,1.346079,-0.3030764,-3.231824,0.1712566,0.09544992,0.9805919,0.0,0.0,0.0,0.0,0.0,0.0,0.0,-1.422107,0.3148662,3.20499,1.341724,-0.3038616,-3.240515,0.000551435,0.01272883,0.002695313,0.9999153,0.05925302,1.458821,0.3096399,0.3832196,-0.08626246,-0.91962,0,0,0,1.741379,-0.095981,-1.096778,0.3460799,0.20824,2.153,0.9996614,0.005404207,-0.02545252,-0.00537613,0.9999849,0.001171393,0.02545847,-0.00103416,0.9996753,static,8.478151191258593,5.550536866814507,9.131785991333285,5.524512396302768,0.3996550000000001,0.2078806,2.143737,0.1467559068650945,0.0956764355657551,0.9845347673367416,9.159496008986522,5.701890837742991,0.6516142016497035,0.654152677082419,0.1795298208268072
688,05/15/2023 12:46:18.863059,1054,True,True,True,True,Eyes,1.34601,-0.3030622,-3.231827,0.1713485,0.09582563,0.9805392,0.0,0.0,0.0,0.0,0.0,0.0,0.0,-1.420775,0.3169123,3.205423,1.341742,-0.3038956,-3.240547,0.00072364,0.01255093,0.003022995,0.9999166,0.07856836,1.438514,0.3474239,0.3832034,-0.08626095,-0.9196268,0,0,0,1.740501,-0.09651351,-1.096596,0.34608,0.20824,2.153,0.9996667,0.006063651,-0.0250954,-0.006027321,0.9999806,0.001523042,0.02510415,-0.001371276,0.9996839,static,8.50830938630206,5.586348416157821,9.131788585510678,5.524512396302768,0.3987590000000001,0.20738209,2.143951,0.1472654322762489,0.0962844081097213,0.9843994045941094,9.188935046187977,5.7379755532594485,0.624591435927373,0.6265381115282097,0.2209801741013302
689,05/15/2023 12:46:18.872819,1055,True,True,True,True,Eyes,1.345957,-0.3030512,-3.231825,0.1714242,0.09614807,0.9804944,0.0,0.0,0.0,0.0,0.0,0.0,0.0,-1.420155,0.3164973,3.205738,1.341782,-0.3036873,-3.24055,0.0007880482,0.01242606,0.002798405,0.9999186,0.08631165,1.424206,0.3217716,0.3831871,-0.08625925,-0.9196338,0,0,0,1.7401,-0.09675063,-1.096474,0.3460801,0.20824,2.153,0.9996756,0.005615938,-0.02484567,-0.005576768,0.9999831,0.001645514,0.0248545,-0.001506422,0.9996899,static,8.525161001725923,5.616823287251502,9.131791179688037,5.524512396302768,0.3983179999999999,0.20693667,2.144076,0.1475474837620787,0.0968038690162452,0.9843062161343334,9.205373783421004,5.768613257551708,0.6120947635550317,0.6136134560145292,0.2549502501167571
690,05/15/2023 12:46:18.893002,1056,True,True,True,True,Eyes,1.345906,-0.3030427,-3.231822,0.171507,0.09644812,0.9804505,0.0,0.0,0.0,0.0,0.0,0.0,0.0,-1.42034,0.3128259,3.205941,1.341896,-0.3037659,-3.240421,0.0003233929,0.01240935,0.00252499,0.9999198,0.03346457,1.422133,0.2897805,0.3831712,-0.08625746,-0.9196406,0,0,0,1.740249,-0.09503578,-1.096525,0.34608,0.20824,2.152999,0.9996793,0.005057602,-0.02481508,-0.005041549,0.9999871,0.0007094009,0.02481835,-0.0005840668,0.9996918,static,8.528349529777659,5.586251013426193,9.131792755474976,5.524514946389912,0.3983529999999999,0.2087301199999999,2.143896,0.1476098356148151,0.0962777415695461,0.9843485189498784,9.208522498024372,5.738036390295173,0.6047337596982945,0.6065930007946775,0.226889533471873
691,05/15/2023 12:46:18.912912,1057,True,True,True,True,Eyes,1.345827,-0.3030366,-3.231818,0.1715916,0.09664267,0.9804165,0.0,0.0,0.0,0.0,0.0,0.0,0.0,-1.421146,0.3125405,3.205591,1.341891,-0.3038131,-3.240398,0.0003963504,0.01250784,0.002233732,0.9999192,0.04221316,1.433428,0.2565152,0.3831557,-0.08625565,-0.9196473,0,0,0,1.740789,-0.09561208,-1.096552,0.3460801,0.20824,2.153,0.9996771,0.004477018,-0.02501188,-0.004457189,0.9999897,0.0008485151,0.02501542,-0.0007367586,0.9996868,static,8.519220569430582,5.611201417499365,9.131791179688037,5.524512396302768,0.398898,0.20820102,2.143846,0.1474468012202692,0.0967087573776308,0.9843306626250774,9.199573498002888,5.7629389759794725,0.6170670382618146,0.6186741783420535,0.2478743160806857
692,05/15/2023 12:46:18.922760,1058,True,True,True,True,Eyes,1.345751,-0.3030307,-3.231812,0.171679,0.09683745,0.980382,0.0,0.0,0.0,0.0,0.0,0.0,0.0,-1.421837,0.3155779,3.204971,1.34186,-0.3038655,-3.24039,0.000811859,0.01263273,0.002344219,0.9999172,0.08963102,1.447858,0.269782,0.3831398,-0.08625394,-0.9196541,0,0,0,1.741254,-0.09736657,-1.096471,0.3460801,0.20824,2.153,0.9996698,0.004708562,-0.02525956,-0.004667538,0.9999877,0.001682812,0.02526717,-0.001564356,0.9996795,static,8.51232715824429,5.667900255568766,9.131791179688037,5.524512396302768,0.399394,0.20649893,2.1439190000000004,0.1473142671538098,0.0976847376192785,0.9842541518412262,9.192776067099771,5.81963858994133,0.6347875906938832,0.6358425528762168,0.3013612892595992
693,05/15/2023 12:46:18.942627,1059,True,True,True,True,Eyes,1.345683,-0.3030242,-3.231807,0.171798,0.09697478,0.9803475,0.0,0.0,0.0,0.0,0.0,0.0,0.0,-1.422364,0.3158785,3.20466,1.341875,-0.3038667,-3.240336,0.0007510324,0.0127369,0.002593986,0.9999153,0.08226869,1.4598,0.2983215,0.3831238,-0.08625232,-0.9196609,0,0,0,1.741611,-0.0969193,-1.096525,0.3460801,0.20824,2.153,0.9996622,0.005206664,-0.02546775,-0.005168401,0.9999854,0.001568016,0.02547554,-0.001435859,0.9996744,static,8.510142267385984,5.66425482628314,9.131791179688037,5.524512396302768,0.3997360000000001,0.2069474,2.1438110000000004,0.1472776240347792,0.0976226453521063,0.9842657172173708,9.190644385478429,5.815972346481104,0.636064355443001,0.6371619236137269,0.2973425674029269
694,05/15/2023 12:46:18.963041,1060,True,True,True,True,Eyes,1.345618,-0.3030184,-3.231804,0.1719132,0.09709237,0.9803157,0.0,0.0,0.0,0.0,0.0,0.0,0.0,-1.422816,0.3160967,3.204442,1.341878,-0.3038312,-3.240343,0.0008115883,0.01280242,0.002544241,0.9999146,0.0892607,1.467322,0.2927158,0.3831078,-0.08625075,-0.9196678,0,0,0,1.741916,-0.0971802,-1.09656,0.3460801,0.20824,2.153,0.9996593,0.005108827,-0.02559853,-0.005067266,0.9999857,0.001688183,0.02560679,-0.001557893,0.9996709,static,8.509097707823639,5.678915048739251,9.131791179688037,5.524512396302768,0.4000380000000001,0.206651,2.143783,0.1472560201257165,0.0978748070234647,0.98424394079913,9.189607972256432,5.830638598990441,0.6405822535915419,0.6415507298584886,0.311538173383088
695,05/15/2023 12:46:18.972962,1061,True,True,True,True,Eyes,1.345552,-0.3030118,-3.231799,0.1720114,0.09720362,0.9802874,0.0,0.0,0.0,0.0,0.0,0.0,0.0,-1.422878,0.3170483,3.204372,1.341863,-0.3038376,-3.2404,0.0009829721,0.01280908,0.002486513,0.9999144,0.108981,1.46813,0.2863535,0.3830918,-0.08624925,-0.9196746,0,0,0,1.741957,-0.09796613,-1.096551,0.34608,0.2082399,2.153,0.9996595,0.004997781,-0.02561108,-0.004947417,0.9999857,0.002029476,0.02562086,-0.001902076,0.99967,static,8.513941084197443,5.706102103384595,9.131788585510678,5.52450975976074,0.4000939999999999,0.20587147,2.1438490000000003,0.1473324137517922,0.0983406873512418,0.9841860195812476,9.194313254997551,5.857890408026788,0.6432554286252726,0.6439808336758268,0.3391931469424659
696,05/15/2023 12:46:19.001226,1062,True,True,True,True,Eyes,1.345488,-0.3030049,-3.231794,0.17209,0.09732078,0.980262,0.0,0.0,0.0,0.0,0.0,0.0,0.0,-1.422552,0.3173578,3.204444,1.341855,-0.3037984,-3.240365,0.001019051,0.01276393,0.002528804,0.9999149,0.113066,1.462971,0.2912472,0.3830759,-0.08624778,-0.9196814,0,0,0,1.741738,-0.09805104,-1.096466,0.34608,0.20824,2.152999,0.9996614,0.005083192,-0.02552053,-0.005031164,0.9999851,0.002102483,0.02553084,-0.001973373,0.9996721,static,8.524405768023568,5.71637426354659,9.131792755474976,5.524514946389912,0.399883,0.20574736,2.143899,0.1475096206935695,0.0985145047607332,0.9841421112412554,9.2045306670145,5.868255256183337,0.6363566478211953,0.6369685628860526,0.3513519664837687
697,05/15/2023 12:46:19.012607,1063,True,True,True,True,Eyes,1.345464,-0.302999,-3.231791,0.1720906,0.09739426,0.9802547,0.0,0.0,0.0,0.0,0.0,0.0,0.0,-1.421272,0.3167402,3.205058,1.341836,-0.3037868,-3.240359,0.0008972943,0.01257327,0.002594492,0.9999172,0.09907577,1.441092,0.2985768,0.38306,-0.08624633,-0.919688,0,0,0,1.740872,-0.09746946,-1.096357,0.34608,0.20824,2.153,0.9996704,0.005211119,-0.02513979,-0.00516599,0.9999849,0.001859682,0.02514911,-0.001729198,0.9996822,static,8.546855777013864,5.705777778318787,9.131788585510678,5.524512396302768,0.3990359999999999,0.20631734,2.1440020000000004,0.1478979974152223,0.0983267360531901,0.9841027023126658,9.226484603126336,5.857825821847039,0.6117641396711092,0.6123753172470168,0.3465042213311718
698,05/15/2023 12:46:19.023149,1064,True,True,True,True,Eyes,1.345441,-0.302992,-3.23179,0.1720727,0.09747288,0.98025,0.0,0.0,0.0,0.0,0.0,0.0,0.0,-1.41994,0.3167363,3.20568,1.341821,-0.30378,-3.240396,0.0009053196,0.01236609,0.002577906,0.99992,0.1000807,1.41735,0.2966671,0.3830452,-0.0862449,-0.9196943,0,0,0,1.739976,-0.09751186,-1.096226,0.3460799,0.20824,2.153,0.9996809,0.005177788,-0.02472553,-0.005133007,0.999985,0.001874251,0.02473487,-0.001746737,0.9996925,static,8.569489720432593,5.711858869358137,9.131785991333285,5.524512396302768,0.398155,0.20626814,2.14417,0.1482852851233256,0.0984254087133645,0.9840345278781054,9.248600736268791,5.864091665451807,0.5921935484754206,0.592685242970591,0.3591096833422112
699,05/15/2023 12:46:19.042606,1065,True,True,True,True,Eyes,1.345414,-0.3029841,-3.231788,0.1721017,0.09747439,0.9802448,0.0,0.0,0.0,0.0,0.0,0.0,0.0,-1.418449,0.3160447,3.206474,1.341832,-0.3037484,-3.24046,0.000802203,0.01213139,0.002580765,0.9999228,0.08833096,1.390423,0.2968279,0.3830313,-0.08624343,-0.9197003,0,0,0,1.738977,-0.09703778,-1.096144,0.3460798,0.20824,2.153,0.9996924,0.005180595,-0.02425678,-0.005141668,0.9999854,0.001666899,0.02426506,-0.001541666,0.9997044,static,8.597896846372867,5.700444215154408,9.131783397155848,5.524512396302768,0.3971450000000001,0.2067106199999999,2.144316,0.1487761590423054,0.0982220450357438,0.983980794601916,9.276378054568916,5.852890331458565,0.561650991952383,0.5621270799306815,0.3588031260309575
700,05/15/2023 12:46:19.062887,1066,True,True,True,True,Eyes,1.345389,-0.3029766,-3.231786,0.1721229,0.09748723,0.9802397,0.0,0.0,0.0,0.0,0.0,0.0,0.0,-1.417759,0.314825,3.206876,1.341857,-0.303709,-3.240431,0.0006349097,0.0120158,0.002544432,0.9999245,0.06924635,1.377124,0.2924241,0.3830183,-0.08624192,-0.9197059,0,0,0,1.73852,-0.09630764,-1.096092,0.3460801,0.20824,2.153,0.9996983,0.005103736,-0.02402655,-0.00507322,0.9999862,0.00133087,0.02403301,-0.001208577,0.9997104,static,8.611644865682367,5.682905767029722,9.131791179688037,5.524512396302768,0.396663,0.20740136,2.144339,0.1490167418826674,0.0979172432395321,0.9839746675034972,9.289833935156793,5.835443417561568,0.5431733588238344,0.5437284688738777,0.3487916463122324
701,05/15/2023 12:46:19.072954,1067,True,True,True,True,Eyes,1.345422,-0.3029694,-3.231782,0.1721548,0.09746663,0.9802362,0.0,0.0,0.0,0.0,0.0,0.0,0.0,-1.417244,0.3137358,3.207218,1.341878,-0.3037133,-3.240429,0.0004831237,0.0119277,0.002503226,0.9999257,0.05193635,1.366981,0.2874888,0.3830059,-0.08624037,-0.9197111,0,0,0,1.738177,-0.0956911,-1.096084,0.3460802,0.20824,2.153,0.9997029,0.005017604,-0.02385121,-0.004994554,0.999987,0.001025891,0.02385605,-0.0009064601,0.999715,static,8.622803685889133,5.665251814508634,9.131793773865358,5.524512396302768,0.3962990000000002,0.2080222,2.1443449999999995,0.1492128923637092,0.0976111419540601,0.9839754085524276,9.300759239717,5.817860429798084,0.5274364577976545,0.5280894748950885,0.3385297585235768
702,05/15/2023 12:46:19.093285,1068,True,True,True,True,Eyes,1.345455,-0.3029654,-3.231777,0.1721879,0.09744783,0.9802322,0.0,0.0,0.0,0.0,0.0,0.0,0.0,-1.417334,0.3139897,3.207093,1.341925,-0.3036878,-3.240352,0.0005322917,0.01193359,0.002489539,0.9999255,0.05758719,1.367669,0.2859882,0.3829956,-0.08623875,-0.9197155,0,0,0,1.738256,-0.09588702,-1.095991,0.3460802,0.20824,2.153,0.9997028,0.004991413,-0.02386275,-0.004966004,0.9999871,0.001123922,0.02386805,-0.001005086,0.9997146,static,8.623992033763514,5.670046156405529,9.131793773865358,5.524512396302768,0.396331,0.20780078,2.144361,0.1492320852466455,0.0976931861847274,0.983964300419976,9.301915683425856,5.822668831657213,0.5276347046516385,0.5282449077654304,0.3432764542694123
703,05/15/2023 12:46:19.113147,1069,True,True,True,True,Eyes,1.345514,-0.3029634,-3.231776,0.1722293,0.09740007,0.9802297,0.0,0.0,0.0,0.0,0.0,0.0,0.0,-1.417567,0.3142438,3.206965,1.341953,-0.3037597,-3.240334,0.0005312513,0.01197234,0.002557771,0.999925,0.05736326,1.372114,0.2938072,0.3829873,-0.08623716,-0.9197192,0,0,0,1.738421,-0.0959034,-1.096004,0.3460801,0.20824,2.153,0.9997002,0.005127879,-0.02394016,-0.005102437,0.9999864,0.001123668,0.0239456,-0.001001178,0.9997128,static,8.622660037907963,5.665847250212671,9.131791179688037,5.524512396302768,0.396468,0.2078563,2.14433,0.149210270227082,0.0976214039615325,0.9839747592920896,9.30061820966192,5.818455310671441,0.5277356979206154,0.5283843870327883,0.3389764047206697
704,05/15/2023 12:46:19.122789,1070,True,True,True,True,Eyes,1.345572,-0.302958,-3.231772,0.1722706,0.09735648,0.9802268,0.0,0.0,0.0,0.0,0.0,0.0,0.0,-1.41803,0.3174563,3.206528,1.341964,-0.3037863,-3.24041,0.0009735956,0.01205588,0.002678351,0.9999233,0.1078572,1.381832,0.3082399,0.3829812,-0.08623562,-0.9197218,0,0,0,1.738748,-0.09774078,-1.095963,0.34608,0.20824,2.153,0.999695,0.005379765,-0.0241047,-0.005332815,0.9999837,0.002011622,0.02411514,-0.001882462,0.9997074,static,8.617714959052236,5.711570450453698,9.131788585510678,5.524512396302768,0.396784,0.20604552,2.1444469999999995,0.1491137396900829,0.0984080565647925,0.9839110581243452,9.295736660284511,5.864183987120522,0.5467068025603955,0.5470488177876508,0.37716808034444
705,05/15/2023 12:46:19.142626,1071,True,True,True,True,Eyes,1.345609,-0.3029542,-3.23177,0.1723371,0.09734287,0.9802164,0.0,0.0,0.0,0.0,0.0,0.0,0.0,-1.418188,0.3171549,3.206453,1.342004,-0.3036977,-3.240367,0.0009436708,0.0120736,0.002671018,0.9999232,0.104433,1.383852,0.3073601,0.3829771,-0.08623403,-0.9197236,0,0,0,1.738867,-0.09752879,-1.095947,0.3460802,0.20824,2.152999,0.9996942,0.005364413,-0.02414031,-0.005318839,0.9999839,0.001951694,0.02415039,-0.001822699,0.9997066,static,8.619409241981051,5.707503400782792,9.131797943831945,5.524514946389912,0.3968629999999999,0.20616891,2.14442,0.1491438669776458,0.0983377569526842,0.9839134584432088,9.297396949453486,5.860126361369965,0.5437218204350168,0.5440835930493926,0.3742433065904547
706,05/15/2023 12:46:19.162999,1072,True,True,True,True,Eyes,1.345645,-0.302952,-3.231766,0.1724108,0.09730937,0.9802068,0.0,0.0,0.0,0.0,0.0,0.0,0.0,-1.41792,0.3157782,3.206737,1.342008,-0.3037311,-3.240391,0.0008506873,0.01200208,0.002377501,0.9999247,0.09420443,1.3756,0.2735925,0.3829744,-0.08623247,-0.9197249,0,0,0,1.738684,-0.09738106,-1.095954,0.34608,0.20824,2.153,0.9997005,0.004775064,-0.02399831,-0.004734224,0.9999872,0.001758316,0.0240064,-0.001644177,0.9997104,static,8.628426373706958,5.700515516862148,9.131788585510678,5.524512396302768,0.3966759999999998,0.2063500399999999,2.144437,0.1493005297792372,0.0982154115885924,0.9839019529133984,9.306217711445337,5.853202912605168,0.5328675387906517,0.5332453607098454,0.3721061347001235
707,05/15/2023 12:46:19.172974,1073,True,True,True,True,Eyes,1.345651,-0.3029457,-3.231761,0.1724715,0.09734223,0.9801928,0.0,0.0,0.0,0.0,0.0,0.0,0.0,-1.418711,0.316544,3.206267,1.342012,-0.3037591,-3.240343,0.001070727,0.0121017,0.002130382,0.9999241,0.1197327,1.387047,0.2455914,0.3829728,-0.08623097,-0.9197257,0,0,0,1.739221,-0.09853722,-1.095896,0.34608,0.20824,2.153,0.999698,0.004286356,-0.024197,-0.004234525,0.9999886,0.002192853,0.02420613,-0.002089728,0.9997048,static,8.61832311118323,5.732082571895226,9.131788585510678,5.524512396302768,0.3972089999999999,0.20522188,2.1444470000000004,0.1491189425785976,0.0987602074487041,0.983874898355676,9.296309447706946,5.884720897802054,0.5536073989239835,0.5538340646094241,0.3960016144539871
708,05/15/2023 12:46:19.192920,1074,True,True,True,True,Eyes,1.345656,-0.3029395,-3.231755,0.172526,0.0973975,0.9801778,0.0,0.0,0.0,0.0,0.0,0.0,0.0,-1.418146,0.315474,3.206599,1.341995,-0.303661,-3.240336,0.0008573233,0.01202986,0.00227703,0.9999247,0.09509573,1.378776,0.2620919,0.3829716,-0.08622945,-0.9197263,0,0,0,1.738832,-0.09741381,-1.095919,0.34608,0.20824,2.152999,0.9997001,0.004574344,-0.02405401,-0.004533091,0.9999881,0.001769302,0.02406182,-0.001659733,0.9997091,static,8.630991274395527,5.708302502528411,9.131792755474976,5.524514946389912,0.3968369999999999,0.20624719,2.144417,0.1493426058267528,0.0983485016214604,0.9838822956069384,9.308716450783518,5.861017749842495,0.5331382474994083,0.5334603914469486,0.3801790771374424
709,05/15/2023 12:46:19.212961,1075,True,True,True,True,Eyes,1.34564,-0.3029354,-3.23175,0.172569,0.09746195,0.9801639,0.0,0.0,0.0,0.0,0.0,0.0,0.0,-1.417862,0.3136343,3.206876,1.342005,-0.3036622,-3.240303,0.0005600426,0.01198574,0.002304691,0.9999253,0.06100597,1.373643,0.2648488,0.3829708,-0.08622792,-0.9197268,0,0,0,1.738637,-0.09611718,-1.095973,0.34608,0.20824,2.153,0.999702,0.004622464,-0.02396712,-0.004595613,0.9999887,0.001175248,0.02397227,-0.001064755,0.999712,static,8.63832643406082,5.677626634471892,9.131788585510678,5.524512396302768,0.3966320000000001,0.20754502,2.14433,0.1494764026743918,0.0978197293080236,0.9839147665949732,9.315918215700368,5.830369949443238,0.5161688837380853,0.5166709444546247,0.3570049908991009
710,05/15/2023 12:46:19.223028,1076,True,True,True,True,Eyes,1.345624,-0.3029301,-3.231744,0.1726134,0.09751685,0.9801505,0.0,0.0,0.0,0.0,0.0,0.0,0.0,-1.418101,0.3145991,3.20672,1.342036,-0.3037063,-3.24033,0.0007413151,0.0120099,0.002214632,0.9999252,0.08189427,1.376452,0.2547805,0.3829696,-0.08622646,-0.9197274,0,0,0,1.738812,-0.09700699,-1.095945,0.34608,0.20824,2.153,0.9997017,0.00444674,-0.02401471,-0.004411127,0.999989,0.001535714,0.02402128,-0.001429324,0.9997104,static,8.637606093736283,5.703225995679918,9.131788585510678,5.524512396302768,0.396776,0.2066993099999999,2.144385,0.149457506655828,0.0982595978071147,0.9838736858391628,9.315187164138225,5.855988559974329,0.5251714747205107,0.5255044108080228,0.3788290983082202
711,05/15/2023 12:46:19.242629,1077,True,True,True,True,Eyes,1.345612,-0.3029245,-3.231738,0.1726209,0.0975842,0.9801425,0.0,0.0,0.0,0.0,0.0,0.0,0.0,-1.418347,0.3149449,3.206558,1.342026,-0.3036698,-3.240318,0.0008217093,0.01204529,0.00216523,0.9999249,0.09116526,1.380523,0.2492337,0.3829683,-0.08622502,-0.9197282,0,0,0,1.738975,-0.09735225,-1.095928,0.3460799,0.20824,2.153,0.9997004,0.00434993,-0.02408521,-0.004310339,0.9999893,0.001695457,0.02409232,-0.001591134,0.9997085,static,8.633693396071731,5.7172154765517496,9.131785991333285,5.524512396302768,0.396949,0.20631755,2.14439,0.1493867407845621,0.0985008876295629,0.9838603296843788,9.311348123670268,5.8699607566173055,0.5338064240950892,0.5340699491563193,0.3893290754790956
712,05/15/2023 12:46:19.264856,1078,True,True,True,True,Eyes,1.3456,-0.3029203,-3.231735,0.1726265,0.09765776,0.9801342,0.0,0.0,0.0,0.0,0.0,0.0,0.0,-1.418522,0.3147863,3.206471,1.342019,-0.3036528,-3.240298,0.0007988934,0.01207392,0.002167094,0.9999245,0.08854122,1.383799,0.2494184,0.3829669,-0.08622359,-0.9197289,0,0,0,1.73909,-0.09723562,-1.095941,0.34608,0.20824,2.152999,0.999699,0.004353154,-0.02414255,-0.004314571,0.9999893,0.001649997,0.02414947,-0.001545336,0.9997072,static,8.63080511430855,5.718816120157677,9.131792755474976,5.524514946389912,0.3970709999999999,0.20641718,2.1443570000000003,0.1493367265294599,0.0985291272961758,0.9838651075141486,9.30852341340022,5.871540139726808,0.5370839703275022,0.5373467807003499,0.3894357588373207
713,05/15/2023 12:46:19.273106,1079,True,True,True,True,Eyes,1.345582,-0.3029165,-3.231728,0.1726473,0.09772644,0.9801237,0.0,0.0,0.0,0.0,0.0,0.0,0.0,-1.418371,0.3141117,3.206657,1.341987,-0.303684,-3.240361,0.0006867501,0.01205531,0.002173446,0.9999247,0.07568739,1.381639,0.2499895,0.3829654,-0.0862222,-0.9197297,0,0,0,1.738974,-0.09678026,-1.096035,0.3460799,0.20824,2.153,0.9996998,0.004363122,-0.02410582,-0.004330006,0.9999896,0.0014258,0.02411179,-0.001320994,0.9997084,static,8.634076846136225,5.709910330674624,9.131785991333285,5.524512396302768,0.396987,0.20690374,2.144326,0.1493951931455162,0.0983753208824141,0.9838716314033806,9.311730611015417,5.862651523160308,0.5308148055645845,0.5311184305615249,0.3830380337049143
714,05/15/2023 12:46:19.292741,1080,True,True,True,True,Eyes,1.345566,-0.3029139,-3.231718,0.1726781,0.09778722,0.9801123,0.0,0.0,0.0,0.0,0.0,0.0,0.0,-1.419257,0.3137394,3.206218,1.342,-0.3036863,-3.240273,0.0006720619,0.01218189,0.0020715,0.9999236,0.07411505,1.396134,0.2382973,0.3829636,-0.08622088,-0.9197305,0,0,0,1.739572,-0.0967939,-1.096054,0.34608,0.20824,2.153,0.9996946,0.004159057,-0.02435913,-0.004126309,0.9999905,0.00139449,0.0243647,-0.001293551,0.9997023,static,8.620284237294193,5.713498945406072,9.131788585510678,5.524512396302768,0.3975719999999998,0.2068924,2.144219,0.1491573914429304,0.0984405263881613,0.983901276840614,9.298245854294311,5.866134660489673,0.5449775681740733,0.545300480456736,0.380018149196975
715,05/15/2023 12:46:19.312775,1081,True,True,True,True,Eyes,1.345546,-0.302911,-3.23171,0.1726752,0.097835,0.980108,0.0,0.0,0.0,0.0,0.0,0.0,0.0,-1.420162,0.3143147,3.205697,1.342022,-0.3037114,-3.240198,0.0007432997,0.01232315,0.002103866,0.9999216,0.08219829,1.412341,0.242117,0.3829617,-0.08621965,-0.9197314,0,0,0,1.740188,-0.0970998,-1.096062,0.34608,0.20824,2.153,0.9996875,0.004225723,-0.02464123,-0.004189083,0.99999,0.001538335,0.02464749,-0.00143463,0.9996951,static,8.604493124304458,5.7236183666506975,9.131788585510678,5.524512396302768,0.398166,0.2066116,2.144136,0.1488835744470927,0.0986184099065574,0.9839248924950518,9.282800863575956,5.876139177157884,0.5633241754016035,0.5636343591699066,0.3826827682833354
716,05/15/2023 12:46:19.322800,1082,True,True,True,True,Eyes,1.345526,-0.3029065,-3.231704,0.1726771,0.09788037,0.9801031,0.0,0.0,0.0,0.0,0.0,0.0,0.0,-1.421178,0.3147574,3.205227,1.341971,-0.3036946,-3.240244,0.0008148354,0.0124895,0.002102659,0.9999195,0.09035648,1.431423,0.2420948,0.3829596,-0.08621849,-0.9197323,0,0,0,1.740851,-0.09738973,-1.096211,0.3460802,0.20824,2.153,0.9996792,0.004225334,-0.02497356,-0.004184626,0.9999898,0.001682062,0.02498041,-0.001577017,0.9996867,static,8.58573214096555,5.734221913890479,9.131793773865358,5.524512396302768,0.3988799999999999,0.2063048699999999,2.1440330000000003,0.1485586151726341,0.0988053795400344,0.9839552170486702,9.264452594477769,5.886604826916104,0.5846415915837752,0.5849456288340601,0.3856284364433576
717,05/15/2023 12:46:19.342687,1083,True,True,True,True,Eyes,1.345468,-0.3029033,-3.231696,0.1726897,0.09792109,0.9800968,0.0,0.0,0.0,0.0,0.0,0.0,0.0,-1.421544,0.31511,3.205024,1.34195,-0.3036529,-3.240251,0.0008365181,0.01255889,0.002194506,0.9999184,0.09269192,1.439389,0.2526563,0.3829573,-0.08621737,-0.9197334,0,0,0,1.74109,-0.0973722,-1.096264,0.3460802,0.20824,2.153,0.999675,0.004409665,-0.02511206,-0.004367642,0.9999889,0.001728021,0.02511941,-0.001617779,0.9996831,static,8.579635516699627,5.737274834886334,9.131793773865358,5.524512396302768,0.39914,0.2062806999999999,2.143987,0.1484531133173473,0.0988593905675467,0.9839657025354682,9.258490501175164,5.889612553610816,0.5914275183967195,0.5917318617653801,0.3864585172788619
718,05/15/2023 12:46:19.362843,1084,True,True,True,True,Eyes,1.345411,-0.3028988,-3.231693,0.172704,0.09796377,0.98009,0.0,0.0,0.0,0.0,0.0,0.0,0.0,-1.422292,0.315245,3.204654,1.341913,-0.3036851,-3.240238,0.0008195656,0.01268875,0.002270803,0.9999167,0.09060569,1.454273,0.261386,0.382954,-0.08621633,-0.9197349,0,0,0,1.741578,-0.09727336,-1.096362,0.3460799,0.20824,2.153,0.9996677,0.004562027,-0.02537167,-0.004520429,0.9999883,0.001696622,0.02537911,-0.001581367,0.9996766,static,8.566457511785568,5.736226417958992,9.131785991333285,5.524512396302768,0.3996650000000001,0.2064117399999999,2.143876,0.1482270117560599,0.0988447739002697,0.9840012416694838,9.245611350159416,5.8884589974778905,0.6033232299629474,0.6036713648613645,0.3813310121388257
719,05/15/2023 12:46:19.373111,1085,True,True,True,True,Eyes,1.345372,-0.3028942,-3.231691,0.1726947,0.09800074,0.9800879,0.0,0.0,0.0,0.0,0.0,0.0,0.0,-1.422428,0.3149882,3.204713,1.341864,-0.3036518,-3.240355,0.000776778,0.01271875,0.002289615,0.9999163,0.08566775,1.457702,0.2634819,0.3829496,-0.08621533,-0.9197369,0,0,0,1.741649,-0.09704183,-1.09652,0.3460801,0.20824,2.153,0.999666,0.004598605,-0.02543181,-0.004559087,0.9999883,0.001611668,0.02543893,-0.001495184,0.9996753,static,8.562642935265831,5.733088058299818,9.131791179688037,5.524512396302768,0.399785,0.20660997,2.143835,0.1481622760396096,0.0987918401744428,0.9840162643212548,9.241886270036442,5.8852874417235865,0.6057850329773429,0.6061629573855416,0.3771996319155378
720,05/15/2023 12:46:19.392857,1086,True,True,True,True,Eyes,1.345333,-0.302889,-3.231691,0.1726853,0.09804622,0.9800851,0.0,0.0,0.0,0.0,0.0,0.0,0.0,-1.422388,0.3151283,3.204726,1.341827,-0.3036395,-3.240381,0.0007699478,0.01272512,0.002360675,0.999916,0.08477983,1.458436,0.2716147,0.3829447,-0.08621434,-0.919739,0,0,0,1.74161,-0.09694722,-1.096553,0.3460801,0.20824,2.153,0.999665,0.004740549,-0.02544446,-0.004701358,0.9999876,0.001599846,0.02545174,-0.001479686,0.999675,static,8.562197514977967,5.733622287364904,9.131791179688037,5.524512396302768,0.399783,0.20669228,2.143828,0.148154502320076,0.0988011406905272,0.9840165930384152,9.24145035055248,5.885818672061116,0.6063890311155381,0.6067651023401603,0.3775809299435609
721,05/15/2023 12:46:19.413036,1087,True,True,True,True,Eyes,1.3453,-0.3028849,-3.23169,0.1726191,0.09808563,0.9800928,0.0,0.0,0.0,0.0,0.0,0.0,0.0,-1.422311,0.3147551,3.204802,1.341779,-0.3036231,-3.240407,0.0006625732,0.01273202,0.002482065,0.9999157,0.07229763,1.459206,0.2853678,0.3829393,-0.08621334,-0.9197413,0,0,0,1.741539,-0.09637892,-1.096629,0.3460801,0.2082399,2.153,0.9996635,0.004980584,-0.02545861,-0.004946841,0.9999868,0.001388238,0.02546518,-0.001261831,0.9996749,static,8.558712040875323,5.721338505344822,9.131791179688037,5.52450975976074,0.3997599999999999,0.2072441799999999,2.143778,0.1480977401226548,0.0985910184188431,0.984046193817569,9.238056578099004,5.873495384049349,0.6054747309080855,0.605938325599665,0.364805839947159
722,05/15/2023 12:46:19.922753,1118,True,True,True,True,Eyes,1.352408,-0.3034361,-3.232323,0.3287447,0.0139687,0.9443156,0.0,0.0,0.0,0.0,0.0,0.0,0.0,-1.427927,0.313983,3.20253,1.342165,-0.3035614,-3.240401,0.0004671696,0.0135662,0.002675226,0.9999043,0.04936975,1.554757,0.3072568,0.3839211,-0.08624627,-0.9193286,0,0,0,2.073476,-0.2984748,-1.237501,0.6767254,0.003199982,2.022,0.9996176,0.005362615,-0.02712731,-0.005337264,0.9999853,0.001006835,0.0271323,-0.0008616646,0.9996315,static,17.644096536355296,0.7915326991222603,18.504425406211045,0.0906752275227611,0.7313109999999998,0.0050865999999999,2.0029,0.3030771621481945,0.013164666631834,0.9528751650126104,18.123359583686963,1.010669110172023,1.0893858824681186,1.1096697525859274,0.9957910951640506
723,05/15/2023 12:46:19.942703,1119,True,True,True,True,Eyes,1.352394,-0.3034376,-3.232321,0.3292383,0.0136704,0.9441479,0.0,0.0,0.0,0.0,0.0,0.0,0.0,-1.428604,0.3142267,3.202185,1.342182,-0.303568,-3.240375,0.00051636,0.01366676,0.00264581,0.999903,0.05502117,1.566295,0.3039683,0.3839828,-0.08624944,-0.9193025,0,0,0,2.073896,-0.2987196,-1.237621,0.6767254,0.003199975,2.022,0.9996125,0.005305221,-0.02732813,-0.005276992,0.9999855,0.001104939,0.02733359,-0.0009603006,0.9996259,static,17.662348975963674,0.7802700128762955,18.504425406211045,0.0906750291699164,0.731714,0.0048484,2.0027539999999995,0.3033814234691951,0.0129760391807235,0.9527808401717812,18.14121149414236,0.99953966128917,1.0683454649337285,1.0884089102589871,0.9787539350814924
724,05/15/2023 12:46:19.962906,1120,True,True,True,True,Eyes,1.352381,-0.3034384,-3.232318,0.3297151,0.01338276,0.9439856,0.0,0.0,0.0,0.0,0.0,0.0,0.0,-1.429215,0.3144582,3.201846,1.3422,-0.3035862,-3.240323,0.000550146,0.01375938,0.002643721,0.9999018,0.05886753,1.57692,0.3037873,0.3840382,-0.08625235,-0.9192791,0,0,0,2.074286,-0.2988756,-1.237705,0.6767252,0.003200017,2.022,0.9996074,0.005302061,-0.02751314,-0.005271783,0.9999855,0.001172936,0.02751896,-0.001027432,0.9996207,static,17.680528702143814,0.7668518356489332,18.504420309826298,0.0906762192869849,0.7320859999999998,0.0047105999999999,2.002618,0.3036845931253585,0.0127516129406065,0.95268726385225,18.15899460640384,0.9862520468990638,1.04609904812672,1.0658380952903157,0.9598827947140012
725,05/15/2023 12:46:19.972891,1121,True,True,True,True,Eyes,1.352358,-0.3034395,-3.232314,0.3302359,0.01307003,0.943808,0.0,0.0,0.0,0.0,0.0,0.0,0.0,-1.42952,0.3142361,3.201748,1.342222,-0.3035698,-3.240331,0.0005451262,0.01379738,0.00258086,0.9999015,0.05838019,1.58127,0.296579,0.3840876,-0.08625501,-0.9192582,0,0,0,2.074461,-0.2989272,-1.237769,0.6767255,0.00319999,2.022,0.999606,0.005176254,-0.02758923,-0.005146168,0.9999861,0.001161363,0.02759486,-0.001018927,0.9996187,static,17.707521263641645,0.7498178656859658,18.5044279544033,0.0906754542117266,0.7322389999999999,0.0046425999999999,2.002562,0.3041344965416281,0.0124665024873499,0.9525475896384986,18.185395245335,0.9694147461298348,1.0147882075319354,1.0341803480944551,0.934860745039707
726,05/15/2023 12:46:19.993261,1122,True,True,True,True,Eyes,1.352334,-0.3034413,-3.232311,0.3307448,0.01276418,0.9436339,0.0,0.0,0.0,0.0,0.0,0.0,0.0,-1.429926,0.3136601,3.201585,1.342243,-0.3035753,-3.240284,0.0004858749,0.01385045,0.002508459,0.9999009,0.05169036,1.58733,0.2881922,0.3841316,-0.08625748,-0.9192396,0,0,0,2.074695,-0.2987957,-1.2378,0.6767256,0.003200019,2.022,0.9996037,0.00502988,-0.02769572,-0.005002961,0.9999869,0.00104114,0.02770059,-0.0009021669,0.9996159,static,17.732031193288176,0.7273772378238477,18.50443050259549,0.0906762759592262,0.7324520000000001,0.0047795999999999,2.002484,0.3045433299846058,0.0120917649714094,0.9524217204731767,18.209375045609388,0.9471459049636513,0.9822510801340196,1.0009939100003304,0.9058686152551344
727,05/15/2023 12:46:20.013059,1123,True,True,True,True,Eyes,1.352332,-0.3034436,-3.232309,0.3312773,0.01244148,0.9434514,0.0,0.0,0.0,0.0,0.0,0.0,0.0,-1.43074,0.3136991,3.20126,1.342227,-0.3035931,-3.240331,0.0005285676,0.01397111,0.002416231,0.9998994,0.05669498,1.601166,0.2776992,0.3841707,-0.08625977,-0.9192231,0,0,0,2.075163,-0.299114,-1.238023,0.6767256,0.00320003,2.022,0.999598,0.004846745,-0.02793687,-0.004817205,0.9999878,0.001124544,0.02794197,-0.0009895141,0.9996091,static,17.750280316619534,0.7163021588113254,18.50443050259549,0.0906765876565537,0.7329359999999998,0.0044791,2.002308,0.3048473457290842,0.0119064490154185,0.9523267907370956,18.227223516941223,0.9362042198924996,0.9613461205820194,0.9798723683675864,0.8898093558566633
728,05/15/2023 12:46:20.022908,1124,True,True,True,True,Eyes,1.352328,-0.3034455,-3.232307,0.3318031,0.01213166,0.9432706,0.0,0.0,0.0,0.0,0.0,0.0,0.0,-1.431557,0.3139669,3.200859,1.342228,-0.3035884,-3.240322,0.0005828416,0.01409598,0.002387798,0.9998978,0.06292494,1.615489,0.2745361,0.3842058,-0.08626191,-0.9192082,0,0,0,2.075665,-0.2993665,-1.238197,0.6767257,0.003200009,2.022,0.9995912,0.004791539,-0.02818629,-0.004758676,0.999988,0.001232881,0.02819185,-0.001098247,0.9996019,static,17.76774520698807,0.7048835262988482,18.504433050787597,0.0906759925980195,0.7334369999999999,0.0042219,2.002125,0.3051382949411346,0.011715510139456,0.9522359302982196,18.244305836730646,0.9249124504817472,0.940866293772919,0.9591453871321304,0.8738516093453268
729,05/15/2023 12:46:20.042729,1125,True,True,True,True,Eyes,1.352287,-0.3034476,-3.232303,0.3323267,0.01182369,0.9430903,0.0,0.0,0.0,0.0,0.0,0.0,0.0,-1.43276,0.3140807,3.200277,1.342185,-0.303579,-3.240308,0.0005916251,0.01429288,0.002410946,0.9998947,0.06383938,1.638059,0.2772152,0.3842374,-0.08626389,-0.9191948,0,0,0,2.076411,-0.2993578,-1.238472,0.6767255,0.003200013,2.022,0.9995798,0.004838296,-0.02857989,-0.004804472,0.9999877,0.001252044,0.0285856,-0.001114207,0.9995907,static,17.776856105101356,0.6863966931082625,18.5044279544033,0.0906761059425022,0.7342259999999998,0.0042211999999999,2.001836,0.3052908358750025,0.0114076806789821,0.9521909049578584,18.253230368720708,0.9064795902236984,0.922793215619498,0.9403423918285142,0.8536015182847929
730,05/15/2023 12:46:20.062730,1126,True,True,True,True,Eyes,1.352243,-0.3034497,-3.2323,0.3328398,0.01152427,0.9429129,0.0,0.0,0.0,0.0,0.0,0.0,0.0,-1.433697,0.3145801,3.199799,1.342172,-0.3035861,-3.240304,0.0006468922,0.01444623,0.002459303,0.9998925,0.07004927,1.655651,0.2828573,0.3842648,-0.08626578,-0.9191833,0,0,0,2.077012,-0.2995175,-1.238693,0.6767253,0.003199981,2.022,0.9995705,0.004936768,-0.02888616,-0.004899387,0.9999871,0.001364701,0.02889253,-0.00122259,0.9995818,static,17.79039690404719,0.6727601067360764,18.504422858018707,0.0906751991866405,0.7348399999999999,0.0040686,2.001611,0.305516603695983,0.0111802038725882,0.9521210459584024,18.26647959761128,0.8929367023166105,0.9040989504088356,0.9212252181425408,0.8368037491417429
731,05/15/2023 12:46:20.073217,1127,True,True,True,True,Eyes,1.352194,-0.3034507,-3.232296,0.3333352,0.01124364,0.9427413,0.0,0.0,0.0,0.0,0.0,0.0,0.0,-1.434438,0.3155498,3.199338,1.342075,-0.3035887,-3.240311,0.0007418807,0.0145899,0.002586794,0.9998899,0.08067914,1.672154,0.2976341,0.3842884,-0.08626759,-0.9191732,0,0,0,2.07749,-0.2997206,-1.238911,0.676725,0.003199933,2.022,0.9995609,0.005194665,-0.02917274,-0.00515137,0.9999855,0.00155908,0.02918042,-0.001408116,0.9995731,static,17.804096188671235,0.6617354137376926,18.50441521344125,0.0906738390528478,0.7354150000000002,0.0038680999999999,2.0014000000000003,0.3057448773564386,0.0109961532935946,0.9520499400284732,18.27988097783637,0.8820095046432903,0.8868061446233462,0.903636021048496,0.822573862090289
732,05/15/2023 12:46:20.092882,1128,True,True,True,True,Eyes,1.352146,-0.303451,-3.232293,0.3338091,0.01098018,0.9425768,0.0,0.0,0.0,0.0,0.0,0.0,0.0,-1.434917,0.3159982,3.199032,1.342047,-0.3035594,-3.240279,0.0007418477,0.01468613,0.002758529,0.9998881,0.08035766,1.683197,0.3173192,0.3843086,-0.0862693,-0.9191647,0,0,0,2.077845,-0.2994475,-1.239021,0.6767253,0.003199925,2.022,0.9995534,0.005538231,-0.02936489,-0.005494651,0.9999836,0.001564554,0.02937308,-0.001402505,0.9995675,static,17.821913062071918,0.6391950688922828,18.504422858018707,0.0906736123638824,0.735798,0.0041119,2.001258,0.3060421835272572,0.0106205482870228,0.95195876452178,18.297319052344072,0.859587968343591,0.8595612487021248,0.8756114491230488,0.7963173193875709
733,05/15/2023 12:46:20.113087,1129,True,True,True,True,Eyes,1.352084,-0.3034527,-3.232288,0.3342467,0.01072771,0.9424246,0.0,0.0,0.0,0.0,0.0,0.0,0.0,-1.434731,0.3155863,3.199172,1.342004,-0.3035441,-3.240314,0.0006708194,0.01466547,0.002780643,0.9998884,0.07218871,1.680807,0.3197319,0.3843256,-0.08627091,-0.9191574,0,0,0,2.077718,-0.2991154,-1.239025,0.6767251,0.003199955,2.022,0.9995544,0.005580341,-0.02932393,-0.00554099,0.9999837,0.001423048,0.02933139,-0.00125993,0.9995689,static,17.85071822599194,0.6149818773266631,18.504417761633807,0.0906744624475028,0.735714,0.0044287,2.001289,0.3065220218652073,0.0102165923921972,0.9518087718966718,18.32549890743824,0.835578772629633,0.8226161578594995,0.8379864844946245,0.7660903260807895
734,05/15/2023 12:46:20.123186,1130,True,True,True,True,Eyes,1.352022,-0.3034542,-3.232284,0.3346636,0.01048338,0.9422793,0.0,0.0,0.0,0.0,0.0,0.0,0.0,-1.434283,0.3151269,3.199387,1.341988,-0.3035769,-3.240286,0.0005522277,0.01460708,0.002878832,0.9998891,0.0584549,1.674083,0.3307796,0.3843394,-0.08627246,-0.9191514,0,0,0,2.077466,-0.2985331,-1.238912,0.6767251,0.003200009,2.022,0.9995567,0.005773157,-0.02920774,-0.005740892,0.9999828,0.001188435,0.0292141,-0.00102023,0.9995726,static,17.882642644211874,0.5828924818687488,18.504417761633807,0.0906759925980195,0.7354779999999999,0.0050437999999999,2.001374,0.3070539182199429,0.0096817704323797,0.9516428217859632,18.35673584236272,0.8037103443265102,0.7786605226973198,0.7930204089145881,0.728167519204517
735,05/15/2023 12:46:20.143141,1131,True,True,True,True,Eyes,1.351961,-0.3034551,-3.232281,0.3350482,0.0102286,0.9421455,0.0,0.0,0.0,0.0,0.0,0.0,0.0,-1.433948,0.3153949,3.1995,1.341933,-0.3035741,-3.240299,0.0005854442,0.01456562,0.002899778,0.9998896,0.06223956,1.669345,0.3332326,0.3843504,-0.08627398,-0.9191467,0,0,0,2.077245,-0.2986348,-1.238864,0.6767254,0.003200022,2.022,0.9995589,0.005815969,-0.02912464,-0.00578186,0.9999825,0.001255233,0.02913143,-0.001086285,0.999575,static,17.910683322667275,0.5704632733257357,18.504425406211045,0.0906763609675883,0.735312,0.0049393,2.001435,0.3075202543131216,0.009473831305715,0.951494405374532,18.3841560623704,0.7914905722903428,0.7491402599988554,0.7633643579844828,0.71105926184798
736,05/15/2023 12:46:20.162872,1132,True,True,True,True,Eyes,1.351901,-0.3034567,-3.232279,0.335417,0.009989252,0.9420168,0.0,0.0,0.0,0.0,0.0,0.0,0.0,-1.433656,0.3158036,3.199609,1.341927,-0.3035529,-3.240322,0.0006415554,0.01452355,0.002924687,0.99989,0.0686413,1.664543,0.3361775,0.3843589,-0.08627543,-0.919143,0,0,0,2.077071,-0.2988048,-1.238825,0.6767254,0.003200034,2.022,0.999561,0.005867365,-0.02904014,-0.005830094,0.9999821,0.001367923,0.02904765,-0.001198016,0.9995773,static,17.93786561680744,0.5614167817615905,18.504425406211045,0.0906767010010364,0.735144,0.0047481,2.001497,0.3079720574381248,0.0093221665301387,0.9513497304226624,18.41073372664824,0.7826500309194172,0.7223630102569703,0.7366045198093144,0.6982873478286942
737,05/15/2023 12:46:20.173112,1133,True,True,True,True,Eyes,1.351825,-0.3034574,-3.232275,0.3357757,0.009737717,0.9418917,0.0,0.0,0.0,0.0,0.0,0.0,0.0,-1.433573,0.3155551,3.199661,1.341884,-0.3035703,-3.240328,0.0005847398,0.01452049,0.002960891,0.9998901,0.06207219,1.664176,0.340231,0.384365,-0.08627684,-0.9191403,0,0,0,2.077014,-0.2985424,-1.238827,0.6767253,0.003200042,2.022,0.9995608,0.005938114,-0.02903432,-0.005904151,0.9999818,0.001255338,0.02904125,-0.001083364,0.9995776,static,17.95989147926317,0.538314913496075,18.504422858018707,0.0906769276900018,0.7351300000000001,0.0050279,2.001501,0.3083388574002582,0.008937462388474,0.9512346656608502,18.432286282733468,0.7596996788206211,0.6914213345995375,0.7049072199842498,0.672900532786433
738,05/15/2023 12:46:20.193163,1134,True,True,True,True,Eyes,1.351752,-0.3034578,-3.23227,0.3361288,0.009500114,0.9417682,0.0,0.0,0.0,0.0,0.0,0.0,0.0,-1.433782,0.3163042,3.199493,1.341893,-0.3035496,-3.240326,0.00069274,0.01455478,0.002987438,0.9998894,0.07439078,1.668145,0.3434551,0.3843688,-0.08627822,-0.9191386,0,0,0,2.077162,-0.2989184,-1.238874,0.6767254,0.003199995,2.022,0.9995585,0.005994381,-0.02910221,-0.00595405,0.9999812,0.00147229,0.02911048,-0.001298364,0.9995753,static,17.977408165719304,0.535217861930148,18.504425406211045,0.09067559589233,0.735269,0.0046312,2.001452,0.3086298091403627,0.0088851634112785,0.9511408201038536,18.44941045569253,0.7567380070419208,0.6758352119226609,0.6894671841861423,0.6683305920926871
739,05/15/2023 12:46:20.213173,1135,True,True,True,True,Eyes,1.351703,-0.3034602,-3.232266,0.3364496,0.009275258,0.9416558,0.0,0.0,0.0,0.0,0.0,0.0,0.0,-1.434612,0.3151837,3.199176,1.341882,-0.3035424,-3.240277,0.0005869613,0.01467078,0.002831025,0.9998883,0.06249393,1.681392,0.325364,0.3843704,-0.08627955,-0.9191378,0,0,0,2.077615,-0.298705,-1.238996,0.6767251,0.003200019,2.022,0.9995535,0.005678639,-0.02933495,-0.005644194,0.9999833,0.001256858,0.0293416,-0.001090725,0.9995689,static,17.98330915127051,0.5156263327455058,18.504417761633807,0.0906762759592262,0.7357330000000002,0.0048373999999999,2.001281,0.3087286196874789,0.0085596436427892,0.9511116555438376,18.455198765628865,0.7371740134025795,0.6596403085293607,0.672411135063532,0.6483685943096792
740,05/15/2023 12:46:20.222707,1136,True,True,True,True,Eyes,1.351653,-0.3034637,-3.232263,0.3367514,0.009074694,0.9415499,0.0,0.0,0.0,0.0,0.0,0.0,0.0,-1.435658,0.3162197,3.198623,1.341863,-0.3035849,-3.240299,0.0006747435,0.01485243,0.002984242,0.9998851,0.07223197,1.70225,0.3430803,0.3843707,-0.08628086,-0.9191376,0,0,0,2.078324,-0.2988819,-1.239286,0.6767253,0.003199977,2.022,0.999541,0.005987841,-0.02969742,-0.005947756,0.9999813,0.001437978,0.02970548,-0.001260685,0.9995579,static,17.980935091835242,0.50754090860839,18.504422858018707,0.0906750858421577,0.7364609999999998,0.004703,2.0010129999999995,0.3086895708564007,0.0084255378217166,0.951125558914316,18.45288687022111,0.7290619547481499,0.6568524356970082,0.6691909709001769,0.6404637011024672
741,05/15/2023 12:46:20.243003,1137,True,True,True,True,Eyes,1.351612,-0.3034596,-3.23226,0.3370414,0.008880703,0.9414479,0.0,0.0,0.0,0.0,0.0,0.0,0.0,-1.434815,0.3171933,3.198898,1.341806,-0.3036259,-3.240312,0.0006277375,0.01477312,0.003429963,0.9998848,0.06611864,1.693174,0.3940656,0.3843699,-0.0862822,-0.9191379,0,0,0,2.077943,-0.2981051,-1.239181,0.6767253,0.003200006,2.022,0.99954,0.006877684,-0.02953853,-0.006840589,0.9999757,0.001356673,0.02954714,-0.001153988,0.9995627,static,18.007891884443495,0.4730734306357636,18.504422858018707,0.0906759075896574,0.7361369999999998,0.0055207999999999,2.001131,0.3091384464637142,0.0078521623858341,0.9509845871926697,18.479270926858145,0.6947738784525109,0.6156046647734815,0.6267143474912192,0.6046213509641571
742,05/15/2023 12:46:20.262850,1138,True,True,True,True,Eyes,1.351575,-0.3034568,-3.232258,0.3373184,0.008697078,0.9413505,0.0,0.0,0.0,0.0,0.0,0.0,0.0,-1.43486,0.3160326,3.198999,1.34183,-0.3034369,-3.240326,0.0005600447,0.01475694,0.003236918,0.9998857,0.05869538,1.691282,0.3718309,0.3843681,-0.08628334,-0.9191386,0,0,0,2.077903,-0.2979167,-1.239172,0.6767251,0.003200018,2.022,0.9995435,0.006489625,-0.02950688,-0.006456566,0.9999784,0.001215495,0.02951413,-0.001024427,0.9995639,static,18.026305611228683,0.4617356638150006,18.504417761633807,0.0906762476231055,0.736073,0.0055202,2.001154,0.3094445404521536,0.0076631786194925,0.9508866694156296,18.497280559458986,0.6835705501560326,0.5943516712543786,0.6052076657724043,0.5929372594388805
743,05/15/2023 12:46:20.272753,1139,True,True,True,True,Eyes,1.351533,-0.3034545,-3.232249,0.3375916,0.008544795,0.9412538,0.0,0.0,0.0,0.0,0.0,0.0,0.0,-1.434911,0.3147874,3.199122,1.34187,-0.3034621,-3.24033,0.0004525884,0.01473776,0.003028547,0.9998868,0.04674225,1.689033,0.3477731,0.3843656,-0.08628432,-0.9191395,0,0,0,2.077868,-0.2978042,-1.239148,0.6767254,0.003199992,2.022,0.9995473,0.006069747,-0.02946944,-0.006043067,0.9999813,0.0009943423,0.02947492,-0.0008158063,0.9995652,static,18.04482812092683,0.4483639477445109,18.504425406211045,0.0906755108839679,0.7359980000000002,0.0056578999999999,2.001182,0.3097524021200326,0.0074404744467178,0.950788045069704,18.515398661283065,0.670332150478068,0.5718788416393281,0.5823836214252237,0.5797604955086195
744,05/15/2023 12:46:20.292922,1140,True,True,True,True,Eyes,1.35149,-0.3034609,-3.232242,0.3378505,0.008364376,0.9411626,0.0,0.0,0.0,0.0,0.0,0.0,0.0,-1.435491,0.312148,3.198967,1.341864,-0.3034772,-3.24018,8.406088e-05,0.01481851,0.002926725,0.999886,0.004661766,1.698159,0.3354844,0.3843625,-0.0862852,-0.9191407,0,0,0,2.078182,-0.2964793,-1.239121,0.6767253,0.003200059,2.022,0.9995437,0.005855273,-0.02963315,-0.005850291,0.9999828,0.000254842,0.02963413,-8.136317e-05,0.9995608,static,18.050945263316788,0.3993906893726227,18.504422858018707,0.0906774094040533,0.736318,0.0069979,2.001059,0.3098557048547147,0.006627556778765,0.950760474796366,18.521429218377374,0.6213595097972634,0.5402998365677849,0.548585287923027,0.5309545253318763
745,05/15/2023 12:46:20.313134,1141,True,True,True,True,Eyes,1.351457,-0.3034689,-3.232235,0.3380825,0.008139086,0.9410813,0.0,0.0,0.0,0.0,0.0,0.0,0.0,-1.435053,0.3158621,3.198819,1.341798,-0.3036856,-3.240208,0.000578184,0.01477412,0.003043803,0.9998861,0.06109435,1.693246,0.3497356,0.3843587,-0.08628622,-0.9191422,0,0,0,2.077942,-0.298511,-1.239079,0.676725,0.003199997,2.022,0.999545,0.006103996,-0.02954136,-0.006069827,0.9999808,0.001246175,0.0295484,-0.001066297,0.9995628,static,18.070420847538543,0.4375266977514259,18.50441521344125,0.0906756525645713,0.7361440000000001,0.0051745999999999,2.001129,0.3101775127391211,0.0072595793764658,0.9506509579415068,18.540424561120957,0.6596865470253769,0.5451789446498586,0.555568859082744,0.5701491656885975
746,05/15/2023 12:46:20.322833,1142,True,True,True,True,Eyes,1.351425,-0.3034717,-3.232232,0.3382929,0.007905483,0.9410077,0.0,0.0,0.0,0.0,0.0,0.0,0.0,-1.434096,0.3198837,3.198851,1.341804,-0.3037229,-3.240204,0.001133276,0.01464084,0.003192438,0.9998871,0.1244933,1.678186,0.3676898,0.3843545,-0.08628742,-0.9191438,0,0,0,2.07742,-0.3005736,-1.238877,0.676725,0.003199984,2.022,0.9995509,0.006417339,-0.02927114,-0.00635097,0.9999771,0.002359775,0.02928561,-0.002172816,0.9995688,static,18.098841822028497,0.4808663353012963,18.50441521344125,0.0906752841950025,0.735616,0.0031493,2.001327,0.3106473423146366,0.0079773806168318,0.9504918013441837,18.56815769304712,0.703292959562784,0.5497195975851902,0.5627955509645357,0.6159249303927621
747,05/15/2023 12:46:20.343157,1143,True,True,True,True,Eyes,1.351407,-0.3034715,-3.232229,0.3384864,0.007643321,0.9409403,0.0,0.0,0.0,0.0,0.0,0.0,0.0,-1.433095,0.3207769,3.199285,1.341792,-0.303596,-3.240295,0.001330702,0.01447781,0.003102772,0.9998896,0.1473229,1.659562,0.3577233,0.38435,-0.08628862,-0.9191456,0,0,0,2.076759,-0.3013702,-1.238728,0.6767253,0.003200001,2.022,0.9995615,0.006243389,-0.02894416,-0.006166326,0.9999772,0.002750952,0.02896068,-0.002571267,0.9995773,static,18.129228639374997,0.4910200553531418,18.504422858018707,0.090675765909054,0.7349669999999999,0.0022258,2.001567,0.3111509787621574,0.0081444110387703,0.9503256539150896,18.59784723548289,0.7136966544986125,0.5344784694541682,0.548676819078552,0.6299866204321276
748,05/15/2023 12:46:20.363029,1144,True,True,True,True,Eyes,1.35139,-0.3034738,-3.232228,0.3386573,0.007406258,0.9408807,0.0,0.0,0.0,0.0,0.0,0.0,0.0,-1.432359,0.318847,3.19981,1.341802,-0.3035208,-3.2403,0.001108749,0.01434496,0.002950091,0.9998922,0.1221902,1.644238,0.3398444,0.3843456,-0.08628971,-0.9191473,0,0,0,2.076236,-0.3006191,-1.238538,0.6767256,0.00319998,2.022,0.999571,0.005931356,-0.02868028,-0.005867736,0.9999802,0.002301896,0.02869337,-0.002132621,0.999586,static,18.154485280051222,0.4573452357937465,18.50443050259549,0.0906751708505198,0.7344340000000003,0.0029017,2.0017620000000003,0.3115712343892068,0.0075847695098013,0.9501925848510984,18.622568718420403,0.6801885761905497,0.493938557317205,0.5068615149200267,0.6012343079980486
749,05/15/2023 12:46:20.372974,1145,True,True,True,True,Eyes,1.351396,-0.3034774,-3.232226,0.3387931,0.007222073,0.9408332,2.113837,2.067549,-0.2882111,-1.243458,-0.5251238,0.7785635,-0.3436334,0.6690547,0.01493124,2.016597,1.341788,-0.3035868,-3.240345,0.000901014,0.01414949,0.002911236,0.9998953,0.09851752,1.621762,0.3350314,0.3843412,-0.08629078,-0.919149,0,0,0,2.075438,-0.2999066,-1.238296,0.6767255,0.003200019,2.022,0.9995826,0.00584736,-0.02829078,-0.005796364,0.9999814,0.001884224,0.02830127,-0.001719454,0.999598,static,18.184911848805744,0.4240222440423472,18.5044279544033,0.0906762759592262,0.7336500000000001,0.0036801999999999,2.002049,0.3120770353511243,0.0070309113533035,0.9500308013218636,18.65234294729571,0.6470735154193566,0.4499850444516479,0.4617467662837527,0.5757227919764993
750,05/15/2023 12:46:20.398191,1146,True,True,True,True,Eyes,1.351404,-0.3034834,-3.232224,0.3389208,0.007048693,0.9407884,2.111778,2.067129,-0.2885982,-1.245488,-0.5125653,0.7012915,-0.4954464,0.6693012,0.01376157,2.014336,1.341811,-0.3036178,-3.240329,0.0006713464,0.01399108,0.002831995,0.9998979,0.07238237,1.603524,0.325568,0.3843374,-0.08629184,-0.9191505,0,0,0,2.074825,-0.299127,-1.23805,0.6767256,0.003199983,2.022,0.9995925,0.005682198,-0.0279755,-0.005644626,0.9999831,0.001421801,0.02798311,-0.00126331,0.9996076,static,18.21057691908204,0.3904391279611336,18.50443050259549,0.0906752558588818,0.733014,0.0044908,2.002279,0.3125037023936916,0.0064731063796888,0.949894384236606,18.677463534951837,0.6136604568843692,0.4092855916760584,0.4197717326850786,0.5508665453429723
751,05/15/2023 12:46:20.413099,1147,True,True,True,True,Eyes,1.351416,-0.3034886,-3.232221,0.3390515,0.006909731,0.9407424,2.111161,2.067209,-0.2889011,-1.246163,-0.5001069,0.6734068,-0.5444413,0.6695063,0.01334037,2.013609,1.341845,-0.3036841,-3.24032,0.0006233308,0.01395569,0.002825103,0.9998986,0.06690328,1.599452,0.3246989,0.3843342,-0.08629296,-0.9191518,0,0,0,2.074716,-0.2990102,-1.237989,0.6767256,0.003199987,2.022,0.9995945,0.005667031,-0.02790503,-0.005632235,0.9999833,0.001325387,0.02791207,-0.001167682,0.9996097,static,18.22249449792837,0.3768173965625958,18.50443050259549,0.0906753692033645,0.732871,0.0046739,2.002331,0.3127017435020282,0.0062468462370475,0.9498307868854248,18.689126203710572,0.6001196135649465,0.3917066033278976,0.4017028386119636,0.5418910777301432
752,05/15/2023 12:46:20.422728,1148,True,True,True,True,Eyes,1.351429,-0.3034939,-3.23222,0.3391788,0.006783545,0.9406975,2.110798,2.067367,-0.2891752,-1.246597,-0.4999074,0.6499789,-0.5723809,0.6695186,0.01299149,2.013187,1.341894,-0.3036678,-3.240294,0.0006270134,0.0139829,0.002877006,0.9998979,0.06723323,1.602576,0.3306536,0.3843316,-0.08629411,-0.9191528,0,0,0,2.074874,-0.2989352,-1.238002,0.6767256,0.0032,2.022,0.9995924,0.005770958,-0.02795934,-0.005735889,0.9999827,0.001334356,0.02796656,-0.001173441,0.9996082,static,18.227100747430843,0.3675565338783116,18.50443050259549,0.0906757375729334,0.73298,0.0047325999999999,2.002292,0.3127784209790555,0.0060931610842735,0.9498066087979736,18.69363814073929,0.5908861217177224,0.382290831873966,0.391886167735458,0.5347989890961213
753,05/15/2023 12:46:20.443002,1149,True,True,True,True,Eyes,1.35145,-0.3034987,-3.232216,0.3393174,0.006647599,0.9406484,2.110125,2.067452,-0.2894714,-1.24733,-0.5025616,0.6057198,-0.6168755,0.6694994,0.01231979,2.012528,1.34192,-0.303676,-3.240332,0.0005133822,0.01400612,0.002824993,0.9998978,0.0542892,1.605196,0.3245131,0.3843296,-0.08629528,-0.9191535,0,0,0,2.074992,-0.2985591,-1.238075,0.6767256,0.003199985,2.022,0.9995917,0.00566379,-0.02800648,-0.005635028,0.9999835,0.001105794,0.02801228,-0.0009475251,0.9996072,static,18.23272744977086,0.3484108654342661,18.50443050259549,0.0906753125311232,0.733072,0.0051168999999999,2.002257,0.3128722592955771,0.0057755897182058,0.949777601791321,18.6991578946927,0.5717662561295873,0.3658044179894478,0.3744998853731636,0.5190060242862709
754,05/15/2023 12:46:20.462959,1150,True,True,True,True,Eyes,1.351471,-0.3035007,-3.232211,0.3394527,0.006519103,0.9406006,2.109761,2.067635,-0.2897469,-1.247769,-0.4897024,0.5864972,-0.6451454,0.669165,0.01236197,2.012194,1.341956,-0.3036669,-3.240268,0.0005870415,0.0141288,0.002802241,0.9998961,0.06272608,1.619278,0.3220321,0.3843284,-0.08629647,-0.9191539,0,0,0,2.07552,-0.298877,-1.238191,0.6767256,0.003199985,2.022,0.9995851,0.005620488,-0.02825138,-0.005587311,0.9999836,0.001253146,0.02825795,-0.001094777,0.9996001,static,18.22687464563196,0.3499366256596536,18.50443050259549,0.0906753125311232,0.7335640000000001,0.0047899,2.002077,0.3127752257905778,0.0058010777559729,0.9498095222675426,18.6934357224904,0.5732472605820518,0.3711401652798251,0.3798074278103179,0.5182650462776646
755,05/15/2023 12:46:20.473039,1151,True,True,True,True,Eyes,1.351496,-0.3035071,-3.232205,0.339597,0.006397626,0.9405493,2.109904,2.068013,-0.2900088,-1.247736,-0.5083243,0.5799692,-0.6365864,0.669427,0.01192324,2.012238,1.341945,-0.3035983,-3.240227,0.0005301529,0.01415939,0.002715372,0.999896,0.05633892,1.62276,0.3119883,0.3843278,-0.08629758,-0.919154,0,0,0,2.075633,-0.2987017,-1.238195,0.6767256,0.003200026,2.022,0.9995843,0.005445193,-0.02831295,-0.005415166,0.9999847,0.001137091,0.02831871,-0.0009832992,0.9995984,static,18.23202692054504,0.3395087899963845,18.50443050259549,0.090676474312071,0.7336879999999999,0.0048965999999999,2.002032,0.3128609313908254,0.0056280447404536,0.9497822910960124,18.69848257805614,0.5628499728896454,0.3607267505843544,0.3689461110280669,0.5104938988367761
756,05/15/2023 12:46:20.493349,1152,True,True,True,True,Eyes,1.351522,-0.3035136,-3.232201,0.3397345,0.006242052,0.9405006,2.109322,2.068131,-0.2903471,-1.248382,-0.5015327,0.5348018,-0.6800383,0.6695386,0.01125302,2.011585,1.341951,-0.3037117,-3.240207,0.0004248168,0.01416365,0.002731302,0.9998959,0.04424236,1.623216,0.3136427,0.3843279,-0.08629875,-0.9191539,0,0,0,2.075654,-0.2983687,-1.238182,0.6767256,0.003199959,2.022,0.9995839,0.005474069,-0.02832203,-0.005450002,0.9999847,0.0009269156,0.02832667,-0.0007721747,0.9995984,static,18.23980173253777,0.3174515131534052,18.50443050259549,0.0906745757919855,0.7337030000000002,0.0053429999999999,2.002025,0.3129904079084094,0.0052621678080849,0.9497416419485182,18.706104975908424,0.540832634160641,0.341283060385354,0.3485056172592982,0.4932695720397592
757,05/15/2023 12:46:20.513011,1153,True,True,True,True,Eyes,1.351562,-0.303518,-3.232196,0.339889,0.006086837,0.9404458,2.110519,2.068905,-0.2906716,-1.247367,-0.4475563,0.6516923,-0.6123646,0.6703306,0.01298942,2.012615,1.341973,-0.30371,-3.240237,0.0009293411,0.01414703,0.002699158,0.9998959,0.1021079,1.621468,0.3107771,0.3843288,-0.08629997,-0.9191534,0,0,0,2.075615,-0.3004429,-1.238186,0.6767256,0.003199985,2.022,0.9995852,0.005424049,-0.02828611,-0.005371459,0.9999837,0.001934859,0.02829614,-0.001782118,0.999598,static,18.25129563144669,0.3668539738330426,18.50443050259549,0.0906753125311232,0.7336419999999999,0.0032670999999999,2.002051,0.3131794739272167,0.0060806677775893,0.9496744322310436,18.717287097348063,0.5903740379389816,0.3646038875247246,0.3746357109914098,0.5431452348165274
758,05/15/2023 12:46:20.522933,1154,True,True,True,True,Eyes,1.3516,-0.3035226,-3.232192,0.340038,0.005946469,0.9403929,2.108928,2.068716,-0.2909819,-1.248971,-0.4083586,0.5391603,-0.7365795,0.6709442,0.01132185,2.010754,1.341997,-0.3036659,-3.240238,0.000621381,0.0139518,0.002753713,0.9998987,0.0667953,1.599001,0.3165156,0.3843305,-0.08630116,-0.9191526,0,0,0,2.074853,-0.2990848,-1.237901,0.6767253,0.003199997,2.022,0.9995955,0.005524206,-0.02789736,-0.005489529,0.9999841,0.001319475,0.0279042,-0.001165798,0.9996099,static,18.282549896868503,0.3210525890448997,18.504422858018707,0.0906756525645713,0.732856,0.0045811,2.0023370000000003,0.3136988437955383,0.0053205502290214,0.949507627907528,18.747883476343212,0.5447749663581114,0.3116507306621884,0.3198454998145506,0.5152467947136752
759,05/15/2023 12:46:20.542741,1155,True,True,True,True,Eyes,1.351623,-0.303532,-3.232189,0.3401504,0.005793053,0.9403532,2.108448,2.068812,-0.2913177,-1.249503,-0.4048719,0.4881106,-0.7731926,0.6710204,0.01053464,2.010242,1.341986,-0.303674,-3.240238,0.0004196049,0.01396092,0.002504115,0.9998994,0.04407225,1.599971,0.2875941,0.384333,-0.08630234,-0.9191514,0,0,0,2.07488,-0.2986326,-1.237916,0.6767253,0.003199982,2.022,0.9995977,0.005019441,-0.02791693,-0.004996009,0.9999871,0.0009090449,0.02792114,-0.0007692059,0.9996098,static,18.28806562619008,0.2986060712358555,18.504422858018707,0.0906752275227611,0.7328939999999999,0.0050413999999999,2.0023220000000004,0.3137908466784811,0.0049484068924637,0.9494792323392276,18.75329824440151,0.5223501587087218,0.2929687387347311,0.3000761362251017,0.4982792431574823
760,05/15/2023 12:46:20.563457,1156,True,True,True,True,Eyes,1.351644,-0.3035353,-3.232184,0.3402558,0.005651122,0.9403159,2.108224,2.06898,-0.2916215,-1.249788,-0.3934105,0.4675068,-0.7916221,0.6713212,0.01125327,2.009943,1.341983,-0.3038005,-3.240265,0.0006593555,0.01393092,0.002548295,0.9998996,0.07148099,1.596606,0.2930378,0.3843358,-0.08630365,-0.9191501,0,0,0,2.074759,-0.2996621,-1.237898,0.6767254,0.003200003,2.022,0.9995989,0.005114449,-0.02785568,-0.005077708,0.9999862,0.001389579,0.0278624,-0.001247578,0.999611,static,18.29800421630215,0.3156147492934728,18.504425406211045,0.0906758225812954,0.7327759999999999,0.0041383999999999,2.002367,0.3139550806336949,0.0052299674005918,0.9494233993280278,18.7629943478146,0.5394539313350355,0.297091662435517,0.3052985889155569,0.5179379195024892
761,05/15/2023 12:46:20.582996,1157,True,True,True,True,Eyes,1.351657,-0.3035376,-3.232177,0.3403517,0.005554599,0.9402817,2.108382,2.069249,-0.2918264,-1.249703,-0.3583333,0.4935601,-0.7924618,0.6717185,0.01062034,2.009953,1.341983,-0.3036579,-3.240224,0.0006074932,0.0138984,0.002602805,0.9998999,0.0654613,1.592867,0.2991987,0.384339,-0.08630492,-0.9191487,0,0,0,2.074627,-0.2992342,-1.237809,0.6767254,0.003199994,2.022,0.9996001,0.005221976,-0.02779085,-0.005188203,0.9999858,0.001287214,0.02779717,-0.001142515,0.9996129,static,18.30753614536191,0.3016960396312056,18.504425406211045,0.0906755675562093,0.7326440000000001,0.0044236999999999,2.002415,0.3141133766473636,0.0049990503201452,0.9493722161117412,18.772325582104155,0.5255969716952462,0.2809633036695469,0.2886087674906503,0.510810270082573
762,05/15/2023 12:46:20.593102,1158,True,True,True,True,Eyes,1.35167,-0.3035432,-3.232169,0.3404521,0.005463901,0.940246,2.107589,2.069203,-0.2920275,-1.250517,-0.3797515,0.3772596,-0.844668,0.6714115,0.008885409,2.009166,1.341996,-0.3036423,-3.240154,0.00023498,0.01396506,0.002623175,0.999899,0.0227262,1.600395,0.3009407,0.3843422,-0.08630612,-0.9191473,0,0,0,2.074903,-0.29769,-1.237839,0.6767253,0.003199994,2.022,0.9995962,0.005252382,-0.02792607,-0.005239256,0.9999862,0.0005431781,0.02792853,-0.0003966469,0.9996098,static,18.30580835425595,0.2529166143199309,18.504422858018707,0.0906755675562093,0.732907,0.0059522999999999,2.0023150000000003,0.3140859483410037,0.0041908301418771,0.9493853175197108,18.77068825265629,0.4767563710833935,0.2514029378015252,0.2564563868573243,0.4689942933914052
763,05/15/2023 12:46:20.612832,1159,True,True,True,True,Eyes,1.35168,-0.3035499,-3.232161,0.3405661,0.005338412,0.9402054,2.107521,2.069431,-0.292299,-1.250659,-0.3953402,0.3584416,-0.8457102,0.6711873,0.008598088,2.009159,1.342004,-0.3037294,-3.240133,0.0002257726,0.01407665,0.002670363,0.9998974,0.02156151,1.613182,0.3063353,0.3843454,-0.08630738,-0.9191458,0,0,0,2.075357,-0.2976723,-1.237981,0.6767255,0.003199997,2.022,0.9995894,0.005346532,-0.0281492,-0.00533382,0.9999856,0.0005266783,0.02815162,-0.0003763193,0.9996036,static,18.299931764673996,0.2424178542261749,18.5044279544033,0.0906756525645713,0.7333529999999999,0.0060570999999999,2.002152,0.3139887858504736,0.004017002501854,0.9494181730681678,18.76495550868823,0.4662009521839918,0.2502067466982728,0.2546456113482345,0.4570490752599145
764,05/15/2023 12:46:20.633265,1160,True,True,True,True,Eyes,1.351689,-0.3035529,-3.232155,0.340676,0.005217284,0.9401663,2.107776,2.069757,-0.292556,-1.250495,-0.377591,0.405968,-0.8322349,0.6714511,0.009304456,2.009363,1.341989,-0.3037594,-3.240143,0.0004723021,0.01409516,0.002706802,0.999897,0.04974427,1.61538,0.3109092,0.3843487,-0.0863087,-0.9191443,0,0,0,2.075419,-0.2986428,-1.238017,0.6767257,0.003200009,2.022,0.9995881,0.00542636,-0.02818485,-0.005399732,0.9999849,0.001020813,0.02818996,-0.0008682014,0.9996023,static,18.30458631947599,0.2617590846213734,18.504433050787597,0.0906759925980195,0.73343,0.0051166,2.0021260000000005,0.3140655032565781,0.0043373798403705,0.9493914237469911,18.76948450723621,0.485597801178088,0.2575910872951031,0.2630744008682774,0.4756211827260068
765,05/15/2023 12:46:20.642676,1161,True,True,True,True,Eyes,1.351681,-0.3035565,-3.232146,0.3407957,0.005089566,0.9401237,2.107555,2.069927,-0.29283,-1.250784,-0.3651162,0.3835326,-0.8482882,0.6716316,0.00897884,2.0091,1.341961,-0.303674,-3.240155,0.0004533621,0.01410046,0.002627756,0.9998971,0.04770022,1.615979,0.3018216,0.3843519,-0.08630998,-0.9191428,0,0,0,2.075413,-0.2985927,-1.238038,0.6767257,0.003200007,2.022,0.9995885,0.005267756,-0.02819564,-0.005242185,0.9999858,0.0009807359,0.0282004,-0.0008325257,0.999602,static,18.311178352970952,0.2549862092496132,18.504433050787597,0.0906759359257781,0.7334520000000002,0.0050813,2.002117,0.3141749067999498,0.0042249924938994,0.9493558139590854,18.77593473789009,0.478870410040753,0.2484153919855426,0.2536636437252188,0.4737173374839724
766,05/15/2023 12:46:20.662860,1162,True,True,True,True,Eyes,1.351673,-0.3035617,-3.232138,0.3409154,0.004974949,0.9400808,2.107472,2.070142,-0.2930771,-1.250944,-0.3515478,0.3678979,-0.8608516,0.6717893,0.008522661,2.008925,1.341966,-0.3036957,-3.240115,0.0003848425,0.01411444,0.002596055,0.999897,0.03989631,1.617559,0.2980793,0.3843547,-0.08631127,-0.9191416,0,0,0,2.075473,-0.2983831,-1.238018,0.6767256,0.003199993,2.022,0.9995881,0.00520244,-0.02822397,-0.005180712,0.9999862,0.0008428895,0.02822797,-0.0006963219,0.9996012,static,18.31678385266066,0.2414804836356988,18.50443050259549,0.0906755392200886,0.7335070000000001,0.0053126,2.002097,0.3142680408581258,0.0040010804208528,0.9493258452470436,18.78142782262072,0.4653958145798146,0.2360802033334042,0.2407351168649062,0.4659858367663431
767,05/15/2023 12:46:20.672965,1163,True,True,True,True,Eyes,1.351668,-0.3035676,-3.232131,0.3410099,0.004831409,0.9400473,2.107189,2.07024,-0.293387,-1.251273,-0.365512,0.3076641,-0.8784894,0.671643,0.007834333,2.008672,1.341957,-0.3037399,-3.240098,0.0002733812,0.01417922,0.002579553,0.9998962,0.02713262,1.624949,0.2960098,0.384357,-0.0863126,-0.9191405,0,0,0,2.075723,-0.2980013,-1.238098,0.6767256,0.003200023,2.022,0.9995846,0.005166323,-0.02835408,-0.005150818,0.9999866,0.0006198576,0.02835691,-0.0004735535,0.9995977,static,18.3150072240603,0.2207453633637578,18.50443050259549,0.0906763893037089,0.7337659999999999,0.0057385999999999,2.002,0.3142390252281615,0.0036575599331703,0.9493368621976164,18.779713194798617,0.4446264558209747,0.2261673567100428,0.2297805833051484,0.4483984948839354
768,05/15/2023 12:46:20.702351,1164,True,True,True,True,Eyes,1.351664,-0.3035721,-3.232124,0.3411117,0.004694587,0.9400111,2.10724,2.070468,-0.2936794,-1.251295,-0.3751913,0.3294781,-0.8664154,0.6714855,0.008169066,2.008818,1.341945,-0.3037623,-3.240129,0.000406501,0.01427786,0.002527618,0.9998948,0.0424412,1.636291,0.2902796,0.3843591,-0.08631399,-0.9191395,0,0,0,2.076107,-0.2986317,-1.238273,0.6767255,0.003199983,2.022,0.9995795,0.005066312,-0.02855066,-0.005043096,0.9999869,0.0008850945,0.02855476,-0.0007407386,0.9995919,static,18.30989225586716,0.229713419308033,18.5044279544033,0.0906752558588818,0.734162,0.0051305999999999,2.001856,0.3141541117791208,0.0038062649269033,0.949364421888022,18.774704341932274,0.4535628363332531,0.2351451675267107,0.2391145100161354,0.4524784212736061
769,05/15/2023 12:46:20.713154,1165,True,True,True,True,Eyes,1.351647,-0.303578,-3.232118,0.3412311,0.00455868,0.9399684,2.107149,2.070671,-0.2939722,-1.251465,-0.4006468,0.3044949,-0.8641557,0.6711072,0.007792915,2.008848,1.341938,-0.3037284,-3.240125,0.0003908955,0.0144249,0.002518644,0.9998927,0.04062528,1.653137,0.2892318,0.3843609,-0.08631537,-0.9191386,0,0,0,2.076689,-0.298546,-1.238484,0.6767253,0.003199991,2.022,0.9995711,0.005048024,-0.02884474,-0.00502547,0.999987,0.0008543695,0.02884868,-0.0007090448,0.9995835,static,18.30025731172867,0.2200804963906836,18.504422858018707,0.0906754825478473,0.7347509999999999,0.0051824,2.001641,0.3139946377527058,0.0036468543405281,0.9494177721556928,18.76529724827692,0.4438444038791773,0.2383338264797429,0.2417213848619379,0.4390714457658657
770,05/15/2023 12:46:20.722755,1166,True,True,True,True,Eyes,1.351628,-0.3035823,-3.232114,0.3413547,0.004433197,0.9399241,2.106888,2.070824,-0.2942421,-1.251799,-0.4356194,0.236936,-0.8683876,0.670589,0.00678359,2.008779,1.341895,-0.3037771,-3.24014,0.000224963,0.01460453,0.002608295,0.9998899,0.0214109,1.673677,0.2992336,0.3843622,-0.08631682,-0.919138,0,0,0,2.077362,-0.2977985,-1.238764,0.676725,0.003200002,2.022,0.9995598,0.005222587,-0.02920467,-0.005209445,0.9999863,0.0005260624,0.02920701,-0.0003736907,0.9995733,static,18.287117243308945,0.1900411728225263,18.50441521344125,0.0906757942451747,0.7354669999999999,0.0059786,2.001376,0.3137774166613983,0.0031493263881959,0.9494913442181244,18.752485738844783,0.413671995920551,0.2369388227149804,0.2389390848803098,0.4072659227957915
771,05/15/2023 12:46:20.742883,1167,True,True,True,True,Eyes,1.351608,-0.3035863,-3.23211,0.3414674,0.004300111,0.9398838,2.106758,2.070997,-0.294527,-1.252002,-0.4520998,0.1982569,-0.8696551,0.6703506,0.006202295,2.008769,1.341836,-0.3037435,-3.240166,0.0001735169,0.01472243,0.002649043,0.9998881,0.01541224,1.687173,0.3038181,0.384363,-0.08631827,-0.9191375,0,0,0,2.077774,-0.297499,-1.238965,0.676725,0.003199976,2.022,0.9995525,0.005302601,-0.02944064,-0.005292383,0.9999859,0.0004249956,0.02944248,-0.0002689943,0.9995664,static,18.28041510638713,0.1745257621865112,18.50441521344125,0.0906750575060371,0.7359379999999998,0.0062444999999999,2.001201,0.3136665974690392,0.0028923203545936,0.9495287956849832,18.7459513888126,0.3980885163700126,0.2377662968551928,0.239179824892624,0.3909510950281781
772,05/15/2023 12:46:20.763031,1168,True,True,True,True,Eyes,1.351588,-0.3035918,-3.232108,0.3415816,0.004175961,0.9398429,2.106669,2.071187,-0.2947944,-1.252169,-0.4390754,0.1802815,-0.880177,0.670216,0.005419801,2.008741,1.341796,-0.3037423,-3.240175,9.507819e-05,0.01481421,0.002791988,0.9998864,0.006154286,1.69767,0.320065,0.3843632,-0.08631972,-0.9191372,0,0,0,2.078098,-0.2969792,-1.23911,0.676725,0.003200014,2.022,0.9995455,0.005586159,-0.02962453,-0.005580525,0.9999844,0.000272857,0.02962559,-0.0001074126,0.9995611,static,18.27681634107746,0.1524264772904096,18.50441521344125,0.0906761342786229,0.7363019999999998,0.0067631,2.001065,0.3136072789285582,0.0025261340988046,0.9495494710855164,18.742457232407105,0.3759392674509639,0.2350584187344902,0.2358269525803645,0.3715360789218753
773,05/15/2023 12:46:20.773223,1169,True,True,True,True,Eyes,1.351578,-0.3035965,-3.232105,0.341661,0.004034284,0.9398146,2.106531,2.071297,-0.2950982,-1.252356,-0.4739634,0.1154823,-0.8729391,0.6700203,0.004969766,2.008702,1.341778,-0.3037865,-3.240209,9.018906e-05,0.01489588,0.002914183,0.9998849,0.005359375,1.707027,0.3340581,0.3843629,-0.0863212,-0.9191372,0,0,0,2.078405,-0.2968301,-1.239264,0.6767253,0.003199989,2.022,0.9995393,0.005830382,-0.02978779,-0.005825007,0.999983,0.0002671759,0.02978884,-9.353871e-05,0.9995562,static,18.272269943396758,0.1384843023990846,18.504422858018707,0.0906754258756059,0.7366270000000001,0.0069564,2.000945,0.3135320892178904,0.0022951335181462,0.9495748301920978,18.73802825554967,0.3619475886243158,0.2365720100701562,0.2370246072497638,0.3579945083907869
774,05/15/2023 12:46:20.793100,1170,True,True,True,True,Eyes,1.351565,-0.3036003,-3.232102,0.341735,0.003904247,0.9397882,2.10646,2.071417,-0.2953762,-1.252475,-0.4668572,0.07855143,-0.8808371,0.6701221,0.00441827,2.008575,1.341732,-0.3037706,-3.240175,4.648668e-05,0.01491225,0.002972889,0.9998843,0.0002462383,1.70889,0.34071,0.3843625,-0.08632269,-0.9191372,0,0,0,2.078424,-0.2965553,-1.239254,0.6767251,0.003200023,2.022,0.9995376,0.005946476,-0.02982078,-0.005943703,0.9999823,0.0001816276,0.02982133,-4.297679e-06,0.9995552,static,18.27484801155724,0.1233149170839025,18.504417761633807,0.0906763893037089,0.7366920000000001,0.0072152999999999,2.000921,0.3135749738677387,0.0020436975025057,0.949561200393762,18.740564065476384,0.3467837932541346,0.23166732008074,0.2318782949003123,0.3483619944493622
775,05/15/2023 12:46:20.813305,1171,True,True,True,True,Eyes,1.351547,-0.3036045,-3.232099,0.3417997,0.0037505,0.9397653,2.106356,2.071498,-0.2957046,-1.252619,-0.449484,0.0343756,-0.8926267,0.6703796,0.003756364,2.008398,1.341673,-0.3037549,-3.240174,-1.290668e-05,0.01488372,0.003029508,0.9998848,359.9933,1.705599,0.347096,0.3843618,-0.08632415,-0.9191374,0,0,0,2.078249,-0.2962209,-1.239211,0.6767254,0.003199967,2.022,0.9995386,0.006057933,-0.0297641,-0.006058701,0.9999816,6.437032e-05,0.02976394,0.0001159911,0.999557,static,18.281986751400915,0.1049981327379304,18.504425406211045,0.090674802480951,0.7365760000000001,0.0075339999999999,2.000963,0.3136934626947118,0.001740062181957,0.9495226716096008,18.747560819595453,0.3285055657383781,0.2228605579113755,0.2228993336539853,0.34011512932126
776,05/15/2023 12:46:20.823028,1172,True,True,True,True,Eyes,1.351529,-0.3036096,-3.232095,0.3418606,0.003605607,0.9397438,2.106281,2.071584,-0.2960151,-1.25273,-0.4275337,0.002862701,-0.9039949,0.6707044,0.003282479,2.008226,1.341645,-0.3037673,-3.24018,-3.080155e-05,0.01483154,0.003102887,0.9998852,359.9912,1.699612,0.3554738,0.3843607,-0.0863256,-0.9191377,0,0,0,2.078011,-0.2960582,-1.239141,0.6767251,0.003199994,2.022,0.9995408,0.006204148,-0.02965985,-0.006205975,0.9999807,3.044515e-05,0.02965947,0.0001536372,0.9995601,static,18.29162401869386,0.0912759377195952,18.504417761633807,0.0906755675562093,0.7363660000000001,0.0077091,2.001039,0.3138533110781539,0.0015125698257092,0.9494703213531428,18.75699480490176,0.3148461444646629,0.212794576190985,0.212794589871842,0.3377093577878018
777,05/15/2023 12:46:20.842690,1173,True,True,True,True,Eyes,1.35151,-0.3036141,-3.232092,0.3419242,0.003424683,0.9397213,2.106324,2.071713,-0.2964005,-1.252734,-0.4165229,-0.03039676,-0.908617,0.6708733,0.002782986,2.008173,1.34167,-0.3037979,-3.240149,-4.352838e-05,0.01481515,0.003169314,0.9998853,359.9896,1.697729,0.3630634,0.3843594,-0.08632708,-0.9191381,0,0,0,2.07797,-0.295944,-1.239086,0.6767253,0.003199962,2.022,0.9995409,0.006336611,-0.02962716,-0.00633919,0.9999799,6.860913e-06,0.02962661,0.0001809545,0.999561,static,18.297311090597056,0.0762506956663343,18.504422858018707,0.0906746608003476,0.7363000000000002,0.0078539,2.0010630000000003,0.3139476495254309,0.001263539174516,0.9494394585750016,18.76256922064912,0.2998511966397817,0.2075570370144391,0.2076134267688563,0.3322564787706882
778,05/15/2023 12:46:20.863063,1174,True,True,True,True,Eyes,1.351489,-0.3036203,-3.232089,0.341998,0.003256023,0.9396951,2.106356,2.071859,-0.296762,-1.252757,-0.4074844,-0.05454641,-0.9115817,0.6709448,0.002776711,2.008194,1.341669,-0.3037824,-3.240166,3.216969e-05,0.01483339,0.003120133,0.9998853,-0.00161759,1.699846,0.3575567,0.3843578,-0.08632855,-0.9191387,0,0,0,2.078043,-0.2963023,-1.239129,0.6767251,0.003199968,2.022,0.9995405,0.006240502,-0.02966316,-0.006238594,0.9999805,0.0001568962,0.02966356,2.823227e-05,0.9995599,static,18.2996746832052,0.0766300247054814,18.504417761633807,0.0906748308170716,0.7363740000000001,0.0074800999999999,2.001037,0.3139868301292861,0.0012698077229561,0.9494265494220688,18.764879009493555,0.3002495696962975,0.2051700261416819,0.2052242303996681,0.3343076918243923
779,05/15/2023 12:46:20.873091,1175,True,True,True,True,Eyes,1.351454,-0.3036251,-3.232087,0.342094,0.003083691,0.9396607,2.106352,2.072025,-0.2971298,-1.25283,-0.4416256,-0.06948973,-0.8945043,0.6704867,0.002196408,2.008361,1.341612,-0.303833,-3.24017,-4.626204e-05,0.0150027,0.003084737,0.9998828,359.9894,1.719223,0.353366,0.3843558,-0.08633009,-0.9191394,0,0,0,2.078663,-0.2960852,-1.239384,0.676725,0.003200025,2.022,0.9995309,0.006167361,-0.03000216,-0.006170137,0.9999809,4.552749e-08,0.03000159,0.000185072,0.9995498,static,18.286020540127996,0.05870816862666,18.50441521344125,0.0906764459759503,0.7370510000000001,0.0077478,2.000786,0.313760657159577,0.0009729079853131,0.9495016316887062,18.75155226634921,0.2822023732499039,0.2204788243719548,0.2207220063525267,0.3126642028409755
780,05/15/2023 12:46:20.893290,1176,True,True,True,True,Eyes,1.351422,-0.3036307,-3.232085,0.3421805,0.002934265,0.9396297,2.106489,2.072222,-0.2974497,-1.252765,-0.4602194,-0.1170298,-0.880058,0.6702123,0.001490825,2.008596,1.341597,-0.3038089,-3.240174,-3.327787e-05,0.01512296,0.003379975,0.99988,359.9903,1.733006,0.3872154,0.3843532,-0.08633165,-0.9191404,0,0,0,2.079125,-0.2956943,-1.239564,0.6767253,0.003200015,2.022,0.9995198,0.006758132,-0.03024251,-0.006760146,0.9999771,3.56827e-05,0.03024206,0.0001687782,0.9995426,static,18.277481653841484,0.0394947599015109,18.504422858018707,0.0906761626147435,0.737528,0.0081145999999999,2.00061,0.3136192341970147,0.0006545368947346,0.9495486428490972,18.7432265655713,0.2629027808418594,0.2320627780969182,0.2326410241919984,0.294430329223764
781,05/15/2023 12:46:20.912978,1177,True,True,True,True,Eyes,1.351383,-0.3036306,-3.232084,0.342291,0.00275771,0.9395899,2.106622,2.072461,-0.2978211,-1.252723,-0.4258814,-0.1966963,-0.8831396,0.6707146,0.000297375,2.008559,1.341625,-0.3038385,-3.240186,-0.0001634014,0.01504929,0.003614844,0.9998801,359.975,1.724508,0.4139029,0.3843501,-0.08633325,-0.9191415,0,0,0,2.078853,-0.2948692,-1.239469,0.6767254,0.003200053,2.022,0.999521,0.007223904,-0.03009615,-0.00723374,0.9999738,-0.000217962,0.03009379,0.0004355654,0.9995469,static,18.292543736709423,0.004634425369729,18.504425406211045,0.0906772393873292,0.737228,0.0089693,2.000717,0.3138688840990454,7.679851288384617e-05,0.94946628772372,18.75798508003412,0.228127486627501,0.2270474818581891,0.2286858275338941,0.2884182356503269
782,05/15/2023 12:46:20.922701,1178,True,True,True,True,Eyes,1.351346,-0.3036311,-3.23208,0.3424044,0.002621508,0.9395491,2.106552,2.072639,-0.2981088,-1.252871,-0.4452781,-0.1600144,-0.8809784,0.6704295,0.0008417497,2.008579,1.341668,-0.3036929,-3.24021,-2.83998e-05,0.01515436,0.003302644,0.9998798,359.991,1.736608,0.378363,0.3843464,-0.08633472,-0.919143,0,0,0,2.079323,-0.2957069,-1.239647,0.6767253,0.00320001,2.022,0.9995189,0.006603633,-0.03030526,-0.006605354,0.9999781,4.33061e-05,0.03030488,0.0001568917,0.9995407,static,18.287402130575444,0.0241637450206976,18.504422858018707,0.0906760209341401,0.737655,0.0079859999999999,2.000563,0.3137836935525864,0.0004004368970105,0.9494944918561417,18.75293905740044,0.2476352098860721,0.2259924286484015,0.2269843144078216,0.2939327956380327
783,05/15/2023 12:46:20.942899,1179,True,True,True,True,Eyes,1.351311,-0.3036356,-3.232077,0.3425289,0.002450776,0.939504,2.107171,2.073079,-0.2984714,-1.252381,-0.4434101,-0.3012749,-0.8441687,0.6704407,-0.00126095,2.009147,1.341679,-0.3037157,-3.240141,-0.0005174844,0.01525292,0.00316445,0.9998785,359.9352,1.747728,0.3616734,0.3843422,-0.0863361,-0.9191446,0,0,0,2.079724,-0.2939564,-1.23973,0.6767253,0.003199983,2.022,0.9995147,0.006312345,-0.03050541,-0.006343918,0.9999794,-0.0009383089,0.03049886,0.001131377,0.9995342,static,18.28345370936381,-0.0364342221023891,18.504422858018707,0.0906752558588818,0.7380450000000001,0.0097592999999999,2.000411,0.3137181754300192,-0.0006037944951195,0.9495158563664324,18.749143730692168,0.186947008113438,0.2517288095016899,0.2549199561526242,0.262976340768943
784,05/15/2023 12:46:20.962736,1180,True,True,True,True,Eyes,1.351278,-0.303644,-3.232073,0.3426516,0.002251506,0.9394599,2.107213,2.073317,-0.2988996,-1.252431,-0.4808973,-0.2968121,-0.8250093,0.669856,-0.001207744,2.009375,1.341683,-0.3038097,-3.240139,-0.0004753915,0.01545666,0.003008843,0.9998759,359.9402,1.771102,0.3439054,0.3843376,-0.08633751,-0.9191464,0,0,0,2.080547,-0.2944375,-1.240028,0.6767253,0.003199999,2.022,0.9995041,0.006002243,-0.03091233,-0.006031635,0.9999815,-0.0008576515,0.03090661,0.001043678,0.9995217,static,18.267527902793187,-0.0374698726463742,18.504422858018707,0.0906757092368127,0.7388640000000002,0.0093721999999999,2.0001110000000004,0.313454277386909,-0.0006210145681169,0.9496031393685448,18.733578849395773,0.1857845207650032,0.266267277848717,0.2693334549726072,0.2481091582636782
785,05/15/2023 12:46:20.972963,1181,True,True,True,True,Eyes,1.351265,-0.3036496,-3.232072,0.342765,0.002041396,0.939419,2.107343,2.073589,-0.2993477,-1.252394,-0.4634358,-0.3270291,-0.8235771,0.6699936,0.0003125149,2.009442,1.341672,-0.3039054,-3.240113,5.34748e-05,0.01549364,0.003180302,0.9998749,0.0004805579,1.775522,0.3644875,0.3843327,-0.08633905,-0.9191483,0,0,0,2.080688,-0.2964175,-1.24005,0.6767251,0.003200009,2.022,0.9994997,0.006361465,-0.03098306,-0.00635815,0.9999797,0.0002054851,0.03098374,-8.387309e-06,0.9995199,static,18.27030801610668,0.0033209514935579,18.504417761633807,0.0906759925980195,0.7390159999999999,0.0074878999999999,2.000063,0.3135004103323468,5.503958667620317e-05,0.9495881000600856,18.73625314608952,0.2266370514319617,0.2483321866263306,0.2498765218205561,0.2687620788075864
786,05/15/2023 12:46:20.993329,1182,True,True,True,True,Eyes,1.351253,-0.3036515,-3.232072,0.3428656,0.001837748,0.9393827,2.106678,2.073561,-0.2997799,-1.253095,-0.4614908,-0.1753886,-0.8696349,0.6701835,0.0006025984,2.008733,1.341691,-0.303834,-3.240179,0.0002978625,0.01543962,0.003310335,0.9998753,0.02827146,1.769424,0.379819,0.3843279,-0.08634061,-0.9191502,0,0,0,2.080492,-0.2971458,-1.240034,0.6767252,0.003199997,2.022,0.9995013,0.006629042,-0.03087342,-0.006610647,0.9999779,0.0006978713,0.03087737,-0.00049343,0.9995231,static,18.28264440521292,0.0136802347082979,18.504420309826298,0.0906756525645713,0.738801,0.0066881999999999,2.000145,0.3137048493516918,0.0002267124089672,0.9495205475054648,18.748299881548647,0.2371038956314713,0.2334806523085917,0.234761253698189,0.2844617300642313
787,05/15/2023 12:46:21.013125,1183,True,True,True,True,Eyes,1.351217,-0.3036555,-3.232073,0.3429261,0.001652902,0.9393609,2.106706,2.073661,-0.3001733,-1.253116,-0.4264079,-0.2008458,-0.8819509,0.6707186,0.0002195187,2.008582,1.341695,-0.3037448,-3.240194,0.0002905651,0.01532959,0.003217099,0.9998773,0.02764094,1.756809,0.3691201,0.3843234,-0.08634209,-0.919152,0,0,0,2.080057,-0.2971606,-1.239887,0.6767253,0.003200008,2.022,0.9995093,0.006442316,-0.03065355,-0.006424499,0.9999791,0.0006796926,0.03065729,-0.0004824254,0.9995298,static,18.298870775015924,0.0053235749488169,18.504422858018707,0.0906759642618988,0.738362,0.0065841999999999,2.000307,0.3139737337367493,8.821540652089246e-05,0.9494316348934708,18.76416843642409,0.2288672967603077,0.2209114506997626,0.2225683921589825,0.2942186429831268
788,05/15/2023 12:46:21.032754,1184,True,True,True,True,Eyes,1.351181,-0.3036604,-3.232074,0.3429704,0.001471823,0.9393451,2.106938,2.073799,-0.3005594,-1.252932,-0.377283,-0.2895081,-0.8796833,0.6714417,-0.001109055,2.008637,1.341663,-0.3038073,-3.240248,1.249154e-05,0.01518885,0.003139374,0.9998798,-0.004032871,1.740577,0.3597265,0.3843184,-0.08634356,-0.9191539,0,0,0,2.079459,-0.2962163,-1.239735,0.6767253,0.003199967,2.022,0.9995189,0.006278372,-0.03037397,-0.006277612,0.9999802,0.000120347,0.03037412,7.038687e-05,0.9995385,static,18.317536777207884,-0.0342927544416359,18.504422858018707,0.090674802480951,0.7377959999999999,0.007591,2.000513,0.3142829977787437,-0.0005681939877239,0.949329212073405,18.782454455715538,0.1893598481882812,0.2213110579865249,0.2248183655398936,0.2950259438830937
789,05/15/2023 12:46:21.043094,1185,True,True,True,True,Eyes,1.351152,-0.3036641,-3.232073,0.3429902,0.001276374,0.9393381,2.106987,2.073828,-0.3009748,-1.2529,-0.3262812,-0.3024472,-0.8955815,0.6722065,-0.001311028,2.008419,1.34166,-0.3038327,-3.240242,2.945551e-05,0.01500569,0.003052008,0.9998828,-0.001873049,1.719592,0.3497462,0.384313,-0.08634505,-0.919156,0,0,0,2.078725,-0.2964358,-1.239459,0.6767252,0.003200037,2.022,0.9995311,0.006104184,-0.03000768,-0.006102417,0.9999813,0.0001504991,0.03000804,3.269087e-05,0.9995497,static,18.33967733373587,-0.0407652133499064,18.504420309826298,0.0906767860093984,0.7370649999999999,0.0073968999999999,2.000783,0.314649781800238,-0.0006753491513442,0.9492075806981446,18.804101583694703,0.1830560131337748,0.2066063408124139,0.210753997273367,0.3135965361917874
790,05/15/2023 12:46:21.062852,1186,True,True,True,True,Eyes,1.351125,-0.3036697,-3.232074,0.3429965,0.001100641,0.939336,2.107221,2.073895,-0.3013504,-1.252686,-0.2790128,-0.3380029,-0.8988359,0.6729057,-0.001852733,2.008379,1.341689,-0.3038014,-3.240212,-3.104149e-06,0.01483901,0.003053787,0.9998852,-0.005548408,1.70048,0.349895,0.3843075,-0.08634652,-0.9191582,0,0,0,2.078086,-0.2962731,-1.239184,0.6767251,0.003199953,2.022,0.999541,0.006106781,-0.02967465,-0.006106965,0.9999813,8.442281e-05,0.02967461,9.683798e-05,0.9995596,static,18.35909097342881,-0.0552218158372961,18.504417761633807,0.0906744057752615,0.736397,0.0075282999999999,2.001028,0.3149713191303476,-0.0009147459278309,0.9491007126138076,18.82309182468525,0.1687387107751323,0.2006832046248801,0.2059261587336627,0.328096318444486
791,05/15/2023 12:46:21.072993,1187,True,True,True,True,Eyes,1.351102,-0.3036764,-3.232076,0.3429633,0.0009101123,0.9393484,2.107387,2.073858,-0.3017584,-1.252506,-0.2815752,-0.3653395,-0.8872668,0.6735083,-0.002837677,2.008371,1.341711,-0.3038589,-3.240251,-0.0001281502,0.01467181,0.003148334,0.9998875,359.98,1.681271,0.3605188,0.3843018,-0.08634803,-0.9191604,0,0,0,2.077435,-0.2956959,-1.238978,0.676725,0.003200006,2.022,0.9995497,0.006292198,-0.02934113,-0.006299719,0.9999802,-0.000163888,0.02933951,0.0003486551,0.9995694,static,18.37610835412777,-0.0847914252299084,18.50441521344125,0.0906759075896574,0.7357239999999998,0.0081629999999999,2.0012730000000003,0.3152530398500044,-0.0014044260447776,0.9490066482837012,18.83975588077845,0.1392747448481043,0.2101668563102314,0.2173739520588915,0.3388439318521633
792,05/15/2023 12:46:21.093407,1188,True,True,True,True,Eyes,1.351081,-0.3036802,-3.232078,0.34293,0.0007270067,0.9393606,2.108028,2.073987,-0.3021476,-1.25188,-0.1962554,-0.450526,-0.8709249,0.6741232,-0.003529554,2.008862,1.341733,-0.3038876,-3.240292,-0.0002335136,0.01453978,0.003082752,0.9998896,359.9681,1.666104,0.3528315,0.3842962,-0.08634959,-0.9191626,0,0,0,2.076929,-0.2953948,-1.238825,0.6767254,0.003199998,2.022,0.9995582,0.006158032,-0.02907777,-0.006171612,0.9999809,-0.0003773305,0.02907489,0.0005566205,0.999577,static,18.389125772282163,-0.1052942090048069,18.504425406211045,0.090675680900692,0.7351959999999997,0.0084927999999999,2.001467,0.3154684397516481,-0.0017438877541888,0.9489343879569668,18.852500792685927,0.1188548348549218,0.2187572087431251,0.2273723891190559,0.3492141740926543
793,05/15/2023 12:46:21.113262,1189,True,True,True,True,Eyes,1.35106,-0.3036847,-3.232076,0.342885,0.0005599618,0.9393772,2.10827,2.073954,-0.3025041,-1.251615,-0.1972267,-0.4778412,-0.8560194,0.6740994,-0.00394095,2.00908,1.34178,-0.3038205,-3.24027,-0.0002710846,0.01452333,0.00296742,0.9998901,359.964,1.66421,0.3395548,0.3842905,-0.08635113,-0.9191648,0,0,0,2.076911,-0.2953396,-1.23878,0.6767253,0.003199975,2.022,0.9995606,0.005926313,-0.02904507,-0.005942062,0.9999822,-0.0004559161,0.02904185,0.0006283034,0.999578,static,18.388219255205996,-0.1150678381903682,18.504422858018707,0.0906750291699164,0.735131,0.0084809,2.0014900000000004,0.3154533501742918,-0.0019057690536178,0.9489391511420462,18.851625061156504,0.1090645212560537,0.2271527252231084,0.2362909324885038,0.3476888598775153
794,05/15/2023 12:46:21.122682,1190,True,True,True,True,Eyes,1.35104,-0.3036896,-3.232075,0.3428407,0.0003985643,0.9393935,2.108614,2.073959,-0.3028492,-1.251257,-0.2092474,-0.5105247,-0.8340145,0.6739084,-0.004425701,2.00941,1.341831,-0.3038433,-3.240198,-0.0002978495,0.01455658,0.003007306,0.9998895,359.9608,1.66801,0.3440791,0.384285,-0.08635266,-0.9191669,0,0,0,2.077095,-0.2951981,-1.238758,0.6767252,0.003199981,2.022,0.9995582,0.006005276,-0.02911173,-0.006022619,0.9999818,-0.0005080809,0.02910814,0.0006831852,0.999576,static,18.381638977050255,-0.1294185836484184,18.504420309826298,0.0906751991866405,0.7352639999999999,0.0086451999999999,2.00144,0.3153442274292153,-0.0021435296845478,0.9489749605652428,18.84520858877782,0.0946478043704932,0.2422266071717712,0.252024857744046,0.3408114327053696
795,05/15/2023 12:46:21.143158,1191,True,True,True,True,Eyes,1.351045,-0.3036952,-3.232076,0.3427839,0.0002327681,0.9394142,2.108769,2.073897,-0.3032044,-1.251068,-0.2100954,-0.5292889,-0.8220177,0.6738877,-0.004711725,2.009582,1.34184,-0.3038566,-3.240203,-0.0003037589,0.01454241,0.002950858,0.9998898,359.9603,1.666387,0.337602,0.3842795,-0.0863542,-0.9191691,0,0,0,2.077048,-0.2952675,-1.238741,0.6767254,0.003199972,2.022,0.9995596,0.005892232,-0.02908341,-0.005909902,0.9999824,-0.0005216258,0.02907983,0.0006932761,0.9995768,static,18.37975781206209,-0.1378424975270114,18.504425406211045,0.0906749441615544,0.7352080000000001,0.0085890999999999,2.001462,0.3153129479031377,-0.0022830775419732,0.948984946078392,18.843378808016197,0.0862008204921147,0.2500865395968497,0.2603117941753235,0.3389829293310983
796,05/15/2023 12:46:21.162955,1192,True,True,True,True,Eyes,1.35105,-0.3036994,-3.232078,0.34272,6.625056e-05,0.9394376,2.108383,2.073635,-0.3035598,-1.251383,-0.2349095,-0.4947104,-0.8367074,0.6735198,-0.004208452,2.009333,1.341855,-0.3038701,-3.240243,-7.558631e-05,0.01456704,0.003000177,0.9998894,359.9863,1.669286,0.3436328,0.3842746,-0.08635573,-0.919171,0,0,0,2.077163,-0.2961292,-1.238816,0.6767253,0.003199975,2.022,0.9995576,0.005997487,-0.02913132,-0.006001892,0.999982,-6.374851e-05,0.02913041,0.0002385633,0.9995756,static,18.373032388364575,-0.1238020617246636,18.504422858018707,0.0906750291699164,0.7353080000000001,0.0077408999999999,2.001427,0.3152017295024142,-0.0020506069342916,0.9490224822483312,18.836790539557867,0.1002017987132576,0.2422123876206767,0.2515231163025269,0.3325041880482844
797,05/15/2023 12:46:21.173087,1193,True,True,True,True,Eyes,1.351062,-0.3037045,-3.23208,0.3426763,-8.767843e-05,0.9394535,2.108577,2.073621,-0.3038894,-1.251169,-0.2359656,-0.5169191,-0.82287,0.6739877,-0.004185073,2.009405,1.341873,-0.3038401,-3.240273,7.793708e-05,0.01444037,0.003163413,0.9998909,0.003695316,1.654822,0.3625922,0.3842704,-0.08635723,-0.9191726,0,0,0,2.076674,-0.296488,-1.238657,0.6767254,0.003199981,2.022,0.999563,0.006328385,-0.02887709,-0.006323883,0.9999799,0.0002472188,0.02887808,-6.449543e-05,0.9995829,static,18.3848393530065,-0.1221117536199716,18.504425406211045,0.0906751991866405,0.734801,0.0073521,2.0016160000000003,0.3153972946370986,-0.002022470838757,0.9489575275420672,18.84832895140389,0.1019870389801705,0.2346291339031822,0.2440883270575698,0.3440895321216835
798,05/15/2023 12:46:21.193312,1194,True,True,True,True,Eyes,1.351074,-0.3037136,-3.23208,0.3426341,-0.000252369,0.9394689,2.109656,2.073914,-0.304246,-1.250123,-0.1528267,-0.6124046,-0.7756317,0.6747091,-0.005972988,2.010288,1.341919,-0.30387,-3.240276,-0.0003190443,0.01431359,0.003071025,0.9998928,359.9584,1.640153,0.3513547,0.3842668,-0.0863587,-0.919174,0,0,0,2.076209,-0.2950523,-1.238479,0.6767256,0.003200039,2.022,0.9995714,0.006132258,-0.02862607,-0.006150524,0.9999809,-0.0005501055,0.02862215,0.000725935,0.99959,static,18.396658331579648,-0.1736909642836737,18.50443050259549,0.0906768426816398,0.7342899999999999,0.0088176999999999,2.001797,0.315592389973668,-0.0028765506202339,0.9488904958357256,18.859935262509385,0.0504509566048606,0.272978147440773,0.2854911175590534,0.3577733308005199
799,05/15/2023 12:46:21.213150,1195,True,True,True,True,Eyes,1.351102,-0.3037189,-3.232081,0.3426077,-0.0003861815,0.9394785,2.109172,2.073721,-0.3045334,-1.250559,-0.1681905,-0.564913,-0.8078275,0.6745007,-0.005261852,2.009804,1.341955,-0.3039675,-3.240234,-0.0001746394,0.01431244,0.002842291,0.9998936,359.9753,1.640077,0.3253832,0.3842639,-0.08636027,-0.9191751,0,0,0,2.076245,-0.2960538,-1.238433,0.6767255,0.003200033,2.022,0.9995742,0.005678978,-0.02862282,-0.005688976,0.9999838,-0.0002678814,0.02862084,0.0004306019,0.9995902,static,18.39523554244045,-0.156201903741493,18.5044279544033,0.0906766726649157,0.7342900000000001,0.0079137,2.0018010000000004,0.3155690815603337,-0.0025869307331884,0.9488990988246536,18.858526183404045,0.0679458149025419,0.2584121028379414,0.2699481696895167,0.3548270672821856
800,05/15/2023 12:46:21.223101,1196,True,True,True,True,Eyes,1.35113,-0.3037232,-3.23208,0.3425813,-0.0004805893,0.9394881,2.108552,2.07348,-0.3047365,-1.25112,-0.1816488,-0.5010999,-0.8461103,0.674323,-0.004305038,2.009238,1.341963,-0.3038738,-3.240252,0.0001219222,0.01429928,0.0027951,0.9998938,0.00938979,1.638665,0.3204623,0.3842619,-0.0863618,-0.9191757,0,0,0,2.076205,-0.2972202,-1.238428,0.6767257,0.003200004,2.022,0.9995754,0.005593093,-0.02859483,-0.005586119,0.9999843,0.0003237544,0.0285962,-0.0001638828,0.999591,static,18.395186977554214,-0.1262037342221578,18.504433050787597,0.0906758509174161,0.7342419999999998,0.0066536,2.001824,0.3155686487674721,-0.0020901186632727,0.9489004834209016,18.858447091712847,0.0979728269772907,0.2329481274701907,0.2428403981367715,0.3540892359728626
801,05/15/2023 12:46:21.242788,1197,True,True,True,True,Eyes,1.351182,-0.3037315,-3.23208,0.3425659,-0.0005186319,0.9394937,2.10995,2.073978,-0.3048258,-1.249795,-0.1464133,-0.6290612,-0.763443,0.6748034,-0.00621456,2.010487,1.341983,-0.3038608,-3.240181,-0.0002974513,0.01428826,0.002885267,0.9998938,359.9612,1.637264,0.330107,0.3842608,-0.08636328,-0.9191761,0,0,0,2.076174,-0.2953925,-1.238347,0.6767254,0.003199998,2.022,0.9995751,0.00576142,-0.02857519,-0.005778421,0.9999832,-0.0005123885,0.02857176,0.0006772904,0.9995915,static,18.39537898333084,-0.1799058092112753,18.504425406211045,0.090675680900692,0.734191,0.0084682999999999,2.001834,0.3155711186529448,-0.0029794986206175,0.9488972909760288,18.858691372017397,0.0442199487816326,0.2789019616192974,0.2917284098852581,0.3572989078844528
802,05/15/2023 12:46:21.263182,1198,True,True,True,True,Eyes,1.351232,-0.3037392,-3.232078,0.3425556,-0.0005766541,0.9394974,2.110524,2.074204,-0.3049562,-1.249246,-0.1104435,-0.6710667,-0.7331247,0.675324,-0.006847938,2.010949,1.342012,-0.303965,-3.240206,-0.0004562256,0.01420317,0.002863417,0.999895,359.9431,1.627463,0.3273483,0.3842611,-0.08636479,-0.9191758,0,0,0,2.075861,-0.2948895,-1.238248,0.6767255,0.003200009,2.022,0.9995802,0.005713272,-0.02840598,-0.005739191,0.9999832,-0.0008310162,0.02840076,0.0009936946,0.9995962,static,18.4044593524505,-0.2006800721450287,18.5044279544033,0.0906759925980195,0.7338490000000002,0.0090754999999999,2.001958,0.3157211495379693,-0.0033233740414708,0.9488462189140422,18.86758847620759,0.0234971890047641,0.2939262797159846,0.3080293457431504,0.3693217516602357
803,05/15/2023 12:46:21.274586,1199,True,True,True,True,Eyes,1.351298,-0.3037448,-3.232074,0.3425387,-0.000620383,0.9395036,2.110596,2.074259,-0.3050542,-1.249161,-0.1067985,-0.6776614,-0.7275776,0.6751306,-0.005818472,2.011068,1.342024,-0.3039504,-3.240156,-0.000215546,0.01426239,0.002736678,0.9998946,359.9708,1.634331,0.3132164,0.3842626,-0.08636633,-0.9191751,0,0,0,2.076116,-0.2960216,-1.238282,0.6767255,0.003199992,2.022,0.9995782,0.00546663,-0.02852296,-0.005478927,0.9999849,-0.0003529834,0.0285206,0.0005091097,0.999593,static,18.39671579811025,-0.1708045507205298,18.5044279544033,0.0906755108839679,0.7340919999999997,0.0079288,2.001874,0.3155934093522087,-0.0028287471957467,0.9488903827357869,18.859988387760392,0.0533406363446079,0.2704387813021231,0.2827962715984596,0.3575151949581335
804,05/15/2023 12:46:21.293340,1200,True,True,True,True,Eyes,1.351361,-0.3037502,-3.23207,0.3425242,-0.0006494016,0.9395088,2.10991,2.074056,-0.3051204,-1.249791,-0.148606,-0.6250288,-0.7663257,0.6747742,-0.006163004,2.010433,1.342048,-0.3039029,-3.240108,-0.0002847133,0.01429918,0.002705337,0.9998941,359.963,1.638528,0.309511,0.3842655,-0.08636782,-0.9191737,0,0,0,2.076287,-0.2957395,-1.238289,0.6767256,0.003199973,2.022,0.9995764,0.005401959,-0.02859688,-0.005418244,0.9999852,-0.0004919981,0.0285938,0.0006467346,0.9995909,static,18.39160366337745,-0.1791778658148955,18.50443050259549,0.090674972497675,0.7342390000000003,0.0081633999999999,2.001819,0.315508597984894,-0.0029675078164439,0.9489180960865292,18.85500058562336,0.0449187730599409,0.2797722014562722,0.2924900852905671,0.3535435092052352
805,05/15/2023 12:46:21.313175,1201,True,True,True,True,Eyes,1.351423,-0.3037557,-3.232066,0.3425256,-0.0006729096,0.9395083,2.11055,2.074341,-0.3051759,-1.249187,-0.1344638,-0.6750062,-0.7254559,0.6749675,-0.006901599,2.011058,1.342024,-0.3039076,-3.24009,-0.0004632485,0.01432332,0.002685151,0.9998938,359.9425,1.641239,0.3069041,0.3842697,-0.08636926,-0.9191718,0,0,0,2.076357,-0.2950541,-1.238309,0.6767256,0.003199978,2.022,0.9995753,0.00535646,-0.02864608,-0.005383001,0.9999851,-0.000849478,0.02864111,0.001003319,0.9995893,static,18.38888786365636,-0.2001446479309969,18.50443050259549,0.0906751141782784,0.7343329999999997,0.0088535,2.001781,0.3154632830872632,-0.0033148068311973,0.9489320388263096,18.85236825087398,0.023910106482788,0.2991278182201242,0.3129316785598962,0.354285538696804
806,05/15/2023 12:46:21.322990,1202,True,True,True,True,Eyes,1.351483,-0.3037614,-3.23206,0.3425296,-0.0007029205,0.9395068,2.110529,2.074402,-0.305245,-1.249204,-0.1172425,-0.6739714,-0.7293948,0.6752244,-0.006900267,2.010994,1.342008,-0.3039131,-3.2401,-0.0004470008,0.01427866,0.00268468,0.9998944,359.9444,1.636127,0.3068793,0.3842751,-0.08637066,-0.9191694,0,0,0,2.076162,-0.2951261,-1.238253,0.6767255,0.003200003,2.022,0.9995778,0.005356026,-0.0285567,-0.005381557,0.9999852,-0.0008172398,0.02855191,0.0009705743,0.9995919,static,18.394245649914563,-0.2001054935995791,18.5044279544033,0.0906758225812954,0.734154,0.0087869999999999,2.001847,0.315552012248435,-0.0033140552554537,0.9489025201902233,18.85760494007603,0.0239916301592283,0.2970590953034838,0.3109564504272757,0.3594172571369634
807,05/15/2023 12:46:21.343166,1203,True,True,True,True,Eyes,1.351551,-0.3037668,-3.232055,0.3425536,-0.0007150889,0.9394981,2.110203,2.074409,-0.3052758,-1.249523,-0.1259576,-0.6482476,-0.7509392,0.6751039,-0.006525393,2.010657,1.342011,-0.3039237,-3.240036,-0.0003453798,0.01431237,0.002693296,0.999894,359.956,1.640021,0.3080314,0.3842814,-0.08637204,-0.9191666,0,0,0,2.076302,-0.2955331,-1.238237,0.6767256,0.00319998,2.022,0.9995759,0.005376135,-0.02862357,-0.005395907,0.9999853,-0.0006135913,0.02861985,0.0007677811,0.99959,static,18.39185812512264,-0.1895891984798456,18.50443050259549,0.0906751708505198,0.734291,0.0083906,2.001799,0.3155126659863458,-0.0031399333475918,0.9489162547609068,18.85526027360335,0.0344993074357722,0.2887408494518714,0.3020275763668569,0.3552988261390958
808,05/15/2023 12:46:21.363076,1204,True,True,True,True,Eyes,1.351615,-0.3037714,-3.232048,0.3425834,-0.0007282168,0.9394872,2.109895,2.07443,-0.3053079,-1.249829,-0.1425488,-0.6262987,-0.7664398,0.6748657,-0.006186929,2.01043,1.342043,-0.3039184,-3.240035,-0.0002482093,0.01437143,0.002703117,0.9998931,359.9671,1.646819,0.309314,0.3842887,-0.08637338,-0.9191634,0,0,0,2.076571,-0.2959044,-1.238322,0.6767252,0.003199985,2.022,0.9995723,0.005398521,-0.02874113,-0.005412789,0.9999853,-0.0004186702,0.02873845,0.0005740608,0.9995868,static,18.386919836620383,-0.17967807931674,18.504420309826298,0.0906753125311232,0.7345279999999998,0.0080139999999999,2.0017130000000005,0.315431029461644,-0.0029758732263854,0.9489438998436188,18.850423114284315,0.0443810658874289,0.2821254302809123,0.2947835098631832,0.3490860896184778
809,05/15/2023 12:46:21.373302,1205,True,True,True,True,Eyes,1.351678,-0.3037765,-3.232041,0.3426216,-0.0007337898,0.9394732,2.109917,2.074582,-0.3053247,-1.249831,-0.1325463,-0.6278036,-0.7670034,0.6746784,-0.006139051,2.010514,1.342026,-0.3039052,-3.239996,-0.0002369595,0.01446025,0.002679768,0.9998918,359.9684,1.657002,0.3066544,0.384297,-0.08637468,-0.9191598,0,0,0,2.07691,-0.2959685,-1.238413,0.6767254,0.003199987,2.022,0.9995674,0.005352102,-0.02891864,-0.005365808,0.9999856,-0.0003963675,0.0289161,0.000551368,0.9995816,static,18.3790792375826,-0.1777816581808421,18.504425406211045,0.0906753692033645,0.7348839999999999,0.0079366999999999,2.001583,0.3153011788590759,-0.0029445980237617,0.9489870856364836,18.84275766939604,0.0462173870549752,0.2838733116968965,0.296278310954067,0.3412407251319584
810,05/15/2023 12:46:21.393144,1206,True,True,True,True,Eyes,1.351737,-0.3037814,-3.232037,0.3426595,-0.0007362991,0.9394594,2.109739,2.07466,-0.3053348,-1.250023,-0.179512,-0.6196597,-0.7640662,0.6743168,-0.006078711,2.010458,1.342028,-0.3039227,-3.23998,-0.0002119474,0.01457061,0.002713805,0.9998901,359.9712,1.669656,0.3105927,0.384306,-0.08637594,-0.9191559,0,0,0,2.077353,-0.2960374,-1.238559,0.6767253,0.003200002,2.022,0.9995607,0.005420838,-0.02913917,-0.005433191,0.9999852,-0.0003447646,0.02913687,0.0005029319,0.9995753,static,18.36873670945052,-0.1764015663528975,18.504422858018707,0.0906757942451747,0.735325,0.0078852999999999,2.001421,0.3151298992607939,-0.0029219148603611,0.9490440708051472,18.83264736922805,0.0475171084429524,0.2874421102996327,0.2995681015350295,0.3310498480875483
811,05/15/2023 12:46:21.413135,1207,True,True,True,True,Eyes,1.351807,-0.3037854,-3.232033,0.3426743,-0.0007290632,0.939454,2.109757,2.074766,-0.3053235,-1.250013,-0.1739643,-0.6288368,-0.7578262,0.6743953,-0.006215529,2.010554,1.341991,-0.3039262,-3.240042,-0.0002190482,0.01458577,0.002800949,0.9998897,359.9702,1.671389,0.3205653,0.3843157,-0.08637717,-0.9191518,0,0,0,2.077376,-0.2958891,-1.238644,0.6767251,0.003200001,2.022,0.9995589,0.00559489,-0.02916955,-0.005607669,0.9999843,-0.0003563401,0.02916709,0.000519756,0.9995744,static,18.367876614693724,-0.1802346715053449,18.504417761633807,0.090675765909054,0.7353850000000002,0.0080370999999999,2.001398,0.3151155913817437,-0.0029854211136369,0.949048616699138,18.8318107486293,0.0436734733173657,0.2910550249205257,0.3033742736419392,0.3307497293161506
812,05/15/2023 12:46:21.423118,1208,True,True,True,True,Eyes,1.351872,-0.3037892,-3.232026,0.3426901,-0.0007117629,0.9394482,2.110187,2.075012,-0.3052911,-1.249615,-0.1740329,-0.6662327,-0.7251528,0.6743745,-0.006780927,2.011034,1.341949,-0.3039094,-3.240017,-0.0003203469,0.01465934,0.002924989,0.9998883,359.9584,1.679782,0.3346054,0.384326,-0.08637833,-0.9191474,0,0,0,2.077625,-0.2952887,-1.238728,0.6767252,0.003199968,2.022,0.9995531,0.005839931,-0.02931727,-0.005858715,0.9999827,-0.0005548653,0.02931352,0.0007263789,0.99957,static,18.360354885330118,-0.1956403083689427,18.504420309826298,0.0906748308170716,0.7356759999999998,0.0086206999999999,2.001289,0.3149907334262999,-0.0032407416846847,0.9490891776732948,18.82447520860268,0.0281933989910974,0.3075033473791644,0.3205170907492646,0.3260967150306529
813,05/15/2023 12:46:21.442815,1209,True,True,True,True,Eyes,1.35194,-0.3037927,-3.232023,0.3426964,-0.000678423,0.939446,2.110657,2.075254,-0.3052246,-1.249175,-0.1617498,-0.6985537,-0.6970364,0.6745436,-0.007260152,2.011463,1.34192,-0.3039145,-3.23997,-0.0004294446,0.01468134,0.003005027,0.9998877,359.9457,1.682263,0.3435918,0.384337,-0.08637943,-0.9191427,0,0,0,2.077682,-0.2947416,-1.238715,0.6767254,0.003200003,2.022,0.9995509,0.00599677,-0.02936197,-0.006021989,0.9999816,-0.000770557,0.02935681,0.0009470284,0.9995686,static,18.358176772165667,-0.209237560249147,18.504425406211045,0.0906758225812954,0.7357619999999998,0.0091728999999999,2.001255,0.3149544371411331,-0.0034660206656445,0.9491004999327438,18.822360642757975,0.0145656907424207,0.319956897294265,0.3336715453270453,0.3269182876602124
814,05/15/2023 12:46:21.462706,1210,True,True,True,True,Eyes,1.352005,-0.303798,-3.232018,0.3427016,-0.0006506264,0.9394442,2.110591,2.075308,-0.3051712,-1.249236,-0.1582215,-0.6951312,-0.701255,0.6748276,-0.007526427,2.011387,1.341919,-0.3039138,-3.240032,-0.0004993355,0.01462397,0.003032098,0.9998884,359.9377,1.675663,0.3465795,0.3843485,-0.08638047,-0.9191377,0,0,0,2.07745,-0.294422,-1.238693,0.6767251,0.003200001,2.022,0.9995539,0.006048914,-0.0292477,-0.006078122,0.9999812,-0.000909877,0.02924164,0.001087242,0.9995718,static,18.365051415026148,-0.2166325184044857,18.504417761633807,0.090675765909054,0.7355309999999997,0.0094917999999999,2.001339,0.3150681997293998,-0.0035883751156263,0.9490623625211448,18.829087753198397,0.0072178436072798,0.3231808375290617,0.3374334900013594,0.3352250411551589
815,05/15/2023 12:46:21.482961,1211,True,True,True,True,Eyes,1.352071,-0.3038033,-3.232015,0.342712,-0.0006223529,0.9394404,2.110555,2.075384,-0.3051168,-1.249273,-0.1341725,-0.6940686,-0.7072952,0.6749579,-0.007200814,2.011316,1.341914,-0.3039631,-3.24001,-0.0004277679,0.01461252,0.003077568,0.9998884,359.9458,1.674372,0.3519101,0.3843606,-0.08638151,-0.9191326,0,0,0,2.077399,-0.2946952,-1.238653,0.6767251,0.003200041,2.022,0.999554,0.006141948,-0.02922441,-0.006166951,0.9999807,-0.0007654981,0.02921914,0.0009453822,0.9995726,static,18.367007241893376,-0.2085810418822977,18.504417761633807,0.0906768993538811,0.7354850000000002,0.0092678999999999,2.001357,0.315100736940582,-0.0034549688902143,0.9490520302853592,18.83099090152512,0.0152926171695624,0.3154456977890186,0.3292976864908888,0.3351608654048283
816,05/15/2023 12:46:21.493402,1212,True,True,True,True,Eyes,1.352135,-0.3038085,-3.232012,0.3427277,-0.0005913615,0.9394346,2.11074,2.075544,-0.3050567,-1.24911,-0.1342981,-0.7092905,-0.6920051,0.6749496,-0.00742808,2.011543,1.341915,-0.3039696,-3.240015,-0.0005136617,0.01465273,0.003041629,0.9998879,359.936,1.678953,0.3476458,0.384373,-0.08638254,-0.9191273,0,0,0,2.077561,-0.2944063,-1.238719,0.676725,0.003199998,2.022,0.9995521,0.006067523,-0.02930531,-0.006097629,0.9999809,-0.0009380719,0.02929905,0.001116345,0.9995701,static,18.36336078022656,-0.2150643348259591,18.50441521344125,0.090675680900692,0.7356460000000002,0.0095632999999999,2.001296,0.3150401898592018,-0.0035624337729719,0.9490716419596392,18.8274336640384,0.0087741975232749,0.3225749681509124,0.3367095340884345,0.3332398121557579
817,05/15/2023 12:46:21.513031,1213,True,True,True,True,Eyes,1.352184,-0.3038129,-3.232007,0.3427764,-0.0005747527,0.9394169,2.110882,2.075745,-0.3050261,-1.249009,-0.1406756,-0.7218631,-0.6775869,0.6748513,-0.007599846,2.01177,1.341905,-0.3039705,-3.240033,-0.0005766953,0.01472861,0.003006421,0.9998869,359.9289,1.687629,0.3435005,0.3843858,-0.08638355,-0.9191219,0,0,0,2.077854,-0.2942025,-1.238849,0.6767253,0.003200016,2.022,0.9995481,0.005995173,-0.02945734,-0.006029149,0.9999813,-0.001064699,0.02945041,0.001241821,0.9995655,static,18.35763701255173,-0.2198356192939115,18.504422858018707,0.0906761909508642,0.735949,0.0097679999999999,2.001184,0.3149453047363615,-0.0036415883914835,0.9491028904190226,18.821844251153443,0.0039530417733883,0.3291755417169349,0.3434583944685914,0.3290550796186799
818,05/15/2023 12:46:21.533210,1214,True,True,True,True,Eyes,1.352232,-0.3038164,-3.232001,0.3428322,-0.0005534649,0.9393965,2.110731,2.075859,-0.3049846,-1.249187,-0.1575719,-0.7143856,-0.6817802,0.6745958,-0.007511857,2.011675,1.341908,-0.3039648,-3.239988,-0.0005397378,0.0148214,0.003074796,0.9998853,359.9329,1.698272,0.3513911,0.3843985,-0.08638455,-0.9191164,0,0,0,2.078227,-0.2942478,-1.238941,0.6767251,0.003200019,2.022,0.9995418,0.006132887,-0.02964271,-0.006164886,0.9999805,-0.000988206,0.02963608,0.001170497,0.9995601,static,18.35039853548283,-0.2170317546589136,18.504417761633807,0.0906762759592262,0.736319,0.0097169999999999,2.001047,0.3148254348736349,-0.0035952929019346,0.9491427855270574,18.814766367042598,0.00670244782358,0.3301157117879496,0.3441019531055285,0.3215087256839762
819,05/15/2023 12:46:21.543196,1215,True,True,True,True,Eyes,1.352284,-0.3038225,-3.231997,0.3428585,-0.0005661249,0.939387,2.111064,2.07608,-0.3050176,-1.248891,-0.1758733,-0.7369645,-0.6526499,0.6743097,-0.007844862,2.012105,1.341918,-0.3039467,-3.239953,-0.0006144986,0.01494289,0.003062398,0.9998835,359.9243,1.71217,0.3498343,0.3844112,-0.08638552,-0.919111,0,0,0,2.078723,-0.2939451,-1.239085,0.6767251,0.00320002,2.022,0.9995347,0.006105716,-0.02988607,-0.006142446,0.9999804,-0.001137332,0.02987853,0.001320376,0.9995527,static,18.338061635318645,-0.2257810670363602,18.504417761633807,0.0906763042953469,0.7368050000000002,0.0100016,2.000868,0.3146209223994513,-0.0037404986816472,0.9492101406679044,18.80271743483982,-0.0021528610331654,0.3433023124293639,0.357518710884843,0.3124099053653755
820,05/15/2023 12:46:21.562924,1216,True,True,True,True,Eyes,1.352334,-0.3038311,-3.231996,0.3428811,-0.0005723208,0.9393786,2.110651,2.076036,-0.305039,-1.249296,-0.2283886,-0.7159035,-0.6597885,0.6735373,-0.007500092,2.011999,1.341881,-0.3040133,-3.23999,-0.0005379971,0.01513587,0.003068934,0.9998806,359.933,1.734313,0.3507013,0.3844239,-0.08638652,-0.9191056,0,0,0,2.079459,-0.2943079,-1.239406,0.6767253,0.003199982,2.022,0.999523,0.006120849,-0.03027144,-0.006153422,0.9999806,-0.0009829636,0.03026484,0.001168768,0.9995413,static,18.317338844271752,-0.217610934508986,18.504422858018707,0.0906752275227611,0.7375779999999998,0.0097053999999999,2.000584,0.3142777028619294,-0.0036055765987965,0.9493242100186255,18.78245424914155,0.0058615032172475,0.3472732406433412,0.3606116829775976,0.2906799309898705
821,05/15/2023 12:46:21.572919,1217,True,True,True,True,Eyes,1.352387,-0.3038357,-3.231999,0.3428447,-0.0005872339,0.9393919,2.110635,2.076007,-0.3050751,-1.249286,-0.2299029,-0.7170789,-0.6579836,0.6736484,-0.007779668,2.012028,1.341873,-0.3040901,-3.240057,-0.0005064814,0.01510155,0.003385808,0.9998801,359.9361,1.730371,0.3870652,0.3844365,-0.08638762,-0.9191002,0,0,0,2.079309,-0.2940637,-1.239422,0.6767251,0.00320001,2.022,0.999521,0.006755507,-0.03020291,-0.006786101,0.9999765,-0.0009105794,0.03019606,0.001115103,0.9995434,static,18.318944778178903,-0.227487798675534,18.504417761633807,0.0906760209341401,0.7374359999999998,0.0100263999999999,2.000635,0.314304128562068,-0.0037691900160016,0.949314849205897,18.78403431019068,-0.0040122953806046,0.3543616997956402,0.3682776720088803,0.2952139757419685
822,05/15/2023 12:46:21.603128,1218,True,True,True,True,Eyes,1.352441,-0.3038382,-3.231997,0.3428079,-0.0006014585,0.9394053,2.110576,2.075963,-0.3051076,-1.249311,-0.1885894,-0.7213455,-0.6664045,0.6741223,-0.007594158,2.011913,1.341907,-0.3039964,-3.240154,-0.0004087662,0.01496396,0.003441304,0.999882,359.9473,1.714637,0.3936001,0.3844491,-0.08638868,-0.9190947,0,0,0,2.078792,-0.2942865,-1.239315,0.676725,0.003199997,2.022,0.9995285,0.006869562,-0.02992721,-0.006894029,0.999976,-0.0007144448,0.02992158,0.000920427,0.9995518,static,18.33246928836318,-0.2194617956754219,18.50441521344125,0.0906756525645713,0.736885,0.0097098999999999,2.000839,0.3145283519747439,-0.0036359252450162,0.9492410819041132,18.79724478163239,0.0041283825595622,0.3408583864476617,0.3546133640343632,0.305351577615591
823,05/15/2023 12:46:21.612970,1219,True,True,True,True,Eyes,1.352501,-0.3038414,-3.231994,0.3427329,-0.0005772263,0.9394327,2.110682,2.075901,-0.3050597,-1.249149,-0.1908556,-0.7220334,-0.6650128,0.6740975,-0.007597749,2.011935,1.341959,-0.303942,-3.240048,-0.0005485013,0.01494217,0.003042365,0.9998837,359.9319,1.712111,0.3476519,0.3844618,-0.08638966,-0.9190894,0,0,0,2.078763,-0.2942342,-1.239179,0.6767251,0.003200041,2.022,0.999535,0.00606763,-0.0298842,-0.006100413,0.9999809,-0.001005956,0.02987752,0.001187794,0.9995529,static,18.330503785756235,-0.2180788781119003,18.504417761633807,0.0906768993538811,0.736804,0.0097077999999999,2.000869,0.3144958202935924,-0.003613055017566,0.9492519668734968,18.79532223043628,0.0054971182656577,0.3407289223339166,0.3543673251360001,0.3031187969682629
824,05/15/2023 12:46:21.623023,1220,True,True,True,True,Eyes,1.35256,-0.3038466,-3.231987,0.3426694,-0.0005798668,0.9394559,2.111491,2.076103,-0.305071,-1.248334,-0.1841212,-0.7689746,-0.6121907,0.674174,-0.008307908,2.012717,1.341985,-0.3039609,-3.239986,-0.0008010995,0.01496135,0.002832559,0.9998838,359.9034,1.714243,0.3231784,0.3844747,-0.08639058,-0.919084,0,0,0,2.078866,-0.2935333,-1.239149,0.676725,0.00319999,2.022,0.9995363,0.005640489,-0.02992375,-0.005688431,0.9999827,-0.001517255,0.02991468,0.00168677,0.999551,static,18.324452738574543,-0.2386798362007422,18.50441521344125,0.0906754542117266,0.7368810000000001,0.0104275999999999,2.000837,0.3143951722262507,-0.0039545016757785,0.9492839825805544,18.789429620373586,-0.0151717192460175,0.3606699476063025,0.3753150672206371,0.3040342682790635
825,05/15/2023 12:46:21.642877,1221,True,True,True,True,Eyes,1.352617,-0.3038542,-3.231982,0.3426138,-0.0005744219,0.9394762,2.110006,2.075534,-0.3050662,-1.249682,-0.2538036,-0.6730419,-0.694693,0.6731766,-0.006875942,2.011447,1.342008,-0.3040059,-3.239926,-0.0005107951,0.01507398,0.00268064,0.9998826,359.9368,1.727254,0.306262,0.3844878,-0.08639152,-0.9190784,0,0,0,2.079345,-0.2949598,-1.23925,0.6767253,0.003199986,2.022,0.9995311,0.005345251,-0.03014717,-0.00537605,0.9999851,-0.0009406545,0.03014169,0.001102286,0.9995451,static,18.308256122312493,-0.1991603672296084,18.504422858018707,0.0906753408672439,0.7373369999999999,0.0090461,2.0006760000000003,0.3141275631077025,-0.0033000450389318,0.949375089243528,18.77355729491476,0.0242582848476311,0.3378502295657965,0.3499801792753918,0.2772085324330184
826,05/15/2023 12:46:21.662987,1222,True,True,True,True,Eyes,1.352674,-0.3038587,-3.231976,0.3425652,-0.0005612224,0.939494,2.109956,2.075471,-0.3050428,-1.249685,-0.25795,-0.6713681,-0.6947854,0.6728724,-0.006053753,2.011544,1.342027,-0.3040723,-3.239952,-0.0002444967,0.01512924,0.002918406,0.9998813,359.9669,1.73366,0.333963,0.384501,-0.08639254,-0.9190728,0,0,0,2.079585,-0.2957608,-1.239354,0.6767253,0.003199989,2.022,0.9995252,0.00582872,-0.0302563,-0.005843516,0.9999829,-0.0004006288,0.03025345,0.0005772418,0.9995421,static,18.298944810067745,-0.1773847421351673,18.504422858018707,0.0906754258756059,0.7375579999999997,0.0083115,2.000598,0.313973646946431,-0.0029393866121437,0.9494272569750276,18.764433409975886,0.0459815577277187,0.3270192201404828,0.3377535815705019,0.2638238597608223
827,05/15/2023 12:46:21.673242,1223,True,True,True,True,Eyes,1.352718,-0.3038625,-3.231972,0.3425357,-0.0005648523,0.9395046,2.109746,2.075381,-0.3050542,-1.249856,-0.2996609,-0.652143,-0.696357,0.6724893,-0.006553322,2.011411,1.342064,-0.3040058,-3.239908,-0.0003234504,0.01519381,0.002994759,0.99988,359.9577,1.741031,0.3425719,0.3845144,-0.08639354,-0.9190671,0,0,0,2.079878,-0.2952679,-1.239406,0.6767253,0.003199964,2.022,0.9995204,0.00597897,-0.03038592,-0.005998628,0.9999818,-0.0005558195,0.03038204,0.0007378267,0.9995381,static,18.289706751743665,-0.1895887291570152,18.504422858018707,0.0906747174725889,0.737814,0.0087378999999999,2.000502,0.3138203239298193,-0.0031417815428796,0.9494771465133278,18.75541694517001,0.0336926920084421,0.3418446588283029,0.3530589268247177,0.2573810074790167
828,05/15/2023 12:46:21.693138,1224,True,True,True,True,Eyes,1.352759,-0.3038678,-3.231967,0.3425055,-0.0005679011,0.9395157,2.108834,2.075046,-0.3050654,-1.250685,-0.3351864,-0.5797054,-0.7426922,0.6719886,-0.005467543,2.010707,1.342068,-0.3039888,-3.239977,-9.054042e-05,0.01524084,0.002867122,0.9998798,359.9846,1.746502,0.3283522,0.3845275,-0.08639452,-0.9190615,0,0,0,2.080075,-0.2963678,-1.239542,0.6767253,0.003200019,2.022,0.9995191,0.005730795,-0.03047853,-0.005736315,0.9999835,-9.366436e-05,0.0304775,0.0002684538,0.9995354,static,18.282563133496463,-0.1581323827005266,18.504422858018707,0.0906762759592262,0.7380069999999999,0.0076209999999999,2.0004350000000004,0.3137024390936127,-0.0026206099384612,0.949517773766594,18.748401571133456,0.0651232445476558,0.324010721898708,0.333357894745499,0.2453132076905971
829,05/15/2023 12:46:21.713265,1225,True,True,True,True,Eyes,1.352793,-0.3038709,-3.231963,0.3424463,-0.0005559057,0.9395372,2.108831,2.074954,-0.3050433,-1.250638,-0.3344335,-0.5774005,-0.7448241,0.6720063,-0.005424112,2.010687,1.34206,-0.3040323,-3.239946,-0.0001098509,0.01521566,0.002828126,0.9998804,359.9825,1.743611,0.3238507,0.3845403,-0.08639552,-0.9190561,0,0,0,2.079967,-0.2963892,-1.239474,0.6767254,0.003199957,2.022,0.999521,0.005652232,-0.0304283,-0.005658918,0.999984,-0.000133612,0.03042705,0.0003057391,0.9995369,static,18.281850488910788,-0.1580530115216996,18.504425406211045,0.0906745191197442,0.7379069999999999,0.0076430999999999,2.000472,0.3136906044806016,-0.0026193051311783,0.9495216013866676,18.747704944626676,0.0651970625396745,0.3244452505142093,0.3337738430587493,0.2446099642400331
830,05/15/2023 12:46:21.722954,1226,True,True,True,True,Eyes,1.352824,-0.3038762,-3.231959,0.3423754,-0.0005398482,0.9395631,2.109152,2.074946,-0.3050148,-1.250278,-0.2969084,-0.6129143,-0.7322442,0.672556,-0.005959291,2.010887,1.342026,-0.3039845,-3.239968,-0.0002514874,0.01508213,0.002790702,0.9998824,359.9664,1.728263,0.3193202,0.3845527,-0.08639649,-0.9190508,0,0,0,2.079397,-0.2958259,-1.2393,0.6767254,0.003199999,2.022,0.9995295,0.00557316,-0.03016212,-0.005588332,0.9999843,-0.0004187361,0.03015931,0.000587095,0.9995449,static,18.29281283665786,-0.1717778006655153,18.504425406211045,0.0906757092368127,0.7373710000000002,0.0081586,2.000668,0.3138720901229734,-0.0028465764194769,0.9494610223107496,18.758434073770072,0.0515455139078171,0.3268378732987633,0.3371375453030309,0.2570050104211936
831,05/15/2023 12:46:21.743229,1227,True,True,True,True,Eyes,1.352833,-0.3038793,-3.231959,0.3423059,-0.0005163819,0.9395884,2.109226,2.074834,-0.3049684,-1.250154,-0.2542942,-0.6216316,-0.7408836,0.6731895,-0.006100039,2.010768,1.342031,-0.3040422,-3.239981,-0.0002913272,0.01489436,0.002850508,0.999885,359.9618,1.70673,0.3261113,0.3845646,-0.08639748,-0.9190456,0,0,0,2.07865,-0.2956409,-1.239038,0.6767251,0.003200033,2.022,0.9995401,0.005691683,-0.02978696,-0.005709039,0.9999835,-0.0004976744,0.02978364,0.0006675003,0.9995561,static,18.310075588705388,-0.1773257560400843,18.504417761633807,0.0906766726649157,0.7366190000000001,0.0084013,2.0009430000000004,0.3141580468574158,-0.0029382199772851,0.9493661283707858,18.775312633552332,0.0461285441790473,0.3200872375331994,0.331050120027645,0.2745333629695114
832,05/15/2023 12:46:21.763160,1228,True,True,True,True,Eyes,1.352843,-0.3038815,-3.231958,0.3422308,-0.0004815132,0.9396158,2.109229,2.074686,-0.3048971,-1.250092,-0.2165556,-0.627857,-0.7475956,0.6737517,-0.006198836,2.010682,1.342043,-0.3040001,-3.240081,-0.0002990449,0.0147134,0.00291867,0.9998876,359.9608,1.685985,0.333915,0.3845756,-0.08639846,-0.919041,0,0,0,2.077936,-0.2954734,-1.238871,0.6767251,0.003200024,2.022,0.99955,0.005827883,-0.02942522,-0.005845482,0.9999828,-0.0005121354,0.02942173,0.0006839096,0.9995668,static,18.32622323044432,-0.1788511882768217,18.504417761633807,0.0906764176398296,0.7358929999999997,0.0085266999999999,2.00121,0.3144255779194815,-0.002963219323455,0.949277503796694,18.79109703768803,0.0447292062573117,0.3117223004527805,0.3231074454372785,0.2903379988096682
833,05/15/2023 12:46:21.773076,1229,True,True,True,True,Eyes,1.35285,-0.3038835,-3.231955,0.3421338,-0.0004528582,0.9396511,2.109169,2.074469,-0.3048386,-1.250072,-0.231079,-0.6241013,-0.7463913,0.6739531,-0.00680907,2.010532,1.342066,-0.3039846,-3.240068,-0.0004762411,0.01460318,0.002879146,0.9998891,359.9406,1.673297,0.3290943,0.3845858,-0.08639939,-0.9190367,0,0,0,2.077517,-0.294802,-1.238698,0.6767251,0.003199981,2.022,0.9995569,0.005743744,-0.02920585,-0.005771563,0.999983,-0.0008682872,0.02920037,0.001036466,0.9995731,static,18.332922374621543,-0.1957687506806414,18.504417761633807,0.0906751991866405,0.7354509999999999,0.0091825999999999,2.00137,0.3145362825125973,-0.0032433842262019,0.9492398745080805,18.79766265346465,0.027848090710747,0.3213978617433657,0.3338574608752289,0.2998996701304016
834,05/15/2023 12:46:21.793492,1230,True,True,True,True,Eyes,1.352859,-0.3038884,-3.231953,0.3420393,-0.0004241347,0.9396855,2.110285,2.074659,-0.3047835,-1.248949,-0.1865344,-0.702722,-0.6865762,0.6741683,-0.00731465,2.011608,1.342084,-0.3039816,-3.240043,-0.0006259654,0.01458455,0.002848008,0.9998893,359.9235,1.671116,0.3252775,0.3845951,-0.08640029,-0.9190327,0,0,0,2.077458,-0.2942407,-1.238648,0.6767251,0.003200008,2.022,0.9995584,0.005677126,-0.02916944,-0.005713644,0.999983,-0.001168719,0.02916231,0.001334866,0.9995738,static,18.329282793699544,-0.2098439610719787,18.504417761633807,0.0906759642618988,0.735374,0.0097408999999999,2.001395,0.3144757323729665,-0.003476646635975,0.9492590943581412,18.794120144663005,0.0137304114174777,0.3346684273951717,0.347828237088386,0.2997467077973161
835,05/15/2023 12:46:21.813279,1231,True,True,True,True,Eyes,1.35286,-0.3038926,-3.231949,0.3419251,-0.0004042715,0.9397271,2.110238,2.074404,-0.3047458,-1.248901,-0.2006867,-0.6996214,-0.6857511,0.6739556,-0.007262945,2.011618,1.342117,-0.3040602,-3.24004,-0.0006214089,0.01456543,0.002907966,0.9998896,359.924,1.668922,0.3321565,0.3846037,-0.08640124,-0.919029,0,0,0,2.077414,-0.2942532,-1.238617,0.6767251,0.003199994,2.022,0.9995588,0.005797187,-0.02913126,-0.005833392,0.9999823,-0.001157969,0.02912403,0.001327392,0.999575,static,18.324498633627204,-0.2104643603442199,18.504417761633807,0.0906755675562093,0.7352970000000001,0.009807,2.001423,0.3143964665829416,-0.0034870217806002,0.9492853429813024,18.78944473367621,0.0130716086604452,0.3376992470753242,0.3507935985711997,0.2954026899470549
836,05/15/2023 12:46:21.822752,1232,True,True,True,True,Eyes,1.352862,-0.303897,-3.231945,0.341818,-0.0003878981,0.9397661,2.109815,2.074035,-0.3047154,-1.249212,-0.2261083,-0.6698407,-0.70724,0.6735862,-0.006819413,2.011284,1.342096,-0.3040442,-3.240015,-0.000523621,0.01457347,0.002882871,0.9998895,359.9352,1.669877,0.3294438,0.3846116,-0.08640222,-0.9190257,0,0,0,2.077427,-0.2946661,-1.238602,0.6767251,0.003199986,2.022,0.9995586,0.005749844,-0.02914675,-0.005780368,0.9999828,-0.0009630994,0.02914071,0.001131153,0.9995747,static,18.31707906364128,-0.1972855491892583,18.504417761633807,0.0906753408672439,0.7353310000000002,0.0093781,2.0014130000000003,0.3142737761876886,-0.0032688130966009,0.949326775541392,18.782178911049733,0.0262046384178804,0.3313245387245357,0.3435364055928687,0.2851450992024431
837,05/15/2023 12:46:21.843159,1233,True,True,True,True,Eyes,1.35287,-0.3039022,-3.231946,0.3417058,-0.0004064053,0.9398068,2.109766,2.073789,-0.3047596,-1.249173,-0.2526791,-0.6634756,-0.7042396,0.6731934,-0.006709954,2.011331,1.342107,-0.3040518,-3.239984,-0.0005073803,0.01460749,0.002826434,0.9998892,359.9371,1.673784,0.3230022,0.3846187,-0.08640323,-0.9190226,0,0,0,2.077575,-0.2948182,-1.238621,0.6767254,0.003200009,2.022,0.9995573,0.005637418,-0.0292146,-0.005667064,0.9999835,-0.0009320741,0.02920887,0.001097223,0.9995728,static,18.30635661105737,-0.1942572654318675,18.504425406211045,0.0906759925980195,0.735468,0.0092336,2.0013630000000004,0.3140961346345122,-0.0032188368307919,0.9493856421614258,18.771695533056324,0.0291511557806601,0.3351938486408723,0.3470132694078898,0.2742601433845141
838,05/15/2023 12:46:21.862930,1234,True,True,True,True,Eyes,1.352878,-0.3039054,-3.231945,0.3415893,-0.0004066438,0.9398493,2.109759,2.073549,-0.3047633,-1.24909,-0.2685827,-0.6634268,-0.6983754,0.6731568,-0.0054463,2.011482,1.342127,-0.3040708,-3.240133,-0.0001573198,0.01455101,0.002935802,0.9998899,359.9771,1.667422,0.3361206,0.3846253,-0.08640427,-0.9190198,0,0,0,2.077371,-0.296092,-1.238682,0.6767251,0.0032,2.022,0.9995593,0.005866379,-0.02909973,-0.005875534,0.9999827,-0.0002291672,0.02909789,0.0004000427,0.9995765,static,18.305770625278228,-0.1586622606352204,18.504417761633807,0.0906757375729334,0.7352439999999998,0.0079787999999999,2.0014510000000003,0.314087010785773,-0.0026290391575151,0.9493906254819068,18.77108526296729,0.0647762098557888,0.3089498250052281,0.3187947962761017,0.267922268211163
839,05/15/2023 12:46:21.872990,1235,True,True,True,True,Eyes,1.352851,-0.3039106,-3.231947,0.3415003,-0.0004089534,0.9398816,2.1094,2.073212,-0.3047733,-1.249361,-0.2474128,-0.6425834,-0.7251714,0.6732678,-0.006424701,2.010994,1.342159,-0.3040298,-3.240086,-0.0003936743,0.01443329,0.002923265,0.9998915,359.9501,1.653853,0.334296,0.3846314,-0.08640529,-0.9190171,0,0,0,2.076929,-0.295119,-1.238466,0.6767254,0.003199994,2.022,0.9995663,0.005834532,-0.02886576,-0.00585726,0.9999826,-0.0007028786,0.02886116,0.000871648,0.9995831,static,18.31378559047628,-0.1852722704750644,18.504425406211045,0.0906755675562093,0.7347699999999997,0.0089107999999999,2.00162,0.3142194087439597,-0.0030698247153835,0.9493454500372068,18.77894718741094,0.0382035999676579,0.3239172899575392,0.3353964052543193,0.2794915307049151
840,05/15/2023 12:46:21.893346,1236,True,True,True,True,Eyes,1.352827,-0.3039155,-3.231949,0.341417,-0.0004201502,0.9399118,2.109215,2.072948,-0.3048017,-1.249473,-0.2472678,-0.6320837,-0.7343901,0.6732876,-0.006243999,2.010883,1.34216,-0.3040872,-3.24019,-0.0004542192,0.01436344,0.002643261,0.9998934,359.9436,1.645843,0.3021169,0.3846362,-0.08640639,-0.9190149,0,0,0,2.076654,-0.2953288,-1.238467,0.6767254,0.003199996,2.022,0.9995734,0.005272908,-0.02872621,-0.005299005,0.9999856,-0.0008324088,0.02872141,0.000984274,0.999587,static,18.31677841899704,-0.1817677499370479,18.504425406211045,0.0906756242284507,0.734494,0.0087584,2.001723,0.3142690356760655,-0.0030117052999942,0.949329152107346,18.781868700402228,0.0417351808116569,0.3194640682571328,0.3308123092286265,0.2817267266226047
841,05/15/2023 12:46:21.912874,1237,True,True,True,True,Eyes,1.352764,-0.303918,-3.231948,0.3413441,-0.0004136652,0.9399384,2.10884,2.072604,-0.3047903,-1.249768,-0.2793802,-0.5989467,-0.7504729,0.6728123,-0.0057608,2.010612,1.342191,-0.3040786,-3.240188,-0.0003698345,0.0143908,0.002543344,0.9998932,359.9534,1.649008,0.290806,0.3846399,-0.08640753,-0.9190133,0,0,0,2.076797,-0.2958006,-1.238504,0.6767252,0.003199961,2.022,0.9995729,0.0050755,-0.0287804,-0.005096789,0.9999868,-0.0006663884,0.02877664,0.0008127914,0.9995855,static,18.309241215429505,-0.1677629845643923,18.504420309826298,0.0906746324642269,0.7346060000000001,0.0082779999999999,2.001684,0.3141443960088452,-0.0027797825171629,0.9493712302274928,18.77448703132856,0.0556940400794609,0.3134416157749309,0.3238593534004916,0.2723227421765738
842,05/15/2023 12:46:21.922966,1238,True,True,True,True,Eyes,1.352704,-0.3039221,-3.231946,0.3412721,-0.0004056632,0.9399645,2.109845,2.072735,-0.304778,-1.248767,-0.2754841,-0.6736376,-0.6857994,0.6728406,-0.006863882,2.011592,1.342142,-0.3040414,-3.240124,-0.0005997662,0.01442096,0.002654745,0.9998924,359.9269,1.65239,0.3031891,0.3846417,-0.08640869,-0.9190124,0,0,0,2.076864,-0.2946805,-1.238487,0.6767253,0.00319998,2.022,0.99957,0.005291619,-0.028842,-0.005326216,0.9999852,-0.001122835,0.02883563,0.001275971,0.9995834,static,18.301325656635623,-0.1978685629972196,18.504422858018707,0.0906751708505198,0.7347220000000001,0.0093609,2.001637,0.314012746238484,-0.0032787713651314,0.949413143430926,18.766782056889507,0.0254965909023864,0.3409409016278926,0.3528540201732646,0.2703342311217423
843,05/15/2023 12:46:22.463110,1270,True,True,True,True,Eyes,1.337084,-0.3039343,-3.231173,0.03966292,0.004809407,0.9992016,0.0,0.0,0.0,0.0,0.0,0.0,0.0,-1.435433,0.3083999,3.199539,1.34196,-0.304189,-3.240253,-0.0004421722,0.0147549,0.002541243,0.9998879,359.945,1.690714,0.290426,0.3821052,-0.08653637,-0.9200563,0,0,0,1.408274,-0.3020329,-0.993633,-1.043081e-07,5.366746e-08,2.2476,0.9995517,0.005068867,-0.02950874,-0.005094963,0.9999866,-0.0008092537,0.02950424,0.0009592367,0.9995642,static,0.5835340647107401,0.217658665031604,-2.659020243383404e-06,1.368089942688719e-06,0.0663139999999999,0.0021560999999999,2.24662,0.0101843417662877,0.0037986544166725,0.9999409804926428,1.4488746703430395,0.3014426015133146,0.6228027417862485,0.6228080015981176,1.4799028119274191
844,05/15/2023 12:46:22.473302,1271,True,True,True,True,Eyes,1.337035,-0.3039363,-3.231178,0.03886052,0.004632446,0.9992339,0.0,0.0,0.0,0.0,0.0,0.0,0.0,-1.435089,0.3084862,3.199686,1.341983,-0.3042228,-3.240241,-0.000433372,0.01469765,0.002540026,0.9998887,359.9461,1.684156,0.2903047,0.3819874,-0.08654163,-0.9201049,0,0,0,1.40804,-0.302107,-0.9936131,-8.195639e-08,7.67177e-08,2.2476,0.9995551,0.005066748,-0.02939422,-0.005092226,0.9999868,-0.0007919827,0.02938982,0.0009413122,0.9995676,static,0.5440347473002279,0.2087453909384028,-2.0892308467379352e-06,1.9556862537599188e-06,0.066057,0.0021158,2.2466279,0.0094949918318662,0.0036431220519748,0.999948278298258,1.410277211318729,0.2922085643413576,0.5827046107230001,0.5827091051833732,1.4402334559717451
845,05/15/2023 12:46:22.493172,1272,True,True,True,True,Eyes,1.336989,-0.3039367,-3.231183,0.03809236,0.004468441,0.9992642,0.0,0.0,0.0,0.0,0.0,0.0,0.0,-1.43479,0.3081528,3.199868,1.341949,-0.3041663,-3.240276,-0.0004960599,0.01466027,0.002586021,0.999889,359.9388,1.679852,0.2954715,0.3818801,-0.08654647,-0.920149,0,0,0,1.407837,-0.3017662,-0.9936435,-2.607703e-07,8.009374e-08,2.2476,0.9995568,0.005156924,-0.02931986,-0.005186013,0.9999861,-0.0009161861,0.02931472,0.001067833,0.9995697,static,0.5042258985741553,0.1922534529685721,-6.647551883057602e-06,2.041748205827612e-06,0.0658879999999999,0.0024001,2.2466325,0.0088002386919645,0.0033553194165597,0.9999556159588072,1.371385204076847,0.2753860340739362,0.5396362192352978,0.539639755474863,1.3987680129109812
846,05/15/2023 12:46:22.513636,1273,True,True,True,True,Eyes,1.33691,-0.3039386,-3.231186,0.03731633,0.004306811,0.9992942,2.234295,1.420285,-0.2943159,-0.9984677,0.8212533,0.4725046,-0.3198162,0.01247515,0.007017593,2.243181,1.341973,-0.3041277,-3.240305,-0.0005691599,0.01468769,0.002656357,0.9998884,359.9303,1.682968,0.3034059,0.3817824,-0.08655085,-0.9201893,0,0,0,1.407983,-0.3013941,-0.9936765,-1.41561e-07,1.653098e-08,2.2476,0.9995544,0.005295401,-0.02937512,-0.005328841,0.9999852,-0.001060161,0.02936908,0.001216224,0.9995679,static,0.4565462912993548,0.1746709467765775,-3.608670512391634e-06,4.214074502648041e-07,0.0660099999999999,0.0027336,2.2466285000000004,0.0079681144469864,0.0030484815584955,0.999963584922794,1.3248014227576592,0.2574096872009467,0.4888200290466852,0.4888226709096282,1.3495806390926577
847,05/15/2023 12:46:22.523427,1274,True,True,True,True,Eyes,1.336833,-0.3039418,-3.231193,0.03656793,0.004120362,0.9993227,2.230029,1.418381,-0.2947533,-1.002674,0.6817532,0.4179781,-0.6004222,0.01053692,0.006234014,2.238894,1.342032,-0.3041641,-3.240279,-0.0006563783,0.01470951,0.002741192,0.9998879,359.9202,1.685435,0.3129777,0.3816924,-0.08655493,-0.9202262,0,0,0,1.408139,-0.3010326,-0.9936537,-2.235174e-07,-1.327135e-08,2.2476,0.9995522,0.005462459,-0.02941932,-0.005501079,0.9999841,-0.001231966,0.02941212,0.001393253,0.9995664,static,0.4110834367603632,0.1540153027989342,-5.69790161404938e-06,-3.3831301986160573e-07,0.0661070000000001,0.0031315,2.2466253000000003,0.0071746721740878,0.0026880017754205,0.9999706737442032,1.2803875477579745,0.236374722767842,0.4389914193669488,0.4389932736890845,1.302029198225476
848,05/15/2023 12:46:22.543388,1275,True,True,True,True,Eyes,1.336752,-0.3039426,-3.231197,0.03580831,0.003928551,0.9993509,2.229278,1.416579,-0.2951848,-1.003366,0.57547,0.5077574,-0.6411058,0.008960396,0.00757553,2.238239,1.342026,-0.304188,-3.240376,-0.0002648995,0.01466585,0.002897394,0.9998882,359.9648,1.680548,0.3315365,0.3816096,-0.08655874,-0.9202603,0,0,0,1.407941,-0.3028063,-0.9937431,-9.685755e-08,-2.013985e-08,2.2476,0.999553,0.005786371,-0.02932996,-0.005801911,0.9999831,-0.0004447544,0.02932689,0.0006147253,0.9995697,static,0.3726631767121795,0.1877203182784914,-2.469090954341228e-06,-5.134047005813094e-07,0.0659150000000001,0.0013817,2.2466329,0.0065041183094924,0.0032762622839496,0.9999734258765524,1.2427998372399798,0.2698090223069719,0.4172730599495896,0.4172754416565827,1.2717526324653068
849,05/15/2023 12:46:22.563031,1276,True,True,True,True,Eyes,1.336675,-0.3039415,-3.231204,0.03507561,0.003765961,0.9993775,2.228088,1.414827,-0.2955506,-1.004503,0.4970059,0.4858974,-0.7189499,0.007823154,0.007265455,2.237019,1.342077,-0.3041277,-3.240347,-0.0002416955,0.01452416,0.002860369,0.9998904,359.9676,1.664319,0.3273378,0.381533,-0.08656225,-0.9202918,0,0,0,1.407356,-0.3028546,-0.9936959,-2.384186e-07,1.915032e-08,2.2476,0.9995618,0.00571309,-0.02904652,-0.005727133,0.9999835,-0.0004002492,0.02904375,0.0005664271,0.999578,static,0.3468333030598576,0.1813457157960076,-6.077762741331962e-06,4.881796192939004e-07,0.065279,0.0012731,2.2466511,0.0060533154069487,0.0031650163433992,0.9999766039410652,1.217560293298957,0.2632241306557157,0.3913847735113813,0.3913868261306754,1.245694406304667
850,05/15/2023 12:46:22.573175,1277,True,True,True,True,Eyes,1.336597,-0.3039453,-3.23121,0.03435006,0.003601554,0.9994034,2.22682,1.413088,-0.2959253,-1.005719,0.3818133,0.4615007,-0.8007719,0.006275095,0.005679199,2.235811,1.342098,-0.304089,-3.240404,-0.0005122697,0.01448229,0.002512458,0.9998919,359.9371,1.659455,0.2870265,0.3814621,-0.08656545,-0.920321,0,0,0,1.407186,-0.301623,-0.9937477,-2.235174e-07,-2.863817e-08,2.2476,0.9995679,0.005009534,-0.02896403,-0.005039209,0.9999869,-0.0009516561,0.02895888,0.001097201,0.99958,static,0.3097732275501142,0.1419422536094692,-5.69790161404938e-06,-7.300437239625239e-07,0.065088,0.002466,2.2466563,0.0054065199704982,0.0024773209982991,0.9999823429277432,1.181379105837164,0.2234894719166704,0.3407491863821932,0.3407503386093667,1.2023385234106114
851,05/15/2023 12:46:22.592765,1278,True,True,True,True,Eyes,1.336523,-0.3039486,-3.231215,0.03365381,0.003446129,0.9994276,2.22558,1.411422,-0.296279,-1.006908,0.2809297,0.3923116,-0.8758825,0.004628129,0.005885543,2.234572,1.342118,-0.3042095,-3.240404,-0.0004191359,0.01448085,0.002327382,0.9998924,359.9481,1.659326,0.2659752,0.3813963,-0.08656849,-0.920348,0,0,0,1.407201,-0.3021741,-0.9937468,-1.266599e-07,-1.047738e-08,2.2476,0.9995698,0.004642123,-0.02896054,-0.004666402,0.9999889,-0.0007707766,0.02895664,0.0009055865,0.9995803,static,0.2699436960884754,0.1443133727917246,-3.2288119343072826e-06,-2.670891859560325e-07,0.065083,0.0020354,2.2466572,0.0047113738757758,0.002518712870041,0.9999857206060706,1.142446997720895,0.2255482130650345,0.306099906136118,0.3061009129664016,1.1645018836415817
852,05/15/2023 12:46:22.612995,1279,True,True,True,True,Eyes,1.336452,-0.3039502,-3.231219,0.032953,0.003303358,0.9994515,2.224982,1.409772,-0.2966003,-1.007457,0.1685832,0.3615171,-0.9169979,0.002951063,0.005418879,2.233936,1.342146,-0.3041976,-3.240365,-0.0004488039,0.01448459,0.002458206,0.999892,359.9445,1.659739,0.2809156,0.3813353,-0.08657138,-0.9203731,0,0,0,1.407245,-0.3020203,-0.9937087,-2.980232e-07,2.374873e-08,2.2476,0.9995683,0.004902878,-0.02896826,-0.004928881,0.9999875,-0.0008262984,0.02896385,0.0009687227,0.99958,static,0.2293334947743475,0.1326437631790961,-7.597202152065819e-06,6.054022058176382e-07,0.065099,0.0021772999999999,2.2466563,0.0040026033819372,0.0023150499180931,0.9999893664161484,1.1027666602410575,0.2135463780092073,0.2649361582237757,0.2649368675250734,1.1232599253413005
853,05/15/2023 12:46:22.623233,1280,True,True,True,True,Eyes,1.336387,-0.3039518,-3.231221,0.03228748,0.003158656,0.9994737,2.224483,1.40821,-0.2969254,-1.007908,0.08626519,0.3107761,-0.9465603,0.001727365,0.004676598,2.233429,1.342186,-0.3041566,-3.240355,-0.0005353385,0.01440224,0.002413857,0.9998933,359.9347,1.65028,0.2756958,0.3812786,-0.08657408,-0.9203964,0,0,0,1.406914,-0.3015941,-0.9936885,2.980232e-08,2.025627e-08,2.2476,0.9995735,0.004811779,-0.02880398,-0.004842619,0.9999878,-0.001001033,0.02879881,0.001140093,0.9995846,static,0.2005406598596207,0.114692917046432,7.597202152065864e-07,5.163724771656274e-07,0.0647279999999999,0.0025625,2.2466665,0.0035000808768544,0.0020017555684561,0.9999919389038424,1.0746433049532436,0.1953505543566799,0.2310203096098842,0.2310207746508477,1.092253742207071
854,05/15/2023 12:46:22.643224,1281,True,True,True,True,Eyes,1.336317,-0.3039534,-3.231225,0.03165339,0.003033295,0.9994943,2.224484,1.406729,-0.2972059,-1.007866,-0.04377335,0.3217885,-0.9457991,-0.0002232864,0.004842221,2.233402,1.342249,-0.3041602,-3.240331,-0.0004398048,0.01449304,0.002297941,0.9998923,359.9458,1.660718,0.2625669,0.381226,-0.08657661,-0.920418,0,0,0,1.407386,-0.3020337,-0.9936762,-2.384186e-07,-1.44355e-08,2.2476,0.9995694,0.004582639,-0.02898497,-0.004608136,0.999989,-0.0008129065,0.02898093,0.0009461231,0.9995795,static,0.1537446196562872,0.1188837179840266,-6.077762741331962e-06,-3.679895111056682e-07,0.065137,0.0021264999999999,2.2466548,0.0026833408153962,0.0020749033404457,0.9999942440673024,1.0289001736281014,0.1991757086052553,0.1943516585046537,0.1943520075908689,1.0480072440774637
855,05/15/2023 12:46:22.663662,1282,True,True,True,True,Eyes,1.336248,-0.3039534,-3.231232,0.03104408,0.002918938,0.9995137,2.224497,1.405306,-0.2974602,-1.007817,-0.1386091,0.304757,-0.9422902,-0.002022631,0.005699263,2.233451,1.342265,-0.3041565,-3.240376,-0.0001927349,0.01457319,0.002231068,0.9998913,359.9742,1.66997,0.2553127,0.3811769,-0.08657899,-0.9204382,0,0,0,1.407765,-0.303144,-0.9937312,-2.011657e-07,1.583248e-08,2.2476,0.9995654,0.004456032,-0.02914407,-0.004467268,0.99999,-0.0003204003,0.02914235,0.0004504554,0.9995751,static,0.1096469239567293,0.140946991461432,-5.128112472323739e-06,4.036013005985432e-07,0.0654999999999998,0.0010124999999999,2.2466448,0.0019136927755295,0.0024599819528058,0.9999950889172092,0.9857755782485612,0.2209120672560051,0.1785760794302754,0.17857635104459,1.0102304510221158
856,05/15/2023 12:46:22.673188,1283,True,True,True,True,Eyes,1.336182,-0.3039527,-3.231235,0.03045866,0.002819824,0.999532,2.224851,1.403948,-0.297679,-1.007425,-0.2506034,0.339764,-0.9065089,-0.003339104,0.005118452,2.233904,1.342239,-0.30412,-3.240475,-0.0002677449,0.01456608,0.002164971,0.9998916,359.9657,1.669138,0.2476144,0.3811309,-0.08658119,-0.9204571,0,0,0,1.407706,-0.3027748,-0.9938295,-1.937151e-07,5.518086e-08,2.2476,0.9995663,0.004321673,-0.02913016,-0.004337273,0.9999905,-0.0004723614,0.02912783,0.000598502,0.9995755,static,0.0768402497009902,0.1269418501968965,-4.938181908682446e-06,1.406669508765912e-06,0.0654669999999999,0.0013451999999999,2.2466455,0.001341111594988,0.0022155493291788,0.9999965965748316,0.9537249142061596,0.2066340798041752,0.1483880738380363,0.1483882040584357,0.9758574142480778
857,05/15/2023 12:46:22.693172,1284,True,True,True,True,Eyes,1.33612,-0.3039535,-3.231239,0.02989444,0.002738452,0.9995493,2.225396,1.402647,-0.2978593,-1.006846,-0.3714276,0.3139542,-0.8737702,-0.005168676,0.004742134,2.234331,1.342269,-0.3041085,-3.240363,-0.0003123189,0.0146741,0.002018463,0.9998903,359.9608,1.681513,0.2307489,0.3810879,-0.0865832,-0.9204747,0,0,0,1.408222,-0.3025715,-0.9937317,-1.043081e-07,6.367918e-08,2.2476,0.9995612,0.004027316,-0.02934624,-0.004045648,0.9999917,-0.000565331,0.02934372,0.0006838075,0.9995691,static,0.0320478384069446,0.117594566600379,-2.659020243383404e-06,1.6233085321471265e-06,0.0659530000000001,0.001537,2.2466313,0.0005593390854501,0.0020524105869078,0.9999977272690824,0.9099544129280116,0.1969237902154198,0.1218824389668629,0.1218824626325285,0.9310210591645852
858,05/15/2023 12:46:22.712975,1285,True,True,True,True,Eyes,1.336072,-0.3039537,-3.231243,0.02933066,0.002682915,0.9995662,2.225623,1.401351,-0.2979826,-1.006586,-0.4522736,0.2567953,-0.8541105,-0.00639277,0.003892303,2.234594,1.34231,-0.3041466,-3.240404,-0.0004845895,0.01464658,0.002015896,0.9998907,359.9411,1.67832,0.2301668,0.3810477,-0.08658508,-0.9204912,0,0,0,1.408138,-0.3018358,-0.9937698,-2.30968e-07,6.752089e-09,2.2476,0.9995629,0.004017156,-0.02929192,-0.004045547,0.9999914,-0.0009100211,0.02928801,0.001028125,0.9995705,static,0.0028313759422055,0.0948020542097873,-5.887832177690672e-06,1.721241335632268e-07,0.065828,0.0023108,2.2466342,4.941676671248695e-05,0.001654607287698,0.999998666831151,0.8814221057747758,0.1738782361956208,0.0948443297306076,0.0948443298922378,0.898414653197079
859,05/15/2023 12:46:22.722971,1286,True,True,True,True,Eyes,1.336027,-0.3039539,-3.231244,0.02879814,0.002628285,0.9995818,2.226687,1.400151,-0.2981016,-1.005488,-0.5608315,0.2759477,-0.7805901,-0.008048527,0.004180113,2.235651,1.34232,-0.3041352,-3.240402,-0.0003934247,0.01473908,0.00189844,0.9998895,359.9517,1.688947,0.2168573,0.3810102,-0.08658681,-0.9205066,0,0,0,1.408564,-0.3022411,-0.9937788,-1.341105e-07,6.519258e-09,2.2476,0.9995583,0.003784863,-0.02947639,-0.003808058,0.9999925,-0.0007308,0.0294734,0.000842725,0.9995652,static,-0.03831382069592,0.1024510010991054,-3.418742497948575e-06,1.6618880982243196e-07,0.0662439999999999,0.0018941,2.2466232,-0.0006687012065261,0.0017881059524806,0.999998185576624,0.8411984952107615,0.1812095521645914,0.1093794048835389,0.1093794334948276,0.860498403022543
860,05/15/2023 12:46:22.744015,1287,True,True,True,True,Eyes,1.335974,-0.3039541,-3.231246,0.02829182,0.002573997,0.9995964,2.228044,1.39901,-0.2982191,-1.004102,-0.6692107,0.2730881,-0.6910716,-0.009709775,0.004140943,2.236945,1.342312,-0.3041339,-3.240345,-0.0003768017,0.01484815,0.00187655,0.999888,359.9536,1.701452,0.2143722,0.3809754,-0.08658842,-0.9205209,0,0,0,1.409047,-0.302315,-0.9937363,-3.72529e-08,3.387686e-08,2.2476,0.999552,0.003741491,-0.0296944,-0.00376387,0.9999927,-0.0006977924,0.02969157,0.0008092456,0.9995588,static,-0.0798488550948309,0.1014125785116935,-9.496502690082328e-07,8.635883169405401e-07,0.0667349999999999,0.0018189,2.2466087,-0.0013936228019934,0.0017699807686274,0.9999974702047968,0.8006030132555635,0.1798419547703003,0.1290736119264349,0.1290737150917409,0.82055440008451
861,05/15/2023 12:46:22.763254,1288,True,True,True,True,Eyes,1.335924,-0.3039546,-3.231249,0.0278132,0.002508488,0.9996101,2.229755,1.397941,-0.2983613,-1.002364,-0.7769467,0.2641324,-0.5714788,-0.01139019,0.004015252,2.238676,1.342299,-0.304136,-3.240373,-0.0003748371,0.0149758,0.001835413,0.9998861,359.9539,1.716083,0.2096562,0.3809428,-0.08658992,-0.9205343,0,0,0,1.409607,-0.3023276,-0.9937821,-1.490116e-08,5.273614e-08,2.2476,0.9995447,0.003659181,-0.02994956,-0.003681635,0.999993,-0.0006946152,0.02994682,0.0008045624,0.9995512,static,-0.1219354853285002,0.0980750447175238,-3.798601076032932e-07,1.344348749693469e-06,0.0673080000000001,0.0018084,2.2465909,-0.0021281712023845,0.0017117279192574,0.9999963797450272,0.7594708221485023,0.1761686481288699,0.1564818282272541,0.1564820138214361,0.7796354440387891
862,05/15/2023 12:46:22.772760,1289,True,True,True,True,Eyes,1.335873,-0.3039549,-3.231253,0.02733885,0.002477792,0.9996232,2.231426,1.396878,-0.2984259,-1.000668,-0.8492336,0.2602982,-0.4593988,-0.01292206,0.004711468,2.240361,1.342304,-0.3041435,-3.2404,-0.0002072133,0.01506847,0.001866189,0.9998847,359.973,1.726738,0.2134676,0.3809122,-0.08659133,-0.9205469,0,0,0,1.41003,-0.3030857,-0.9938204,-2.235174e-07,4.156027e-08,2.2476,0.999539,0.003725704,-0.03013424,-0.003738193,0.999993,-0.0003581375,0.0301327,0.00047062,0.9995458,static,-0.1597072418140517,0.1155989971755781,-5.69790161404938e-06,1.0594536689909992e-06,0.0677259999999999,0.0010577999999999,2.2465796,-0.0027874080573553,0.002017574000926,0.9999941269338688,0.7225340207582203,0.1934112436979266,0.1971479847726836,0.1971483358630619,0.7479780373850761
863,05/15/2023 12:46:22.793214,1290,True,True,True,True,Eyes,1.335824,-0.3039552,-3.231256,0.02689007,0.002443752,0.9996354,0.0,0.0,0.0,0.0,0.0,0.0,0.0,-1.438907,0.3080773,3.198313,1.342281,-0.3041415,-3.240425,-0.0002006779,0.01518393,0.001879575,0.999883,359.9737,1.739971,0.2150095,0.3808833,-0.08659264,-0.9205587,0,0,0,1.410526,-0.3031113,-0.9938609,-2.30968e-07,3.183959e-08,2.2476,0.9995319,0.003752615,-0.03036506,-0.003764803,0.9999929,-0.0003442302,0.03036355,0.0004583875,0.9995388,static,-0.198664439376744,0.1145003122757104,-5.887832177690672e-06,8.116542660735632e-07,0.0682449999999998,0.0010302,2.2465641,-0.0034673346690732,0.0019983940814945,0.9999919823343536,0.6844581945808064,0.1920036924455183,0.2292927072329559,0.2292931654985496,0.7108840878410404
864,05/15/2023 12:46:22.813946,1291,True,True,True,True,Eyes,1.335789,-0.3039564,-3.231259,0.02640767,0.002459285,0.9996483,0.0,0.0,0.0,0.0,0.0,0.0,0.0,-1.439376,0.308571,3.198022,1.342251,-0.3041391,-3.240405,-0.0001433712,0.01526658,0.001924926,0.9998816,359.9802,1.749454,0.220304,0.3808562,-0.08659386,-0.9205698,0,0,0,1.410868,-0.3033626,-0.9938524,-2.831221e-07,-2.328306e-10,2.2476,0.9995264,0.003845019,-0.03053009,-0.003853775,0.9999925,-0.0002279344,0.03052899,0.0003454826,0.9995338,static,-0.2357583298126728,0.1220206886487754,-7.217343573981474e-06,-5.935313544001898e-09,0.0686169999999999,0.0007765,2.2465526,-0.0041147384334005,0.0021296432795189,0.9999893351219086,0.6481944890660931,0.1992383214989886,0.265456777698374,0.2654574107784546,0.6781307862877356
865,05/15/2023 12:46:22.823452,1292,True,True,True,True,Eyes,1.335756,-0.3039564,-3.231263,0.02594079,0.002480268,0.9996604,0.0,0.0,0.0,0.0,0.0,0.0,0.0,-1.439563,0.3088578,3.197917,1.342226,-0.3041638,-3.240421,-0.0001462555,0.01530945,0.002025692,0.9998807,359.9797,1.754364,0.2318437,0.3808308,-0.08659502,-0.9205803,0,0,0,1.411036,-0.3033671,-0.9938741,-2.458692e-07,4.132744e-09,2.2476,0.9995231,0.004046424,-0.03061583,-0.00405538,0.9999918,-0.0002304516,0.03061465,0.0003545005,0.9995312,static,-0.267400514803686,0.1228822244429282,-6.267693304973253e-06,1.0535183707421869e-07,0.06881,0.0007966999999999,2.2465469,-0.0046669917100068,0.0021446743988115,0.9999868055146718,0.6172663309280937,0.1998506957193301,0.2942775221854637,0.2942782672574457,0.6488187107960511
866,05/15/2023 12:46:22.843438,1293,True,True,True,True,Eyes,1.335753,-0.3039571,-3.231267,0.02544929,0.002543709,0.9996729,0.0,0.0,0.0,0.0,0.0,0.0,0.0,-1.439286,0.308256,3.19811,1.34223,-0.304136,-3.240431,-0.0002221915,0.01526224,0.001995363,0.9998816,359.971,1.748937,0.2282367,0.3808072,-0.08659609,-0.92059,0,0,0,1.410827,-0.3030004,-0.9938778,-2.607703e-07,-2.444722e-09,2.2476,0.9995262,0.003983471,-0.03052174,-0.003997035,0.999992,-0.000383423,0.03051997,0.0005052378,0.999534,static,-0.2901705599626532,0.1179546562256643,-6.647551883057602e-06,-6.232081005640758e-08,0.068597,0.0011356,2.2465532,-0.0050643993937207,0.0020586693090594,0.9999850786641008,0.5950159551330143,0.1947384234543666,0.3132218636971645,0.3132226232137504,0.6260790489610062
867,05/15/2023 12:46:22.863162,1294,True,True,True,True,Eyes,1.33575,-0.303959,-3.231273,0.02497613,0.002596611,0.9996847,0.0,0.0,0.0,0.0,0.0,0.0,0.0,-1.439465,0.3081792,3.198037,1.342223,-0.3041514,-3.240433,-0.0002235357,0.01528842,0.001965197,0.9998812,359.9709,1.751939,0.2247772,0.3807858,-0.08659706,-0.9205987,0,0,0,1.410937,-0.3030116,-0.9938836,-1.41561e-07,-2.502929e-09,2.2476,0.9995248,0.003923092,-0.03057409,-0.003936762,0.9999922,-0.0003869286,0.03057233,0.0005071077,0.9995324,static,-0.3202855500194333,0.1209796583019352,-3.608670512391634e-06,-6.380462187261952e-08,0.0687140000000001,0.0011398,2.2465494,-0.0055899959567825,0.0021114588576593,0.9999821711206895,0.5655782052009702,0.1975284379289795,0.3423682305955718,0.3423691211473567,0.5990828800585757
868,05/15/2023 12:46:22.872924,1295,True,True,True,True,Eyes,1.335761,-0.3039579,-3.231279,0.02450886,0.002664694,0.9996961,0.0,0.0,0.0,0.0,0.0,0.0,0.0,-1.439326,0.3089378,3.19807,1.342208,-0.3041807,-3.240479,-0.0001236154,0.01527208,0.001996167,0.9998814,359.9823,1.750088,0.2285011,0.3807664,-0.08659799,-0.9206067,0,0,0,1.41085,-0.303488,-0.9939272,-2.235174e-07,2.50584e-08,2.2476,0.9995256,0.003988085,-0.03054103,-0.003995636,0.999992,-0.0001862302,0.03054005,0.0003081727,0.9995335,static,-0.3451464697263609,0.1363992448061482,-5.69790161404938e-06,6.387882903321864e-07,0.0686419999999998,0.0006927,2.2465518,-0.0060238890290576,0.0023805705689927,0.9999790611870604,0.5412627468520309,0.2127666242319205,0.3711143111731504,0.3711155239267105,0.5815848122568442
869,05/15/2023 12:46:22.893962,1296,True,True,True,True,Eyes,1.33577,-0.3039575,-3.231288,0.02406546,0.00273591,0.9997066,0.0,0.0,0.0,0.0,0.0,0.0,0.0,-1.439472,0.3085304,3.198051,1.34222,-0.3041098,-3.240488,-0.0001715026,0.01529177,0.001985964,0.9998811,359.9769,1.752333,0.2272477,0.3807491,-0.08659876,-0.9206138,0,0,0,1.41095,-0.3032024,-0.9939392,-2.905726e-07,3.026798e-08,2.2476,0.9995245,0.003966211,-0.03058058,-0.003976702,0.9999921,-0.0002822267,0.03057922,0.0004037023,0.9995322,static,-0.3728127188488017,0.1351089215918206,-7.40727158842453e-06,7.715908117042113e-07,0.0687299999999999,0.0009074,2.2465488,-0.0065067451645512,0.0023580433294014,0.9999760094877876,0.5142229593271337,0.2112564563274737,0.396531186776124,0.3965324861053356,0.5559333001950971
870,05/15/2023 12:46:22.913017,1297,True,True,True,True,Eyes,1.335802,-0.3039579,-3.231295,0.02362284,0.002821857,0.9997169,0.0,0.0,0.0,0.0,0.0,0.0,0.0,-1.439838,0.3081844,3.197967,1.34219,-0.3041259,-3.240546,-0.0002446343,0.01535693,0.002024792,0.9998801,359.9684,1.759783,0.2315664,0.3807337,-0.08659942,-0.9206201,0,0,0,1.411212,-0.3028865,-0.9940059,-6.705523e-08,7.770723e-08,2.2476,0.9995202,0.004041585,-0.03071116,-0.004056612,0.9999917,-0.0004270207,0.03070918,0.000551399,0.9995282,static,-0.4056333039264644,0.1317324420348337,-1.7093707391346426e-06,1.980911335047328e-06,0.0690219999999999,0.0012394,2.2465401000000003,-0.0070795584392829,0.0022991050655409,0.999972237394822,0.4821474940241065,0.2076173758418884,0.4264841676204473,0.4264855271748737,0.5249495276180882
871,05/15/2023 12:46:22.923193,1298,True,True,True,True,Eyes,1.335832,-0.3039581,-3.231301,0.02321024,0.00290584,0.9997264,0.0,0.0,0.0,0.0,0.0,0.0,0.0,-1.44034,0.3078278,3.197747,1.342198,-0.3041494,-3.240513,-0.0002679168,0.01542633,0.001941686,0.9998791,359.9659,1.767734,0.2220009,0.3807206,-0.08659998,-0.9206254,0,0,0,1.411532,-0.3028106,-0.993983,-1.341105e-07,2.258457e-08,2.2476,0.9995165,0.003874637,-0.03084997,-0.003891169,0.9999923,-0.0004758626,0.03084789,0.000595675,0.9995239,static,-0.4372439429910289,0.1340629864361717,-3.418742497948575e-06,5.757254596537523e-07,0.069334,0.0013388,2.24653,-0.0076312516090433,0.0023397702906965,0.999968161232041,0.4512486204221544,0.2097004391180966,0.4573298705178223,0.457331396266097,0.4975966595116445
872,05/15/2023 12:46:22.943329,1299,True,True,True,True,Eyes,1.335878,-0.3039628,-3.231309,0.02279945,0.00299257,0.9997355,0.0,0.0,0.0,0.0,0.0,0.0,0.0,-1.441449,0.3071142,3.197291,1.342195,-0.304145,-3.24049,-0.0002855334,0.01557952,0.001726867,0.9998771,359.9642,1.785295,0.1973507,0.3807094,-0.08660045,-0.92063,0,0,0,1.412217,-0.3027407,-0.9939816,-9.685755e-08,3.87663e-08,2.2476,0.9995086,0.003444412,-0.0311562,-0.003462206,0.9999939,-0.0005171892,0.03115423,0.0006248042,0.9995144,static,-0.4783924697279649,0.1373178717714881,-2.469090954341228e-06,9.88229835085426e-07,0.070022,0.0014043,2.2465084,-0.0083494020559323,0.0023965629589801,0.9999621914487812,0.4110263872245078,0.212633386228242,0.497705903676202,0.4977076644126257,0.4627712797944031
873,05/15/2023 12:46:22.963143,1300,True,True,True,True,Eyes,1.335923,-0.3039643,-3.231317,0.02239784,0.003089198,0.9997443,0.0,0.0,0.0,0.0,0.0,0.0,0.0,-1.441778,0.3092468,3.197011,1.342188,-0.3042542,-3.240556,-0.0001356623,0.0156691,0.002106822,0.9998751,359.9807,1.795584,0.241151,0.3807004,-0.08660093,-0.9206337,0,0,0,1.412613,-0.303496,-0.9940592,-7.450581e-09,-2.939487e-09,2.2476,0.9995001,0.004208867,-0.03133487,-0.004217369,0.9999911,-0.0002052666,0.03133372,0.0003373147,0.9995089,static,-0.5114993669879205,0.1598329541659837,-1.8993007929362898e-07,-7.493335070011205e-08,0.0704249999999999,0.0007581999999999,2.2464968,-0.0089271941898444,0.0027894963455985,0.9999561968793802,0.3786437838729181,0.2349088309010701,0.5358873862767514,0.5358899190336738,0.4455933717389092
874,05/15/2023 12:46:22.973149,1301,True,True,True,True,Eyes,1.335986,-0.3039618,-3.231324,0.02200855,0.003200254,0.9997527,0.0,0.0,0.0,0.0,0.0,0.0,0.0,-1.4411,0.3086851,3.197358,1.34221,-0.304177,-3.24054,-0.0003035459,0.01557965,0.002321636,0.999876,359.9611,1.785283,0.265466,0.3806933,-0.08660135,-0.9206367,0,0,0,1.412232,-0.30265,-0.9940315,-1.490116e-08,-2.328306e-09,2.2476,0.9995038,0.004633239,-0.03115684,-0.004652155,0.999989,-0.0005346758,0.03115402,0.0006793569,0.9995143,static,-0.5235020392843992,0.1468718773706578,-3.798601076032932e-07,-5.9353135440018994e-08,0.070022,0.001527,2.2465085,-0.0091366774454659,0.0025632881357835,0.9999550138557468,0.3669259679172341,0.2218402949311287,0.5437121961449056,0.543714404091877,0.4287751012852618
875,05/15/2023 12:46:22.992925,1302,True,True,True,True,Eyes,1.336045,-0.3039575,-3.231326,0.02163334,0.003318944,0.9997604,0.0,0.0,0.0,0.0,0.0,0.0,0.0,-1.441693,0.3078746,3.197172,1.342234,-0.3040835,-3.240543,-0.0002934853,0.0156415,0.002040316,0.9998756,359.9627,1.792384,0.2332486,0.3806884,-0.08660159,-0.9206387,0,0,0,1.412534,-0.3026209,-0.9940427,-5.215406e-08,2.095476e-09,2.2476,0.9995024,0.004070943,-0.03128029,-0.004089305,0.9999915,-0.0005230703,0.03127789,0.0006507247,0.9995105,static,-0.5521540930502312,0.1551360402999137,-1.329510376611526e-06,5.341783719120648e-08,0.0703,0.0014625999999999,2.2465003,-0.0096367218117917,0.0027075054860936,0.999949837343732,0.3389125770310871,0.229886133082583,0.5735301811579728,0.5735327791073275,0.4095244140107179
876,05/15/2023 12:46:23.014144,1303,True,True,True,True,Eyes,1.33612,-0.3039526,-3.231324,0.02156748,0.003412935,0.9997616,0.0,0.0,0.0,0.0,0.0,0.0,0.0,-1.44167,0.3063505,3.197181,1.342221,-0.3040418,-3.240406,-0.0004439223,0.01562221,0.001855741,0.9998761,359.9458,1.790149,0.2118317,0.3806854,-0.08660161,-0.92064,0,0,0,1.412434,-0.3019162,-0.9939033,5.960464e-08,3.934838e-08,2.2476,0.999505,0.003697151,-0.0312422,-0.003724892,0.9999927,-0.0008297531,0.0312389,0.000945716,0.9995115,static,-0.5537928856090191,0.1434192289045887,1.5194404304131726e-06,1.003068208167369e-06,0.0702129999999998,0.0021255999999999,2.2465027,-0.0096653287516556,0.0025030182952182,0.9999501874958378,0.3373231638232228,0.2181449584765784,0.5720615950701933,0.5720638343455463,0.4017121818545214
877,05/15/2023 12:46:23.022800,1304,True,True,True,True,Eyes,1.336191,-0.3039581,-3.231322,0.02149507,0.003477076,0.9997629,0.0,0.0,0.0,0.0,0.0,0.0,0.0,-1.442117,0.3058774,3.196936,1.342209,-0.3040244,-3.240325,-0.0004616412,0.01568252,0.001732754,0.9998754,359.944,1.797065,0.1977051,0.3806846,-0.08660144,-0.9206403,0,0,0,1.412693,-0.3018273,-0.9938312,-7.450581e-09,2.607703e-08,2.2476,0.9995022,0.003450596,-0.03136274,-0.003479555,0.9999936,-0.0008688195,0.03135954,0.0009775152,0.9995077,static,-0.5648860850251246,0.1451744837643129,-1.8993007929362898e-07,6.647551883057632e-07,0.0704839999999999,0.0021970999999999,2.2464938,-0.0098589306400783,0.0025336468582199,0.9999481818716688,0.3264787578151815,0.2198142774459209,0.5832398999383397,0.5832422414426313,0.3935816657886952
878,05/15/2023 12:46:23.043520,1305,True,True,True,True,Eyes,1.336251,-0.3039607,-3.231321,0.02165449,0.003504458,0.9997594,0.0,0.0,0.0,0.0,0.0,0.0,0.0,-1.441193,0.3090545,3.19704,1.342206,-0.30427,-3.240296,-0.0001344303,0.0155686,0.002029648,0.9998767,359.981,1.784067,0.2323127,0.3806855,-0.08660137,-0.9206399,0,0,0,1.412179,-0.3035237,-0.9937859,-1.639128e-07,3.119931e-08,2.2476,0.999507,0.004054611,-0.03113391,-0.004062982,0.9999918,-0.0002056298,0.03113282,0.000332025,0.9995152,static,-0.5425099139581454,0.1839776727641579,-4.178462203315512e-06,7.953322596192847e-07,0.069973,0.0007462999999999,2.2465101,-0.0094683941980325,0.0032108667743967,0.9999500467009648,0.3483084471429551,0.2588320624812801,0.5728489491770272,0.5728524805528774,0.4339531195992568
879,05/15/2023 12:46:23.063182,1306,True,True,True,True,Eyes,1.336307,-0.3039578,-3.23132,0.02179602,0.003518057,0.9997562,0.0,0.0,0.0,0.0,0.0,0.0,0.0,-1.439886,0.3130381,3.197291,1.342217,-0.3042066,-3.240347,0.0004626756,0.01537136,0.002103437,0.9998796,0.04930728,1.761605,0.2418229,0.3806879,-0.08660132,-0.920639,0,0,0,1.41131,-0.3061407,-0.9938098,-8.195639e-08,4.540198e-08,2.2476,0.9995186,0.004220591,-0.03073706,-0.004192144,0.9999908,0.000989905,0.03074095,-0.0008605742,0.999527,static,-0.5116172228860795,0.2530471920181906,-2.0892308467379352e-06,1.1573864724761405e-06,0.069093,-0.0019340999999999,2.2465372,-0.0089291988736979,0.0044163160226775,0.9999503328723872,0.3784303243191681,0.3282129532497144,0.5707674951293743,0.5707734582370647,0.5009332036999182
880,05/15/2023 12:46:23.073434,1307,True,True,True,True,Eyes,1.336406,-0.3039529,-3.231323,0.02198311,0.003485432,0.9997522,0.0,0.0,0.0,0.0,0.0,0.0,0.0,-1.439059,0.3133653,3.1976,1.342199,-0.304073,-3.240335,0.0006189984,0.01522638,0.00190784,0.999882,0.06759482,1.745016,0.2196773,0.3806914,-0.08660115,-0.9206376,0,0,0,1.410641,-0.3067245,-0.993779,-1.266599e-07,3.958121e-08,2.2476,0.999529,0.00383408,-0.03044682,-0.003796379,0.999992,0.00129595,0.03045154,-0.001179752,0.9995356,static,-0.4843405891981184,0.2691619289937869,-3.2288119343072826e-06,1.0090035064161814e-06,0.0684420000000001,-0.0026515,2.246556,-0.0084531434717868,0.0046975764467355,0.9999531708571714,0.4050736716124712,0.3445588995665402,0.5540969022741585,0.5541031307580482,0.531796422709566
881,05/15/2023 12:46:23.093340,1308,True,True,True,True,Eyes,1.336501,-0.3039488,-3.231325,0.02214742,0.003467473,0.9997487,0.0,0.0,0.0,0.0,0.0,0.0,0.0,-1.437636,0.3106379,3.198568,1.34219,-0.3040289,-3.240405,0.000250062,0.01499307,0.001797999,0.999886,0.02556263,1.718192,0.2064421,0.3806969,-0.08660077,-0.9206353,0,0,0,1.409581,-0.3050316,-0.9938154,2.235174e-08,1.89757e-08,2.2476,0.999544,0.003603087,-0.02998181,-0.00358809,0.9999934,0.0005539821,0.02998361,-0.000446152,0.9995503,static,-0.4483172605571346,0.2258574922145352,5.697901614049399e-07,4.83728209337247e-07,0.0673909999999999,-0.0010027,2.2465896,-0.0078244716378142,0.0039418259905622,0.9999616164557528,0.4403287275856613,0.3014968884626333,0.5019921326350204,0.5019962801552409,0.5336562269995191
882,05/15/2023 12:46:23.113287,1309,True,True,True,True,Eyes,1.336613,-0.3039483,-3.231329,0.02215693,0.003374985,0.9997488,0.0,0.0,0.0,0.0,0.0,0.0,0.0,-1.43644,0.3095748,3.199214,1.342213,-0.3040491,-3.240399,8.262774e-05,0.01480202,0.001796921,0.9998888,0.006419477,1.696263,0.2060297,0.3807042,-0.08660021,-0.9206324,0,0,0,1.408744,-0.3043009,-0.9937842,-1.341105e-07,3.984314e-08,2.2476,0.9995554,0.003595888,-0.02960045,-0.003590995,0.9999935,0.0002184332,0.02960104,-0.000112041,0.9995618,static,-0.4259321029275772,0.2013305178199821,-3.418742497948575e-06,1.0156806213511614e-06,0.0665309999999999,-0.0002517999999999,2.2466148,-0.0074338031618058,0.0035137760677845,0.999966186988596,0.46223396314651,0.2771228805454868,0.4711112669508689,0.4711144366746957,0.5389433413651061
883,05/15/2023 12:46:23.124971,1310,True,True,True,True,Eyes,1.336722,-0.3039471,-3.231334,0.02215271,0.003285244,0.9997492,0.0,0.0,0.0,0.0,0.0,0.0,0.0,-1.435176,0.309216,3.199862,1.342225,-0.3041349,-3.240431,-3.483034e-06,0.01460613,0.001837296,0.9998917,-0.003474236,1.673794,0.2105104,0.3807134,-0.08659957,-0.9206287,0,0,0,1.407875,-0.3039986,-0.9937901,-1.341105e-07,2.550951e-08,2.2476,0.9995666,0.003674092,-0.02920911,-0.003674295,0.9999932,4.670623e-05,0.02920908,6.063687e-05,0.9995733,static,-0.4037459788005165,0.1862460727533795,-3.418742497948575e-06,6.502879784867275e-07,0.0656499999999999,0.0001362999999999,2.2466409,-0.0070466011204046,0.0032505207564771,0.9999698884549398,0.4839347079174594,0.2621990289728984,0.444626939893133,0.4446295224020988,0.550403579403468
884,05/15/2023 12:46:23.143328,1311,True,True,True,True,Eyes,1.336856,-0.3039467,-3.231337,0.0220253,0.00308775,0.9997526,0.0,0.0,0.0,0.0,0.0,0.0,0.0,-1.434127,0.3093826,3.20036,1.342268,-0.3041216,-3.240458,8.3604e-06,0.01443909,0.001875322,0.999894,-0.002144975,1.654654,0.2148877,0.3807243,-0.08659885,-0.9206242,0,0,0,1.407168,-0.3040374,-0.9937949,-2.905726e-07,4.091999e-08,2.2476,0.999576,0.003750489,-0.02887508,-0.003750006,0.9999929,7.087492e-05,0.02887514,3.743686e-05,0.999583,static,-0.3919310791952102,0.1762456928978344,-7.40727158842453e-06,1.0431316625367208e-06,0.0648999999999999,8.419999999997874e-05,2.2466631,-0.0068404017543744,0.0030759906758701,0.9999718278192208,0.4954931997753412,0.2522822541080377,0.4297259630050588,0.4297282178136494,0.5560275721540993
885,05/15/2023 12:46:23.163243,1312,True,True,True,True,Eyes,1.336987,-0.3039442,-3.231341,0.02189623,0.002914649,0.999756,0.0,0.0,0.0,0.0,0.0,0.0,0.0,-1.433837,0.3092218,3.200498,1.342316,-0.3041335,-3.240429,4.422129e-06,0.01438133,0.001822387,0.999895,-0.002496571,1.648034,0.208816,0.3807374,-0.08659806,-0.9206189,0,0,0,1.406956,-0.3040356,-0.9937591,-2.160668e-07,4.140747e-08,2.2476,0.9995798,0.003644519,-0.02875963,-0.003644265,0.9999933,6.126004e-05,0.02875966,4.357339e-05,0.9995863,static,-0.3927645544629536,0.1659372390553881,-5.507971050408087e-06,1.0555584940890597e-06,0.06464,9.789999999998412e-05,2.2466699,-0.0068549522238499,0.0028960790776299,0.9999723105961436,0.4946894235336889,0.2419571718838471,0.4263716224537908,0.4263736455208552,0.5506957757997846
886,05/15/2023 12:46:23.173326,1313,True,True,True,True,Eyes,1.337124,-0.3039434,-3.231343,0.02175081,0.002705392,0.9997598,0.0,0.0,0.0,0.0,0.0,0.0,0.0,-1.433453,0.3074007,3.200878,1.342366,-0.3040872,-3.240445,-0.0002025648,0.01429764,0.001663641,0.9998964,359.9741,1.638404,0.190288,0.3807524,-0.08659714,-0.9206128,0,0,0,1.406628,-0.3030698,-0.9937645,4.470348e-08,3.166497e-08,2.2476,0.9995856,0.003321145,-0.02859299,-0.00333273,0.9999944,-0.0003575153,0.02859164,0.0004526599,0.9995911,static,-0.3916402051329682,0.1303772805118036,1.1395803228098796e-06,8.072028561169099e-07,0.064262,0.0010174,2.2466805,-0.0068353403936888,0.0022754577771374,0.9999740871598508,0.4958258562450706,0.2063714517492178,0.4127710125095618,0.4127722951959271,0.537057718114318
887,05/15/2023 12:46:23.193167,1314,True,True,True,True,Eyes,1.337255,-0.3039422,-3.231348,0.02160419,0.002502322,0.9997635,0.0,0.0,0.0,0.0,0.0,0.0,0.0,-1.433775,0.3070358,3.200747,1.342389,-0.3041259,-3.240411,-0.0002285036,0.01433598,0.00157823,0.999896,359.9712,1.642795,0.1804579,0.3807691,-0.08659617,-0.920606,0,0,0,1.406824,-0.3029971,-0.9937347,7.450581e-09,1.210719e-08,2.2476,0.999584,0.00314958,-0.0286697,-0.003162683,0.9999949,-0.0004117087,0.02866825,0.0005022106,0.9995888,static,-0.4045028351415288,0.1158762714367542,1.8993007929362898e-07,3.086362736977199e-07,0.064435,0.0011287999999999,2.2466763,-0.0070598334294646,0.0020223707414312,0.9999730633080728,0.4832691361739644,0.1917546887744314,0.4207719616852733,0.4207730220047625,0.5199217409436195
888,05/15/2023 12:46:23.213196,1315,True,True,True,True,Eyes,1.337401,-0.3039453,-3.231352,0.02141943,0.002285165,0.999768,0.0,0.0,0.0,0.0,0.0,0.0,0.0,-1.433239,0.3070895,3.201041,1.342389,-0.3041154,-3.24047,-0.0002014685,0.01424838,0.001538933,0.9998973,359.9744,1.632762,0.176002,0.3807873,-0.08659513,-0.9205986,0,0,0,1.40643,-0.3031113,-0.9937829,-5.215406e-08,5.413312e-09,2.2476,0.9995893,0.003071809,-0.02849446,-0.003083292,0.9999952,-0.0003590411,0.02849322,0.0004467503,0.9995939,static,-0.4050961437308848,0.1065816924218591,-1.329510376611526e-06,1.379960539186344e-07,0.064041,0.0010041,2.2466871,-0.007070190597528,0.0018601539512802,0.99997330965221,0.4826990313692779,0.1824463666905704,0.4188802682575361,0.4188811719953153,0.516029325482768
889,05/15/2023 12:46:23.223303,1316,True,True,True,True,Eyes,1.337542,-0.3039473,-3.231359,0.02123594,0.002028573,0.9997724,0.0,0.0,0.0,0.0,0.0,0.0,0.0,-1.433069,0.3076126,3.20109,1.342414,-0.3042153,-3.240473,-0.0001469787,0.01422055,0.00156502,0.9998977,359.9806,1.629581,0.1790805,0.3808072,-0.08659413,-0.9205905,0,0,0,1.406331,-0.3034547,-0.9937819,-9.685755e-08,9.022187e-09,2.2476,0.9995907,0.003125538,-0.02843864,-0.003133899,0.9999951,-0.0002494165,0.02843772,0.0003384383,0.9995955,static,-0.4124528557378163,0.0981303266768075,-2.469090954341228e-06,2.2999343169505146e-07,0.063917,0.0007606,2.2466911,-0.0071985873668233,0.001712652024817,0.9999725892347372,0.4755174490379313,0.1739286425890289,0.4239624653117733,0.4239632499642329,0.5063302136405909
890,05/15/2023 12:46:23.244054,1317,True,True,True,True,Eyes,1.337684,-0.3039437,-3.231364,0.02099688,0.001764461,0.999778,0.0,0.0,0.0,0.0,0.0,0.0,0.0,-1.432524,0.3117645,3.20099,1.342448,-0.3041793,-3.24052,0.0004547242,0.01414265,0.001677644,0.9998986,0.04938344,1.620768,0.1929617,0.3808285,-0.08659313,-0.9205818,0,0,0,1.406019,-0.3061165,-0.9938198,-1.043081e-07,1.280569e-08,2.2476,0.9995943,0.003367809,-0.02828091,-0.003342085,0.999994,0.0009568089,0.02828396,-0.0008619036,0.9995996,static,-0.4171365246346966,0.1518880460799312,-2.659020243383404e-06,3.264424233639808e-07,0.0635709999999998,-0.0019372,2.2467002000000003,-0.0072803160048442,0.0026508731805338,0.9999700002733108,0.4708829332298305,0.2277017313435048,0.443924442739332,0.4439262790364397,0.5230498740871936
891,05/15/2023 12:46:23.263284,1318,True,True,True,True,Eyes,1.337819,-0.3039436,-3.231372,0.02076467,0.001530743,0.9997832,0.0,0.0,0.0,0.0,0.0,0.0,0.0,-1.431433,0.3087707,3.201768,1.342475,-0.3040443,-3.240521,2.203599e-05,0.01396427,0.001652542,0.9999012,-0.0001194879,1.600241,0.1893842,0.380851,-0.08659198,-0.9205726,0,0,0,1.405241,-0.3040396,-0.9937975,-7.450581e-08,2.179877e-08,2.2476,0.9996046,0.003305372,-0.02792571,-0.003304141,0.9999945,9.022069e-05,0.02792585,2.085464e-06,0.99961,static,-0.4101347323213845,0.0889440654220505,-1.899300792936289e-06,5.556938599289881e-07,0.0627659999999998,4.699999999968618e-06,2.2467235000000003,-0.0071581315634484,0.0015523263672634,0.9999731562056808,0.4777928800922262,0.1647517466554911,0.4196657576930607,0.4196664016147411,0.5054016285475341
892,05/15/2023 12:46:23.272893,1319,True,True,True,True,Eyes,1.337964,-0.3039454,-3.23138,0.02050651,0.001283884,0.9997889,0.0,0.0,0.0,0.0,0.0,0.0,0.0,-1.431415,0.3063826,3.202057,1.342462,-0.3041356,-3.240569,-0.0002262838,0.01393214,0.001335563,0.9999021,359.972,1.596521,0.1526681,0.3808745,-0.08659081,-0.920563,0,0,0,1.405082,-0.3030348,-0.9938416,-2.30968e-07,-2.258457e-08,2.2476,0.9996082,0.002664559,-0.02786216,-0.002677169,0.9999964,-0.0004153087,0.02786095,0.0004897377,0.9996117,static,-0.4213785070913939,0.0466262123622767,-5.887832177690672e-06,-5.757254596537523e-07,0.0626199999999999,0.0011008,2.2467274,-0.0073543736496946,0.0008137588299508,0.9999726300546944,0.4668477627955034,0.1223038290039216,0.4239443181016624,0.4239445030057013,0.482608224671525
893,05/15/2023 12:46:23.293242,1320,True,True,True,True,Eyes,1.338104,-0.3039456,-3.231385,0.02025281,0.001067573,0.9997943,0.0,0.0,0.0,0.0,0.0,0.0,0.0,-1.431528,0.30883,3.2018,1.342461,-0.3041677,-3.240594,0.0001716314,0.01394575,0.00128195,0.999902,0.01761694,1.59814,0.1471607,0.3808991,-0.08658966,-0.9205529,0,0,0,1.405144,-0.3048588,-0.9938681,-1.639128e-07,2.502929e-09,2.2476,0.9996078,0.002568436,-0.02788832,-0.002558862,0.9999967,0.0003789847,0.0278892,-0.0003074737,0.999611,static,-0.4374566770075804,0.0799100270857646,-4.178462203315512e-06,6.380462187261952e-08,0.062683,-0.0006911,2.2467259000000004,-0.0076349775846937,0.0013946519458789,0.9999698597461464,0.45109778109495,0.1554930394804704,0.4446906727223308,0.4446912307603858,0.4771488692230483
894,05/15/2023 12:46:23.313230,1321,True,True,True,True,Eyes,1.338273,-0.3039463,-3.231389,0.01997464,0.0008591592,0.9998001,0.0,0.0,0.0,0.0,0.0,0.0,0.0,-1.430938,0.3077835,3.202115,1.342487,-0.3041343,-3.240538,-8.689021e-05,0.01387177,0.001517489,0.9999028,359.9876,1.589621,0.1737366,0.3809246,-0.08658847,-0.9205424,0,0,0,1.404836,-0.3036491,-0.9938031,-1.639128e-07,4.115282e-08,2.2476,0.9996106,0.003032272,-0.0277411,-0.003037094,0.9999954,-0.000131663,0.02774058,0.0002158641,0.9996151,static,-0.4449685348172512,0.0382090613145885,-4.178462203315512e-06,1.0490669607855331e-06,0.0623489999999999,0.0004852,2.2467349,-0.0077660860681767,0.0006668537521396,0.999969603323484,0.4437996101405562,0.1136920955396333,0.4466016269875471,0.4466017584228447,0.458134758369428
895,05/15/2023 12:46:23.323466,1322,True,True,True,True,Eyes,1.338436,-0.3039468,-3.231394,0.01970391,0.0006399631,0.9998056,0.0,0.0,0.0,0.0,0.0,0.0,0.0,-1.430895,0.3064108,3.202238,1.342496,-0.3041373,-3.240507,-0.0002789987,0.01385845,0.001467787,0.9999028,359.9657,1.588064,0.1677368,0.3809517,-0.08658726,-0.9205313,0,0,0,1.404785,-0.3027918,-0.9937701,-2.682209e-07,3.306195e-08,2.2476,0.9996116,0.002927555,-0.02771503,-0.002943021,0.9999955,-0.0005172608,0.0277134,0.0005986258,0.9996157,static,-0.4590306390058392,0.0037135189653778,-6.837482446698892e-06,8.428146456097846e-07,0.062289,0.0013454999999999,2.2467369,-0.008011509861719,6.481104919084851e-05,0.9999678509445596,0.4300915955024132,0.0790518423588864,0.4590388144257948,0.4590388157108144,0.4373027813597526
896,05/15/2023 12:46:23.342992,1323,True,True,True,True,Eyes,1.338616,-0.3039487,-3.231398,0.01943162,0.0003809363,0.9998111,0.0,0.0,0.0,0.0,0.0,0.0,0.0,-1.430594,0.3079912,3.202256,1.342506,-0.3041304,-3.240538,-4.00842e-05,0.0138122,0.001485222,0.9999036,359.993,1.582803,0.1701142,0.3809799,-0.08658601,-0.9205197,0,0,0,1.404588,-0.303858,-0.9937955,-1.117587e-07,-2.927845e-08,2.2476,0.9996141,0.00296905,-0.02762186,-0.002971264,0.9999956,-3.91323e-05,0.02762162,0.000121189,0.9996185,static,-0.4693368847958896,0.0162767438481893,-2.848950807024697e-06,-7.463657304168024e-07,0.0620819999999999,0.0002724,2.2467425,-0.0081913818738241,0.0002840732324233,0.9999663940437672,0.4200049686308855,0.0915458788340908,0.4696161945538071,0.4696162197904769,0.4298689933168161
897,05/15/2023 12:46:23.363181,1324,True,True,True,True,Eyes,1.338791,-0.3039482,-3.231402,0.01917203,0.0001446724,0.9998162,0.0,0.0,0.0,0.0,0.0,0.0,0.0,-1.431119,0.3078711,3.202013,1.342502,-0.3041521,-3.240517,-7.268286e-05,0.01389705,0.001509547,0.9999024,359.9893,1.592522,0.1728489,0.3810096,-0.08658477,-0.9205076,0,0,0,1.404965,-0.3037311,-0.9937855,-1.788139e-07,-5.733455e-09,2.2476,0.9996092,0.003016778,-0.02779161,-0.003020818,0.9999955,-0.000103395,0.02779117,0.000187308,0.9996137,static,-0.4939827502355158,-0.0009522623067188,-4.558320781399863e-06,-1.461571336217207e-07,0.0624629999999999,0.000421,2.2467315,-0.0086215187202704,-1.6619495069521265e-05,0.9999628446025444,0.3959341237108273,0.0741053631114513,0.4939791093980607,0.4939791094899788,0.4028139352516043
898,05/15/2023 12:46:23.373270,1325,True,True,True,True,Eyes,1.339016,-0.3039497,-3.231406,0.01891085,-0.0001476288,0.9998212,0.0,0.0,0.0,0.0,0.0,0.0,0.0,-1.431376,0.3065224,3.20206,1.342539,-0.304096,-3.24054,-0.0002276366,0.01392067,0.001403342,0.9999022,359.9717,1.595204,0.1604325,0.3810406,-0.08658347,-0.9204949,0,0,0,1.405107,-0.302985,-0.9938114,-1.117587e-07,-6.46105e-09,2.2476,0.9996085,0.002800071,-0.02783925,-0.002812746,0.9999959,-0.0004161577,0.02783797,0.0004942995,0.9996123,static,-0.5117292103636287,-0.0353473424832886,-2.848950807024697e-06,-1.647049725142377e-07,0.0625680000000001,0.0011109999999999,2.2467286,-0.0089312394897673,-0.0006169028861311,0.9999599624002103,0.3786248929096353,0.0395365603455969,0.5129455712432565,0.5129457007731888,0.3806863794963803
899,05/15/2023 12:46:23.393362,1326,True,True,True,True,Eyes,1.339232,-0.3039486,-3.23141,0.01867143,-0.0004225046,0.9998256,0.0,0.0,0.0,0.0,0.0,0.0,0.0,-1.432092,0.3058873,3.201769,1.342541,-0.3041196,-3.240506,-0.0003014142,0.01402575,0.001336852,0.9999008,359.9633,1.607237,0.1526925,0.381074,-0.08658211,-0.9204812,0,0,0,1.405581,-0.3026806,-0.9937903,-5.960464e-08,3.981404e-08,2.2476,0.999603,0.002664984,-0.02804952,-0.002681894,0.9999962,-0.0005652679,0.02804791,0.0006402694,0.9996064,static,-0.5375419480168304,-0.0594611493820304,-1.5194404304131726e-06,1.0149388046649937e-06,0.0630399999999999,0.0014389999999999,2.2467157,-0.0093817343243339,-0.0010377469909819,0.9999554676914328,0.3534207984762306,0.0151953169259652,0.5408188665477356,0.5408192501564805,0.3537487831985609
900,05/15/2023 12:46:23.413717,1327,True,True,True,True,Eyes,1.339431,-0.3039483,-3.231411,0.01846844,-0.0007313729,0.9998292,0.0,0.0,0.0,0.0,0.0,0.0,0.0,-1.433014,0.305238,3.201419,1.342525,-0.3040538,-3.240518,-0.000372789,0.01416764,0.001291839,0.9998988,359.9552,1.62349,0.1474138,0.3811092,-0.08658064,-0.9204667,0,0,0,1.406202,-0.302296,-0.9938212,-2.980232e-08,4.644971e-08,2.2476,0.9995952,0.002572853,-0.02833338,-0.002593979,0.9999964,-0.000708898,0.02833145,0.0007821073,0.9995983,static,-0.5654876088475985,-0.0852633819509562,-7.597202152065864e-07,1.1840951871358849e-06,0.0636769999999999,0.0017577999999999,2.2466968,-0.0098694497287625,-0.0014880537544151,0.9999502122671248,0.3261337528504586,-0.0108528491020633,0.5718780277273695,0.5718788532189778,0.326315078300648
901,05/15/2023 12:46:23.423405,1328,True,True,True,True,Eyes,1.33962,-0.3039506,-3.231413,0.01828998,-0.001026598,0.9998323,0.0,0.0,0.0,0.0,0.0,0.0,0.0,-1.434235,0.3042358,3.200898,1.342492,-0.3040621,-3.240462,-0.0004918014,0.01435482,0.001203433,0.9998962,359.9417,1.64493,0.1370801,0.3811457,-0.08657913,-0.9204518,0,0,0,1.407011,-0.3017739,-0.9937895,-1.043081e-07,-1.559965e-08,2.2476,0.999585,0.002392496,-0.02870784,-0.002420735,0.9999966,-0.0009489504,0.02870548,0.001018051,0.9995874,static,-0.5972111228819066,-0.1157244050768976,-2.659020243383404e-06,-3.9766600234973073e-07,0.0645189999999999,0.0022882,2.2466725,-0.0104230914969144,-0.0020196610099119,0.9999437411815706,0.2951591235175357,-0.0415941929432825,0.6083157529812003,0.6083173474423069,0.2980780462839346
902,05/15/2023 12:46:23.443652,1329,True,True,True,True,Eyes,1.33981,-0.3039556,-3.231416,0.01817477,-0.001358256,0.9998339,0.0,0.0,0.0,0.0,0.0,0.0,0.0,-1.435487,0.3042868,3.200324,1.342451,-0.3041276,-3.240465,-0.0005076634,0.01455978,0.001234355,0.9998932,359.9398,1.668414,0.1405848,0.3811831,-0.08657765,-0.9204364,0,0,0,1.40789,-0.301765,-0.9938195,-2.905726e-07,1.932494e-08,2.2476,0.999573,0.002453664,-0.02911771,-0.00248323,0.9999964,-0.0009792744,0.0291152,0.001051162,0.9995755,static,-0.6273564266081587,-0.1365152169295788,-7.40727158842453e-06,4.92631029250554e-07,0.065439,0.0023625999999999,2.2466455,-0.0109491853365562,-0.0023824949286942,0.9999372149147692,0.2657168514869662,-0.0626434348906099,0.6420283109935317,0.642030630904315,0.2730085041681297
903,05/15/2023 12:46:23.463070,1330,True,True,True,True,Eyes,1.339988,-0.3039584,-3.231419,0.01807607,-0.001682136,0.9998352,0.0,0.0,0.0,0.0,0.0,0.0,0.0,-1.436445,0.3059826,3.19975,1.342386,-0.3041798,-3.240505,-0.0003140905,0.01473368,0.001376591,0.9998904,359.9617,1.688366,0.1571984,0.3812214,-0.08657627,-0.9204206,0,0,0,1.408607,-0.302677,-0.9938815,-1.043081e-07,-6.065238e-08,2.2476,0.9995621,0.002743625,-0.029465,-0.002762136,0.999996,-0.0005875477,0.02946328,0.0006686768,0.9995656,static,-0.6529932158394164,-0.1329068120793453,-2.659020243383404e-06,-1.5461493999927405e-06,0.0662209999999998,0.0015028,2.2466235,-0.0113966042380535,-0.0023195087434711,0.9999323668819996,0.2406555052516145,-0.0592340675474424,0.6663763336490337,0.6663786288641939,0.247840359146508
904,05/15/2023 12:46:23.473258,1331,True,True,True,True,Eyes,1.340141,-0.3039592,-3.231423,0.01801872,-0.002014172,0.9998356,0.0,0.0,0.0,0.0,0.0,0.0,0.0,-1.437178,0.3069135,3.199306,1.342298,-0.3041275,-3.240521,-0.0002451519,0.01488067,0.001570207,0.9998881,359.9692,1.705216,0.1794946,0.3812602,-0.08657493,-0.9204047,0,0,0,1.40918,-0.3029206,-0.9939163,-8.195639e-08,1.653098e-08,2.2476,0.9995522,0.003132766,-0.02975878,-0.003147359,0.9999949,-0.0004435173,0.02975724,0.0005369802,0.999557,static,-0.6732167324214337,-0.1440698905497805,-2.0892308467379352e-06,4.214074502648041e-07,0.0668820000000001,0.0012069,2.2466047,-0.0117495408152893,-0.0025143176698844,0.9999277897348032,0.2209006943173226,-0.0705678053211325,0.688455074859682,0.6884578495403209,0.2319006563228013
905,05/15/2023 12:46:23.493879,1332,True,True,True,True,Eyes,1.340285,-0.303959,-3.231427,0.0179608,-0.002320814,0.999836,0.0,0.0,0.0,0.0,0.0,0.0,0.0,-1.437224,0.3072228,3.199252,1.342223,-0.3040788,-3.240553,-0.0002622144,0.01491551,0.001738581,0.9998873,359.967,1.7092,0.1987565,0.3812988,-0.08657361,-0.9203888,0,0,0,1.409262,-0.3027836,-0.9939535,5.215406e-08,3.224704e-08,2.2476,0.999549,0.003468948,-0.02982857,-0.003484592,0.9999939,-0.000472506,0.02982674,0.0005762333,0.9995549,static,-0.6806366985223788,-0.1636378678467866,1.329510376611526e-06,8.220409742790292e-07,0.067039,0.0012951999999999,2.2465995,-0.0118790235799799,-0.0028558141820436,0.9999253654820476,0.2136690062201315,-0.090213471297643,0.7000290765296585,0.7000326749748905,0.2319320909083743
906,05/15/2023 12:46:23.513552,1333,True,True,True,True,Eyes,1.340427,-0.3039618,-3.231432,0.01790481,-0.00261628,0.9998363,0.0,0.0,0.0,0.0,0.0,0.0,0.0,-1.436831,0.3066148,3.199465,1.342149,-0.3040599,-3.240564,-0.0004135284,0.01487842,0.001877603,0.9998875,359.9494,1.704912,0.2144288,0.381337,-0.08657226,-0.9203731,0,0,0,1.409019,-0.3020756,-0.9939596,-8.195639e-08,6.752089e-09,2.2476,0.9995502,0.003742478,-0.02975504,-0.003767089,0.9999926,-0.0007710923,0.02975193,0.0008828352,0.9995569,static,-0.6797316611849454,-0.1979526499255333,-2.0892308467379352e-06,1.721241335632268e-07,0.0668699999999999,0.0019842999999999,2.2466044,-0.0118632067593294,-0.003454675600439,0.999923688829175,0.2145897694880554,-0.1245545345882757,0.7079620454837804,0.7079672384696408,0.2481200128821687
907,05/15/2023 12:46:23.530108,1334,True,True,True,True,Eyes,1.340559,-0.3039628,-3.231438,0.01785034,-0.002897343,0.9998364,0.0,0.0,0.0,0.0,0.0,0.0,0.0,-1.436496,0.3066224,3.199617,1.342082,-0.3041276,-3.240588,-0.000493757,0.0148521,0.002042205,0.9998875,359.9399,1.70187,0.2331535,0.3813747,-0.08657099,-0.9203576,0,0,0,1.408833,-0.301772,-0.9939805,-1.490116e-08,6.519258e-09,2.2476,0.9995505,0.004069283,-0.02970289,-0.004098617,0.9999912,-0.0009267406,0.02969884,0.001048065,0.9995584,static,-0.6799782230154805,-0.2233018749811463,-3.798601076032932e-07,1.6618880982243196e-07,0.066751,0.0023556,2.2466075,-0.0118674892730947,-0.0038970683419879,0.9999219127293024,0.2143755017418137,-0.1499304046401036,0.7156984737521055,0.7157050151933418,0.2616031243729417
908,05/15/2023 12:46:23.543092,1335,True,True,True,True,Eyes,1.340685,-0.3039663,-3.231443,0.01778181,-0.003124765,0.999837,0.0,0.0,0.0,0.0,0.0,0.0,0.0,-1.436221,0.306875,3.199703,1.341985,-0.3040851,-3.24062,-0.0005257485,0.01484151,0.002222852,0.9998873,359.936,1.700636,0.2537982,0.3814119,-0.08656973,-0.9203423,0,0,0,1.408687,-0.3015737,-0.994011,7.450581e-09,4.423782e-08,2.2476,0.9995496,0.004429596,-0.029682,-0.004460808,0.9999896,-0.0009853976,0.02967733,0.001117359,0.9995589,static,-0.6828280934635701,-0.2400464127672174,1.8993007929362898e-07,1.1277097263122544e-06,0.066702,0.0025113999999999,2.246609,-0.0119172116761266,-0.0041892904562461,0.9999202035180208,0.2116076744145781,-0.1667137725651645,0.723786139027248,0.723793676603594,0.2693911384279821
909,05/15/2023 12:46:23.564842,1336,True,True,True,True,Eyes,1.340805,-0.3039681,-3.231448,0.01771989,-0.003341177,0.9998374,0.0,0.0,0.0,0.0,0.0,0.0,0.0,-1.435721,0.3065535,3.199949,1.341948,-0.3041506,-3.240619,-0.000686025,0.014791,0.002455688,0.9998874,359.9172,1.694789,0.280208,0.3814483,-0.08656856,-0.9203273,0,0,0,1.408421,-0.3009038,-0.9940045,-6.705523e-08,2.840534e-08,2.2476,0.9995504,0.004890529,-0.02958204,-0.004931116,0.999987,-0.001299251,0.0295753,0.001444539,0.9995615,static,-0.680791623915897,-0.270888931499534,-1.7093707391346426e-06,7.241084257137115e-07,0.066473,0.0032467999999999,2.2466145,-0.0118816428973632,-0.0047275523734117,0.9999182272639768,0.213630645436938,-0.1975702502896623,0.7326952305236633,0.7327046562304639,0.2909863793123025
910,05/15/2023 12:46:23.582947,1337,True,True,True,True,Eyes,1.340899,-0.3039679,-3.231452,0.01771064,-0.003524977,0.9998369,0.0,0.0,0.0,0.0,0.0,0.0,0.0,-1.435953,0.3066841,3.199835,1.341946,-0.3041132,-3.240626,-0.0007096234,0.01483839,0.002570633,0.9998863,359.9143,1.700204,0.2933344,0.381484,-0.08656744,-0.9203126,0,0,0,1.408632,-0.3007521,-0.9940177,-1.639128e-07,3.72529e-08,2.2476,0.9995464,0.005119622,-0.02967706,-0.00516174,0.9999858,-0.001342797,0.02966977,0.001495374,0.9995587,static,-0.6868670362378136,-0.2841469549442988,-4.178462203315512e-06,9.496502690082328e-07,0.066686,0.0033610999999999,2.2466083,-0.0119876562814352,-0.0049589230466091,0.9999158084622756,0.2077064798204783,-0.2108891916759833,0.7433068996905483,0.7433173057834467,0.2960040021229976
911,05/15/2023 12:46:23.593198,1338,True,True,True,True,Eyes,1.340988,-0.3039693,-3.231454,0.01772455,-0.003688714,0.9998361,0.0,0.0,0.0,0.0,0.0,0.0,0.0,-1.437094,0.3058481,3.199363,1.341932,-0.3040701,-3.240596,-0.0008084572,0.01501309,0.002513195,0.9998839,359.903,1.720201,0.2865682,0.3815183,-0.08656632,-0.9202985,0,0,0,1.409402,-0.3002667,-0.9940124,-8.195639e-08,-1.164153e-08,2.2476,0.9995366,0.005001531,-0.03002676,-0.005050081,0.9999861,-0.001541265,0.03001864,0.001692188,0.999548,static,-0.706137845971776,-0.3047914435405442,-2.0892308467379352e-06,-2.967656772000949e-07,0.0674700000000001,0.0038034,2.2465836,-0.0123239440002029,-0.005319185130296,0.99990990585188,0.1888928452389716,-0.2317060497937018,0.7690946222098118,0.7691068521996298,0.2989462363948422
912,05/15/2023 12:46:23.613377,1339,True,True,True,True,Eyes,1.341074,-0.3039742,-3.231459,0.01770648,-0.003845963,0.9998358,0.0,0.0,0.0,0.0,0.0,0.0,0.0,-1.43883,0.3051161,3.198608,1.341897,-0.3041105,-3.240563,-0.0009664216,0.01529777,0.002599492,0.9998792,359.8847,1.752773,0.2961515,0.3815514,-0.08656527,-0.9202849,0,0,0,1.410644,-0.299588,-0.9940194,-2.160668e-07,-2.188608e-08,2.2476,0.9995185,0.005168786,-0.03059687,-0.005227922,0.9999846,-0.001853077,0.03058682,0.002012142,0.9995301,static,-0.7399373007226786,-0.3318433931207932,-5.507971050408087e-06,-5.579195649073148e-07,0.0687470000000001,0.0045224999999999,2.2465436,-0.0129137662216038,-0.0057912443007941,0.9998998119604036,0.155885585903782,-0.2590514004851293,0.8109218457333144,0.8109369428007508,0.3023398289729963
913,05/15/2023 12:46:23.623666,1340,True,True,True,True,Eyes,1.341158,-0.3039745,-3.231464,0.01769595,-0.004005155,0.9998354,0.0,0.0,0.0,0.0,0.0,0.0,0.0,-1.438875,0.3075279,3.198424,1.341889,-0.304198,-3.240625,-0.0008309393,0.01535689,0.003121455,0.9998769,359.8993,1.759536,0.3561889,0.3815832,-0.08656437,-0.9202719,0,0,0,1.410901,-0.3002477,-0.994088,-1.937151e-07,4.004687e-08,2.2476,0.9995089,0.00621662,-0.03071519,-0.006267663,0.9999791,-0.001565802,0.03070481,0.001757546,0.9995269,static,-0.7476153319511752,-0.3255570460018497,-4.938181908682446e-06,1.0208741029138064e-06,0.0690119999999998,0.0039503,2.246537,-0.0130477683200896,-0.005681528138261,0.9998987403662514,0.1483744078443418,-0.2528195919416617,0.8154049899958298,0.8154197420836984,0.2931461966182004
914,05/15/2023 12:46:23.643405,1341,True,True,True,True,Eyes,1.341213,-0.303974,-3.23147,0.01768104,-0.004154977,0.999835,0.0,0.0,0.0,0.0,0.0,0.0,0.0,-1.439481,0.3078802,3.198136,1.341905,-0.3040836,-3.240647,-0.0007279541,0.0154424,0.003050029,0.9998758,359.9112,1.769378,0.3481786,0.3816138,-0.08656348,-0.9202593,0,0,0,1.411303,-0.3005999,-0.9941215,-1.788139e-07,1.885928e-08,2.2476,0.9995045,0.006076817,-0.03088542,-0.006121784,0.9999803,-0.001361528,0.03087653,0.001549927,0.999522,static,-0.7582453613058749,-0.3222864994570186,-4.558320781399863e-06,4.80760432752929e-07,0.069398,0.0034837,2.2465255,-0.0132332818973312,-0.0056244380955429,0.9998965727417448,0.137981109442288,-0.2496298455381703,0.8238772727990223,0.8238919910577862,0.285228582571886
915,05/15/2023 12:46:23.662864,1342,True,True,True,True,Eyes,1.341265,-0.3039751,-3.231472,0.01768047,-0.004258433,0.9998347,0.0,0.0,0.0,0.0,0.0,0.0,0.0,-1.439943,0.3076646,3.197981,1.341911,-0.304069,-3.240678,-0.0006662779,0.01549297,0.002834469,0.9998759,359.9186,1.775212,0.323585,0.3816426,-0.0865626,-0.9202474,0,0,0,1.411538,-0.300877,-0.994159,-1.117587e-07,1.396984e-08,2.2476,0.9995039,0.005647588,-0.03098588,-0.005688879,0.999983,-0.001244562,0.03097832,0.001420219,0.9995191,static,-0.7639644339985293,-0.3210755467397187,-2.848950807024697e-06,3.561189146080433e-07,0.0696269999999998,0.0031919999999999,2.246519,-0.0133330914075782,-0.0056032984396764,0.9998954906965224,0.1323899789794519,-0.2484628987053075,0.8286752101826256,0.8286899533752746,0.2815348111428097
916,05/15/2023 12:46:23.673125,1343,True,True,True,True,Eyes,1.341309,-0.3039761,-3.231471,0.01767523,-0.004346997,0.9998344,0.0,0.0,0.0,0.0,0.0,0.0,0.0,-1.441165,0.3040079,3.197692,1.341904,-0.3041151,-3.240589,-0.001170803,0.01566751,0.002669992,0.999873,359.8611,1.795077,0.30382,0.3816697,-0.08656178,-0.9202363,0,0,0,1.412309,-0.2986647,-0.9940985,-1.117587e-07,4.377216e-08,2.2476,0.9994948,0.005302619,-0.03133729,-0.005375993,0.999983,-0.002257644,0.03132479,0.002424972,0.9995063,static,-0.7843555750410844,-0.3838755899294344,-2.848950807024697e-06,1.1158391298146296e-06,0.070405,0.0054504,2.2464905,-0.0136888534693333,-0.0066992155450564,0.9998839299456748,0.1125257666883434,-0.3114852338271625,0.8732317601246161,0.8732528409097645,0.3311894252027008
917,05/15/2023 12:46:23.693132,1344,True,True,True,True,Eyes,1.341351,-0.3039819,-3.23147,0.01766897,-0.004473987,0.9998339,0.0,0.0,0.0,0.0,0.0,0.0,0.0,-1.441844,0.30588,3.197129,1.341878,-0.3041111,-3.240523,-0.0008082077,0.01576374,0.002504475,0.9998723,359.9029,1.80623,0.2854967,0.3816953,-0.08656104,-0.9202257,0,0,0,1.412721,-0.300301,-0.9940433,2.235174e-08,2.374873e-08,2.2476,0.9994905,0.00498283,-0.0315275,-0.005033791,0.9999862,-0.001537249,0.0315194,0.001695169,0.9995017,static,-0.795568780480817,-0.349532130458807,5.697901614049399e-07,6.054022058176382e-07,0.0708429999999999,0.0038101,2.2464797,-0.0138845904019387,-0.0060998607344326,0.9998850166384824,0.1015297116014976,-0.2771969087503389,0.8689489750389479,0.868967044558694,0.2952060780019555
918,05/15/2023 12:46:23.713201,1345,True,True,True,True,Eyes,1.341364,-0.303983,-3.231471,0.01764529,-0.004605353,0.9998337,0.0,0.0,0.0,0.0,0.0,0.0,0.0,-1.441574,0.3099643,3.196873,1.341872,-0.3042222,-3.240531,-0.0002832643,0.01574533,0.002717814,0.9998724,359.9626,1.804262,0.3108892,0.3817193,-0.0865605,-0.9202158,0,0,0,1.412638,-0.3027567,-0.9940453,4.470348e-08,2.514571e-08,2.2476,0.9994894,0.005426014,-0.03148818,-0.005443854,0.9999851,-0.0004808705,0.0314851,0.000652042,0.999504,static,-0.7948230086406377,-0.2969442559002943,1.1395803228098796e-06,6.410139953105131e-07,0.0707660000000001,0.0014655,2.2464857,-0.0138716472361245,-0.0051821330900667,0.9998903520340228,0.1022031950148724,-0.2245519072517537,0.8484686652935186,0.8484819965082426,0.2467166534056594
919,05/15/2023 12:46:23.723376,1346,True,True,True,True,Eyes,1.341377,-0.303982,-3.231472,0.01761172,-0.004725319,0.9998338,0.0,0.0,0.0,0.0,0.0,0.0,0.0,-1.440853,0.3113014,3.19709,1.341876,-0.3041136,-3.240561,-8.759856e-05,0.01563903,0.002785362,0.9998739,359.985,1.792138,0.3189834,0.3817412,-0.08656002,-0.9202068,0,0,0,1.412166,-0.303524,-0.9940605,-1.490116e-07,3.112655e-08,2.2476,0.9994954,0.005567282,-0.03127459,-0.005572762,0.9999844,-8.805432e-05,0.03127362,0.0002622957,0.9995108,static,-0.7845779537831343,-0.281431775269076,-3.7986010760329263e-06,7.934774629840419e-07,0.0702899999999999,0.0005895999999999,2.2465005,-0.0136928763189053,-0.0049114311646213,0.9998942503712483,0.112200416089701,-0.2089433684097353,0.8335113050485039,0.8335231824795972,0.2371654455883439
920,05/15/2023 12:46:23.743332,1347,True,True,True,True,Eyes,1.341406,-0.30398,-3.231476,0.01752632,-0.004862416,0.9998347,0.0,0.0,0.0,0.0,0.0,0.0,0.0,-1.440068,0.3104513,3.19754,1.34188,-0.3040622,-3.240577,-0.0001649704,0.01550471,0.00267811,0.9998763,359.9763,1.776723,0.3065591,0.3817612,-0.08655956,-0.9201985,0,0,0,1.411566,-0.3031341,-0.9940578,-1.490116e-07,1.944136e-08,2.2476,0.9995049,0.005350441,-0.03100647,-0.005360672,0.9999856,-0.0002468533,0.0310047,0.0004129465,0.9995192,static,-0.7740832886639016,-0.2981448375704651,-3.7986010760329263e-06,4.955988058348721e-07,0.0696860000000001,0.0009280999999999,2.2465192,-0.0135097098367902,-0.0052031113297023,0.9998953233608036,0.1224755798376704,-0.2255897966803338,0.8294986832538948,0.8295117218138269,0.2566947177355415
921,05/15/2023 12:46:23.763394,1348,True,True,True,True,Eyes,1.341434,-0.3039784,-3.231479,0.01742725,-0.004971582,0.9998358,0.0,0.0,0.0,0.0,0.0,0.0,0.0,-1.439016,0.3087929,3.198238,1.341874,-0.3040396,-3.240645,-0.0003425862,0.01532309,0.002502273,0.9998794,359.9564,1.755862,0.2861046,0.3817799,-0.08655904,-0.9201908,0,0,0,1.410742,-0.3023275,-0.9941012,-2.30968e-07,5.238689e-09,2.2476,0.9995179,0.004993444,-0.0306442,-0.005014442,0.9999872,-0.0006084047,0.03064077,0.000761775,0.9995302,static,-0.7589252301269392,-0.3247375032408202,-5.887832177690672e-06,1.335445674860339e-07,0.0688679999999999,0.0017120999999999,2.2465438000000004,-0.0132451443629435,-0.0056672112653486,0.99989624536702,0.1373191856761162,-0.25208860881525,0.8254625576894181,0.825477498696404,0.2870660374175475
922,05/15/2023 12:46:23.772940,1349,True,True,True,True,Eyes,1.341447,-0.3039787,-3.231482,0.01733253,-0.005048603,0.999837,0.0,0.0,0.0,0.0,0.0,0.0,0.0,-1.437707,0.3068258,3.199001,1.341881,-0.3040523,-3.240627,-0.0006237497,0.0151107,0.002442742,0.9998826,359.9243,1.731446,0.2788061,0.3817974,-0.08655851,-0.9201837,0,0,0,1.409792,-0.3010828,-0.9940549,5.960464e-08,3.213063e-08,2.2476,0.9995314,0.004866059,-0.0302209,-0.004903761,0.9999872,-0.00117353,0.03021481,0.001321176,0.9995425,static,-0.7400753512424944,-0.361389707845342,1.5194404304131726e-06,8.190734526145348e-07,0.0679109999999998,0.0029695,2.2465721,-0.0129161350880074,-0.0063068721039194,0.999896658848356,0.1557818022998397,-0.2886275919623173,0.8235823194483973,0.8235999559655613,0.3279845365025475
923,05/15/2023 12:46:23.793215,1350,True,True,True,True,Eyes,1.341461,-0.3039776,-3.231486,0.0172269,-0.005122024,0.9998385,0.0,0.0,0.0,0.0,0.0,0.0,0.0,-1.436538,0.3056996,3.199644,1.341892,-0.3041067,-3.240627,-0.0007973763,0.01492354,0.002421559,0.9998853,359.9045,1.709951,0.2760963,0.3818134,-0.08655801,-0.9201771,0,0,0,1.40896,-0.3003603,-0.9940305,-1.713634e-07,-6.519258e-09,2.2476,0.9995429,0.004818764,-0.02984753,-0.004866363,0.999987,-0.001522293,0.0298398,0.001666846,0.9995533,static,-0.7247333814207414,-0.3855104295361232,-4.368392766956804e-06,-1.6618880982243196e-07,0.0670679999999999,0.0037463999999999,2.2465965,-0.012648360314656,-0.0067278373925145,0.9998973859757244,0.1708025581387305,-0.3126505987213954,0.8208645467552983,0.8208838562614182,0.356265770337187
924,05/15/2023 12:46:23.813843,1351,True,True,True,True,Eyes,1.341476,-0.3039769,-3.231488,0.01713676,-0.005153927,0.9998399,0.0,0.0,0.0,0.0,0.0,0.0,0.0,-1.435359,0.3057497,3.200224,1.341918,-0.3040736,-3.240674,-0.0008043025,0.01473947,0.00246875,0.999888,359.9037,1.688849,0.2815093,0.3818281,-0.08655751,-0.920171,0,0,0,1.408159,-0.3002949,-0.9940528,-9.685755e-08,5.355105e-08,2.2476,0.9995533,0.004913237,-0.02947961,-0.004960657,0.9999865,-0.001535648,0.02947166,0.001681201,0.9995642,static,-0.7088465501680471,-0.3881697391928278,-2.469090954341228e-06,1.3651224210242245e-06,0.066241,0.0037787,2.2466212,-0.0123711070779552,-0.0067742699322626,0.9999005561131468,0.1863332399701887,-0.3151869793947181,0.8081497328660632,0.8081687555847157,0.3661484521212315
925,05/15/2023 12:46:23.823323,1352,True,True,True,True,Eyes,1.341494,-0.3039757,-3.231488,0.01705069,-0.005183074,0.9998412,0.0,0.0,0.0,0.0,0.0,0.0,0.0,-1.43493,0.3054354,3.200402,1.341959,-0.3040825,-3.240612,-0.0008500591,0.01466525,0.00245888,0.9998891,359.8985,1.680331,0.2803086,0.3818417,-0.08655702,-0.9201654,0,0,0,1.407865,-0.3000996,-0.9939821,-2.30968e-07,-2.328306e-10,2.2476,0.9995578,0.004892282,-0.02933142,-0.004942147,0.9999865,-0.00162781,0.02932306,0.00177205,0.9995684,static,-0.7052869291799845,-0.3950772446237591,-5.887832177690672e-06,-5.935313544001898e-09,0.065906,0.0039828999999999,2.2466299000000003,-0.0123089757276061,-0.0068948217503116,0.9999004780739802,0.1898197154800565,-0.3220730904684311,0.8083785253499937,0.8083980280866189,0.3738513494071278
926,05/15/2023 12:46:23.843393,1353,True,True,True,True,Eyes,1.341499,-0.3039732,-3.231488,0.01698599,-0.005200433,0.9998422,0.0,0.0,0.0,0.0,0.0,0.0,0.0,-1.435107,0.3049928,3.200357,1.342025,-0.3040728,-3.240578,-0.0008686449,0.01467196,0.00234588,0.9998893,359.8965,1.681107,0.2673292,0.3818544,-0.08655653,-0.9201602,0,0,0,1.407961,-0.3000137,-0.9939494,-1.117587e-07,1.885928e-08,2.2476,0.9995584,0.004665751,-0.02934474,-0.00471673,0.9999875,-0.00166826,0.0293366,0.001805935,0.999568,static,-0.7096942983600615,-0.3981524924385742,-2.848950807024697e-06,4.80760432752929e-07,0.065936,0.0040590999999999,2.2466286,-0.0123858864007315,-0.0069484829214591,0.9998991457460426,0.1855151699380626,-0.3251861564710849,0.8137292655002392,0.8137491895122339,0.3743838730052266
927,05/15/2023 12:46:23.863231,1354,True,True,True,True,Eyes,1.341505,-0.3039707,-3.231488,0.01692596,-0.005208507,0.9998432,0.0,0.0,0.0,0.0,0.0,0.0,0.0,-1.435133,0.3056704,3.200297,1.342058,-0.3040404,-3.240584,-0.0007421507,0.01466767,0.002308068,0.9998896,359.9111,1.680653,0.2632097,0.3818659,-0.08655602,-0.9201554,0,0,0,1.407977,-0.3005524,-0.9939534,-9.685755e-08,4.051253e-08,2.2476,0.9995591,0.004593855,-0.02933554,-0.004637398,0.9999882,-0.00141643,0.02932868,0.001551846,0.9995686,static,-0.7125847914938003,-0.3840945080577773,-2.469090954341228e-06,1.0327446994114311e-06,0.065919,0.0034879999999999,2.2466306,-0.012436351044848,-0.0067031453084362,0.9999002181562888,0.1826751657219335,-0.3111373132683828,0.8094890535134902,0.8095078447213346,0.360802146086449
928,05/15/2023 12:46:23.873242,1355,True,True,True,True,Eyes,1.341501,-0.3039701,-3.231491,0.01689703,-0.005218633,0.9998436,0.0,0.0,0.0,0.0,0.0,0.0,0.0,-1.435363,0.3048049,3.200267,1.342077,-0.3040392,-3.240566,-0.0008495643,0.01469428,0.002245774,0.9998891,359.8989,1.68368,0.2558889,0.3818764,-0.08655548,-0.9201511,0,0,0,1.408114,-0.3000723,-0.9939402,-1.490116e-07,4.237518e-08,2.2476,0.9995581,0.004466082,-0.02938912,-0.004516017,0.9999885,-0.00163294,0.02938149,0.00176494,0.9995667,static,-0.7172798430590426,-0.3969545218785779,-3.7986010760329263e-06,1.0802273403217547e-06,0.0660370000000001,0.0039668999999999,2.2466258,-0.0125182673300566,-0.0069275649899735,0.9998976297804352,0.1780997529049324,-0.3240469512051888,0.8197717671956326,0.8197918479690676,0.3697674968603254
929,05/15/2023 12:46:23.893444,1356,True,True,True,True,Eyes,1.341499,-0.3039659,-3.231492,0.01686058,-0.005233097,0.9998442,0.0,0.0,0.0,0.0,0.0,0.0,0.0,-1.435056,0.3071412,3.200273,1.342071,-0.3040812,-3.240656,-0.0005213911,0.01465429,0.002310968,0.9998898,359.9364,1.679176,0.2639138,0.3818858,-0.08655497,-0.9201472,0,0,0,1.407932,-0.3015854,-0.9940222,-1.341105e-07,3.72529e-08,2.2476,0.9995598,0.004606145,-0.02930776,-0.004636708,0.9999887,-0.0009749362,0.02930293,0.001110399,0.99957,static,-0.714748244306599,-0.3601916552312553,-3.418742497948575e-06,9.496502690082328e-07,0.0658609999999999,0.0024957999999999,2.2466338,-0.0124741407353036,-0.0062860000722234,0.9999024806208832,0.1805353963428654,-0.287228265823873,0.8003573960120511,0.8003742114048873,0.3392563720467431
930,05/15/2023 12:46:23.913725,1357,True,True,True,True,Eyes,1.341535,-0.3039625,-3.231495,0.01680462,-0.005202743,0.9998452,0.0,0.0,0.0,0.0,0.0,0.0,0.0,-1.434397,0.3075247,3.200519,1.342134,-0.3039877,-3.240627,-0.0004622821,0.0145453,0.002346175,0.9998915,359.9431,1.666699,0.2680532,0.3818942,-0.0865544,-0.9201438,0,0,0,1.407506,-0.3017564,-0.9939785,-1.788139e-07,1.688022e-08,2.2476,0.9995659,0.004678392,-0.0290896,-0.004705288,0.9999886,-0.0008562122,0.02908527,0.0009927155,0.9995764,static,-0.7054635060985786,-0.3517008421002517,-4.558320781399863e-06,4.3031027017811125e-07,0.0653719999999999,0.0022313,2.2466485,-0.0123121172184181,-0.0061378335197084,0.9999053087769822,0.1896014007616412,-0.2786558228105041,0.7882519340437952,0.7882677920700153,0.3370455861198517
931,05/15/2023 12:46:23.923309,1358,True,True,True,True,Eyes,1.341571,-0.3039615,-3.2315,0.01674666,-0.00518845,0.9998463,0.0,0.0,0.0,0.0,0.0,0.0,0.0,-1.433787,0.305374,3.201034,1.342146,-0.3040026,-3.240655,-0.0007302314,0.01443181,0.002188522,0.9998931,359.9127,1.653635,0.2495529,0.3819025,-0.08655374,-0.9201404,0,0,0,1.407006,-0.3005784,-0.9939936,-2.30968e-07,4.097819e-08,2.2476,0.9995739,0.0043555,-0.02886373,-0.004397654,0.9999893,-0.001397138,0.02885733,0.001523476,0.9995824,static,-0.6957393327489693,-0.3815615015800477,-5.887832177690672e-06,1.044615295909056e-06,0.0648599999999999,0.0034241999999999,2.2466614,-0.0121423744281671,-0.0066589643146815,0.9999041029997578,0.1991373417214191,-0.3084687451033899,0.7934773990072658,0.7934954335311956,0.3671670424290923
932,05/15/2023 12:46:23.943841,1359,True,True,True,True,Eyes,1.341607,-0.3039585,-3.231503,0.01668845,-0.005134725,0.9998476,0.0,0.0,0.0,0.0,0.0,0.0,0.0,-1.43355,0.3062981,3.201115,1.342178,-0.3040575,-3.240699,-0.0005449119,0.01437903,0.00207175,0.9998943,359.9341,1.64764,0.236483,0.3819109,-0.08655307,-0.920137,0,0,0,1.406803,-0.3014743,-0.9940297,7.450581e-09,3.49246e-08,2.2476,0.9995779,0.004127393,-0.02875728,-0.004158733,0.9999908,-0.001030129,0.02875276,0.001149288,0.9995859,static,-0.692890071852639,-0.3572133326259167,1.8993007929362898e-07,8.902972865201082e-07,0.0646249999999999,0.0025832,2.2466693,-0.0120926839206912,-0.0062340528251358,0.9999074940067982,0.2018965575143985,-0.284074342850748,0.7795344999224876,0.7795504575920355,0.3485123833264074
933,05/15/2023 12:46:23.963266,1360,True,True,True,True,Eyes,1.341641,-0.3039555,-3.231504,0.01662316,-0.005054196,0.999849,0.0,0.0,0.0,0.0,0.0,0.0,0.0,-1.433378,0.306116,3.201149,1.342185,-0.3040064,-3.240641,-0.0005850841,0.01435559,0.002117903,0.9998946,359.9295,1.644942,0.2417067,0.3819192,-0.08655235,-0.9201336,0,0,0,1.406704,-0.3012399,-0.9939688,-5.960464e-08,4.307367e-08,2.2476,0.9995789,0.004218562,-0.02871064,-0.004252159,0.9999903,-0.001109237,0.02870568,0.001230853,0.9995871,static,-0.6939657651747521,-0.357204762347499,-1.5194404304131726e-06,1.0980332350681922e-06,0.0645189999999999,0.0027665,2.2466722,-0.0121114553974535,-0.0062339012324866,0.9999071698263652,0.2008451597653013,-0.284074263140797,0.7804853910266378,0.7805013779923432,0.3479054460253919
934,05/15/2023 12:46:23.973619,1361,True,True,True,True,Eyes,1.341683,-0.3039541,-3.231504,0.01655148,-0.004957628,0.9998507,0.0,0.0,0.0,0.0,0.0,0.0,0.0,-1.432585,0.3040129,3.201681,1.342185,-0.304009,-3.240617,-0.0009472172,0.01423843,0.002200598,0.9998958,359.8879,1.631418,0.2505995,0.3819276,-0.08655158,-0.9201302,0,0,0,1.406173,-0.2996106,-0.9939326,-1.192093e-07,1.350418e-08,2.2476,0.9995849,0.004373764,-0.02847805,-0.004427711,0.9999885,-0.001831571,0.02846972,0.001956903,0.9995927,static,-0.6847675576606649,-0.3932036114963805,-3.0388813706659896e-06,3.442483181104183e-07,0.0639879999999999,0.0043983999999999,2.2466844,-0.0119508822995447,-0.0068621535267496,0.9999050150475812,0.2098734896389146,-0.3200355109355273,0.789608988376998,0.7896276318571415,0.3827154371422472
935,05/15/2023 12:46:23.992913,1362,True,True,True,True,Eyes,1.341723,-0.3039527,-3.231507,0.01648108,-0.004879558,0.9998523,0.0,0.0,0.0,0.0,0.0,0.0,0.0,-1.43259,0.3031758,3.201739,1.342198,-0.3040487,-3.24059,-0.001056344,0.01423109,0.002138042,0.9998959,359.8755,1.630558,0.2432547,0.3819361,-0.08655081,-0.9201267,0,0,0,1.406152,-0.2991638,-0.9939056,-7.450581e-09,7.264316e-08,2.2476,0.9995858,0.004245574,-0.02846373,-0.004305705,0.9999886,-0.002051614,0.0284547,0.002173321,0.9995927,static,-0.6879260533324622,-0.401204444671356,-1.8993007929362898e-07,1.8518181520259656e-06,0.063954,0.0048849,2.2466844000000004,-0.0120059922099661,-0.0070017768259628,0.9999034399240084,0.2067947926576016,-0.3280690939459983,0.7963526540083838,0.7963720775370899,0.3878075686187975
936,05/15/2023 12:46:24.013198,1363,True,True,True,True,Eyes,1.341765,-0.3039488,-3.231508,0.01640019,-0.004802132,0.999854,0.0,0.0,0.0,0.0,0.0,0.0,0.0,-1.432515,0.3041445,3.201753,1.342207,-0.3040438,-3.240658,-0.0008735155,0.01421115,0.002064413,0.9998965,359.8965,1.628325,0.2351184,0.3819447,-0.08655003,-0.9201232,0,0,0,1.406074,-0.2999857,-0.9939692,-2.980232e-08,7.52043e-08,2.2476,0.9995876,0.004103572,-0.02842296,-0.004153227,0.9999899,-0.001688175,0.02841575,0.001805525,0.9995946,static,-0.690164638916302,-0.3757828753749452,-7.597202152065864e-07,1.917106687682727e-06,0.0638670000000001,0.0040580999999999,2.2466888,-0.012045095290089,-0.0065581257921199,0.9999059729221188,0.2045799870524715,-0.30264044400916,0.7858200005921502,0.7858373816556798,0.3653021772339241
937,05/15/2023 12:46:24.023415,1364,True,True,True,True,Eyes,1.341804,-0.3039463,-3.231509,0.01632724,-0.004726049,0.9998555,0.0,0.0,0.0,0.0,0.0,0.0,0.0,-1.4331,0.3034227,3.201514,1.342206,-0.3039792,-3.24062,-0.0009447146,0.01429577,0.001992434,0.9998953,359.8885,1.638014,0.2267457,0.3819535,-0.08654917,-0.9201196,0,0,0,1.406453,-0.2996049,-0.9939428,3.72529e-08,2.04891e-08,2.2476,0.9995833,0.003957442,-0.02859231,-0.004011463,0.9999903,-0.001832265,0.02858478,0.001946198,0.9995895,static,-0.703994920554573,-0.3795299902325325,9.496502690082328e-07,5.2230777541444e-07,0.0642469999999999,0.0043742999999999,2.2466772,-0.0122864502040487,-0.0066234992954212,0.999902549043598,0.1910661420608864,-0.306500480884419,0.7997653423338555,0.7997834677052168,0.3611769271544457
938,05/15/2023 12:46:24.043507,1365,True,True,True,True,Eyes,1.341867,-0.3039442,-3.231511,0.01601137,-0.004767251,0.9998605,0.0,0.0,0.0,0.0,0.0,0.0,0.0,-1.433466,0.3033433,3.201364,1.342202,-0.3040121,-3.240624,-0.0009665228,0.01435434,0.002002274,0.9998944,359.886,1.64472,0.2278308,0.3819624,-0.08654829,-0.920116,0,0,0,1.406712,-0.2995386,-0.9939544,-7.450581e-09,3.119931e-08,2.2476,0.9995799,0.003976379,-0.02870953,-0.004031873,0.9999901,-0.001875359,0.02870179,0.001990324,0.999586,static,-0.7288287274775526,-0.3843085665308902,-1.8993007929362898e-07,7.953322596192847e-07,0.06451,0.0044735,2.2466696,-0.0127198325398363,-0.0067068572735252,0.9998966616792432,0.1667984768214522,-0.3114799215956256,0.8239252767094984,0.8239446114632039,0.3533299198313069
939,05/15/2023 12:46:24.063204,1366,True,True,True,True,Eyes,1.341928,-0.3039427,-3.231511,0.01572059,-0.004816466,0.9998648,0.0,0.0,0.0,0.0,0.0,0.0,0.0,-1.433877,0.303088,3.201195,1.342191,-0.3040114,-3.24062,-0.000998322,0.01441842,0.001984018,0.9998936,359.8823,1.652058,0.2256791,0.3819718,-0.08654737,-0.9201121,0,0,0,1.406989,-0.2993956,-0.9939588,-1.937151e-07,2.840534e-08,2.2476,0.9995764,0.003938826,-0.02883773,-0.003996403,0.9999902,-0.001939219,0.02882981,0.002053645,0.9995822,static,-0.752841239536754,-0.3906908887771361,-4.938181908682446e-06,7.241084257137115e-07,0.0647980000000001,0.0046158,2.2466612,-0.0131388745768183,-0.0068182007770438,0.9998904118385854,0.1433352404801152,-0.3180581817854268,0.8481552332242034,0.8481759446110018,0.3488665567767359
940,05/15/2023 12:46:24.073027,1367,True,True,True,True,Eyes,1.341995,-0.3039449,-3.231511,0.01530241,-0.004957547,0.9998706,0.0,0.0,0.0,0.0,0.0,0.0,0.0,-1.434935,0.3038401,3.200647,1.342252,-0.3039206,-3.240601,-0.0008580933,0.01457251,0.001961249,0.9998916,359.8984,1.669751,0.2232862,0.3819818,-0.08654646,-0.9201081,0,0,0,1.407744,-0.2999353,-0.9939582,-2.756715e-07,-1.699664e-08,2.2476,0.9995676,0.003897062,-0.02914522,-0.003947081,0.9999908,-0.00165884,0.02913848,0.001773161,0.9995738,static,-0.7944478721766964,-0.3825764117604911,-7.027413010340184e-06,-4.332780467624291e-07,0.0654920000000001,0.0039852999999999,2.2466428,-0.0138649774826667,-0.0066765264349631,0.9998815650678806,0.1026601290055603,-0.3102645278860221,0.8817386913423225,0.8817599645825608,0.3268093533085948
941,05/15/2023 12:46:24.093510,1368,True,True,True,True,Eyes,1.342057,-0.3039409,-3.231513,0.01491047,-0.005094513,0.9998758,0.0,0.0,0.0,0.0,0.0,0.0,0.0,-1.435717,0.3042553,3.200229,1.342191,-0.3040051,-3.240591,-0.0008052201,0.01470403,0.001957001,0.9998898,359.9044,1.684837,0.2228752,0.3819925,-0.08654563,-0.9201037,0,0,0,1.408274,-0.3002565,-0.9939653,-6.705523e-08,1.187436e-08,2.2476,0.9995599,0.00388989,-0.02940798,-0.00393725,0.999991,-0.001552711,0.02940167,0.001667814,0.9995663,static,-0.8319952241261732,-0.3842512276578741,-1.7093707391346426e-06,3.0270097544890737e-07,0.0660830000000001,0.0037485999999999,2.2466257,-0.0145202184480916,-0.0067056914270943,0.9998720360939558,0.0659629012324624,-0.3122376324283969,0.9164174491467172,0.9164400947024408,0.3191298450253222
942,05/15/2023 12:46:24.113209,1369,True,True,True,True,Eyes,1.342142,-0.3039372,-3.231516,0.01447545,-0.005238435,0.9998816,0.0,0.0,0.0,0.0,0.0,0.0,0.0,-1.43642,0.3041888,3.199908,1.342117,-0.3039486,-3.240613,-0.0008047257,0.0148247,0.001951748,0.9998879,359.9045,1.698666,0.2222626,0.3820035,-0.08654471,-0.9200993,0,0,0,1.408743,-0.3002015,-0.9940043,-9.685755e-08,1.071021e-08,2.2476,0.9995528,0.0038792,-0.02964921,-0.003926918,0.9999911,-0.001551403,0.02964293,0.001667139,0.9995592,static,-0.8707806516141613,-0.3923210963836411,-2.469090954341228e-06,2.730244842048449e-07,0.066626,0.0037471,2.2466087000000003,-0.0151970496592526,-0.0068464512825209,0.9998611751933374,0.028062313122312,-0.3206218021750815,0.9550514670548448,0.9550762797037136,0.3218480186453756
943,05/15/2023 12:46:24.125147,1370,True,True,True,True,Eyes,1.342224,-0.3039352,-3.23152,0.01406064,-0.005373183,0.9998867,0.0,0.0,0.0,0.0,0.0,0.0,0.0,-1.436523,0.3035919,3.199941,1.342056,-0.3039439,-3.240662,-0.0009038914,0.01485142,0.001968513,0.9998875,359.8931,1.701705,0.2240122,0.3820155,-0.08654368,-0.9200944,0,0,0,1.408801,-0.2997497,-0.9940569,-1.639128e-07,9.313226e-09,2.2476,0.9995512,0.003909735,-0.02970305,-0.003963431,0.9999906,-0.001749109,0.02969593,0.00186605,0.9995573,static,-0.8976763329193024,-0.4113100147793359,-4.178462203315512e-06,2.3741259274404058e-07,0.066745,0.0041941999999999,2.2466051,-0.0156663629632833,-0.00717777129457,0.9998515040746784,0.0017943407992322,-0.3398417202782957,0.987388504531096,0.9874165384708916,0.3398467167396344
944,05/15/2023 12:46:24.143664,1371,True,True,True,True,Eyes,1.342316,-0.3039321,-3.231524,0.01363571,-0.005525365,0.9998918,0.0,0.0,0.0,0.0,0.0,0.0,0.0,-1.436641,0.3037156,3.199874,1.342037,-0.3039821,-3.240664,-0.0009478955,0.0148855,0.002101176,0.9998866,359.8878,1.705586,0.239134,0.3820283,-0.08654261,-0.9200892,0,0,0,1.408934,-0.299581,-0.9940643,-9.685755e-08,1.024455e-08,2.2476,0.999548,0.004173656,-0.02977161,-0.004230096,0.9999893,-0.001833022,0.02976365,0.00195813,0.9995551,static,-0.9260742424710264,-0.4249539992389023,-2.469090954341228e-06,2.6115388770722e-07,0.0668969999999999,0.0044010999999999,2.2465997,-0.0161618970821709,-0.0074158100108831,0.999841923904682,-0.02594755251099,-0.3537233659638286,1.0188877072133251,1.0189185702877803,0.3546738667212257
945,05/15/2023 12:46:24.163252,1372,True,True,True,True,Eyes,1.342404,-0.3039269,-3.231527,0.01322787,-0.005658513,0.9998965,0.0,0.0,0.0,0.0,0.0,0.0,0.0,-1.436714,0.3035694,3.199834,1.341994,-0.3039459,-3.240665,-0.001005674,0.01491243,0.002195482,0.999886,359.881,1.708647,0.2498378,0.3820419,-0.08654147,-0.9200836,0,0,0,1.409011,-0.2992785,-0.9940689,-9.685755e-08,-2.840534e-08,2.2476,0.9995456,0.004360469,-0.02982586,-0.004420456,0.9999883,-0.001945638,0.02981703,0.002076598,0.9995533,static,-0.9526483768346315,-0.4390857116104781,-2.469090954341228e-06,-7.241084257137115e-07,0.0670170000000001,0.0046673999999999,2.2465961,-0.0166255966819174,-0.0076623571802839,0.9998324278816778,-0.0519063635126074,-0.3680788053197836,1.048932218112118,1.0489660870545112,0.3717196364524869
946,05/15/2023 12:46:24.173515,1373,True,True,True,True,Eyes,1.342515,-0.3039244,-3.231531,0.01279638,-0.00584445,0.999901,0.0,0.0,0.0,0.0,0.0,0.0,0.0,-1.436712,0.3025539,3.199901,1.341999,-0.3038928,-3.240638,-0.001167821,0.01491359,0.00222501,0.9998857,359.8624,1.708737,0.252944,0.3820564,-0.08654021,-0.9200777,0,0,0,1.409019,-0.2984946,-0.9940435,-8.195639e-08,-2.933666e-08,2.2476,0.9995453,0.004414679,-0.02982898,-0.004484345,0.9999874,-0.002269009,0.02981859,0.002401741,0.9995524,static,-0.977617757127338,-0.4682110597179649,-2.0892308467379352e-06,-7.478496187089614e-07,0.06702,0.0053982,2.2465945,-0.0170612505388237,-0.008170543861259,0.9998210193234436,-0.0762808725384258,-0.3974298092721567,1.083913376609475,1.0839526236217876,0.4046829767189177
947,05/15/2023 12:46:24.193475,1374,True,True,True,True,Eyes,1.34262,-0.3039221,-3.231535,0.01238616,-0.006028709,0.9999051,0.0,0.0,0.0,0.0,0.0,0.0,0.0,-1.436979,0.3027004,3.199769,1.34198,-0.3039438,-3.240643,-0.001196402,0.01496782,0.002325357,0.9998845,359.8589,1.71493,0.2643853,0.382072,-0.08653889,-0.9200714,0,0,0,1.409243,-0.2984099,-0.9940565,-1.41561e-07,-2.002344e-08,2.2476,0.9995411,0.004614362,-0.02993774,-0.004685992,0.9999863,-0.002322916,0.02992661,0.002462138,0.999549,static,-1.007476346733682,-0.48190126796474,-3.608670512391634e-06,-5.104371789168149e-07,0.067263,0.0055338999999999,2.2465865,-0.0175822513101159,-0.0084093643926651,0.9998100411213828,-0.1054503940354492,-0.4113692644294338,1.116751511730806,1.1167943669477105,0.4246684310199421
948,05/15/2023 12:46:24.213743,1375,True,True,True,True,Eyes,1.342742,-0.3039167,-3.231538,0.01199632,-0.006206515,0.9999088,0.0,0.0,0.0,0.0,0.0,0.0,0.0,-1.437224,0.3033473,3.199612,1.341952,-0.3039461,-3.240668,-0.001125107,0.01501689,0.002391796,0.9998838,359.867,1.720564,0.2721134,0.3820886,-0.08653753,-0.9200646,0,0,0,1.409436,-0.2987277,-0.9940873,2.235174e-08,-1.629815e-08,2.2476,0.9995376,0.004749244,-0.03003568,-0.004816827,0.9999861,-0.002178118,0.03002491,0.002321787,0.9995464,static,-1.0355215901097146,-0.483783243928217,5.697901614049399e-07,-4.154721520159916e-07,0.0674839999999998,0.0052184,2.2465807,-0.0180716336780142,-0.0084421314447377,0.99980107387035,-0.1328599889584776,-0.4134746558975787,1.1429129694305455,1.1429575533468663,0.4342958387624548
949,05/15/2023 12:46:24.223403,1376,True,True,True,True,Eyes,1.342858,-0.3039137,-3.23154,0.01163167,-0.006360999,0.9999121,0.0,0.0,0.0,0.0,0.0,0.0,0.0,-1.43799,0.302964,3.199248,1.341982,-0.3038563,-3.240609,-0.001172158,0.01513216,0.002394352,0.999882,359.8615,1.733761,0.2723094,0.3821065,-0.08653603,-0.9200573,0,0,0,1.409984,-0.298425,-0.9940443,-2.607703e-07,5.587935e-09,2.2476,0.9995306,0.004752663,-0.03026635,-0.004823612,0.9999858,-0.002271575,0.03025512,0.002416502,0.9995393,static,-1.0696841185728208,-0.4979011885524617,-6.647551883057602e-06,1.42447540351235e-07,0.0680019999999999,0.0054313,2.2465647,-0.0186677203443976,-0.0086883912909437,0.9997879744503808,-0.1662357536256609,-0.4278762690441182,1.1798306832688017,1.1798794969916728,0.4590319588188457
950,05/15/2023 12:46:24.243300,1377,True,True,True,True,Eyes,1.342939,-0.3039116,-3.231544,0.01129055,-0.006506064,0.9999151,0.0,0.0,0.0,0.0,0.0,0.0,0.0,-1.438669,0.3019904,3.199039,1.341954,-0.3039144,-3.240618,-0.001375697,0.01525148,0.002494141,0.9998797,359.838,1.747365,0.2833711,0.3821254,-0.08653448,-0.9200496,0,0,0,1.410489,-0.2975602,-0.9940727,-1.713634e-07,-4.144385e-08,2.2476,0.9995223,0.004945719,-0.03050615,-0.005029644,0.9999837,-0.002674983,0.03049242,0.002827141,0.999531,static,-1.1030921253692147,-0.529375545139106,-4.368392766956804e-06,-1.0564858924066813e-06,0.068535,0.0063541999999999,2.2465453,-0.0192505789233955,-0.0092375027325135,0.9997720221882912,-0.1988557474188896,-0.4596452425708792,1.2234792525211362,1.2235358388000666,0.5008139861688377
951,05/15/2023 12:46:24.263232,1378,True,True,True,True,Eyes,1.343015,-0.3039041,-3.231549,0.01097283,-0.006640199,0.9999178,0.0,0.0,0.0,0.0,0.0,0.0,0.0,-1.439152,0.3034474,3.198731,1.341928,-0.3039322,-3.240675,-0.001194603,0.01534099,0.002591728,0.9998782,359.8586,1.75766,0.2948562,0.3821443,-0.08653294,-0.9200419,0,0,0,1.410866,-0.2983841,-0.9941391,-2.086163e-07,2.328306e-09,2.2476,0.9995159,0.005146171,-0.03068443,-0.005219477,0.9999837,-0.002309395,0.03067205,0.002468434,0.9995265,static,-1.131629099044418,-0.5161460232231981,-5.31804303596503e-06,5.9353135440018994e-08,0.0689379999999999,0.0055481,2.2465359,-0.01974856960496,-0.0090065693220232,0.9997644611134232,-0.226761892861993,-0.446628298608379,1.24372047876267,1.243776169689209,0.5008946339890497
952,05/15/2023 12:46:24.273425,1379,True,True,True,True,Eyes,1.343089,-0.3039003,-3.231552,0.01066182,-0.006809801,0.99992,0.0,0.0,0.0,0.0,0.0,0.0,0.0,-1.43995,0.3027743,3.19841,1.34191,-0.303796,-3.24067,-0.001257846,0.01546358,0.002544285,0.9998765,359.8514,1.771698,0.2892908,0.3821632,-0.08653127,-0.9200342,0,0,0,1.411399,-0.2979656,-0.9941517,-1.639128e-07,-1.769513e-08,2.2476,0.9995088,0.00504904,-0.03092974,-0.005126843,0.9999838,-0.002436693,0.03091693,0.002594068,0.9995186,static,-1.1635245431392447,-0.5330170806392868,-4.178462203315512e-06,-4.510839415088665e-07,0.0694890000000001,0.0058304,2.2465183,-0.0203050607249856,-0.0093008511516251,0.9997505953347472,-0.2579188941591319,-0.4637677948671526,1.2797383279179946,1.279799346147956,0.5306601075384908
953,05/15/2023 12:46:24.293963,1380,True,True,True,True,Eyes,1.343159,-0.3039017,-3.231555,0.01036165,-0.006974155,0.999922,0.0,0.0,0.0,0.0,0.0,0.0,0.0,-1.441251,0.3020499,3.197845,1.341831,-0.3038741,-3.240648,-0.001403225,0.01568328,0.002590919,0.9998727,359.8346,1.796828,0.2943403,0.3821819,-0.08652958,-0.9200266,0,0,0,1.412305,-0.2973844,-0.9941628,-6.705523e-08,-3.352761e-08,2.2476,0.9994947,0.005137163,-0.03136984,-0.005225192,0.9999826,-0.002724825,0.0313553,0.002887361,0.9995041,static,-1.2060394031468118,-0.5589262197352146,-1.7093707391346426e-06,-8.546852421074097e-07,0.0704739999999999,0.0064896999999999,2.2464852000000004,-0.0210468031863515,-0.0097527873302414,0.9997309257633336,-0.2994458444532168,-0.490038080995823,1.3291877128309335,1.3292571167779967,0.5742850104307623
954,05/15/2023 12:46:24.314069,1381,True,True,True,True,Eyes,1.343221,-0.3039007,-3.231562,0.01006594,-0.007154041,0.9999238,0.0,0.0,0.0,0.0,0.0,0.0,0.0,-1.440754,0.3036362,3.197923,1.341807,-0.304003,-3.240651,-0.001390304,0.01565712,0.003085214,0.9998718,359.8352,1.793752,0.3510033,0.3822005,-0.08652802,-0.920019,0,0,0,1.41216,-0.297537,-0.9941612,0.0,-1.024455e-08,2.2476,0.9994907,0.0061261,-0.03131881,-0.006213173,0.9999771,-0.00268364,0.03130165,0.002876862,0.9995058,static,-1.2205191662722106,-0.5673577948141731,0.0,-2.6115388770722e-07,0.0703530000000001,0.006466,2.2464898,-0.0212994243402805,-0.0098998538956582,0.9997241802981316,-0.3135895579477397,-0.4985922734846366,1.345870313061284,1.3459426459693198,0.5890096821053832
955,05/15/2023 12:46:24.323034,1382,True,True,True,True,Eyes,1.343282,-0.3038937,-3.231565,0.009776294,-0.007312831,0.9999255,0.0,0.0,0.0,0.0,0.0,0.0,0.0,-1.439699,0.3051716,3.198356,1.341831,-0.3039342,-3.24075,-0.001184004,0.01549848,0.003185724,0.9998742,359.8587,1.775629,0.3629119,0.3822186,-0.08652651,-0.9200116,0,0,0,1.411474,-0.2983906,-0.9942356,-1.41561e-07,-2.8871e-08,2.2476,0.9994993,0.006333946,-0.03100061,-0.006407348,0.9999769,-0.002268961,0.03098552,0.002466457,0.9995168,static,-1.219013747166682,-0.5526995751234501,-3.608670512391634e-06,-7.359790222113365e-07,0.0696429999999999,0.0055435999999999,2.2465144,-0.0212732096975055,-0.0096440950838798,0.9997272132692188,-0.3121336055399328,-0.4839078786298272,1.3383861192204545,1.338454976660795,0.5758396110499615
956,05/15/2023 12:46:24.343812,1383,True,True,True,True,Eyes,1.343335,-0.3038892,-3.231564,0.009496009,-0.007432044,0.9999273,0.0,0.0,0.0,0.0,0.0,0.0,0.0,-1.439496,0.3030607,3.198564,1.341866,-0.3037848,-3.240666,-0.001354111,0.01543076,0.002874622,0.999876,359.8398,1.767857,0.3269751,0.3822364,-0.0865249,-0.9200044,0,0,0,1.411204,-0.2974992,-0.9941445,-6.705523e-08,-6.239861e-08,2.2476,0.9995072,0.005706739,-0.03086548,-0.005790319,0.9999798,-0.00261917,0.0308499,0.0027966,0.9995201,static,-1.2271060634635953,-0.5791657257493278,-1.7093707391346426e-06,-1.590664264318746e-06,0.0693379999999999,0.0062856,2.2465215,-0.0214143103900841,-0.0101058588288062,0.999719617531878,-0.3200151804465596,-0.5104637507603251,1.3568386422388283,1.3569142165967882,0.6024784133559736
957,05/15/2023 12:46:24.363249,1384,True,True,True,True,Eyes,1.343384,-0.3038861,-3.231561,0.009230947,-0.007568267,0.9999288,0.0,0.0,0.0,0.0,0.0,0.0,0.0,-1.439865,0.3002062,3.198552,1.341853,-0.3038396,-3.240553,-0.001712235,0.01546876,0.002657467,0.9998754,359.7991,1.772141,0.3014535,0.3822536,-0.08652326,-0.9199974,0,0,0,1.411359,-0.2959589,-0.9940417,-1.490116e-07,2.8871e-08,2.2476,0.9995074,0.0052613,-0.03094277,-0.005367245,0.99998,-0.003341828,0.03092457,0.003506259,0.9995156,static,-1.2465843596329904,-0.6280799560374227,-3.7986010760329263e-06,7.359790222113365e-07,0.069506,0.0078806999999999,2.2465113,-0.0217539795355061,-0.0109592500954536,0.9997033326587714,-0.3390018114516453,-0.5595795322025848,1.395779187834674,1.3958683501055889,0.6542550949399125
958,05/15/2023 12:46:24.373641,1385,True,True,True,True,Eyes,1.343428,-0.3038844,-3.231559,0.008961951,-0.007724303,0.99993,0.0,0.0,0.0,0.0,0.0,0.0,0.0,-1.440238,0.3016785,3.198223,1.341838,-0.3038655,-3.240534,-0.001438362,0.01551964,0.00254289,0.9998752,359.8307,1.778072,0.2888019,0.3822704,-0.08652167,-0.9199906,0,0,0,1.411577,-0.2972232,-0.9940258,-1.043081e-07,5.355105e-08,2.2476,0.9995054,0.0050405,-0.03104272,-0.005129792,0.999983,-0.002797436,0.03102809,0.002955295,0.9995142,static,-1.2676697674033106,-0.6056260095762757,-2.659020243383404e-06,1.3651224210242245e-06,0.069739,0.0066422999999999,2.2465082,-0.022121970791026,-0.0105673843090635,0.999699422386423,-0.3596344787883601,-0.5372703027430366,1.4048220845927724,1.4049072619431942,0.646526017172285
959,05/15/2023 12:46:24.393188,1386,True,True,True,True,Eyes,1.34347,-0.3038798,-3.231555,0.008700585,-0.007880631,0.9999312,0.0,0.0,0.0,0.0,0.0,0.0,0.0,-1.439724,0.3036444,3.198256,1.341849,-0.3038966,-3.240515,-0.001258994,0.01546547,0.002823668,0.9998757,359.8507,1.771873,0.3212998,0.3822865,-0.08652016,-0.919984,0,0,0,1.411345,-0.2980416,-0.9939976,-1.341105e-07,-1.071021e-08,2.2476,0.9995057,0.005607692,-0.0309342,-0.005685575,0.9999809,-0.002430337,0.03091998,0.002605014,0.9995185,static,-1.2767228603022436,-0.5937489222318608,-3.418742497948575e-06,-2.730244842048449e-07,0.069496,0.0058549999999999,2.2465174,-0.0222799801093384,-0.0103601169063379,0.9996981943175424,-0.3684955436360795,-0.5254531712841196,1.40794767797176,1.408030536207299,0.6417843831054458
960,05/15/2023 12:46:24.413359,1387,True,True,True,True,Eyes,1.343495,-0.3038751,-3.231551,0.008425558,-0.008053934,0.9999321,0.0,0.0,0.0,0.0,0.0,0.0,0.0,-1.43949,0.3041061,3.198318,1.341874,-0.3038169,-3.240512,-0.00117752,0.01542585,0.002829934,0.9998763,359.8601,1.767357,0.3221676,0.3823022,-0.08651863,-0.9199777,0,0,0,1.411193,-0.2983281,-0.9939875,-8.940697e-08,5.401671e-08,2.2476,0.9995081,0.00562284,-0.03085455,-0.005695497,0.9999812,-0.002267441,0.03084122,0.002442058,0.9995213,static,-1.287976345211557,-0.5942639589069802,-2.2791609005395813e-06,1.3769930175218497e-06,0.0693189999999999,0.0054888,2.2465245,-0.0224763270096388,-0.0103690569237109,0.9996936320061092,-0.3794942202449392,-0.5260576221179145,1.4183760482897598,1.4184598987181125,0.6486541481354505
961,05/15/2023 12:46:24.423655,1388,True,True,True,True,Eyes,1.343519,-0.303872,-3.231547,0.008155549,-0.008228677,0.9999329,0.0,0.0,0.0,0.0,0.0,0.0,0.0,-1.439659,0.3038852,3.198235,1.341906,-0.3038142,-3.240472,-0.001156392,0.01543534,0.00270227,0.9998766,359.8627,1.768469,0.3075761,0.3823169,-0.0865171,-0.9199717,0,0,0,1.411268,-0.2984292,-0.9939487,-1.639128e-07,8.847564e-09,2.2476,0.9995089,0.005368174,-0.03087312,-0.005439572,0.9999828,-0.002229077,0.03086062,0.002395919,0.9995208,static,-1.3044470830086243,-0.6018772921236866,-4.178462203315512e-06,2.255419452624509e-07,0.0693619999999999,0.0053849999999999,2.2465233,-0.0227636747051836,-0.0105018253914895,0.9996857283088694,-0.3955847861935249,-0.5338085059990345,1.436515769288568,1.4366028809287714,0.6644063358235467
962,05/15/2023 12:46:24.443926,1389,True,True,True,True,Eyes,1.343535,-0.3038673,-3.231544,0.008145059,-0.008394351,0.9999316,0.0,0.0,0.0,0.0,0.0,0.0,0.0,-1.439186,0.3045042,3.198414,1.341894,-0.3038447,-3.240499,-0.001051534,0.01536057,0.0026717,0.9998779,359.8748,1.759936,0.3042682,0.3823308,-0.08651564,-0.919966,0,0,0,1.410921,-0.2989339,-0.9939642,-2.458692e-07,-1.676381e-08,2.2476,0.9995139,0.005310444,-0.03072301,-0.005375053,0.9999835,-0.002020733,0.03071178,0.002184889,0.9995259,static,-1.296463280300383,-0.5993973047911734,-6.267693304973253e-06,-4.273427485136166e-07,0.0690270000000001,0.0049108,2.2465348,-0.022624384695149,-0.0104585880293742,0.999689335217188,-0.3877839868446318,-0.5312630234686133,1.428226945236291,1.4283127816528811,0.657732092506211
963,05/15/2023 12:46:24.973271,1421,True,True,True,True,Eyes,1.343357,-0.3040779,-3.231529,0.09646191,-0.04990648,0.9940847,0.0,0.0,0.0,0.0,0.0,0.0,0.0,-1.440409,0.3010138,3.198047,1.341795,-0.3038261,-3.240396,-0.001629088,0.01557372,0.002759258,0.9998737,359.8084,1.784175,0.3132438,0.3824148,-0.08653259,-0.9199296,0,0,0,1.755894,-0.5029708,-1.098573,0.34608,-0.2082401,2.153,0.9994997,0.005467078,-0.03115249,-0.005568562,0.9999795,-0.00317182,0.03113451,0.003343708,0.9995096,static,3.742149316190564,-3.0788294951544053,9.131788585510678,-5.524515032844772,0.414099,-0.1991447,2.141823,0.0651725938587674,-0.0535956667723226,0.996433633070401,4.539598175996122,-2.9733013985154004,5.8788007559731,5.918579998839695,5.2532755272520735
964,05/15/2023 12:46:24.992968,1422,True,True,True,True,Eyes,1.34338,-0.3040878,-3.231532,0.1000234,-0.051794,0.9936361,0.0,0.0,0.0,0.0,0.0,0.0,0.0,-1.440077,0.3021115,3.198099,1.341754,-0.3038616,-3.240416,-0.001614036,0.01556148,0.003106599,0.9998729,359.8095,1.78271,0.3530708,0.382415,-0.08653558,-0.9199292,0,0,0,1.755942,-0.5028067,-1.098591,0.3460801,-0.20824,2.153,0.9994964,0.006162175,-0.03112903,-0.006262641,0.9999755,-0.003130974,0.03110897,0.003324348,0.9995105,static,3.946739782672133,-3.1908345692647613,9.131791179688037,-5.524512396302768,0.414188,-0.1989451,2.141825,0.0687229391257278,-0.0555301902286078,0.9960891294547222,4.739684126603938,-3.083799151947457,5.647029228125409,5.686018834835619,5.024707504613827
965,05/15/2023 12:46:25.013685,1423,True,True,True,True,Eyes,1.343433,-0.3040947,-3.231535,0.1034788,-0.05361348,0.9931856,0.0,0.0,0.0,0.0,0.0,0.0,0.0,-1.439686,0.3031578,3.198192,1.341794,-0.3037555,-3.240425,-0.001448462,0.01549775,0.003138072,0.9998741,359.8285,1.775459,0.3569827,0.3824157,-0.08653852,-0.9199287,0,0,0,1.755722,-0.5033885,-1.098614,0.3460799,-0.20824,2.153,0.9995,0.006230456,-0.03100068,-0.006320248,0.9999761,-0.002799293,0.03098251,0.002993825,0.9995154,static,4.153083924145864,-3.2788863486135558,9.131785991333285,-5.524512396302768,0.4139280000000001,-0.199633,2.141811,0.0723035916391409,-0.0570464274548401,0.9957498677304608,4.941458877445376,-3.1703064181197966,5.423421353486474,5.461713157963951,4.806363189470455
966,05/15/2023 12:46:25.023447,1424,True,True,True,True,Eyes,1.343485,-0.3041017,-3.231538,0.1067944,-0.05533981,0.9927399,0.0,0.0,0.0,0.0,0.0,0.0,0.0,-1.439793,0.3016424,3.198304,1.34184,-0.303672,-3.240431,-0.001559174,0.01548174,0.002879489,0.9998748,359.8163,1.773633,0.3271612,0.3824175,-0.08654131,-0.9199276,0,0,0,1.755595,-0.5030265,-1.09856,0.3460802,-0.20824,2.153,0.9995041,0.005709979,-0.03096858,-0.005806535,0.9999785,-0.003028798,0.03095062,0.003207116,0.9995158,static,4.347971914622148,-3.3901714591831453,9.131793773865358,-5.524512396302768,0.4137550000000001,-0.1993545,2.141871,0.0756816990628675,-0.0589655377212094,0.9953870570197368,5.132060814348328,-3.280160164621314,5.200965246469445,5.238354972397139,4.586390812752483
967,05/15/2023 12:46:25.047637,1425,True,True,True,True,Eyes,1.343565,-0.3041134,-3.231541,0.1100264,-0.05702242,0.9922916,0.0,0.0,0.0,0.0,0.0,0.0,0.0,-1.440121,0.2989512,3.198392,1.341854,-0.3036832,-3.240407,-0.0018599,0.01550359,0.002603937,0.9998747,359.7823,1.7761,0.295051,0.3824204,-0.08654396,-0.9199262,0,0,0,1.755588,-0.5019552,-1.098432,0.3460801,-0.20824,2.153,0.9995057,0.005149551,-0.03101297,-0.005264891,0.9999795,-0.003638594,0.0309936,0.003800076,0.9995124,static,4.534116569156554,-3.5203195320613903,9.131791179688037,-5.524512396302768,0.4137339999999998,-0.198272,2.1419749999999995,0.0789044559429312,-0.0612110746584036,0.9950011435579807,5.314136850787249,-3.4089643310167284,4.979227621424105,5.015516011478966,4.364633798099266
968,05/15/2023 12:46:25.063278,1426,True,True,True,True,Eyes,1.343642,-0.3041265,-3.231544,0.1131289,-0.05864871,0.9918479,0.0,0.0,0.0,0.0,0.0,0.0,0.0,-1.441248,0.2999893,3.197773,1.341825,-0.3037898,-3.240395,-0.001654994,0.01567174,0.002463115,0.9998729,359.8059,1.795458,0.2792468,0.3824249,-0.08654659,-0.9199241,0,0,0,1.756224,-0.5030478,-1.09864,0.3460801,-0.20824,2.153,0.9994967,0.004873729,-0.03134765,-0.004977476,0.9999824,-0.003232363,0.03133134,0.003386768,0.9995033,static,4.695120085776575,-3.5905617394544427,9.131791179688037,-5.524512396302768,0.4143989999999999,-0.199258,2.141755,0.0816940267380108,-0.0624167868950163,0.9947011142264373,5.471576644546312,-3.4780029045333856,4.804260400414768,4.839856975022464,4.193491569463914
969,05/15/2023 12:46:25.073321,1427,True,True,True,True,Eyes,1.343746,-0.3041384,-3.231549,0.1161046,-0.06022774,0.9914093,0.0,0.0,0.0,0.0,0.0,0.0,0.0,-1.441026,0.3018354,3.197722,1.341831,-0.3038319,-3.240411,-0.001470412,0.01565794,0.002684467,0.9998728,359.8267,1.793889,0.3049426,0.3824307,-0.08654925,-0.9199214,0,0,0,1.756261,-0.5037143,-1.09872,0.3460801,-0.20824,2.153,0.9994953,0.005322203,-0.03131979,-0.005414298,0.9999812,-0.002856383,0.03130401,0.003024515,0.9995054,static,4.867224983367714,-3.664651047020552,9.131791179688037,-5.524512396302768,0.4144300000000001,-0.1998823999999999,2.141691,0.084674723986211,-0.0636870810647469,0.994371261529852,5.639871046236628,-3.550804615709496,4.617657735489811,4.652484183890564,4.011113139962237
970,05/15/2023 12:46:25.093005,1428,True,True,True,True,Eyes,1.343848,-0.3041486,-3.231552,0.1189513,-0.06175769,0.9909776,0.0,0.0,0.0,0.0,0.0,0.0,0.0,-1.440754,0.3023068,3.197798,1.341843,-0.303798,-3.240407,-0.001423137,0.01562069,0.002756956,0.9998733,359.832,1.789621,0.3133392,0.3824385,-0.08655187,-0.9199179,0,0,0,1.756144,-0.5038286,-1.098705,0.3460801,-0.20824,2.153,0.9994968,0.005468751,-0.03124525,-0.005557672,0.9999807,-0.002759782,0.03122956,0.002932044,0.999508,static,5.035723584499418,-3.750041314072485,9.131791179688037,-5.524512396302768,0.414301,-0.2000305999999999,2.141702,0.0875903508931562,-0.0651524751558877,0.9940236984896598,5.804652546928723,-3.6349467894327527,4.429987549857511,4.463912786561336,3.826265759753962
971,05/15/2023 12:46:25.113469,1429,True,True,True,True,Eyes,1.343929,-0.3041585,-3.231557,0.1217058,-0.06322891,0.9905502,0.0,0.0,0.0,0.0,0.0,0.0,0.0,-1.440244,0.3028134,3.197987,1.341867,-0.3037632,-3.240408,-0.00126721,0.01552205,0.002591265,0.9998754,359.8502,1.778389,0.2946483,0.3824479,-0.08655442,-0.9199138,0,0,0,1.755678,-0.5045909,-1.098686,0.34608,-0.20824,2.153,0.9995047,0.005142544,-0.03104679,-0.005221223,0.9999834,-0.00245366,0.03103365,0.002614547,0.9995149,static,5.207712209719077,-3.8168509599648814,9.131788585510678,-5.524512396302768,0.4138110000000001,-0.2008276999999999,2.141722,0.0905669508952288,-0.0662937849159405,0.9936813659420852,5.972825629121993,-3.7004626652462367,4.246408376548176,4.279542380231947,3.647767040423956
972,05/15/2023 12:46:25.122987,1430,True,True,True,True,Eyes,1.344006,-0.3041688,-3.231563,0.1243379,-0.06464843,0.9901317,0.0,0.0,0.0,0.0,0.0,0.0,0.0,-1.439866,0.302992,3.198187,1.341876,-0.3037574,-3.24045,-0.001167967,0.01544596,0.002428276,0.9998771,359.8619,1.76972,0.2761604,0.3824583,-0.0865569,-0.9199092,0,0,0,1.755296,-0.5051361,-1.098705,0.3460799,-0.20824,2.153,0.9995111,0.004819875,-0.03089378,-0.004892036,0.9999855,-0.002260634,0.03088244,0.002410662,0.9995201,static,5.3701707957846345,-3.887076967243364,9.131785991333285,-5.524512396302768,0.4134199999999999,-0.2013786999999999,2.141745,0.0933765830931155,-0.0674940807361129,0.9933405654750068,6.131687598877908,-3.769473526543615,4.070265577551192,4.102553310283908,3.4757375906099144
973,05/15/2023 12:46:25.142981,1431,True,True,True,True,Eyes,1.344087,-0.3041777,-3.23157,0.1268314,-0.06601167,0.9897253,0.0,0.0,0.0,0.0,0.0,0.0,0.0,-1.43897,0.3035674,3.198572,1.341879,-0.3037773,-3.240483,-0.0010738,0.01530397,0.002410928,0.9998795,359.8727,1.753476,0.2743572,0.3824694,-0.08655934,-0.9199043,0,0,0,1.754684,-0.5055751,-1.098658,0.34608,-0.20824,2.153,0.9995199,0.004788407,-0.03060943,-0.004854141,0.9999861,-0.002073547,0.03059908,0.002221134,0.9995292,static,5.531160808994388,-3.9564604285019698,9.131788585510678,-5.524512396302768,0.4128049999999998,-0.2017978,2.141825,0.0961595031331258,-0.0686786500555739,0.9929937094694876,6.289113289036727,-3.837652623965589,3.895838891817332,3.927251883791591,3.305495232595671
974,05/15/2023 12:46:25.163243,1432,True,True,True,True,Eyes,1.344164,-0.3041867,-3.231578,0.1292131,-0.06730962,0.9893298,0.0,0.0,0.0,0.0,0.0,0.0,0.0,-1.438113,0.3026763,3.199076,1.341889,-0.3037491,-3.240516,-0.001190212,0.01516422,0.002371155,0.9998816,359.8595,1.737434,0.2696157,0.3824813,-0.08656169,-0.9198991,0,0,0,1.754078,-0.5050784,-1.098528,0.34608,-0.20824,2.153,0.9995288,0.00470565,-0.03033049,-0.004777845,0.9999859,-0.002308228,0.03031921,0.002452055,0.9995372,static,5.68579878746567,-4.045867133288807,9.131788585510678,-5.524512396302768,0.4121889999999999,-0.2013293,2.141988,0.0988286306481437,-0.070209631547267,0.9926245880122074,6.440351573171644,-3.925924659554734,3.719519568133928,3.749831663163549,3.130385909671469
975,05/15/2023 12:46:25.173169,1433,True,True,True,True,Eyes,1.344242,-0.3041952,-3.231582,0.1314768,-0.06855302,0.9889461,0.0,0.0,0.0,0.0,0.0,0.0,0.0,-1.437196,0.3019427,3.199574,1.341905,-0.3037639,-3.240524,-0.0013171,0.01502022,0.002396926,0.9998834,359.845,1.720893,0.2723705,0.3824938,-0.08656397,-0.9198937,0,0,0,1.753487,-0.5045298,-1.098367,0.34608,-0.20824,2.153,0.9995373,0.004753727,-0.03004324,-0.004832859,0.999985,-0.002561889,0.03003062,0.002705898,0.9995453,static,5.833655532737783,-4.134176605113764,9.131788585510678,-5.524512396302768,0.4115820000000001,-0.2007659,2.142157,0.1013789235996045,-0.0717209729217067,0.9922592756369272,6.584960685063114,-4.013151970857103,3.550024957753754,3.579205951891315,2.961510204287915
976,05/15/2023 12:46:25.192816,1434,True,True,True,True,Eyes,1.344317,-0.3042028,-3.231587,0.1336411,-0.06974389,0.9885726,0.0,0.0,0.0,0.0,0.0,0.0,0.0,-1.436623,0.3013174,3.199863,1.341965,-0.3037623,-3.240472,-0.001385428,0.01491511,0.002331399,0.9998852,359.8373,1.708839,0.2647621,0.3825069,-0.08656619,-0.919888,0,0,0,1.75307,-0.5042853,-1.098201,0.3460801,-0.20824,2.153,0.9995442,0.004620936,-0.02983326,-0.004703591,0.9999853,-0.002700991,0.02982033,0.002840083,0.9995512,static,5.972060592363474,-4.211479887422329,9.131791179688037,-5.524512396302768,0.4111049999999998,-0.200523,2.142271,0.1037655733954585,-0.0730415827706618,0.9919161114915764,6.720320063410784,-4.089437046247954,3.3935562940735733,3.4216884361161943,2.8061778641017043
977,05/15/2023 12:46:25.213064,1435,True,True,True,True,Eyes,1.344376,-0.3042117,-3.231591,0.1356983,-0.0708649,0.9882126,0.0,0.0,0.0,0.0,0.0,0.0,0.0,-1.435805,0.3008465,3.200423,1.341263,-0.3043683,-3.240853,-0.001560786,0.0148968,0.002352109,0.9998851,359.8171,1.706691,0.2668388,0.3825205,-0.08656831,-0.9198822,0,0,0,1.752298,-0.5041224,-1.098496,0.3460801,-0.20824,2.153,0.9995452,0.004657176,-0.02979751,-0.004750179,0.999984,-0.003051136,0.02978283,0.003191291,0.9995512,static,6.09374113415864,-4.298041722846942,9.131791179688037,-5.524512396302768,0.4110349999999998,-0.1997541,2.142357,0.1058602604806416,-0.074523532063649,0.9915845167676776,6.839342564167501,-4.1751218333888405,3.2493025663666453,3.27627507880342,2.6601081831540583
978,05/15/2023 12:46:25.223267,1436,True,True,True,True,Eyes,1.344403,-0.304245,-3.231611,0.1376712,-0.07192598,0.9878629,0.0,0.0,0.0,0.0,0.0,0.0,0.0,-1.435366,0.3011724,3.200565,1.34123,-0.3044139,-3.240839,-0.001531334,0.0148368,0.002385238,0.9998859,359.8205,1.699817,0.2706957,0.3825341,-0.08657041,-0.9198764,0,0,0,1.752021,-0.50427,-1.098444,0.3460801,-0.20824,2.153,0.9995484,0.004724492,-0.02967751,-0.004815372,0.999984,-0.00299154,0.0296629,0.003133097,0.9995551,static,6.215093883425746,-4.357938533169574,9.131791179688037,-5.524512396302768,0.4107910000000001,-0.1998560999999999,2.142395,0.1079518874327546,-0.0755429936804959,0.9912817264583792,6.95801656836641,-4.234118206391334,3.115272721220053,3.141340111508026,2.5279266655074624
979,05/15/2023 12:46:25.243546,1437,True,True,True,True,Eyes,1.344404,-0.3042766,-3.231628,0.13955,-0.07289253,0.9875285,0.0,0.0,0.0,0.0,0.0,0.0,0.0,-1.434691,0.3009515,3.200925,1.341237,-0.3044159,-3.24087,-0.001569909,0.01473084,0.002395278,0.9998874,359.8161,1.687661,0.2718001,0.3825467,-0.08657317,-0.9198709,0,0,0,1.751578,-0.5040995,-1.098374,0.34608,-0.2082399,2.153,0.9995545,0.004743764,-0.02946588,-0.004836269,0.9999835,-0.003068896,0.02945084,0.003210034,0.9995611,static,6.336523350371078,-4.419875203165147,9.131788585510678,-5.52450975976074,0.410341,-0.1996836,2.1424960000000004,0.1100436504448899,-0.0765968573440708,0.9909709270124052,7.0767677072782345,-4.295155820300269,2.980505874306396,3.0056156172080937,2.3946653040536217
980,05/15/2023 12:46:25.263168,1438,True,True,True,True,Eyes,1.344407,-0.3043049,-3.231643,0.1413461,-0.07382394,0.9872038,0.0,0.0,0.0,0.0,0.0,0.0,0.0,-1.434258,0.3018942,3.20105,1.341338,-0.3044126,-3.240849,-0.001449193,0.0146539,0.002456205,0.9998887,359.8298,1.678865,0.2789978,0.382558,-0.0865765,-0.9198658,0,0,0,1.751374,-0.5045695,-1.098338,0.3460799,-0.20824,2.153,0.9995584,0.00486939,-0.02931165,-0.004954336,0.9999837,-0.002826078,0.02929741,0.00297005,0.9995663,static,6.449292092902764,-4.462255001712782,9.131785991333285,-5.524512396302768,0.410036,-0.2001569,2.142511,0.1119876415624495,-0.0773129286308113,0.9906974896710806,7.187033188475335,-4.336685936423611,2.860791161488594,2.885162783531992,2.278814420485551
981,05/15/2023 12:46:25.272937,1439,True,True,True,True,Eyes,1.344404,-0.3043313,-3.231654,0.1430493,-0.0746346,0.9868975,0.0,0.0,0.0,0.0,0.0,0.0,0.0,-1.433517,0.3027926,3.201277,1.341372,-0.3043618,-3.24082,-0.001372558,0.01454909,0.00262106,0.9998898,359.8384,1.666848,0.2980324,0.3825679,-0.08658026,-0.9198614,0,0,0,1.751026,-0.5047242,-1.098256,0.3460799,-0.20824,2.153,0.9995629,0.005201602,-0.02910216,-0.005281481,0.9999825,-0.002668546,0.02908777,0.002821082,0.9995729,static,6.558978068201093,-4.504262372137331,9.131785991333285,-5.524512396302768,0.4096539999999999,-0.2003623999999999,2.142564,0.1138776986095071,-0.0780223861674911,0.99042641234472,7.294285162993845,-4.377867618136836,2.744088937719717,2.767715794864304,2.1659186368474965
982,05/15/2023 12:46:25.293070,1440,True,True,True,True,Eyes,1.344404,-0.3043557,-3.231665,0.1446802,-0.07543386,0.9865988,0.0,0.0,0.0,0.0,0.0,0.0,0.0,-1.432364,0.3003988,3.202,1.341496,-0.3043554,-3.240751,-0.001732842,0.01434621,0.002598604,0.9998922,359.7972,1.643497,0.2949004,0.3825767,-0.08658437,-0.9198573,0,0,0,1.75027,-0.5031887,-1.097876,0.3460799,-0.20824,2.152999,0.9995749,0.005146928,-0.02869834,-0.005246367,0.9999805,-0.003390751,0.02868032,0.003539871,0.9995824,static,6.677753595865346,-4.592965959279399,9.131790161296436,-5.524514946389912,0.4087739999999999,-0.1988333,2.142875,0.1159166976579945,-0.079536743783385,0.9900692123586012,7.410470544406583,-4.4657191957884335,2.6026300881537123,2.62489599410328,2.0208883356043152
983,05/15/2023 12:46:25.313138,1441,True,True,True,True,Eyes,1.344423,-0.3043808,-3.231675,0.1462252,-0.07621747,0.9863108,0.0,0.0,0.0,0.0,0.0,0.0,0.0,-1.43248,0.300893,3.201917,1.341539,-0.3043265,-3.240751,-0.001516506,0.01432853,0.002284509,0.9998937,359.8225,1.641589,0.2592697,0.3825845,-0.08658874,-0.9198537,0,0,0,1.750111,-0.504327,-1.097946,0.3460799,-0.20824,2.153,0.999579,0.004525073,-0.02866094,-0.004611991,0.999985,-0.002967222,0.02864708,0.003098157,0.9995848,static,6.772444306419949,-4.610095806067753,9.131785991333285,-5.524512396302768,0.4085719999999999,-0.2000004999999999,2.142805,0.1175501514600342,-0.0798173156981934,0.989854061996686,7.5030398367617614,-4.482117592195751,2.508522928268348,2.530346001373472,1.9337530772207767
984,05/15/2023 12:46:25.323022,1442,True,True,True,True,Eyes,1.344443,-0.304403,-3.231683,0.1477069,-0.07696054,0.9860323,0.0,0.0,0.0,0.0,0.0,0.0,0.0,-1.432533,0.3020016,3.2018,1.3416,-0.3043647,-3.240733,-0.00138234,0.01433489,0.002358555,0.9998936,359.8377,1.642341,0.2679731,0.3825918,-0.08659334,-0.9198502,0,0,0,1.75023,-0.5048857,-1.097988,0.34608,-0.2082401,2.153,0.9995779,0.004676977,-0.02867325,-0.004756239,0.9999851,-0.002696766,0.02866021,0.002832005,0.9995852,static,6.857339668630928,-4.640067426969621,9.131788585510678,-5.524515032844772,0.40863,-0.200521,2.142745,0.119011863881881,-0.080321017411721,0.9896386512688852,7.586048638261509,-4.511447665868295,2.419126858518677,2.440361744298119,1.8481389218764148
985,05/15/2023 12:46:25.343365,1443,True,True,True,True,Eyes,1.344453,-0.3044254,-3.231688,0.1491423,-0.07762978,0.9857637,0.0,0.0,0.0,0.0,0.0,0.0,0.0,-1.432348,0.3016205,3.2019,1.341637,-0.3043197,-3.240704,-0.001478742,0.01430987,0.002461458,0.9998935,359.8265,1.63943,0.2796099,0.3825988,-0.08659807,-0.9198468,0,0,0,1.750201,-0.5043489,-1.0979,0.3460799,-0.20824,2.152999,0.9995784,0.004880071,-0.02862398,-0.004964713,0.9999835,-0.002886723,0.02860942,0.003027615,0.9995861,static,6.943090608064845,-4.69264373600154,9.131790161296436,-5.524514946389912,0.4085639999999999,-0.2000291999999999,2.142804,0.1204841020785225,-0.0812145749028579,0.989387514879538,7.669917515642827,-4.563397690889623,2.3211162930413,2.341455838786882,1.749519365691815
986,05/15/2023 12:46:25.363197,1444,True,True,True,True,Eyes,1.344463,-0.3044458,-3.231693,0.1505261,-0.0782842,0.9855016,0.0,0.0,0.0,0.0,0.0,0.0,0.0,-1.432484,0.3009793,3.201889,1.341744,-0.3043544,-3.240646,-0.00156104,0.01430939,0.00240871,0.9998934,359.8172,1.639362,0.2734312,0.3826053,-0.08660293,-0.9198437,0,0,0,1.750284,-0.5040698,-1.097808,0.3460801,-0.20824,2.153,0.9995789,0.004772232,-0.02862324,-0.004861582,0.9999835,-0.003052813,0.0286082,0.003190683,0.9995856,static,7.024453047686127,-4.740292407655365,9.131791179688037,-5.524512396302768,0.4085399999999999,-0.1997154,2.142838,0.1218808563900807,-0.0820232576399087,0.9891497199136072,7.749491853859321,-4.6104499506802,2.2290264085460825,2.2485272942936296,1.657184836004732
987,05/15/2023 12:46:25.372982,1445,True,True,True,True,Eyes,1.344478,-0.3044645,-3.231696,0.1518516,-0.07892631,0.985247,0.0,0.0,0.0,0.0,0.0,0.0,0.0,-1.433196,0.3014531,3.201523,1.3418,-0.3043227,-3.240623,-0.001428601,0.01440023,0.002282487,0.9998927,359.8326,1.64983,0.2591702,0.3826112,-0.08660787,-0.9198408,0,0,0,1.750679,-0.5047018,-1.097911,0.34608,-0.2082399,2.153,0.9995748,0.004523339,-0.0288039,-0.004605628,0.9999855,-0.00279116,0.02879086,0.002922633,0.9995812,static,7.092449765288207,-4.7613335311342455,9.131788585510678,-5.52450975976074,0.408879,-0.2003790999999999,2.1427119999999995,0.1230510827550139,-0.0823745182121444,0.9889756274165264,7.815974410360057,-4.6309743403053725,2.1584224889741725,2.177462004170668,1.5905258530902886
988,05/15/2023 12:46:25.393177,1446,True,True,True,True,Eyes,1.344494,-0.3044842,-3.231699,0.1531303,-0.07954556,0.9849993,0.0,0.0,0.0,0.0,0.0,0.0,0.0,-1.433923,0.3010351,3.201244,1.341842,-0.3043014,-3.240614,-0.001446389,0.01449738,0.002180109,0.9998915,359.8307,1.660975,0.247394,0.3826169,-0.08661282,-0.9198379,0,0,0,1.751095,-0.5046808,-1.097975,0.3460801,-0.2082401,2.153,0.9995702,0.004317808,-0.02899792,-0.004401683,0.9999863,-0.002829253,0.02898531,0.002955677,0.9995754,static,7.156965270476384,-4.7985473832297405,9.131791179688037,-5.524515032844772,0.4092530000000001,-0.2003794,2.142639,0.1241580833233045,-0.0830053135380933,0.9887845539672534,7.879071459536965,-4.6677147197445,2.085674034598864,2.1040357411368285,1.5177000605469135
989,05/15/2023 12:46:25.413285,1447,True,True,True,True,Eyes,1.34451,-0.3045022,-3.231701,0.1543451,-0.08016965,0.984759,0.0,0.0,0.0,0.0,0.0,0.0,0.0,-1.434498,0.3012685,3.200954,1.341876,-0.3043477,-3.240586,-0.001411103,0.01458078,0.00216499,0.9998904,359.8347,1.670545,0.2457065,0.3826224,-0.08661781,-0.9198352,0,0,0,1.75148,-0.5048894,-1.098029,0.34608,-0.2082401,2.153,0.9995654,0.004288356,-0.02916448,-0.004370656,0.9999866,-0.002758763,0.02915226,0.002885032,0.9995708,static,7.218507914002031,-4.831331208617313,9.131788585510678,-5.524515032844772,0.4096039999999998,-0.2005417,2.142557,0.1252142542984053,-0.0835598840378463,0.9886045756803924,7.93925814683536,-4.70004424464954,2.017238410064463,2.03498077193353,1.4497865110954833
990,05/15/2023 12:46:25.423638,1448,True,True,True,True,Eyes,1.344526,-0.3045184,-3.231703,0.1555192,-0.08075378,0.9845265,0.0,0.0,0.0,0.0,0.0,0.0,0.0,-1.435114,0.3013032,3.200714,1.341949,-0.3043247,-3.240596,-0.001376002,0.01465982,0.002103693,0.9998895,359.8388,1.679621,0.2387289,0.3826277,-0.08662279,-0.9198325,0,0,0,1.751868,-0.5050629,-1.098117,0.3460801,-0.2082401,2.153,0.9995614,0.004166578,-0.02932218,-0.004247265,0.9999874,-0.002690019,0.0293106,0.002813379,0.9995664,static,7.278620715511857,-4.86105674720365,9.131791179688037,-5.524515032844772,0.4099189999999999,-0.2007381999999999,2.142479,0.1262460456869372,-0.0840616862519161,0.9884307727949766,7.99804407444194,-4.729323800164674,1.951193266337179,1.9683540499820693,1.3848146428981745
991,05/15/2023 12:46:25.443209,1449,True,True,True,True,Eyes,1.344579,-0.3045353,-3.231705,0.1566392,-0.081328,0.9843017,0.0,0.0,0.0,0.0,0.0,0.0,0.0,-1.43592,0.2997065,3.200491,1.341974,-0.3043026,-3.240577,-0.001580961,0.01477237,0.002011413,0.9998876,359.8155,1.692489,0.2277906,0.3826328,-0.08662771,-0.9198299,0,0,0,1.752337,-0.5042292,-1.098107,0.3460798,-0.20824,2.153,0.9995555,0.003975665,-0.02954777,-0.004069083,0.9999869,-0.003102141,0.02953506,0.003220994,0.9995586,static,7.332335958469965,-4.917060211382687,9.131783397155848,-5.524512396302768,0.410363,-0.1999266,2.1424700000000003,0.1271623053865924,-0.0850177549470184,0.9882315764111496,8.05060469448459,-4.784957429326788,1.8829940518136343,1.8992127952278977,1.309919438854446
992,05/15/2023 12:46:25.463215,1450,True,True,True,True,Eyes,1.344629,-0.3045515,-3.231706,0.1577276,-0.08188559,0.9840816,0.0,0.0,0.0,0.0,0.0,0.0,0.0,-1.437288,0.3001115,3.199836,1.342016,-0.3043303,-3.240555,-0.00148437,0.01497159,0.00192192,0.999885,359.8266,1.715358,0.2176654,0.3826386,-0.08663256,-0.919827,0,0,0,1.753196,-0.5047383,-1.098287,0.34608,-0.20824,2.153,0.9995443,0.003798951,-0.02994545,-0.003887844,0.9999882,-0.002910849,0.02993404,0.003025946,0.9995473,static,7.373929696379259,-4.937497996963673,9.131788585510678,-5.524512396302768,0.4111799999999999,-0.2004079999999999,2.142268,0.1278758896758702,-0.0853623585521822,0.9881097437491352,8.091280193819909,-4.805086499876967,1.837476485094644,1.8532818941353169,1.2650025034073964
993,05/15/2023 12:46:25.473275,1451,True,True,True,True,Eyes,1.344654,-0.3045668,-3.231705,0.1588072,-0.08242463,0.9838631,0.0,0.0,0.0,0.0,0.0,0.0,0.0,-1.438406,0.3005396,3.19928,1.342008,-0.3043263,-3.240544,-0.001406731,0.01514543,0.001896444,0.9998826,359.8355,1.735301,0.2148509,0.3826451,-0.08663733,-0.9198239,0,0,0,1.753922,-0.5050859,-1.09845,0.34608,-0.20824,2.153,0.999534,0.003749831,-0.03029263,-0.003835054,0.9999888,-0.002755686,0.03028196,0.002870576,0.9995373,static,7.41734186153942,-4.960107673675384,9.131788585510678,-5.524512396302768,0.4119139999999999,-0.2007595999999999,2.142094,0.128620318634485,-0.0857439630205296,0.987980228741438,8.133735323806237,-4.827375210396213,1.7896082806930795,1.8049599054438512,1.2174196356115607
994,05/15/2023 12:46:25.493152,1452,True,True,True,True,Eyes,1.344676,-0.3045829,-3.231704,0.159859,-0.08295195,0.9836484,0.0,0.0,0.0,0.0,0.0,0.0,0.0,-1.439906,0.300468,3.198564,1.342017,-0.3043329,-3.240493,-0.001405671,0.01537573,0.001864433,0.9998791,359.8357,1.7617,0.2111471,0.3826515,-0.08664203,-0.9198208,0,0,0,1.754905,-0.5051197,-1.098589,0.3460801,-0.20824,2.153,0.9995202,0.003685188,-0.03075298,-0.003771642,0.999989,-0.002753667,0.03074249,0.002868335,0.9995232,static,7.452833776858794,-4.990584302484108,9.131791179688037,-5.524512396302768,0.4128879999999999,-0.2007867999999999,2.141904,0.1292264887404249,-0.0862626172746123,0.987855949104482,8.168457450317607,-4.857601114435218,1.7470064248140849,1.7618107644931515,1.171658026910992
995,05/15/2023 12:46:25.513301,1453,True,True,True,True,Eyes,1.344729,-0.3045979,-3.231702,0.1608397,-0.08347379,0.9834443,0.0,0.0,0.0,0.0,0.0,0.0,0.0,-1.441003,0.3017039,3.197932,1.341972,-0.3043639,-3.240488,-0.001261933,0.0155642,0.001963766,0.9998762,359.8519,1.783314,0.2227537,0.3826578,-0.08664671,-0.9198177,0,0,0,1.755708,-0.5056913,-1.098798,0.34608,-0.20824,2.153,0.9995078,0.003887763,-0.0311295,-0.003966326,0.9999891,-0.002462425,0.03111959,0.002584682,0.9995123,static,7.487545266071471,-5.006630587440911,9.131788585510678,-5.524512396302768,0.4137360000000001,-0.2013273999999999,2.14169,0.129821879579657,-0.086532480445207,0.9877542120011178,8.202401571473093,-4.87338878164712,1.7094089887568562,1.7238728669685857,1.134778473281872
996,05/15/2023 12:46:25.533106,1454,True,True,True,True,Eyes,1.344779,-0.3046106,-3.231699,0.1617856,-0.08397796,0.9832462,0.0,0.0,0.0,0.0,0.0,0.0,0.0,-1.441425,0.3029516,3.197588,1.341967,-0.3043492,-3.240455,-0.001141986,0.01564835,0.002139356,0.9998747,359.8653,1.792961,0.243075,0.3826647,-0.08665129,-0.9198145,0,0,0,1.756136,-0.5060576,-1.098886,0.34608,-0.20824,2.153,0.9995011,0.004242434,-0.03129765,-0.004313915,0.9999882,-0.002216731,0.03128788,0.00235064,0.9995076,static,7.531464128448287,-5.025812381064575,9.131788585510678,-5.524512396302768,0.414169,-0.2017084,2.141569,0.1305753101222202,-0.0868544936724851,0.987626626444905,8.245348336496605,-4.892242266049826,1.662181928751017,1.676227929927971,1.0888258964050246
997,05/15/2023 12:46:25.543427,1455,True,True,True,True,Eyes,1.344794,-0.3046229,-3.231696,0.1627056,-0.08442274,0.9830562,0.0,0.0,0.0,0.0,0.0,0.0,0.0,-1.441626,0.3036088,3.197388,1.341934,-0.3043036,-3.240427,-0.00108083,0.01569584,0.00225017,0.9998738,359.8721,1.798405,0.2558754,0.3826722,-0.08665573,-0.919811,0,0,0,1.756351,-0.5061899,-1.098922,0.34608,-0.2082401,2.153,0.9994972,0.004465843,-0.03139259,-0.004533701,0.9999875,-0.00209075,0.03138286,0.002232024,0.9995049,static,7.578744906529838,-5.0472550817503885,9.131788585510678,-5.524515032844772,0.414417,-0.2018862999999999,2.141505,0.1313860991922441,-0.0872146711533191,0.9874872645931048,8.291583440323791,-4.913332298169449,1.6111416646862995,1.6247220469178585,1.0389846106481682
998,05/15/2023 12:46:25.567635,1456,True,True,True,True,Eyes,1.344807,-0.3046361,-3.231692,0.1635913,-0.08486037,0.9828717,0.0,0.0,0.0,0.0,0.0,0.0,0.0,-1.441712,0.3029101,3.197407,1.34192,-0.3043219,-3.240423,-0.001196811,0.01571213,0.002260791,0.9998734,359.8588,1.80024,0.2568816,0.3826793,-0.08666006,-0.9198076,0,0,0,1.756411,-0.5057018,-1.098884,0.34608,-0.20824,2.153,0.999496,0.004483401,-0.03142569,-0.004558619,0.9999869,-0.002322276,0.03141487,0.002464363,0.9995034,static,7.628803339035312,-5.086879329629732,9.131788585510678,-5.524512396302768,0.4144909999999999,-0.2013799,2.141539,0.1322409755290423,-0.0878875077056685,0.9873136709645672,8.340552606240003,-4.952599645284846,1.5525722646725646,1.5654032554483406,0.9762881591360782
999,05/15/2023 12:46:25.573690,1457,True,True,True,True,Eyes,1.344813,-0.3046463,-3.231688,0.1644281,-0.0852567,0.9826977,0.0,0.0,0.0,0.0,0.0,0.0,0.0,-1.441956,0.303687,3.197205,1.341901,-0.3043539,-3.24041,-0.001066419,0.01575062,0.002226539,0.9998729,359.8738,1.804689,0.2531869,0.3826861,-0.08666434,-0.9198044,0,0,0,1.756543,-0.5063196,-1.098956,0.3460799,-0.20824,2.153,0.999494,0.004418919,-0.03150197,-0.004486106,0.9999878,-0.002062427,0.03149248,0.002202705,0.9995016,static,7.673595321686403,-5.095102274954329,9.131785991333285,-5.524512396302768,0.4146419999999999,-0.2019656999999999,2.1414539999999995,0.1330112155148551,-0.0880200460225394,0.9871983400488682,8.384341211111508,-4.9604767061179205,1.5075426321266203,1.5201029838013271,0.936381310836069
1000,05/15/2023 12:46:25.593230,1458,True,True,True,True,Eyes,1.344818,-0.3046554,-3.231685,0.1652393,-0.08562283,0.9825298,0.0,0.0,0.0,0.0,0.0,0.0,0.0,-1.44238,0.3037867,3.196992,1.341903,-0.304297,-3.240402,-0.001007427,0.01580899,0.002145965,0.9998722,359.8807,1.811403,0.2440543,0.3826924,-0.08666848,-0.9198014,0,0,0,1.756763,-0.506577,-1.09902,0.3460801,-0.20824,2.153,0.9994909,0.004259528,-0.03161825,-0.004323234,0.9999887,-0.001946745,0.03160961,0.002082447,0.9994981,static,7.715158078036001,-5.108885034364175,9.131791179688037,-5.524512396302768,0.41486,-0.20228,2.141382,0.1337245837106155,-0.0882489712905661,0.9870815356125948,8.424979413161132,-4.973944511498484,1.464129922149976,1.4763453013059984,0.8959396570521625
1001,05/15/2023 12:46:25.613378,1459,True,True,True,True,Eyes,1.344799,-0.304665,-3.231682,0.1660097,-0.08596076,0.9823704,0.0,0.0,0.0,0.0,0.0,0.0,0.0,-1.442935,0.3028816,3.196839,1.341885,-0.3042842,-3.240422,-0.001176972,0.01590486,0.002217037,0.9998703,359.8611,1.822341,0.2518772,0.3826981,-0.08667247,-0.9197986,0,0,0,1.757183,-0.505781,-1.099052,0.3460801,-0.2082401,2.153,0.9994842,0.00439606,-0.03181082,-0.004470938,0.9999874,-0.002283115,0.03180039,0.002424162,0.9994913,static,7.748822869195397,-5.149676704710831,9.131791179688037,-5.524515032844772,0.4152979999999999,-0.2014968,2.14137,0.1342961853627646,-0.0889447611991135,0.9869414570288706,8.457926572349367,-5.014509942570797,1.421380383395626,1.432866050984918,0.8451027754829976
1002,05/15/2023 12:46:25.623178,1460,True,True,True,True,Eyes,1.34478,-0.3046757,-3.231678,0.1667658,-0.08627842,0.9822145,0.0,0.0,0.0,0.0,0.0,0.0,0.0,-1.443557,0.3028554,3.196572,1.341884,-0.3043149,-3.24043,-0.001227339,0.01601099,0.002312415,0.9998685,359.8551,1.834477,0.2626983,0.3827029,-0.08667635,-0.9197963,0,0,0,1.757677,-0.5055216,-1.099127,0.34608,-0.20824,2.153,0.9994766,0.00458492,-0.03202345,-0.004663524,0.9999863,-0.002380308,0.0320121,0.002528404,0.9994842,static,7.780074030039136,-5.176073772278055,9.131788585510678,-5.524512396302768,0.4157929999999998,-0.2012067,2.141303,0.1348290501943792,-0.0893929250715412,0.9868283305562432,8.488499460863444,-5.040685816451794,1.3849241288044924,1.39590175663829,0.80492798265416
1003,05/15/2023 12:46:25.643423,1461,True,True,True,True,Eyes,1.344729,-0.3046867,-3.231674,0.1675003,-0.08659447,0.9820617,0.0,0.0,0.0,0.0,0.0,0.0,0.0,-1.445013,0.3020124,3.195976,1.341881,-0.3043539,-3.240411,-0.001327196,0.01623069,0.0022251,0.9998649,359.8438,1.859644,0.2524766,0.3827068,-0.08668017,-0.9197943,0,0,0,1.758578,-0.5051965,-1.09925,0.3460801,-0.20824,2.153,0.9994632,0.004406516,-0.0324629,-0.004492682,0.9999866,-0.002581804,0.03245109,0.002726263,0.9994696,static,7.798952920151877,-5.204660083696851,9.131791179688037,-5.524512396302768,0.4166969999999999,-0.2008426,2.141161,0.1351482378736151,-0.0898813234662778,0.9867403087100316,8.506981930153202,-5.069150818856389,1.3602020834504311,1.3706798780031506,0.7731369636220593
1004,05/15/2023 12:46:25.663255,1462,True,True,True,True,Eyes,1.34468,-0.3046992,-3.231673,0.1682011,-0.08689044,0.9819157,0.0,0.0,0.0,0.0,0.0,0.0,0.0,-1.446782,0.3038471,3.19499,1.341838,-0.3043808,-3.240415,-0.001084786,0.0165236,0.002312049,0.9998602,359.8713,1.893262,0.2628519,0.382709,-0.08668397,-0.919793,0,0,0,1.759825,-0.5061954,-1.099597,0.3460801,-0.2082399,2.153,0.9994432,0.004587602,-0.03304759,-0.0046593,0.9999869,-0.002092862,0.03303756,0.002245675,0.9994516,static,7.805269056595946,-5.195838227613553,9.131791179688037,-5.52450975976074,0.4179869999999999,-0.2018145999999999,2.1408180000000003,0.1352588808072142,-0.0897280201314175,0.9867390324078444,8.513146057494765,-5.06027046491687,1.3560442174624705,1.3666330594189238,0.7734597016591497
1005,05/15/2023 12:46:25.673541,1463,True,True,True,True,Eyes,1.344617,-0.3047058,-3.231674,0.1688347,-0.08717763,0.9817815,0.0,0.0,0.0,0.0,0.0,0.0,0.0,-1.445801,0.3053512,3.195365,1.341849,-0.3044281,-3.240479,-0.001087769,0.01641902,0.002842416,0.9998606,359.87,1.881207,0.3236274,0.3827099,-0.0866878,-0.9197923,0,0,0,1.759605,-0.5058252,-1.099576,0.34608,-0.2082399,2.153,0.9994447,0.005648319,-0.03283964,-0.005719759,0.9999815,-0.002081896,0.03282727,0.002268575,0.9994584,static,7.849049663025287,-5.22295436861777,9.131788585510678,-5.52450975976074,0.417756,-0.2013971,2.140903,0.1360071795301606,-0.0901856750912325,0.9865944455364352,8.555966054772444,-5.087067119224835,1.3076890431196335,1.3177081608559509,0.7231373663867813
1006,05/15/2023 12:46:25.693538,1464,True,True,True,True,Eyes,1.344557,-0.3047118,-3.231672,0.1694321,-0.08745474,0.981654,0.0,0.0,0.0,0.0,0.0,0.0,0.0,-1.445791,0.3045264,3.195501,1.341876,-0.3043003,-3.240531,-0.001062181,0.01638309,0.002533396,0.999862,359.8735,1.877137,0.2882736,0.3827091,-0.0866915,-0.9197922,0,0,0,1.759353,-0.506044,-1.099607,0.34608,-0.2082399,2.153,0.9994504,0.00503129,-0.03276704,-0.005100897,0.9999849,-0.002041059,0.03275628,0.002207079,0.9994609,static,7.891304556095408,-5.231358879801968,9.131788585510678,-5.52450975976074,0.4174769999999999,-0.2017437,2.140924,0.1367330650419209,-0.0903212896058173,0.98648176736474,8.597275085398529,-5.09514596803837,1.2649150622114822,1.274652135154901,0.6856077212549108
1007,05/15/2023 12:46:25.713504,1465,True,True,True,True,Eyes,1.344474,-0.3047183,-3.231664,0.1699972,-0.08773303,0.9815314,0.0,0.0,0.0,0.0,0.0,0.0,0.0,-1.445419,0.3031996,3.19576,1.341918,-0.3042924,-3.24048,-0.001107036,0.01628308,0.00216423,0.9998645,359.8691,1.865711,0.2459046,0.3827069,-0.08669505,-0.9197928,0,0,0,1.758815,-0.5061266,-1.099452,0.3460799,-0.20824,2.153,0.9994604,0.004291821,-0.03256653,-0.004363925,0.9999882,-0.002143292,0.03255694,0.002284253,0.9994673,static,7.939747314016511,-5.246854524515776,9.131785991333285,-5.524512396302768,0.4168970000000001,-0.2018341999999999,2.1410279999999995,0.1375638488128839,-0.0905775557505983,0.986342696855821,8.644639645476518,-5.110273969501706,1.2146270236682029,1.2239485699915664,0.6394568292857755
1008,05/15/2023 12:46:25.723252,1466,True,True,True,True,Eyes,1.344396,-0.3047313,-3.231655,0.1705367,-0.08803481,0.9814108,0.0,0.0,0.0,0.0,0.0,0.0,0.0,-1.445801,0.3029104,3.195486,1.341933,-0.3043196,-3.240344,-0.001053023,0.01631846,0.001925571,0.9998645,359.8758,1.869808,0.2186562,0.382703,-0.08669852,-0.919794,0,0,0,1.758885,-0.5065679,-1.099365,0.34608,-0.20824,2.153,0.99946,0.003816252,-0.03263655,-0.003884987,0.9999903,-0.002042915,0.03262844,0.002168604,0.9994652,static,7.969751320881054,-5.254431659437499,9.131788585510678,-5.524512396302768,0.416952,-0.2022482999999999,2.140979,0.1380787856115985,-0.0907014343054871,0.9862593730627964,8.673973718673716,-5.117621428684024,1.1839165887992025,1.1930105652564804,0.6124987443470093
1009,05/15/2023 12:46:25.743443,1467,True,True,True,True,Eyes,1.344292,-0.304746,-3.231647,0.1710431,-0.08838035,0.9812916,0.0,0.0,0.0,0.0,0.0,0.0,0.0,-1.445645,0.3057244,3.195274,1.341966,-0.30448,-3.240301,-0.0006199576,0.01628609,0.001877595,0.9998654,359.9255,1.866195,0.2139713,0.3826977,-0.08670212,-0.9197959,0,0,0,1.75876,-0.5086251,-1.099471,0.34608,-0.2082401,2.153,0.9994625,0.003734491,-0.03257012,-0.003774878,0.9999922,-0.001178591,0.03256546,0.001300906,0.9994687,static,8.003154482544968,-5.224678484398006,9.131788585510678,-5.524515032844772,0.4167940000000001,-0.2041451,2.14083,0.138660314474077,-0.0901818671968699,0.9862254207700838,8.70659079127832,-5.087575351877526,1.1583444685651625,1.1677828968441368,0.6096797922055659
1010,05/15/2023 12:46:25.763058,1468,True,True,True,True,Eyes,1.344194,-0.3047551,-3.231642,0.1715255,-0.08874617,0.9811743,0.0,0.0,0.0,0.0,0.0,0.0,0.0,-1.44578,0.3081947,3.195003,1.341972,-0.3045378,-3.24032,-0.0002128762,0.01630038,0.001803007,0.9998655,359.9722,1.867922,0.2061845,0.3826904,-0.08670589,-0.9197985,0,0,0,1.758797,-0.510488,-1.09967,0.34608,-0.2082401,2.153,0.9994621,0.00359859,-0.03259715,-0.00361247,0.9999934,-0.0003669157,0.03259561,0.0004844746,0.9994685,static,8.030131122262887,-5.198497302368388,9.131788585510678,-5.524515032844772,0.416825,-0.2059502,2.14065,0.1391303960693423,-0.0897252237716891,0.9862007929063518,8.732930310719327,-5.0611555233048735,1.139126516031489,1.1488849929016096,0.6113836426096045
1011,05/15/2023 12:46:25.772841,1469,True,True,True,True,Eyes,1.344056,-0.3047602,-3.231637,0.1719866,-0.08901768,0.9810691,0.0,0.0,0.0,0.0,0.0,0.0,0.0,-1.445588,0.3106127,3.194963,1.342014,-0.304404,-3.240421,0.0002106568,0.01625864,0.001740635,0.9998664,0.02089328,1.863224,0.1998283,0.3826816,-0.08670963,-0.9198018,0,0,0,1.758635,-0.5122208,-1.099911,0.3460799,-0.20824,2.153,0.9994652,0.003487655,-0.03251219,-0.003473955,0.9999939,0.0004778579,0.03251366,-0.0003646565,0.9994712,static,8.062071416144438,-5.16524439483714,9.131785991333285,-5.524512396302768,0.4166209999999999,-0.2078168,2.14051,0.1396874583597934,-0.0891457946048985,0.9861747097691131,8.764113878689354,-5.027617862263928,1.1182513562089773,1.1284337682152896,0.6181318309015689
1012,05/15/2023 12:46:25.793158,1470,True,True,True,True,Eyes,1.343926,-0.3047647,-3.231634,0.1724145,-0.08924574,0.9809732,0.0,0.0,0.0,0.0,0.0,0.0,0.0,-1.44552,0.3082607,3.195248,1.342058,-0.3043326,-3.240436,-0.0001255661,0.01623583,0.001698868,0.9998668,359.9825,1.860543,0.1944167,0.3826703,-0.08671329,-0.9198062,0,0,0,1.758563,-0.5107377,-1.099767,0.3460802,-0.20824,2.153,0.999467,0.003393205,-0.03246776,-0.00340136,0.9999942,-0.0001959336,0.03246691,0.0003062637,0.9994727,static,8.09074110195971,-5.216622308702382,9.131793773865358,-5.524512396302768,0.4165050000000001,-0.2064050999999999,2.140669,0.1401697780246657,-0.0900238715463634,0.9860264281026938,8.792189953795646,-5.0788193163962205,1.076369175922253,1.0856274553107352,0.5603330046343206
1013,05/15/2023 12:46:25.813332,1471,True,True,True,True,Eyes,1.343799,-0.3047707,-3.231629,0.172823,-0.08945429,0.9808823,0.0,0.0,0.0,0.0,0.0,0.0,0.0,-1.444519,0.3051926,3.196051,1.342123,-0.3043335,-3.240464,-0.0005576579,0.01605771,0.001596318,0.9998697,359.9332,1.840053,0.181875,0.382657,-0.08671685,-0.9198114,0,0,0,1.757823,-0.5089624,-1.099468,0.34608,-0.2082401,2.153,0.9994792,0.00317431,-0.032113,-0.003210129,0.9999943,-0.001063904,0.03210945,0.001166437,0.9994837,static,8.136846981194841,-5.276966863714768,9.131788585510678,-5.524515032844772,0.4156999999999999,-0.2046289,2.140996,0.1409499539418596,-0.0910521271095753,0.9858207577517848,8.837317715240484,-5.138858386407891,1.017150914181382,1.0252750323879876,0.4852258673840739
1014,05/15/2023 12:46:25.823120,1472,True,True,True,True,Eyes,1.343678,-0.304781,-3.231627,0.1731981,-0.08966974,0.9807965,0.0,0.0,0.0,0.0,0.0,0.0,0.0,-1.443581,0.3043832,3.19654,1.342173,-0.3043745,-3.240427,-0.0006352861,0.01589113,0.001471032,0.9998724,359.9245,1.820958,0.1673899,0.382642,-0.08672034,-0.9198173,0,0,0,1.757107,-0.5087665,-1.09926,0.3460799,-0.20824,2.153,0.9994906,0.002921498,-0.03178008,-0.00296188,0.9999949,-0.001223657,0.03177634,0.001317163,0.9994941,static,8.17941992662182,-5.296721849549592,9.131785991333285,-5.524512396302768,0.4149339999999999,-0.204392,2.1411670000000003,0.1416781179607244,-0.0913824304302765,0.9856858428664228,8.878949577713065,-5.158296255385918,0.9715797165555812,0.9792291123144308,0.4450174310298014
1015,05/15/2023 12:46:25.843303,1473,True,True,True,True,Eyes,1.343529,-0.3047867,-3.231621,0.1735686,-0.08983654,0.9807158,0.0,0.0,0.0,0.0,0.0,0.0,0.0,-1.442201,0.3058459,3.197112,1.342221,-0.3044856,-3.240485,-0.0004367582,0.01567069,0.001498279,0.999876,359.9473,1.795726,0.1708849,0.3826256,-0.08672389,-0.9198238,0,0,0,1.756223,-0.5097108,-1.099217,0.3460799,-0.20824,2.153,0.9995044,0.002982498,-0.0313388,-0.003009875,0.9999951,-0.0008264499,0.03133618,0.0009203661,0.9995085,static,8.225881501624531,-5.284933776271471,9.131785991333285,-5.524512396302768,0.414002,-0.2052252,2.141268,0.1424801787453901,-0.0911690346817189,0.9855900511747552,8.924348955922678,-5.146129610278549,0.929379836972404,0.9370490166744608,0.4315132169695276
1016,05/15/2023 12:46:25.863095,1474,True,True,True,True,Eyes,1.343386,-0.3047922,-3.231615,0.1739102,-0.08998471,0.9806417,0.0,0.0,0.0,0.0,0.0,0.0,0.0,-1.441384,0.3059581,3.197414,1.342292,-0.3043897,-3.24041,-0.0003649665,0.01552372,0.001407403,0.9998785,359.9557,1.778899,0.1606079,0.3826073,-0.0867274,-0.919831,0,0,0,1.755627,-0.5099933,-1.099049,0.34608,-0.20824,2.153,0.999514,0.002803131,-0.03104469,-0.002825794,0.9999958,-0.0006861479,0.03104264,0.0007735403,0.9995177,static,8.263628526695358,-5.2842493005714,9.131788585510678,-5.524512396302768,0.413335,-0.2056036,2.141361,0.1431297331541955,-0.0911486294289503,0.98549782156895,8.961242389347237,-5.145146233198052,0.8932499132068875,0.9007931188084426,0.4159383256380837
1017,05/15/2023 12:46:25.873010,1475,True,True,True,True,Eyes,1.343271,-0.3047998,-3.231609,0.1742375,-0.0901082,0.9805721,0.0,0.0,0.0,0.0,0.0,0.0,0.0,-1.44045,0.3044301,3.198006,1.34233,-0.3043951,-3.240418,-0.0005413638,0.01535771,0.001265108,0.9998811,359.9357,1.759855,0.1440009,0.3825873,-0.08673087,-0.919839,0,0,0,1.754895,-0.50935,-1.098847,0.34608,-0.20824,2.153,0.9995251,0.002513286,-0.03071315,-0.002546543,0.9999962,-0.00104374,0.03071041,0.001121457,0.9995277,static,8.30361708906994,-5.309572846127644,9.131788585510678,-5.524512396302768,0.412565,-0.2049549,2.141571,0.1438118365086871,-0.0915750249999194,0.985358821895944,9.00035413164279,-5.170178506054584,0.8486300405208939,0.8556091617943189,0.3779252855287167
1018,05/15/2023 12:46:25.893498,1476,True,True,True,True,Eyes,1.343161,-0.3048054,-3.231605,0.1745385,-0.09024709,0.9805058,0.0,0.0,0.0,0.0,0.0,0.0,0.0,-1.439739,0.3038834,3.198393,1.342392,-0.3044472,-3.240402,-0.0006060347,0.01523053,0.001199954,0.9998831,359.9285,1.745274,0.136431,0.3825667,-0.08673432,-0.9198473,0,0,0,1.754385,-0.5091743,-1.098699,0.34608,-0.20824,2.153,0.9995332,0.002381167,-0.03045895,-0.002418088,0.9999964,-0.001175376,0.03045604,0.001248479,0.9995353,static,8.3366692181929,-5.324335784009512,9.131788585510678,-5.524512396302768,0.411993,-0.2047271,2.141703,0.1443769480148505,-0.0918212760960184,0.9852532665296644,9.03267503199084,-5.1846946862636445,0.8133179671664833,0.8199301704371096,0.3539767966231169
1019,05/15/2023 12:46:25.913344,1477,True,True,True,True,Eyes,1.343061,-0.3048124,-3.231599,0.1748594,-0.09039187,0.9804354,0.0,0.0,0.0,0.0,0.0,0.0,0.0,-1.438831,0.3050899,3.198724,1.34244,-0.304401,-3.240423,-0.0003653335,0.01507129,0.001093484,0.9998858,359.9562,1.727061,0.1246589,0.3825454,-0.08673771,-0.9198558,0,0,0,1.753707,-0.5102435,-1.098688,0.3460799,-0.20824,2.153,0.9995433,0.002175707,-0.03013992,-0.002197731,0.9999973,-0.0006976231,0.03013833,0.000763544,0.9995455,static,8.374518002017483,-5.303835609397557,9.131785991333285,-5.524512396302768,0.4112669999999998,-0.2058424999999999,2.141735,0.1450326209203236,-0.091459897835238,0.98519069192749,9.069647035266788,-5.163875500484187,0.7819513646776483,0.7887667918473762,0.3659511176191374
1020,05/15/2023 12:46:25.923519,1478,True,True,True,True,Eyes,1.342967,-0.3048185,-3.231595,0.1751632,-0.09057099,0.9803646,0.0,0.0,0.0,0.0,0.0,0.0,0.0,-1.438532,0.3043942,3.19892,1.342502,-0.3044409,-3.24039,-0.0004169226,0.01500114,0.000948589,0.999887,359.9506,1.719022,0.1079714,0.3825239,-0.08674106,-0.9198645,0,0,0,1.753409,-0.5101719,-1.098574,0.34608,-0.20824,2.153,0.9995481,0.001884455,-0.02999967,-0.001909472,0.9999979,-0.000805291,0.02999809,0.0008622106,0.9995496,static,8.402044195926292,-5.317865963409245,9.131788585510678,-5.524512396302768,0.4109069999999999,-0.205731,2.1418160000000004,0.1455027509827768,-0.0916947435803615,0.985099499163996,9.096566083108648,-5.1777020428119975,0.751960196313753,0.7584389377909772,0.3485943860188431
1021,05/15/2023 12:46:25.943375,1479,True,True,True,True,Eyes,1.342886,-0.3048199,-3.231591,0.1754987,-0.09073059,0.9802898,0.0,0.0,0.0,0.0,0.0,0.0,0.0,-1.438289,0.3075117,3.198794,1.342561,-0.3044165,-3.240429,8.737687e-05,0.01495126,0.0009105927,0.9998877,0.008451421,1.713361,0.1044843,0.3825023,-0.08674435,-0.9198732,0,0,0,1.753237,-0.5123426,-1.098781,0.3460799,-0.20824,2.153,0.9995513,0.001823594,-0.02989901,-0.001818368,0.9999984,0.0002019632,0.02989933,-0.0001475051,0.9995529,static,8.427097097337297,-5.269175252019221,9.131785991333285,-5.524512396302768,0.410676,-0.2079261,2.141648,0.145944797500013,-0.0908515770146926,0.9851121929425608,9.121001600322243,-5.12876595377731,0.7423027302543026,0.7495221775052172,0.395893356677066
1022,05/15/2023 12:46:25.962972,1480,True,True,True,True,Eyes,1.342811,-0.3048229,-3.231587,0.1758161,-0.09085205,0.9802217,0.0,0.0,0.0,0.0,0.0,0.0,0.0,-1.43748,0.3057145,3.199331,1.342635,-0.3043063,-3.24041,-0.0001270253,0.01480232,0.0008006918,0.9998903,359.9841,1.696271,0.09152701,0.3824809,-0.08674743,-0.9198818,0,0,0,1.752629,-0.5113953,-1.09855,0.34608,-0.20824,2.153,0.9995605,0.001597447,-0.0296016,-0.001604968,0.9999986,-0.0002303184,0.02960119,0.0002777268,0.9995618,static,8.464300583407335,-5.2992417456424326,9.131788585510678,-5.524512396302768,0.4099939999999999,-0.207089,2.14186,0.1465775820351552,-0.0913598729097757,0.9849712499489208,9.157396193364708,-5.158567800143022,0.697903653992334,0.7044764715736391,0.3668394703934209
1023,05/15/2023 12:46:25.973633,1481,True,True,True,True,Eyes,1.342752,-0.3048281,-3.231585,0.176041,-0.09101015,0.9801667,0.0,0.0,0.0,0.0,0.0,0.0,0.0,-1.437577,0.3018481,3.199706,1.342693,-0.3043591,-3.240432,-0.0005893849,0.01477513,0.0004621661,0.9998906,359.9317,1.693137,0.05195669,0.3824599,-0.08675037,-0.9198903,0,0,0,1.752431,-0.5097181,-1.098357,0.34608,-0.20824,2.153,0.9995629,0.0009068144,-0.02954758,-0.0009416476,0.9999989,-0.001164984,0.02954649,0.001192298,0.9995627,static,8.484976974888227,-5.355236391737399,9.131788585510678,-5.524512396302768,0.4097380000000001,-0.2053589999999999,2.142075,0.1469199905148225,-0.092317694610397,0.984830950225397,9.17766444451166,-5.214453638457551,0.6630572181386885,0.6685952627394431,0.3134342478983384
1024,05/15/2023 12:46:25.993280,1482,True,True,True,True,Eyes,1.342696,-0.30483,-3.23158,0.1762612,-0.09115042,0.9801141,0.0,0.0,0.0,0.0,0.0,0.0,0.0,-1.437802,0.3029758,3.199541,1.342735,-0.3044179,-3.240451,-0.000309367,0.01477898,0.0001979292,0.9998908,359.9642,1.693601,0.02215462,0.3824396,-0.08675322,-0.9198985,0,0,0,1.75238,-0.5111796,-1.098493,0.34608,-0.2082402,2.153,0.9995631,0.0003866709,-0.02955486,-0.0004049594,0.9999997,-0.000612816,0.02955461,0.0006245167,0.999563,static,8.49981608960002,-5.326632057680808,9.131788585510678,-5.524517669386753,0.409645,-0.2067616999999999,2.1419580000000003,0.1471818185969683,-0.091822403586824,0.9848381680176972,9.19213812413062,-5.185704194123076,0.6562557486817644,0.6622295303803525,0.3441462448318876
1025,05/15/2023 12:46:26.014025,1483,True,True,True,True,Eyes,1.342644,-0.3048341,-3.231571,0.1764771,-0.09126704,0.9800644,0.0,0.0,0.0,0.0,0.0,0.0,0.0,-1.438249,0.3017824,3.199378,1.342779,-0.3043452,-3.240366,-0.0004635169,0.01483773,0.000151911,0.9998897,359.9466,1.700333,0.01661771,0.3824199,-0.08675591,-0.9199064,0,0,0,1.752657,-0.5104793,-1.098392,0.3460799,-0.20824,2.152999,0.9995596,0.0002900335,-0.02967233,-0.0003175437,0.9999995,-0.0009224237,0.02967205,0.0009314397,0.9995593,static,8.506554936529346,-5.350264206621091,9.131790161296436,-5.524514946389912,0.4098779999999999,-0.2061341,2.141974,0.1472921180285309,-0.0922270703752654,0.9847838681755484,9.198749624124122,-5.209306124327296,0.6435203246048327,0.6490627139187208,0.3222424105673777
1026,05/15/2023 12:46:26.023608,1484,True,True,True,True,Eyes,1.342601,-0.3048394,-3.231567,0.1765521,-0.09148199,0.9800308,0.0,0.0,0.0,0.0,0.0,0.0,0.0,-1.438794,0.2999081,3.199254,1.342804,-0.3044024,-3.240295,-0.0007130118,0.01490788,3.509374e-05,0.9998887,359.9182,1.708378,0.002802952,0.3824011,-0.08675851,-0.919914,0,0,0,1.752935,-0.5095532,-1.098275,0.3460799,-0.2082401,2.153,0.9995555,4.892067e-05,-0.02981248,-9.143876e-05,0.9999989,-0.001424818,0.02981238,0.001426911,0.9995545,static,8.504754670850025,-5.389059386751049,9.131785991333285,-5.524515032844772,0.4101309999999998,-0.2051508,2.1420200000000005,0.1472519935470971,-0.092894406260253,0.984727092721314,9.197030932219471,-5.248153325038484,0.6366047272812497,0.6414955252576955,0.28395896860788
1027,05/15/2023 12:46:26.043150,1485,True,True,True,True,Eyes,1.342616,-0.3048433,-3.231562,0.1767088,-0.09217241,0.9799379,0.0,0.0,0.0,0.0,0.0,0.0,0.0,-1.438896,0.3010323,3.199174,1.3428,-0.3044548,-3.240363,-0.0005411637,0.01492334,2.254607e-05,0.9998885,359.938,1.710152,0.001657864,0.3823831,-0.08676105,-0.9199212,0,0,0,1.752991,-0.5103532,-1.098427,0.3460801,-0.20824,2.153,0.9995546,2.893491e-05,-0.02984338,-6.123877e-05,0.9999995,-0.001081534,0.02984334,0.00108288,0.999554,static,8.512644199028404,-5.409449868857372,9.131791179688037,-5.524512396302768,0.410191,-0.2058983999999999,2.141936,0.1473827692030986,-0.0932430133420959,0.9846746167257336,9.204763697181466,-5.268501338767627,0.6252280445191926,0.629747861355687,0.2662079072634586
1028,05/15/2023 12:46:26.063301,1486,True,True,True,True,Eyes,1.342631,-0.3048455,-3.231555,0.1768609,-0.09282031,0.9798492,0.0,0.0,0.0,0.0,0.0,0.0,0.0,-1.439395,0.3017835,3.198828,1.342835,-0.3044123,-3.240302,-0.0003816183,0.01498837,-6.155555e-05,0.9998876,359.9564,1.717608,359.9923,0.3823674,-0.08676345,-0.9199275,0,0,0,1.753269,-0.5110598,-1.098484,0.3460799,-0.20824,2.153,0.9995507,-0.0001345368,-0.02997332,0.0001116574,0.9999996,-0.000764996,0.02997342,0.0007613057,0.9995504,static,8.515326471716458,-5.427354478723255,9.131785991333285,-5.524512396302768,0.4104339999999999,-0.2066474999999999,2.141818,0.1474245855885267,-0.0935501151543456,0.9846391268665926,9.207404240676816,-5.286402200223693,0.6198539431801949,0.6240689066718467,0.249829111815649
1029,05/15/2023 12:46:26.073670,1487,True,True,True,True,Eyes,1.342645,-0.3048468,-3.231548,0.1770075,-0.09342493,0.9797653,0.0,0.0,0.0,0.0,0.0,0.0,0.0,-1.439696,0.3001781,3.198802,1.34287,-0.3043771,-3.240249,-0.0005862067,0.0150213,-0.0001523872,0.9998869,359.9331,1.72139,359.9815,0.3823536,-0.08676567,-0.919933,0,0,0,1.753409,-0.5102145,-1.098374,0.3460799,-0.20824,2.153,0.9995487,-0.0003223511,-0.03003903,0.0002871288,0.9999992,-0.001176859,0.03003938,0.001167703,0.9995481,static,8.522054044731338,-5.484290909275145,9.131785991333285,-5.524512396302768,0.410539,-0.2058374,2.141875,0.1475265294323399,-0.0945270832290182,0.9845305832404132,9.21403983088695,-5.343340948413447,0.6077680254273266,0.6110571288559775,0.1989693133416141
1030,05/15/2023 12:46:26.093155,1488,True,True,True,True,Eyes,1.34264,-0.3048453,-3.231539,0.1771695,-0.09412607,0.979669,0.0,0.0,0.0,0.0,0.0,0.0,0.0,-1.439862,0.298396,3.198891,1.342861,-0.30436,-3.240252,-0.0008219548,0.01503995,-0.0002410234,0.9998866,359.9063,1.723541,359.971,0.3823417,-0.08676771,-0.9199378,0,0,0,1.753444,-0.5092518,-1.098295,0.3460799,-0.20824,2.153,0.9995475,-0.0005067166,-0.0300761,0.0004572679,0.9999985,-0.001650973,0.03007689,0.001636473,0.9995462,static,8.531479424822077,-5.5504831899892775,9.131785991333285,-5.524512396302768,0.4105829999999999,-0.2048918,2.141957,0.1476724117766238,-0.0956623249486045,0.9843991450272588,9.223322030460212,-5.409523249409437,0.5985670715845192,0.600868085290923,0.1469739785210395
1031,05/15/2023 12:46:26.113051,1489,True,True,True,True,Eyes,1.342655,-0.3048472,-3.231528,0.1772942,-0.09472229,0.9795889,0.0,0.0,0.0,0.0,0.0,0.0,0.0,-1.439939,0.2970101,3.198928,1.342845,-0.304308,-3.240207,-0.001007173,0.01504984,-0.000291714,0.9998862,359.8851,1.724686,359.9648,0.3823309,-0.08676952,-0.9199421,0,0,0,1.753451,-0.5084424,-1.098182,0.3460799,-0.20824,2.153,0.9995468,-0.0006136773,-0.03009567,0.0005530459,0.9999978,-0.002022897,0.03009684,0.002005336,0.999545,static,8.539146735852043,-5.605490921944102,9.131785991333285,-5.524512396302768,0.410606,-0.2041343999999999,2.142025,0.1477906042079763,-0.0966056375429126,0.9842892088621428,9.230874092665662,-5.464523995180189,0.5965608607687365,0.5981461433064686,0.1158320339754909
1032,05/15/2023 12:46:26.123095,1490,True,True,True,True,Eyes,1.34267,-0.3048517,-3.231515,0.1774223,-0.09530228,0.9795095,0.0,0.0,0.0,0.0,0.0,0.0,0.0,-1.439827,0.2962118,3.198959,1.342841,-0.3043838,-3.240109,-0.001128013,0.0150299,-0.0003261829,0.9998863,359.8713,1.72241,359.9607,0.3823217,-0.08677122,-0.9199458,0,0,0,1.753349,-0.5080251,-1.098018,0.34608,-0.2082399,2.153,0.999548,-0.0006861991,-0.03005564,0.0006183835,0.9999973,-0.002265574,0.03005712,0.002245964,0.9995457,static,8.550135321333595,-5.652551193346038,9.131788585510678,-5.52450975976074,0.4105080000000001,-0.2036413,2.142091,0.1479677056189691,-0.0974114540815481,0.9841832270508956,9.241664009014476,-5.511543296467048,0.5945330346927129,0.5955796575122708,0.1106378681125284
1033,05/15/2023 12:46:26.143553,1491,True,True,True,True,Eyes,1.342688,-0.3048564,-3.231504,0.1775884,-0.09588242,0.9794227,0.0,0.0,0.0,0.0,0.0,0.0,0.0,-1.440606,0.2967404,3.198524,1.342863,-0.3044517,-3.24006,-0.001037887,0.01514471,-0.0003692722,0.9998847,359.8817,1.735569,359.9559,0.3823138,-0.08677289,-0.9199489,0,0,0,1.753844,-0.5085131,-1.098099,0.34608,-0.2082401,2.153,0.999541,-0.0007698964,-0.03028515,0.0007070221,0.9999976,-0.00208672,0.03028669,0.00206435,0.9995391,static,8.547615017606844,-5.675153533365988,9.131788585510678,-5.524515032844772,0.410981,-0.2040614,2.141961,0.1479187323534871,-0.0978004089969801,0.9841519355129408,9.239224477358174,-5.534187569830622,0.6024309973753003,0.6032832794606324,0.1078704261084079
1034,05/15/2023 12:46:26.163178,1492,True,True,True,True,Eyes,1.342703,-0.3048576,-3.231496,0.1777611,-0.09644578,0.9793361,0.0,0.0,0.0,0.0,0.0,0.0,0.0,-1.441363,0.2978345,3.19807,1.342808,-0.3044512,-3.240071,-0.0008821168,0.01527476,-0.0003364201,0.9998829,359.8995,1.750462,359.9599,0.3823073,-0.08677454,-0.9199514,0,0,0,1.754358,-0.5091571,-1.098281,0.34608,-0.2082399,2.153,0.9995331,-0.00069971,-0.03054535,0.0006458131,0.9999983,-0.001774305,0.03054654,0.00175375,0.9995319,static,8.542760256200012,-5.690682935819397,9.131788585510678,-5.52450975976074,0.4115500000000001,-0.2047059,2.14179,0.1478314315832147,-0.0980684480080238,0.9841384258617196,9.234495777314011,-5.549770458947761,0.6112779035529757,0.6120195235218698,0.1057680016429551
1035,05/15/2023 12:46:26.173382,1493,True,True,True,True,Eyes,1.342701,-0.3048617,-3.231488,0.1779208,-0.09693228,0.9792591,0.0,0.0,0.0,0.0,0.0,0.0,0.0,-1.442219,0.2987616,3.19765,1.342738,-0.3043661,-3.24016,-0.0007785414,0.01543097,-0.0002124837,0.9998807,359.9112,1.768349,359.9743,0.3823019,-0.08677606,-0.9199535,0,0,0,1.755008,-0.5094234,-1.098542,0.34608,-0.20824,2.153,0.9995237,-0.0004489439,-0.03085792,0.0004008891,0.9999987,-0.001563455,0.03085858,0.001550339,0.9995226,static,8.533152415194978,-5.709364613496208,9.131788585510678,-5.524512396302768,0.4122699999999999,-0.2050573,2.141618,0.1476616692613873,-0.0983918541557173,0.984131666688045,9.225124713619556,-5.568546247936208,0.6258940571819115,0.6265266208323305,0.1032018066703915
1036,05/15/2023 12:46:26.193218,1494,True,True,True,True,Eyes,1.342696,-0.3048632,-3.231484,0.178078,-0.09739428,0.9791846,0.0,0.0,0.0,0.0,0.0,0.0,0.0,-1.442961,0.2987619,3.197248,1.342664,-0.3044596,-3.240115,-0.0009065903,0.01558324,4.992623e-05,0.9998782,359.896,1.785777,0.004101529,0.3822971,-0.08677756,-0.9199554,0,0,0,1.755696,-0.5087678,-1.098572,0.34608,-0.20824,2.153,0.9995143,7.158504e-05,-0.03116277,-0.0001280953,0.9999984,-0.001811404,0.03116259,0.001814516,0.9995126,static,8.522703754641158,-5.7557047483464725,9.131788585510678,-5.524512396302768,0.4130319999999998,-0.2043082,2.1415429999999995,0.1474704326618348,-0.0991906289106907,0.9840800736549395,9.214960985731151,-5.615014084061382,0.6511219374901926,0.6514861739429717,0.1229154329024331
1037,05/15/2023 12:46:26.213531,1495,True,True,True,True,Eyes,1.34269,-0.304861,-3.231481,0.1782334,-0.09782787,0.9791132,0.0,0.0,0.0,0.0,0.0,0.0,0.0,-1.443044,0.2987792,3.197293,1.342584,-0.3043973,-3.240237,-0.0009489017,0.01561988,0.000176331,0.9998776,359.891,1.789963,0.01850516,0.3822927,-0.08677897,-0.9199572,0,0,0,1.755825,-0.5084278,-1.098708,0.34608,-0.20824,2.153,0.999512,0.0003229755,-0.03123627,-0.0003822625,0.9999981,-0.001892062,0.0312356,0.00190308,0.9995102,static,8.52670950644171,-5.78823088832186,9.131788585510678,-5.524512396302768,0.4132409999999999,-0.2040305,2.141529,0.1475309806732167,-0.0997483628479928,0.984014720057216,9.218910519198957,-5.647540264275027,0.6598614538387847,0.6600516153754754,0.1507517417059729
1038,05/15/2023 12:46:26.223340,1496,True,True,True,True,Eyes,1.34269,-0.304861,-3.231481,0.1782334,-0.09782787,0.9791132,0.0,0.0,0.0,0.0,0.0,0.0,0.0,-1.443186,0.2983594,3.197235,1.342527,-0.3043082,-3.240237,-0.001054109,0.01566272,0.0003007162,0.9998767,359.8787,1.794856,0.03256343,0.3822885,-0.08678018,-0.9199588,0,0,0,1.756003,-0.5077923,-1.098701,0.34608,-0.20824,2.153,0.9995092,0.000568338,-0.03132221,-0.0006343788,0.9999976,-0.002098538,0.03132094,0.002117378,0.9995071,static,8.520596957059299,-5.802520328519891,9.131788585510678,-5.524512396302768,0.4134759999999999,-0.2034841,2.1415360000000003,0.1474223270632527,-0.0999954087537527,0.9840059304445083,9.212951142930796,-5.661891920706348,0.6713043515956988,0.6714488938591601,0.1595634496127718
1039,05/15/2023 12:46:26.243606,1497,True,True,True,True,Eyes,1.34269,-0.304861,-3.231481,0.1782334,-0.09782787,0.9791132,0.0,0.0,0.0,0.0,0.0,0.0,0.0,-1.442923,0.2958,3.197613,1.342468,-0.3043464,-3.240279,-0.001532154,0.01564592,0.0004733612,0.9998764,359.8236,1.792887,0.05148975,0.3822848,-0.08678128,-0.9199602,0,0,0,1.755945,-0.5056458,-1.098537,0.34608,-0.2082399,2.153,0.99951,0.0008986613,-0.03128943,-0.0009945492,0.9999949,-0.003049117,0.03128653,0.003078742,0.9995057,static,8.521460061037553,-5.860438812057009,9.131788585510678,-5.52450975976074,0.4134770000000001,-0.2012994,2.141742,0.1474222634266705,-0.1009900588010635,0.9839043549593894,9.213855803340838,-5.719860013099634,0.6966953578171218,0.6966701055465289,0.2118885313601305
1040,05/15/2023 12:46:26.263207,1498,True,True,True,True,Eyes,1.34269,-0.304861,-3.231481,0.1782334,-0.09782787,0.9791132,0.0,0.0,0.0,0.0,0.0,0.0,0.0,-1.442997,0.2962604,3.197495,1.342432,-0.3044099,-3.240246,-0.001507532,0.01567137,0.0005588547,0.999876,359.8263,1.795789,0.06132514,0.3822815,-0.08678226,-0.9199615,0,0,0,1.756053,-0.5057501,-1.098536,0.34608,-0.20824,2.153,0.9995082,0.00107032,-0.03134053,-0.001164821,0.9999949,-0.002997173,0.03133716,0.003032205,0.9995043,static,8.517531407700435,-5.85918482019415,9.131788585510678,-5.524512396302768,0.413621,-0.2013401999999999,2.14171,0.1473551071563938,-0.1009695463553728,0.9839165201084156,9.21001459347277,-5.718635839310452,0.6995307340930301,0.6995123385650446,0.2092921867792558
1041,05/15/2023 12:46:26.273297,1499,True,True,True,True,Eyes,1.34269,-0.304861,-3.231481,0.1782334,-0.09782787,0.9791132,0.0,0.0,0.0,0.0,0.0,0.0,0.0,-1.443417,0.2963319,3.197285,1.342434,-0.3043144,-3.240241,-0.001483016,0.01573709,0.0005618951,0.9998749,359.8291,1.803323,0.06170629,0.3822784,-0.08678315,-0.9199626,0,0,0,1.756338,-0.5057575,-1.098595,0.34608,-0.20824,2.153,0.9995041,0.001076973,-0.03147191,-0.001170326,0.999995,-0.002947975,0.03146858,0.002983345,0.9995003,static,8.50991881080586,-5.856322662719983,9.131788585510678,-5.524512396302768,0.413904,-0.2014430999999999,2.141646,0.1472250862284671,-0.1009223711766805,0.9839408236370892,9.20257098108387,-5.715831039502122,0.704857604677228,0.704854644300003,0.2039925752539085
1042,05/15/2023 12:46:26.293262,1500,True,True,True,True,Eyes,1.34269,-0.304861,-3.231481,0.1782334,-0.09782787,0.9791132,0.0,0.0,0.0,0.0,0.0,0.0,0.0,-1.444991,0.2963556,3.196509,1.342386,-0.3043792,-3.240192,-0.001546634,0.01600329,0.0006933651,0.9998706,359.8215,1.833804,0.0766076,0.3822757,-0.08678395,-0.9199637,0,0,0,1.757484,-0.5054486,-1.098742,0.34608,-0.20824,2.153,0.9994868,0.001337048,-0.03200459,-0.001436053,0.9999943,-0.003070676,0.0320003,0.00311506,0.999483,static,8.478035865028918,-5.8655859106858825,9.131788585510678,-5.524512396302768,0.4150979999999999,-0.2010694,2.14145,0.1466750313703633,-0.1010897988274856,0.984005784121241,9.171418175553374,-5.725355215516783,0.737357440790831,0.737376268773922,0.2047152716257032
1043,05/15/2023 12:46:26.313143,1501,True,True,True,True,Eyes,1.341514,-0.3048395,-3.231468,0.1786463,-0.09843854,0.9789767,0.0,0.0,0.0,0.0,0.0,0.0,0.0,-1.445102,0.2994063,3.196251,1.342318,-0.3045049,-3.240285,-0.001337611,0.01608504,0.001259799,0.999869,359.8444,1.843099,0.1418786,0.3822733,-0.08678466,-0.9199646,0,0,0,1.757997,-0.5060403,-1.098991,0.3460799,-0.2082401,2.153,0.9994794,0.002476237,-0.03216923,-0.002562299,0.9999933,-0.002634344,0.03216249,0.0027154,0.9994789,static,8.486616321704693,-5.888116788364774,9.131785991333285,-5.524515032844772,0.4156790000000001,-0.2015353999999999,2.1412940000000003,0.1468166054365356,-0.1014745812606773,0.9839450287134818,9.179828514328904,-5.747840251198159,0.7406130320594103,0.7405741956251857,0.2284343169674221
1044,05/15/2023 12:46:26.323373,1502,True,True,True,True,Eyes,1.340384,-0.3048128,-3.231459,0.1790572,-0.09901886,0.9788431,0.0,0.0,0.0,0.0,0.0,0.0,0.0,-1.445831,0.3005952,3.195836,1.342332,-0.3043464,-3.240319,-0.001144919,0.0162007,0.001297679,0.9998673,359.8664,1.856377,0.1465584,0.3822426,-0.08678585,-0.9199772,0,0,0,1.758521,-0.5066801,-1.0992,0.3460801,-0.2082401,2.153,0.9994717,0.002557916,-0.03240008,-0.00263211,0.999994,-0.002247487,0.03239414,0.002331581,0.9994724,static,8.4971781096373,-5.900790318622747,9.131791179688037,-5.524515032844772,0.4161889999999999,-0.2023336999999999,2.141119,0.1469947389712667,-0.1016895027169764,0.9838962453821508,9.190165025814512,-5.7604426815090735,0.7378427282468412,0.7377783131581718,0.2430418921006486
1045,05/15/2023 12:46:26.343533,1503,True,True,True,True,Eyes,1.3393,-0.3047878,-3.231442,0.1794704,-0.09950062,0.9787186,0.0,0.0,0.0,0.0,0.0,0.0,0.0,-1.447193,0.2994455,3.195391,1.342318,-0.3042065,-3.240401,-0.001243579,0.01640252,0.001162606,0.999864,359.8553,1.879512,0.1308698,0.3821877,-0.08678724,-0.9199999,0,0,0,1.759317,-0.5062186,-1.09941,0.34608,-0.20824,2.153,0.9994593,0.002284099,-0.03280347,-0.002365691,0.9999942,-0.002448681,0.03279769,0.00252496,0.9994588,static,8.500412300529396,-5.937617552928355,9.131788585510678,-5.524512396302768,0.4169990000000001,-0.2020120999999999,2.140991,0.1470407074202212,-0.1023211840311735,0.9838239179356864,9.19336496552041,-5.797280242478172,0.7545975943655455,0.7545143362901837,0.279631808781246
1046,05/15/2023 12:46:26.363534,1504,True,True,True,True,Eyes,1.338787,-0.3047796,-3.231438,0.179859,-0.09971465,0.9786254,0.0,0.0,0.0,0.0,0.0,0.0,0.0,-1.448799,0.2931516,3.195067,1.342313,-0.3042371,-3.240223,-0.00221084,0.01664935,0.001126224,0.9998583,359.7445,1.907691,0.1248208,0.3821121,-0.08678885,-0.9200311,0,0,0,1.760356,-0.5021213,-1.099049,0.3460799,-0.20824,2.153,0.9994431,0.002178511,-0.03329896,-0.002325747,0.9999877,-0.004383552,0.033289,0.004458555,0.9994358,static,8.497264496513043,-6.059875565157452,9.131785991333285,-5.524512396302768,0.4180429999999999,-0.1978842,2.141174,0.1469543900193136,-0.1044215838882393,0.9836160251353702,9.190417168646036,-5.919682237197419,0.8300888104005004,0.8301995241838194,0.3994957047400925
1047,05/15/2023 12:46:26.373669,1505,True,True,True,True,Eyes,1.338346,-0.3047739,-3.231431,0.1801381,-0.09974185,0.9785713,0.0,0.0,0.0,0.0,0.0,0.0,0.0,-1.449528,0.2964304,3.194532,1.342234,-0.3044569,-3.240332,-0.001756632,0.01678121,0.001174279,0.999857,359.7965,1.922847,0.1311662,0.3820316,-0.08679056,-0.9200644,0,0,0,1.76086,-0.504255,-1.09945,0.3460799,-0.20824,2.153,0.999434,0.002289266,-0.03356176,-0.00240718,0.9999911,-0.003473351,0.0335535,0.003552174,0.9994306,static,8.497133886913087,-6.010486847139997,9.131785991333285,-5.524512396302768,0.4186260000000001,-0.1997981,2.140882,0.1469652522067694,-0.1035735042382661,0.9837040737743892,9.190237444455375,-5.870246433256148,0.7993580920614567,0.7993462707184724,0.3506402667694707
1048,05/15/2023 12:46:26.393254,1506,True,True,True,True,Eyes,1.337923,-0.3047667,-3.231426,0.180398,-0.0997773,0.9785198,0.0,0.0,0.0,0.0,0.0,0.0,0.0,-1.449426,0.301747,3.19402,1.342223,-0.3044394,-3.240279,-0.001049837,0.01679598,0.001455423,0.9998574,359.8769,1.924594,0.1647354,0.3819485,-0.08679237,-0.9200987,0,0,0,1.761026,-0.5070578,-1.099696,0.3460801,-0.20824,2.153,0.9994316,0.002875166,-0.03359022,-0.002945697,0.9999936,-0.002050484,0.03358411,0.002148265,0.9994336,static,8.506182723679645,-5.937317242398312,9.131791179688037,-5.524512396302768,0.418803,-0.2026183999999999,2.1405830000000003,0.1471398811335777,-0.10231449409587,0.9838097105991752,9.199004693034748,-5.796934047974541,0.7496111236598925,0.7495290395903081,0.2805908278543427
1049,05/15/2023 12:46:26.413991,1507,True,True,True,True,Eyes,1.337586,-0.3047599,-3.231422,0.1805944,-0.09973333,0.9784881,0.0,0.0,0.0,0.0,0.0,0.0,0.0,-1.44863,0.3028986,3.194332,1.342228,-0.3043881,-3.24034,-0.0009111981,0.0166813,0.001567263,0.9998594,359.8926,1.911461,0.1778286,0.3818635,-0.08679421,-0.9201338,0,0,0,1.760586,-0.507517,-1.099719,0.34608,-0.2082401,2.153,0.9994386,0.003103686,-0.03336076,-0.003164485,0.9999934,-0.001769852,0.03335504,0.001874428,0.9994418,static,8.529259599780985,-5.921453075496818,9.131788585510678,-5.524515032844772,0.418358,-0.2031289,2.1406210000000003,0.1475403658096688,-0.1020359410103983,0.9837787065517992,9.221543437749483,-5.780872097612959,0.7216060753622653,0.7215268452032051,0.2716153128175404
1050,05/15/2023 12:46:26.423185,1508,True,True,True,True,Eyes,1.337261,-0.3047542,-3.23142,0.1807731,-0.09968422,0.9784601,0.0,0.0,0.0,0.0,0.0,0.0,0.0,-1.447772,0.3027147,3.194764,1.342235,-0.3043432,-3.240367,-0.0009092079,0.01654055,0.001513478,0.9998617,359.8929,1.895336,0.171685,0.3817788,-0.08679599,-0.9201687,0,0,0,1.759968,-0.5075226,-1.099628,0.3460799,-0.20824,2.153,0.9994482,0.00299646,-0.03307927,-0.003056615,0.9999938,-0.001768097,0.03307377,0.001868232,0.9994512,static,8.556428529057955,-5.917808756568683,9.131785991333285,-5.524512396302768,0.4177329999999999,-0.2031794,2.140739,0.1480079081683941,-0.1019661641572271,0.9837157034323007,9.24809466047071,-5.777009569833519,0.6970040894797016,0.6969348867679976,0.2779973545873005
1051,05/15/2023 12:46:26.443345,1509,True,True,True,True,Eyes,1.337,-0.30475,-3.231419,0.1808953,-0.09955206,0.978451,0.0,0.0,0.0,0.0,0.0,0.0,0.0,-1.447117,0.3016931,3.19517,1.34222,-0.3043684,-3.240383,-0.001018396,0.01642828,0.001390639,0.9998636,359.8807,1.882467,0.1574172,0.3816947,-0.08679775,-0.9202034,0,0,0,1.759423,-0.5071734,-1.099506,0.3460798,-0.20824,2.153,0.9994563,0.002747438,-0.03285492,-0.00281436,0.999994,-0.001990822,0.03284925,0.002082205,0.9994582,static,8.577936480490035,-5.920605974794209,9.131783397155848,-5.524512396302768,0.417203,-0.202805,2.140877,0.148376526385747,-0.1020084950292438,0.983655811233229,9.269119602222473,-5.779639581669049,0.6809577250179278,0.6809086062184733,0.2897431861753133
1052,05/15/2023 12:46:26.463197,1510,True,True,True,True,Eyes,1.336749,-0.3047467,-3.231419,0.1809981,-0.09941009,0.9784464,0.0,0.0,0.0,0.0,0.0,0.0,0.0,-1.445472,0.300563,3.196076,1.34222,-0.3043686,-3.240438,-0.001162239,0.01616336,0.00131852,0.9998679,359.8644,1.852092,0.1489192,0.3816127,-0.08679946,-0.9202372,0,0,0,1.758259,-0.5066121,-1.099281,0.3460801,-0.2082401,2.153,0.999474,0.002599121,-0.03232552,-0.002674263,0.9999939,-0.002281547,0.0323194,0.002366794,0.9994748,static,8.615276435529264,-5.928022021386796,9.131791179688037,-5.524515032844772,0.416039,-0.2022435,2.141157,0.1490157407073964,-0.1021258838218383,0.9835469733293944,9.305623702682414,-5.786767835171249,0.6554244435848681,0.6554428813677475,0.3146335620665423
1053,05/15/2023 12:46:26.473524,1511,True,True,True,True,Eyes,1.336537,-0.3047442,-3.23142,0.1811321,-0.09927266,0.9784355,0.0,0.0,0.0,0.0,0.0,0.0,0.0,-1.444369,0.2991316,3.196731,1.342242,-0.3043902,-3.240448,-0.001364156,0.01598158,0.001264417,0.9998705,359.8414,1.831238,0.1423752,0.3815327,-0.08680113,-0.9202703,0,0,0,1.75748,-0.5058085,-1.099058,0.34608,-0.2082401,2.153,0.999486,0.002484905,-0.03196247,-0.00257211,0.9999931,-0.002687544,0.03195556,0.002768373,0.9994854,static,8.644817845333884,-5.942553274680393,9.131788585510678,-5.524515032844772,0.415238,-0.2014183,2.1413900000000003,0.1495190922355009,-0.1023674533771548,0.9834454086934784,9.334512961944572,-5.801079842822772,0.6416600391634951,0.6417916121494202,0.3429070820480064
1054,05/15/2023 12:46:26.493465,1512,True,True,True,True,Eyes,1.336335,-0.3047421,-3.231419,0.1812594,-0.09913448,0.978426,0.0,0.0,0.0,0.0,0.0,0.0,0.0,-1.443467,0.2985832,3.197217,1.342297,-0.3043832,-3.240453,-0.001441226,0.01583026,0.001248777,0.9998729,359.8326,1.813888,0.1404675,0.3814556,-0.08680278,-0.920302,0,0,0,1.756881,-0.505483,-1.098906,0.3460798,-0.20824,2.153,0.9994957,0.002451607,-0.0316601,-0.002542867,0.9999927,-0.002842549,0.03165289,0.002921623,0.9994946,static,8.66980766091688,-5.943436787273747,9.131783397155848,-5.524512396302768,0.4145839999999998,-0.2010998,2.141547,0.1499478907293412,-0.1023759008441195,0.9833793050910756,9.358939079906666,-5.801766774791145,0.6234188725219154,0.6236338879694893,0.3584266934771545
1055,05/15/2023 12:46:26.513369,1513,True,True,True,True,Eyes,1.336136,-0.304739,-3.231419,0.1814249,-0.09902929,0.978406,0.0,0.0,0.0,0.0,0.0,0.0,0.0,-1.443428,0.2979902,3.197288,1.342344,-0.3043897,-3.240431,-0.001524799,0.01581476,0.001226775,0.9998732,359.8231,1.812104,0.1377977,0.3813812,-0.0868044,-0.9203327,0,0,0,1.756852,-0.5051473,-1.098837,0.3460799,-0.20824,2.153,0.9994968,0.002405009,-0.03162924,-0.002501467,0.9999924,-0.003010408,0.03162176,0.003088012,0.9994951,static,8.681583657705373,-5.946642673793639,9.131785991333285,-5.524512396302768,0.4145080000000001,-0.2007575999999999,2.141594,0.150149198841741,-0.1024277609738536,0.9833432093236728,9.370452385171095,-5.804882744028324,0.6168790531528299,0.6171516121493454,0.368197201824369
1056,05/15/2023 12:46:26.523718,1514,True,True,True,True,Eyes,1.335947,-0.3047392,-3.231419,0.1815866,-0.09892118,0.9783869,0.0,0.0,0.0,0.0,0.0,0.0,0.0,-1.443578,0.2979125,3.197279,1.342399,-0.304346,-3.240463,-0.001488437,0.01582038,0.001130494,0.9998732,359.8274,1.81277,0.1268309,0.3813095,-0.08680595,-0.9203623,0,0,0,1.756892,-0.5053331,-1.098888,0.3460799,-0.2082401,2.153,0.9994969,0.002213605,-0.0316401,-0.002307796,0.999993,-0.002940727,0.03163337,0.003012266,0.999495,static,8.691344969216592,-5.934502922361954,9.131785991333285,-5.524515032844772,0.414493,-0.2009870999999999,2.141575,0.1503200004505073,-0.1022167217611431,0.9833390353793175,9.379980348307695,-5.792654042324001,0.6014741093341727,0.601729477019323,0.3653751048421948
1057,05/15/2023 12:46:26.543383,1515,True,True,True,True,Eyes,1.335764,-0.3047405,-3.231419,0.1817907,-0.0988516,0.978356,0.0,0.0,0.0,0.0,0.0,0.0,0.0,-1.44391,0.2971492,3.197213,1.342417,-0.3044315,-3.240461,-0.001590876,0.01586273,0.001062409,0.9998723,359.8158,1.817624,0.1188365,0.3812404,-0.08680753,-0.9203908,0,0,0,1.757064,-0.5050302,-1.098879,0.3460801,-0.20824,2.153,0.9994945,0.002074075,-0.0317248,-0.002175018,0.9999927,-0.003147641,0.03171804,0.003215052,0.9994916,static,8.699347188030734,-5.940982464030934,9.131791179688037,-5.524512396302768,0.414647,-0.2005986999999999,2.141582,0.1504556366277791,-0.1023257876081626,0.9833069178859412,9.387808592805936,-5.799076672275286,0.6000613294444606,0.6003791495663424,0.3754070556874147
1058,05/15/2023 12:46:26.564058,1516,True,True,True,True,Eyes,1.33559,-0.3047375,-3.231419,0.1819813,-0.0988101,0.9783248,0.0,0.0,0.0,0.0,0.0,0.0,0.0,-1.444398,0.2977049,3.196979,1.342447,-0.3044398,-3.240484,-0.001496841,0.01593249,0.001041271,0.9998716,359.8266,1.825632,0.1165734,0.3811737,-0.08680916,-0.9204183,0,0,0,1.757384,-0.5054582,-1.098998,0.34608,-0.20824,2.153,0.9994901,0.002034578,-0.031864,-0.002129972,0.9999934,-0.002960116,0.03185776,0.003026477,0.9994878,static,8.70254509432985,-5.927472550121454,9.131788585510678,-5.524512396302768,0.4149370000000001,-0.2010183999999999,2.141486,0.1505141437890905,-0.1020930130493804,0.98332220198299,9.39092000227851,-5.785528329830099,0.5884834347491712,0.5887502528973431,0.3678021325539686
1059,05/15/2023 12:46:26.573359,1517,True,True,True,True,Eyes,1.335418,-0.304735,-3.231416,0.1822383,-0.09884204,0.9782737,0.0,0.0,0.0,0.0,0.0,0.0,0.0,-1.44389,0.2999858,3.19699,1.342483,-0.304326,-3.240475,-0.001160048,0.0158561,0.001122631,0.999873,359.8651,1.816904,0.1265203,0.3811094,-0.0868107,-0.9204447,0,0,0,1.757125,-0.5067296,-1.099062,0.3460799,-0.20824,2.153,0.9994946,0.002208188,-0.03171077,-0.002281764,0.9999948,-0.0022842,0.03170556,0.002355403,0.9994944,static,8.724842231486479,-5.892807250195969,9.131785991333285,-5.524512396302768,0.4146419999999999,-0.2024036,2.141413,0.1509061253996422,-0.1014919226494894,0.9833243157390744,9.412676805583416,-5.750653089719575,0.5486605913378503,0.5488572884479789,0.3606095710725619
1060,05/15/2023 12:46:26.593076,1518,True,True,True,True,Eyes,1.335253,-0.3047346,-3.231414,0.1824826,-0.09888773,0.9782235,0.0,0.0,0.0,0.0,0.0,0.0,0.0,-1.443653,0.2970828,3.197316,1.342528,-0.3043305,-3.240405,-0.001583309,0.01580511,0.001057428,0.9998733,359.8167,1.811022,0.11829,0.3810474,-0.08681218,-0.9204703,0,0,0,1.756926,-0.5049657,-1.098778,0.3460799,-0.20824,2.153,0.9994982,0.002064539,-0.03160957,-0.002164636,0.9999927,-0.00313279,0.03160287,0.003199642,0.9994954,static,8.746567581717377,-5.94294062793108,9.131785991333285,-5.524512396302768,0.414398,-0.2006351999999999,2.141627,0.1512656489845009,-0.1023465914915714,0.9831804397194436,9.433964135968786,-5.8006636615355776,0.568189018305432,0.5687489851688561,0.4093545558376462
1061,05/15/2023 12:46:26.613267,1519,True,True,True,True,Eyes,1.335102,-0.3047343,-3.231412,0.1827278,-0.09898768,0.9781677,0.0,0.0,0.0,0.0,0.0,0.0,0.0,-1.443782,0.2974476,3.197263,1.342557,-0.3043819,-3.240426,-0.001433021,0.01579871,0.0008225431,0.9998739,359.8343,1.810344,0.09165068,0.3809876,-0.08681367,-0.9204949,0,0,0,1.756831,-0.5058414,-1.098853,0.3460801,-0.2082399,2.153,0.9994994,0.001599599,-0.03159579,-0.001690158,0.9999945,-0.00283969,0.03159108,0.00289167,0.9994967,static,8.764172060779567,-5.927318108145584,9.131791179688037,-5.52450975976074,0.414274,-0.2014595,2.141573,0.1515720150582962,-0.1020736713827947,0.9831617104370558,9.45115438372645,-5.7848868304427095,0.5447804361925348,0.5453424448138671,0.4120546990759903
1062,05/15/2023 12:46:26.623239,1520,True,True,True,True,Eyes,1.334955,-0.3047336,-3.231411,0.1829592,-0.09907458,0.9781157,0.0,0.0,0.0,0.0,0.0,0.0,0.0,-1.443435,0.2987563,3.197318,1.342565,-0.3043684,-3.240444,-0.001210768,0.01573984,0.0007836489,0.9998752,359.8599,1.803622,0.08760481,0.3809301,-0.08681514,-0.9205185,0,0,0,1.756571,-0.5068123,-1.098912,0.34608,-0.2082399,2.153,0.9995033,0.001528987,-0.03147765,-0.001605217,0.9999959,-0.002396565,0.03147385,0.002445903,0.9995016,static,8.784591839538562,-5.9065673397025495,9.131788585510678,-5.52450975976074,0.4140060000000001,-0.2024439,2.141532,0.1519280626547314,-0.1017119740216675,0.983144293566261,9.47109091506687,-5.763954511072767,0.5157019480208088,0.516249527655589,0.4152828671798747
1063,05/15/2023 12:46:26.643369,1521,True,True,True,True,Eyes,1.334895,-0.3047368,-3.231409,0.1831628,-0.09917194,0.9780677,0.0,0.0,0.0,0.0,0.0,0.0,0.0,-1.442971,0.298369,3.197567,1.34255,-0.3043581,-3.240456,-0.001309657,0.01567833,0.0008770946,0.9998758,359.8484,1.79655,0.09814262,0.3808748,-0.08681659,-0.9205413,0,0,0,1.756331,-0.5063064,-1.098833,0.3460798,-0.20824,2.153,0.9995069,0.001712905,-0.03135505,-0.001795038,0.9999951,-0.002591487,0.03135046,0.002646492,0.9995049,static,8.802788133337348,-5.925670554744416,9.131783397155848,-5.524512396302768,0.4137810000000002,-0.2019483,2.141623,0.1522352225541087,-0.1020348802998165,0.983063289410502,9.488896213784232,-5.782932571129854,0.5180160263759721,0.5188118654187651,0.4408067043023739
1064,05/15/2023 12:46:26.652896,1522,True,True,True,True,Eyes,1.334836,-0.304743,-3.231411,0.1833555,-0.09927509,0.978021,0.0,0.0,0.0,0.0,0.0,0.0,0.0,-1.442105,0.2963003,3.198128,1.342587,-0.304403,-3.240414,-0.001630481,0.01553495,0.0008604951,0.9998777,359.8116,1.780091,0.09569144,0.3808236,-0.08681805,-0.9205624,0,0,0,1.755748,-0.504986,-1.098544,0.34608,-0.20824,2.153,0.9995158,0.001670121,-0.0310689,-0.001771439,0.9999932,-0.003233827,0.03106329,0.003287298,0.999512,static,8.831416441784526,-5.968498311470739,9.131788585510678,-5.524512396302768,0.4131610000000001,-0.200583,2.14187,0.1527148888404176,-0.102761969025773,0.9829130173948064,9.516922832834322,-5.825575864895032,0.5346711728366006,0.5360474956514443,0.4888431247162571
1065,05/15/2023 12:46:26.672933,1523,True,True,True,True,Eyes,1.334745,-0.3047469,-3.231409,0.1835253,-0.09940433,0.9779761,0.0,0.0,0.0,0.0,0.0,0.0,0.0,-1.44198,0.2968467,3.198244,1.34258,-0.3044833,-3.240518,-0.001521362,0.01550831,0.0007757244,0.9998783,359.8243,1.777063,0.08617744,0.380776,-0.08681959,-0.9205819,0,0,0,1.755592,-0.5055996,-1.098669,0.34608,-0.20824,2.153,0.9995178,0.001504072,-0.03101521,-0.001598448,0.9999942,-0.003018293,0.03101049,0.003066413,0.9995144,static,8.845317291797823,-5.962133303923219,9.131788585510678,-5.524512396302768,0.4130119999999999,-0.2011163,2.141849,0.1529551607020822,-0.1026489244071206,0.9828875448731208,9.530502891968425,-5.819094827248533,0.5215986499272365,0.5230467100633214,0.495733705527472
1066,05/15/2023 12:46:26.693183,1524,True,True,True,True,Eyes,1.334655,-0.3047473,-3.231407,0.183691,-0.09952253,0.9779329,0.0,0.0,0.0,0.0,0.0,0.0,0.0,-1.442281,0.2962986,3.198091,1.342597,-0.3044156,-3.24045,-0.001530185,0.01553868,0.000623425,0.999878,359.8236,1.78057,0.06870621,0.380731,-0.08682118,-0.9206004,0,0,0,1.755676,-0.5056095,-1.098622,0.3460799,-0.2082399,2.153,0.9995163,0.001199144,-0.03107547,-0.001294252,0.9999945,-0.003040623,0.03107166,0.003079372,0.9995124,static,8.853436214951165,-5.967178956075194,9.131785991333285,-5.52450975976074,0.413079,-0.2011939,2.1418280000000003,0.1530930859541017,-0.1027332529141215,0.982857192139196,9.538443692337758,-5.824081248623589,0.5213365674539793,0.5229097583500042,0.5050876782557154
1067,05/15/2023 12:46:26.713069,1525,True,True,True,True,Eyes,1.334588,-0.3047513,-3.231403,0.1838166,-0.09966503,0.9778949,0.0,0.0,0.0,0.0,0.0,0.0,0.0,-1.442598,0.2953555,3.198028,1.342568,-0.3043343,-3.240463,-0.001621678,0.01558335,0.0005254447,0.9998771,359.8133,1.785702,0.05730858,0.3806883,-0.0868227,-0.9206179,0,0,0,1.755799,-0.5052096,-1.098633,0.3460799,-0.20824,2.153,0.9995137,0.001000218,-0.03116458,-0.001101303,0.9999942,-0.003226582,0.03116117,0.003259335,0.999509,static,8.85712945450888,-5.984074918887596,9.131785991333285,-5.524512396302768,0.4132310000000001,-0.2008753,2.14183,0.1531518564470983,-0.103022145705863,0.982817909099869,9.54207129723142,-5.840964492810874,0.5336107696672797,0.535382036853035,0.5181466603388502
1068,05/15/2023 12:46:26.723415,1526,True,True,True,True,Eyes,1.334522,-0.3047599,-3.231401,0.1839438,-0.09980698,0.9778565,0.0,0.0,0.0,0.0,0.0,0.0,0.0,-1.442875,0.2946395,3.197795,1.342597,-0.3041304,-3.240298,-0.001698675,0.01562211,0.0005193011,0.9998764,359.8044,1.790141,0.05645961,0.3806483,-0.08682426,-0.9206343,0,0,0,1.755992,-0.5046796,-1.09847,0.34608,-0.20824,2.153,0.9995113,0.0009854002,-0.03124212,-0.001091548,0.9999937,-0.003380704,0.03123859,0.003413155,0.9995061,static,8.860513429980697,-6.00108042422277,9.131788585510678,-5.524512396302768,0.4133949999999999,-0.2005491999999999,2.1418280000000003,0.1532052560153008,-0.1033129778154382,0.9827790532727094,9.545396741144724,-5.857959829701532,0.5463945453550103,0.5483678466534804,0.531280431831646
1069,05/15/2023 12:46:26.743176,1527,True,True,True,True,Eyes,1.334472,-0.3047574,-3.231394,0.1840243,-0.09995575,0.9778261,0.0,0.0,0.0,0.0,0.0,0.0,0.0,-1.443297,0.2954274,3.197558,1.342556,-0.3042473,-3.24033,-0.001621825,0.01570051,0.0005823556,0.9998753,359.8131,1.799119,0.06380716,0.3806107,-0.08682597,-0.9206497,0,0,0,1.756312,-0.5050786,-1.098598,0.3460801,-0.20824,2.153,0.9995063,0.001113639,-0.03139899,-0.001215493,0.9999941,-0.003224959,0.03139522,0.003261532,0.9995017,static,8.855525541816471,-6.0021252587626615,9.131791179688037,-5.524512396302768,0.413756,-0.2008313,2.141732,0.1531193820644946,-0.1033322853378957,0.9827903491756508,9.540522652613006,-5.859045090870107,0.5498279294377264,0.5517578717659732,0.5281794587958716
1070,05/15/2023 12:46:26.763054,1528,True,True,True,True,Eyes,1.33442,-0.3047548,-3.231387,0.1841094,-0.1000931,0.9777961,0.0,0.0,0.0,0.0,0.0,0.0,0.0,-1.44385,0.2965039,3.197187,1.342538,-0.3042236,-3.240318,-0.001448868,0.01578953,0.0005772186,0.9998743,359.8329,1.809332,0.06351482,0.3805757,-0.08682751,-0.9206641,0,0,0,1.756673,-0.5058017,-1.098729,0.3460799,-0.20824,2.153,0.9995007,0.001108538,-0.03157677,-0.001200046,0.9999951,-0.002879144,0.03157343,0.0029156,0.9994972,static,8.850176810492828,-5.9901766601582125,9.131785991333285,-5.524512396302768,0.4141349999999999,-0.2015781,2.141589,0.153030895197077,-0.1031287672409884,0.98282557735018,9.53528217625491,-5.84712711078315,0.5424355938328803,0.5441938417197176,0.5166134195368586
1071,05/15/2023 12:46:26.773349,1529,True,True,True,True,Eyes,1.33435,-0.3047515,-3.23138,0.1842463,-0.1001881,0.9777605,0.0,0.0,0.0,0.0,0.0,0.0,0.0,-1.444342,0.2962472,3.196945,1.342458,-0.3042189,-3.240309,-0.001509578,0.01588371,0.0006267843,0.9998725,359.8259,1.820113,0.06906773,0.380543,-0.08682888,-0.9206775,0,0,0,1.757017,-0.5054984,-1.098775,0.34608,-0.20824,2.153,0.9994946,0.001205454,-0.03176526,-0.001301364,0.9999946,-0.00299886,0.03176148,0.003038682,0.9994908,static,8.84705193672851,-6.003574429982504,9.131788585510678,-5.524512396302768,0.4145590000000001,-0.2012795,2.141534,0.1529735962381836,-0.1033595028502395,0.9828101758885376,9.532242030970972,-5.860562622863831,0.5554382211691121,0.5572929133526322,0.522774058989888
1072,05/15/2023 12:46:26.793153,1530,True,True,True,True,Eyes,1.334282,-0.30475,-3.231375,0.1843765,-0.1002776,0.9777268,0.0,0.0,0.0,0.0,0.0,0.0,0.0,-1.444374,0.295834,3.196952,1.342423,-0.3041892,-3.24031,-0.001590592,0.01589881,0.0006763697,0.9998721,359.8165,1.821829,0.07459891,0.380512,-0.0868301,-0.9206902,0,0,0,1.757066,-0.5050828,-1.098755,0.3460802,-0.20824,2.153,0.9994935,0.00130199,-0.03179569,-0.001403144,0.999994,-0.003159269,0.03179139,0.003202283,0.9994894,static,8.852630686182414,-6.019116339434604,9.131793773865358,-5.524512396302768,0.4146430000000001,-0.2008936,2.1415550000000003,0.1530650470433164,-0.1036246107269186,0.9827680385917992,9.537711116417263,-5.876075597302236,0.5658819819255164,0.5679481403140924,0.5369968093772938
1073,05/15/2023 12:46:26.813392,1531,True,True,True,True,Eyes,1.334208,-0.3047469,-3.231372,0.1844957,-0.100332,0.9776987,0.0,0.0,0.0,0.0,0.0,0.0,0.0,-1.444071,0.2962825,3.197079,1.342401,-0.3042307,-3.240346,-0.001587255,0.01586757,0.0008148942,0.9998725,359.8167,1.818224,0.0904825,0.3804824,-0.08683123,-0.9207023,0,0,0,1.756967,-0.5050334,-1.098768,0.3460799,-0.20824,2.153,0.9994951,0.001579209,-0.03173368,-0.001679952,0.9999936,-0.003148245,0.0317285,0.003199967,0.9994915,static,8.861644348353495,-6.024784473918763,9.131785991333285,-5.524512396302768,0.414566,-0.2008026999999999,2.141578,0.1532181262468475,-0.1037193397805747,0.9827341582895482,9.546527095965615,-5.881678038253252,0.5663264907046582,0.568549609897011,0.5473367150681093
1074,05/15/2023 12:46:26.823479,1532,True,True,True,True,Eyes,1.334136,-0.3047448,-3.231364,0.1846157,-0.1003759,0.9776716,0.0,0.0,0.0,0.0,0.0,0.0,0.0,-1.443713,0.2965268,3.197242,1.342369,-0.3041779,-3.240388,-0.00155179,0.0158188,0.0008397753,0.9998734,359.8207,1.812633,0.09340654,0.380454,-0.08683225,-0.920714,0,0,0,1.756737,-0.5051141,-1.098784,0.34608,-0.20824,2.153,0.9994981,0.001630243,-0.0316362,-0.001728433,0.9999937,-0.003076619,0.03163098,0.003129756,0.9994947,static,8.873957365129435,-6.023991009432966,9.131788585510678,-5.524512396302768,0.414368,-0.2009362,2.141604,0.1534295979521694,-0.10370229294665,0.9827030214381676,9.558561071472266,-5.8807865171168565,0.5597429368642945,0.5620994780087839,0.5559370503354537
1075,05/15/2023 12:46:26.843421,1533,True,True,True,True,Eyes,1.334064,-0.3047424,-3.231358,0.184718,-0.1004409,0.9776456,0.0,0.0,0.0,0.0,0.0,0.0,0.0,-1.444116,0.2959861,3.197003,1.342365,-0.3042001,-3.240282,-0.001652096,0.01588554,0.0008692381,0.9998721,359.8091,1.820267,0.09658779,0.3804268,-0.08683318,-0.9207251,0,0,0,1.757031,-0.5046828,-1.098693,0.34608,-0.20824,2.153,0.9994938,0.001685765,-0.03176987,-0.001790743,0.999993,-0.003276152,0.03176413,0.003331386,0.9994899,static,8.872223357464126,-6.039794517888601,9.131788585510678,-5.524512396302768,0.414666,-0.2004827,2.141589,0.153395483606756,-0.1039738984906135,0.9826796462519628,9.556882902682553,-5.896619122604503,0.5744660015213993,0.5769660063096057,0.5649500812025927
1076,05/15/2023 12:46:26.863389,1534,True,True,True,True,Eyes,1.333995,-0.3047415,-3.23135,0.1848236,-0.100506,0.977619,0.0,0.0,0.0,0.0,0.0,0.0,0.0,-1.444254,0.2955906,3.196991,1.34234,-0.304186,-3.240308,-0.00170956,0.0159105,0.0008650935,0.9998716,359.8026,1.823123,0.09600341,0.3804007,-0.08683404,-0.9207358,0,0,0,1.757111,-0.5044248,-1.098716,0.34608,-0.2082399,2.153,0.9994922,0.001675565,-0.03181987,-0.001784365,0.9999926,-0.003391152,0.03181395,0.003446208,0.9994879,static,8.875779523972287,-6.050135601796107,9.131788585510678,-5.52450975976074,0.414771,-0.2002388,2.141592,0.1534536345585427,-0.1041503101440423,0.98265193392759,9.560369621445869,-5.906942184674283,0.5820053029010311,0.5846564507513422,0.5744007868975578
1077,05/15/2023 12:46:26.873322,1535,True,True,True,True,Eyes,1.333942,-0.3047413,-3.231341,0.1848889,-0.1005734,0.9775996,0.0,0.0,0.0,0.0,0.0,0.0,0.0,-1.444834,0.2958585,3.196659,1.342328,-0.3042189,-3.240265,-0.001674528,0.01600353,0.0008680635,0.9998702,359.8065,1.833789,0.09638956,0.3803755,-0.08683486,-0.9207461,0,0,0,1.757499,-0.5046059,-1.098765,0.3460799,-0.2082401,2.153,0.9994863,0.001682305,-0.03200581,-0.001789498,0.9999929,-0.003320837,0.03199999,0.003376406,0.9994822,static,8.868912914835159,-6.050005401459469,9.131785991333285,-5.524515032844772,0.4151709999999999,-0.200387,2.1415,0.1533358544284548,-0.1041499915288127,0.9826702331210476,9.553658021726267,-5.906866109706409,0.5850063820123289,0.5875732991333067,0.5693578453004338
1078,05/15/2023 12:46:26.893403,1536,True,True,True,True,Eyes,1.333891,-0.3047372,-3.231335,0.1849577,-0.1006434,0.9775794,0.0,0.0,0.0,0.0,0.0,0.0,0.0,-1.445536,0.2959993,3.196291,1.342337,-0.3042223,-3.240224,-0.001686216,0.01611941,0.0009438901,0.9998683,359.8051,1.847054,0.1050336,0.3803516,-0.08683567,-0.9207559,0,0,0,1.758035,-0.5045009,-1.098816,0.3460802,-0.20824,2.153,0.9994785,0.00183317,-0.03223776,-0.001941893,0.9999926,-0.003341557,0.03223139,0.003402416,0.9994746,static,8.858875616420354,-6.0567463636483945,9.131793773865358,-5.524512396302768,0.4156980000000001,-0.2002786,2.141408,0.1531617953206805,-0.1042684539786363,0.9826848335128924,9.543854616026422,-5.913692942837638,0.5956104283737317,0.5981281774499853,0.5667941737912152
1079,05/15/2023 12:46:26.914049,1537,True,True,True,True,Eyes,1.33385,-0.3047323,-3.23133,0.1850091,-0.1007003,0.9775639,0.0,0.0,0.0,0.0,0.0,0.0,0.0,-1.446074,0.2962198,3.19611,1.342344,-0.3041247,-3.240311,-0.001623361,0.01619911,0.0009126624,0.9998671,359.8123,1.8562,0.1015567,0.380329,-0.08683635,-0.9207653,0,0,0,1.758371,-0.5046967,-1.098994,0.34608,-0.2082398,2.153,0.9994735,0.001772488,-0.03239688,-0.001877676,0.9999931,-0.003216721,0.03239095,0.003275858,0.9994699,static,8.853053358694293,-6.052167417859888,9.131788585510678,-5.524507123218688,0.4160269999999999,-0.2005719999999999,2.141317,0.1530631900368164,-0.1041915395202807,0.9827084405021956,9.538159081389136,-5.909155536857286,0.5943536142592678,0.5967568292103738,0.5595456925356435
1080,05/15/2023 12:46:26.923839,1538,True,True,True,True,Eyes,1.333808,-0.3047294,-3.231326,0.1850788,-0.1007469,0.9775459,0.0,0.0,0.0,0.0,0.0,0.0,0.0,-1.44709,0.2955516,3.195705,1.342344,-0.3040987,-3.240307,-0.001680107,0.01634859,0.0008128058,0.9998647,359.806,1.873345,0.08998109,0.3803076,-0.08683686,-0.920774,0,0,0,1.75897,-0.504503,-1.099091,0.3460799,-0.20824,2.153,0.9994641,0.001570457,-0.03269548,-0.001680326,0.999993,-0.003333182,0.03269002,0.003386335,0.9994598,static,8.841327278337683,-6.0592031106297615,9.131785991333285,-5.524512396302768,0.4166259999999999,-0.2004043,2.141216,0.1528600686080419,-0.1043155295581504,0.982726898173652,9.526705361408748,-5.916290730570689,0.6061494084800471,0.6084902825375033,0.556283715438938
1081,05/15/2023 12:46:26.943441,1539,True,True,True,True,Eyes,1.333773,-0.3047321,-3.231322,0.1850866,-0.1007801,0.977541,0.0,0.0,0.0,0.0,0.0,0.0,0.0,-1.448629,0.2951046,3.195043,1.342272,-0.3041436,-3.240326,-0.001775398,0.01660424,0.0008555211,0.9998603,359.795,1.902628,0.09464438,0.3802875,-0.08683729,-0.9207823,0,0,0,1.760011,-0.5041053,-1.099286,0.3460799,-0.20824,2.153,0.9994471,0.001651845,-0.03320688,-0.001769761,0.9999922,-0.003521889,0.0332008,0.003578711,0.9994423,static,8.812201395279763,-6.072374769462123,9.131785991333285,-5.524512396302768,0.4177390000000001,-0.1999616999999999,2.1410400000000003,0.1523567203424864,-0.1045496667909441,0.9827801797334712,9.498251444765508,-5.929705342084713,0.6321091904095131,0.6342613766882643,0.5463316317684125
1082,05/15/2023 12:46:26.963149,1540,True,True,True,True,Eyes,1.333742,-0.3047283,-3.231321,0.1850847,-0.1008317,0.977536,0.0,0.0,0.0,0.0,0.0,0.0,0.0,-1.448226,0.2961869,3.195141,1.34227,-0.3042679,-3.24033,-0.001808618,0.0165811,0.001275551,0.9998602,359.7903,1.899884,0.1427115,0.3802685,-0.0868378,-0.9207901,0,0,0,1.760081,-0.5037661,-1.099261,0.34608,-0.2082401,2.153,0.9994469,0.002490767,-0.03316218,-0.002610722,0.9999902,-0.00357443,0.03315295,0.00365903,0.9994436,static,8.80995184966865,-6.087398153406881,9.131788585510678,-5.524515032844772,0.4178109999999999,-0.1994982,2.141069,0.152313963134618,-0.1048080503657561,0.9827592474292648,9.496068563874664,-5.944761136211776,0.6461215313776212,0.6483951665081945,0.5561534770474936
1083,05/15/2023 12:46:27.493216,1572,True,True,True,True,Eyes,1.339713,-0.3047365,-3.231423,-0.1064976,-0.1018374,0.9890841,0.0,0.0,0.0,0.0,0.0,0.0,0.0,-1.441098,0.2973784,3.198086,1.342342,-0.3041003,-3.240153,-0.00138338,0.01541047,0.0007851405,0.9998801,359.8401,1.76586,0.08751711,0.381092,-0.08679982,-0.920453,0,0,0,1.063108,-0.5068597,-1.076947,-0.3460799,-0.20824,2.153,0.9995238,0.001527456,-0.03081942,-0.00161273,0.9999949,-0.00274223,0.03081507,0.002790628,0.9995213,static,-7.922779317659923,-6.048612478419322,-9.131785991333285,-5.524512396302768,-0.279234,-0.2027594,2.163206,-0.1370854264054953,-0.1043774278295651,0.9850446132760882,-6.858638051807392,-6.038140886886569,1.317138271254681,1.3177169776022857,2.3304539860958844
1084,05/15/2023 12:46:27.513373,1573,True,True,True,True,Eyes,1.339757,-0.3047429,-3.231424,-0.1078618,-0.1016666,0.9889539,0.0,0.0,0.0,0.0,0.0,0.0,0.0,-1.441211,0.297118,3.198025,1.342301,-0.3040923,-3.240137,-0.001447837,0.01543998,0.0008435307,0.9998794,359.8326,1.769227,0.09408864,0.3811362,-0.08679837,-0.9204348,0,0,0,1.063219,-0.5066097,-1.076889,-0.34608,-0.2082399,2.153,0.9995218,0.001642149,-0.03087868,-0.001731567,0.9999944,-0.002869276,0.0308738,0.002921372,0.9995191,static,-8.005873865263865,-6.046306385311764,-9.131788585510678,-5.52450975976074,-0.279082,-0.2025174,2.163248,-0.1385147602225839,-0.1043168413736443,0.9848511255952932,-6.939857561938369,-6.036489066639668,1.240584120606736,1.2409495057031512,2.250929679659269
1085,05/15/2023 12:46:27.523598,1574,True,True,True,True,Eyes,1.339799,-0.304747,-3.231425,-0.1091761,-0.101504,0.9888264,0.0,0.0,0.0,0.0,0.0,0.0,0.0,-1.440716,0.2979428,3.198214,1.342209,-0.3042049,-3.240207,-0.001409239,0.01539248,0.001010425,0.9998801,359.8368,1.763759,0.1132871,0.3811771,-0.08679721,-0.920418,0,0,0,1.062989,-0.5069935,-1.077001,-0.3460798,-0.2082401,2.153,0.9995241,0.001977224,-0.03078412,-0.002063991,0.999994,-0.002787034,0.03077843,0.002849245,0.9995221,static,-8.078372153976826,-6.03092201028598,-9.131783397155848,-5.524515032844772,-0.27922,-0.2027885999999999,2.163206,-0.1397649821609832,-0.1040339436649558,0.98470443306163,-7.010734016058736,-6.021662503006886,1.1685606444327608,1.168812762617312,2.1785330119465787
1086,05/15/2023 12:46:27.543491,1575,True,True,True,True,Eyes,1.339842,-0.3047476,-3.231427,-0.1104998,-0.1013685,0.9886932,0.0,0.0,0.0,0.0,0.0,0.0,0.0,-1.440244,0.2981137,3.198413,1.342188,-0.3041521,-3.240223,-0.001396502,0.01532688,0.001061596,0.999881,359.8381,1.756234,0.1191832,0.3812149,-0.08679623,-0.9204025,0,0,0,1.062706,-0.5070281,-1.077061,-0.3460799,-0.2082401,2.152999,0.9995279,0.00208013,-0.03065308,-0.002165746,0.9999939,-0.002760129,0.03064715,0.002825213,0.9995263,static,-8.148049568121865,-6.021693350468504,-9.131790161296436,-5.524517582933119,-0.279482,-0.202876,2.163162,-0.1409649838821526,-0.1038574829621475,0.984551938127391,-7.078846842120877,-6.012975364522884,1.1021014348803717,1.1022383129268631,2.110252893883375
1087,05/15/2023 12:46:27.563424,1576,True,True,True,True,Eyes,1.339882,-0.3047511,-3.231427,-0.1117612,-0.1012231,0.9885663,0.0,0.0,0.0,0.0,0.0,0.0,0.0,-1.439904,0.2971974,3.198655,1.342176,-0.304074,-3.240238,-0.001528868,0.01527558,0.001066997,0.9998816,359.823,1.750339,0.1195788,0.38125,-0.08679533,-0.9203881,0,0,0,1.062475,-0.5063822,-1.077051,-0.3460798,-0.2082401,2.153,0.999531,0.002087033,-0.03055081,-0.00218045,0.999993,-0.003024776,0.03054429,0.003089972,0.9995286,static,-8.215457605771352,-6.029188023413529,-9.131783397155848,-5.524515032844772,-0.279701,-0.2023082,2.163187,-0.142121539557662,-0.1039688980973851,0.9843738860397075,-7.144723937056193,-6.021009921752039,1.0461061515120735,1.0461107892408126,2.048148547513723
1088,05/15/2023 12:46:27.579308,1577,True,True,True,True,Eyes,1.33993,-0.3047585,-3.231425,-0.1130052,-0.1010617,0.9884413,0.0,0.0,0.0,0.0,0.0,0.0,0.0,-1.440483,0.2962159,3.198448,1.34214,-0.304149,-3.24021,-0.001736549,0.01538082,0.001167552,0.9998796,359.799,1.762357,0.1307157,0.3812825,-0.08679458,-0.9203748,0,0,0,1.062935,-0.5056227,-1.07688,-0.3460799,-0.20824,2.153,0.9995241,0.002281404,-0.03076201,-0.002388242,0.9999912,-0.003436764,0.03075389,0.003508596,0.9995208,static,-8.301039556511546,-6.043237253509487,-9.131785991333285,-5.524512396302768,-0.2792050000000001,-0.2014736999999999,2.16333,-0.1435884049645188,-0.1041879701781147,0.9841377356902484,-7.2283574072317665,-6.035749011839447,0.9794888557088852,0.9793952810041294,1.97088894964686
1089,05/15/2023 12:46:27.593452,1578,True,True,True,True,Eyes,1.339977,-0.3047627,-3.231425,-0.1142064,-0.1009258,0.9883172,0.0,0.0,0.0,0.0,0.0,0.0,0.0,-1.440231,0.2969009,3.198433,1.342107,-0.3042493,-3.24015,-0.001814208,0.01538363,0.001557468,0.9998789,359.7894,1.762586,0.1752543,0.3813129,-0.08679408,-0.9203622,0,0,0,1.063074,-0.5056313,-1.076789,-0.3460801,-0.20824,2.153,0.9995219,0.003058739,-0.03076918,-0.003170376,0.9999886,-0.003580058,0.03075787,0.003675896,0.9995201,static,-8.375594065858236,-6.0393061855309575,-9.131791179688037,-5.524512396302768,-0.2790329999999998,-0.201382,2.163361,-0.1448702057317238,-0.1041008005431528,0.983959172699743,-7.301231548899076,-6.032403159787651,0.9148881302668828,0.9147932664774258,1.8997109226162472
1090,05/15/2023 12:46:27.613239,1579,True,True,True,True,Eyes,1.340014,-0.3047625,-3.231426,-0.1153866,-0.1007823,0.9881948,0.0,0.0,0.0,0.0,0.0,0.0,0.0,-1.439562,0.2985739,3.198618,1.342142,-0.304172,-3.240182,-0.00158676,0.0152839,0.001660637,0.9998806,359.8153,1.751177,0.1874945,0.3813415,-0.08679369,-0.9203504,0,0,0,1.06272,-0.5066013,-1.076969,-0.3460799,-0.2082401,2.153,0.9995273,0.003272374,-0.03056943,-0.003369382,0.9999894,-0.003122379,0.03055889,0.003223903,0.9995278,static,-8.433283605571797,-6.003935015066928,-9.131785991333285,-5.524515032844772,-0.2794219999999998,-0.2024293,2.163213,-0.1458703923590611,-0.1034779737175591,0.9838771466947548,-7.357654918401789,-5.997453326147659,0.8472861023902256,0.8472007449644864,1.8360859710844968
1091,05/15/2023 12:46:27.623780,1580,True,True,True,True,Eyes,1.340051,-0.3047608,-3.231425,-0.1165108,-0.1006117,0.9880802,0.0,0.0,0.0,0.0,0.0,0.0,0.0,-1.439915,0.2985223,3.198503,1.34215,-0.30407,-3.240226,-0.001487588,0.01531781,0.001448981,0.9998806,359.827,1.755118,0.1634109,0.381368,-0.0867933,-0.9203394,0,0,0,1.062788,-0.5067949,-1.077034,-0.3460799,-0.2082401,2.153,0.9995265,0.002852042,-0.03063628,-0.002943188,0.9999913,-0.00293043,0.03062766,0.003019211,0.9995263,static,-8.499587349019668,-5.986645670145337,-9.131785991333285,-5.524515032844772,-0.2793619999999999,-0.2027249,2.163192,-0.1470136744319456,-0.1031634186830451,0.9837399305208742,-7.42247879729632,-5.980670994341291,0.7831440081585933,0.7830963218372331,1.7691267181282768
1092,05/15/2023 12:46:27.643212,1581,True,True,True,True,Eyes,1.34008,-0.3047636,-3.231425,-0.1176034,-0.1004529,0.9879669,0.0,0.0,0.0,0.0,0.0,0.0,0.0,-1.440913,0.2954339,3.198279,1.342171,-0.304041,-3.24016,-0.001869704,0.0154494,0.001233116,0.9998782,359.7836,1.770185,0.1379786,0.3813929,-0.08679288,-0.9203292,0,0,0,1.063289,-0.5049804,-1.076738,-0.34608,-0.20824,2.153,0.9995196,0.002408161,-0.03089963,-0.002523704,0.99999,-0.003700849,0.03089041,0.003777053,0.9995157,static,-8.57606872784063,-6.02557754460564,-9.131788585510678,-5.524512396302768,-0.2788820000000001,-0.2009394,2.163422,-0.1483166344786481,-0.1038114137446278,0.9834761342395902,-7.497191085892099,-6.0202450686814615,0.7480343598065688,0.7482585402470179,1.7081158825510152
1093,05/15/2023 12:46:27.663179,1582,True,True,True,True,Eyes,1.340109,-0.304767,-3.231423,-0.1186406,-0.1003124,0.9878572,0.0,0.0,0.0,0.0,0.0,0.0,0.0,-1.442213,0.296794,3.197603,1.342151,-0.3041513,-3.240193,-0.001665108,0.01565379,0.0012079,0.9998754,359.807,1.793641,0.1354119,0.3814159,-0.08679254,-0.9203197,0,0,0,1.064143,-0.505957,-1.07674,-0.3460799,-0.20824,2.153,0.999507,0.002363369,-0.03130769,-0.00246763,0.9999915,-0.003291985,0.03129965,0.003367618,0.9995044,static,-8.658898440480947,-5.995394395516985,-9.131785991333285,-5.524512396302768,-0.278008,-0.2018056999999999,2.163453,-0.1497467210486693,-0.1032708004481242,0.9833163674341718,-7.578181132855259,-5.990686940298408,0.6669340972347576,0.6673473555316589,1.622037842270045
1094,05/15/2023 12:46:27.673548,1583,True,True,True,True,Eyes,1.340105,-0.3047727,-3.231422,-0.1198163,-0.1001927,0.9877275,0.0,0.0,0.0,0.0,0.0,0.0,0.0,-1.442915,0.2981229,3.197119,1.342148,-0.3041662,-3.240149,-0.001541838,0.01578217,0.001394094,0.9998733,359.8208,1.808337,0.1569437,0.3814374,-0.08679231,-0.9203108,0,0,0,1.064773,-0.5066194,-1.076676,-0.3460798,-0.20824,2.153,0.999498,0.002739168,-0.03156464,-0.002836503,0.9999914,-0.003039281,0.03155604,0.003127289,0.9994971,static,-8.743662080390694,-5.972454283787557,-9.131783397155848,-5.524512396302768,-0.2773749999999999,-0.2024532,2.163473,-0.151207854194135,-0.1028539570482404,0.983136503993598,-7.661053775612159,-5.968394185652185,0.5919632023611651,0.5926973014034674,1.5362541009227877
1095,05/15/2023 12:46:27.692891,1584,True,True,True,True,Eyes,1.340102,-0.3047789,-3.231423,-0.1209494,-0.1000959,0.9875992,0.0,0.0,0.0,0.0,0.0,0.0,0.0,-1.442749,0.2994916,3.197102,1.34215,-0.3042333,-3.240179,-0.001411317,0.01577191,0.001559812,0.9998735,359.8355,1.807154,0.176169,0.3814566,-0.08679228,-0.9203028,0,0,0,1.064798,-0.5073534,-1.076764,-0.3460799,-0.20824,2.153,0.9994976,0.003074711,-0.03154423,-0.003163748,0.9999912,-0.002773074,0.03153542,0.002871479,0.9994985,static,-8.809827863022363,-5.950032766492209,-9.131785991333285,-5.524512396302768,-0.277352,-0.2031200999999999,2.163415,-0.1523494570143618,-0.1024510465084247,0.9830023155692804,-7.725748221168369,-5.946473591348953,0.5325595899389814,0.5335959349841686,1.4679895984832885
1096,05/15/2023 12:46:27.713697,1585,True,True,True,True,Eyes,1.340073,-0.3047829,-3.231424,-0.1222125,-0.09992409,0.987461,0.0,0.0,0.0,0.0,0.0,0.0,0.0,-1.44251,0.3008167,3.197125,1.342149,-0.3042479,-3.240216,-0.001163072,0.01572531,0.001456662,0.9998747,359.8641,1.801869,0.1648051,0.3814738,-0.08679242,-0.9202957,0,0,0,1.064553,-0.5083758,-1.076928,-0.3460799,-0.2082401,2.153,0.9995012,0.002876379,-0.03145005,-0.002949537,0.999993,-0.00228004,0.03144328,0.002371666,0.9995027,static,-8.8759971050272,-5.9139893952732985,-9.131785991333285,-5.524515032844772,-0.2775959999999999,-0.2041279,2.163288,-0.1534946680013895,-0.1018143750207471,0.9828902102340096,-7.790460408106269,-5.910917899116096,0.4646622677565585,0.4659594760779241,1.395873022621321
1097,05/15/2023 12:46:27.723838,1586,True,True,True,True,Eyes,1.340044,-0.3047867,-3.231428,-0.1234427,-0.09975512,0.9873251,0.0,0.0,0.0,0.0,0.0,0.0,0.0,-1.441824,0.3011101,3.197449,1.342156,-0.3042092,-3.240259,-0.001072025,0.01560845,0.001365899,0.9998768,359.8747,1.788503,0.1545843,0.3814886,-0.08679269,-0.9202895,0,0,0,1.064017,-0.5086744,-1.077072,-0.3460799,-0.2082401,2.153,0.999509,0.002697996,-0.03121599,-0.002764927,0.999994,-0.002101146,0.03121013,0.002186425,0.9995105,static,-8.932644295237266,-5.895859420692722,-9.131785991333285,-5.524515032844772,-0.2781389999999999,-0.2044651999999999,2.163187,-0.1544715464826578,-0.1014877229272297,0.982770990954564,-7.845846803646414,-5.893217823434335,0.4196647366301048,0.4213716524757772,1.3377523471170942
1098,05/15/2023 12:46:27.743098,1587,True,True,True,True,Eyes,1.339994,-0.304788,-3.231434,-0.1247279,-0.09959082,0.9871801,2.177416,1.068409,-0.5216386,-1.081932,0.358744,-0.8792536,-0.3133942,-0.3405941,-0.2214277,2.148438,1.342144,-0.3042077,-3.240314,-0.001120821,0.01538436,0.001352395,0.9998801,359.8692,1.762816,0.1529791,0.3815011,-0.08679306,-0.9202843,0,0,0,1.06303,-0.5084553,-1.077233,-0.34608,-0.20824,2.153,0.9995229,0.002669979,-0.03076807,-0.002738952,0.9999938,-0.002199761,0.030762,0.002282984,0.9995241,static,-8.981346555139757,-5.892704686550539,-9.131788585510678,-5.524512396302768,-0.2791140000000001,-0.2042476,2.163081,-0.1553079279658024,-0.1014201428390681,0.982646087073146,-7.893451992624031,-5.890444806191133,0.395469640950772,0.3977415833176415,1.291272258622796
1099,05/15/2023 12:46:27.763437,1588,True,True,True,True,Eyes,1.339947,-0.3047887,-3.231439,-0.125982,-0.09941585,0.9870385,2.174652,1.06598,-0.5209836,-1.084974,0.1964077,-0.8341374,-0.5154015,-0.3416979,-0.2218411,2.145486,1.342134,-0.3041641,-3.240388,-0.001362146,0.01509966,0.001355389,0.9998842,359.8416,1.730151,0.152942,0.3815111,-0.08679345,-0.9202801,0,0,0,1.06179,-0.5073735,-1.077368,-0.3460799,-0.20824,2.153,0.9995403,0.002669328,-0.0301995,-0.0027516,0.9999926,-0.002683046,0.03019212,0.002764909,0.9995403,static,-9.02183536890578,-5.910650714170943,-9.131785991333285,-5.524512396302768,-0.2803439999999999,-0.2032094,2.1630199999999995,-0.1559975441343067,-0.1017167319155708,0.9825062079752748,-7.933007068624758,-5.908728215100952,0.3984352324787996,0.4014871603155688,1.2588457812396918
1100,05/15/2023 12:46:27.773221,1589,True,True,True,True,Eyes,1.339876,-0.3047896,-3.231447,-0.1272702,-0.09918971,0.9868959,2.179431,1.062499,-0.5209668,-1.080575,0.1185639,-0.9702253,-0.2111999,-0.344248,-0.2227816,2.149841,1.342186,-0.3041542,-3.240372,-0.00158239,0.01483985,0.001364222,0.9998877,359.8164,1.700342,0.1536209,0.381519,-0.08679386,-0.9202768,0,0,0,1.060722,-0.5064201,-1.077409,-0.3460798,-0.20824,2.153,0.9995558,0.002681174,-0.02968068,-0.002775103,0.9999912,-0.003123936,0.02967205,0.003204915,0.9995546,static,-9.067154771772849,-5.92316396905745,-9.131783397155848,-5.524512396302768,-0.2814640000000001,-0.2022659,2.1629629999999995,-0.156771361651563,-0.1019186547608202,0.9823620248118275,-7.977289316866018,-5.921611724179039,0.3999519954945122,0.403856330492265,1.220878559736409
1101,05/15/2023 12:46:27.793294,1590,True,True,True,True,Eyes,1.339812,-0.3047914,-3.231454,-0.1285121,-0.09896426,0.9867576,2.178293,1.059875,-0.5203646,-1.082006,-0.000937666,-0.9553546,-0.2954602,-0.3460027,-0.2225572,2.14852,1.342263,-0.3041717,-3.240457,-0.001676349,0.01462958,0.001362749,0.9998907,359.8056,1.67623,0.1533333,0.3815242,-0.0867943,-0.9202746,0,0,0,1.059889,-0.5060326,-1.077574,-0.34608,-0.20824,2.153,0.9995682,0.002676152,-0.02926053,-0.002774249,0.9999907,-0.003312458,0.02925139,0.003392204,0.9995663,static,-9.115126342112944,-5.921429686657558,-9.131788585510678,-5.524512396302768,-0.2823739999999999,-0.2018609,2.162883,-0.1575945047239799,-0.1018754051542253,0.9822348088247452,-8.024178828306567,-5.920254769492272,0.3926064181861779,0.3972668696702937,1.1761851045611018
1102,05/15/2023 12:46:27.813286,1591,True,True,True,True,Eyes,1.33974,-0.3047939,-3.231461,-0.1297484,-0.09868719,0.9866236,2.179188,1.056994,-0.5198518,-1.081423,-0.1798069,-0.9494269,-0.2574061,-0.3487015,-0.2224629,2.14901,1.342359,-0.304197,-3.240447,-0.001778334,0.01456341,0.001346513,0.9998915,359.794,1.668635,0.1513157,0.3815272,-0.08679479,-0.9202733,0,0,0,1.059691,-0.5056077,-1.077561,-0.3460799,-0.20824,2.153,0.9995722,0.002640936,-0.02912844,-0.002744531,0.99999,-0.003517062,0.02911886,0.003595501,0.9995695,static,-9.179098442964587,-5.918095728647893,-9.131785991333285,-5.524512396302768,-0.2826680000000001,-0.2014107,2.1628860000000003,-0.158692331420525,-0.101800126017051,0.9820658914456032,-8.086709034807662,-5.917422998870396,0.390766899804109,0.3964168356405386,1.116496568141126
1103,05/15/2023 12:46:27.823317,1592,True,True,True,True,Eyes,1.339677,-0.3047947,-3.231465,-0.1309263,-0.09842175,0.9864945,0.0,0.0,0.0,0.0,0.0,0.0,0.0,-1.435566,0.2956481,3.201076,1.342403,-0.3042253,-3.240455,-0.001863146,0.01457603,0.001233014,0.9998914,359.7845,1.670093,0.1381668,0.3815282,-0.08679536,-0.9202728,0,0,0,1.059744,-0.5051986,-1.077527,-0.3460799,-0.20824,2.153,0.999572,0.002411446,-0.02915348,-0.002520075,0.99999,-0.003689942,0.02914429,0.003761831,0.9995682,static,-9.247592097697831,-5.915198566169088,-9.131785991333285,-5.524512396302768,-0.282659,-0.2009733,2.162928,-0.1598673557986864,-0.1017309304034786,0.981882468416756,-8.153658173080235,-5.915064173566276,0.4008579303676103,0.4074883281716569,1.0532163688265357
1104,05/15/2023 12:46:27.843424,1593,True,True,True,True,Eyes,1.339613,-0.3047978,-3.231468,-0.1320508,-0.09815948,0.9863707,0.0,0.0,0.0,0.0,0.0,0.0,0.0,-1.436628,0.2953783,3.200619,1.342549,-0.3041896,-3.240392,-0.001821994,0.01470247,0.001052518,0.9998898,359.7895,1.684627,0.1175276,0.3815275,-0.08679594,-0.9202731,0,0,0,1.060363,-0.5052264,-1.077409,-0.34608,-0.20824,2.153,0.9995655,0.002051228,-0.02940553,-0.002158379,0.9999912,-0.003612636,0.02939786,0.003674534,0.999561,static,-9.325052897378134,-5.899346439581322,-9.131788585510678,-5.524512396302768,-0.282186,-0.2010367999999999,2.162983,-0.1611995182347448,-0.101436993871844,0.9816950171555984,-8.22938550648674,-5.89980861083371,0.4143476033294145,0.4217246189661566,0.9773323721606384
1105,05/15/2023 12:46:27.863307,1594,True,True,True,True,Eyes,1.339559,-0.3048011,-3.231469,-0.1331057,-0.09792852,0.986252,0.0,0.0,0.0,0.0,0.0,0.0,0.0,-1.438521,0.2961157,3.199756,1.3427,-0.3042523,-3.240378,-0.001657365,0.01496215,0.0009125385,0.9998863,359.8085,1.714433,0.1017163,0.3815252,-0.0867966,-0.920274,0,0,0,1.061579,-0.5059106,-1.077314,-0.3460798,-0.2082401,2.153,0.9995506,0.001775274,-0.02992391,-0.001874465,0.9999928,-0.003287045,0.02991786,0.003341659,0.9995468,static,-9.41401828492516,-5.8706843324868645,-9.131783397155848,-5.524515032844772,-0.2811209999999999,-0.2016583,2.1630640000000003,-0.1627322592196932,-0.100920172495808,0.98149552240372,-8.316370993192884,-5.871821483546585,0.4388861413475833,0.4466427161488837,0.8862951874154297
1106,05/15/2023 12:46:27.873293,1595,True,True,True,True,Eyes,1.339489,-0.3047989,-3.231468,-0.1340995,-0.09765346,0.9861447,0.0,0.0,0.0,0.0,0.0,0.0,0.0,-1.440768,0.297697,3.198621,1.342842,-0.3042577,-3.240341,-0.001372028,0.01528296,0.0008171206,0.999882,359.8414,1.751242,0.09122162,0.3815219,-0.08679734,-0.9202753,0,0,0,1.063069,-0.5070866,-1.077211,-0.3460799,-0.20824,2.153,0.9995315,0.001592111,-0.03056455,-0.001675986,0.9999949,-0.002718757,0.03056006,0.002768709,0.9995291,static,-9.506698256829338,-5.824922627231889,-9.131785991333285,-5.524512396302768,-0.279773,-0.2028289,2.16313,-0.1643332234865919,-0.1001092997497938,0.9813118583052092,-8.407005161992501,-5.826747446971214,0.4729021529759299,0.4804222243675581,0.7852727401562272
1107,05/15/2023 12:46:27.893696,1596,True,True,True,True,Eyes,1.339422,-0.3047973,-3.231465,-0.1350446,-0.09737877,0.9860428,0.0,0.0,0.0,0.0,0.0,0.0,0.0,-1.442328,0.2969859,3.197962,1.342881,-0.304139,-3.240315,-0.001295615,0.0154842,0.00042699,0.9998794,359.8508,1.77437,0.0466248,0.3815171,-0.08679802,-0.9202772,0,0,0,1.063818,-0.5070531,-1.077102,-0.3460798,-0.20824,2.153,0.9995201,0.0008137536,-0.03096577,-0.0008939998,0.9999962,-0.002577695,0.03096355,0.002604141,0.9995171,static,-9.579935515015013,-5.808073476102655,-9.131783397155848,-5.524512396302768,-0.279063,-0.2029141,2.163213,-0.1655925992571714,-0.0997993935281454,0.9811316142039151,-8.478605433207719,-5.810460518655562,0.5227793681684562,0.5303274523527257,0.7130271953190233
1108,05/15/2023 12:46:27.913244,1597,True,True,True,True,Eyes,1.339345,-0.3047989,-3.231465,-0.1359785,-0.09711554,0.9859403,0.0,0.0,0.0,0.0,0.0,0.0,0.0,-1.443636,0.2953414,3.197464,1.342899,-0.3041569,-3.240246,-0.001343502,0.01564058,-5.934114e-05,0.9998769,359.8462,1.792366,359.9908,0.3815113,-0.08679865,-0.9202796,0,0,0,1.064313,-0.5065601,-1.076923,-0.3460799,-0.2082401,2.153,0.9995108,-0.0001606939,-0.03127715,7.664133e-05,0.9999964,-0.00268853,0.03127747,0.002684817,0.9995071,static,-9.646561594231216,-5.807864142485349,-9.131785991333285,-5.524515032844772,-0.278586,-0.2024031999999999,2.163323,-0.1667337596968994,-0.0997763392102959,0.9809405645842972,-8.543726359134961,-5.810777385398676,0.5797585753165276,0.5876058536749269,0.6540338412581729
1109,05/15/2023 12:46:27.923893,1598,True,True,True,True,Eyes,1.339271,-0.3047982,-3.231467,-0.1368945,-0.09686798,0.9858379,0.0,0.0,0.0,0.0,0.0,0.0,0.0,-1.443014,0.2970171,3.197709,1.342906,-0.3042467,-3.240353,-0.001085153,0.01553938,-8.704526e-05,0.9998788,359.8758,1.780767,359.9881,0.3815042,-0.08679933,-0.9202825,0,0,0,1.063869,-0.5077481,-1.077192,-0.3460799,-0.20824,2.153,0.999517,-0.0002077945,-0.0310748,0.0001403441,0.9999976,-0.002172749,0.03107517,0.002167338,0.9995147,static,-9.687254316656816,-5.764916001944047,-9.131785991333285,-5.524512396302768,-0.279037,-0.2035014,2.163161,-0.1674429683505203,-0.0990289396994892,0.9808955072829632,-8.583544931296306,-5.768108909956276,0.5981440108193238,0.6052594105365564,0.5999229295289619
1110,05/15/2023 12:46:27.943338,1599,True,True,True,True,Eyes,1.339163,-0.3047962,-3.231469,-0.1377878,-0.09657331,0.9857424,0.0,0.0,0.0,0.0,0.0,0.0,0.0,-1.441404,0.2974248,3.198431,1.342922,-0.3041855,-3.240386,-0.001023993,0.01528767,-5.981065e-05,0.9998827,359.8828,1.751916,359.9914,0.381496,-0.08679999,-0.9202858,0,0,0,1.062807,-0.5079679,-1.07739,-0.3460799,-0.2082401,2.153,0.9995326,-0.0001509162,-0.03057164,8.829823e-05,0.9999979,-0.002049574,0.03057188,0.002045917,0.9995305,static,-9.710298567552751,-5.740588755932445,-9.131785991333285,-5.524515032844772,-0.2801149999999999,-0.2037824,2.162996,-0.1678445665390691,-0.0986056253416359,0.9808695597913378,-8.606094157775697,-5.74394003242443,0.6108501489090798,0.6175472894062889,0.5696483426726255
1111,05/15/2023 12:46:27.963245,1600,True,True,True,True,Eyes,1.33906,-0.304794,-3.23147,-0.1386646,-0.09628432,0.9856478,0.0,0.0,0.0,0.0,0.0,0.0,0.0,-1.439559,0.2963198,3.199389,1.342922,-0.30418,-3.24041,-0.00115419,0.01499026,-0.0001532987,0.999887,359.868,1.717845,359.9804,0.381486,-0.08680063,-0.9202899,0,0,0,1.061482,-0.5073419,-1.077527,-0.3460799,-0.20824,2.153,0.9995505,-0.0003411659,-0.02997677,0.0002719595,0.9999973,-0.002312715,0.02997748,0.002303523,0.999548,static,-9.726147432727709,-5.740605383195235,-9.131785991333285,-5.524512396302768,-0.2814399999999999,-0.2031619,2.162883,-0.168115969852346,-0.0986012925048353,0.9808235993351933,-8.621584910373695,-5.744081895785433,0.6256609450017662,0.6324252540819078,0.5554420834933196
1112,05/15/2023 12:46:27.973255,1601,True,True,True,True,Eyes,1.338938,-0.3047922,-3.231471,-0.139501,-0.09597347,0.9855601,0.0,0.0,0.0,0.0,0.0,0.0,0.0,-1.438099,0.2956831,3.200077,1.342929,-0.3041766,-3.240381,-0.001217081,0.01475346,-0.0002351561,0.9998904,359.8609,1.690719,359.971,0.3814744,-0.08680124,-0.9202946,0,0,0,1.060432,-0.5070155,-1.077606,-0.3460799,-0.2082399,2.153,0.9995646,-0.0005061727,-0.0295031,0.0004343482,0.9999969,-0.002440834,0.02950425,0.002426956,0.9995618,static,-9.746598455860571,-5.731497078260813,-9.131785991333285,-5.52450975976074,-0.282497,-0.2028388999999999,2.162775,-0.1684687677832328,-0.0984393556028171,0.9807793402223316,-8.641583457603655,-5.735126297892244,0.6420621082541357,0.648720368539457,0.5335333637266242
1113,05/15/2023 12:46:27.993204,1602,True,True,True,True,Eyes,1.338821,-0.3047904,-3.231472,-0.1403177,-0.09566469,0.9854741,0.0,0.0,0.0,0.0,0.0,0.0,0.0,-1.436349,0.2955444,3.200896,1.342937,-0.3042015,-3.240395,-0.00124262,0.01447866,-0.0002346,0.9998945,359.858,1.659228,359.9711,0.381461,-0.08680184,-0.9203001,0,0,0,1.059252,-0.5069305,-1.077765,-0.3460799,-0.20824,2.153,0.9995806,-0.0005051334,-0.02895368,0.0004331674,0.9999968,-0.002491772,0.02895485,0.002478185,0.9995776,static,-9.762403479253017,-5.716663377526149,-9.131785991333285,-5.524512396302768,-0.2836849999999999,-0.2027289999999999,2.16263,-0.1687436278749056,-0.0981807404788837,0.9807579323500418,-8.657047014225746,-5.720403018666083,0.6528289106428753,0.6592423042063529,0.5135661907826459
1114,05/15/2023 12:46:28.013401,1603,True,True,True,True,Eyes,1.33869,-0.3047905,-3.231473,-0.1410578,-0.09534334,0.9853996,0.0,0.0,0.0,0.0,0.0,0.0,0.0,-1.435327,0.2945671,3.201432,1.342945,-0.3042039,-3.240379,-0.001359591,0.01431015,-0.0003158694,0.9998967,359.8447,1.639932,359.9616,0.3814461,-0.08680245,-0.9203062,0,0,0,1.058499,-0.5063767,-1.077797,-0.3460799,-0.20824,2.153,0.9995902,-0.000670585,-0.02861647,0.0005927613,0.9999961,-0.002727941,0.0286182,0.002709861,0.9995868,static,-9.785187721324949,-5.713194721034763,-9.131785991333285,-5.524512396302768,-0.284446,-0.2021727999999999,2.162582,-0.1691347328357497,-0.0981146941092447,0.9806971887651074,-8.67932011747132,-5.717110998216289,0.6736615573968837,0.6800991401423543,0.4917515515671631
1115,05/15/2023 12:46:28.023301,1604,True,True,True,True,Eyes,1.338565,-0.3047913,-3.231472,-0.141767,-0.09502639,0.9853284,0.0,0.0,0.0,0.0,0.0,0.0,0.0,-1.434797,0.294916,3.20166,1.342962,-0.3042639,-3.240388,-0.001324585,0.01422678,-0.0002930049,0.999898,359.8487,1.630373,359.9643,0.3814295,-0.08680312,-0.920313,0,0,0,1.058164,-0.5066022,-1.077868,-0.3460799,-0.2082401,2.153,0.999595,-0.000623639,-0.02844989,0.0005482609,0.9999963,-0.002657237,0.02845144,0.002640564,0.9995917,static,-9.81682446250989,-5.690799499540841,-9.131785991333285,-5.524515032844772,-0.2847979999999999,-0.2023383,2.16252,-0.1696827950353704,-0.0977220157517271,0.9806416825927784,-8.710265655633751,-5.694943915701667,0.6988224383353795,0.7049313660608242,0.4546706473042819
1116,05/15/2023 12:46:28.043516,1605,True,True,True,True,Eyes,1.338417,-0.3047883,-3.231472,-0.1424311,-0.09472316,0.9852618,0.0,0.0,0.0,0.0,0.0,0.0,0.0,-1.43499,0.2941098,3.201626,1.342963,-0.304284,-3.240365,-0.001416438,0.01424887,-0.0003774581,0.9998975,359.8383,1.632922,359.9544,0.3814116,-0.08680386,-0.9203204,0,0,0,1.058227,-0.5061725,-1.077794,-0.3460798,-0.20824,2.153,0.9995936,-0.000795204,-0.02849375,0.0007144733,0.9999958,-0.002843341,0.0284959,0.002821828,0.9995899,static,-9.856983191416168,-5.685875009829812,-9.131783397155848,-5.524512396302768,-0.2847359999999999,-0.2018885,2.162571,-0.1703716973232051,-0.0976259522100528,0.9805317781862688,-8.749522214952904,-5.690331917304782,0.7367540466804812,0.7429351483403435,0.4166770031625572
1117,05/15/2023 12:46:28.065286,1606,True,True,True,True,Eyes,1.338276,-0.3047888,-3.231467,-0.1430639,-0.09442522,0.9851988,0.0,0.0,0.0,0.0,0.0,0.0,0.0,-1.434309,0.2930442,3.20202,1.342924,-0.3042107,-3.240379,-0.001476801,0.01412827,-0.00059454,0.999899,359.8318,1.619139,359.9295,0.3813918,-0.08680458,-0.9203285,0,0,0,1.057578,-0.5057015,-1.077852,-0.3460799,-0.2082401,2.153,0.9996001,-0.001230689,-0.02825192,0.001147231,0.9999949,-0.002970102,0.02825543,0.002936503,0.9995964,static,-9.87747426222302,-5.679744726559921,-9.131785991333285,-5.524515032844772,-0.2853460000000001,-0.2014908,2.162527,-0.1707242407269405,-0.0975150104245206,0.9804815824618094,-8.769556765571917,-5.684357558879376,0.755528961852641,0.7616739821954186,0.3959288384606528
1118,05/15/2023 12:46:28.073459,1607,True,True,True,True,Eyes,1.338134,-0.3047895,-3.231465,-0.1436742,-0.09412321,0.9851389,0.0,0.0,0.0,0.0,0.0,0.0,0.0,-1.434848,0.2923724,3.201742,1.34295,-0.3042988,-3.240264,-0.001541938,0.01419747,-0.0007170849,0.9998978,359.8245,1.627097,359.9153,0.3813706,-0.0868054,-0.9203373,0,0,0,1.057854,-0.5054311,-1.077671,-0.3460799,-0.2082399,2.153,0.9995959,-0.001477806,-0.02838982,0.00139024,0.9999942,-0.003103923,0.02839425,0.0030632,0.9995921,static,-9.91945994329582,-5.672589820813997,-9.131785991333285,-5.52450975976074,-0.285096,-0.2011323,2.162593,-0.1714449566964871,-0.0973802017306042,0.980369231378566,-8.81060134953968,-5.677527405944594,0.7952891345887485,0.8014723695061593,0.3557723628498025
1119,05/15/2023 12:46:28.093499,1608,True,True,True,True,Eyes,1.337996,-0.3047907,-3.231462,-0.1442415,-0.09384831,0.9850821,0.0,0.0,0.0,0.0,0.0,0.0,0.0,-1.435486,0.2931671,3.201444,1.342919,-0.3043139,-3.240335,-0.001396768,0.01429661,-0.0007730752,0.9998966,359.8412,1.638454,359.9091,0.381348,-0.08680628,-0.9203465,0,0,0,1.058227,-0.5060377,-1.077743,-0.3460798,-0.20824,2.153,0.99959,-0.001585928,-0.02858809,0.001506052,0.9999949,-0.002815352,0.02859241,0.002771143,0.9995873,static,-9.96277328634269,-5.641679684505346,-9.131783397155848,-5.524512396302768,-0.2846919999999999,-0.2017238,2.162592,-0.1721951520604478,-0.0968384191619222,0.980291288104518,-8.852968640587736,-5.646929368174025,0.833448163323576,0.8392093715846517,0.3045054736491012
1120,05/15/2023 12:46:28.113493,1609,True,True,True,True,Eyes,1.337884,-0.304792,-3.231459,-0.144768,-0.09357079,0.9850313,0.0,0.0,0.0,0.0,0.0,0.0,0.0,-1.436993,0.2943808,3.200607,1.342896,-0.3043221,-3.240295,-0.001200514,0.01453386,-0.0007942247,0.9998934,359.8638,1.665628,359.907,0.3813245,-0.08680726,-0.9203562,0,0,0,1.05922,-0.5068803,-1.077648,-0.3460799,-0.20824,2.153,0.9995763,-0.001623176,-0.02906271,0.001553383,0.9999958,-0.002423859,0.02906651,0.002377686,0.9995747,static,-10.019837171682846,-5.604352689533254,-9.131785991333285,-5.524512396302768,-0.283676,-0.2025581999999999,2.162647,-0.1731824559556196,-0.0961828585520845,0.9801819337321228,-8.908782553812461,-5.610016861311639,0.8863306294186235,0.8916329801792793,0.2388337218287154
1121,05/15/2023 12:46:28.123185,1610,True,True,True,True,Eyes,1.337777,-0.3047927,-3.231456,-0.1452523,-0.09330215,0.9849855,0.0,0.0,0.0,0.0,0.0,0.0,0.0,-1.438211,0.2956803,3.199963,1.342875,-0.3043235,-3.240326,-0.001081426,0.01474523,-0.000603217,0.9998905,359.8771,1.689818,359.929,0.3813005,-0.08680828,-0.9203659,0,0,0,1.060191,-0.5075166,-1.077609,-0.34608,-0.20824,2.153,0.9995644,-0.001238193,-0.02948592,0.00117441,0.999997,-0.002180404,0.02948853,0.002144826,0.9995628,static,-10.073898674759157,-5.572393881800456,-9.131788585510678,-5.524512396302768,-0.2826839999999999,-0.2031930999999999,2.162717,-0.1741167167652155,-0.0956201163545714,0.9800714868576692,-8.961656262546914,-5.578454050296045,0.9383673027808052,0.9433260607643792,0.1784788764884439
1122,05/15/2023 12:46:28.143391,1611,True,True,True,True,Eyes,1.337642,-0.3047929,-3.231455,-0.145676,-0.09308174,0.9849437,0.0,0.0,0.0,0.0,0.0,0.0,0.0,-1.439881,0.2955453,3.1992,1.342882,-0.3043084,-3.240301,-0.001115227,0.01500855,-0.0005679887,0.9998866,359.8732,1.719993,359.933,0.3812764,-0.08680933,-0.9203758,0,0,0,1.061351,-0.5073782,-1.077421,-0.3460799,-0.20824,2.153,0.9995489,-0.001169324,-0.03001244,0.001102372,0.9999968,-0.00224725,0.03001497,0.002213151,0.999547,static,-10.129002950355384,-5.563718021564647,-9.131785991333285,-5.524512396302768,-0.281531,-0.2030698,2.1628800000000004,-0.1750619862974134,-0.0954554527280584,0.9799190563333298,-9.015524638113558,-5.570205109426221,0.992939603728978,0.9979873468203214,0.1249180782955927
1123,05/15/2023 12:46:28.163453,1612,True,True,True,True,Eyes,1.337512,-0.3047901,-3.231456,-0.1460598,-0.09287184,0.9849068,0.0,0.0,0.0,0.0,0.0,0.0,0.0,-1.441395,0.2954461,3.198609,1.342863,-0.3043137,-3.240389,-0.001145189,0.01525063,-0.0005361374,0.9998829,359.8697,1.747735,359.9366,0.3812514,-0.08681041,-0.9203861,0,0,0,1.062393,-0.5072746,-1.077361,-0.3460798,-0.2082401,2.153,0.9995342,-0.001107078,-0.03049646,0.001037219,0.9999968,-0.002306463,0.03049892,0.002273757,0.9995322,static,-10.179314336168778,-5.555188470142488,-9.131783397155848,-5.524515032844772,-0.28047,-0.2029609,2.163028,-0.1759251292351796,-0.0952946898656482,0.9797802404183604,-9.064708261960812,-5.56206475189216,1.0428608033571378,1.0479799272624295,0.0768703789633555
1124,05/15/2023 12:46:28.173313,1613,True,True,True,True,Eyes,1.337382,-0.3047869,-3.231451,-0.1463735,-0.09261078,0.9848849,0.0,0.0,0.0,0.0,0.0,0.0,0.0,-1.443203,0.2955904,3.197802,1.342864,-0.3042391,-3.240416,-0.001131126,0.01553735,-0.0004900062,0.9998786,359.8713,1.780587,359.9418,0.3812258,-0.08681142,-0.9203966,0,0,0,1.063653,-0.5072899,-1.077235,-0.3460799,-0.20824,2.153,0.9995167,-0.001015043,-0.03106981,0.0009447437,0.999997,-0.002277203,0.03107203,0.00224675,0.9995146,static,-10.230700615338884,-5.538355919701527,-9.131785991333285,-5.524512396302768,-0.2792110000000001,-0.2030507999999999,2.163181,-0.1768089451933984,-0.0949915676837592,0.9796506639057864,-9.11495124566084,-5.545621798589763,1.093949172595469,1.0990018171019849,0.0270002875312467
1125,05/15/2023 12:46:28.193560,1614,True,True,True,True,Eyes,1.337256,-0.3047872,-3.231448,-0.1466479,-0.0923553,0.9848679,0.0,0.0,0.0,0.0,0.0,0.0,0.0,-1.445055,0.2933158,3.197053,1.342846,-0.3042441,-3.240303,-0.001482827,0.0158294,-0.0004955342,0.9998735,359.831,1.814081,359.9405,0.3811996,-0.08681238,-0.9204074,0,0,0,1.0649,-0.5057735,-1.076816,-0.3460798,-0.2082401,2.153,0.9994984,-0.001037888,-0.03165333,0.0009439982,0.9999951,-0.002980966,0.03165627,0.00294959,0.9994944,static,-10.280498272134832,-5.564811323797112,-9.131783397155848,-5.524515032844772,-0.277946,-0.2015293999999999,2.163487,-0.1776528258164377,-0.0954291423861896,0.9794552775526716,-9.163595866699602,-5.572496422391982,1.1436870084565198,1.1494214436239223,0.0575694967960753
1126,05/15/2023 12:46:28.213412,1615,True,True,True,True,Eyes,1.337121,-0.3047884,-3.231446,-0.1468894,-0.09210427,0.9848555,0.0,0.0,0.0,0.0,0.0,0.0,0.0,-1.447122,0.2930729,3.196166,1.342792,-0.3043266,-3.240343,-0.001551308,0.01616483,-0.0004542126,0.9998681,359.8231,1.85252,359.9451,0.3811729,-0.08681337,-0.9204183,0,0,0,1.066314,-0.5055864,-1.076643,-0.34608,-0.20824,2.153,0.999477,-0.0009584586,-0.03232397,0.0008581522,0.9999948,-0.003116892,0.03232679,0.003087523,0.9994726,static,-10.333365840778956,-5.558157883627606,-9.131788585510678,-5.524512396302768,-0.276478,-0.2012598,2.1637000000000004,-0.1785587480264969,-0.0952995292594161,0.9793032326562529,-9.215275940250876,-5.5662542000263775,1.1961996428774602,1.2020482183320975,0.0933408623252217
1127,05/15/2023 12:46:28.223683,1616,True,True,True,True,Eyes,1.336991,-0.3047859,-3.231444,-0.147122,-0.09186135,0.9848434,0.0,0.0,0.0,0.0,0.0,0.0,0.0,-1.447986,0.2967086,3.195444,1.342762,-0.3043512,-3.240358,-0.001215535,0.01635362,6.500361e-05,0.9998657,359.8606,1.874065,0.005169982,0.3811457,-0.08681443,-0.9204295,0,0,0,1.067312,-0.5073838,-1.076693,-0.3460799,-0.2082401,2.153,0.9994651,9.023304e-05,-0.032703,-0.0001697467,0.999997,-0.002428617,0.03270268,0.002432869,0.9994622,static,-10.373259357690642,-5.496178190939749,-9.131785991333285,-5.524515032844772,-0.27545,-0.2030326,2.163665,-0.1792589229277049,-0.0942279113457078,0.9792789450946076,-9.254333427519278,-5.504529316180045,1.236833477215593,1.24179672087819,0.1241664326070587
1128,05/15/2023 12:46:28.243405,1617,True,True,True,True,Eyes,1.336868,-0.3047802,-3.231443,-0.1473429,-0.09164506,0.9848306,0.0,0.0,0.0,0.0,0.0,0.0,0.0,-1.447556,0.2969556,3.195587,1.342744,-0.3042522,-3.240346,-0.00129178,0.01631728,0.000364903,0.9998661,359.8513,1.869856,0.03939394,0.3811181,-0.08681543,-0.9204408,0,0,0,1.06726,-0.5071422,-1.076672,-0.3460799,-0.2082401,2.153,0.9994672,0.0006875517,-0.03263113,-0.0007718651,0.9999964,-0.002571305,0.03262924,0.002595122,0.9994641,static,-10.38506638600645,-5.486755489727051,-9.131785991333285,-5.524515032844772,-0.2754839999999998,-0.20289,2.1636740000000003,-0.1794635397972767,-0.0940633007064169,0.9792573672139616,-9.265883616945096,-5.495190720581849,1.2489888748476556,1.253849086121846,0.1372664871132773
1129,05/15/2023 12:46:28.263158,1618,True,True,True,True,Eyes,1.336748,-0.3047754,-3.231441,-0.147554,-0.09142452,0.9848195,0.0,0.0,0.0,0.0,0.0,0.0,0.0,-1.44787,0.2967414,3.195499,1.342728,-0.3041828,-3.240393,-0.001179963,0.01633979,5.511542e-05,0.9998658,359.8647,1.872482,0.004105559,0.3810902,-0.0868163,-0.9204522,0,0,0,1.067213,-0.507363,-1.07675,-0.3460799,-0.2082402,2.153,0.999466,7.16557e-05,-0.03267532,-0.000148777,0.9999973,-0.002357808,0.03267506,0.002361411,0.9994633,static,-10.39628554401483,-5.46712362791311,-9.131785991333285,-5.524517669386753,-0.2755149999999999,-0.2031802,2.163643,-0.1796610562856602,-0.0937243276958128,0.9792536589698144,-9.276869981126374,-5.475628373232938,1.2612073271577398,1.265801404142258,0.1530997301522679
1130,05/15/2023 12:46:28.273024,1619,True,True,True,True,Eyes,1.336646,-0.3047757,-3.231436,-0.1477633,-0.09117544,0.9848112,0.0,0.0,0.0,0.0,0.0,0.0,0.0,-1.448019,0.2955537,3.195503,1.34269,-0.3042049,-3.240369,-0.001328924,0.01636038,-3.484245e-05,0.9998654,359.8478,1.874856,359.9935,0.3810622,-0.08681706,-0.9204637,0,0,0,1.067229,-0.5066859,-1.076653,-0.3460799,-0.20824,2.153,0.9994646,-0.0001131589,-0.03271626,2.619205e-05,0.9999964,-0.00265863,0.03271645,0.00265635,0.9994611,static,-10.40994209309632,-5.471626264015448,-9.131785991333285,-5.524512396302768,-0.2754609999999999,-0.202481,2.163716,-0.179893215528311,-0.0937972362457043,0.979204045544684,-9.290213222466832,-5.480243294794045,1.2745264532964422,1.279249765863724,0.1644960209641335
1131,05/15/2023 12:46:28.293360,1620,True,True,True,True,Eyes,1.336545,-0.3047829,-3.231431,-0.1479725,-0.09097029,0.9847987,0.0,0.0,0.0,0.0,0.0,0.0,0.0,-1.448753,0.2970434,3.194906,1.342601,-0.3043312,-3.24027,-0.001143207,0.0164958,2.506104e-05,0.9998633,359.869,1.890366,0.0007104113,0.3810346,-0.08681785,-0.9204751,0,0,0,1.067748,-0.5076512,-1.076555,-0.3460798,-0.20824,2.153,0.9994558,1.239907e-05,-0.03298714,-8.783175e-05,0.9999974,-0.002285275,0.03298702,0.002286929,0.9994532,static,-10.4377695534706,-5.437618948712566,-9.131783397155848,-5.524512396302768,-0.274853,-0.2033199999999999,2.1637150000000003,-0.1803787963462401,-0.0932075908770788,0.9791709599310005,-9.31744778958047,-5.446422708526948,1.3045616872283177,1.308873680581853,0.2014181370962628
1132,05/15/2023 12:46:28.313375,1621,True,True,True,True,Eyes,1.336492,-0.3047915,-3.231429,-0.1483207,-0.09073906,0.9847677,0.0,0.0,0.0,0.0,0.0,0.0,0.0,-1.447618,0.300593,3.195059,1.342552,-0.3044912,-3.240246,-0.0007719937,0.01636037,0.0003836067,0.9998658,359.9108,1.874811,0.04250494,0.3810074,-0.08681888,-0.9204863,0,0,0,1.06726,-0.5096369,-1.076759,-0.3460799,-0.2082401,2.153,0.9994643,0.0007418502,-0.03271693,-0.0007923707,0.9999985,-0.001531228,0.03271575,0.001556332,0.9994635,static,-10.44538581625301,-5.374675658426775,-9.131785991333285,-5.524515032844772,-0.2752919999999998,-0.2051456999999999,2.163487,-0.1805271577596374,-0.092129304310896,0.9792457130975256,-9.324958322613965,-5.383478269737851,1.318681833130934,1.3221181256435124,0.2391796774813667
1133,05/15/2023 12:46:28.323049,1622,True,True,True,True,Eyes,1.336439,-0.304796,-3.231428,-0.1486704,-0.09053791,0.9847335,0.0,0.0,0.0,0.0,0.0,0.0,0.0,-1.446358,0.3062047,3.195174,1.342535,-0.3045219,-3.240327,3.135061e-05,0.01618119,0.0005309642,0.999869,0.002607516,1.85431,0.06089417,0.3809815,-0.0868201,-0.9204969,0,0,0,1.066525,-0.5132276,-1.077273,-0.34608,-0.20824,2.152999,0.9994758,0.001062804,-0.0323581,-0.001060775,0.9999994,7.987626e-05,0.03235816,-4.550976e-05,0.9994763,static,-10.445109737998786,-5.267764893634466,-9.131792755474976,-5.524514946389912,-0.2760100000000001,-0.2087057,2.1630540000000003,-0.1805527952176773,-0.0903014961633034,0.979411249136608,-9.32480118759868,-5.276461163935025,1.3360542053901563,1.338178645090173,0.3142975244271377
1134,05/15/2023 12:46:28.343258,1623,True,True,True,True,Eyes,1.336394,-0.3047968,-3.231426,-0.148995,-0.09013645,0.9847213,0.0,0.0,0.0,0.0,0.0,0.0,0.0,-1.44522,0.307578,3.195527,1.342497,-0.3044232,-3.240323,0.0003218486,0.01599602,0.0003885119,0.9998719,0.03616427,1.833102,0.04510444,0.380957,-0.08682138,-0.920507,0,0,0,1.065624,-0.5142945,-1.077491,-0.34608,-0.20824,2.153,0.9994879,0.0007872211,-0.0319877,-0.0007666278,0.9999995,0.0006560439,0.0319882,-0.0006311853,0.9994881,static,-10.440470793401998,-5.213572094975218,-9.131788585510678,-5.524512396302768,-0.2768730000000001,-0.2098712999999999,2.162832,-0.1804886279879823,-0.0893761598522211,0.9795079813530764,-9.320324187108376,-5.222178915238944,1.343554520832355,1.3451144903839845,0.3563021285959089
1135,05/15/2023 12:46:28.363684,1624,True,True,True,True,Eyes,1.336348,-0.3048002,-3.231422,-0.1493299,-0.08973378,0.9847072,0.0,0.0,0.0,0.0,0.0,0.0,0.0,-1.443847,0.3058494,3.196247,1.342437,-0.3043653,-3.240287,9.626219e-05,0.01578286,0.0003101881,0.9998755,0.01046846,1.808661,0.03571461,0.3809339,-0.08682261,-0.9205164,0,0,0,1.064611,-0.5132145,-1.077479,-0.3460799,-0.2082401,2.153,0.9995016,0.0006233377,-0.03156172,-0.0006172605,0.9999998,0.0002022917,0.03156184,-0.0001827091,0.9995018,static,-10.434793445935997,-5.217351054453917,-9.131785991333285,-5.524515032844772,-0.2778260000000001,-0.2088492,2.162808,-0.1803904662361547,-0.0894423875881326,0.9795198716884592,-9.314771131922104,-5.225916700426138,1.3371448947462192,1.3387225763283206,0.3502064045666493
1136,05/15/2023 12:46:28.373526,1625,True,True,True,True,Eyes,1.336354,-0.3048058,-3.231419,-0.1496398,-0.08929711,0.9846999,0.0,0.0,0.0,0.0,0.0,0.0,0.0,-1.441845,0.3045885,3.197217,1.34239,-0.3044353,-3.240247,-0.0001334551,0.01548194,0.0003635628,0.9998801,359.9841,1.774165,0.04141948,0.3809119,-0.08682386,-0.9205254,0,0,0,1.063285,-0.5123266,-1.077511,-0.3460799,-0.20824,2.153,0.9995203,0.0007229063,-0.03096027,-0.0007311708,0.9999997,-0.0002556209,0.03096008,0.0002781355,0.9995205,static,-10.418920008280672,-5.216910468764693,-9.131785991333285,-5.524512396302768,-0.2791049999999999,-0.2078912999999999,2.162736,-0.1801191470590218,-0.0894393808245553,0.9795701234106994,-9.299256808980694,-5.225350271445428,1.3218558584273938,1.323379357330415,0.3428475633756951
1137,05/15/2023 12:46:28.393480,1626,True,True,True,True,Eyes,1.336359,-0.304812,-3.231413,-0.1499432,-0.08889592,0.9846901,0.0,0.0,0.0,0.0,0.0,0.0,0.0,-1.440426,0.3047018,3.19783,1.342378,-0.3045061,-3.240229,-0.0001377079,0.01526437,0.0003888838,0.9998835,359.9836,1.74923,0.04431672,0.3808924,-0.08682515,-0.9205334,0,0,0,1.062343,-0.5123953,-1.077614,-0.3460799,-0.20824,2.153,0.9995337,0.0007734728,-0.03052529,-0.0007818807,0.9999996,-0.0002635115,0.03052507,0.0002872558,0.9995339,static,-10.411569668455948,-5.193325643135882,-9.131785991333285,-5.524512396302768,-0.280035,-0.2078892,2.162615,-0.1799999852163619,-0.0890381292153136,0.979628632556666,-9.292097408563396,-5.201684393758291,1.3206535265585626,1.321942103763563,0.3604409379096447
1138,05/15/2023 12:46:28.413516,1627,True,True,True,True,Eyes,1.336409,-0.3048154,-3.231407,-0.1502648,-0.08853074,0.984674,0.0,0.0,0.0,0.0,0.0,0.0,0.0,-1.439855,0.3063261,3.197863,1.342387,-0.3045212,-3.240156,7.792229e-05,0.01518216,0.0004683514,0.9998847,0.008113394,1.739818,0.05379849,0.380875,-0.08682648,-0.9205405,0,0,0,1.062028,-0.513391,-1.077677,-0.3460799,-0.20824,2.153,0.9995385,0.0009389609,-0.03036074,-0.0009342287,0.9999995,0.0001700477,0.03036088,-0.0001416054,0.999539,static,-10.420981099007786,-5.145812579047759,-9.131785991333285,-5.524512396302768,-0.280359,-0.2088698,2.162479,-0.1801740226328717,-0.0882228768025412,0.9796704210585112,-9.301346282131489,-5.1541993977401885,1.3427332791023736,1.3436657237724163,0.407286642452193
1139,05/15/2023 12:46:28.426724,1628,True,True,True,True,Eyes,1.336458,-0.3048176,-3.231398,-0.1505713,-0.08817071,0.9846594,0.0,0.0,0.0,0.0,0.0,0.0,0.0,-1.439793,0.3049722,3.197977,1.34237,-0.3044703,-3.240124,-0.0001548727,0.01518152,0.000538747,0.9998847,359.9813,1.73973,0.06145932,0.3808606,-0.08682775,-0.9205463,0,0,0,1.062039,-0.5123794,-1.077549,-0.3460798,-0.20824,2.153,0.9995384,0.001072667,-0.0303597,-0.001082072,0.9999993,-0.0002933517,0.03035937,0.0003260677,0.999539,static,-10.439551894779736,-5.150427856668151,-9.131783397155848,-5.524512396302768,-0.2803310000000001,-0.2079091,2.1625749999999995,-0.1804903472709961,-0.0882965770468565,0.9796054682971904,-9.319492617130985,-5.15896589741002,1.3592024814042305,1.3602197198140749,0.4109245601280352
1140,05/15/2023 12:46:28.443343,1629,True,True,True,True,Eyes,1.336544,-0.3048231,-3.231386,-0.1508236,-0.08776347,0.9846572,0.0,0.0,0.0,0.0,0.0,0.0,0.0,-1.439956,0.3041991,3.197904,1.342378,-0.3044426,-3.240052,-0.0002785107,0.0152076,0.0005569211,0.9998843,359.9671,1.742711,0.06332573,0.3808489,-0.08682892,-0.920551,0,0,0,1.062168,-0.5118293,-1.07741,-0.3460797,-0.20824,2.153,0.9995368,0.001105242,-0.03041198,-0.001122184,0.9999992,-0.0005400181,0.03041136,0.0005738959,0.9995373,static,-10.457275943722202,-5.140738404641992,-9.131780802978378,-5.524512396302768,-0.28021,-0.2073867,2.162642,-0.1807961219884075,-0.0881258826668547,0.9795644836218704,-9.336826417067217,-5.149407040750458,1.3789438024385845,1.3799347248369158,0.4274900368676362
1141,05/15/2023 12:46:28.463387,1630,True,True,True,True,Eyes,1.336627,-0.3048303,-3.23137,-0.1510613,-0.0873685,0.984656,0.0,0.0,0.0,0.0,0.0,0.0,0.0,-1.44056,0.3048154,3.197486,1.342389,-0.3045365,-3.239952,-0.0002126491,0.01530418,0.0005921165,0.9998828,359.9746,1.753784,0.06747068,0.3808406,-0.08683009,-0.9205543,0,0,0,1.062611,-0.5122293,-1.077284,-0.3460799,-0.20824,2.153,0.9995309,0.001177585,-0.03060502,-0.001190603,0.9999992,-0.0004071245,0.03060452,0.0004433719,0.9995314,static,-10.482075969567148,-5.109777094131717,-9.131785991333285,-5.524512396302768,-0.2797780000000001,-0.2076928,2.162668,-0.1812287295811976,-0.0875894544604097,0.9795327684807964,-9.361098741511997,-5.118611507520306,1.4117168810442524,1.4125467766363442,0.4661972424939007
1142,05/15/2023 12:46:28.473028,1631,True,True,True,True,Eyes,1.336761,-0.304839,-3.231359,-0.1511864,-0.08711041,0.9846596,0.0,0.0,0.0,0.0,0.0,0.0,0.0,-1.440836,0.3046687,3.197284,1.342399,-0.304582,-3.239854,-0.0002788178,0.01535421,0.0006760011,0.999882,359.9669,1.75951,0.07696433,0.3808354,-0.0868313,-0.9205564,0,0,0,1.062872,-0.5120414,-1.077131,-0.3460799,-0.2082399,2.153,0.9995276,0.00134328,-0.03070517,-0.001360404,0.9999989,-0.0005368107,0.03070442,0.0005783286,0.9995283,static,-10.4958167053233,-5.100866433931783,-9.131785991333285,-5.52450975976074,-0.2795269999999998,-0.2074593999999999,2.162723,-0.1814661252568586,-0.0874332180321631,0.9795027088866526,-9.374538407691867,-5.109800729780419,1.4275020186058984,1.428304399008676,0.4805333653297665
1143,05/15/2023 12:46:28.493193,1632,True,True,True,True,Eyes,1.336891,-0.3048452,-3.231347,-0.1513131,-0.08687319,0.9846611,0.0,0.0,0.0,0.0,0.0,0.0,0.0,-1.440612,0.3082305,3.197122,1.342418,-0.3046197,-3.239919,0.0002012781,0.01533184,0.0008317449,0.9998821,0.02160076,1.756987,0.09565338,0.3808339,-0.08683253,-0.9205569,0,0,0,1.062859,-0.5142488,-1.07741,-0.3460799,-0.20824,2.153,0.9995285,0.001669466,-0.03065973,-0.001657122,0.9999985,0.000428013,0.03066041,-0.0003770043,0.9995298,static,-10.50111224980808,-5.02888877332059,-9.131785991333285,-5.524512396302768,-0.2795589999999999,-0.2096290999999999,2.162509,-0.1815762285695876,-0.0862008706944837,0.9795915323927388,-9.37979018162604,-5.0377947830622265,1.4558749846135572,1.4562613700179543,0.5462601151844556
1144,05/15/2023 12:46:28.513878,1633,True,True,True,True,Eyes,1.337082,-0.3048491,-3.231333,-0.1514006,-0.08661611,0.9846703,0.0,0.0,0.0,0.0,0.0,0.0,0.0,-1.440042,0.3091424,3.197262,1.342465,-0.3045639,-3.239877,0.0003250808,0.01524186,0.0008932148,0.9998834,0.0356871,1.746689,0.1029108,0.3808359,-0.08683372,-0.9205559,0,0,0,1.062541,-0.5147662,-1.07747,-0.3460799,-0.20824,2.153,0.9995338,0.001796131,-0.03047958,-0.001776312,0.9999982,0.0006773142,0.03048074,-0.0006228572,0.9995352,static,-10.496053879041606,-4.998355492405673,-9.131785991333285,-5.524512396302768,-0.279924,-0.2102022999999999,2.162407,-0.1814979282727487,-0.0856800875897313,0.9796517322586116,-9.374878289748874,-5.007191788990929,1.46197809664526,1.462213375999107,0.571589429834444
1145,05/15/2023 12:46:28.524127,1634,True,True,True,True,Eyes,1.337268,-0.3048572,-3.23132,-0.1514826,-0.08637863,0.9846784,0.0,0.0,0.0,0.0,0.0,0.0,0.0,-1.440217,0.3058882,3.197436,1.342506,-0.3045164,-3.239805,-6.904884e-08,0.01522399,0.0004930712,0.9998841,-0.0008680946,1.744608,0.05649513,0.3808425,-0.08683474,-0.9205531,0,0,0,1.062339,-0.513065,-1.07727,-0.3460797,-0.20824,2.153,0.999536,0.0009860261,-0.03044446,-0.0009860303,0.9999995,1.487494e-05,0.03044446,1.515112e-05,0.9995365,static,-10.495232962931162,-5.029595686173405,-9.131780802978378,-5.524512396302768,-0.280167,-0.2085485999999999,2.162535,-0.1814754663666269,-0.0862145745844003,0.9796088502490384,-9.37404298827602,-5.038455933128424,1.4501191075317277,1.450497963612905,0.5430854921821623
1146,05/15/2023 12:46:28.543399,1635,True,True,True,True,Eyes,1.337494,-0.3048637,-3.231303,-0.1514959,-0.08614196,0.9846972,0.0,0.0,0.0,0.0,0.0,0.0,0.0,-1.440734,0.3063155,3.197204,1.342569,-0.3046214,-3.23981,0.0001639583,0.01527011,0.0002294078,0.9998835,0.01838462,1.749897,0.02657202,0.3808531,-0.08683576,-0.9205487,0,0,0,1.06249,-0.5137128,-1.077316,-0.34608,-0.2082401,2.153,0.9995335,0.0004637692,-0.03053658,-0.0004537546,0.9999999,0.0003348845,0.03053672,-0.0003208722,0.9995336,static,-10.49824935181318,-5.002095566001269,-9.131788585510678,-5.524515032844772,-0.2800789999999999,-0.2090913999999999,2.162494,-0.1815344670368277,-0.0857434445224229,0.9796393824649848,-9.377020214417756,-5.010952852576432,1.462665741755414,1.4629207515040137,0.5691086581825908
1147,05/15/2023 12:46:28.563542,1636,True,True,True,True,Eyes,1.337712,-0.3048702,-3.231283,-0.1515035,-0.08589528,0.9847175,0.0,0.0,0.0,0.0,0.0,0.0,0.0,-1.441509,0.3063534,3.196716,1.342572,-0.3045889,-3.23968,0.000152,0.01539655,0.000282296,0.9998814,0.01691779,1.764389,0.03261307,0.3808683,-0.08683668,-0.9205423,0,0,0,1.063062,-0.5136617,-1.07711,-0.3460799,-0.2082401,2.153,0.9995257,0.0005692055,-0.03078936,-0.0005598444,0.9999998,0.0003126567,0.03078954,-0.0002952711,0.9995258,static,-10.51352254671746,-4.988256784501993,-9.131785991333285,-5.524515032844772,-0.2795100000000001,-0.2090728,2.16257,-0.1817993635644975,-0.0855025653915095,0.9796112326651798,-9.391962910034025,-4.997221259993485,1.4819292828504302,1.4821500657492814,0.5879887345114336
1148,05/15/2023 12:46:28.573559,1637,True,True,True,True,Eyes,1.337989,-0.3048784,-3.231266,-0.1514456,-0.08571371,0.9847423,0.0,0.0,0.0,0.0,0.0,0.0,0.0,-1.441903,0.3048545,3.196614,1.342605,-0.3045992,-3.239597,-0.0001043935,0.01545775,0.0003329754,0.9998806,359.9875,1.771394,0.03796669,0.3808875,-0.08683754,-0.9205343,0,0,0,1.063383,-0.5125968,-1.076887,-0.3460799,-0.20824,2.153,0.9995219,0.0006626439,-0.03091188,-0.0006690985,0.9999997,-0.000198468,0.03091174,0.0002190561,0.9995221,static,-10.517946031306687,-5.006175993576742,-9.131785991333285,-5.524512396302768,-0.2792220000000001,-0.2079975999999999,2.16271,-0.181870216231848,-0.0858077968556893,0.9795714643134354,-9.39626755835019,-5.015192876580269,1.4795958103305906,1.4799027950544683,0.5738962209860557
1149,05/15/2023 12:46:28.593431,1638,True,True,True,True,Eyes,1.338256,-0.3048865,-3.231249,-0.1513904,-0.08554611,0.9847654,0.0,0.0,0.0,0.0,0.0,0.0,0.0,-1.442135,0.306321,3.196439,1.342652,-0.3046317,-3.239644,0.0001549245,0.01547881,0.0002484765,0.9998803,0.01731018,1.773816,0.02874469,0.3809117,-0.08683831,-0.9205242,0,0,0,1.063484,-0.5136958,-1.07703,-0.34608,-0.20824,2.153,0.9995207,0.0005016894,-0.03095384,-0.0004920973,0.9999998,0.0003175041,0.03095399,-0.0003021197,0.9995208,static,-10.515760253561544,-4.968198736458874,-9.131788585510678,-5.524512396302768,-0.2791679999999998,-0.2090641,2.1626140000000005,-0.1818430136810251,-0.0851589295150915,0.979633175369586,-9.394171202524957,-4.977161349874944,1.4914519458325384,1.491597286835963,0.6069907789554094
1150,05/15/2023 12:46:28.612976,1639,True,True,True,True,Eyes,1.338566,-0.3048933,-3.231235,-0.1515314,-0.08554427,0.9847439,0.0,0.0,0.0,0.0,0.0,0.0,0.0,-1.442165,0.3068444,3.196374,1.342698,-0.3046357,-3.239623,0.0002433878,0.01547482,0.0002305268,0.9998803,0.02747806,1.773361,0.02684486,0.3809401,-0.08683903,-0.9205123,0,0,0,1.063506,-0.5140703,-1.077048,-0.3460799,-0.20824,2.153,0.999521,0.0004685313,-0.03094582,-0.0004534656,0.9999998,0.000493852,0.03094604,-0.0004795825,0.999521,static,-10.523184046105778,-4.958393988362248,-9.131785991333285,-5.524512396302768,-0.2791919999999999,-0.2094345999999999,2.162575,-0.1819725941384341,-0.0849892187997848,0.9796238786255334,-9.401437595363353,-4.9674057037798525,1.502037737914466,1.502157980584529,0.6189344508183489
1151,05/15/2023 12:46:28.633030,1640,True,True,True,True,Eyes,1.338864,-0.3048994,-3.231218,-0.1516653,-0.08553079,0.9847244,0.0,0.0,0.0,0.0,0.0,0.0,0.0,-1.441869,0.305557,3.196673,1.342727,-0.3045942,-3.239657,0.0001065269,0.01541124,9.950571e-05,0.9998813,0.0120299,1.766069,0.01158929,0.3809734,-0.0868396,-0.9204985,0,0,0,1.063205,-0.5133562,-1.07706,-0.3460798,-0.20824,2.153,0.999525,0.0002022712,-0.0308188,-0.0001957044,1.0,0.0002160954,0.03081883,-0.0002099614,0.999525,static,-10.522637668971692,-4.975874472223321,-9.131783397155848,-5.524512396302768,-0.279522,-0.208762,2.162597,-0.18195857469624,-0.0852883103022946,0.9796004310114236,-9.40088513533172,-4.984898901461927,1.4949671625263277,1.4951518910019097,0.6029912680160651
1152,05/15/2023 12:46:28.643585,1641,True,True,True,True,Eyes,1.33915,-0.3049071,-3.231201,-0.1519124,-0.08563706,0.9846771,0.0,0.0,0.0,0.0,0.0,0.0,0.0,-1.442161,0.304383,3.196571,1.342762,-0.3045844,-3.239563,-2.124668e-05,0.01543999,-2.319039e-05,0.9998809,-0.00239337,1.769362,-0.002694697,0.3810107,-0.08684005,-0.9204829,0,0,0,1.063314,-0.5127182,-1.076895,-0.34608,-0.20824,2.153,0.9995232,-4.703144e-05,-0.0308763,4.571932e-05,0.9999999,-4.320443e-05,0.03087629,4.17722e-05,0.9995232,static,-10.539412363776025,-4.999432054251478,-9.131788585510678,-5.524512396302768,-0.2794479999999999,-0.2081338,2.162668,-0.1822391228268597,-0.0856865475282719,0.979513548792254,-9.41725598213025,-5.008611969654204,1.5020563029536624,1.5023694840972723,0.5896141829611343
1153,05/15/2023 12:46:28.663582,1642,True,True,True,True,Eyes,1.339426,-0.304916,-3.231186,-0.1521502,-0.08575076,0.9846305,0.0,0.0,0.0,0.0,0.0,0.0,0.0,-1.441601,0.3038008,3.19691,1.342769,-0.304621,-3.239586,-9.67766e-05,0.01534641,-7.081474e-05,0.9998823,359.989,1.758639,359.9917,0.3810515,-0.08684044,-0.9204661,0,0,0,1.062897,-0.512399,-1.076939,-0.3460798,-0.20824,2.153,0.999529,-0.0001445829,-0.03068918,0.0001386423,0.9999999,-0.0001957039,0.03068921,0.0001913569,0.9995289,static,-10.542272879804123,-5.015735798096991,-9.131783397155848,-5.524512396302768,-0.2798720000000001,-0.207778,2.162647,-0.1822836458219461,-0.0859645480336446,0.9794809169545357,-9.42003467919275,-5.024954198296614,1.4990470618606495,1.499444633036928,0.5767557496818502
1154,05/15/2023 12:46:28.673433,1643,True,True,True,True,Eyes,1.339735,-0.3049219,-3.231172,-0.1525013,-0.08595975,0.9845579,0.0,0.0,0.0,0.0,0.0,0.0,0.0,-1.441737,0.3045658,3.196798,1.342795,-0.3046525,-3.239595,7.620996e-05,0.0153509,-0.0002072994,0.9998822,0.009096647,1.759151,359.9764,0.381095,-0.08684081,-0.920448,0,0,0,1.062885,-0.5130917,-1.077016,-0.3460799,-0.2082401,2.153,0.9995286,-0.00041221,-0.03069822,0.0004168894,0.9999999,0.0001460374,0.03069816,-0.0001587664,0.9995286,static,-10.56176245367206,-5.011080369160479,-9.131785991333285,-5.524515032844772,-0.2799099999999999,-0.2084392,2.162579,-0.1826181461297278,-0.0858795354759062,0.979426006222393,-9.439088806267684,-5.020448218406275,1.5189470143489947,1.5193577053200893,0.5903544473320929
1155,05/15/2023 12:46:28.692879,1644,True,True,True,True,Eyes,1.340034,-0.3049288,-3.231159,-0.1528199,-0.08616598,0.9844905,0.0,0.0,0.0,0.0,0.0,0.0,0.0,-1.442559,0.3043789,3.196438,1.342847,-0.3045471,-3.239576,0.0001468504,0.01545326,-0.0003996794,0.9998805,0.01753356,1.770877,359.9545,0.3811418,-0.08684105,-0.9204286,0,0,0,1.063298,-0.5131708,-1.076968,-0.34608,-0.20824,2.153,0.9995221,-0.0007947244,-0.03090294,0.0008038017,0.9999996,0.0002813129,0.03090271,-0.0003060183,0.9995224,static,-10.5901936312996,-5.019280390923557,-9.131788585510678,-5.524512396302768,-0.2795489999999998,-0.2086237,2.162608,-0.183102040053963,-0.0860118357029115,0.9793240779143096,-9.46686895501312,-5.028880860362869,1.542929299099457,1.543439230045058,0.5982720730938689
1156,05/15/2023 12:46:28.713620,1645,True,True,True,True,Eyes,1.340327,-0.3049359,-3.23115,-0.1531574,-0.08644105,0.9844139,0.0,0.0,0.0,0.0,0.0,0.0,0.0,-1.44418,0.304775,3.195715,1.342887,-0.3045769,-3.239603,0.0002289986,0.01569484,-0.0004577076,0.9998768,0.02706125,1.798558,359.948,0.3811914,-0.08684122,-0.9204081,0,0,0,1.064359,-0.5135195,-1.076894,-0.3460798,-0.20824,2.153,0.9995069,-0.0009081144,-0.03138602,0.0009224905,0.9999994,0.0004435735,0.0313856,-0.000472308,0.9995072,static,-10.637019953661996,-5.027872361453312,-9.131783397155848,-5.524512396302768,-0.2785279999999999,-0.2089426,2.1627089999999995,-0.1839002139982368,-0.0861456311413155,0.9791627098392484,-9.512628208681791,-5.037851170684033,1.5843935188852276,1.5850515497162083,0.6179659529350802
1157,05/15/2023 12:46:28.723613,1646,True,True,True,True,Eyes,1.340608,-0.3049407,-3.231144,-0.153468,-0.08669243,0.9843434,0.0,0.0,0.0,0.0,0.0,0.0,0.0,-1.445484,0.3063139,3.19507,1.342867,-0.3045594,-3.239702,0.0004462791,0.01590716,-0.0004007419,0.9998735,0.05186383,1.822883,359.9549,0.3812432,-0.08684132,-0.9203866,0,0,0,1.06528,-0.5144758,-1.076967,-0.3460798,-0.20824,2.153,0.9994936,-0.0007871841,-0.03181065,0.0008155805,0.9999992,0.0008796959,0.03180993,-0.0009051946,0.9994935,static,-10.679816145132952,-5.017224023573378,-9.131783397155848,-5.524512396302768,-0.277587,-0.2099164,2.162735,-0.184634635006611,-0.0859516105218346,0.9790415240282422,-9.554468672859093,-5.0275305858167965,1.628346258319712,1.6290324987292228,0.6524214605990828
1158,05/15/2023 12:46:28.743799,1647,True,True,True,True,Eyes,1.340846,-0.3049449,-3.231139,-0.1537834,-0.08696521,0.9842702,0.0,0.0,0.0,0.0,0.0,0.0,0.0,-1.446558,0.3051934,3.194717,1.34283,-0.3045107,-3.239749,0.0002881298,0.01607888,-0.0004199437,0.9998707,0.03378673,1.842569,359.9524,0.3812967,-0.08684128,-0.9203644,0,0,0,1.065979,-0.5137328,-1.076852,-0.3460798,-0.20824,2.153,0.9994826,-0.0008305133,-0.03215383,0.0008490445,0.9999995,0.0005626806,0.03215335,-0.0005896895,0.9994828,static,-10.71812264691567,-5.052395534639372,-9.131783397155848,-5.524512396302768,-0.2768509999999999,-0.2092220999999999,2.162897,-0.1852796686029589,-0.086541904124192,0.9788677396394678,-9.591872585710142,-5.063039018238074,1.6540935337471336,1.655103183005655,0.6516438752010094
1159,05/15/2023 12:46:28.763333,1648,True,True,True,True,Eyes,1.341074,-0.3049504,-3.231134,-0.1540792,-0.08723126,0.9842004,0.0,0.0,0.0,0.0,0.0,0.0,0.0,-1.447044,0.3050033,3.194554,1.34279,-0.3044954,-3.239805,0.0002308769,0.01616738,-0.0003504361,0.9998693,0.02710233,1.852716,359.9603,0.3813507,-0.08684116,-0.920342,0,0,0,1.066351,-0.5135139,-1.076836,-0.34608,-0.20824,2.153,0.999477,-0.0006933153,-0.03233068,0.0007082459,0.9999996,0.0004503623,0.03233036,-0.0004730248,0.9994771,static,-10.74646020572567,-5.07365441785314,-9.131788585510678,-5.524512396302768,-0.2764389999999999,-0.2090184999999999,2.1629690000000004,-0.185758013648498,-0.08689710866411,0.9787456119059588,-9.61954746423211,-5.08454250480732,1.6751938499837034,1.6764359092608916,0.6568730693171275
1160,05/15/2023 12:46:28.772918,1649,True,True,True,True,Eyes,1.341251,-0.3049541,-3.231128,-0.1543514,-0.08748807,0.9841349,0.0,0.0,0.0,0.0,0.0,0.0,0.0,-1.447456,0.3055469,3.194278,1.342769,-0.3045309,-3.239774,0.0002659864,0.01624509,-0.0002492424,0.999868,0.03093975,1.861625,359.9719,0.3814048,-0.08684099,-0.9203196,0,0,0,1.066708,-0.513764,-1.076777,-0.3460799,-0.2082401,2.153,0.9994721,-0.0004897771,-0.03248603,0.0005070609,0.9999997,0.0005238046,0.03248576,-0.0005400004,0.999472,static,-10.772347466768728,-5.083084541014374,-9.131785991333285,-5.524515032844772,-0.2760610000000001,-0.2092331,2.162997,-0.1861976917675766,-0.0870508179049988,0.9786483501006844,-9.644839877799503,-5.094186347444329,1.697524876446421,1.6989122501767282,0.6696320391801523
1161,05/15/2023 12:46:28.793295,1650,True,True,True,True,Eyes,1.341418,-0.3049598,-3.231121,-0.1545978,-0.08772814,0.9840749,0.0,0.0,0.0,0.0,0.0,0.0,0.0,-1.447624,0.3055688,3.194191,1.342729,-0.3044844,-3.239786,0.000288195,0.01627497,-0.0002759401,0.9998676,0.03353497,1.865047,359.9689,0.381458,-0.0868408,-0.9202976,0,0,0,1.066786,-0.5137967,-1.076782,-0.3460799,-0.20824,2.153,0.9994701,-0.0005424264,-0.03254579,0.0005611877,0.9999997,0.0005673317,0.03254547,-0.0005852954,0.9994701,static,-10.789996500293338,-5.095424520791527,-9.131785991333285,-5.524512396302768,-0.275943,-0.2093123,2.163004,-0.1864957787890728,-0.0872565735589403,0.9785733135474932,-9.662077133796473,-5.106677792473968,1.711287530228118,1.7128276319981282,0.6751255082810051
1162,05/15/2023 12:46:28.813195,1651,True,True,True,True,Eyes,1.341534,-0.3049665,-3.231117,-0.1548053,-0.08795398,0.984022,0.0,0.0,0.0,0.0,0.0,0.0,0.0,-1.448699,0.3052065,3.19368,1.342674,-0.3045437,-3.239745,0.0001938377,0.01645829,-0.0002093347,0.9998646,0.02260395,1.886062,359.9764,0.3815099,-0.08684064,-0.9202761,0,0,0,1.067553,-0.5134904,-1.076601,-0.3460799,-0.20824,2.153,0.9994581,-0.0004122322,-0.03291221,0.0004249932,0.9999998,0.0003807322,0.03291205,-0.0003945133,0.9994582,static,-10.82408287169343,-5.118746186534063,-9.131785991333285,-5.524512396302768,-0.2751209999999999,-0.2089467,2.163144,-0.1870714905010787,-0.0876451079486645,0.9784285730109796,-9.695368759549918,-5.130291491923538,1.7384152769493295,1.7402628963081253,0.6877758777976324
1163,05/15/2023 12:46:28.823491,1652,True,True,True,True,Eyes,1.341644,-0.3049714,-3.231115,-0.1550145,-0.08815466,0.9839712,0.0,0.0,0.0,0.0,0.0,0.0,0.0,-1.448372,0.3076468,3.193679,1.342585,-0.3045717,-3.239863,0.0003542812,0.01646783,0.0002849875,0.9998643,0.04005433,1.887171,0.03332129,0.3815595,-0.08684059,-0.9202556,0,0,0,1.067711,-0.5145181,-1.076785,-0.3460799,-0.2082401,2.153,0.9994575,0.0005815661,-0.03293099,-0.000558229,0.9999996,0.0007178524,0.03293139,-0.0006990798,0.9994574,static,-10.84215590558375,-5.10246341069764,-9.131785991333285,-5.524515032844772,-0.2748739999999998,-0.2099463999999999,2.163078,-0.1873848099953167,-0.0873617437616936,0.9783940517140016,-9.713050610028615,-5.114135645074824,1.7599217776373168,1.7616732998289375,0.7115334137294396
1164,05/15/2023 12:46:28.843672,1653,True,True,True,True,Eyes,1.341691,-0.3049699,-3.231112,-0.1552124,-0.08834332,0.9839231,0.0,0.0,0.0,0.0,0.0,0.0,0.0,-1.44722,0.3067272,3.1943,1.34258,-0.3045362,-3.239879,9.985374e-05,0.0163138,0.0005549513,0.9998668,0.01040343,1.869513,0.06377094,0.3816068,-0.08684058,-0.920236,0,0,0,1.067153,-0.5135522,-1.07678,-0.3460799,-0.20824,2.153,0.9994671,0.001113013,-0.03262314,-0.001106497,0.9999994,0.0002177876,0.03262336,-0.0001815741,0.9994677,static,-10.839328474589768,-5.13727874257801,-9.131785991333285,-5.524512396302768,-0.2754270000000001,-0.209016,2.163099,-0.1873266768939137,-0.0879572355750467,0.9783518481864646,-9.710250360688503,-5.148962557245283,1.7488294520620398,1.750900121281264,0.6896801492210995
1165,05/15/2023 12:46:28.863350,1654,True,True,True,True,Eyes,1.341736,-0.3049704,-3.231102,-0.1553945,-0.08848377,0.9838817,0.0,0.0,0.0,0.0,0.0,0.0,0.0,-1.447308,0.305263,3.194403,1.342569,-0.3043877,-3.2399,2.754932e-06,0.01630516,0.0003073263,0.9998671,-0.0002585686,1.868516,0.03521746,0.3816506,-0.0868405,-0.9202179,0,0,0,1.067002,-0.5128307,-1.076764,-0.3460799,-0.20824,2.153,0.9994681,0.0006146607,-0.03260597,-0.0006144809,0.9999998,1.553113e-05,0.03260598,4.512905e-06,0.9994683,static,-10.84676102860763,-5.161747798199929,-9.131785991333285,-5.524512396302768,-0.2755669999999999,-0.208443,2.163136,-0.1874466582257759,-0.0883729855187327,0.9782913643332682,-9.717489185565366,-5.173514175966672,1.7505820701096984,1.752922568772182,0.6828235368034496
1166,05/15/2023 12:46:28.873372,1655,True,True,True,True,Eyes,1.341766,-0.3049765,-3.231092,-0.1555648,-0.08868569,0.9838365,0.0,0.0,0.0,0.0,0.0,0.0,0.0,-1.447902,0.3020266,3.194269,1.342553,-0.304444,-3.239732,-0.0005200478,0.01640304,0.00033291,0.9998654,359.9398,1.879715,0.03716604,0.3816912,-0.08684042,-0.920201,0,0,0,1.067423,-0.5106458,-1.076325,-0.3460799,-0.20824,2.153,0.9994617,0.0006486696,-0.032802,-0.000682791,0.9999992,-0.001029034,0.03280131,0.001050877,0.9994614,static,-10.869268181559631,-5.233506473453742,-9.131785991333285,-5.524512396302768,-0.2751300000000001,-0.2062018,2.1634070000000003,-0.1878103876967103,-0.0895918052126038,0.9781106195385184,-9.739412155621864,-5.245520589607409,1.7584642320472197,1.761683515415572,0.6686149742050307
1167,05/15/2023 12:46:28.893327,1656,True,True,True,True,Eyes,1.341793,-0.3049839,-3.231081,-0.1557252,-0.08894011,0.9837883,0.0,0.0,0.0,0.0,0.0,0.0,0.0,-1.448811,0.3029332,3.193708,1.342448,-0.3045712,-3.239701,-0.0004194875,0.01656655,0.0003801151,0.9998627,359.9512,1.898455,0.04275566,0.3817286,-0.08684051,-0.9201855,0,0,0,1.068044,-0.5112361,-1.076246,-0.3460798,-0.2082399,2.153,0.9994508,0.0007462268,-0.03312887,-0.0007740246,0.9999994,-0.0008262653,0.03312822,0.0008514541,0.9994507,static,-10.897862114139087,-5.2363819286749145,-9.131783397155848,-5.52450975976074,-0.2744040000000001,-0.2066648999999999,2.163455,-0.188297835009086,-0.0896323879578856,0.9780133233543392,-9.767356995137302,-5.248624763373104,1.786072392804565,1.7894277525587297,0.6928681906992817
1168,05/15/2023 12:46:28.913859,1657,True,True,True,True,Eyes,1.341791,-0.3049867,-3.231072,-0.1556327,-0.0891706,0.983782,0.0,0.0,0.0,0.0,0.0,0.0,0.0,-1.448656,0.3084321,3.193227,1.342412,-0.3045968,-3.239688,0.0002977293,0.01657891,0.0006877205,0.9998623,0.03280604,1.899914,0.07936177,0.3817629,-0.0868408,-0.9201713,0,0,0,1.068187,-0.5145488,-1.076528,-0.3460798,-0.2082401,2.153,0.9994493,0.001385124,-0.03315285,-0.00136538,0.9999989,0.00061818,0.03315367,-0.0005725733,0.99945,static,-10.895881956014865,-5.161238401660674,-9.131783397155848,-5.524515032844772,-0.2742249999999999,-0.209952,2.1631600000000004,-0.1882856810953247,-0.0883498478952363,0.9781322831851568,-9.765500793803884,-5.173392381434036,1.798621162983827,1.801114553861836,0.7244893754556168
1169,05/15/2023 12:46:28.924045,1658,True,True,True,True,Eyes,1.341789,-0.3049864,-3.231062,-0.1555491,-0.08939859,0.9837745,0.0,0.0,0.0,0.0,0.0,0.0,0.0,-1.44836,0.3112541,3.193089,1.342386,-0.3044786,-3.239712,0.0006391507,0.01656309,0.0009542383,0.9998623,0.07142005,1.898147,0.1105458,0.3817939,-0.08684117,-0.9201583,0,0,0,1.068203,-0.5160695,-1.076706,-0.3460799,-0.20824,2.153,0.9994495,0.001929386,-0.0331204,-0.001887041,0.9999974,0.001309735,0.03312283,-0.001246515,0.9994505,static,-10.89145131197468,-5.129921342498751,-9.131785991333285,-5.524512396302768,-0.274183,-0.2115908999999999,2.163006,-0.1882189504686036,-0.0878163424956648,0.97819313733548,-9.761203271825831,-5.142009805095813,1.801205564870158,1.80336467205337,0.7365285773564189
1170,05/15/2023 12:46:28.943944,1659,True,True,True,True,Eyes,1.341748,-0.3049845,-3.231054,-0.1553002,-0.08957981,0.9837974,0.0,0.0,0.0,0.0,0.0,0.0,0.0,-1.447758,0.3119824,3.193278,1.342392,-0.304405,-3.239703,0.0006989518,0.01648256,0.001103883,0.9998634,0.07799809,1.888936,0.1277987,0.3818218,-0.08684151,-0.9201467,0,0,0,1.067924,-0.5163472,-1.076768,-0.3460798,-0.20824,2.153,0.9994542,0.002230505,-0.03295908,-0.002184423,0.9999965,0.001434102,0.03296216,-0.001361323,0.9994557,static,-10.86928499035558,-5.130305973323514,-9.131783397155848,-5.524512396302768,-0.2744679999999999,-0.2119422,2.162935,-0.1878402921005252,-0.0878293970236671,0.9782648109834498,-9.739537378695363,-5.142219677323177,1.779564821161577,1.7816594765245413,0.7179920786902471
1171,05/15/2023 12:46:28.963074,1660,True,True,True,True,Eyes,1.341709,-0.3049852,-3.231047,-0.155079,-0.08974244,0.9838175,0.0,0.0,0.0,0.0,0.0,0.0,0.0,-1.44693,0.310573,3.193808,1.342329,-0.3043731,-3.23975,0.0005078524,0.01635698,0.001051101,0.9998657,0.05621761,1.874516,0.1213832,0.3818461,-0.08684183,-0.9201366,0,0,0,1.067295,-0.5154582,-1.076802,-0.3460799,-0.20824,2.153,0.9994627,0.002118534,-0.0327085,-0.002085306,0.9999973,0.001049954,0.03271063,-0.0009811824,0.9994643,static,-10.84198968745453,-5.162418726131946,-9.131785991333285,-5.524512396302768,-0.275034,-0.2110850999999999,2.162948,-0.1873649796013766,-0.0883858455357134,0.9783058733403966,-9.712824942544149,-5.174148059793513,1.7457835599422131,1.7481157021789355,0.6784993965522693
1172,05/15/2023 12:46:28.973484,1661,True,True,True,True,Eyes,1.341684,-0.3049825,-3.23104,-0.1547798,-0.08985838,0.983854,0.0,0.0,0.0,0.0,0.0,0.0,0.0,-1.445483,0.3097025,3.194587,1.342324,-0.3044376,-3.239784,0.0003640269,0.01613041,0.001048132,0.9998693,0.03977159,1.848532,0.1207644,0.381867,-0.08684218,-0.9201279,0,0,0,1.066309,-0.514901,-1.076901,-0.3460801,-0.20824,2.153,0.9994774,0.002107734,-0.03225584,-0.002084246,0.9999975,0.0007617722,0.03225736,-0.000694145,0.9994794,static,-10.798949197208705,-5.185112782756733,-9.131791179688037,-5.524512396302768,-0.2760150000000001,-0.2104634,2.162883,-0.1866233495144103,-0.0887860869140463,0.9784113472598208,-9.67073300076001,-5.196524168991445,1.6989241251234657,1.7013547405108207,0.6308998048463782
1173,05/15/2023 12:46:28.993238,1662,True,True,True,True,Eyes,1.341662,-0.304981,-3.231035,-0.1545075,-0.08995767,0.9838878,0.0,0.0,0.0,0.0,0.0,0.0,0.0,-1.444426,0.3081615,3.195201,1.342318,-0.3043516,-3.239783,0.0002051532,0.01595072,0.0008932598,0.9998724,0.02187311,1.827916,0.102722,0.3818853,-0.08684246,-0.9201203,0,0,0,1.065461,-0.5140336,-1.076931,-0.3460798,-0.20824,2.153,0.9994895,0.001792836,-0.03189701,-0.001779747,0.9999983,0.0004387503,0.03189774,-0.0003817578,0.999491,static,-10.76131934811885,-5.211673705468758,-9.131783397155848,-5.524512396302768,-0.2768569999999999,-0.2096819999999999,2.162852,-0.1859729809291354,-0.0892508535897527,0.9784929680047528,-9.633925373675588,-5.222813660439136,1.656700212632832,1.6592936635700235,0.5858060189216774
1174,05/15/2023 12:46:29.013165,1663,True,True,True,True,Eyes,1.341647,-0.3049782,-3.231025,-0.1541871,-0.0899891,0.9839351,0.0,0.0,0.0,0.0,0.0,0.0,0.0,-1.443243,0.3072457,3.195862,1.342376,-0.3043839,-3.239793,4.8415e-05,0.01575817,0.0009153765,0.9998755,0.003894316,1.805833,0.1049688,0.3819013,-0.08684271,-0.9201137,0,0,0,1.064696,-0.513404,-1.076983,-0.3460799,-0.20824,2.153,0.9995016,0.001832051,-0.03151232,-0.001828999,0.9999983,0.0001256673,0.0315125,-6.796861e-05,0.9995034,static,-10.72114136054179,-5.230442864221925,-9.131785991333285,-5.524512396302768,-0.2776799999999999,-0.2090201,2.1628100000000003,-0.1852812104922759,-0.0895832923297381,0.978593729650416,-9.594635395760328,-5.241283664137621,1.613665387965982,1.6163314571368568,0.542630708587661
1175,05/15/2023 12:46:29.023525,1664,True,True,True,True,Eyes,1.341636,-0.304975,-3.231017,-0.1538776,-0.09001493,0.9839813,0.0,0.0,0.0,0.0,0.0,0.0,0.0,-1.443047,0.3057683,3.196029,1.342464,-0.3043517,-3.239698,-0.0001400973,0.01570569,0.0008321996,0.9998763,359.9825,1.799799,0.09509917,0.3819154,-0.08684289,-0.9201078,0,0,0,1.064523,-0.5125064,-1.076838,-0.3460799,-0.20824,2.153,0.9995053,0.001659793,-0.03140773,-0.001668594,0.9999986,-0.0002540195,0.03140726,0.0003063005,0.9995066,static,-10.696632071559735,-5.254878671105301,-9.131785991333285,-5.524512396302768,-0.277941,-0.2081547,2.16286,-0.1848554961505317,-0.0900079928926973,0.978635380983502,-9.570654118355463,-5.265549633226204,1.5850437976788856,1.5879060427380336,0.5095752599726615
1176,05/15/2023 12:46:29.043475,1665,True,True,True,True,Eyes,1.341655,-0.3049725,-3.231009,-0.1535646,-0.08999931,0.9840315,0.0,0.0,0.0,0.0,0.0,0.0,0.0,-1.443451,0.3051564,3.195947,1.342538,-0.3043388,-3.239709,-0.000172313,0.01574388,0.000691472,0.9998758,359.979,1.804176,0.07891617,0.3819279,-0.08684298,-0.9201026,0,0,0,1.064703,-0.5122665,-1.076814,-0.3460798,-0.20824,2.153,0.9995033,0.001377347,-0.03148408,-0.001388198,0.999999,-0.0003228103,0.0314836,0.0003663561,0.9995042,static,-10.681395712861011,-5.260218261493624,-9.131783397155848,-5.524512396302768,-0.277835,-0.2079276999999999,2.162895,-0.1845936194292952,-0.0901036960209181,0.9786758783148016,-9.55575638650911,-5.270774045245421,1.5691180636254485,1.571989096234334,0.494101453649392
1177,05/15/2023 12:46:29.063283,1666,True,True,True,True,Eyes,1.341675,-0.3049707,-3.231002,-0.1532575,-0.08997073,0.984082,0.0,0.0,0.0,0.0,0.0,0.0,0.0,-1.444147,0.3045966,3.1957,1.342546,-0.3043478,-3.239719,-0.0002207736,0.0158424,0.0005991139,0.9998744,359.9736,1.815466,0.068244,0.3819397,-0.086843,-0.9200977,0,0,0,1.0651,-0.5120085,-1.076748,-0.3460799,-0.20824,2.153,0.9994973,0.001191082,-0.03168107,-0.001205072,0.9999992,-0.0004225089,0.03168055,0.0004604745,0.999498,static,-10.6739270047838,-5.265828577990511,-9.131785991333285,-5.524512396302768,-0.2774460000000001,-0.2076606999999999,2.162971,-0.1844644018888388,-0.0902017536406053,0.9786912201317306,-9.54845051474932,-5.276330818367745,1.5607758185216367,1.5636867407581336,0.484977752788549
1178,05/15/2023 12:46:29.073594,1667,True,True,True,True,Eyes,1.341743,-0.30497,-3.231002,-0.1529488,-0.08993934,0.9841329,0.0,0.0,0.0,0.0,0.0,0.0,0.0,-1.444885,0.3032837,3.195511,1.342593,-0.3043619,-3.239717,-0.0003734998,0.01593862,0.0004755478,0.9998728,359.9563,1.826488,0.05380468,0.3819509,-0.08684296,-0.9200931,0,0,0,1.065511,-0.511286,-1.076629,-0.3460799,-0.20824,2.153,0.9994915,0.0009390685,-0.03187352,-0.0009628808,0.9999993,-0.0007317455,0.03187282,0.0007620638,0.9994916,static,-10.665970397707794,-5.283856960742873,-9.131785991333285,-5.524512396302768,-0.2770819999999998,-0.2069241,2.163088,-0.1843232790383561,-0.0905121375105524,0.9786891574607868,-9.540654676622111,-5.294313901442839,1.549844072747983,1.5529445680471767,0.4692173790958638
1179,05/15/2023 12:46:29.093428,1668,True,True,True,True,Eyes,1.341809,-0.3049673,-3.230998,-0.1526595,-0.0898816,0.9841831,0.0,0.0,0.0,0.0,0.0,0.0,0.0,-1.444693,0.3062061,3.195463,1.342592,-0.3043705,-3.239859,6.806567e-05,0.01591131,0.000501312,0.9998733,0.00688472,1.823382,0.05756295,0.3819627,-0.08684284,-0.9200882,0,0,0,1.065401,-0.5132169,-1.07697,-0.3460798,-0.20824,2.153,0.9994931,0.001004663,-0.03181851,-0.001000331,0.9999995,0.0001520671,0.03181865,-0.000120161,0.9994937,static,-10.64541135815279,-5.228905497195889,-9.131783397155848,-5.524512396302768,-0.2771909999999999,-0.2088464,2.162889,-0.1839876746151891,-0.0895791820592971,0.978838140356056,-9.520618085399033,-5.239146466039602,1.5398340478139456,1.5422234089493472,0.4823133099305225
1180,05/15/2023 12:46:29.113777,1669,True,True,True,True,Eyes,1.341894,-0.3049665,-3.230997,-0.1525197,-0.08980043,0.9842122,0.0,0.0,0.0,0.0,0.0,0.0,0.0,-1.444196,0.3038342,3.195818,1.34263,-0.3043232,-3.239754,-0.0002770115,0.01582399,0.0004642612,0.9998747,359.9674,1.813356,0.05269146,0.3819749,-0.08684261,-0.9200832,0,0,0,1.065047,-0.5116571,-1.076769,-0.3460797,-0.20824,2.153,0.9994988,0.0009196393,-0.03164426,-0.0009371728,0.9999994,-0.0005392606,0.03164375,0.0005686465,0.9994991,static,-10.627440073204918,-5.264235651467237,-9.131780802978378,-5.524512396302768,-0.2775829999999999,-0.2073338999999999,2.162985,-0.183670511755894,-0.0901881870472824,0.9788417976228676,-9.503015605146247,-5.274369052482648,1.5154111933377117,1.518137225851723,0.4476460329301817
1181,05/15/2023 12:46:29.123567,1670,True,True,True,True,Eyes,1.341977,-0.3049668,-3.230995,-0.1523943,-0.08975536,0.9842358,0.0,0.0,0.0,0.0,0.0,0.0,0.0,-1.443787,0.3023703,3.196227,1.342659,-0.3043643,-3.239822,-0.0003758035,0.01572524,0.0001525086,0.9998764,359.9567,1.802048,0.01679685,0.381988,-0.0868423,-0.9200778,0,0,0,1.06452,-0.5110774,-1.076849,-0.3460799,-0.20824,2.153,0.9995053,0.0002931601,-0.03144671,-0.0003167983,0.9999996,-0.0007467176,0.03144648,0.0007563105,0.9995051,static,-10.605778272294796,-5.278715882634499,-9.131785991333285,-5.524512396302768,-0.2781390000000001,-0.2067131,2.162973,-0.1832962035650341,-0.0904419982026685,0.9788886065547058,-9.481827973804815,-5.28869224410162,1.4915264985407168,1.4943457332443533,0.4220669777141696
1182,05/15/2023 12:46:29.143133,1671,True,True,True,True,Eyes,1.342093,-0.3049665,-3.230994,-0.1523307,-0.0897273,0.9842482,0.0,0.0,0.0,0.0,0.0,0.0,0.0,-1.443223,0.3048958,3.196246,1.342684,-0.30438,-3.239814,5.995982e-05,0.01562366,4.664668e-05,0.999878,0.006786537,1.790413,0.005452011,0.3820018,-0.08684195,-0.9200721,0,0,0,1.064059,-0.5129079,-1.077077,-0.3460799,-0.20824,2.153,0.9995118,9.515582e-05,-0.0312435,-9.140861e-05,1.0,0.0001213626,0.03124351,-0.0001184474,0.9995118,static,-10.588566925528418,-5.228800631095639,-9.131785991333285,-5.524512396302768,-0.2786249999999999,-0.2085279,2.162737,-0.1830162270918399,-0.0895939237613127,0.9790189677310344,-9.46505812719746,-5.238592377028809,1.4842953619661154,1.4864912170330402,0.4391133953377999
1183,05/15/2023 12:46:29.163907,1672,True,True,True,True,Eyes,1.342205,-0.3049636,-3.230993,-0.1522824,-0.08967409,0.9842604,0.0,0.0,0.0,0.0,0.0,0.0,0.0,-1.442531,0.3048632,3.196548,1.342713,-0.3043571,-3.239791,2.534931e-05,0.01551831,0.0001231033,0.9998797,0.002685556,1.778338,0.01414998,0.382017,-0.08684152,-0.9200658,0,0,0,1.063664,-0.5127835,-1.0771,-0.34608,-0.20824,2.153,0.9995183,0.0002469638,-0.03103287,-0.0002453902,1.0,5.451322e-05,0.03103288,-4.687175e-05,0.9995184,static,-10.5744771116167,-5.227927013492619,-9.131788585510678,-5.524512396302768,-0.2790490000000001,-0.2084263999999999,2.162691,-0.1827756243293547,-0.0895830633622707,0.9790647847231022,-9.451287584655969,-5.237606586432923,1.470719518974832,1.4728588094772042,0.4294118701106361
1184,05/15/2023 12:46:29.173326,1673,True,True,True,True,Eyes,1.342349,-0.3049643,-3.230992,-0.1522639,-0.08960496,0.9842696,0.0,0.0,0.0,0.0,0.0,0.0,0.0,-1.441538,0.3025663,3.197217,1.342693,-0.3042947,-3.239808,-0.0003008367,0.01536093,7.483669e-05,0.999882,359.9654,1.760299,0.008045101,0.3820334,-0.08684096,-0.920059,0,0,0,1.062946,-0.511283,-1.077069,-0.3460799,-0.20824,2.153,0.9995281,0.0001404137,-0.03071827,-0.0001588978,0.9999998,-0.0005993033,0.03071817,0.0006039015,0.9995279,static,-10.555386554140432,-5.261977467268448,-9.131785991333285,-5.524512396302768,-0.2797469999999999,-0.2069883,2.162739,-0.1824396911745365,-0.090170624312305,0.979073545337244,-9.432592470188538,-5.271539382376975,1.4451606715330905,1.4476060069604202,0.3930392900156378
1185,05/15/2023 12:46:29.193246,1674,True,True,True,True,Eyes,1.342487,-0.3049639,-3.230993,-0.1522521,-0.08953933,0.9842774,0.0,0.0,0.0,0.0,0.0,0.0,0.0,-1.44099,0.3027482,3.197468,1.342727,-0.3043692,-3.239807,-0.0002617998,0.01526503,2.312487e-05,0.9998836,359.97,1.749311,0.002191654,0.3820518,-0.08684032,-0.9200515,0,0,0,1.062543,-0.5114938,-1.077138,-0.3460799,-0.2082401,2.153,0.999534,3.825158e-05,-0.03052652,-5.423708e-05,0.9999999,-0.0005228327,0.0305265,0.0005242447,0.9995338,static,-10.54306017380908,-5.254457964220053,-9.131785991333285,-5.524515032844772,-0.280184,-0.2071246,2.162669,-0.1822311220073805,-0.0900456721218184,0.9791238883951712,-9.420552523663533,-5.263915164129196,1.4345621375989797,1.4368805233689093,0.3889709523455597
1186,05/15/2023 12:46:29.213337,1675,True,True,True,True,Eyes,1.342619,-0.3049618,-3.230993,-0.1522436,-0.08943435,0.9842883,0.0,0.0,0.0,0.0,0.0,0.0,0.0,-1.440593,0.3026525,3.197659,1.342719,-0.3043441,-3.239816,-0.0002393943,0.0151969,-5.401708e-05,0.9998845,359.9727,1.741505,359.9934,0.3820716,-0.08683962,-0.9200433,0,0,0,1.062208,-0.511517,-1.077194,-0.3460797,-0.2082401,2.153,0.9995381,-0.0001152974,-0.03039026,0.0001007452,0.9999999,-0.0004803751,0.0303903,0.0004770915,0.999538,static,-10.533848740028374,-5.247096315459293,-9.131780802978378,-5.524515032844772,-0.2805109999999999,-0.2071729,2.162622,-0.1820757478694187,-0.0899225046625009,0.9791641534547648,-9.411556977038952,-5.256473564764031,1.4270437405278753,1.429250028812116,0.3874544311049387
1187,05/15/2023 12:46:29.223392,1676,True,True,True,True,Eyes,1.342743,-0.304961,-3.230993,-0.1522326,-0.08932059,0.9843003,0.0,0.0,0.0,0.0,0.0,0.0,0.0,-1.440823,0.3010644,3.19771,1.342718,-0.3043049,-3.239825,-0.0004529148,0.01522687,-0.0001165414,0.9998841,359.9483,1.744945,359.9859,0.3820927,-0.08683879,-0.9200346,0,0,0,1.062312,-0.510517,-1.077097,-0.3460798,-0.2082401,2.153,0.9995362,-0.0002468487,-0.03045011,0.0002192629,0.9999996,-0.0009092736,0.03045032,0.0009021753,0.9995359,static,-10.536285908495897,-5.266233485978162,-9.131783397155848,-5.524515032844772,-0.2804060000000001,-0.2062121,2.1627280000000004,-0.1821119933059866,-0.090248928022372,0.9791273491051768,-9.41391890480929,-5.275648635781044,1.4256272241841503,1.4280534520151222,0.3762112814182294
1188,05/15/2023 12:46:29.243338,1677,True,True,True,True,Eyes,1.34286,-0.3049612,-3.230991,-0.1522307,-0.08922388,0.9843094,0.0,0.0,0.0,0.0,0.0,0.0,0.0,-1.440905,0.3001811,3.197713,1.342668,-0.3043393,-3.2398,-0.0006331039,0.0152555,-2.952519e-05,0.9998835,359.9275,1.748222,-0.004489708,0.3821146,-0.08683791,-0.9200256,0,0,0,1.062424,-0.5098282,-1.076982,-0.3460799,-0.20824,2.153,0.9995345,-7.836024e-05,-0.0305074,3.972696e-05,0.9999992,-0.001266961,0.03050747,0.001265159,0.9995337,static,-10.540578750625222,-5.279645323353529,-9.131785991333285,-5.524512396302768,-0.2802439999999999,-0.2054888999999999,2.162818,-0.1821815749394802,-0.0904769375349488,0.9790933965868488,-9.41810061412438,-5.28910745709014,1.4273195988561251,1.4299150051832188,0.3706636597101339
1189,05/15/2023 12:46:29.263435,1678,True,True,True,True,Eyes,1.342972,-0.3049638,-3.23099,-0.1522262,-0.08913482,0.9843181,0.0,0.0,0.0,0.0,0.0,0.0,0.0,-1.440933,0.299807,3.197698,1.342672,-0.3043642,-3.239759,-0.0007468492,0.01527054,9.02234e-05,0.9998832,359.9143,1.749937,0.009030748,0.3821373,-0.08683702,-0.9200163,0,0,0,1.062543,-0.509437,-1.076887,-0.3460799,-0.20824,2.153,0.9995336,0.0001576162,-0.03053765,-0.0002032352,0.9999989,-0.001490768,0.03053738,0.001496279,0.9995325,static,-10.543388260663486,-5.285206572806938,-9.131785991333285,-5.524512396302768,-0.2801290000000001,-0.2050728,2.162872,-0.1822280057021184,-0.0905711714667956,0.9790759781178596,-9.42084078239242,-5.294696322278592,1.429072330456408,1.431743078885732,0.3692805168352746
1190,05/15/2023 12:46:29.273417,1679,True,True,True,True,Eyes,1.34311,-0.3049654,-3.230991,-0.1522213,-0.08906441,0.9843253,0.0,0.0,0.0,0.0,0.0,0.0,0.0,-1.441101,0.3001948,3.197584,1.342646,-0.3044223,-3.239763,-0.0007006683,0.01530213,0.0001018302,0.9998827,359.9195,1.753556,0.0104389,0.3821604,-0.08683618,-0.9200068,0,0,0,1.062658,-0.5097017,-1.076892,-0.3460798,-0.20824,2.153,0.9995317,0.000182193,-0.0306008,-0.0002250798,0.9999991,-0.001398056,0.03060052,0.001404288,0.9995307,static,-10.546702123488153,-5.275611351032496,-9.131783397155848,-5.524512396302768,-0.2799879999999999,-0.2052794,2.162871,-0.182287389095282,-0.0904062003271736,0.9790802399403512,-9.424089885881628,-5.285117934600525,1.4340737892263826,1.436644260929777,0.3778264041129224
1191,05/15/2023 12:46:29.293248,1680,True,True,True,True,Eyes,1.343239,-0.3049662,-3.230991,-0.1522134,-0.08900452,0.9843319,0.0,0.0,0.0,0.0,0.0,0.0,0.0,-1.441427,0.3011596,3.197371,1.342623,-0.3043873,-3.2398,-0.0005302557,0.0153535,6.680017e-05,0.999882,359.9391,1.759447,0.006720915,0.3821845,-0.08683535,-0.9199968,0,0,0,1.062842,-0.5103804,-1.07697,-0.3460799,-0.20824,2.153,0.9995285,0.0001173023,-0.03070343,-0.0001498673,0.9999993,-0.001058335,0.0307033,0.001062437,0.999528,static,-10.55142628900552,-5.2532975952072345,-9.131785991333285,-5.524512396302768,-0.2797809999999998,-0.2059930999999999,2.16283,-0.1823744583744265,-0.0900234102659395,0.979099257284125,-9.428730835059618,-5.262819764234208,1.4429806168503054,1.4453152054511194,0.395802064035331
1192,05/15/2023 12:46:29.313316,1681,True,True,True,True,Eyes,1.343357,-0.3049658,-3.23099,-0.1522273,-0.08894488,0.9843351,0.0,0.0,0.0,0.0,0.0,0.0,0.0,-1.441494,0.3019426,3.197218,1.342561,-0.3043654,-3.239778,-0.0004495599,0.01538352,0.0001693002,0.9998816,359.9482,1.762883,0.01860558,0.3822094,-0.08683449,-0.9199865,0,0,0,1.062951,-0.5107709,-1.076966,-0.3460799,-0.20824,2.153,0.9995266,0.0003247287,-0.03076355,-0.0003523919,0.9999995,-0.0008938044,0.03076324,0.0009042221,0.9995263,static,-10.556525538724287,-5.238617638138456,-9.131785991333285,-5.524512396302768,-0.2796099999999999,-0.2064055,2.162812,-0.1824657627590368,-0.0897709983157374,0.9791053798839394,-9.43373034609193,-5.248165793484506,1.4509485832949265,1.453140939704666,0.4093138627750233
1193,05/15/2023 12:46:29.326295,1682,True,True,True,True,Eyes,1.343469,-0.3049656,-3.230991,-0.1522451,-0.08888765,0.9843375,0.0,0.0,0.0,0.0,0.0,0.0,0.0,-1.441207,0.3010678,3.197387,1.342508,-0.3043396,-3.239762,-0.0006152728,0.01535423,0.0002475683,0.999882,359.9291,1.759518,0.02728336,0.3822346,-0.0868336,-0.9199761,0,0,0,1.062805,-0.5100789,-1.076898,-0.3460799,-0.20824,2.153,0.9995283,0.0004761841,-0.03070514,-0.0005139722,0.9999991,-0.001222798,0.03070453,0.001238003,0.9995277,static,-10.555242838836186,-5.252751801873875,-9.131785991333285,-5.524512396302768,-0.279703,-0.2057393,2.162864,-0.1824398394832533,-0.0900129676976308,0.979087978334109,-9.432461727745263,-5.262303593234017,1.4468246070170565,1.4491663870609368,0.3989478097115384
1194,05/15/2023 12:46:29.343334,1683,True,True,True,True,Eyes,1.343572,-0.3049662,-3.230991,-0.1522619,-0.08879387,0.9843434,0.0,0.0,0.0,0.0,0.0,0.0,0.0,-1.440768,0.3011261,3.1976,1.342464,-0.3043425,-3.239799,-0.0006199543,0.01529525,0.0002784108,0.9998829,359.9285,1.752756,0.03081322,0.3822601,-0.08683269,-0.9199656,0,0,0,1.062519,-0.5100809,-1.076966,-0.3460798,-0.2082401,2.153,0.999532,0.0005377916,-0.03058725,-0.0005757209,0.9999991,-0.001231247,0.03058657,0.00124828,0.9995313,static,-10.54970321804387,-5.247107431259404,-9.131783397155848,-5.524515032844772,-0.2799450000000001,-0.2057383999999999,2.162833,-0.1823467511675023,-0.0899180968869848,0.9791140714215204,-9.427053221469112,-5.256609955639061,1.442540842136281,1.4448015766479725,0.3986946194051078
1195,05/15/2023 12:46:29.363303,1684,True,True,True,True,Eyes,1.34367,-0.304969,-3.23099,-0.1522743,-0.08869536,0.9843504,0.0,0.0,0.0,0.0,0.0,0.0,0.0,-1.440735,0.301218,3.197573,1.342442,-0.304366,-3.239774,-0.0006372098,0.01529962,0.0003429174,0.9998826,359.9264,1.753252,0.0381737,0.3822854,-0.08683179,-0.9199551,0,0,0,1.062542,-0.5100702,-1.076932,-0.3460799,-0.2082399,2.153,0.9995316,0.0006662562,-0.03059608,-0.0007052526,0.9999989,-0.001263777,0.03059521,0.001284763,0.999531,static,-10.551526694178325,-5.24209403486006,-9.131785991333285,-5.52450975976074,-0.2798999999999998,-0.2057042,2.1628420000000004,-0.1823793435048083,-0.0898318748713584,0.9791159525950086,-9.42884078244484,-5.251606081903948,1.4453446365556195,1.4475573580988457,0.4033831507513603
1196,05/15/2023 12:46:29.373343,1685,True,True,True,True,Eyes,1.343734,-0.3049702,-3.230993,-0.1522858,-0.08860058,0.9843572,0.0,0.0,0.0,0.0,0.0,0.0,0.0,-1.440852,0.3008163,3.197527,1.342422,-0.3044225,-3.239746,-0.000769106,0.01533416,0.000483291,0.9998821,359.911,1.757193,0.05402316,0.3823107,-0.08683096,-0.9199447,0,0,0,1.062731,-0.5096452,-1.076831,-0.3460799,-0.20824,2.153,0.9995292,0.0009428809,-0.03066545,-0.0009900553,0.9999983,-0.001523209,0.03066396,0.001552852,0.9995286,static,-10.557728942024102,-5.249053683948281,-9.131785991333285,-5.524512396302768,-0.2796909999999999,-0.2052227,2.162915,-0.1824834016095338,-0.089949043872412,0.9790858504203138,-9.434895557569014,-5.258621514739914,1.4499957053598276,1.4523053400841135,0.4032038814816706
1197,05/15/2023 12:46:29.393256,1686,True,True,True,True,Eyes,1.343795,-0.30497,-3.230996,-0.152301,-0.0884947,0.9843643,0.0,0.0,0.0,0.0,0.0,0.0,0.0,-1.440649,0.301603,3.197617,1.34239,-0.3043945,-3.239834,-0.0006816833,0.01531592,0.000573894,0.9998823,359.9209,1.7551,0.06455934,0.3823349,-0.08683018,-0.9199347,0,0,0,1.062657,-0.5100513,-1.076966,-0.3460799,-0.20824,2.153,0.9995302,0.001126772,-0.03062901,-0.001168534,0.9999985,-0.001345627,0.03062745,0.001380785,0.9995299,static,-10.55719042354394,-5.231034001967145,-9.131785991333285,-5.524512396302768,-0.279733,-0.2056567999999999,2.162868,-0.1824792716357325,-0.0896411774512989,0.9791147820209932,-9.43438820293731,-5.240580021989858,1.4531891076086876,1.4553031860432384,0.4149526378402896
1198,05/15/2023 12:46:29.413680,1687,True,True,True,True,Eyes,1.343827,-0.3049706,-3.230998,-0.1522923,-0.08837217,0.9843766,0.0,0.0,0.0,0.0,0.0,0.0,0.0,-1.440329,0.3002905,3.197913,1.342373,-0.3043607,-3.239872,-0.0008651906,0.01526465,0.0005391042,0.9998831,359.8999,1.749216,0.06025626,0.3823582,-0.08682942,-0.9199252,0,0,0,1.062404,-0.5092038,-1.076957,-0.3460799,-0.20824,2.153,0.9995334,0.001051669,-0.03052666,-0.001104496,0.999998,-0.00171372,0.03052479,0.001746637,0.9995325,static,-10.550681008065418,-5.245523011365781,-9.131785991333285,-5.524512396302768,-0.2799690000000001,-0.2048431,2.162915,-0.1823639044127324,-0.0898907259961627,0.9791133435126832,-9.428010589242682,-5.255031717492132,1.4438161006057533,1.4460629811369916,0.4004607954080226
1199,05/15/2023 12:46:29.423383,1688,True,True,True,True,Eyes,1.343856,-0.3049728,-3.230998,-0.1522806,-0.08824878,0.9843895,0.0,0.0,0.0,0.0,0.0,0.0,0.0,-1.441228,0.2988707,3.197594,1.342344,-0.3043931,-3.239834,-0.001065221,0.0154039,0.0004797846,0.9998807,359.8771,1.765171,0.05309255,0.3823799,-0.08682871,-0.9199162,0,0,0,1.062954,-0.5083352,-1.076759,-0.3460799,-0.20824,2.153,0.999525,0.0009266377,-0.03080515,-0.000992272,0.9999973,-0.002115406,0.0308031,0.002144968,0.9995232,static,-10.565614201099812,-5.26268976204535,-9.131785991333285,-5.524512396302768,-0.27939,-0.2039420999999999,2.163075,-0.1826142994491396,-0.0901798194085005,0.979040108384865,-9.442588279055116,-5.272333178477671,1.45504775998996,1.4575371099672847,0.4002404526731436
1200,05/15/2023 12:46:29.443960,1689,True,True,True,True,Eyes,1.343922,-0.3049715,-3.231,-0.1523328,-0.08813578,0.9843916,0.0,0.0,0.0,0.0,0.0,0.0,0.0,-1.441048,0.2990555,3.197616,1.342311,-0.3044368,-3.239802,-0.001200461,0.01541514,0.0008433035,0.9998803,359.861,1.766402,0.09450363,0.3824002,-0.08682811,-0.9199077,0,0,0,1.06312,-0.5080222,-1.076668,-0.3460799,-0.20824,2.153,0.9995233,0.001649394,-0.03082861,-0.001723415,0.9999958,-0.002374635,0.03082456,0.002426633,0.9995219,static,-10.573759119178218,-5.264619727201103,-9.131785991333285,-5.524512396302768,-0.2791909999999999,-0.2035853999999999,2.1631340000000003,-0.1827529743958214,-0.0902104381360761,0.9790114641940542,-9.450547133308536,-5.274329375914615,1.4626666409348394,1.465206709266544,0.4052162500738422
1201,05/15/2023 12:46:29.463314,1690,True,True,True,True,Eyes,1.343985,-0.3049681,-3.231001,-0.1523827,-0.08802219,0.9843941,0.0,0.0,0.0,0.0,0.0,0.0,0.0,-1.440758,0.299587,3.19772,1.342332,-0.3043411,-3.239825,-0.001105797,0.01536731,0.0008497795,0.999881,359.8718,1.760928,0.09541897,0.38242,-0.08682747,-0.9198996,0,0,0,1.062937,-0.5083395,-1.076757,-0.3460798,-0.20824,2.153,0.9995263,0.00166537,-0.03073283,-0.001733343,0.9999961,-0.002185214,0.03072907,0.002237449,0.9995252,static,-10.570969521908353,-5.246925699693792,-9.131783397155848,-5.524512396302768,-0.279395,-0.2039984,2.163068,-0.1827103226991718,-0.0899088268606494,0.9790472297791372,-9.447839218278254,-5.2565960694215725,1.4633798921970973,1.4657117983472776,0.4143313170336873
1202,05/15/2023 12:46:29.473688,1691,True,True,True,True,Eyes,1.344069,-0.3049677,-3.231,-0.152461,-0.08789258,0.9843935,0.0,0.0,0.0,0.0,0.0,0.0,0.0,-1.441172,0.2985688,3.197614,1.34235,-0.3042859,-3.239809,-0.001114445,0.01539837,0.0005237253,0.9998807,359.8714,1.764529,0.05804103,0.3824393,-0.08682673,-0.9198917,0,0,0,1.062954,-0.5080429,-1.076717,-0.3460797,-0.20824,2.153,0.9995252,0.001013004,-0.03079423,-0.001081647,0.999997,-0.002212494,0.0307919,0.002244753,0.9995233,static,-10.57570540068648,-5.246804259913937,-9.131780802978378,-5.524512396302768,-0.279396,-0.2037569999999999,2.163092,-0.1827912937876427,-0.0899053701675692,0.9790323755181842,-9.452468220903436,-5.256511928911904,1.468040819484139,1.4703877219573953,0.4179290257174812
1203,05/15/2023 12:46:30.013635,1723,True,True,True,True,Eyes,1.337364,-0.3053702,-3.230768,0.002536201,-0.1609539,0.9869587,0.0,0.0,0.0,0.0,0.0,0.0,0.0,-1.43791,0.3014489,3.198773,1.342263,-0.3044084,-3.239795,-0.0005299756,0.01486909,0.0001629862,0.9998894,359.939,1.703926,0.01777178,0.3815419,-0.08694143,-0.9202531,0,0,0,1.40517,-0.7029604,-1.129307,5.960464e-08,-0.4007999,2.111,0.9995578,0.000310176,-0.02973506,-0.0003416971,0.9999993,-0.001054987,0.02973471,0.001064681,0.9995573,static,-1.5598798792797646,-9.326159267210336,1.6177613981035745e-06,-10.750367476802118,0.062907,-0.398552,2.110488,-0.0268621182711292,-0.1619958960804535,0.9864257812940066,-0.6360490945325401,-9.268608413496644,2.096960045366592,2.112249821654628,1.6125043969854902
1204,05/15/2023 12:46:30.023608,1724,True,True,True,True,Eyes,1.337372,-0.3053718,-3.230766,0.002988517,-0.1618763,0.9868065,0.0,0.0,0.0,0.0,0.0,0.0,0.0,-1.438415,0.3008663,3.198554,1.342247,-0.3043658,-3.239759,-0.0006076368,0.01494921,0.0001485223,0.9998882,359.9301,1.713107,0.0159766,0.3814899,-0.08694745,-0.9202741,0,0,0,1.405481,-0.7025909,-1.12922,1.266599e-07,-0.4008,2.111,0.999553,0.0002788439,-0.02989525,-0.0003151788,0.9999992,-0.001210697,0.02989489,0.001219578,0.9995523,static,-1.542538207324148,-9.38858397750237,3.4377440566314765e-06,-10.750370096520475,0.063234,-0.3982251,2.110539,-0.0265587835249093,-0.1630718387182813,0.9862566312134562,-0.619033438460362,-9.330956927816178,2.0420994403743498,2.05764335119576,1.5485284619896718
1205,05/15/2023 12:46:30.043037,1725,True,True,True,True,Eyes,1.337386,-0.3053799,-3.230765,0.003440154,-0.162839,0.9866467,0.0,0.0,0.0,0.0,0.0,0.0,0.0,-1.439108,0.3005323,3.198219,1.342186,-0.3042945,-3.239737,-0.0006458453,0.01506639,0.0001424169,0.9998863,359.9258,1.726537,0.01520289,0.3814433,-0.0869529,-0.9202929,0,0,0,1.405911,-0.7023585,-1.129181,4.470348e-08,-0.4007999,2.111,0.999546,0.0002653403,-0.03012953,-0.0003042626,0.9999991,-0.001287252,0.03012916,0.001295835,0.9995452,static,-1.52962002356562,-9.448840501660822,1.2133210485776811e-06,-10.750367476802118,0.0637249999999998,-0.398064,2.110556,-0.0263318234129326,-0.1641099674510865,0.9860905834964592,-0.6063436103810953,-9.391170093033722,1.9925594798435984,2.008410713812081,1.4883116519308843
1206,05/15/2023 12:46:30.063295,1726,True,True,True,True,Eyes,1.337402,-0.3053852,-3.230766,0.003870749,-0.163783,0.9864888,0.0,0.0,0.0,0.0,0.0,0.0,0.0,-1.438685,0.3005081,3.198417,1.342158,-0.3044092,-3.239744,-0.0008072215,0.01503507,0.0004661749,0.9998865,359.9067,1.722915,0.05202297,0.3814018,-0.08695804,-0.9203097,0,0,0,1.406011,-0.7017711,-1.12906,4.470348e-08,-0.4007999,2.111,0.9995475,0.000907971,-0.03006747,-0.0009565174,0.9999983,-0.001600242,0.03006597,0.001628278,0.9995465,static,-1.5072290781394777,-9.521674993470567,1.2133210485776811e-06,-10.750367476802118,0.0638529999999999,-0.3973619,2.110684,-0.0259409466958503,-0.1653650385392777,0.9858912098328536,-0.5843817919662091,-9.463898637112022,1.928458841849934,1.9445895119771772,1.4129775555054471
1207,05/15/2023 12:46:30.080199,1727,True,True,True,True,Eyes,1.337423,-0.3053878,-3.230765,0.004357516,-0.1647395,0.9863275,0.0,0.0,0.0,0.0,0.0,0.0,0.0,-1.438461,0.3021005,3.198446,1.342194,-0.3043402,-3.239812,-0.0005544703,0.01499573,0.0004784372,0.9998873,359.9356,1.718419,0.05386593,0.3813648,-0.08696279,-0.9203246,0,0,0,1.405888,-0.7027687,-1.129324,3.72529e-08,-0.4007999,2.111,0.9995497,0.0009401371,-0.02998861,-0.0009733959,0.9999989,-0.001094467,0.02998755,0.001123165,0.9995497,static,-1.4746232803929378,-9.548155274683396,1.011100873814734e-06,-10.750367476802118,0.0636939999999999,-0.3984285,2.110488,-0.0253779141111991,-0.1658230673508205,0.9858289404718852,-0.552484785986384,-9.490147102894516,1.8867205520989647,1.9025853410522144,1.3760072480895438
1208,05/15/2023 12:46:30.095808,1728,True,True,True,True,Eyes,1.337441,-0.305392,-3.230763,0.004835927,-0.1656402,0.9861744,0.0,0.0,0.0,0.0,0.0,0.0,0.0,-1.439068,0.3000486,3.198326,1.342211,-0.3042621,-3.239772,-0.0007673896,0.01506715,0.0002615837,0.9998862,359.9116,1.726611,0.02864696,0.381332,-0.08696712,-0.9203377,0,0,0,1.406036,-0.7018054,-1.129121,3.72529e-08,-0.4007999,2.111,0.9995458,0.000499983,-0.03013126,-0.0005462327,0.9999987,-0.001526722,0.03013045,0.001542487,0.9995448,static,-1.4508830646001871,-9.625080841065683,1.011100873814734e-06,-10.750367476802118,0.063825,-0.3975433,2.110651,-0.024963773272507,-0.1671482377056825,0.9856156887535996,-0.5291998702978109,-9.566960046932753,1.8199579251735485,1.836119444287311,1.296343595634725
1209,05/15/2023 12:46:30.113173,1729,True,True,True,True,Eyes,1.337495,-0.3054006,-3.230762,0.005288923,-0.1666032,0.9860099,0.0,0.0,0.0,0.0,0.0,0.0,0.0,-1.440253,0.2981668,3.197919,1.342162,-0.3043096,-3.23974,-0.0009888037,0.01524282,8.029628e-05,0.9998833,359.8866,1.74676,0.007473076,0.3813029,-0.08697113,-0.9203494,0,0,0,1.406585,-0.7009293,-1.128933,5.960464e-08,-0.4007998,2.111,0.9995353,0.0001304299,-0.03048224,-0.0001907184,0.999998,-0.001974928,0.03048192,0.001979824,0.9995334,static,-1.4411919727644609,-9.706603831353966,1.6177613981035745e-06,-10.750364857083715,0.0644229999999999,-0.3966196999999999,2.110807,-0.024791058018259,-0.1685511801518968,0.9853811572008512,-0.5196418009197181,-9.648485894369406,1.762734539163975,1.779459480911335,1.2182637362455486
1210,05/15/2023 12:46:30.122862,1730,True,True,True,True,Eyes,1.337548,-0.3054061,-3.230759,0.005736256,-0.1675406,0.9858485,0.0,0.0,0.0,0.0,0.0,0.0,0.0,-1.44146,0.3007842,3.197117,1.342141,-0.3043802,-3.239729,-0.0005989086,0.01543664,9.31872e-05,0.9998807,359.9312,1.768974,0.009617783,0.381278,-0.08697493,-0.9203594,0,0,0,1.407389,-0.7026455,-1.129258,5.215406e-08,-0.4007999,2.111,0.9995234,0.000167862,-0.03086971,-0.0002048424,0.9999992,-0.001194797,0.03086949,0.001200551,0.9995227,static,-1.4375358262175364,-9.716378480035791,1.4155412233406275e-06,-10.750367476802118,0.0652479999999999,-0.3982653,2.110471,-0.0247274551479946,-0.1687195409756541,0.9853538915985344,-0.5160579582396834,-9.658241179423952,1.7540212775798771,1.77077569637637,1.207914370595897
1211,05/15/2023 12:46:30.143242,1731,True,True,True,True,Eyes,1.337619,-0.3054137,-3.230756,0.006208932,-0.1684667,0.9856879,0.0,0.0,0.0,0.0,0.0,0.0,0.0,-1.442003,0.302456,3.196658,1.342126,-0.3043059,-3.239687,-0.0004342461,0.01554779,0.0003395548,0.9998791,359.9496,1.781701,0.03813174,0.381257,-0.08697846,-0.9203678,0,0,0,1.408038,-0.7032501,-1.129365,1.713634e-07,-0.4007999,2.111,0.9995163,0.0006655243,-0.03109211,-0.0006925305,0.9999994,-0.0008578285,0.03109152,0.0008789459,0.9995161,static,-1.4275575587727436,-9.751045678035132,4.651065648039843e-06,-10.750367476802118,0.0659119999999999,-0.3989441999999999,2.110322,-0.0245533041613923,-0.1693164484961602,0.9852559523165976,-0.5062685972222116,-9.692863315528054,1.7256714063530827,1.7425779524743088,1.172445159930264
1212,05/15/2023 12:46:30.163344,1732,True,True,True,True,Eyes,1.337686,-0.3054214,-3.230755,0.006664038,-0.1693656,0.9855307,0.0,0.0,0.0,0.0,0.0,0.0,0.0,-1.442176,0.3035088,3.196473,1.342127,-0.3043349,-3.239677,-0.000343022,0.01558994,0.0004962326,0.9998784,359.9598,1.786528,0.05624436,0.3812398,-0.08698179,-0.9203747,0,0,0,1.408341,-0.7036538,-1.129435,1.192093e-07,-0.4007999,2.111,0.9995134,0.000981649,-0.03117643,-0.00100304,0.9999993,-0.000670488,0.03117575,0.0007014329,0.9995137,static,-1.4089786473734178,-9.792638825906456,3.235523339037838e-06,-10.750367476802118,0.066214,-0.3993189,2.110242,-0.0242307831260577,-0.170032947488545,0.9851403668644232,-0.4880656169983679,-9.734350196625638,1.6866795480249053,1.7036649069220504,1.127165612684786
1213,05/15/2023 12:46:30.173501,1733,True,True,True,True,Eyes,1.337777,-0.3054294,-3.230756,0.007039523,-0.1702791,0.9853708,0.0,0.0,0.0,0.0,0.0,0.0,0.0,-1.442356,0.3042071,3.196359,1.34211,-0.3043438,-3.239716,-0.0002157222,0.01561632,0.0004495175,0.9998779,359.9745,1.78956,0.0511186,0.3812259,-0.08698495,-0.9203801,0,0,0,1.408396,-0.7042032,-1.129579,1.862645e-07,-0.4007999,2.111,0.9995118,0.0008921879,-0.03122902,-0.000905663,0.9999996,-0.0004173521,0.03122863,0.0004454314,0.9995121,static,-1.389204131186416,-9.831158045666143,5.055504369073658e-06,-10.750367476802118,0.066286,-0.3998594,2.110137,-0.0238880011289135,-0.1706966373736582,0.9850340916257204,-0.4686972864559364,-9.77275070845771,1.648770582270229,1.6657875442791006,1.0841662377639505
1214,05/15/2023 12:46:30.193372,1734,True,True,True,True,Eyes,1.337863,-0.3054347,-3.230758,0.007385266,-0.1711465,0.9852179,0.0,0.0,0.0,0.0,0.0,0.0,0.0,-1.441683,0.3045568,3.196655,1.342083,-0.304327,-3.239754,-0.0001272217,0.01550825,0.0003767119,0.9998797,359.9847,1.77718,0.04293672,0.3812157,-0.08698793,-0.9203841,0,0,0,1.407854,-0.704565,-1.129673,1.117587e-07,-0.4007999,2.111,0.9995187,0.0007493873,-0.03101286,-0.000757279,0.9999997,-0.0002427284,0.03101267,0.000266097,0.999519,static,-1.3552249585578455,-9.871422071043789,3.0333026214442e-06,-10.750367476802118,0.065771,-0.400238,2.110081,-0.0233009703861031,-0.1713911790418646,0.9849274621119344,-0.4354434052920779,-9.81278549660472,1.5984639596012675,1.6152980951594762,1.0337666905427367
1215,05/15/2023 12:46:30.213509,1735,True,True,True,True,Eyes,1.337985,-0.3054411,-3.230764,0.007666158,-0.1719451,0.9850767,0.0,0.0,0.0,0.0,0.0,0.0,0.0,-1.440306,0.3039309,3.197363,1.342041,-0.3042687,-3.239804,-0.0002473622,0.01530609,0.0004508824,0.9998828,359.9709,1.754004,0.05122741,0.3812085,-0.08699068,-0.9203868,0,0,0,1.40702,-0.7039951,-1.129601,-1.490116e-08,-0.4008,2.111,0.999531,0.0008940868,-0.03060881,-0.0009092314,0.9999995,-0.000480864,0.03060836,0.0005084689,0.9995313,static,-1.3172022723781565,-9.931454684963686,-4.0444034952589373e-07,-10.750370096520475,0.0649789999999999,-0.3997264,2.110203,-0.0226431970591059,-0.1724256671327306,0.9847622389268164,-0.3982165311350258,-9.872576185905611,1.5342543892212257,1.551013607994486,0.9638974183346708
1216,05/15/2023 12:46:30.223507,1736,True,True,True,True,Eyes,1.338103,-0.305448,-3.230771,0.007916856,-0.1727047,0.9849418,0.0,0.0,0.0,0.0,0.0,0.0,0.0,-1.43851,0.3028917,3.198324,1.342055,-0.3042776,-3.239851,-0.0004281693,0.01502664,0.0004929958,0.999887,359.9501,1.721967,0.05574951,0.381205,-0.0869932,-0.920388,0,0,0,1.40589,-0.7032384,-1.129468,2.235174e-08,-0.4007999,2.111,0.9995479,0.0009730121,-0.03005031,-0.0009987479,0.9999992,-0.0008414256,0.03004946,0.0008710579,0.999548,static,-1.2714546850986967,-9.996188859421029,6.066605242888407e-07,-10.750367476802118,0.063835,-0.3989608,2.110383,-0.0218525624090317,-0.1735412148077491,0.9845841008656724,-0.3534343387257135,-9.937011982848432,1.4617110705164191,1.4783044158282752,0.8868277285723638
1217,05/15/2023 12:46:30.243774,1737,True,True,True,True,Eyes,1.338222,-0.3054551,-3.230777,0.008199751,-0.1734,0.9848173,0.0,0.0,0.0,0.0,0.0,0.0,0.0,-1.437053,0.3022808,3.199114,1.342102,-0.3042981,-3.239906,-0.0005171704,0.01478908,0.000472441,0.9998904,359.9399,1.694738,0.05325541,0.3812046,-0.08699553,-0.920388,0,0,0,1.404919,-0.7028848,-1.129422,2.160668e-07,-0.4007998,2.111,0.9995621,0.0009294818,-0.0295754,-0.0009600756,0.999999,-0.001020253,0.02957442,0.001048201,0.999562,static,-1.2273517438757195,-10.046727564899095,5.864384525294747e-06,-10.750364857083715,0.0628170000000001,-0.3985866999999999,2.110484,-0.0210913833943967,-0.17441246549439,0.9844467256903396,-0.3102745975155667,-9.987251474761484,1.3984303428791074,1.4147480827013748,0.8237815240196962
1218,05/15/2023 12:46:30.263210,1738,True,True,True,True,Eyes,1.338337,-0.3054617,-3.230785,0.00846827,-0.1740574,0.9846991,0.0,0.0,0.0,0.0,0.0,0.0,0.0,-1.436428,0.3005494,3.199566,1.34215,-0.304319,-3.239892,-0.0007504605,0.01467497,0.0003826879,0.9998921,359.9134,1.681657,0.04258612,0.381207,-0.08699771,-0.9203868,0,0,0,1.404415,-0.7019265,-1.129207,2.980232e-08,-0.4007999,2.111,0.999569,0.000743267,-0.02934735,-0.0007873191,0.9999986,-0.001489527,0.0293462,0.001511991,0.9995682,static,-1.1968438604329568,-10.111695117049258,8.088806990517875e-07,-10.750367476802118,0.062265,-0.3976075,2.110685,-0.020563049691392,-0.1755305558655195,0.9842592100545942,-0.2803875314812627,-10.052041283760932,1.3402018616125455,1.356591149011669,0.7525138492402194
1219,05/15/2023 12:46:30.274017,1739,True,True,True,True,Eyes,1.338496,-0.3054688,-3.230794,0.008725261,-0.1746663,0.984589,0.0,0.0,0.0,0.0,0.0,0.0,0.0,-1.436306,0.2995795,3.19977,1.342181,-0.3043115,-3.239937,-0.000877468,0.01464573,0.0003308043,0.9998924,359.8989,1.678305,0.03643072,0.381212,-0.08699973,-0.9203846,0,0,0,1.404283,-0.7013859,-1.129146,1.043081e-07,-0.4007998,2.111,0.9995708,0.0006358351,-0.02928888,-0.0006872397,0.9999983,-0.001745057,0.02928772,0.001764437,0.9995695,static,-1.177468829712391,-10.161667887544477,2.831081903850562e-06,-10.750364857083715,0.0621019999999998,-0.3970744,2.110791,-0.0202270552249592,-0.1763901531725856,0.9841124557472516,-0.2613975859410673,-10.10190966144262,1.2999282658681082,1.3164359589126848,0.6991597233634929
1220,05/15/2023 12:46:30.293540,1740,True,True,True,True,Eyes,1.338649,-0.3054785,-3.230803,0.008975649,-0.1752459,0.9844838,0.0,0.0,0.0,0.0,0.0,0.0,0.0,-1.43613,0.2998243,3.19986,1.342208,-0.3043227,-3.239959,-0.0008602267,0.0146182,0.0003749559,0.9998928,359.9008,1.675147,0.04152125,0.3812202,-0.08700158,-0.9203811,0,0,0,1.404228,-0.7014673,-1.129179,1.266599e-07,-0.4007999,2.111,0.9995723,0.0007246814,-0.02923391,-0.0007749814,0.9999983,-0.001709306,0.02923262,0.001731231,0.9995711,static,-1.1606092677504476,-10.193349342570366,3.4377440566314765e-06,-10.750367476802118,0.0620199999999999,-0.3971446,2.11078,-0.0199354934540121,-0.1769353316767215,0.9840205814460462,-0.2448855564610974,-10.133488777412897,1.270855746262374,1.2873581685056783,0.6637092354660677
1221,05/15/2023 12:46:30.313706,1741,True,True,True,True,Eyes,1.338809,-0.3054877,-3.230814,0.009220993,-0.1757926,0.9843841,0.0,0.0,0.0,0.0,0.0,0.0,0.0,-1.436173,0.2999225,3.19985,1.342235,-0.3043947,-3.239959,-0.0009225096,0.01463514,0.0005287426,0.9998924,359.8934,1.677069,0.05903591,0.3812312,-0.08700334,-0.9203763,0,0,0,1.404451,-0.7012666,-1.129134,9.685755e-08,-0.4007999,2.111,0.9995711,0.001030369,-0.02926811,-0.001084373,0.9999977,-0.001829344,0.02926615,0.001860297,0.99957,static,-1.1514136323166595,-10.232192903618753,2.6288625433336536e-06,-10.750367476802118,0.0622159999999998,-0.3968718999999999,2.110825,-0.0197751479795935,-0.177602978642019,0.9839035759460087,-0.2358567416553751,-10.172297528940954,1.2459557150613088,1.262641791959089,0.6243352523134654
1222,05/15/2023 12:46:30.323197,1742,True,True,True,True,Eyes,1.338966,-0.3054947,-3.230823,0.009441065,-0.1763176,0.984288,0.0,0.0,0.0,0.0,0.0,0.0,0.0,-1.435583,0.3019475,3.200006,1.342258,-0.3043898,-3.24003,-0.0006417828,0.01454716,0.0006087686,0.9998938,359.9254,1.666996,0.06868257,0.3812449,-0.08700503,-0.9203705,0,0,0,1.404164,-0.7024423,-1.129418,8.195639e-08,-0.4007998,2.111,0.999576,0.001198736,-0.029092,-0.00123608,0.9999985,-0.001265717,0.02909044,0.001301141,0.999576,static,-1.130098500734779,-10.23048040535324,2.22442219380776e-06,-10.750364857083715,0.061906,-0.3980525,2.110612,-0.0194092135252927,-0.177574824586515,0.9839158301529116,-0.215025017258938,-10.170414954057888,1.2276388077544758,1.2439483478631312,0.6185293886992475
1223,05/15/2023 12:46:30.343155,1743,True,True,True,True,Eyes,1.339134,-0.3054977,-3.230834,0.009649443,-0.1767353,0.9842111,0.0,0.0,0.0,0.0,0.0,0.0,0.0,-1.434255,0.3021182,3.200583,1.342327,-0.3043416,-3.240005,-0.000639769,0.01433599,0.0006833017,0.9998969,359.9256,1.64279,0.07724161,0.381261,-0.08700656,-0.9203637,0,0,0,1.403401,-0.7023986,-1.129369,2.384186e-07,-0.4007999,2.111,0.999588,0.001348119,-0.02866989,-0.001384806,0.9999982,-0.001259814,0.02866814,0.001298997,0.9995881,static,-1.09528926011702,-10.254438490180954,6.471046678075655e-06,-10.750367476802118,0.0610739999999998,-0.398057,2.110636,-0.0188100187252898,-0.1779882760155343,0.9838527959893604,-0.1809770127026584,-10.194121357033548,1.1864144962645926,1.2023386787742107,0.5849485166641905
1224,05/15/2023 12:46:30.363049,1744,True,True,True,True,Eyes,1.339294,-0.3055035,-3.230845,0.009833622,-0.177134,0.9841377,0.0,0.0,0.0,0.0,0.0,0.0,0.0,-1.43282,0.3000278,3.201465,1.342382,-0.3042555,-3.240032,-0.0008178156,0.01407367,0.0003749777,0.9999007,359.9057,1.612744,0.04164615,0.3812794,-0.08700784,-0.9203559,0,0,0,1.402104,-0.70158,-1.129219,2.086163e-07,-0.4008,2.111,0.9996036,0.0007268615,-0.02814516,-0.0007729002,0.9999984,-0.001624914,0.02814393,0.001646023,0.9996025,static,-1.0481302994553632,-10.298088650707587,5.66216652185457e-06,-10.750370096520475,0.059722,-0.3973244999999999,2.110813,-0.0179977314716718,-0.1787404524730155,0.983731721024866,-0.1348375627836138,-10.237441447478522,1.12606559483821,1.1415548608243182,0.5303569499148248
1225,05/15/2023 12:46:30.373677,1745,True,True,True,True,Eyes,1.339457,-0.3055103,-3.230858,0.01002507,-0.1775039,0.984069,0.0,0.0,0.0,0.0,0.0,0.0,0.0,-1.432155,0.2989596,3.20191,1.342382,-0.3043278,-3.240072,-0.0008469855,0.01393736,3.191398e-05,0.9999026,359.9029,1.597154,0.002303996,0.3812998,-0.08700898,-0.9203474,0,0,0,1.401254,-0.7015496,-1.129217,4.470348e-08,-0.4007999,2.111,0.9996115,4.021238e-05,-0.02787205,-8.743128e-05,0.9999986,-0.001692916,0.02787194,0.001694695,0.9996101,static,-1.0142120359655642,-10.323028471089469,1.2133210485776811e-06,-10.750367476802118,0.058872,-0.3972218,2.110855,-0.0174139870025376,-0.1791704677316276,0.9836638805273986,-0.1016593693461211,-10.262137581980712,1.085451170806469,1.1005667362009386,0.4987016184709554
1226,05/15/2023 12:46:30.393526,1746,True,True,True,True,Eyes,1.339616,-0.3055153,-3.230871,0.01019382,-0.1778589,0.9840032,0.0,0.0,0.0,0.0,0.0,0.0,0.0,-1.430718,0.2982427,3.202685,1.342421,-0.3043648,-3.240118,-0.0009444062,0.01370222,-1.329579e-05,0.9999058,359.8918,1.570211,-0.003006314,0.3813219,-0.08701002,-0.9203381,0,0,0,1.400266,-0.7011778,-1.129157,5.215406e-08,-0.4007998,2.111,0.9996245,-5.247011e-05,-0.02740182,7.082708e-07,0.9999982,-0.001888998,0.02740187,0.00188827,0.9996227,static,-0.9764605905402152,-10.354768211426524,1.4155412233406275e-06,-10.750364857083715,0.0578449999999999,-0.3968129999999999,2.110961,-0.016764160496344,-0.1797173558855572,0.9835754342204766,-0.0647274338039447,-10.293609975892975,1.038826962247949,1.053553394648705,0.461318594280695
1227,05/15/2023 12:46:30.413242,1747,True,True,True,True,Eyes,1.339761,-0.3055212,-3.230881,0.01040735,-0.1781775,0.9839433,0.0,0.0,0.0,0.0,0.0,0.0,0.0,-1.429716,0.2979871,3.203201,1.342507,-0.3043282,-3.24013,-0.0009456803,0.01352535,-8.916991e-05,0.9999081,359.8918,1.549949,359.9883,0.3813456,-0.08701092,-0.9203282,0,0,0,1.399544,-0.7011402,-1.129147,7.450581e-08,-0.4007998,2.111,0.9996341,-0.0002039047,-0.02704804,0.0001527421,0.9999982,-0.001893599,0.02704838,0.001888775,0.9996324,static,-0.9421310680586884,-10.37339096365329,2.022202019044814e-06,-10.750364857083715,0.057037,-0.396812,2.110983,-0.016173868487325,-0.1800387826914408,0.9835265094344442,-0.0311539329696205,-10.311979638416092,1.0004689179245745,1.0147532094515817,0.43949094813081
1228,05/15/2023 12:46:30.423401,1748,True,True,True,True,Eyes,1.3399,-0.3055256,-3.230891,0.01061791,-0.1784923,0.983884,0.0,0.0,0.0,0.0,0.0,0.0,0.0,-1.430364,0.2984248,3.20286,1.342573,-0.3043616,-3.240088,-0.0008173737,0.01360209,-0.0002415886,0.9999073,359.9067,1.558757,359.971,0.3813703,-0.08701174,-0.9203179,0,0,0,1.399812,-0.7017241,-1.129214,7.450581e-09,-0.4007998,2.111,0.9996298,-0.0005053683,-0.02720127,0.0004608965,0.9999985,-0.001641168,0.02720205,0.001628023,0.9996286,static,-0.9354325173391996,-10.377046337484176,2.022202019044815e-07,-10.750364857083715,0.057239,-0.3973624999999999,2.110874,-0.0160586941476814,-0.1801018653539512,0.9835168544902302,-0.0246028782532641,-10.315585649150911,0.992977066849654,1.0071748060283725,0.4354747653073159
1229,05/15/2023 12:46:30.443144,1749,True,True,True,True,Eyes,1.340038,-0.3055285,-3.2309,0.01083543,-0.1787693,0.9838314,0.0,0.0,0.0,0.0,0.0,0.0,0.0,-1.4311,0.2987023,3.20252,1.34258,-0.3043268,-3.240103,-0.0007044637,0.01370191,-0.0003913233,0.9999059,359.9199,1.570204,359.954,0.3813959,-0.08701244,-0.9203072,0,0,0,1.400119,-0.7021749,-1.129329,7.450581e-08,-0.4007999,2.111,0.9996242,-0.0008018782,-0.02740069,0.0007632683,0.9999987,-0.001419519,0.02740178,0.001398071,0.9996235,static,-0.931029205257754,-10.380266090531237,2.022202019044814e-06,-10.750367476802118,0.0575389999999997,-0.3978481,2.110774,-0.0159829444759383,-0.1801573641436003,0.983507987981005,-0.0202956619466673,-10.318773749083473,0.987747969796312,1.001895295240416,0.4320707601630504
1230,05/15/2023 12:46:30.463557,1750,True,True,True,True,Eyes,1.340172,-0.3055303,-3.23091,0.01105076,-0.1790338,0.9837809,0.0,0.0,0.0,0.0,0.0,0.0,0.0,-1.431916,0.298501,3.20217,1.342605,-0.3042978,-3.240091,-0.0007009239,0.01381884,-0.0004615765,0.9999042,359.9204,1.583611,359.946,0.3814221,-0.08701301,-0.9202963,0,0,0,1.400582,-0.702165,-1.129333,2.980232e-08,-0.4007999,2.111,0.9996177,-0.0009424362,-0.02763439,0.0009036928,0.9999986,-0.00141447,0.02763568,0.001388957,0.9996171,static,-0.9303731372053295,-10.395278726149044,8.088806990517875e-07,-10.750367476802118,0.0579769999999999,-0.3978672,2.110758,-0.0159709156361509,-0.1804150901730752,0.9834609321856216,-0.0196385910012456,-10.333795827522184,0.9815782119635458,0.9958331689575568,0.4170343451222318
1231,05/15/2023 12:46:30.473632,1751,True,True,True,True,Eyes,1.340293,-0.3055329,-3.230915,0.0112981,-0.1793024,0.9837292,0.0,0.0,0.0,0.0,0.0,0.0,0.0,-1.432468,0.2983704,3.201957,1.342627,-0.3042736,-3.240106,-0.0007175562,0.01390155,-0.0004612907,0.999903,359.9185,1.593091,359.946,0.3814489,-0.08701342,-0.9202851,0,0,0,1.400953,-0.7020707,-1.129344,8.940697e-08,-0.4007999,2.111,0.9996131,-0.0009424422,-0.02779974,0.0009025417,0.9999985,-0.001447798,0.02780107,0.001422148,0.9996125,static,-0.9254026533613052,-10.412805969841909,2.426642368570707e-06,-10.750367476802118,0.0583259999999998,-0.3977971,2.110762,-0.0158847067809666,-0.1807161837259022,0.9834070742434378,-0.0147619348483054,-10.351300876279634,0.9707433356277746,0.9850494064146498,0.3993396274135583
1232,05/15/2023 12:46:30.493381,1752,True,True,True,True,Eyes,1.340408,-0.305538,-3.23092,0.01153537,-0.1795667,0.9836782,0.0,0.0,0.0,0.0,0.0,0.0,0.0,-1.432831,0.2978245,3.201778,1.34264,-0.3043067,-3.240031,-0.0008068318,0.01395636,-0.0004626976,0.9999022,359.9083,1.599378,359.9457,0.3814759,-0.08701373,-0.9202738,0,0,0,1.401198,-0.7017271,-1.129204,7.450581e-08,-0.4007999,2.111,0.99961,-0.0009478258,-0.02790925,0.0009027839,0.9999983,-0.001626421,0.02791075,0.001600591,0.9996091,static,-0.9177838502792136,-10.438401414958417,2.022202019044814e-06,-10.750367476802118,0.0585579999999998,-0.3974204,2.110827,-0.0157526436652534,-0.1811558501085055,0.9833282655625164,-0.0072882910441278,-10.376861063013614,0.9549870397426238,0.9693573806746444,0.3735775552791904
1233,05/15/2023 12:46:30.513498,1753,True,True,True,True,Eyes,1.340526,-0.3055425,-3.230925,0.0117326,-0.1798186,0.9836298,0.0,0.0,0.0,0.0,0.0,0.0,0.0,-1.433018,0.2981194,3.201671,1.342643,-0.3043672,-3.240028,-0.0007237343,0.01397501,-0.0005710869,0.999902,359.918,1.601519,359.9334,0.381503,-0.08701403,-0.9202626,0,0,0,1.401191,-0.7021448,-1.129268,2.980232e-08,-0.4007999,2.111,0.9996088,-0.00116229,-0.02794645,0.001121833,0.9999983,-0.001463288,0.0279481,0.001431365,0.9996084,static,-0.9061050958395616,-10.443532222222723,8.088806990517875e-07,-10.750367476802118,0.058548,-0.3977776,2.11076,-0.0155519498657558,-0.1812444663914315,0.9833150799792596,0.004131998253819,-10.381904596683762,0.9424413048341056,0.956648202852921,0.3684860387460434
1234,05/15/2023 12:46:30.533558,1754,True,True,True,True,Eyes,1.340637,-0.3055446,-3.230929,0.01192257,-0.1800674,0.983582,0.0,0.0,0.0,0.0,0.0,0.0,0.0,-1.432962,0.2991256,3.201585,1.342633,-0.3043557,-3.240017,-0.0005090828,0.01395559,-0.0007026772,0.9999024,359.9428,1.599285,359.9187,0.3815301,-0.08701431,-0.9202513,0,0,0,1.400992,-0.7030473,-1.129424,-1.117587e-07,-0.4007999,2.111,0.9996095,-0.001419426,-0.02790773,0.001391008,0.9999985,-0.001037679,0.02790916,0.0009984535,0.9996099,static,-0.8899992893393059,-10.4333908219284,-3.0333026214442e-06,-10.750367476802118,0.058359,-0.3986916,2.110593,-0.0152760358224739,-0.1810711862997777,0.9833513284496578,0.0198632132059772,-10.371626065986312,0.9309068255029,0.9447579242823254,0.3792620782744929
1235,05/15/2023 12:46:30.543722,1755,True,True,True,True,Eyes,1.340715,-0.3055475,-3.230934,0.01213198,-0.1802982,0.9835372,0.0,0.0,0.0,0.0,0.0,0.0,0.0,-1.433043,0.2995337,3.201483,1.342587,-0.3043001,-3.240013,-0.0004196077,0.01397153,-0.0007432326,0.9999021,359.9531,1.601107,359.9142,0.3815572,-0.0870145,-0.92024,0,0,0,1.40098,-0.7033718,-1.129494,1.117587e-07,-0.4007999,2.111,0.9996085,-0.001498044,-0.02793969,0.001474594,0.9999986,-0.0008599013,0.02794094,0.0008183649,0.9996092,static,-0.8787262590178951,-10.436541051482951,3.0333026214442e-06,-10.750367476802118,0.0583929999999999,-0.3990717,2.110519,-0.0150824061183819,-0.1811257924977673,0.9833443028581268,0.0308848575377661,-10.37469029790841,0.9194078112109768,0.9330874527131536,0.3769443325076339
1236,05/15/2023 12:46:30.563688,1756,True,True,True,True,Eyes,1.340789,-0.3055508,-3.23094,0.01233586,-0.1805192,0.9834941,0.0,0.0,0.0,0.0,0.0,0.0,0.0,-1.43285,0.2996097,3.201578,1.34256,-0.3043337,-3.240037,-0.0004521525,0.0139541,-0.000652481,0.9999025,359.9492,1.599108,359.9245,0.3815834,-0.08701468,-0.9202291,0,0,0,1.400952,-0.7032627,-1.129491,-5.215406e-08,-0.4007999,2.111,0.9996097,-0.001317453,-0.0279049,0.001292216,0.9999987,-0.0009224262,0.02790608,0.0008860072,0.9996102,static,-0.8667117824705621,-10.453082225302358,-1.4155412233406275e-06,-10.750367476802118,0.058392,-0.398929,2.1105460000000003,-0.0148754127471722,-0.1814102324923659,0.9832949961166576,0.0426453123343311,-10.391152662391804,0.902682517070354,0.9162780041570706,0.3617375102064026
1237,05/15/2023 12:46:30.573511,1757,True,True,True,True,Eyes,1.340891,-0.3055555,-3.230947,0.01251779,-0.1807356,0.983452,0.0,0.0,0.0,0.0,0.0,0.0,0.0,-1.432895,0.2998242,3.201539,1.342531,-0.3043454,-3.240049,-0.00045854,0.01397385,-0.0005646137,0.9999023,359.9484,1.601367,359.9346,0.3816088,-0.08701485,-0.9202186,0,0,0,1.401077,-0.7032424,-1.129501,1.043081e-07,-0.4007998,2.111,0.9996088,-0.001141932,-0.02794445,0.001116302,0.9999989,-0.0009327698,0.02794548,0.0009012105,0.999609,static,-0.8601830820048416,-10.46638207396054,2.831081903850562e-06,-10.750364857083715,0.0585459999999999,-0.398897,2.110548,-0.0147627346587124,-0.1816387693403784,0.9832544470358392,0.049040521669774,-10.40441388622395,0.8922704055378292,0.9058509955744728,0.3494091717986345
1238,05/15/2023 12:46:30.593314,1758,True,True,True,True,Eyes,1.34099,-0.3055579,-3.230956,0.01269294,-0.1809381,0.9834126,0.0,0.0,0.0,0.0,0.0,0.0,0.0,-1.432768,0.3005211,3.201575,1.342496,-0.3043756,-3.240105,-0.0004199416,0.01397346,-0.0004140212,0.9999023,359.9525,1.601313,359.9519,0.381634,-0.08701502,-0.9202081,0,0,0,1.40116,-0.7034268,-1.129588,-2.980232e-08,-0.4007999,2.111,0.9996091,-0.0008396973,-0.02794385,0.0008162251,0.9999993,-0.0008513716,0.02794454,0.0008282303,0.9996091,static,-0.8530750744413582,-10.47370995842618,-8.088806990517875e-07,-10.750367476802118,0.058664,-0.3990512,2.110517,-0.0146404081536535,-0.1817648633911004,0.9832330555273872,0.0559956533767099,-10.41169275053634,0.8833032488136454,0.8968138519424141,0.3432727399554831
1239,05/15/2023 12:46:30.613503,1759,True,True,True,True,Eyes,1.341073,-0.3055582,-3.230964,0.01287348,-0.1811608,0.9833692,0.0,0.0,0.0,0.0,0.0,0.0,0.0,-1.432782,0.3000931,3.201623,1.342508,-0.304323,-3.240119,-0.0004870679,0.01397568,-0.0003934586,0.9999023,359.9448,1.601569,359.9541,0.381659,-0.08701513,-0.9201977,0,0,0,1.401198,-0.7030897,-1.12955,1.490116e-08,-0.4007999,2.111,0.9996091,-0.0008004542,-0.02794824,0.0007732257,0.9999992,-0.0009850382,0.02794901,0.0009630428,0.9996089,static,-0.8431998908921494,-10.494342377926694,4.0444034952589373e-07,-10.750367476802118,0.0586899999999999,-0.3987667,2.110569,-0.0144699772891837,-0.1821193598893999,0.9831699262911352,0.0656694641374553,-10.432267248957167,0.8677256138999483,0.8812125676038582,0.3248079130140008
1240,05/15/2023 12:46:30.623022,1760,True,True,True,True,Eyes,1.341151,-0.3055595,-3.230973,0.01304574,-0.1813658,0.9833292,0.0,0.0,0.0,0.0,0.0,0.0,0.0,-1.432727,0.3003095,3.201635,1.342488,-0.3042771,-3.240139,-0.0004649744,0.0139742,-0.0003502262,0.9999024,359.9473,1.601396,359.9591,0.3816835,-0.08701514,-0.9201876,0,0,0,1.401206,-0.7031345,-1.129588,1.490116e-08,-0.4007999,2.111,0.9996092,-0.0007133793,-0.02794534,0.0006873887,0.9999993,-0.0009396463,0.027946,0.0009200698,0.999609,static,-0.8338696006600193,-10.503719181422015,4.0444034952589373e-07,-10.750367476802118,0.058718,-0.3988574,2.110551,-0.0143094392765216,-0.1822806908431365,0.983142436276539,0.0747988274190601,-10.441579470518716,0.8561923407780594,0.8695829845506401,0.3177181721346476
1241,05/15/2023 12:46:30.643216,1761,True,True,True,True,Eyes,1.341238,-0.30556,-3.230982,0.01319994,-0.1815346,0.983296,0.0,0.0,0.0,0.0,0.0,0.0,0.0,-1.432798,0.299305,3.201713,1.342444,-0.3043045,-3.24017,-0.0005774528,0.01398152,-0.0004609257,0.9999021,359.9346,1.602248,359.9463,0.3817073,-0.08701508,-0.9201778,0,0,0,1.401106,-0.7026935,-1.129529,5.215406e-08,-0.4007999,2.111,0.9996086,-0.0009379087,-0.02795978,0.000905614,0.9999989,-0.001167682,0.02796084,0.001141904,0.9996083,static,-0.8233380195515045,-10.526417033770269,1.4155412233406275e-06,-10.750367476802118,0.0586619999999999,-0.398389,2.110641,-0.0141276870703763,-0.1826706239482599,0.983072695497926,0.0851163822341077,-10.46421622795777,0.839890853439267,0.8532535533550236,0.2985416131300808
1242,05/15/2023 12:46:30.663186,1762,True,True,True,True,Eyes,1.34132,-0.3055657,-3.230989,0.01335927,-0.1816937,0.9832644,0.0,0.0,0.0,0.0,0.0,0.0,0.0,-1.43368,0.2987092,3.201345,1.342399,-0.3042829,-3.240163,-0.0006205043,0.01411624,-0.0005677754,0.9999001,359.9298,1.617697,359.9339,0.3817307,-0.08701495,-0.9201681,0,0,0,1.401545,-0.7024965,-1.129502,0.0,-0.4007998,2.111,0.9996008,-0.001152955,-0.02822896,0.001117919,0.9999986,-0.001256914,0.02823037,0.001224855,0.9996007,static,-0.8271885868352452,-10.540634984941644,0.0,-10.750364857083715,0.0591460000000001,-0.3982135999999999,2.110661,-0.0141930993248072,-0.1829143872490429,0.9830263647994624,0.0813678046511052,-10.47847845407569,0.8398392553039395,0.8533625123353032,0.2838008734559917
1243,05/15/2023 12:46:30.673700,1763,True,True,True,True,Eyes,1.341372,-0.305566,-3.230999,0.01352723,-0.1819062,0.9832228,0.0,0.0,0.0,0.0,0.0,0.0,0.0,-1.433735,0.2999107,3.201186,1.342388,-0.3044166,-3.240133,-0.0006574931,0.01417085,-9.737648e-05,0.9998994,359.9248,1.623923,359.9878,0.3817538,-0.0870149,-0.9201586,0,0,0,1.402141,-0.7024463,-1.129454,1.490116e-08,-0.4007999,2.111,0.9995983,-0.0002133678,-0.02833872,0.0001760989,0.9999991,-0.001317614,0.02833898,0.001312094,0.9995975,static,-0.8336196016673147,-10.557250531321747,4.0444034952589373e-07,-10.750367476802118,0.0597530000000001,-0.3980297,2.110679,-0.0143026647947274,-0.1831991649193729,0.982971731914182,0.0750996106412383,-10.495160999095834,0.841955697375731,0.8556964819459122,0.2660267599984106
1244,05/15/2023 12:46:30.693411,1764,True,True,True,True,Eyes,1.341424,-0.3055652,-3.231009,0.01369803,-0.1821151,0.9831818,0.0,0.0,0.0,0.0,0.0,0.0,0.0,-1.434098,0.300182,3.201071,1.342405,-0.3042911,-3.24021,-0.0006315721,0.01423238,-1.462963e-05,0.9998985,359.9277,1.630968,-0.002706302,0.3817757,-0.08701479,-0.9201495,0,0,0,1.402483,-0.7024254,-1.12956,7.450581e-08,-0.4007999,2.111,0.9995949,-4.723367e-05,-0.02846185,1.127878e-05,0.9999992,-0.001263432,0.02846188,0.0012626,0.9995941,static,-0.8324454174394725,-10.566446150456862,2.022202019044814e-06,-10.750367476802118,0.0600779999999998,-0.3981343,2.11065,-0.0142820934347728,-0.1833569839380044,0.982942641141084,0.0762569589518746,-10.504356300147077,0.8387457591552144,0.8525231926758785,0.257558370894684
1245,05/15/2023 12:46:30.713978,1765,True,True,True,True,Eyes,1.341467,-0.3055629,-3.231014,0.01375184,-0.1824359,0.9831216,0.0,0.0,0.0,0.0,0.0,0.0,0.0,-1.435272,0.3000437,3.20058,1.342459,-0.3042657,-3.240211,-0.0005688797,0.01438986,-0.0002007407,0.9998964,359.9352,1.649027,359.9761,0.3817965,-0.08701459,-0.9201409,0,0,0,1.403053,-0.702676,-1.129629,1.266599e-07,-0.4007999,2.111,0.9995858,-0.0004178119,-0.02877651,0.0003850674,0.9999992,-0.001143419,0.02877697,0.001131864,0.9995852,static,-0.8433388537254431,-10.57799328910374,3.4377440566314765e-06,-10.750367476802118,0.060594,-0.3984103,2.110582,-0.0144684340629069,-0.1835545912654139,0.982903061110255,0.065621825948245,-10.5160007564789,0.8467422835363136,0.8607781834861419,0.2433794002490303
1246,05/15/2023 12:46:30.723190,1766,True,True,True,True,Eyes,1.341506,-0.3055663,-3.231015,0.01382285,-0.1827513,0.983062,0.0,0.0,0.0,0.0,0.0,0.0,0.0,-1.436956,0.2976559,3.199939,1.342446,-0.3042265,-3.240113,-0.0008784875,0.01464303,-0.0003282838,0.9998924,359.8999,1.678062,359.9609,0.3818163,-0.0870143,-0.9201326,0,0,0,1.404011,-0.7013375,-1.129314,-1.490116e-08,-0.4007999,2.111,0.999571,-0.0006822243,-0.02928232,0.0006307695,0.9999983,-0.0017664,0.02928348,0.001747172,0.9995697,static,-0.865427514931925,-10.631928467927708,-4.0444034952589373e-07,-10.750367476802118,0.0615649999999998,-0.3971109999999999,2.110799,-0.0148447480866434,-0.184478740119055,0.9827243929892768,0.0440891025356817,-10.570163002374397,0.8587781612351482,0.8734940654617811,0.1855196410873009
1247,05/15/2023 12:46:30.743247,1767,True,True,True,True,Eyes,1.341581,-0.3055799,-3.231019,0.01376033,-0.1832018,0.982979,0.0,0.0,0.0,0.0,0.0,0.0,0.0,-1.438511,0.2983524,3.199078,1.342391,-0.3043637,-3.240028,-0.0007835082,0.01489334,-0.0003471825,0.9998888,359.9108,1.706746,359.9589,0.381835,-0.0870141,-0.9201249,0,0,0,1.404996,-0.7018772,-1.129335,7.450581e-08,-0.4007999,2.111,0.9995561,-0.0007176256,-0.02978282,0.0006709497,0.9999985,-0.001577183,0.0297839,0.001556501,0.9995552,static,-0.897274002209747,-10.647403883744222,2.022202019044814e-06,-10.750367476802118,0.062605,-0.3975134999999999,2.1106930000000004,-0.015390192984868,-0.1847426364929778,0.9826664036525624,0.0129784806206925,-10.585905110502786,0.8878201817607199,0.9031643070225795,0.1649735081819726
1248,05/15/2023 12:46:30.763724,1768,True,True,True,True,Eyes,1.341652,-0.3055878,-3.231027,0.01369214,-0.1836809,0.9828906,0.0,0.0,0.0,0.0,0.0,0.0,0.0,-1.438394,0.3035282,3.198695,1.342392,-0.3045858,-3.240057,-0.0001713103,0.01490987,1.639338e-05,0.9998888,359.9803,1.708609,0.001585642,0.3818537,-0.08701422,-0.9201171,0,0,0,1.40535,-0.7046615,-1.129858,1.043081e-07,-0.4008,2.111,0.9995554,2.767495e-05,-0.02981644,-3.789179e-05,0.9999999,-0.0003420936,0.02981642,0.0003430712,0.9995553,static,-0.9108573865059534,-10.60517383792024,2.831081903850562e-06,-10.750370096520475,0.062958,-0.4000757,2.110199,-0.0156253209767069,-0.1840176485917419,0.982798775763427,-0.0003425146823952,-10.543741241909173,0.9070003938505616,0.922360173411507,0.2066291432051051
1249,05/15/2023 12:46:30.773611,1769,True,True,True,True,Eyes,1.341685,-0.3055886,-3.231035,0.01362447,-0.184264,0.9827824,0.0,0.0,0.0,0.0,0.0,0.0,0.0,-1.437512,0.3075099,3.198793,1.342368,-0.3044484,-3.24016,0.0004225268,0.01478623,0.0001224888,0.9998907,0.04820516,1.694445,0.01475057,0.3818721,-0.08701447,-0.9201095,0,0,0,1.404882,-0.7070242,-1.130424,5.215406e-08,-0.4007998,2.111,0.9995627,0.0002574461,-0.02956912,-0.0002324557,0.9999996,0.0008485834,0.02956932,-0.0008413388,0.9995624,static,-0.9028058582491788,-10.57107594760597,1.4155412233406275e-06,-10.750364857083715,0.0625139999999999,-0.4025758,2.109736,-0.0154889338777014,-0.1834331230019846,0.9829102074663844,0.0074911483770094,-10.509546516990731,0.9054147047954348,0.9204376603934554,0.2409347816797989
1250,05/15/2023 12:46:30.793397,1770,True,True,True,True,Eyes,1.341716,-0.3055886,-3.231045,0.01354381,-0.1847851,0.9826857,0.0,0.0,0.0,0.0,0.0,0.0,0.0,-1.436992,0.3067759,3.199138,1.342391,-0.3042812,-3.240207,0.0004090084,0.01468477,-5.012947e-05,0.9998922,0.04694822,1.68281,-0.005055537,0.3818894,-0.08701465,-0.9201022,0,0,0,1.404339,-0.7068108,-1.130445,5.215406e-08,-0.4007999,2.111,0.9995687,-8.823547e-05,-0.02936642,0.0001122603,0.9999997,0.000816456,0.02936633,-0.0008194007,0.9995684,static,-0.8920997745231433,-10.602995011829192,1.4155412233406275e-06,-10.750367476802118,0.0619480000000001,-0.4025296,2.109762,-0.0153036762515669,-0.1839811970231602,0.9828106987568505,0.0179889840436937,-10.541412091514276,0.8891685861794267,0.90419200214692,0.2097281708817924
1251,05/15/2023 12:46:30.814505,1771,True,True,True,True,Eyes,1.341754,-0.3055921,-3.231054,0.01339356,-0.185289,0.9825928,0.0,0.0,0.0,0.0,0.0,0.0,0.0,-1.435834,0.3033813,3.200006,1.342368,-0.3042705,-3.240241,-8.273435e-05,0.01449912,-0.0001282409,0.999895,359.9907,1.661536,359.9852,0.3819056,-0.08701478,-0.9200955,0,0,0,1.403475,-0.704729,-1.130061,6.705523e-08,-0.4007998,2.111,0.9995795,-0.0002588541,-0.02899518,0.0002540558,0.9999999,-0.0001691701,0.02899522,0.0001617325,0.9995795,static,-0.8778232458470532,-10.688700761698083,1.819981844281867e-06,-10.750364857083715,0.061107,-0.4004585,2.11018,-0.0150545507568565,-0.1854518139249871,0.9825380383454648,0.0320332946963468,-10.627088544698708,0.8647976923469815,0.8799882424539753,0.1273697945653999
1252,05/15/2023 12:46:30.833332,1772,True,True,True,True,Eyes,1.341791,-0.3055949,-3.231065,0.01323183,-0.1857745,0.9825033,0.0,0.0,0.0,0.0,0.0,0.0,0.0,-1.434507,0.3018314,3.20074,1.342356,-0.3043529,-3.240231,-0.000305835,0.01428678,-0.0001985413,0.999898,359.9653,1.637207,359.9767,0.381921,-0.08701493,-0.9200891,0,0,0,1.402514,-0.7038735,-1.129845,9.685755e-08,-0.4007999,2.111,0.9995917,-0.0004057809,-0.02857052,0.0003883033,0.9999996,-0.0006172807,0.02857076,0.0006059346,0.9995916,static,-0.8613141877332414,-10.742540348531495,2.6288625433336536e-06,-10.750367476802118,0.0601579999999999,-0.3995206,2.110386,-0.0147688158679356,-0.1863757927515108,0.9823675109857786,0.0482260988629678,-10.680850149725131,0.8462603681217524,0.8613523799744571,0.0846059207314145
1253,05/15/2023 12:46:30.843173,1773,True,True,True,True,Eyes,1.341826,-0.3055985,-3.231074,0.01300712,-0.1862751,0.9824116,0.0,0.0,0.0,0.0,0.0,0.0,0.0,-1.433156,0.301868,3.201416,1.342364,-0.3043364,-3.240303,-0.0002825538,0.01407095,-0.0002334759,0.9999011,359.968,1.612472,359.9728,0.3819357,-0.08701508,-0.920083,0,0,0,1.401582,-0.7039572,-1.12991,3.72529e-08,-0.4007998,2.111,0.9996039,-0.0004748569,-0.02813897,0.0004589538,0.9999998,-0.0005716221,0.02813924,0.0005584812,0.9996039,static,-0.8488384647680097,-10.769035284171192,1.011100873814734e-06,-10.750364857083715,0.0592180000000002,-0.3996207999999999,2.110393,-0.0145536337964198,-0.1868306483392217,0.9822844040550224,0.0604478717722123,-10.707272329411548,0.834101133058258,0.8490447812930656,0.074234688025187
1254,05/15/2023 12:46:30.863111,1774,True,True,True,True,Eyes,1.341862,-0.3055994,-3.231082,0.01279148,-0.1867473,0.9823247,0.0,0.0,0.0,0.0,0.0,0.0,0.0,-1.432538,0.3020675,3.201644,1.342431,-0.3043535,-3.240244,-0.0002912931,0.01397256,-0.0001475013,0.9999024,359.9669,1.601194,359.9826,0.3819496,-0.08701527,-0.9200772,0,0,0,1.401302,-0.7039324,-1.129834,1.490116e-08,-0.4008,2.111,0.9996095,-0.0003031141,-0.0279423,0.0002868338,0.9999998,-0.0005866513,0.02794247,0.0005784074,0.9996094,static,-0.8519343421583367,-10.797581782989733,4.0444034952589373e-07,-10.750370096520475,0.0588710000000001,-0.3995789,2.11041,-0.0146053233552622,-0.1873198731149424,0.982190379668759,0.0574520375115601,-10.735871100313611,0.8381841292402039,0.8532419093091004,0.0592529411384416
1255,05/15/2023 12:46:30.873214,1775,True,True,True,True,Eyes,1.34192,-0.3056036,-3.231086,0.01257331,-0.1872575,0.9822304,0.0,0.0,0.0,0.0,0.0,0.0,0.0,-1.432652,0.3012497,3.20168,1.342483,-0.3042906,-3.240238,-0.0003957276,0.01397934,-0.0001770573,0.9999022,359.955,1.601975,359.9791,0.381963,-0.08701542,-0.9200717,0,0,0,1.40136,-0.7034302,-1.129745,1.117587e-07,-0.4007999,2.111,0.9996091,-0.0003651437,-0.02795581,0.0003430158,0.9999996,-0.000796328,0.02795609,0.0007864274,0.9996088,static,-0.8647102425628294,-10.839353455667226,3.0333026214442e-06,-10.750367476802118,0.0588769999999998,-0.3991396,2.110493,-0.0148222705327223,-0.1880352944016347,0.9820504296981452,0.0450088362026822,-10.777784410589517,0.8539364028660514,0.8692799053771694,0.0526992462278313
1256,05/15/2023 12:46:30.893423,1776,True,True,True,True,Eyes,1.341977,-0.3056074,-3.231089,0.01236776,-0.1877523,0.9821385,0.0,0.0,0.0,0.0,0.0,0.0,0.0,-1.43337,0.3008007,3.201327,1.342513,-0.3043585,-3.240147,-0.0004468264,0.01408061,-0.000244714,0.9999008,359.9492,1.613585,359.9713,0.3819764,-0.08701561,-0.9200661,0,0,0,1.401765,-0.7032864,-1.129624,7.450581e-08,-0.4007998,2.111,0.9996033,-0.0005019626,-0.0281582,0.0004767963,0.9999995,-0.0009004554,0.02815863,0.0008866726,0.9996031,static,-0.886743802133128,-10.874154575008582,2.022202019044814e-06,-10.750364857083715,0.0592519999999998,-0.3989279,2.110523,-0.0151981572219543,-0.1886306776301798,0.9819304477908772,0.0235097982968016,-10.812793519946942,0.879579621654083,0.8953446550014899,0.0667079716661552
1257,05/15/2023 12:46:30.915292,1777,True,True,True,True,Eyes,1.34201,-0.3056149,-3.231092,0.01225884,-0.1882626,0.9820422,0.0,0.0,0.0,0.0,0.0,0.0,0.0,-1.433771,0.3011238,3.201119,1.342534,-0.30435,-3.24014,-0.0003815413,0.01413692,-0.0002767399,0.9999,359.9567,1.620038,359.9677,0.3819898,-0.08701582,-0.9200606,0,0,0,1.401997,-0.7035555,-1.129675,1.937151e-07,-0.4007998,2.111,0.9996001,-0.000564212,-0.0282708,0.0005426366,0.9999995,-0.0007708308,0.02827122,0.0007551819,0.9995999,static,-0.8987612970715896,-10.896489678892197,5.257725086667295e-06,-10.750364857083715,0.059463,-0.3992055,2.110465,-0.015402959463024,-0.18901285255644,0.9818537868267369,0.0117873767152517,-10.835245332932844,0.8945787469824221,0.9105678357869044,0.0856943026593523
1258,05/15/2023 12:46:30.923519,1778,True,True,True,True,Eyes,1.342041,-0.3056236,-3.231101,0.01215153,-0.1888016,0.9819401,0.0,0.0,0.0,0.0,0.0,0.0,0.0,-1.434081,0.3014817,3.200938,1.342521,-0.3044419,-3.24013,-0.0003535275,0.01419053,-0.0002459158,0.9998993,359.9599,1.62618,359.9713,0.3820026,-0.08701617,-0.9200552,0,0,0,1.402235,-0.7037639,-1.129694,2.235174e-07,-0.4007999,2.111,0.9995971,-0.0005018152,-0.02837802,0.0004817484,0.9999996,-0.0007139631,0.02837837,0.0007000045,0.999597,static,-0.9117548583843096,-10.924765839519262,6.066605242888384e-06,-10.750367476802118,0.0597139999999998,-0.399322,2.110436,-0.0156241409938292,-0.1894967449203303,0.981757064509706,-0.0008827945729404,-10.863651702622615,0.912067116362222,0.9282902419266428,0.1132877128992521
1259,05/15/2023 12:46:30.943174,1779,True,True,True,True,Eyes,1.342059,-0.3056249,-3.231107,0.01206422,-0.1893243,0.9818405,0.0,0.0,0.0,0.0,0.0,0.0,0.0,-1.433633,0.3058941,3.200893,1.342527,-0.3044701,-3.240295,0.0002730436,0.01413141,-0.0001206149,0.9999002,0.03148068,1.619391,359.9866,0.3820148,-0.08701669,-0.9200501,0,0,0,1.402084,-0.7064298,-1.130356,1.788139e-07,-0.4007999,2.111,0.9996006,-0.0002334888,-0.02826007,0.0002489226,0.9999998,0.0005426238,0.02825994,-0.0005494416,0.9996004,static,-0.912744132352963,-10.883438460709865,4.853283651480022e-06,-10.750367476802118,0.059557,-0.4019597,2.109939,-0.0156432647859451,-0.1887884933020356,0.9818931695854352,-0.0018932838847589,-10.822291875994908,0.9061576883525552,0.9223982857414929,0.0719494414429581
1260,05/15/2023 12:46:30.963336,1780,True,True,True,True,Eyes,1.342078,-0.3056242,-3.231113,0.01196365,-0.1897887,0.9817521,0.0,0.0,0.0,0.0,0.0,0.0,0.0,-1.432526,0.3055542,3.201374,1.342584,-0.304288,-3.240241,0.0002776997,0.01394339,-0.0001883731,0.9999028,0.03211993,1.597841,359.9789,0.3820262,-0.08701716,-0.9200453,0,0,0,1.401293,-0.7062712,-1.130283,6.705523e-08,-0.4008,2.111,0.9996111,-0.0003689654,-0.02788417,0.0003844536,0.9999998,0.0005500921,0.02788396,-0.0005605984,0.999611,static,-0.8954966699582205,-10.909968577769405,1.819981844281867e-06,-10.750370096520475,0.0587089999999999,-0.4019832,2.109958,-0.0153463198604773,-0.1892440035987012,0.9818101970300052,0.0149924511187572,-10.84871157046169,0.8936809618473909,0.9096093780859456,0.0994774573399099
1261,05/15/2023 12:46:30.973534,1781,True,True,True,True,Eyes,1.342093,-0.3056259,-3.231118,0.01184196,-0.1903152,0.9816516,0.0,0.0,0.0,0.0,0.0,0.0,0.0,-1.431959,0.3013363,3.202024,1.342617,-0.3042487,-3.240227,-0.0001969996,0.01381105,-0.0005921531,0.9999046,359.9784,1.582693,359.9318,0.3820368,-0.08701754,-0.9200409,0,0,0,1.40045,-0.7042512,-1.129868,6.705523e-08,-0.4007999,2.111,0.9996178,-0.001189634,-0.02761923,0.001178752,0.9999992,-0.000410318,0.0276197,0.000377605,0.9996184,static,-0.8783761548967607,-10.995125531400229,1.819981844281867e-06,-10.750367476802118,0.057833,-0.4000025,2.110359,-0.0150486139137569,-0.190703882341705,0.981532240748778,0.0318159115481411,-10.933816222753128,0.8963191967467572,0.911841198917054,0.1861869458721175
1262,05/15/2023 12:46:30.993466,1782,True,True,True,True,Eyes,1.342108,-0.3056282,-3.231124,0.01172264,-0.1908044,0.981558,0.0,0.0,0.0,0.0,0.0,0.0,0.0,-1.431784,0.3025933,3.201995,1.342618,-0.3042942,-3.240234,6.721908e-05,0.01376716,-0.0007691342,0.999905,0.008915392,1.577644,359.912,0.3820467,-0.08701791,-0.9200368,0,0,0,1.40012,-0.7054222,-1.13008,4.470348e-08,-0.4008,2.111,0.9996197,-0.001536272,-0.02753181,0.001539973,0.9999989,0.0001132478,0.0275316,-0.0001556029,0.9996209,static,-0.8762778303362854,-10.993431962194093,1.2133210485776811e-06,-10.750370096520475,0.0575019999999999,-0.401128,2.110154,-0.0150127525207941,-0.1906749607110455,0.98153834531898,0.0338650404348884,-10.932104424956936,0.8938793390914345,0.909364631431062,0.1848624486450599
1263,05/15/2023 12:46:31.015697,1783,True,True,True,True,Eyes,1.342177,-0.30563,-3.231127,0.01157521,-0.1912798,0.9814674,0.0,0.0,0.0,0.0,0.0,0.0,0.0,-1.431196,0.3018403,3.202336,1.342634,-0.3043103,-3.240233,-0.0001405858,0.01369197,-0.0005638532,0.9999062,359.9848,1.569042,359.9352,0.3820559,-0.08701827,-0.9200329,0,0,0,1.399986,-0.704549,-1.129906,7.450581e-09,-0.4007999,2.111,0.9996244,-0.00113145,-0.02738121,0.001123751,0.9999993,-0.0002965857,0.02738153,0.0002657046,0.999625,static,-0.8807353756077406,-11.044978474267234,2.022202019044815e-07,-10.750367476802118,0.0573519999999998,-0.4002387,2.110327,-0.0150864757700033,-0.1915577523428668,0.9813654927719508,0.029562550949566,-10.98373637566088,0.9132460849089152,0.928703826781881,0.2352338738722526
1264,05/15/2023 12:46:31.023359,1784,True,True,True,True,Eyes,1.342244,-0.305634,-3.231128,0.01143687,-0.1917497,0.9813772,0.0,0.0,0.0,0.0,0.0,0.0,0.0,-1.431048,0.301054,3.202429,1.342699,-0.3042789,-3.240163,-0.0002697039,0.01366157,-0.0005360911,0.9999066,359.9699,1.565566,359.9381,0.3820658,-0.08701858,-0.9200288,0,0,0,1.399947,-0.7039708,-1.129729,6.705523e-08,-0.4007999,2.111,0.9996261,-0.001079452,-0.02732031,0.001064713,0.9999993,-0.000554005,0.02732088,0.0005247096,0.9996266,static,-0.8858525464730013,-11.087227566660449,1.819981844281867e-06,-10.750367476802118,0.0572479999999999,-0.3996919,2.110434,-0.0151719341156562,-0.1922810727807648,0.9812225841218676,0.0246055383436992,-11.02606706012442,0.932302743979236,0.9477408288696212,0.2767952369556246
1265,05/15/2023 12:46:31.043552,1785,True,True,True,True,Eyes,1.342326,-0.3056395,-3.231131,0.01130962,-0.1922116,0.9812883,0.0,0.0,0.0,0.0,0.0,0.0,0.0,-1.431378,0.302179,3.202147,1.34274,-0.3043301,-3.240113,-9.702009e-05,0.0137058,-0.0005500323,0.999906,359.9897,1.570624,359.9368,0.3820764,-0.0870189,-0.9200243,0,0,0,1.400161,-0.704752,-1.129822,1.266599e-07,-0.4008,2.111,0.9996237,-0.001102621,-0.02740892,0.001097302,0.9999993,-0.0002090992,0.02740913,0.0001789447,0.9996243,static,-0.8979507623690479,-11.094456267483269,3.4377440566314765e-06,-10.750370096520475,0.0574209999999999,-0.4004219,2.110291,-0.0153787439873585,-0.1924042565856413,0.98119520518452,0.0127882944594392,-11.033398390128657,0.9459681864044812,0.961622087178015,0.2833169030326141
1266,05/15/2023 12:46:31.063354,1786,True,True,True,True,Eyes,1.342405,-0.3056417,-3.231133,0.01119062,-0.1926498,0.9812037,0.0,0.0,0.0,0.0,0.0,0.0,0.0,-1.431691,0.302837,3.202025,1.342736,-0.3043606,-3.240191,2.511768e-05,0.01374946,-0.0006074148,0.9999053,0.003835027,1.57562,359.9305,0.3820878,-0.08701926,-0.9200196,0,0,0,1.400294,-0.7053015,-1.130002,2.235174e-07,-0.4008,2.111,0.9996212,-0.001214024,-0.02749635,0.001215405,0.9999992,3.352732e-05,0.02749629,-6.69338e-05,0.9996219,static,-0.908527611311609,-11.106102936759903,6.066605242888384e-06,-10.750370096520475,0.057558,-0.4009409,2.110189,-0.0155592540170942,-0.1926031593007728,0.9811533055295214,0.0024627006344312,-11.045139972742808,0.959867887901358,0.9756942643748258,0.2947801129297609
1267,05/15/2023 12:46:31.073583,1787,True,True,True,True,Eyes,1.342467,-0.3056422,-3.231137,0.01111114,-0.1930211,0.9811317,0.0,0.0,0.0,0.0,0.0,0.0,0.0,-1.432127,0.3020801,3.201854,1.34274,-0.3042875,-3.240149,-4.163922e-05,0.01380855,-0.0006987479,0.9999046,-0.003665388,1.582396,359.9199,0.3821,-0.08701958,-0.9200145,0,0,0,1.400475,-0.704952,-1.129913,6.705523e-08,-0.4008,2.111,0.9996177,-0.001398513,-0.02761441,0.001396213,0.999999,-0.0001025679,0.02761453,6.39731e-05,0.9996186,static,-0.9178041104296448,-11.135497187231952,1.819981844281867e-06,-10.750370096520475,0.0577349999999998,-0.4006645,2.1102360000000004,-0.0157165258541599,-0.1931060299056324,0.9810520206652448,-0.0065732144286043,-11.074636153553998,0.9794202189120672,0.9953344171173756,0.3243327100703323
1268,05/15/2023 12:46:31.093475,1788,True,True,True,True,Eyes,1.342528,-0.3056448,-3.23114,0.01103412,-0.1933623,0.9810654,0.0,0.0,0.0,0.0,0.0,0.0,0.0,-1.432191,0.3006939,3.201993,1.342734,-0.3042541,-3.240191,-0.0002076547,0.01380974,-0.0008007651,0.9999044,359.9775,1.582549,359.9079,0.3821124,-0.0870198,-0.9200093,0,0,0,1.400394,-0.7042235,-1.129821,2.086163e-07,-0.4007999,2.111,0.9996173,-0.001607112,-0.02761651,0.001595641,0.9999986,-0.0004373863,0.02761718,0.0003931529,0.9996185,static,-0.9200542971446258,-11.174489890843637,5.66216652185457e-06,-10.750367476802118,0.0576599999999998,-0.3999694,2.11037,-0.0157529418861855,-0.1937735334360956,0.9809198298047836,-0.0087314534592665,-11.113684624957497,0.9972901945598124,1.013109150496646,0.3634221888289367
1269,05/15/2023 12:46:31.116856,1789,True,True,True,True,Eyes,1.342621,-0.3056458,-3.231141,0.01098744,-0.1936767,0.9810039,0.0,0.0,0.0,0.0,0.0,0.0,0.0,-1.432187,0.2994156,3.202109,1.342737,-0.3043091,-3.240179,-0.0004023827,0.01380568,-0.0008291078,0.9999044,359.9552,1.582103,359.9044,0.3821251,-0.08702002,-0.920004,0,0,0,1.400361,-0.703458,-1.129653,7.450581e-08,-0.4007999,2.111,0.9996174,-0.001669167,-0.02760806,0.001646946,0.9999983,-0.0008275813,0.02760939,0.0007817956,0.9996185,static,-0.9215940458005276,-11.21518583850108,2.022202019044814e-06,-10.750367476802118,0.0576239999999999,-0.3991489,2.110526,-0.015777085559108,-0.1944701355195133,0.980781570859759,-0.010193510766409,-11.15443238674102,1.0164910144630817,1.0321799367989386,0.4041935184245833
1270,05/15/2023 12:46:31.124367,1790,True,True,True,True,Eyes,1.342709,-0.3056467,-3.231142,0.01095123,-0.1939786,0.9809446,0.0,0.0,0.0,0.0,0.0,0.0,0.0,-1.432835,0.2990485,3.201805,1.342733,-0.3042598,-3.240138,-0.0004100152,0.01389867,-0.0009257763,0.999903,359.9545,1.592765,359.8933,0.3821387,-0.08702014,-0.9199983,0,0,0,1.400672,-0.7033823,-1.129615,8.195639e-08,-0.4007998,2.111,0.9996119,-0.00186277,-0.02779388,0.001839975,0.999998,-0.000845685,0.02779541,0.0007942167,0.9996133,static,-0.9321022386445,-11.23376642635185,2.22442219380776e-06,-10.750364857083715,0.0579389999999999,-0.3991225,2.110523,-0.015955937475797,-0.1947876222217301,0.980715618950828,-0.0204446899904936,-11.173114100981948,1.0341703299110714,1.0499980034455991,0.4232434282130388
1271,05/15/2023 12:46:31.143235,1791,True,True,True,True,Eyes,1.342746,-0.3056481,-3.231139,0.01103842,-0.1942404,0.9808919,0.0,0.0,0.0,0.0,0.0,0.0,0.0,-1.433521,0.2990277,3.201472,1.342696,-0.3042556,-3.240126,-0.0004079391,0.01401067,-0.0009363876,0.9999015,359.9548,1.6056,359.8921,0.3821531,-0.0870202,-0.9199923,0,0,0,1.401099,-0.703388,-1.129618,8.940697e-08,-0.4007999,2.111,0.9996057,-0.001884021,-0.02801781,0.001861159,0.999998,-0.0008420364,0.02801934,0.0007895589,0.999607,static,-0.9395405990260156,-11.24884881234872,2.426642368570707e-06,-10.750367476802118,0.0584030000000002,-0.3991324,2.1105080000000003,-0.0160824190314406,-0.1950453971272053,0.9806624026908826,-0.0276990854756127,-11.188269950820583,1.0476729297952427,1.0635904940203378,0.4387777917410091
1272,05/15/2023 12:46:31.163584,1792,True,True,True,True,Eyes,1.34278,-0.3056526,-3.231135,0.01113424,-0.1945093,0.9808375,0.0,0.0,0.0,0.0,0.0,0.0,0.0,-1.434247,0.2981532,3.201146,1.342678,-0.3042912,-3.240049,-0.0005892218,0.01413578,-0.0008433974,0.9998996,359.9338,1.619952,359.9024,0.382167,-0.08702025,-0.9199866,0,0,0,1.401686,-0.7026532,-1.129412,1.937151e-07,-0.4008,2.111,0.9995989,-0.001703284,-0.02826772,0.001669967,0.9999979,-0.001202169,0.0282697,0.001154481,0.9995996,static,-0.9503265061125974,-11.285344547744703,5.257725086667295e-06,-10.750370096520475,0.0590079999999999,-0.398362,2.110637,-0.0162649658939754,-0.1956694271767313,0.9805350410086908,-0.0382028180003473,-11.224886460949458,1.074579976878606,1.0905632145004294,0.4760521370202421
1273,05/15/2023 12:46:31.173923,1793,True,True,True,True,Eyes,1.342818,-0.3056556,-3.231132,0.01118096,-0.1947164,0.9807959,0.0,0.0,0.0,0.0,0.0,0.0,0.0,-1.435119,0.2997784,3.20055,1.342624,-0.3043655,-3.240012,-0.0003631975,0.01428403,-0.0008091097,0.9998977,359.9597,1.636918,359.9067,0.3821803,-0.0870204,-0.919981,0,0,0,1.402282,-0.7036803,-1.129574,1.639128e-07,-0.4007999,2.111,0.9995906,-0.00162843,-0.02856455,0.001607678,0.9999985,-0.0007494353,0.02856572,0.0007032059,0.9995916,static,-0.9653299669265528,-11.271587071205737,4.448844930446206e-06,-10.750367476802118,0.0596579999999999,-0.3993148,2.1104380000000003,-0.0165225221481454,-0.195433161286914,0.9805778773170232,-0.0528817882850839,-11.211234121404384,1.080703695989793,1.0970598889136105,0.4638911706259599
1274,05/15/2023 12:46:31.193482,1794,True,True,True,True,Eyes,1.342852,-0.3056594,-3.231131,0.01123221,-0.194917,0.9807554,0.0,0.0,0.0,0.0,0.0,0.0,0.0,-1.435724,0.3009645,3.200158,1.342588,-0.3043276,-3.240021,-0.0002110698,0.01439246,-0.0007211093,0.9998962,359.977,1.649329,359.917,0.3821933,-0.08702061,-0.9199756,0,0,0,1.402771,-0.7042798,-1.129719,-1.043081e-07,-0.4008,2.111,0.9995846,-0.001448144,-0.02878163,0.001435993,0.9999988,-0.0004428528,0.02878224,0.0004013386,0.9995856,static,-0.976727822244276,-11.265888221292364,-2.831081903850562e-06,-10.750370096520475,0.0601830000000001,-0.3999522,2.110302,-0.0167179205395602,-0.1953349808215437,0.9805940599758516,-0.0640281240295402,-11.20561977231054,1.087806144031869,1.1044232183947695,0.4597298178756636
1275,05/15/2023 12:46:31.213282,1795,True,True,True,True,Eyes,1.342862,-0.3056594,-3.231133,0.01128217,-0.1951343,0.9807116,0.0,0.0,0.0,0.0,0.0,0.0,0.0,-1.435787,0.3017,3.200103,1.342521,-0.3043512,-3.240089,-0.0001894729,0.01443198,-0.0005149696,0.9998958,359.9792,1.653852,359.9407,0.3822058,-0.08702086,-0.9199705,0,0,0,1.403036,-0.7043825,-1.12981,6.705523e-08,-0.4008,2.111,0.9995829,-0.0010353,-0.02886076,0.001024363,0.9999995,-0.0003937702,0.02886115,0.0003640421,0.9995833,static,-0.9829950460930575,-11.276065238836912,1.819981844281867e-06,-10.750370096520475,0.0605149999999998,-0.4000313,2.110279,-0.0168245869777172,-0.1955088005583552,0.9805575796189744,-0.0701430153124067,-11.21585622154964,1.0980317679921825,1.114736839513334,0.4707415750845956
1276,05/15/2023 12:46:31.223057,1796,True,True,True,True,Eyes,1.342869,-0.3056583,-3.231136,0.01133164,-0.1953144,0.9806752,0.0,0.0,0.0,0.0,0.0,0.0,0.0,-1.43549,0.3021778,3.200238,1.342493,-0.3042664,-3.240155,-0.0001755587,0.01440566,-0.0003447577,0.9998963,359.9805,1.650831,359.9602,0.3822173,-0.08702108,-0.9199656,0,0,0,1.403033,-0.704346,-1.129886,1.043081e-07,-0.4007999,2.111,0.9995847,-0.0006945017,-0.02880821,0.0006843855,0.9999997,-0.0003610138,0.02880846,0.0003411479,0.9995849,static,-0.9809406385116476,-11.28492956626759,2.831081903850562e-06,-10.750367476802118,0.06054,-0.4000796,2.110269,-0.0167889099340857,-0.195660623611173,0.9805279300860336,-0.0681256809841683,-11.22471295359502,1.1005173857171224,1.117142210299085,0.4792130272751588
1277,05/15/2023 12:46:31.243341,1797,True,True,True,True,Eyes,1.342872,-0.3056578,-3.231138,0.01143596,-0.1954534,0.9806463,0.0,0.0,0.0,0.0,0.0,0.0,0.0,-1.435579,0.2997783,3.200411,1.342435,-0.3042449,-3.240168,-0.0005381645,0.01442683,-0.0003599965,0.9998958,359.9389,1.653273,359.9579,0.3822277,-0.08702123,-0.9199612,0,0,0,1.403057,-0.7027945,-1.129613,6.705523e-08,-0.4007999,2.111,0.9995834,-0.0007354456,-0.02885026,0.0007043899,0.9999991,-0.001086604,0.02885104,0.00106583,0.9995832,static,-0.9769057009121214,-11.334596197574342,1.819981844281867e-06,-10.750367476802118,0.0606219999999999,-0.3985496,2.110555,-0.0167169599338364,-0.1965107548304094,0.9803591407963332,-0.0641295516303561,-11.27439609398111,1.1219548596050808,1.1382756707205608,0.52793827711901
1278,05/15/2023 12:46:31.263093,1798,True,True,True,True,Eyes,1.342874,-0.3056583,-3.231144,0.01153336,-0.1955727,0.9806215,0.0,0.0,0.0,0.0,0.0,0.0,0.0,-1.436349,0.3001897,3.200029,1.342413,-0.304267,-3.240177,-0.0005896386,0.01457494,-0.0001005976,0.9998936,359.9326,1.670231,359.9875,0.3822372,-0.08702134,-0.9199573,0,0,0,1.403868,-0.7025836,-1.129601,-7.450581e-09,-0.4007998,2.111,0.9995751,-0.0002183616,-0.02914665,0.0001839858,0.9999993,-0.001182084,0.02914688,0.001176219,0.9995744,static,-0.9941159639877396,-11.347443032240012,-2.022202019044815e-07,-10.750364857083715,0.0614549999999998,-0.3983165999999999,2.110576,-0.0170106760164229,-0.1967296151929254,0.9803103187501075,-0.080937416591227,-11.287391421041468,1.1430144403472946,1.1596415373047932,0.5430914868292537
1279,05/15/2023 12:46:31.273513,1799,True,True,True,True,Eyes,1.342878,-0.3056557,-3.231151,0.01161196,-0.195646,0.9806059,0.0,0.0,0.0,0.0,0.0,0.0,0.0,-1.435111,0.3004963,3.200636,1.342388,-0.3042957,-3.240264,-0.0007702017,0.01443382,0.0004182635,0.9998956,359.9111,1.654015,0.0466506,0.3822457,-0.08702145,-0.9199537,0,0,0,1.403664,-0.7018181,-1.129534,3.72529e-08,-0.4007999,2.111,0.9995829,0.0008142056,-0.02886526,-0.0008586734,0.9999985,-0.001528168,0.02886397,0.001552316,0.9995822,static,-0.9852563846117882,-11.372230376749837,1.011100873814734e-06,-10.750367476802118,0.0612760000000001,-0.3975224,2.11073,-0.0168576241468299,-0.1971542006892422,0.9802276101521328,-0.0722518829463593,-11.312132916643998,1.148770323478408,1.1650946751821858,0.5663928761018637
1280,05/15/2023 12:46:31.293353,1800,True,True,True,True,Eyes,1.342881,-0.3056532,-3.231157,0.01169766,-0.1957063,0.9805928,0.0,0.0,0.0,0.0,0.0,0.0,0.0,-1.435922,0.2988961,3.200437,1.342392,-0.3042203,-3.240284,-0.0009121329,0.01453868,0.0001983486,0.9998938,359.8952,1.666051,0.02120707,0.3822534,-0.08702145,-0.9199505,0,0,0,1.403937,-0.7011567,-1.129451,0.0,-0.4007998,2.111,0.9995772,0.0003701329,-0.02907464,-0.0004231777,0.9999983,-0.001818305,0.02907391,0.001829839,0.9995756,static,-0.9872237997077332,-11.392095394186049,0.0,-10.750364857083715,0.0615449999999999,-0.3969363999999999,2.110833,-0.0168901040697493,-0.1974939258032218,0.9801586117442168,-0.0741539038274877,-11.332032832233851,1.1611944530800506,1.1774671600342062,0.586375677162784
1281,05/15/2023 12:46:31.313281,1801,True,True,True,True,Eyes,1.342879,-0.3056509,-3.231157,0.01178817,-0.1956918,0.9805946,0.0,0.0,0.0,0.0,0.0,0.0,0.0,-1.436801,0.2980145,3.200127,1.342399,-0.3042234,-3.240283,-0.001041036,0.01467289,0.0001785883,0.9998918,359.8804,1.681431,0.01871215,0.3822604,-0.08702136,-0.9199476,0,0,0,1.404496,-0.7006166,-1.129365,1.043081e-07,-0.4007999,2.111,0.9995694,0.0003265881,-0.02934297,-0.0003876881,0.9999977,-0.002076605,0.02934223,0.002087087,0.9995672,static,-0.9968755915237744,-11.406059005740728,2.831081903850562e-06,-10.750367476802118,0.062097,-0.3963932,2.110918,-0.0170543809857125,-0.1977322419802667,0.9801077081928292,-0.0835728990818961,-11.346086305688567,1.1767744910509792,1.1931881538879927,0.6015528453612822
1282,05/15/2023 12:46:31.323704,1802,True,True,True,True,Eyes,1.342876,-0.3056552,-3.231156,0.01189443,-0.1957194,0.9805878,0.0,0.0,0.0,0.0,0.0,0.0,0.0,-1.438902,0.2951069,3.199266,1.342344,-0.3042372,-3.24012,-0.001487279,0.01500815,0.0001610543,0.9998863,359.8293,1.71985,0.0158956,0.3822666,-0.08702122,-0.9199451,0,0,0,1.405847,-0.6987466,-1.128891,1.043081e-07,-0.4007999,2.111,0.9995494,0.0002774292,-0.03001336,-0.0003667144,0.9999955,-0.002969386,0.03001241,0.002979055,0.9995451,static,-1.0287275375292035,-11.458925339117505,2.831081903850562e-06,-10.750367476802118,0.063503,-0.3945094,2.111229,-0.017595965167245,-0.198634628799926,0.9799156396147446,-0.1146494388485165,-11.39925580328524,1.2322860294245472,1.249135867530708,0.6589394533993739
1283,05/15/2023 12:46:31.343443,1803,True,True,True,True,Eyes,1.342819,-0.3056597,-3.231155,0.01206646,-0.1957727,0.9805751,0.0,0.0,0.0,0.0,0.0,0.0,0.0,-1.440152,0.2991142,3.198323,1.342317,-0.304392,-3.240109,-0.0009591981,0.01522394,0.0003229034,0.9998837,359.8895,1.74457,0.03532441,0.3822722,-0.08702122,-0.9199428,0,0,0,1.406854,-0.7011211,-1.129327,2.160668e-07,-0.4008,2.111,0.9995362,0.0006165261,-0.03044496,-0.0006749372,0.9999979,-0.001908341,0.03044372,0.001928005,0.9995347,static,-1.0470754985764636,-11.40152473699944,5.864384525294747e-06,-10.750370096520475,0.064537,-0.3967291,2.110782,-0.0179133966656078,-0.1976517146713433,0.9801086603890456,-0.1326433511296276,-11.34194424253223,1.2155247666629014,1.2330376095146212,0.6062637912708111
1284,05/15/2023 12:46:31.363725,1804,True,True,True,True,Eyes,1.342764,-0.3056594,-3.231155,0.01223959,-0.1958576,0.980556,0.0,0.0,0.0,0.0,0.0,0.0,0.0,-1.440876,0.3045045,3.197492,1.342281,-0.3044062,-3.240127,-0.0002651619,0.01537513,0.0006486191,0.9998816,359.9685,1.76191,0.07385031,0.3822757,-0.0870214,-0.9199413,0,0,0,1.407709,-0.7040442,-1.129921,1.490116e-08,-0.4007999,2.111,0.9995263,0.001288931,-0.03074696,-0.001305238,0.999999,-0.0005103158,0.03074627,0.0005502062,0.999527,static,-1.061667690703629,-11.326880739523077,4.0444034952589373e-07,-10.750367476802118,0.065428,-0.399638,2.110206,-0.0181677701055799,-0.1963737764156436,0.9803608255345466,-0.1469845317085587,-11.26734281287053,1.1899579199455037,1.2081004454679292,0.5374644821360245
1285,05/15/2023 12:46:31.373276,1805,True,True,True,True,Eyes,1.342698,-0.3056539,-3.231158,0.01240009,-0.1959208,0.9805413,0.0,0.0,0.0,0.0,0.0,0.0,0.0,-1.441171,0.3076805,3.197082,1.342282,-0.3042854,-3.240164,0.0001652197,0.01543967,0.0008374963,0.9998805,0.01744878,1.769342,0.0962509,0.3822776,-0.0870216,-0.9199405,0,0,0,1.408131,-0.7057276,-1.130313,2.011657e-07,-0.4007998,2.111,0.9995218,0.001679894,-0.03087538,-0.00166969,0.9999985,0.0003562613,0.03087593,-0.0003045386,0.9995232,static,-1.0639393720408548,-11.28119748629831,5.4599458042609325e-06,-10.750364857083715,0.065849,-0.4014422,2.109851,-0.0182095402685455,-0.1955918899559998,0.9805162866250544,-0.1492530451752634,-11.221633000177844,1.1706497262285247,1.1890171932104254,0.4943397253371029
1286,05/15/2023 12:46:31.393174,1806,True,True,True,True,Eyes,1.342633,-0.3056489,-3.231163,0.01253543,-0.1959569,0.9805323,0.0,0.0,0.0,0.0,0.0,0.0,0.0,-1.440479,0.3066622,3.197515,1.342259,-0.30416,-3.240209,6.533448e-05,0.01532613,0.0007479336,0.9998823,0.006172343,1.756319,0.08581156,0.3822777,-0.08702169,-0.9199405,0,0,0,1.407557,-0.7051869,-1.130262,6.705523e-08,-0.4008,2.111,0.9995291,0.001497694,-0.03064856,-0.001493688,0.9999989,0.0001535794,0.03064875,-0.0001077277,0.9995302,static,-1.0409839730797077,-11.29472809138412,1.819981844281867e-06,-10.750370096520475,0.0652979999999998,-0.4010268999999999,2.109947,-0.0178158519325064,-0.1958248135280348,0.9804769619082412,-0.1268020449063314,-11.234995419968747,1.1568863927736126,1.1747242433558416,0.5009400406015884
1287,05/15/2023 12:46:31.413290,1807,True,True,True,True,Eyes,1.342592,-0.3056442,-3.231169,0.01254092,-0.1959554,0.9805326,0.0,0.0,0.0,0.0,0.0,0.0,0.0,-1.439071,0.3044254,3.198441,1.342222,-0.3041721,-3.2403,-0.000248457,0.01510296,0.0006662642,0.9998858,359.9704,1.730718,0.07590955,0.3822761,-0.08702166,-0.9199411,0,0,0,1.406516,-0.7038803,-1.130072,1.564622e-07,-0.4008,2.111,0.9995429,0.001324871,-0.0302028,-0.001339881,0.999999,-0.0004767322,0.03020214,0.0005169824,0.9995437,static,-1.0132602241457882,-11.330551009387982,4.246624212852569e-06,-10.750370096520475,0.064294,-0.3997082,2.110228,-0.0173392530071776,-0.196439456465001,0.980362618307764,-0.0996669319288605,-11.270634197231772,1.1505034222896997,1.1676107139713063,0.5297254744894702
1288,05/15/2023 12:46:31.423186,1808,True,True,True,True,Eyes,1.342553,-0.3056396,-3.231176,0.01252092,-0.1959277,0.9805385,0.0,0.0,0.0,0.0,0.0,0.0,0.0,-1.437119,0.3029841,3.199445,1.342215,-0.3041764,-3.240293,-0.0004470748,0.01479287,0.0006069326,0.9998904,359.9478,1.695168,0.0687839,0.3822737,-0.08702154,-0.9199422,0,0,0,1.405155,-0.7030506,-1.129866,1.862645e-07,-0.4007998,2.111,0.9995616,0.001200505,-0.02958303,-0.001226959,0.9999989,-0.0008760949,0.02958194,0.0009120079,0.9995619,static,-0.97755556088042,-11.351612150314851,5.055504369073658e-06,-10.750364857083715,0.06294,-0.3988741999999999,2.110427,-0.0167270849490953,-0.1968018847332008,0.9803006731823414,-0.0647467901922306,-11.291433759284285,1.1314033921816713,1.1476598216912437,0.5449296821147145
1289,05/15/2023 12:46:31.443234,1809,True,True,True,True,Eyes,1.342485,-0.3056347,-3.231181,0.01254487,-0.195933,0.9805371,0.0,0.0,0.0,0.0,0.0,0.0,0.0,-1.435097,0.3007827,3.200615,1.342228,-0.3041779,-3.240341,-0.0007829171,0.01447285,0.0005933392,0.9998949,359.9093,1.658473,0.06668616,0.3822705,-0.08702132,-0.9199436,0,0,0,1.403808,-0.7016357,-1.129607,-7.450581e-09,-0.4007999,2.111,0.9995804,0.001163891,-0.02894359,-0.001209215,0.999998,-0.001548495,0.02894173,0.001582844,0.9995798,static,-0.93920263528028,-11.390314814991134,-2.022202019044815e-07,-10.750367476802118,0.0615799999999999,-0.3974577999999999,2.110734,-0.0160686928763577,-0.1974661477413816,0.9801780635854648,-0.027219624216813,-11.329871109071512,1.121249272307001,1.1365006845229688,0.5801425314069395
1290,05/15/2023 12:46:31.463069,1810,True,True,True,True,Eyes,1.342421,-0.3056303,-3.231185,0.01256014,-0.1959337,0.9805366,0.0,0.0,0.0,0.0,0.0,0.0,0.0,-1.433898,0.3003776,3.201185,1.342277,-0.3041808,-3.240315,-0.000853808,0.0142794,0.0006112796,0.9998977,359.9012,1.636296,0.06864332,0.3822659,-0.08702104,-0.9199455,0,0,0,1.403056,-0.7013386,-1.129502,3.72529e-08,-0.4007999,2.111,0.9995914,0.00119805,-0.02855693,-0.001246817,0.9999978,-0.001689984,0.02855484,0.001724898,0.9995907,static,-0.916556647268641,-11.398421724348736,1.011100873814734e-06,-10.750367476802118,0.0607790000000001,-0.3971578,2.110813,-0.0156808256533359,-0.1976060184874518,0.98015599218514,-0.0050767616183826,-11.33780699361748,1.1077958526884746,1.1225204892914078,0.5874614623037449
1291,05/15/2023 12:46:31.473710,1811,True,True,True,True,Eyes,1.342395,-0.305627,-3.231186,0.01258147,-0.1959359,0.980536,0.0,0.0,0.0,0.0,0.0,0.0,0.0,-1.433473,0.2997874,3.201427,1.342325,-0.3041885,-3.24029,-0.0009107829,0.01419762,0.0005282467,0.9998987,359.8948,1.626929,0.0590448,0.3822601,-0.08702071,-0.9199479,0,0,0,1.402694,-0.701111,-1.129421,7.450581e-09,-0.4007999,2.111,0.9995963,0.001030524,-0.02839333,-0.001082248,0.9999978,-0.001806381,0.02839141,0.001836381,0.9995952,static,-0.9040317951024583,-11.405062519756376,2.022202019044815e-07,-10.750367476802118,0.0603690000000001,-0.3969225,2.110869,-0.0154662014629886,-0.1977203038664703,0.980136467867321,0.0071721001959104,-11.344355301652111,1.1017770999559278,1.116198661283947,0.5940311205573341
1292,05/15/2023 12:46:31.493369,1812,True,True,True,True,Eyes,1.342371,-0.3056249,-3.231187,0.0126055,-0.1959408,0.9805347,0.0,0.0,0.0,0.0,0.0,0.0,0.0,-1.433908,0.2989253,3.201273,1.342415,-0.3042038,-3.240213,-0.000983326,0.01423801,0.0003803882,0.9998982,359.8867,1.63157,0.04198056,0.3822543,-0.08702035,-0.9199503,0,0,0,1.402836,-0.7008288,-1.129289,7.450581e-09,-0.4007999,2.111,0.9995943,0.0007326976,-0.02847386,-0.0007887,0.9999978,-0.00195562,0.02847236,0.001977284,0.9995927,static,-0.9038598285459052,-11.41368780016688,2.022202019044815e-07,-10.750367476802118,0.060421,-0.396625,2.110924,-0.0154627898343331,-0.1978678589920491,0.9801067320182132,0.0073492740557726,-11.3529876267122,1.1067672323534206,1.1211408504756393,0.6026649599358624
1293,05/15/2023 12:46:31.513430,1813,True,True,True,True,Eyes,1.342339,-0.3056238,-3.231189,0.01259223,-0.1959472,0.9805336,0.0,0.0,0.0,0.0,0.0,0.0,0.0,-1.434345,0.2990095,3.201065,1.34244,-0.3042299,-3.240196,-0.0009467578,0.01429629,0.0003163868,0.9998974,359.891,1.638257,0.03470058,0.3822485,-0.08701999,-0.9199528,0,0,0,1.403057,-0.7010131,-1.129307,9.685755e-08,-0.4007999,2.111,0.999591,0.0006056383,-0.02859024,-0.0006597787,0.999998,-0.001884275,0.02858904,0.001902368,0.9995894,static,-0.9098392935959918,-11.409897722734907,2.6288625433336536e-06,-10.750367476802118,0.0606169999999999,-0.3967831999999999,2.110889,-0.0155652839288328,-0.1978027121895935,0.980118267945164,0.0015009157199019,-11.349241099733058,1.109218562062078,1.1237403922451166,0.5988754971660942
1294,05/15/2023 12:46:31.523279,1814,True,True,True,True,Eyes,1.342309,-0.3056193,-3.23119,0.01257287,-0.1959709,0.9805291,0.0,0.0,0.0,0.0,0.0,0.0,0.0,-1.434787,0.3004379,3.200775,1.342447,-0.3042517,-3.240232,-0.0007657178,0.01437255,0.0004027787,0.9998963,359.9116,1.646996,0.04488919,0.3822425,-0.08701965,-0.9199553,0,0,0,1.403452,-0.701794,-1.129498,9.685755e-08,-0.4007999,2.111,0.9995865,0.0007834634,-0.02874274,-0.0008274845,0.9999985,-0.001519699,0.0287415,0.001542855,0.9995857,static,-0.9216826949289436,-11.39055111029527,2.6288625433336536e-06,-10.750367476802118,0.0610049999999999,-0.3975423,2.110734,-0.0157689554570505,-0.1974711195422898,0.980181862535808,-0.010095286694119,-11.32996921173615,1.1073282900757322,1.1222027092665174,0.5796896920224901
1295,05/15/2023 12:46:31.543610,1815,True,True,True,True,Eyes,1.342303,-0.3056166,-3.231189,0.01249192,-0.1959635,0.9805316,0.0,0.0,0.0,0.0,0.0,0.0,0.0,-1.434006,0.3021876,3.200956,1.342482,-0.3041614,-3.240222,-0.0005427964,0.01425938,0.0005483969,0.9998981,359.9369,1.634026,0.06194836,0.3822363,-0.08701925,-0.9199579,0,0,0,1.403123,-0.7026364,-1.129653,1.639128e-07,-0.4007999,2.111,0.9995927,0.001081202,-0.02851644,-0.001112162,0.9999987,-0.001069843,0.02851525,0.001101122,0.9995928,static,-0.9167685578762051,-11.364528531328126,4.448844930446206e-06,-10.750367476802118,0.0606409999999999,-0.398475,2.110569,-0.0156863194446728,-0.1970261740083463,0.9802727100832752,-0.0053196144753624,-11.303882453818284,1.0885799786376378,1.1034792914907872,0.553540581557888
1296,05/15/2023 12:46:31.563024,1816,True,True,True,True,Eyes,1.342299,-0.3056162,-3.23119,0.0124037,-0.1959765,0.9805301,0.0,0.0,0.0,0.0,0.0,0.0,0.0,-1.433119,0.2997809,3.201526,1.342521,-0.3042002,-3.240149,-0.000884589,0.01410621,0.000460917,0.9999001,359.8979,1.616462,0.0513821,0.3822306,-0.08701882,-0.9199603,0,0,0,1.402449,-0.7012375,-1.129288,-8.940697e-08,-0.4007999,2.111,0.9996016,0.0008967855,-0.02821042,-0.0009466982,0.999998,-0.001755997,0.02820879,0.001782005,0.9996005,static,-0.9023899579331814,-11.404435929875977,-2.426642368570707e-06,-10.750367476802118,0.0599279999999999,-0.3970373,2.110861,-0.0154381481934339,-0.1977096608377454,0.9801390059189212,0.0087761805448869,-11.343715129355314,1.1001099382645825,1.1144993485577075,0.593412588958589
1297,05/15/2023 12:46:31.573364,1817,True,True,True,True,Eyes,1.342294,-0.3056113,-3.231188,0.01230789,-0.1960166,0.9805233,0.0,0.0,0.0,0.0,0.0,0.0,0.0,-1.432837,0.3006753,3.20163,1.342543,-0.3042514,-3.240196,-0.0006282366,0.01403139,0.0001697978,0.9999014,359.9277,1.60792,0.01844537,0.3822254,-0.08701842,-0.9199625,0,0,0,1.40192,-0.7023888,-1.129527,5.960464e-08,-0.4007999,2.111,0.9996062,0.0003219321,-0.02806023,-0.0003571922,0.9999992,-0.001251584,0.0280598,0.001261114,0.9996054,static,-0.892695881973357,-11.377423000277176,1.6177613981035745e-06,-10.750367476802118,0.059377,-0.3981374,2.110669,-0.0152737637131081,-0.1972480376930237,0.9802345929638424,0.0182227479566726,-11.31659929024008,1.0766008107565324,1.0909204625238549,0.5665249121926014
1298,05/15/2023 12:46:31.593437,1818,True,True,True,True,Eyes,1.342268,-0.3056034,-3.231184,0.01250628,-0.195842,0.9805557,0.0,0.0,0.0,0.0,0.0,0.0,0.0,-1.432113,0.3025701,3.201697,1.342543,-0.3041328,-3.240129,-0.000273867,0.01390999,7.270772e-05,0.9999033,359.9685,1.594017,0.00789435,0.3822206,-0.08701794,-0.9199646,0,0,0,1.401326,-0.7037722,-1.129728,-7.450581e-09,-0.4008,2.111,0.999613,0.0001377825,-0.02781733,-0.0001530203,0.9999998,-0.0005456582,0.02781725,0.0005497037,0.9996129,static,-0.8649657293611949,-11.326545576138718,-2.022202019044815e-07,-10.750370096520475,0.058783,-0.3996394,2.110401,-0.014801979623184,-0.1963789305349531,0.9804163369952132,0.045272720345356,-11.265453205385985,1.0253118690888978,1.0392995460672578,0.5170688992350857
1299,05/15/2023 12:46:31.613074,1819,True,True,True,True,Eyes,1.342231,-0.305598,-3.231179,0.01285435,-0.1955533,0.9806088,0.0,0.0,0.0,0.0,0.0,0.0,0.0,-1.431283,0.3001806,3.20226,1.342559,-0.3040743,-3.240096,-0.0006533224,0.01378144,0.0001137862,0.9999049,359.925,1.579278,0.01200596,0.3822157,-0.08701731,-0.9199666,0,0,0,1.400836,-0.7021092,-1.129378,-4.470348e-08,-0.4008,2.111,0.9996201,0.0002095436,-0.0275604,-0.0002455583,0.9999991,-0.001303384,0.02756009,0.001309657,0.9996193,static,-0.830885178354479,-11.353066827530194,-1.2133210485776811e-06,-10.750370096520475,0.0582769999999999,-0.3980348999999999,2.110718,-0.0142174833091274,-0.1968343943423934,0.9803336322214344,0.0786112016623503,-11.291731029422252,1.013330033332116,1.026455801736965,0.5470389122007736
1300,05/15/2023 12:46:31.623818,1820,True,True,True,True,Eyes,1.342196,-0.3055929,-3.231176,0.0131779,-0.1952969,0.9806556,0.0,0.0,0.0,0.0,0.0,0.0,0.0,-1.430496,0.2987457,3.202762,1.342611,-0.3041407,-3.240084,-0.0008418429,0.01364042,1.056875e-05,0.9999067,359.9035,1.563125,-0.0001048882,0.3822105,-0.08701664,-0.9199689,0,0,0,1.400213,-0.7013855,-1.129198,8.195639e-08,-0.4007998,2.111,0.9996278,-1.830621e-06,-0.0272783,-4.410173e-05,0.9999986,-0.00168324,0.02727826,0.001683817,0.9996265,static,-0.7934864979481547,-11.359597366030538,2.22442219380776e-06,-10.750364857083715,0.0576019999999999,-0.3972448,2.110886,-0.0135772713961365,-0.1969478831282264,0.9803199126010476,0.1151717671235541,-11.297972448128128,0.988100265095307,1.0003942235371843,0.5595874349335439
1301,05/15/2023 12:46:31.643254,1821,True,True,True,True,Eyes,1.34215,-0.305589,-3.231172,0.01357603,-0.1949905,0.9807112,0.0,0.0,0.0,0.0,0.0,0.0,0.0,-1.430076,0.2998242,3.202894,1.342638,-0.3041422,-3.240118,-0.0005777243,0.01354972,-0.0002147036,0.999908,359.9341,1.552747,359.9745,0.3822049,-0.08701593,-0.9199713,0,0,0,1.399674,-0.7025151,-1.129429,9.685755e-08,-0.4007999,2.111,0.9996327,-0.0004450235,-0.02709671,0.0004137114,0.9999992,-0.001161161,0.0270972,0.001149524,0.9996321,static,-0.754723444522754,-11.311318386930711,2.6288625433336536e-06,-10.750367476802118,0.057036,-0.3983729,2.110689,-0.0129162172513251,-0.1961234985679131,0.9804941642496652,0.1530080982179265,-11.24934017032731,0.9286274183731572,0.9403602338581136,0.5219046105721289
1302,05/15/2023 12:46:31.663086,1822,True,True,True,True,Eyes,1.342107,-0.3055869,-3.231167,0.01396161,-0.1946964,0.9807642,0.0,0.0,0.0,0.0,0.0,0.0,0.0,-1.430114,0.2980079,3.203023,1.342641,-0.3041791,-3.240089,-0.0008528137,0.01355216,-0.0002437352,0.9999078,359.9026,1.553035,359.9707,0.3821989,-0.08701524,-0.9199739,0,0,0,1.399668,-0.7013921,-1.129182,2.980232e-08,-0.4007999,2.111,0.9996325,-0.0005105404,-0.02710139,0.0004643103,0.9999984,-0.001712076,0.02710222,0.001698864,0.9996312,static,-0.7318527483958903,-11.325593360829505,8.088806990517875e-07,-10.750367476802118,0.0570269999999999,-0.397213,2.110907,-0.0125242062497639,-0.196368754307441,0.9804501452485735,0.1753770941736334,-11.263448353372493,0.9196861381003226,0.9308568348320184,0.5422258084464185
1303,05/15/2023 12:46:31.678771,1823,True,True,True,True,Eyes,1.342061,-0.3055832,-3.231162,0.01444855,-0.1943219,0.9808314,0.0,0.0,0.0,0.0,0.0,0.0,0.0,-1.430479,0.2979363,3.202854,1.342646,-0.3042241,-3.24007,-0.0008507124,0.013604,-0.0002907075,0.9999071,359.903,1.558981,359.9654,0.3821924,-0.08701461,-0.9199766,0,0,0,1.399854,-0.7014486,-1.12917,9.685755e-08,-0.4007998,2.111,0.9996297,-0.0006045072,-0.02720497,0.0005582147,0.9999984,-0.001709176,0.02720596,0.001693357,0.9996284,static,-0.7083420874474435,-11.30340017182308,2.6288625433336536e-06,-10.750364857083715,0.0572079999999999,-0.3972245,2.1109,-0.0121228255592788,-0.1959899341422938,0.9805309681279992,0.1983331505813111,-11.241047787461708,0.8878688197167085,0.8986658424982792,0.5292492172970794
1304,05/15/2023 12:46:31.693473,1824,True,True,True,True,Eyes,1.342018,-0.3055787,-3.231155,0.01492127,-0.193951,0.9808977,0.0,0.0,0.0,0.0,0.0,0.0,0.0,-1.430373,0.2978694,3.202909,1.342656,-0.3041885,-3.240072,-0.0008158105,0.01357732,-0.0003830719,0.9999076,359.9071,1.555931,359.9548,0.3821855,-0.08701398,-0.9199795,0,0,0,1.399678,-0.7015657,-1.129195,8.195639e-08,-0.4007999,2.111,0.999631,-0.0007882259,-0.0271515,0.0007439199,0.9999984,-0.001641872,0.02715275,0.001621068,0.99963,static,-0.6756392279071497,-11.277624661234505,2.22442219380776e-06,-10.750367476802118,0.0570219999999999,-0.3973772,2.1108770000000003,-0.0115641984503677,-0.1955500929755424,0.9806254958016132,0.230269937201759,-11.214988783417205,0.8467716261398354,0.8570248016488624,0.518552001355159
1305,05/15/2023 12:46:31.713247,1825,True,True,True,True,Eyes,1.341934,-0.3055751,-3.231152,0.01528878,-0.1935328,0.9809747,0.0,0.0,0.0,0.0,0.0,0.0,0.0,-1.43083,0.296915,3.202756,1.342679,-0.3041706,-3.240026,-0.0009591253,0.01364464,-0.000387748,0.9999065,359.8907,1.563654,359.9541,0.3821784,-0.08701336,-0.9199826,0,0,0,1.399983,-0.7009429,-1.129043,7.450581e-08,-0.4007999,2.111,0.9996274,-0.0008015972,-0.02728599,0.0007492497,0.9999979,-0.001928653,0.02728747,0.00190749,0.9996259,static,-0.6618573460638234,-11.269576801239616,2.022202019044814e-06,-10.750367476802118,0.057304,-0.3967723,2.110983,-0.0113286358530266,-0.1954128895552964,0.980655657259559,0.2437319421115867,-11.20682419372644,0.8312016242707284,0.8412111185333337,0.5174524212760578
1306,05/15/2023 12:46:31.723006,1826,True,True,True,True,Eyes,1.341852,-0.3055707,-3.231146,0.01564803,-0.1931298,0.9810485,0.0,0.0,0.0,0.0,0.0,0.0,0.0,-1.431059,0.297204,3.202706,1.342661,-0.3042096,-3.240108,-0.000897792,0.01367796,-0.0004400662,0.9999061,359.8978,1.567475,359.9482,0.38217,-0.08701278,-0.9199861,0,0,0,1.400063,-0.701244,-1.129177,9.685755e-08,-0.4008,2.111,0.9996254,-0.0009046096,-0.02735257,0.0008554898,0.999998,-0.001807454,0.02735415,0.001783377,0.9996242,static,-0.6435991670464452,-11.238942791328668,2.6288625433336536e-06,-10.750370096520475,0.0574019999999999,-0.3970343999999999,2.110931,-0.0110173052196843,-0.1948892264604499,0.9807634517244792,0.2615452947622714,-11.176016082490245,0.7982376290591785,0.8080387056381734,0.4995788941279583
1307,05/15/2023 12:46:31.743142,1827,True,True,True,True,Eyes,1.341692,-0.305565,-3.231138,0.01601721,-0.1927666,0.9811139,0.0,0.0,0.0,0.0,0.0,0.0,0.0,-1.431606,0.2970022,3.202414,1.342647,-0.3041873,-3.240051,-0.0009165981,0.01376374,-0.0004611221,0.9999048,359.8957,1.577309,359.9457,0.3821604,-0.08701222,-0.9199901,0,0,0,1.400395,-0.7011436,-1.129114,2.235174e-07,-0.4007999,2.111,0.9996207,-0.0009473878,-0.02752403,0.0008969245,0.9999979,-0.001845715,0.02752572,0.001820328,0.9996194,static,-0.6314719680138831,-11.219842126504847,6.066605242888384e-06,-10.750367476802118,0.0577480000000001,-0.3969563,2.110937,-0.0108104306863031,-0.1945626845470332,0.98083051249193,0.2733783514921658,-11.15680099301672,0.7772172836561755,0.7868741671448708,0.4898169140065109
1308,05/15/2023 12:46:31.763505,1828,True,True,True,True,Eyes,1.341537,-0.3055616,-3.231133,0.01637288,-0.1924175,0.9811766,0.0,0.0,0.0,0.0,0.0,0.0,0.0,-1.431878,0.296527,3.202305,1.342615,-0.3041849,-3.240033,-0.0009887007,0.01381106,-0.0004641149,0.9999042,359.8875,1.582736,359.9453,0.382148,-0.08701173,-0.9199953,0,0,0,1.400561,-0.700837,-1.129045,2.980232e-08,-0.4007999,2.111,0.9996181,-0.0009554509,-0.02761856,0.0009008308,0.9999976,-0.001990031,0.0276204,0.001964392,0.9996166,static,-0.6161276830567555,-11.207670109745724,8.088806990517875e-07,-10.750367476802118,0.057946,-0.3966521,2.110988,-0.0105481992618233,-0.1943548636870189,0.9808746139781772,0.2883631103193489,-11.144495884175903,0.7578867004817762,0.7672939571469828,0.4883543983522542
1309,05/15/2023 12:46:31.773896,1829,True,True,True,True,Eyes,1.34139,-0.3055572,-3.231127,0.01666256,-0.1920409,0.9812454,0.0,0.0,0.0,0.0,0.0,0.0,0.0,-1.431878,0.2966781,3.202337,1.342589,-0.304238,-3.240084,-0.000992103,0.01381892,-0.0004208667,0.999904,359.887,1.583632,359.9502,0.3821332,-0.08701135,-0.9200015,0,0,0,1.400602,-0.7008733,-1.129095,-1.117587e-07,-0.4007999,2.111,0.9996177,-0.0008690719,-0.02763436,0.000814233,0.9999977,-0.001995647,0.02763603,0.001972384,0.9996161,static,-0.6011753400334521,-11.186043306377888,-3.0333026214442e-06,-10.750367476802118,0.0580129999999998,-0.3966353,2.110989,-0.0102929892291902,-0.1939851062579326,0.980950414711442,0.3029548156472247,-11.122729873913247,0.7332220071030562,0.7424429748180011,0.4800387620001782
1310,05/15/2023 12:46:31.793475,1830,True,True,True,True,Eyes,1.341248,-0.3055545,-3.231124,0.0169441,-0.1916722,0.9813128,0.0,0.0,0.0,0.0,0.0,0.0,0.0,-1.432304,0.2973082,3.202066,1.342572,-0.3042139,-3.240072,-0.0008894524,0.01388802,-0.0004234684,0.9999031,359.8988,1.591546,359.9501,0.3821163,-0.08701104,-0.9200085,0,0,0,1.400874,-0.701283,-1.129172,-1.117587e-07,-0.4007999,2.111,0.9996139,-0.00087156,-0.02777259,0.0008221491,0.999998,-0.001790495,0.0277741,0.00176697,0.9996127,static,-0.5926964835051295,-11.15272415814178,-3.0333026214442e-06,-10.750367476802118,0.0583019999999998,-0.3970691,2.1109,-0.0101489900825013,-0.193414932671202,0.9810646299003905,0.3112069727177414,-11.0893112735094,0.7071273251338225,0.7163633330451934,0.4601462432461462
1311,05/15/2023 12:46:31.813112,1831,True,True,True,True,Eyes,1.341122,-0.3055505,-3.231122,0.01714777,-0.1913163,0.9813787,0.0,0.0,0.0,0.0,0.0,0.0,0.0,-1.432391,0.297018,3.202115,1.342543,-0.3042524,-3.240141,-0.0009800831,0.01391443,-0.0003314573,0.9999028,359.8882,1.594567,359.9604,0.3820977,-0.08701082,-0.9200163,0,0,0,1.40103,-0.7009333,-1.129173,2.980232e-08,-0.4007998,2.111,0.9996126,-0.0006901246,-0.02782551,0.0006355755,0.9999979,-0.001969199,0.02782681,0.001950751,0.9996108,static,-0.5859712178865555,-11.142350302573927,8.088806990517875e-07,-10.750364857083715,0.0584869999999999,-0.3966809,2.110968,-0.010034191983167,-0.1932375218479163,0.9811007596657308,0.3177693491005321,-11.078874175543326,0.6958367513455473,0.7049934791399733,0.4570505633605987
1312,05/15/2023 12:46:31.823265,1832,True,True,True,True,Eyes,1.341001,-0.3055455,-3.231123,0.01734765,-0.1909737,0.9814419,0.0,0.0,0.0,0.0,0.0,0.0,0.0,-1.432704,0.2963023,3.202056,1.34253,-0.3042237,-3.240163,-0.00111121,0.01397038,-0.0002745555,0.9999018,359.8731,1.600978,359.9668,0.3820779,-0.08701063,-0.9200245,0,0,0,1.401301,-0.7003477,-1.129099,8.195639e-08,-0.4007998,2.111,0.9996095,-0.000580105,-0.02793741,0.000518009,0.9999974,-0.002229874,0.02793864,0.002214531,0.9996072,static,-0.5820535596486313,-11.137389630437454,2.22442219380776e-06,-10.750364857083715,0.0587709999999999,-0.396124,2.111064,-0.0099672776968499,-0.1931527039869976,0.9811181297099996,0.3215932607922201,-11.073877717455009,0.6898784022524667,0.6989829117795472,0.4561593641471831
1313,05/15/2023 12:46:31.843227,1833,True,True,True,True,Eyes,1.340859,-0.3055395,-3.23112,0.01750131,-0.190673,0.9814976,0.0,0.0,0.0,0.0,0.0,0.0,0.0,-1.433033,0.296238,3.201964,1.342525,-0.3041946,-3.240217,-0.001121979,0.01402341,-0.0002622358,0.9999011,359.8719,1.607054,359.9681,0.3820571,-0.08701044,-0.9200332,0,0,0,1.401529,-0.7002724,-1.12915,7.450581e-08,-0.4007998,2.111,0.9996065,-0.0005558875,-0.02804347,0.0004929517,0.9999974,-0.002251091,0.02804464,0.002236381,0.9996042,static,-0.5795033610882234,-11.121069266351345,2.022202019044814e-06,-10.750364857083715,0.059004,-0.3960778,2.111067,-0.009924164259764,-0.1928733063633224,0.9811734944660409,0.3240686342921604,-11.05752130415888,0.6787860830268212,0.687930409498541,0.4465022419332503
1314,05/15/2023 12:46:31.863765,1834,True,True,True,True,Eyes,1.340722,-0.3055366,-3.231119,0.01766937,-0.1903757,0.9815523,0.0,0.0,0.0,0.0,0.0,0.0,0.0,-1.434611,0.2950551,3.201301,1.342519,-0.3041854,-3.240156,-0.001279104,0.01426552,-0.0003205061,0.9998975,359.854,1.634815,359.9612,0.382035,-0.08701023,-0.9200423,0,0,0,1.402501,-0.6996034,-1.128993,6.705523e-08,-0.4007999,2.111,0.9995928,-0.0006774405,-0.0285273,0.0006044522,0.9999965,-0.00256709,0.02852894,0.002548801,0.9995897,static,-0.5961892377973875,-11.121731373410672,1.819981844281867e-06,-10.750367476802118,0.0599819999999999,-0.395418,2.111163,-0.0102098825648149,-0.1928840902545766,0.9811684449913042,0.3077604623696631,-11.058315889310116,0.6929109937617298,0.7023922843256519,0.4353706544205626
1315,05/15/2023 12:46:31.873477,1835,True,True,True,True,Eyes,1.340526,-0.305535,-3.23112,0.01786082,-0.1900633,0.9816093,0.0,0.0,0.0,0.0,0.0,0.0,0.0,-1.435877,0.2949861,3.200757,1.342481,-0.3042569,-3.240181,-0.001388889,0.01448797,-0.0001166503,0.9998943,359.8411,1.66028,359.9843,0.3820118,-0.08701009,-0.920052,0,0,0,1.403566,-0.6991991,-1.128961,2.458692e-07,-0.4007999,2.111,0.9995801,-0.0002735205,-0.02897255,0.0001930316,0.9999961,-0.002780864,0.0289732,0.002774104,0.9995763,static,-0.6151283394687226,-11.116207676874597,6.673267395669291e-06,-10.750367476802118,0.061085,-0.3949421999999999,2.1112200000000003,-0.0105344070905314,-0.1927888350132383,0.981183660741424,0.2892434545929614,-11.052936446682882,0.7058050785116053,0.7157025470703141,0.4185760351552383
1316,05/15/2023 12:46:31.893309,1836,True,True,True,True,Eyes,1.340341,-0.3055276,-3.23112,0.01805303,-0.1897894,0.9816588,0.0,0.0,0.0,0.0,0.0,0.0,0.0,-1.435506,0.2962512,3.200917,1.342489,-0.304311,-3.240283,-0.00131357,0.01445302,0.0001446867,0.9998947,359.8492,1.656234,0.01440264,0.3819861,-0.08701011,-0.9200627,0,0,0,1.403633,-0.6995553,-1.129121,0.0,-0.4007998,2.111,0.9995822,0.0002513729,-0.02890338,-0.000327313,0.9999965,-0.002622681,0.02890261,0.002631046,0.9995788,static,-0.6057966176654536,-11.091686794388558,0.0,-10.750364857083715,0.0611439999999998,-0.3952443,2.111162,-0.0103754731968304,-0.1923692238986131,0.9812677305988248,0.2983384821286986,-11.028317945517294,0.6854959904091181,0.6953346006495242,0.4077545453929603
1317,05/15/2023 12:46:31.913377,1837,True,True,True,True,Eyes,1.340208,-0.3055197,-3.231119,0.01813602,-0.1894771,0.9817177,0.0,0.0,0.0,0.0,0.0,0.0,0.0,-1.436627,0.2976222,3.200255,1.342528,-0.3041623,-3.240249,-0.0009832621,0.01460201,-7.437425e-05,0.999893,359.8875,1.673337,359.9898,0.3819585,-0.08701009,-0.9200742,0,0,0,1.404123,-0.7008151,-1.129364,4.470348e-08,-0.4008,2.111,0.9995736,-0.0001774476,-0.02920074,0.0001200174,0.999998,-0.001968486,0.02920104,0.001964142,0.9995717,static,-0.6132407220731269,-11.035525378440768,1.2133210485776811e-06,-10.750370096520475,0.061595,-0.3966528,2.110885,-0.0105049780450956,-0.1914070518617774,0.9814545914473046,0.2910033671188748,-10.972160628228464,0.6660314716604673,0.6762981636327544,0.3658869954921692
1318,05/15/2023 12:46:31.923721,1838,True,True,True,True,Eyes,1.340079,-0.3055146,-3.231117,0.01822556,-0.1891731,0.9817746,0.0,0.0,0.0,0.0,0.0,0.0,0.0,-1.437574,0.2938664,3.200118,1.342515,-0.3041388,-3.240198,-0.00149617,0.01473714,-0.0002285679,0.9998903,359.8289,1.688858,359.9713,0.3819305,-0.08700998,-0.9200858,0,0,0,1.404564,-0.698635,-1.128923,8.940697e-08,-0.4007999,2.111,0.9995655,-0.0005011841,-0.02947036,0.0004129871,0.9999954,-0.002998749,0.02947173,0.002985275,0.9995611,static,-0.6200888398147725,-11.076509732078476,2.426642368570707e-06,-10.750367476802118,0.062049,-0.3944962,2.111275,-0.0106207989989314,-0.1921088013439676,0.9813161595942932,0.284353183993815,-11.01323901773632,0.690424982188438,0.7006296806538885,0.3872425599536593
1319,05/15/2023 12:46:31.943691,1839,True,True,True,True,Eyes,1.339973,-0.3055133,-3.231113,0.01825866,-0.1889175,0.9818231,0.0,0.0,0.0,0.0,0.0,0.0,0.0,-1.438701,0.293019,3.199651,1.342475,-0.3042015,-3.240171,-0.001549203,0.01490054,-0.0004331652,0.9998876,359.8232,1.707623,359.9477,0.3819021,-0.08700987,-0.9200976,0,0,0,1.405052,-0.6984867,-1.128872,8.195639e-08,-0.4007999,2.111,0.9995556,-0.0009124004,-0.02979639,0.000820065,0.9999948,-0.003110966,0.02979908,0.003085149,0.9995511,static,-0.6323935817602917,-11.067612943606488,2.22442219380776e-06,-10.750367476802118,0.0625769999999998,-0.3942852,2.111299,-0.0108318734618488,-0.1919559683307848,0.9813436589209474,0.2723170808795135,-11.004430779631912,0.6970140422942348,0.7075091108142126,0.3724292454845002
1320,05/15/2023 12:46:31.963138,1840,True,True,True,True,Eyes,1.339869,-0.3055121,-3.231108,0.01829733,-0.1886839,0.9818674,0.0,0.0,0.0,0.0,0.0,0.0,0.0,-1.439304,0.2966233,3.198997,1.342421,-0.3042753,-3.240137,-0.001080101,0.01502093,-0.0002502972,0.9998866,359.8767,1.721371,359.9695,0.3818741,-0.08700983,-0.9201092,0,0,0,1.405646,-0.7005305,-1.129225,8.940697e-08,-0.4007999,2.111,0.9995486,-0.0005329856,-0.03003792,0.0004680892,0.9999975,-0.002167476,0.030039,0.002152437,0.9995464,static,-0.6481103216974349,-11.00033933104562,2.426642368570707e-06,-10.750367476802118,0.0632249999999998,-0.3962551999999999,2.110912,-0.0111036082668142,-0.1908030456223972,0.9815655379299812,0.2568845308010782,-10.937215800528234,0.6835500027414296,0.6946481573246327,0.3176487234607837
1321,05/15/2023 12:46:31.973674,1841,True,True,True,True,Eyes,1.339763,-0.3055095,-3.231106,0.01825273,-0.1884735,0.9819086,0.0,0.0,0.0,0.0,0.0,0.0,0.0,-1.439349,0.2983565,3.198769,1.342403,-0.3042723,-3.240098,-0.0009308314,0.01505723,2.816019e-05,0.9998862,359.8933,1.725496,0.001620469,0.3818463,-0.08700988,-0.9201207,0,0,0,1.406001,-0.7011402,-1.129313,9.685755e-08,-0.4007999,2.111,0.9995465,2.828265e-05,-0.03011109,-8.434569e-05,0.9999983,-0.001860603,0.03011099,0.001862299,0.9995449,static,-0.6610969036417772,-10.971101954397875,2.6288625433336536e-06,-10.750367476802118,0.063598,-0.3968679,2.110785,-0.0113272107503397,-0.1903016546329123,0.9816602750693624,0.2441605503632666,-10.908052544193714,0.6855259328633043,0.6969765429890039,0.2906504276787586
1322,05/15/2023 12:46:31.993296,1842,True,True,True,True,Eyes,1.33966,-0.3055051,-3.231105,0.01820035,-0.1882726,0.9819482,0.0,0.0,0.0,0.0,0.0,0.0,0.0,-1.439147,0.2997572,3.198798,1.342419,-0.3042331,-3.240164,-0.000706899,0.01502335,2.744761e-05,0.9998869,359.9189,1.721613,0.001927949,0.3818188,-0.08700996,-0.9201321,0,0,0,1.40587,-0.7020466,-1.129553,1.043081e-07,-0.4007998,2.111,0.9995486,3.364932e-05,-0.03004333,-7.612922e-05,0.999999,-0.001412813,0.03004325,0.001414463,0.9995476,static,-0.6603127202492642,-10.93371551473837,2.831081903850562e-06,-10.750364857083715,0.0634509999999999,-0.3978135,2.110611,-0.0113152046208447,-0.1896611066734299,0.9817844584703512,0.2448876028109063,-10.870623484382811,0.6737565510525929,0.6852985415074063,0.2728198835580511
1323,05/15/2023 12:46:32.523244,1874,True,True,True,True,Eyes,1.336294,-0.3041767,-3.231552,-0.3058275,0.0004684091,0.9520868,0.0,0.0,0.0,0.0,0.0,0.0,0.0,-1.434212,0.2936291,3.201452,1.342348,-0.3044069,-3.240049,-0.001777723,0.01428237,0.000242898,0.9998965,359.7959,1.636653,0.02492184,0.3810983,-0.08681243,-0.9204493,0,0,0,0.7236474,-0.2942989,-1.199569,-0.676725,0.003199989,2.022,0.9995919,0.0004349654,-0.02856264,-0.0005365258,0.9999936,-0.00354814,0.02856091,0.003562016,0.9995857,static,-19.444758916732425,-0.16682954408029,-18.50441521344125,0.0906754258756059,-0.6187006,0.010108,2.04048,-0.3328966045417761,-0.0027456458083143,0.9429593130200404,-18.126486416422363,-0.2416612366661152,0.9713085285984902,0.9749641479928128,0.5032671585604526
1324,05/15/2023 12:46:32.543208,1875,True,True,True,True,Eyes,1.336212,-0.3041727,-3.231551,-0.3062246,0.00050776,0.9519591,0.0,0.0,0.0,0.0,0.0,0.0,0.0,-1.434482,0.2946551,3.201263,1.342434,-0.3042848,-3.24005,-0.001538727,0.01429813,0.0001018234,0.9998966,359.8235,1.638489,0.009145816,0.3810579,-0.08679683,-0.9204675,0,0,0,0.7238001,-0.2949649,-1.199546,-0.676725,0.003200004,2.022,0.9995911,0.0001596239,-0.02859361,-0.0002476276,0.9999952,-0.003074224,0.02859299,0.003080048,0.9995863,static,-19.47042197769816,-0.1423835332003282,-18.50441521344125,0.0906758509174161,-0.6186339,0.0093199,2.0405040000000003,-0.3333192583634474,-0.0023429482201984,0.942811049010281,-18.151595407822366,-0.2173941694474594,0.990791892876613,0.9937231732808968,0.4683897444271817
1325,05/15/2023 12:46:32.563484,1876,True,True,True,True,Eyes,1.336131,-0.3041728,-3.231552,-0.306599,0.0005587369,0.9518386,0.0,0.0,0.0,0.0,0.0,0.0,0.0,-1.434873,0.2931612,3.201177,1.342457,-0.3042564,-3.239996,-0.001665199,0.01433387,-0.0001325949,0.9998959,359.8094,1.642629,359.9821,0.3810196,-0.08678275,-0.9204847,0,0,0,0.723972,-0.2941191,-1.199451,-0.676725,0.003199949,2.022,0.999589,-0.0003128995,-0.02866431,0.0002174246,0.9999945,-0.003333851,0.02866519,0.003326249,0.9995836,static,-19.49704110991785,-0.1629673537637063,-18.50441521344125,0.0906742924307787,-0.6184850000000001,0.0101372999999999,2.040545,-0.3337569754287258,-0.0026812177141485,0.9426553303631832,-18.17759139816371,-0.2382083586010195,1.0211350886127704,1.0245195239917206,0.4636567743301832
1326,05/15/2023 12:46:32.573432,1877,True,True,True,True,Eyes,1.336062,-0.304174,-3.231551,-0.3070456,0.0005695819,0.9516946,0.0,0.0,0.0,0.0,0.0,0.0,0.0,-1.435522,0.2920422,3.201006,1.342413,-0.3043608,-3.240022,-0.001775776,0.01442477,-0.0003165991,0.9998944,359.7971,1.653087,359.9608,0.3809831,-0.08677015,-0.920501,0,0,0,0.7243013,-0.2935357,-1.199367,-0.676725,0.003199996,2.022,0.9995837,-0.0006843615,-0.02884537,0.0005819009,0.9999935,-0.00356031,0.02884761,0.003542042,0.9995775,static,-19.534332401069417,-0.1822285468954354,-18.50441521344125,0.0906756242284507,-0.6181117,0.0108250999999999,2.040655,-0.3343701300285177,-0.0029974199195816,0.9424370367247876,-18.214019811095127,-0.2577829511202935,1.061673417242955,1.0654605107598925,0.4535998990716841
1327,05/15/2023 12:46:32.593355,1878,True,True,True,True,Eyes,1.335995,-0.3041743,-3.23155,-0.3074713,0.0005736053,0.9515572,0.0,0.0,0.0,0.0,0.0,0.0,0.0,-1.436333,0.2945164,3.200395,1.342395,-0.3043815,-3.240007,-0.001383147,0.01455212,-0.0003440461,0.9998932,359.8421,1.667668,359.9583,0.3809486,-0.08675892,-0.9205163,0,0,0,0.7248036,-0.2951161,-1.199187,-0.6767251,0.003199972,2.022,0.9995762,-0.0007282742,-0.02910018,0.0006477634,0.9999959,-0.002776011,0.02910209,0.002755984,0.9995727,static,-19.574529917736687,-0.1378628676869916,-18.504417761633807,0.0906749441615544,-0.6175914,0.0092654,2.04082,-0.3350319021580915,-0.0022670990344469,0.9422040750372872,-18.253355860728472,-0.2136916433893295,1.0916701289895987,1.0942438293559968,0.3945517680907916
1328,05/15/2023 12:46:32.613459,1879,True,True,True,True,Eyes,1.335887,-0.3041746,-3.23155,-0.3079311,0.0005704224,0.9514085,0.0,0.0,0.0,0.0,0.0,0.0,0.0,-1.436426,0.2951664,3.200267,1.342389,-0.3043554,-3.239986,-0.001388058,0.01459156,-8.944879e-05,0.9998927,359.8411,1.672148,359.9874,0.3809159,-0.08674888,-0.9205308,0,0,0,0.7249548,-0.2953995,-1.199117,-0.6767251,0.003199974,2.022,0.9995742,-0.000219386,-0.02917974,0.0001383703,0.9999961,-0.002778429,0.02918024,0.002773208,0.9995703,static,-19.606758329186487,-0.1286764192079685,-18.504417761633807,0.0906750008337957,-0.6174342,0.0089559,2.040869,-0.3355619405618915,-0.002115608204243,0.9420157800426904,-18.2848657760411,-0.2047508774888411,1.121644410324866,1.123952744712474,0.3680754324325394
1329,05/15/2023 12:46:32.623537,1880,True,True,True,True,Eyes,1.335782,-0.3041752,-3.231549,-0.3083748,0.0005721956,0.9512647,0.0,0.0,0.0,0.0,0.0,0.0,0.0,-1.436186,0.2960082,3.200319,1.342386,-0.3043662,-3.240008,-0.001283071,0.01455978,-3.370893e-05,0.9998933,359.8531,1.668496,359.994,0.3808839,-0.08673996,-0.9205449,0,0,0,0.7248212,-0.2959091,-1.199176,-0.6767251,0.00319996,2.022,0.999576,-0.000104773,-0.02911637,3.004808e-05,0.9999967,-0.002566849,0.02911654,0.002564886,0.9995728,static,-19.62983643969856,-0.114291116532639,-18.504417761633807,0.0906746041281062,-0.6175648,0.0084570999999999,2.040832,-0.3359414810396427,-0.0018788253788049,0.9418809189494296,-18.30743761629434,-0.1905338969323891,1.141954751822243,1.1439310064785366,0.3433356939303689
1330,05/15/2023 12:46:32.643624,1881,True,True,True,True,Eyes,1.335667,-0.3041768,-3.231548,-0.3088496,0.0005664349,0.9511107,0.0,0.0,0.0,0.0,0.0,0.0,0.0,-1.436077,0.2955192,3.200406,1.342378,-0.3043757,-3.240003,-0.001286771,0.01452804,-0.0002045257,0.9998938,359.8529,1.664883,359.9744,0.3808525,-0.08673205,-0.9205586,0,0,0,0.7246859,-0.2956825,-1.199211,-0.676725,0.003200003,2.022,0.9995778,-0.0004463963,-0.02905246,0.0003716194,0.9999966,-0.00257921,0.02905351,0.002567325,0.9995745,static,-19.654787723008774,-0.1217698148196858,-18.50441521344125,0.0906758225812954,-0.6176921000000001,0.0086932,2.040792,-0.3363515558017497,-0.0020014561452352,0.9417343494883188,-18.331817257145534,-0.1982170184413059,1.167741867479979,1.1698247986854249,0.3365250779831513
1331,05/15/2023 12:46:32.653212,1882,True,True,True,True,Eyes,1.335556,-0.304177,-3.231549,-0.3093191,0.0005572051,0.9509581,0.0,0.0,0.0,0.0,0.0,0.0,0.0,-1.43567,0.295552,3.200568,1.34236,-0.3044078,-3.23999,-0.001288639,0.01446764,-0.0001998894,0.9998946,359.8527,1.657961,359.9749,0.3808215,-0.08672509,-0.9205722,0,0,0,0.7244217,-0.2957131,-1.199273,-0.676725,0.003199981,2.022,0.9995813,-0.0004370237,-0.02893171,0.0003624496,0.9999966,-0.002582789,0.02893274,0.002571221,0.9995781,static,-19.67615210304417,-0.1223688487176855,-18.50441521344125,0.0906751991866405,-0.6179383,0.0086947,2.040717,-0.3367026726526509,-0.0020110340539234,0.9416088306874248,-18.352698291073096,-0.1989854332498788,1.1888867622743848,1.1909471461000236,0.3269882360519843
1332,05/15/2023 12:46:32.673527,1883,True,True,True,True,Eyes,1.335422,-0.3041756,-3.231552,-0.3098116,0.0005845188,0.9507977,0.0,0.0,0.0,0.0,0.0,0.0,0.0,-1.434454,0.2958508,3.201111,1.34233,-0.304369,-3.240032,-0.001255824,0.01428664,-0.0001542683,0.9998972,359.8564,1.63721,359.9803,0.3807908,-0.08671892,-0.9205855,0,0,0,0.7236517,-0.2958668,-1.199538,-0.676725,0.003199986,2.022,0.9995917,-0.0003443877,-0.02856994,0.0002726217,0.9999968,-0.002515798,0.02857072,0.002506982,0.9995886,static,-19.685086473160126,-0.1151296980925743,-18.50441521344125,0.0906753408672439,-0.6186783,0.0085022,2.040494,-0.3368495609120042,-0.0018919589117996,0.9415564928813056,-18.36143842628663,-0.1918098190903572,1.1965660022346063,1.1984741705966857,0.3166073708259631
1333,05/15/2023 12:46:32.698543,1884,True,True,True,True,Eyes,1.335294,-0.3041758,-3.231555,-0.3102984,0.0006214112,0.9506389,0.0,0.0,0.0,0.0,0.0,0.0,0.0,-1.432538,0.2943372,3.202153,1.342318,-0.3043463,-3.240083,-0.00153193,0.01399837,-5.012602e-05,0.9999009,359.8246,1.604161,359.9918,0.38076,-0.08671345,-0.9205987,0,0,0,0.7224622,-0.2948578,-1.19995,-0.6767251,0.003200004,2.022,0.9996081,-0.0001431312,-0.0279938,5.735317e-05,0.9999953,-0.003064959,0.02799411,0.003062152,0.9996034,static,-19.68141244207172,-0.1405687137829815,-18.504417761633807,0.0906758509174161,-0.6198557999999998,0.0094885,2.040133,-0.3367888823199597,-0.0023100579020981,0.9415772479015252,-18.35782058976495,-0.2172445911435043,1.1970751494530227,1.199495946838765,0.3410362582467446
1334,05/15/2023 12:46:32.713561,1885,True,True,True,True,Eyes,1.335116,-0.3041759,-3.231557,-0.3107932,0.0006836772,0.9504773,0.0,0.0,0.0,0.0,0.0,0.0,0.0,-1.431362,0.2934789,3.202773,1.342351,-0.3043828,-3.240082,-0.001687902,0.01381326,-1.008297e-05,0.9999032,359.8066,1.582942,-0.003827084,0.380729,-0.08670865,-0.920612,0,0,0,0.7217395,-0.294313,-1.200182,-0.676725,0.00319999,2.022,0.9996184,-6.67948e-05,-0.02762381,-2.646702e-05,0.9999943,-0.003375755,0.02762388,0.003375198,0.9996126,static,-19.690035438085346,-0.1531500713024648,-18.50441521344125,0.0906754542117266,-0.6206115000000001,0.0100698,2.0399000000000003,-0.3369304473788045,-0.0025166800043369,0.9415261644515878,-18.36623549137853,-0.2299063354901818,1.2077570818423835,1.2104322384906074,0.3490935683707294
1335,05/15/2023 12:46:32.723391,1886,True,True,True,True,Eyes,1.334947,-0.3041764,-3.231561,-0.3112748,0.0007348716,0.9503196,0.0,0.0,0.0,0.0,0.0,0.0,0.0,-1.430525,0.2928999,3.203207,1.342394,-0.3044032,-3.240068,-0.001770164,0.01367344,-3.480277e-05,0.9999051,359.7972,1.566924,359.9932,0.3806968,-0.08670449,-0.9206257,0,0,0,0.7212127,-0.2939674,-1.200344,-0.676725,0.003199951,2.022,0.999626,-0.0001180074,-0.02734416,2.11905e-05,0.9999937,-0.003540944,0.02734441,0.003539041,0.9996198,static,-19.703049626205942,-0.1604702630686959,-18.50441521344125,0.0906743491030201,-0.6211813,0.0104357999999999,2.039724,-0.3371441769998032,-0.0026367563003421,0.941449273581326,-18.37894791522651,-0.237336482556366,1.2218511161143546,1.224662431728288,0.3511881954268792
1336,05/15/2023 12:46:32.743211,1887,True,True,True,True,Eyes,1.334782,-0.3041751,-3.231564,-0.3117312,0.0008086354,0.95017,0.0,0.0,0.0,0.0,0.0,0.0,0.0,-1.430039,0.2936209,3.203436,1.342445,-0.3044088,-3.240124,-0.00164319,0.01358611,-7.175012e-05,0.9999065,359.8118,1.556921,359.9892,0.3806637,-0.08670092,-0.9206397,0,0,0,0.7209072,-0.294441,-1.200506,-0.676725,0.003199993,2.022,0.9996308,-0.0001881358,-0.02716945,9.883766e-05,0.9999946,-0.003288022,0.02716991,0.003284122,0.9996254,static,-19.720541890663768,-0.1428125692694815,-18.50441521344125,0.0906755392200886,-0.6215378000000001,0.0099677999999999,2.039618,-0.3374318513554076,-0.0023463590163537,0.9413470476582364,-18.396063567829167,-0.2197997896195597,1.2359404547553623,1.2383379150532063,0.3288388798863875
1337,05/15/2023 12:46:32.763283,1888,True,True,True,True,Eyes,1.334625,-0.3041754,-3.231566,-0.312169,0.0008878737,0.9500262,0.0,0.0,0.0,0.0,0.0,0.0,0.0,-1.429824,0.2940141,3.203457,1.342481,-0.304374,-3.240074,-0.001559862,0.01354347,-0.0001110567,0.9999071,359.8214,1.55204,359.9849,0.3806298,-0.08669782,-0.920654,0,0,0,0.7207705,-0.2946937,-1.200507,-0.676725,0.003199999,2.022,0.9996331,-0.0002643445,-0.02708407,0.0001798411,0.9999951,-0.003122441,0.02708477,0.003116425,0.9996283,static,-19.742045480482183,-0.1299456570837815,-18.50441521344125,0.0906757092368127,-0.6217105,0.0096802999999999,2.039567,-0.3377852883048332,-0.0021346732020827,0.9412208007382156,-18.41709486199574,-0.2070902387813947,1.2550354095474705,1.257140590854094,0.3103053392640048
1338,05/15/2023 12:46:32.773799,1889,True,True,True,True,Eyes,1.334442,-0.3041775,-3.231571,-0.3125665,0.0009566307,0.9498954,0.0,0.0,0.0,0.0,0.0,0.0,0.0,-1.429905,0.2933194,3.203512,1.342531,-0.3044134,-3.240077,-0.001661735,0.01354568,-0.0001390224,0.999907,359.8098,1.5523,359.9815,0.3805954,-0.08669517,-0.9206685,0,0,0,0.7208295,-0.294283,-1.200509,-0.676725,0.003199962,2.022,0.999633,-0.0003230376,-0.02708837,0.0002330003,0.9999945,-0.003326926,0.02708929,0.003319393,0.9996275,static,-19.76627751685029,-0.1385962788518396,-18.50441521344125,0.0906746608003476,-0.6217014999999999,0.0101303999999999,2.039568,-0.3381832131977748,-0.0022764346794612,0.9410775393994294,-18.440770271390143,-0.2159407428590106,1.2802853692120542,1.2825215930087808,0.3131512165230717
1339,05/15/2023 12:46:32.793827,1890,True,True,True,True,Eyes,1.334266,-0.3041772,-3.231574,-0.3129587,0.001024485,0.9497662,0.0,0.0,0.0,0.0,0.0,0.0,0.0,-1.429584,0.2962014,3.203471,1.342565,-0.304462,-3.240138,-0.001257594,0.01349816,-5.640136e-05,0.9999082,359.856,1.546833,359.9916,0.38056,-0.08669301,-0.9206833,0,0,0,0.7206687,-0.2960805,-1.200622,-0.676725,0.003199984,2.022,0.9996356,-0.0001467426,-0.02699369,7.884193e-05,0.9999968,-0.00251648,0.02699398,0.002513435,0.9996324,static,-19.78446659423726,-0.0846528573640361,-18.50441521344125,0.0906752841950025,-0.6218963,0.0083814999999999,2.039516,-0.3384825048106403,-0.0013902594506922,0.9409716750537288,-18.458605245323422,-0.1620884756372657,1.2907238682373237,1.2920029004225642,0.2568814346415491
1340,05/15/2023 12:46:32.813412,1891,True,True,True,True,Eyes,1.334056,-0.3041766,-3.231578,-0.3133125,0.001146969,0.9496495,0.0,0.0,0.0,0.0,0.0,0.0,0.0,-1.428682,0.296,3.203862,1.342583,-0.3044047,-3.240106,-0.001293192,0.01335774,-2.547507e-05,0.9999101,359.8519,1.530737,-0.00489845,0.3805238,-0.08669122,-0.9206984,0,0,0,0.720113,-0.295919,-1.200766,-0.6767251,0.003199955,2.022,0.9996431,-8.549376e-05,-0.026713,1.639721e-05,0.9999967,-0.002586833,0.02671313,0.002585471,0.9996398,static,-19.789716057343558,-0.0800580434638444,-18.504417761633807,0.0906744624475028,-0.6224700000000001,0.0084856999999999,2.03934,-0.3385687804662122,-0.001314755332531,0.9409408394561394,-18.463740943999976,-0.15753066050688,1.295381645458269,1.296588330014253,0.2515161755307524
1341,05/15/2023 12:46:32.823946,1892,True,True,True,True,Eyes,1.333855,-0.304176,-3.231582,-0.3136505,0.001259899,0.9495376,0.0,0.0,0.0,0.0,0.0,0.0,0.0,-1.427925,0.2939777,3.204415,1.342617,-0.3044225,-3.240119,-0.001490374,0.01320806,-0.0003028827,0.9999117,359.8297,1.513632,359.963,0.3804861,-0.08668977,-0.9207141,0,0,0,0.7195402,-0.2947756,-1.200969,-0.676725,0.003200015,2.022,0.9996509,-0.0006450817,-0.02641287,0.0005663418,0.9999954,-0.002988485,0.02641468,0.002972483,0.9996467,static,-19.792964594101,-0.1068931624497896,-18.50441521344125,0.0906761626147435,-0.6230768,0.0096468999999999,2.03915,-0.3386218434988014,-0.0017554193806944,0.9409208483808672,-18.466887792524428,-0.1844175903760636,1.3019850244762468,1.30360774184763,0.2776416399880166
1342,05/15/2023 12:46:32.843218,1893,True,True,True,True,Eyes,1.333654,-0.3041748,-3.231586,-0.3139864,0.001433354,0.9494264,0.0,0.0,0.0,0.0,0.0,0.0,0.0,-1.42819,0.2942697,3.204286,1.342618,-0.3044257,-3.240135,-0.00134836,0.01322824,-0.0005289466,0.9999116,359.8463,1.515974,359.9373,0.3804472,-0.08668863,-0.9207304,0,0,0,0.7196264,-0.2950617,-1.200957,-0.676725,0.003200001,2.022,0.9996495,-0.001093473,-0.02645271,0.001022127,0.9999958,-0.002710476,0.02645557,0.002682488,0.9996464,static,-19.815544104322523,-0.088976543654116,-18.50441521344125,0.090675765909054,-0.6229916000000001,0.009364,2.039178,-0.3389928034840765,-0.0014609822527323,0.9407878334791928,-18.48897602076088,-0.1666619138720673,1.3220644512064923,1.323379734178721,0.2578004074972584
1343,05/15/2023 12:46:32.863202,1894,True,True,True,True,Eyes,1.333462,-0.3041734,-3.23159,-0.3143146,0.001612246,0.9493176,0.0,0.0,0.0,0.0,0.0,0.0,0.0,-1.427555,0.2932352,3.204677,1.342634,-0.3044145,-3.240142,-0.001526117,0.01313058,-0.0004847389,0.9999126,359.8259,1.504787,359.9422,0.3804072,-0.08668775,-0.9207469,0,0,0,0.7192438,-0.2943861,-1.20109,-0.676725,0.003199998,2.022,0.9996547,-0.001009471,-0.02625738,0.0009293153,0.9999948,-0.003064696,0.02626034,0.003039236,0.9996505,static,-19.82416341570172,-0.0967923110709268,-18.50441521344125,0.090675680900692,-0.6233902000000001,0.0100283999999999,2.039052,-0.3391342898800896,-0.0015892299371653,0.940736722232006,-18.49739234488145,-0.1745533960416833,1.3315699245903496,1.3329964611294414,0.2653220381696791
1344,05/15/2023 12:46:32.873801,1895,True,True,True,True,Eyes,1.333299,-0.3041731,-3.231591,-0.314598,0.00177412,0.9492233,0.0,0.0,0.0,0.0,0.0,0.0,0.0,-1.427073,0.2921976,3.204994,1.342663,-0.304413,-3.240138,-0.001706481,0.01305495,-0.0004389705,0.9999133,359.8051,1.496122,359.9471,0.3803665,-0.08668709,-0.9207638,0,0,0,0.7189642,-0.2937115,-1.201183,-0.6767251,0.003200029,2.022,0.9996588,-0.0009224209,-0.02610615,0.0008333087,0.9999937,-0.003424127,0.02610914,0.003401204,0.9996533,static,-19.832609246996725,-0.105877672224182,-18.504417761633807,0.090676559320433,-0.6236987999999999,0.0107014999999999,2.038955,-0.3392728312733407,-0.00173830947686,0.94068636994941,-18.505637770183345,-0.1837143382280401,1.3410940882318172,1.3426563922793684,0.2743936097621766
1345,05/15/2023 12:46:32.893283,1896,True,True,True,True,Eyes,1.333144,-0.3041728,-3.231595,-0.3148721,0.001913384,0.9491321,0.0,0.0,0.0,0.0,0.0,0.0,0.0,-1.42732,0.2916079,3.20488,1.342688,-0.3044373,-3.240068,-0.001755602,0.01307992,-0.0005463839,0.9999129,359.7997,1.499008,359.9348,0.3803259,-0.08668663,-0.9207806,0,0,0,0.7190928,-0.2933967,-1.201084,-0.676725,0.003199951,2.022,0.9996573,-0.001138599,-0.02615565,0.001046746,0.9999932,-0.003525191,0.02615949,0.003496604,0.9996517,static,-19.852022033671503,-0.1073393293715638,-18.50441521344125,0.0906743491030201,-0.6235952000000001,0.0110406,2.038984,-0.3395915048675009,-0.0017620915587824,0.9405712883680408,-18.524610396385267,-0.1853307974176141,1.3605115358881663,1.362076928368634,0.2767429968761977
1346,05/15/2023 12:46:32.913193,1897,True,True,True,True,Eyes,1.332973,-0.3041707,-3.231596,-0.315118,0.002038848,0.9490503,0.0,0.0,0.0,0.0,0.0,0.0,0.0,-1.427212,0.2929581,3.20488,1.342714,-0.3044367,-3.240131,-0.00152061,0.01305332,-0.0006055263,0.9999135,359.8267,1.495953,359.9283,0.3802856,-0.08668636,-0.9207973,0,0,0,0.7190108,-0.2942735,-1.201175,-0.676725,0.003200022,2.022,0.9996585,-0.001250645,-0.02610253,0.001171249,0.9999946,-0.003056764,0.02610622,0.003025148,0.9996545,static,-19.863825345430087,-0.0750093450745739,-18.50441521344125,0.0906763609675883,-0.6237032,0.0101631999999999,2.038956,-0.3397855551873144,-0.0012312685015249,0.940502122921146,-18.536181102105896,-0.1530625715352379,1.3683924431436842,1.3694698463787365,0.245800201180292
1347,05/15/2023 12:46:32.923548,1898,True,True,True,True,Eyes,1.332809,-0.3041712,-3.231597,-0.3153568,0.002167454,0.9489707,0.0,0.0,0.0,0.0,0.0,0.0,0.0,-1.427421,0.2929944,3.204697,1.342717,-0.3043975,-3.240048,-0.001495622,0.01308299,-0.0006364933,0.9999132,359.8296,1.499357,359.9248,0.3802451,-0.08668621,-0.920814,0,0,0,0.7191352,-0.2942956,-1.201054,-0.6767251,0.003199965,2.022,0.9996569,-0.00131201,-0.0261618,0.001233741,0.9999947,-0.003007638,0.02616562,0.00297433,0.9996532,static,-19.88165132402545,-0.0655447027595144,-18.504417761633807,0.0906747458087096,-0.6235818,0.0101018999999999,2.038994,-0.3400782133486037,-0.0010757867162433,0.9403965387591208,-18.55361429166461,-0.143729548945134,1.385122465841366,1.3860652226677288,0.2395113190772385
1348,05/15/2023 12:46:32.943354,1899,True,True,True,True,Eyes,1.332688,-0.3041733,-3.231598,-0.3155895,0.00229831,0.9488931,0.0,0.0,0.0,0.0,0.0,0.0,0.0,-1.427227,0.2923425,3.204883,1.342722,-0.3044667,-3.240079,-0.001586881,0.01304735,-0.0006843983,0.9999135,359.8192,1.495288,359.9192,0.3802047,-0.08668624,-0.9208307,0,0,0,0.7189956,-0.2939318,-1.201132,-0.676725,0.003199989,2.022,0.9996586,-0.001410087,-0.02609027,0.001327269,0.999994,-0.003191346,0.02609461,0.003155627,0.9996545,static,-19.89162309227248,-0.0699989383963348,-18.50441521344125,0.0906754258756059,-0.6237264,0.0105348999999999,2.0389470000000003,-0.340241869692042,-0.0011488219136678,0.940337322604708,-18.563356058478448,-0.1482669098938092,1.3954894552350343,1.3964819907272858,0.2461045774394353
1349,05/15/2023 12:46:32.963485,1900,True,True,True,True,Eyes,1.33257,-0.3041738,-3.231598,-0.31581,0.002416703,0.9488193,0.0,0.0,0.0,0.0,0.0,0.0,0.0,-1.427366,0.2929952,3.204748,1.342718,-0.3044937,-3.240064,-0.001475887,0.01306666,-0.0007168292,0.9999133,359.832,1.497497,359.9156,0.3801653,-0.08668644,-0.9208469,0,0,0,0.7190704,-0.2943674,-1.201091,-0.676725,0.003199945,2.022,0.9996575,-0.001472104,-0.02612893,0.001394964,0.9999946,-0.002970252,0.02613316,0.002932786,0.9996541,static,-19.907167623534782,-0.0513141889788038,-18.50441521344125,0.090674179086296,-0.6236476000000001,0.0101262999999999,2.038973,-0.3404970318497967,-0.0008420852303055,0.9402451397374108,-18.578569068403773,-0.1296867719150908,1.4091600442613377,1.4099202178453247,0.2325032105843675
1350,05/15/2023 12:46:32.973917,1901,True,True,True,True,Eyes,1.332433,-0.3041732,-3.231598,-0.3159814,0.002536458,0.9487621,0.0,0.0,0.0,0.0,0.0,0.0,0.0,-1.42755,0.2935963,3.204578,1.34269,-0.3044559,-3.240047,-0.001395442,0.01310386,-0.0006734086,0.9999131,359.8411,1.501746,359.9207,0.380127,-0.08668675,-0.9208627,0,0,0,0.7191938,-0.2947128,-1.201026,-0.676725,0.003200024,2.022,0.9996557,-0.001383271,-0.02620356,0.001310128,0.9999952,-0.002808289,0.02620732,0.002772992,0.9996527,static,-19.921786248788955,-0.0330265765507315,-18.50441521344125,0.0906764176398296,-0.6234962,0.0097431,2.039021,-0.3407370466589566,-0.0005419286256847,0.9401585890205184,-18.59287667391732,-0.1114968423763352,1.4221946161176693,1.4227589685587432,0.2206795347446688
1351,05/15/2023 12:46:32.993497,1902,True,True,True,True,Eyes,1.332299,-0.3041729,-3.231599,-0.316142,0.002653831,0.9487082,0.0,0.0,0.0,0.0,0.0,0.0,0.0,-1.428015,0.2933116,3.204394,1.342657,-0.3044363,-3.24006,-0.001463704,0.01318751,-0.000610308,0.9999119,359.8332,1.511328,359.9279,0.3800892,-0.08668713,-0.9208783,0,0,0,0.7195005,-0.2944981,-1.200935,-0.676725,0.003199993,2.022,0.9996514,-0.001259114,-0.02637091,0.001181903,0.9999949,-0.002943247,0.02637448,0.002911053,0.9996479,static,-19.94107032615675,-0.0312133691480563,-18.50441521344125,0.0906755392200886,-0.6231565,0.0099382,2.0391250000000003,-0.3410534376938839,-0.0005121134104456,0.9400438001004292,-18.61172695128256,-0.1098342295035791,1.4412763794625556,1.4418164997234468,0.22742026389955
1352,05/15/2023 12:46:33.013239,1903,True,True,True,True,Eyes,1.332167,-0.3041724,-3.2316,-0.3162756,0.002798408,0.9486632,0.0,0.0,0.0,0.0,0.0,0.0,0.0,-1.428261,0.2931196,3.204293,1.342579,-0.3044449,-3.240083,-0.001499527,0.01323876,-0.0005993812,0.9999112,359.8291,1.517202,359.929,0.3800519,-0.08668759,-0.9208937,0,0,0,0.7196321,-0.2943754,-1.200895,-0.6767249,0.003199974,2.022,0.9996487,-0.00123836,-0.02647336,0.001158952,0.9999948,-0.003014657,0.02647696,0.002982917,0.9996449,static,-19.95501916889821,-0.02609193544937,-18.504412665248605,0.0906750008337957,-0.6229469,0.0100695,2.039188,-0.3412822802903426,-0.0004280489176253,0.9399607306748954,-18.625366027796467,-0.1048180142147811,1.4548095990275307,1.4552985074683138,0.2298852645221474
1353,05/15/2023 12:46:33.023670,1904,True,True,True,True,Eyes,1.332039,-0.3041721,-3.231602,-0.3164024,0.002941811,0.9486205,0.0,0.0,0.0,0.0,0.0,0.0,0.0,-1.428584,0.2933634,3.204118,1.342551,-0.3044381,-3.240087,-0.001495291,0.01330116,-0.0005188304,0.9999104,359.8295,1.52434,359.9383,0.3800151,-0.08668812,-0.9209088,0,0,0,0.719857,-0.2944906,-1.200821,-0.676725,0.003199988,2.022,0.9996456,-0.001077346,-0.02659839,0.0009977894,0.999995,-0.003004115,0.02660149,0.002976511,0.9996417,static,-19.969826031847862,-0.013635328724394,-18.50441521344125,0.0906753975394852,-0.6226940000000001,0.0099474999999999,2.039266,-0.3415252098752839,-0.0002236721786621,0.9398725801875324,-18.639851470842704,-0.0924662585845963,1.4687373724552153,1.4691186454186878,0.2277802582024714
1354,05/15/2023 12:46:33.043636,1905,True,True,True,True,Eyes,1.331912,-0.3041713,-3.231606,-0.3165343,0.003069335,0.9485762,0.0,0.0,0.0,0.0,0.0,0.0,0.0,-1.428595,0.2930226,3.204136,1.342497,-0.3044431,-3.2401,-0.001590156,0.01331994,-0.0004229692,0.99991,359.8185,1.526481,359.9491,0.3799788,-0.0866887,-0.9209237,0,0,0,0.719879,-0.2942348,-1.200813,-0.676725,0.003200008,2.022,0.9996448,-0.0008882237,-0.02663614,0.0008035006,0.9999946,-0.003191294,0.02663884,0.003168758,0.9996401,static,-19.979930684131787,-0.0129369132779039,-18.50441521344125,0.0906759642618988,-0.622618,0.0102083,2.039287,-0.3416909958715236,-0.0002122018803909,0.9398124331008608,-18.649728551192453,-0.0918469982863622,1.478775557388223,1.4791489217246518,0.2333036604637604
1355,05/15/2023 12:46:33.063222,1906,True,True,True,True,Eyes,1.331791,-0.3041697,-3.231608,-0.3166595,0.003191099,0.9485339,0.0,0.0,0.0,0.0,0.0,0.0,0.0,-1.428441,0.2933236,3.20422,1.34246,-0.3044292,-3.240159,-0.001552159,0.01330394,-0.0003976525,0.9999103,359.8228,1.52464,359.9521,0.379943,-0.08668931,-0.9209384,0,0,0,0.7197762,-0.2944081,-1.200891,-0.6767249,0.003200027,2.022,0.9996457,-0.0008365334,-0.02660426,0.0007539339,0.9999949,-0.00311462,0.02660672,0.003093459,0.9996412,static,-19.985664222704774,-0.0001207203289578,-18.504412665248605,0.0906765026481916,-0.6226838,0.0100211,2.039268,-0.3417850122450622,-1.9800817684509017e-06,0.939778158345367,-18.655346054943102,-0.0790636188992725,1.4837513507435394,1.4840317759962849,0.2271400382751134
1356,05/15/2023 12:46:33.073893,1907,True,True,True,True,Eyes,1.331655,-0.3041683,-3.231609,-0.3167588,0.003306603,0.9485003,0.0,0.0,0.0,0.0,0.0,0.0,0.0,-1.428493,0.2934178,3.204159,1.342466,-0.3044093,-3.24013,-0.001584019,0.01332196,-0.0002824543,0.99991,359.8189,1.526687,359.9652,0.3799078,-0.08668992,-0.9209529,0,0,0,0.7198534,-0.2944086,-1.20084,-0.676725,0.003200025,2.022,0.9996449,-0.000607062,-0.02664063,0.0005226531,0.9999948,-0.003175278,0.02664242,0.003160227,0.99964,static,-19.9937103390283,0.0078821643164455,-18.50441521344125,0.0906764459759503,-0.6226126,0.0100006999999999,2.0392900000000003,-0.3419169645871262,0.0001292784072199,0.9397301009947212,-18.663218811023924,-0.0711165086557764,1.491366209499128,1.4915947385844677,0.2267058507706943
1357,05/15/2023 12:46:33.099196,1908,True,True,True,True,Eyes,1.331525,-0.3041665,-3.23161,-0.3168461,0.003410986,0.9484709,0.0,0.0,0.0,0.0,0.0,0.0,0.0,-1.428992,0.2924912,3.203975,1.342449,-0.3044205,-3.24009,-0.001737982,0.01340419,-0.0002628794,0.9999087,359.8013,1.536112,359.9672,0.3798729,-0.08669055,-0.9209672,0,0,0,0.7201725,-0.2938198,-1.2007,-0.6767251,0.003200016,2.022,0.9996405,-0.0005723031,-0.02680502,0.0004791182,0.9999938,-0.003482693,0.02680684,0.003468599,0.9996346,static,-20.008399929199555,-0.0026875349684745,-18.504417761633807,0.0906761909508642,-0.6222765,0.0106006999999999,2.03939,-0.3421579272240683,-4.407518636890856e-05,0.9396425304085694,-18.677565356642894,-0.0818125662740319,1.5065839996186166,1.5068772828844783,0.2444022524986654
1358,05/15/2023 12:46:33.113519,1909,True,True,True,True,Eyes,1.331401,-0.3041641,-3.23161,-0.3168908,0.00354909,0.9484555,0.0,0.0,0.0,0.0,0.0,0.0,0.0,-1.429645,0.2930427,3.20364,1.342431,-0.3044055,-3.240106,-0.001659262,0.01351111,-0.0002416437,0.9999074,359.8102,1.548359,359.9698,0.3798382,-0.08669119,-0.9209815,0,0,0,0.7205899,-0.2941519,-1.200582,-0.676725,0.00319999,2.022,0.9996348,-0.0005280795,-0.02701892,0.0004384057,0.9999944,-0.003324746,0.02702053,0.003311687,0.9996294,static,-20.02335479061253,0.0156583214503379,-18.50441521344125,0.0906754542117266,-0.6218410999999999,0.0102535999999999,2.039524,-0.3424031752960507,0.0002567698087335,0.9395531971427512,-18.692201662673533,-0.063566992559052,1.5206102646869402,1.520790915709651,0.2430112814276443
1359,05/15/2023 12:46:33.123051,1910,True,True,True,True,Eyes,1.331283,-0.3041647,-3.231611,-0.3169245,0.003672412,0.9484436,0.0,0.0,0.0,0.0,0.0,0.0,0.0,-1.430442,0.2933441,3.203212,1.342405,-0.3043914,-3.240073,-0.001626796,0.01364311,-0.0002035382,0.9999058,359.8139,1.563478,359.9741,0.379804,-0.08669182,-0.9209955,0,0,0,0.7211021,-0.294319,-1.200384,-0.676725,0.003200004,2.022,0.9996276,-0.0004514271,-0.02728299,0.000362649,0.9999946,-0.003258839,0.02728431,0.003247731,0.9996224,static,-20.04051727653397,0.0284594841305381,-18.50441521344125,0.0906758509174161,-0.6213029000000001,0.0100723999999999,2.039689,-0.3426845141199437,0.0004666360290819,0.9394503678876828,-18.70898986811696,-0.0508889567658338,1.5372435729699463,1.5373615139367451,0.2487797903972166
1360,05/15/2023 12:46:33.143313,1911,True,True,True,True,Eyes,1.331195,-0.3041648,-3.231612,-0.317019,0.003827107,0.9484115,0.0,0.0,0.0,0.0,0.0,0.0,0.0,-1.431159,0.29425,3.202851,1.342394,-0.3044586,-3.240114,-0.00153702,0.01376552,-0.0001098606,0.9999042,359.8241,1.577487,359.985,0.3797702,-0.0866925,-0.9210094,0,0,0,0.7215893,-0.2948723,-1.200271,-0.676725,0.003199985,2.022,0.999621,-0.0002620159,-0.02752806,0.0001773844,0.9999953,-0.00307677,0.02752873,0.003070721,0.9996163,static,-20.060237372499945,0.0520183097490651,-18.50441521344125,0.0906753125311232,-0.6208047000000001,0.0095863,2.0398430000000003,-0.3430077776793833,0.0008528112851727,0.9393322115234856,-18.72828923676753,-0.0274629845427843,1.5562639260514228,1.5563023338934354,0.2531328417171888
1361,05/15/2023 12:46:33.163129,1912,True,True,True,True,Eyes,1.331111,-0.3041618,-3.231614,-0.3171001,0.003992292,0.9483837,0.0,0.0,0.0,0.0,0.0,0.0,0.0,-1.431402,0.2952742,3.202667,1.342379,-0.3044352,-3.240141,-0.001392405,0.01380978,-6.818444e-05,0.9999038,359.8406,1.58255,359.99,0.3797378,-0.0866932,-0.9210227,0,0,0,0.7217538,-0.2954904,-1.20024,-0.6767251,0.003199968,2.022,0.9996186,-0.0001748134,-0.02761672,9.789795e-05,0.9999961,-0.002786425,0.0276171,0.002782659,0.9996147,static,-20.07020926008853,0.0804368408599005,-18.504417761633807,0.0906748308170716,-0.6206252,0.0089448,2.039901,-0.343171080341412,0.0013186333123937,0.9392720186743608,-18.738065774727243,0.0009044472022548,1.5658247095629472,1.5658249688491517,0.2503000515318803
1362,05/15/2023 12:46:33.173856,1913,True,True,True,True,Eyes,1.331013,-0.3041625,-3.231616,-0.3172021,0.004196465,0.9483487,0.0,0.0,0.0,0.0,0.0,0.0,0.0,-1.432305,0.2937002,3.2024,1.342374,-0.3043684,-3.240141,-0.001555553,0.01393599,-0.0002326302,0.9999018,359.8221,1.597045,359.9709,0.3797065,-0.08669382,-0.9210355,0,0,0,0.7222666,-0.2945474,-1.200087,-0.676725,0.003199985,2.022,0.9996115,-0.0005085709,-0.02786851,0.0004218584,0.9999951,-0.003117284,0.02786996,0.003104317,0.9996067,static,-20.09088304732083,0.0674969257069533,-18.50441521344125,0.0906753125311232,-0.6201074,0.0098209999999999,2.040054,-0.3435100572936154,0.0011063582246399,0.9391483673329856,-18.75825880958943,-0.0122114159013129,1.5866274082617822,1.5866371436312532,0.2739018988487881
1363,05/15/2023 12:46:33.193786,1914,True,True,True,True,Eyes,1.330918,-0.3041638,-3.231621,-0.3173145,0.004390377,0.9483102,0.0,0.0,0.0,0.0,0.0,0.0,0.0,-1.432357,0.2944561,3.202295,1.342343,-0.3044536,-3.240134,-0.001566429,0.01397398,3.428099e-05,0.9999013,359.8205,1.601351,0.001419608,0.3796759,-0.08669449,-0.921048,0,0,0,0.7223864,-0.2949344,-1.200033,-0.676725,0.003199996,2.022,0.9996095,2.477669e-05,-0.02794531,-0.0001123336,0.9999951,-0.003131591,0.02794509,0.003133507,0.9996046,static,-20.101949162611305,0.0888514444088417,-18.50441521344125,0.0906756242284507,-0.6199566000000001,0.0095192,2.040101,-0.3436912777488387,0.001456282140683,0.9390815659921076,-18.76909740498234,0.0090764758365957,1.5975342360133478,1.5975349906599516,0.2769748788920591
1364,05/15/2023 12:46:33.213367,1915,True,True,True,True,Eyes,1.330809,-0.3041616,-3.231625,-0.31743,0.004592633,0.9482706,0.0,0.0,0.0,0.0,0.0,0.0,0.0,-1.431046,0.2947397,3.202973,1.342357,-0.3044661,-3.240244,-0.001605623,0.01378419,0.0002235309,0.9999038,359.8157,1.579566,0.02307624,0.379646,-0.08669521,-0.9210603,0,0,0,0.7216237,-0.2950337,-1.200378,-0.6767251,0.003199987,2.022,0.9996199,0.0004027543,-0.02756644,-0.000491283,0.9999948,-0.003204774,0.027565,0.003217098,0.9996148,static,-20.08711112528419,0.104294934380514,-18.504417761633807,0.0906753692033645,-0.6207333,0.0094324,2.039866,-0.3434479364660431,0.0017095639668836,0.9391701764485992,-18.754610904231363,0.0246522453829246,1.5827365365626536,1.5827519628478033,0.2587579206166456
1365,05/15/2023 12:46:33.223650,1916,True,True,True,True,Eyes,1.330705,-0.3041563,-3.231624,-0.3175428,0.004824638,0.9482317,0.0,0.0,0.0,0.0,0.0,0.0,0.0,-1.431187,0.2945853,3.202888,1.342392,-0.304391,-3.2402,-0.001534771,0.01378294,3.024465e-05,0.9999039,359.8241,1.579458,0.001041424,0.3796164,-0.08669588,-0.9210724,0,0,0,0.7216561,-0.2949957,-1.200335,-0.6767251,0.003199983,2.022,0.99962,1.817625e-05,-0.02756331,-0.0001027907,0.9999953,-0.003068412,0.02756312,0.00307008,0.9996154,static,-20.093863851287093,0.1188273232106974,-18.504417761633807,0.0906752558588818,-0.6207359,0.0093952999999999,2.0398650000000003,-0.3435584787010164,0.0019476893727366,0.939129299972752,-18.761226376734157,0.0391454402139637,1.589649975879099,1.5896953830247806,0.2619274454694609
1366,05/15/2023 12:46:33.243234,1917,True,True,True,True,Eyes,1.33059,-0.3041523,-3.231622,-0.3176827,0.005073547,0.9481834,0.0,0.0,0.0,0.0,0.0,0.0,0.0,-1.431205,0.291146,3.203107,1.342409,-0.3043274,-3.240113,-0.001934848,0.01375623,-0.0002572243,0.9999036,359.7787,1.576463,359.9675,0.3795872,-0.08669643,-0.9210844,0,0,0,0.7215686,-0.2929338,-1.20029,-0.676725,0.003199995,2.022,0.9996214,-0.0005676315,-0.02750881,0.0004611667,0.9999924,-0.003876399,0.0275108,0.003862245,0.999614,static,-20.09934760463125,0.0763538712946326,-18.50441521344125,0.09067559589233,-0.6208404,0.0113936,2.039823,-0.3436486979377743,0.0012514666895626,0.9390973352271896,-18.766541452600485,-0.0034127186810153,1.594994836731931,1.594996690987951,0.2785009446932239
1367,05/15/2023 12:46:33.263153,1918,True,True,True,True,Eyes,1.330477,-0.3041508,-3.231618,-0.3178081,0.005294857,0.9481403,0.0,0.0,0.0,0.0,0.0,0.0,0.0,-1.432378,0.2924452,3.202441,1.342414,-0.3043629,-3.240085,-0.001642712,0.01391819,-0.0004804868,0.9999018,359.8125,1.595055,359.9423,0.3795582,-0.08669693,-0.9210963,0,0,0,0.7222371,-0.2938662,-1.200055,-0.676725,0.003200004,2.022,0.9996122,-0.001006606,-0.02783206,0.0009151517,0.9999942,-0.003298477,0.02783522,0.003271727,0.9996072,static,-20.125612066736004,0.1145113399083705,-18.50441521344125,0.0906758509174161,-0.6201769,0.0104966999999999,2.04003,-0.3440788525327766,0.0018765657190258,0.9389389086416544,-18.79225271149379,0.034574413312613,1.6213375086327666,1.621372063305722,0.2932538091593581
1368,05/15/2023 12:46:33.273247,1919,True,True,True,True,Eyes,1.330355,-0.3041489,-3.231612,-0.3179633,0.005543713,0.9480869,0.0,0.0,0.0,0.0,0.0,0.0,0.0,-1.432935,0.2940999,3.201969,1.342326,-0.3044127,-3.240046,-0.001479047,0.01403771,-0.0002824048,0.9999004,359.831,1.608708,359.9653,0.3795294,-0.08669745,-0.9211081,0,0,0,0.7226342,-0.2948377,-1.199864,-0.676725,0.003199996,2.022,0.9996057,-0.0006062783,-0.02807178,0.0005232287,0.9999954,-0.002965727,0.02807345,0.00294987,0.9996015,static,-20.14864603579667,0.1565776809521803,-18.50441521344125,0.0906756242284507,-0.6196917999999999,0.009575,2.040182,-0.3444557875254974,0.0025655529353346,0.9387991218736048,-18.814810589019665,0.0764997497470905,1.6453587834555707,1.6455509953398595,0.3107189157386097
1369,05/15/2023 12:46:33.293372,1920,True,True,True,True,Eyes,1.330241,-0.3041491,-3.231608,-0.318112,0.005771904,0.9480356,0.0,0.0,0.0,0.0,0.0,0.0,0.0,-1.433164,0.2949404,3.201755,1.342338,-0.3043992,-3.240009,-0.001435849,0.01409118,-7.511945e-05,0.9998998,359.8356,1.6148,359.9891,0.3795005,-0.086698,-0.92112,0,0,0,0.7228613,-0.2952685,-1.199759,-0.676725,0.003199982,2.022,0.9996029,-0.0001906893,-0.02817931,0.0001097583,0.9999958,-0.002873527,0.02817974,0.002869293,0.9995988,static,-20.16368603707162,0.1838888083280877,-18.50441521344125,0.0906752275227611,-0.6194767,0.0091306999999999,2.0402500000000003,-0.3447017601351662,0.0030127592058745,0.9387074507687851,-18.829539562427986,0.1037186563175422,1.6615264417302584,1.6618870111405182,0.3253858837423254
1370,05/15/2023 12:46:33.313153,1921,True,True,True,True,Eyes,1.330147,-0.3041503,-3.231607,-0.3182204,0.005958918,0.947998,0.0,0.0,0.0,0.0,0.0,0.0,0.0,-1.433264,0.2958672,3.201672,1.342379,-0.3044475,-3.240034,-0.001266526,0.01409341,-0.0001516005,0.9999,359.8551,1.615065,359.9806,0.3794717,-0.08669861,-0.9211318,0,0,0,0.7229121,-0.2959055,-1.199779,-0.676725,0.003199997,2.022,0.9996027,-0.0003388699,-0.02818362,0.0002674714,0.9999967,-0.002537072,0.02818439,0.002528526,0.9995995,static,-20.17056918168605,0.2117240166175128,-18.50441521344125,0.0906756525645713,-0.6194669,0.0085419999999999,2.040255,-0.3448139980139517,0.0034686454013777,0.9386645912979806,-18.836296530661,0.1315266006997351,1.6699592535729637,1.670545345789152,0.3343860174753996
1371,05/15/2023 12:46:33.323449,1922,True,True,True,True,Eyes,1.330054,-0.3041478,-3.231606,-0.3183335,0.006138302,0.9479589,0.0,0.0,0.0,0.0,0.0,0.0,0.0,-1.432914,0.2968688,3.201823,1.342352,-0.3044706,-3.240128,-0.001099321,0.01403929,-0.0001871157,0.9999009,359.8743,1.608863,359.9768,0.3794436,-0.08669928,-0.9211434,0,0,0,0.7226647,-0.296562,-1.199938,-0.676725,0.003199987,2.022,0.9996057,-0.0004050617,-0.02807538,0.0003433268,0.9999976,-0.002203679,0.0280762,0.002193171,0.9996033,static,-20.171263961273954,0.2404962868553169,-18.50441521344125,0.0906753692033645,-0.6196872999999999,0.0079085999999999,2.04019,-0.3448247839099077,0.0039399983802151,0.9386587861822596,-18.83700594389873,0.1603214134769287,1.6726910174743943,1.6735683599774265,0.3398045989523937
1372,05/15/2023 12:46:33.343539,1923,True,True,True,True,Eyes,1.329982,-0.3041444,-3.231605,-0.3184617,0.006293246,0.9479148,0.0,0.0,0.0,0.0,0.0,0.0,0.0,-1.432111,0.2967699,3.202129,1.342283,-0.3043784,-3.240104,-0.001083624,0.0139211,-0.0002259435,0.9999026,359.8762,1.595322,359.9724,0.379416,-0.08669991,-0.9211547,0,0,0,0.722114,-0.2964833,-1.20006,-0.676725,0.003199981,2.022,0.9996123,-0.0004820134,-0.02783899,0.0004216722,0.9999976,-0.002173327,0.02783998,0.002160746,0.99961,static,-20.16550820496511,0.2501812221462392,-18.50441521344125,0.0906751991866405,-0.6201689999999999,0.0078950999999999,2.040044,-0.3447302596544651,0.0040988150745681,0.9386928012745682,-18.83139044511783,0.1700612600013711,1.6677426422512096,1.6687336809239757,0.3364742914126337
1373,05/15/2023 12:46:33.363248,1924,True,True,True,True,Eyes,1.329916,-0.3041412,-3.231608,-0.3186088,0.006456202,0.9478644,0.0,0.0,0.0,0.0,0.0,0.0,0.0,-1.430855,0.2961028,3.202747,1.342272,-0.3043466,-3.240106,-0.001217654,0.01373433,-0.0001434848,0.999905,359.8607,1.573911,359.9816,0.3793894,-0.08670045,-0.9211656,0,0,0,0.7213398,-0.2960141,-1.200296,-0.676725,0.003199954,2.022,0.9996226,-0.0003203897,-0.02746569,0.0002534949,0.999997,-0.002439018,0.02746639,0.002431135,0.9996198,static,-20.15293865309827,0.248009259883956,-18.50441521344125,0.0906744341113821,-0.6209321999999999,0.0083325,2.03981,-0.3445244123746956,0.0040635588766475,0.9387686549604176,-18.819102604612237,0.1679864921205398,1.6550434034592736,1.656014425812622,0.3240452259725664
1374,05/15/2023 12:46:33.373191,1925,True,True,True,True,Eyes,1.329899,-0.3041404,-3.231612,-0.318748,0.006668889,0.947816,0.0,0.0,0.0,0.0,0.0,0.0,0.0,-1.428895,0.2949111,3.203856,1.34235,-0.3043528,-3.240196,-0.001419808,0.01341924,-0.0001052249,0.9999091,359.8375,1.5378,359.9857,0.3793639,-0.08670089,-0.9211761,0,0,0,0.7201318,-0.2952492,-1.200781,-0.6767251,0.003199964,2.022,0.9996398,-0.0002485363,-0.02683575,0.0001723252,0.999996,-0.002842183,0.02683635,0.002836534,0.9996359,static,-20.125209089569005,0.23920924563914,-18.504417761633807,0.0906747174725889,-0.6222181999999999,0.0091035999999999,2.039415,-0.3440701900354195,0.0039200689816294,0.938935710700506,-18.791990295986366,0.1593969921108422,1.6267017802851784,1.627583188278744,0.2956699402127472
1375,05/15/2023 12:46:33.393367,1926,True,True,True,True,Eyes,1.329883,-0.3041402,-3.231614,-0.3188911,0.00688082,0.9477664,0.0,0.0,0.0,0.0,0.0,0.0,0.0,-1.427718,0.2935571,3.20454,1.342368,-0.3044026,-3.240219,-0.001642933,0.01323359,-9.248542e-05,0.9999111,359.8119,1.516526,359.9869,0.3793404,-0.08670128,-0.9211857,0,0,0,0.719393,-0.2944095,-1.201039,-0.676725,0.003199962,2.022,0.9996497,-0.0002284383,-0.02646453,0.0001414707,0.9999946,-0.003288021,0.02646514,0.003283125,0.9996443,static,-20.11255896296376,0.2269452275876965,-18.50441521344125,0.0906746608003476,-0.6229750000000001,0.0099931,2.03918,-0.3438631576936123,0.0037193926576404,0.9390124190932082,-18.77961306222299,0.1472209726834537,1.6131543475704342,1.6139070563390163,0.2809472216657056
1376,05/15/2023 12:46:33.413370,1927,True,True,True,True,Eyes,1.329884,-0.3041387,-3.231617,-0.3189901,0.007075345,0.9477317,0.0,0.0,0.0,0.0,0.0,0.0,0.0,-1.426944,0.2929083,3.20491,1.342391,-0.3044187,-3.240174,-0.001744929,0.01310901,-9.505068e-05,0.9999126,359.8002,1.502251,359.9865,0.3793189,-0.08670164,-0.9211946,0,0,0,0.7189084,-0.2940083,-1.201151,-0.6767251,0.003200004,2.022,0.9996563,-0.0002358334,-0.02621539,0.0001443364,0.9999939,-0.003492044,0.02621606,0.00348706,0.9996502,static,-20.104267903866024,0.2269542997785524,-18.504417761633807,0.0906758509174161,-0.6234825999999999,0.0104103999999999,2.0390230000000003,-0.3437272883453417,0.0037197385708835,0.9390622100699676,-18.771509343906683,0.1472955603325969,1.60488817278706,1.6056438874247436,0.273026930567825
1377,05/15/2023 12:46:33.423901,1928,True,True,True,True,Eyes,1.329887,-0.3041381,-3.231619,-0.3190885,0.007257449,0.9476972,0.0,0.0,0.0,0.0,0.0,0.0,0.0,-1.426259,0.2929353,3.20525,1.342402,-0.3043827,-3.24021,-0.001726041,0.01299833,-0.0001160734,0.9999141,359.8024,1.48957,359.9841,0.3792996,-0.08670191,-0.9212025,0,0,0,0.7184678,-0.2940219,-1.201326,-0.6767251,0.003200023,2.022,0.999662,-0.0002769982,-0.02599402,0.0001872557,0.999994,-0.003454802,0.02599482,0.003448767,0.9996561,static,-20.09756372504788,0.2393792144223679,-18.504417761633807,0.0906763893037089,-0.6239342000000001,0.0103608,2.038884,-0.3436171394931327,0.0039235478714745,0.9391016939100554,-18.76496974010981,0.1597855490519543,1.5991759554344709,1.6000708081022,0.2695615132931025
1378,05/15/2023 12:46:33.443230,1929,True,True,True,True,Eyes,1.329911,-0.3041382,-3.231622,-0.3191283,0.007417542,0.9476825,0.0,0.0,0.0,0.0,0.0,0.0,0.0,-1.425986,0.2933584,3.205313,1.342432,-0.3043995,-3.240177,-0.001671827,0.01295314,-9.553503e-05,0.9999148,359.8086,1.484386,359.9866,0.3792822,-0.08670212,-0.9212096,0,0,0,0.7183136,-0.2942857,-1.201348,-0.676725,0.003200004,2.022,0.9996644,-0.0002343647,-0.02590375,0.0001477432,0.9999944,-0.003345844,0.02590438,0.003340894,0.9996588,static,-20.094802212089103,0.2562141764523998,-18.50441521344125,0.0906758509174161,-0.6241184000000001,0.0101138,2.038829,-0.34357147240437,0.0041995541878828,0.9391171490772476,-18.76228836921582,0.1766587312169779,1.5978795426665415,1.598978968807613,0.2718301310998201
1379,05/15/2023 12:46:33.463244,1930,True,True,True,True,Eyes,1.329935,-0.3041416,-3.231624,-0.3191656,0.007537876,0.947669,0.0,0.0,0.0,0.0,0.0,0.0,0.0,-1.425967,0.2933814,3.205359,1.342453,-0.3044148,-3.240206,-0.001646406,0.0129416,-0.0001518646,0.9999149,359.8116,1.483074,359.9802,0.3792671,-0.08670229,-0.9212158,0,0,0,0.7182877,-0.2943309,-1.201391,-0.676725,0.003200022,2.022,0.999665,-0.0003463176,-0.0258805,0.0002610892,0.9999946,-0.003296462,0.0258815,0.003288601,0.9996597,static,-20.095787238292942,0.2642078375328423,-18.50441521344125,0.0906763609675883,-0.6241652999999999,0.0100838999999999,2.038815,-0.3435874292105279,0.0043305488690201,0.93911072733408,-18.763259566302654,0.1846523976979771,1.599602867988675,1.6008054519021069,0.2753759148651042
1380,05/15/2023 12:46:33.473702,1931,True,True,True,True,Eyes,1.329962,-0.3041427,-3.231628,-0.3191433,0.007649803,0.9476756,0.0,0.0,0.0,0.0,0.0,0.0,0.0,-1.426013,0.2963652,3.205067,1.342483,-0.3044856,-3.240189,-0.001248892,0.01295645,-2.540841e-05,0.9999154,359.8569,1.484748,-0.004765586,0.3792541,-0.0867025,-0.9212212,0,0,0,0.7183766,-0.2961806,-1.201348,-0.676725,0.003199997,2.022,0.9996642,-8.317491e-05,-0.02591064,1.84502e-05,0.9999968,-0.00249823,0.02591077,0.002496914,0.9996611,static,-20.09614126556205,0.3219142406502916,-18.50441521344125,0.0906756525645713,-0.6241064000000001,0.008305,2.038841,-0.343591666535402,0.0052763788114477,0.9391043258180916,-18.763666428693284,0.242412225199721,1.6063491268487644,1.6084349876883273,0.3003917110785838
1381,05/15/2023 12:46:33.493478,1932,True,True,True,True,Eyes,1.329991,-0.304141,-3.231634,-0.3191216,0.007765452,0.947682,0.0,0.0,0.0,0.0,0.0,0.0,0.0,-1.425528,0.2953666,3.205419,1.3425,-0.3044363,-3.240231,-0.001395885,0.01287776,-2.582993e-05,0.9999163,359.8401,1.475731,-0.005019544,0.379243,-0.0867027,-0.9212257,0,0,0,0.7180728,-0.2955339,-1.20149,-0.676725,0.003200015,2.022,0.9996683,-8.76073e-05,-0.02575329,1.570384e-05,0.9999961,-0.0027922,0.02575343,0.00279087,0.9996645,static,-20.08579358326954,0.3120045766125212,-18.50441521344125,0.0906761626147435,-0.6244272000000001,0.0089023999999999,2.038741,-0.3434223576024538,0.0051142921608397,0.9391671838761136,-18.75354209893704,0.2325746622339344,1.5948646429841724,1.5967917257437023,0.2867043586536668
1382,05/15/2023 12:46:33.513458,1933,True,True,True,True,Eyes,1.330044,-0.3041415,-3.231642,-0.319087,0.00790312,0.9476925,0.0,0.0,0.0,0.0,0.0,0.0,0.0,-1.425802,0.2944385,3.205472,1.342567,-0.3043736,-3.240298,-0.001390891,0.01287962,-0.0003499768,0.9999162,359.8412,1.475996,359.9579,0.3792336,-0.08670279,-0.9212295,0,0,0,0.7181514,-0.2950697,-1.201556,-0.676725,0.003199971,2.022,0.999668,-0.0007357232,-0.02575611,0.0006640665,0.9999959,-0.002790563,0.02575806,0.002772533,0.9996644,static,-20.084162457156847,0.3078715021914518,-18.50441521344125,0.0906749158254337,-0.6244156000000001,0.0093039,2.038742,-0.3433957348277033,0.0050465968514624,0.9391772721873888,-18.75194346999266,0.2284504484133114,1.5927483109008551,1.5946083253125456,0.2832884310579149
1383,05/15/2023 12:46:33.523193,1934,True,True,True,True,Eyes,1.330096,-0.3041403,-3.231649,-0.3190613,0.00804891,0.9476999,0.0,0.0,0.0,0.0,0.0,0.0,0.0,-1.425435,0.2937612,3.205747,1.342572,-0.3044214,-3.24034,-0.001526807,0.01282627,-0.0002953139,0.9999166,359.8255,1.46988,359.9639,0.3792265,-0.08670281,-0.9212325,0,0,0,0.7179388,-0.2946367,-1.201666,-0.676725,0.003199979,2.022,0.9996708,-0.000629745,-0.0256495,0.0005514119,0.9999952,-0.003060934,0.02565131,0.003045783,0.9996663,static,-20.07644552979123,0.3033111742372445,-18.50441521344125,0.0906751425143991,-0.6246332000000001,0.0097847,2.0386740000000003,-0.3432693576159851,0.0049720895661298,0.939223841806171,-18.74439609420061,0.2239466479535505,1.5845534608397152,1.586345926180749,0.274503401239505
1384,05/15/2023 12:46:33.543612,1935,True,True,True,True,Eyes,1.330178,-0.3041401,-3.231655,-0.3190172,0.008195674,0.9477135,0.0,0.0,0.0,0.0,0.0,0.0,0.0,-1.424726,0.2926173,3.206163,1.342563,-0.3043818,-3.240344,-0.001748988,0.01272793,-0.0001765857,0.9999175,359.7999,1.458594,359.9772,0.3792212,-0.08670273,-0.9212347,0,0,0,0.7175271,-0.2938495,-1.201798,-0.676725,0.003199955,2.022,0.9996759,-0.0003976642,-0.02545313,0.00030862,0.9999939,-0.003502183,0.02545437,0.003493193,0.9996698,static,-20.062395615558103,0.2914512656042948,-18.50441521344125,0.0906744624475028,-0.6250359,0.0105322999999999,2.038546,-0.3430393616750322,0.0047781028166048,0.9393088880264384,-18.7306511261348,0.2121861912023184,1.569247599205582,1.5708641755626285,0.2568030148134314
1385,05/15/2023 12:46:33.563352,1936,True,True,True,True,Eyes,1.33026,-0.3041421,-3.231661,-0.3189775,0.008342305,0.9477256,0.0,0.0,0.0,0.0,0.0,0.0,0.0,-1.423662,0.291403,3.20672,1.342603,-0.3044006,-3.2403,-0.001917651,0.01255093,-0.0002289547,0.9999195,359.7806,1.438326,359.971,0.3792184,-0.08670256,-0.9212359,0,0,0,0.7168458,-0.2931154,-1.201979,-0.6767251,0.003199974,2.022001,0.9996848,-0.000506009,-0.02509896,0.0004097358,0.9999925,-0.00384074,0.02510071,0.003829245,0.9996776,static,-20.039731528598274,0.2788135598887159,-18.504409233319887,0.0906749559896787,-0.6257572,0.0112851999999999,2.038321,-0.3426681152841498,0.0045715791704298,0.9394454299669674,-18.70848579715276,0.1997152390854045,1.5453633866657095,1.546806608679952,0.2313806976466041
1386,05/15/2023 12:46:33.573312,1937,True,True,True,True,Eyes,1.330361,-0.3041435,-3.231667,-0.3189525,0.008511139,0.9477326,0.0,0.0,0.0,0.0,0.0,0.0,0.0,-1.423579,0.2908887,3.206839,1.342662,-0.3044574,-3.240304,-0.001937933,0.01251402,-0.0003880846,0.9999198,359.7785,1.434132,359.9528,0.3792178,-0.08670238,-0.9212361,0,0,0,0.7167571,-0.2928827,-1.202031,-0.676725,0.003199992,2.022,0.9996865,-0.0008246093,-0.02502452,0.000727604,0.9999922,-0.003885268,0.02502753,0.003865842,0.9996793,static,-20.034119475152693,0.280342103546892,-18.50441521344125,0.0906755108839679,-0.6259049,0.0115746999999999,2.038273,-0.3425760847897863,0.0045968064572361,0.9394789584373796,-18.703002155884622,0.2012896120863586,1.5399477488832194,1.541417706097383,0.2273153164523279
1387,05/15/2023 12:46:33.593481,1938,True,True,True,True,Eyes,1.330459,-0.3041446,-3.231672,-0.3189287,0.008678069,0.9477389,0.0,0.0,0.0,0.0,0.0,0.0,0.0,-1.423386,0.2910543,3.206922,1.342691,-0.3044441,-3.240306,-0.001873658,0.01247151,-0.0004731634,0.9999204,359.786,1.429276,359.9431,0.3792197,-0.08670215,-0.9212353,0,0,0,0.7166137,-0.2930195,-1.202084,-0.676725,0.00319997,2.022001,0.9996884,-0.0009929859,-0.02493926,0.0008995166,0.9999925,-0.003758819,0.02494281,0.003735214,0.9996819,static,-20.02791250885414,0.2944755516272116,-18.50440668512833,0.090674842645252,-0.6260773000000001,0.0114246,2.038222,-0.3424738693117817,0.0048287429926942,0.9395148637558622,-18.69695033154358,0.2154858703980496,1.5353839164250558,1.537076681206242,0.2294577268770626
1388,05/15/2023 12:46:33.613300,1939,True,True,True,True,Eyes,1.330574,-0.3041469,-3.231678,-0.3188934,0.008844289,0.9477493,0.0,0.0,0.0,0.0,0.0,0.0,0.0,-1.423425,0.290588,3.206944,1.342707,-0.3044366,-3.240297,-0.001906751,0.01246694,-0.0005618708,0.9999203,359.7823,1.428774,359.9329,0.3792238,-0.08670186,-0.9212337,0,0,0,0.7166128,-0.2927621,-1.202082,-0.676725,0.003199945,2.022,0.9996886,-0.001171195,-0.02492975,0.001076109,0.9999921,-0.003827208,0.02493403,0.003799188,0.9996818,static,-20.025337128894304,0.2972197425323813,-18.50441521344125,0.090674179086296,-0.6260942,0.0116744999999999,2.038215,-0.3424315828801727,0.0048738214674659,0.9395301030687884,-18.694436033587763,0.2182530826354752,1.5331434539095197,1.534882582702876,0.2288761427496646
1389,05/15/2023 12:46:33.623153,1940,True,True,True,True,Eyes,1.330685,-0.3041506,-3.231681,-0.3188483,0.008994178,0.9477631,0.0,0.0,0.0,0.0,0.0,0.0,0.0,-1.423729,0.2903104,3.206862,1.342744,-0.3044671,-3.240307,-0.001922863,0.01250174,-0.0006356899,0.9999199,359.7806,1.432779,359.9244,0.3792301,-0.08670156,-0.9212311,0,0,0,0.7167926,-0.292631,-1.202049,-0.676725,0.003199976,2.022,0.9996866,-0.001319356,-0.02499904,0.0012232,0.9999918,-0.003861312,0.02500392,0.003829523,0.99968,static,-20.026673939493797,0.3015313121107618,-18.50441521344125,0.0906750575060371,-0.6259513999999999,0.0118361,2.038258,-0.342453396810035,0.0049444804663384,0.9395218201290388,-18.6957471850609,0.2225582908655612,1.5349844514354944,1.5367927606378975,0.2323813904021262
1390,05/15/2023 12:46:33.643362,1941,True,True,True,True,Eyes,1.33079,-0.3041523,-3.231687,-0.3187475,0.009123613,0.9477957,0.0,0.0,0.0,0.0,0.0,0.0,0.0,-1.424709,0.2911612,3.206331,1.342769,-0.3045014,-3.240275,-0.001787447,0.01264885,-0.0006562365,0.9999183,359.7961,1.449631,359.9222,0.3792385,-0.08670127,-0.9212276,0,0,0,0.7174178,-0.2931884,-1.20183,-0.6767251,0.003200012,2.022,0.9996791,-0.001357584,-0.02529329,0.001267148,0.9999928,-0.003591203,0.02529797,0.003558001,0.9996736,static,-20.03751472027911,0.3242055405315814,-18.504417761633807,0.0906760776063815,-0.6253512000000001,0.0113129999999999,2.0384450000000003,-0.3426304799988571,0.00531592065707,0.9394551576164956,-18.706366928477948,0.2451689584132239,1.5485926253510167,1.550781188518099,0.2542666242530466
1391,05/15/2023 12:46:33.663115,1942,True,True,True,True,Eyes,1.330891,-0.3041553,-3.231691,-0.318635,0.009252688,0.9478324,0.0,0.0,0.0,0.0,0.0,0.0,0.0,-1.425561,0.291206,3.206004,1.342771,-0.3044552,-3.240333,-0.001735348,0.01277307,-0.0007446517,0.9999168,359.8022,1.46388,359.9121,0.3792486,-0.08670095,-0.9212235,0,0,0,0.7179274,-0.2932388,-1.201731,-0.676725,0.003199984,2.022,0.9996726,-0.001533511,-0.02554142,0.001444848,0.9999928,-0.003489429,0.02554659,0.003451383,0.9996677,static,-20.045055722628152,0.3345241833141553,-18.50441521344125,0.0906752841950025,-0.6248435999999999,0.0112163999999999,2.038602,-0.3427538514618475,0.0054848490599514,0.939409307857254,-18.713748424588264,0.2554380738054894,1.5574497166443135,1.5598190485275223,0.2663966406119839
1392,05/15/2023 12:46:33.673787,1943,True,True,True,True,Eyes,1.330985,-0.3041584,-3.231694,-0.3185068,0.009338364,0.9478747,0.0,0.0,0.0,0.0,0.0,0.0,0.0,-1.426901,0.2908102,3.205411,1.342759,-0.3044933,-3.240302,-0.001783936,0.01297988,-0.0007882706,0.999914,359.7968,1.487594,359.907,0.3792601,-0.08670064,-0.9212188,0,0,0,0.71876,-0.293023,-1.201444,-0.676725,0.003199953,2.022,0.9996617,-0.001622716,-0.02595471,0.001530095,0.9999924,-0.003588029,0.02596033,0.003547102,0.9996567,static,-20.061043083837458,0.3324293087723375,-18.50441521344125,0.0906744057752615,-0.6239990000000001,0.0114703,2.038858,-0.3430160460062603,0.0054499469779798,0.9393138580095016,-18.72937235310044,0.253214844155548,1.572977377670873,1.5752891036306202,0.2775339777261537
1393,05/15/2023 12:46:33.693383,1944,True,True,True,True,Eyes,1.331074,-0.3041607,-3.231697,-0.3183776,0.009426584,0.9479171,0.0,0.0,0.0,0.0,0.0,0.0,0.0,-1.427827,0.291441,3.204903,1.342737,-0.3045006,-3.240273,-0.001684798,0.01312747,-0.0007939519,0.9999122,359.8081,1.5045,359.9065,0.3792727,-0.08670036,-0.9212137,0,0,0,0.7193397,-0.2934257,-1.201228,-0.676725,0.003199993,2.022,0.9996541,-0.001631998,-0.02624996,0.00154353,0.999993,-0.003390146,0.02625531,0.003348456,0.9996496,static,-20.070202002891264,0.3490147755673197,-18.50441521344125,0.0906755392200886,-0.6233973,0.0110748999999999,2.039045,-0.3431656308349634,0.0057215172450927,0.9392574722588766,-18.73834181660616,0.2697441061698756,1.5843408323303467,1.586955396680278,0.294596685890601
1394,05/15/2023 12:46:33.714656,1945,True,True,True,True,Eyes,1.331152,-0.3041627,-3.231701,-0.3182622,0.009496077,0.9479551,0.0,0.0,0.0,0.0,0.0,0.0,0.0,-1.428292,0.2909173,3.20474,1.342688,-0.3044818,-3.240292,-0.001767149,0.01320851,-0.0007845427,0.9999109,359.7987,1.513793,359.9074,0.3792862,-0.08670007,-0.9212082,0,0,0,0.7196209,-0.2930847,-1.201148,-0.676725,0.003199984,2.022,0.9996498,-0.001615628,-0.02641189,0.001522262,0.9999925,-0.003554709,0.02641743,0.003513258,0.9996448,static,-20.072496928226524,0.3441584380291552,-18.50441521344125,0.0906752841950025,-0.6230671000000001,0.0113971,2.0391440000000003,-0.3432033880935237,0.0056418234085894,0.9392440999404746,-18.74057977000472,0.2648649053391705,1.585919626980998,1.5884375888027955,0.2934548038304518
1395,05/15/2023 12:46:33.723931,1946,True,True,True,True,Eyes,1.331228,-0.3041647,-3.231704,-0.3181538,0.009564504,0.9479909,0.0,0.0,0.0,0.0,0.0,0.0,0.0,-1.42834,0.2909309,3.20472,1.342646,-0.3044789,-3.240313,-0.001788381,0.01322768,-0.0007292073,0.9999107,359.7962,1.515981,359.9137,0.3793002,-0.0866998,-0.9212025,0,0,0,0.7196559,-0.2930675,-1.201145,-0.676725,0.003199962,2.022,0.999649,-0.001505596,-0.0264504,0.001410972,0.9999925,-0.003595733,0.02645561,0.00355715,0.9996437,static,-20.06810224826392,0.3481125669898605,-18.50441521344125,0.0906746608003476,-0.6229901,0.0114114,2.039168,-0.3431312518811755,0.0057068037892939,0.9392701651000016,-18.736288553492685,0.2688576084976863,1.5821372746804083,1.5847370186929268,0.2924284676236591
1396,05/15/2023 12:46:33.743393,1947,True,True,True,True,Eyes,1.33128,-0.3041679,-3.231708,-0.3181086,0.009641927,0.9480052,0.0,0.0,0.0,0.0,0.0,0.0,0.0,-1.428109,0.2908151,3.20483,1.342645,-0.3044788,-3.240309,-0.001830923,0.01319708,-0.000671997,0.9999111,359.7912,1.512466,359.9202,0.3793146,-0.08669953,-0.9211965,0,0,0,0.7195295,-0.292969,-1.20118,-0.6767251,0.003200002,2.022,0.9996508,-0.0013922,-0.02638935,0.001295549,0.9999924,-0.003679258,0.02639427,0.003643784,0.999645,static,-20.061820206835,0.3502317592372022,-18.504417761633807,0.0906757942451747,-0.6231155,0.0115098,2.039129,-0.3430281700792152,0.0057417740861903,0.939307518302564,-18.730150684856703,0.2710284990290475,1.5762337234782389,1.5788830467395625,0.2889332980976971
1397,05/15/2023 12:46:33.763454,1948,True,True,True,True,Eyes,1.331329,-0.3041726,-3.231712,-0.3180699,0.009721855,0.9480174,0.0,0.0,0.0,0.0,0.0,0.0,0.0,-1.427496,0.2903606,3.205132,1.342603,-0.3045207,-3.24031,-0.00193868,0.01311439,-0.0006004219,0.9999121,359.7788,1.502982,359.9283,0.3793288,-0.08669931,-0.9211907,0,0,0,0.7191498,-0.2926663,-1.201287,-0.676725,0.003199967,2.022,0.9996553,-0.001251587,-0.02622413,0.001149889,0.9999917,-0.003892767,0.02622879,0.00386127,0.9996485,static,-20.04992855243545,0.3455603328598335,-18.50441521344125,0.090674802480951,-0.6234532,0.0118543999999999,2.0390230000000003,-0.3428333698498469,0.005665619757367,0.9393791288524423,-18.718522790218064,0.2664464759019156,1.5638165201759056,1.5663901540183178,0.2770157678011235
1398,05/15/2023 12:46:33.774154,1949,True,True,True,True,Eyes,1.331361,-0.3041784,-3.231716,-0.3181041,0.009755152,0.9480056,0.0,0.0,0.0,0.0,0.0,0.0,0.0,-1.427118,0.2899005,3.205353,1.342586,-0.3045642,-3.240324,-0.001995902,0.01305358,-0.000648987,0.9999126,359.7723,1.496029,359.9226,0.3793427,-0.0866992,-0.921185,0,0,0,0.7188853,-0.2924142,-1.201378,-0.6767251,0.00319999,2.022,0.9996584,-0.001349968,-0.02610229,0.001245753,0.9999912,-0.004008398,0.02610747,0.003974511,0.9996513,static,-20.04505694994876,0.3390347267971434,-18.504417761633807,0.0906754542117266,-0.6237007000000001,0.0121499999999999,2.038946,-0.3427537084956385,0.0055588028298997,0.9394088535256088,-18.713754379197407,0.259953002070332,1.558074847254048,1.5605292169167877,0.2692149840963382
1399,05/15/2023 12:46:33.793291,1950,True,True,True,True,Eyes,1.331389,-0.3041843,-3.231721,-0.3181292,0.00978459,0.9479969,0.0,0.0,0.0,0.0,0.0,0.0,0.0,-1.427304,0.2901187,3.205236,1.342568,-0.3046041,-3.240314,-0.001990432,0.01309014,-0.0005974128,0.9999123,359.7728,1.500207,359.9286,0.379356,-0.08669923,-0.9211795,0,0,0,0.7190157,-0.2925434,-1.201322,-0.676725,0.003199982,2.022,0.9996566,-0.001246831,-0.0261756,0.00114261,0.9999914,-0.003996155,0.02618035,0.003964874,0.9996493,static,-20.05072678248512,0.3435521147002661,-18.50441521344125,0.0906752275227611,-0.6235523,0.0120606999999999,2.0389920000000004,-0.3428465348971418,0.0056326659501007,0.9393745659144896,-18.719300867701023,0.2644299944837484,1.5643185819138037,1.5668523187038108,0.2763450080032533
1400,05/15/2023 12:46:33.813615,1951,True,True,True,True,Eyes,1.331424,-0.3041907,-3.231727,-0.318263,0.009771665,0.9479521,0.0,0.0,0.0,0.0,0.0,0.0,0.0,-1.427827,0.2903835,3.204971,1.342483,-0.3046082,-3.24034,-0.00198757,0.013193,-0.0005100561,0.9999109,359.773,1.511975,359.9385,0.3793686,-0.08669937,-0.9211743,0,0,0,0.7193486,-0.2926727,-1.20122,-0.676725,0.003200022,2.022,0.9996514,-0.001072465,-0.02638161,0.0009675772,0.9999915,-0.003988244,0.02638567,0.003961327,0.999644,static,-20.07052684581141,0.3466643513728965,-18.50441521344125,0.0906763609675883,-0.6231344000000001,0.0119354999999999,2.0391200000000005,-0.3431710351132137,0.0056829745405982,0.9392557431072638,-18.73865684208739,0.2673888254888416,1.5843263640649077,1.5868949228845886,0.2934219414221989
1401,05/15/2023 12:46:33.824360,1952,True,True,True,True,Eyes,1.331458,-0.3041957,-3.231735,-0.318386,0.009747596,0.9479111,0.0,0.0,0.0,0.0,0.0,0.0,0.0,-1.428421,0.2908646,3.2047,1.342465,-0.3046229,-3.240384,-0.001991619,0.01330487,-0.0003323908,0.9999095,359.7723,1.524756,359.9589,0.3793807,-0.08669964,-0.9211693,0,0,0,0.7197838,-0.2929018,-1.201124,-0.6767249,0.003199992,2.022,0.9996457,-0.0007177177,-0.02660601,0.0006117251,0.9999918,-0.003991722,0.02660866,0.003974033,0.999638,static,-20.09062485135068,0.3519543141519551,-18.504412665248605,0.0906755108839679,-0.6226812,0.0117210999999999,2.03926,-0.3435003320824948,0.0057689543435887,0.9391348972069916,-18.75830632263241,0.2725251502853927,1.6049415065586554,1.6075869221836443,0.312299984966624
1402,05/15/2023 12:46:33.843497,1953,True,True,True,True,Eyes,1.331493,-0.3042014,-3.231743,-0.318563,0.009756376,0.9478515,0.0,0.0,0.0,0.0,0.0,0.0,0.0,-1.428848,0.2918659,3.204451,1.342468,-0.3045903,-3.240417,-0.001863778,0.01337797,-0.0002567302,0.9999088,359.7868,1.533111,359.9677,0.3793923,-0.08669998,-0.9211645,0,0,0,0.7200838,-0.2934867,-1.201063,-0.6767251,0.003199994,2.022,0.9996419,-0.0005632808,-0.02675254,0.0004635463,0.999993,-0.003734085,0.02675445,0.003720348,0.9996352,static,-20.10967026034887,0.3703219292517756,-18.504417761633807,0.0906755675562093,-0.6223841999999999,0.0111035999999999,2.039354,-0.3438118620138796,0.006069280455846,0.9390189589498183,-18.77694077586009,0.2907601849760084,1.6264414544880588,1.6294286336751678,0.3380867453938538
1403,05/15/2023 12:46:33.863133,1954,True,True,True,True,Eyes,1.331525,-0.3042074,-3.231751,-0.3187161,0.009755376,0.9478,0.0,0.0,0.0,0.0,0.0,0.0,0.0,-1.429665,0.2909221,3.204182,1.342447,-0.3046176,-3.240433,-0.001990258,0.01350324,-0.0003130521,0.9999069,359.7724,1.547485,359.9611,0.3794036,-0.08670039,-0.9211599,0,0,0,0.7205752,-0.2929269,-1.200925,-0.676725,0.003200023,2.022,0.9996352,-0.0006797954,-0.02700271,0.0005722959,0.9999918,-0.0039886,0.0270052,0.003971691,0.9996274,static,-20.13329769884521,0.3534873904301777,-18.50441521344125,0.0906763893037089,-0.6218718,0.0116906999999999,2.039508,-0.344199613800178,0.0057925027156769,0.9388786037247886,-18.800016620395024,0.273722567367359,1.6473267254963675,1.6499478093469773,0.3476867772820255
1404,05/15/2023 12:46:33.873472,1955,True,True,True,True,Eyes,1.331564,-0.3042172,-3.231763,-0.3189645,0.00975561,0.9477164,0.0,0.0,0.0,0.0,0.0,0.0,0.0,-1.431009,0.2917798,3.203485,1.342412,-0.3046293,-3.240428,-0.001893183,0.01372604,-0.0002339353,0.9999041,359.7834,1.572997,359.9702,0.3794144,-0.08670088,-0.9211554,0,0,0,0.7214474,-0.2934353,-1.200641,-0.676725,0.003200017,2.022,0.9996231,-0.0005197973,-0.02744857,0.0004158538,0.9999927,-0.003792424,0.02745034,0.00377958,0.999616,static,-20.173803992315523,0.3680002273011721,-18.50441521344125,0.0906762192869849,-0.6209646,0.0111939999999999,2.039787,-0.3448627929786543,0.0060287540319618,0.9386336916814064,-18.839622999321847,0.2879295084811687,1.6894146055628427,1.6922669707975737,0.3889384524740353
1405,05/15/2023 12:46:33.893274,1956,True,True,True,True,Eyes,1.331602,-0.3042221,-3.231776,-0.319208,0.009761823,0.9476344,0.0,0.0,0.0,0.0,0.0,0.0,0.0,-1.429534,0.2930729,3.204146,1.34241,-0.3047192,-3.240538,-0.001904448,0.01353842,0.0002266803,0.9999067,359.7814,1.551394,0.02301885,0.3794249,-0.08670153,-0.921151,0,0,0,0.7206744,-0.2940778,-1.200984,-0.676725,0.00320002,2.022,0.9996333,0.0004017517,-0.02707517,-0.0005048846,0.9999927,-0.003802402,0.02707344,0.003814677,0.9996262,static,-20.166613439411226,0.3857377859899503,-18.50441521344125,0.0906763042953469,-0.6217356,0.0106414,2.039554,-0.3447443904918167,0.0063196279888576,0.9386753240829074,-18.832613611346773,0.3057411599660038,1.6849592709828192,1.6881837045764725,0.3923863918797302
1406,05/15/2023 12:46:33.913238,1957,True,True,True,True,Eyes,1.331648,-0.3042243,-3.231786,-0.3192805,0.009871569,0.9476088,0.0,0.0,0.0,0.0,0.0,0.0,0.0,-1.429224,0.2923776,3.204388,1.342443,-0.3046124,-3.240575,-0.001925395,0.01346969,6.328357e-05,0.9999075,359.7793,1.543554,0.004279251,0.3794352,-0.08670219,-0.9211467,0,0,0,0.7204283,-0.293674,-1.201107,-0.6767251,0.003199956,2.022,0.9996371,7.468642e-05,-0.02693713,-0.0001784245,0.9999925,-0.003848728,0.02693665,0.003852138,0.9996297,static,-20.163274809389456,0.3833946397914669,-18.504417761633807,0.0906744907836235,-0.6220147,0.0109384,2.0394680000000003,-0.3446897636910384,0.006281374250201,0.9386956027042828,-18.829347945404272,0.3034221090125217,1.681305330565776,1.6844856160038182,0.388382766593959
1407,05/15/2023 12:46:33.924869,1958,True,True,True,True,Eyes,1.331691,-0.3042256,-3.231792,-0.3193531,0.009995803,0.9475831,0.0,0.0,0.0,0.0,0.0,0.0,0.0,-1.428953,0.2896861,3.204684,1.342482,-0.3045628,-3.240495,-0.002217077,0.01339571,-0.0002113726,0.9999079,359.7463,1.535146,359.9724,0.3794455,-0.08670279,-0.9211424,0,0,0,0.7201701,-0.292083,-1.201127,-0.676725,0.003200024,2.022,0.999641,-0.0004821049,-0.02678801,0.0003633075,0.9999901,-0.004439408,0.02678989,0.004428083,0.9996313,static,-20.1593748066009,0.3462508134155466,-18.50441521344125,0.0906764176398296,-0.6223118999999999,0.0124798,2.039368,-0.3446271429610473,0.0056729727963912,0.9387225360440602,-18.82549690364744,0.266272908023954,1.6721235910011705,1.6745774173705097,0.3659611717394169
1408,05/15/2023 12:46:33.943146,1959,True,True,True,True,Eyes,1.331708,-0.3042303,-3.231795,-0.319327,0.01010975,0.9475906,0.0,0.0,0.0,0.0,0.0,0.0,0.0,-1.428787,0.2879678,3.204812,1.342471,-0.3045514,-3.240402,-0.002400229,0.01335426,-0.0004012975,0.9999079,359.7256,1.530455,359.9503,0.3794558,-0.08670331,-0.9211381,0,0,0,0.7199929,-0.291081,-1.20109,-0.6767251,0.003200023,2.022,0.999643,-0.0008666271,-0.02670413,0.000738414,0.9999881,-0.004810733,0.02670798,0.004789297,0.9996318,static,-20.153183205564588,0.324402843646002,-18.504417761633807,0.0906763893037089,-0.6224780999999999,0.0134704,2.039312,-0.3445263477959608,0.005315228624825,0.9387615401162666,-18.81942216575668,0.2444525715381132,1.6631771244161846,1.6652493941027828,0.3505351463682256
1409,05/15/2023 12:46:33.963772,1960,True,True,True,True,Eyes,1.331725,-0.3042417,-3.231796,-0.3193066,0.01017215,0.9475968,0.0,0.0,0.0,0.0,0.0,0.0,0.0,-1.428406,0.2892798,3.204799,1.342458,-0.3046456,-3.240334,-0.002149283,0.01328392,-0.0005456854,0.9999094,359.7546,1.522414,359.9342,0.3794654,-0.08670389,-0.9211341,0,0,0,0.7196956,-0.2920069,-1.201104,-0.6767249,0.003200024,2.022,0.9996465,-0.001148373,-0.02656308,0.00103417,0.9999902,-0.004312674,0.02656777,0.004283678,0.9996378,static,-20.14408856571604,0.3512326311569199,-18.504412665248605,0.0906764176398296,-0.6227623999999999,0.0126387,2.03923,-0.3443764917688234,0.0057551571480804,0.9388139234654652,-18.81056129750917,0.2713803540663274,1.6576840447033987,1.660248956926658,0.3555009109342014
1410,05/15/2023 12:46:33.973291,1961,True,True,True,True,Eyes,1.331756,-0.3042464,-3.231801,-0.3192572,0.01020343,0.9476131,0.0,0.0,0.0,0.0,0.0,0.0,0.0,-1.427934,0.2935626,3.204617,1.342503,-0.304804,-3.240297,-0.001604137,0.01322405,-0.0003255685,0.9999113,359.8167,1.515474,359.9603,0.3794744,-0.08670471,-0.9211302,0,0,0,0.7194926,-0.2946656,-1.201129,-0.676725,0.003200034,2.022,0.99965,-0.0006935053,-0.02644471,0.0006086525,0.9999946,-0.003216599,0.02644681,0.003199377,0.9996451,static,-20.134204896699387,0.4247961436818854,-18.50441521344125,0.0906767010010364,-0.6230104,0.0101383999999999,2.039168,-0.3442118970611742,0.0069609666548079,0.9388661096727228,-18.800978494442436,0.3450936268080672,1.6595284010716451,1.6636857316308344,0.3907400053427949
1411,05/15/2023 12:46:33.993761,1962,True,True,True,True,Eyes,1.331787,-0.3042473,-3.231806,-0.3192128,0.01024492,0.9476277,0.0,0.0,0.0,0.0,0.0,0.0,0.0,-1.427304,0.2962655,3.204722,1.342538,-0.3046402,-3.240371,-0.001130754,0.01311434,-0.0003921391,0.9999135,359.871,1.502889,359.9534,0.3794833,-0.08670554,-0.9211265,0,0,0,0.7190794,-0.2963379,-1.201331,-0.676725,0.003199966,2.022,0.9996557,-0.0008138685,-0.02622552,0.0007545518,0.9999972,-0.002271598,0.02622729,0.002251027,0.9996535,static,-20.119168946409363,0.4790899004824344,-18.50441521344125,0.0906747741448303,-0.6234586,0.0083023,2.03904,-0.3439632624595438,0.0078514000814974,0.9389502955278748,-18.78633950843314,0.3995590774455885,1.65522358805943,1.6608118281437905,0.418199498962242
1412,05/15/2023 12:46:34.013404,1963,True,True,True,True,Eyes,1.331828,-0.3042484,-3.231813,-0.3191534,0.01027955,0.9476473,0.0,0.0,0.0,0.0,0.0,0.0,0.0,-1.427153,0.2951228,3.204926,1.342563,-0.3045563,-3.240399,-0.001227532,0.01307197,-0.000549134,0.9999138,359.8602,1.49806,359.9352,0.3794919,-0.08670628,-0.9211229,0,0,0,0.7189343,-0.2956568,-1.201414,-0.6767251,0.003200023,2.022,0.9996576,-0.001130265,-0.02614033,0.001066081,0.9999964,-0.002469208,0.02614303,0.002440495,0.9996552,static,-20.110848740851385,0.4636838687877589,-18.504417761633807,0.0906763893037089,-0.6236286999999999,0.0088995,2.0389850000000003,-0.3438275683139494,0.007599331143389,0.9390020343484574,-18.77819105158575,0.3842037730473081,1.643976035099438,1.6491679934867125,0.4013852753882149
1413,05/15/2023 12:46:34.023644,1964,True,True,True,True,Eyes,1.331869,-0.3042482,-3.231817,-0.3191069,0.0103326,0.9476625,0.0,0.0,0.0,0.0,0.0,0.0,0.0,-1.4261,0.2933275,3.205597,1.34256,-0.3045709,-3.240435,-0.001473175,0.01290026,-0.0006307517,0.9999155,359.8321,1.478413,359.9255,0.3795006,-0.08670692,-0.9211193,0,0,0,0.7182329,-0.2945674,-1.201669,-0.676725,0.003200014,2.022,0.9996663,-0.001299405,-0.02579648,0.001223388,0.9999949,-0.002962375,0.0258002,0.002929827,0.9996628,static,-20.088361606702257,0.4352783735775987,-18.50441521344125,0.0906761342786229,-0.6243271,0.0100034999999999,2.038766,-0.3434602211752224,0.0071348238464854,0.9391402243092174,-18.756182054859867,0.3559482712990448,1.6164898553826252,1.6209987291958086,0.3657264676192977
1414,05/15/2023 12:46:34.043400,1965,True,True,True,True,Eyes,1.331891,-0.3042481,-3.231823,-0.3190659,0.01039597,0.9476755,0.0,0.0,0.0,0.0,0.0,0.0,0.0,-1.425259,0.2915565,3.206039,1.342567,-0.304542,-3.240343,-0.001700403,0.01275897,-0.0007308854,0.9999169,359.8062,1.462258,359.9138,0.3795094,-0.08670744,-0.9211156,0,0,0,0.7176658,-0.2934853,-1.201759,-0.676725,0.003200002,2.022,0.9996733,-0.00150504,-0.02551333,0.001418258,0.9999931,-0.003419175,0.0255183,0.003381873,0.9996687,static,-20.06972296347745,0.4088918852260592,-18.50441521344125,0.0906757942451747,-0.6249012,0.0110566999999999,2.038584,-0.3431556840000345,0.0067031134160765,0.9392546102331896,-18.7379367232876,0.3296833370186375,1.5934209802091606,1.597325838043869,0.3341510153561234
1415,05/15/2023 12:46:34.063460,1966,True,True,True,True,Eyes,1.331914,-0.3042471,-3.231829,-0.3190411,0.0104515,0.9476832,0.0,0.0,0.0,0.0,0.0,0.0,0.0,-1.423695,0.2917356,3.206807,1.342599,-0.3045561,-3.240417,-0.001686347,0.01251236,-0.0007039203,0.9999201,359.8078,1.43399,359.9169,0.3795178,-0.08670788,-0.9211121,0,0,0,0.7166917,-0.2935915,-1.20214,-0.676725,0.003199984,2.022,0.9996859,-0.001449929,-0.02502034,0.001365528,0.9999933,-0.00339004,0.02502509,0.003354809,0.9996812,static,-20.039954669249266,0.4149117007394107,-18.50441521344125,0.0906752841950025,-0.6259073,0.0109645999999999,2.038277,-0.3426673996281492,0.0068030872163858,0.9394321029963308,-18.708847370866945,0.3359442130108382,1.5652897682581557,1.5693981885285646,0.3192950898967789
1416,05/15/2023 12:46:34.073949,1967,True,True,True,True,Eyes,1.331958,-0.3042462,-3.231835,-0.3189745,0.01047773,0.9477054,0.0,0.0,0.0,0.0,0.0,0.0,0.0,-1.422573,0.2920671,3.207279,1.342656,-0.3043963,-3.240413,-0.001574187,0.01232087,-0.0007877628,0.9999226,359.8207,1.412051,359.9075,0.3795259,-0.0867082,-0.9211087,0,0,0,0.7159692,-0.2937776,-1.202374,-0.676725,0.003199967,2.022,0.9996951,-0.001614194,-0.02463736,0.001536613,0.9999938,-0.003167542,0.02464232,0.003128718,0.9996914,static,-20.01410514946007,0.4259746981125794,-18.50441521344125,0.090674802480951,-0.6266868000000001,0.0106186999999999,2.0380390000000004,-0.3422431236307273,0.0069856282871956,0.939585485727764,-18.683593567191227,0.3472222225281654,1.542037108754116,1.546476551043403,0.3129240501869973
1417,05/15/2023 12:46:34.093434,1968,True,True,True,True,Eyes,1.332001,-0.304244,-3.231839,-0.3189122,0.01052253,0.9477259,0.0,0.0,0.0,0.0,0.0,0.0,0.0,-1.422285,0.2909143,3.207548,1.342704,-0.3043987,-3.240428,-0.001687393,0.01225411,-0.0009414604,0.9999231,359.808,1.40444,359.8897,0.3795342,-0.0867084,-0.9211053,0,0,0,0.7157478,-0.29312,-1.202476,-0.676725,0.003199944,2.022,0.9996979,-0.001924131,-0.02450315,0.001841421,0.9999925,-0.0033976,0.0245095,0.003351453,0.9996939,static,-20.002800609427656,0.4094551187623373,-18.50441521344125,0.0906741507501753,-0.6269561999999999,0.0112787,2.037952,-0.3420583788069594,0.0067152066773287,0.9396547599860738,-18.67252703110957,0.3307758644332453,1.5278675060496405,1.531920396258276,0.2931047869846107
1418,05/15/2023 12:46:34.113225,1969,True,True,True,True,Eyes,1.332067,-0.3042429,-3.231843,-0.31882,0.01056879,0.9477564,0.0,0.0,0.0,0.0,0.0,0.0,0.0,-1.422242,0.2891967,3.207715,1.342741,-0.304507,-3.240396,-0.001913053,0.01222944,-0.001075448,0.999923,359.7823,1.401667,359.8741,0.3795426,-0.08670848,-0.9211018,0,0,0,0.7156868,-0.2921373,-1.202479,-0.676725,0.003199996,2.022,0.9996986,-0.002197521,-0.02445288,0.002103939,0.9999903,-0.003852115,0.02446111,0.003799507,0.9996936,static,-19.99445176786888,0.3808887818272958,-18.50441521344125,0.0906756242284507,-0.6270542,0.0123697,2.037917,-0.3419224892209318,0.0062470446771169,0.9397074391856156,-18.66433671166782,0.3022476593780885,1.5146369107766249,1.518035773746473,0.2652123897037813
1419,05/15/2023 12:46:34.124873,1970,True,True,True,True,Eyes,1.332132,-0.3042435,-3.231843,-0.3187298,0.01061761,0.9477862,0.0,0.0,0.0,0.0,0.0,0.0,0.0,-1.422096,0.2899094,3.207712,1.342758,-0.3045272,-3.240384,-0.001823751,0.01220794,-0.001033343,0.9999234,359.7925,1.399183,359.8791,0.3795518,-0.08670845,-0.921098,0,0,0,0.715615,-0.292575,-1.202493,-0.676725,0.003200001,2.022,0.9996998,-0.002111057,-0.02441023,0.002022,0.9999912,-0.003672451,0.02441777,0.003621992,0.9996953,static,-19.986541276152405,0.3958253490587875,-18.50441521344125,0.090675765909054,-0.6271429999999999,0.0119522,2.037891,-0.3417922144826067,0.0064923463805513,0.9397531758489264,-18.65662069863329,0.3172612786353183,1.5094546610273771,1.5132131158115605,0.2729606277468764
1420,05/15/2023 12:46:34.143466,1971,True,True,True,True,Eyes,1.332183,-0.3042443,-3.231849,-0.3186264,0.01062369,0.9478208,0.0,0.0,0.0,0.0,0.0,0.0,0.0,-1.422258,0.2895633,3.207613,1.342765,-0.3045671,-3.240319,-0.001875926,0.01223052,-0.001051278,0.999923,359.7865,1.401782,359.8769,0.3795616,-0.08670837,-0.921094,0,0,0,0.7157152,-0.2923796,-1.202401,-0.676725,0.003199991,2.022,0.9996986,-0.00214828,-0.02445521,0.002056506,0.9999907,-0.003777278,0.0244631,0.003725847,0.9996938,static,-19.982879296101203,0.3894637551044595,-18.50441521344125,0.0906754825478473,-0.6270498,0.0121874999999999,2.037918,-0.3417323483980496,0.0063881521451907,0.9397755625942508,-18.65303475229872,0.3109224196284998,1.5047371915121983,1.5083535644976958,0.2656999823553177
1421,05/15/2023 12:46:34.163273,1972,True,True,True,True,Eyes,1.332233,-0.3042409,-3.231853,-0.3185387,0.01062736,0.9478503,0.0,0.0,0.0,0.0,0.0,0.0,0.0,-1.421951,0.2928939,3.207567,1.342765,-0.3045698,-3.240438,-0.001421793,0.01219579,-0.0009068965,0.9999243,359.8383,1.39772,359.8941,0.3795717,-0.08670827,-0.9210898,0,0,0,0.715569,-0.2944144,-1.202554,-0.6767249,0.003199995,2.022,0.9997009,-0.001848335,-0.02438715,0.001778976,0.9999943,-0.002865492,0.02439231,0.002821251,0.9996985,static,-19.97363101784889,0.4477477342666627,-18.504412665248605,0.09067559589233,-0.627196,0.0101553999999999,2.037884,-0.3415784293953832,0.0073445706267131,0.9398245949337792,-18.644056876047276,0.3693362525022413,1.506872491740564,1.5119864680679944,0.3116925843709627
1422,05/15/2023 12:46:34.173812,1973,True,True,True,True,Eyes,1.332273,-0.3042368,-3.231859,-0.318424,0.01066291,0.9478885,0.0,0.0,0.0,0.0,0.0,0.0,0.0,-1.420946,0.2930197,3.207983,1.342791,-0.3044641,-3.240419,-0.001423813,0.01204335,-0.0008185349,0.9999262,359.838,1.380237,359.9042,0.3795819,-0.08670802,-0.9210856,0,0,0,0.7149729,-0.2944155,-1.202726,-0.676725,0.003199995,2.022,0.9997085,-0.001671244,-0.0240826,0.001602654,0.9999946,-0.002867131,0.02408726,0.002827699,0.9997059,static,-19.94915028800285,0.4531786212712961,-18.50441521344125,0.09067559589233,-0.6278181,0.0100486,2.037693,-0.3411766320043771,0.0074348083221439,0.9399698821011668,-18.62013499799888,0.3749658498274903,1.4841870688069851,1.4895193449826098,0.3069397612245488
1423,05/15/2023 12:46:34.193299,1974,True,True,True,True,Eyes,1.332312,-0.3042347,-3.231865,-0.3183102,0.01068007,0.9479264,0.0,0.0,0.0,0.0,0.0,0.0,0.0,-1.42056,0.289771,3.2085,1.342801,-0.3044577,-3.240466,-0.001810132,0.01195619,-0.001090047,0.9999264,359.7941,1.370342,359.8726,0.379592,-0.08670763,-0.9210814,0,0,0,0.7146332,-0.2924863,-1.20289,-0.676725,0.003199948,2.022,0.9997118,-0.002223219,-0.02390666,0.002136649,0.9999911,-0.003646062,0.02391455,0.003593931,0.9997075,static,-19.9324026385561,0.3988169623323322,-18.50441521344125,0.090674264094658,-0.6281677999999999,0.0119714,2.037576,-0.3409039447364735,0.0065436588483165,0.9400753098173532,-18.60370844295015,0.3206835491375379,1.4569136285583777,1.4608559164966726,0.2505262793246333
1424,05/15/2023 12:46:34.213697,1975,True,True,True,True,Eyes,1.332341,-0.3042316,-3.231866,-0.3181717,0.01071467,0.9479726,0.0,0.0,0.0,0.0,0.0,0.0,0.0,-1.420902,0.291218,3.208236,1.342799,-0.3045037,-3.24048,-0.001555936,0.0120018,-0.001176291,0.9999261,359.8233,1.375552,359.8631,0.379602,-0.08670717,-0.9210773,0,0,0,0.7148173,-0.2934519,-1.202843,-0.676725,0.003199951,2.022,0.9997092,-0.002389757,-0.02399817,0.002315061,0.9999924,-0.003139877,0.02400549,0.003083406,0.999707,static,-19.9294435250638,0.4267123973928841,-18.50441521344125,0.0906743491030201,-0.6279817000000001,0.0110518,2.037637,-0.3408543663186254,0.007001484465278,0.9400900836418126,-18.60084559614205,0.3486295414165166,1.459451087808028,1.464113130473284,0.2753900868755376
1425,05/15/2023 12:46:34.223557,1976,True,True,True,True,Eyes,1.332369,-0.3042281,-3.231866,-0.3180416,0.01075188,0.9480158,0.0,0.0,0.0,0.0,0.0,0.0,0.0,-1.420441,0.2907107,3.208376,1.342838,-0.3044807,-3.240358,-0.001723827,0.01194435,-0.0009598691,0.9999268,359.8038,1.368949,359.8877,0.3796117,-0.08670665,-0.9210734,0,0,0,0.7146198,-0.2930295,-1.202796,-0.676725,0.003200013,2.022,0.9997128,-0.001960778,-0.02388364,0.001878418,0.9999922,-0.003470332,0.02389026,0.003424472,0.9997087,static,-19.91473981326384,0.4183218698442628,-18.50441521344125,0.0906761059425022,-0.6282182,0.0114511999999999,2.0375620000000003,-0.3406134138772179,0.0068644527227759,0.9401783877964108,-18.586465260075144,0.340347011429724,1.443406034748721,1.4478837050908195,0.2628074793445454
1426,05/15/2023 12:46:34.243351,1977,True,True,True,True,Eyes,1.33241,-0.3042258,-3.231865,-0.3179344,0.01080803,0.9480512,0.0,0.0,0.0,0.0,0.0,0.0,0.0,-1.42016,0.290397,3.208509,1.342854,-0.3044644,-3.240334,-0.001804769,0.01190565,-0.0008786593,0.9999272,359.7944,1.364507,359.8969,0.3796211,-0.08670604,-0.9210696,0,0,0,0.7144766,-0.2927905,-1.202821,-0.676725,0.003200018,2.022,0.999715,-0.001800164,-0.0238064,0.001714217,0.999992,-0.003630196,0.02381274,0.003588353,0.99971,static,-19.903732414608992,0.4156645032764305,-18.50441521344125,0.0906762476231055,-0.6283774,0.0116739,2.037513,-0.3404329117122359,0.0068213222818769,0.9402441577711274,-18.575703765207635,0.3377740239525184,1.4321250847073548,1.4365604741174385,0.2571757544557598
1427,05/15/2023 12:46:34.263180,1978,True,True,True,True,Eyes,1.332449,-0.3042204,-3.231863,-0.3178277,0.01086463,0.9480863,0.0,0.0,0.0,0.0,0.0,0.0,0.0,-1.420101,0.2916376,3.208408,1.342839,-0.3044879,-3.240323,-0.001611686,0.01189789,-0.0008889168,0.9999277,359.8165,1.363599,359.8959,0.3796306,-0.0867054,-0.9210657,0,0,0,0.7144296,-0.2935845,-1.202816,-0.676725,0.003200034,2.022,0.9997153,-0.001816057,-0.0237912,0.001739354,0.9999932,-0.00324429,0.02379693,0.003201985,0.9997117,static,-19.89648909902825,0.440905840492352,-18.50441521344125,0.0906767010010364,-0.6284093999999999,0.0109033999999999,2.037507,-0.3403130426636097,0.0072358746224602,0.9402844220933904,-18.56865071718549,0.3630971815280628,1.4303165323933542,1.4354546851371286,0.2798912612995493
1428,05/15/2023 12:46:34.274351,1979,True,True,True,True,Eyes,1.332512,-0.3042163,-3.231863,-0.3177155,0.01092547,0.9481232,0.0,0.0,0.0,0.0,0.0,0.0,0.0,-1.420434,0.2913026,3.208261,1.342841,-0.3044068,-3.2403,-0.00163261,0.01194565,-0.0009319564,0.999927,359.8142,1.369083,359.891,0.3796402,-0.08670464,-0.9210619,0,0,0,0.7146265,-0.2933624,-1.202734,-0.676725,0.003199975,2.022,0.9997129,-0.001902782,-0.02388652,0.001824772,0.9999929,-0.003287246,0.0238926,0.003242715,0.9997093,static,-19.89523115675009,0.4404785715673499,-18.50441521344125,0.0906750291699164,-0.6282144999999999,0.0110443999999999,2.037566,-0.3402924134735652,0.0072289200318839,0.9402919351247886,-18.56742074688732,0.3626794351729568,1.4290010975761387,1.4341309237429627,0.279206185694176
1429,05/15/2023 12:46:34.293450,1980,True,True,True,True,Eyes,1.332572,-0.3042135,-3.231864,-0.3176066,0.01098841,0.9481589,0.0,0.0,0.0,0.0,0.0,0.0,0.0,-1.420377,0.2907922,3.208365,1.342816,-0.3044305,-3.24034,-0.001724237,0.0119423,-0.000911337,0.9999269,359.8037,1.368704,359.8932,0.3796503,-0.08670378,-0.9210578,0,0,0,0.7145886,-0.293041,-1.20278,-0.676725,0.003199983,2.022,0.9997131,-0.001863723,-0.0238797,0.001781358,0.9999924,-0.003469988,0.02388598,0.003426454,0.9997088,static,-19.888229009890672,0.4345814423923266,-18.50441521344125,0.0906752558588818,-0.6282274,0.0113894999999999,2.03756,-0.3401777142973098,0.0071324554152761,0.940334115058209,-18.560570592332574,0.3568318836982965,1.4209220726110308,1.42590746136618,0.2720161339356132
1430,05/15/2023 12:46:34.313515,1981,True,True,True,True,Eyes,1.332627,-0.3042088,-3.231865,-0.3174704,0.01107718,0.9482034,0.0,0.0,0.0,0.0,0.0,0.0,0.0,-1.420437,0.2904508,3.208385,1.342795,-0.3044586,-3.240362,-0.001794656,0.01195774,-0.0008806568,0.9999266,359.7956,1.370476,359.8966,0.3796608,-0.08670286,-0.9210535,0,0,0,0.7146297,-0.2928232,-1.202784,-0.676725,0.003199983,2.022,0.9997125,-0.001804104,-0.02391057,0.001718264,0.9999921,-0.00361011,0.02391689,0.003567987,0.9997076,static,-19.881735697162053,0.433102617475579,-18.50441521344125,0.0906752558588818,-0.6281652999999999,0.0116354,2.037578,-0.3400711768023868,0.0071084757153413,0.940372751011915,-18.55422243290482,0.3554029208601961,1.4142865557642137,1.4192491722247662,0.2693724108511121
1431,05/15/2023 12:46:34.323241,1982,True,True,True,True,Eyes,1.332679,-0.304207,-3.231865,-0.3173328,0.01116599,0.9482485,0.0,0.0,0.0,0.0,0.0,0.0,0.0,-1.420538,0.28894,3.208461,1.342769,-0.3044181,-3.240361,-0.002013613,0.01197555,-0.0009016303,0.9999259,359.7705,1.372545,359.8939,0.3796716,-0.08670186,-0.9210492,0,0,0,0.7146777,-0.2918665,-1.202765,-0.6767251,0.003199988,2.022,0.9997116,-0.001851355,-0.02394569,0.001754899,0.9999902,-0.004048521,0.02395295,0.004005332,0.999705,static,-19.87542366627822,0.4124627373511073,-18.504417761633807,0.0906753975394852,-0.6280913000000001,0.0125516,2.037596,-0.3399684030638881,0.0067699892492498,0.9404124920504432,-18.548031259771708,0.334792802523809,1.4038407136871438,1.408262859921004,0.2479827506825929
1432,05/15/2023 12:46:34.343971,1983,True,True,True,True,Eyes,1.332687,-0.3042026,-3.231865,-0.3171599,0.01124147,0.9483055,0.0,0.0,0.0,0.0,0.0,0.0,0.0,-1.42112,0.2886822,3.208212,1.342764,-0.3044855,-3.240343,-0.002049718,0.01206411,-0.000935045,0.9999248,359.7664,1.382707,359.89,0.3796827,-0.08670084,-0.9210448,0,0,0,0.715034,-0.2917438,-1.202637,-0.6767251,0.003200014,2.022,0.9997072,-0.001919405,-0.02412258,0.001820493,0.9999899,-0.004121688,0.02413024,0.004076566,0.9997005,static,-19.87516244291153,0.411570092024288,-18.504417761633807,0.0906761342786229,-0.6277300000000001,0.0127417,2.037706,-0.3399641646709369,0.0067553493517727,0.9404141779773146,-18.547774997553656,0.3339013514142012,1.403405312105361,1.4078046431834377,0.2470594182727278
1433,05/15/2023 12:46:34.363463,1984,True,True,True,True,Eyes,1.332695,-0.3041964,-3.231863,-0.3169787,0.01132059,0.9483651,0.0,0.0,0.0,0.0,0.0,0.0,0.0,-1.422046,0.2883304,3.207822,1.342729,-0.304437,-3.24035,-0.002093968,0.01221321,-0.0009414786,0.9999228,359.7614,1.3998,359.8892,0.3796928,-0.08669981,-0.9210407,0,0,0,0.7156075,-0.2915074,-1.202459,-0.6767251,0.003199916,2.022,0.9996999,-0.00193396,-0.02442059,0.001831664,0.9999894,-0.00421061,0.02442848,0.004164616,0.9996929,static,-19.88131205289119,0.4110577036642307,-18.504417761633807,0.0906733573387963,-0.6271215000000001,0.0129295999999999,2.037891,-0.3400651046888797,0.0067466772255949,0.9403777016864034,-18.553785120839045,0.3333398765522361,1.409306843521758,1.4136774804273944,0.247637185620548
1434,05/15/2023 12:46:34.373514,1985,True,True,True,True,Eyes,1.332699,-0.3041931,-3.231859,-0.3167966,0.01141675,0.9484248,0.0,0.0,0.0,0.0,0.0,0.0,0.0,-1.423323,0.2876982,3.207263,1.342712,-0.3043871,-3.240313,-0.002173285,0.01241267,-0.0009671301,0.9999202,359.7523,1.422674,359.8861,0.3797021,-0.0866987,-0.921037,0,0,0,0.7164041,-0.2911023,-1.202173,-0.6767251,0.003199955,2.022,0.99969,-0.001988058,-0.02481916,0.001880154,0.9999887,-0.004370234,0.02482757,0.004322215,0.9996824,static,-19.893188370134254,0.4067916237411583,-18.504417761633807,0.0906744624475028,-0.6263078999999999,0.0132848,2.0381400000000003,-0.3402601831393671,0.0066761584182478,0.9403076442770744,-18.5653886029272,0.3289758070283363,1.420062847356401,1.4242941629800607,0.2459775890544845
1435,05/15/2023 12:46:34.393522,1986,True,True,True,True,Eyes,1.332701,-0.3041887,-3.231857,-0.316612,0.01149924,0.9484855,0.0,0.0,0.0,0.0,0.0,0.0,0.0,-1.424596,0.288162,3.206617,1.342695,-0.3044537,-3.240275,-0.002143367,0.01262077,-0.0008933953,0.9999177,359.7557,1.446501,359.8945,0.3797106,-0.08669761,-0.9210336,0,0,0,0.717234,-0.2913866,-1.201874,-0.676725,0.003199951,2.022,0.9996798,-0.001840745,-0.02523564,0.001732542,0.9999893,-0.004308933,0.0252433,0.004263831,0.9996722,static,-19.905842242914744,0.4182471770702795,-18.50441521344125,0.0906743491030201,-0.6254609999999999,0.0130670999999999,2.038401,-0.3404674293038096,0.0068636134868748,0.9402313306670792,-18.57776864593912,0.3403425444739285,1.4347038671073744,1.4392017497770675,0.2602209327455909
1436,05/15/2023 12:46:34.413515,1987,True,True,True,True,Eyes,1.332715,-0.3041842,-3.231852,-0.3164572,0.01157768,0.9485361,0.0,0.0,0.0,0.0,0.0,0.0,0.0,-1.425303,0.2890455,3.206223,1.342649,-0.3044197,-3.240297,-0.002062673,0.01275133,-0.0007499921,0.9999164,359.7647,1.46142,359.911,0.3797184,-0.08669651,-0.9210305,0,0,0,0.717718,-0.2918671,-1.20173,-0.6767251,0.003199968,2.022,0.9996737,-0.001552463,-0.02549743,0.001447255,0.9999904,-0.004144127,0.02550362,0.004105874,0.9996663,static,-19.911358579793013,0.4380737280562857,-18.504417761633807,0.0906748308170716,-0.624931,0.0125526,2.038567,-0.3405571395857172,0.0071887201824969,0.9401963050813188,-18.58318124585533,0.3601448279498754,1.4441781669996745,1.4491957975392835,0.2807450191926247
1437,05/15/2023 12:46:34.423812,1988,True,True,True,True,Eyes,1.332725,-0.3041825,-3.23185,-0.3163067,0.01165434,0.9485854,0.0,0.0,0.0,0.0,0.0,0.0,0.0,-1.426013,0.2892493,3.205819,1.342591,-0.3044106,-3.240252,-0.00206545,0.01287902,-0.0006667644,0.9999148,359.7643,1.476035,359.9206,0.3797258,-0.08669538,-0.9210276,0,0,0,0.7181787,-0.2919551,-1.201526,-0.676725,0.003199978,2.022,0.9996673,-0.001386617,-0.0257531,0.001280213,0.9999906,-0.004147723,0.02575861,0.004113375,0.9996597,static,-19.916831600692312,0.4457737536698379,-18.50441521344125,0.0906751141782784,-0.6244123000000001,0.0124554999999999,2.038726,-0.3406466494606942,0.0073148218939979,0.9401629469356616,-18.58853872469548,0.3678091138003048,1.4511540040929762,1.456370521105156,0.2896204738830489
1438,05/15/2023 12:46:34.443308,1989,True,True,True,True,Eyes,1.332743,-0.3041799,-3.231848,-0.3161975,0.01173178,0.9486209,0.0,0.0,0.0,0.0,0.0,0.0,0.0,-1.426106,0.2892159,3.205803,1.342532,-0.3044736,-3.240293,-0.002095799,0.01290574,-0.0006309079,0.9999144,359.7608,1.479091,359.9246,0.3797326,-0.08669432,-0.9210249,0,0,0,0.7182287,-0.2919415,-1.201534,-0.676725,0.003199973,2.022,0.9996661,-0.001315804,-0.02580663,0.001207612,0.9999904,-0.004207525,0.02581192,0.004174955,0.999658,static,-19.913266472838497,0.4484241912221884,-18.50441521344125,0.090674972497675,-0.6243033,0.0125320999999999,2.038759,-0.3405880554738412,0.0073584792734007,0.9401838835229837,-18.58505694273623,0.3704903012181596,1.448261870790657,1.4535633369768288,0.2912038919565429
1439,05/15/2023 12:46:34.463145,1990,True,True,True,True,Eyes,1.332759,-0.3041773,-3.231848,-0.3160932,0.01181219,0.9486547,0.0,0.0,0.0,0.0,0.0,0.0,0.0,-1.426116,0.2905506,3.205684,1.342487,-0.3044479,-3.240321,-0.001910851,0.01292,-0.0005702343,0.9999146,359.7819,1.480697,359.9318,0.3797393,-0.08669327,-0.9210222,0,0,0,0.7182402,-0.2927457,-1.201539,-0.676725,0.003200033,2.022,0.9996655,-0.001189747,-0.02583561,0.001090995,0.999992,-0.003836109,0.02583997,0.00380664,0.9996588,static,-19.90861915909788,0.4770289362095933,-18.50441521344125,0.0906766726649157,-0.6242468,0.0117021999999999,2.038782,-0.3405105933144101,0.007828096216837,0.9402081873187528,-18.580544787248005,0.3991596327407749,1.4502307625910862,1.4563848366910963,0.3177380189167839
1440,05/15/2023 12:46:34.473782,1991,True,True,True,True,Eyes,1.332763,-0.3041718,-3.23185,-0.3159841,0.01188974,0.9486901,0.0,0.0,0.0,0.0,0.0,0.0,0.0,-1.425967,0.2901149,3.205812,1.342452,-0.3044413,-3.240358,-0.002046041,0.01291683,-0.0004103445,0.9999145,359.7662,1.480306,359.95,0.3797457,-0.08669224,-0.9210197,0,0,0,0.7181899,-0.2923982,-1.201583,-0.6767251,0.003199992,2.022,0.999666,-0.0008734756,-0.02582978,0.0007677622,0.9999913,-0.004102333,0.02583313,0.004081131,0.9996579,static,-19.90146431646255,0.4725649820348428,-18.504417761633807,0.0906755108839679,-0.6242620999999999,0.0120431,2.038775,-0.3403933825657202,0.0077551941445189,0.9402512564614498,-18.573546897835875,0.3947478589933153,1.4422588146950288,1.4483019866501456,0.3118314133578851
1441,05/15/2023 12:46:34.493855,1992,True,True,True,True,Eyes,1.332767,-0.3041661,-3.231852,-0.3158804,0.01198836,0.9487233,0.0,0.0,0.0,0.0,0.0,0.0,0.0,-1.425703,0.289229,3.20605,1.342495,-0.3043767,-3.240386,-0.002202038,0.01287494,-0.0003435956,0.9999147,359.7482,1.475498,359.9574,0.3797516,-0.08669116,-0.9210173,0,0,0,0.718061,-0.291787,-1.201667,-0.676725,0.003199993,2.022,0.9996682,-0.0007438348,-0.02574617,0.0006304305,0.99999,-0.004412548,0.0257492,0.004394853,0.9996588,static,-19.890298490817308,0.4632468848880853,-18.50441521344125,0.0906755392200886,-0.624434,0.0125896999999999,2.038719,-0.3402105078229785,0.0076028139328822,0.94031859251515,-18.56262353378699,0.3855089033114736,1.4292882473411654,1.4350894976005748,0.3005244102213922
1442,05/15/2023 12:46:34.513431,1993,True,True,True,True,Eyes,1.332795,-0.3041622,-3.231853,-0.3158009,0.01209854,0.9487483,0.0,0.0,0.0,0.0,0.0,0.0,0.0,-1.425636,0.2871191,3.206293,1.342479,-0.304371,-3.240416,-0.002494325,0.01285912,-0.0004227504,0.9999142,359.7148,1.473721,359.9479,0.3797569,-0.08669001,-0.9210153,0,0,0,0.7179829,-0.2904913,-1.201725,-0.6767251,0.003200001,2.022,0.9996689,-0.0009095782,-0.02571392,0.0007812788,0.9999872,-0.004999095,0.02571813,0.004977351,0.9996569,static,-19.883697705656697,0.433126211168905,-18.504417761633807,0.090675765909054,-0.6244961,0.0138796999999999,2.038691,-0.3401033900062596,0.0071087751790399,0.9403611376942026,-18.55614013593541,0.3554110359567155,1.4161986090942928,1.421156385287157,0.2697405553686799
1443,05/15/2023 12:46:34.533223,1994,True,True,True,True,Eyes,1.332824,-0.3041608,-3.231857,-0.3157348,0.01218623,0.9487693,0.0,0.0,0.0,0.0,0.0,0.0,0.0,-1.426714,0.2872536,3.205755,1.342492,-0.3044036,-3.240362,-0.002525517,0.01303563,-0.0003136964,0.9999118,359.7111,1.493921,359.9603,0.3797624,-0.08668883,-0.9210131,0,0,0,0.718713,-0.2905388,-1.201451,-0.6767251,0.003199984,2.022,0.99966,-0.0006931809,-0.02606738,0.0005614943,0.9999871,-0.005058768,0.02607055,0.005042411,0.9996474,static,-19.89982181458693,0.4392888470843406,-18.504417761633807,0.0906752841950025,-0.623779,0.0138648,2.038911,-0.3403678067821724,0.0072091862089187,0.9402648225343974,-18.57190642751565,0.3614522813666763,1.433208451532207,1.4382920034639723,0.2790607500524207
